source_drug_index,target_drug_index,edge_value,kg_structure_score,gene_jaccard,pathway_jaccard,task_similarity,normalized_task_similarity,combined_score,task_overlap_count,edge_origin
2,651,0.9890457218668787,1.0,1.0,1.0,0.9561828874675149,0.9780914437337574,0.9890457218668787,4,KG_TASK_EXPLICIT
2,672,0.9869246224862196,1.0,1.0,1.0,0.9476984899448786,0.9738492449724393,0.9869246224862196,16,KG_TASK_EXPLICIT
2,18,0.981455024943138,1.0,1.0,1.0,0.9258200997725516,0.9629100498862758,0.981455024943138,6,KG_TASK_EXPLICIT
2,3,0.774792868726745,0.5833333333333333,0.5,0.6666666666666666,0.9325048082403137,0.9662524041201568,0.774792868726745,22,KG_TASK_EXPLICIT
2,552,0.5245911492844048,0.07777777777777778,0.1,0.05555555555555555,0.9428090415820635,0.9714045207910318,0.5245911492844048,3,KG_TASK_EXPLICIT
2,81,0.5223155698379469,0.16666666666666666,0.0,0.3333333333333333,0.7559289460184544,0.8779644730092272,0.5223155698379469,4,KG_TASK_EXPLICIT
2,629,0.5219420813450527,0.07142857142857142,0.0,0.14285714285714285,0.944911182523068,0.972455591261534,0.5219420813450527,4,KG_TASK_EXPLICIT
2,274,0.5183403899401219,0.05555555555555555,0.0,0.1111111111111111,0.9622504486493763,0.9811252243246882,0.5183403899401219,3,KG_TASK_EXPLICIT
2,452,0.5166666666666667,0.03333333333333333,0.0,0.06666666666666667,1.0000000000000002,1.0,0.5166666666666667,3,KG_TASK_EXPLICIT
2,716,0.515625,0.03125,0.0,0.0625,1.0000000000000002,1.0,0.515625,3,KG_TASK_EXPLICIT
3,18,0.7825726945815246,0.5833333333333333,0.5,0.6666666666666666,0.9636241116594315,0.9818120558297158,0.7825726945815246,10,KG_TASK_EXPLICIT
3,2,0.774792868726745,0.5833333333333333,0.5,0.6666666666666666,0.9325048082403137,0.9662524041201568,0.774792868726745,22,KG_TASK_EXPLICIT
3,651,0.7708333333333334,0.5833333333333333,0.5,0.6666666666666666,0.9166666666666669,0.9583333333333335,0.7708333333333334,6,KG_TASK_EXPLICIT
3,672,0.7632679817736462,0.5833333333333333,0.5,0.6666666666666666,0.8864052604279183,0.9432026302139591,0.7632679817736462,27,KG_TASK_EXPLICIT
3,373,0.5761335084333227,0.2,0.0,0.4,0.9045340337332909,0.9522670168666454,0.5761335084333227,5,KG_TASK_EXPLICIT
3,629,0.5346292877841818,0.14285714285714285,0.0,0.2857142857142857,0.8528028654224419,0.9264014327112209,0.5346292877841818,9,KG_TASK_EXPLICIT
3,113,0.53125,0.0625,0.0,0.125,1.0,1.0,0.53125,4,KG_TASK_EXPLICIT
3,552,0.5234116107534147,0.07248157248157248,0.09090909090909091,0.05405405405405406,0.9486832980505138,0.9743416490252569,0.5234116107534147,6,KG_TASK_EXPLICIT
3,322,0.5216842375764205,0.07142857142857142,0.0,0.14285714285714285,0.9438798074485389,0.9719399037242695,0.5216842375764205,5,KG_TASK_EXPLICIT
3,229,0.5208333333333334,0.041666666666666664,0.0,0.08333333333333333,1.0000000000000002,1.0,0.5208333333333334,9,KG_TASK_EXPLICIT
6,564,0.6936415048585998,0.4647058823529412,0.4,0.5294117647058824,0.8451542547285165,0.9225771273642582,0.6936415048585998,5,KG_TASK_EXPLICIT
6,167,0.6382022603955158,0.305,0.25,0.36,0.9428090415820632,0.9714045207910316,0.6382022603955158,6,KG_TASK_EXPLICIT
6,344,0.6104836827076126,0.2967032967032967,0.2857142857142857,0.3076923076923077,0.8485281374238569,0.9242640687119285,0.6104836827076126,5,KG_TASK_EXPLICIT
6,225,0.5838235294117646,0.16764705882352943,0.1,0.23529411764705882,0.9999999999999998,0.9999999999999999,0.5838235294117646,5,KG_TASK_EXPLICIT
6,120,0.5804387429139559,0.18458781362007168,0.1111111111111111,0.25806451612903225,0.9525793444156805,0.9762896722078402,0.5804387429139559,3,KG_TASK_EXPLICIT
6,327,0.572632771775953,0.19805194805194803,0.18181818181818182,0.21428571428571427,0.8944271909999159,0.9472135954999579,0.572632771775953,6,KG_TASK_EXPLICIT
6,213,0.5689838284235872,0.20495495495495497,0.16666666666666666,0.24324324324324326,0.8660254037844387,0.9330127018922194,0.5689838284235872,6,KG_TASK_EXPLICIT
6,419,0.5440692103595143,0.2612781954887218,0.2857142857142857,0.23684210526315788,0.6537204504606136,0.8268602252303068,0.5440692103595143,9,KG_TASK_EXPLICIT
6,350,0.5305604455176157,0.293859649122807,0.16666666666666666,0.42105263157894735,0.5345224838248488,0.7672612419124244,0.5305604455176157,13,KG_TASK_EXPLICIT
6,726,0.53,0.06,0.0,0.12,1.0000000000000002,1.0,0.53,3,KG_TASK_EXPLICIT
14,679,0.7106918238993711,0.42138364779874216,0.3333333333333333,0.5094339622641509,0.9999999999999999,1.0,0.7106918238993711,7,KG_TASK_EXPLICIT
14,630,0.7074089197507236,0.44047619047619047,0.38095238095238093,0.5,0.9486832980505138,0.9743416490252569,0.7074089197507236,5,KG_TASK_EXPLICIT
14,568,0.7034097569545981,0.42872807017543857,0.3157894736842105,0.5416666666666666,0.9561828874675149,0.9780914437337574,0.7034097569545981,7,KG_TASK_EXPLICIT
14,50,0.701876280098522,0.4274628879892038,0.34615384615384615,0.5087719298245614,0.9525793444156805,0.9762896722078402,0.701876280098522,6,KG_TASK_EXPLICIT
14,721,0.6853413717452717,0.4358695652173913,0.35,0.5217391304347826,0.8696263565463043,0.9348131782731521,0.6853413717452717,13,KG_TASK_EXPLICIT
14,513,0.6810679779213609,0.41700404858299595,0.3076923076923077,0.5263157894736842,0.8902638145194514,0.9451319072597257,0.6810679779213609,14,KG_TASK_EXPLICIT
14,135,0.6704545454545454,0.34090909090909094,0.3,0.38181818181818183,1.0000000000000002,1.0,0.6704545454545454,3,KG_TASK_EXPLICIT
14,392,0.6650029112491708,0.37072649572649574,0.2222222222222222,0.5192307692307693,0.9185586535436917,0.9592793267718458,0.6650029112491708,9,KG_TASK_EXPLICIT
14,333,0.654684199989156,0.33672131147540985,0.28,0.39344262295081966,0.9452941770058044,0.9726470885029022,0.654684199989156,10,KG_TASK_EXPLICIT
14,375,0.6524302546695218,0.4041666666666667,0.35,0.4583333333333333,0.801387685344754,0.900693842672377,0.6524302546695218,20,KG_TASK_EXPLICIT
16,599,0.7864313358485377,0.5875,0.375,0.8,0.9707253433941511,0.9853626716970756,0.7864313358485377,4,KG_TASK_EXPLICIT
16,637,0.7815063509461098,0.63,0.5,0.76,0.8660254037844387,0.9330127018922194,0.7815063509461098,4,KG_TASK_EXPLICIT
16,41,0.7381448361039201,0.5,0.5,0.5,0.9525793444156805,0.9762896722078402,0.7381448361039201,6,KG_TASK_EXPLICIT
16,676,0.7379464873636893,0.49053030303030304,0.375,0.6060606060606061,0.9707253433941511,0.9853626716970756,0.7379464873636893,4,KG_TASK_EXPLICIT
16,531,0.7344534629273929,0.5446428571428572,0.375,0.7142857142857143,0.8485281374238569,0.9242640687119285,0.7344534629273929,8,KG_TASK_EXPLICIT
16,415,0.7315174725667284,0.4833333333333333,0.3333333333333333,0.6333333333333333,0.9594032236002469,0.9797016118001234,0.7315174725667284,9,KG_TASK_EXPLICIT
16,324,0.7217833511863225,0.4711111111111111,0.2222222222222222,0.72,0.944911182523068,0.972455591261534,0.7217833511863225,4,KG_TASK_EXPLICIT
16,678,0.7181818181818181,0.43636363636363634,0.2727272727272727,0.6,1.0000000000000002,1.0,0.7181818181818181,3,KG_TASK_EXPLICIT
16,335,0.712379055200212,0.44666666666666666,0.3333333333333333,0.56,0.9561828874675149,0.9780914437337574,0.712379055200212,5,KG_TASK_EXPLICIT
16,321,0.709871271668713,0.5114942528735632,0.3333333333333333,0.6896551724137931,0.8164965809277259,0.9082482904638629,0.709871271668713,3,KG_TASK_EXPLICIT
18,651,0.9905626121623441,1.0,1.0,1.0,0.9622504486493763,0.9811252243246882,0.9905626121623441,3,KG_TASK_EXPLICIT
18,672,0.9858640882624317,1.0,1.0,1.0,0.9434563530497265,0.9717281765248633,0.9858640882624317,10,KG_TASK_EXPLICIT
18,2,0.981455024943138,1.0,1.0,1.0,0.9258200997725516,0.9629100498862758,0.981455024943138,6,KG_TASK_EXPLICIT
18,3,0.7825726945815246,0.5833333333333333,0.5,0.6666666666666666,0.9636241116594315,0.9818120558297158,0.7825726945815246,10,KG_TASK_EXPLICIT
18,373,0.5405626121623441,0.1,0.0,0.2,0.9622504486493763,0.9811252243246882,0.5405626121623441,3,KG_TASK_EXPLICIT
18,81,0.5374574785652648,0.16666666666666666,0.0,0.3333333333333333,0.8164965809277259,0.9082482904638629,0.5374574785652648,3,KG_TASK_EXPLICIT
18,322,0.5298115027705868,0.08333333333333333,0.0,0.16666666666666666,0.9525793444156805,0.9762896722078402,0.5298115027705868,3,KG_TASK_EXPLICIT
18,274,0.5149486022904062,0.05555555555555555,0.0,0.1111111111111111,0.9486832980505138,0.9743416490252569,0.5149486022904062,4,KG_TASK_EXPLICIT
18,26,0.5140457218668787,0.05,0.0,0.1,0.9561828874675149,0.9780914437337574,0.5140457218668787,5,KG_TASK_EXPLICIT
18,344,0.5138888888888888,0.027777777777777776,0.0,0.05555555555555555,1.0000000000000002,1.0,0.5138888888888888,3,KG_TASK_EXPLICIT
21,515,0.5234073829870091,0.07345013477088949,0.07142857142857142,0.07547169811320754,0.9467292624062573,0.9733646312031287,0.5234073829870091,9,KG_TASK_EXPLICIT
21,218,0.5071180110235052,0.03614457831325301,0.0,0.07228915662650602,0.9561828874675149,0.9780914437337574,0.5071180110235052,7,KG_TASK_EXPLICIT
21,463,0.5050505050505051,0.010101010101010102,0.0,0.020202020202020204,1.0000000000000002,1.0,0.5050505050505051,3,KG_TASK_EXPLICIT
21,583,0.5043859649122807,0.008771929824561403,0.0,0.017543859649122806,1.0000000000000002,1.0,0.5043859649122807,3,KG_TASK_EXPLICIT
21,142,0.5042372881355932,0.00847457627118644,0.0,0.01694915254237288,1.0,1.0,0.5042372881355932,4,KG_TASK_EXPLICIT
21,713,0.5033126684688578,0.029411764705882353,0.0,0.058823529411764705,0.9544271444636668,0.9772135722318334,0.5033126684688578,11,KG_TASK_EXPLICIT
21,37,0.5024447791951303,0.02040816326530612,0.0,0.04081632653061224,0.968962790249909,0.9844813951249545,0.5024447791951303,6,KG_TASK_EXPLICIT
21,240,0.5023364485981308,0.004672897196261682,0.0,0.009345794392523364,0.9999999999999998,0.9999999999999999,0.5023364485981308,5,KG_TASK_EXPLICIT
21,712,0.5014532656730992,0.017543859649122806,0.0,0.03508771929824561,0.9707253433941511,0.9853626716970756,0.5014532656730992,4,KG_TASK_EXPLICIT
21,321,0.5005740308958105,0.016666666666666666,0.0,0.03333333333333333,0.968962790249909,0.9844813951249545,0.5005740308958105,6,KG_TASK_EXPLICIT
22,47,0.4870648400246792,0.18545454545454548,0.09090909090909091,0.28,0.5773502691896258,0.7886751345948129,0.4870648400246792,3,KG_TASK_EXPLICIT
22,214,0.4646875255136216,0.02112676056338028,0.0,0.04225352112676056,0.8164965809277259,0.9082482904638629,0.4646875255136216,3,KG_TASK_EXPLICIT
22,299,0.41777506729740643,0.046875,0.0,0.09375,0.5773502691896258,0.7886751345948129,0.41777506729740643,3,KG_TASK_EXPLICIT
23,53,0.7085954731051478,0.4762323943661972,0.375,0.5774647887323944,0.8819171036881969,0.9409585518440984,0.7085954731051478,9,KG_TASK_EXPLICIT
23,249,0.6993421767357422,0.4761072261072261,0.34615384615384615,0.6060606060606061,0.8451542547285165,0.9225771273642582,0.6993421767357422,7,KG_TASK_EXPLICIT
23,446,0.695613455094424,0.42351973684210525,0.28125,0.5657894736842105,0.9354143466934852,0.9677071733467426,0.695613455094424,8,KG_TASK_EXPLICIT
23,154,0.6610507246376811,0.32210144927536233,0.2608695652173913,0.38333333333333336,1.0000000000000002,1.0,0.6610507246376811,3,KG_TASK_EXPLICIT
23,380,0.6564655172413794,0.3129310344827586,0.35,0.27586206896551724,0.9999999999999999,1.0,0.6564655172413794,7,KG_TASK_EXPLICIT
23,718,0.6521226415094339,0.3042452830188679,0.25,0.3584905660377358,1.0000000000000002,1.0,0.6521226415094339,3,KG_TASK_EXPLICIT
23,455,0.6503734461974985,0.4054621848739496,0.42857142857142855,0.38235294117647056,0.7905694150420948,0.8952847075210474,0.6503734461974985,8,KG_TASK_EXPLICIT
23,218,0.6392628205128205,0.27852564102564104,0.28205128205128205,0.275,0.9999999999999998,0.9999999999999999,0.6392628205128205,5,KG_TASK_EXPLICIT
23,568,0.6374521072796935,0.27490421455938696,0.2222222222222222,0.3275862068965517,1.0000000000000002,1.0,0.6374521072796935,3,KG_TASK_EXPLICIT
23,513,0.6310090304268039,0.27963615023474175,0.2916666666666667,0.2676056338028169,0.9647638212377322,0.982381910618866,0.6310090304268039,10,KG_TASK_EXPLICIT
24,161,0.8101546954803704,0.6459677419354839,0.55,0.7419354838709677,0.9486832980505138,0.9743416490252569,0.8101546954803704,4,KG_TASK_EXPLICIT
24,479,0.7321428571428572,0.5,0.4,0.6,0.9285714285714286,0.9642857142857143,0.7321428571428572,11,KG_TASK_EXPLICIT
24,280,0.7028210675219916,0.4460227272727273,0.4375,0.45454545454545453,0.9192388155425116,0.9596194077712559,0.7028210675219916,9,KG_TASK_EXPLICIT
24,601,0.6934208245126284,0.4125,0.2,0.625,0.9486832980505138,0.9743416490252569,0.6934208245126284,4,KG_TASK_EXPLICIT
24,506,0.685217701593687,0.42500000000000004,0.26666666666666666,0.5833333333333334,0.8908708063747479,0.945435403187374,0.685217701593687,9,KG_TASK_EXPLICIT
24,47,0.6818752070008023,0.5461538461538462,0.4,0.6923076923076923,0.6351931356955168,0.8175965678477584,0.6818752070008023,136,KG_TASK_EXPLICIT
24,635,0.6794652050273827,0.45,0.4,0.5,0.8178608201095309,0.9089304100547655,0.6794652050273827,20,KG_TASK_EXPLICIT
24,154,0.6790063509461097,0.42500000000000004,0.4,0.45,0.8660254037844387,0.9330127018922194,0.6790063509461097,4,KG_TASK_EXPLICIT
24,391,0.6779761904761905,0.4392857142857143,0.42857142857142855,0.45,0.8333333333333334,0.9166666666666667,0.6779761904761905,9,KG_TASK_EXPLICIT
24,132,0.6668525384522703,0.3525798525798526,0.2727272727272727,0.43243243243243246,0.9622504486493763,0.9811252243246882,0.6668525384522703,3,KG_TASK_EXPLICIT
25,345,0.7315789473684211,0.4631578947368421,0.4,0.5263157894736842,1.0,1.0,0.7315789473684211,4,KG_TASK_EXPLICIT
25,633,0.6653174588055717,0.3677248677248677,0.14285714285714285,0.5925925925925926,0.9258200997725514,0.9629100498862757,0.6653174588055717,7,KG_TASK_EXPLICIT
25,394,0.6592128583560395,0.3712121212121212,0.3333333333333333,0.4090909090909091,0.8944271909999159,0.9472135954999579,0.6592128583560395,5,KG_TASK_EXPLICIT
25,46,0.6472222222222221,0.2944444444444444,0.2222222222222222,0.36666666666666664,1.0000000000000002,1.0,0.6472222222222221,3,KG_TASK_EXPLICIT
25,380,0.6369047619047619,0.2738095238095238,0.21428571428571427,0.3333333333333333,0.9999999999999998,0.9999999999999999,0.6369047619047619,8,KG_TASK_EXPLICIT
25,568,0.6357142857142857,0.27142857142857146,0.2,0.34285714285714286,1.0000000000000002,1.0,0.6357142857142857,3,KG_TASK_EXPLICIT
25,333,0.6204672195914427,0.25284090909090906,0.1875,0.3181818181818182,0.9761870601839528,0.9880935300919764,0.6204672195914427,5,KG_TASK_EXPLICIT
25,392,0.6198830409356725,0.23976608187134502,0.1111111111111111,0.3684210526315789,1.0000000000000002,1.0,0.6198830409356725,6,KG_TASK_EXPLICIT
25,751,0.6183333333333334,0.4866666666666667,0.3333333333333333,0.64,0.4999999999999999,0.75,0.6183333333333334,3,KG_TASK_EXPLICIT
25,264,0.6181633844677323,0.27989130434782605,0.125,0.43478260869565216,0.9128709291752769,0.9564354645876385,0.6181633844677323,6,KG_TASK_EXPLICIT
26,318,0.8015512235693256,0.6666666666666666,0.6666666666666666,0.6666666666666666,0.8728715609439696,0.9364357804719847,0.8015512235693256,6,KG_TASK_EXPLICIT
26,180,0.6791623533055344,0.4111111111111111,0.6,0.2222222222222222,0.8944271909999159,0.9472135954999579,0.6791623533055344,6,KG_TASK_EXPLICIT
26,545,0.6634615384615384,0.3269230769230769,0.5,0.15384615384615385,1.0,1.0,0.6634615384615384,4,KG_TASK_EXPLICIT
26,193,0.6236037773035763,0.38636363636363635,0.5,0.2727272727272727,0.7216878364870323,0.8608439182435161,0.6236037773035763,9,KG_TASK_EXPLICIT
26,555,0.6041666666666666,0.20833333333333331,0.3333333333333333,0.08333333333333333,1.0,1.0,0.6041666666666666,4,KG_TASK_EXPLICIT
26,401,0.602859460444038,0.3055555555555555,0.16666666666666666,0.4444444444444444,0.8003267306650412,0.9001633653325206,0.602859460444038,21,KG_TASK_EXPLICIT
26,343,0.6026785714285714,0.20535714285714285,0.125,0.2857142857142857,0.9999999999999998,0.9999999999999999,0.6026785714285714,5,KG_TASK_EXPLICIT
26,570,0.5945378151260503,0.18907563025210083,0.14285714285714285,0.23529411764705882,0.9999999999999998,0.9999999999999999,0.5945378151260503,5,KG_TASK_EXPLICIT
26,566,0.5940174725667283,0.20833333333333331,0.3333333333333333,0.08333333333333333,0.9594032236002469,0.9797016118001234,0.5940174725667283,8,KG_TASK_EXPLICIT
26,229,0.5895517768935808,0.20476190476190476,0.14285714285714285,0.26666666666666666,0.9486832980505138,0.9743416490252569,0.5895517768935808,5,KG_TASK_EXPLICIT
27,752,0.7619047619047619,0.5238095238095238,0.3333333333333333,0.7142857142857143,1.0000000000000002,1.0,0.7619047619047619,3,KG_TASK_EXPLICIT
27,554,0.6925382630921563,0.680952380952381,0.6,0.7619047619047619,0.4082482904638631,0.7041241452319316,0.6925382630921563,3,KG_TASK_EXPLICIT
27,362,0.6439393939393939,0.2878787878787879,0.16666666666666666,0.4090909090909091,1.0000000000000002,1.0,0.6439393939393939,3,KG_TASK_EXPLICIT
27,402,0.6408330587886617,0.3092105263157895,0.25,0.3684210526315789,0.944911182523068,0.972455591261534,0.6408330587886617,4,KG_TASK_EXPLICIT
27,462,0.6212121212121212,0.24242424242424243,0.16666666666666666,0.3181818181818182,1.0000000000000002,1.0,0.6212121212121212,3,KG_TASK_EXPLICIT
27,509,0.6162578159510714,0.2611111111111111,0.16666666666666666,0.35555555555555557,0.9428090415820635,0.9714045207910318,0.6162578159510714,3,KG_TASK_EXPLICIT
27,359,0.6152477149409704,0.2590909090909091,0.2,0.3181818181818182,0.9428090415820635,0.9714045207910318,0.6152477149409704,3,KG_TASK_EXPLICIT
27,341,0.6041666666666666,0.20833333333333334,0.125,0.2916666666666667,1.0000000000000002,1.0,0.6041666666666666,3,KG_TASK_EXPLICIT
27,183,0.5977777777777777,0.19555555555555557,0.1111111111111111,0.28,1.0000000000000002,1.0,0.5977777777777777,3,KG_TASK_EXPLICIT
27,111,0.5928451175383731,0.2142857142857143,0.2,0.22857142857142856,0.9428090415820635,0.9714045207910318,0.5928451175383731,3,KG_TASK_EXPLICIT
28,373,0.53125,0.0625,0.0,0.125,0.9999999999999998,0.9999999999999999,0.53125,5,KG_TASK_EXPLICIT
28,722,0.51,0.02,0.0,0.04,1.0000000000000002,1.0,0.51,3,KG_TASK_EXPLICIT
28,376,0.4913053036150422,0.013513513513513514,0.0,0.02702702702702703,0.9381941874331419,0.9690970937165709,0.4913053036150422,10,KG_TASK_EXPLICIT
28,281,0.4902734644166456,0.03333333333333333,0.0,0.06666666666666667,0.8944271909999159,0.9472135954999579,0.4902734644166456,8,KG_TASK_EXPLICIT
28,621,0.4902734644166456,0.03333333333333333,0.0,0.06666666666666667,0.8944271909999159,0.9472135954999579,0.4902734644166456,6,KG_TASK_EXPLICIT
28,563,0.4832221823653636,0.019230769230769232,0.0,0.038461538461538464,0.8944271909999159,0.9472135954999579,0.4832221823653636,9,KG_TASK_EXPLICIT
28,142,0.4776785714285714,0.017857142857142856,0.0,0.03571428571428571,0.8749999999999998,0.9374999999999999,0.4776785714285714,7,KG_TASK_EXPLICIT
28,624,0.477375916163501,0.021739130434782608,0.0,0.043478260869565216,0.8660254037844387,0.9330127018922194,0.477375916163501,3,KG_TASK_EXPLICIT
28,247,0.47471532052029747,0.020833333333333332,0.0,0.041666666666666664,0.8571946154145231,0.9285973077072616,0.47471532052029747,11,KG_TASK_EXPLICIT
28,546,0.4744464584189712,0.02631578947368421,0.0,0.05263157894736842,0.8451542547285165,0.9225771273642582,0.4744464584189712,7,KG_TASK_EXPLICIT
29,429,0.6977926881554121,0.46257267441860467,0.34375,0.5813953488372093,0.8660254037844387,0.9330127018922194,0.6977926881554121,8,KG_TASK_EXPLICIT
29,160,0.6592105263157895,0.31842105263157894,0.23684210526315788,0.4,1.0000000000000002,1.0,0.6592105263157895,3,KG_TASK_EXPLICIT
29,244,0.6412578159510715,0.3111111111111111,0.2222222222222222,0.4,0.9428090415820635,0.9714045207910318,0.6412578159510715,3,KG_TASK_EXPLICIT
29,130,0.6378787878787879,0.27575757575757576,0.15151515151515152,0.4,1.0,1.0,0.6378787878787879,4,KG_TASK_EXPLICIT
29,635,0.6287878787878788,0.25757575757575757,0.15151515151515152,0.36363636363636365,1.0000000000000002,1.0,0.6287878787878788,3,KG_TASK_EXPLICIT
29,231,0.6266447368421053,0.2532894736842105,0.13157894736842105,0.375,1.0000000000000002,1.0,0.6266447368421053,3,KG_TASK_EXPLICIT
29,505,0.6108500145326318,0.2502955082742317,0.1388888888888889,0.3617021276595745,0.9428090415820635,0.9714045207910318,0.6108500145326318,3,KG_TASK_EXPLICIT
29,315,0.6060267857142857,0.21205357142857142,0.14285714285714285,0.28125,1.0000000000000002,1.0,0.6060267857142857,3,KG_TASK_EXPLICIT
29,513,0.6026208933185677,0.20524178663713546,0.09302325581395349,0.31746031746031744,1.0,1.0,0.6026208933185677,4,KG_TASK_EXPLICIT
29,136,0.5992870007942013,0.21744877726371448,0.17647058823529413,0.25842696629213485,0.9622504486493763,0.9811252243246882,0.5992870007942013,3,KG_TASK_EXPLICIT
31,55,0.8625,0.725,0.85,0.6,1.0,1.0,0.8625,3,KG_TASK_EXPLICIT
31,503,0.8573232323232323,0.8813131313131313,0.9444444444444444,0.8181818181818182,0.6666666666666667,0.8333333333333334,0.8573232323232323,10,KG_TASK_EXPLICIT
31,561,0.8380832127764682,0.7047619047619047,0.8095238095238095,0.6,0.9428090415820635,0.9714045207910318,0.8380832127764682,3,KG_TASK_EXPLICIT
31,269,0.8214653399852816,0.7893772893772895,0.8095238095238095,0.7692307692307693,0.7071067811865475,0.8535533905932737,0.8214653399852816,4,KG_TASK_EXPLICIT
31,354,0.8135411695295565,0.7261904761904763,0.8095238095238095,0.6428571428571429,0.8017837257372731,0.9008918628686365,0.8135411695295565,4,KG_TASK_EXPLICIT
31,140,0.8010651629072683,0.768796992481203,0.8947368421052632,0.6428571428571429,0.6666666666666667,0.8333333333333334,0.8010651629072683,16,KG_TASK_EXPLICIT
31,559,0.7309173669467787,0.5868347338935573,0.7619047619047619,0.4117647058823529,0.7499999999999999,0.875,0.7309173669467787,5,KG_TASK_EXPLICIT
31,141,0.7099625207859482,0.5341666666666667,0.7083333333333334,0.36,0.7715167498104596,0.8857583749052298,0.7099625207859482,9,KG_TASK_EXPLICIT
31,443,0.7033099719869054,0.5863636363636364,0.7727272727272727,0.4,0.6405126152203486,0.8202563076101743,0.7033099719869054,7,KG_TASK_EXPLICIT
31,557,0.6998699371955284,0.6324786324786325,0.6538461538461539,0.6111111111111112,0.5345224838248487,0.7672612419124243,0.6998699371955284,7,KG_TASK_EXPLICIT
32,178,0.7510683760683761,0.5576923076923077,0.5,0.6153846153846154,0.8888888888888888,0.9444444444444444,0.7510683760683761,6,KG_TASK_EXPLICIT
32,525,0.7375,0.475,0.25,0.7,1.0,1.0,0.7375,4,KG_TASK_EXPLICIT
32,385,0.7371794871794872,0.47435897435897434,0.3333333333333333,0.6153846153846154,1.0000000000000002,1.0,0.7371794871794872,3,KG_TASK_EXPLICIT
32,492,0.7174983399668522,0.5166666666666666,0.5,0.5333333333333333,0.8366600265340756,0.9183300132670378,0.7174983399668522,4,KG_TASK_EXPLICIT
32,546,0.7166666666666667,0.43333333333333335,0.3333333333333333,0.5333333333333333,1.0000000000000002,1.0,0.7166666666666667,3,KG_TASK_EXPLICIT
32,127,0.7038748544542964,0.43529411764705883,0.4,0.47058823529411764,0.944911182523068,0.972455591261534,0.7038748544542964,4,KG_TASK_EXPLICIT
32,42,0.6988636363636364,0.3977272727272727,0.25,0.5454545454545454,1.0000000000000002,1.0,0.6988636363636364,3,KG_TASK_EXPLICIT
32,110,0.6833333333333333,0.3666666666666667,0.4,0.3333333333333333,0.9999999999999999,1.0,0.6833333333333333,4,KG_TASK_EXPLICIT
32,198,0.6666666666666666,0.3333333333333333,0.16666666666666666,0.5,1.0,1.0,0.6666666666666666,4,KG_TASK_EXPLICIT
32,181,0.6625,0.325,0.25,0.4,0.9999999999999998,0.9999999999999999,0.6625,5,KG_TASK_EXPLICIT
33,693,0.6904598772458616,0.5082417582417582,0.23076923076923078,0.7857142857142857,0.7453559924999299,0.8726779962499649,0.6904598772458616,21,KG_TASK_EXPLICIT
33,465,0.6431410852658339,0.3352272727272727,0.5,0.17045454545454544,0.9021097956087903,0.9510548978043951,0.6431410852658339,15,KG_TASK_EXPLICIT
33,583,0.6384615384615384,0.27692307692307694,0.4,0.15384615384615385,0.9999999999999999,1.0,0.6384615384615384,4,KG_TASK_EXPLICIT
33,280,0.6233033206829306,0.28675213675213673,0.38461538461538464,0.18888888888888888,0.9197090092274486,0.9598545046137243,0.6233033206829306,8,KG_TASK_EXPLICIT
33,679,0.6206043480026914,0.2694805194805195,0.35714285714285715,0.18181818181818182,0.9434563530497265,0.9717281765248633,0.6206043480026914,7,KG_TASK_EXPLICIT
33,396,0.6181901068936166,0.25828877005347595,0.36363636363636365,0.15294117647058825,0.9561828874675149,0.9780914437337574,0.6181901068936166,5,KG_TASK_EXPLICIT
33,282,0.6127559296178599,0.25410733844468786,0.36363636363636365,0.14457831325301204,0.9428090415820635,0.9714045207910318,0.6127559296178599,3,KG_TASK_EXPLICIT
33,391,0.6110405471727605,0.24289473684210527,0.3157894736842105,0.17,0.9583727150068314,0.9791863575034156,0.6110405471727605,8,KG_TASK_EXPLICIT
33,192,0.6083192838963819,0.24229691876750697,0.3333333333333333,0.15126050420168066,0.9486832980505138,0.9743416490252569,0.6083192838963819,5,KG_TASK_EXPLICIT
33,303,0.6063745779743099,0.23162393162393163,0.3076923076923077,0.15555555555555556,0.9622504486493763,0.9811252243246882,0.6063745779743099,3,KG_TASK_EXPLICIT
35,178,0.7771542621556052,0.5894736842105264,0.6,0.5789473684210527,0.9296696802013682,0.9648348401006841,0.7771542621556052,11,KG_TASK_EXPLICIT
35,492,0.7635175083071468,0.5619047619047619,0.6,0.5238095238095238,0.9302605094190635,0.9651302547095317,0.7635175083071468,14,KG_TASK_EXPLICIT
35,385,0.7518796992481203,0.5037593984962406,0.42857142857142855,0.5789473684210527,0.9999999999999999,1.0,0.7518796992481203,7,KG_TASK_EXPLICIT
35,487,0.7447010163076148,0.5769230769230769,0.5,0.6538461538461539,0.8249579113843053,0.9124789556921526,0.7447010163076148,10,KG_TASK_EXPLICIT
35,546,0.7195502630383759,0.47619047619047616,0.42857142857142855,0.5238095238095238,0.9258200997725514,0.9629100498862757,0.7195502630383759,7,KG_TASK_EXPLICIT
35,127,0.7172619047619048,0.5595238095238095,0.5,0.6190476190476191,0.75,0.875,0.7172619047619048,5,KG_TASK_EXPLICIT
35,479,0.705226380068184,0.4361111111111111,0.2222222222222222,0.65,0.9486832980505138,0.9743416490252569,0.705226380068184,5,KG_TASK_EXPLICIT
35,418,0.6994703763375447,0.427536231884058,0.3333333333333333,0.5217391304347826,0.9428090415820632,0.9714045207910316,0.6994703763375447,11,KG_TASK_EXPLICIT
35,110,0.6945878195859425,0.43333333333333335,0.5,0.36666666666666664,0.9116846116771036,0.9558423058385518,0.6945878195859425,8,KG_TASK_EXPLICIT
35,577,0.688634398960486,0.42083333333333334,0.375,0.4666666666666667,0.9128709291752769,0.9564354645876385,0.688634398960486,7,KG_TASK_EXPLICIT
36,636,0.8591701132462001,0.7619047619047619,0.6666666666666666,0.8571428571428571,0.9128709291752767,0.9564354645876383,0.8591701132462001,9,KG_TASK_EXPLICIT
36,462,0.8326174486597708,0.7115384615384616,0.5,0.9230769230769231,0.9073928715621603,0.9536964357810802,0.8326174486597708,12,KG_TASK_EXPLICIT
36,297,0.78125,0.5625,0.375,0.75,0.9999999999999998,0.9999999999999999,0.78125,5,KG_TASK_EXPLICIT
36,686,0.773727795630767,0.575,0.4,0.75,0.944911182523068,0.972455591261534,0.773727795630767,4,KG_TASK_EXPLICIT
36,601,0.7714285714285715,0.5428571428571429,0.2857142857142857,0.8,1.0000000000000002,1.0,0.7714285714285715,3,KG_TASK_EXPLICIT
36,685,0.7530665446331305,0.675,0.6,0.75,0.6622661785325219,0.831133089266261,0.7530665446331305,23,KG_TASK_EXPLICIT
36,717,0.7321428571428572,0.4642857142857143,0.2857142857142857,0.6428571428571429,1.0000000000000002,1.0,0.7321428571428572,3,KG_TASK_EXPLICIT
36,158,0.7230318525533179,0.5108695652173914,0.5,0.5217391304347826,0.8703882797784892,0.9351941398892446,0.7230318525533179,5,KG_TASK_EXPLICIT
36,465,0.7164484115644962,0.5857142857142856,0.5714285714285714,0.6,0.6943650748294136,0.8471825374147068,0.7164484115644962,10,KG_TASK_EXPLICIT
36,264,0.7080266952966369,0.5625,0.5,0.625,0.7071067811865475,0.8535533905932737,0.7080266952966369,10,KG_TASK_EXPLICIT
37,228,0.6064814814814815,0.21296296296296297,0.16666666666666666,0.25925925925925924,1.0000000000000002,1.0,0.6064814814814815,3,KG_TASK_EXPLICIT
37,290,0.5847933813931133,0.18846153846153846,0.07692307692307693,0.3,0.9622504486493763,0.9811252243246882,0.5847933813931133,3,KG_TASK_EXPLICIT
37,227,0.5779961672055517,0.18458781362007168,0.1111111111111111,0.25806451612903225,0.9428090415820635,0.9714045207910318,0.5779961672055517,3,KG_TASK_EXPLICIT
37,91,0.5722541388747079,0.21929824561403508,0.10526315789473684,0.3333333333333333,0.8504200642707612,0.9252100321353807,0.5722541388747079,5,KG_TASK_EXPLICIT
37,26,0.5607142857142857,0.12142857142857143,0.1,0.14285714285714285,1.0,1.0,0.5607142857142857,4,KG_TASK_EXPLICIT
37,457,0.560512866456122,0.14962121212121213,0.09090909090909091,0.20833333333333334,0.9428090415820635,0.9714045207910318,0.560512866456122,6,KG_TASK_EXPLICIT
37,607,0.5584295331227886,0.14545454545454545,0.09090909090909091,0.2,0.9428090415820635,0.9714045207910318,0.5584295331227886,3,KG_TASK_EXPLICIT
37,297,0.5579750203168242,0.14160839160839161,0.09090909090909091,0.19230769230769232,0.9486832980505138,0.9743416490252569,0.5579750203168242,4,KG_TASK_EXPLICIT
37,16,0.5564516129032258,0.11290322580645161,0.0,0.22580645161290322,1.0000000000000002,1.0,0.5564516129032258,3,KG_TASK_EXPLICIT
37,525,0.5539772727272727,0.10795454545454546,0.125,0.09090909090909091,1.0000000000000002,1.0,0.5539772727272727,3,KG_TASK_EXPLICIT
38,200,0.5765023428104993,0.16764201392392292,0.1320754716981132,0.20320855614973263,0.9707253433941511,0.9853626716970756,0.5765023428104993,4,KG_TASK_EXPLICIT
38,447,0.5659005323983898,0.13180106479677964,0.09803921568627451,0.16556291390728478,1.0000000000000002,1.0,0.5659005323983898,3,KG_TASK_EXPLICIT
38,243,0.562998712998713,0.125997425997426,0.09523809523809523,0.15675675675675677,1.0,1.0,0.562998712998713,4,KG_TASK_EXPLICIT
38,266,0.5596151821338711,0.14729046054347258,0.10843373493975904,0.18614718614718614,0.9438798074485389,0.9719399037242695,0.5596151821338711,5,KG_TASK_EXPLICIT
38,524,0.5566933912227936,0.13904513342033029,0.07042253521126761,0.20766773162939298,0.9486832980505138,0.9743416490252569,0.5566933912227936,5,KG_TASK_EXPLICIT
38,39,0.5565982404692082,0.11319648093841643,0.09090909090909091,0.13548387096774195,1.0000000000000002,1.0,0.5565982404692082,3,KG_TASK_EXPLICIT
38,259,0.5557893959533304,0.11157879190666076,0.08108108108108109,0.14207650273224043,1.0,1.0,0.5557893959533304,4,KG_TASK_EXPLICIT
38,700,0.5557624006442494,0.13906921002696493,0.06451612903225806,0.21362229102167182,0.944911182523068,0.972455591261534,0.5557624006442494,4,KG_TASK_EXPLICIT
38,534,0.548821694680298,0.09764338936059608,0.034482758620689655,0.16080402010050251,0.9999999999999998,0.9999999999999999,0.548821694680298,5,KG_TASK_EXPLICIT
38,499,0.5476055782727802,0.10984848484848483,0.08333333333333333,0.13636363636363635,0.9707253433941511,0.9853626716970756,0.5476055782727802,4,KG_TASK_EXPLICIT
39,280,0.7133869213560919,0.49376114081996436,0.4117647058823529,0.5757575757575758,0.8660254037844387,0.9330127018922194,0.7133869213560919,4,KG_TASK_EXPLICIT
39,341,0.7121463037223907,0.46785714285714286,0.4,0.5357142857142857,0.9128709291752769,0.9564354645876385,0.7121463037223907,7,KG_TASK_EXPLICIT
39,375,0.6581930226575383,0.419457735247209,0.2631578947368421,0.5757575757575758,0.7938566201357354,0.8969283100678678,0.6581930226575383,13,KG_TASK_EXPLICIT
39,50,0.6557178902359924,0.375,0.3333333333333333,0.4166666666666667,0.8728715609439696,0.9364357804719847,0.6557178902359924,4,KG_TASK_EXPLICIT
39,679,0.655154416797598,0.3630952380952381,0.25,0.47619047619047616,0.8944271909999159,0.9472135954999579,0.655154416797598,5,KG_TASK_EXPLICIT
39,568,0.6341503035804013,0.2968960863697706,0.15789473684210525,0.4358974358974359,0.9428090415820635,0.9714045207910318,0.6341503035804013,3,KG_TASK_EXPLICIT
39,721,0.6297619047619047,0.4095238095238095,0.3333333333333333,0.4857142857142857,0.6999999999999998,0.8499999999999999,0.6297619047619047,9,KG_TASK_EXPLICIT
39,633,0.6282904352964626,0.3619047619047619,0.23809523809523808,0.4857142857142857,0.7893522173763263,0.8946761086881632,0.6282904352964626,11,KG_TASK_EXPLICIT
39,479,0.6226753708291433,0.3345588235294118,0.29411764705882354,0.375,0.8215838362577491,0.9107919181288746,0.6226753708291433,7,KG_TASK_EXPLICIT
39,465,0.6222459546960564,0.36213235294117646,0.3125,0.4117647058823529,0.7647191129018724,0.8823595564509362,0.6222459546960564,11,KG_TASK_EXPLICIT
40,506,0.642477795630767,0.3125,0.25,0.375,0.944911182523068,0.972455591261534,0.642477795630767,4,KG_TASK_EXPLICIT
40,701,0.6421052631578947,0.28421052631578947,0.2,0.3684210526315789,1.0,1.0,0.6421052631578947,3,KG_TASK_EXPLICIT
40,422,0.6366823156015644,0.30000000000000004,0.2,0.4,0.9467292624062573,0.9733646312031287,0.6366823156015644,6,KG_TASK_EXPLICIT
40,543,0.6283330587886617,0.28421052631578947,0.2,0.3684210526315789,0.944911182523068,0.972455591261534,0.6283330587886617,4,KG_TASK_EXPLICIT
40,231,0.6256243036127267,0.3080459770114943,0.13333333333333333,0.4827586206896552,0.8864052604279183,0.9432026302139591,0.6256243036127267,8,KG_TASK_EXPLICIT
40,685,0.6241695273334187,0.27142857142857146,0.14285714285714285,0.4,0.9538209664765318,0.9769104832382659,0.6241695273334187,7,KG_TASK_EXPLICIT
40,644,0.6200592885375494,0.24011857707509882,0.045454545454545456,0.43478260869565216,1.0000000000000002,1.0,0.6200592885375494,3,KG_TASK_EXPLICIT
40,571,0.6177536231884058,0.23550724637681159,0.16666666666666666,0.30434782608695654,1.0,1.0,0.6177536231884058,4,KG_TASK_EXPLICIT
40,719,0.6145833333333334,0.22916666666666666,0.125,0.3333333333333333,1.0,1.0,0.6145833333333334,4,KG_TASK_EXPLICIT
40,530,0.6138888888888889,0.2833333333333333,0.16666666666666666,0.4,0.8888888888888888,0.9444444444444444,0.6138888888888889,6,KG_TASK_EXPLICIT
41,530,0.7687075751073801,0.5961538461538461,0.5,0.6923076923076923,0.882522608121828,0.941261304060914,0.7687075751073801,8,KG_TASK_EXPLICIT
41,685,0.75475102523422,0.5461538461538462,0.4,0.6923076923076923,0.9266964086291873,0.9633482043145937,0.75475102523422,18,KG_TASK_EXPLICIT
41,16,0.7381448361039201,0.5,0.5,0.5,0.9525793444156805,0.9762896722078402,0.7381448361039201,6,KG_TASK_EXPLICIT
41,239,0.7083333333333333,0.41666666666666663,0.3333333333333333,0.5,0.9999999999999999,1.0,0.7083333333333333,7,KG_TASK_EXPLICIT
41,462,0.703831110613724,0.43137254901960786,0.3333333333333333,0.5294117647058824,0.9525793444156805,0.9762896722078402,0.703831110613724,9,KG_TASK_EXPLICIT
41,719,0.703831110613724,0.43137254901960786,0.3333333333333333,0.5294117647058824,0.9525793444156805,0.9762896722078402,0.703831110613724,6,KG_TASK_EXPLICIT
41,543,0.6971153846153846,0.3942307692307692,0.25,0.5384615384615384,1.0000000000000002,1.0,0.6971153846153846,6,KG_TASK_EXPLICIT
41,715,0.6874909810109227,0.5214285714285715,0.4,0.6428571428571429,0.7071067811865475,0.8535533905932737,0.6874909810109227,4,KG_TASK_EXPLICIT
41,636,0.6835993959411999,0.39285714285714285,0.2857142857142857,0.5,0.9486832980505138,0.9743416490252569,0.6835993959411999,5,KG_TASK_EXPLICIT
41,754,0.6828176450109005,0.3942307692307692,0.25,0.5384615384615384,0.9428090415820635,0.9714045207910318,0.6828176450109005,3,KG_TASK_EXPLICIT
42,183,0.7305051912056728,0.4955357142857143,0.42857142857142855,0.5625,0.9309493362512627,0.9654746681256314,0.7305051912056728,10,KG_TASK_EXPLICIT
42,428,0.7083333333333333,0.41666666666666663,0.3333333333333333,0.5,0.9999999999999998,0.9999999999999999,0.7083333333333333,5,KG_TASK_EXPLICIT
42,654,0.7059208245126285,0.4375,0.375,0.5,0.9486832980505138,0.9743416490252569,0.7059208245126285,7,KG_TASK_EXPLICIT
42,32,0.6988636363636364,0.3977272727272727,0.25,0.5454545454545454,1.0000000000000002,1.0,0.6988636363636364,3,KG_TASK_EXPLICIT
42,451,0.6808035714285714,0.36160714285714285,0.2857142857142857,0.4375,1.0000000000000002,1.0,0.6808035714285714,3,KG_TASK_EXPLICIT
42,414,0.6666241452319315,0.425,0.25,0.6,0.8164965809277259,0.9082482904638629,0.6666241452319315,3,KG_TASK_EXPLICIT
42,563,0.6572392800246772,0.35454545454545455,0.3,0.4090909090909091,0.9198662110078,0.9599331055039,0.6572392800246772,10,KG_TASK_EXPLICIT
42,441,0.6521104955393181,0.3218390804597701,0.3333333333333333,0.3103448275862069,0.9647638212377322,0.982381910618866,0.6521104955393181,10,KG_TASK_EXPLICIT
42,558,0.6514914131345944,0.3557692307692308,0.25,0.46153846153846156,0.8944271909999159,0.9472135954999579,0.6514914131345944,6,KG_TASK_EXPLICIT
42,198,0.6510989010989011,0.30219780219780223,0.14285714285714285,0.46153846153846156,1.0000000000000002,1.0,0.6510989010989011,3,KG_TASK_EXPLICIT
43,95,0.6663499123200478,0.3602442333785617,0.2727272727272727,0.44776119402985076,0.944911182523068,0.972455591261534,0.6663499123200478,4,KG_TASK_EXPLICIT
43,195,0.6440058483557972,0.42058823529411765,0.4,0.4411764705882353,0.7348469228349533,0.8674234614174767,0.6440058483557972,6,KG_TASK_EXPLICIT
43,320,0.6359623015873016,0.3031746031746032,0.4,0.20634920634920634,0.9375,0.96875,0.6359623015873016,7,KG_TASK_EXPLICIT
43,305,0.5536780049780454,0.24780976220275347,0.17647058823529413,0.3191489361702128,0.7190924955066749,0.8595462477533374,0.5536780049780454,8,KG_TASK_EXPLICIT
43,316,0.5135869565217391,0.02717391304347826,0.0,0.05434782608695652,1.0000000000000002,1.0,0.5135869565217391,3,KG_TASK_EXPLICIT
43,519,0.5083333333333333,0.016666666666666666,0.0,0.03333333333333333,1.0000000000000002,1.0,0.5083333333333333,3,KG_TASK_EXPLICIT
43,300,0.5034751723387154,0.03260869565217391,0.0,0.06521739130434782,0.9486832980505138,0.9743416490252569,0.5034751723387154,4,KG_TASK_EXPLICIT
43,292,0.4961189270621826,0.020833333333333332,0.0,0.041666666666666664,0.9428090415820635,0.9714045207910318,0.4961189270621826,3,KG_TASK_EXPLICIT
43,210,0.4941666731736102,0.01639344262295082,0.0,0.03278688524590164,0.9438798074485389,0.9719399037242695,0.4941666731736102,5,KG_TASK_EXPLICIT
43,243,0.49330393919037097,0.03017241379310345,0.0,0.0603448275862069,0.9128709291752769,0.9564354645876385,0.49330393919037097,4,KG_TASK_EXPLICIT
44,283,0.7376062880890744,0.5669642857142857,0.5714285714285714,0.5625,0.8164965809277261,0.9082482904638631,0.7376062880890744,4,KG_TASK_EXPLICIT
44,115,0.6513387885771754,0.4017857142857143,0.42857142857142855,0.375,0.8017837257372731,0.9008918628686365,0.6513387885771754,4,KG_TASK_EXPLICIT
44,42,0.6356717642795505,0.36309523809523814,0.14285714285714285,0.5833333333333334,0.8164965809277259,0.9082482904638629,0.6356717642795505,3,KG_TASK_EXPLICIT
44,418,0.603629055200212,0.22916666666666666,0.125,0.3333333333333333,0.9561828874675149,0.9780914437337574,0.603629055200212,4,KG_TASK_EXPLICIT
44,274,0.6017766952966368,0.35,0.5,0.2,0.7071067811865475,0.8535533905932737,0.6017766952966368,3,KG_TASK_EXPLICIT
44,178,0.5947491452319316,0.28125,0.125,0.4375,0.8164965809277261,0.9082482904638631,0.5947491452319316,4,KG_TASK_EXPLICIT
44,617,0.5861111111111111,0.25555555555555554,0.1111111111111111,0.4,0.8333333333333334,0.9166666666666667,0.5861111111111111,4,KG_TASK_EXPLICIT
44,126,0.5831179108975688,0.3090185676392573,0.3076923076923077,0.3103448275862069,0.7144345083117604,0.8572172541558802,0.5831179108975688,9,KG_TASK_EXPLICIT
44,492,0.5825963674541537,0.2569444444444444,0.125,0.3888888888888889,0.8164965809277259,0.9082482904638629,0.5825963674541537,3,KG_TASK_EXPLICIT
44,231,0.575036959931496,0.33384615384615385,0.3076923076923077,0.36,0.6324555320336759,0.816227766016838,0.575036959931496,8,KG_TASK_EXPLICIT
45,297,0.8618055555139541,0.7763975155279503,0.8571428571428571,0.6956521739130435,0.8944271909999159,0.9472135954999579,0.8618055555139541,6,KG_TASK_EXPLICIT
45,598,0.7554347826086957,0.5108695652173914,0.5,0.5217391304347826,1.0000000000000002,1.0,0.7554347826086957,3,KG_TASK_EXPLICIT
45,160,0.7410130718954249,0.48202614379084974,0.35294117647058826,0.6111111111111112,0.9999999999999998,0.9999999999999999,0.7410130718954249,5,KG_TASK_EXPLICIT
45,466,0.7339648587306009,0.5114942528735632,0.3333333333333333,0.6896551724137931,0.9128709291752769,0.9564354645876385,0.7339648587306009,6,KG_TASK_EXPLICIT
45,679,0.7120582120582121,0.42411642411642414,0.3076923076923077,0.5405405405405406,1.0,1.0,0.7120582120582121,4,KG_TASK_EXPLICIT
45,112,0.6974567310274591,0.4744318181818182,0.3125,0.6363636363636364,0.8409632877462002,0.9204816438731,0.6974567310274591,19,KG_TASK_EXPLICIT
45,710,0.6935194622974337,0.4145833333333333,0.26666666666666666,0.5625,0.944911182523068,0.972455591261534,0.6935194622974337,4,KG_TASK_EXPLICIT
45,636,0.6914781694372534,0.4066666666666666,0.3333333333333333,0.48,0.9525793444156805,0.9762896722078402,0.6914781694372534,6,KG_TASK_EXPLICIT
45,447,0.6796875,0.359375,0.125,0.59375,0.9999999999999998,0.9999999999999999,0.6796875,9,KG_TASK_EXPLICIT
45,568,0.678030303030303,0.356060606060606,0.16666666666666666,0.5454545454545454,1.0,1.0,0.678030303030303,4,KG_TASK_EXPLICIT
46,674,0.710727969348659,0.421455938697318,0.2222222222222222,0.6206896551724138,1.0000000000000002,1.0,0.710727969348659,3,KG_TASK_EXPLICIT
46,464,0.6805555555555556,0.3611111111111111,0.2222222222222222,0.5,1.0000000000000002,1.0,0.6805555555555556,6,KG_TASK_EXPLICIT
46,324,0.6765734265734266,0.3531468531468532,0.09090909090909091,0.6153846153846154,0.9999999999999998,0.9999999999999999,0.6765734265734266,5,KG_TASK_EXPLICIT
46,141,0.6723560096978136,0.37037037037037035,0.07407407407407407,0.6666666666666666,0.9486832980505138,0.9743416490252569,0.6723560096978136,5,KG_TASK_EXPLICIT
46,678,0.6712924461342501,0.36824324324324326,0.25,0.4864864864864865,0.9486832980505138,0.9743416490252569,0.6712924461342501,4,KG_TASK_EXPLICIT
46,57,0.6680672268907563,0.33613445378151263,0.14285714285714285,0.5294117647058824,0.9999999999999998,0.9999999999999999,0.6680672268907563,5,KG_TASK_EXPLICIT
46,114,0.6656862745098039,0.33137254901960783,0.13333333333333333,0.5294117647058824,1.0000000000000002,1.0,0.6656862745098039,6,KG_TASK_EXPLICIT
46,244,0.6622596153846154,0.3245192307692308,0.1875,0.46153846153846156,1.0000000000000002,1.0,0.6622596153846154,3,KG_TASK_EXPLICIT
46,637,0.6617063492063492,0.3234126984126984,0.1111111111111111,0.5357142857142857,1.0000000000000002,1.0,0.6617063492063492,3,KG_TASK_EXPLICIT
46,531,0.6592965590250349,0.41034482758620694,0.2,0.6206896551724138,0.8164965809277259,0.9082482904638629,0.6592965590250349,3,KG_TASK_EXPLICIT
47,601,0.7684208245126285,0.5625,0.375,0.75,0.9486832980505138,0.9743416490252569,0.7684208245126285,4,KG_TASK_EXPLICIT
47,479,0.7461684985160508,0.5571428571428572,0.4,0.7142857142857143,0.8703882797784892,0.9351941398892446,0.7461684985160508,9,KG_TASK_EXPLICIT
47,648,0.7450260977176277,0.5595238095238095,0.5,0.6190476190476191,0.8610567718228918,0.9305283859114459,0.7450260977176277,16,KG_TASK_EXPLICIT
47,418,0.7421803262477347,0.5511363636363636,0.375,0.7272727272727273,0.8664485777182117,0.9332242888591058,0.7421803262477347,11,KG_TASK_EXPLICIT
47,129,0.7264455738033601,0.5446428571428572,0.375,0.7142857142857143,0.8164965809277259,0.9082482904638629,0.7264455738033601,5,KG_TASK_EXPLICIT
47,719,0.7164168467427707,0.4732142857142857,0.375,0.5714285714285714,0.9192388155425116,0.9596194077712559,0.7164168467427707,8,KG_TASK_EXPLICIT
47,396,0.7117729945941514,0.44545454545454544,0.3,0.5909090909090909,0.9561828874675149,0.9780914437337574,0.7117729945941514,7,KG_TASK_EXPLICIT
47,391,0.7106318954334971,0.4478991596638655,0.35294117647058826,0.5428571428571428,0.9467292624062573,0.9733646312031287,0.7106318954334971,9,KG_TASK_EXPLICIT
47,636,0.6862033206430793,0.43939393939393934,0.3333333333333333,0.5454545454545454,0.8660254037844386,0.9330127018922193,0.6862033206430793,6,KG_TASK_EXPLICIT
47,24,0.6818752070008023,0.5461538461538462,0.4,0.6923076923076923,0.6351931356955168,0.8175965678477584,0.6818752070008023,136,KG_TASK_EXPLICIT
48,601,0.6594812880890744,0.4107142857142857,0.25,0.5714285714285714,0.8164965809277259,0.9082482904638629,0.6594812880890744,3,KG_TASK_EXPLICIT
48,383,0.6330590204271904,0.37083333333333335,0.2,0.5416666666666666,0.7905694150420948,0.8952847075210474,0.6330590204271904,8,KG_TASK_EXPLICIT
48,561,0.630792065231824,0.32857142857142857,0.10714285714285714,0.55,0.8660254037844387,0.9330127018922194,0.630792065231824,3,KG_TASK_EXPLICIT
48,506,0.6293634530246566,0.37142857142857144,0.14285714285714285,0.6,0.7745966692414834,0.8872983346207417,0.6293634530246566,5,KG_TASK_EXPLICIT
48,722,0.6264428304553011,0.4642105263157895,0.3684210526315789,0.56,0.5773502691896258,0.7886751345948129,0.6264428304553011,3,KG_TASK_EXPLICIT
48,331,0.6242387987639465,0.31546489563567365,0.14705882352941177,0.4838709677419355,0.8660254037844387,0.9330127018922194,0.6242387987639465,3,KG_TASK_EXPLICIT
48,585,0.6219563130640993,0.3356643356643357,0.3076923076923077,0.36363636363636365,0.8164965809277259,0.9082482904638629,0.6219563130640993,3,KG_TASK_EXPLICIT
48,466,0.6184386263123803,0.33467741935483875,0.25,0.41935483870967744,0.8043996665398437,0.9021998332699219,0.6184386263123803,17,KG_TASK_EXPLICIT
48,719,0.6147323041395116,0.4407894736842105,0.25,0.631578947368421,0.5773502691896258,0.7886751345948129,0.6147323041395116,9,KG_TASK_EXPLICIT
48,36,0.6111111111111112,0.5,0.3333333333333333,0.6666666666666666,0.4444444444444444,0.7222222222222222,0.6111111111111112,23,KG_TASK_EXPLICIT
49,271,0.95,1.0,1.0,1.0,0.7999999999999998,0.8999999999999999,0.95,6,KG_TASK_EXPLICIT
49,395,0.75,0.5,0.5,0.5,1.0,1.0,0.75,4,KG_TASK_EXPLICIT
49,474,0.7462211397410813,0.6388888888888888,0.5,0.7777777777777778,0.7071067811865475,0.8535533905932737,0.7462211397410813,5,KG_TASK_EXPLICIT
49,67,0.7392734410091836,0.5166666666666666,0.3333333333333333,0.7,0.9237604307034011,0.9618802153517005,0.7392734410091836,6,KG_TASK_EXPLICIT
49,500,0.6939550249431379,0.42500000000000004,0.4,0.45,0.9258200997725514,0.9629100498862757,0.6939550249431379,7,KG_TASK_EXPLICIT
49,408,0.6757150543228405,0.4431818181818182,0.25,0.6363636363636364,0.8164965809277259,0.9082482904638629,0.6757150543228405,4,KG_TASK_EXPLICIT
49,434,0.6666666666666666,0.3333333333333333,0.3333333333333333,0.3333333333333333,1.0,1.0,0.6666666666666666,3,KG_TASK_EXPLICIT
49,601,0.6529411764705882,0.3058823529411765,0.2,0.4117647058823529,1.0000000000000002,1.0,0.6529411764705882,3,KG_TASK_EXPLICIT
49,548,0.6333290199722011,0.3194444444444444,0.25,0.3888888888888889,0.8944271909999159,0.9472135954999579,0.6333290199722011,6,KG_TASK_EXPLICIT
49,323,0.6329244826177381,0.29444444444444445,0.2,0.3888888888888889,0.9428090415820635,0.9714045207910318,0.6329244826177381,3,KG_TASK_EXPLICIT
50,513,0.8530844155844156,0.7061688311688312,0.5714285714285714,0.8409090909090909,0.9999999999999999,1.0,0.8530844155844156,4,KG_TASK_EXPLICIT
50,52,0.8005123177806823,0.6266829865361077,0.5789473684210527,0.6744186046511628,0.9486832980505138,0.9743416490252569,0.8005123177806823,5,KG_TASK_EXPLICIT
50,188,0.7942890442890442,0.5885780885780886,0.48484848484848486,0.6923076923076923,1.0000000000000002,1.0,0.7942890442890442,3,KG_TASK_EXPLICIT
50,244,0.789948360366689,0.6615667074663403,0.5789473684210527,0.7441860465116279,0.8366600265340756,0.9183300132670378,0.789948360366689,4,KG_TASK_EXPLICIT
50,375,0.7823529411764706,0.5647058823529412,0.5294117647058824,0.6,1.0,1.0,0.7823529411764706,8,KG_TASK_EXPLICIT
50,309,0.7403663798232546,0.499607535321821,0.34615384615384615,0.6530612244897959,0.9622504486493763,0.9811252243246882,0.7403663798232546,6,KG_TASK_EXPLICIT
50,57,0.7265256163664976,0.5244798041615667,0.42105263157894735,0.627906976744186,0.857142857142857,0.9285714285714285,0.7265256163664976,4,KG_TASK_EXPLICIT
50,360,0.7231237322515214,0.44624746450304265,0.3235294117647059,0.5689655172413793,0.9999999999999999,1.0,0.7231237322515214,4,KG_TASK_EXPLICIT
50,444,0.7218417187822197,0.5523715415019763,0.4090909090909091,0.6956521739130435,0.7826237921249264,0.8913118960624632,0.7218417187822197,5,KG_TASK_EXPLICIT
50,182,0.7183673469387755,0.43673469387755104,0.2,0.673469387755102,1.0,1.0,0.7183673469387755,4,KG_TASK_EXPLICIT
51,462,0.6107954545454546,0.2215909090909091,0.125,0.3181818181818182,1.0000000000000002,1.0,0.6107954545454546,3,KG_TASK_EXPLICIT
51,464,0.6075353691785503,0.26785714285714285,0.25,0.2857142857142857,0.8944271909999159,0.9472135954999579,0.6075353691785503,5,KG_TASK_EXPLICIT
51,104,0.6038374911792951,0.23333333333333334,0.16666666666666666,0.3,0.9486832980505138,0.9743416490252569,0.6038374911792951,5,KG_TASK_EXPLICIT
51,25,0.6018518518518519,0.2037037037037037,0.1111111111111111,0.2962962962962963,1.0000000000000002,1.0,0.6018518518518519,3,KG_TASK_EXPLICIT
51,448,0.6018324786479667,0.22932330827067668,0.14285714285714285,0.3157894736842105,0.9486832980505138,0.9743416490252569,0.6018324786479667,4,KG_TASK_EXPLICIT
51,24,0.5999159225518441,0.22549019607843135,0.11764705882352941,0.3333333333333333,0.9486832980505138,0.9743416490252569,0.5999159225518441,4,KG_TASK_EXPLICIT
51,264,0.59375,0.1875,0.125,0.25,1.0000000000000002,1.0,0.59375,3,KG_TASK_EXPLICIT
51,625,0.5929951690821256,0.1859903381642512,0.1111111111111111,0.2608695652173913,1.0000000000000002,1.0,0.5929951690821256,3,KG_TASK_EXPLICIT
51,674,0.5883838383838383,0.17676767676767677,0.1111111111111111,0.24242424242424243,1.0,1.0,0.5883838383838383,4,KG_TASK_EXPLICIT
51,396,0.585,0.16999999999999998,0.1,0.24,1.0000000000000002,1.0,0.585,3,KG_TASK_EXPLICIT
52,513,0.8094036069435318,0.7017783857729138,0.7058823529411765,0.6976744186046512,0.8340576562282991,0.9170288281141495,0.8094036069435318,19,KG_TASK_EXPLICIT
52,50,0.8005123177806823,0.6266829865361077,0.5789473684210527,0.6744186046511628,0.9486832980505138,0.9743416490252569,0.8005123177806823,5,KG_TASK_EXPLICIT
52,568,0.7716842375764205,0.5714285714285714,0.42857142857142855,0.7142857142857143,0.9438798074485389,0.9719399037242695,0.7716842375764205,5,KG_TASK_EXPLICIT
52,280,0.7206804473383205,0.5110294117647058,0.375,0.6470588235294118,0.8606629658238704,0.9303314829119351,0.7206804473383205,6,KG_TASK_EXPLICIT
52,309,0.7206202746601327,0.4673913043478261,0.34782608695652173,0.5869565217391305,0.9476984899448786,0.9738492449724393,0.7206202746601327,13,KG_TASK_EXPLICIT
52,375,0.7185598799384787,0.5333333333333333,0.4666666666666667,0.6,0.8075728530872482,0.9037864265436242,0.7185598799384787,17,KG_TASK_EXPLICIT
52,333,0.7117695870719903,0.4303191489361702,0.35,0.5106382978723404,0.9864400504156211,0.9932200252078105,0.7117695870719903,9,KG_TASK_EXPLICIT
52,244,0.7098578791726442,0.4632802937576499,0.3684210526315789,0.5581395348837209,0.9128709291752769,0.9564354645876385,0.7098578791726442,12,KG_TASK_EXPLICIT
52,188,0.7037422078182948,0.45104895104895104,0.36363636363636365,0.5384615384615384,0.9128709291752769,0.9564354645876385,0.7037422078182948,12,KG_TASK_EXPLICIT
52,630,0.697463768115942,0.39492753623188404,0.3333333333333333,0.45652173913043476,1.0,1.0,0.697463768115942,4,KG_TASK_EXPLICIT
53,249,0.8669634411066223,0.7867132867132867,0.7272727272727273,0.8461538461538461,0.8944271909999159,0.9472135954999579,0.8669634411066223,5,KG_TASK_EXPLICIT
53,446,0.7950280771214054,0.6336206896551724,0.5172413793103449,0.75,0.9128709291752769,0.9564354645876385,0.7950280771214054,6,KG_TASK_EXPLICIT
53,23,0.7085954731051478,0.4762323943661972,0.375,0.5774647887323944,0.8819171036881969,0.9409585518440984,0.7085954731051478,9,KG_TASK_EXPLICIT
53,518,0.6986842105263158,0.3973684210526316,0.4,0.39473684210526316,1.0000000000000002,1.0,0.6986842105263158,6,KG_TASK_EXPLICIT
53,50,0.6884419864229132,0.4054794520547945,0.4,0.410958904109589,0.9428090415820635,0.9714045207910318,0.6884419864229132,3,KG_TASK_EXPLICIT
53,154,0.6847826086956521,0.3695652173913043,0.3333333333333333,0.4057971014492754,1.0000000000000002,1.0,0.6847826086956521,3,KG_TASK_EXPLICIT
53,375,0.6789242643770002,0.3797570850202429,0.42105263157894735,0.3384615384615385,0.9561828874675149,0.9780914437337574,0.6789242643770002,9,KG_TASK_EXPLICIT
53,444,0.6647798505168838,0.4170807453416149,0.391304347826087,0.44285714285714284,0.8249579113843055,0.9124789556921528,0.6647798505168838,7,KG_TASK_EXPLICIT
53,188,0.6617359778437641,0.4152236652236652,0.3888888888888889,0.44155844155844154,0.8164965809277261,0.9082482904638631,0.6617359778437641,4,KG_TASK_EXPLICIT
53,455,0.6616291874526149,0.4375,0.375,0.5,0.7715167498104595,0.8857583749052298,0.6616291874526149,8,KG_TASK_EXPLICIT
54,406,0.4979153257172328,0.2222222222222222,0.2222222222222222,0.2222222222222222,0.5472168584244866,0.7736084292122434,0.4979153257172328,188,KG_TASK_EXPLICIT
54,139,0.4877209831765956,0.06719367588932806,0.09090909090909091,0.043478260869565216,0.8164965809277261,0.9082482904638631,0.4877209831765956,3,KG_TASK_EXPLICIT
54,313,0.47512704060128214,0.017241379310344827,0.0,0.034482758620689655,0.8660254037844387,0.9330127018922194,0.47512704060128214,4,KG_TASK_EXPLICIT
54,59,0.4723203044344818,0.011627906976744186,0.0,0.023255813953488372,0.8660254037844387,0.9330127018922194,0.4723203044344818,6,KG_TASK_EXPLICIT
54,455,0.4718296364340809,0.02,0.0,0.04,0.8473185457363235,0.9236592728681617,0.4718296364340809,14,KG_TASK_EXPLICIT
54,132,0.46843142082498623,0.014285714285714285,0.0,0.02857142857142857,0.8451542547285165,0.9225771273642582,0.46843142082498623,5,KG_TASK_EXPLICIT
54,448,0.46389036441985093,0.03333333333333333,0.0,0.06666666666666667,0.7888947910127371,0.8944473955063685,0.46389036441985093,57,KG_TASK_EXPLICIT
54,227,0.4611101097467865,0.016666666666666666,0.0,0.03333333333333333,0.8111071056538125,0.9055535528269063,0.4611101097467865,13,KG_TASK_EXPLICIT
54,23,0.45174811398210835,0.00909090909090909,0.0,0.01818181818181818,0.7888106377466154,0.8944053188733077,0.45174811398210835,22,KG_TASK_EXPLICIT
54,98,0.44723743152599965,0.0056179775280898875,0.0,0.011235955056179775,0.7777137710478189,0.8888568855239094,0.44723743152599965,26,KG_TASK_EXPLICIT
55,31,0.8625,0.725,0.85,0.6,1.0,1.0,0.8625,3,KG_TASK_EXPLICIT
55,117,0.8014985630132656,0.7021052631578948,0.72,0.6842105263157895,0.8017837257372731,0.9008918628686365,0.8014985630132656,4,KG_TASK_EXPLICIT
55,140,0.7816575784175492,0.8865384615384615,0.85,0.9230769230769231,0.35355339059327373,0.6767766952966369,0.7816575784175492,5,KG_TASK_EXPLICIT
55,557,0.764893122852962,0.741111111111111,0.76,0.7222222222222222,0.5773502691896258,0.7886751345948129,0.764893122852962,3,KG_TASK_EXPLICIT
55,149,0.7593582887700534,0.5187165775401069,0.2727272727272727,0.7647058823529411,1.0,1.0,0.7593582887700534,5,KG_TASK_EXPLICIT
55,141,0.7488389981249824,0.625,0.75,0.5,0.7453559924999299,0.8726779962499649,0.7488389981249824,8,KG_TASK_EXPLICIT
55,443,0.7041518965848816,0.5547504025764896,0.7391304347826086,0.37037037037037035,0.7071067811865475,0.8535533905932737,0.7041518965848816,4,KG_TASK_EXPLICIT
55,36,0.6893939393939393,0.3787878787878788,0.09090909090909091,0.6666666666666666,0.9999999999999998,0.9999999999999999,0.6893939393939393,3,KG_TASK_EXPLICIT
55,198,0.671583850931677,0.34316770186335405,0.043478260869565216,0.6428571428571429,1.0,1.0,0.671583850931677,3,KG_TASK_EXPLICIT
55,648,0.6699153897300197,0.3654891304347826,0.043478260869565216,0.6875,0.9486832980505138,0.9743416490252569,0.6699153897300197,3,KG_TASK_EXPLICIT
57,244,0.8461344906679258,0.75,0.6428571428571429,0.8571428571428571,0.8845379626717033,0.9422689813358516,0.8461344906679258,12,KG_TASK_EXPLICIT
57,583,0.7604702198731912,0.5484848484848485,0.36363636363636365,0.7333333333333333,0.944911182523068,0.972455591261534,0.7604702198731912,4,KG_TASK_EXPLICIT
57,222,0.7310030395136777,0.46200607902735563,0.2857142857142857,0.6382978723404256,0.9999999999999998,0.9999999999999999,0.7310030395136777,5,KG_TASK_EXPLICIT
57,50,0.7265256163664976,0.5244798041615667,0.42105263157894735,0.627906976744186,0.857142857142857,0.9285714285714285,0.7265256163664976,4,KG_TASK_EXPLICIT
57,611,0.7241588221179062,0.47202797202797203,0.3076923076923077,0.6363636363636364,0.9525793444156805,0.9762896722078402,0.7241588221179062,6,KG_TASK_EXPLICIT
57,114,0.7240930175677495,0.4670608108108108,0.3125,0.6216216216216216,0.9622504486493763,0.9811252243246882,0.7240930175677495,9,KG_TASK_EXPLICIT
57,698,0.722544594144326,0.463963963963964,0.3333333333333333,0.5945945945945946,0.9622504486493763,0.9811252243246882,0.722544594144326,3,KG_TASK_EXPLICIT
57,674,0.7169117647058822,0.4338235294117647,0.25,0.6176470588235294,0.9999999999999998,0.9999999999999999,0.7169117647058822,5,KG_TASK_EXPLICIT
57,494,0.7158119658119658,0.43162393162393164,0.2222222222222222,0.6410256410256411,1.0,1.0,0.7158119658119658,4,KG_TASK_EXPLICIT
57,479,0.712305233114779,0.4502688172043011,0.4166666666666667,0.4838709677419355,0.9486832980505138,0.9743416490252569,0.712305233114779,5,KG_TASK_EXPLICIT
58,246,0.713298505799302,0.45614035087719296,0.3333333333333333,0.5789473684210527,0.9409133214428221,0.9704566607214111,0.713298505799302,31,KG_TASK_EXPLICIT
58,445,0.6446980940694345,0.3643724696356275,0.3076923076923077,0.42105263157894735,0.8500474370064828,0.9250237185032414,0.6446980940694345,34,KG_TASK_EXPLICIT
58,538,0.598728169047128,0.23809523809523808,0.14285714285714285,0.3333333333333333,0.9187221999980357,0.9593610999990179,0.598728169047128,28,KG_TASK_EXPLICIT
58,152,0.5744884910485933,0.1489769820971867,0.058823529411764705,0.2391304347826087,1.0,1.0,0.5744884910485933,4,KG_TASK_EXPLICIT
58,713,0.5699989418570257,0.16761363636363635,0.0625,0.2727272727272727,0.9447684947008302,0.9723842473504152,0.5699989418570257,17,KG_TASK_EXPLICIT
58,356,0.5543906489348976,0.13541666666666669,0.0625,0.20833333333333334,0.9467292624062573,0.9733646312031287,0.5543906489348976,6,KG_TASK_EXPLICIT
58,678,0.553483606557377,0.1069672131147541,0.05,0.16393442622950818,1.0000000000000002,1.0,0.553483606557377,8,KG_TASK_EXPLICIT
58,156,0.5513443996228534,0.1847560975609756,0.15,0.21951219512195122,0.8358654033694622,0.9179327016847312,0.5513443996228534,37,KG_TASK_EXPLICIT
58,711,0.5448245614035088,0.10964912280701754,0.05263157894736842,0.16666666666666666,0.96,0.98,0.5448245614035088,7,KG_TASK_EXPLICIT
58,162,0.5441513296104137,0.11201298701298701,0.045454545454545456,0.17857142857142858,0.9525793444156805,0.9762896722078402,0.5441513296104137,9,KG_TASK_EXPLICIT
59,314,0.6495818590577231,0.3277591973244147,0.34782608695652173,0.3076923076923077,0.9428090415820632,0.9714045207910316,0.6495818590577231,3,KG_TASK_EXPLICIT
59,179,0.6335227272727273,0.26704545454545453,0.1590909090909091,0.375,1.0000000000000002,1.0,0.6335227272727273,4,KG_TASK_EXPLICIT
59,283,0.6083982428380016,0.28378378378378377,0.16216216216216217,0.40540540540540543,0.8660254037844387,0.9330127018922194,0.6083982428380016,4,KG_TASK_EXPLICIT
59,533,0.604656508761529,0.23790849673202613,0.09803921568627451,0.37777777777777777,0.9428090415820635,0.9714045207910318,0.604656508761529,6,KG_TASK_EXPLICIT
59,186,0.6000615763546798,0.2001231527093596,0.10714285714285714,0.29310344827586204,1.0000000000000002,1.0,0.6000615763546798,3,KG_TASK_EXPLICIT
59,65,0.5931183669726321,0.2779884434814012,0.21794871794871795,0.3380281690140845,0.8164965809277259,0.9082482904638629,0.5931183669726321,6,KG_TASK_EXPLICIT
59,127,0.5906593406593407,0.1813186813186813,0.07692307692307693,0.2857142857142857,1.0,1.0,0.5906593406593407,5,KG_TASK_EXPLICIT
59,234,0.5884800381732936,0.20555555555555555,0.13333333333333333,0.2777777777777778,0.9428090415820635,0.9714045207910318,0.5884800381732936,3,KG_TASK_EXPLICIT
59,376,0.5865384615384616,0.17307692307692307,0.09615384615384616,0.25,1.0000000000000002,1.0,0.5865384615384616,3,KG_TASK_EXPLICIT
59,361,0.5850559007944809,0.23367602111697694,0.21311475409836064,0.2542372881355932,0.8728715609439696,0.9364357804719847,0.5850559007944809,7,KG_TASK_EXPLICIT
60,419,0.6453321562683658,0.4772727272727273,0.5,0.45454545454545453,0.6267831705280087,0.8133915852640043,0.6453321562683658,16,KG_TASK_EXPLICIT
60,168,0.5611503517569476,0.1750871080139373,0.14285714285714285,0.2073170731707317,0.8944271909999159,0.9472135954999579,0.5611503517569476,5,KG_TASK_EXPLICIT
60,605,0.5358856398992166,0.24444444444444444,0.1111111111111111,0.37777777777777777,0.6546536707079772,0.8273268353539887,0.5358856398992166,4,KG_TASK_EXPLICIT
60,106,0.5135753647441266,0.11890243902439024,0.08333333333333333,0.15447154471544716,0.8164965809277259,0.9082482904638629,0.5135753647441266,3,KG_TASK_EXPLICIT
60,320,0.5091463414634146,0.018292682926829267,0.0,0.036585365853658534,1.0000000000000002,1.0,0.5091463414634146,3,KG_TASK_EXPLICIT
60,319,0.5066448708053668,0.48039215686274506,0.3333333333333333,0.6274509803921569,0.0657951694959769,0.5328975847479884,0.5066448708053668,9,KG_TASK_EXPLICIT
60,467,0.5060512777812647,0.07728937728937729,0.06666666666666667,0.08791208791208792,0.8696263565463043,0.9348131782731521,0.5060512777812647,11,KG_TASK_EXPLICIT
60,161,0.5053191489361702,0.010638297872340425,0.0,0.02127659574468085,1.0000000000000002,1.0,0.5053191489361702,3,KG_TASK_EXPLICIT
60,364,0.4976958525345623,0.07872503840245776,0.07142857142857142,0.08602150537634409,0.8333333333333334,0.9166666666666667,0.4976958525345623,4,KG_TASK_EXPLICIT
60,242,0.4930543558770274,0.08709677419354839,0.06666666666666667,0.10752688172043011,0.7980238751210128,0.8990119375605063,0.4930543558770274,10,KG_TASK_EXPLICIT
61,516,0.7192848479533263,0.5277777777777778,0.5,0.5555555555555556,0.8215838362577491,0.9107919181288746,0.7192848479533263,25,KG_TASK_EXPLICIT
61,376,0.7089567632064915,0.4398220826792255,0.41025641025641024,0.46938775510204084,0.9561828874675149,0.9780914437337574,0.7089567632064915,7,KG_TASK_EXPLICIT
61,142,0.7021857526762245,0.5170731707317073,0.6341463414634146,0.4,0.7745966692414834,0.8872983346207417,0.7021857526762245,5,KG_TASK_EXPLICIT
61,123,0.6916769457827876,0.5402321083172147,0.5531914893617021,0.5272727272727272,0.686243566496721,0.8431217832483605,0.6916769457827876,28,KG_TASK_EXPLICIT
61,288,0.6801962533452275,0.360392506690455,0.2631578947368421,0.4576271186440678,1.0,1.0,0.6801962533452275,4,KG_TASK_EXPLICIT
61,511,0.6797419616370747,0.6443181818181818,0.675,0.6136363636363636,0.43033148291193524,0.7151657414559676,0.6797419616370747,82,KG_TASK_EXPLICIT
61,62,0.6763180791572212,0.5182692307692307,0.46153846153846156,0.575,0.6687338550904235,0.8343669275452117,0.6763180791572212,25,KG_TASK_EXPLICIT
61,295,0.6660583389321012,0.6150793650793651,0.4444444444444444,0.7857142857142857,0.4340746255696745,0.7170373127848373,0.6660583389321012,88,KG_TASK_EXPLICIT
61,586,0.6388580947217504,0.38640429338103754,0.3076923076923077,0.46511627906976744,0.7826237921249264,0.8913118960624632,0.6388580947217504,11,KG_TASK_EXPLICIT
61,289,0.6349969093679827,0.5606242496998799,0.5918367346938775,0.5294117647058824,0.418739138072171,0.7093695690360855,0.6349969093679827,126,KG_TASK_EXPLICIT
62,488,0.8596425244900769,0.7840909090909092,0.8181818181818182,0.75,0.8703882797784892,0.9351941398892446,0.8596425244900769,38,KG_TASK_EXPLICIT
62,533,0.7936161351381841,0.6950000000000001,0.64,0.75,0.7844645405527363,0.8922322702763681,0.7936161351381841,15,KG_TASK_EXPLICIT
62,511,0.7812979295337941,0.61991341991342,0.5428571428571428,0.696969696969697,0.8853648783083365,0.9426824391541683,0.7812979295337941,35,KG_TASK_EXPLICIT
62,586,0.7342038994945024,0.5061576354679803,0.35714285714285715,0.6551724137931034,0.9245003270420487,0.9622501635210243,0.7342038994945024,7,KG_TASK_EXPLICIT
62,496,0.7337116453449477,0.8920454545454546,0.9090909090909091,0.875,0.15075567228888181,0.5753778361444409,0.7337116453449477,17,KG_TASK_EXPLICIT
62,295,0.708489166824101,0.5192307692307692,0.5,0.5384615384615384,0.7954951288348658,0.8977475644174329,0.708489166824101,41,KG_TASK_EXPLICIT
62,123,0.7073868925507825,0.4476744186046512,0.3953488372093023,0.5,0.9341987329938275,0.9670993664969137,0.7073868925507825,18,KG_TASK_EXPLICIT
62,673,0.6902791713413503,0.5340909090909091,0.3181818181818182,0.75,0.6929348671835833,0.8464674335917917,0.6902791713413503,15,KG_TASK_EXPLICIT
62,256,0.6853973378217506,0.4399744572158365,0.25925925925925924,0.6206896551724138,0.8616404368553293,0.9308202184276646,0.6853973378217506,25,KG_TASK_EXPLICIT
62,593,0.6852905926886866,0.4331723027375201,0.34782608695652173,0.5185185185185185,0.8748177652797066,0.9374088826398532,0.6852905926886866,12,KG_TASK_EXPLICIT
63,226,0.732266248158431,0.4925925925925926,0.4666666666666667,0.5185185185185185,0.9438798074485389,0.9719399037242695,0.732266248158431,5,KG_TASK_EXPLICIT
63,508,0.6461640211640212,0.2923280423280423,0.21428571428571427,0.37037037037037035,1.0,1.0,0.6461640211640212,4,KG_TASK_EXPLICIT
63,339,0.643170426065163,0.2863408521303258,0.2631578947368421,0.30952380952380953,0.9999999999999999,1.0,0.643170426065163,7,KG_TASK_EXPLICIT
63,705,0.6412538699690402,0.2825077399380805,0.11764705882352941,0.4473684210526316,1.0000000000000002,1.0,0.6412538699690402,3,KG_TASK_EXPLICIT
63,379,0.6287578159510714,0.2861111111111111,0.26666666666666666,0.3055555555555556,0.9428090415820635,0.9714045207910318,0.6287578159510714,3,KG_TASK_EXPLICIT
63,317,0.6286634789866152,0.27620173364854217,0.14814814814814814,0.40425531914893614,0.9622504486493763,0.9811252243246882,0.6286634789866152,3,KG_TASK_EXPLICIT
63,114,0.6282894736842105,0.256578947368421,0.2631578947368421,0.25,1.0,1.0,0.6282894736842105,4,KG_TASK_EXPLICIT
63,429,0.6232766635964482,0.27884615384615385,0.25,0.3076923076923077,0.9354143466934852,0.9677071733467426,0.6232766635964482,5,KG_TASK_EXPLICIT
63,431,0.6225246374787998,0.26392405063291136,0.3,0.22784810126582278,0.9622504486493763,0.9811252243246882,0.6225246374787998,3,KG_TASK_EXPLICIT
63,39,0.6218028447619288,0.2673160173160173,0.2727272727272727,0.2619047619047619,0.9525793444156805,0.9762896722078402,0.6218028447619288,6,KG_TASK_EXPLICIT
65,331,0.7227401129943503,0.4454802259887006,0.4576271186440678,0.43333333333333335,0.9999999999999999,1.0,0.7227401129943503,4,KG_TASK_EXPLICIT
65,544,0.6681034482758621,0.33620689655172414,0.1724137931034483,0.5,1.0,1.0,0.6681034482758621,127,KG_TASK_EXPLICIT
65,360,0.6533264033507928,0.32552758237689744,0.1780821917808219,0.47297297297297297,0.9622504486493763,0.9811252243246882,0.6533264033507928,9,KG_TASK_EXPLICIT
65,443,0.6462905994749273,0.364406779661017,0.3389830508474576,0.3898305084745763,0.8563488385776753,0.9281744192888377,0.6462905994749273,12,KG_TASK_EXPLICIT
65,161,0.6421750992063492,0.2843501984126984,0.171875,0.3968253968253968,1.0,1.0,0.6421750992063492,4,KG_TASK_EXPLICIT
65,354,0.6379310344827587,0.27586206896551724,0.3448275862068966,0.20689655172413793,1.0,1.0,0.6379310344827587,6,KG_TASK_EXPLICIT
65,55,0.6379310344827586,0.27586206896551724,0.3275862068965517,0.22413793103448276,0.9999999999999998,0.9999999999999999,0.6379310344827586,3,KG_TASK_EXPLICIT
65,518,0.6354845490855581,0.27096909817111625,0.11940298507462686,0.4225352112676056,0.9999999999999999,1.0,0.6354845490855581,8,KG_TASK_EXPLICIT
65,117,0.6341117404017275,0.3144808743169399,0.36666666666666664,0.26229508196721313,0.9074852129730302,0.9537426064865151,0.6341117404017275,14,KG_TASK_EXPLICIT
65,576,0.6313488771788054,0.3154841588576528,0.18518518518518517,0.4457831325301205,0.8944271909999159,0.9472135954999579,0.6313488771788054,5,KG_TASK_EXPLICIT
67,474,0.7827322365046137,0.6875,0.5,0.875,0.7559289460184545,0.8779644730092273,0.7827322365046137,6,KG_TASK_EXPLICIT
67,49,0.7392734410091836,0.5166666666666666,0.3333333333333333,0.7,0.9237604307034011,0.9618802153517005,0.7392734410091836,6,KG_TASK_EXPLICIT
67,271,0.6990258511824518,0.5166666666666666,0.3333333333333333,0.7,0.7627700713964737,0.8813850356982369,0.6990258511824518,7,KG_TASK_EXPLICIT
67,479,0.6825396825396826,0.39285714285714285,0.2857142857142857,0.5,0.9444444444444444,0.9722222222222222,0.6825396825396826,9,KG_TASK_EXPLICIT
67,323,0.6607797812857538,0.35,0.2,0.5,0.9431191251430151,0.9715595625715076,0.6607797812857538,7,KG_TASK_EXPLICIT
67,411,0.6578602586479085,0.35833333333333334,0.25,0.4666666666666667,0.9147743679249676,0.9573871839624838,0.6578602586479085,16,KG_TASK_EXPLICIT
67,35,0.6534576133944792,0.33529411764705885,0.2,0.47058823529411764,0.9432422182837986,0.9716211091418994,0.6534576133944792,8,KG_TASK_EXPLICIT
67,548,0.6466911764705882,0.33088235294117646,0.25,0.4117647058823529,0.9249999999999998,0.9624999999999999,0.6466911764705882,32,KG_TASK_EXPLICIT
67,371,0.6424070664046939,0.3067226890756303,0.14285714285714285,0.47058823529411764,0.9561828874675149,0.9780914437337574,0.6424070664046939,5,KG_TASK_EXPLICIT
67,395,0.6421052631578947,0.28421052631578947,0.2,0.3684210526315789,0.9999999999999998,0.9999999999999999,0.6421052631578947,5,KG_TASK_EXPLICIT
68,85,0.5357142857142857,0.07142857142857142,0.0,0.14285714285714285,0.9999999999999998,0.9999999999999999,0.5357142857142857,5,KG_TASK_EXPLICIT
68,602,0.5178001750999893,0.08333333333333333,0.0,0.16666666666666666,0.9045340337332909,0.9522670168666454,0.5178001750999893,5,KG_TASK_EXPLICIT
68,290,0.5166666666666667,0.03333333333333333,0.0,0.06666666666666667,1.0000000000000002,1.0,0.5166666666666667,3,KG_TASK_EXPLICIT
68,250,0.5147058823529411,0.029411764705882353,0.0,0.058823529411764705,1.0,1.0,0.5147058823529411,9,KG_TASK_EXPLICIT
68,416,0.5140055734085448,0.05555555555555555,0.0,0.1111111111111111,0.944911182523068,0.972455591261534,0.5140055734085448,8,KG_TASK_EXPLICIT
68,312,0.5051020408163265,0.01020408163265306,0.0,0.02040816326530612,0.9999999999999998,0.9999999999999999,0.5051020408163265,5,KG_TASK_EXPLICIT
68,218,0.5043859649122807,0.008771929824561403,0.0,0.017543859649122806,1.0000000000000002,1.0,0.5043859649122807,3,KG_TASK_EXPLICIT
68,319,0.5024038461538461,0.004807692307692308,0.0,0.009615384615384616,1.0000000000000002,1.0,0.5024038461538461,3,KG_TASK_EXPLICIT
68,58,0.49936594646384797,0.024390243902439025,0.0,0.04878048780487805,0.9486832980505138,0.9743416490252569,0.49936594646384797,12,KG_TASK_EXPLICIT
68,246,0.4982221707313013,0.019230769230769232,0.0,0.038461538461538464,0.9544271444636666,0.9772135722318334,0.4982221707313013,10,KG_TASK_EXPLICIT
69,577,0.7997109809753042,0.703125,0.625,0.78125,0.7925939239012171,0.8962969619506085,0.7997109809753042,9,KG_TASK_EXPLICIT
69,110,0.7583813101675136,0.6294642857142857,0.5714285714285714,0.6875,0.7745966692414834,0.8872983346207417,0.7583813101675136,10,KG_TASK_EXPLICIT
69,583,0.7165063509461097,0.5,0.375,0.625,0.8660254037844387,0.9330127018922194,0.7165063509461097,3,KG_TASK_EXPLICIT
69,222,0.6803839480378089,0.49561952440550694,0.35294117647058826,0.6382978723404256,0.7302967433402214,0.8651483716701107,0.6803839480378089,10,KG_TASK_EXPLICIT
69,694,0.6681818181818182,0.4792207792207792,0.2727272727272727,0.6857142857142857,0.7142857142857142,0.8571428571428571,0.6681818181818182,7,KG_TASK_EXPLICIT
69,637,0.6647810620818029,0.421875,0.25,0.59375,0.8153742483272114,0.9076871241636058,0.6647810620818029,9,KG_TASK_EXPLICIT
69,492,0.6463020799269669,0.4400921658986175,0.42857142857142855,0.45161290322580644,0.7050239879106326,0.8525119939553163,0.6463020799269669,14,KG_TASK_EXPLICIT
69,611,0.632268747803792,0.3623376623376623,0.18181818181818182,0.5428571428571428,0.8043996665398437,0.9021998332699219,0.632268747803792,11,KG_TASK_EXPLICIT
69,679,0.6274276847086453,0.3595706618962433,0.23076923076923078,0.4883720930232558,0.7905694150420948,0.8952847075210474,0.6274276847086453,8,KG_TASK_EXPLICIT
69,711,0.6272206366603954,0.3214285714285714,0.16666666666666666,0.47619047619047616,0.8660254037844387,0.9330127018922194,0.6272206366603954,6,KG_TASK_EXPLICIT
70,278,0.72664793385558,0.7129186602870814,0.6363636363636364,0.7894736842105263,0.480754414848157,0.7403772074240785,0.72664793385558,87,KG_TASK_EXPLICIT
70,376,0.690785992311224,0.42424242424242425,0.36363636363636365,0.48484848484848486,0.9146591207600472,0.9573295603800236,0.690785992311224,12,KG_TASK_EXPLICIT
70,223,0.6783263033264209,0.38675213675213677,0.3888888888888889,0.38461538461538464,0.9398009398014098,0.9699004699007049,0.6783263033264209,29,KG_TASK_EXPLICIT
70,274,0.6694444444444444,0.45,0.4,0.5,0.7777777777777778,0.8888888888888888,0.6694444444444444,7,KG_TASK_EXPLICIT
70,62,0.6631441977411684,0.3853073463268366,0.391304347826087,0.3793103448275862,0.8819620983110005,0.9409810491555002,0.6631441977411684,41,KG_TASK_EXPLICIT
70,586,0.6421488285335415,0.3087027914614121,0.23809523809523808,0.3793103448275862,0.9511897312113418,0.9755948656056709,0.6421488285335415,16,KG_TASK_EXPLICIT
70,624,0.6249143842594115,0.3246187363834423,0.35294117647058826,0.2962962962962963,0.8504200642707612,0.9252100321353807,0.6249143842594115,5,KG_TASK_EXPLICIT
70,488,0.6209349043389825,0.4759725400457666,0.47368421052631576,0.4782608695652174,0.5317945372643964,0.7658972686321982,0.6209349043389825,137,KG_TASK_EXPLICIT
70,123,0.6203740491111808,0.2931623931623932,0.23076923076923078,0.35555555555555557,0.8951714101199365,0.9475857050599683,0.6203740491111808,32,KG_TASK_EXPLICIT
70,145,0.6179948038723597,0.2950310559006211,0.2857142857142857,0.30434782608695654,0.8819171036881969,0.9409585518440984,0.6179948038723597,67,KG_TASK_EXPLICIT
71,134,0.7190355937288493,0.4666666666666667,0.3333333333333333,0.6,0.9428090415820635,0.9714045207910318,0.7190355937288493,3,KG_TASK_EXPLICIT
71,92,0.6728367633194924,0.3742690058479532,0.2222222222222222,0.5263157894736842,0.9428090415820632,0.9714045207910316,0.6728367633194924,3,KG_TASK_EXPLICIT
71,132,0.6231481478414034,0.27489177489177485,0.09523809523809523,0.45454545454545453,0.9428090415820635,0.9714045207910318,0.6231481478414034,3,KG_TASK_EXPLICIT
71,363,0.6038011695906433,0.3742690058479532,0.2222222222222222,0.5263157894736842,0.6666666666666667,0.8333333333333334,0.6038011695906433,4,KG_TASK_EXPLICIT
71,704,0.5927272727272728,0.18545454545454548,0.09090909090909091,0.28,1.0,1.0,0.5927272727272728,4,KG_TASK_EXPLICIT
71,306,0.5908333333333333,0.18166666666666667,0.08333333333333333,0.28,1.0000000000000002,1.0,0.5908333333333333,3,KG_TASK_EXPLICIT
71,31,0.5857023411371237,0.1714046822742475,0.038461538461538464,0.30434782608695654,0.9999999999999998,0.9999999999999999,0.5857023411371237,3,KG_TASK_EXPLICIT
71,392,0.5822510822510822,0.16450216450216448,0.09090909090909091,0.23809523809523808,1.0,1.0,0.5822510822510822,4,KG_TASK_EXPLICIT
71,530,0.5819401310833123,0.21666666666666667,0.1,0.3333333333333333,0.8944271909999159,0.9472135954999579,0.5819401310833123,5,KG_TASK_EXPLICIT
71,344,0.5811781609195402,0.16235632183908047,0.08333333333333333,0.2413793103448276,1.0000000000000002,1.0,0.5811781609195402,3,KG_TASK_EXPLICIT
72,698,0.5742243077793412,0.22681159420289854,0.08695652173913043,0.36666666666666664,0.8432740427115678,0.9216370213557838,0.5742243077793412,9,KG_TASK_EXPLICIT
72,114,0.5647479035244578,0.2954192546583851,0.10869565217391304,0.48214285714285715,0.6681531047810609,0.8340765523905305,0.5647479035244578,36,KG_TASK_EXPLICIT
72,134,0.5607799179156977,0.23426150121065376,0.21428571428571427,0.2542372881355932,0.7745966692414834,0.8872983346207417,0.5607799179156977,5,KG_TASK_EXPLICIT
72,259,0.5573030493992162,0.2142857142857143,0.07142857142857142,0.35714285714285715,0.8006407690254358,0.9003203845127179,0.5573030493992162,13,KG_TASK_EXPLICIT
72,694,0.5556451612903226,0.19462365591397848,0.06666666666666667,0.3225806451612903,0.8333333333333335,0.9166666666666667,0.5556451612903226,12,KG_TASK_EXPLICIT
72,415,0.5523212278587192,0.2394940840473276,0.09302325581395349,0.38596491228070173,0.7302967433402215,0.8651483716701107,0.5523212278587192,39,KG_TASK_EXPLICIT
72,712,0.5507920244532281,0.2142857142857143,0.07142857142857142,0.35714285714285715,0.7745966692414834,0.8872983346207417,0.5507920244532281,5,KG_TASK_EXPLICIT
72,585,0.547077922077922,0.09415584415584416,0.045454545454545456,0.14285714285714285,1.0000000000000002,1.0,0.547077922077922,3,KG_TASK_EXPLICIT
72,461,0.5469444933704171,0.1948770491803279,0.11475409836065574,0.275,0.7980238751210128,0.8990119375605063,0.5469444933704171,16,KG_TASK_EXPLICIT
72,509,0.5393302538640153,0.19037037037037036,0.07407407407407407,0.30666666666666664,0.7765802747153208,0.8882901373576604,0.5393302538640153,19,KG_TASK_EXPLICIT
74,324,0.6758732005664561,0.3803418803418803,0.2222222222222222,0.5384615384615384,0.9428090415820635,0.9714045207910318,0.6758732005664561,3,KG_TASK_EXPLICIT
74,415,0.6709677419354838,0.3419354838709677,0.2,0.4838709677419355,1.0000000000000002,1.0,0.6709677419354838,3,KG_TASK_EXPLICIT
74,179,0.6680871212121212,0.33617424242424243,0.1875,0.48484848484848486,1.0000000000000002,1.0,0.6680871212121212,6,KG_TASK_EXPLICIT
74,76,0.6501501501501501,0.3003003003003003,0.2222222222222222,0.3783783783783784,1.0000000000000002,1.0,0.6501501501501501,3,KG_TASK_EXPLICIT
74,114,0.6489461642658161,0.3506787330316742,0.23076923076923078,0.47058823529411764,0.8944271909999159,0.9472135954999579,0.6489461642658161,5,KG_TASK_EXPLICIT
74,698,0.6487556561085973,0.29751131221719457,0.15384615384615385,0.4411764705882353,1.0000000000000002,1.0,0.6487556561085973,3,KG_TASK_EXPLICIT
74,441,0.6416666666666666,0.2833333333333333,0.16666666666666666,0.4,1.0,1.0,0.6416666666666666,4,KG_TASK_EXPLICIT
74,531,0.626018601780165,0.46336206896551724,0.375,0.5517241379310345,0.5773502691896258,0.7886751345948129,0.626018601780165,4,KG_TASK_EXPLICIT
74,141,0.6163758312321022,0.27984084880636606,0.07692307692307693,0.4827586206896552,0.9058216273156767,0.9529108136578384,0.6163758312321022,7,KG_TASK_EXPLICIT
74,61,0.6132935260842237,0.22658705216844752,0.08108108108108109,0.37209302325581395,1.0,1.0,0.6132935260842237,4,KG_TASK_EXPLICIT
75,510,0.7107397793640493,0.4214795587280986,0.2608695652173913,0.582089552238806,1.0,1.0,0.7107397793640493,9,KG_TASK_EXPLICIT
75,130,0.5983324793317025,0.20857142857142857,0.16,0.2571428571428571,0.9761870601839528,0.9880935300919764,0.5983324793317025,5,KG_TASK_EXPLICIT
75,53,0.5958257700570809,0.21052631578947367,0.05263157894736842,0.3684210526315789,0.9622504486493763,0.9811252243246882,0.5958257700570809,3,KG_TASK_EXPLICIT
75,247,0.5857862409007141,0.19963257807715862,0.17391304347826086,0.22535211267605634,0.9438798074485389,0.9719399037242695,0.5857862409007141,5,KG_TASK_EXPLICIT
75,23,0.5843937809935129,0.18766233766233767,0.05714285714285714,0.3181818181818182,0.9622504486493763,0.9811252243246882,0.5843937809935129,3,KG_TASK_EXPLICIT
75,606,0.5775090875075405,0.22627171215880892,0.0967741935483871,0.3557692307692308,0.8574929257125441,0.928746462856272,0.5775090875075405,5,KG_TASK_EXPLICIT
75,47,0.573610823028025,0.16185897435897437,0.11538461538461539,0.20833333333333334,0.9707253433941511,0.9853626716970756,0.573610823028025,4,KG_TASK_EXPLICIT
75,383,0.5713354199269692,0.14267083985393844,0.07407407407407407,0.2112676056338028,1.0000000000000002,1.0,0.5713354199269692,3,KG_TASK_EXPLICIT
75,200,0.5699476928075053,0.15877016129032256,0.15625,0.16129032258064516,0.9622504486493763,0.9811252243246882,0.5699476928075053,3,KG_TASK_EXPLICIT
75,255,0.5691577167008448,0.15719020907700154,0.13513513513513514,0.1792452830188679,0.9622504486493763,0.9811252243246882,0.5691577167008448,3,KG_TASK_EXPLICIT
76,184,0.7467948717948718,0.4935897435897436,0.5,0.48717948717948717,1.0,1.0,0.7467948717948718,4,KG_TASK_EXPLICIT
76,720,0.7430160901827499,0.5146276595744681,0.625,0.40425531914893614,0.9428090415820635,0.9714045207910318,0.7430160901827499,6,KG_TASK_EXPLICIT
76,324,0.7363636363636363,0.5227272727272727,0.5,0.5454545454545454,0.8999999999999998,0.95,0.7363636363636363,7,KG_TASK_EXPLICIT
76,321,0.7311005828641668,0.4722222222222222,0.4444444444444444,0.5,0.9799578870122229,0.9899789435061115,0.7311005828641668,6,KG_TASK_EXPLICIT
76,676,0.723697927836686,0.4593023255813954,0.5,0.4186046511627907,0.9761870601839528,0.9880935300919764,0.723697927836686,5,KG_TASK_EXPLICIT
76,599,0.7045860977532996,0.42380952380952375,0.3333333333333333,0.5142857142857142,0.9707253433941511,0.9853626716970756,0.7045860977532996,4,KG_TASK_EXPLICIT
76,711,0.6681818181818181,0.33636363636363636,0.2727272727272727,0.4,0.9999999999999998,0.9999999999999999,0.6681818181818181,5,KG_TASK_EXPLICIT
76,441,0.6665493473652447,0.4135254988913526,0.36363636363636365,0.4634146341463415,0.8391463916782737,0.9195731958391369,0.6665493473652447,13,KG_TASK_EXPLICIT
76,694,0.664370397191554,0.35064935064935066,0.2727272727272727,0.42857142857142855,0.9561828874675149,0.9780914437337574,0.664370397191554,7,KG_TASK_EXPLICIT
76,678,0.6603260869565217,0.32065217391304346,0.25,0.391304347826087,1.0000000000000002,1.0,0.6603260869565217,3,KG_TASK_EXPLICIT
77,104,0.4155016447368421,0.08100328947368421,0.05263157894736842,0.109375,0.4999999999999999,0.75,0.4155016447368421,3,KG_TASK_EXPLICIT
78,287,0.6346668238309097,0.29545454545454547,0.5,0.09090909090909091,0.9477582044145477,0.9738791022072739,0.6346668238309097,19,KG_TASK_EXPLICIT
78,154,0.5092592592592593,0.018518518518518517,0.0,0.037037037037037035,1.0,1.0,0.5092592592592593,4,KG_TASK_EXPLICIT
78,350,0.5013039031356658,0.13333333333333333,0.2,0.06666666666666667,0.7385489458759964,0.8692744729379982,0.5013039031356658,16,KG_TASK_EXPLICIT
78,421,0.49855889529327657,0.07548076923076924,0.038461538461538464,0.1125,0.8432740427115678,0.9216370213557838,0.49855889529327657,19,KG_TASK_EXPLICIT
78,202,0.4976813358485378,0.01,0.0,0.02,0.9707253433941511,0.9853626716970756,0.4976813358485378,8,KG_TASK_EXPLICIT
78,53,0.49416893248946225,0.012048192771084338,0.0,0.024096385542168676,0.9525793444156803,0.9762896722078401,0.49416893248946225,10,KG_TASK_EXPLICIT
78,23,0.4934741724423612,0.014492753623188406,0.0,0.028985507246376812,0.9449111825230682,0.972455591261534,0.4934741724423612,18,KG_TASK_EXPLICIT
78,695,0.49325078420535484,0.005376344086021506,0.0,0.010752688172043012,0.9622504486493763,0.9811252243246882,0.49325078420535484,3,KG_TASK_EXPLICIT
78,160,0.4926091218182058,0.008928571428571428,0.0,0.017857142857142856,0.9525793444156805,0.9762896722078402,0.4926091218182058,9,KG_TASK_EXPLICIT
78,518,0.4896085103955158,0.0078125,0.0,0.015625,0.9428090415820632,0.9714045207910316,0.4896085103955158,11,KG_TASK_EXPLICIT
79,652,0.7873397324102167,0.6648351648351649,0.7142857142857143,0.6153846153846154,0.819688599970537,0.9098442999852685,0.7873397324102167,23,KG_TASK_EXPLICIT
79,679,0.6755298746730558,0.40384615384615385,0.3076923076923077,0.5,0.8944271909999159,0.9472135954999579,0.6755298746730558,5,KG_TASK_EXPLICIT
79,154,0.6700513250425317,0.36764705882352944,0.23529411764705882,0.5,0.944911182523068,0.972455591261534,0.6700513250425317,4,KG_TASK_EXPLICIT
79,654,0.65625,0.3125,0.25,0.375,0.9999999999999998,0.9999999999999999,0.65625,6,KG_TASK_EXPLICIT
79,135,0.6496920912681783,0.34294871794871795,0.25,0.4358974358974359,0.9128709291752769,0.9564354645876385,0.6496920912681783,3,KG_TASK_EXPLICIT
79,170,0.6483539959497455,0.46474358974358976,0.4166666666666667,0.5128205128205128,0.6639288043118026,0.8319644021559013,0.6483539959497455,105,KG_TASK_EXPLICIT
79,447,0.6452640902546201,0.4369747899159664,0.2857142857142857,0.5882352941176471,0.7071067811865475,0.8535533905932737,0.6452640902546201,10,KG_TASK_EXPLICIT
79,653,0.6409686732684875,0.32967032967032966,0.42857142857142855,0.23076923076923078,0.9045340337332909,0.9522670168666454,0.6409686732684875,8,KG_TASK_EXPLICIT
79,211,0.6387239866830707,0.30115830115830117,0.14285714285714285,0.4594594594594595,0.9525793444156805,0.9762896722078402,0.6387239866830707,6,KG_TASK_EXPLICIT
79,719,0.6354398907397649,0.4097222222222222,0.375,0.4444444444444444,0.7223151185146154,0.8611575592573077,0.6354398907397649,11,KG_TASK_EXPLICIT
81,254,0.5848155698379469,0.29166666666666663,0.25,0.3333333333333333,0.7559289460184544,0.8779644730092272,0.5848155698379469,7,KG_TASK_EXPLICIT
81,18,0.5374574785652648,0.16666666666666666,0.0,0.3333333333333333,0.8164965809277259,0.9082482904638629,0.5374574785652648,3,KG_TASK_EXPLICIT
81,2,0.5223155698379469,0.16666666666666666,0.0,0.3333333333333333,0.7559289460184544,0.8779644730092272,0.5223155698379469,4,KG_TASK_EXPLICIT
81,358,0.5145362954286044,0.2,0.2,0.2,0.6581451817144176,0.8290725908572087,0.5145362954286044,16,KG_TASK_EXPLICIT
81,304,0.4933597868478998,0.023809523809523808,0.0,0.047619047619047616,0.9258200997725515,0.9629100498862757,0.4933597868478998,6,KG_TASK_EXPLICIT
81,672,0.4914472163417523,0.16666666666666666,0.0,0.3333333333333333,0.6324555320336759,0.816227766016838,0.4914472163417523,10,KG_TASK_EXPLICIT
81,607,0.47543492237468116,0.017857142857142856,0.0,0.03571428571428571,0.8660254037844387,0.9330127018922194,0.47543492237468116,3,KG_TASK_EXPLICIT
81,106,0.4697531041928629,0.006493506493506494,0.0,0.012987012987012988,0.8660254037844387,0.9330127018922194,0.4697531041928629,3,KG_TASK_EXPLICIT
81,303,0.4654877815955678,0.022727272727272728,0.0,0.045454545454545456,0.8164965809277259,0.9082482904638629,0.4654877815955678,3,KG_TASK_EXPLICIT
81,633,0.4641241452319316,0.02,0.0,0.04,0.8164965809277261,0.9082482904638631,0.4641241452319316,5,KG_TASK_EXPLICIT
82,581,0.6794818076058812,0.4375,0.5,0.375,0.8429272304235247,0.9214636152117623,0.6794818076058812,15,KG_TASK_EXPLICIT
82,516,0.6429042735974938,0.3222222222222222,0.2,0.4444444444444444,0.9271726499455307,0.9635863249727654,0.6429042735974938,18,KG_TASK_EXPLICIT
82,170,0.6331223973439066,0.3519480519480519,0.2857142857142857,0.41818181818181815,0.8285934854795229,0.9142967427397615,0.6331223973439066,42,KG_TASK_EXPLICIT
82,184,0.6187044638404742,0.3249299719887955,0.23809523809523808,0.4117647058823529,0.8249579113843055,0.9124789556921528,0.6187044638404742,7,KG_TASK_EXPLICIT
82,321,0.6076329331046312,0.2152658662092624,0.09090909090909091,0.33962264150943394,0.9999999999999998,0.9999999999999999,0.6076329331046312,4,KG_TASK_EXPLICIT
82,398,0.6075268817204301,0.2150537634408602,0.0967741935483871,0.3333333333333333,1.0000000000000002,1.0,0.6075268817204301,3,KG_TASK_EXPLICIT
82,190,0.6020421296765617,0.2326797385620915,0.17647058823529413,0.28888888888888886,0.9428090415820635,0.9714045207910318,0.6020421296765617,3,KG_TASK_EXPLICIT
82,105,0.5980508109377947,0.24153297682709446,0.09090909090909091,0.39215686274509803,0.9091372900969896,0.9545686450484948,0.5980508109377947,11,KG_TASK_EXPLICIT
82,379,0.5973571345119728,0.2586734693877551,0.15,0.3673469387755102,0.872081599272381,0.9360407996361906,0.5973571345119728,20,KG_TASK_EXPLICIT
82,46,0.5963636363636363,0.19272727272727275,0.045454545454545456,0.34,0.9999999999999998,0.9999999999999999,0.5963636363636363,5,KG_TASK_EXPLICIT
84,416,0.5912698412698413,0.18253968253968253,0.14285714285714285,0.2222222222222222,1.0,1.0,0.5912698412698413,4,KG_TASK_EXPLICIT
84,519,0.5597713097713097,0.11954261954261955,0.07692307692307693,0.16216216216216217,1.0,1.0,0.5597713097713097,4,KG_TASK_EXPLICIT
84,123,0.5272435897435898,0.05448717948717949,0.02564102564102564,0.08333333333333333,1.0000000000000002,1.0,0.5272435897435898,3,KG_TASK_EXPLICIT
84,443,0.5267857142857143,0.05357142857142857,0.0,0.10714285714285714,1.0000000000000002,1.0,0.5267857142857143,3,KG_TASK_EXPLICIT
84,309,0.5227272727272727,0.045454545454545456,0.0,0.09090909090909091,1.0000000000000002,1.0,0.5227272727272727,3,KG_TASK_EXPLICIT
84,76,0.5214285714285715,0.04285714285714286,0.0,0.08571428571428572,1.0000000000000002,1.0,0.5214285714285715,3,KG_TASK_EXPLICIT
84,515,0.5192307692307693,0.038461538461538464,0.0,0.07692307692307693,1.0000000000000002,1.0,0.5192307692307693,3,KG_TASK_EXPLICIT
84,288,0.5147058823529411,0.029411764705882353,0.0,0.058823529411764705,1.0000000000000002,1.0,0.5147058823529411,3,KG_TASK_EXPLICIT
84,145,0.5125,0.025,0.0,0.05,0.9999999999999998,0.9999999999999999,0.5125,5,KG_TASK_EXPLICIT
84,334,0.5097402597402597,0.01948051948051948,0.0,0.03896103896103896,1.0000000000000002,1.0,0.5097402597402597,3,KG_TASK_EXPLICIT
85,602,0.7798115027705868,0.5833333333333333,0.5,0.6666666666666666,0.9525793444156805,0.9762896722078402,0.7798115027705868,6,KG_TASK_EXPLICIT
85,476,0.5901657414559676,0.25,0.0,0.5,0.8606629658238704,0.9303314829119351,0.5901657414559676,6,KG_TASK_EXPLICIT
85,250,0.575624623293872,0.1778846153846154,0.125,0.23076923076923078,0.9467292624062573,0.9733646312031287,0.575624623293872,15,KG_TASK_EXPLICIT
85,189,0.5695611289641004,0.16666666666666666,0.0,0.3333333333333333,0.944911182523068,0.972455591261534,0.5695611289641004,4,KG_TASK_EXPLICIT
85,457,0.5563371179857438,0.1380952380952381,0.14285714285714285,0.13333333333333333,0.949157995752499,0.9745789978762496,0.5563371179857438,19,KG_TASK_EXPLICIT
85,68,0.5357142857142857,0.07142857142857142,0.0,0.14285714285714285,0.9999999999999998,0.9999999999999999,0.5357142857142857,5,KG_TASK_EXPLICIT
85,156,0.5325057882114914,0.11858974358974358,0.08333333333333333,0.15384615384615385,0.8928436656664787,0.9464218328332393,0.5325057882114914,18,KG_TASK_EXPLICIT
85,208,0.5178255864173903,0.06130952380952381,0.047619047619047616,0.075,0.9486832980505138,0.9743416490252569,0.5178255864173903,4,KG_TASK_EXPLICIT
85,218,0.5156074821945691,0.056873315363881405,0.05714285714285714,0.05660377358490566,0.9486832980505138,0.9743416490252569,0.5156074821945691,5,KG_TASK_EXPLICIT
85,246,0.5151713782148565,0.043478260869565216,0.0,0.08695652173913043,0.9737289911202953,0.9868644955601477,0.5151713782148565,15,KG_TASK_EXPLICIT
86,637,0.7467948717948718,0.4935897435897436,0.3333333333333333,0.6538461538461539,1.0000000000000002,1.0,0.7467948717948718,4,KG_TASK_EXPLICIT
86,681,0.7465277777777778,0.4930555555555556,0.375,0.6111111111111112,1.0,1.0,0.7465277777777778,5,KG_TASK_EXPLICIT
86,324,0.7324999999999999,0.465,0.25,0.68,0.9999999999999998,0.9999999999999999,0.7324999999999999,5,KG_TASK_EXPLICIT
86,674,0.7021409599621168,0.4261904761904762,0.2857142857142857,0.5666666666666667,0.9561828874675149,0.9780914437337574,0.7021409599621168,5,KG_TASK_EXPLICIT
86,611,0.689278104206115,0.40421455938697315,0.2222222222222222,0.5862068965517241,0.9486832980505138,0.9743416490252569,0.689278104206115,4,KG_TASK_EXPLICIT
86,443,0.6858098924646286,0.39533011272141705,0.08695652173913043,0.7037037037037037,0.9525793444156805,0.9762896722078402,0.6858098924646286,6,KG_TASK_EXPLICIT
86,531,0.6856216916098046,0.4083333333333333,0.25,0.5666666666666667,0.9258200997725515,0.9629100498862757,0.6856216916098046,5,KG_TASK_EXPLICIT
86,676,0.6839285714285714,0.3678571428571429,0.25,0.4857142857142857,1.0000000000000002,1.0,0.6839285714285714,4,KG_TASK_EXPLICIT
86,415,0.6811075713682369,0.38530465949820786,0.2222222222222222,0.5483870967741935,0.9538209664765318,0.9769104832382659,0.6811075713682369,7,KG_TASK_EXPLICIT
86,467,0.6725070566067886,0.36388888888888893,0.2,0.5277777777777778,0.9622504486493763,0.9811252243246882,0.6725070566067886,3,KG_TASK_EXPLICIT
87,105,0.724893758786967,0.4653061224489796,0.4,0.5306122448979592,0.968962790249909,0.9844813951249545,0.724893758786967,9,KG_TASK_EXPLICIT
87,267,0.6786940624973337,0.3849325337331334,0.30434782608695654,0.46551724137931033,0.944911182523068,0.972455591261534,0.6786940624973337,4,KG_TASK_EXPLICIT
87,321,0.6743861415741088,0.36764705882352944,0.23529411764705882,0.5,0.9622504486493763,0.9811252243246882,0.6743861415741088,3,KG_TASK_EXPLICIT
87,184,0.6706088411148137,0.3696581196581197,0.2777777777777778,0.46153846153846156,0.9431191251430151,0.9715595625715076,0.6706088411148137,7,KG_TASK_EXPLICIT
87,674,0.6596200980392157,0.31924019607843135,0.1875,0.45098039215686275,1.0000000000000002,1.0,0.6596200980392157,3,KG_TASK_EXPLICIT
87,518,0.6552459706230976,0.33240049751243783,0.2916666666666667,0.373134328358209,0.9561828874675149,0.9780914437337574,0.6552459706230976,7,KG_TASK_EXPLICIT
87,114,0.644110275689223,0.2882205513784461,0.19047619047619047,0.38596491228070173,0.9999999999999998,0.9999999999999999,0.644110275689223,10,KG_TASK_EXPLICIT
87,288,0.6415995975855131,0.28319919517102615,0.21428571428571427,0.352112676056338,1.0,1.0,0.6415995975855131,4,KG_TASK_EXPLICIT
87,53,0.6375566008098025,0.2988235294117647,0.28,0.3176470588235294,0.9525793444156805,0.9762896722078402,0.6375566008098025,6,KG_TASK_EXPLICIT
87,678,0.6372600305786409,0.300178412132025,0.21052631578947367,0.3898305084745763,0.9486832980505138,0.9743416490252569,0.6372600305786409,5,KG_TASK_EXPLICIT
88,411,0.8596690510862431,0.8125,0.75,0.875,0.8136762043449725,0.9068381021724863,0.8596690510862431,27,KG_TASK_EXPLICIT
88,130,0.7316116989641211,0.5684523809523809,0.375,0.7619047619047619,0.7895420339517228,0.8947710169758614,0.7316116989641211,15,KG_TASK_EXPLICIT
88,601,0.7075380561992597,0.5277777777777778,0.3333333333333333,0.7222222222222222,0.7745966692414834,0.8872983346207417,0.7075380561992597,3,KG_TASK_EXPLICIT
88,89,0.7046483092053952,0.4849624060150376,0.2857142857142857,0.6842105263157895,0.8486684247915056,0.9243342123957528,0.7046483092053952,8,KG_TASK_EXPLICIT
88,303,0.7037251366128039,0.47101449275362317,0.3333333333333333,0.6086956521739131,0.8728715609439696,0.9364357804719847,0.7037251366128039,4,KG_TASK_EXPLICIT
88,635,0.6841094569415369,0.5375,0.375,0.7,0.6614378277661476,0.8307189138830737,0.6841094569415369,11,KG_TASK_EXPLICIT
88,479,0.6825741858350554,0.5,0.2222222222222222,0.7777777777777778,0.7302967433402214,0.8651483716701107,0.6825741858350554,9,KG_TASK_EXPLICIT
88,439,0.6791625782394627,0.3858695652173913,0.25,0.5217391304347826,0.944911182523068,0.972455591261534,0.6791625782394627,4,KG_TASK_EXPLICIT
88,618,0.6774151785963964,0.47794117647058826,0.25,0.7058823529411765,0.753778361444409,0.8768891807222046,0.6774151785963964,8,KG_TASK_EXPLICIT
88,418,0.6773641842790366,0.5166666666666666,0.3333333333333333,0.7,0.6761234037828132,0.8380617018914066,0.6773641842790366,16,KG_TASK_EXPLICIT
89,648,0.7738095238095237,0.5476190476190476,0.42857142857142855,0.6666666666666666,1.0000000000000002,1.0,0.7738095238095237,3,KG_TASK_EXPLICIT
89,558,0.7344677322938192,0.5125,0.4,0.625,0.9128709291752769,0.9564354645876385,0.7344677322938192,4,KG_TASK_EXPLICIT
89,618,0.7285539215686275,0.5404411764705883,0.375,0.7058823529411765,0.8333333333333335,0.9166666666666667,0.7285539215686275,3,KG_TASK_EXPLICIT
89,583,0.7225274725274725,0.44505494505494503,0.42857142857142855,0.46153846153846156,1.0000000000000002,1.0,0.7225274725274725,3,KG_TASK_EXPLICIT
89,506,0.7197292788290107,0.4583333333333333,0.25,0.6666666666666666,0.9622504486493763,0.9811252243246882,0.7197292788290107,3,KG_TASK_EXPLICIT
89,411,0.7179209813386582,0.45614035087719296,0.3333333333333333,0.5789473684210527,0.9594032236002469,0.9797016118001234,0.7179209813386582,5,KG_TASK_EXPLICIT
89,418,0.7173814314999092,0.4523809523809524,0.2857142857142857,0.6190476190476191,0.9647638212377322,0.982381910618866,0.7173814314999092,4,KG_TASK_EXPLICIT
89,625,0.7058403899401219,0.4305555555555556,0.25,0.6111111111111112,0.9622504486493763,0.9811252243246882,0.7058403899401219,3,KG_TASK_EXPLICIT
89,88,0.7046483092053952,0.4849624060150376,0.2857142857142857,0.6842105263157895,0.8486684247915056,0.9243342123957528,0.7046483092053952,8,KG_TASK_EXPLICIT
89,264,0.7033362380464631,0.4323308270676692,0.2857142857142857,0.5789473684210527,0.9486832980505138,0.9743416490252569,0.7033362380464631,4,KG_TASK_EXPLICIT
91,290,0.6511007911936704,0.413312693498452,0.35294117647058826,0.47368421052631576,0.7777777777777778,0.8888888888888888,0.6511007911936704,9,KG_TASK_EXPLICIT
91,380,0.6171140882624316,0.2625,0.125,0.4,0.9434563530497265,0.9717281765248633,0.6171140882624316,7,KG_TASK_EXPLICIT
91,316,0.6095862455774687,0.2883522727272727,0.28125,0.29545454545454547,0.8616404368553292,0.9308202184276646,0.6095862455774687,12,KG_TASK_EXPLICIT
91,228,0.6080041578459617,0.24166666666666664,0.15,0.3333333333333333,0.9486832980505138,0.9743416490252569,0.6080041578459617,6,KG_TASK_EXPLICIT
91,713,0.6068726752541063,0.25555555555555554,0.1111111111111111,0.4,0.9163795899053139,0.958189794952657,0.6068726752541063,11,KG_TASK_EXPLICIT
91,41,0.606290807477108,0.24064171122994654,0.11764705882352941,0.36363636363636365,0.9438798074485388,0.9719399037242694,0.606290807477108,10,KG_TASK_EXPLICIT
91,286,0.5928366956771317,0.2815614617940199,0.21428571428571427,0.3488372093023256,0.8082238591204871,0.9041119295602436,0.5928366956771317,16,KG_TASK_EXPLICIT
91,345,0.5870535714285714,0.17410714285714285,0.0625,0.2857142857142857,1.0000000000000002,1.0,0.5870535714285714,3,KG_TASK_EXPLICIT
91,500,0.5865941009192188,0.19348659003831417,0.1111111111111111,0.27586206896551724,0.9594032236002469,0.9797016118001234,0.5865941009192188,11,KG_TASK_EXPLICIT
91,218,0.5856366309577878,0.19318181818181818,0.13636363636363635,0.25,0.9561828874675149,0.9780914437337574,0.5856366309577878,5,KG_TASK_EXPLICIT
92,543,0.7871708245126284,0.6,0.5,0.7,0.9486832980505138,0.9743416490252569,0.7871708245126284,3,KG_TASK_EXPLICIT
92,198,0.6762820512820512,0.35256410256410253,0.16666666666666666,0.5384615384615384,0.9999999999999998,0.9999999999999999,0.6762820512820512,4,KG_TASK_EXPLICIT
92,71,0.6728367633194924,0.3742690058479532,0.2222222222222222,0.5263157894736842,0.9428090415820632,0.9714045207910316,0.6728367633194924,3,KG_TASK_EXPLICIT
92,501,0.6445248788027393,0.3881578947368421,0.25,0.5263157894736842,0.8017837257372731,0.9008918628686365,0.6445248788027393,4,KG_TASK_EXPLICIT
92,176,0.6382575757575758,0.4431818181818182,0.25,0.6363636363636364,0.6666666666666667,0.8333333333333334,0.6382575757575758,6,KG_TASK_EXPLICIT
92,590,0.6333333333333333,0.26666666666666666,0.2,0.3333333333333333,1.0,1.0,0.6333333333333333,3,KG_TASK_EXPLICIT
92,654,0.6111111111111112,0.2222222222222222,0.1111111111111111,0.3333333333333333,1.0,1.0,0.6111111111111112,3,KG_TASK_EXPLICIT
92,155,0.5969620609078736,0.24671052631578946,0.125,0.3684210526315789,0.8944271909999159,0.9472135954999579,0.5969620609078736,11,KG_TASK_EXPLICIT
92,314,0.5762239761513291,0.15985576923076922,0.038461538461538464,0.28125,0.985184366143778,0.992592183071889,0.5762239761513291,12,KG_TASK_EXPLICIT
92,112,0.5722217015510451,0.15454545454545454,0.06666666666666667,0.24242424242424243,0.9797958971132713,0.9898979485566357,0.5722217015510451,10,KG_TASK_EXPLICIT
93,566,0.5378469547164993,0.125,0.25,0.0,0.9013878188659974,0.9506939094329987,0.5378469547164993,7,KG_TASK_EXPLICIT
93,347,0.5263157894736842,0.05263157894736842,0.0,0.10526315789473684,1.0,1.0,0.5263157894736842,3,KG_TASK_EXPLICIT
93,335,0.525,0.05,0.0,0.1,1.0000000000000002,1.0,0.525,3,KG_TASK_EXPLICIT
93,318,0.5208333333333333,0.08333333333333333,0.16666666666666666,0.0,0.9166666666666666,0.9583333333333333,0.5208333333333333,6,KG_TASK_EXPLICIT
93,637,0.52,0.04,0.0,0.08,1.0000000000000002,1.0,0.52,4,KG_TASK_EXPLICIT
93,46,0.5192307692307693,0.038461538461538464,0.0,0.07692307692307693,1.0000000000000002,1.0,0.5192307692307693,3,KG_TASK_EXPLICIT
93,224,0.5171140882624317,0.0625,0.125,0.0,0.9434563530497265,0.9717281765248633,0.5171140882624317,4,KG_TASK_EXPLICIT
93,213,0.5151515151515151,0.030303030303030304,0.0,0.06060606060606061,1.0000000000000002,1.0,0.5151515151515151,3,KG_TASK_EXPLICIT
93,676,0.5147058823529411,0.029411764705882353,0.0,0.058823529411764705,1.0,1.0,0.5147058823529411,5,KG_TASK_EXPLICIT
93,681,0.5125,0.025,0.0,0.05,1.0000000000000002,1.0,0.5125,4,KG_TASK_EXPLICIT
95,550,0.8069621277075744,0.6620553359683794,0.45454545454545453,0.8695652173913043,0.9037378388935388,0.9518689194467693,0.8069621277075744,10,KG_TASK_EXPLICIT
95,164,0.7094791120981208,0.46372549019607845,0.3,0.6274509803921569,0.9104654680003258,0.955232734000163,0.7094791120981208,10,KG_TASK_EXPLICIT
95,195,0.6795774705430684,0.4336734693877551,0.21428571428571427,0.6530612244897959,0.8509629433967633,0.9254814716983817,0.6795774705430684,13,KG_TASK_EXPLICIT
95,305,0.6721168019018201,0.3791526239768897,0.16129032258064516,0.5970149253731343,0.9301619596535009,0.9650809798267505,0.6721168019018201,34,KG_TASK_EXPLICIT
95,43,0.6663499123200478,0.3602442333785617,0.2727272727272727,0.44776119402985076,0.944911182523068,0.972455591261534,0.6663499123200478,4,KG_TASK_EXPLICIT
95,320,0.6593552820616688,0.3625,0.25,0.475,0.9124211282466754,0.9562105641233377,0.6593552820616688,8,KG_TASK_EXPLICIT
95,508,0.6321308318240872,0.2928571428571428,0.2857142857142857,0.3,0.9428090415820634,0.9714045207910317,0.6321308318240872,12,KG_TASK_EXPLICIT
95,364,0.621992253084057,0.2696428571428572,0.2,0.3392857142857143,0.9486832980505138,0.9743416490252569,0.621992253084057,4,KG_TASK_EXPLICIT
95,752,0.6155626121623441,0.25,0.25,0.25,0.9622504486493763,0.9811252243246882,0.6155626121623441,9,KG_TASK_EXPLICIT
95,506,0.6155177434301615,0.23863636363636365,0.25,0.22727272727272727,0.9847982464479191,0.9923991232239595,0.6155177434301615,8,KG_TASK_EXPLICIT
96,139,0.5951140251013982,0.2188235294117647,0.11764705882352941,0.32,0.9428090415820635,0.9714045207910318,0.5951140251013982,3,KG_TASK_EXPLICIT
96,259,0.5734126984126984,0.1468253968253968,0.07142857142857142,0.2222222222222222,1.0,1.0,0.5734126984126984,4,KG_TASK_EXPLICIT
96,463,0.5409043589486522,0.13986697965571204,0.1388888888888889,0.14084507042253522,0.8838834764831843,0.9419417382415922,0.5409043589486522,5,KG_TASK_EXPLICIT
96,477,0.533948211411226,0.13488372093023257,0.2,0.06976744186046512,0.8660254037844387,0.9330127018922194,0.533948211411226,5,KG_TASK_EXPLICIT
96,51,0.5296735957813821,0.15109890109890112,0.07142857142857142,0.23076923076923078,0.8164965809277259,0.9082482904638629,0.5296735957813821,3,KG_TASK_EXPLICIT
96,114,0.5221491228070176,0.12763157894736843,0.10526315789473684,0.15,0.8333333333333335,0.9166666666666667,0.5221491228070176,7,KG_TASK_EXPLICIT
96,520,0.5177085293517105,0.0882034632034632,0.045454545454545456,0.13095238095238096,0.8944271909999159,0.9472135954999579,0.5177085293517105,3,KG_TASK_EXPLICIT
96,507,0.5147058823529411,0.029411764705882353,0.0,0.058823529411764705,1.0,1.0,0.5147058823529411,4,KG_TASK_EXPLICIT
96,239,0.5086206896551724,0.017241379310344827,0.0,0.034482758620689655,1.0,1.0,0.5086206896551724,4,KG_TASK_EXPLICIT
96,71,0.508578431372549,0.18382352941176472,0.11764705882352941,0.25,0.6666666666666667,0.8333333333333334,0.508578431372549,4,KG_TASK_EXPLICIT
97,277,0.5550518530116921,0.3214285714285714,0.14285714285714285,0.5,0.5773502691896258,0.7886751345948129,0.5550518530116921,6,KG_TASK_EXPLICIT
97,190,0.5412280701754386,0.4157894736842105,0.2,0.631578947368421,0.33333333333333337,0.6666666666666667,0.5412280701754386,3,KG_TASK_EXPLICIT
97,16,0.49122463419232043,0.27832512315270935,0.14285714285714285,0.41379310344827586,0.4082482904638631,0.7041241452319316,0.49122463419232043,6,KG_TASK_EXPLICIT
97,351,0.484545661377424,0.09981684981684981,0.07142857142857142,0.1282051282051282,0.7385489458759965,0.8692744729379982,0.484545661377424,8,KG_TASK_EXPLICIT
97,512,0.46900509761288395,0.02976190476190476,0.0,0.05952380952380952,0.8164965809277261,0.9082482904638631,0.46900509761288395,3,KG_TASK_EXPLICIT
97,504,0.46216768582888934,0.037037037037037035,0.0,0.07407407407407407,0.7745966692414834,0.8872983346207417,0.46216768582888934,3,KG_TASK_EXPLICIT
97,440,0.44340320378650616,0.3114285714285714,0.14285714285714285,0.48,0.15075567228888181,0.5753778361444409,0.44340320378650616,8,KG_TASK_EXPLICIT
97,252,0.4384065276059958,0.4,0.2,0.6,-0.04637388957601683,0.4768130552119916,0.4384065276059958,12,KG_TASK_EXPLICIT
97,218,0.4326042143838754,0.11520842876775081,0.02702702702702703,0.2033898305084746,0.5,0.75,0.4326042143838754,4,KG_TASK_EXPLICIT
97,92,0.42433756729740646,0.06,0.0,0.12,0.5773502691896258,0.7886751345948129,0.42433756729740646,3,KG_TASK_EXPLICIT
98,518,0.6675566008098025,0.3588235294117647,0.23529411764705882,0.4823529411764706,0.9525793444156805,0.9762896722078402,0.6675566008098025,9,KG_TASK_EXPLICIT
98,446,0.6524934051577898,0.33064516129032256,0.16129032258064516,0.5,0.9486832980505138,0.9743416490252569,0.6524934051577898,6,KG_TASK_EXPLICIT
98,249,0.6400161462691838,0.31093519882179677,0.17857142857142858,0.44329896907216493,0.9381941874331419,0.9690970937165709,0.6400161462691838,9,KG_TASK_EXPLICIT
98,438,0.6274064441833415,0.27368766404199474,0.21666666666666667,0.33070866141732286,0.9622504486493763,0.9811252243246882,0.6274064441833415,3,KG_TASK_EXPLICIT
98,317,0.6251430795761783,0.27495908346972175,0.23076923076923078,0.3191489361702128,0.9506541513652698,0.9753270756826349,0.6251430795761783,5,KG_TASK_EXPLICIT
98,106,0.6235808650958512,0.26603650586701433,0.18461538461538463,0.3474576271186441,0.9622504486493763,0.9811252243246882,0.6235808650958512,3,KG_TASK_EXPLICIT
98,53,0.6232915091902292,0.32400589101620025,0.14285714285714285,0.5051546391752577,0.8451542547285165,0.9225771273642582,0.6232915091902292,8,KG_TASK_EXPLICIT
98,510,0.6196511627906977,0.23930232558139536,0.06,0.4186046511627907,1.0000000000000002,1.0,0.6196511627906977,3,KG_TASK_EXPLICIT
98,188,0.619265913830761,0.30771160923385743,0.2786885245901639,0.336734693877551,0.8616404368553292,0.9308202184276646,0.619265913830761,12,KG_TASK_EXPLICIT
98,288,0.6182107496463932,0.2364214992927864,0.18571428571428572,0.2871287128712871,1.0000000000000002,1.0,0.6182107496463932,3,KG_TASK_EXPLICIT
99,381,0.6216997831158034,0.4356060606060606,0.45454545454545453,0.4166666666666667,0.6155870112510924,0.8077935056255462,0.6216997831158034,46,KG_TASK_EXPLICIT
99,262,0.5913363651955414,0.41428571428571426,0.42857142857142855,0.4,0.536774032210737,0.7683870161053685,0.5913363651955414,70,KG_TASK_EXPLICIT
99,142,0.5619570866503422,0.1525096525096525,0.16216216216216217,0.14285714285714285,0.9428090415820635,0.9714045207910318,0.5619570866503422,6,KG_TASK_EXPLICIT
99,396,0.5559560417836558,0.2036637931034483,0.0625,0.3448275862068966,0.8164965809277261,0.9082482904638631,0.5559560417836558,6,KG_TASK_EXPLICIT
99,382,0.5504850129147035,0.39015151515151514,0.36363636363636365,0.4166666666666667,0.4216370213557839,0.7108185106778919,0.5504850129147035,45,KG_TASK_EXPLICIT
99,211,0.5467374164146591,0.16046213093709885,0.05263157894736842,0.2682926829268293,0.8660254037844387,0.9330127018922194,0.5467374164146591,4,KG_TASK_EXPLICIT
99,494,0.5364443073393276,0.1646403242147923,0.09523809523809523,0.23404255319148937,0.8164965809277259,0.9082482904638629,0.5364443073393276,5,KG_TASK_EXPLICIT
99,48,0.5324208570061912,0.3033088235294118,0.29411764705882354,0.3125,0.5230657809659415,0.7615328904829708,0.5324208570061912,82,KG_TASK_EXPLICIT
99,222,0.5283961229211297,0.3331854480922804,0.21739130434782608,0.4489795918367347,0.4472135954999579,0.7236067977499789,0.5283961229211297,5,KG_TASK_EXPLICIT
99,331,0.5185398437690762,0.10406698564593302,0.02631578947368421,0.18181818181818182,0.8660254037844387,0.9330127018922194,0.5185398437690762,3,KG_TASK_EXPLICIT
100,312,0.6897732224565534,0.39418377321603126,0.25806451612903225,0.5303030303030303,0.9707253433941511,0.9853626716970756,0.6897732224565534,4,KG_TASK_EXPLICIT
100,57,0.6564102564102564,0.3128205128205128,0.19230769230769232,0.43333333333333335,1.0,1.0,0.6564102564102564,4,KG_TASK_EXPLICIT
100,519,0.6553224374771114,0.3652094717668488,0.2222222222222222,0.5081967213114754,0.8908708063747479,0.945435403187374,0.6553224374771114,14,KG_TASK_EXPLICIT
100,244,0.6512298874562628,0.3200778642936596,0.1724137931034483,0.46774193548387094,0.9647638212377322,0.982381910618866,0.6512298874562628,10,KG_TASK_EXPLICIT
100,202,0.6501694915254237,0.30033898305084744,0.16,0.4406779661016949,0.9999999999999998,0.9999999999999999,0.6501694915254237,5,KG_TASK_EXPLICIT
100,188,0.6494182992601032,0.3244949494949495,0.20454545454545456,0.4444444444444444,0.9486832980505138,0.9743416490252569,0.6494182992601032,6,KG_TASK_EXPLICIT
100,213,0.6441570881226053,0.2883141762452107,0.1111111111111111,0.46551724137931033,1.0000000000000002,1.0,0.6441570881226053,6,KG_TASK_EXPLICIT
100,222,0.6406185139061851,0.28123702781237025,0.15151515151515152,0.410958904109589,0.9999999999999998,0.9999999999999999,0.6406185139061851,5,KG_TASK_EXPLICIT
100,166,0.6365735967921617,0.32407407407407407,0.14814814814814814,0.5,0.8981462390204985,0.9490731195102493,0.6365735967921617,10,KG_TASK_EXPLICIT
100,705,0.6347481021394065,0.26949620427881293,0.17391304347826086,0.36507936507936506,1.0000000000000002,1.0,0.6347481021394065,6,KG_TASK_EXPLICIT
101,200,0.7975932790213407,0.7062643239113827,0.5294117647058824,0.8831168831168831,0.7778444682625973,0.8889222341312987,0.7975932790213407,9,KG_TASK_EXPLICIT
101,526,0.6904523795916813,0.4642857142857143,0.35714285714285715,0.5714285714285714,0.8332380897952963,0.9166190448976481,0.6904523795916813,13,KG_TASK_EXPLICIT
101,678,0.6846299408062203,0.4610115911485774,0.5384615384615384,0.3835616438356164,0.8164965809277261,0.9082482904638631,0.6846299408062203,4,KG_TASK_EXPLICIT
101,50,0.6823347640610783,0.3835443037974684,0.4,0.3670886075949367,0.9622504486493763,0.9811252243246882,0.6823347640610783,6,KG_TASK_EXPLICIT
101,709,0.6794342149369462,0.3881118881118881,0.23076923076923078,0.5454545454545454,0.9415130835240085,0.9707565417620043,0.6794342149369462,13,KG_TASK_EXPLICIT
101,222,0.6700045859769113,0.36860465116279073,0.4,0.3372093023255814,0.9428090415820635,0.9714045207910318,0.6700045859769113,3,KG_TASK_EXPLICIT
101,679,0.6658214194392604,0.39863013698630134,0.4,0.3972602739726027,0.8660254037844387,0.9330127018922194,0.6658214194392604,6,KG_TASK_EXPLICIT
101,698,0.6648735272153312,0.35540540540540544,0.4,0.3108108108108108,0.9486832980505138,0.9743416490252569,0.6648735272153312,4,KG_TASK_EXPLICIT
101,595,0.6639684639597133,0.4659755449229133,0.3157894736842105,0.6161616161616161,0.7239227659930269,0.8619613829965134,0.6639684639597133,14,KG_TASK_EXPLICIT
101,676,0.6637059122319267,0.35307017543859653,0.4166666666666667,0.2894736842105263,0.9486832980505138,0.9743416490252569,0.6637059122319267,4,KG_TASK_EXPLICIT
102,502,0.5888157894736842,0.17763157894736842,0.25,0.10526315789473684,0.9999999999999998,0.9999999999999999,0.5888157894736842,4,KG_TASK_EXPLICIT
102,371,0.5792514489853253,0.22549019607843135,0.3333333333333333,0.11764705882352941,0.8660254037844387,0.9330127018922194,0.5792514489853253,4,KG_TASK_EXPLICIT
102,152,0.5620300751879699,0.12406015037593984,0.14285714285714285,0.10526315789473684,1.0000000000000002,1.0,0.5620300751879699,3,KG_TASK_EXPLICIT
102,440,0.5415892538903299,0.13596491228070173,0.16666666666666666,0.10526315789473684,0.894427190999916,0.947213595499958,0.5415892538903299,9,KG_TASK_EXPLICIT
102,45,0.5194954813808923,0.10597826086956522,0.125,0.08695652173913043,0.8660254037844386,0.9330127018922193,0.5194954813808923,8,KG_TASK_EXPLICIT
102,447,0.5086206896551724,0.017241379310344827,0.0,0.034482758620689655,1.0000000000000002,1.0,0.5086206896551724,4,KG_TASK_EXPLICIT
102,446,0.5035211267605634,0.007042253521126761,0.0,0.014084507042253521,0.9999999999999998,0.9999999999999999,0.5035211267605634,3,KG_TASK_EXPLICIT
102,153,0.49505966443614075,0.18333333333333335,0.2,0.16666666666666666,0.6135719910778963,0.8067859955389481,0.49505966443614075,9,KG_TASK_EXPLICIT
102,478,0.49083049443828064,0.0734126984126984,0.1111111111111111,0.03571428571428571,0.8164965809277259,0.9082482904638629,0.49083049443828064,4,KG_TASK_EXPLICIT
102,186,0.4872820399687737,0.06631578947368422,0.08,0.05263157894736842,0.8164965809277261,0.9082482904638631,0.4872820399687737,6,KG_TASK_EXPLICIT
103,686,0.676974838191933,0.43137254901960786,0.3333333333333333,0.5294117647058824,0.8451542547285165,0.9225771273642582,0.676974838191933,4,KG_TASK_EXPLICIT
103,717,0.6678952398349987,0.4027777777777778,0.25,0.5555555555555556,0.8660254037844387,0.9330127018922194,0.6678952398349987,4,KG_TASK_EXPLICIT
103,496,0.6164680330184271,0.5547619047619048,0.3,0.8095238095238095,0.3563483225498992,0.6781741612749496,0.6164680330184271,12,KG_TASK_EXPLICIT
103,256,0.613170756448926,0.4695652173913043,0.2,0.7391304347826086,0.5135525910130955,0.7567762955065478,0.613170756448926,27,KG_TASK_EXPLICIT
103,604,0.6093864709218315,0.24736842105263157,0.1,0.39473684210526316,0.9428090415820632,0.9714045207910316,0.6093864709218315,3,KG_TASK_EXPLICIT
103,488,0.6087471596507239,0.506578947368421,0.2631578947368421,0.75,0.42183074386605374,0.7109153719330269,0.6087471596507239,45,KG_TASK_EXPLICIT
103,341,0.6061594202898551,0.2956521739130435,0.2,0.391304347826087,0.8333333333333334,0.9166666666666667,0.6061594202898551,4,KG_TASK_EXPLICIT
103,601,0.6039752542668926,0.32065217391304346,0.25,0.391304347826087,0.7745966692414834,0.8872983346207417,0.6039752542668926,3,KG_TASK_EXPLICIT
103,673,0.5988511266977368,0.46590909090909094,0.18181818181818182,0.75,0.4635863249727653,0.7317931624863827,0.5988511266977368,15,KG_TASK_EXPLICIT
103,593,0.5978699465311501,0.3084415584415584,0.07142857142857142,0.5454545454545454,0.7745966692414834,0.8872983346207417,0.5978699465311501,12,KG_TASK_EXPLICIT
104,726,0.6506448361039201,0.325,0.25,0.4,0.9525793444156805,0.9762896722078402,0.6506448361039201,6,KG_TASK_EXPLICIT
104,396,0.621081344040428,0.26587301587301587,0.14285714285714285,0.3888888888888889,0.9525793444156805,0.9762896722078402,0.621081344040428,6,KG_TASK_EXPLICIT
104,51,0.6038374911792951,0.23333333333333334,0.16666666666666666,0.3,0.9486832980505138,0.9743416490252569,0.6038374911792951,5,KG_TASK_EXPLICIT
104,448,0.5998928556927284,0.3557692307692308,0.25,0.46153846153846156,0.6880329612324521,0.844016480616226,0.5998928556927284,31,KG_TASK_EXPLICIT
104,483,0.5991219258576685,0.23636363636363636,0.2,0.2727272727272727,0.9237604307034013,0.9618802153517007,0.5991219258576685,7,KG_TASK_EXPLICIT
104,462,0.5969383123204268,0.27647058823529413,0.2,0.35294117647058826,0.834812072811119,0.9174060364055595,0.5969383123204268,13,KG_TASK_EXPLICIT
104,559,0.5950772603955159,0.21875,0.0,0.4375,0.9428090415820634,0.9714045207910317,0.5950772603955159,6,KG_TASK_EXPLICIT
104,618,0.593128081711735,0.24789915966386555,0.14285714285714285,0.35294117647058826,0.8767140075192092,0.9383570037596046,0.593128081711735,12,KG_TASK_EXPLICIT
104,601,0.5877848343845663,0.19444444444444445,0.0,0.3888888888888889,0.9622504486493763,0.9811252243246882,0.5877848343845663,3,KG_TASK_EXPLICIT
104,128,0.587280701754386,0.2578947368421053,0.2,0.3157894736842105,0.8333333333333334,0.9166666666666667,0.587280701754386,6,KG_TASK_EXPLICIT
105,184,0.7493594742879597,0.521505376344086,0.3333333333333333,0.7096774193548387,0.9544271444636666,0.9772135722318334,0.7493594742879597,7,KG_TASK_EXPLICIT
105,87,0.724893758786967,0.4653061224489796,0.4,0.5306122448979592,0.968962790249909,0.9844813951249545,0.724893758786967,9,KG_TASK_EXPLICIT
105,583,0.7,0.4,0.2,0.6,1.0000000000000002,1.0,0.7,3,KG_TASK_EXPLICIT
105,609,0.6872398587283546,0.3981900452488688,0.38461538461538464,0.4117647058823529,0.9525793444156805,0.9762896722078402,0.6872398587283546,9,KG_TASK_EXPLICIT
105,611,0.6830373092221997,0.3897849462365591,0.16666666666666666,0.6129032258064516,0.9525793444156805,0.9762896722078402,0.6830373092221997,6,KG_TASK_EXPLICIT
105,267,0.6806803594351734,0.3613607188703466,0.21052631578947367,0.5121951219512195,1.0000000000000002,1.0,0.6806803594351734,6,KG_TASK_EXPLICIT
105,674,0.6627232142857142,0.396875,0.2,0.59375,0.857142857142857,0.9285714285714285,0.6627232142857142,4,KG_TASK_EXPLICIT
105,281,0.6612779673697713,0.3482142857142857,0.375,0.32142857142857145,0.9486832980505138,0.9743416490252569,0.6612779673697713,5,KG_TASK_EXPLICIT
105,415,0.6578831728432541,0.3712121212121212,0.16666666666666666,0.5757575757575758,0.889108448948774,0.944554224474387,0.6578831728432541,17,KG_TASK_EXPLICIT
105,213,0.6575095360587919,0.33531746031746035,0.14285714285714285,0.5277777777777778,0.9594032236002469,0.9797016118001234,0.6575095360587919,8,KG_TASK_EXPLICIT
106,438,0.7108007074004393,0.44047619047619047,0.38095238095238093,0.5,0.9622504486493763,0.9811252243246882,0.7108007074004393,3,KG_TASK_EXPLICIT
106,230,0.6624024531734487,0.42391304347826086,0.34782608695652173,0.5,0.8017837257372731,0.9008918628686365,0.6624024531734487,4,KG_TASK_EXPLICIT
106,213,0.6355958643850368,0.2968500797448166,0.21212121212121213,0.3815789473684211,0.9486832980505138,0.9743416490252569,0.6355958643850368,5,KG_TASK_EXPLICIT
106,98,0.6235808650958512,0.26603650586701433,0.18461538461538463,0.3474576271186441,0.9622504486493763,0.9811252243246882,0.6235808650958512,3,KG_TASK_EXPLICIT
106,100,0.6228148812191843,0.24562976243836843,0.13043478260869565,0.36082474226804123,1.0,1.0,0.6228148812191843,4,KG_TASK_EXPLICIT
106,52,0.6225985021165744,0.24519700423314883,0.1891891891891892,0.30120481927710846,1.0,1.0,0.6225985021165744,4,KG_TASK_EXPLICIT
106,509,0.6204710144927537,0.24094202898550726,0.16666666666666666,0.31521739130434784,1.0000000000000002,1.0,0.6204710144927537,3,KG_TASK_EXPLICIT
106,309,0.6071838491494158,0.28579626972740313,0.1951219512195122,0.3764705882352941,0.857142857142857,0.9285714285714285,0.6071838491494158,4,KG_TASK_EXPLICIT
106,315,0.6068548387096774,0.21370967741935482,0.16129032258064516,0.2661290322580645,1.0000000000000002,1.0,0.6068548387096774,3,KG_TASK_EXPLICIT
106,14,0.6060996563573883,0.2121993127147766,0.16666666666666666,0.25773195876288657,1.0000000000000002,1.0,0.6060996563573883,3,KG_TASK_EXPLICIT
107,413,0.6383656473113981,0.3,0.25,0.35,0.9534625892455924,0.9767312946227962,0.6383656473113981,5,KG_TASK_EXPLICIT
107,145,0.5897982178179632,0.22252747252747251,0.21428571428571427,0.23076923076923078,0.9141379262169076,0.9570689631084538,0.5897982178179632,11,KG_TASK_EXPLICIT
107,422,0.5688198632719854,0.21832579185520362,0.23076923076923078,0.20588235294117646,0.8386278693775346,0.9193139346887673,0.5688198632719854,4,KG_TASK_EXPLICIT
107,160,0.5602792234556988,0.1442687747035573,0.13636363636363635,0.15217391304347827,0.9525793444156805,0.9762896722078402,0.5602792234556988,6,KG_TASK_EXPLICIT
107,162,0.5509800381732937,0.13055555555555554,0.1111111111111111,0.15,0.9428090415820635,0.9714045207910318,0.5509800381732937,3,KG_TASK_EXPLICIT
107,186,0.5442278432039801,0.15763546798029557,0.1724137931034483,0.14285714285714285,0.8616404368553293,0.9308202184276646,0.5442278432039801,6,KG_TASK_EXPLICIT
107,427,0.5425158762604186,0.11554621848739496,0.14285714285714285,0.08823529411764706,0.9389710680668848,0.9694855340334424,0.5425158762604186,9,KG_TASK_EXPLICIT
107,644,0.5421394765424479,0.11182336182336182,0.038461538461538464,0.18518518518518517,0.944911182523068,0.972455591261534,0.5421394765424479,4,KG_TASK_EXPLICIT
107,365,0.5383733164966741,0.1778846153846154,0.125,0.23076923076923078,0.7977240352174656,0.8988620176087327,0.5383733164966741,7,KG_TASK_EXPLICIT
107,371,0.5335357242965938,0.20192307692307693,0.15384615384615385,0.25,0.7302967433402214,0.8651483716701107,0.5335357242965938,5,KG_TASK_EXPLICIT
109,123,0.732694603785747,0.561244019138756,0.4909090909090909,0.631578947368421,0.8082903768654761,0.9041451884327381,0.732694603785747,27,KG_TASK_EXPLICIT
109,222,0.7084462545436364,0.44060283687943264,0.2978723404255319,0.5833333333333334,0.9525793444156805,0.9762896722078402,0.7084462545436364,6,KG_TASK_EXPLICIT
109,516,0.6929985731657635,0.43742216687422164,0.4090909090909091,0.4657534246575342,0.8971499589146108,0.9485749794573054,0.6929985731657635,30,KG_TASK_EXPLICIT
109,511,0.6652934104350368,0.5147169811320755,0.52,0.5094339622641509,0.6317396794759962,0.8158698397379981,0.6652934104350368,114,KG_TASK_EXPLICIT
109,376,0.6601250406717158,0.3638146167557932,0.2549019607843137,0.4727272727272727,0.9128709291752769,0.9564354645876385,0.6601250406717158,9,KG_TASK_EXPLICIT
109,577,0.6513685963935234,0.36079545454545453,0.1590909090909091,0.5625,0.8838834764831843,0.9419417382415922,0.6513685963935234,7,KG_TASK_EXPLICIT
109,163,0.6405586502390614,0.5029085140137494,0.36065573770491804,0.6451612903225806,0.556417572928747,0.7782087864643735,0.6405586502390614,34,KG_TASK_EXPLICIT
109,288,0.6358413115907571,0.3352468427095293,0.208955223880597,0.46153846153846156,0.8728715609439696,0.9364357804719847,0.6358413115907571,6,KG_TASK_EXPLICIT
109,583,0.6292202198731912,0.28598484848484845,0.11363636363636363,0.4583333333333333,0.944911182523068,0.972455591261534,0.6292202198731912,4,KG_TASK_EXPLICIT
109,494,0.6286513012560387,0.3054545454545454,0.12,0.4909090909090909,0.903696114115064,0.9518480570575321,0.6286513012560387,7,KG_TASK_EXPLICIT
110,69,0.7583813101675136,0.6294642857142857,0.5714285714285714,0.6875,0.7745966692414834,0.8872983346207417,0.7583813101675136,10,KG_TASK_EXPLICIT
110,577,0.7414318677104299,0.6293103448275862,0.5,0.7586206896551724,0.7071067811865475,0.8535533905932737,0.7414318677104299,5,KG_TASK_EXPLICIT
110,234,0.7156021970616481,0.45686274509803926,0.26666666666666666,0.6470588235294118,0.9486832980505138,0.9743416490252569,0.7156021970616481,5,KG_TASK_EXPLICIT
110,492,0.7026174620572208,0.4722222222222222,0.5,0.4444444444444444,0.8660254037844386,0.9330127018922193,0.7026174620572208,6,KG_TASK_EXPLICIT
110,385,0.6995192307692308,0.39903846153846156,0.375,0.4230769230769231,1.0000000000000002,1.0,0.6995192307692308,3,KG_TASK_EXPLICIT
110,35,0.6945878195859425,0.43333333333333335,0.5,0.36666666666666664,0.9116846116771036,0.9558423058385518,0.6945878195859425,8,KG_TASK_EXPLICIT
110,178,0.6929363369671071,0.46153846153846156,0.5,0.4230769230769231,0.8486684247915056,0.9243342123957528,0.6929363369671071,9,KG_TASK_EXPLICIT
110,32,0.6833333333333333,0.3666666666666667,0.4,0.3333333333333333,0.9999999999999999,1.0,0.6833333333333333,4,KG_TASK_EXPLICIT
110,546,0.6713674620572208,0.4097222222222222,0.375,0.4444444444444444,0.8660254037844387,0.9330127018922194,0.6713674620572208,4,KG_TASK_EXPLICIT
110,441,0.6704182708864865,0.3627450980392157,0.16666666666666666,0.5588235294117647,0.9561828874675149,0.9780914437337574,0.6704182708864865,7,KG_TASK_EXPLICIT
111,562,0.658182366185392,0.40131578947368424,0.25,0.5526315789473685,0.8300978857941995,0.9150489428970998,0.658182366185392,17,KG_TASK_EXPLICIT
111,543,0.633850408543664,0.2962962962962963,0.3333333333333333,0.25925925925925924,0.9428090415820635,0.9714045207910318,0.633850408543664,3,KG_TASK_EXPLICIT
111,701,0.633850408543664,0.2962962962962963,0.3333333333333333,0.25925925925925924,0.9428090415820635,0.9714045207910318,0.633850408543664,3,KG_TASK_EXPLICIT
111,268,0.6163660383841405,0.2962962962962963,0.3333333333333333,0.25925925925925924,0.8728715609439696,0.9364357804719847,0.6163660383841405,4,KG_TASK_EXPLICIT
111,346,0.6095458541192815,0.3333333333333333,0.3333333333333333,0.3333333333333333,0.7715167498104595,0.8857583749052298,0.6095458541192815,9,KG_TASK_EXPLICIT
111,729,0.6070611289641004,0.24166666666666667,0.25,0.23333333333333334,0.944911182523068,0.972455591261534,0.6070611289641004,4,KG_TASK_EXPLICIT
111,571,0.6043870908019352,0.23790322580645162,0.25,0.22580645161290322,0.9417419115948376,0.9708709557974188,0.6043870908019352,11,KG_TASK_EXPLICIT
111,527,0.5972475579405306,0.2426470588235294,0.25,0.23529411764705882,0.9036961141150639,0.951848057057532,0.5972475579405306,6,KG_TASK_EXPLICIT
111,306,0.5946969696969697,0.1893939393939394,0.16666666666666666,0.21212121212121213,1.0000000000000002,1.0,0.5946969696969697,3,KG_TASK_EXPLICIT
111,279,0.5931372549019608,0.18627450980392157,0.16666666666666666,0.20588235294117646,1.0,1.0,0.5931372549019608,5,KG_TASK_EXPLICIT
112,466,0.8284042786535853,0.7407834101382489,0.6428571428571429,0.8387096774193549,0.8320502943378437,0.9160251471689218,0.8284042786535853,9,KG_TASK_EXPLICIT
112,45,0.6974567310274591,0.4744318181818182,0.3125,0.6363636363636364,0.8409632877462002,0.9204816438731,0.6974567310274591,19,KG_TASK_EXPLICIT
112,160,0.6945869033914638,0.6356275303643725,0.5789473684210527,0.6923076923076923,0.50709255283711,0.753546276418555,0.6945869033914638,10,KG_TASK_EXPLICIT
112,679,0.6841492605321102,0.40538847117794485,0.2631578947368421,0.5476190476190477,0.9258200997725514,0.9629100498862757,0.6841492605321102,7,KG_TASK_EXPLICIT
112,447,0.6768077588811863,0.46785714285714286,0.25,0.6857142857142857,0.7715167498104595,0.8857583749052298,0.6768077588811863,6,KG_TASK_EXPLICIT
112,161,0.6723306669710619,0.4364130434782609,0.34782608695652173,0.525,0.8164965809277259,0.9082482904638629,0.6723306669710619,3,KG_TASK_EXPLICIT
112,280,0.6665546303448564,0.4027777777777778,0.2777777777777778,0.5277777777777778,0.8606629658238704,0.9303314829119351,0.6665546303448564,7,KG_TASK_EXPLICIT
112,185,0.664388722664641,0.40620031796502387,0.35294117647058826,0.4594594594594595,0.8451542547285165,0.9225771273642582,0.664388722664641,4,KG_TASK_EXPLICIT
112,630,0.659557710145425,0.3626799557032115,0.19047619047619047,0.5348837209302325,0.9128709291752769,0.9564354645876385,0.659557710145425,6,KG_TASK_EXPLICIT
112,601,0.6581385664481123,0.3419354838709677,0.2,0.4838709677419355,0.9486832980505138,0.9743416490252569,0.6581385664481123,5,KG_TASK_EXPLICIT
113,530,0.6602123761045591,0.3484848484848485,0.3333333333333333,0.36363636363636365,0.9438798074485389,0.9719399037242695,0.6602123761045591,5,KG_TASK_EXPLICIT
113,717,0.6541666666666667,0.30833333333333335,0.2,0.4166666666666667,1.0000000000000002,1.0,0.6541666666666667,3,KG_TASK_EXPLICIT
113,497,0.6392731791715226,0.3068181818181818,0.25,0.36363636363636365,0.9434563530497265,0.9717281765248633,0.6392731791715226,7,KG_TASK_EXPLICIT
113,47,0.6169078473506207,0.2928571428571428,0.2857142857142857,0.3,0.8819171036881969,0.9409585518440984,0.6169078473506207,9,KG_TASK_EXPLICIT
113,41,0.6166666666666667,0.23333333333333334,0.2,0.26666666666666666,1.0,1.0,0.6166666666666667,4,KG_TASK_EXPLICIT
113,719,0.6166666666666667,0.23333333333333334,0.2,0.26666666666666666,1.0000000000000002,1.0,0.6166666666666667,3,KG_TASK_EXPLICIT
113,239,0.6124999999999999,0.225,0.2,0.25,0.9999999999999998,0.9999999999999999,0.6124999999999999,5,KG_TASK_EXPLICIT
113,380,0.6016666666666667,0.2033333333333333,0.16666666666666666,0.24,1.0000000000000002,1.0,0.6016666666666667,6,KG_TASK_EXPLICIT
113,492,0.5959943539243931,0.21764705882352942,0.2,0.23529411764705882,0.9486832980505138,0.9743416490252569,0.5959943539243931,4,KG_TASK_EXPLICIT
113,127,0.594298245614035,0.18859649122807015,0.16666666666666666,0.21052631578947367,0.9999999999999998,0.9999999999999999,0.594298245614035,5,KG_TASK_EXPLICIT
114,583,0.7538374911792951,0.5333333333333333,0.3333333333333333,0.7333333333333333,0.9486832980505138,0.9743416490252569,0.7538374911792951,5,KG_TASK_EXPLICIT
114,441,0.7533414050968086,0.5337301587301587,0.42857142857142855,0.6388888888888888,0.9459053029269171,0.9729526514634586,0.7533414050968086,19,KG_TASK_EXPLICIT
114,694,0.7490079365079365,0.498015873015873,0.35714285714285715,0.6388888888888888,1.0000000000000002,1.0,0.7490079365079365,6,KG_TASK_EXPLICIT
114,678,0.7458823288959129,0.5017857142857143,0.42857142857142855,0.575,0.9799578870122229,0.9899789435061115,0.7458823288959129,6,KG_TASK_EXPLICIT
114,698,0.7356462507509882,0.5194444444444444,0.4,0.6388888888888888,0.903696114115064,0.9518480570575321,0.7356462507509882,7,KG_TASK_EXPLICIT
114,321,0.7314859588335112,0.5277777777777778,0.5,0.5555555555555556,0.8703882797784892,0.9351941398892446,0.7314859588335112,7,KG_TASK_EXPLICIT
114,57,0.7240930175677495,0.4670608108108108,0.3125,0.6216216216216216,0.9622504486493763,0.9811252243246882,0.7240930175677495,9,KG_TASK_EXPLICIT
114,513,0.7219292686983769,0.48226544622425627,0.42105263157894735,0.5434782608695652,0.9231861823449954,0.9615930911724977,0.7219292686983769,13,KG_TASK_EXPLICIT
114,676,0.7218480025152045,0.45833333333333337,0.4166666666666667,0.5,0.9707253433941511,0.9853626716970756,0.7218480025152045,8,KG_TASK_EXPLICIT
114,599,0.7129827808087048,0.46634615384615385,0.3076923076923077,0.625,0.9192388155425117,0.9596194077712559,0.7129827808087048,8,KG_TASK_EXPLICIT
115,506,0.6948529411764706,0.3897058823529412,0.25,0.5294117647058824,1.0000000000000002,1.0,0.6948529411764706,6,KG_TASK_EXPLICIT
115,283,0.6735465873427668,0.5798319327731092,0.5714285714285714,0.5882352941176471,0.5345224838248488,0.7672612419124244,0.6735465873427668,16,KG_TASK_EXPLICIT
115,686,0.6528944622974336,0.3333333333333333,0.16666666666666666,0.5,0.944911182523068,0.972455591261534,0.6528944622974336,4,KG_TASK_EXPLICIT
115,44,0.6513387885771754,0.4017857142857143,0.42857142857142855,0.375,0.8017837257372731,0.9008918628686365,0.6513387885771754,4,KG_TASK_EXPLICIT
115,701,0.634815569837947,0.3916666666666667,0.2,0.5833333333333334,0.7559289460184544,0.8779644730092272,0.634815569837947,5,KG_TASK_EXPLICIT
115,363,0.6288126092553825,0.31666666666666665,0.16666666666666666,0.4666666666666667,0.8819171036881969,0.9409585518440984,0.6288126092553825,9,KG_TASK_EXPLICIT
115,571,0.6269656951954327,0.3020833333333333,0.16666666666666666,0.4375,0.903696114115064,0.9518480570575321,0.6269656951954327,7,KG_TASK_EXPLICIT
115,527,0.6197292788290107,0.2583333333333333,0.16666666666666666,0.35,0.9622504486493763,0.9811252243246882,0.6197292788290107,3,KG_TASK_EXPLICIT
115,501,0.61699177755403,0.29545454545454547,0.18181818181818182,0.4090909090909091,0.8770580193070293,0.9385290096535146,0.61699177755403,15,KG_TASK_EXPLICIT
115,231,0.6163817742159101,0.45833333333333337,0.4166666666666667,0.5,0.5488604301969738,0.774430215098487,0.6163817742159101,23,KG_TASK_EXPLICIT
117,354,0.8153021442495126,0.6306042884990253,0.6296296296296297,0.631578947368421,1.0000000000000002,1.0,0.8153021442495126,3,KG_TASK_EXPLICIT
117,55,0.8014985630132656,0.7021052631578948,0.72,0.6842105263157895,0.8017837257372731,0.9008918628686365,0.8014985630132656,4,KG_TASK_EXPLICIT
117,331,0.7865423387096774,0.5730846774193548,0.6774193548387096,0.46875,1.0000000000000002,1.0,0.7865423387096774,3,KG_TASK_EXPLICIT
117,559,0.7612876254180603,0.5225752508361204,0.6538461538461539,0.391304347826087,0.9999999999999999,1.0,0.7612876254180603,4,KG_TASK_EXPLICIT
117,269,0.7468509591927631,0.5193602693602694,0.6296296296296297,0.4090909090909091,0.9486832980505138,0.9743416490252569,0.7468509591927631,5,KG_TASK_EXPLICIT
117,237,0.7229166666666667,0.4458333333333333,0.6,0.2916666666666667,1.0000000000000002,1.0,0.7229166666666667,6,KG_TASK_EXPLICIT
117,443,0.7192901792509041,0.4550865800865801,0.6071428571428571,0.30303030303030304,0.9669875568304563,0.9834937784152282,0.7192901792509041,8,KG_TASK_EXPLICIT
117,140,0.7162443844744718,0.6557894736842105,0.68,0.631578947368421,0.5533985905294664,0.7766992952647331,0.7162443844744718,14,KG_TASK_EXPLICIT
117,141,0.6933064498210275,0.48333333333333334,0.5666666666666667,0.4,0.8065591326174433,0.9032795663087216,0.6933064498210275,15,KG_TASK_EXPLICIT
117,557,0.6910639127471974,0.5874999999999999,0.6333333333333333,0.5416666666666666,0.5892556509887896,0.7946278254943948,0.6910639127471974,9,KG_TASK_EXPLICIT
118,685,0.718421052631579,0.4368421052631579,0.4,0.47368421052631576,1.0000000000000002,1.0,0.718421052631579,3,KG_TASK_EXPLICIT
118,265,0.603162606770393,0.2980769230769231,0.25,0.34615384615384615,0.8164965809277259,0.9082482904638629,0.603162606770393,3,KG_TASK_EXPLICIT
118,647,0.5964977149409705,0.2215909090909091,0.125,0.3181818181818182,0.9428090415820635,0.9714045207910318,0.5964977149409705,3,KG_TASK_EXPLICIT
118,562,0.5948292445225001,0.21825396825396826,0.2222222222222222,0.21428571428571427,0.9428090415820635,0.9714045207910318,0.5948292445225001,3,KG_TASK_EXPLICIT
118,416,0.5925925925925926,0.18518518518518517,0.1111111111111111,0.25925925925925924,1.0000000000000002,1.0,0.5925925925925926,3,KG_TASK_EXPLICIT
118,231,0.5875930166980369,0.20378151260504201,0.14285714285714285,0.2647058823529412,0.9428090415820635,0.9714045207910318,0.5875930166980369,3,KG_TASK_EXPLICIT
118,47,0.584679700787487,0.26111111111111107,0.2222222222222222,0.3,0.8164965809277259,0.9082482904638629,0.584679700787487,3,KG_TASK_EXPLICIT
118,24,0.5831287309837512,0.1948529411764706,0.125,0.2647058823529412,0.9428090415820635,0.9714045207910318,0.5831287309837512,3,KG_TASK_EXPLICIT
118,95,0.57625,0.1525,0.125,0.18,1.0000000000000002,1.0,0.57625,3,KG_TASK_EXPLICIT
118,706,0.5674691776887489,0.16353383458646614,0.14285714285714285,0.18421052631578946,0.9428090415820635,0.9714045207910318,0.5674691776887489,3,KG_TASK_EXPLICIT
120,172,0.5964653899401219,0.21180555555555555,0.1111111111111111,0.3125,0.9622504486493763,0.9811252243246882,0.5964653899401219,3,KG_TASK_EXPLICIT
120,350,0.5915063509461097,0.25,0.16666666666666666,0.3333333333333333,0.8660254037844387,0.9330127018922194,0.5915063509461097,3,KG_TASK_EXPLICIT
120,6,0.5804387429139559,0.18458781362007168,0.1111111111111111,0.25806451612903225,0.9525793444156805,0.9762896722078402,0.5804387429139559,3,KG_TASK_EXPLICIT
120,419,0.5767045454545454,0.1534090909090909,0.125,0.18181818181818182,0.9999999999999999,1.0,0.5767045454545454,4,KG_TASK_EXPLICIT
120,705,0.5561568058500613,0.14090909090909093,0.1,0.18181818181818182,0.9428090415820635,0.9714045207910318,0.5561568058500613,3,KG_TASK_EXPLICIT
120,407,0.5255832127764682,0.07976190476190477,0.02857142857142857,0.13095238095238096,0.9428090415820635,0.9714045207910318,0.5255832127764682,3,KG_TASK_EXPLICIT
120,314,0.5048076923076923,0.009615384615384616,0.0,0.019230769230769232,1.0000000000000002,1.0,0.5048076923076923,3,KG_TASK_EXPLICIT
120,361,0.5043103448275862,0.008620689655172414,0.0,0.017241379310344827,1.0000000000000002,1.0,0.5043103448275862,3,KG_TASK_EXPLICIT
120,426,0.503968253968254,0.007936507936507936,0.0,0.015873015873015872,1.0000000000000002,1.0,0.503968253968254,3,KG_TASK_EXPLICIT
120,509,0.5037878787878788,0.007575757575757576,0.0,0.015151515151515152,0.9999999999999999,1.0,0.5037878787878788,4,KG_TASK_EXPLICIT
121,558,0.7013387229590363,0.5964912280701754,0.6666666666666666,0.5263157894736842,0.6123724356957945,0.8061862178478972,0.7013387229590363,6,KG_TASK_EXPLICIT
121,704,0.696969696969697,0.4772727272727273,0.5,0.45454545454545453,0.8333333333333335,0.9166666666666667,0.696969696969697,6,KG_TASK_EXPLICIT
121,283,0.6909937888198757,0.38198757763975155,0.2857142857142857,0.4782608695652174,0.9999999999999998,0.9999999999999999,0.6909937888198757,5,KG_TASK_EXPLICIT
121,719,0.688983318352863,0.42727272727272725,0.4,0.45454545454545453,0.9013878188659974,0.9506939094329987,0.688983318352863,7,KG_TASK_EXPLICIT
121,306,0.6823863636363636,0.42727272727272725,0.4,0.45454545454545453,0.8749999999999998,0.9374999999999999,0.6823863636363636,5,KG_TASK_EXPLICIT
121,418,0.6789161368440437,0.3851851851851852,0.4,0.37037037037037035,0.9452941770058044,0.9726470885029022,0.6789161368440437,10,KG_TASK_EXPLICIT
121,506,0.6782567811380134,0.38405797101449274,0.3333333333333333,0.43478260869565216,0.944911182523068,0.972455591261534,0.6782567811380134,4,KG_TASK_EXPLICIT
121,129,0.6736067977499789,0.4,0.4,0.4,0.8944271909999159,0.9472135954999579,0.6736067977499789,5,KG_TASK_EXPLICIT
121,89,0.672379055200212,0.3666666666666667,0.3333333333333333,0.4,0.9561828874675149,0.9780914437337574,0.672379055200212,4,KG_TASK_EXPLICIT
121,652,0.6701765736778583,0.3666666666666667,0.3333333333333333,0.4,0.9473729613780999,0.97368648068905,0.6701765736778583,8,KG_TASK_EXPLICIT
123,511,0.7958333333333334,0.6888888888888889,0.6666666666666666,0.7111111111111111,0.8055555555555556,0.9027777777777778,0.7958333333333334,30,KG_TASK_EXPLICIT
123,376,0.7349085365853658,0.5198170731707317,0.4146341463414634,0.625,0.9,0.95,0.7349085365853658,10,KG_TASK_EXPLICIT
123,109,0.732694603785747,0.561244019138756,0.4909090909090909,0.631578947368421,0.8082903768654761,0.9041451884327381,0.732694603785747,27,KG_TASK_EXPLICIT
123,289,0.7187966489658459,0.6212938005390836,0.5283018867924528,0.7142857142857143,0.6325989947852168,0.8162994973926083,0.7187966489658459,34,KG_TASK_EXPLICIT
123,533,0.7096694633379415,0.5085470085470085,0.46153846153846156,0.5555555555555556,0.821583836257749,0.9107919181288745,0.7096694633379415,17,KG_TASK_EXPLICIT
123,62,0.7073868925507825,0.4476744186046512,0.3953488372093023,0.5,0.9341987329938275,0.9670993664969137,0.7073868925507825,18,KG_TASK_EXPLICIT
123,586,0.7001016260162601,0.4252032520325203,0.3170731707317073,0.5333333333333333,0.95,0.975,0.7001016260162601,10,KG_TASK_EXPLICIT
123,61,0.6916769457827876,0.5402321083172147,0.5531914893617021,0.5272727272727272,0.686243566496721,0.8431217832483605,0.6916769457827876,28,KG_TASK_EXPLICIT
123,295,0.6869678902359924,0.4375,0.375,0.5,0.8728715609439694,0.9364357804719847,0.6869678902359924,33,KG_TASK_EXPLICIT
123,516,0.685925947920192,0.41833333333333333,0.45,0.38666666666666666,0.907037125014101,0.9535185625070506,0.685925947920192,25,KG_TASK_EXPLICIT
124,752,0.7232819356237395,0.4722222222222222,0.4444444444444444,0.5,0.9486832980505138,0.9743416490252569,0.7232819356237395,4,KG_TASK_EXPLICIT
124,378,0.6892241738262488,0.4253968253968254,0.2222222222222222,0.6285714285714286,0.9061030445113443,0.9530515222556721,0.6892241738262488,7,KG_TASK_EXPLICIT
124,681,0.6881785901965851,0.39458413926499036,0.36363636363636365,0.425531914893617,0.9635460822563594,0.9817730411281798,0.6881785901965851,7,KG_TASK_EXPLICIT
124,495,0.6856060606060606,0.41666666666666663,0.16666666666666666,0.6666666666666666,0.9090909090909091,0.9545454545454546,0.6856060606060606,5,KG_TASK_EXPLICIT
124,349,0.6691340407337727,0.3571428571428571,0.2,0.5142857142857142,0.9622504486493763,0.9811252243246882,0.6691340407337727,3,KG_TASK_EXPLICIT
124,86,0.6565040650406504,0.3130081300813008,0.3333333333333333,0.2926829268292683,1.0000000000000002,1.0,0.6565040650406504,8,KG_TASK_EXPLICIT
124,136,0.6507217212049159,0.3380952380952381,0.23333333333333334,0.44285714285714284,0.9266964086291873,0.9633482043145937,0.6507217212049159,10,KG_TASK_EXPLICIT
124,333,0.6280639689561518,0.2841880341880342,0.2222222222222222,0.34615384615384615,0.9438798074485389,0.9719399037242695,0.6280639689561518,5,KG_TASK_EXPLICIT
124,135,0.6273588829266625,0.27842809364548493,0.23076923076923078,0.32608695652173914,0.9525793444156805,0.9762896722078402,0.6273588829266625,3,KG_TASK_EXPLICIT
124,237,0.6208620689655172,0.29172413793103447,0.10344827586206896,0.48,0.9,0.95,0.6208620689655172,10,KG_TASK_EXPLICIT
126,256,0.7516948278251789,0.6,0.5,0.7,0.8067793113007157,0.9033896556503578,0.7516948278251789,28,KG_TASK_EXPLICIT
126,376,0.722705314655534,0.4777034559643255,0.391304347826087,0.5641025641025641,0.9354143466934853,0.9677071733467426,0.722705314655534,8,KG_TASK_EXPLICIT
126,586,0.6879749745585186,0.421195652173913,0.21739130434782608,0.625,0.9095085938862486,0.9547542969431243,0.6879749745585186,11,KG_TASK_EXPLICIT
126,479,0.6761853448275862,0.35237068965517243,0.1875,0.5172413793103449,0.9999999999999999,1.0,0.6761853448275862,7,KG_TASK_EXPLICIT
126,223,0.6567978024720806,0.44244186046511624,0.35,0.5348837209302325,0.7423074889580903,0.8711537444790451,0.6567978024720806,16,KG_TASK_EXPLICIT
126,579,0.6470202202402741,0.3918406072106262,0.23529411764705882,0.5483870967741935,0.8043996665398437,0.9021998332699219,0.6470202202402741,11,KG_TASK_EXPLICIT
126,396,0.6400844912763339,0.3038793103448276,0.125,0.4827586206896552,0.9525793444156805,0.9762896722078402,0.6400844912763339,6,KG_TASK_EXPLICIT
126,722,0.6386899168428882,0.30492424242424243,0.125,0.48484848484848486,0.944911182523068,0.972455591261534,0.6386899168428882,4,KG_TASK_EXPLICIT
126,370,0.636249914152339,0.28801843317972353,0.2857142857142857,0.2903225806451613,0.968962790249909,0.9844813951249545,0.636249914152339,6,KG_TASK_EXPLICIT
126,506,0.6333333333333333,0.26666666666666666,0.13333333333333333,0.4,0.9999999999999999,1.0,0.6333333333333333,7,KG_TASK_EXPLICIT
127,492,0.8965122638228836,0.8411764705882353,0.8,0.8823529411764706,0.9036961141150639,0.951848057057532,0.8965122638228836,6,KG_TASK_EXPLICIT
127,385,0.7384868421052632,0.4769736842105263,0.375,0.5789473684210527,1.0,1.0,0.7384868421052632,4,KG_TASK_EXPLICIT
127,546,0.7247023809523809,0.4494047619047619,0.375,0.5238095238095238,1.0,1.0,0.7247023809523809,4,KG_TASK_EXPLICIT
127,178,0.7178853230805674,0.5394736842105263,0.5,0.5789473684210527,0.7925939239012171,0.8962969619506085,0.7178853230805674,10,KG_TASK_EXPLICIT
127,35,0.7172619047619048,0.5595238095238095,0.5,0.6190476190476191,0.75,0.875,0.7172619047619048,5,KG_TASK_EXPLICIT
127,465,0.7106216916098045,0.4583333333333333,0.375,0.5416666666666666,0.9258200997725514,0.9629100498862757,0.7106216916098045,4,KG_TASK_EXPLICIT
127,32,0.7038748544542964,0.43529411764705883,0.4,0.47058823529411764,0.944911182523068,0.972455591261534,0.7038748544542964,4,KG_TASK_EXPLICIT
127,577,0.697959512137957,0.5086206896551724,0.5,0.5172413793103449,0.7745966692414834,0.8872983346207417,0.697959512137957,5,KG_TASK_EXPLICIT
127,719,0.6964285714285714,0.39285714285714285,0.2857142857142857,0.5,1.0000000000000002,1.0,0.6964285714285714,3,KG_TASK_EXPLICIT
127,487,0.6961742678185606,0.5491452991452992,0.4444444444444444,0.6538461538461539,0.686406472983644,0.843203236491822,0.6961742678185606,14,KG_TASK_EXPLICIT
128,674,0.6297114769853777,0.28801843317972353,0.2857142857142857,0.2903225806451613,0.9428090415820635,0.9714045207910318,0.6297114769853777,3,KG_TASK_EXPLICIT
128,611,0.6211181677178996,0.26111111111111107,0.2222222222222222,0.3,0.9622504486493764,0.9811252243246882,0.6211181677178996,6,KG_TASK_EXPLICIT
128,517,0.6115791054380312,0.3764705882352941,0.4,0.35294117647058826,0.6933752452815365,0.8466876226407682,0.6115791054380312,4,KG_TASK_EXPLICIT
128,104,0.587280701754386,0.2578947368421053,0.2,0.3157894736842105,0.8333333333333334,0.9166666666666667,0.587280701754386,6,KG_TASK_EXPLICIT
128,636,0.5870300034666919,0.19293478260869565,0.125,0.2608695652173913,0.9622504486493763,0.9811252243246882,0.5870300034666919,3,KG_TASK_EXPLICIT
128,36,0.5865321581019427,0.20535714285714285,0.125,0.2857142857142857,0.9354143466934853,0.9677071733467426,0.5865321581019427,5,KG_TASK_EXPLICIT
128,465,0.5808403899401219,0.18055555555555555,0.1111111111111111,0.25,0.9622504486493763,0.9811252243246882,0.5808403899401219,3,KG_TASK_EXPLICIT
128,167,0.5746445680878235,0.1778846153846154,0.125,0.23076923076923078,0.9428090415820634,0.9714045207910317,0.5746445680878235,6,KG_TASK_EXPLICIT
128,89,0.5729166666666666,0.14583333333333334,0.0,0.2916666666666667,1.0000000000000002,1.0,0.5729166666666666,3,KG_TASK_EXPLICIT
128,583,0.5701997089365376,0.1592741935483871,0.125,0.1935483870967742,0.9622504486493763,0.9811252243246882,0.5701997089365376,3,KG_TASK_EXPLICIT
129,306,0.8072491452319315,0.70625,0.6,0.8125,0.8164965809277259,0.9082482904638629,0.8072491452319315,5,KG_TASK_EXPLICIT
129,418,0.7975286133089905,0.6947368421052631,0.6,0.7894736842105263,0.8006407690254358,0.9003203845127179,0.7975286133089905,4,KG_TASK_EXPLICIT
129,479,0.7647841667284359,0.6286764705882353,0.375,0.8823529411764706,0.8017837257372731,0.9008918628686365,0.7647841667284359,4,KG_TASK_EXPLICIT
129,47,0.7264455738033601,0.5446428571428572,0.375,0.7142857142857143,0.8164965809277259,0.9082482904638629,0.7264455738033601,5,KG_TASK_EXPLICIT
129,149,0.7223155698379469,0.5666666666666667,0.3,0.8333333333333334,0.7559289460184544,0.8779644730092272,0.7223155698379469,8,KG_TASK_EXPLICIT
129,579,0.70769557380336,0.5071428571428571,0.3,0.7142857142857143,0.8164965809277259,0.9082482904638629,0.70769557380336,5,KG_TASK_EXPLICIT
129,411,0.6934433619633036,0.5333333333333333,0.4,0.6666666666666666,0.7071067811865475,0.8535533905932737,0.6934433619633036,4,KG_TASK_EXPLICIT
129,130,0.6909812407511823,0.5284090909090908,0.375,0.6818181818181818,0.7071067811865476,0.8535533905932737,0.6909812407511823,6,KG_TASK_EXPLICIT
129,704,0.6899122807017544,0.4631578947368421,0.4,0.5263157894736842,0.8333333333333335,0.9166666666666667,0.6899122807017544,6,KG_TASK_EXPLICIT
129,648,0.6885411695295564,0.47619047619047616,0.2857142857142857,0.6666666666666666,0.8017837257372731,0.9008918628686365,0.6885411695295564,4,KG_TASK_EXPLICIT
130,418,0.7357270177361015,0.5,0.375,0.625,0.9429080709444059,0.971454035472203,0.7357270177361015,11,KG_TASK_EXPLICIT
130,88,0.7316116989641211,0.5684523809523809,0.375,0.7619047619047619,0.7895420339517228,0.8947710169758614,0.7316116989641211,15,KG_TASK_EXPLICIT
130,579,0.7241025641025642,0.4866666666666667,0.3333333333333333,0.64,0.9230769230769232,0.9615384615384617,0.7241025641025642,10,KG_TASK_EXPLICIT
130,411,0.7209135558742807,0.4583333333333333,0.25,0.6666666666666666,0.9669875568304563,0.9834937784152282,0.7209135558742807,8,KG_TASK_EXPLICIT
130,487,0.7165305576651092,0.46515151515151515,0.36363636363636365,0.5666666666666667,0.9358192003574064,0.9679096001787032,0.7165305576651092,16,KG_TASK_EXPLICIT
130,479,0.7073863636363635,0.47727272727272724,0.2727272727272727,0.6818181818181818,0.8749999999999998,0.9374999999999999,0.7073863636363635,5,KG_TASK_EXPLICIT
130,89,0.7021739130434783,0.4043478260869565,0.2,0.6086956521739131,1.0,1.0,0.7021739130434783,3,KG_TASK_EXPLICIT
130,247,0.6989329148250978,0.42592592592592593,0.3333333333333333,0.5185185185185185,0.9438798074485389,0.9719399037242695,0.6989329148250978,5,KG_TASK_EXPLICIT
130,429,0.6948437334780665,0.43663594470046085,0.35714285714285715,0.5161290322580645,0.9061030445113443,0.9530515222556721,0.6948437334780665,19,KG_TASK_EXPLICIT
130,635,0.6925568181818182,0.4163636363636364,0.2727272727272727,0.56,0.9375,0.96875,0.6925568181818182,13,KG_TASK_EXPLICIT
131,484,0.5744047619047619,0.1488095238095238,0.25,0.047619047619047616,1.0000000000000002,1.0,0.5744047619047619,3,KG_TASK_EXPLICIT
131,483,0.5649486022904062,0.15555555555555556,0.2,0.1111111111111111,0.9486832980505138,0.9743416490252569,0.5649486022904062,4,KG_TASK_EXPLICIT
131,159,0.5564015937433977,0.13846153846153847,0.2,0.07692307692307693,0.9486832980505138,0.9743416490252569,0.5564015937433977,4,KG_TASK_EXPLICIT
131,158,0.5447360196423967,0.10597826086956522,0.125,0.08695652173913043,0.9669875568304563,0.9834937784152282,0.5447360196423967,5,KG_TASK_EXPLICIT
131,276,0.5358925687137256,0.0936936936936937,0.13333333333333333,0.05405405405405406,0.9561828874675149,0.9780914437337574,0.5358925687137256,5,KG_TASK_EXPLICIT
131,312,0.5334468829111481,0.07777777777777778,0.1111111111111111,0.044444444444444446,0.9782319760890368,0.9891159880445184,0.5334468829111481,7,KG_TASK_EXPLICIT
131,606,0.5033333333333333,0.006666666666666667,0.0,0.013333333333333334,1.0000000000000002,1.0,0.5033333333333333,3,KG_TASK_EXPLICIT
131,589,0.5029411764705882,0.0058823529411764705,0.0,0.011764705882352941,1.0,1.0,0.5029411764705882,3,KG_TASK_EXPLICIT
131,309,0.4990287772844426,0.011904761904761904,0.0,0.023809523809523808,0.9723055853282466,0.9861527926641234,0.4990287772844426,5,KG_TASK_EXPLICIT
131,407,0.4658317647602994,0.0293236301369863,0.03125,0.0273972602739726,0.8046797987672248,0.9023398993836125,0.4658317647602994,8,KG_TASK_EXPLICIT
132,114,0.6976973684210526,0.39539473684210524,0.3157894736842105,0.475,1.0,1.0,0.6976973684210526,4,KG_TASK_EXPLICIT
132,24,0.6668525384522703,0.3525798525798526,0.2727272727272727,0.43243243243243246,0.9622504486493763,0.9811252243246882,0.6668525384522703,3,KG_TASK_EXPLICIT
132,391,0.6611933395004626,0.3223866790009251,0.30434782608695654,0.3404255319148936,1.0,1.0,0.6611933395004626,4,KG_TASK_EXPLICIT
132,280,0.6497506463503783,0.31837606837606836,0.2777777777777778,0.358974358974359,0.9622504486493763,0.9811252243246882,0.6497506463503783,3,KG_TASK_EXPLICIT
132,112,0.6452569169960474,0.29051383399209485,0.21739130434782608,0.36363636363636365,1.0,1.0,0.6452569169960474,4,KG_TASK_EXPLICIT
132,636,0.6377450980392156,0.2754901960784314,0.11764705882352941,0.43333333333333335,1.0000000000000002,1.0,0.6377450980392156,3,KG_TASK_EXPLICIT
132,719,0.6357022603955159,0.30000000000000004,0.2,0.4,0.9428090415820635,0.9714045207910318,0.6357022603955159,3,KG_TASK_EXPLICIT
132,130,0.6350373194402908,0.2976190476190476,0.16666666666666666,0.42857142857142855,0.944911182523068,0.972455591261534,0.6350373194402908,4,KG_TASK_EXPLICIT
132,198,0.6330818965517242,0.2661637931034483,0.1875,0.3448275862068966,1.0000000000000002,1.0,0.6330818965517242,3,KG_TASK_EXPLICIT
132,563,0.6303088803088803,0.26061776061776065,0.14285714285714285,0.3783783783783784,1.0000000000000002,1.0,0.6303088803088803,3,KG_TASK_EXPLICIT
133,501,0.6461640211640212,0.2923280423280423,0.21428571428571427,0.37037037037037035,0.9999999999999998,0.9999999999999999,0.6461640211640212,5,KG_TASK_EXPLICIT
133,52,0.6260683760683761,0.25213675213675213,0.2222222222222222,0.28205128205128205,1.0,1.0,0.6260683760683761,4,KG_TASK_EXPLICIT
133,599,0.6144762076434096,0.24358974358974358,0.15384615384615385,0.3333333333333333,0.9707253433941511,0.9853626716970756,0.6144762076434096,4,KG_TASK_EXPLICIT
133,568,0.6142857142857143,0.22857142857142856,0.14285714285714285,0.3142857142857143,1.0000000000000002,1.0,0.6142857142857143,3,KG_TASK_EXPLICIT
133,630,0.6095938375350141,0.219187675070028,0.17647058823529413,0.2619047619047619,1.0000000000000002,1.0,0.6095938375350141,3,KG_TASK_EXPLICIT
133,23,0.6045454545454545,0.2090909090909091,0.2,0.21818181818181817,1.0000000000000002,1.0,0.6045454545454545,3,KG_TASK_EXPLICIT
133,562,0.6031329686351397,0.22514071294559101,0.23076923076923078,0.21951219512195122,0.9622504486493764,0.9811252243246882,0.6031329686351397,6,KG_TASK_EXPLICIT
133,228,0.6022988505747127,0.20459770114942527,0.13333333333333333,0.27586206896551724,1.0,1.0,0.6022988505747127,4,KG_TASK_EXPLICIT
133,560,0.6015625,0.203125,0.125,0.28125,1.0,1.0,0.6015625,4,KG_TASK_EXPLICIT
133,513,0.6004945567199689,0.22289766970618033,0.19047619047619047,0.2553191489361702,0.9561828874675149,0.9780914437337574,0.6004945567199689,5,KG_TASK_EXPLICIT
134,139,0.7320790719897188,0.49275362318840576,0.3333333333333333,0.6521739130434783,0.9428090415820635,0.9714045207910318,0.7320790719897188,3,KG_TASK_EXPLICIT
134,71,0.7190355937288493,0.4666666666666667,0.3333333333333333,0.6,0.9428090415820635,0.9714045207910318,0.7190355937288493,3,KG_TASK_EXPLICIT
134,508,0.6116071428571428,0.2232142857142857,0.07142857142857142,0.375,1.0000000000000002,1.0,0.6116071428571428,3,KG_TASK_EXPLICIT
134,460,0.6115763862696417,0.2517482517482518,0.23076923076923078,0.2727272727272727,0.9428090415820635,0.9714045207910318,0.6115763862696417,3,KG_TASK_EXPLICIT
134,130,0.6056619378148708,0.2399193548387097,0.125,0.3548387096774194,0.9428090415820635,0.9714045207910318,0.6056619378148708,3,KG_TASK_EXPLICIT
134,362,0.6011904761904762,0.20238095238095238,0.07142857142857142,0.3333333333333333,1.0000000000000002,1.0,0.6011904761904762,3,KG_TASK_EXPLICIT
134,530,0.5969202898550725,0.19384057971014493,0.08333333333333333,0.30434782608695654,1.0000000000000002,1.0,0.5969202898550725,3,KG_TASK_EXPLICIT
134,268,0.5966232182229502,0.2121212121212121,0.09090909090909091,0.3333333333333333,0.9622504486493763,0.9811252243246882,0.5966232182229502,3,KG_TASK_EXPLICIT
134,701,0.5966232182229502,0.2121212121212121,0.09090909090909091,0.3333333333333333,0.9622504486493763,0.9811252243246882,0.5966232182229502,3,KG_TASK_EXPLICIT
134,402,0.5937598069345985,0.21557971014492752,0.08333333333333333,0.34782608695652173,0.9438798074485389,0.9719399037242695,0.5937598069345985,5,KG_TASK_EXPLICIT
135,702,0.725022044595472,0.5642857142857143,0.5,0.6285714285714286,0.7715167498104595,0.8857583749052298,0.725022044595472,4,KG_TASK_EXPLICIT
135,333,0.7214977149409705,0.4715909090909091,0.375,0.5681818181818182,0.9428090415820635,0.9714045207910318,0.7214977149409705,3,KG_TASK_EXPLICIT
135,242,0.6897163120567376,0.37943262411347517,0.3333333333333333,0.425531914893617,1.0,1.0,0.6897163120567376,4,KG_TASK_EXPLICIT
135,752,0.6727054693052013,0.36428571428571427,0.3,0.42857142857142855,0.9622504486493763,0.9811252243246882,0.6727054693052013,3,KG_TASK_EXPLICIT
135,14,0.6704545454545454,0.34090909090909094,0.3,0.38181818181818183,1.0000000000000002,1.0,0.6704545454545454,3,KG_TASK_EXPLICIT
135,509,0.6701007326007327,0.3402014652014652,0.23809523809523808,0.4423076923076923,1.0,1.0,0.6701007326007327,6,KG_TASK_EXPLICIT
135,45,0.6662578159510715,0.3611111111111111,0.25,0.4722222222222222,0.9428090415820635,0.9714045207910318,0.6662578159510715,3,KG_TASK_EXPLICIT
135,501,0.664082295070682,0.42727272727272725,0.45454545454545453,0.4,0.8017837257372731,0.9008918628686365,0.664082295070682,4,KG_TASK_EXPLICIT
135,499,0.6614313358485377,0.3375,0.25,0.425,0.9707253433941511,0.9853626716970756,0.6614313358485377,4,KG_TASK_EXPLICIT
135,562,0.65639858534716,0.3413926499032882,0.36363636363636365,0.3191489361702128,0.9428090415820635,0.9714045207910318,0.65639858534716,3,KG_TASK_EXPLICIT
136,333,0.7059681125321755,0.4394806338028169,0.34375,0.5352112676056338,0.944911182523068,0.972455591261534,0.7059681125321755,7,KG_TASK_EXPLICIT
136,255,0.6971076261426445,0.47228874444064317,0.32432432432432434,0.620253164556962,0.8438530156892917,0.9219265078446459,0.6971076261426445,14,KG_TASK_EXPLICIT
136,315,0.6950887102776768,0.4185563114134543,0.2962962962962963,0.5408163265306123,0.9432422182837986,0.9716211091418994,0.6950887102776768,14,KG_TASK_EXPLICIT
136,243,0.6878692033663452,0.47018485390578413,0.358974358974359,0.5813953488372093,0.8111071056538125,0.9055535528269063,0.6878692033663452,10,KG_TASK_EXPLICIT
136,173,0.6756622143173273,0.36684303350970016,0.19047619047619047,0.5432098765432098,0.968962790249909,0.9844813951249545,0.6756622143173273,12,KG_TASK_EXPLICIT
136,160,0.6671101485719435,0.361764705882353,0.3235294117647059,0.4,0.944911182523068,0.972455591261534,0.6671101485719435,7,KG_TASK_EXPLICIT
136,509,0.6644425675675676,0.35388513513513514,0.2702702702702703,0.4375,0.95,0.975,0.6644425675675676,13,KG_TASK_EXPLICIT
136,513,0.6615485630956299,0.4017647058823529,0.3235294117647059,0.48,0.8426648406178138,0.9213324203089068,0.6615485630956299,8,KG_TASK_EXPLICIT
136,52,0.6597375842374461,0.33499377334993774,0.2727272727272727,0.3972602739726027,0.968962790249909,0.9844813951249545,0.6597375842374461,6,KG_TASK_EXPLICIT
136,135,0.6536210265801106,0.33095238095238094,0.23333333333333334,0.42857142857142855,0.9525793444156805,0.9762896722078402,0.6536210265801106,3,KG_TASK_EXPLICIT
137,696,0.7289809132659433,0.4861111111111111,0.4722222222222222,0.5,0.943701430841551,0.9718507154207755,0.7289809132659433,9,KG_TASK_EXPLICIT
137,534,0.7273926384108407,0.4830031792614331,0.4482758620689655,0.5177304964539007,0.9435641951204965,0.9717820975602482,0.7273926384108407,15,KG_TASK_EXPLICIT
137,638,0.6733041259625951,0.4174107142857143,0.40625,0.42857142857142855,0.858395075278952,0.929197537639476,0.6733041259625951,8,KG_TASK_EXPLICIT
137,700,0.6460785718603994,0.3508958396598846,0.2972972972972973,0.4044943820224719,0.8825226081218283,0.9412613040609141,0.6460785718603994,24,KG_TASK_EXPLICIT
137,154,0.6439279239041091,0.31351419878296144,0.41379310344827586,0.21323529411764705,0.9486832980505138,0.9743416490252569,0.6439279239041091,4,KG_TASK_EXPLICIT
137,707,0.627667745786753,0.29707792207792205,0.2727272727272727,0.32142857142857145,0.9165151389911678,0.9582575694955839,0.627667745786753,27,KG_TASK_EXPLICIT
137,643,0.6214486336414182,0.29968900197907833,0.37037037037037035,0.22900763358778625,0.8864165306075164,0.9432082653037581,0.6214486336414182,26,KG_TASK_EXPLICIT
137,50,0.6194552067970107,0.26456876456876455,0.3333333333333333,0.1958041958041958,0.9486832980505138,0.9743416490252569,0.6194552067970107,7,KG_TASK_EXPLICIT
137,578,0.6157777972252133,0.341765873015873,0.35714285714285715,0.3263888888888889,0.7795794428691073,0.8897897214345536,0.6157777972252133,34,KG_TASK_EXPLICIT
137,446,0.6124468846575764,0.24680232558139537,0.325,0.1686046511627907,0.9561828874675149,0.9780914437337574,0.6124468846575764,5,KG_TASK_EXPLICIT
139,134,0.7320790719897188,0.49275362318840576,0.3333333333333333,0.6521739130434783,0.9428090415820635,0.9714045207910318,0.7320790719897188,3,KG_TASK_EXPLICIT
139,685,0.6827470600409188,0.43137254901960786,0.3333333333333333,0.5294117647058824,0.8682431421244593,0.9341215710622297,0.6827470600409188,5,KG_TASK_EXPLICIT
139,114,0.6765647639065678,0.3787878787878788,0.3333333333333333,0.42424242424242425,0.9486832980505138,0.9743416490252569,0.6765647639065678,5,KG_TASK_EXPLICIT
139,36,0.6516526873026143,0.36136363636363633,0.2727272727272727,0.45,0.8838834764831843,0.9419417382415922,0.6516526873026143,5,KG_TASK_EXPLICIT
139,462,0.6388251982281696,0.3051948051948052,0.18181818181818182,0.42857142857142855,0.944911182523068,0.972455591261534,0.6388251982281696,4,KG_TASK_EXPLICIT
139,719,0.6388251982281696,0.3051948051948052,0.18181818181818182,0.42857142857142855,0.944911182523068,0.972455591261534,0.6388251982281696,4,KG_TASK_EXPLICIT
139,386,0.637136843124956,0.31136363636363634,0.2727272727272727,0.35,0.9258200997725514,0.9629100498862757,0.637136843124956,4,KG_TASK_EXPLICIT
139,239,0.6334295331227886,0.29545454545454547,0.18181818181818182,0.4090909090909091,0.9428090415820635,0.9714045207910318,0.6334295331227886,3,KG_TASK_EXPLICIT
139,268,0.630718954248366,0.261437908496732,0.1111111111111111,0.4117647058823529,1.0000000000000002,1.0,0.630718954248366,3,KG_TASK_EXPLICIT
139,501,0.6231325575355289,0.2738095238095238,0.21428571428571427,0.3333333333333333,0.944911182523068,0.972455591261534,0.6231325575355289,4,KG_TASK_EXPLICIT
140,354,0.9333333333333333,0.95,0.9,1.0,0.8333333333333334,0.9166666666666667,0.9333333333333333,6,KG_TASK_EXPLICIT
140,561,0.8914835164835165,0.8663003663003663,0.8095238095238095,0.9230769230769231,0.8333333333333335,0.9166666666666667,0.8914835164835165,3,KG_TASK_EXPLICIT
140,269,0.818887303327062,0.7047619047619047,0.8095238095238095,0.6,0.8660254037844387,0.9330127018922194,0.818887303327062,8,KG_TASK_EXPLICIT
140,559,0.8061011904761904,0.6622023809523809,0.7619047619047619,0.5625,0.8999999999999998,0.95,0.8061011904761904,7,KG_TASK_EXPLICIT
140,31,0.8010651629072683,0.768796992481203,0.8947368421052632,0.6428571428571429,0.6666666666666667,0.8333333333333334,0.8010651629072683,16,KG_TASK_EXPLICIT
140,55,0.7816575784175492,0.8865384615384615,0.85,0.9230769230769231,0.35355339059327373,0.6767766952966369,0.7816575784175492,5,KG_TASK_EXPLICIT
140,503,0.7309650445787516,0.8472222222222222,0.9444444444444444,0.75,0.22941573387056174,0.6147078669352809,0.7309650445787516,40,KG_TASK_EXPLICIT
140,443,0.7256746624606467,0.5786713286713286,0.7727272727272727,0.38461538461538464,0.7453559924999299,0.8726779962499649,0.7256746624606467,17,KG_TASK_EXPLICIT
140,331,0.7219812880890744,0.5357142857142857,0.6428571428571429,0.42857142857142855,0.8164965809277261,0.9082482904638631,0.7219812880890744,3,KG_TASK_EXPLICIT
140,117,0.7162443844744718,0.6557894736842105,0.68,0.631578947368421,0.5533985905294664,0.7766992952647331,0.7162443844744718,14,KG_TASK_EXPLICIT
141,443,0.8301151001283438,0.7165242165242165,0.6923076923076923,0.7407407407407407,0.8874119674649422,0.943705983732471,0.8301151001283438,14,KG_TASK_EXPLICIT
141,354,0.814215537537794,0.6567028985507246,0.7916666666666666,0.5217391304347826,0.9434563530497265,0.9717281765248633,0.814215537537794,4,KG_TASK_EXPLICIT
141,561,0.7931448361039202,0.61,0.72,0.5,0.9525793444156805,0.9762896722078402,0.7931448361039202,3,KG_TASK_EXPLICIT
141,269,0.7838866185288014,0.5958333333333333,0.7916666666666666,0.4,0.9438798074485389,0.9719399037242695,0.7838866185288014,7,KG_TASK_EXPLICIT
141,237,0.7678571428571428,0.5892857142857143,0.6785714285714286,0.5,0.8928571428571428,0.9464285714285714,0.7678571428571428,16,KG_TASK_EXPLICIT
141,55,0.7488389981249824,0.625,0.75,0.5,0.7453559924999299,0.8726779962499649,0.7488389981249824,8,KG_TASK_EXPLICIT
141,559,0.7234072828102542,0.47435897435897434,0.6153846153846154,0.3333333333333333,0.944911182523068,0.972455591261534,0.7234072828102542,5,KG_TASK_EXPLICIT
141,583,0.7205626121623441,0.46,0.12,0.8,0.9622504486493763,0.9811252243246882,0.7205626121623441,3,KG_TASK_EXPLICIT
141,31,0.7099625207859482,0.5341666666666667,0.7083333333333334,0.36,0.7715167498104596,0.8857583749052298,0.7099625207859482,9,KG_TASK_EXPLICIT
141,611,0.6996452785645273,0.42592592592592593,0.1111111111111111,0.7407407407407407,0.9467292624062573,0.9733646312031287,0.6996452785645273,9,KG_TASK_EXPLICIT
142,511,0.7328016081199208,0.5573549257759784,0.6410256410256411,0.47368421052631576,0.8164965809277261,0.9082482904638631,0.7328016081199208,3,KG_TASK_EXPLICIT
142,289,0.7264030612244898,0.5153061224489797,0.5306122448979592,0.5,0.8749999999999998,0.9374999999999999,0.7264030612244898,8,KG_TASK_EXPLICIT
142,376,0.7067417631415681,0.4722222222222222,0.4444444444444444,0.5,0.882522608121828,0.941261304060914,0.7067417631415681,7,KG_TASK_EXPLICIT
142,61,0.7021857526762245,0.5170731707317073,0.6341463414634146,0.4,0.7745966692414834,0.8872983346207417,0.7021857526762245,5,KG_TASK_EXPLICIT
142,516,0.6883333333333334,0.5016666666666667,0.62,0.38333333333333336,0.7499999999999999,0.875,0.6883333333333334,8,KG_TASK_EXPLICIT
142,482,0.6562499406896994,0.37948717948717947,0.358974358974359,0.4,0.8660254037844387,0.9330127018922194,0.6562499406896994,9,KG_TASK_EXPLICIT
142,123,0.6552983442814855,0.45424836601307195,0.5555555555555556,0.35294117647058826,0.7126966450997984,0.8563483225498991,0.6552983442814855,9,KG_TASK_EXPLICIT
142,62,0.6522722381786086,0.43561208267090623,0.4594594594594595,0.4117647058823529,0.7378647873726218,0.8689323936863109,0.6522722381786086,8,KG_TASK_EXPLICIT
142,533,0.648568589676376,0.3888888888888889,0.4166666666666667,0.3611111111111111,0.8164965809277261,0.9082482904638631,0.648568589676376,7,KG_TASK_EXPLICIT
142,586,0.645102620100743,0.3343629343629344,0.2972972972972973,0.37142857142857144,0.9116846116771036,0.9558423058385518,0.645102620100743,5,KG_TASK_EXPLICIT
144,188,0.6559233449477352,0.3118466898954704,0.1951219512195122,0.42857142857142855,1.0,1.0,0.6559233449477352,4,KG_TASK_EXPLICIT
144,294,0.6527848343845664,0.3244444444444444,0.2222222222222222,0.4266666666666667,0.9622504486493763,0.9811252243246882,0.6527848343845664,3,KG_TASK_EXPLICIT
144,694,0.6090909090909091,0.21818181818181817,0.13636363636363635,0.3,1.0000000000000002,1.0,0.6090909090909091,3,KG_TASK_EXPLICIT
144,39,0.5844960759588216,0.18786692759295498,0.14285714285714285,0.2328767123287671,0.9622504486493763,0.9811252243246882,0.5844960759588216,3,KG_TASK_EXPLICIT
144,324,0.5803850945035722,0.1783882783882784,0.09523809523809523,0.26153846153846155,0.9647638212377322,0.982381910618866,0.5803850945035722,4,KG_TASK_EXPLICIT
144,560,0.5633919747352446,0.1543283582089552,0.04,0.26865671641791045,0.944911182523068,0.972455591261534,0.5633919747352446,4,KG_TASK_EXPLICIT
144,25,0.5524305503896344,0.12857142857142856,0.1,0.15714285714285714,0.9525793444156805,0.9762896722078402,0.5524305503896344,3,KG_TASK_EXPLICIT
144,121,0.5492168410141786,0.12597809076682315,0.1111111111111111,0.14084507042253522,0.944911182523068,0.972455591261534,0.5492168410141786,4,KG_TASK_EXPLICIT
144,499,0.5487160654056954,0.12309048178613397,0.043478260869565216,0.20270270270270271,0.9486832980505138,0.9743416490252569,0.5487160654056954,5,KG_TASK_EXPLICIT
144,419,0.5425058547472489,0.11360718870346598,0.10526315789473684,0.12195121951219512,0.9428090415820635,0.9714045207910318,0.5425058547472489,3,KG_TASK_EXPLICIT
145,422,0.6711067861159167,0.365,0.25,0.48,0.9544271444636666,0.9772135722318334,0.6711067861159167,7,KG_TASK_EXPLICIT
145,533,0.6233411275880058,0.2636363636363636,0.22727272727272727,0.3,0.9660917830792958,0.9830458915396478,0.6233411275880058,24,KG_TASK_EXPLICIT
145,593,0.6224788148744547,0.27384615384615385,0.3076923076923077,0.24,0.9422229518055112,0.9711114759027556,0.6224788148744547,17,KG_TASK_EXPLICIT
145,70,0.6179948038723597,0.2950310559006211,0.2857142857142857,0.30434782608695654,0.8819171036881969,0.9409585518440984,0.6179948038723597,67,KG_TASK_EXPLICIT
145,162,0.5968749999999999,0.29375,0.1875,0.4,0.7999999999999999,0.8999999999999999,0.5968749999999999,12,KG_TASK_EXPLICIT
145,488,0.5939475966345762,0.2857142857142857,0.23809523809523808,0.3333333333333333,0.8043618151097336,0.9021809075548668,0.5939475966345762,59,KG_TASK_EXPLICIT
145,673,0.5923872980535958,0.29166666666666663,0.25,0.3333333333333333,0.7862158588810496,0.8931079294405249,0.5923872980535958,22,KG_TASK_EXPLICIT
145,107,0.5897982178179632,0.22252747252747251,0.21428571428571427,0.23076923076923078,0.9141379262169076,0.9570689631084538,0.5897982178179632,11,KG_TASK_EXPLICIT
145,586,0.5889437789038602,0.23333333333333334,0.2,0.26666666666666666,0.889108448948774,0.944554224474387,0.5889437789038602,16,KG_TASK_EXPLICIT
145,62,0.584605874699258,0.25517241379310346,0.2,0.3103448275862069,0.828078671210825,0.9140393356054125,0.584605874699258,30,KG_TASK_EXPLICIT
146,719,0.5631857941739071,0.16346153846153846,0.25,0.07692307692307693,0.9258200997725516,0.9629100498862758,0.5631857941739071,9,KG_TASK_EXPLICIT
147,653,0.7784831541015496,0.6071428571428572,0.5,0.7142857142857143,0.8996469021204839,0.9498234510602419,0.7784831541015496,11,KG_TASK_EXPLICIT
147,677,0.6889822365046137,0.5,0.3333333333333333,0.6666666666666666,0.7559289460184544,0.8779644730092272,0.6889822365046137,4,KG_TASK_EXPLICIT
147,652,0.6341354723707665,0.3137254901960784,0.3333333333333333,0.29411764705882354,0.9090909090909091,0.9545454545454546,0.6341354723707665,18,KG_TASK_EXPLICIT
147,635,0.5592328027209157,0.15555555555555556,0.1111111111111111,0.2,0.9258200997725514,0.9629100498862757,0.5592328027209157,18,KG_TASK_EXPLICIT
147,142,0.5569083691207961,0.171875,0.09375,0.25,0.8838834764831843,0.9419417382415922,0.5569083691207961,6,KG_TASK_EXPLICIT
147,303,0.5523318475429365,0.13695652173913042,0.1,0.17391304347826086,0.9354143466934853,0.9677071733467426,0.5523318475429365,5,KG_TASK_EXPLICIT
147,722,0.5482022603955159,0.125,0.125,0.125,0.9428090415820635,0.9714045207910318,0.5482022603955159,3,KG_TASK_EXPLICIT
147,170,0.5288124787350555,0.16443850267379678,0.18181818181818182,0.14705882352941177,0.7863729095926286,0.8931864547963143,0.5288124787350555,53,KG_TASK_EXPLICIT
147,624,0.5265506332053694,0.07681159420289854,0.06666666666666667,0.08695652173913043,0.9525793444156805,0.9762896722078402,0.5265506332053694,3,KG_TASK_EXPLICIT
147,546,0.5233896633859229,0.0875,0.125,0.05,0.9185586535436917,0.9592793267718458,0.5233896633859229,9,KG_TASK_EXPLICIT
148,650,0.5038374911792951,0.03333333333333333,0.0,0.06666666666666667,0.9486832980505138,0.9743416490252569,0.5038374911792951,4,KG_TASK_EXPLICIT
148,367,0.4351100286299702,0.016666666666666666,0.0,0.03333333333333333,0.7071067811865475,0.8535533905932737,0.4351100286299702,4,KG_TASK_EXPLICIT
148,472,0.40715808011791926,0.02564102564102564,0.0,0.05128205128205128,0.5773502691896258,0.7886751345948129,0.40715808011791926,6,KG_TASK_EXPLICIT
148,48,0.3553606834696981,0.021739130434782608,0.0,0.043478260869565216,0.3779644730092272,0.6889822365046137,0.3553606834696981,7,KG_TASK_EXPLICIT
148,471,0.32112794612794615,0.14225589225589225,0.14814814814814814,0.13636363636363635,0.0,0.5,0.32112794612794615,5,KG_TASK_EXPLICIT
148,382,0.3147791890991355,0.03333333333333333,0.0,0.06666666666666667,0.19245008972987526,0.5962250448649377,0.3147791890991355,9,KG_TASK_EXPLICIT
148,239,0.31179846864976635,0.05555555555555555,0.0,0.1111111111111111,0.13608276348795434,0.5680413817439771,0.31179846864976635,6,KG_TASK_EXPLICIT
148,289,0.31171735241502685,0.12343470483005367,0.09302325581395349,0.15384615384615385,0.0,0.5,0.31171735241502685,10,KG_TASK_EXPLICIT
148,673,0.2727272727272727,0.045454545454545456,0.0,0.09090909090909091,0.0,0.5,0.2727272727272727,3,KG_TASK_EXPLICIT
148,408,0.26785714285714285,0.03571428571428571,0.0,0.07142857142857142,0.0,0.5,0.26785714285714285,8,KG_TASK_EXPLICIT
149,479,0.7740840867170087,0.5833333333333334,0.3333333333333333,0.8333333333333334,0.9296696802013682,0.9648348401006841,0.7740840867170087,11,KG_TASK_EXPLICIT
149,396,0.7619617224880383,0.5239234449760766,0.36363636363636365,0.6842105263157895,0.9999999999999999,1.0,0.7619617224880383,7,KG_TASK_EXPLICIT
149,55,0.7593582887700534,0.5187165775401069,0.2727272727272727,0.7647058823529411,1.0,1.0,0.7593582887700534,5,KG_TASK_EXPLICIT
149,561,0.7564241855292058,0.5414438502673796,0.3181818181818182,0.7647058823529411,0.9428090415820635,0.9714045207910318,0.7564241855292058,3,KG_TASK_EXPLICIT
149,129,0.7223155698379469,0.5666666666666667,0.3,0.8333333333333334,0.7559289460184544,0.8779644730092272,0.7223155698379469,8,KG_TASK_EXPLICIT
149,601,0.7165071770334928,0.43301435406698563,0.18181818181818182,0.6842105263157895,0.9999999999999998,0.9999999999999999,0.7165071770334928,5,KG_TASK_EXPLICIT
149,579,0.702558359783213,0.48376623376623373,0.2857142857142857,0.6818181818181818,0.8427009716003846,0.9213504858001923,0.702558359783213,17,KG_TASK_EXPLICIT
149,631,0.6969677322938193,0.4375,0.25,0.625,0.9128709291752769,0.9564354645876385,0.6969677322938193,7,KG_TASK_EXPLICIT
149,354,0.6967718118046198,0.45710784313725494,0.20833333333333334,0.7058823529411765,0.8728715609439696,0.9364357804719847,0.6967718118046198,4,KG_TASK_EXPLICIT
149,418,0.6933920127862341,0.525,0.3,0.75,0.7235680511449364,0.8617840255724682,0.6933920127862341,16,KG_TASK_EXPLICIT
150,175,0.4395013786318134,0.19642857142857142,0.25,0.14285714285714285,0.3651483716701107,0.6825741858350554,0.4395013786318134,7,KG_TASK_EXPLICIT
150,386,0.325,0.15000000000000002,0.2,0.1,0.0,0.5,0.325,17,KG_TASK_EXPLICIT
150,61,0.32141686978889805,0.027106227106227107,0.02857142857142857,0.02564102564102564,0.23145502494313788,0.615727512471569,0.32141686978889805,18,KG_TASK_EXPLICIT
150,370,0.31314102564102564,0.04294871794871795,0.06666666666666667,0.019230769230769232,0.16666666666666666,0.5833333333333334,0.31314102564102564,6,KG_TASK_EXPLICIT
150,361,0.30208935100403644,0.02702702702702703,0.02702702702702703,0.02702702702702703,0.15430334996209194,0.5771516749810459,0.30208935100403644,17,KG_TASK_EXPLICIT
150,173,0.297947255867652,0.0329004329004329,0.047619047619047616,0.01818181818181818,0.1259881576697424,0.5629940788348712,0.297947255867652,9,KG_TASK_EXPLICIT
150,218,0.13685983827493262,0.02371967654986523,0.02857142857142857,0.018867924528301886,-0.5,0.25,0.13685983827493262,4,KG_TASK_EXPLICIT
152,45,0.6341642228739003,0.26832844574780057,0.18181818181818182,0.3548387096774194,1.0000000000000002,1.0,0.6341642228739003,3,KG_TASK_EXPLICIT
152,182,0.6222101969034524,0.27301587301587305,0.19047619047619047,0.35555555555555557,0.9428090415820635,0.9714045207910318,0.6222101969034524,3,KG_TASK_EXPLICIT
152,371,0.6103448275862069,0.2206896551724138,0.2,0.2413793103448276,1.0,1.0,0.6103448275862069,4,KG_TASK_EXPLICIT
152,286,0.6068041353678753,0.24115267947421637,0.08695652173913043,0.3953488372093023,0.944911182523068,0.972455591261534,0.6068041353678753,4,KG_TASK_EXPLICIT
152,689,0.6007575757575758,0.20151515151515154,0.1,0.30303030303030304,1.0000000000000002,1.0,0.6007575757575758,3,KG_TASK_EXPLICIT
152,427,0.6006816597813918,0.22023809523809523,0.08333333333333333,0.35714285714285715,0.9622504486493763,0.9811252243246882,0.6006816597813918,3,KG_TASK_EXPLICIT
152,612,0.5850202429149798,0.1700404858299595,0.07692307692307693,0.2631578947368421,1.0,1.0,0.5850202429149798,4,KG_TASK_EXPLICIT
152,447,0.5831925675675675,0.16638513513513514,0.0625,0.2702702702702703,1.0,1.0,0.5831925675675675,4,KG_TASK_EXPLICIT
152,513,0.5751625429391295,0.17598343685300208,0.047619047619047616,0.30434782608695654,0.9486832980505138,0.9743416490252569,0.5751625429391295,4,KG_TASK_EXPLICIT
152,679,0.5748062015503876,0.1496124031007752,0.06666666666666667,0.23255813953488372,1.0000000000000002,1.0,0.5748062015503876,3,KG_TASK_EXPLICIT
153,263,0.8416241452319315,0.775,0.75,0.8,0.8164965809277261,0.9082482904638631,0.8416241452319315,3,KG_TASK_EXPLICIT
153,555,0.6375,0.775,0.75,0.8,0.0,0.5,0.6375,5,KG_TASK_EXPLICIT
153,440,0.58539024537864,0.29545454545454547,0.5,0.09090909090909091,0.7506518906054691,0.8753259453027346,0.58539024537864,11,KG_TASK_EXPLICIT
153,377,0.5071428571428571,0.014285714285714285,0.0,0.02857142857142857,1.0,1.0,0.5071428571428571,3,KG_TASK_EXPLICIT
153,356,0.49579081189859825,0.08333333333333333,0.125,0.041666666666666664,0.8164965809277261,0.9082482904638631,0.49579081189859825,3,KG_TASK_EXPLICIT
153,102,0.49505966443614075,0.18333333333333335,0.2,0.16666666666666666,0.6135719910778963,0.8067859955389481,0.49505966443614075,9,KG_TASK_EXPLICIT
153,360,0.4904960017154119,0.05459057071960298,0.03225806451612903,0.07692307692307693,0.8528028654224417,0.9264014327112209,0.4904960017154119,5,KG_TASK_EXPLICIT
153,502,0.4866188480273794,0.2121212121212121,0.3333333333333333,0.09090909090909091,0.5222329678670935,0.7611164839335467,0.4866188480273794,7,KG_TASK_EXPLICIT
153,176,0.4826367322083228,0.24166666666666667,0.4,0.08333333333333333,0.4472135954999579,0.7236067977499789,0.4826367322083228,7,KG_TASK_EXPLICIT
153,277,0.4794117647058823,0.12549019607843137,0.13333333333333333,0.11764705882352941,0.6666666666666666,0.8333333333333333,0.4794117647058823,3,KG_TASK_EXPLICIT
154,392,0.7747252747252747,0.5494505494505495,0.38095238095238093,0.717948717948718,1.0000000000000002,1.0,0.7747252747252747,3,KG_TASK_EXPLICIT
154,578,0.7319338808190605,0.48274253731343286,0.5625,0.40298507462686567,0.9622504486493763,0.9811252243246882,0.7319338808190605,3,KG_TASK_EXPLICIT
154,249,0.7198054711807138,0.5065982404692082,0.5454545454545454,0.46774193548387094,0.8660254037844387,0.9330127018922194,0.7198054711807138,4,KG_TASK_EXPLICIT
154,333,0.7150000000000001,0.43000000000000005,0.4,0.46,1.0000000000000002,1.0,0.7150000000000001,3,KG_TASK_EXPLICIT
154,612,0.6999643215640535,0.4188034188034188,0.2222222222222222,0.6153846153846154,0.9622504486493763,0.9811252243246882,0.6999643215640535,3,KG_TASK_EXPLICIT
154,53,0.6847826086956521,0.3695652173913043,0.3333333333333333,0.4057971014492754,1.0000000000000002,1.0,0.6847826086956521,3,KG_TASK_EXPLICIT
154,276,0.6800477902850613,0.3857539315448658,0.2608695652173913,0.5106382978723404,0.9486832980505138,0.9743416490252569,0.6800477902850613,5,KG_TASK_EXPLICIT
154,24,0.6790063509461097,0.42500000000000004,0.4,0.45,0.8660254037844387,0.9330127018922194,0.6790063509461097,4,KG_TASK_EXPLICIT
154,114,0.6767734553775744,0.35354691075514877,0.3157894736842105,0.391304347826087,1.0000000000000002,1.0,0.6767734553775744,3,KG_TASK_EXPLICIT
154,678,0.6741374913893972,0.36714975845410625,0.2777777777777778,0.45652173913043476,0.9622504486493763,0.9811252243246882,0.6741374913893972,3,KG_TASK_EXPLICIT
155,202,0.7038123167155426,0.407624633431085,0.36363636363636365,0.45161290322580644,1.0000000000000002,1.0,0.7038123167155426,3,KG_TASK_EXPLICIT
155,466,0.6941438879042829,0.41666666666666663,0.3333333333333333,0.5,0.9432422182837986,0.9716211091418994,0.6941438879042829,8,KG_TASK_EXPLICIT
155,203,0.6434212427754291,0.45833333333333337,0.4166666666666667,0.5,0.6570183044350496,0.8285091522175247,0.6434212427754291,27,KG_TASK_EXPLICIT
155,636,0.6410190187044416,0.5,0.3333333333333333,0.6666666666666666,0.5640760748177662,0.7820380374088831,0.6410190187044416,8,KG_TASK_EXPLICIT
155,36,0.6347665121302457,0.5416666666666666,0.3333333333333333,0.75,0.4557327151876499,0.7278663575938249,0.6347665121302457,15,KG_TASK_EXPLICIT
155,307,0.6168496522309105,0.4563492063492064,0.35714285714285715,0.5555555555555556,0.5547001962252291,0.7773500981126146,0.6168496522309105,15,KG_TASK_EXPLICIT
155,139,0.6156920813450527,0.2589285714285714,0.14285714285714285,0.375,0.944911182523068,0.972455591261534,0.6156920813450527,4,KG_TASK_EXPLICIT
155,112,0.6086118161855452,0.390625,0.3125,0.46875,0.6531972647421808,0.8265986323710903,0.6086118161855452,24,KG_TASK_EXPLICIT
155,584,0.6083213080145635,0.24523809523809526,0.13333333333333333,0.35714285714285715,0.9428090415820635,0.9714045207910318,0.6083213080145635,3,KG_TASK_EXPLICIT
155,92,0.5969620609078736,0.24671052631578946,0.125,0.3684210526315789,0.8944271909999159,0.9472135954999579,0.5969620609078736,11,KG_TASK_EXPLICIT
156,400,0.635615363877287,0.2974137931034483,0.25,0.3448275862068966,0.9476338693022512,0.9738169346511256,0.635615363877287,19,KG_TASK_EXPLICIT
156,529,0.6057996965069665,0.29166666666666663,0.25,0.3333333333333333,0.8398654526945328,0.9199327263472664,0.6057996965069665,32,KG_TASK_EXPLICIT
156,445,0.602973322693319,0.3333333333333333,0.3333333333333333,0.3333333333333333,0.7452266241066098,0.8726133120533048,0.602973322693319,27,KG_TASK_EXPLICIT
156,713,0.6016520481360865,0.2236024844720497,0.14285714285714285,0.30434782608695654,0.9594032236002469,0.9797016118001234,0.6016520481360865,14,KG_TASK_EXPLICIT
156,91,0.5844029443762954,0.23214285714285712,0.08333333333333333,0.38095238095238093,0.873326063219467,0.9366630316097335,0.5844029443762954,15,KG_TASK_EXPLICIT
156,389,0.5794327292745332,0.1845238095238095,0.08333333333333333,0.2857142857142857,0.9486832980505138,0.9743416490252569,0.5794327292745332,6,KG_TASK_EXPLICIT
156,113,0.5779641651574207,0.1845238095238095,0.08333333333333333,0.2857142857142857,0.9428090415820635,0.9714045207910318,0.5779641651574207,6,KG_TASK_EXPLICIT
156,250,0.5779465712252845,0.29444444444444445,0.2,0.3888888888888889,0.722897396012249,0.8614486980061244,0.5779465712252845,22,KG_TASK_EXPLICIT
156,686,0.5723381985936358,0.15931372549019607,0.08333333333333333,0.23529411764705882,0.9707253433941511,0.9853626716970756,0.5723381985936358,4,KG_TASK_EXPLICIT
156,325,0.5681760477139233,0.22291666666666665,0.13333333333333333,0.3125,0.82687085752236,0.91343542876118,0.5681760477139233,44,KG_TASK_EXPLICIT
158,499,0.7475341372666178,0.5292207792207793,0.2727272727272727,0.7857142857142857,0.9316949906249125,0.9658474953124563,0.7475341372666178,9,KG_TASK_EXPLICIT
158,36,0.7230318525533179,0.5108695652173914,0.5,0.5217391304347826,0.8703882797784892,0.9351941398892446,0.7230318525533179,5,KG_TASK_EXPLICIT
158,427,0.7214073642291439,0.4583333333333333,0.16666666666666666,0.75,0.968962790249909,0.9844813951249545,0.7214073642291439,9,KG_TASK_EXPLICIT
158,678,0.7127848343845663,0.4444444444444444,0.3333333333333333,0.5555555555555556,0.9622504486493763,0.9811252243246882,0.7127848343845663,3,KG_TASK_EXPLICIT
158,280,0.7123655913978495,0.4247311827956989,0.3333333333333333,0.5161290322580645,1.0,1.0,0.7123655913978495,3,KG_TASK_EXPLICIT
158,276,0.7042362057321039,0.4365325077399381,0.29411764705882354,0.5789473684210527,0.9438798074485389,0.9719399037242695,0.7042362057321039,5,KG_TASK_EXPLICIT
158,721,0.6985669818809269,0.42572944297082227,0.23076923076923078,0.6206896551724138,0.9428090415820632,0.9714045207910316,0.6985669818809269,3,KG_TASK_EXPLICIT
158,312,0.6837100255578517,0.38055555555555554,0.25,0.5111111111111111,0.9737289911202953,0.9868644955601477,0.6837100255578517,6,KG_TASK_EXPLICIT
158,264,0.6735134171052211,0.3726851851851852,0.375,0.37037037037037035,0.9486832980505138,0.9743416490252569,0.6735134171052211,6,KG_TASK_EXPLICIT
158,50,0.6687508590532167,0.36413708690330476,0.2631578947368421,0.46511627906976744,0.9467292624062573,0.9733646312031287,0.6687508590532167,6,KG_TASK_EXPLICIT
159,483,0.6572292788290107,0.3333333333333333,0.3333333333333333,0.3333333333333333,0.9622504486493763,0.9811252243246882,0.6572292788290107,3,KG_TASK_EXPLICIT
159,499,0.6110563815840189,0.2574525745257452,0.2222222222222222,0.2926829268292683,0.9293203772845849,0.9646601886422925,0.6110563815840189,7,KG_TASK_EXPLICIT
159,312,0.5810344827586207,0.16206896551724137,0.1,0.22413793103448276,1.0,1.0,0.5810344827586207,4,KG_TASK_EXPLICIT
159,276,0.5754061186302755,0.1764705882352941,0.11764705882352941,0.23529411764705882,0.9486832980505138,0.9743416490252569,0.5754061186302755,4,KG_TASK_EXPLICIT
159,158,0.5711008059000617,0.1625,0.1,0.225,0.9594032236002469,0.9797016118001234,0.5711008059000617,7,KG_TASK_EXPLICIT
159,500,0.5618240552673108,0.15224358974358976,0.125,0.1794871794871795,0.9428090415820635,0.9714045207910318,0.5618240552673108,3,KG_TASK_EXPLICIT
159,309,0.5604969814962046,0.1329004329004329,0.047619047619047616,0.21818181818181817,0.9761870601839528,0.9880935300919764,0.5604969814962046,8,KG_TASK_EXPLICIT
159,52,0.5598378986933883,0.14827127659574468,0.0625,0.23404255319148937,0.9428090415820635,0.9714045207910318,0.5598378986933883,3,KG_TASK_EXPLICIT
159,131,0.5564015937433977,0.13846153846153847,0.2,0.07692307692307693,0.9486832980505138,0.9743416490252569,0.5564015937433977,4,KG_TASK_EXPLICIT
159,424,0.5525177416191329,0.128125,0.1,0.15625,0.9538209664765318,0.9769104832382659,0.5525177416191329,7,KG_TASK_EXPLICIT
160,466,0.7798092209856916,0.5596184419713832,0.47058823529411764,0.6486486486486487,1.0000000000000002,1.0,0.7798092209856916,3,KG_TASK_EXPLICIT
160,45,0.7410130718954249,0.48202614379084974,0.35294117647058826,0.6111111111111112,0.9999999999999998,0.9999999999999999,0.7410130718954249,5,KG_TASK_EXPLICIT
160,186,0.6956451612903226,0.39129032258064517,0.3225806451612903,0.46,1.0000000000000002,1.0,0.6956451612903226,6,KG_TASK_EXPLICIT
160,112,0.6945869033914638,0.6356275303643725,0.5789473684210527,0.6923076923076923,0.50709255283711,0.753546276418555,0.6945869033914638,10,KG_TASK_EXPLICIT
160,678,0.6831140350877193,0.36622807017543857,0.3157894736842105,0.4166666666666667,1.0,1.0,0.6831140350877193,4,KG_TASK_EXPLICIT
160,499,0.6806941911097125,0.38026315789473686,0.21052631578947367,0.55,0.9622504486493764,0.9811252243246882,0.6806941911097125,6,KG_TASK_EXPLICIT
160,244,0.6798007246376812,0.3596014492753623,0.2608695652173913,0.4583333333333333,1.0,1.0,0.6798007246376812,4,KG_TASK_EXPLICIT
160,447,0.6776246023329798,0.3552492046659597,0.17391304347826086,0.5365853658536586,1.0,1.0,0.6776246023329798,4,KG_TASK_EXPLICIT
160,513,0.6767380295591865,0.3753846153846154,0.23076923076923078,0.52,0.9561828874675149,0.9780914437337574,0.6767380295591865,7,KG_TASK_EXPLICIT
160,679,0.6765450861195542,0.35309017223910844,0.23809523809523808,0.46808510638297873,1.0000000000000002,1.0,0.6765450861195542,3,KG_TASK_EXPLICIT
161,24,0.8101546954803704,0.6459677419354839,0.55,0.7419354838709677,0.9486832980505138,0.9743416490252569,0.8101546954803704,4,KG_TASK_EXPLICIT
161,429,0.7136591478696741,0.4273182957393483,0.38095238095238093,0.47368421052631576,1.0000000000000002,1.0,0.7136591478696741,3,KG_TASK_EXPLICIT
161,505,0.7055552015719865,0.43970588235294117,0.35,0.5294117647058824,0.9428090415820635,0.9714045207910318,0.7055552015719865,3,KG_TASK_EXPLICIT
161,487,0.6908783783783784,0.38175675675675674,0.25,0.5135135135135135,1.0000000000000002,1.0,0.6908783783783784,3,KG_TASK_EXPLICIT
161,360,0.6896103896103896,0.37922077922077924,0.2857142857142857,0.4727272727272727,1.0,1.0,0.6896103896103896,4,KG_TASK_EXPLICIT
161,579,0.6894901391833947,0.4075757575757576,0.3,0.5151515151515151,0.9428090415820635,0.9714045207910318,0.6894901391833947,3,KG_TASK_EXPLICIT
161,303,0.6831140350877193,0.36622807017543857,0.3157894736842105,0.4166666666666667,1.0000000000000002,1.0,0.6831140350877193,3,KG_TASK_EXPLICIT
161,231,0.6800822561692126,0.3601645123384254,0.2608695652173913,0.4594594594594595,0.9999999999999998,0.9999999999999999,0.6800822561692126,5,KG_TASK_EXPLICIT
161,219,0.6786903022627745,0.3762553802008608,0.2647058823529412,0.4878048780487805,0.9622504486493763,0.9811252243246882,0.6786903022627745,3,KG_TASK_EXPLICIT
161,149,0.6767113095238095,0.35342261904761907,0.23809523809523808,0.46875,1.0,1.0,0.6767113095238095,4,KG_TASK_EXPLICIT
162,274,0.6623376623376622,0.3246753246753247,0.36363636363636365,0.2857142857142857,0.9999999999999998,0.9999999999999999,0.6623376623376622,5,KG_TASK_EXPLICIT
162,223,0.6408640882624317,0.31,0.3,0.32,0.9434563530497265,0.9717281765248633,0.6408640882624317,7,KG_TASK_EXPLICIT
162,422,0.6317654191072231,0.28918918918918923,0.2,0.3783783783783784,0.9486832980505138,0.9743416490252569,0.6317654191072231,4,KG_TASK_EXPLICIT
162,295,0.631615463265008,0.2895467160037003,0.21739130434782608,0.3617021276595745,0.9473684210526314,0.9736842105263157,0.631615463265008,16,KG_TASK_EXPLICIT
162,576,0.6296628407460545,0.25932568149210905,0.1951219512195122,0.3235294117647059,1.0000000000000002,1.0,0.6296628407460545,3,KG_TASK_EXPLICIT
162,160,0.6285846438482886,0.2571692876965772,0.17391304347826086,0.3404255319148936,1.0000000000000002,1.0,0.6285846438482886,3,KG_TASK_EXPLICIT
162,360,0.6219990027705868,0.2677083333333333,0.21875,0.31666666666666665,0.9525793444156805,0.9762896722078402,0.6219990027705868,6,KG_TASK_EXPLICIT
162,678,0.6185857321652065,0.23717146433041303,0.17647058823529413,0.2978723404255319,1.0000000000000002,1.0,0.6185857321652065,3,KG_TASK_EXPLICIT
162,713,0.617996344877921,0.24789915966386555,0.14285714285714285,0.35294117647058826,0.9761870601839528,0.9880935300919764,0.617996344877921,5,KG_TASK_EXPLICIT
162,477,0.6172930761478137,0.28273809523809523,0.35714285714285715,0.20833333333333334,0.903696114115064,0.9518480570575321,0.6172930761478137,7,KG_TASK_EXPLICIT
163,376,0.705606210061038,0.4523809523809524,0.40476190476190477,0.5,0.917662935482247,0.9588314677411235,0.705606210061038,10,KG_TASK_EXPLICIT
163,222,0.6978336862338526,0.4232117812061711,0.21739130434782608,0.6290322580645161,0.944911182523068,0.972455591261534,0.6978336862338526,4,KG_TASK_EXPLICIT
163,370,0.6417975931695474,0.3298525798525799,0.22727272727272727,0.43243243243243246,0.9074852129730302,0.9537426064865151,0.6417975931695474,8,KG_TASK_EXPLICIT
163,109,0.6405586502390614,0.5029085140137494,0.36065573770491804,0.6451612903225806,0.556417572928747,0.7782087864643735,0.6405586502390614,34,KG_TASK_EXPLICIT
163,114,0.6383767670160493,0.29325975561687034,0.16279069767441862,0.423728813559322,0.9669875568304563,0.9834937784152282,0.6383767670160493,11,KG_TASK_EXPLICIT
163,259,0.6356995812866921,0.3945099818511797,0.27586206896551724,0.5131578947368421,0.753778361444409,0.8768891807222046,0.6356995812866921,5,KG_TASK_EXPLICIT
163,679,0.6340900701365817,0.2681801402731635,0.13953488372093023,0.3968253968253968,1.0,1.0,0.6340900701365817,4,KG_TASK_EXPLICIT
163,494,0.6269397974906449,0.3253081664098613,0.1590909090909091,0.4915254237288136,0.857142857142857,0.9285714285714285,0.6269397974906449,4,KG_TASK_EXPLICIT
163,186,0.6253638912560742,0.2787878787878788,0.16363636363636364,0.3939393939393939,0.9438798074485388,0.9719399037242694,0.6253638912560742,10,KG_TASK_EXPLICIT
163,516,0.6220185174601965,0.42000000000000004,0.3333333333333333,0.5066666666666667,0.6480740698407861,0.824037034920393,0.6220185174601965,18,KG_TASK_EXPLICIT
164,95,0.7094791120981208,0.46372549019607845,0.3,0.6274509803921569,0.9104654680003258,0.955232734000163,0.7094791120981208,10,KG_TASK_EXPLICIT
164,305,0.6795785406279315,0.4181985294117647,0.21875,0.6176470588235294,0.8819171036881969,0.9409585518440984,0.6795785406279315,6,KG_TASK_EXPLICIT
164,518,0.6128756830601093,0.2257513661202186,0.041666666666666664,0.4098360655737705,1.0000000000000002,1.0,0.6128756830601093,3,KG_TASK_EXPLICIT
164,86,0.5913547237076648,0.1827094474153298,0.09090909090909091,0.27450980392156865,1.0000000000000002,1.0,0.5913547237076648,3,KG_TASK_EXPLICIT
164,110,0.5810185185185185,0.16203703703703703,0.08333333333333333,0.24074074074074073,1.0000000000000002,1.0,0.5810185185185185,3,KG_TASK_EXPLICIT
164,324,0.5780542986425339,0.15610859728506787,0.07692307692307693,0.23529411764705882,0.9999999999999998,0.9999999999999999,0.5780542986425339,5,KG_TASK_EXPLICIT
164,228,0.5766666666666667,0.15333333333333332,0.06666666666666667,0.24,1.0000000000000002,1.0,0.5766666666666667,3,KG_TASK_EXPLICIT
164,443,0.574966307277628,0.14993261455525606,0.03571428571428571,0.2641509433962264,1.0000000000000002,1.0,0.574966307277628,3,KG_TASK_EXPLICIT
164,674,0.5744047619047619,0.1488095238095238,0.08333333333333333,0.21428571428571427,1.0,1.0,0.5744047619047619,4,KG_TASK_EXPLICIT
164,611,0.5724025974025974,0.1448051948051948,0.07142857142857142,0.21818181818181817,1.0,1.0,0.5724025974025974,4,KG_TASK_EXPLICIT
166,317,0.6951654716369992,0.4384828862164662,0.21739130434782608,0.6595744680851063,0.903696114115064,0.9518480570575321,0.6951654716369992,4,KG_TASK_EXPLICIT
166,213,0.6923673830222772,0.45833333333333337,0.26666666666666666,0.65,0.8528028654224419,0.9264014327112209,0.6923673830222772,11,KG_TASK_EXPLICIT
166,202,0.6743230337260051,0.3761904761904762,0.2857142857142857,0.4666666666666667,0.944911182523068,0.972455591261534,0.6743230337260051,7,KG_TASK_EXPLICIT
166,327,0.6534462894156025,0.4496753246753247,0.2857142857142857,0.6136363636363636,0.7144345083117604,0.8572172541558802,0.6534462894156025,15,KG_TASK_EXPLICIT
166,339,0.6440143611639265,0.39671682626538984,0.23529411764705882,0.5581395348837209,0.7826237921249264,0.8913118960624632,0.6440143611639265,16,KG_TASK_EXPLICIT
166,167,0.638242433816786,0.3355263157894737,0.25,0.42105263157894735,0.8819171036881969,0.9409585518440984,0.638242433816786,9,KG_TASK_EXPLICIT
166,100,0.6365735967921617,0.32407407407407407,0.14814814814814814,0.5,0.8981462390204985,0.9490731195102493,0.6365735967921617,10,KG_TASK_EXPLICIT
166,494,0.6299363144635292,0.30343716433942,0.15789473684210525,0.4489795918367347,0.9128709291752767,0.9564354645876383,0.6299363144635292,9,KG_TASK_EXPLICIT
166,46,0.627467374067106,0.27380952380952384,0.14285714285714285,0.40476190476190477,0.9622504486493763,0.9811252243246882,0.627467374067106,3,KG_TASK_EXPLICIT
166,681,0.6209771873964361,0.2685897435897436,0.13333333333333333,0.40384615384615385,0.9467292624062573,0.9733646312031287,0.6209771873964361,6,KG_TASK_EXPLICIT
167,202,0.7316152689570729,0.4888888888888889,0.4444444444444444,0.5333333333333333,0.9486832980505138,0.9743416490252569,0.7316152689570729,4,KG_TASK_EXPLICIT
167,213,0.7190355937288492,0.4666666666666667,0.4,0.5333333333333333,0.9428090415820634,0.9714045207910317,0.7190355937288492,9,KG_TASK_EXPLICIT
167,564,0.7181634957474203,0.4647058823529412,0.4,0.5294117647058824,0.9432422182837986,0.9716211091418994,0.7181634957474203,8,KG_TASK_EXPLICIT
167,327,0.7159594375591695,0.45079365079365075,0.4444444444444444,0.45714285714285713,0.9622504486493763,0.9811252243246882,0.7159594375591695,3,KG_TASK_EXPLICIT
167,225,0.6992525153017711,0.4188034188034188,0.2222222222222222,0.6153846153846154,0.9594032236002469,0.9797016118001234,0.6992525153017711,5,KG_TASK_EXPLICIT
167,486,0.6603260869565217,0.32065217391304346,0.25,0.391304347826087,0.9999999999999999,1.0,0.6603260869565217,4,KG_TASK_EXPLICIT
167,726,0.6515151515151515,0.303030303030303,0.3333333333333333,0.2727272727272727,1.0000000000000002,1.0,0.6515151515151515,3,KG_TASK_EXPLICIT
167,166,0.638242433816786,0.3355263157894737,0.25,0.42105263157894735,0.8819171036881969,0.9409585518440984,0.638242433816786,9,KG_TASK_EXPLICIT
167,6,0.6382022603955158,0.305,0.25,0.36,0.9428090415820632,0.9714045207910316,0.6382022603955158,6,KG_TASK_EXPLICIT
167,168,0.6312150809083363,0.291025641025641,0.3,0.28205128205128205,0.9428090415820635,0.9714045207910318,0.6312150809083363,3,KG_TASK_EXPLICIT
168,211,0.7007575757575757,0.4015151515151515,0.4166666666666667,0.38636363636363635,1.0000000000000002,1.0,0.7007575757575757,3,KG_TASK_EXPLICIT
168,202,0.65625,0.3125,0.3333333333333333,0.2916666666666667,1.0000000000000002,1.0,0.65625,3,KG_TASK_EXPLICIT
168,327,0.655448717948718,0.3108974358974359,0.3333333333333333,0.28846153846153844,1.0000000000000002,1.0,0.655448717948718,3,KG_TASK_EXPLICIT
168,213,0.6498397435897436,0.2996794871794872,0.3076923076923077,0.2916666666666667,1.0000000000000002,1.0,0.6498397435897436,3,KG_TASK_EXPLICIT
168,419,0.642391304347826,0.2847826086956522,0.2,0.3695652173913043,0.9999999999999998,0.9999999999999999,0.642391304347826,5,KG_TASK_EXPLICIT
168,167,0.6312150809083363,0.291025641025641,0.3,0.28205128205128205,0.9428090415820635,0.9714045207910318,0.6312150809083363,3,KG_TASK_EXPLICIT
168,264,0.6263888888888889,0.25277777777777777,0.2,0.3055555555555556,0.9999999999999998,0.9999999999999999,0.6263888888888889,5,KG_TASK_EXPLICIT
168,230,0.6262708787218592,0.2525417574437182,0.14705882352941177,0.35802469135802467,0.9999999999999999,1.0,0.6262708787218592,7,KG_TASK_EXPLICIT
168,226,0.6208803052832766,0.2693050193050193,0.21428571428571427,0.32432432432432434,0.944911182523068,0.972455591261534,0.6208803052832766,7,KG_TASK_EXPLICIT
168,306,0.6194444444444445,0.2388888888888889,0.2,0.2777777777777778,1.0000000000000002,1.0,0.6194444444444445,3,KG_TASK_EXPLICIT
169,494,0.73412005757038,0.4963002114164905,0.3181818181818182,0.6744186046511628,0.9438798074485389,0.9719399037242695,0.73412005757038,5,KG_TASK_EXPLICIT
169,519,0.7004370630513346,0.5509413067552602,0.38095238095238093,0.7209302325581395,0.6998656386948178,0.8499328193474089,0.7004370630513346,124,KG_TASK_EXPLICIT
169,161,0.6766260029224191,0.4191304347826087,0.36,0.4782608695652174,0.8682431421244593,0.9341215710622297,0.6766260029224191,5,KG_TASK_EXPLICIT
169,690,0.6700342062029525,0.419984387197502,0.38095238095238093,0.45901639344262296,0.840168050416806,0.920084025208403,0.6700342062029525,8,KG_TASK_EXPLICIT
169,698,0.6658241719423419,0.43636363636363634,0.35,0.5227272727272727,0.7905694150420948,0.8952847075210474,0.6658241719423419,8,KG_TASK_EXPLICIT
169,222,0.6605115078692941,0.4127747252747253,0.3076923076923077,0.5178571428571429,0.8164965809277259,0.9082482904638629,0.6605115078692941,7,KG_TASK_EXPLICIT
169,360,0.6582527240111367,0.3922413793103448,0.25,0.5344827586206896,0.8485281374238571,0.9242640687119286,0.6582527240111367,12,KG_TASK_EXPLICIT
169,184,0.6524487890919703,0.3576839826839827,0.23809523809523808,0.4772727272727273,0.894427190999916,0.947213595499958,0.6524487890919703,6,KG_TASK_EXPLICIT
169,391,0.6505041578459618,0.32666666666666666,0.32,0.3333333333333333,0.9486832980505138,0.9743416490252569,0.6505041578459618,10,KG_TASK_EXPLICIT
169,223,0.6498292413131231,0.3681027966742252,0.18518518518518517,0.5510204081632653,0.8631113719040421,0.9315556859520211,0.6498292413131231,22,KG_TASK_EXPLICIT
170,494,0.7094943226223644,0.5708333333333333,0.4666666666666667,0.675,0.6963106238227914,0.8481553119113957,0.7094943226223644,8,KG_TASK_EXPLICIT
170,652,0.6858702014651986,0.40240641711229946,0.36363636363636365,0.4411764705882353,0.9386679716361955,0.9693339858180978,0.6858702014651986,26,KG_TASK_EXPLICIT
170,678,0.6810460617751322,0.3833333333333333,0.26666666666666666,0.5,0.9575175804338618,0.9787587902169309,0.6810460617751322,10,KG_TASK_EXPLICIT
170,339,0.6768534474201086,0.5289473684210526,0.4,0.6578947368421053,0.649519052838329,0.8247595264191645,0.6768534474201086,31,KG_TASK_EXPLICIT
170,694,0.6763351605651475,0.41785714285714287,0.2857142857142857,0.55,0.8696263565463043,0.9348131782731521,0.6763351605651475,11,KG_TASK_EXPLICIT
170,222,0.6751085529966026,0.3979500891265597,0.22727272727272727,0.5686274509803921,0.9045340337332909,0.9522670168666454,0.6751085529966026,11,KG_TASK_EXPLICIT
170,184,0.6698843989604859,0.3833333333333333,0.26666666666666666,0.5,0.9128709291752769,0.9564354645876385,0.6698843989604859,6,KG_TASK_EXPLICIT
170,519,0.6678976676586044,0.5721153846153846,0.375,0.7692307692307693,0.5273599014036483,0.7636799507018242,0.6678976676586044,86,KG_TASK_EXPLICIT
170,458,0.6655963316505438,0.5251196172248803,0.3684210526315789,0.6818181818181818,0.6121460921524144,0.8060730460762072,0.6655963316505438,87,KG_TASK_EXPLICIT
170,324,0.6651046401869478,0.35149572649572647,0.23076923076923078,0.4722222222222222,0.9574271077563381,0.978713553878169,0.6651046401869478,15,KG_TASK_EXPLICIT
172,705,0.6770354106309727,0.3819444444444444,0.375,0.3888888888888889,0.9442527536350019,0.972126376817501,0.6770354106309727,34,KG_TASK_EXPLICIT
172,675,0.6182780179712735,0.26515151515151514,0.16666666666666666,0.36363636363636365,0.9428090415820635,0.9714045207910318,0.6182780179712735,3,KG_TASK_EXPLICIT
172,564,0.6163204957753236,0.2738095238095238,0.16666666666666666,0.38095238095238093,0.9176629354822469,0.9588314677411234,0.6163204957753236,10,KG_TASK_EXPLICIT
172,120,0.5964653899401219,0.21180555555555555,0.1111111111111111,0.3125,0.9622504486493763,0.9811252243246882,0.5964653899401219,3,KG_TASK_EXPLICIT
172,202,0.584948643593579,0.18640350877192982,0.08333333333333333,0.2894736842105263,0.9669875568304563,0.9834937784152282,0.584948643593579,7,KG_TASK_EXPLICIT
172,686,0.5816666666666666,0.16333333333333333,0.16666666666666666,0.16,0.9999999999999998,0.9999999999999999,0.5816666666666666,5,KG_TASK_EXPLICIT
172,63,0.5766970659438567,0.1722689075630252,0.058823529411764705,0.2857142857142857,0.9622504486493763,0.9811252243246882,0.5766970659438567,3,KG_TASK_EXPLICIT
172,213,0.5705041578459618,0.16666666666666666,0.07692307692307693,0.2564102564102564,0.9486832980505138,0.9743416490252569,0.5705041578459618,6,KG_TASK_EXPLICIT
172,717,0.568287037037037,0.13657407407407407,0.125,0.14814814814814814,1.0000000000000002,1.0,0.568287037037037,3,KG_TASK_EXPLICIT
172,530,0.5673844988430203,0.16333333333333333,0.16666666666666666,0.16,0.9428713287054149,0.9714356643527075,0.5673844988430203,18,KG_TASK_EXPLICIT
173,255,0.7151687065519347,0.5098557692307693,0.28125,0.7384615384615385,0.8409632877462002,0.9204816438731,0.7151687065519347,21,KG_TASK_EXPLICIT
173,679,0.7059403556336111,0.44047619047619047,0.2916666666666667,0.5892857142857143,0.9428090415820635,0.9714045207910318,0.7059403556336111,6,KG_TASK_EXPLICIT
173,50,0.6854334431912148,0.3994623655913978,0.26666666666666666,0.532258064516129,0.9428090415820635,0.9714045207910318,0.6854334431912148,3,KG_TASK_EXPLICIT
173,315,0.6803563801970012,0.3927272727272727,0.24,0.5454545454545454,0.9359709753334592,0.9679854876667295,0.6803563801970012,25,KG_TASK_EXPLICIT
173,136,0.6756622143173273,0.36684303350970016,0.19047619047619047,0.5432098765432098,0.968962790249909,0.9844813951249545,0.6756622143173273,12,KG_TASK_EXPLICIT
173,711,0.6707274011299436,0.341454802259887,0.20833333333333334,0.4745762711864407,1.0,1.0,0.6707274011299436,4,KG_TASK_EXPLICIT
173,237,0.6691171398930621,0.36577868852459017,0.125,0.6065573770491803,0.9449111825230682,0.972455591261534,0.6691171398930621,12,KG_TASK_EXPLICIT
173,392,0.6677865695290053,0.3641686182669789,0.2857142857142857,0.4426229508196721,0.9428090415820635,0.9714045207910318,0.6677865695290053,6,KG_TASK_EXPLICIT
173,513,0.659042767745031,0.3879310344827586,0.27586206896551724,0.5,0.8603090020146066,0.9301545010073033,0.659042767745031,10,KG_TASK_EXPLICIT
173,309,0.6585540990195016,0.36749379652605463,0.25806451612903225,0.47692307692307695,0.8992288030258971,0.9496144015129486,0.6585540990195016,14,KG_TASK_EXPLICIT
174,225,0.6904161412358134,0.3808322824716267,0.38461538461538464,0.3770491803278688,1.0,1.0,0.6904161412358134,6,KG_TASK_EXPLICIT
174,466,0.66015625,0.3203125,0.3125,0.328125,1.0,1.0,0.66015625,4,KG_TASK_EXPLICIT
174,202,0.6538374911792951,0.3333333333333333,0.3333333333333333,0.3333333333333333,0.9486832980505138,0.9743416490252569,0.6538374911792951,5,KG_TASK_EXPLICIT
174,327,0.6508275346285168,0.3606965174129353,0.3333333333333333,0.3880597014925373,0.8819171036881969,0.9409585518440984,0.6508275346285168,12,KG_TASK_EXPLICIT
174,678,0.6472590407337726,0.31339285714285714,0.3125,0.3142857142857143,0.9622504486493763,0.9811252243246882,0.6472590407337726,3,KG_TASK_EXPLICIT
174,160,0.6445707070707071,0.28914141414141414,0.2727272727272727,0.3055555555555556,1.0,1.0,0.6445707070707071,4,KG_TASK_EXPLICIT
174,568,0.6436812411792951,0.3130208333333333,0.26666666666666666,0.359375,0.9486832980505138,0.9743416490252569,0.6436812411792951,5,KG_TASK_EXPLICIT
174,333,0.6431818181818182,0.2863636363636364,0.3,0.2727272727272727,1.0,1.0,0.6431818181818182,4,KG_TASK_EXPLICIT
174,679,0.642512077294686,0.28502415458937197,0.2222222222222222,0.34782608695652173,1.0000000000000002,1.0,0.642512077294686,3,KG_TASK_EXPLICIT
174,578,0.6359139768456606,0.3027863777089783,0.35294117647058826,0.25263157894736843,0.9380831519646858,0.969041575982343,0.6359139768456606,14,KG_TASK_EXPLICIT
175,387,0.7402734644166455,0.5333333333333333,0.4,0.6666666666666666,0.8944271909999159,0.9472135954999579,0.7402734644166455,4,KG_TASK_EXPLICIT
175,274,0.6291576476775893,0.40476190476190477,0.14285714285714285,0.6666666666666666,0.7071067811865475,0.8535533905932737,0.6291576476775893,4,KG_TASK_EXPLICIT
175,422,0.569063118607398,0.2361111111111111,0.2222222222222222,0.25,0.8040302522073697,0.9020151261036848,0.569063118607398,5,KG_TASK_EXPLICIT
175,673,0.5637872153767671,0.26900584795321636,0.2222222222222222,0.3157894736842105,0.7171371656006361,0.858568582800318,0.5637872153767671,8,KG_TASK_EXPLICIT
175,376,0.5443610153533676,0.15966386554621848,0.14285714285714285,0.17647058823529413,0.8581163303210331,0.9290581651605165,0.5443610153533676,5,KG_TASK_EXPLICIT
175,654,0.5104166666666666,0.020833333333333332,0.0,0.041666666666666664,0.9999999999999998,0.9999999999999999,0.5104166666666666,3,KG_TASK_EXPLICIT
175,278,0.5005329625665689,0.32456140350877194,0.3333333333333333,0.3157894736842105,0.3530090432487313,0.6765045216243657,0.5005329625665689,18,KG_TASK_EXPLICIT
175,358,0.49890973740792177,0.03125,0.0,0.0625,0.933138949631687,0.9665694748158435,0.49890973740792177,11,KG_TASK_EXPLICIT
175,132,0.492845117538373,0.014285714285714285,0.0,0.02857142857142857,0.9428090415820635,0.9714045207910318,0.492845117538373,3,KG_TASK_EXPLICIT
175,669,0.4897100451528184,0.038461538461538464,0.0,0.07692307692307693,0.8819171036881969,0.9409585518440984,0.4897100451528184,4,KG_TASK_EXPLICIT
176,754,0.7877855937288492,0.6041666666666666,0.3333333333333333,0.875,0.9428090415820635,0.9714045207910318,0.7877855937288492,3,KG_TASK_EXPLICIT
176,543,0.7803010656271525,0.6041666666666666,0.3333333333333333,0.875,0.9128709291752769,0.9564354645876385,0.7803010656271525,6,KG_TASK_EXPLICIT
176,268,0.7685896842794431,0.6041666666666666,0.3333333333333333,0.875,0.8660254037844387,0.9330127018922194,0.7685896842794431,4,KG_TASK_EXPLICIT
176,530,0.7232022603955159,0.475,0.25,0.7,0.9428090415820635,0.9714045207910318,0.7232022603955159,4,KG_TASK_EXPLICIT
176,363,0.7215909090909091,0.4431818181818182,0.25,0.6363636363636364,1.0000000000000002,1.0,0.7215909090909091,3,KG_TASK_EXPLICIT
176,402,0.7054444957642804,0.4431818181818182,0.25,0.6363636363636364,0.9354143466934852,0.9677071733467426,0.7054444957642804,8,KG_TASK_EXPLICIT
176,329,0.6875,0.375,0.16666666666666666,0.5833333333333334,0.9999999999999998,0.9999999999999999,0.6875,5,KG_TASK_EXPLICIT
176,394,0.6846153846153846,0.36923076923076925,0.2,0.5384615384615384,1.0,1.0,0.6846153846153846,4,KG_TASK_EXPLICIT
176,647,0.6805074552007107,0.38961038961038963,0.14285714285714285,0.6363636363636364,0.9428090415820635,0.9714045207910318,0.6805074552007107,3,KG_TASK_EXPLICIT
176,598,0.6703296703296704,0.34065934065934067,0.14285714285714285,0.5384615384615384,1.0000000000000002,1.0,0.6703296703296704,3,KG_TASK_EXPLICIT
178,492,0.8058114709283412,0.6235294117647059,0.6,0.6470588235294118,0.9761870601839528,0.9880935300919764,0.8058114709283412,14,KG_TASK_EXPLICIT
178,385,0.7786210265801106,0.5809523809523809,0.42857142857142855,0.7333333333333333,0.9525793444156805,0.9762896722078402,0.7786210265801106,6,KG_TASK_EXPLICIT
178,35,0.7771542621556052,0.5894736842105264,0.6,0.5789473684210527,0.9296696802013682,0.9648348401006841,0.7771542621556052,11,KG_TASK_EXPLICIT
178,32,0.7510683760683761,0.5576923076923077,0.5,0.6153846153846154,0.8888888888888888,0.9444444444444444,0.7510683760683761,6,KG_TASK_EXPLICIT
178,546,0.7500326447857222,0.5378151260504201,0.42857142857142855,0.6470588235294118,0.9245003270420487,0.9622501635210243,0.7500326447857222,10,KG_TASK_EXPLICIT
178,487,0.7239171473757401,0.5,0.5,0.5,0.8956685895029604,0.9478342947514802,0.7239171473757401,22,KG_TASK_EXPLICIT
178,127,0.7178853230805674,0.5394736842105263,0.5,0.5789473684210527,0.7925939239012171,0.8962969619506085,0.7178853230805674,10,KG_TASK_EXPLICIT
178,110,0.6929363369671071,0.46153846153846156,0.5,0.4230769230769231,0.8486684247915056,0.9243342123957528,0.6929363369671071,9,KG_TASK_EXPLICIT
178,726,0.6916666666666667,0.3833333333333333,0.16666666666666666,0.6,0.9999999999999998,0.9999999999999999,0.6916666666666667,5,KG_TASK_EXPLICIT
178,239,0.6808371887905473,0.3771929824561403,0.3333333333333333,0.42105263157894735,0.968962790249909,0.9844813951249545,0.6808371887905473,12,KG_TASK_EXPLICIT
179,184,0.7174369459575645,0.4624183006535948,0.2777777777777778,0.6470588235294118,0.944911182523068,0.972455591261534,0.7174369459575645,5,KG_TASK_EXPLICIT
179,583,0.7081653225806451,0.4163306451612903,0.1875,0.6451612903225806,1.0,1.0,0.7081653225806451,4,KG_TASK_EXPLICIT
179,283,0.6977417656525724,0.4729064039408867,0.42857142857142855,0.5172413793103449,0.8451542547285166,0.9225771273642582,0.6977417656525724,12,KG_TASK_EXPLICIT
179,676,0.6956340074971175,0.423076923076923,0.3333333333333333,0.5128205128205128,0.9363821838346237,0.9681910919173118,0.6956340074971175,8,KG_TASK_EXPLICIT
179,694,0.6928791874526149,0.5,0.29411764705882354,0.7058823529411765,0.7715167498104595,0.8857583749052298,0.6928791874526149,8,KG_TASK_EXPLICIT
179,720,0.6919757001890033,0.4367378048780488,0.3125,0.5609756097560976,0.8944271909999159,0.9472135954999579,0.6919757001890033,6,KG_TASK_EXPLICIT
179,114,0.6919294627934304,0.5138888888888888,0.3888888888888889,0.6388888888888888,0.7399400733959438,0.8699700366979719,0.6919294627934304,19,KG_TASK_EXPLICIT
179,222,0.6782450854212596,0.4339130434782609,0.34782608695652173,0.52,0.8451542547285165,0.9225771273642582,0.6782450854212596,5,KG_TASK_EXPLICIT
179,295,0.6778970829958185,0.6073232323232324,0.4090909090909091,0.8055555555555556,0.4969418673368094,0.7484709336684047,0.6778970829958185,58,KG_TASK_EXPLICIT
179,441,0.6739907563919564,0.46746031746031746,0.2777777777777778,0.6571428571428571,0.7610423906471906,0.8805211953235953,0.6739907563919564,23,KG_TASK_EXPLICIT
180,26,0.6791623533055344,0.4111111111111111,0.6,0.2222222222222222,0.8944271909999159,0.9472135954999579,0.6791623533055344,6,KG_TASK_EXPLICIT
180,176,0.5471153450751842,0.3055555555555556,0.5,0.1111111111111111,0.5773502691896258,0.7886751345948129,0.5471153450751842,3,KG_TASK_EXPLICIT
180,228,0.5086480403258766,0.16374269005847952,0.2222222222222222,0.10526315789473684,0.7071067811865475,0.8535533905932737,0.5086480403258766,3,KG_TASK_EXPLICIT
180,457,0.4707908118985981,0.03333333333333333,0.0,0.06666666666666667,0.8164965809277259,0.9082482904638629,0.4707908118985981,3,KG_TASK_EXPLICIT
180,715,0.2727272727272727,0.045454545454545456,0.0,0.09090909090909091,0.0,0.5,0.2727272727272727,3,KG_TASK_EXPLICIT
181,32,0.6625,0.325,0.25,0.4,0.9999999999999998,0.9999999999999999,0.6625,5,KG_TASK_EXPLICIT
181,42,0.6210227272727273,0.2875,0.2,0.375,0.9090909090909091,0.9545454545454546,0.6210227272727273,8,KG_TASK_EXPLICIT
181,573,0.6206140350877193,0.24122807017543857,0.16666666666666666,0.3157894736842105,1.0000000000000002,1.0,0.6206140350877193,3,KG_TASK_EXPLICIT
181,306,0.6166666666666667,0.23333333333333334,0.16666666666666666,0.3,1.0000000000000002,1.0,0.6166666666666667,6,KG_TASK_EXPLICIT
181,247,0.6166351102269141,0.2589285714285714,0.14285714285714285,0.375,0.9486832980505138,0.9743416490252569,0.6166351102269141,5,KG_TASK_EXPLICIT
181,130,0.6108541741098394,0.23555555555555555,0.1111111111111111,0.36,0.9723055853282466,0.9861527926641234,0.6108541741098394,11,KG_TASK_EXPLICIT
181,121,0.6105626121623441,0.24000000000000002,0.2,0.28,0.9622504486493763,0.9811252243246882,0.6105626121623441,6,KG_TASK_EXPLICIT
181,719,0.6078576219760997,0.23333333333333334,0.16666666666666666,0.3,0.9647638212377322,0.982381910618866,0.6078576219760997,7,KG_TASK_EXPLICIT
181,35,0.6058984592923259,0.23550724637681159,0.16666666666666666,0.30434782608695654,0.9525793444156805,0.9762896722078402,0.6058984592923259,6,KG_TASK_EXPLICIT
181,483,0.6008111289641004,0.22916666666666669,0.16666666666666666,0.2916666666666667,0.944911182523068,0.972455591261534,0.6008111289641004,4,KG_TASK_EXPLICIT
182,50,0.7183673469387755,0.43673469387755104,0.2,0.673469387755102,1.0,1.0,0.7183673469387755,4,KG_TASK_EXPLICIT
182,678,0.6807833806579062,0.389945652173913,0.21739130434782608,0.5625,0.9432422182837986,0.9716211091418994,0.6807833806579062,5,KG_TASK_EXPLICIT
182,679,0.650538299210568,0.35551020408163264,0.16,0.5510204081632653,0.8911327886790069,0.9455663943395034,0.650538299210568,6,KG_TASK_EXPLICIT
182,710,0.6498991673103709,0.4125,0.2916666666666667,0.5333333333333333,0.7745966692414834,0.8872983346207417,0.6498991673103709,3,KG_TASK_EXPLICIT
182,57,0.6400395089353702,0.34595744680851065,0.16,0.5319148936170213,0.8682431421244593,0.9341215710622297,0.6400395089353702,11,KG_TASK_EXPLICIT
182,218,0.6388578846340608,0.2985294117647059,0.2,0.39705882352941174,0.9583727150068314,0.9791863575034156,0.6388578846340608,8,KG_TASK_EXPLICIT
182,513,0.6385121424745691,0.36259305210918114,0.12903225806451613,0.5961538461538461,0.8288624656799143,0.9144312328399571,0.6385121424745691,18,KG_TASK_EXPLICIT
182,208,0.6384664661319073,0.41329656862745096,0.21875,0.6078431372549019,0.7272727272727273,0.8636363636363636,0.6384664661319073,7,KG_TASK_EXPLICIT
182,711,0.6337274521977815,0.3333333333333333,0.125,0.5416666666666666,0.8682431421244593,0.9341215710622297,0.6337274521977815,5,KG_TASK_EXPLICIT
182,158,0.6327655286301638,0.28743961352657005,0.13043478260869565,0.4444444444444444,0.9561828874675149,0.9780914437337574,0.6327655286301638,4,KG_TASK_EXPLICIT
183,654,0.9171057306555449,0.8819444444444444,0.875,0.8888888888888888,0.9045340337332909,0.9522670168666454,0.9171057306555449,8,KG_TASK_EXPLICIT
183,428,0.9166666666666666,0.8333333333333333,0.7777777777777778,0.8888888888888888,1.0,1.0,0.9166666666666666,4,KG_TASK_EXPLICIT
183,451,0.8486067977499789,0.75,0.625,0.875,0.8944271909999159,0.9472135954999579,0.8486067977499789,5,KG_TASK_EXPLICIT
183,563,0.8439890063308102,0.7136363636363636,0.7,0.7272727272727273,0.9486832980505138,0.9743416490252569,0.8439890063308102,10,KG_TASK_EXPLICIT
183,42,0.7305051912056728,0.4955357142857143,0.42857142857142855,0.5625,0.9309493362512627,0.9654746681256314,0.7305051912056728,10,KG_TASK_EXPLICIT
183,558,0.6947393569596862,0.45535714285714285,0.2857142857142857,0.625,0.8682431421244593,0.9341215710622297,0.6947393569596862,8,KG_TASK_EXPLICIT
183,306,0.6871345029239766,0.3742690058479532,0.2222222222222222,0.5263157894736842,0.9999999999999998,0.9999999999999999,0.6871345029239766,5,KG_TASK_EXPLICIT
183,704,0.6831246692352998,0.3881578947368421,0.25,0.5263157894736842,0.9561828874675149,0.9780914437337574,0.6831246692352998,7,KG_TASK_EXPLICIT
183,506,0.675,0.35,0.2,0.5,1.0,1.0,0.675,4,KG_TASK_EXPLICIT
183,719,0.6743053274366051,0.3742690058479532,0.2222222222222222,0.5263157894736842,0.9486832980505138,0.9743416490252569,0.6743053274366051,5,KG_TASK_EXPLICIT
184,321,0.8205329153605015,0.6410658307210031,0.45454545454545453,0.8275862068965517,1.0,1.0,0.8205329153605015,3,KG_TASK_EXPLICIT
184,105,0.7493594742879597,0.521505376344086,0.3333333333333333,0.7096774193548387,0.9544271444636666,0.9772135722318334,0.7493594742879597,7,KG_TASK_EXPLICIT
184,441,0.7484811641985432,0.5158371040723982,0.38461538461538464,0.6470588235294118,0.9622504486493764,0.9811252243246882,0.7484811641985432,6,KG_TASK_EXPLICIT
184,76,0.7467948717948718,0.4935897435897436,0.5,0.48717948717948717,1.0,1.0,0.7467948717948718,4,KG_TASK_EXPLICIT
184,720,0.7377057478321886,0.5560975609756098,0.6,0.5121951219512195,0.8386278693775346,0.9193139346887673,0.7377057478321886,4,KG_TASK_EXPLICIT
184,694,0.717485689085421,0.45384615384615384,0.3076923076923077,0.6,0.9622504486493763,0.9811252243246882,0.717485689085421,3,KG_TASK_EXPLICIT
184,179,0.7174369459575645,0.4624183006535948,0.2777777777777778,0.6470588235294118,0.944911182523068,0.972455591261534,0.7174369459575645,5,KG_TASK_EXPLICIT
184,531,0.7107098610530866,0.5205278592375366,0.36363636363636365,0.6774193548387096,0.8017837257372732,0.9008918628686367,0.7107098610530866,5,KG_TASK_EXPLICIT
184,114,0.7101067743425169,0.45833333333333337,0.3333333333333333,0.5833333333333334,0.9237604307034011,0.9618802153517005,0.7101067743425169,6,KG_TASK_EXPLICIT
184,383,0.7093480025152045,0.43333333333333335,0.3333333333333333,0.5333333333333333,0.9707253433941511,0.9853626716970756,0.7093480025152045,4,KG_TASK_EXPLICIT
185,465,0.7028888457106254,0.4212962962962963,0.25,0.5925925925925926,0.968962790249909,0.9844813951249545,0.7028888457106254,6,KG_TASK_EXPLICIT
185,635,0.6856325575355289,0.39880952380952384,0.3333333333333333,0.4642857142857143,0.944911182523068,0.972455591261534,0.6856325575355289,4,KG_TASK_EXPLICIT
185,579,0.6778204869965011,0.3842364532019704,0.2857142857142857,0.4827586206896552,0.9428090415820635,0.9714045207910318,0.6778204869965011,3,KG_TASK_EXPLICIT
185,130,0.6648351648351648,0.4010989010989011,0.23076923076923078,0.5714285714285714,0.857142857142857,0.9285714285714285,0.6648351648351648,4,KG_TASK_EXPLICIT
185,112,0.664388722664641,0.40620031796502387,0.35294117647058826,0.4594594594594595,0.8451542547285165,0.9225771273642582,0.664388722664641,4,KG_TASK_EXPLICIT
185,36,0.6544096138125852,0.33636363636363636,0.2727272727272727,0.4,0.944911182523068,0.972455591261534,0.6544096138125852,4,KG_TASK_EXPLICIT
185,565,0.6491637988570543,0.3269230769230769,0.15384615384615385,0.5,0.9428090415820635,0.9714045207910318,0.6491637988570543,3,KG_TASK_EXPLICIT
185,505,0.6488239476733304,0.31955645161290325,0.1875,0.45161290322580644,0.9561828874675149,0.9780914437337574,0.6488239476733304,4,KG_TASK_EXPLICIT
185,255,0.6441399906829146,0.3168754605747973,0.2608695652173913,0.3728813559322034,0.9428090415820635,0.9714045207910318,0.6441399906829146,3,KG_TASK_EXPLICIT
185,486,0.641216288684801,0.36410256410256414,0.26666666666666666,0.46153846153846156,0.8366600265340756,0.9183300132670378,0.641216288684801,4,KG_TASK_EXPLICIT
186,160,0.6956451612903226,0.39129032258064517,0.3225806451612903,0.46,1.0000000000000002,1.0,0.6956451612903226,6,KG_TASK_EXPLICIT
186,391,0.6767990074441687,0.3535980148883375,0.3225806451612903,0.38461538461538464,0.9999999999999998,0.9999999999999999,0.6767990074441687,5,KG_TASK_EXPLICIT
186,371,0.6718421052631579,0.3436842105263158,0.24,0.4473684210526316,0.9999999999999999,1.0,0.6718421052631579,7,KG_TASK_EXPLICIT
186,52,0.6540178571428572,0.3080357142857143,0.1875,0.42857142857142855,1.0000000000000002,1.0,0.6540178571428572,6,KG_TASK_EXPLICIT
186,466,0.6513975155279502,0.3027950310559006,0.21428571428571427,0.391304347826087,0.9999999999999998,0.9999999999999999,0.6513975155279502,5,KG_TASK_EXPLICIT
186,360,0.6485018836629299,0.4041666666666667,0.325,0.48333333333333334,0.7856742013183862,0.8928371006591931,0.6485018836629299,9,KG_TASK_EXPLICIT
186,222,0.6483606557377048,0.2967213114754098,0.2,0.39344262295081966,1.0000000000000002,1.0,0.6483606557377048,6,KG_TASK_EXPLICIT
186,429,0.6481278705469138,0.3490421455938697,0.27586206896551724,0.4222222222222222,0.8944271909999159,0.9472135954999579,0.6481278705469138,10,KG_TASK_EXPLICIT
186,112,0.6416080136545517,0.328125,0.21875,0.4375,0.9101820546182064,0.9550910273091032,0.6416080136545517,12,KG_TASK_EXPLICIT
186,447,0.6413864104323953,0.28277282086479066,0.16129032258064516,0.40425531914893614,0.9999999999999999,1.0,0.6413864104323953,7,KG_TASK_EXPLICIT
187,533,0.593839003096031,0.4814814814814815,0.5,0.46296296296296297,0.4123930494211613,0.7061965247105806,0.593839003096031,7,KG_TASK_EXPLICIT
187,112,0.5491522366522367,0.2411616161616162,0.19444444444444445,0.2878787878787879,0.7142857142857143,0.8571428571428572,0.5491522366522367,14,KG_TASK_EXPLICIT
187,307,0.5475026906127961,0.2414519906323185,0.17142857142857143,0.3114754098360656,0.7071067811865476,0.8535533905932737,0.5475026906127961,6,KG_TASK_EXPLICIT
187,471,0.5456518178840485,0.34130363576809697,0.3023255813953488,0.38028169014084506,0.5,0.75,0.5456518178840485,4,KG_TASK_EXPLICIT
187,163,0.5435764697392549,0.35514485514485516,0.3076923076923077,0.4025974025974026,0.46401616866730944,0.7320080843336547,0.5435764697392549,19,KG_TASK_EXPLICIT
187,496,0.5208333333333334,0.375,0.3611111111111111,0.3888888888888889,0.33333333333333337,0.6666666666666667,0.5208333333333334,3,KG_TASK_EXPLICIT
187,390,0.5146066073200972,0.17565982404692082,0.0967741935483871,0.2545454545454545,0.7071067811865475,0.8535533905932737,0.5146066073200972,4,KG_TASK_EXPLICIT
187,289,0.5049865521382015,0.4542452830188679,0.3584905660377358,0.55,0.11145564251507058,0.5557278212575353,0.5049865521382015,23,KG_TASK_EXPLICIT
187,48,0.5033015875843223,0.24278074866310162,0.17647058823529413,0.3090909090909091,0.5276448530110863,0.7638224265055431,0.5033015875843223,16,KG_TASK_EXPLICIT
187,155,0.4937693854792246,0.19886363636363635,0.125,0.2727272727272727,0.5773502691896257,0.7886751345948129,0.4937693854792246,12,KG_TASK_EXPLICIT
188,50,0.7942890442890442,0.5885780885780886,0.48484848484848486,0.6923076923076923,1.0000000000000002,1.0,0.7942890442890442,3,KG_TASK_EXPLICIT
188,513,0.7749707429328996,0.583041958041958,0.45454545454545453,0.7115384615384616,0.9337990556476821,0.966899527823841,0.7749707429328996,14,KG_TASK_EXPLICIT
188,630,0.7440191942863772,0.5160984848484849,0.30303030303030304,0.7291666666666666,0.9438798074485389,0.9719399037242695,0.7440191942863772,5,KG_TASK_EXPLICIT
188,679,0.7411782851954681,0.5104166666666667,0.3125,0.7083333333333334,0.9438798074485389,0.9719399037242695,0.7411782851954681,5,KG_TASK_EXPLICIT
188,444,0.7298513615778508,0.5928030303030303,0.3939393939393939,0.7916666666666666,0.7337993857053429,0.8668996928526714,0.7298513615778508,18,KG_TASK_EXPLICIT
188,309,0.717042506214964,0.46698564593301434,0.3157894736842105,0.6181818181818182,0.9341987329938275,0.9670993664969137,0.717042506214964,15,KG_TASK_EXPLICIT
188,446,0.7112885636821291,0.5,0.48717948717948717,0.5128205128205128,0.8451542547285165,0.9225771273642582,0.7112885636821291,5,KG_TASK_EXPLICIT
188,52,0.7037422078182948,0.45104895104895104,0.36363636363636365,0.5384615384615384,0.9128709291752769,0.9564354645876385,0.7037422078182948,12,KG_TASK_EXPLICIT
188,360,0.7018514283886179,0.42561141304347827,0.30434782608695654,0.546875,0.9561828874675149,0.9780914437337574,0.7018514283886179,5,KG_TASK_EXPLICIT
188,518,0.7014063859438637,0.4844827586206897,0.4,0.5689655172413793,0.8366600265340756,0.9183300132670378,0.7014063859438637,6,KG_TASK_EXPLICIT
189,85,0.5695611289641004,0.16666666666666666,0.0,0.3333333333333333,0.944911182523068,0.972455591261534,0.5695611289641004,4,KG_TASK_EXPLICIT
189,250,0.5049330296262852,0.038461538461538464,0.0,0.07692307692307693,0.9428090415820635,0.9714045207910318,0.5049330296262852,3,KG_TASK_EXPLICIT
189,319,0.488727795630767,0.005,0.0,0.01,0.944911182523068,0.972455591261534,0.488727795630767,4,KG_TASK_EXPLICIT
190,335,0.7072491452319316,0.50625,0.2,0.8125,0.8164965809277261,0.9082482904638631,0.7072491452319316,3,KG_TASK_EXPLICIT
190,326,0.6492739872898267,0.41666666666666663,0.3333333333333333,0.5,0.7637626158259734,0.8818813079129867,0.6492739872898267,6,KG_TASK_EXPLICIT
190,170,0.6484848484848484,0.34696969696969693,0.3,0.3939393939393939,0.8999999999999998,0.95,0.6484848484848484,4,KG_TASK_EXPLICIT
190,76,0.6435021273544137,0.45967741935483875,0.5,0.41935483870967744,0.6546536707079772,0.8273268353539887,0.6435021273544137,4,KG_TASK_EXPLICIT
190,441,0.6393416927899687,0.32413793103448274,0.2,0.4482758620689655,0.9090909090909091,0.9545454545454546,0.6393416927899687,5,KG_TASK_EXPLICIT
190,141,0.6371137598338713,0.34782608695652173,0.13043478260869565,0.5652173913043478,0.8528028654224417,0.9264014327112209,0.6371137598338713,5,KG_TASK_EXPLICIT
190,339,0.6306392967470831,0.353030303030303,0.2727272727272727,0.43333333333333335,0.8164965809277261,0.9082482904638631,0.6306392967470831,3,KG_TASK_EXPLICIT
190,536,0.6248648219718705,0.27832512315270935,0.14285714285714285,0.41379310344827586,0.9428090415820635,0.9714045207910318,0.6248648219718705,3,KG_TASK_EXPLICIT
190,415,0.6196581196581197,0.2777777777777778,0.1111111111111111,0.4444444444444444,0.9230769230769232,0.9615384615384617,0.6196581196581197,7,KG_TASK_EXPLICIT
190,637,0.6143693011552854,0.356060606060606,0.16666666666666666,0.5454545454545454,0.7453559924999299,0.8726779962499649,0.6143693011552854,3,KG_TASK_EXPLICIT
191,609,0.6178526426944466,0.26136363636363635,0.2727272727272727,0.25,0.9486832980505138,0.9743416490252569,0.6178526426944466,4,KG_TASK_EXPLICIT
191,315,0.5713959854014599,0.14279197080291972,0.125,0.16058394160583941,1.0000000000000002,1.0,0.5713959854014599,3,KG_TASK_EXPLICIT
191,57,0.5689327485380117,0.1378654970760234,0.1388888888888889,0.1368421052631579,1.0000000000000002,1.0,0.5689327485380117,3,KG_TASK_EXPLICIT
191,578,0.5664109184256703,0.14745916515426497,0.10526315789473684,0.1896551724137931,0.9707253433941511,0.9853626716970756,0.5664109184256703,4,KG_TASK_EXPLICIT
191,635,0.5651260504201681,0.13025210084033612,0.11764705882352941,0.14285714285714285,1.0000000000000002,1.0,0.5651260504201681,3,KG_TASK_EXPLICIT
191,652,0.5640547926386612,0.1427469135802469,0.125,0.16049382716049382,0.9707253433941511,0.9853626716970756,0.5640547926386612,4,KG_TASK_EXPLICIT
191,518,0.5632372214941023,0.12647444298820446,0.14285714285714285,0.11009174311926606,1.0000000000000002,1.0,0.5632372214941023,3,KG_TASK_EXPLICIT
191,280,0.5627937518092141,0.14446227929373995,0.14285714285714285,0.14606741573033707,0.9622504486493763,0.9811252243246882,0.5627937518092141,3,KG_TASK_EXPLICIT
191,611,0.5627450980392157,0.12549019607843137,0.11764705882352941,0.13333333333333333,1.0,1.0,0.5627450980392157,4,KG_TASK_EXPLICIT
191,114,0.5605263157894737,0.12105263157894737,0.10526315789473684,0.1368421052631579,1.0,1.0,0.5605263157894737,4,KG_TASK_EXPLICIT
192,574,0.691334352495556,0.49537037037037035,0.25,0.7407407407407407,0.7745966692414834,0.8872983346207417,0.691334352495556,6,KG_TASK_EXPLICIT
192,636,0.6424242424242423,0.28484848484848485,0.3333333333333333,0.23636363636363636,0.9999999999999998,0.9999999999999999,0.6424242424242423,5,KG_TASK_EXPLICIT
192,466,0.641025641025641,0.28205128205128205,0.3333333333333333,0.23076923076923078,0.9999999999999998,0.9999999999999999,0.641025641025641,5,KG_TASK_EXPLICIT
192,36,0.6388888888888888,0.2777777777777778,0.3333333333333333,0.2222222222222222,0.9999999999999998,0.9999999999999999,0.6388888888888888,6,KG_TASK_EXPLICIT
192,439,0.6291666666666667,0.2583333333333333,0.3,0.21666666666666667,1.0000000000000002,1.0,0.6291666666666667,3,KG_TASK_EXPLICIT
192,297,0.6267241379310344,0.253448275862069,0.3,0.20689655172413793,1.0000000000000002,1.0,0.6267241379310344,3,KG_TASK_EXPLICIT
192,479,0.6251993620414673,0.2503987240829346,0.2727272727272727,0.22807017543859648,1.0000000000000002,1.0,0.6251993620414673,3,KG_TASK_EXPLICIT
192,643,0.6218335151723775,0.2625418060200669,0.3076923076923077,0.21739130434782608,0.9622504486493763,0.9811252243246882,0.6218335151723775,3,KG_TASK_EXPLICIT
192,415,0.6122994652406417,0.22459893048128343,0.2727272727272727,0.17647058823529413,1.0000000000000002,1.0,0.6122994652406417,7,KG_TASK_EXPLICIT
192,47,0.611201675794422,0.3271186440677966,0.4,0.2542372881355932,0.7905694150420948,0.8952847075210474,0.611201675794422,6,KG_TASK_EXPLICIT
193,545,0.6596797007874871,0.4111111111111111,0.6,0.2222222222222222,0.8164965809277259,0.9082482904638629,0.6596797007874871,4,KG_TASK_EXPLICIT
193,318,0.6533872364689991,0.4375,0.5,0.375,0.7385489458759965,0.8692744729379982,0.6533872364689991,9,KG_TASK_EXPLICIT
193,26,0.6236037773035763,0.38636363636363635,0.5,0.2727272727272727,0.7216878364870323,0.8608439182435161,0.6236037773035763,9,KG_TASK_EXPLICIT
193,566,0.5832805089104421,0.2625,0.4,0.125,0.8081220356417685,0.9040610178208843,0.5832805089104421,11,KG_TASK_EXPLICIT
193,555,0.5580266952966368,0.2625,0.4,0.125,0.7071067811865475,0.8535533905932737,0.5580266952966368,4,KG_TASK_EXPLICIT
193,228,0.5470028493964149,0.17142857142857143,0.2,0.14285714285714285,0.8451542547285165,0.9225771273642582,0.5470028493964149,7,KG_TASK_EXPLICIT
193,92,0.5384615384615384,0.07692307692307693,0.0,0.15384615384615385,0.9999999999999998,0.9999999999999999,0.5384615384615384,3,KG_TASK_EXPLICIT
193,525,0.5374574785652648,0.16666666666666666,0.16666666666666666,0.16666666666666666,0.8164965809277259,0.9082482904638629,0.5374574785652648,5,KG_TASK_EXPLICIT
193,31,0.5357142857142857,0.07142857142857142,0.0,0.14285714285714285,0.9999999999999998,0.9999999999999999,0.5357142857142857,4,KG_TASK_EXPLICIT
193,37,0.5294639542895454,0.29166666666666663,0.25,0.3333333333333333,0.5345224838248487,0.7672612419124243,0.5294639542895454,4,KG_TASK_EXPLICIT
195,550,0.6829545454545455,0.3659090909090909,0.15,0.5818181818181818,1.0000000000000002,1.0,0.6829545454545455,3,KG_TASK_EXPLICIT
195,95,0.6795774705430684,0.4336734693877551,0.21428571428571427,0.6530612244897959,0.8509629433967633,0.9254814716983817,0.6795774705430684,13,KG_TASK_EXPLICIT
195,43,0.6440058483557972,0.42058823529411765,0.4,0.4411764705882353,0.7348469228349533,0.8674234614174767,0.6440058483557972,6,KG_TASK_EXPLICIT
195,305,0.6386437141280987,0.3929163214581607,0.2647058823529412,0.5211267605633803,0.7687422135960734,0.8843711067980367,0.6386437141280987,12,KG_TASK_EXPLICIT
195,320,0.6172065037612156,0.2921440261865794,0.3076923076923077,0.2765957446808511,0.8845379626717033,0.9422689813358516,0.6172065037612156,6,KG_TASK_EXPLICIT
195,397,0.5839692055689375,0.18681318681318682,0.14285714285714285,0.23076923076923078,0.9622504486493763,0.9811252243246882,0.5839692055689375,3,KG_TASK_EXPLICIT
195,531,0.5491886409736308,0.09837728194726167,0.058823529411764705,0.13793103448275862,1.0000000000000002,1.0,0.5491886409736308,4,KG_TASK_EXPLICIT
195,438,0.5475696693023985,0.12373481781376518,0.02631578947368421,0.22115384615384615,0.9428090415820635,0.9714045207910318,0.5475696693023985,3,KG_TASK_EXPLICIT
195,599,0.5412617494242082,0.10213903743315508,0.058823529411764705,0.14545454545454545,0.960768922830523,0.9803844614152615,0.5412617494242082,4,KG_TASK_EXPLICIT
195,501,0.5409356725146199,0.08187134502923976,0.05263157894736842,0.1111111111111111,1.0,1.0,0.5409356725146199,5,KG_TASK_EXPLICIT
196,324,0.5523689270621825,0.13333333333333333,0.16666666666666666,0.1,0.9428090415820635,0.9714045207910318,0.5523689270621825,3,KG_TASK_EXPLICIT
196,46,0.5108695652173914,0.021739130434782608,0.0,0.043478260869565216,1.0,1.0,0.5108695652173914,4,KG_TASK_EXPLICIT
196,351,0.4633834044911908,0.018518518518518517,0.0,0.037037037037037035,0.8164965809277261,0.9082482904638631,0.4633834044911908,3,KG_TASK_EXPLICIT
198,704,0.7618688212717927,0.5512820512820513,0.3333333333333333,0.7692307692307693,0.944911182523068,0.972455591261534,0.7618688212717927,4,KG_TASK_EXPLICIT
198,543,0.725,0.44999999999999996,0.2,0.7,1.0,1.0,0.725,5,KG_TASK_EXPLICIT
198,719,0.7178604089681953,0.5274725274725275,0.2857142857142857,0.7692307692307693,0.8164965809277261,0.9082482904638631,0.7178604089681953,6,KG_TASK_EXPLICIT
198,652,0.6969677322938193,0.4375,0.25,0.625,0.9128709291752769,0.9564354645876385,0.6969677322938193,4,KG_TASK_EXPLICIT
198,504,0.6948835084333227,0.4375,0.375,0.5,0.9045340337332909,0.9522670168666454,0.6948835084333227,6,KG_TASK_EXPLICIT
198,648,0.6839506160240435,0.48214285714285715,0.25,0.7142857142857143,0.7715167498104595,0.8857583749052298,0.6839506160240435,7,KG_TASK_EXPLICIT
198,129,0.6818027166605028,0.45535714285714285,0.2857142857142857,0.625,0.8164965809277259,0.9082482904638629,0.6818027166605028,3,KG_TASK_EXPLICIT
198,383,0.6815789473684211,0.3631578947368421,0.2,0.5263157894736842,1.0,1.0,0.6815789473684211,4,KG_TASK_EXPLICIT
198,701,0.6791241452319315,0.44999999999999996,0.2,0.7,0.8164965809277261,0.9082482904638631,0.6791241452319315,3,KG_TASK_EXPLICIT
198,92,0.6762820512820512,0.35256410256410253,0.16666666666666666,0.5384615384615384,0.9999999999999998,0.9999999999999999,0.6762820512820512,4,KG_TASK_EXPLICIT
199,401,0.5218126121623441,0.0625,0.0,0.125,0.9622504486493763,0.9811252243246882,0.5218126121623441,3,KG_TASK_EXPLICIT
199,707,0.5174733261566231,0.048793859649122806,0.0625,0.03508771929824561,0.9723055853282466,0.9861527926641234,0.5174733261566231,5,KG_TASK_EXPLICIT
199,416,0.5131578947368421,0.02631578947368421,0.0,0.05263157894736842,1.0,1.0,0.5131578947368421,4,KG_TASK_EXPLICIT
199,88,0.5051813358485377,0.025,0.0,0.05,0.9707253433941511,0.9853626716970756,0.5051813358485377,4,KG_TASK_EXPLICIT
199,424,0.5047619047619047,0.03333333333333333,0.0,0.06666666666666667,0.9523809523809523,0.9761904761904762,0.5047619047619047,6,KG_TASK_EXPLICIT
199,499,0.49981140533664636,0.016129032258064516,0.0,0.03225806451612903,0.9669875568304563,0.9834937784152282,0.49981140533664636,5,KG_TASK_EXPLICIT
199,247,0.4985615027705868,0.020833333333333332,0.0,0.041666666666666664,0.9525793444156805,0.9762896722078402,0.4985615027705868,3,KG_TASK_EXPLICIT
199,158,0.49740409536317937,0.018518518518518517,0.0,0.037037037037037035,0.9525793444156805,0.9762896722078402,0.49740409536317937,3,KG_TASK_EXPLICIT
199,431,0.4959708095327483,0.006578947368421052,0.0,0.013157894736842105,0.9707253433941511,0.9853626716970756,0.4959708095327483,4,KG_TASK_EXPLICIT
199,706,0.4936274509803922,0.016666666666666666,0.0,0.03333333333333333,0.9411764705882353,0.9705882352941176,0.4936274509803922,5,KG_TASK_EXPLICIT
200,101,0.7975932790213407,0.7062643239113827,0.5294117647058824,0.8831168831168831,0.7778444682625973,0.8889222341312987,0.7975932790213407,9,KG_TASK_EXPLICIT
200,526,0.6847044981397276,0.39695340501792115,0.2777777777777778,0.5161290322580645,0.944911182523068,0.972455591261534,0.6847044981397276,14,KG_TASK_EXPLICIT
200,690,0.6832962184673277,0.38421052631578945,0.42105263157894735,0.3473684210526316,0.9647638212377322,0.982381910618866,0.6832962184673277,7,KG_TASK_EXPLICIT
200,255,0.6730484850948921,0.39888337468982626,0.34615384615384615,0.45161290322580644,0.894427190999916,0.947213595499958,0.6730484850948921,9,KG_TASK_EXPLICIT
200,711,0.670342827491035,0.36634400595681316,0.35294117647058826,0.379746835443038,0.9486832980505138,0.9743416490252569,0.670342827491035,4,KG_TASK_EXPLICIT
200,679,0.6664409868366298,0.36042638241172553,0.3157894736842105,0.4050632911392405,0.944911182523068,0.972455591261534,0.6664409868366298,4,KG_TASK_EXPLICIT
200,630,0.6591447504826842,0.33292682926829265,0.3,0.36585365853658536,0.9707253433941511,0.9853626716970756,0.6591447504826842,4,KG_TASK_EXPLICIT
200,188,0.6570989523220024,0.3981727574750831,0.34285714285714286,0.45348837209302323,0.8320502943378437,0.9160251471689218,0.6570989523220024,7,KG_TASK_EXPLICIT
200,678,0.65684402309579,0.33739837398373984,0.3333333333333333,0.34146341463414637,0.9525793444156805,0.9762896722078402,0.65684402309579,6,KG_TASK_EXPLICIT
200,244,0.6565468191861265,0.3413654618473896,0.3333333333333333,0.3493975903614458,0.9434563530497265,0.9717281765248633,0.6565468191861265,10,KG_TASK_EXPLICIT
202,327,0.79375,0.5874999999999999,0.6,0.575,0.9999999999999998,0.9999999999999999,0.79375,5,KG_TASK_EXPLICIT
202,167,0.7316152689570729,0.4888888888888889,0.4444444444444444,0.5333333333333333,0.9486832980505138,0.9743416490252569,0.7316152689570729,4,KG_TASK_EXPLICIT
202,705,0.7063397129186603,0.4126794258373206,0.2727272727272727,0.5526315789473685,1.0000000000000002,1.0,0.7063397129186603,3,KG_TASK_EXPLICIT
202,155,0.7038123167155426,0.407624633431085,0.36363636363636365,0.45161290322580644,1.0000000000000002,1.0,0.7038123167155426,3,KG_TASK_EXPLICIT
202,211,0.7017276422764227,0.4034552845528455,0.4166666666666667,0.3902439024390244,0.9999999999999998,0.9999999999999999,0.7017276422764227,5,KG_TASK_EXPLICIT
202,225,0.692040940000024,0.40779220779220776,0.2727272727272727,0.5428571428571428,0.9525793444156805,0.9762896722078402,0.692040940000024,6,KG_TASK_EXPLICIT
202,213,0.6894230769230769,0.37884615384615383,0.3076923076923077,0.45,0.9999999999999998,0.9999999999999999,0.6894230769230769,5,KG_TASK_EXPLICIT
202,166,0.6743230337260051,0.3761904761904762,0.2857142857142857,0.4666666666666667,0.944911182523068,0.972455591261534,0.6743230337260051,7,KG_TASK_EXPLICIT
202,396,0.6730205278592376,0.3460410557184751,0.2727272727272727,0.41935483870967744,1.0000000000000002,1.0,0.6730205278592376,3,KG_TASK_EXPLICIT
202,601,0.6666666666666667,0.33333333333333337,0.2,0.4666666666666667,1.0000000000000002,1.0,0.6666666666666667,3,KG_TASK_EXPLICIT
203,321,0.6611461216146124,0.4722222222222222,0.4166666666666667,0.5277777777777778,0.7001400420140049,0.8500700210070025,0.6611461216146124,5,KG_TASK_EXPLICIT
203,155,0.6434212427754291,0.45833333333333337,0.4166666666666667,0.5,0.6570183044350496,0.8285091522175247,0.6434212427754291,27,KG_TASK_EXPLICIT
203,583,0.64102318369347,0.3737980769230769,0.15384615384615385,0.59375,0.8164965809277261,0.9082482904638631,0.64102318369347,3,KG_TASK_EXPLICIT
203,601,0.6389726300804163,0.3696969696969697,0.2727272727272727,0.4666666666666667,0.8164965809277259,0.9082482904638629,0.6389726300804163,3,KG_TASK_EXPLICIT
203,631,0.6362612612612613,0.2725225225225225,0.16666666666666666,0.3783783783783784,0.9999999999999998,0.9999999999999999,0.6362612612612613,3,KG_TASK_EXPLICIT
203,674,0.6159284763883155,0.4431818181818182,0.25,0.6363636363636364,0.5773502691896258,0.7886751345948129,0.6159284763883155,3,KG_TASK_EXPLICIT
203,494,0.5936962056926884,0.4984101748807631,0.29411764705882354,0.7027027027027027,0.3779644730092272,0.6889822365046137,0.5936962056926884,4,KG_TASK_EXPLICIT
203,654,0.5904605263157895,0.18092105263157893,0.125,0.23684210526315788,1.0,1.0,0.5904605263157895,3,KG_TASK_EXPLICIT
203,415,0.5902926299666001,0.41596638655462187,0.21428571428571427,0.6176470588235294,0.529237746757157,0.7646188733785785,0.5902926299666001,25,KG_TASK_EXPLICIT
203,577,0.5884884070083486,0.3234234234234234,0.13333333333333333,0.5135135135135135,0.7071067811865475,0.8535533905932737,0.5884884070083486,3,KG_TASK_EXPLICIT
205,585,0.7491039426523297,0.4982078853046595,0.2222222222222222,0.7741935483870968,1.0000000000000002,1.0,0.7491039426523297,3,KG_TASK_EXPLICIT
205,378,0.747889669181871,0.5104166666666666,0.3333333333333333,0.6875,0.9707253433941511,0.9853626716970756,0.747889669181871,4,KG_TASK_EXPLICIT
205,495,0.6628641979579062,0.6160714285714286,0.375,0.8571428571428571,0.4193139346887673,0.7096569673443837,0.6628641979579062,7,KG_TASK_EXPLICIT
205,237,0.662336320157477,0.34658119658119657,0.11538461538461539,0.5777777777777777,0.9561828874675149,0.9780914437337574,0.662336320157477,5,KG_TASK_EXPLICIT
205,632,0.6527777777777777,0.3055555555555556,0.1111111111111111,0.5,0.9999999999999998,0.9999999999999999,0.6527777777777777,3,KG_TASK_EXPLICIT
205,465,0.6414890947447601,0.2968253968253968,0.2222222222222222,0.37142857142857144,0.9723055853282466,0.9861527926641234,0.6414890947447601,5,KG_TASK_EXPLICIT
205,173,0.6328715790022392,0.2932875667429443,0.13043478260869565,0.45614035087719296,0.9449111825230682,0.972455591261534,0.6328715790022392,7,KG_TASK_EXPLICIT
205,685,0.6282195587707344,0.3273809523809524,0.3333333333333333,0.32142857142857145,0.8581163303210331,0.9290581651605165,0.6282195587707344,6,KG_TASK_EXPLICIT
205,255,0.6221718916770274,0.3663793103448276,0.25,0.4827586206896552,0.7559289460184544,0.8779644730092272,0.6221718916770274,6,KG_TASK_EXPLICIT
205,705,0.6089177829638235,0.24154589371980675,0.2222222222222222,0.2608695652173913,0.9525793444156805,0.9762896722078402,0.6089177829638235,3,KG_TASK_EXPLICIT
208,630,0.6531129746812302,0.33482142857142855,0.10714285714285714,0.5625,0.9428090415820635,0.9714045207910318,0.6531129746812302,3,KG_TASK_EXPLICIT
208,711,0.6501495479168837,0.32595744680851063,0.12,0.5319148936170213,0.9486832980505138,0.9743416490252569,0.6501495479168837,4,KG_TASK_EXPLICIT
208,690,0.6445782319200358,0.31481481481481477,0.18518518518518517,0.4444444444444444,0.9486832980505138,0.9743416490252569,0.6445782319200358,4,KG_TASK_EXPLICIT
208,327,0.6407232704402516,0.28144654088050314,0.16666666666666666,0.39622641509433965,1.0,1.0,0.6407232704402516,3,KG_TASK_EXPLICIT
208,466,0.6392582643362571,0.29739130434782607,0.16,0.43478260869565216,0.9622504486493763,0.9811252243246882,0.6392582643362571,3,KG_TASK_EXPLICIT
208,182,0.6384664661319073,0.41329656862745096,0.21875,0.6078431372549019,0.7272727272727273,0.8636363636363636,0.6384664661319073,7,KG_TASK_EXPLICIT
208,447,0.6256586664579171,0.2769756838905775,0.10714285714285714,0.44680851063829785,0.9486832980505138,0.9743416490252569,0.6256586664579171,4,KG_TASK_EXPLICIT
208,440,0.6220578401581023,0.26299045599151644,0.08695652173913043,0.43902439024390244,0.9622504486493763,0.9811252243246882,0.6220578401581023,3,KG_TASK_EXPLICIT
208,188,0.621480143641337,0.2865248226950355,0.10638297872340426,0.4666666666666667,0.9128709291752769,0.9564354645876385,0.621480143641337,6,KG_TASK_EXPLICIT
208,444,0.6204653676892975,0.31666666666666665,0.13333333333333333,0.5,0.8485281374238569,0.9242640687119285,0.6204653676892975,6,KG_TASK_EXPLICIT
209,401,0.6946218970154625,0.4666666666666667,0.6666666666666666,0.26666666666666666,0.8451542547285165,0.9225771273642582,0.6946218970154625,5,KG_TASK_EXPLICIT
209,46,0.65125,0.3025,0.125,0.48,1.0000000000000002,1.0,0.65125,3,KG_TASK_EXPLICIT
209,536,0.6324884792626728,0.26497695852534564,0.14285714285714285,0.3870967741935484,1.0000000000000002,1.0,0.6324884792626728,3,KG_TASK_EXPLICIT
209,464,0.6294642857142857,0.2589285714285714,0.14285714285714285,0.375,1.0000000000000002,1.0,0.6294642857142857,3,KG_TASK_EXPLICIT
209,380,0.625,0.25,0.07142857142857142,0.42857142857142855,1.0000000000000002,1.0,0.625,3,KG_TASK_EXPLICIT
209,57,0.6223958333333334,0.24479166666666666,0.08333333333333333,0.40625,1.0000000000000002,1.0,0.6223958333333334,3,KG_TASK_EXPLICIT
209,229,0.6125,0.225,0.2,0.25,1.0000000000000002,1.0,0.6125,3,KG_TASK_EXPLICIT
209,467,0.6083333333333334,0.21666666666666667,0.1,0.3333333333333333,1.0000000000000002,1.0,0.6083333333333334,3,KG_TASK_EXPLICIT
209,170,0.6041666666666666,0.20833333333333331,0.08333333333333333,0.3333333333333333,0.9999999999999998,0.9999999999999999,0.6041666666666666,5,KG_TASK_EXPLICIT
209,698,0.6002855937288493,0.22916666666666666,0.08333333333333333,0.375,0.9428090415820635,0.9714045207910318,0.6002855937288493,3,KG_TASK_EXPLICIT
210,300,0.5186017421382499,0.08998988877654196,0.08695652173913043,0.09302325581395349,0.8944271909999159,0.9472135954999579,0.5186017421382499,5,KG_TASK_EXPLICIT
210,244,0.50625,0.0125,0.0,0.025,1.0000000000000002,1.0,0.50625,3,KG_TASK_EXPLICIT
210,14,0.5049019607843137,0.00980392156862745,0.0,0.0196078431372549,1.0000000000000002,1.0,0.5049019607843137,3,KG_TASK_EXPLICIT
210,95,0.5019262485259804,0.022727272727272728,0.0,0.045454545454545456,0.9622504486493764,0.9811252243246882,0.5019262485259804,6,KG_TASK_EXPLICIT
210,266,0.5019083969465649,0.003816793893129771,0.0,0.007633587786259542,1.0000000000000002,1.0,0.5019083969465649,3,KG_TASK_EXPLICIT
210,524,0.5010638297872341,0.002127659574468085,0.0,0.00425531914893617,1.0000000000000002,1.0,0.5010638297872341,3,KG_TASK_EXPLICIT
210,195,0.49828193562373957,0.022222222222222223,0.0,0.044444444444444446,0.9486832980505138,0.9743416490252569,0.49828193562373957,4,KG_TASK_EXPLICIT
210,305,0.4960879753880055,0.014084507042253521,0.0,0.028169014084507043,0.9561828874675149,0.9780914437337574,0.4960879753880055,5,KG_TASK_EXPLICIT
210,43,0.4941666731736102,0.01639344262295082,0.0,0.03278688524590164,0.9438798074485389,0.9719399037242695,0.4941666731736102,5,KG_TASK_EXPLICIT
210,241,0.488143864905613,0.004347826086956522,0.0,0.008695652173913044,0.9438798074485389,0.9719399037242695,0.488143864905613,5,KG_TASK_EXPLICIT
211,466,0.796875,0.59375,0.5,0.6875,1.0000000000000002,1.0,0.796875,3,KG_TASK_EXPLICIT
211,202,0.7017276422764227,0.4034552845528455,0.4166666666666667,0.3902439024390244,0.9999999999999998,0.9999999999999999,0.7017276422764227,5,KG_TASK_EXPLICIT
211,168,0.7007575757575757,0.4015151515151515,0.4166666666666667,0.38636363636363635,1.0000000000000002,1.0,0.7007575757575757,3,KG_TASK_EXPLICIT
211,612,0.6865755864173904,0.39880952380952384,0.21428571428571427,0.5833333333333334,0.9486832980505138,0.9743416490252569,0.6865755864173904,4,KG_TASK_EXPLICIT
211,635,0.6818181818181819,0.36363636363636365,0.3333333333333333,0.3939393939393939,1.0,1.0,0.6818181818181819,4,KG_TASK_EXPLICIT
211,339,0.6779761904761905,0.4392857142857143,0.42857142857142855,0.45,0.8333333333333334,0.9166666666666667,0.6779761904761905,8,KG_TASK_EXPLICIT
211,499,0.6777815882406723,0.37927350427350426,0.23076923076923078,0.5277777777777778,0.9525793444156805,0.9762896722078402,0.6777815882406723,9,KG_TASK_EXPLICIT
211,429,0.6743715784476654,0.39230769230769236,0.4,0.38461538461538464,0.9128709291752769,0.9564354645876385,0.6743715784476654,6,KG_TASK_EXPLICIT
211,312,0.666437985922647,0.3585343228200371,0.22727272727272727,0.4897959183673469,0.9486832980505138,0.9743416490252569,0.666437985922647,4,KG_TASK_EXPLICIT
211,264,0.6637096774193548,0.32741935483870965,0.3,0.3548387096774194,1.0,1.0,0.6637096774193548,4,KG_TASK_EXPLICIT
212,538,0.5972575044695873,0.23214285714285715,0.25,0.21428571428571427,0.9247443035926348,0.9623721517963174,0.5972575044695873,19,KG_TASK_EXPLICIT
212,325,0.5372397094471373,0.1,0.0,0.2,0.9489588377885488,0.9744794188942745,0.5372397094471373,28,KG_TASK_EXPLICIT
212,156,0.5284889717359036,0.07692307692307693,0.0,0.15384615384615385,0.9601097330974607,0.9800548665487303,0.5284889717359036,18,KG_TASK_EXPLICIT
212,356,0.5238095238095237,0.047619047619047616,0.0,0.09523809523809523,0.9999999999999998,0.9999999999999999,0.5238095238095237,5,KG_TASK_EXPLICIT
212,529,0.5193404821902307,0.058823529411764705,0.0,0.11764705882352941,0.9597148699373931,0.9798574349686966,0.5193404821902307,22,KG_TASK_EXPLICIT
212,250,0.5192639689627426,0.07142857142857142,0.0,0.14285714285714285,0.9341987329938275,0.9670993664969137,0.5192639689627426,16,KG_TASK_EXPLICIT
212,437,0.5136418660402094,0.05555555555555555,0.0,0.1111111111111111,0.9434563530497265,0.9717281765248633,0.5136418660402094,13,KG_TASK_EXPLICIT
212,445,0.5099083796318414,0.058823529411764705,0.0,0.11764705882352941,0.9219864597038362,0.9609932298519182,0.5099083796318414,23,KG_TASK_EXPLICIT
212,713,0.5097128449077057,0.025,0.0,0.05,0.9888513796308233,0.9944256898154116,0.5097128449077057,11,KG_TASK_EXPLICIT
212,290,0.5082764910976479,0.038461538461538464,0.0,0.07692307692307693,0.9561828874675149,0.9780914437337574,0.5082764910976479,7,KG_TASK_EXPLICIT
213,327,0.7652734644166457,0.5833333333333334,0.4166666666666667,0.75,0.8944271909999159,0.9472135954999579,0.7652734644166457,5,KG_TASK_EXPLICIT
213,167,0.7190355937288492,0.4666666666666667,0.4,0.5333333333333333,0.9428090415820634,0.9714045207910317,0.7190355937288492,9,KG_TASK_EXPLICIT
213,166,0.6923673830222772,0.45833333333333337,0.26666666666666666,0.65,0.8528028654224419,0.9264014327112209,0.6923673830222772,11,KG_TASK_EXPLICIT
213,202,0.6894230769230769,0.37884615384615383,0.3076923076923077,0.45,0.9999999999999998,0.9999999999999999,0.6894230769230769,5,KG_TASK_EXPLICIT
213,228,0.6672077922077921,0.3344155844155844,0.21428571428571427,0.45454545454545453,1.0000000000000002,1.0,0.6672077922077921,3,KG_TASK_EXPLICIT
213,674,0.6666666666666666,0.3333333333333333,0.16666666666666666,0.5,1.0,1.0,0.6666666666666666,4,KG_TASK_EXPLICIT
213,611,0.6642857142857143,0.3285714285714285,0.14285714285714285,0.5142857142857142,1.0000000000000002,1.0,0.6642857142857143,6,KG_TASK_EXPLICIT
213,583,0.66425809866107,0.356060606060606,0.16666666666666666,0.5454545454545454,0.944911182523068,0.972455591261534,0.66425809866107,4,KG_TASK_EXPLICIT
213,339,0.6637595822599266,0.3814102564102564,0.25,0.5128205128205128,0.8922178162191937,0.9461089081095968,0.6637595822599266,8,KG_TASK_EXPLICIT
213,698,0.659375,0.31875,0.1875,0.45,1.0000000000000002,1.0,0.659375,3,KG_TASK_EXPLICIT
214,331,0.6296641791044776,0.2593283582089552,0.26865671641791045,0.25,0.9999999999999999,1.0,0.6296641791044776,4,KG_TASK_EXPLICIT
214,576,0.6099450274862568,0.21989005497251374,0.09195402298850575,0.34782608695652173,0.9999999999999998,0.9999999999999999,0.6099450274862568,5,KG_TASK_EXPLICIT
214,117,0.5831602872130571,0.1876070205479452,0.265625,0.1095890410958904,0.9574271077563381,0.978713553878169,0.5831602872130571,9,KG_TASK_EXPLICIT
214,490,0.5819023305116642,0.28584018801410105,0.2608695652173913,0.3108108108108108,0.7559289460184544,0.8779644730092272,0.5819023305116642,7,KG_TASK_EXPLICIT
214,398,0.581612530755712,0.216011466011466,0.12121212121212122,0.3108108108108108,0.8944271909999159,0.9472135954999579,0.581612530755712,5,KG_TASK_EXPLICIT
214,98,0.574682607966666,0.21965548142985164,0.24096385542168675,0.19834710743801653,0.859419469006961,0.9297097345034805,0.574682607966666,20,KG_TASK_EXPLICIT
214,87,0.5740121039183999,0.19617615077926787,0.14516129032258066,0.24719101123595505,0.9036961141150639,0.951848057057532,0.5740121039183999,15,KG_TASK_EXPLICIT
214,354,0.5675432991941601,0.16737942504157757,0.26229508196721313,0.07246376811594203,0.9354143466934852,0.9677071733467426,0.5675432991941601,5,KG_TASK_EXPLICIT
214,237,0.567512727295336,0.23944805194805194,0.2857142857142857,0.19318181818181818,0.7911548052852398,0.89557740264262,0.567512727295336,18,KG_TASK_EXPLICIT
214,288,0.5670372004587,0.3091075591075591,0.22077922077922077,0.3974358974358974,0.6499336836196815,0.8249668418098408,0.5670372004587,8,KG_TASK_EXPLICIT
216,625,0.755874430154621,0.7395833333333333,0.6666666666666666,0.8125,0.5443310539518174,0.7721655269759087,0.755874430154621,7,KG_TASK_EXPLICIT
216,712,0.7377054693052012,0.49428571428571433,0.42857142857142855,0.56,0.9622504486493763,0.9811252243246882,0.7377054693052012,3,KG_TASK_EXPLICIT
216,633,0.681353414174571,0.3846153846153846,0.23076923076923078,0.5384615384615384,0.9561828874675149,0.9780914437337574,0.681353414174571,6,KG_TASK_EXPLICIT
216,396,0.661773999115803,0.3492063492063492,0.2222222222222222,0.47619047619047616,0.9486832980505138,0.9743416490252569,0.661773999115803,4,KG_TASK_EXPLICIT
216,264,0.6590446009864495,0.4323308270676692,0.2857142857142857,0.5789473684210527,0.7715167498104595,0.8857583749052298,0.6590446009864495,6,KG_TASK_EXPLICIT
216,618,0.6451470765084375,0.3742690058479532,0.2222222222222222,0.5263157894736842,0.8320502943378437,0.9160251471689218,0.6451470765084375,6,KG_TASK_EXPLICIT
216,508,0.6346679714691472,0.3402777777777778,0.125,0.5555555555555556,0.8581163303210331,0.9290581651605165,0.6346679714691472,7,KG_TASK_EXPLICIT
216,701,0.632981797749979,0.31875,0.2,0.4375,0.8944271909999159,0.9472135954999579,0.632981797749979,3,KG_TASK_EXPLICIT
216,363,0.63125,0.5125,0.4,0.625,0.4999999999999999,0.75,0.63125,3,KG_TASK_EXPLICIT
216,504,0.6302631578947369,0.26052631578947366,0.1,0.42105263157894735,1.0000000000000002,1.0,0.6302631578947369,3,KG_TASK_EXPLICIT
218,513,0.6636991279069767,0.3273982558139535,0.18604651162790697,0.46875,0.9999999999999998,0.9999999999999999,0.6636991279069767,8,KG_TASK_EXPLICIT
218,380,0.6558275058275058,0.31165501165501164,0.20512820512820512,0.41818181818181815,1.0000000000000002,1.0,0.6558275058275058,3,KG_TASK_EXPLICIT
218,188,0.6495073891625616,0.29901477832512313,0.15517241379310345,0.44285714285714284,1.0000000000000002,1.0,0.6495073891625616,6,KG_TASK_EXPLICIT
218,173,0.6412249723670742,0.30999435347261434,0.21739130434782608,0.4025974025974026,0.944911182523068,0.972455591261534,0.6412249723670742,4,KG_TASK_EXPLICIT
218,23,0.6392628205128205,0.27852564102564104,0.28205128205128205,0.275,0.9999999999999998,0.9999999999999999,0.6392628205128205,5,KG_TASK_EXPLICIT
218,182,0.6388578846340608,0.2985294117647059,0.2,0.39705882352941174,0.9583727150068314,0.9791863575034156,0.6388578846340608,8,KG_TASK_EXPLICIT
218,309,0.6367527643119595,0.2991638795986622,0.15217391304347827,0.4461538461538462,0.9486832980505138,0.9743416490252569,0.6367527643119595,5,KG_TASK_EXPLICIT
218,14,0.6334855403348554,0.2669710806697108,0.17777777777777778,0.3561643835616438,1.0,1.0,0.6334855403348554,4,KG_TASK_EXPLICIT
218,286,0.6304523251570486,0.28844905905256324,0.17391304347826086,0.40298507462686567,0.944911182523068,0.972455591261534,0.6304523251570486,7,KG_TASK_EXPLICIT
218,16,0.6296296296296297,0.25925925925925924,0.1111111111111111,0.4074074074074074,1.0,1.0,0.6296296296296297,4,KG_TASK_EXPLICIT
219,161,0.6786903022627745,0.3762553802008608,0.2647058823529412,0.4878048780487805,0.9622504486493763,0.9811252243246882,0.6786903022627745,3,KG_TASK_EXPLICIT
219,631,0.6676339285714286,0.3352678571428571,0.15625,0.5142857142857142,0.9999999999999998,0.9999999999999999,0.6676339285714286,3,KG_TASK_EXPLICIT
219,601,0.6393081318756058,0.29749103942652333,0.1111111111111111,0.4838709677419355,0.9622504486493763,0.9811252243246882,0.6393081318756058,3,KG_TASK_EXPLICIT
219,579,0.6185995483183377,0.25370531822144726,0.12903225806451613,0.3783783783783784,0.9669875568304563,0.9834937784152282,0.6185995483183377,8,KG_TASK_EXPLICIT
219,317,0.611740849082653,0.24914004914004914,0.1891891891891892,0.3090909090909091,0.9486832980505138,0.9743416490252569,0.611740849082653,4,KG_TASK_EXPLICIT
219,331,0.6086891109112312,0.24492263056092842,0.14893617021276595,0.3409090909090909,0.944911182523068,0.972455591261534,0.6086891109112312,4,KG_TASK_EXPLICIT
219,186,0.6068921143643432,0.24300699300699302,0.1590909090909091,0.3269230769230769,0.9415544714433868,0.9707772357216934,0.6068921143643432,15,KG_TASK_EXPLICIT
219,710,0.6016339869281045,0.20326797385620915,0.11764705882352941,0.28888888888888886,1.0000000000000002,1.0,0.6016339869281045,3,KG_TASK_EXPLICIT
219,509,0.600191759594731,0.22792792792792793,0.1891891891891892,0.26666666666666666,0.9449111825230682,0.972455591261534,0.600191759594731,9,KG_TASK_EXPLICIT
219,618,0.5962427480784654,0.3250620347394541,0.23076923076923078,0.41935483870967744,0.7348469228349533,0.8674234614174767,0.5962427480784654,15,KG_TASK_EXPLICIT
221,641,0.5521787284689545,0.17402597402597403,0.09090909090909091,0.2571428571428571,0.8606629658238704,0.9303314829119351,0.5521787284689545,13,KG_TASK_EXPLICIT
221,630,0.5113636363636364,0.022727272727272728,0.0,0.045454545454545456,1.0,1.0,0.5113636363636364,4,KG_TASK_EXPLICIT
221,50,0.510204081632653,0.02040816326530612,0.0,0.04081632653061224,0.9999999999999998,0.9999999999999999,0.510204081632653,5,KG_TASK_EXPLICIT
221,440,0.5040849384879099,0.03571428571428571,0.0,0.07142857142857142,0.944911182523068,0.972455591261534,0.5040849384879099,6,KG_TASK_EXPLICIT
221,583,0.5018312926535804,0.03225806451612903,0.0,0.06451612903225806,0.9428090415820635,0.9714045207910318,0.5018312926535804,3,KG_TASK_EXPLICIT
221,716,0.49717082451262845,0.02,0.0,0.04,0.9486832980505138,0.9743416490252569,0.49717082451262845,4,KG_TASK_EXPLICIT
221,360,0.4955041578459618,0.016666666666666666,0.0,0.03333333333333333,0.9486832980505138,0.9743416490252569,0.4955041578459618,5,KG_TASK_EXPLICIT
221,620,0.48981373058786626,0.22142857142857142,0.14285714285714285,0.3,0.5163977794943222,0.7581988897471611,0.48981373058786626,6,KG_TASK_EXPLICIT
221,242,0.48908729751121055,0.021739130434782608,0.0,0.043478260869565216,0.9128709291752769,0.9564354645876385,0.48908729751121055,6,KG_TASK_EXPLICIT
221,16,0.48384289023599236,0.03125,0.0,0.0625,0.8728715609439696,0.9364357804719847,0.48384289023599236,4,KG_TASK_EXPLICIT
222,577,0.746558197747184,0.493116395494368,0.4117647058823529,0.574468085106383,1.0,1.0,0.746558197747184,4,KG_TASK_EXPLICIT
222,57,0.7310030395136777,0.46200607902735563,0.2857142857142857,0.6382978723404256,0.9999999999999998,0.9999999999999999,0.7310030395136777,5,KG_TASK_EXPLICIT
222,694,0.7089473684210527,0.41789473684210526,0.3157894736842105,0.52,1.0000000000000002,1.0,0.7089473684210527,6,KG_TASK_EXPLICIT
222,109,0.7084462545436364,0.44060283687943264,0.2978723404255319,0.5833333333333334,0.9525793444156805,0.9762896722078402,0.7084462545436364,6,KG_TASK_EXPLICIT
222,114,0.7083371437962278,0.4403846153846154,0.4,0.4807692307692308,0.9525793444156805,0.9762896722078402,0.7083371437962278,6,KG_TASK_EXPLICIT
222,244,0.7017727506956462,0.4406354515050167,0.30434782608695654,0.5769230769230769,0.9258200997725514,0.9629100498862757,0.7017727506956462,7,KG_TASK_EXPLICIT
222,163,0.6978336862338526,0.4232117812061711,0.21739130434782608,0.6290322580645161,0.944911182523068,0.972455591261534,0.6978336862338526,4,KG_TASK_EXPLICIT
222,360,0.6879938358485378,0.390625,0.25,0.53125,0.9707253433941511,0.9853626716970756,0.6879938358485378,4,KG_TASK_EXPLICIT
222,69,0.6803839480378089,0.49561952440550694,0.35294117647058826,0.6382978723404256,0.7302967433402214,0.8651483716701107,0.6803839480378089,10,KG_TASK_EXPLICIT
222,223,0.6798664986268937,0.3881118881118881,0.23076923076923078,0.5454545454545454,0.9432422182837986,0.9716211091418994,0.6798664986268937,8,KG_TASK_EXPLICIT
223,360,0.7136416164913484,0.4461580086580087,0.30303030303030304,0.5892857142857143,0.9622504486493763,0.9811252243246882,0.7136416164913484,6,KG_TASK_EXPLICIT
223,295,0.68807044970729,0.46222222222222226,0.28,0.6444444444444445,0.8278373543847156,0.9139186771923578,0.68807044970729,23,KG_TASK_EXPLICIT
223,57,0.6862991529749823,0.45426829268292684,0.25,0.6585365853658537,0.8366600265340756,0.9183300132670378,0.6862991529749823,4,KG_TASK_EXPLICIT
223,247,0.6842948717948718,0.3685897435897436,0.25,0.48717948717948717,1.0,1.0,0.6842948717948718,6,KG_TASK_EXPLICIT
223,222,0.6798664986268937,0.3881118881118881,0.23076923076923078,0.5454545454545454,0.9432422182837986,0.9716211091418994,0.6798664986268937,8,KG_TASK_EXPLICIT
223,70,0.6783263033264209,0.38675213675213677,0.3888888888888889,0.38461538461538464,0.9398009398014098,0.9699004699007049,0.6783263033264209,29,KG_TASK_EXPLICIT
223,398,0.6765046296296297,0.3530092592592593,0.18518518518518517,0.5208333333333334,1.0000000000000002,1.0,0.6765046296296297,3,KG_TASK_EXPLICIT
223,259,0.6756448361039201,0.375,0.25,0.5,0.9525793444156805,0.9762896722078402,0.6756448361039201,6,KG_TASK_EXPLICIT
223,441,0.6752619014570318,0.3790697674418605,0.2,0.5581395348837209,0.9429080709444059,0.971454035472203,0.6752619014570318,17,KG_TASK_EXPLICIT
223,576,0.670458375463431,0.34091675092686213,0.23255813953488372,0.4492753623188406,1.0,1.0,0.670458375463431,4,KG_TASK_EXPLICIT
224,566,0.6075254718867571,0.4365079365079365,0.42857142857142855,0.4444444444444444,0.5570860145311556,0.7785430072655778,0.6075254718867571,17,KG_TASK_EXPLICIT
224,318,0.5550279673697713,0.13571428571428573,0.2,0.07142857142857142,0.9486832980505138,0.9743416490252569,0.5550279673697713,7,KG_TASK_EXPLICIT
224,254,0.5481412392490255,0.18803418803418803,0.2222222222222222,0.15384615384615385,0.8164965809277259,0.9082482904638629,0.5481412392490255,3,KG_TASK_EXPLICIT
224,440,0.5479286159665187,0.25,0.3333333333333333,0.16666666666666666,0.6917144638660746,0.8458572319330373,0.5479286159665187,9,KG_TASK_EXPLICIT
224,227,0.5461885790097358,0.1142857142857143,0.05,0.17857142857142858,0.9561828874675149,0.9780914437337574,0.5461885790097358,4,KG_TASK_EXPLICIT
224,37,0.5448855542589118,0.19090909090909092,0.18181818181818182,0.2,0.7977240352174656,0.8988620176087327,0.5448855542589118,5,KG_TASK_EXPLICIT
224,710,0.5427016495954992,0.10427807486631016,0.11764705882352941,0.09090909090909091,0.9622504486493763,0.9811252243246882,0.5427016495954992,3,KG_TASK_EXPLICIT
224,455,0.5374149659863945,0.07482993197278912,0.047619047619047616,0.10204081632653061,0.9999999999999998,0.9999999999999999,0.5374149659863945,3,KG_TASK_EXPLICIT
224,555,0.5314818143086376,0.16666666666666666,0.25,0.08333333333333333,0.7925939239012171,0.8962969619506085,0.5314818143086376,6,KG_TASK_EXPLICIT
224,439,0.5206552047549367,0.06018518518518518,0.08333333333333333,0.037037037037037035,0.9622504486493763,0.9811252243246882,0.5206552047549367,3,KG_TASK_EXPLICIT
225,167,0.6992525153017711,0.4188034188034188,0.2222222222222222,0.6153846153846154,0.9594032236002469,0.9797016118001234,0.6992525153017711,5,KG_TASK_EXPLICIT
225,202,0.692040940000024,0.40779220779220776,0.2727272727272727,0.5428571428571428,0.9525793444156805,0.9762896722078402,0.692040940000024,6,KG_TASK_EXPLICIT
225,174,0.6904161412358134,0.3808322824716267,0.38461538461538464,0.3770491803278688,1.0,1.0,0.6904161412358134,6,KG_TASK_EXPLICIT
225,705,0.6618421052631579,0.3236842105263158,0.2,0.4473684210526316,1.0,1.0,0.6618421052631579,4,KG_TASK_EXPLICIT
225,327,0.6579026873026143,0.37386363636363634,0.2727272727272727,0.475,0.8838834764831843,0.9419417382415922,0.6579026873026143,5,KG_TASK_EXPLICIT
225,636,0.6409406657824697,0.30753968253968256,0.2222222222222222,0.39285714285714285,0.9486832980505138,0.9743416490252569,0.6409406657824697,5,KG_TASK_EXPLICIT
225,306,0.6389565387983427,0.3035714285714286,0.25,0.35714285714285715,0.9486832980505138,0.9743416490252569,0.6389565387983427,5,KG_TASK_EXPLICIT
225,36,0.6371938700150268,0.2962962962962963,0.2222222222222222,0.37037037037037035,0.9561828874675149,0.9780914437337574,0.6371938700150268,7,KG_TASK_EXPLICIT
225,264,0.6358777210643526,0.2974137931034483,0.25,0.3448275862068966,0.9486832980505138,0.9743416490252569,0.6358777210643526,5,KG_TASK_EXPLICIT
225,396,0.6333333333333333,0.26666666666666666,0.2,0.3333333333333333,1.0000000000000002,1.0,0.6333333333333333,3,KG_TASK_EXPLICIT
226,63,0.732266248158431,0.4925925925925926,0.4666666666666667,0.5185185185185185,0.9438798074485389,0.9719399037242695,0.732266248158431,5,KG_TASK_EXPLICIT
226,486,0.7297990476322185,0.5918803418803419,0.46153846153846156,0.7222222222222222,0.7354355067681901,0.8677177533840951,0.7297990476322185,14,KG_TASK_EXPLICIT
226,506,0.6769661209342739,0.37280701754385964,0.16666666666666666,0.5789473684210527,0.9622504486493764,0.9811252243246882,0.6769661209342739,6,KG_TASK_EXPLICIT
226,303,0.6764422483820072,0.4198717948717949,0.4166666666666667,0.4230769230769231,0.8660254037844387,0.9330127018922194,0.6764422483820072,3,KG_TASK_EXPLICIT
226,479,0.6764177486416785,0.4285714285714286,0.3333333333333333,0.5238095238095238,0.8485281374238569,0.9242640687119285,0.6764177486416785,5,KG_TASK_EXPLICIT
226,306,0.6718391209823023,0.3964646464646465,0.18181818181818182,0.6111111111111112,0.894427190999916,0.947213595499958,0.6718391209823023,7,KG_TASK_EXPLICIT
226,635,0.6692536829114807,0.46640316205533594,0.45454545454545453,0.4782608695652174,0.7442084075352507,0.8721042037676254,0.6692536829114807,10,KG_TASK_EXPLICIT
226,591,0.665802213762053,0.5429292929292929,0.36363636363636365,0.7222222222222222,0.5773502691896258,0.7886751345948129,0.665802213762053,3,KG_TASK_EXPLICIT
226,211,0.6578599072771092,0.33035714285714285,0.2857142857142857,0.375,0.9707253433941511,0.9853626716970756,0.6578599072771092,4,KG_TASK_EXPLICIT
226,36,0.6572827174025297,0.4777777777777778,0.4,0.5555555555555556,0.6735753140545634,0.8367876570272816,0.6572827174025297,19,KG_TASK_EXPLICIT
227,37,0.5779961672055517,0.18458781362007168,0.1111111111111111,0.25806451612903225,0.9428090415820635,0.9714045207910318,0.5779961672055517,3,KG_TASK_EXPLICIT
227,360,0.5699206342847791,0.16738567730802417,0.10526315789473684,0.22950819672131148,0.944911182523068,0.972455591261534,0.5699206342847791,4,KG_TASK_EXPLICIT
227,228,0.569047619047619,0.1380952380952381,0.047619047619047616,0.22857142857142856,1.0000000000000002,1.0,0.569047619047619,3,KG_TASK_EXPLICIT
227,607,0.5596695226438189,0.1193390452876377,0.05263157894736842,0.18604651162790697,0.9999999999999999,1.0,0.5596695226438189,4,KG_TASK_EXPLICIT
227,52,0.5574877250409165,0.11497545008183306,0.038461538461538464,0.19148936170212766,0.9999999999999998,0.9999999999999999,0.5574877250409165,5,KG_TASK_EXPLICIT
227,398,0.5564570655848546,0.11291413116970926,0.06896551724137931,0.1568627450980392,1.0000000000000002,1.0,0.5564570655848546,3,KG_TASK_EXPLICIT
227,223,0.55376626610807,0.13319088319088318,0.07407407407407407,0.19230769230769232,0.9486832980505138,0.9743416490252569,0.55376626610807,5,KG_TASK_EXPLICIT
227,23,0.5536747685185185,0.10734953703703703,0.07407407407407407,0.140625,1.0000000000000002,1.0,0.5536747685185185,3,KG_TASK_EXPLICIT
227,29,0.5511015911872705,0.102203182374541,0.046511627906976744,0.15789473684210525,1.0000000000000002,1.0,0.5511015911872705,3,KG_TASK_EXPLICIT
227,14,0.5497311827956989,0.09946236559139784,0.03225806451612903,0.16666666666666666,1.0,1.0,0.5497311827956989,8,KG_TASK_EXPLICIT
228,380,0.7199074074074073,0.4398148148148148,0.25,0.6296296296296297,0.9999999999999998,0.9999999999999999,0.7199074074074073,5,KG_TASK_EXPLICIT
228,637,0.7,0.4,0.2,0.6,0.9999999999999998,0.9999999999999999,0.7,5,KG_TASK_EXPLICIT
228,599,0.6922292788290108,0.4033333333333333,0.16666666666666666,0.64,0.9622504486493764,0.9811252243246882,0.6922292788290108,6,KG_TASK_EXPLICIT
228,16,0.6843434343434344,0.36868686868686873,0.18181818181818182,0.5555555555555556,1.0000000000000002,1.0,0.6843434343434344,3,KG_TASK_EXPLICIT
228,694,0.6826923076923077,0.3653846153846154,0.23076923076923078,0.5,1.0000000000000002,1.0,0.6826923076923077,3,KG_TASK_EXPLICIT
228,252,0.6763888888888889,0.4361111111111111,0.2222222222222222,0.65,0.8333333333333334,0.9166666666666667,0.6763888888888889,4,KG_TASK_EXPLICIT
228,213,0.6672077922077921,0.3344155844155844,0.21428571428571427,0.45454545454545453,1.0000000000000002,1.0,0.6672077922077921,3,KG_TASK_EXPLICIT
228,674,0.6646156961821934,0.3495297805642633,0.18181818181818182,0.5172413793103449,0.9594032236002469,0.9797016118001234,0.6646156961821934,8,KG_TASK_EXPLICIT
228,545,0.6622807017543859,0.32456140350877194,0.3333333333333333,0.3157894736842105,1.0000000000000002,1.0,0.6622807017543859,6,KG_TASK_EXPLICIT
228,335,0.6554347826086957,0.3108695652173913,0.1,0.5217391304347826,1.0000000000000002,1.0,0.6554347826086957,3,KG_TASK_EXPLICIT
229,265,0.6697105070523109,0.36507936507936506,0.2857142857142857,0.4444444444444444,0.9486832980505138,0.9743416490252569,0.6697105070523109,5,KG_TASK_EXPLICIT
229,389,0.663307188148992,0.3522727272727273,0.25,0.45454545454545453,0.9486832980505138,0.9743416490252569,0.663307188148992,5,KG_TASK_EXPLICIT
229,530,0.6374879746812302,0.3035714285714286,0.25,0.35714285714285715,0.9428090415820635,0.9714045207910318,0.6374879746812302,3,KG_TASK_EXPLICIT
229,401,0.6318817272381392,0.325,0.25,0.4,0.8775269089525567,0.9387634544762784,0.6318817272381392,14,KG_TASK_EXPLICIT
229,694,0.6305555555555555,0.26111111111111107,0.2222222222222222,0.3,1.0000000000000002,1.0,0.6305555555555555,3,KG_TASK_EXPLICIT
229,570,0.6294522603955159,0.2875,0.2,0.375,0.9428090415820635,0.9714045207910318,0.6294522603955159,3,KG_TASK_EXPLICIT
229,685,0.6190954181713422,0.2785714285714286,0.2,0.35714285714285715,0.9192388155425117,0.9596194077712559,0.6190954181713422,8,KG_TASK_EXPLICIT
229,318,0.6190476190476191,0.23809523809523808,0.14285714285714285,0.3333333333333333,1.0000000000000002,1.0,0.6190476190476191,3,KG_TASK_EXPLICIT
229,343,0.6166546413478968,0.2619047619047619,0.16666666666666666,0.35714285714285715,0.9428090415820635,0.9714045207910318,0.6166546413478968,6,KG_TASK_EXPLICIT
229,239,0.6148508059000617,0.25,0.16666666666666666,0.3333333333333333,0.9594032236002469,0.9797016118001234,0.6148508059000617,8,KG_TASK_EXPLICIT
230,317,0.7105654854072894,0.44678932178932174,0.3611111111111111,0.5324675324675324,0.9486832980505138,0.9743416490252569,0.7105654854072894,4,KG_TASK_EXPLICIT
230,106,0.6624024531734487,0.42391304347826086,0.34782608695652173,0.5,0.8017837257372731,0.9008918628686365,0.6624024531734487,4,KG_TASK_EXPLICIT
230,518,0.6402734644166456,0.3333333333333333,0.3333333333333333,0.3333333333333333,0.8944271909999159,0.9472135954999579,0.6402734644166456,11,KG_TASK_EXPLICIT
230,438,0.6388978179499307,0.38648373983739837,0.4146341463414634,0.35833333333333334,0.7826237921249264,0.8913118960624632,0.6388978179499307,7,KG_TASK_EXPLICIT
230,168,0.6262708787218592,0.2525417574437182,0.14705882352941177,0.35802469135802467,0.9999999999999999,1.0,0.6262708787218592,7,KG_TASK_EXPLICIT
230,259,0.6230811246148176,0.30580982626564546,0.24528301886792453,0.36633663366336633,0.8807048459279794,0.9403524229639897,0.6230811246148176,13,KG_TASK_EXPLICIT
230,202,0.6197910866733713,0.271875,0.21875,0.325,0.9354143466934852,0.9677071733467426,0.6197910866733713,8,KG_TASK_EXPLICIT
230,364,0.609717868338558,0.21943573667711597,0.15151515151515152,0.28735632183908044,1.0,1.0,0.609717868338558,4,KG_TASK_EXPLICIT
230,211,0.6091461691713286,0.23859072654253377,0.21212121212121213,0.26506024096385544,0.9594032236002469,0.9797016118001234,0.6091461691713286,8,KG_TASK_EXPLICIT
230,514,0.601255934327687,0.25529827315541603,0.1836734693877551,0.3269230769230769,0.8944271909999159,0.9472135954999579,0.601255934327687,5,KG_TASK_EXPLICIT
231,283,0.685988308365676,0.4423076923076923,0.38461538461538464,0.5,0.8593378488473195,0.9296689244236598,0.685988308365676,14,KG_TASK_EXPLICIT
231,161,0.6800822561692126,0.3601645123384254,0.2608695652173913,0.4594594594594595,0.9999999999999998,0.9999999999999999,0.6800822561692126,5,KG_TASK_EXPLICIT
231,160,0.6759775400486969,0.37386363636363634,0.2727272727272727,0.475,0.9561828874675149,0.9780914437337574,0.6759775400486969,7,KG_TASK_EXPLICIT
231,465,0.6718810153222855,0.4256410256410257,0.38461538461538464,0.4666666666666667,0.8362420100070908,0.9181210050035453,0.6718810153222855,17,KG_TASK_EXPLICIT
231,303,0.6689550249431379,0.375,0.25,0.5,0.9258200997725514,0.9629100498862757,0.6689550249431379,8,KG_TASK_EXPLICIT
231,477,0.6607488930487073,0.36923076923076925,0.5384615384615384,0.2,0.9045340337332909,0.9522670168666454,0.6607488930487073,14,KG_TASK_EXPLICIT
231,57,0.6597222222222223,0.3611111111111111,0.2222222222222222,0.5,0.9166666666666669,0.9583333333333335,0.6597222222222223,9,KG_TASK_EXPLICIT
231,50,0.6564752072554193,0.34154589371980676,0.2608695652173913,0.4222222222222222,0.9428090415820635,0.9714045207910318,0.6564752072554193,3,KG_TASK_EXPLICIT
231,422,0.64920787682112,0.3770833333333333,0.1875,0.5666666666666667,0.8426648406178138,0.9213324203089068,0.64920787682112,8,KG_TASK_EXPLICIT
231,127,0.6490585910134188,0.3392857142857143,0.21428571428571427,0.4642857142857143,0.9176629354822469,0.9588314677411234,0.6490585910134188,13,KG_TASK_EXPLICIT
234,110,0.7156021970616481,0.45686274509803926,0.26666666666666666,0.6470588235294118,0.9486832980505138,0.9743416490252569,0.7156021970616481,5,KG_TASK_EXPLICIT
234,577,0.7149636806424038,0.49910714285714286,0.3125,0.6857142857142857,0.8616404368553293,0.9308202184276646,0.7149636806424038,9,KG_TASK_EXPLICIT
234,398,0.6853158339770375,0.4833333333333334,0.2916666666666667,0.675,0.7745966692414834,0.8872983346207417,0.6853158339770375,5,KG_TASK_EXPLICIT
234,222,0.678853414174571,0.37961538461538463,0.24,0.5192307692307693,0.9561828874675149,0.9780914437337574,0.678853414174571,7,KG_TASK_EXPLICIT
234,267,0.653042907118994,0.34965034965034963,0.15384615384615385,0.5454545454545454,0.9128709291752769,0.9564354645876385,0.653042907118994,6,KG_TASK_EXPLICIT
234,494,0.6514779890602966,0.3242424242424242,0.18181818181818182,0.4666666666666667,0.9574271077563381,0.978713553878169,0.6514779890602966,9,KG_TASK_EXPLICIT
234,678,0.648611111111111,0.2972222222222222,0.15,0.4444444444444444,0.9999999999999998,0.9999999999999999,0.648611111111111,5,KG_TASK_EXPLICIT
234,583,0.646875,0.3651785714285714,0.1875,0.5428571428571428,0.857142857142857,0.9285714285714285,0.646875,4,KG_TASK_EXPLICIT
234,694,0.6466477127392923,0.3414473684210526,0.15789473684210525,0.525,0.903696114115064,0.9518480570575321,0.6466477127392923,7,KG_TASK_EXPLICIT
234,441,0.6429399347056157,0.37763157894736843,0.15,0.6052631578947368,0.8164965809277261,0.9082482904638631,0.6429399347056157,15,KG_TASK_EXPLICIT
235,753,1.0,1.0,1.0,1.0,1.0,1.0,1.0,4,KG_TASK_EXPLICIT
235,382,0.6011299793694863,0.5,0.2,0.8,0.40451991747794525,0.7022599587389726,0.6011299793694863,13,KG_TASK_EXPLICIT
235,661,0.5708333333333333,0.14166666666666666,0.08333333333333333,0.2,0.9999999999999998,0.9999999999999999,0.5708333333333333,3,KG_TASK_EXPLICIT
235,548,0.5500617349391026,0.17045454545454547,0.25,0.09090909090909091,0.8593378488473195,0.9296689244236598,0.5500617349391026,14,KG_TASK_EXPLICIT
235,361,0.5467342342342343,0.13513513513513514,0.05405405405405406,0.21621621621621623,0.9166666666666669,0.9583333333333335,0.5467342342342343,14,KG_TASK_EXPLICIT
235,222,0.5300488781282295,0.11288416075650118,0.05555555555555555,0.1702127659574468,0.8944271909999159,0.9472135954999579,0.5300488781282295,5,KG_TASK_EXPLICIT
235,470,0.5275072603284172,0.07692307692307693,0.0,0.15384615384615385,0.9561828874675149,0.9780914437337574,0.5275072603284172,7,KG_TASK_EXPLICIT
235,429,0.5216038367102743,0.23717948717948717,0.16666666666666666,0.3076923076923077,0.6120563724821229,0.8060281862410614,0.5216038367102743,26,KG_TASK_EXPLICIT
235,29,0.5178722251090436,0.12749615975422426,0.06451612903225806,0.19047619047619047,0.8164965809277259,0.9082482904638629,0.5178722251090436,3,KG_TASK_EXPLICIT
235,281,0.5138888888888888,0.027777777777777776,0.0,0.05555555555555555,1.0,1.0,0.5138888888888888,4,KG_TASK_EXPLICIT
237,443,0.7779346107557676,0.5777777777777777,0.6666666666666666,0.4888888888888889,0.9561828874675149,0.9780914437337574,0.7779346107557676,7,KG_TASK_EXPLICIT
237,141,0.7678571428571428,0.5892857142857143,0.6785714285714286,0.5,0.8928571428571428,0.9464285714285714,0.7678571428571428,16,KG_TASK_EXPLICIT
237,117,0.7229166666666667,0.4458333333333333,0.6,0.2916666666666667,1.0000000000000002,1.0,0.7229166666666667,6,KG_TASK_EXPLICIT
237,269,0.712962962962963,0.42592592592592593,0.6296296296296297,0.2222222222222222,1.0000000000000002,1.0,0.712962962962963,3,KG_TASK_EXPLICIT
237,140,0.6919046783294642,0.5145348837209303,0.75,0.27906976744186046,0.7385489458759964,0.8692744729379982,0.6919046783294642,16,KG_TASK_EXPLICIT
237,31,0.6741241452319315,0.44000000000000006,0.68,0.2,0.8164965809277259,0.9082482904638629,0.6741241452319315,5,KG_TASK_EXPLICIT
237,173,0.6691171398930621,0.36577868852459017,0.125,0.6065573770491803,0.9449111825230682,0.972455591261534,0.6691171398930621,12,KG_TASK_EXPLICIT
237,205,0.662336320157477,0.34658119658119657,0.11538461538461539,0.5777777777777777,0.9561828874675149,0.9780914437337574,0.662336320157477,5,KG_TASK_EXPLICIT
237,674,0.6477100534952245,0.3191304347826087,0.16,0.4782608695652174,0.9525793444156805,0.9762896722078402,0.6477100534952245,6,KG_TASK_EXPLICIT
237,509,0.6444395214887018,0.28887904297740363,0.13513513513513514,0.4426229508196721,1.0,1.0,0.6444395214887018,11,KG_TASK_EXPLICIT
239,590,0.8444444444444444,0.6888888888888889,0.6,0.7777777777777778,1.0,1.0,0.8444444444444444,4,KG_TASK_EXPLICIT
239,492,0.8141341260766115,0.6529411764705882,0.6,0.7058823529411765,0.9506541513652698,0.9753270756826349,0.8141341260766115,11,KG_TASK_EXPLICIT
239,686,0.7728851102269141,0.5714285714285714,0.5,0.6428571428571429,0.9486832980505138,0.9743416490252569,0.7728851102269141,5,KG_TASK_EXPLICIT
239,530,0.7602508454694104,0.5714285714285714,0.5,0.6428571428571429,0.8981462390204985,0.9490731195102493,0.7602508454694104,10,KG_TASK_EXPLICIT
239,487,0.7489721615544691,0.5192307692307692,0.5,0.5384615384615384,0.9574271077563381,0.978713553878169,0.7489721615544691,12,KG_TASK_EXPLICIT
239,344,0.7412280701754386,0.48245614035087714,0.3333333333333333,0.631578947368421,1.0,1.0,0.7412280701754386,4,KG_TASK_EXPLICIT
239,715,0.7357022603955158,0.5,0.4,0.6,0.9428090415820632,0.9714045207910316,0.7357022603955158,9,KG_TASK_EXPLICIT
239,41,0.7083333333333333,0.41666666666666663,0.3333333333333333,0.5,0.9999999999999999,1.0,0.7083333333333333,7,KG_TASK_EXPLICIT
239,601,0.6958333333333333,0.39166666666666666,0.3333333333333333,0.45,1.0000000000000002,1.0,0.6958333333333333,3,KG_TASK_EXPLICIT
239,719,0.6945611289641003,0.41666666666666663,0.3333333333333333,0.5,0.944911182523068,0.972455591261534,0.6945611289641003,7,KG_TASK_EXPLICIT
240,526,0.657142857142857,0.3142857142857143,0.3333333333333333,0.29523809523809524,0.9999999999999998,0.9999999999999999,0.657142857142857,5,KG_TASK_EXPLICIT
240,36,0.6527777777777777,0.3055555555555555,0.4444444444444444,0.16666666666666666,0.9999999999999998,0.9999999999999999,0.6527777777777777,5,KG_TASK_EXPLICIT
240,636,0.6516516516516516,0.3033033033033033,0.4444444444444444,0.16216216216216217,1.0,1.0,0.6516516516516516,4,KG_TASK_EXPLICIT
240,280,0.6338859053350349,0.28664658634538154,0.4166666666666667,0.1566265060240964,0.9622504486493763,0.9811252243246882,0.6338859053350349,3,KG_TASK_EXPLICIT
240,244,0.6157594086021505,0.23151881720430106,0.3125,0.15053763440860216,1.0,1.0,0.6157594086021505,4,KG_TASK_EXPLICIT
240,114,0.6131782945736434,0.22635658914728682,0.26666666666666666,0.18604651162790697,1.0,1.0,0.6131782945736434,4,KG_TASK_EXPLICIT
240,679,0.6126373626373627,0.22527472527472525,0.2857142857142857,0.16483516483516483,1.0,1.0,0.6126373626373627,4,KG_TASK_EXPLICIT
240,466,0.6118067978533095,0.22361359570661898,0.3076923076923077,0.13953488372093023,1.0,1.0,0.6118067978533095,4,KG_TASK_EXPLICIT
240,211,0.6110139860139859,0.22202797202797203,0.3076923076923077,0.13636363636363635,0.9999999999999998,0.9999999999999999,0.6110139860139859,5,KG_TASK_EXPLICIT
240,625,0.6083333333333334,0.21666666666666667,0.3,0.13333333333333333,1.0000000000000002,1.0,0.6083333333333334,3,KG_TASK_EXPLICIT
241,50,0.6504988943366099,0.32959326788218796,0.3548387096774194,0.30434782608695654,0.9428090415820635,0.9714045207910318,0.6504988943366099,9,KG_TASK_EXPLICIT
241,513,0.6258419802409461,0.3398550724637681,0.36666666666666664,0.3130434782608696,0.8236577760362478,0.9118288880181239,0.6258419802409461,36,KG_TASK_EXPLICIT
241,678,0.6187600848590462,0.2755852842809365,0.3076923076923077,0.24347826086956523,0.923869770874312,0.961934885437156,0.6187600848590462,9,KG_TASK_EXPLICIT
241,154,0.6146918329159898,0.25504201680672267,0.3,0.21008403361344538,0.9486832980505138,0.9743416490252569,0.6146918329159898,4,KG_TASK_EXPLICIT
241,630,0.6141820177523306,0.23596491228070177,0.2,0.2719298245614035,0.9847982464479191,0.9923991232239595,0.6141820177523306,8,KG_TASK_EXPLICIT
241,211,0.612435865515239,0.23489278752436646,0.25925925925925924,0.21052631578947367,0.9799578870122229,0.9899789435061115,0.612435865515239,6,KG_TASK_EXPLICIT
241,188,0.6095504356297339,0.2900036954915004,0.29545454545454547,0.2845528455284553,0.8581943515359346,0.9290971757679674,0.6095504356297339,20,KG_TASK_EXPLICIT
241,638,0.608718705647441,0.3082788671023965,0.2647058823529412,0.35185185185185186,0.8183170883849714,0.9091585441924857,0.608718705647441,12,KG_TASK_EXPLICIT
241,136,0.6066481310395729,0.2766599597585513,0.2857142857142857,0.2676056338028169,0.8732726046411892,0.9366363023205946,0.6066481310395729,16,KG_TASK_EXPLICIT
241,700,0.6056144211872297,0.27103174603174607,0.2777777777777778,0.2642857142857143,0.8803941926854268,0.9401970963427134,0.6056144211872297,41,KG_TASK_EXPLICIT
242,135,0.6897163120567376,0.37943262411347517,0.3333333333333333,0.425531914893617,1.0,1.0,0.6897163120567376,4,KG_TASK_EXPLICIT
242,509,0.6858721088311929,0.39545454545454545,0.3,0.4909090909090909,0.9525793444156805,0.9762896722078402,0.6858721088311929,6,KG_TASK_EXPLICIT
242,702,0.6802077287411349,0.3879598662207358,0.38461538461538464,0.391304347826087,0.944911182523068,0.972455591261534,0.6802077287411349,4,KG_TASK_EXPLICIT
242,694,0.6663879598662208,0.33277591973244147,0.23076923076923078,0.43478260869565216,1.0000000000000002,1.0,0.6663879598662208,3,KG_TASK_EXPLICIT
242,57,0.6632653061224489,0.326530612244898,0.2857142857142857,0.3673469387755102,1.0,1.0,0.6632653061224489,4,KG_TASK_EXPLICIT
242,114,0.6516666666666666,0.30333333333333334,0.26666666666666666,0.34,0.9999999999999998,0.9999999999999999,0.6516666666666666,5,KG_TASK_EXPLICIT
242,752,0.6509680298872786,0.32857142857142857,0.3,0.35714285714285715,0.9467292624062573,0.9733646312031287,0.6509680298872786,9,KG_TASK_EXPLICIT
242,698,0.6492582643362571,0.3173913043478261,0.2,0.43478260869565216,0.9622504486493763,0.9811252243246882,0.6492582643362571,3,KG_TASK_EXPLICIT
242,536,0.6487154150197628,0.2974308300395257,0.18181818181818182,0.41304347826086957,0.9999999999999998,0.9999999999999999,0.6487154150197628,5,KG_TASK_EXPLICIT
242,324,0.6479166666666667,0.29583333333333334,0.16666666666666666,0.425,1.0,1.0,0.6479166666666667,4,KG_TASK_EXPLICIT
243,255,0.7027392707710728,0.5953917050691244,0.41935483870967744,0.7714285714285715,0.6201736729460423,0.8100868364730212,0.7027392707710728,15,KG_TASK_EXPLICIT
243,136,0.6878692033663452,0.47018485390578413,0.358974358974359,0.5813953488372093,0.8111071056538125,0.9055535528269063,0.6878692033663452,10,KG_TASK_EXPLICIT
243,679,0.671218487394958,0.34243697478991597,0.21428571428571427,0.47058823529411764,1.0000000000000002,1.0,0.671218487394958,3,KG_TASK_EXPLICIT
243,315,0.6644488859593074,0.41093911248710013,0.27450980392156865,0.5473684210526316,0.8359173188630293,0.9179586594315147,0.6644488859593074,19,KG_TASK_EXPLICIT
243,509,0.660606152234622,0.37995100040832996,0.3548387096774194,0.4050632911392405,0.882522608121828,0.941261304060914,0.660606152234622,10,KG_TASK_EXPLICIT
243,50,0.6593480937288492,0.34729166666666667,0.28125,0.41333333333333333,0.9428090415820635,0.9714045207910318,0.6593480937288492,3,KG_TASK_EXPLICIT
243,222,0.6590655249441548,0.31813104988830976,0.20588235294117646,0.43037974683544306,1.0,1.0,0.6590655249441548,4,KG_TASK_EXPLICIT
243,711,0.6513687600644122,0.3027375201288245,0.18518518518518517,0.42028985507246375,1.0000000000000002,1.0,0.6513687600644122,3,KG_TASK_EXPLICIT
243,552,0.6472701149425287,0.29454022988505746,0.1724137931034483,0.4166666666666667,1.0000000000000002,1.0,0.6472701149425287,3,KG_TASK_EXPLICIT
243,678,0.6445966514459665,0.289193302891933,0.2222222222222222,0.3561643835616438,0.9999999999999998,0.9999999999999999,0.6445966514459665,5,KG_TASK_EXPLICIT
244,57,0.8461344906679258,0.75,0.6428571428571429,0.8571428571428571,0.8845379626717033,0.9422689813358516,0.8461344906679258,12,KG_TASK_EXPLICIT
244,50,0.789948360366689,0.6615667074663403,0.5789473684210527,0.7441860465116279,0.8366600265340756,0.9183300132670378,0.789948360366689,4,KG_TASK_EXPLICIT
244,698,0.7403273809523809,0.4806547619047619,0.4375,0.5238095238095238,0.9999999999999998,0.9999999999999999,0.7403273809523809,5,KG_TASK_EXPLICIT
244,583,0.7389989636922192,0.5065934065934066,0.38461538461538464,0.6285714285714286,0.9428090415820635,0.9714045207910318,0.7389989636922192,3,KG_TASK_EXPLICIT
244,267,0.7121347350938191,0.4479797979797979,0.3181818181818182,0.5777777777777777,0.9525793444156805,0.9762896722078402,0.7121347350938191,6,KG_TASK_EXPLICIT
244,114,0.710980429043276,0.4796918767507003,0.4117647058823529,0.5476190476190477,0.8845379626717033,0.9422689813358516,0.710980429043276,13,KG_TASK_EXPLICIT
244,52,0.7098578791726442,0.4632802937576499,0.3684210526315789,0.5581395348837209,0.9128709291752769,0.9564354645876385,0.7098578791726442,12,KG_TASK_EXPLICIT
244,611,0.7073553163326072,0.4429824561403509,0.3333333333333333,0.5526315789473685,0.9434563530497265,0.9717281765248633,0.7073553163326072,7,KG_TASK_EXPLICIT
244,513,0.7046776747113579,0.5165631469979296,0.38095238095238093,0.6521739130434783,0.7855844048495726,0.8927922024247863,0.7046776747113579,16,KG_TASK_EXPLICIT
244,679,0.7027777777777777,0.40555555555555556,0.2777777777777778,0.5333333333333333,0.9999999999999998,0.9999999999999999,0.7027777777777777,5,KG_TASK_EXPLICIT
245,75,0.4936490319154305,0.006172839506172839,0.0,0.012345679012345678,0.9622504486493763,0.9811252243246882,0.4936490319154305,3,KG_TASK_EXPLICIT
245,460,0.4765063509461097,0.02,0.0,0.04,0.8660254037844387,0.9330127018922194,0.4765063509461097,4,KG_TASK_EXPLICIT
245,111,0.47260391192171947,0.012195121951219513,0.0,0.024390243902439025,0.8660254037844387,0.9330127018922194,0.47260391192171947,4,KG_TASK_EXPLICIT
245,446,0.4632704866953461,0.018292682926829267,0.0,0.036585365853658534,0.8164965809277259,0.9082482904638629,0.4632704866953461,3,KG_TASK_EXPLICIT
245,463,0.4572887021939568,0.006329113924050633,0.0,0.012658227848101266,0.8164965809277259,0.9082482904638629,0.4572887021939568,3,KG_TASK_EXPLICIT
245,606,0.4532868405252274,0.005681818181818182,0.0,0.011363636363636364,0.8017837257372731,0.9008918628686365,0.4532868405252274,4,KG_TASK_EXPLICIT
245,339,0.4484802366476591,0.023255813953488372,0.0,0.046511627906976744,0.7474093186836597,0.8737046593418298,0.4484802366476591,8,KG_TASK_EXPLICIT
245,518,0.44803513222265157,0.008771929824561403,0.0,0.017543859649122806,0.7745966692414834,0.8872983346207417,0.44803513222265157,5,KG_TASK_EXPLICIT
245,430,0.4478158339770375,0.008333333333333333,0.0,0.016666666666666666,0.7745966692414834,0.8872983346207417,0.4478158339770375,5,KG_TASK_EXPLICIT
245,692,0.4337211397410813,0.013888888888888888,0.0,0.027777777777777776,0.7071067811865475,0.8535533905932737,0.4337211397410813,4,KG_TASK_EXPLICIT
246,445,0.735351619674941,0.51,0.5,0.52,0.9214064786997642,0.9607032393498821,0.735351619674941,23,KG_TASK_EXPLICIT
246,58,0.713298505799302,0.45614035087719296,0.3333333333333333,0.5789473684210527,0.9409133214428221,0.9704566607214111,0.713298505799302,31,KG_TASK_EXPLICIT
246,538,0.6881195908378477,0.41666666666666663,0.3333333333333333,0.5,0.9191450300180578,0.9595725150090288,0.6881195908378477,25,KG_TASK_EXPLICIT
246,713,0.6035376904449137,0.22916666666666666,0.125,0.3333333333333333,0.9558174284463214,0.9779087142231607,0.6035376904449137,16,KG_TASK_EXPLICIT
246,158,0.5773508059000617,0.175,0.1,0.25,0.9594032236002469,0.9797016118001234,0.5773508059000617,7,KG_TASK_EXPLICIT
246,427,0.5770198170731707,0.190625,0.1,0.28125,0.926829268292683,0.9634146341463414,0.5770198170731707,17,KG_TASK_EXPLICIT
246,710,0.5729166666666666,0.14583333333333334,0.06666666666666667,0.225,1.0000000000000002,1.0,0.5729166666666666,3,KG_TASK_EXPLICIT
246,568,0.5704406609428319,0.1597560975609756,0.1,0.21951219512195122,0.9622504486493763,0.9811252243246882,0.5704406609428319,3,KG_TASK_EXPLICIT
246,689,0.569962608190761,0.18412162162162163,0.125,0.24324324324324326,0.9116071895198007,0.9558035947599004,0.569962608190761,16,KG_TASK_EXPLICIT
246,286,0.566862047764019,0.16526610644257703,0.09523809523809523,0.23529411764705882,0.9369159781709221,0.968457989085461,0.566862047764019,17,KG_TASK_EXPLICIT
247,130,0.6989329148250978,0.42592592592592593,0.3333333333333333,0.5185185185185185,0.9438798074485389,0.9719399037242695,0.6989329148250978,5,KG_TASK_EXPLICIT
247,223,0.6842948717948718,0.3685897435897436,0.25,0.48717948717948717,1.0,1.0,0.6842948717948718,6,KG_TASK_EXPLICIT
247,579,0.6573021885521885,0.37710437710437705,0.2727272727272727,0.48148148148148145,0.8749999999999998,0.9374999999999999,0.6573021885521885,5,KG_TASK_EXPLICIT
247,418,0.655552716660503,0.40285714285714286,0.2857142857142857,0.52,0.8164965809277261,0.9082482904638631,0.655552716660503,6,KG_TASK_EXPLICIT
247,357,0.6536454788905086,0.33294930875576034,0.21428571428571427,0.45161290322580644,0.9486832980505138,0.9743416490252569,0.6536454788905086,5,KG_TASK_EXPLICIT
247,376,0.6488901332931046,0.3253246753246753,0.13636363636363635,0.5142857142857142,0.944911182523068,0.972455591261534,0.6488901332931046,4,KG_TASK_EXPLICIT
247,306,0.625,0.25,0.125,0.375,1.0,1.0,0.625,4,KG_TASK_EXPLICIT
247,635,0.6245791245791246,0.24915824915824913,0.09090909090909091,0.4074074074074074,1.0,1.0,0.6245791245791246,4,KG_TASK_EXPLICIT
247,123,0.6227220886142715,0.2735042735042735,0.10256410256410256,0.4444444444444444,0.9438798074485388,0.9719399037242694,0.6227220886142715,7,KG_TASK_EXPLICIT
247,565,0.621813371506627,0.2722222222222222,0.1,0.4444444444444444,0.9428090415820635,0.9714045207910318,0.621813371506627,3,KG_TASK_EXPLICIT
248,325,0.5873702793251072,0.2159090909090909,0.18181818181818182,0.25,0.917662935482247,0.9588314677411235,0.5873702793251072,10,KG_TASK_EXPLICIT
248,323,0.572030704718121,0.22474747474747475,0.2222222222222222,0.22727272727272727,0.8386278693775346,0.9193139346887673,0.572030704718121,4,KG_TASK_EXPLICIT
248,156,0.5530397216958254,0.1346749226006192,0.058823529411764705,0.21052631578947367,0.9428090415820632,0.9714045207910316,0.5530397216958254,3,KG_TASK_EXPLICIT
248,538,0.5382575757575758,0.11818181818181818,0.1,0.13636363636363635,0.9166666666666669,0.9583333333333335,0.5382575757575758,6,KG_TASK_EXPLICIT
248,445,0.5288105496645283,0.1324110671936759,0.09090909090909091,0.17391304347826086,0.8504200642707612,0.9252100321353807,0.5288105496645283,5,KG_TASK_EXPLICIT
248,529,0.5268115942028985,0.08695652173913043,0.0,0.17391304347826086,0.9333333333333332,0.9666666666666666,0.5268115942028985,6,KG_TASK_EXPLICIT
248,437,0.525,0.08846153846153847,0.1,0.07692307692307693,0.9230769230769232,0.9615384615384617,0.525,4,KG_TASK_EXPLICIT
248,400,0.5175566008098025,0.058823529411764705,0.0,0.11764705882352941,0.9525793444156805,0.9762896722078402,0.5175566008098025,6,KG_TASK_EXPLICIT
248,393,0.5166811917376138,0.10696095076400679,0.05263157894736842,0.16129032258064516,0.8528028654224418,0.9264014327112209,0.5166811917376138,7,KG_TASK_EXPLICIT
248,517,0.5156395603366494,0.058823529411764705,0.0,0.11764705882352941,0.944911182523068,0.972455591261534,0.5156395603366494,5,KG_TASK_EXPLICIT
249,53,0.8669634411066223,0.7867132867132867,0.7272727272727273,0.8461538461538461,0.8944271909999159,0.9472135954999579,0.8669634411066223,5,KG_TASK_EXPLICIT
249,446,0.8122653513414383,0.6680952380952381,0.6428571428571429,0.6933333333333334,0.9128709291752769,0.9564354645876385,0.8122653513414383,6,KG_TASK_EXPLICIT
249,154,0.7198054711807138,0.5065982404692082,0.5454545454545454,0.46774193548387094,0.8660254037844387,0.9330127018922194,0.7198054711807138,4,KG_TASK_EXPLICIT
249,23,0.6993421767357422,0.4761072261072261,0.34615384615384615,0.6060606060606061,0.8451542547285165,0.9225771273642582,0.6993421767357422,7,KG_TASK_EXPLICIT
249,188,0.6874539603011337,0.4336466165413534,0.4857142857142857,0.3815789473684211,0.882522608121828,0.941261304060914,0.6874539603011337,9,KG_TASK_EXPLICIT
249,455,0.6858535300316122,0.3717070600632244,0.34615384615384615,0.3972602739726027,1.0,1.0,0.6858535300316122,7,KG_TASK_EXPLICIT
249,392,0.6826923076923077,0.3653846153846154,0.34615384615384615,0.38461538461538464,0.9999999999999999,1.0,0.6826923076923077,7,KG_TASK_EXPLICIT
249,375,0.6718873031266683,0.43552631578947365,0.45,0.42105263157894735,0.8164965809277259,0.9082482904638629,0.6718873031266683,10,KG_TASK_EXPLICIT
249,280,0.6718509984639016,0.34370199692780334,0.38095238095238093,0.3064516129032258,1.0000000000000002,1.0,0.6718509984639016,3,KG_TASK_EXPLICIT
249,568,0.6641705069124424,0.3283410138248848,0.2857142857142857,0.3709677419354839,1.0000000000000002,1.0,0.6641705069124424,3,KG_TASK_EXPLICIT
250,445,0.5962121212121212,0.2590909090909091,0.2,0.3181818181818182,0.8666666666666667,0.9333333333333333,0.5962121212121212,18,KG_TASK_EXPLICIT
250,156,0.5779465712252845,0.29444444444444445,0.2,0.3888888888888889,0.722897396012249,0.8614486980061244,0.5779465712252845,22,KG_TASK_EXPLICIT
250,85,0.575624623293872,0.1778846153846154,0.125,0.23076923076923078,0.9467292624062573,0.9733646312031287,0.575624623293872,15,KG_TASK_EXPLICIT
250,356,0.5664276643867484,0.15656565656565657,0.09090909090909091,0.2222222222222222,0.9525793444156805,0.9762896722078402,0.5664276643867484,6,KG_TASK_EXPLICIT
250,602,0.5632215460427029,0.14835164835164835,0.14285714285714285,0.15384615384615385,0.9561828874675149,0.9780914437337574,0.5632215460427029,7,KG_TASK_EXPLICIT
250,529,0.5564694459445603,0.16376811594202897,0.06666666666666667,0.2608695652173913,0.8983415518941831,0.9491707759470915,0.5564694459445603,24,KG_TASK_EXPLICIT
250,400,0.5561061027528045,0.15966386554621848,0.14285714285714285,0.17647058823529413,0.9050966799187808,0.9525483399593904,0.5561061027528045,17,KG_TASK_EXPLICIT
250,538,0.5538900685849444,0.13695652173913042,0.1,0.17391304347826086,0.9416472308615167,0.9708236154307583,0.5538900685849444,20,KG_TASK_EXPLICIT
250,218,0.552960298196839,0.13157894736842105,0.10526315789473684,0.15789473684210525,0.9486832980505138,0.9743416490252569,0.552960298196839,5,KG_TASK_EXPLICIT
250,246,0.5459317970288742,0.13333333333333333,0.1,0.16666666666666666,0.9170605214488299,0.9585302607244149,0.5459317970288742,16,KG_TASK_EXPLICIT
252,356,0.7450156489348976,0.5166666666666666,0.3333333333333333,0.7,0.9467292624062573,0.9733646312031287,0.7450156489348976,6,KG_TASK_EXPLICIT
252,228,0.6763888888888889,0.4361111111111111,0.2222222222222222,0.65,0.8333333333333334,0.9166666666666667,0.6763888888888889,4,KG_TASK_EXPLICIT
252,440,0.6733450700345066,0.4916666666666667,0.3333333333333333,0.65,0.710046946804693,0.8550234734023465,0.6733450700345066,10,KG_TASK_EXPLICIT
252,335,0.6714237565036473,0.43333333333333335,0.2,0.6666666666666666,0.8190283593479223,0.9095141796739612,0.6714237565036473,9,KG_TASK_EXPLICIT
252,502,0.6617047228659264,0.4361111111111111,0.2222222222222222,0.65,0.7745966692414834,0.8872983346207417,0.6617047228659264,8,KG_TASK_EXPLICIT
252,213,0.6464781694372534,0.31666666666666665,0.2,0.43333333333333335,0.9525793444156805,0.9762896722078402,0.6464781694372534,9,KG_TASK_EXPLICIT
252,583,0.6464165461098016,0.3214285714285714,0.14285714285714285,0.5,0.9428090415820635,0.9714045207910318,0.6464165461098016,3,KG_TASK_EXPLICIT
252,347,0.6352419122624413,0.4529411764705883,0.2,0.7058823529411765,0.6350852961085883,0.8175426480542942,0.6352419122624413,8,KG_TASK_EXPLICIT
252,86,0.634884556902659,0.3333333333333333,0.16666666666666666,0.5,0.8728715609439696,0.9364357804719847,0.634884556902659,5,KG_TASK_EXPLICIT
252,515,0.6335191385128363,0.2993311036789298,0.07692307692307693,0.5217391304347826,0.9354143466934853,0.9677071733467426,0.6335191385128363,5,KG_TASK_EXPLICIT
254,81,0.5848155698379469,0.29166666666666663,0.25,0.3333333333333333,0.7559289460184544,0.8779644730092272,0.5848155698379469,7,KG_TASK_EXPLICIT
254,224,0.5481412392490255,0.18803418803418803,0.2222222222222222,0.15384615384615385,0.8164965809277259,0.9082482904638629,0.5481412392490255,3,KG_TASK_EXPLICIT
254,115,0.5147058823529411,0.029411764705882353,0.0,0.058823529411764705,1.0000000000000002,1.0,0.5147058823529411,5,KG_TASK_EXPLICIT
254,145,0.513157894736842,0.02631578947368421,0.0,0.05263157894736842,0.9999999999999998,0.9999999999999999,0.513157894736842,4,KG_TASK_EXPLICIT
254,421,0.5111681796464405,0.022336359292881032,0.038461538461538464,0.006211180124223602,0.9999999999999998,0.9999999999999999,0.5111681796464405,4,KG_TASK_EXPLICIT
254,299,0.5089285714285714,0.017857142857142856,0.0,0.03571428571428571,0.9999999999999998,0.9999999999999999,0.5089285714285714,3,KG_TASK_EXPLICIT
254,37,0.5082177124833934,0.10818713450292397,0.1111111111111111,0.10526315789473684,0.8164965809277259,0.9082482904638629,0.5082177124833934,3,KG_TASK_EXPLICIT
254,69,0.5071428571428571,0.014285714285714285,0.0,0.02857142857142857,1.0,1.0,0.5071428571428571,3,KG_TASK_EXPLICIT
254,112,0.5069444444444444,0.013888888888888888,0.0,0.027777777777777776,1.0,1.0,0.5069444444444444,3,KG_TASK_EXPLICIT
254,314,0.5069444444444444,0.013888888888888888,0.0,0.027777777777777776,0.9999999999999998,0.9999999999999999,0.5069444444444444,4,KG_TASK_EXPLICIT
255,173,0.7151687065519347,0.5098557692307693,0.28125,0.7384615384615385,0.8409632877462002,0.9204816438731,0.7151687065519347,21,KG_TASK_EXPLICIT
255,243,0.7027392707710728,0.5953917050691244,0.41935483870967744,0.7714285714285715,0.6201736729460423,0.8100868364730212,0.7027392707710728,15,KG_TASK_EXPLICIT
255,630,0.6979166666666667,0.39583333333333337,0.2916666666666667,0.5,1.0,1.0,0.6979166666666667,4,KG_TASK_EXPLICIT
255,136,0.6971076261426445,0.47228874444064317,0.32432432432432434,0.620253164556962,0.8438530156892917,0.9219265078446459,0.6971076261426445,14,KG_TASK_EXPLICIT
255,698,0.6873147521525061,0.40217391304347827,0.30434782608695654,0.5,0.944911182523068,0.972455591261534,0.6873147521525061,5,KG_TASK_EXPLICIT
255,200,0.6730484850948921,0.39888337468982626,0.34615384615384615,0.45161290322580644,0.894427190999916,0.947213595499958,0.6730484850948921,9,KG_TASK_EXPLICIT
255,160,0.6573597529593412,0.3147195059186825,0.2413793103448276,0.3880597014925373,1.0000000000000002,1.0,0.6573597529593412,6,KG_TASK_EXPLICIT
255,509,0.6523748548392854,0.3704501915708812,0.3103448275862069,0.4305555555555556,0.8685990362153793,0.9342995181076896,0.6523748548392854,13,KG_TASK_EXPLICIT
255,681,0.6506405867808617,0.3329882677708764,0.17391304347826086,0.49206349206349204,0.936585811581694,0.9682929057908469,0.6506405867808617,7,KG_TASK_EXPLICIT
255,266,0.6464655356413569,0.3700410396716826,0.3137254901960784,0.4263565891472868,0.8457800632220621,0.9228900316110311,0.6464655356413569,21,KG_TASK_EXPLICIT
256,533,0.7782284343466043,0.6611721611721612,0.47619047619047616,0.8461538461538461,0.7905694150420948,0.8952847075210474,0.7782284343466043,11,KG_TASK_EXPLICIT
256,586,0.7720284255297102,0.5703703703703704,0.4,0.7407407407407407,0.9473729613780999,0.97368648068905,0.7720284255297102,8,KG_TASK_EXPLICIT
256,126,0.7516948278251789,0.6,0.5,0.7,0.8067793113007157,0.9033896556503578,0.7516948278251789,28,KG_TASK_EXPLICIT
256,295,0.6989598674805081,0.4877734877734878,0.38095238095238093,0.5945945945945946,0.8202924943750566,0.9101462471875283,0.6989598674805081,41,KG_TASK_EXPLICIT
256,673,0.6947510225708071,0.42179487179487174,0.26666666666666666,0.5769230769230769,0.9354143466934853,0.9677071733467426,0.6947510225708071,14,KG_TASK_EXPLICIT
256,62,0.6853973378217506,0.4399744572158365,0.25925925925925924,0.6206896551724138,0.8616404368553293,0.9308202184276646,0.6853973378217506,25,KG_TASK_EXPLICIT
256,488,0.6834282834063292,0.445,0.25,0.64,0.8437131336253169,0.9218565668126584,0.6834282834063292,34,KG_TASK_EXPLICIT
256,511,0.6758816176703621,0.5,0.3333333333333333,0.6666666666666666,0.7035264706814485,0.8517632353407243,0.6758816176703621,37,KG_TASK_EXPLICIT
256,593,0.6740840867170087,0.3833333333333333,0.16666666666666666,0.6,0.9296696802013681,0.9648348401006841,0.6740840867170087,11,KG_TASK_EXPLICIT
256,472,0.67390839873399,0.5805555555555556,0.55,0.6111111111111112,0.5345224838248488,0.7672612419124244,0.67390839873399,19,KG_TASK_EXPLICIT
258,354,0.6564495530012772,0.3128991060025543,0.5517241379310345,0.07407407407407407,1.0000000000000002,1.0,0.6564495530012772,3,KG_TASK_EXPLICIT
258,581,0.6360940003477579,0.3287037037037037,0.25,0.4074074074074074,0.8869685939836239,0.943484296991812,0.6360940003477579,14,KG_TASK_EXPLICIT
258,269,0.6300563507512561,0.3128991060025543,0.5517241379310345,0.07407407407407407,0.8944271909999159,0.9472135954999579,0.6300563507512561,5,KG_TASK_EXPLICIT
258,433,0.6186174812871869,0.4938080495356037,0.6052631578947368,0.38235294117647056,0.48685382607753996,0.74342691303877,0.6186174812871869,51,KG_TASK_EXPLICIT
258,559,0.6148384309462173,0.3214285714285714,0.5714285714285714,0.07142857142857142,0.8164965809277261,0.9082482904638631,0.6148384309462173,6,KG_TASK_EXPLICIT
258,55,0.6043634530246565,0.3214285714285714,0.5714285714285714,0.07142857142857142,0.7745966692414834,0.8872983346207417,0.6043634530246565,5,KG_TASK_EXPLICIT
258,31,0.5810423350559117,0.3347578347578347,0.5925925925925926,0.07692307692307693,0.6546536707079772,0.8273268353539887,0.5810423350559117,13,KG_TASK_EXPLICIT
258,117,0.5672281704707729,0.2718360071301248,0.48484848484848486,0.058823529411764705,0.7252406676228422,0.8626203338114211,0.5672281704707729,14,KG_TASK_EXPLICIT
258,140,0.5608974358974359,0.3333333333333333,0.5925925925925926,0.07407407407407407,0.576923076923077,0.7884615384615385,0.5608974358974359,51,KG_TASK_EXPLICIT
258,237,0.5483827764831041,0.25966562173458724,0.48484848484848486,0.034482758620689655,0.674199862463242,0.837099931231621,0.5483827764831041,14,KG_TASK_EXPLICIT
259,360,0.7158242411201898,0.5275032938076416,0.4318181818181818,0.6231884057971014,0.808290376865476,0.9041451884327381,0.7158242411201898,6,KG_TASK_EXPLICIT
259,513,0.6910835882257711,0.4102272727272727,0.275,0.5454545454545454,0.9438798074485389,0.9719399037242695,0.6910835882257711,5,KG_TASK_EXPLICIT
259,576,0.678809957498482,0.35761991499696416,0.19672131147540983,0.5185185185185185,1.0000000000000002,1.0,0.678809957498482,3,KG_TASK_EXPLICIT
259,494,0.6782661782661783,0.3565323565323565,0.20512820512820512,0.5079365079365079,1.0000000000000002,1.0,0.6782661782661783,3,KG_TASK_EXPLICIT
259,223,0.6756448361039201,0.375,0.25,0.5,0.9525793444156805,0.9762896722078402,0.6756448361039201,6,KG_TASK_EXPLICIT
259,50,0.674098960538988,0.3767934002869441,0.2682926829268293,0.4852941176470588,0.9428090415820635,0.9714045207910318,0.674098960538988,3,KG_TASK_EXPLICIT
259,244,0.6721910674276081,0.3700404858299595,0.2631578947368421,0.47692307692307695,0.9486832980505138,0.9743416490252569,0.6721910674276081,6,KG_TASK_EXPLICIT
259,57,0.6627071341217011,0.3540097474523704,0.21621621621621623,0.4918032786885246,0.9428090415820635,0.9714045207910318,0.6627071341217011,3,KG_TASK_EXPLICIT
259,461,0.6614865132002906,0.34668335419274093,0.3404255319148936,0.35294117647058826,0.9525793444156805,0.9762896722078402,0.6614865132002906,6,KG_TASK_EXPLICIT
259,114,0.658761630482942,0.36752326096588395,0.24324324324324326,0.4918032786885246,0.8999999999999998,0.95,0.658761630482942,11,KG_TASK_EXPLICIT
260,465,0.692231758281014,0.40476190476190477,0.2857142857142857,0.5238095238095238,0.9594032236002469,0.9797016118001234,0.692231758281014,10,KG_TASK_EXPLICIT
260,698,0.6371212121212121,0.27424242424242423,0.18181818181818182,0.36666666666666664,0.9999999999999998,0.9999999999999999,0.6371212121212121,5,KG_TASK_EXPLICIT
260,508,0.6303101035327707,0.2892156862745098,0.16666666666666666,0.4117647058823529,0.9428090415820635,0.9714045207910318,0.6303101035327707,3,KG_TASK_EXPLICIT
260,625,0.5982142857142857,0.19642857142857142,0.14285714285714285,0.25,1.0000000000000002,1.0,0.5982142857142857,3,KG_TASK_EXPLICIT
260,486,0.5973790552002121,0.21666666666666665,0.08333333333333333,0.35,0.9561828874675149,0.9780914437337574,0.5973790552002121,7,KG_TASK_EXPLICIT
260,264,0.5874182718212432,0.20238095238095238,0.16666666666666666,0.23809523809523808,0.944911182523068,0.972455591261534,0.5874182718212432,8,KG_TASK_EXPLICIT
260,297,0.5855978260869565,0.17119565217391303,0.125,0.21739130434782608,1.0000000000000002,1.0,0.5855978260869565,6,KG_TASK_EXPLICIT
260,479,0.5821256038647343,0.1642512077294686,0.1111111111111111,0.21739130434782608,1.0000000000000002,1.0,0.5821256038647343,3,KG_TASK_EXPLICIT
260,618,0.5809208245126285,0.1875,0.125,0.25,0.9486832980505138,0.9743416490252569,0.5809208245126285,5,KG_TASK_EXPLICIT
260,89,0.5782069479051624,0.18012422360248448,0.14285714285714285,0.21739130434782608,0.9525793444156805,0.9762896722078402,0.5782069479051624,6,KG_TASK_EXPLICIT
262,381,0.64642039834204,0.4777777777777778,0.5555555555555556,0.4,0.6301260378126043,0.8150630189063022,0.64642039834204,53,KG_TASK_EXPLICIT
262,154,0.6227272727272727,0.24545454545454543,0.15,0.3409090909090909,1.0000000000000002,1.0,0.6227272727272727,3,KG_TASK_EXPLICIT
262,753,0.5955626121623441,0.21000000000000002,0.1,0.32,0.9622504486493763,0.9811252243246882,0.5955626121623441,3,KG_TASK_EXPLICIT
262,99,0.5913363651955414,0.41428571428571426,0.42857142857142855,0.4,0.536774032210737,0.7683870161053685,0.5913363651955414,70,KG_TASK_EXPLICIT
262,46,0.5691391941391941,0.1382783882783883,0.07142857142857142,0.20512820512820512,1.0000000000000002,1.0,0.5691391941391941,6,KG_TASK_EXPLICIT
262,382,0.5631731837270769,0.4222222222222222,0.4444444444444444,0.4,0.408248290463863,0.7041241452319316,0.5631731837270769,41,KG_TASK_EXPLICIT
262,710,0.5532982901173884,0.21929824561403508,0.10526315789473684,0.3333333333333333,0.7745966692414834,0.8872983346207417,0.5532982901173884,3,KG_TASK_EXPLICIT
262,133,0.5525154687132178,0.2323529411764706,0.2,0.2647058823529412,0.7453559924999299,0.8726779962499649,0.5525154687132178,6,KG_TASK_EXPLICIT
262,218,0.5458123732059387,0.16904761904761906,0.1,0.23809523809523808,0.8451542547285165,0.9225771273642582,0.5458123732059387,7,KG_TASK_EXPLICIT
262,331,0.543783068476324,0.11616161616161616,0.027777777777777776,0.20454545454545456,0.9428090415820635,0.9714045207910318,0.543783068476324,3,KG_TASK_EXPLICIT
263,153,0.8416241452319315,0.775,0.75,0.8,0.8164965809277261,0.9082482904638631,0.8416241452319315,3,KG_TASK_EXPLICIT
263,566,0.6607142857142857,0.3214285714285714,0.5,0.14285714285714285,1.0000000000000002,1.0,0.6607142857142857,3,KG_TASK_EXPLICIT
263,318,0.6111111111111112,0.2222222222222222,0.3333333333333333,0.1111111111111111,1.0000000000000002,1.0,0.6111111111111112,3,KG_TASK_EXPLICIT
263,395,0.56736814650796,0.16228070175438597,0.16666666666666666,0.15789473684210525,0.944911182523068,0.972455591261534,0.56736814650796,4,KG_TASK_EXPLICIT
263,500,0.5585993959411999,0.14285714285714285,0.14285714285714285,0.14285714285714285,0.9486832980505138,0.9743416490252569,0.5585993959411999,5,KG_TASK_EXPLICIT
263,294,0.5208478936699827,0.06924019607843138,0.11764705882352941,0.020833333333333332,0.944911182523068,0.972455591261534,0.5208478936699827,4,KG_TASK_EXPLICIT
263,413,0.509879055200212,0.041666666666666664,0.0,0.08333333333333333,0.9561828874675149,0.9780914437337574,0.509879055200212,4,KG_TASK_EXPLICIT
263,290,0.5050279673697713,0.03571428571428571,0.0,0.07142857142857142,0.9486832980505138,0.9743416490252569,0.5050279673697713,5,KG_TASK_EXPLICIT
263,259,0.5045557913458211,0.03770706190061029,0.02702702702702703,0.04838709677419355,0.9428090415820635,0.9714045207910318,0.5045557913458211,3,KG_TASK_EXPLICIT
263,224,0.5003716095285986,0.16666666666666666,0.25,0.08333333333333333,0.6681531047810609,0.8340765523905305,0.5003716095285986,5,KG_TASK_EXPLICIT
264,625,0.7840458245126285,0.59375,0.5,0.6875,0.9486832980505138,0.9743416490252569,0.7840458245126285,10,KG_TASK_EXPLICIT
264,636,0.7638888888888888,0.5277777777777778,0.5,0.5555555555555556,1.0,1.0,0.7638888888888888,4,KG_TASK_EXPLICIT
264,428,0.7460526315789473,0.4921052631578947,0.3,0.6842105263157895,1.0,1.0,0.7460526315789473,4,KG_TASK_EXPLICIT
264,618,0.7399039410677848,0.5084033613445378,0.42857142857142855,0.5882352941176471,0.9428090415820635,0.9714045207910318,0.7399039410677848,6,KG_TASK_EXPLICIT
264,396,0.7387218045112782,0.47744360902255634,0.42857142857142855,0.5263157894736842,1.0000000000000002,1.0,0.7387218045112782,3,KG_TASK_EXPLICIT
264,306,0.7303921568627451,0.4607843137254902,0.3333333333333333,0.5882352941176471,0.9999999999999998,0.9999999999999999,0.7303921568627451,5,KG_TASK_EXPLICIT
264,598,0.7276785714285714,0.45535714285714285,0.2857142857142857,0.625,1.0000000000000002,1.0,0.7276785714285714,3,KG_TASK_EXPLICIT
264,508,0.7254474215957649,0.47916666666666663,0.3333333333333333,0.625,0.9434563530497265,0.9717281765248633,0.7254474215957649,7,KG_TASK_EXPLICIT
264,462,0.7169171152583782,0.4607843137254902,0.3333333333333333,0.5882352941176471,0.9460998335825321,0.9730499167912661,0.7169171152583782,11,KG_TASK_EXPLICIT
264,36,0.7080266952966369,0.5625,0.5,0.625,0.7071067811865475,0.8535533905932737,0.7080266952966369,10,KG_TASK_EXPLICIT
265,719,0.7647385271386634,0.5672268907563025,0.42857142857142855,0.7058823529411765,0.9245003270420487,0.9622501635210243,0.7647385271386634,7,KG_TASK_EXPLICIT
265,570,0.7403835963717093,0.5178571428571428,0.2857142857142857,0.75,0.9258200997725514,0.9629100498862757,0.7403835963717093,7,KG_TASK_EXPLICIT
265,686,0.7239583333333333,0.44791666666666663,0.3333333333333333,0.5625,0.9999999999999998,0.9999999999999999,0.7239583333333333,5,KG_TASK_EXPLICIT
265,715,0.703781512605042,0.40756302521008403,0.2857142857142857,0.5294117647058824,0.9999999999999998,0.9999999999999999,0.703781512605042,4,KG_TASK_EXPLICIT
265,694,0.7032177322938192,0.45,0.4,0.5,0.9128709291752769,0.9564354645876385,0.7032177322938192,6,KG_TASK_EXPLICIT
265,558,0.687225687093857,0.47916666666666663,0.3333333333333333,0.625,0.7905694150420948,0.8952847075210474,0.687225687093857,8,KG_TASK_EXPLICIT
265,530,0.6865633494010237,0.44791666666666663,0.3333333333333333,0.5625,0.8504200642707612,0.9252100321353807,0.6865633494010237,11,KG_TASK_EXPLICIT
265,704,0.6837767495662233,0.40601503759398494,0.2857142857142857,0.5263157894736842,0.9230769230769232,0.9615384615384617,0.6837767495662233,10,KG_TASK_EXPLICIT
265,685,0.6743555153306832,0.42410714285714285,0.2857142857142857,0.5625,0.8492077756084468,0.9246038878042234,0.6743555153306832,36,KG_TASK_EXPLICIT
265,306,0.672000100287697,0.3881578947368421,0.25,0.5263157894736842,0.9116846116771036,0.9558423058385518,0.672000100287697,8,KG_TASK_EXPLICIT
266,255,0.6464655356413569,0.3700410396716826,0.3137254901960784,0.4263565891472868,0.8457800632220621,0.9228900316110311,0.6464655356413569,21,KG_TASK_EXPLICIT
266,136,0.6293534324936502,0.30919540229885056,0.26666666666666666,0.35172413793103446,0.8990229253768994,0.9495114626884498,0.6293534324936502,17,KG_TASK_EXPLICIT
266,315,0.6182490018392267,0.28780709736123744,0.2571428571428571,0.3184713375796178,0.897381812634432,0.948690906317216,0.6182490018392267,29,KG_TASK_EXPLICIT
266,173,0.6122182379984844,0.28209728867623607,0.19298245614035087,0.3712121212121212,0.8846783746414657,0.9423391873207329,0.6122182379984844,26,KG_TASK_EXPLICIT
266,243,0.6105606655601239,0.3245760534429599,0.26785714285714285,0.381294964028777,0.7930905553545756,0.8965452776772878,0.6105606655601239,16,KG_TASK_EXPLICIT
266,698,0.6052891659236439,0.22146234380276933,0.2127659574468085,0.23015873015873015,0.9782319760890368,0.9891159880445184,0.6052891659236439,10,KG_TASK_EXPLICIT
266,463,0.6035190615835777,0.20703812316715542,0.18181818181818182,0.23225806451612904,1.0000000000000002,1.0,0.6035190615835777,3,KG_TASK_EXPLICIT
266,188,0.6006895919282385,0.28635050553683195,0.27419354838709675,0.29850746268656714,0.8300573566392896,0.9150286783196449,0.6006895919282385,13,KG_TASK_EXPLICIT
266,461,0.5994609016927264,0.24248633879781423,0.25,0.23497267759562843,0.9128709291752769,0.9564354645876385,0.5994609016927264,12,KG_TASK_EXPLICIT
266,154,0.59425809866107,0.21606060606060606,0.22,0.21212121212121213,0.944911182523068,0.972455591261534,0.59425809866107,4,KG_TASK_EXPLICIT
267,244,0.7121347350938191,0.4479797979797979,0.3181818181818182,0.5777777777777777,0.9525793444156805,0.9762896722078402,0.7121347350938191,6,KG_TASK_EXPLICIT
267,317,0.711227795630767,0.45,0.36,0.54,0.944911182523068,0.972455591261534,0.711227795630767,4,KG_TASK_EXPLICIT
267,678,0.6945099805833967,0.40789473684210525,0.3157894736842105,0.5,0.9622504486493763,0.9811252243246882,0.6945099805833967,3,KG_TASK_EXPLICIT
267,415,0.6891025641025641,0.4337606837606838,0.2777777777777778,0.5897435897435898,0.8888888888888888,0.9444444444444444,0.6891025641025641,6,KG_TASK_EXPLICIT
267,698,0.6886092371397019,0.4058139534883721,0.3,0.5116279069767442,0.9428090415820635,0.9714045207910318,0.6886092371397019,3,KG_TASK_EXPLICIT
267,444,0.6809925414804641,0.4394079555966698,0.30434782608695654,0.574468085106383,0.8451542547285165,0.9225771273642582,0.6809925414804641,7,KG_TASK_EXPLICIT
267,105,0.6806803594351734,0.3613607188703466,0.21052631578947367,0.5121951219512195,1.0000000000000002,1.0,0.6806803594351734,6,KG_TASK_EXPLICIT
267,87,0.6786940624973337,0.3849325337331334,0.30434782608695654,0.46551724137931033,0.944911182523068,0.972455591261534,0.6786940624973337,4,KG_TASK_EXPLICIT
267,611,0.6776315789473684,0.35526315789473684,0.21052631578947367,0.5,1.0000000000000002,1.0,0.6776315789473684,3,KG_TASK_EXPLICIT
267,509,0.6701674575092614,0.365993265993266,0.25925925925925924,0.4727272727272727,0.9486832980505138,0.9743416490252569,0.6701674575092614,5,KG_TASK_EXPLICIT
268,701,0.9857022603955159,1.0,1.0,1.0,0.9428090415820635,0.9714045207910318,0.9857022603955159,3,KG_TASK_EXPLICIT
268,543,0.9541241452319315,1.0,1.0,1.0,0.8164965809277259,0.9082482904638629,0.9541241452319315,3,KG_TASK_EXPLICIT
268,530,0.8066152689570729,0.6388888888888888,0.5,0.7777777777777778,0.9486832980505138,0.9743416490252569,0.8066152689570729,6,KG_TASK_EXPLICIT
268,729,0.8,0.6,0.5,0.7,1.0000000000000002,1.0,0.8,3,KG_TASK_EXPLICIT
268,363,0.7905626121623441,0.6,0.5,0.7,0.9622504486493763,0.9811252243246882,0.7905626121623441,3,KG_TASK_EXPLICIT
268,402,0.7859699518621348,0.6,0.5,0.7,0.9438798074485389,0.9719399037242695,0.7859699518621348,8,KG_TASK_EXPLICIT
268,176,0.7685896842794431,0.6041666666666666,0.3333333333333333,0.875,0.8660254037844387,0.9330127018922194,0.7685896842794431,4,KG_TASK_EXPLICIT
268,685,0.7445081394935305,0.5555555555555556,0.3333333333333333,0.7777777777777778,0.8669214468630108,0.9334607234315053,0.7445081394935305,10,KG_TASK_EXPLICIT
268,558,0.7325741858350554,0.6,0.5,0.7,0.7302967433402213,0.8651483716701107,0.7325741858350554,6,KG_TASK_EXPLICIT
268,570,0.7291666666666667,0.45833333333333337,0.3333333333333333,0.5833333333333334,1.0000000000000002,1.0,0.7291666666666667,3,KG_TASK_EXPLICIT
269,354,0.8618927365859921,0.7523809523809524,0.9047619047619048,0.6,0.9428090415820635,0.9714045207910318,0.8618927365859921,3,KG_TASK_EXPLICIT
269,31,0.8214653399852816,0.7893772893772895,0.8095238095238095,0.7692307692307693,0.7071067811865475,0.8535533905932737,0.8214653399852816,4,KG_TASK_EXPLICIT
269,140,0.818887303327062,0.7047619047619047,0.8095238095238095,0.6,0.8660254037844387,0.9330127018922194,0.818887303327062,8,KG_TASK_EXPLICIT
269,141,0.7838866185288014,0.5958333333333333,0.7916666666666666,0.4,0.9438798074485389,0.9719399037242695,0.7838866185288014,7,KG_TASK_EXPLICIT
269,503,0.7618033988749895,0.8,0.85,0.75,0.4472135954999579,0.7236067977499789,0.7618033988749895,5,KG_TASK_EXPLICIT
269,117,0.7468509591927631,0.5193602693602694,0.6296296296296297,0.4090909090909091,0.9486832980505138,0.9743416490252569,0.7468509591927631,5,KG_TASK_EXPLICIT
269,559,0.7385626722948294,0.505720823798627,0.6956521739130435,0.3157894736842105,0.9428090415820635,0.9714045207910318,0.7385626722948294,3,KG_TASK_EXPLICIT
269,237,0.712962962962963,0.42592592592592593,0.6296296296296297,0.2222222222222222,1.0000000000000002,1.0,0.712962962962963,3,KG_TASK_EXPLICIT
269,729,0.699839684279443,0.4666666666666667,0.1,0.8333333333333334,0.8660254037844387,0.9330127018922194,0.699839684279443,4,KG_TASK_EXPLICIT
269,701,0.6440355937288492,0.3166666666666667,0.05,0.5833333333333334,0.9428090415820635,0.9714045207910318,0.6440355937288492,3,KG_TASK_EXPLICIT
271,49,0.95,1.0,1.0,1.0,0.7999999999999998,0.8999999999999999,0.95,6,KG_TASK_EXPLICIT
271,474,0.7630936117548153,0.6388888888888888,0.5,0.7777777777777778,0.7745966692414834,0.8872983346207417,0.7630936117548153,7,KG_TASK_EXPLICIT
271,395,0.7041241452319316,0.5,0.5,0.5,0.8164965809277261,0.9082482904638631,0.7041241452319316,6,KG_TASK_EXPLICIT
271,67,0.6990258511824518,0.5166666666666666,0.3333333333333333,0.7,0.7627700713964737,0.8813850356982369,0.6990258511824518,7,KG_TASK_EXPLICIT
271,500,0.686106797749979,0.42500000000000004,0.4,0.45,0.8944271909999159,0.9472135954999579,0.686106797749979,10,KG_TASK_EXPLICIT
271,439,0.6558785311968437,0.40350877192982454,0.3333333333333333,0.47368421052631576,0.8164965809277259,0.9082482904638629,0.6558785311968437,3,KG_TASK_EXPLICIT
271,601,0.6529411764705882,0.3058823529411765,0.2,0.4117647058823529,1.0000000000000002,1.0,0.6529411764705882,3,KG_TASK_EXPLICIT
271,659,0.6485013859486539,0.6388888888888888,0.5,0.7777777777777778,0.31622776601683794,0.658113883008419,0.6485013859486539,8,KG_TASK_EXPLICIT
271,129,0.6472222222222223,0.29444444444444445,0.2,0.3888888888888889,1.0000000000000002,1.0,0.6472222222222223,5,KG_TASK_EXPLICIT
271,323,0.6334500178529893,0.29444444444444445,0.2,0.3888888888888889,0.944911182523068,0.972455591261534,0.6334500178529893,4,KG_TASK_EXPLICIT
274,70,0.6694444444444444,0.45,0.4,0.5,0.7777777777777778,0.8888888888888888,0.6694444444444444,7,KG_TASK_EXPLICIT
274,162,0.6623376623376622,0.3246753246753247,0.36363636363636365,0.2857142857142857,0.9999999999999998,0.9999999999999999,0.6623376623376622,5,KG_TASK_EXPLICIT
274,175,0.6291576476775893,0.40476190476190477,0.14285714285714285,0.6666666666666666,0.7071067811865475,0.8535533905932737,0.6291576476775893,4,KG_TASK_EXPLICIT
274,126,0.6130952380952381,0.30952380952380953,0.3333333333333333,0.2857142857142857,0.8333333333333335,0.9166666666666667,0.6130952380952381,9,KG_TASK_EXPLICIT
274,376,0.6106060606060606,0.22121212121212122,0.2,0.24242424242424243,1.0,1.0,0.6106060606060606,4,KG_TASK_EXPLICIT
274,278,0.6052939347668101,0.4722222222222222,0.5,0.4444444444444444,0.4767312946227962,0.7383656473113981,0.6052939347668101,10,KG_TASK_EXPLICIT
274,44,0.6017766952966368,0.35,0.5,0.2,0.7071067811865475,0.8535533905932737,0.6017766952966368,3,KG_TASK_EXPLICIT
274,62,0.601010101010101,0.25757575757575757,0.18181818181818182,0.3333333333333333,0.8888888888888888,0.9444444444444444,0.601010101010101,6,KG_TASK_EXPLICIT
274,256,0.5954540046231679,0.2453416149068323,0.14285714285714285,0.34782608695652173,0.8911327886790069,0.9455663943395034,0.5954540046231679,6,KG_TASK_EXPLICIT
274,477,0.5909897003926717,0.2095238095238095,0.3333333333333333,0.08571428571428572,0.944911182523068,0.972455591261534,0.5909897003926717,4,KG_TASK_EXPLICIT
276,499,0.753438995215311,0.5296052631578947,0.375,0.6842105263157895,0.9545454545454546,0.9772727272727273,0.753438995215311,17,KG_TASK_EXPLICIT
276,312,0.7226715305749325,0.47665056360708535,0.43478260869565216,0.5185185185185185,0.9373849950855591,0.9686924975427795,0.7226715305749325,14,KG_TASK_EXPLICIT
276,158,0.7042362057321039,0.4365325077399381,0.29411764705882354,0.5789473684210527,0.9438798074485389,0.9719399037242695,0.7042362057321039,5,KG_TASK_EXPLICIT
276,630,0.6925025329280649,0.3850050658561297,0.23809523809523808,0.5319148936170213,1.0,1.0,0.6925025329280649,4,KG_TASK_EXPLICIT
276,154,0.6800477902850613,0.3857539315448658,0.2608695652173913,0.5106382978723404,0.9486832980505138,0.9743416490252569,0.6800477902850613,5,KG_TASK_EXPLICIT
276,407,0.6799101789116793,0.40980392156862744,0.35294117647058826,0.4666666666666667,0.900032872509462,0.950016436254731,0.6799101789116793,23,KG_TASK_EXPLICIT
276,568,0.6748737373737373,0.34974747474747475,0.2222222222222222,0.4772727272727273,1.0,1.0,0.6748737373737373,4,KG_TASK_EXPLICIT
276,513,0.6742000671252579,0.39583333333333337,0.2916666666666667,0.5,0.9051336018343649,0.9525668009171824,0.6742000671252579,15,KG_TASK_EXPLICIT
276,52,0.6635267700439529,0.35511363636363635,0.2727272727272727,0.4375,0.9438798074485389,0.9719399037242695,0.6635267700439529,12,KG_TASK_EXPLICIT
276,392,0.6585682211626819,0.3446808510638298,0.2,0.48936170212765956,0.944911182523068,0.972455591261534,0.6585682211626819,7,KG_TASK_EXPLICIT
277,351,0.5926190476190476,0.18523809523809523,0.19047619047619047,0.18,0.9999999999999998,0.9999999999999999,0.5926190476190476,3,KG_TASK_EXPLICIT
277,203,0.584280303030303,0.16856060606060608,0.045454545454545456,0.2916666666666667,1.0,1.0,0.584280303030303,3,KG_TASK_EXPLICIT
277,97,0.5550518530116921,0.3214285714285714,0.14285714285714285,0.5,0.5773502691896258,0.7886751345948129,0.5550518530116921,6,KG_TASK_EXPLICIT
277,531,0.5278748865111071,0.20219638242894056,0.05555555555555555,0.3488372093023256,0.7071067811865475,0.8535533905932737,0.5278748865111071,3,KG_TASK_EXPLICIT
277,499,0.5223353793526427,0.08823529411764706,0.0,0.17647058823529413,0.9128709291752769,0.9564354645876385,0.5223353793526427,3,KG_TASK_EXPLICIT
277,513,0.5189791157356043,0.19775132275132276,0.07407407407407407,0.32142857142857145,0.6804138174397718,0.8402069087198859,0.5189791157356043,3,KG_TASK_EXPLICIT
277,534,0.4993505158657463,0.06568832983927324,0.037037037037037035,0.09433962264150944,0.8660254037844387,0.9330127018922194,0.4993505158657463,3,KG_TASK_EXPLICIT
277,454,0.48882777951753825,0.044642857142857144,0.0,0.08928571428571429,0.8660254037844387,0.9330127018922194,0.48882777951753825,4,KG_TASK_EXPLICIT
277,707,0.4879891655921404,0.11082995951417005,0.07692307692307693,0.14473684210526316,0.7302967433402214,0.8651483716701107,0.4879891655921404,3,KG_TASK_EXPLICIT
277,14,0.48315047021943575,0.13296760710553812,0.06896551724137931,0.19696969696969696,0.6666666666666667,0.8333333333333334,0.48315047021943575,4,KG_TASK_EXPLICIT
278,70,0.72664793385558,0.7129186602870814,0.6363636363636364,0.7894736842105263,0.480754414848157,0.7403772074240785,0.72664793385558,87,KG_TASK_EXPLICIT
278,376,0.6624338527106093,0.375,0.3333333333333333,0.4166666666666667,0.8997354108424374,0.9498677054212187,0.6624338527106093,11,KG_TASK_EXPLICIT
278,223,0.6618789869588901,0.4016768292682927,0.4375,0.36585365853658536,0.8441622892989753,0.9220811446494876,0.6618789869588901,18,KG_TASK_EXPLICIT
278,274,0.6052939347668101,0.4722222222222222,0.5,0.4444444444444444,0.4767312946227962,0.7383656473113981,0.6052939347668101,10,KG_TASK_EXPLICIT
278,422,0.5995953111841832,0.23821339950372208,0.15384615384615385,0.3225806451612903,0.9219544457292888,0.9609772228646444,0.5995953111841832,8,KG_TASK_EXPLICIT
278,673,0.5889446308487166,0.24358974358974358,0.15384615384615385,0.3333333333333333,0.8685990362153793,0.9342995181076896,0.5889446308487166,17,KG_TASK_EXPLICIT
278,395,0.5830721003134797,0.16614420062695925,0.09090909090909091,0.2413793103448276,1.0,1.0,0.5830721003134797,5,KG_TASK_EXPLICIT
278,371,0.5817307692307693,0.16346153846153846,0.07692307692307693,0.25,1.0000000000000002,1.0,0.5817307692307693,6,KG_TASK_EXPLICIT
278,126,0.5794193904869751,0.4086021505376344,0.3333333333333333,0.4838709677419355,0.5004732608726313,0.7502366304363157,0.5794193904869751,68,KG_TASK_EXPLICIT
278,62,0.5773071641580859,0.28125,0.25,0.3125,0.7467286566323438,0.8733643283161718,0.5773071641580859,28,KG_TASK_EXPLICIT
279,729,0.6529411764705881,0.3058823529411765,0.2,0.4117647058823529,0.9999999999999998,0.9999999999999999,0.6529411764705881,7,KG_TASK_EXPLICIT
279,571,0.6472222222222223,0.29444444444444445,0.2,0.3888888888888889,1.0000000000000002,1.0,0.6472222222222223,3,KG_TASK_EXPLICIT
279,543,0.6416241452319315,0.375,0.25,0.5,0.8164965809277259,0.9082482904638629,0.6416241452319315,10,KG_TASK_EXPLICIT
279,329,0.6328155142945282,0.3611111111111111,0.3333333333333333,0.3888888888888889,0.8090398349558905,0.9045199174779452,0.6328155142945282,8,KG_TASK_EXPLICIT
279,686,0.6303458691207962,0.31875,0.2,0.4375,0.8838834764831843,0.9419417382415922,0.6303458691207962,5,KG_TASK_EXPLICIT
279,306,0.6232142857142857,0.2464285714285714,0.14285714285714285,0.35,1.0,1.0,0.6232142857142857,4,KG_TASK_EXPLICIT
279,506,0.6212682557080145,0.30952380952380953,0.2857142857142857,0.3333333333333333,0.8660254037844387,0.9330127018922194,0.6212682557080145,4,KG_TASK_EXPLICIT
279,752,0.619244405405609,0.35119047619047616,0.2857142857142857,0.4166666666666667,0.7745966692414834,0.8872983346207417,0.619244405405609,5,KG_TASK_EXPLICIT
279,685,0.61886544456578,0.41875,0.4,0.4375,0.6379617782631201,0.81898088913156,0.61886544456578,24,KG_TASK_EXPLICIT
279,86,0.6175703922636476,0.26373626373626374,0.14285714285714285,0.38461538461538464,0.9428090415820632,0.9714045207910316,0.6175703922636476,3,KG_TASK_EXPLICIT
280,333,0.7559024896946916,0.5264423076923077,0.4375,0.6153846153846154,0.9707253433941511,0.9853626716970756,0.7559024896946916,4,KG_TASK_EXPLICIT
280,679,0.7553332176750216,0.5363247863247864,0.46153846153846156,0.6111111111111112,0.9486832980505138,0.9743416490252569,0.7553332176750216,4,KG_TASK_EXPLICIT
280,483,0.7288461538461539,0.45769230769230773,0.3,0.6153846153846154,1.0000000000000002,1.0,0.7288461538461539,3,KG_TASK_EXPLICIT
280,721,0.7260073549646782,0.519893899204244,0.38461538461538464,0.6551724137931034,0.8642416214502248,0.9321208107251124,0.7260073549646782,7,KG_TASK_EXPLICIT
280,375,0.7251540651074011,0.519893899204244,0.38461538461538464,0.6551724137931034,0.8608284620211167,0.9304142310105583,0.7251540651074011,12,KG_TASK_EXPLICIT
280,52,0.7206804473383205,0.5110294117647058,0.375,0.6470588235294118,0.8606629658238704,0.9303314829119351,0.7206804473383205,6,KG_TASK_EXPLICIT
280,39,0.7133869213560919,0.49376114081996436,0.4117647058823529,0.5757575757575758,0.8660254037844387,0.9330127018922194,0.7133869213560919,4,KG_TASK_EXPLICIT
280,158,0.7123655913978495,0.4247311827956989,0.3333333333333333,0.5161290322580645,1.0,1.0,0.7123655913978495,3,KG_TASK_EXPLICIT
280,633,0.7109927196892258,0.4408602150537634,0.3333333333333333,0.5483870967741935,0.9622504486493763,0.9811252243246882,0.7109927196892258,3,KG_TASK_EXPLICIT
280,513,0.7088385150841436,0.45057766367137353,0.3157894736842105,0.5853658536585366,0.9341987329938275,0.9670993664969137,0.7088385150841436,12,KG_TASK_EXPLICIT
281,355,0.8095658967591522,0.6477272727272727,0.75,0.5454545454545454,0.9428090415820635,0.9714045207910318,0.8095658967591522,6,KG_TASK_EXPLICIT
281,105,0.6612779673697713,0.3482142857142857,0.375,0.32142857142857145,0.9486832980505138,0.9743416490252569,0.6612779673697713,5,KG_TASK_EXPLICIT
281,609,0.6426527144223251,0.3125,0.25,0.375,0.9456108576893003,0.9728054288446502,0.6426527144223251,9,KG_TASK_EXPLICIT
281,184,0.6322292788290107,0.2833333333333333,0.3,0.26666666666666666,0.9622504486493764,0.9811252243246882,0.6322292788290107,6,KG_TASK_EXPLICIT
281,383,0.6316425120772947,0.2632850241545894,0.2222222222222222,0.30434782608695654,1.0,1.0,0.6316425120772947,4,KG_TASK_EXPLICIT
281,87,0.6275510204081632,0.25510204081632654,0.2857142857142857,0.22448979591836735,0.9999999999999998,0.9999999999999999,0.6275510204081632,5,KG_TASK_EXPLICIT
281,359,0.5992030295584914,0.2149122807017544,0.16666666666666666,0.2631578947368421,0.9669875568304563,0.9834937784152282,0.5992030295584914,7,KG_TASK_EXPLICIT
281,424,0.5985294117647059,0.1970588235294118,0.1,0.29411764705882354,0.9999999999999998,0.9999999999999999,0.5985294117647059,5,KG_TASK_EXPLICIT
281,321,0.5811363417540077,0.1879310344827586,0.1,0.27586206896551724,0.9486832980505138,0.9743416490252569,0.5811363417540077,4,KG_TASK_EXPLICIT
281,437,0.5772329363138706,0.18012422360248448,0.14285714285714285,0.21739130434782608,0.9486832980505138,0.9743416490252569,0.5772329363138706,6,KG_TASK_EXPLICIT
282,33,0.6127559296178599,0.25410733844468786,0.36363636363636365,0.14457831325301204,0.9428090415820635,0.9714045207910318,0.6127559296178599,3,KG_TASK_EXPLICIT
282,562,0.6095465693815955,0.23796791443850268,0.18181818181818182,0.29411764705882354,0.9622504486493763,0.9811252243246882,0.6095465693815955,3,KG_TASK_EXPLICIT
282,457,0.6005347962806833,0.2296650717703349,0.09090909090909091,0.3684210526315789,0.9428090415820635,0.9714045207910318,0.6005347962806833,3,KG_TASK_EXPLICIT
282,414,0.594748068409272,0.30219780219780223,0.14285714285714285,0.46153846153846156,0.7745966692414834,0.8872983346207417,0.594748068409272,3,KG_TASK_EXPLICIT
282,705,0.5909090909090909,0.18181818181818182,0.09090909090909091,0.2727272727272727,1.0000000000000002,1.0,0.5909090909090909,3,KG_TASK_EXPLICIT
282,309,0.5725529097461652,0.1737012987012987,0.14285714285714285,0.20454545454545456,0.9428090415820635,0.9714045207910318,0.5725529097461652,3,KG_TASK_EXPLICIT
282,137,0.56415857930985,0.15691263782866835,0.2222222222222222,0.0916030534351145,0.9428090415820635,0.9714045207910318,0.56415857930985,3,KG_TASK_EXPLICIT
282,707,0.5620180498692001,0.15263157894736842,0.10526315789473684,0.2,0.9428090415820635,0.9714045207910318,0.5620180498692001,3,KG_TASK_EXPLICIT
282,534,0.5615530303030303,0.12310606060606061,0.16666666666666666,0.07954545454545454,1.0000000000000002,1.0,0.5615530303030303,3,KG_TASK_EXPLICIT
282,407,0.5459442168590173,0.11076320939334637,0.05714285714285714,0.1643835616438356,0.9622504486493763,0.9811252243246882,0.5459442168590173,3,KG_TASK_EXPLICIT
283,44,0.7376062880890744,0.5669642857142857,0.5714285714285714,0.5625,0.8164965809277261,0.9082482904638631,0.7376062880890744,4,KG_TASK_EXPLICIT
283,179,0.6977417656525724,0.4729064039408867,0.42857142857142855,0.5172413793103449,0.8451542547285166,0.9225771273642582,0.6977417656525724,12,KG_TASK_EXPLICIT
283,704,0.6974882848300887,0.42063492063492064,0.2857142857142857,0.5555555555555556,0.9486832980505138,0.9743416490252569,0.6974882848300887,4,KG_TASK_EXPLICIT
283,121,0.6909937888198757,0.38198757763975155,0.2857142857142857,0.4782608695652174,0.9999999999999998,0.9999999999999999,0.6909937888198757,5,KG_TASK_EXPLICIT
283,506,0.6871345029239766,0.3742690058479532,0.2222222222222222,0.5263157894736842,1.0000000000000002,1.0,0.6871345029239766,3,KG_TASK_EXPLICIT
283,306,0.6870911492844047,0.4027777777777778,0.25,0.5555555555555556,0.9428090415820635,0.9714045207910318,0.6870911492844047,3,KG_TASK_EXPLICIT
283,231,0.685988308365676,0.4423076923076923,0.38461538461538464,0.5,0.8593378488473195,0.9296689244236598,0.685988308365676,14,KG_TASK_EXPLICIT
283,719,0.6828439138320268,0.4027777777777778,0.25,0.5555555555555556,0.9258200997725514,0.9629100498862757,0.6828439138320268,7,KG_TASK_EXPLICIT
283,531,0.6761784508717062,0.38095238095238093,0.3333333333333333,0.42857142857142855,0.9428090415820632,0.9714045207910316,0.6761784508717062,9,KG_TASK_EXPLICIT
283,115,0.6735465873427668,0.5798319327731092,0.5714285714285714,0.5882352941176471,0.5345224838248488,0.7672612419124244,0.6735465873427668,16,KG_TASK_EXPLICIT
285,355,0.7693909663307251,0.6057692307692308,0.75,0.46153846153846156,0.8660254037844387,0.9330127018922194,0.7693909663307251,6,KG_TASK_EXPLICIT
285,621,0.7571428571428571,0.5142857142857142,0.42857142857142855,0.6,1.0,1.0,0.7571428571428571,4,KG_TASK_EXPLICIT
285,321,0.6696012774224342,0.3611111111111111,0.2222222222222222,0.5,0.9561828874675149,0.9780914437337574,0.6696012774224342,5,KG_TASK_EXPLICIT
285,685,0.6473790552002121,0.31666666666666665,0.16666666666666666,0.4666666666666667,0.9561828874675149,0.9780914437337574,0.6473790552002121,5,KG_TASK_EXPLICIT
285,451,0.6330409356725146,0.26608187134502925,0.1111111111111111,0.42105263157894735,1.0000000000000002,1.0,0.6330409356725146,3,KG_TASK_EXPLICIT
285,306,0.6278195488721805,0.2556390977443609,0.14285714285714285,0.3684210526315789,1.0,1.0,0.6278195488721805,4,KG_TASK_EXPLICIT
285,239,0.6232142857142857,0.2464285714285714,0.14285714285714285,0.35,1.0000000000000002,1.0,0.6232142857142857,3,KG_TASK_EXPLICIT
285,264,0.6232142857142857,0.2464285714285714,0.14285714285714285,0.35,1.0,1.0,0.6232142857142857,4,KG_TASK_EXPLICIT
285,357,0.6198384309462172,0.3314285714285714,0.14285714285714285,0.52,0.8164965809277259,0.9082482904638629,0.6198384309462172,3,KG_TASK_EXPLICIT
285,362,0.619047619047619,0.23809523809523808,0.14285714285714285,0.3333333333333333,0.9999999999999998,0.9999999999999999,0.619047619047619,5,KG_TASK_EXPLICIT
286,380,0.6384140250594879,0.2914653784219001,0.14814814814814814,0.43478260869565216,0.9707253433941511,0.9853626716970756,0.6384140250594879,4,KG_TASK_EXPLICIT
286,16,0.6335403726708074,0.2670807453416149,0.14285714285714285,0.391304347826087,1.0000000000000002,1.0,0.6335403726708074,6,KG_TASK_EXPLICIT
286,218,0.6304523251570486,0.28844905905256324,0.17391304347826086,0.40298507462686567,0.944911182523068,0.972455591261534,0.6304523251570486,7,KG_TASK_EXPLICIT
286,309,0.6290572941653602,0.3289170506912442,0.1935483870967742,0.4642857142857143,0.8583950752789522,0.9291975376394761,0.6290572941653602,17,KG_TASK_EXPLICIT
286,356,0.6273784355179703,0.2547568710359408,0.09090909090909091,0.4186046511627907,1.0,1.0,0.6273784355179703,4,KG_TASK_EXPLICIT
286,182,0.6263949582136441,0.3348214285714286,0.1875,0.48214285714285715,0.8359369757117194,0.9179684878558597,0.6263949582136441,27,KG_TASK_EXPLICIT
286,630,0.624478696078428,0.26783216783216784,0.15384615384615385,0.38181818181818183,0.9622504486493764,0.9811252243246882,0.624478696078428,6,KG_TASK_EXPLICIT
286,50,0.6222154182902527,0.2730263157894737,0.125,0.42105263157894735,0.9428090415820635,0.9714045207910318,0.6222154182902527,3,KG_TASK_EXPLICIT
286,713,0.6187141653620801,0.27045454545454545,0.2,0.3409090909090909,0.9339475705392295,0.9669737852696147,0.6187141653620801,10,KG_TASK_EXPLICIT
286,513,0.6179043943718232,0.3627075351213282,0.20689655172413793,0.5185185185185185,0.7462025072446365,0.8731012536223183,0.6179043943718232,18,KG_TASK_EXPLICIT
287,78,0.6346668238309097,0.29545454545454547,0.5,0.09090909090909091,0.9477582044145477,0.9738791022072739,0.6346668238309097,19,KG_TASK_EXPLICIT
287,350,0.5957924797330327,0.26666666666666666,0.3333333333333333,0.2,0.8498365855987976,0.9249182927993989,0.5957924797330327,18,KG_TASK_EXPLICIT
287,154,0.5147058823529411,0.029411764705882353,0.0,0.058823529411764705,1.0,1.0,0.5147058823529411,4,KG_TASK_EXPLICIT
287,23,0.5102040816326531,0.02040816326530612,0.0,0.04081632653061224,1.0,1.0,0.5102040816326531,14,KG_TASK_EXPLICIT
287,446,0.5071428571428571,0.014285714285714285,0.0,0.02857142857142857,0.9999999999999998,0.9999999999999999,0.5071428571428571,8,KG_TASK_EXPLICIT
287,164,0.5056818181818182,0.011363636363636364,0.0,0.022727272727272728,0.9999999999999999,1.0,0.5056818181818182,7,KG_TASK_EXPLICIT
287,518,0.5056818181818182,0.011363636363636364,0.0,0.022727272727272728,1.0,1.0,0.5056818181818182,9,KG_TASK_EXPLICIT
287,550,0.5053191489361702,0.010638297872340425,0.0,0.02127659574468085,1.0,1.0,0.5053191489361702,4,KG_TASK_EXPLICIT
287,463,0.5037878787878788,0.007575757575757576,0.0,0.015151515151515152,1.0000000000000002,1.0,0.5037878787878788,3,KG_TASK_EXPLICIT
287,305,0.5036764705882353,0.007352941176470588,0.0,0.014705882352941176,1.0000000000000002,1.0,0.5036764705882353,12,KG_TASK_EXPLICIT
288,295,0.6910774410774411,0.3821548821548822,0.22727272727272727,0.5370370370370371,0.9999999999999999,1.0,0.6910774410774411,7,KG_TASK_EXPLICIT
288,61,0.6801962533452275,0.360392506690455,0.2631578947368421,0.4576271186440678,1.0,1.0,0.6801962533452275,4,KG_TASK_EXPLICIT
288,188,0.6705119222158502,0.3598986201070121,0.3018867924528302,0.417910447761194,0.9622504486493763,0.9811252243246882,0.6705119222158502,3,KG_TASK_EXPLICIT
288,123,0.6590274896946917,0.33269230769230773,0.25,0.4153846153846154,0.9707253433941511,0.9853626716970756,0.6590274896946917,4,KG_TASK_EXPLICIT
288,223,0.6561431565284387,0.33794466403162055,0.13043478260869565,0.5454545454545454,0.9486832980505138,0.9743416490252569,0.6561431565284387,4,KG_TASK_EXPLICIT
288,62,0.6511018009436049,0.32786195286195285,0.3409090909090909,0.3148148148148148,0.9486832980505138,0.9743416490252569,0.6511018009436049,5,KG_TASK_EXPLICIT
288,516,0.6465062090556335,0.320556826849733,0.2463768115942029,0.39473684210526316,0.944911182523068,0.972455591261534,0.6465062090556335,4,KG_TASK_EXPLICIT
288,87,0.6415995975855131,0.28319919517102615,0.21428571428571427,0.352112676056338,1.0,1.0,0.6415995975855131,4,KG_TASK_EXPLICIT
288,315,0.637586029926183,0.3027164685908319,0.25806451612903225,0.3473684210526316,0.944911182523068,0.972455591261534,0.637586029926183,4,KG_TASK_EXPLICIT
288,109,0.6358413115907571,0.3352468427095293,0.208955223880597,0.46153846153846156,0.8728715609439696,0.9364357804719847,0.6358413115907571,6,KG_TASK_EXPLICIT
289,376,0.7695448893283108,0.5939578713968958,0.4318181818181818,0.7560975609756098,0.8902638145194514,0.9451319072597257,0.7695448893283108,13,KG_TASK_EXPLICIT
289,142,0.7264030612244898,0.5153061224489797,0.5306122448979592,0.5,0.8749999999999998,0.9374999999999999,0.7264030612244898,8,KG_TASK_EXPLICIT
289,123,0.7187966489658459,0.6212938005390836,0.5283018867924528,0.7142857142857143,0.6325989947852168,0.8162994973926083,0.7187966489658459,34,KG_TASK_EXPLICIT
289,722,0.6855350363152484,0.39966555183946484,0.2608695652173913,0.5384615384615384,0.9428090415820635,0.9714045207910318,0.6855350363152484,3,KG_TASK_EXPLICIT
289,62,0.684737111122544,0.5299145299145299,0.4444444444444444,0.6153846153846154,0.6791193846611164,0.8395596923305582,0.684737111122544,39,KG_TASK_EXPLICIT
289,511,0.6785202598572487,0.7081287506819421,0.5957446808510638,0.8205128205128205,0.29782353806511064,0.6489117690325553,0.6785202598572487,140,KG_TASK_EXPLICIT
289,586,0.6613394227146816,0.4020833333333333,0.22916666666666666,0.575,0.8411910241920597,0.9205955120960299,0.6613394227146816,13,KG_TASK_EXPLICIT
289,516,0.6596576187034434,0.46150201374081967,0.4603174603174603,0.4626865671641791,0.7156264473321344,0.8578132236660672,0.6596576187034434,36,KG_TASK_EXPLICIT
289,256,0.6565115005825284,0.405982905982906,0.2222222222222222,0.5897435897435898,0.8140801903643017,0.9070400951821509,0.6565115005825284,38,KG_TASK_EXPLICIT
289,533,0.6531540037694803,0.4944258639910814,0.34782608695652173,0.6410256410256411,0.6237642870957583,0.8118821435478791,0.6531540037694803,40,KG_TASK_EXPLICIT
290,91,0.6511007911936704,0.413312693498452,0.35294117647058826,0.47368421052631576,0.7777777777777778,0.8888888888888888,0.6511007911936704,9,KG_TASK_EXPLICIT
290,286,0.6069046035043354,0.23268398268398266,0.22727272727272727,0.23809523809523808,0.9622504486493763,0.9811252243246882,0.6069046035043354,6,KG_TASK_EXPLICIT
290,37,0.5847933813931133,0.18846153846153846,0.07692307692307693,0.3,0.9622504486493763,0.9811252243246882,0.5847933813931133,3,KG_TASK_EXPLICIT
290,713,0.5718612792086308,0.1721014492753623,0.08333333333333333,0.2608695652173913,0.9432422182837986,0.9716211091418994,0.5718612792086308,5,KG_TASK_EXPLICIT
290,529,0.5718010659559543,0.15362318840579708,0.13333333333333333,0.17391304347826086,0.9799578870122229,0.9899789435061115,0.5718010659559543,6,KG_TASK_EXPLICIT
290,356,0.5560810809228849,0.13782051282051283,0.08333333333333333,0.19230769230769232,0.9486832980505138,0.9743416490252569,0.5560810809228849,5,KG_TASK_EXPLICIT
290,152,0.55,0.1,0.0,0.2,1.0000000000000002,1.0,0.55,3,KG_TASK_EXPLICIT
290,371,0.5492307692307692,0.09846153846153846,0.07692307692307693,0.12,1.0,1.0,0.5492307692307692,4,KG_TASK_EXPLICIT
290,560,0.5489583333333333,0.09791666666666667,0.0625,0.13333333333333333,0.9999999999999998,0.9999999999999999,0.5489583333333333,5,KG_TASK_EXPLICIT
290,162,0.5455712299742014,0.11868686868686869,0.05555555555555555,0.18181818181818182,0.944911182523068,0.972455591261534,0.5455712299742014,4,KG_TASK_EXPLICIT
292,543,0.6418441192376847,0.3611111111111111,0.3333333333333333,0.3888888888888889,0.8451542547285165,0.9225771273642582,0.6418441192376847,8,KG_TASK_EXPLICIT
292,701,0.6346797007874871,0.3611111111111111,0.3333333333333333,0.3888888888888889,0.8164965809277261,0.9082482904638631,0.6346797007874871,6,KG_TASK_EXPLICIT
292,746,0.6333290199722011,0.3194444444444444,0.25,0.3888888888888889,0.8944271909999159,0.9472135954999579,0.6333290199722011,3,KG_TASK_EXPLICIT
292,285,0.6145833333333334,0.22916666666666669,0.16666666666666666,0.2916666666666667,1.0000000000000002,1.0,0.6145833333333334,3,KG_TASK_EXPLICIT
292,686,0.6041241452319316,0.3,0.25,0.35,0.8164965809277261,0.9082482904638631,0.6041241452319316,3,KG_TASK_EXPLICIT
292,527,0.6008333333333333,0.28500000000000003,0.25,0.32,0.8333333333333334,0.9166666666666667,0.6008333333333333,6,KG_TASK_EXPLICIT
292,436,0.6002304147465437,0.20046082949308755,0.14285714285714285,0.25806451612903225,0.9999999999999998,0.9999999999999999,0.6002304147465437,3,KG_TASK_EXPLICIT
292,717,0.5948189189621002,0.24242424242424243,0.16666666666666666,0.3181818181818182,0.8944271909999159,0.9472135954999579,0.5948189189621002,5,KG_TASK_EXPLICIT
292,571,0.5905096095793885,0.28409090909090906,0.25,0.3181818181818182,0.7938566201357354,0.8969283100678678,0.5905096095793885,15,KG_TASK_EXPLICIT
292,439,0.5895833333333333,0.17916666666666667,0.125,0.23333333333333334,1.0000000000000002,1.0,0.5895833333333333,3,KG_TASK_EXPLICIT
293,319,0.46891019709995585,0.004807692307692308,0.0,0.009615384615384616,0.8660254037844387,0.9330127018922194,0.46891019709995585,3,KG_TASK_EXPLICIT
293,437,0.46602890713669337,0.023809523809523808,0.0,0.047619047619047616,0.8164965809277259,0.9082482904638629,0.46602890713669337,3,KG_TASK_EXPLICIT
293,661,0.45980596341374963,0.011363636363636364,0.0,0.022727272727272728,0.8164965809277259,0.9082482904638629,0.45980596341374963,3,KG_TASK_EXPLICIT
293,243,0.45769557380336,0.007142857142857143,0.0,0.014285714285714285,0.8164965809277259,0.9082482904638629,0.45769557380336,3,KG_TASK_EXPLICIT
293,304,0.45406583397703754,0.020833333333333332,0.0,0.041666666666666664,0.7745966692414834,0.8872983346207417,0.45406583397703754,3,KG_TASK_EXPLICIT
293,193,0.4444444444444445,0.05555555555555555,0.0,0.1111111111111111,0.6666666666666667,0.8333333333333334,0.4444444444444445,4,KG_TASK_EXPLICIT
293,262,0.4318257704120601,0.017241379310344827,0.0,0.034482758620689655,0.6928203230275508,0.8464101615137753,0.4318257704120601,8,KG_TASK_EXPLICIT
293,607,0.4024020834264387,0.016129032258064516,0.0,0.03225806451612903,0.5773502691896258,0.7886751345948129,0.4024020834264387,3,KG_TASK_EXPLICIT
293,381,0.3969565877307234,0.03571428571428571,0.0,0.07142857142857142,0.5163977794943222,0.7581988897471611,0.3969565877307234,7,KG_TASK_EXPLICIT
293,429,0.35833333333333334,0.016666666666666666,0.0,0.03333333333333333,0.3999999999999999,0.7,0.35833333333333334,6,KG_TASK_EXPLICIT
294,364,0.7107948442534908,0.42158968850698175,0.21052631578947367,0.6326530612244898,1.0000000000000002,1.0,0.7107948442534908,3,KG_TASK_EXPLICIT
294,467,0.6757142857142857,0.3514285714285714,0.14285714285714285,0.56,1.0000000000000002,1.0,0.6757142857142857,3,KG_TASK_EXPLICIT
294,583,0.6667480120295028,0.36209150326797385,0.23529411764705882,0.4888888888888889,0.9428090415820635,0.9714045207910318,0.6667480120295028,3,KG_TASK_EXPLICIT
294,694,0.6557692307692308,0.31153846153846154,0.2,0.4230769230769231,1.0000000000000002,1.0,0.6557692307692308,6,KG_TASK_EXPLICIT
294,144,0.6527848343845664,0.3244444444444444,0.2222222222222222,0.4266666666666667,0.9622504486493763,0.9811252243246882,0.6527848343845664,3,KG_TASK_EXPLICIT
294,184,0.651143436866104,0.33088235294117646,0.25,0.4117647058823529,0.9428090415820632,0.9714045207910316,0.651143436866104,3,KG_TASK_EXPLICIT
294,711,0.6489218328840971,0.2978436657681941,0.14285714285714285,0.4528301886792453,1.0,1.0,0.6489218328840971,4,KG_TASK_EXPLICIT
294,317,0.6371390420047112,0.3028735632183908,0.1724137931034483,0.43333333333333335,0.9428090415820632,0.9714045207910316,0.6371390420047112,3,KG_TASK_EXPLICIT
294,324,0.6352183650615901,0.27043673012318026,0.15789473684210525,0.3829787234042553,1.0000000000000002,1.0,0.6352183650615901,6,KG_TASK_EXPLICIT
294,339,0.6327675695535538,0.39285714285714285,0.2857142857142857,0.5,0.7453559924999299,0.8726779962499649,0.6327675695535538,10,KG_TASK_EXPLICIT
295,533,0.7737841579284507,0.7043650793650793,0.7142857142857143,0.6944444444444444,0.6864064729836441,0.843203236491822,0.7737841579284507,37,KG_TASK_EXPLICIT
295,586,0.7481966035379743,0.5282021151586369,0.43478260869565216,0.6216216216216216,0.9363821838346237,0.9681910919173118,0.7481966035379743,18,KG_TASK_EXPLICIT
295,62,0.708489166824101,0.5192307692307692,0.5,0.5384615384615384,0.7954951288348658,0.8977475644174329,0.708489166824101,41,KG_TASK_EXPLICIT
295,376,0.7042455323081134,0.44558101472995093,0.4230769230769231,0.46808510638297873,0.9258200997725516,0.9629100498862758,0.7042455323081134,12,KG_TASK_EXPLICIT
295,256,0.6989598674805081,0.4877734877734878,0.38095238095238093,0.5945945945945946,0.8202924943750566,0.9101462471875283,0.6989598674805081,41,KG_TASK_EXPLICIT
295,288,0.6910774410774411,0.3821548821548822,0.22727272727272727,0.5370370370370371,0.9999999999999999,1.0,0.6910774410774411,7,KG_TASK_EXPLICIT
295,223,0.68807044970729,0.46222222222222226,0.28,0.6444444444444445,0.8278373543847156,0.9139186771923578,0.68807044970729,23,KG_TASK_EXPLICIT
295,516,0.6869860847564833,0.4131878557874763,0.29411764705882354,0.532258064516129,0.9215686274509802,0.9607843137254901,0.6869860847564833,38,KG_TASK_EXPLICIT
295,123,0.6869678902359924,0.4375,0.375,0.5,0.8728715609439694,0.9364357804719847,0.6869678902359924,33,KG_TASK_EXPLICIT
295,179,0.6778970829958185,0.6073232323232324,0.4090909090909091,0.8055555555555556,0.4969418673368094,0.7484709336684047,0.6778970829958185,58,KG_TASK_EXPLICIT
297,45,0.8618055555139541,0.7763975155279503,0.8571428571428571,0.6956521739130435,0.8944271909999159,0.9472135954999579,0.8618055555139541,6,KG_TASK_EXPLICIT
297,36,0.78125,0.5625,0.375,0.75,0.9999999999999998,0.9999999999999999,0.78125,5,KG_TASK_EXPLICIT
297,636,0.7604166666666666,0.5208333333333333,0.375,0.6666666666666666,1.0,1.0,0.7604166666666666,4,KG_TASK_EXPLICIT
297,462,0.731651924083832,0.47794117647058826,0.25,0.7058823529411765,0.9707253433941511,0.9853626716970756,0.731651924083832,8,KG_TASK_EXPLICIT
297,686,0.7239583333333333,0.44791666666666663,0.3333333333333333,0.5625,1.0000000000000002,1.0,0.7239583333333333,3,KG_TASK_EXPLICIT
297,530,0.7111291578459618,0.44791666666666663,0.3333333333333333,0.5625,0.9486832980505138,0.9743416490252569,0.7111291578459618,5,KG_TASK_EXPLICIT
297,719,0.694078947368421,0.3881578947368421,0.25,0.5263157894736842,1.0000000000000002,1.0,0.694078947368421,3,KG_TASK_EXPLICIT
297,508,0.6876166845196559,0.4027777777777778,0.25,0.5555555555555556,0.944911182523068,0.972455591261534,0.6876166845196559,4,KG_TASK_EXPLICIT
297,717,0.6875,0.375,0.25,0.5,0.9999999999999998,0.9999999999999999,0.6875,5,KG_TASK_EXPLICIT
297,625,0.6871345029239766,0.3742690058479532,0.2222222222222222,0.5263157894736842,1.0000000000000002,1.0,0.6871345029239766,3,KG_TASK_EXPLICIT
299,211,0.6572292788290107,0.3333333333333333,0.16666666666666666,0.5,0.9622504486493763,0.9811252243246882,0.6572292788290107,3,KG_TASK_EXPLICIT
299,689,0.6443263739805829,0.4083333333333333,0.25,0.5666666666666667,0.7606388292556648,0.8803194146278324,0.6443263739805829,11,KG_TASK_EXPLICIT
299,454,0.6131988891803605,0.3838383838383838,0.2222222222222222,0.5454545454545454,0.6851187890446743,0.8425593945223371,0.6131988891803605,27,KG_TASK_EXPLICIT
299,612,0.604584181927653,0.35561497326203206,0.18181818181818182,0.5294117647058824,0.7071067811865476,0.8535533905932737,0.604584181927653,10,KG_TASK_EXPLICIT
299,620,0.5976971403021021,0.2210526315789474,0.1,0.34210526315789475,0.9486832980505138,0.9743416490252569,0.5976971403021021,3,KG_TASK_EXPLICIT
299,466,0.5957963442109032,0.42668621700879766,0.2727272727272727,0.5806451612903226,0.5298129428260175,0.7649064714130087,0.5957963442109032,19,KG_TASK_EXPLICIT
299,601,0.5945384672920676,0.21767241379310345,0.125,0.3103448275862069,0.9428090415820635,0.9714045207910318,0.5945384672920676,3,KG_TASK_EXPLICIT
299,371,0.5832829055568063,0.19516129032258067,0.1,0.2903225806451613,0.9428090415820635,0.9714045207910318,0.5832829055568063,3,KG_TASK_EXPLICIT
299,130,0.5827322365046137,0.2875,0.2,0.375,0.7559289460184545,0.8779644730092273,0.5827322365046137,15,KG_TASK_EXPLICIT
299,271,0.5826375357874628,0.22333333333333333,0.16666666666666666,0.28,0.8838834764831843,0.9419417382415922,0.5826375357874628,5,KG_TASK_EXPLICIT
300,509,0.7756927726829118,0.6431372549019607,0.6,0.6862745098039216,0.8164965809277259,0.9082482904638629,0.7756927726829118,3,KG_TASK_EXPLICIT
300,244,0.6239754098360656,0.24795081967213115,0.25,0.2459016393442623,1.0000000000000002,1.0,0.6239754098360656,3,KG_TASK_EXPLICIT
300,513,0.6122596153846154,0.22451923076923078,0.1875,0.26153846153846155,1.0000000000000002,1.0,0.6122596153846154,3,KG_TASK_EXPLICIT
300,169,0.6089466089466089,0.2178932178932179,0.18181818181818182,0.25396825396825395,0.9999999999999998,0.9999999999999999,0.6089466089466089,3,KG_TASK_EXPLICIT
300,226,0.605484869091168,0.23956521739130435,0.24,0.2391304347826087,0.9428090415820635,0.9714045207910318,0.605484869091168,3,KG_TASK_EXPLICIT
300,315,0.6052506194015628,0.2105012388031256,0.18867924528301888,0.23232323232323232,1.0000000000000002,1.0,0.6052506194015628,3,KG_TASK_EXPLICIT
300,366,0.6040421868705349,0.2855072463768116,0.30434782608695654,0.26666666666666666,0.8451542547285165,0.9225771273642582,0.6040421868705349,5,KG_TASK_EXPLICIT
300,415,0.5983431802461516,0.22423076923076923,0.16,0.28846153846153844,0.944911182523068,0.972455591261534,0.5983431802461516,4,KG_TASK_EXPLICIT
300,707,0.5934368884237171,0.20574855252274607,0.1935483870967742,0.21794871794871795,0.9622504486493763,0.9811252243246882,0.5934368884237171,3,KG_TASK_EXPLICIT
300,14,0.5929951690821256,0.1859903381642512,0.1111111111111111,0.2608695652173913,1.0000000000000002,1.0,0.5929951690821256,3,KG_TASK_EXPLICIT
303,635,0.9192635099164813,0.8660714285714286,0.875,0.8571428571428571,0.944911182523068,0.972455591261534,0.9192635099164813,4,KG_TASK_EXPLICIT
303,88,0.7037251366128039,0.47101449275362317,0.3333333333333333,0.6086956521739131,0.8728715609439696,0.9364357804719847,0.7037251366128039,4,KG_TASK_EXPLICIT
303,161,0.6831140350877193,0.36622807017543857,0.3157894736842105,0.4166666666666667,1.0000000000000002,1.0,0.6831140350877193,3,KG_TASK_EXPLICIT
303,226,0.6764422483820072,0.4198717948717949,0.4166666666666667,0.4230769230769231,0.8660254037844387,0.9330127018922194,0.6764422483820072,3,KG_TASK_EXPLICIT
303,411,0.6731611626768796,0.3719806763285024,0.2222222222222222,0.5217391304347826,0.9486832980505138,0.9743416490252569,0.6731611626768796,3,KG_TASK_EXPLICIT
303,231,0.6689550249431379,0.375,0.25,0.5,0.9258200997725514,0.9629100498862757,0.6689550249431379,8,KG_TASK_EXPLICIT
303,506,0.6600378787878788,0.32007575757575757,0.18181818181818182,0.4583333333333333,1.0000000000000002,1.0,0.6600378787878788,3,KG_TASK_EXPLICIT
303,244,0.6579697655802561,0.3829268292682927,0.4,0.36585365853658536,0.8660254037844387,0.9330127018922194,0.6579697655802561,4,KG_TASK_EXPLICIT
303,487,0.6529017857142856,0.3058035714285714,0.14285714285714285,0.46875,0.9999999999999998,0.9999999999999999,0.6529017857142856,3,KG_TASK_EXPLICIT
303,47,0.65037993654114,0.41346153846153844,0.25,0.5769230769230769,0.7745966692414834,0.8872983346207417,0.65037993654114,13,KG_TASK_EXPLICIT
304,300,0.5129310344827587,0.02586206896551724,0.0,0.05172413793103448,1.0000000000000002,1.0,0.5129310344827587,3,KG_TASK_EXPLICIT
304,651,0.49813255753552893,0.023809523809523808,0.0,0.047619047619047616,0.944911182523068,0.972455591261534,0.49813255753552893,4,KG_TASK_EXPLICIT
304,44,0.49676552575909255,0.017241379310344827,0.0,0.034482758620689655,0.9525793444156805,0.9762896722078402,0.49676552575909255,3,KG_TASK_EXPLICIT
304,81,0.4933597868478998,0.023809523809523808,0.0,0.047619047619047616,0.9258200997725515,0.9629100498862757,0.4933597868478998,6,KG_TASK_EXPLICIT
304,43,0.4889917340797264,0.006578947368421052,0.0,0.013157894736842105,0.9428090415820635,0.9714045207910318,0.4889917340797264,3,KG_TASK_EXPLICIT
304,195,0.48669230856500567,0.01694915254237288,0.0,0.03389830508474576,0.9128709291752769,0.9564354645876385,0.48669230856500567,4,KG_TASK_EXPLICIT
304,440,0.48253578294331856,0.041666666666666664,0.0,0.08333333333333333,0.846809798439941,0.9234048992199705,0.48253578294331856,8,KG_TASK_EXPLICIT
304,467,0.46912414523193147,0.03,0.0,0.06,0.8164965809277259,0.9082482904638629,0.46912414523193147,3,KG_TASK_EXPLICIT
304,345,0.4627448348871039,0.017241379310344827,0.0,0.034482758620689655,0.8164965809277259,0.9082482904638629,0.4627448348871039,3,KG_TASK_EXPLICIT
304,326,0.45571124258677354,0.047619047619047616,0.0,0.09523809523809523,0.727606875108999,0.8638034375544995,0.45571124258677354,11,KG_TASK_EXPLICIT
305,550,0.6845434623633844,0.37910798122065725,0.16666666666666666,0.5915492957746479,0.9799578870122229,0.9899789435061115,0.6845434623633844,6,KG_TASK_EXPLICIT
305,164,0.6795785406279315,0.4181985294117647,0.21875,0.6176470588235294,0.8819171036881969,0.9409585518440984,0.6795785406279315,6,KG_TASK_EXPLICIT
305,95,0.6721168019018201,0.3791526239768897,0.16129032258064516,0.5970149253731343,0.9301619596535009,0.9650809798267505,0.6721168019018201,34,KG_TASK_EXPLICIT
305,195,0.6386437141280987,0.3929163214581607,0.2647058823529412,0.5211267605633803,0.7687422135960734,0.8843711067980367,0.6386437141280987,12,KG_TASK_EXPLICIT
305,518,0.6345693779904307,0.26913875598086123,0.09090909090909091,0.4473684210526316,0.9999999999999999,1.0,0.6345693779904307,7,KG_TASK_EXPLICIT
305,509,0.6243618831537152,0.2487237663074305,0.1951219512195122,0.3023255813953488,0.9999999999999998,0.9999999999999999,0.6243618831537152,10,KG_TASK_EXPLICIT
305,57,0.6182190128048756,0.25834658187599363,0.20588235294117646,0.3108108108108108,0.9561828874675149,0.9780914437337574,0.6182190128048756,7,KG_TASK_EXPLICIT
305,397,0.6121257250845052,0.23615792007703418,0.12903225806451613,0.34328358208955223,0.9761870601839526,0.9880935300919763,0.6121257250845052,10,KG_TASK_EXPLICIT
305,463,0.6105568497606709,0.24830827067669173,0.10714285714285714,0.3894736842105263,0.9456108576893003,0.9728054288446502,0.6105568497606709,6,KG_TASK_EXPLICIT
305,698,0.6080269805671392,0.24324853228962817,0.17142857142857143,0.3150684931506849,0.9456108576893003,0.9728054288446502,0.6080269805671392,6,KG_TASK_EXPLICIT
306,129,0.8072491452319315,0.70625,0.6,0.8125,0.8164965809277259,0.9082482904638629,0.8072491452319315,5,KG_TASK_EXPLICIT
306,506,0.7576563670593385,0.5428571428571429,0.2857142857142857,0.8,0.944911182523068,0.972455591261534,0.7576563670593385,4,KG_TASK_EXPLICIT
306,704,0.747440955309433,0.5125,0.4,0.625,0.9647638212377322,0.982381910618866,0.747440955309433,7,KG_TASK_EXPLICIT
306,558,0.7440843876043292,0.6346153846153846,0.5,0.7692307692307693,0.7071067811865475,0.8535533905932737,0.7440843876043292,4,KG_TASK_EXPLICIT
306,583,0.7416625782394627,0.5108695652173914,0.5,0.5217391304347826,0.944911182523068,0.972455591261534,0.7416625782394627,4,KG_TASK_EXPLICIT
306,719,0.7395833333333333,0.47916666666666663,0.3333333333333333,0.625,1.0,1.0,0.7395833333333333,4,KG_TASK_EXPLICIT
306,465,0.736227795630767,0.5,0.42857142857142855,0.5714285714285714,0.944911182523068,0.972455591261534,0.736227795630767,4,KG_TASK_EXPLICIT
306,428,0.7328947368421053,0.46578947368421053,0.3,0.631578947368421,1.0,1.0,0.7328947368421053,4,KG_TASK_EXPLICIT
306,264,0.7303921568627451,0.4607843137254902,0.3333333333333333,0.5882352941176471,0.9999999999999998,0.9999999999999999,0.7303921568627451,5,KG_TASK_EXPLICIT
306,625,0.7276785714285714,0.45535714285714285,0.2857142857142857,0.625,1.0,1.0,0.7276785714285714,4,KG_TASK_EXPLICIT
307,36,0.6540174788944375,0.4391025641025641,0.4166666666666667,0.46153846153846156,0.7378647873726218,0.8689323936863109,0.6540174788944375,10,KG_TASK_EXPLICIT
307,422,0.6431283339770375,0.3989583333333333,0.26666666666666666,0.53125,0.7745966692414834,0.8872983346207417,0.6431283339770375,6,KG_TASK_EXPLICIT
307,211,0.6407851970999558,0.3485576923076923,0.3125,0.38461538461538464,0.8660254037844387,0.9330127018922194,0.6407851970999558,4,KG_TASK_EXPLICIT
307,186,0.6214810170586601,0.4049003322259136,0.32142857142857145,0.4883720930232558,0.6761234037828132,0.8380617018914066,0.6214810170586601,10,KG_TASK_EXPLICIT
307,202,0.6214726514085156,0.2957317073170732,0.25,0.34146341463414637,0.8944271909999159,0.9472135954999579,0.6214726514085156,5,KG_TASK_EXPLICIT
307,466,0.6178075396825397,0.3784722222222222,0.3125,0.4444444444444444,0.7142857142857142,0.8571428571428571,0.6178075396825397,7,KG_TASK_EXPLICIT
307,155,0.6168496522309105,0.4563492063492064,0.35714285714285715,0.5555555555555556,0.5547001962252291,0.7773500981126146,0.6168496522309105,15,KG_TASK_EXPLICIT
307,360,0.6103741452319315,0.3125,0.25,0.375,0.8164965809277259,0.9082482904638629,0.6103741452319315,6,KG_TASK_EXPLICIT
307,160,0.6100919891055657,0.39285714285714285,0.3333333333333333,0.4523809523809524,0.6546536707079772,0.8273268353539887,0.6100919891055657,7,KG_TASK_EXPLICIT
307,428,0.6019230176127763,0.2708333333333333,0.16666666666666666,0.375,0.8660254037844387,0.9330127018922194,0.6019230176127763,4,KG_TASK_EXPLICIT
309,50,0.7403663798232546,0.499607535321821,0.34615384615384615,0.6530612244897959,0.9622504486493763,0.9811252243246882,0.7403663798232546,6,KG_TASK_EXPLICIT
309,513,0.7300155072666794,0.516734693877551,0.36,0.673469387755102,0.8865926413116155,0.9432963206558078,0.7300155072666794,16,KG_TASK_EXPLICIT
309,52,0.7206202746601327,0.4673913043478261,0.34782608695652173,0.5869565217391305,0.9476984899448786,0.9738492449724393,0.7206202746601327,13,KG_TASK_EXPLICIT
309,188,0.717042506214964,0.46698564593301434,0.3157894736842105,0.6181818181818182,0.9341987329938275,0.9670993664969137,0.717042506214964,15,KG_TASK_EXPLICIT
309,679,0.7042888129072126,0.43423597678916825,0.2727272727272727,0.5957446808510638,0.9486832980505138,0.9743416490252569,0.7042888129072126,6,KG_TASK_EXPLICIT
309,568,0.7002223620014523,0.4090909090909091,0.25,0.5681818181818182,0.9827076298239908,0.9913538149119954,0.7002223620014523,7,KG_TASK_EXPLICIT
309,710,0.6956521739130435,0.391304347826087,0.30434782608695654,0.4782608695652174,1.0000000000000002,1.0,0.6956521739130435,3,KG_TASK_EXPLICIT
309,630,0.6892002889759312,0.4059449866903283,0.2608695652173913,0.5510204081632653,0.944911182523068,0.972455591261534,0.6892002889759312,4,KG_TASK_EXPLICIT
309,280,0.6850603906867322,0.3814935064935065,0.2857142857142857,0.4772727272727273,0.9772545497599155,0.9886272748799578,0.6850603906867322,6,KG_TASK_EXPLICIT
309,721,0.6842236359786389,0.39867109634551495,0.2857142857142857,0.5116279069767442,0.9395523512235255,0.9697761756117628,0.6842236359786389,11,KG_TASK_EXPLICIT
310,536,0.623641304347826,0.24728260869565216,0.125,0.3695652173913043,1.0,1.0,0.623641304347826,3,KG_TASK_EXPLICIT
310,434,0.6053571428571428,0.2107142857142857,0.07142857142857142,0.35,1.0,1.0,0.6053571428571428,3,KG_TASK_EXPLICIT
310,324,0.6051575315594355,0.302066772655008,0.11764705882352941,0.4864864864864865,0.8164965809277261,0.9082482904638631,0.6051575315594355,3,KG_TASK_EXPLICIT
310,637,0.6005742004687364,0.38492063492063494,0.21428571428571427,0.5555555555555556,0.6324555320336759,0.816227766016838,0.6005742004687364,3,KG_TASK_EXPLICIT
310,377,0.5836531307391779,0.25905797101449274,0.08333333333333333,0.43478260869565216,0.8164965809277261,0.9082482904638631,0.5836531307391779,3,KG_TASK_EXPLICIT
310,641,0.5773809523809523,0.15476190476190477,0.09523809523809523,0.21428571428571427,1.0,1.0,0.5773809523809523,3,KG_TASK_EXPLICIT
310,242,0.5700948676925212,0.20717703349282296,0.10526315789473684,0.3090909090909091,0.8660254037844387,0.9330127018922194,0.5700948676925212,4,KG_TASK_EXPLICIT
310,712,0.5604166666666666,0.2875,0.125,0.45,0.6666666666666666,0.8333333333333333,0.5604166666666666,3,KG_TASK_EXPLICIT
310,674,0.5601912258339918,0.33170731707317075,0.2,0.4634146341463415,0.5773502691896258,0.7886751345948129,0.5601912258339918,3,KG_TASK_EXPLICIT
310,426,0.5598302207655933,0.21141215106732347,0.09523809523809523,0.3275862068965517,0.8164965809277261,0.9082482904638631,0.5598302207655933,6,KG_TASK_EXPLICIT
311,424,0.5454545454545454,0.09090909090909091,0.0,0.18181818181818182,1.0000000000000002,1.0,0.5454545454545454,3,KG_TASK_EXPLICIT
311,499,0.5243463959461279,0.06756756756756757,0.0,0.13513513513513514,0.9622504486493763,0.9811252243246882,0.5243463959461279,3,KG_TASK_EXPLICIT
311,33,0.5134408602150538,0.026881720430107527,0.0,0.053763440860215055,1.0000000000000002,1.0,0.5134408602150538,3,KG_TASK_EXPLICIT
311,524,0.5084388185654009,0.016877637130801686,0.0,0.03375527426160337,1.0000000000000002,1.0,0.5084388185654009,3,KG_TASK_EXPLICIT
311,70,0.44401807460698167,0.034482758620689655,0.0,0.06896551724137931,0.7071067811865475,0.8535533905932737,0.44401807460698167,4,KG_TASK_EXPLICIT
311,401,0.44066558418552576,0.027777777777777776,0.0,0.05555555555555555,0.7071067811865475,0.8535533905932737,0.44066558418552576,4,KG_TASK_EXPLICIT
311,488,0.4389804244402636,0.08928571428571429,0.0,0.17857142857142858,0.5773502691896258,0.7886751345948129,0.4389804244402636,3,KG_TASK_EXPLICIT
311,359,0.4360042339640731,0.08333333333333333,0.0,0.16666666666666666,0.5773502691896258,0.7886751345948129,0.4360042339640731,3,KG_TASK_EXPLICIT
311,109,0.4307012036610428,0.07272727272727272,0.0,0.14545454545454545,0.5773502691896258,0.7886751345948129,0.4307012036610428,3,KG_TASK_EXPLICIT
311,544,0.4263888493486885,0.0641025641025641,0.0,0.1282051282051282,0.5773502691896258,0.7886751345948129,0.4263888493486885,3,KG_TASK_EXPLICIT
312,276,0.7226715305749325,0.47665056360708535,0.43478260869565216,0.5185185185185185,0.9373849950855591,0.9686924975427795,0.7226715305749325,14,KG_TASK_EXPLICIT
312,499,0.7078810209495152,0.4238521836506159,0.3157894736842105,0.5319148936170213,0.9838197164968291,0.9919098582484145,0.7078810209495152,9,KG_TASK_EXPLICIT
312,100,0.6897732224565534,0.39418377321603126,0.25806451612903225,0.5303030303030303,0.9707253433941511,0.9853626716970756,0.6897732224565534,4,KG_TASK_EXPLICIT
312,158,0.6837100255578517,0.38055555555555554,0.25,0.5111111111111111,0.9737289911202953,0.9868644955601477,0.6837100255578517,6,KG_TASK_EXPLICIT
312,211,0.666437985922647,0.3585343228200371,0.22727272727272727,0.4897959183673469,0.9486832980505138,0.9743416490252569,0.666437985922647,4,KG_TASK_EXPLICIT
312,392,0.6591823442529583,0.3469601677148847,0.2222222222222222,0.4716981132075472,0.9428090415820635,0.9714045207910318,0.6591823442529583,3,KG_TASK_EXPLICIT
312,188,0.6553563816818633,0.34523809523809523,0.19047619047619047,0.5,0.9309493362512626,0.9654746681256313,0.6553563816818633,12,KG_TASK_EXPLICIT
312,202,0.6526253699671739,0.33090909090909093,0.18181818181818182,0.48,0.9486832980505138,0.9743416490252569,0.6526253699671739,4,KG_TASK_EXPLICIT
312,309,0.65175177219005,0.3373563218390805,0.2413793103448276,0.43333333333333335,0.9322944450820391,0.9661472225410195,0.65175177219005,14,KG_TASK_EXPLICIT
312,568,0.6411644452694655,0.31092436974789917,0.19047619047619047,0.43137254901960786,0.9428090415820635,0.9714045207910318,0.6411644452694655,3,KG_TASK_EXPLICIT
313,706,0.5393430999672222,0.0975609756097561,0.0,0.1951219512195122,0.9622504486493763,0.9811252243246882,0.5393430999672222,3,KG_TASK_EXPLICIT
313,707,0.525,0.05,0.0,0.1,1.0000000000000002,1.0,0.525,3,KG_TASK_EXPLICIT
313,137,0.5097933813931134,0.038461538461538464,0.0,0.07692307692307693,0.9622504486493763,0.9811252243246882,0.5097933813931134,3,KG_TASK_EXPLICIT
313,468,0.5094339622641509,0.018867924528301886,0.0,0.03773584905660377,1.0000000000000002,1.0,0.5094339622641509,3,KG_TASK_EXPLICIT
313,283,0.5067567567567568,0.013513513513513514,0.0,0.02702702702702703,1.0000000000000002,1.0,0.5067567567567568,3,KG_TASK_EXPLICIT
313,546,0.5067567567567568,0.013513513513513514,0.0,0.02702702702702703,1.0000000000000002,1.0,0.5067567567567568,3,KG_TASK_EXPLICIT
313,431,0.5053763440860215,0.010752688172043012,0.0,0.021505376344086023,1.0000000000000002,1.0,0.5053763440860215,3,KG_TASK_EXPLICIT
313,105,0.5052083333333333,0.010416666666666666,0.0,0.020833333333333332,0.9999999999999998,0.9999999999999999,0.5052083333333333,5,KG_TASK_EXPLICIT
313,266,0.5051369863013698,0.010273972602739725,0.0,0.02054794520547945,1.0,1.0,0.5051369863013698,4,KG_TASK_EXPLICIT
313,346,0.5049019607843137,0.00980392156862745,0.0,0.0196078431372549,1.0000000000000002,1.0,0.5049019607843137,3,KG_TASK_EXPLICIT
314,331,0.6714661492844047,0.37152777777777773,0.10416666666666667,0.6388888888888888,0.9428090415820635,0.9714045207910318,0.6714661492844047,3,KG_TASK_EXPLICIT
314,59,0.6495818590577231,0.3277591973244147,0.34782608695652173,0.3076923076923077,0.9428090415820632,0.9714045207910316,0.6495818590577231,3,KG_TASK_EXPLICIT
314,637,0.6467026951612879,0.3455710955710956,0.11538461538461539,0.5757575757575758,0.8956685895029604,0.9478342947514802,0.6467026951612879,12,KG_TASK_EXPLICIT
314,618,0.6412812800657405,0.3058312655086849,0.19230769230769232,0.41935483870967744,0.9534625892455921,0.9767312946227961,0.6412812800657405,14,KG_TASK_EXPLICIT
314,324,0.6372308510634006,0.28448275862068967,0.06896551724137931,0.5,0.9799578870122229,0.9899789435061115,0.6372308510634006,12,KG_TASK_EXPLICIT
314,364,0.6333333333333333,0.26666666666666666,0.06666666666666667,0.4666666666666667,1.0,1.0,0.6333333333333333,4,KG_TASK_EXPLICIT
314,267,0.6242151961549549,0.3154176904176904,0.10810810810810811,0.5227272727272727,0.8660254037844387,0.9330127018922194,0.6242151961549549,10,KG_TASK_EXPLICIT
314,86,0.6180290990172119,0.27314814814814814,0.07407407407407407,0.4722222222222222,0.9258200997725514,0.9629100498862757,0.6180290990172119,13,KG_TASK_EXPLICIT
314,16,0.6139379949263817,0.32698412698412693,0.1111111111111111,0.5428571428571428,0.8017837257372731,0.9008918628686365,0.6139379949263817,7,KG_TASK_EXPLICIT
314,98,0.6108617996252644,0.3031446540880503,0.33962264150943394,0.26666666666666666,0.8371578903249572,0.9185789451624786,0.6108617996252644,19,KG_TASK_EXPLICIT
315,136,0.6950887102776768,0.4185563114134543,0.2962962962962963,0.5408163265306123,0.9432422182837986,0.9716211091418994,0.6950887102776768,14,KG_TASK_EXPLICIT
315,188,0.6918281979563408,0.46961706030726896,0.4897959183673469,0.449438202247191,0.8280786712108251,0.9140393356054126,0.6918281979563408,11,KG_TASK_EXPLICIT
315,173,0.6803563801970012,0.3927272727272727,0.24,0.5454545454545454,0.9359709753334592,0.9679854876667295,0.6803563801970012,25,KG_TASK_EXPLICIT
315,518,0.6739898989898989,0.34797979797979794,0.3181818181818182,0.37777777777777777,0.9999999999999999,1.0,0.6739898989898989,7,KG_TASK_EXPLICIT
315,243,0.6644488859593074,0.41093911248710013,0.27450980392156865,0.5473684210526316,0.8359173188630293,0.9179586594315147,0.6644488859593074,19,KG_TASK_EXPLICIT
315,50,0.6500952516345647,0.32878598247809765,0.23404255319148937,0.4235294117647059,0.9428090415820635,0.9714045207910318,0.6500952516345647,3,KG_TASK_EXPLICIT
315,255,0.6432482111723823,0.44778674492540965,0.2978723404255319,0.5977011494252874,0.6774193548387097,0.8387096774193549,0.6432482111723823,28,KG_TASK_EXPLICIT
315,679,0.6428971700756514,0.2857943401513029,0.18604651162790697,0.3855421686746988,1.0000000000000002,1.0,0.6428971700756514,6,KG_TASK_EXPLICIT
315,200,0.640453460243108,0.30917874396135264,0.24444444444444444,0.3739130434782609,0.9434563530497265,0.9717281765248633,0.640453460243108,11,KG_TASK_EXPLICIT
315,317,0.6380380013059099,0.30434782608695654,0.2826086956521739,0.32608695652173914,0.9434563530497265,0.9717281765248633,0.6380380013059099,4,KG_TASK_EXPLICIT
316,91,0.6095862455774687,0.2883522727272727,0.28125,0.29545454545454547,0.8616404368553292,0.9308202184276646,0.6095862455774687,12,KG_TASK_EXPLICIT
316,356,0.5953212947320642,0.2163009404388715,0.06896551724137931,0.36363636363636365,0.9486832980505138,0.9743416490252569,0.5953212947320642,5,KG_TASK_EXPLICIT
316,259,0.5792722547108511,0.1585445094217024,0.07017543859649122,0.24691358024691357,0.9999999999999998,0.9999999999999999,0.5792722547108511,5,KG_TASK_EXPLICIT
316,347,0.5773544958426088,0.1917989417989418,0.07407407407407407,0.30952380952380953,0.9258200997725514,0.9629100498862757,0.5773544958426088,9,KG_TASK_EXPLICIT
316,599,0.5771807444076786,0.16196236559139787,0.03225806451612903,0.2916666666666667,0.9847982464479191,0.9923991232239595,0.5771807444076786,9,KG_TASK_EXPLICIT
316,694,0.577020202020202,0.15404040404040403,0.030303030303030304,0.2777777777777778,1.0,1.0,0.577020202020202,4,KG_TASK_EXPLICIT
316,371,0.5666783954961295,0.13335679099225897,0.10344827586206896,0.16326530612244897,1.0000000000000002,1.0,0.5666783954961295,6,KG_TASK_EXPLICIT
316,678,0.5666749750747757,0.13334995014955134,0.029411764705882353,0.23728813559322035,1.0,1.0,0.5666749750747757,4,KG_TASK_EXPLICIT
316,576,0.5658665105386417,0.13173302107728335,0.04918032786885246,0.21428571428571427,1.0000000000000002,1.0,0.5658665105386417,6,KG_TASK_EXPLICIT
316,676,0.565553987882088,0.1411290322580645,0.03225806451612903,0.25,0.9799578870122229,0.9899789435061115,0.565553987882088,6,KG_TASK_EXPLICIT
317,327,0.7167530883528203,0.45238095238095233,0.23809523809523808,0.6666666666666666,0.9622504486493763,0.9811252243246882,0.7167530883528203,3,KG_TASK_EXPLICIT
317,267,0.711227795630767,0.45,0.36,0.54,0.944911182523068,0.972455591261534,0.711227795630767,4,KG_TASK_EXPLICIT
317,230,0.7105654854072894,0.44678932178932174,0.3611111111111111,0.5324675324675324,0.9486832980505138,0.9743416490252569,0.7105654854072894,4,KG_TASK_EXPLICIT
317,166,0.6951654716369992,0.4384828862164662,0.21739130434782608,0.6595744680851063,0.903696114115064,0.9518480570575321,0.6951654716369992,4,KG_TASK_EXPLICIT
317,188,0.6900079185109136,0.4616858237547893,0.3888888888888889,0.5344827586206896,0.8366600265340756,0.9183300132670378,0.6900079185109136,4,KG_TASK_EXPLICIT
317,360,0.6593015812783682,0.3471986417657046,0.21052631578947367,0.4838709677419355,0.9428090415820635,0.9714045207910318,0.6593015812783682,3,KG_TASK_EXPLICIT
317,339,0.6570272303256659,0.3594858156028369,0.20833333333333334,0.5106382978723404,0.9091372900969896,0.9545686450484948,0.6570272303256659,5,KG_TASK_EXPLICIT
317,170,0.6507123885335454,0.3233333333333333,0.16666666666666666,0.48,0.9561828874675149,0.9780914437337574,0.6507123885335454,4,KG_TASK_EXPLICIT
317,244,0.6449970317512583,0.37166405023547877,0.19230769230769232,0.5510204081632653,0.8366600265340756,0.9183300132670378,0.6449970317512583,4,KG_TASK_EXPLICIT
317,519,0.6385326976324296,0.29594017094017094,0.1111111111111111,0.4807692307692308,0.9622504486493763,0.9811252243246882,0.6385326976324296,3,KG_TASK_EXPLICIT
318,26,0.8015512235693256,0.6666666666666666,0.6666666666666666,0.6666666666666666,0.8728715609439696,0.9364357804719847,0.8015512235693256,6,KG_TASK_EXPLICIT
318,401,0.6567974883672671,0.41666666666666663,0.16666666666666666,0.6666666666666666,0.7938566201357354,0.8969283100678678,0.6567974883672671,16,KG_TASK_EXPLICIT
318,193,0.6533872364689991,0.4375,0.5,0.375,0.7385489458759965,0.8692744729379982,0.6533872364689991,9,KG_TASK_EXPLICIT
318,348,0.63125,0.2625,0.375,0.15,0.9999999999999998,0.9999999999999999,0.63125,3,KG_TASK_EXPLICIT
318,545,0.6291241452319314,0.35,0.5,0.2,0.8164965809277259,0.9082482904638629,0.6291241452319314,3,KG_TASK_EXPLICIT
318,229,0.6190476190476191,0.23809523809523808,0.14285714285714285,0.3333333333333333,1.0000000000000002,1.0,0.6190476190476191,3,KG_TASK_EXPLICIT
318,263,0.6111111111111112,0.2222222222222222,0.3333333333333333,0.1111111111111111,1.0000000000000002,1.0,0.6111111111111112,3,KG_TASK_EXPLICIT
318,566,0.5922361928716233,0.2222222222222222,0.3333333333333333,0.1111111111111111,0.9245003270420487,0.9622501635210243,0.5922361928716233,10,KG_TASK_EXPLICIT
318,228,0.5795454545454545,0.1590909090909091,0.18181818181818182,0.13636363636363635,0.9999999999999998,0.9999999999999999,0.5795454545454545,3,KG_TASK_EXPLICIT
318,224,0.5550279673697713,0.13571428571428573,0.2,0.07142857142857142,0.9486832980505138,0.9743416490252569,0.5550279673697713,7,KG_TASK_EXPLICIT
319,605,0.6227465202083211,0.26436781609195403,0.16666666666666666,0.3620689655172414,0.9622504486493763,0.9811252243246882,0.6227465202083211,3,KG_TASK_EXPLICIT
319,419,0.5924728979374807,0.275,0.25,0.3,0.819891591749923,0.9099457958749615,0.5924728979374807,6,KG_TASK_EXPLICIT
319,630,0.5833977431330682,0.18567026194144837,0.22727272727272727,0.1440677966101695,0.9622504486493763,0.9811252243246882,0.5833977431330682,3,KG_TASK_EXPLICIT
319,168,0.5752706215628235,0.16517857142857142,0.14285714285714285,0.1875,0.9707253433941511,0.9853626716970756,0.5752706215628235,4,KG_TASK_EXPLICIT
319,23,0.5750624999390579,0.17818509615384615,0.19230769230769232,0.1640625,0.9438798074485389,0.9719399037242695,0.5750624999390579,5,KG_TASK_EXPLICIT
319,312,0.5716444622974337,0.17083333333333334,0.13333333333333333,0.20833333333333334,0.944911182523068,0.972455591261534,0.5716444622974337,5,KG_TASK_EXPLICIT
319,174,0.5658725602755453,0.13174512055109072,0.07692307692307693,0.1865671641791045,0.9999999999999998,0.9999999999999999,0.5658725602755453,5,KG_TASK_EXPLICIT
319,568,0.5603851102269142,0.1464285714285714,0.15,0.14285714285714285,0.9486832980505138,0.9743416490252569,0.5603851102269142,5,KG_TASK_EXPLICIT
319,106,0.559263121306917,0.2018595759471672,0.11904761904761904,0.2846715328467153,0.8333333333333335,0.9166666666666667,0.559263121306917,3,KG_TASK_EXPLICIT
319,679,0.5573717509625845,0.14280359820089955,0.13043478260869565,0.15517241379310345,0.9438798074485389,0.9719399037242695,0.5573717509625845,5,KG_TASK_EXPLICIT
320,95,0.6593552820616688,0.3625,0.25,0.475,0.9124211282466754,0.9562105641233377,0.6593552820616688,8,KG_TASK_EXPLICIT
320,550,0.6389751552795031,0.2779503105590062,0.14285714285714285,0.41304347826086957,1.0000000000000002,1.0,0.6389751552795031,3,KG_TASK_EXPLICIT
320,43,0.6359623015873016,0.3031746031746032,0.4,0.20634920634920634,0.9375,0.96875,0.6359623015873016,7,KG_TASK_EXPLICIT
320,195,0.6172065037612156,0.2921440261865794,0.3076923076923077,0.2765957446808511,0.8845379626717033,0.9422689813358516,0.6172065037612156,6,KG_TASK_EXPLICIT
320,397,0.5681818181818181,0.2792207792207792,0.2857142857142857,0.2727272727272727,0.7142857142857142,0.8571428571428571,0.5681818181818181,7,KG_TASK_EXPLICIT
320,128,0.567485689085421,0.15384615384615385,0.0,0.3076923076923077,0.9622504486493763,0.9811252243246882,0.567485689085421,3,KG_TASK_EXPLICIT
320,457,0.5555555555555556,0.1111111111111111,0.0,0.2222222222222222,1.0,1.0,0.5555555555555556,4,KG_TASK_EXPLICIT
320,689,0.5554891428309467,0.13663663663663664,0.1111111111111111,0.16216216216216217,0.9486832980505138,0.9743416490252569,0.5554891428309467,5,KG_TASK_EXPLICIT
320,213,0.554945054945055,0.10989010989010989,0.07692307692307693,0.14285714285714285,1.0000000000000002,1.0,0.554945054945055,3,KG_TASK_EXPLICIT
320,130,0.553030303030303,0.10606060606060606,0.0,0.21212121212121213,1.0000000000000002,1.0,0.553030303030303,3,KG_TASK_EXPLICIT
321,184,0.8205329153605015,0.6410658307210031,0.45454545454545453,0.8275862068965517,1.0,1.0,0.8205329153605015,3,KG_TASK_EXPLICIT
321,599,0.7753848000780555,0.5793650793650793,0.4444444444444444,0.7142857142857143,0.9428090415820635,0.9714045207910318,0.7753848000780555,3,KG_TASK_EXPLICIT
321,637,0.7490951175383731,0.5267857142857143,0.375,0.6785714285714286,0.9428090415820635,0.9714045207910318,0.7490951175383731,3,KG_TASK_EXPLICIT
321,674,0.731794480426607,0.489247311827957,0.3333333333333333,0.6451612903225806,0.9486832980505138,0.9743416490252569,0.731794480426607,4,KG_TASK_EXPLICIT
321,114,0.7314859588335112,0.5277777777777778,0.5,0.5555555555555556,0.8703882797784892,0.9351941398892446,0.7314859588335112,7,KG_TASK_EXPLICIT
321,76,0.7311005828641668,0.4722222222222222,0.4444444444444444,0.5,0.9799578870122229,0.9899789435061115,0.7311005828641668,6,KG_TASK_EXPLICIT
321,694,0.7243288459285778,0.4675324675324675,0.36363636363636365,0.5714285714285714,0.9622504486493763,0.9811252243246882,0.7243288459285778,3,KG_TASK_EXPLICIT
321,16,0.709871271668713,0.5114942528735632,0.3333333333333333,0.6896551724137931,0.8164965809277259,0.9082482904638629,0.709871271668713,3,KG_TASK_EXPLICIT
321,441,0.709324542823766,0.4305555555555556,0.3333333333333333,0.5277777777777778,0.9761870601839528,0.9880935300919764,0.709324542823766,5,KG_TASK_EXPLICIT
321,678,0.6972407219339773,0.423076923076923,0.3333333333333333,0.5128205128205128,0.9428090415820635,0.9714045207910318,0.6972407219339773,3,KG_TASK_EXPLICIT
322,451,0.6631816597813918,0.34523809523809523,0.3333333333333333,0.35714285714285715,0.9622504486493763,0.9811252243246882,0.6631816597813918,3,KG_TASK_EXPLICIT
322,183,0.6354176596910031,0.29910714285714285,0.2857142857142857,0.3125,0.9434563530497265,0.9717281765248633,0.6354176596910031,4,KG_TASK_EXPLICIT
322,563,0.5926822700806135,0.21363636363636362,0.2,0.22727272727272727,0.9434563530497265,0.9717281765248633,0.5926822700806135,4,KG_TASK_EXPLICIT
322,42,0.5923115027705868,0.20833333333333331,0.25,0.16666666666666666,0.9525793444156805,0.9762896722078402,0.5923115027705868,3,KG_TASK_EXPLICIT
322,441,0.5858298283440461,0.19731800766283525,0.2222222222222222,0.1724137931034483,0.9486832980505138,0.9743416490252569,0.5858298283440461,4,KG_TASK_EXPLICIT
322,629,0.5412578159510715,0.1111111111111111,0.0,0.2222222222222222,0.9428090415820635,0.9714045207910318,0.5412578159510715,3,KG_TASK_EXPLICIT
322,385,0.5405626121623441,0.1,0.0,0.2,0.9622504486493763,0.9811252243246882,0.5405626121623441,3,KG_TASK_EXPLICIT
322,376,0.5382257425952872,0.12575757575757576,0.1,0.15151515151515152,0.9013878188659974,0.9506939094329987,0.5382257425952872,7,KG_TASK_EXPLICIT
322,264,0.5374376121623441,0.09375,0.0,0.1875,0.9622504486493763,0.9811252243246882,0.5374376121623441,3,KG_TASK_EXPLICIT
322,61,0.5368996084993404,0.09267399267399266,0.05714285714285714,0.1282051282051282,0.9622504486493763,0.9811252243246882,0.5368996084993404,3,KG_TASK_EXPLICIT
323,67,0.6607797812857538,0.35,0.2,0.5,0.9431191251430151,0.9715595625715076,0.6607797812857538,7,KG_TASK_EXPLICIT
323,474,0.6383813509461097,0.34375,0.25,0.4375,0.8660254037844387,0.9330127018922194,0.6383813509461097,3,KG_TASK_EXPLICIT
323,271,0.6334500178529893,0.29444444444444445,0.2,0.3888888888888889,0.944911182523068,0.972455591261534,0.6334500178529893,4,KG_TASK_EXPLICIT
323,49,0.6329244826177381,0.29444444444444445,0.2,0.3888888888888889,0.9428090415820635,0.9714045207910318,0.6329244826177381,3,KG_TASK_EXPLICIT
323,411,0.6177536231884058,0.23550724637681159,0.16666666666666666,0.30434782608695654,1.0000000000000002,1.0,0.6177536231884058,3,KG_TASK_EXPLICIT
323,548,0.6116666666666667,0.22333333333333333,0.16666666666666666,0.28,0.9999999999999999,1.0,0.6116666666666667,4,KG_TASK_EXPLICIT
323,35,0.6014165461098016,0.23142857142857143,0.14285714285714285,0.32,0.9428090415820635,0.9714045207910318,0.6014165461098016,3,KG_TASK_EXPLICIT
323,247,0.6002855937288493,0.22916666666666666,0.125,0.3333333333333333,0.9428090415820635,0.9714045207910318,0.6002855937288493,3,KG_TASK_EXPLICIT
323,418,0.5983396230328786,0.22527472527472528,0.14285714285714285,0.3076923076923077,0.9428090415820635,0.9714045207910318,0.5983396230328786,3,KG_TASK_EXPLICIT
323,70,0.5952745884811103,0.23411371237458195,0.07692307692307693,0.391304347826087,0.9128709291752769,0.9564354645876385,0.5952745884811103,9,KG_TASK_EXPLICIT
324,637,0.7395833333333334,0.4791666666666667,0.25,0.7083333333333334,0.9999999999999999,1.0,0.7395833333333334,4,KG_TASK_EXPLICIT
324,76,0.7363636363636363,0.5227272727272727,0.5,0.5454545454545454,0.8999999999999998,0.95,0.7363636363636363,7,KG_TASK_EXPLICIT
324,86,0.7324999999999999,0.465,0.25,0.68,0.9999999999999998,0.9999999999999999,0.7324999999999999,5,KG_TASK_EXPLICIT
324,16,0.7217833511863225,0.4711111111111111,0.2222222222222222,0.72,0.944911182523068,0.972455591261534,0.7217833511863225,4,KG_TASK_EXPLICIT
324,712,0.719017094017094,0.43803418803418803,0.2222222222222222,0.6538461538461539,1.0,1.0,0.719017094017094,3,KG_TASK_EXPLICIT
324,676,0.713004055200212,0.44791666666666663,0.3333333333333333,0.5625,0.9561828874675149,0.9780914437337574,0.713004055200212,4,KG_TASK_EXPLICIT
324,583,0.7112578159510714,0.45111111111111113,0.2222222222222222,0.68,0.9428090415820635,0.9714045207910318,0.7112578159510714,3,KG_TASK_EXPLICIT
324,720,0.7014827327327327,0.46546546546546547,0.4444444444444444,0.4864864864864865,0.8749999999999998,0.9374999999999999,0.7014827327327327,5,KG_TASK_EXPLICIT
324,674,0.69548610594519,0.41468253968253965,0.2222222222222222,0.6071428571428571,0.9525793444156805,0.9762896722078402,0.69548610594519,6,KG_TASK_EXPLICIT
324,607,0.6916666666666667,0.3833333333333333,0.2,0.5666666666666667,0.9999999999999998,0.9999999999999999,0.6916666666666667,5,KG_TASK_EXPLICIT
325,248,0.5873702793251072,0.2159090909090909,0.18181818181818182,0.25,0.917662935482247,0.9588314677411235,0.5873702793251072,10,KG_TASK_EXPLICIT
325,424,0.5776178992122629,0.2159090909090909,0.18181818181818182,0.25,0.8786534150308698,0.9393267075154349,0.5776178992122629,34,KG_TASK_EXPLICIT
325,356,0.5773882158169763,0.18043478260869567,0.1,0.2608695652173913,0.9486832980505138,0.9743416490252569,0.5773882158169763,5,KG_TASK_EXPLICIT
325,156,0.5681760477139233,0.22291666666666665,0.13333333333333333,0.3125,0.82687085752236,0.91343542876118,0.5681760477139233,44,KG_TASK_EXPLICIT
325,445,0.5506575479659406,0.20634920634920634,0.2222222222222222,0.19047619047619047,0.7899317791653497,0.8949658895826749,0.5506575479659406,45,KG_TASK_EXPLICIT
325,400,0.5487232952655651,0.13571428571428573,0.07142857142857142,0.2,0.923464609633689,0.9617323048168445,0.5487232952655651,41,KG_TASK_EXPLICIT
325,250,0.5457700534216297,0.18872549019607843,0.08333333333333333,0.29411764705882354,0.8056292332943619,0.9028146166471809,0.5457700534216297,26,KG_TASK_EXPLICIT
325,437,0.5384784807603823,0.12077294685990338,0.1111111111111111,0.13043478260869565,0.9123680293217222,0.9561840146608611,0.5384784807603823,20,KG_TASK_EXPLICIT
325,212,0.5372397094471373,0.1,0.0,0.2,0.9489588377885488,0.9744794188942745,0.5372397094471373,28,KG_TASK_EXPLICIT
325,529,0.5259537420613656,0.125,0.0,0.25,0.8538149682454623,0.9269074841227312,0.5259537420613656,56,KG_TASK_EXPLICIT
326,190,0.6492739872898267,0.41666666666666663,0.3333333333333333,0.5,0.7637626158259734,0.8818813079129867,0.6492739872898267,6,KG_TASK_EXPLICIT
326,434,0.6379032258064516,0.27580645161290324,0.1,0.45161290322580644,1.0,1.0,0.6379032258064516,3,KG_TASK_EXPLICIT
326,698,0.6340151148614752,0.3576388888888889,0.1875,0.5277777777777778,0.8207826816681232,0.9103913408340616,0.6340151148614752,10,KG_TASK_EXPLICIT
326,674,0.6325652496864119,0.45894428152492667,0.2727272727272727,0.6451612903225806,0.6123724356957945,0.8061862178478972,0.6325652496864119,8,KG_TASK_EXPLICIT
326,441,0.6222050421062422,0.36388888888888893,0.2,0.5277777777777778,0.7610423906471906,0.8805211953235953,0.6222050421062422,24,KG_TASK_EXPLICIT
326,678,0.6152002442668301,0.39926739926739924,0.2857142857142857,0.5128205128205128,0.662266178532522,0.831133089266261,0.6152002442668301,11,KG_TASK_EXPLICIT
326,86,0.6118356110482528,0.3651026392961877,0.18181818181818182,0.5483870967741935,0.7171371656006361,0.858568582800318,0.6118356110482528,8,KG_TASK_EXPLICIT
326,720,0.610117089288805,0.375968992248062,0.3333333333333333,0.4186046511627907,0.6885303726590962,0.8442651863295481,0.610117089288805,12,KG_TASK_EXPLICIT
326,599,0.6044012970413641,0.538961038961039,0.36363636363636365,0.7142857142857143,0.33968311024337877,0.6698415551216894,0.6044012970413641,9,KG_TASK_EXPLICIT
326,380,0.5998859389941158,0.346218487394958,0.23529411764705882,0.45714285714285713,0.7071067811865475,0.8535533905932737,0.5998859389941158,8,KG_TASK_EXPLICIT
327,202,0.79375,0.5874999999999999,0.6,0.575,0.9999999999999998,0.9999999999999999,0.79375,5,KG_TASK_EXPLICIT
327,213,0.7652734644166457,0.5833333333333334,0.4166666666666667,0.75,0.8944271909999159,0.9472135954999579,0.7652734644166457,5,KG_TASK_EXPLICIT
327,317,0.7167530883528203,0.45238095238095233,0.23809523809523808,0.6666666666666666,0.9622504486493763,0.9811252243246882,0.7167530883528203,3,KG_TASK_EXPLICIT
327,167,0.7159594375591695,0.45079365079365075,0.4444444444444444,0.45714285714285713,0.9622504486493763,0.9811252243246882,0.7159594375591695,3,KG_TASK_EXPLICIT
327,678,0.6773630314391184,0.3982905982905983,0.3076923076923077,0.4888888888888889,0.9128709291752769,0.9564354645876385,0.6773630314391184,4,KG_TASK_EXPLICIT
327,712,0.6732710164382184,0.3611793611793612,0.18181818181818182,0.5405405405405406,0.9707253433941511,0.9853626716970756,0.6732710164382184,4,KG_TASK_EXPLICIT
327,577,0.6604127579737336,0.32082551594746717,0.15384615384615385,0.4878048780487805,0.9999999999999998,0.9999999999999999,0.6604127579737336,3,KG_TASK_EXPLICIT
327,599,0.6600877192982456,0.3201754385964912,0.16666666666666666,0.47368421052631576,1.0000000000000002,1.0,0.6600877192982456,3,KG_TASK_EXPLICIT
327,225,0.6579026873026143,0.37386363636363634,0.2727272727272727,0.475,0.8838834764831843,0.9419417382415922,0.6579026873026143,5,KG_TASK_EXPLICIT
327,426,0.6563390313390314,0.396011396011396,0.38461538461538464,0.4074074074074074,0.8333333333333335,0.9166666666666667,0.6563390313390314,10,KG_TASK_EXPLICIT
328,540,0.821116135138184,0.75,0.5,1.0,0.7844645405527361,0.8922322702763681,0.821116135138184,7,KG_TASK_EXPLICIT
328,343,0.6885597134015173,0.4027777777777778,0.25,0.5555555555555556,0.9486832980505138,0.9743416490252569,0.6885597134015173,9,KG_TASK_EXPLICIT
328,410,0.6235017426646743,0.33333333333333337,0.25,0.4166666666666667,0.8273403039920306,0.9136701519960153,0.6235017426646743,15,KG_TASK_EXPLICIT
328,239,0.6224163663161713,0.3035714285714286,0.25,0.35714285714285715,0.882522608121828,0.941261304060914,0.6224163663161713,8,KG_TASK_EXPLICIT
328,178,0.6057140414958667,0.3173076923076923,0.25,0.38461538461538464,0.7882407813680822,0.8941203906840411,0.6057140414958667,14,KG_TASK_EXPLICIT
328,35,0.6056069281781258,0.2720588235294118,0.25,0.29411764705882354,0.8783100656536798,0.9391550328268399,0.6056069281781258,7,KG_TASK_EXPLICIT
328,385,0.5919446580524443,0.27564102564102566,0.16666666666666666,0.38461538461538464,0.8164965809277259,0.9082482904638629,0.5919446580524443,8,KG_TASK_EXPLICIT
328,110,0.5892541578459618,0.20416666666666666,0.2,0.20833333333333334,0.9486832980505138,0.9743416490252569,0.5892541578459618,5,KG_TASK_EXPLICIT
328,492,0.5887125207859483,0.29166666666666663,0.25,0.3333333333333333,0.7715167498104596,0.8857583749052298,0.5887125207859483,8,KG_TASK_EXPLICIT
328,546,0.5754459314343183,0.25,0.16666666666666666,0.3333333333333333,0.8017837257372731,0.9008918628686365,0.5754459314343183,7,KG_TASK_EXPLICIT
329,622,0.8522727272727273,0.7045454545454546,0.5,0.9090909090909091,0.9999999999999998,0.9999999999999999,0.8522727272727273,5,KG_TASK_EXPLICIT
329,341,0.7551397463504712,0.5267857142857143,0.42857142857142855,0.625,0.9669875568304563,0.9834937784152282,0.7551397463504712,8,KG_TASK_EXPLICIT
329,685,0.70983669284611,0.46923076923076923,0.4,0.5384615384615384,0.9008852329229017,0.9504426164614508,0.70983669284611,21,KG_TASK_EXPLICIT
329,701,0.7097357451948292,0.4431818181818182,0.25,0.6363636363636364,0.9525793444156805,0.9762896722078402,0.7097357451948292,6,KG_TASK_EXPLICIT
329,268,0.7087617336035376,0.4431818181818182,0.25,0.6363636363636364,0.9486832980505138,0.9743416490252569,0.7087617336035376,5,KG_TASK_EXPLICIT
329,543,0.6980463159198282,0.4431818181818182,0.25,0.6363636363636364,0.9058216273156767,0.9529108136578384,0.6980463159198282,7,KG_TASK_EXPLICIT
329,176,0.6875,0.375,0.16666666666666666,0.5833333333333334,0.9999999999999998,0.9999999999999999,0.6875,5,KG_TASK_EXPLICIT
329,686,0.6846153846153846,0.36923076923076925,0.2,0.5384615384615384,0.9999999999999998,0.9999999999999999,0.6846153846153846,5,KG_TASK_EXPLICIT
329,567,0.6816239316239316,0.3632478632478633,0.1111111111111111,0.6153846153846154,1.0000000000000002,1.0,0.6816239316239316,6,KG_TASK_EXPLICIT
329,386,0.6750933516185832,0.39285714285714285,0.2857142857142857,0.5,0.9146591207600472,0.9573295603800236,0.6750933516185832,16,KG_TASK_EXPLICIT
331,443,0.8276881720430107,0.6553763440860214,0.6333333333333333,0.6774193548387096,1.0000000000000002,1.0,0.8276881720430107,3,KG_TASK_EXPLICIT
331,117,0.7865423387096774,0.5730846774193548,0.6774193548387096,0.46875,1.0000000000000002,1.0,0.7865423387096774,3,KG_TASK_EXPLICIT
331,65,0.7227401129943503,0.4454802259887006,0.4576271186440678,0.43333333333333335,0.9999999999999999,1.0,0.7227401129943503,4,KG_TASK_EXPLICIT
331,140,0.7219812880890744,0.5357142857142857,0.6428571428571429,0.42857142857142855,0.8164965809277261,0.9082482904638631,0.7219812880890744,3,KG_TASK_EXPLICIT
331,31,0.6992649716357648,0.46551724137931033,0.5862068965517241,0.3448275862068966,0.8660254037844387,0.9330127018922194,0.6992649716357648,3,KG_TASK_EXPLICIT
331,314,0.6714661492844047,0.37152777777777773,0.10416666666666667,0.6388888888888888,0.9428090415820635,0.9714045207910318,0.6714661492844047,3,KG_TASK_EXPLICIT
331,607,0.6561379928315412,0.31227598566308246,0.0967741935483871,0.5277777777777778,1.0000000000000002,1.0,0.6561379928315412,3,KG_TASK_EXPLICIT
331,244,0.6548019920403789,0.4087121212121212,0.24242424242424243,0.575,0.8017837257372731,0.9008918628686365,0.6548019920403789,4,KG_TASK_EXPLICIT
331,503,0.6522463115028001,0.4642857142857143,0.6071428571428571,0.32142857142857145,0.6804138174397718,0.8402069087198859,0.6522463115028001,3,KG_TASK_EXPLICIT
331,519,0.6482570536998269,0.3555555555555555,0.1111111111111111,0.6,0.8819171036881969,0.9409585518440984,0.6482570536998269,4,KG_TASK_EXPLICIT
333,280,0.7559024896946916,0.5264423076923077,0.4375,0.6153846153846154,0.9707253433941511,0.9853626716970756,0.7559024896946916,4,KG_TASK_EXPLICIT
333,135,0.7214977149409705,0.4715909090909091,0.375,0.5681818181818182,0.9428090415820635,0.9714045207910318,0.7214977149409705,3,KG_TASK_EXPLICIT
333,752,0.7174908424908425,0.434981684981685,0.35714285714285715,0.5128205128205128,1.0,1.0,0.7174908424908425,4,KG_TASK_EXPLICIT
333,154,0.7150000000000001,0.43000000000000005,0.4,0.46,1.0000000000000002,1.0,0.7150000000000001,3,KG_TASK_EXPLICIT
333,52,0.7117695870719903,0.4303191489361702,0.35,0.5106382978723404,0.9864400504156211,0.9932200252078105,0.7117695870719903,9,KG_TASK_EXPLICIT
333,136,0.7059681125321755,0.4394806338028169,0.34375,0.5352112676056338,0.944911182523068,0.972455591261534,0.7059681125321755,7,KG_TASK_EXPLICIT
333,509,0.6908639036850606,0.4036363636363636,0.28,0.5272727272727272,0.9561828874675149,0.9780914437337574,0.6908639036850606,7,KG_TASK_EXPLICIT
333,513,0.683677690688961,0.4365351629502573,0.36363636363636365,0.5094339622641509,0.8616404368553293,0.9308202184276646,0.683677690688961,6,KG_TASK_EXPLICIT
333,446,0.6826923076923077,0.36538461538461536,0.3333333333333333,0.3974358974358974,1.0,1.0,0.6826923076923077,4,KG_TASK_EXPLICIT
333,188,0.678368266175842,0.42030075187969923,0.3142857142857143,0.5263157894736842,0.8728715609439696,0.9364357804719847,0.678368266175842,7,KG_TASK_EXPLICIT
334,581,0.6335774063016767,0.3088972431077694,0.38095238095238093,0.23684210526315788,0.9165151389911679,0.9582575694955839,0.6335774063016767,17,KG_TASK_EXPLICIT
334,82,0.5908447637198098,0.270516717325228,0.2857142857142857,0.2553191489361702,0.8223456202287831,0.9111728101143916,0.5908447637198098,30,KG_TASK_EXPLICIT
334,568,0.5905355249204666,0.1810710498409332,0.13043478260869565,0.23170731707317074,1.0000000000000002,1.0,0.5905355249204666,6,KG_TASK_EXPLICIT
334,306,0.5780405405405404,0.1560810810810811,0.15,0.16216216216216217,0.9999999999999998,0.9999999999999999,0.5780405405405404,8,KG_TASK_EXPLICIT
334,379,0.5709678496766165,0.24592302674494454,0.19047619047619047,0.3013698630136986,0.792025345216577,0.8960126726082884,0.5709678496766165,46,KG_TASK_EXPLICIT
334,585,0.5681818181818181,0.13636363636363635,0.13636363636363635,0.13636363636363635,1.0,1.0,0.5681818181818181,4,KG_TASK_EXPLICIT
334,158,0.5679038050904646,0.1885940146809712,0.13043478260869565,0.24675324675324675,0.894427190999916,0.947213595499958,0.5679038050904646,9,KG_TASK_EXPLICIT
334,447,0.5678773068643839,0.19479606188466947,0.1111111111111111,0.27848101265822783,0.8819171036881969,0.9409585518440984,0.5678773068643839,9,KG_TASK_EXPLICIT
334,211,0.5678619034950511,0.18345679012345678,0.12,0.24691358024691357,0.9045340337332909,0.9522670168666454,0.5678619034950511,9,KG_TASK_EXPLICIT
334,630,0.5678571428571428,0.13571428571428573,0.07142857142857142,0.2,0.9999999999999998,0.9999999999999999,0.5678571428571428,5,KG_TASK_EXPLICIT
335,16,0.712379055200212,0.44666666666666666,0.3333333333333333,0.56,0.9561828874675149,0.9780914437337574,0.712379055200212,5,KG_TASK_EXPLICIT
335,190,0.7072491452319316,0.50625,0.2,0.8125,0.8164965809277261,0.9082482904638631,0.7072491452319316,3,KG_TASK_EXPLICIT
335,347,0.69386468870424,0.4157894736842105,0.2,0.631578947368421,0.9438798074485389,0.9719399037242695,0.69386468870424,5,KG_TASK_EXPLICIT
335,356,0.6770186335403726,0.35403726708074534,0.14285714285714285,0.5652173913043478,0.9999999999999998,0.9999999999999999,0.6770186335403726,5,KG_TASK_EXPLICIT
335,252,0.6714237565036473,0.43333333333333335,0.2,0.6666666666666666,0.8190283593479223,0.9095141796739612,0.6714237565036473,9,KG_TASK_EXPLICIT
335,228,0.6554347826086957,0.3108695652173913,0.1,0.5217391304347826,1.0000000000000002,1.0,0.6554347826086957,3,KG_TASK_EXPLICIT
335,599,0.6484208245126284,0.3225,0.125,0.52,0.9486832980505138,0.9743416490252569,0.6484208245126284,4,KG_TASK_EXPLICIT
335,674,0.6423483264480584,0.3035714285714286,0.14285714285714285,0.4642857142857143,0.9622504486493763,0.9811252243246882,0.6423483264480584,3,KG_TASK_EXPLICIT
335,583,0.6392437372028212,0.30219780219780223,0.14285714285714285,0.46153846153846156,0.9525793444156805,0.9762896722078402,0.6392437372028212,3,KG_TASK_EXPLICIT
335,86,0.6385063069944199,0.3141025641025641,0.16666666666666666,0.46153846153846156,0.9258200997725515,0.9629100498862757,0.6385063069944199,5,KG_TASK_EXPLICIT
336,130,0.64375,0.2875,0.2,0.375,1.0000000000000002,1.0,0.64375,3,KG_TASK_EXPLICIT
336,35,0.6145833333333334,0.22916666666666666,0.125,0.3333333333333333,1.0000000000000002,1.0,0.6145833333333334,3,KG_TASK_EXPLICIT
336,67,0.6002855937288493,0.22916666666666669,0.16666666666666666,0.2916666666666667,0.9428090415820635,0.9714045207910318,0.6002855937288493,3,KG_TASK_EXPLICIT
336,689,0.5947292788290107,0.20833333333333334,0.1111111111111111,0.3055555555555556,0.9622504486493763,0.9811252243246882,0.5947292788290107,3,KG_TASK_EXPLICIT
336,357,0.5933599180531736,0.21531531531531534,0.13333333333333333,0.2972972972972973,0.9428090415820635,0.9714045207910318,0.5933599180531736,3,KG_TASK_EXPLICIT
336,635,0.5890746944131112,0.2067448680351906,0.09090909090909091,0.3225806451612903,0.9428090415820635,0.9714045207910318,0.5890746944131112,3,KG_TASK_EXPLICIT
336,612,0.5863959454956774,0.19166666666666665,0.08333333333333333,0.3,0.9622504486493763,0.9811252243246882,0.5863959454956774,3,KG_TASK_EXPLICIT
336,57,0.5759966777408638,0.15199335548172757,0.07142857142857142,0.23255813953488372,1.0000000000000002,1.0,0.5759966777408638,3,KG_TASK_EXPLICIT
336,88,0.5715810417836555,0.2349137931034483,0.125,0.3448275862068966,0.8164965809277259,0.9082482904638629,0.5715810417836555,3,KG_TASK_EXPLICIT
336,160,0.5645833333333333,0.12916666666666668,0.05,0.20833333333333334,1.0000000000000002,1.0,0.5645833333333333,3,KG_TASK_EXPLICIT
338,101,0.5072463768115941,0.014492753623188406,0.0,0.028985507246376812,0.9999999999999998,0.9999999999999999,0.5072463768115941,5,KG_TASK_EXPLICIT
338,531,0.5049330296262852,0.038461538461538464,0.0,0.07692307692307693,0.9428090415820635,0.9714045207910318,0.5049330296262852,3,KG_TASK_EXPLICIT
338,709,0.5035714285714286,0.007142857142857143,0.0,0.014285714285714285,1.0000000000000002,1.0,0.5035714285714286,3,KG_TASK_EXPLICIT
338,156,0.5035594032526587,0.03571428571428571,0.0,0.07142857142857142,0.9428090415820632,0.9714045207910316,0.5035594032526587,7,KG_TASK_EXPLICIT
338,696,0.5030487804878049,0.006097560975609756,0.0,0.012195121951219513,1.0000000000000002,1.0,0.5030487804878049,3,KG_TASK_EXPLICIT
338,534,0.5029411764705882,0.0058823529411764705,0.0,0.011764705882352941,1.0000000000000002,1.0,0.5029411764705882,3,KG_TASK_EXPLICIT
338,38,0.5016666666666667,0.0033333333333333335,0.0,0.006666666666666667,1.0000000000000002,1.0,0.5016666666666667,3,KG_TASK_EXPLICIT
338,347,0.500408142748457,0.029411764705882353,0.0,0.058823529411764705,0.9428090415820635,0.9714045207910318,0.500408142748457,3,KG_TASK_EXPLICIT
338,707,0.4906920813450527,0.008928571428571428,0.0,0.017857142857142856,0.944911182523068,0.972455591261534,0.4906920813450527,5,KG_TASK_EXPLICIT
338,638,0.48848004788301924,0.0045045045045045045,0.0,0.009009009009009009,0.944911182523068,0.972455591261534,0.48848004788301924,4,KG_TASK_EXPLICIT
339,583,0.7851145330736171,0.5939393939393939,0.45454545454545453,0.7333333333333333,0.9525793444156805,0.9762896722078402,0.7851145330736171,3,KG_TASK_EXPLICIT
339,466,0.7173107989820502,0.45112781954887216,0.42857142857142855,0.47368421052631576,0.9669875568304563,0.9834937784152282,0.7173107989820502,7,KG_TASK_EXPLICIT
339,711,0.7090920358556199,0.42820512820512824,0.26666666666666666,0.5897435897435898,0.9799578870122229,0.9899789435061115,0.7090920358556199,6,KG_TASK_EXPLICIT
339,441,0.7029778812203118,0.48611111111111105,0.3333333333333333,0.6388888888888888,0.8396893026590251,0.9198446513295125,0.7029778812203118,17,KG_TASK_EXPLICIT
339,184,0.7027734644166457,0.45833333333333337,0.3333333333333333,0.5833333333333334,0.8944271909999159,0.9472135954999579,0.7027734644166457,4,KG_TASK_EXPLICIT
339,712,0.6997700713698033,0.4184149184149184,0.23076923076923078,0.6060606060606061,0.9622504486493763,0.9811252243246882,0.6997700713698033,3,KG_TASK_EXPLICIT
339,690,0.6808618893066676,0.45511363636363633,0.4375,0.4727272727272727,0.8132202844993978,0.9066101422496988,0.6808618893066676,10,KG_TASK_EXPLICIT
339,681,0.6801380229477583,0.4102990033222591,0.2857142857142857,0.5348837209302325,0.899954085146515,0.9499770425732574,0.6801380229477583,7,KG_TASK_EXPLICIT
339,678,0.6788224556021989,0.4642857142857143,0.42857142857142855,0.5,0.7867183938373667,0.8933591969186834,0.6788224556021989,10,KG_TASK_EXPLICIT
339,679,0.6788216322310243,0.3795518207282913,0.23529411764705882,0.5238095238095238,0.9561828874675149,0.9780914437337574,0.6788216322310243,5,KG_TASK_EXPLICIT
340,562,0.5674581215628235,0.14955357142857142,0.14285714285714285,0.15625,0.9707253433941511,0.9853626716970756,0.5674581215628235,4,KG_TASK_EXPLICIT
340,643,0.5666666666666667,0.13333333333333333,0.1,0.16666666666666666,1.0000000000000002,1.0,0.5666666666666667,3,KG_TASK_EXPLICIT
340,309,0.5443766937669376,0.08875338753387534,0.05555555555555555,0.12195121951219512,1.0000000000000002,1.0,0.5443766937669376,3,KG_TASK_EXPLICIT
340,707,0.530377426977159,0.07962962962962963,0.06666666666666667,0.09259259259259259,0.9622504486493763,0.9811252243246882,0.530377426977159,3,KG_TASK_EXPLICIT
340,565,0.5227272727272727,0.045454545454545456,0.0,0.09090909090909091,1.0000000000000002,1.0,0.5227272727272727,3,KG_TASK_EXPLICIT
340,319,0.518687612162344,0.05625,0.0625,0.05,0.9622504486493763,0.9811252243246882,0.518687612162344,3,KG_TASK_EXPLICIT
340,531,0.5184433619633035,0.18333333333333335,0.16666666666666666,0.2,0.7071067811865475,0.8535533905932737,0.5184433619633035,4,KG_TASK_EXPLICIT
340,424,0.5166666666666667,0.03333333333333333,0.0,0.06666666666666667,1.0000000000000002,1.0,0.5166666666666667,3,KG_TASK_EXPLICIT
340,95,0.5116279069767442,0.023255813953488372,0.0,0.046511627906976744,1.0000000000000002,1.0,0.5116279069767442,3,KG_TASK_EXPLICIT
340,685,0.5097933813931134,0.038461538461538464,0.0,0.07692307692307693,0.9622504486493763,0.9811252243246882,0.5097933813931134,3,KG_TASK_EXPLICIT
341,329,0.7551397463504712,0.5267857142857143,0.42857142857142855,0.625,0.9669875568304563,0.9834937784152282,0.7551397463504712,8,KG_TASK_EXPLICIT
341,622,0.75,0.5,0.3333333333333333,0.6666666666666666,1.0,1.0,0.75,4,KG_TASK_EXPLICIT
341,685,0.7244310088043664,0.55,0.5,0.6,0.7977240352174656,0.8988620176087327,0.7244310088043664,7,KG_TASK_EXPLICIT
341,39,0.7121463037223907,0.46785714285714286,0.4,0.5357142857142857,0.9128709291752769,0.9564354645876385,0.7121463037223907,7,KG_TASK_EXPLICIT
341,715,0.6977558318240873,0.42410714285714285,0.2857142857142857,0.5625,0.9428090415820635,0.9714045207910318,0.6977558318240873,3,KG_TASK_EXPLICIT
341,36,0.6897208691207961,0.4375,0.375,0.5,0.8838834764831843,0.9419417382415922,0.6897208691207961,5,KG_TASK_EXPLICIT
341,719,0.667148848262346,0.36184210526315785,0.25,0.47368421052631576,0.944911182523068,0.972455591261534,0.667148848262346,4,KG_TASK_EXPLICIT
341,462,0.6666233130270948,0.36184210526315785,0.25,0.47368421052631576,0.9428090415820634,0.9714045207910317,0.6666233130270948,6,KG_TASK_EXPLICIT
341,590,0.65625,0.3125,0.25,0.375,1.0000000000000002,1.0,0.65625,3,KG_TASK_EXPLICIT
341,386,0.6527777777777778,0.3055555555555556,0.2222222222222222,0.3888888888888889,0.9999999999999999,1.0,0.6527777777777778,4,KG_TASK_EXPLICIT
343,540,0.7222222222222223,0.5277777777777778,0.5,0.5555555555555556,0.8333333333333335,0.9166666666666667,0.7222222222222223,6,KG_TASK_EXPLICIT
343,410,0.7168680994873401,0.5,0.6,0.4,0.8674723979493605,0.9337361989746802,0.7168680994873401,11,KG_TASK_EXPLICIT
343,328,0.6885597134015173,0.4027777777777778,0.25,0.5555555555555556,0.9486832980505138,0.9743416490252569,0.6885597134015173,9,KG_TASK_EXPLICIT
343,385,0.6865951175383731,0.4017857142857143,0.42857142857142855,0.375,0.9428090415820635,0.9714045207910318,0.6865951175383731,3,KG_TASK_EXPLICIT
343,239,0.6715686274509804,0.3431372549019608,0.3333333333333333,0.35294117647058826,1.0,1.0,0.6715686274509804,4,KG_TASK_EXPLICIT
343,178,0.6652281694372535,0.35416666666666663,0.3333333333333333,0.375,0.9525793444156805,0.9762896722078402,0.6652281694372535,6,KG_TASK_EXPLICIT
343,492,0.6523689270621825,0.3333333333333333,0.3333333333333333,0.3333333333333333,0.9428090415820635,0.9714045207910318,0.6523689270621825,3,KG_TASK_EXPLICIT
343,546,0.6458333333333333,0.29166666666666663,0.25,0.3333333333333333,1.0000000000000002,1.0,0.6458333333333333,3,KG_TASK_EXPLICIT
343,35,0.6455041578459617,0.31666666666666665,0.3333333333333333,0.3,0.9486832980505138,0.9743416490252569,0.6455041578459617,4,KG_TASK_EXPLICIT
343,401,0.6287539861441146,0.3222222222222222,0.2,0.4444444444444444,0.8705715001320139,0.935285750066007,0.6287539861441146,10,KG_TASK_EXPLICIT
344,239,0.7412280701754386,0.48245614035087714,0.3333333333333333,0.631578947368421,1.0,1.0,0.7412280701754386,4,KG_TASK_EXPLICIT
344,530,0.7186415048585997,0.5147058823529411,0.5,0.5294117647058824,0.8451542547285165,0.9225771273642582,0.7186415048585997,5,KG_TASK_EXPLICIT
344,462,0.677647014988819,0.38095238095238093,0.3333333333333333,0.42857142857142855,0.9486832980505138,0.9743416490252569,0.677647014988819,4,KG_TASK_EXPLICIT
344,685,0.6605271024514201,0.4647058823529412,0.4,0.5294117647058824,0.7126966450997984,0.8563483225498991,0.6605271024514201,9,KG_TASK_EXPLICIT
344,297,0.65625,0.3125,0.25,0.375,1.0000000000000002,1.0,0.65625,3,KG_TASK_EXPLICIT
344,264,0.6547619047619048,0.30952380952380953,0.14285714285714285,0.47619047619047616,1.0000000000000002,1.0,0.6547619047619048,3,KG_TASK_EXPLICIT
344,574,0.646875,0.29375,0.4,0.1875,1.0,1.0,0.646875,4,KG_TASK_EXPLICIT
344,487,0.646774193548387,0.2935483870967742,0.2,0.3870967741935484,1.0,1.0,0.646774193548387,4,KG_TASK_EXPLICIT
344,62,0.6369047619047619,0.27380952380952384,0.08333333333333333,0.4642857142857143,1.0000000000000002,1.0,0.6369047619047619,3,KG_TASK_EXPLICIT
344,465,0.6334197550194869,0.2857142857142857,0.25,0.32142857142857145,0.9622504486493763,0.9811252243246882,0.6334197550194869,3,KG_TASK_EXPLICIT
345,25,0.7315789473684211,0.4631578947368421,0.4,0.5263157894736842,1.0,1.0,0.7315789473684211,4,KG_TASK_EXPLICIT
345,500,0.6041666666666666,0.20833333333333331,0.16666666666666666,0.25,1.0000000000000002,1.0,0.6041666666666666,3,KG_TASK_EXPLICIT
345,91,0.5870535714285714,0.17410714285714285,0.0625,0.2857142857142857,1.0000000000000002,1.0,0.5870535714285714,3,KG_TASK_EXPLICIT
345,560,0.567726380068184,0.1611111111111111,0.1,0.2222222222222222,0.9486832980505138,0.9743416490252569,0.567726380068184,4,KG_TASK_EXPLICIT
345,239,0.5657894736842105,0.13157894736842105,0.0,0.2631578947368421,0.9999999999999999,1.0,0.5657894736842105,7,KG_TASK_EXPLICIT
345,267,0.5612189535592679,0.151033386327504,0.058823529411764705,0.24324324324324326,0.9428090415820635,0.9714045207910318,0.5612189535592679,3,KG_TASK_EXPLICIT
345,183,0.5595238095238095,0.11904761904761904,0.0,0.23809523809523808,1.0,1.0,0.5595238095238095,4,KG_TASK_EXPLICIT
345,410,0.5555555555555556,0.1111111111111111,0.0,0.2222222222222222,1.0,1.0,0.5555555555555556,4,KG_TASK_EXPLICIT
345,428,0.5543478260869565,0.10869565217391304,0.0,0.21739130434782608,1.0000000000000002,1.0,0.5543478260869565,3,KG_TASK_EXPLICIT
345,52,0.5500864216861536,0.11904761904761904,0.07142857142857142,0.16666666666666666,0.9622504486493763,0.9811252243246882,0.5500864216861536,3,KG_TASK_EXPLICIT
346,562,0.6407056798635217,0.3236434108527132,0.3333333333333333,0.313953488372093,0.9155358977486603,0.9577679488743301,0.6407056798635217,35,KG_TASK_EXPLICIT
346,111,0.6095458541192815,0.3333333333333333,0.3333333333333333,0.3333333333333333,0.7715167498104595,0.8857583749052298,0.6095458541192815,9,KG_TASK_EXPLICIT
346,321,0.6089590457477426,0.22982456140350876,0.3333333333333333,0.12631578947368421,0.9761870601839528,0.9880935300919764,0.6089590457477426,5,KG_TASK_EXPLICIT
346,135,0.6035681633122252,0.2260111022997621,0.3076923076923077,0.14432989690721648,0.9622504486493763,0.9811252243246882,0.6035681633122252,3,KG_TASK_EXPLICIT
346,280,0.5948994944890132,0.2135093167701863,0.2857142857142857,0.14130434782608695,0.9525793444156805,0.9762896722078402,0.5948994944890132,9,KG_TASK_EXPLICIT
346,643,0.5917948627603495,0.20549828178694157,0.26666666666666666,0.14432989690721648,0.9561828874675149,0.9780914437337574,0.5917948627603495,14,KG_TASK_EXPLICIT
346,721,0.5877194109564442,0.2629598662207358,0.38461538461538464,0.14130434782608695,0.8249579113843053,0.9124789556921526,0.5877194109564442,8,KG_TASK_EXPLICIT
346,680,0.5866962615366267,0.21293706293706294,0.3076923076923077,0.11818181818181818,0.9209109202723808,0.9604554601361903,0.5866962615366267,8,KG_TASK_EXPLICIT
346,676,0.5795931787517078,0.18,0.25,0.11,0.9583727150068314,0.9791863575034156,0.5795931787517078,8,KG_TASK_EXPLICIT
346,679,0.5787377450980391,0.15747549019607843,0.1875,0.12745098039215685,0.9999999999999998,0.9999999999999999,0.5787377450980391,5,KG_TASK_EXPLICIT
347,335,0.69386468870424,0.4157894736842105,0.2,0.631578947368421,0.9438798074485389,0.9719399037242695,0.69386468870424,5,KG_TASK_EXPLICIT
347,356,0.6761228942900963,0.3668831168831169,0.14285714285714285,0.5909090909090909,0.9707253433941511,0.9853626716970756,0.6761228942900963,4,KG_TASK_EXPLICIT
347,86,0.6616666666666666,0.3233333333333333,0.16666666666666666,0.48,1.0,1.0,0.6616666666666666,5,KG_TASK_EXPLICIT
347,583,0.6557142857142857,0.3114285714285714,0.14285714285714285,0.48,1.0000000000000002,1.0,0.6557142857142857,3,KG_TASK_EXPLICIT
347,228,0.6475914319944034,0.3227272727272727,0.1,0.5454545454545454,0.944911182523068,0.972455591261534,0.6475914319944034,5,KG_TASK_EXPLICIT
347,252,0.6352419122624413,0.4529411764705883,0.2,0.7058823529411765,0.6350852961085883,0.8175426480542942,0.6352419122624413,8,KG_TASK_EXPLICIT
347,110,0.6330531924561638,0.2936507936507936,0.14285714285714285,0.4444444444444444,0.944911182523068,0.972455591261534,0.6330531924561638,4,KG_TASK_EXPLICIT
347,637,0.6319031746897362,0.3333333333333333,0.16666666666666666,0.5,0.8609460320922785,0.9304730160461392,0.6319031746897362,7,KG_TASK_EXPLICIT
347,321,0.6312260536398467,0.2624521072796935,0.1111111111111111,0.41379310344827586,1.0000000000000002,1.0,0.6312260536398467,3,KG_TASK_EXPLICIT
347,515,0.6304585648615362,0.28846153846153844,0.07692307692307693,0.5,0.944911182523068,0.972455591261534,0.6304585648615362,4,KG_TASK_EXPLICIT
348,318,0.63125,0.2625,0.375,0.15,0.9999999999999998,0.9999999999999999,0.63125,3,KG_TASK_EXPLICIT
348,324,0.5524815066913458,0.3162878787878788,0.09090909090909091,0.5416666666666666,0.5773502691896258,0.7886751345948129,0.5524815066913458,3,KG_TASK_EXPLICIT
348,226,0.5249999999999999,0.05,0.0,0.1,0.9999999999999998,0.9999999999999999,0.5249999999999999,3,KG_TASK_EXPLICIT
348,91,0.52019557380336,0.13214285714285715,0.05,0.21428571428571427,0.8164965809277259,0.9082482904638629,0.52019557380336,3,KG_TASK_EXPLICIT
348,314,0.4955280434878826,0.20238095238095238,0.03333333333333333,0.37142857142857144,0.5773502691896258,0.7886751345948129,0.4955280434878826,3,KG_TASK_EXPLICIT
348,241,0.49096625049508935,0.07368421052631578,0.03333333333333333,0.11403508771929824,0.8164965809277259,0.9082482904638629,0.49096625049508935,3,KG_TASK_EXPLICIT
348,283,0.48983843094621715,0.07142857142857142,0.0,0.14285714285714285,0.8164965809277259,0.9082482904638629,0.48983843094621715,3,KG_TASK_EXPLICIT
348,149,0.4783176936190282,0.04838709677419355,0.0,0.0967741935483871,0.8164965809277259,0.9082482904638629,0.4783176936190282,3,KG_TASK_EXPLICIT
348,448,0.46412414523193146,0.02,0.0,0.04,0.8164965809277259,0.9082482904638629,0.46412414523193146,3,KG_TASK_EXPLICIT
348,230,0.3870926557899238,0.11607142857142856,0.05714285714285714,0.175,0.31622776601683794,0.658113883008419,0.3870926557899238,3,KG_TASK_EXPLICIT
349,495,0.6925500711578574,0.47685185185185186,0.25,0.7037037037037037,0.8164965809277259,0.9082482904638629,0.6925500711578574,3,KG_TASK_EXPLICIT
349,124,0.6691340407337727,0.3571428571428571,0.2,0.5142857142857142,0.9622504486493763,0.9811252243246882,0.6691340407337727,3,KG_TASK_EXPLICIT
349,378,0.664991236490982,0.35752688172043007,0.16666666666666666,0.5483870967741935,0.944911182523068,0.972455591261534,0.664991236490982,4,KG_TASK_EXPLICIT
349,237,0.6067668412849434,0.2770979020979021,0.07692307692307693,0.4772727272727273,0.8728715609439696,0.9364357804719847,0.6067668412849434,4,KG_TASK_EXPLICIT
349,530,0.587037037037037,0.17407407407407408,0.2,0.14814814814814814,1.0000000000000002,1.0,0.587037037037037,3,KG_TASK_EXPLICIT
349,462,0.5679723502304147,0.1359447004608295,0.14285714285714285,0.12903225806451613,1.0,1.0,0.5679723502304147,4,KG_TASK_EXPLICIT
349,492,0.566017316017316,0.13203463203463203,0.14285714285714285,0.12121212121212122,1.0000000000000002,1.0,0.566017316017316,3,KG_TASK_EXPLICIT
349,229,0.5630832127764682,0.15476190476190477,0.16666666666666666,0.14285714285714285,0.9428090415820635,0.9714045207910318,0.5630832127764682,3,KG_TASK_EXPLICIT
349,333,0.557975113122172,0.1159502262443439,0.058823529411764705,0.17307692307692307,1.0000000000000002,1.0,0.557975113122172,3,KG_TASK_EXPLICIT
349,500,0.5575657894736842,0.11513157894736842,0.125,0.10526315789473684,1.0,1.0,0.5575657894736842,4,KG_TASK_EXPLICIT
350,675,0.75,0.5,0.3333333333333333,0.6666666666666666,1.0000000000000002,1.0,0.75,3,KG_TASK_EXPLICIT
350,564,0.6487821361077273,0.5303030303030303,0.3333333333333333,0.7272727272727273,0.5345224838248487,0.7672612419124243,0.6487821361077273,7,KG_TASK_EXPLICIT
350,287,0.5957924797330327,0.26666666666666666,0.3333333333333333,0.2,0.8498365855987976,0.9249182927993989,0.5957924797330327,18,KG_TASK_EXPLICIT
350,63,0.591931216931217,0.18386243386243384,0.07142857142857142,0.2962962962962963,1.0,1.0,0.591931216931217,4,KG_TASK_EXPLICIT
350,120,0.5915063509461097,0.25,0.16666666666666666,0.3333333333333333,0.8660254037844387,0.9330127018922194,0.5915063509461097,3,KG_TASK_EXPLICIT
350,167,0.5898090120140184,0.293859649122807,0.16666666666666666,0.42105263157894735,0.7715167498104596,0.8857583749052298,0.5898090120140184,5,KG_TASK_EXPLICIT
350,419,0.5665065283133608,0.225,0.2,0.25,0.816026113253443,0.9080130566267215,0.5665065283133608,19,KG_TASK_EXPLICIT
350,242,0.5662306535724575,0.1581196581196581,0.1111111111111111,0.20512820512820512,0.9486832980505138,0.9743416490252569,0.5662306535724575,10,KG_TASK_EXPLICIT
350,172,0.5624229523748118,0.26515151515151514,0.16666666666666666,0.36363636363636365,0.7193887791962168,0.8596943895981084,0.5624229523748118,25,KG_TASK_EXPLICIT
350,705,0.5601110099208907,0.19642857142857142,0.14285714285714285,0.25,0.84758689682642,0.92379344841321,0.5601110099208907,14,KG_TASK_EXPLICIT
351,277,0.5926190476190476,0.18523809523809523,0.19047619047619047,0.18,0.9999999999999998,0.9999999999999999,0.5926190476190476,3,KG_TASK_EXPLICIT
351,590,0.5320512820512819,0.0641025641025641,0.0,0.1282051282051282,0.9999999999999998,0.9999999999999999,0.5320512820512819,5,KG_TASK_EXPLICIT
351,129,0.5060975609756098,0.012195121951219513,0.0,0.024390243902439025,1.0,1.0,0.5060975609756098,3,KG_TASK_EXPLICIT
351,213,0.49800788066770657,0.2724089635854342,0.23529411764705882,0.30952380952380953,0.4472135954999579,0.7236067977499789,0.49800788066770657,5,KG_TASK_EXPLICIT
351,234,0.48843787072212763,0.06862745098039216,0.0,0.13725490196078433,0.8164965809277261,0.9082482904638631,0.48843787072212763,6,KG_TASK_EXPLICIT
351,6,0.4857201430549822,0.18276515151515152,0.0625,0.30303030303030304,0.5773502691896258,0.7886751345948129,0.4857201430549822,4,KG_TASK_EXPLICIT
351,97,0.484545661377424,0.09981684981684981,0.07142857142857142,0.1282051282051282,0.7385489458759965,0.8692744729379982,0.484545661377424,8,KG_TASK_EXPLICIT
351,167,0.4761390378856417,0.1636029411764706,0.0625,0.2647058823529412,0.5773502691896258,0.7886751345948129,0.4761390378856417,3,KG_TASK_EXPLICIT
351,228,0.47596153846153844,0.20192307692307693,0.25,0.15384615384615385,0.5,0.75,0.47596153846153844,4,KG_TASK_EXPLICIT
351,494,0.4719812880890744,0.03571428571428571,0.0,0.07142857142857142,0.8164965809277261,0.9082482904638631,0.4719812880890744,3,KG_TASK_EXPLICIT
352,401,0.7270620726159658,0.75,0.5,1.0,0.4082482904638631,0.7041241452319316,0.7270620726159658,3,KG_TASK_EXPLICIT
352,214,0.4743188509461097,0.015625,0.0,0.03125,0.8660254037844387,0.9330127018922194,0.4743188509461097,3,KG_TASK_EXPLICIT
352,359,0.46974914523193156,0.03125,0.0,0.0625,0.8164965809277261,0.9082482904638631,0.46974914523193156,3,KG_TASK_EXPLICIT
352,169,0.4602217062075413,0.012195121951219513,0.0,0.024390243902439025,0.8164965809277261,0.9082482904638631,0.4602217062075413,3,KG_TASK_EXPLICIT
352,578,0.44295049047286755,0.007936507936507936,0.0,0.015873015873015872,0.7559289460184544,0.8779644730092272,0.44295049047286755,4,KG_TASK_EXPLICIT
352,109,0.3569640334002795,0.00980392156862745,0.0,0.0196078431372549,0.4082482904638631,0.7041241452319316,0.3569640334002795,3,KG_TASK_EXPLICIT
352,230,0.35518707261596577,0.00625,0.0,0.0125,0.4082482904638631,0.7041241452319316,0.35518707261596577,3,KG_TASK_EXPLICIT
352,203,0.2578125,0.015625,0.0,0.03125,0.0,0.5,0.2578125,3,KG_TASK_EXPLICIT
354,140,0.9333333333333333,0.95,0.9,1.0,0.8333333333333334,0.9166666666666667,0.9333333333333333,6,KG_TASK_EXPLICIT
354,269,0.8618927365859921,0.7523809523809524,0.9047619047619048,0.6,0.9428090415820635,0.9714045207910318,0.8618927365859921,3,KG_TASK_EXPLICIT
354,117,0.8153021442495126,0.6306042884990253,0.6296296296296297,0.631578947368421,1.0000000000000002,1.0,0.8153021442495126,3,KG_TASK_EXPLICIT
354,559,0.8145380434782609,0.6290760869565217,0.6956521739130435,0.5625,1.0000000000000002,1.0,0.8145380434782609,3,KG_TASK_EXPLICIT
354,141,0.814215537537794,0.6567028985507246,0.7916666666666666,0.5217391304347826,0.9434563530497265,0.9717281765248633,0.814215537537794,4,KG_TASK_EXPLICIT
354,31,0.8135411695295565,0.7261904761904763,0.8095238095238095,0.6428571428571429,0.8017837257372731,0.9008918628686365,0.8135411695295565,4,KG_TASK_EXPLICIT
354,503,0.7869306393762916,0.8,0.85,0.75,0.5477225575051661,0.773861278752583,0.7869306393762916,3,KG_TASK_EXPLICIT
354,443,0.7732371794871795,0.546474358974359,0.7083333333333334,0.38461538461538464,1.0000000000000002,1.0,0.7732371794871795,3,KG_TASK_EXPLICIT
354,36,0.7003105590062112,0.4006211180124224,0.08695652173913043,0.7142857142857143,1.0000000000000002,1.0,0.7003105590062112,3,KG_TASK_EXPLICIT
354,149,0.6967718118046198,0.45710784313725494,0.20833333333333334,0.7058823529411765,0.8728715609439696,0.9364357804719847,0.6967718118046198,4,KG_TASK_EXPLICIT
355,281,0.8095658967591522,0.6477272727272727,0.75,0.5454545454545454,0.9428090415820635,0.9714045207910318,0.8095658967591522,6,KG_TASK_EXPLICIT
355,285,0.7693909663307251,0.6057692307692308,0.75,0.46153846153846156,0.8660254037844387,0.9330127018922194,0.7693909663307251,6,KG_TASK_EXPLICIT
355,621,0.737497144796959,0.5227272727272727,0.5,0.5454545454545454,0.9045340337332909,0.9522670168666454,0.737497144796959,8,KG_TASK_EXPLICIT
355,105,0.6483848480836217,0.32967032967032966,0.42857142857142855,0.23076923076923078,0.9341987329938275,0.9670993664969137,0.6483848480836217,9,KG_TASK_EXPLICIT
355,383,0.6414473684210525,0.28289473684210525,0.25,0.3157894736842105,0.9999999999999998,0.9999999999999999,0.6414473684210525,5,KG_TASK_EXPLICIT
355,184,0.6248588407510236,0.2777777777777778,0.3333333333333333,0.2222222222222222,0.9438798074485389,0.9719399037242695,0.6248588407510236,5,KG_TASK_EXPLICIT
355,609,0.6203184364529879,0.2727272727272727,0.2727272727272727,0.2727272727272727,0.9358192003574064,0.9679096001787032,0.6203184364529879,10,KG_TASK_EXPLICIT
355,87,0.5595306281858871,0.1683673469387755,0.21428571428571427,0.12244897959183673,0.9013878188659974,0.9506939094329987,0.5595306281858871,10,KG_TASK_EXPLICIT
355,321,0.5480751015377758,0.17094017094017094,0.1111111111111111,0.23076923076923078,0.8504200642707612,0.9252100321353807,0.5480751015377758,10,KG_TASK_EXPLICIT
355,357,0.5426916050689727,0.1557142857142857,0.07142857142857142,0.24,0.8593378488473195,0.9296689244236598,0.5426916050689727,13,KG_TASK_EXPLICIT
356,252,0.7450156489348976,0.5166666666666666,0.3333333333333333,0.7,0.9467292624062573,0.9733646312031287,0.7450156489348976,6,KG_TASK_EXPLICIT
356,335,0.6770186335403726,0.35403726708074534,0.14285714285714285,0.5652173913043478,0.9999999999999998,0.9999999999999999,0.6770186335403726,5,KG_TASK_EXPLICIT
356,347,0.6761228942900963,0.3668831168831169,0.14285714285714285,0.5909090909090909,0.9707253433941511,0.9853626716970756,0.6761228942900963,4,KG_TASK_EXPLICIT
356,286,0.6273784355179703,0.2547568710359408,0.09090909090909091,0.4186046511627907,1.0,1.0,0.6273784355179703,4,KG_TASK_EXPLICIT
356,502,0.624578690686477,0.34090909090909094,0.18181818181818182,0.5,0.8164965809277259,0.9082482904638629,0.624578690686477,5,KG_TASK_EXPLICIT
356,599,0.6232967611480084,0.27413793103448275,0.1,0.4482758620689655,0.944911182523068,0.972455591261534,0.6232967611480084,4,KG_TASK_EXPLICIT
356,16,0.621813371506627,0.27222222222222225,0.1111111111111111,0.43333333333333335,0.9428090415820635,0.9714045207910318,0.621813371506627,3,KG_TASK_EXPLICIT
356,213,0.6200892805483645,0.2638888888888889,0.16666666666666666,0.3611111111111111,0.9525793444156805,0.9762896722078402,0.6200892805483645,6,KG_TASK_EXPLICIT
356,141,0.6175925925925926,0.2351851851851852,0.037037037037037035,0.43333333333333335,0.9999999999999998,0.9999999999999999,0.6175925925925926,5,KG_TASK_EXPLICIT
356,531,0.6147073361039201,0.253125,0.1,0.40625,0.9525793444156805,0.9762896722078402,0.6147073361039201,6,KG_TASK_EXPLICIT
357,722,0.7208333333333333,0.44166666666666665,0.35,0.5333333333333333,1.0000000000000002,1.0,0.7208333333333333,3,KG_TASK_EXPLICIT
357,306,0.6971869200067047,0.42666666666666664,0.3333333333333333,0.52,0.9354143466934852,0.9677071733467426,0.6971869200067047,5,KG_TASK_EXPLICIT
357,635,0.6873563218390804,0.37471264367816093,0.26666666666666666,0.4827586206896552,0.9999999999999998,0.9999999999999999,0.6873563218390804,7,KG_TASK_EXPLICIT
357,383,0.6812404867590522,0.43990384615384615,0.1875,0.6923076923076923,0.8451542547285165,0.9225771273642582,0.6812404867590522,5,KG_TASK_EXPLICIT
357,579,0.6795977011494252,0.35919540229885055,0.16666666666666666,0.5517241379310345,0.9999999999999998,0.9999999999999999,0.6795977011494252,5,KG_TASK_EXPLICIT
357,129,0.6701100286299702,0.4866666666666667,0.3333333333333333,0.64,0.7071067811865476,0.8535533905932737,0.6701100286299702,4,KG_TASK_EXPLICIT
357,609,0.6555868092961642,0.38859649122807016,0.21052631578947367,0.5666666666666667,0.8451542547285166,0.9225771273642582,0.6555868092961642,8,KG_TASK_EXPLICIT
357,247,0.6536454788905086,0.33294930875576034,0.21428571428571427,0.45161290322580644,0.9486832980505138,0.9743416490252569,0.6536454788905086,5,KG_TASK_EXPLICIT
357,692,0.6486777564989133,0.31926406926406925,0.21428571428571427,0.42424242424242425,0.9561828874675149,0.9780914437337574,0.6486777564989133,4,KG_TASK_EXPLICIT
357,211,0.6485671191553545,0.2971342383107089,0.23529411764705882,0.358974358974359,1.0000000000000002,1.0,0.6485671191553545,3,KG_TASK_EXPLICIT
358,363,0.6762820512820512,0.35256410256410253,0.16666666666666666,0.5384615384615384,0.9999999999999998,0.9999999999999999,0.6762820512820512,3,KG_TASK_EXPLICIT
358,729,0.6762820512820512,0.35256410256410253,0.16666666666666666,0.5384615384615384,0.9999999999999998,0.9999999999999999,0.6762820512820512,3,KG_TASK_EXPLICIT
358,543,0.6686491673103708,0.44999999999999996,0.2,0.7,0.7745966692414834,0.8872983346207417,0.6686491673103708,3,KG_TASK_EXPLICIT
358,198,0.651239529847316,0.3942307692307692,0.25,0.5384615384615384,0.8164965809277259,0.9082482904638629,0.651239529847316,4,KG_TASK_EXPLICIT
358,530,0.6416241452319315,0.375,0.16666666666666666,0.5833333333333334,0.8164965809277259,0.9082482904638629,0.6416241452319315,3,KG_TASK_EXPLICIT
358,685,0.6308616357208962,0.45833333333333337,0.3333333333333333,0.5833333333333334,0.6067798762169179,0.8033899381084589,0.6308616357208962,12,KG_TASK_EXPLICIT
358,451,0.6291241452319314,0.35,0.1,0.6,0.8164965809277259,0.9082482904638629,0.6291241452319314,3,KG_TASK_EXPLICIT
358,41,0.6277958245126285,0.28125,0.125,0.4375,0.9486832980505138,0.9743416490252569,0.6277958245126285,5,KG_TASK_EXPLICIT
358,402,0.6152642877866649,0.35256410256410253,0.16666666666666666,0.5384615384615384,0.7559289460184544,0.8779644730092272,0.6152642877866649,8,KG_TASK_EXPLICIT
358,704,0.6115956366603954,0.2901785714285714,0.14285714285714285,0.4375,0.8660254037844387,0.9330127018922194,0.6115956366603954,3,KG_TASK_EXPLICIT
359,701,0.7038128062111496,0.4358974358974359,0.3333333333333333,0.5384615384615384,0.9434563530497265,0.9717281765248633,0.7038128062111496,4,KG_TASK_EXPLICIT
359,754,0.7036509783442338,0.4358974358974359,0.3333333333333333,0.5384615384615384,0.9428090415820635,0.9714045207910318,0.7036509783442338,3,KG_TASK_EXPLICIT
359,755,0.6988609873371946,0.48947368421052634,0.4,0.5789473684210527,0.8164965809277259,0.9082482904638629,0.6988609873371946,3,KG_TASK_EXPLICIT
359,590,0.687660192256359,0.47500000000000003,0.4,0.55,0.8006407690254358,0.9003203845127179,0.687660192256359,7,KG_TASK_EXPLICIT
359,378,0.6808279853486356,0.4464285714285714,0.5,0.39285714285714285,0.8304547985373997,0.9152273992686999,0.6808279853486356,17,KG_TASK_EXPLICIT
359,268,0.6647726733542723,0.4358974358974359,0.3333333333333333,0.5384615384615384,0.787295821622217,0.8936479108111085,0.6647726733542723,12,KG_TASK_EXPLICIT
359,394,0.6566927806904082,0.33529411764705885,0.2,0.47058823529411764,0.9561828874675149,0.9780914437337574,0.6566927806904082,7,KG_TASK_EXPLICIT
359,568,0.6541666666666667,0.30833333333333335,0.25,0.36666666666666664,1.0,1.0,0.6541666666666667,4,KG_TASK_EXPLICIT
359,686,0.6496459425887159,0.35833333333333334,0.25,0.4666666666666667,0.8819171036881969,0.9409585518440984,0.6496459425887159,6,KG_TASK_EXPLICIT
359,729,0.6472919416699836,0.44642857142857145,0.25,0.6428571428571429,0.6963106238227914,0.8481553119113957,0.6472919416699836,11,KG_TASK_EXPLICIT
360,50,0.7231237322515214,0.44624746450304265,0.3235294117647059,0.5689655172413793,0.9999999999999999,1.0,0.7231237322515214,4,KG_TASK_EXPLICIT
360,513,0.7178470072239422,0.49451754385964913,0.375,0.6140350877192983,0.8823529411764706,0.9411764705882353,0.7178470072239422,8,KG_TASK_EXPLICIT
360,259,0.7158242411201898,0.5275032938076416,0.4318181818181818,0.6231884057971014,0.808290376865476,0.9041451884327381,0.7158242411201898,6,KG_TASK_EXPLICIT
360,223,0.7136416164913484,0.4461580086580087,0.30303030303030304,0.5892857142857143,0.9622504486493763,0.9811252243246882,0.7136416164913484,6,KG_TASK_EXPLICIT
360,188,0.7018514283886179,0.42561141304347827,0.30434782608695654,0.546875,0.9561828874675149,0.9780914437337574,0.7018514283886179,5,KG_TASK_EXPLICIT
360,494,0.6950642403853973,0.41203703703703703,0.25,0.5740740740740741,0.9561828874675149,0.9780914437337574,0.6950642403853973,4,KG_TASK_EXPLICIT
360,244,0.6936276458644954,0.4726110772976263,0.3225806451612903,0.6226415094339622,0.8292884288627292,0.9146442144313647,0.6936276458644954,10,KG_TASK_EXPLICIT
360,161,0.6896103896103896,0.37922077922077924,0.2857142857142857,0.4727272727272727,1.0,1.0,0.6896103896103896,4,KG_TASK_EXPLICIT
360,222,0.6879938358485378,0.390625,0.25,0.53125,0.9707253433941511,0.9853626716970756,0.6879938358485378,4,KG_TASK_EXPLICIT
360,57,0.6829899950228357,0.4274509803921569,0.26666666666666666,0.5882352941176471,0.8770580193070293,0.9385290096535146,0.6829899950228357,7,KG_TASK_EXPLICIT
361,132,0.6220973608481584,0.2717391304347826,0.10869565217391304,0.43478260869565216,0.944911182523068,0.972455591261534,0.6220973608481584,4,KG_TASK_EXPLICIT
361,161,0.5896438370261682,0.20788315326130452,0.10204081632653061,0.3137254901960784,0.9428090415820635,0.9714045207910318,0.5896438370261682,3,KG_TASK_EXPLICIT
361,139,0.5888704318936877,0.1777408637873754,0.06976744186046512,0.2857142857142857,0.9999999999999998,0.9999999999999999,0.5888704318936877,5,KG_TASK_EXPLICIT
361,222,0.5870612697087852,0.21768707482993196,0.10204081632653061,0.3333333333333333,0.9128709291752769,0.9564354645876385,0.5870612697087852,10,KG_TASK_EXPLICIT
361,59,0.5850559007944809,0.23367602111697694,0.21311475409836064,0.2542372881355932,0.8728715609439696,0.9364357804719847,0.5850559007944809,7,KG_TASK_EXPLICIT
361,314,0.5790365355619341,0.31342062193126025,0.3191489361702128,0.3076923076923077,0.6893048983852161,0.8446524491926081,0.5790365355619341,42,KG_TASK_EXPLICIT
361,341,0.5782738095238096,0.15654761904761905,0.075,0.23809523809523808,1.0,1.0,0.5782738095238096,6,KG_TASK_EXPLICIT
361,98,0.5766922879817786,0.19281838949171903,0.22058823529411764,0.1650485436893204,0.9211323729436767,0.9605661864718383,0.5766922879817786,20,KG_TASK_EXPLICIT
361,601,0.5735227732160287,0.17564102564102563,0.05128205128205128,0.3,0.9428090415820635,0.9714045207910318,0.5735227732160287,3,KG_TASK_EXPLICIT
361,354,0.5731934731934731,0.14638694638694638,0.03636363636363636,0.2564102564102564,0.9999999999999998,0.9999999999999999,0.5731934731934731,5,KG_TASK_EXPLICIT
362,729,0.7457908118985982,0.5833333333333333,0.5,0.6666666666666666,0.8164965809277261,0.9082482904638631,0.7457908118985982,9,KG_TASK_EXPLICIT
362,701,0.6697292788290108,0.35833333333333334,0.25,0.4666666666666667,0.9622504486493764,0.9811252243246882,0.6697292788290108,6,KG_TASK_EXPLICIT
362,268,0.6687598454183745,0.35833333333333334,0.25,0.4666666666666667,0.9583727150068314,0.9791863575034156,0.6687598454183745,8,KG_TASK_EXPLICIT
362,543,0.657384398960486,0.35833333333333334,0.25,0.4666666666666667,0.9128709291752769,0.9564354645876385,0.657384398960486,6,KG_TASK_EXPLICIT
362,508,0.6475575260588107,0.3214285714285714,0.14285714285714285,0.5,0.9473729613780999,0.97368648068905,0.6475575260588107,14,KG_TASK_EXPLICIT
362,622,0.6472222222222223,0.29444444444444445,0.2,0.3888888888888889,1.0000000000000002,1.0,0.6472222222222223,3,KG_TASK_EXPLICIT
362,394,0.6469298245614035,0.293859649122807,0.16666666666666666,0.42105263157894735,1.0,1.0,0.6469298245614035,4,KG_TASK_EXPLICIT
362,530,0.6441321317800213,0.3058823529411765,0.2,0.4117647058823529,0.9647638212377322,0.982381910618866,0.6441321317800213,10,KG_TASK_EXPLICIT
362,27,0.6439393939393939,0.2878787878787879,0.16666666666666666,0.4090909090909091,1.0000000000000002,1.0,0.6439393939393939,3,KG_TASK_EXPLICIT
362,269,0.6433928940066634,0.339572192513369,0.09090909090909091,0.5882352941176471,0.8944271909999159,0.9472135954999579,0.6433928940066634,5,KG_TASK_EXPLICIT
363,268,0.7905626121623441,0.6,0.5,0.7,0.9622504486493763,0.9811252243246882,0.7905626121623441,3,KG_TASK_EXPLICIT
363,543,0.773606797749979,0.6,0.5,0.7,0.8944271909999159,0.9472135954999579,0.773606797749979,5,KG_TASK_EXPLICIT
363,530,0.7291666666666666,0.45833333333333337,0.3333333333333333,0.5833333333333334,0.9999999999999998,0.9999999999999999,0.7291666666666666,5,KG_TASK_EXPLICIT
363,176,0.7215909090909091,0.4431818181818182,0.25,0.6363636363636364,1.0000000000000002,1.0,0.7215909090909091,3,KG_TASK_EXPLICIT
363,686,0.6956730176127763,0.45833333333333337,0.3333333333333333,0.5833333333333334,0.8660254037844387,0.9330127018922194,0.6956730176127763,3,KG_TASK_EXPLICIT
363,402,0.6940822263820406,0.4358974358974359,0.3333333333333333,0.5384615384615384,0.9045340337332908,0.9522670168666454,0.6940822263820406,10,KG_TASK_EXPLICIT
363,685,0.6779108497467533,0.4166666666666667,0.25,0.5833333333333334,0.8783100656536799,0.9391550328268399,0.6779108497467533,14,KG_TASK_EXPLICIT
363,358,0.6762820512820512,0.35256410256410253,0.16666666666666666,0.5384615384615384,0.9999999999999998,0.9999999999999999,0.6762820512820512,3,KG_TASK_EXPLICIT
363,501,0.6755339723115589,0.3881578947368421,0.25,0.5263157894736842,0.9258200997725514,0.9629100498862757,0.6755339723115589,7,KG_TASK_EXPLICIT
363,729,0.6720728631806495,0.4358974358974359,0.3333333333333333,0.5384615384615384,0.8164965809277261,0.9082482904638631,0.6720728631806495,7,KG_TASK_EXPLICIT
364,467,0.8223684210526316,0.6447368421052632,0.5,0.7894736842105263,1.0000000000000002,1.0,0.8223684210526316,3,KG_TASK_EXPLICIT
364,294,0.7107948442534908,0.42158968850698175,0.21052631578947367,0.6326530612244898,1.0000000000000002,1.0,0.7107948442534908,3,KG_TASK_EXPLICIT
364,464,0.6636363636363636,0.32727272727272727,0.2,0.45454545454545453,1.0,1.0,0.6636363636363636,4,KG_TASK_EXPLICIT
364,324,0.6572966507177034,0.3145933014354067,0.18181818181818182,0.4473684210526316,1.0000000000000002,1.0,0.6572966507177034,3,KG_TASK_EXPLICIT
364,267,0.6505787373020679,0.3297529538131042,0.21052631578947367,0.4489795918367347,0.9428090415820635,0.9714045207910318,0.6505787373020679,3,KG_TASK_EXPLICIT
364,430,0.6491071428571429,0.2982142857142857,0.15,0.44642857142857145,1.0000000000000002,1.0,0.6491071428571429,3,KG_TASK_EXPLICIT
364,509,0.6474832068861782,0.3225108225108225,0.19047619047619047,0.45454545454545453,0.944911182523068,0.972455591261534,0.6474832068861782,4,KG_TASK_EXPLICIT
364,441,0.6449354690786503,0.34265734265734266,0.23076923076923078,0.45454545454545453,0.8944271909999159,0.9472135954999579,0.6449354690786503,5,KG_TASK_EXPLICIT
364,694,0.644017094017094,0.288034188034188,0.15384615384615385,0.4222222222222222,1.0000000000000002,1.0,0.644017094017094,3,KG_TASK_EXPLICIT
364,314,0.6333333333333333,0.26666666666666666,0.06666666666666667,0.4666666666666667,1.0,1.0,0.6333333333333333,4,KG_TASK_EXPLICIT
365,422,0.5698036428839952,0.16820276497695852,0.14285714285714285,0.1935483870967742,0.9428090415820635,0.9714045207910318,0.5698036428839952,6,KG_TASK_EXPLICIT
365,644,0.5639632107023411,0.12792642140468227,0.038461538461538464,0.21739130434782608,1.0,1.0,0.5639632107023411,4,KG_TASK_EXPLICIT
365,160,0.5566228513650152,0.11324570273003033,0.08695652173913043,0.13953488372093023,1.0000000000000002,1.0,0.5566228513650152,3,KG_TASK_EXPLICIT
365,191,0.5421455938697318,0.08429118773946359,0.1111111111111111,0.05747126436781609,1.0000000000000002,1.0,0.5421455938697318,3,KG_TASK_EXPLICIT
365,107,0.5383733164966741,0.1778846153846154,0.125,0.23076923076923078,0.7977240352174656,0.8988620176087327,0.5383733164966741,7,KG_TASK_EXPLICIT
365,136,0.5212644942235782,0.06623931623931624,0.05555555555555555,0.07692307692307693,0.9525793444156805,0.9762896722078402,0.5212644942235782,6,KG_TASK_EXPLICIT
365,297,0.5178571428571429,0.03571428571428571,0.0,0.07142857142857142,1.0000000000000002,1.0,0.5178571428571429,3,KG_TASK_EXPLICIT
365,222,0.5160142051573864,0.08481481481481482,0.04,0.12962962962962962,0.8944271909999159,0.9472135954999579,0.5160142051573864,5,KG_TASK_EXPLICIT
365,392,0.5111111111111111,0.022222222222222223,0.0,0.044444444444444446,1.0000000000000002,1.0,0.5111111111111111,3,KG_TASK_EXPLICIT
365,678,0.5111111111111111,0.022222222222222223,0.0,0.044444444444444446,1.0,1.0,0.5111111111111111,4,KG_TASK_EXPLICIT
366,755,0.7213813508284179,0.46842105263157896,0.2,0.7368421052631579,0.9486832980505138,0.9743416490252569,0.7213813508284179,4,KG_TASK_EXPLICIT
366,557,0.7094827586206895,0.4189655172413793,0.13793103448275862,0.7,0.9999999999999998,0.9999999999999999,0.7094827586206895,4,KG_TASK_EXPLICIT
366,505,0.6783874632570109,0.48397435897435903,0.38461538461538464,0.5833333333333334,0.7456011350793257,0.8728005675396628,0.6783874632570109,16,KG_TASK_EXPLICIT
366,590,0.6770774745998517,0.47619047619047616,0.3333333333333333,0.6190476190476191,0.7559289460184544,0.8779644730092272,0.6770774745998517,7,KG_TASK_EXPLICIT
366,643,0.662140670263468,0.4095238095238095,0.2857142857142857,0.5333333333333333,0.8295150620062532,0.9147575310031266,0.662140670263468,14,KG_TASK_EXPLICIT
366,280,0.6571944095696931,0.4230769230769231,0.3076923076923077,0.5384615384615384,0.7826237921249264,0.8913118960624632,0.6571944095696931,7,KG_TASK_EXPLICIT
366,462,0.6501441444245875,0.5196078431372549,0.3333333333333333,0.7058823529411765,0.5613608914238398,0.7806804457119199,0.6501441444245875,15,KG_TASK_EXPLICIT
366,633,0.6473209314343182,0.39375,0.1875,0.6,0.8017837257372731,0.9008918628686365,0.6473209314343182,9,KG_TASK_EXPLICIT
366,41,0.6472222222222221,0.40555555555555556,0.2,0.6111111111111112,0.7777777777777778,0.8888888888888888,0.6472222222222221,9,KG_TASK_EXPLICIT
366,267,0.6434069357414313,0.3538011695906432,0.2631578947368421,0.4444444444444444,0.8660254037844386,0.9330127018922193,0.6434069357414313,6,KG_TASK_EXPLICIT
367,584,0.6479571623563002,0.3245098039215686,0.26666666666666666,0.38235294117647056,0.9428090415820635,0.9714045207910318,0.6479571623563002,3,KG_TASK_EXPLICIT
367,558,0.6220619065016653,0.3111111111111111,0.2222222222222222,0.4,0.8660254037844387,0.9330127018922194,0.6220619065016653,8,KG_TASK_EXPLICIT
367,466,0.6045972409785688,0.31390977443609025,0.2857142857142857,0.34210526315789475,0.7905694150420948,0.8952847075210474,0.6045972409785688,8,KG_TASK_EXPLICIT
367,506,0.5929563469699236,0.35858585858585856,0.2727272727272727,0.4444444444444444,0.6546536707079772,0.8273268353539887,0.5929563469699236,7,KG_TASK_EXPLICIT
367,381,0.5917730868891716,0.33636363636363636,0.2727272727272727,0.4,0.6943650748294137,0.8471825374147068,0.5917730868891716,27,KG_TASK_EXPLICIT
367,382,0.5916666666666666,0.35,0.3,0.4,0.6666666666666666,0.8333333333333333,0.5916666666666666,29,KG_TASK_EXPLICIT
367,583,0.5913961038961039,0.3077922077922078,0.2727272727272727,0.34285714285714286,0.7499999999999999,0.875,0.5913961038961039,5,KG_TASK_EXPLICIT
367,561,0.58687672131648,0.24074074074074073,0.07407407407407407,0.4074074074074074,0.8660254037844387,0.9330127018922194,0.58687672131648,3,KG_TASK_EXPLICIT
367,559,0.5721252315282029,0.1717948717948718,0.07692307692307693,0.26666666666666666,0.944911182523068,0.972455591261534,0.5721252315282029,4,KG_TASK_EXPLICIT
367,722,0.5695020409816169,0.350328947368421,0.2631578947368421,0.4375,0.5773502691896258,0.7886751345948129,0.5695020409816169,3,KG_TASK_EXPLICIT
369,295,0.500049598008682,0.023809523809523808,0.0,0.047619047619047616,0.9525793444156805,0.9762896722078402,0.500049598008682,3,KG_TASK_EXPLICIT
369,415,0.4957205936796777,0.015151515151515152,0.0,0.030303030303030304,0.9525793444156805,0.9762896722078402,0.4957205936796777,3,KG_TASK_EXPLICIT
369,578,0.4918761793875022,0.007462686567164179,0.0,0.014925373134328358,0.9525793444156805,0.9762896722078402,0.4918761793875022,3,KG_TASK_EXPLICIT
369,501,0.4846153846153846,0.019230769230769232,0.0,0.038461538461538464,0.8999999999999998,0.95,0.4846153846153846,4,KG_TASK_EXPLICIT
369,525,0.46974914523193156,0.03125,0.0,0.0625,0.8164965809277261,0.9082482904638631,0.46974914523193156,3,KG_TASK_EXPLICIT
369,100,0.25396825396825395,0.007936507936507936,0.0,0.015873015873015872,0.0,0.5,0.25396825396825395,3,KG_TASK_EXPLICIT
369,388,0.020250120556865085,0.011904761904761904,0.0,0.023809523809523808,-0.9428090415820635,0.028595479208968266,0.020250120556865085,3,KG_TASK_EXPLICIT
370,519,0.7402013936077103,0.5086206896551724,0.5,0.5172413793103449,0.9435641951204965,0.9717820975602482,0.7402013936077103,12,KG_TASK_EXPLICIT
370,170,0.6642575812258298,0.35775862068965514,0.25,0.46551724137931033,0.9415130835240085,0.9707565417620043,0.6642575812258298,12,KG_TASK_EXPLICIT
370,57,0.6499182718212432,0.3273809523809524,0.19047619047619047,0.4642857142857143,0.944911182523068,0.972455591261534,0.6499182718212432,4,KG_TASK_EXPLICIT
370,447,0.6496853112429735,0.32796610169491525,0.3,0.3559322033898305,0.9428090415820635,0.9714045207910318,0.6496853112429735,3,KG_TASK_EXPLICIT
370,295,0.6448745554723816,0.3028846153846154,0.23076923076923078,0.375,0.9737289911202953,0.9868644955601477,0.6448745554723816,9,KG_TASK_EXPLICIT
370,163,0.6417975931695474,0.3298525798525799,0.22727272727272727,0.43243243243243246,0.9074852129730302,0.9537426064865151,0.6417975931695474,8,KG_TASK_EXPLICIT
370,126,0.636249914152339,0.28801843317972353,0.2857142857142857,0.2903225806451613,0.968962790249909,0.9844813951249545,0.636249914152339,6,KG_TASK_EXPLICIT
370,87,0.6325128856677797,0.3386243386243386,0.07407407407407407,0.6031746031746031,0.8528028654224417,0.9264014327112209,0.6325128856677797,5,KG_TASK_EXPLICIT
370,244,0.6314509891909141,0.30833333333333335,0.16666666666666666,0.45,0.9091372900969896,0.9545686450484948,0.6314509891909141,8,KG_TASK_EXPLICIT
370,577,0.6293230801517262,0.28430451127819545,0.15789473684210525,0.4107142857142857,0.9486832980505138,0.9743416490252569,0.6293230801517262,5,KG_TASK_EXPLICIT
371,413,0.6944444444444444,0.38888888888888884,0.3333333333333333,0.4444444444444444,1.0000000000000002,1.0,0.6944444444444444,3,KG_TASK_EXPLICIT
371,186,0.6718421052631579,0.3436842105263158,0.24,0.4473684210526316,0.9999999999999999,1.0,0.6718421052631579,7,KG_TASK_EXPLICIT
371,67,0.6424070664046939,0.3067226890756303,0.14285714285714285,0.47058823529411764,0.9561828874675149,0.9780914437337574,0.6424070664046939,5,KG_TASK_EXPLICIT
371,271,0.6278195488721805,0.2556390977443609,0.14285714285714285,0.3684210526315789,0.9999999999999999,1.0,0.6278195488721805,7,KG_TASK_EXPLICIT
371,422,0.626509927292209,0.280564263322884,0.18181818181818182,0.3793103448275862,0.944911182523068,0.972455591261534,0.626509927292209,4,KG_TASK_EXPLICIT
371,710,0.6142857142857143,0.22857142857142856,0.2,0.2571428571428571,1.0000000000000002,1.0,0.6142857142857143,3,KG_TASK_EXPLICIT
371,601,0.6111111111111112,0.2222222222222222,0.1111111111111111,0.3333333333333333,1.0,1.0,0.6111111111111112,4,KG_TASK_EXPLICIT
371,152,0.6103448275862069,0.2206896551724138,0.2,0.2413793103448276,1.0,1.0,0.6103448275862069,4,KG_TASK_EXPLICIT
371,500,0.6053571428571429,0.21071428571428574,0.1,0.32142857142857145,0.9999999999999999,1.0,0.6053571428571429,7,KG_TASK_EXPLICIT
371,395,0.6018518518518519,0.2037037037037037,0.1111111111111111,0.2962962962962963,1.0,1.0,0.6018518518518519,4,KG_TASK_EXPLICIT
372,529,0.6859346539162112,0.3923611111111111,0.2222222222222222,0.5625,0.9590163934426228,0.9795081967213114,0.6859346539162112,53,KG_TASK_EXPLICIT
372,457,0.5320208892688019,0.11904761904761904,0.14285714285714285,0.09523809523809523,0.8899883189799696,0.9449941594899848,0.5320208892688019,35,KG_TASK_EXPLICIT
372,400,0.5253380662609871,0.07941176470588235,0.1,0.058823529411764705,0.9425287356321838,0.9712643678160919,0.5253380662609871,30,KG_TASK_EXPLICIT
372,156,0.522732993032106,0.09429824561403508,0.08333333333333333,0.10526315789473684,0.9023354809003539,0.9511677404501769,0.522732993032106,28,KG_TASK_EXPLICIT
372,538,0.5106233022084784,0.047619047619047616,0.0,0.09523809523809523,0.9472551135958184,0.9736275567979091,0.5106233022084784,27,KG_TASK_EXPLICIT
372,356,0.5089285714285714,0.017857142857142856,0.0,0.03571428571428571,1.0,1.0,0.5089285714285714,4,KG_TASK_EXPLICIT
372,63,0.5075757575757576,0.015151515151515152,0.0,0.030303030303030304,1.0000000000000002,1.0,0.5075757575757576,3,KG_TASK_EXPLICIT
372,494,0.5059523809523809,0.011904761904761904,0.0,0.023809523809523808,0.9999999999999999,1.0,0.5059523809523809,7,KG_TASK_EXPLICIT
372,246,0.5052190104643027,0.034482758620689655,0.0,0.06896551724137931,0.9519105246158316,0.9759552623079157,0.5052190104643027,30,KG_TASK_EXPLICIT
372,424,0.5050517934359373,0.02631578947368421,0.0,0.05263157894736842,0.9675755947963806,0.9837877973981903,0.5050517934359373,25,KG_TASK_EXPLICIT
373,3,0.5761335084333227,0.2,0.0,0.4,0.9045340337332909,0.9522670168666454,0.5761335084333227,5,KG_TASK_EXPLICIT
373,452,0.5663129703890574,0.17619047619047618,0.06666666666666667,0.2857142857142857,0.9128709291752769,0.9564354645876385,0.5663129703890574,4,KG_TASK_EXPLICIT
373,274,0.55,0.1,0.0,0.2,1.0000000000000002,1.0,0.55,3,KG_TASK_EXPLICIT
373,26,0.5454545454545454,0.09090909090909091,0.0,0.18181818181818182,1.0000000000000002,1.0,0.5454545454545454,3,KG_TASK_EXPLICIT
373,18,0.5405626121623441,0.1,0.0,0.2,0.9622504486493763,0.9811252243246882,0.5405626121623441,3,KG_TASK_EXPLICIT
373,28,0.53125,0.0625,0.0,0.125,0.9999999999999998,0.9999999999999999,0.53125,5,KG_TASK_EXPLICIT
373,451,0.53125,0.0625,0.0,0.125,1.0000000000000002,1.0,0.53125,3,KG_TASK_EXPLICIT
373,62,0.53,0.06,0.0,0.12,1.0000000000000002,1.0,0.53,3,KG_TASK_EXPLICIT
373,488,0.5266445087231547,0.07894736842105263,0.0,0.15789473684210525,0.9486832980505138,0.9743416490252569,0.5266445087231547,5,KG_TASK_EXPLICIT
373,673,0.5251759446060422,0.07894736842105263,0.0,0.15789473684210525,0.9428090415820635,0.9714045207910318,0.5251759446060422,3,KG_TASK_EXPLICIT
375,50,0.7823529411764706,0.5647058823529412,0.5294117647058824,0.6,1.0,1.0,0.7823529411764706,8,KG_TASK_EXPLICIT
375,568,0.7711360384499611,0.565982404692082,0.45454545454545453,0.6774193548387096,0.9525793444156805,0.9762896722078402,0.7711360384499611,6,KG_TASK_EXPLICIT
375,280,0.7251540651074011,0.519893899204244,0.38461538461538464,0.6551724137931034,0.8608284620211167,0.9304142310105583,0.7251540651074011,12,KG_TASK_EXPLICIT
375,679,0.7205703605030154,0.4939271255060729,0.46153846153846156,0.5263157894736842,0.8944271909999159,0.9472135954999579,0.7205703605030154,8,KG_TASK_EXPLICIT
375,52,0.7185598799384787,0.5333333333333333,0.4666666666666667,0.6,0.8075728530872482,0.9037864265436242,0.7185598799384787,17,KG_TASK_EXPLICIT
375,643,0.6975409097710781,0.44999999999999996,0.35714285714285715,0.5428571428571428,0.8901636390843124,0.9450818195421562,0.6975409097710781,19,KG_TASK_EXPLICIT
375,630,0.6925374183494176,0.45178571428571423,0.42857142857142855,0.475,0.8665782448262421,0.933289122413121,0.6925374183494176,8,KG_TASK_EXPLICIT
375,633,0.6815926336247646,0.49425287356321834,0.3333333333333333,0.6551724137931034,0.7378647873726218,0.8689323936863109,0.6815926336247646,8,KG_TASK_EXPLICIT
375,444,0.6808936845246445,0.49375,0.4375,0.55,0.7360747380985777,0.8680373690492889,0.6808936845246445,26,KG_TASK_EXPLICIT
375,501,0.679826551515988,0.5046296296296297,0.4166666666666667,0.5925925925925926,0.710046946804693,0.8550234734023465,0.679826551515988,18,KG_TASK_EXPLICIT
376,511,0.7752660626078665,0.5761904761904761,0.4857142857142857,0.6666666666666666,0.9486832980505138,0.9743416490252569,0.7752660626078665,5,KG_TASK_EXPLICIT
376,289,0.7695448893283108,0.5939578713968958,0.4318181818181818,0.7560975609756098,0.8902638145194514,0.9451319072597257,0.7695448893283108,13,KG_TASK_EXPLICIT
376,123,0.7349085365853658,0.5198170731707317,0.4146341463414634,0.625,0.9,0.95,0.7349085365853658,10,KG_TASK_EXPLICIT
376,126,0.722705314655534,0.4777034559643255,0.391304347826087,0.5641025641025641,0.9354143466934853,0.9677071733467426,0.722705314655534,8,KG_TASK_EXPLICIT
376,533,0.7215401222903208,0.45958646616541354,0.39285714285714285,0.5263157894736842,0.9669875568304563,0.9834937784152282,0.7215401222903208,8,KG_TASK_EXPLICIT
376,61,0.7089567632064915,0.4398220826792255,0.41025641025641024,0.46938775510204084,0.9561828874675149,0.9780914437337574,0.7089567632064915,7,KG_TASK_EXPLICIT
376,142,0.7067417631415681,0.4722222222222222,0.4444444444444444,0.5,0.882522608121828,0.941261304060914,0.7067417631415681,7,KG_TASK_EXPLICIT
376,163,0.705606210061038,0.4523809523809524,0.40476190476190477,0.5,0.917662935482247,0.9588314677411235,0.705606210061038,10,KG_TASK_EXPLICIT
376,295,0.7042455323081134,0.44558101472995093,0.4230769230769231,0.46808510638297873,0.9258200997725516,0.9629100498862758,0.7042455323081134,12,KG_TASK_EXPLICIT
376,563,0.6977085781433607,0.3954171562867215,0.30434782608695654,0.4864864864864865,0.9999999999999998,0.9999999999999999,0.6977085781433607,5,KG_TASK_EXPLICIT
377,513,0.7208498023715415,0.441699604743083,0.3181818181818182,0.5652173913043478,1.0000000000000002,1.0,0.7208498023715415,3,KG_TASK_EXPLICIT
377,720,0.6734428849874461,0.36879432624113473,0.3333333333333333,0.40425531914893614,0.9561828874675149,0.9780914437337574,0.6734428849874461,4,KG_TASK_EXPLICIT
377,583,0.6684674119106674,0.36553030303030304,0.125,0.6060606060606061,0.9428090415820635,0.9714045207910318,0.6684674119106674,3,KG_TASK_EXPLICIT
377,223,0.6666666666666666,0.3333333333333333,0.16666666666666666,0.5,1.0000000000000002,1.0,0.6666666666666666,3,KG_TASK_EXPLICIT
377,244,0.6600132102252992,0.45487804878048776,0.3,0.6097560975609756,0.7302967433402214,0.8651483716701107,0.6600132102252992,3,KG_TASK_EXPLICIT
377,607,0.6419117647058823,0.2838235294117647,0.11764705882352941,0.45,1.0000000000000002,1.0,0.6419117647058823,3,KG_TASK_EXPLICIT
377,86,0.6404346107557676,0.30277777777777776,0.13333333333333333,0.4722222222222222,0.9561828874675149,0.9780914437337574,0.6404346107557676,4,KG_TASK_EXPLICIT
377,637,0.6385612909548564,0.35454545454545455,0.13333333333333333,0.5757575757575758,0.8451542547285165,0.9225771273642582,0.6385612909548564,4,KG_TASK_EXPLICIT
377,443,0.6372466216216216,0.27449324324324326,0.0625,0.4864864864864865,1.0,1.0,0.6372466216216216,4,KG_TASK_EXPLICIT
377,160,0.6320611289641004,0.2916666666666667,0.20833333333333334,0.375,0.944911182523068,0.972455591261534,0.6320611289641004,4,KG_TASK_EXPLICIT
378,585,0.7488479262672811,0.4976958525345622,0.2857142857142857,0.7096774193548387,1.0000000000000002,1.0,0.7488479262672811,3,KG_TASK_EXPLICIT
378,205,0.747889669181871,0.5104166666666666,0.3333333333333333,0.6875,0.9707253433941511,0.9853626716970756,0.747889669181871,4,KG_TASK_EXPLICIT
378,495,0.7304621589248332,0.5357142857142857,0.2857142857142857,0.7857142857142857,0.8504200642707612,0.9252100321353807,0.7304621589248332,11,KG_TASK_EXPLICIT
378,632,0.7022028238025557,0.42328042328042326,0.14285714285714285,0.7037037037037037,0.9622504486493763,0.9811252243246882,0.7022028238025557,3,KG_TASK_EXPLICIT
378,124,0.6892241738262488,0.4253968253968254,0.2222222222222222,0.6285714285714286,0.9061030445113443,0.9530515222556721,0.6892241738262488,7,KG_TASK_EXPLICIT
378,552,0.6829545454545455,0.36590909090909096,0.18181818181818182,0.55,1.0000000000000002,1.0,0.6829545454545455,3,KG_TASK_EXPLICIT
378,359,0.6808279853486356,0.4464285714285714,0.5,0.39285714285714285,0.8304547985373997,0.9152273992686999,0.6808279853486356,17,KG_TASK_EXPLICIT
378,349,0.664991236490982,0.35752688172043007,0.16666666666666666,0.5483870967741935,0.944911182523068,0.972455591261534,0.664991236490982,4,KG_TASK_EXPLICIT
378,268,0.6433223614895635,0.30128205128205127,0.3333333333333333,0.2692307692307692,0.9707253433941511,0.9853626716970756,0.6433223614895635,4,KG_TASK_EXPLICIT
378,237,0.6380763963320617,0.29,0.08,0.5,0.9723055853282466,0.9861527926641234,0.6380763963320617,11,KG_TASK_EXPLICIT
379,581,0.7078685191743026,0.4753846153846154,0.23076923076923078,0.72,0.8807048459279794,0.9403524229639897,0.7078685191743026,14,KG_TASK_EXPLICIT
379,264,0.6850584944777756,0.4065934065934066,0.42857142857142855,0.38461538461538464,0.9270471647242887,0.9635235823621444,0.6850584944777756,14,KG_TASK_EXPLICIT
379,636,0.6780486822577663,0.3798076923076923,0.375,0.38461538461538464,0.9525793444156805,0.9762896722078402,0.6780486822577663,6,KG_TASK_EXPLICIT
379,396,0.6617900141883576,0.35185185185185186,0.3333333333333333,0.37037037037037035,0.9434563530497265,0.9717281765248633,0.6617900141883576,7,KG_TASK_EXPLICIT
379,625,0.6606804578186561,0.3875,0.375,0.4,0.8677218312746247,0.9338609156373123,0.6606804578186561,11,KG_TASK_EXPLICIT
379,618,0.6556104455705268,0.3666666666666667,0.3333333333333333,0.4,0.889108448948774,0.944554224474387,0.6556104455705268,14,KG_TASK_EXPLICIT
379,211,0.6512727173219731,0.32284382284382285,0.36363636363636365,0.28205128205128205,0.9594032236002469,0.9797016118001234,0.6512727173219731,8,KG_TASK_EXPLICIT
379,306,0.648727795630767,0.325,0.25,0.4,0.944911182523068,0.972455591261534,0.648727795630767,8,KG_TASK_EXPLICIT
379,635,0.6440718751514293,0.31666666666666665,0.3,0.3333333333333333,0.9429541672723838,0.9714770836361919,0.6440718751514293,14,KG_TASK_EXPLICIT
379,508,0.6407720309168654,0.33333333333333337,0.25,0.4166666666666667,0.8964214570007952,0.9482107285003976,0.6407720309168654,8,KG_TASK_EXPLICIT
380,599,0.7440075957954875,0.5026525198938993,0.38461538461538464,0.6206896551724138,0.9707253433941511,0.9853626716970756,0.7440075957954875,4,KG_TASK_EXPLICIT
380,228,0.7199074074074073,0.4398148148148148,0.25,0.6296296296296297,0.9999999999999998,0.9999999999999999,0.7199074074074073,5,KG_TASK_EXPLICIT
380,455,0.7098404255319148,0.4196808510638298,0.35,0.48936170212765956,1.0000000000000002,1.0,0.7098404255319148,3,KG_TASK_EXPLICIT
380,531,0.6785599223746811,0.42410714285714285,0.2857142857142857,0.5625,0.8660254037844387,0.9330127018922194,0.6785599223746811,4,KG_TASK_EXPLICIT
380,694,0.6773648648648649,0.3547297297297297,0.25,0.4594594594594595,1.0000000000000002,1.0,0.6773648648648649,6,KG_TASK_EXPLICIT
380,324,0.6629032258064516,0.3258064516129032,0.2,0.45161290322580644,1.0,1.0,0.6629032258064516,4,KG_TASK_EXPLICIT
380,444,0.6615497076023391,0.4342105263157895,0.3684210526315789,0.5,0.7777777777777778,0.8888888888888888,0.6615497076023391,9,KG_TASK_EXPLICIT
380,513,0.6612885636821291,0.4,0.3333333333333333,0.4666666666666667,0.8451542547285165,0.9225771273642582,0.6612885636821291,5,KG_TASK_EXPLICIT
380,637,0.6566820276497696,0.31336405529953915,0.14285714285714285,0.4838709677419355,1.0,1.0,0.6566820276497696,4,KG_TASK_EXPLICIT
380,23,0.6564655172413794,0.3129310344827586,0.35,0.27586206896551724,0.9999999999999999,1.0,0.6564655172413794,7,KG_TASK_EXPLICIT
381,382,0.8075828707279837,0.9,0.8,1.0,0.4303314829119352,0.7151657414559676,0.8075828707279837,26,KG_TASK_EXPLICIT
381,753,0.6957908118985981,0.48333333333333334,0.16666666666666666,0.8,0.8164965809277259,0.9082482904638629,0.6957908118985981,3,KG_TASK_EXPLICIT
381,262,0.64642039834204,0.4777777777777778,0.5555555555555556,0.4,0.6301260378126043,0.8150630189063022,0.64642039834204,53,KG_TASK_EXPLICIT
381,99,0.6216997831158034,0.4356060606060606,0.45454545454545453,0.4166666666666667,0.6155870112510924,0.8077935056255462,0.6216997831158034,46,KG_TASK_EXPLICIT
381,367,0.5917730868891716,0.33636363636363636,0.2727272727272727,0.4,0.6943650748294137,0.8471825374147068,0.5917730868891716,27,KG_TASK_EXPLICIT
381,604,0.5341085271317829,0.06821705426356589,0.06666666666666667,0.06976744186046512,1.0000000000000002,1.0,0.5341085271317829,3,KG_TASK_EXPLICIT
381,373,0.5192307692307692,0.038461538461538464,0.0,0.07692307692307693,0.9999999999999998,0.9999999999999999,0.5192307692307692,3,KG_TASK_EXPLICIT
381,202,0.506578947368421,0.013157894736842105,0.0,0.02631578947368421,1.0000000000000002,1.0,0.506578947368421,3,KG_TASK_EXPLICIT
381,546,0.504071381286975,0.15458937198067632,0.2222222222222222,0.08695652173913043,0.7071067811865475,0.8535533905932737,0.504071381286975,5,KG_TASK_EXPLICIT
381,235,0.4916666666666667,0.48333333333333334,0.16666666666666666,0.8,0.0,0.5,0.4916666666666667,11,KG_TASK_EXPLICIT
382,381,0.8075828707279837,0.9,0.8,1.0,0.4303314829119352,0.7151657414559676,0.8075828707279837,26,KG_TASK_EXPLICIT
382,753,0.7236067977499789,0.5,0.2,0.8,0.8944271909999159,0.9472135954999579,0.7236067977499789,5,KG_TASK_EXPLICIT
382,235,0.6011299793694863,0.5,0.2,0.8,0.40451991747794525,0.7022599587389726,0.6011299793694863,13,KG_TASK_EXPLICIT
382,367,0.5916666666666666,0.35,0.3,0.4,0.6666666666666666,0.8333333333333333,0.5916666666666666,29,KG_TASK_EXPLICIT
382,262,0.5631731837270769,0.4222222222222222,0.4444444444444444,0.4,0.408248290463863,0.7041241452319316,0.5631731837270769,41,KG_TASK_EXPLICIT
382,99,0.5504850129147035,0.39015151515151514,0.36363636363636365,0.4166666666666667,0.4216370213557839,0.7108185106778919,0.5504850129147035,45,KG_TASK_EXPLICIT
382,408,0.5252450980392157,0.25882352941176473,0.4,0.11764705882352941,0.5833333333333334,0.7916666666666667,0.5252450980392157,36,KG_TASK_EXPLICIT
382,661,0.49225288577282733,0.13095238095238093,0.07142857142857142,0.19047619047619047,0.7071067811865475,0.8535533905932737,0.49225288577282733,5,KG_TASK_EXPLICIT
382,274,0.4883126801029201,0.029411764705882353,0.0,0.058823529411764705,0.8944271909999159,0.9472135954999579,0.4883126801029201,6,KG_TASK_EXPLICIT
382,460,0.48492724716536006,0.006944444444444444,0.0,0.013888888888888888,0.9258200997725514,0.9629100498862757,0.48492724716536006,7,KG_TASK_EXPLICIT
383,648,0.7261904761904762,0.45238095238095233,0.3333333333333333,0.5714285714285714,1.0,1.0,0.7261904761904762,4,KG_TASK_EXPLICIT
383,184,0.7093480025152045,0.43333333333333335,0.3333333333333333,0.5333333333333333,0.9707253433941511,0.9853626716970756,0.7093480025152045,4,KG_TASK_EXPLICIT
383,609,0.7016292925214754,0.4313186813186813,0.2857142857142857,0.5769230769230769,0.9438798074485389,0.9719399037242695,0.7016292925214754,5,KG_TASK_EXPLICIT
383,479,0.6986166007905138,0.39723320158102765,0.2727272727272727,0.5217391304347826,1.0000000000000002,1.0,0.6986166007905138,3,KG_TASK_EXPLICIT
383,428,0.6931089743589743,0.3862179487179487,0.23076923076923078,0.5416666666666666,1.0000000000000002,1.0,0.6931089743589743,3,KG_TASK_EXPLICIT
383,506,0.6928571428571428,0.3857142857142857,0.2,0.5714285714285714,0.9999999999999998,0.9999999999999999,0.6928571428571428,5,KG_TASK_EXPLICIT
383,306,0.692726380068184,0.4111111111111111,0.2222222222222222,0.6,0.9486832980505138,0.9743416490252569,0.692726380068184,5,KG_TASK_EXPLICIT
383,198,0.6815789473684211,0.3631578947368421,0.2,0.5263157894736842,1.0,1.0,0.6815789473684211,4,KG_TASK_EXPLICIT
383,357,0.6812404867590522,0.43990384615384615,0.1875,0.6923076923076923,0.8451542547285165,0.9225771273642582,0.6812404867590522,5,KG_TASK_EXPLICIT
383,625,0.680952380952381,0.36190476190476195,0.2,0.5238095238095238,1.0,1.0,0.680952380952381,4,KG_TASK_EXPLICIT
385,546,0.8952380952380953,0.7904761904761906,0.7142857142857143,0.8666666666666667,1.0000000000000002,1.0,0.8952380952380953,3,KG_TASK_EXPLICIT
385,178,0.7786210265801106,0.5809523809523809,0.42857142857142855,0.7333333333333333,0.9525793444156805,0.9762896722078402,0.7786210265801106,6,KG_TASK_EXPLICIT
385,492,0.7547716512876417,0.5378151260504201,0.42857142857142855,0.6470588235294118,0.9434563530497265,0.9717281765248633,0.7547716512876417,7,KG_TASK_EXPLICIT
385,35,0.7518796992481203,0.5037593984962406,0.42857142857142855,0.5789473684210527,0.9999999999999999,1.0,0.7518796992481203,7,KG_TASK_EXPLICIT
385,127,0.7384868421052632,0.4769736842105263,0.375,0.5789473684210527,1.0,1.0,0.7384868421052632,4,KG_TASK_EXPLICIT
385,32,0.7371794871794872,0.47435897435897434,0.3333333333333333,0.6153846153846154,1.0000000000000002,1.0,0.7371794871794872,3,KG_TASK_EXPLICIT
385,410,0.7247899159663864,0.44957983193277307,0.42857142857142855,0.47058823529411764,0.9999999999999998,0.9999999999999999,0.7247899159663864,8,KG_TASK_EXPLICIT
385,577,0.7059386973180076,0.4118773946360153,0.4444444444444444,0.3793103448275862,1.0,1.0,0.7059386973180076,4,KG_TASK_EXPLICIT
385,110,0.6995192307692308,0.39903846153846156,0.375,0.4230769230769231,1.0000000000000002,1.0,0.6995192307692308,3,KG_TASK_EXPLICIT
385,343,0.6865951175383731,0.4017857142857143,0.42857142857142855,0.375,0.9428090415820635,0.9714045207910318,0.6865951175383731,3,KG_TASK_EXPLICIT
386,701,0.7140457218668788,0.44999999999999996,0.2,0.7,0.9561828874675149,0.9780914437337574,0.7140457218668788,4,KG_TASK_EXPLICIT
386,354,0.6872023216420804,0.4413919413919414,0.19047619047619047,0.6923076923076923,0.8660254037844387,0.9330127018922194,0.6872023216420804,3,KG_TASK_EXPLICIT
386,329,0.6750933516185832,0.39285714285714285,0.2857142857142857,0.5,0.9146591207600472,0.9573295603800236,0.6750933516185832,16,KG_TASK_EXPLICIT
386,567,0.6596153846153846,0.3192307692307692,0.1,0.5384615384615384,1.0000000000000002,1.0,0.6596153846153846,3,KG_TASK_EXPLICIT
386,504,0.6548021018838127,0.4375,0.375,0.5,0.7442084075352507,0.8721042037676254,0.6548021018838127,8,KG_TASK_EXPLICIT
386,686,0.6540063509461097,0.375,0.16666666666666666,0.5833333333333334,0.8660254037844387,0.9330127018922194,0.6540063509461097,4,KG_TASK_EXPLICIT
386,506,0.6535860125745083,0.33088235294117646,0.25,0.4117647058823529,0.9525793444156805,0.9762896722078402,0.6535860125745083,6,KG_TASK_EXPLICIT
386,341,0.6527777777777778,0.3055555555555556,0.2222222222222222,0.3888888888888889,0.9999999999999999,1.0,0.6527777777777778,4,KG_TASK_EXPLICIT
386,363,0.6489997528757383,0.35256410256410253,0.16666666666666666,0.5384615384615384,0.8908708063747479,0.945435403187374,0.6489997528757383,11,KG_TASK_EXPLICIT
386,717,0.6419522603955159,0.3125,0.125,0.5,0.9428090415820635,0.9714045207910318,0.6419522603955159,3,KG_TASK_EXPLICIT
387,175,0.7402734644166455,0.5333333333333333,0.4,0.6666666666666666,0.8944271909999159,0.9472135954999579,0.7402734644166455,4,KG_TASK_EXPLICIT
387,488,0.6192841287238875,0.3055555555555555,0.16666666666666666,0.4444444444444444,0.8660254037844387,0.9330127018922194,0.6192841287238875,3,KG_TASK_EXPLICIT
387,256,0.6036357924944882,0.2508361204013378,0.15384615384615385,0.34782608695652173,0.9128709291752769,0.9564354645876385,0.6036357924944882,3,KG_TASK_EXPLICIT
387,126,0.5265567765567766,0.21978021978021978,0.15384615384615385,0.2857142857142857,0.6666666666666667,0.8333333333333334,0.5265567765567766,3,KG_TASK_EXPLICIT
387,441,0.4999879746812302,0.02857142857142857,0.0,0.05714285714285714,0.9428090415820635,0.9714045207910318,0.4999879746812302,3,KG_TASK_EXPLICIT
387,289,0.4972953403185961,0.13744782349433513,0.06976744186046512,0.20512820512820512,0.7142857142857142,0.8571428571428571,0.4972953403185961,4,KG_TASK_EXPLICIT
387,406,0.49031587475563354,0.047619047619047616,0.0,0.09523809523809523,0.8660254037844387,0.9330127018922194,0.49031587475563354,3,KG_TASK_EXPLICIT
387,241,0.487839012532268,0.004273504273504274,0.0,0.008547008547008548,0.9428090415820635,0.9714045207910318,0.487839012532268,3,KG_TASK_EXPLICIT
387,179,0.48491026680764393,0.09185606060606061,0.0625,0.12121212121212122,0.7559289460184544,0.8779644730092272,0.48491026680764393,4,KG_TASK_EXPLICIT
387,99,0.48317301761277637,0.03333333333333333,0.0,0.06666666666666667,0.8660254037844387,0.9330127018922194,0.48317301761277637,3,KG_TASK_EXPLICIT
388,161,0.597487873702043,0.2867274569402229,0.19047619047619047,0.3829787234042553,0.8164965809277261,0.9082482904638631,0.597487873702043,4,KG_TASK_EXPLICIT
388,633,0.5827027126594753,0.2961309523809524,0.1875,0.40476190476190477,0.7385489458759965,0.8692744729379982,0.5827027126594753,9,KG_TASK_EXPLICIT
388,135,0.5718983061414761,0.24851190476190477,0.14285714285714285,0.3541666666666667,0.7905694150420948,0.8952847075210474,0.5718983061414761,5,KG_TASK_EXPLICIT
388,442,0.56934576706639,0.322463768115942,0.16666666666666666,0.4782608695652174,0.6324555320336759,0.816227766016838,0.56934576706639,5,KG_TASK_EXPLICIT
388,612,0.5663889255459146,0.2987012987012987,0.14285714285714285,0.45454545454545453,0.6681531047810609,0.8340765523905305,0.5663889255459146,13,KG_TASK_EXPLICIT
388,392,0.5650733524199801,0.39444444444444443,0.2777777777777778,0.5111111111111111,0.4714045207910316,0.7357022603955158,0.5650733524199801,9,KG_TASK_EXPLICIT
388,630,0.5610042339640731,0.33333333333333337,0.26666666666666666,0.4,0.5773502691896257,0.7886751345948129,0.5610042339640731,6,KG_TASK_EXPLICIT
388,106,0.5600842917845569,0.2422041105598866,0.14705882352941177,0.3373493975903614,0.7559289460184544,0.8779644730092272,0.5600842917845569,4,KG_TASK_EXPLICIT
388,25,0.5586466678036568,0.28321678321678323,0.18181818181818182,0.38461538461538464,0.6681531047810609,0.8340765523905305,0.5586466678036568,13,KG_TASK_EXPLICIT
388,710,0.5562671898157523,0.27712418300653596,0.17647058823529413,0.37777777777777777,0.6708203932499369,0.8354101966249685,0.5562671898157523,4,KG_TASK_EXPLICIT
389,229,0.663307188148992,0.3522727272727273,0.25,0.45454545454545453,0.9486832980505138,0.9743416490252569,0.663307188148992,5,KG_TASK_EXPLICIT
389,47,0.6321308318240872,0.2928571428571428,0.2857142857142857,0.3,0.9428090415820635,0.9714045207910318,0.6321308318240872,7,KG_TASK_EXPLICIT
389,497,0.6270158886590699,0.3068181818181818,0.25,0.36363636363636365,0.8944271909999159,0.9472135954999579,0.6270158886590699,6,KG_TASK_EXPLICIT
389,239,0.6124999999999999,0.225,0.2,0.25,0.9999999999999998,0.9999999999999999,0.6124999999999999,5,KG_TASK_EXPLICIT
389,380,0.6016666666666667,0.2033333333333333,0.16666666666666666,0.24,1.0,1.0,0.6016666666666667,4,KG_TASK_EXPLICIT
389,156,0.5794327292745332,0.1845238095238095,0.08333333333333333,0.2857142857142857,0.9486832980505138,0.9743416490252569,0.5794327292745332,6,KG_TASK_EXPLICIT
389,574,0.5768721359718679,0.17261904761904762,0.25,0.09523809523809523,0.9622504486493763,0.9811252243246882,0.5768721359718679,3,KG_TASK_EXPLICIT
389,492,0.5753298803578744,0.21764705882352942,0.2,0.23529411764705882,0.8660254037844387,0.9330127018922194,0.5753298803578744,4,KG_TASK_EXPLICIT
389,366,0.5705041578459618,0.16666666666666666,0.1111111111111111,0.2222222222222222,0.9486832980505138,0.9743416490252569,0.5705041578459618,4,KG_TASK_EXPLICIT
389,231,0.5692307692307692,0.13846153846153847,0.07692307692307693,0.2,1.0,1.0,0.5692307692307692,4,KG_TASK_EXPLICIT
390,565,0.6970619065016652,0.4611111111111111,0.2222222222222222,0.7,0.8660254037844387,0.9330127018922194,0.6970619065016652,6,KG_TASK_EXPLICIT
390,411,0.6169467787114846,0.5196078431372549,0.3333333333333333,0.7058823529411765,0.4285714285714285,0.7142857142857142,0.6169467787114846,5,KG_TASK_EXPLICIT
390,558,0.6029628928005669,0.31862745098039214,0.16666666666666666,0.47058823529411764,0.7745966692414834,0.8872983346207417,0.6029628928005669,5,KG_TASK_EXPLICIT
390,357,0.5986577849189735,0.5083333333333333,0.4166666666666667,0.6,0.3779644730092272,0.6889822365046137,0.5986577849189735,7,KG_TASK_EXPLICIT
390,303,0.5913043478260869,0.43260869565217386,0.3,0.5652173913043478,0.5,0.75,0.5913043478260869,5,KG_TASK_EXPLICIT
390,155,0.589961466320162,0.5277777777777778,0.3333333333333333,0.7222222222222222,0.3042903097250923,0.6521451548625461,0.589961466320162,9,KG_TASK_EXPLICIT
390,202,0.5860042339640731,0.3833333333333333,0.3,0.4666666666666667,0.5773502691896258,0.7886751345948129,0.5860042339640731,3,KG_TASK_EXPLICIT
390,36,0.5845588235294118,0.41911764705882354,0.25,0.5882352941176471,0.5,0.75,0.5845588235294118,9,KG_TASK_EXPLICIT
390,681,0.5810472221550085,0.25384615384615383,0.2,0.3076923076923077,0.8164965809277261,0.9082482904638631,0.5810472221550085,3,KG_TASK_EXPLICIT
390,704,0.5624909810109227,0.27142857142857146,0.14285714285714285,0.4,0.7071067811865475,0.8535533905932737,0.5624909810109227,4,KG_TASK_EXPLICIT
391,429,0.746031746031746,0.4920634920634921,0.5555555555555556,0.42857142857142855,0.9999999999999999,1.0,0.746031746031746,7,KG_TASK_EXPLICIT
391,47,0.7106318954334971,0.4478991596638655,0.35294117647058826,0.5428571428571428,0.9467292624062573,0.9733646312031287,0.7106318954334971,9,KG_TASK_EXPLICIT
391,479,0.6870915032679739,0.3741830065359477,0.2777777777777778,0.47058823529411764,1.0,1.0,0.6870915032679739,4,KG_TASK_EXPLICIT
391,635,0.6803405572755418,0.3606811145510836,0.35294117647058826,0.3684210526315789,1.0,1.0,0.6803405572755418,4,KG_TASK_EXPLICIT
391,24,0.6779761904761905,0.4392857142857143,0.42857142857142855,0.45,0.8333333333333334,0.9166666666666667,0.6779761904761905,9,KG_TASK_EXPLICIT
391,244,0.6769688644688645,0.3539377289377289,0.38095238095238093,0.3269230769230769,1.0,1.0,0.6769688644688645,4,KG_TASK_EXPLICIT
391,186,0.6767990074441687,0.3535980148883375,0.3225806451612903,0.38461538461538464,0.9999999999999998,0.9999999999999999,0.6767990074441687,5,KG_TASK_EXPLICIT
391,57,0.6754385964912281,0.3508771929824561,0.3684210526315789,0.3333333333333333,1.0000000000000002,1.0,0.6754385964912281,3,KG_TASK_EXPLICIT
391,130,0.6675143453383694,0.36257309941520466,0.2777777777777778,0.4473684210526316,0.944911182523068,0.972455591261534,0.6675143453383694,4,KG_TASK_EXPLICIT
391,447,0.6672832980972516,0.3345665961945032,0.22727272727272727,0.4418604651162791,1.0000000000000002,1.0,0.6672832980972516,3,KG_TASK_EXPLICIT
392,568,0.7794642857142857,0.5589285714285714,0.375,0.7428571428571429,1.0000000000000002,1.0,0.7794642857142857,3,KG_TASK_EXPLICIT
392,154,0.7747252747252747,0.5494505494505495,0.38095238095238093,0.717948717948718,1.0000000000000002,1.0,0.7747252747252747,3,KG_TASK_EXPLICIT
392,630,0.7203488372093023,0.44069767441860463,0.3,0.5813953488372093,1.0000000000000002,1.0,0.7203488372093023,3,KG_TASK_EXPLICIT
392,612,0.7087942062296876,0.4546783625730994,0.2777777777777778,0.631578947368421,0.9258200997725514,0.9629100498862757,0.7087942062296876,9,KG_TASK_EXPLICIT
392,188,0.6970545101682796,0.44689542483660133,0.3055555555555556,0.5882352941176471,0.8944271909999159,0.9472135954999579,0.6970545101682796,6,KG_TASK_EXPLICIT
392,513,0.6947514202370817,0.4330673758865249,0.2916666666666667,0.574468085106383,0.9128709291752769,0.9564354645876385,0.6947514202370817,6,KG_TASK_EXPLICIT
392,249,0.6826923076923077,0.3653846153846154,0.34615384615384615,0.38461538461538464,0.9999999999999999,1.0,0.6826923076923077,7,KG_TASK_EXPLICIT
392,721,0.6740510656271526,0.3916666666666667,0.2,0.5833333333333334,0.9128709291752769,0.9564354645876385,0.6740510656271526,6,KG_TASK_EXPLICIT
392,633,0.6735695313906882,0.36904761904761907,0.23809523809523808,0.5,0.9561828874675149,0.9780914437337574,0.6735695313906882,7,KG_TASK_EXPLICIT
392,52,0.6733044703225725,0.4101731601731602,0.2727272727272727,0.5476190476190477,0.8728715609439696,0.9364357804719847,0.6733044703225725,4,KG_TASK_EXPLICIT
393,630,0.6154832279559286,0.2837528604118993,0.2631578947368421,0.30434782608695654,0.8944271909999159,0.9472135954999579,0.6154832279559286,5,KG_TASK_EXPLICIT
393,50,0.6043297113759081,0.23725490196078433,0.2,0.27450980392156865,0.9428090415820635,0.9714045207910318,0.6043297113759081,3,KG_TASK_EXPLICIT
393,375,0.6013071895424836,0.3276143790849673,0.29411764705882354,0.3611111111111111,0.75,0.875,0.6013071895424836,16,KG_TASK_EXPLICIT
393,133,0.591917535156636,0.25082236842105265,0.15789473684210525,0.34375,0.8660254037844387,0.9330127018922194,0.591917535156636,8,KG_TASK_EXPLICIT
393,721,0.5772522144769902,0.2236842105263158,0.15789473684210525,0.2894736842105263,0.8616404368553293,0.9308202184276646,0.5772522144769902,10,KG_TASK_EXPLICIT
393,135,0.572384556902659,0.20833333333333331,0.16666666666666666,0.25,0.8728715609439696,0.9364357804719847,0.572384556902659,4,KG_TASK_EXPLICIT
393,711,0.5656914893617021,0.13138297872340426,0.05,0.2127659574468085,0.9999999999999998,0.9999999999999999,0.5656914893617021,5,KG_TASK_EXPLICIT
393,380,0.5640012555148322,0.30067567567567566,0.25,0.35135135135135137,0.6546536707079772,0.8273268353539887,0.5640012555148322,7,KG_TASK_EXPLICIT
393,444,0.5629836840437248,0.29910714285714285,0.2857142857142857,0.3125,0.6537204504606136,0.8268602252303068,0.5629836840437248,20,KG_TASK_EXPLICIT
393,360,0.5593692551587506,0.16695727986050568,0.10810810810810811,0.22580645161290322,0.9035624609139907,0.9517812304569954,0.5593692551587506,11,KG_TASK_EXPLICIT
394,501,0.7354983235154766,0.5032894736842105,0.375,0.631578947368421,0.9354143466934852,0.9677071733467426,0.7354983235154766,8,KG_TASK_EXPLICIT
394,543,0.7291666666666666,0.45833333333333337,0.3333333333333333,0.5833333333333334,0.9999999999999998,0.9999999999999999,0.7291666666666666,5,KG_TASK_EXPLICIT
394,721,0.7083333333333333,0.41666666666666663,0.3333333333333333,0.5,0.9999999999999999,1.0,0.7083333333333333,7,KG_TASK_EXPLICIT
394,562,0.690486035894565,0.4017857142857143,0.42857142857142855,0.375,0.9583727150068314,0.9791863575034156,0.690486035894565,8,KG_TASK_EXPLICIT
394,686,0.6875,0.375,0.25,0.5,1.0000000000000002,1.0,0.6875,3,KG_TASK_EXPLICIT
394,176,0.6846153846153846,0.36923076923076925,0.2,0.5384615384615384,1.0,1.0,0.6846153846153846,4,KG_TASK_EXPLICIT
394,402,0.6791666666666667,0.35833333333333334,0.25,0.4666666666666667,0.9999999999999999,1.0,0.6791666666666667,7,KG_TASK_EXPLICIT
394,599,0.6766960492153917,0.38198757763975155,0.2857142857142857,0.4782608695652174,0.9428090415820635,0.9714045207910318,0.6766960492153917,3,KG_TASK_EXPLICIT
394,375,0.6748396842794431,0.41666666666666663,0.3333333333333333,0.5,0.8660254037844387,0.9330127018922194,0.6748396842794431,6,KG_TASK_EXPLICIT
394,530,0.673727795630767,0.375,0.25,0.5,0.944911182523068,0.972455591261534,0.673727795630767,4,KG_TASK_EXPLICIT
395,500,0.925,0.8500000000000001,0.8,0.9,0.9999999999999999,1.0,0.925,7,KG_TASK_EXPLICIT
395,49,0.75,0.5,0.5,0.5,1.0,1.0,0.75,4,KG_TASK_EXPLICIT
395,439,0.7258231211324451,0.5186335403726708,0.42857142857142855,0.6086956521739131,0.8660254037844387,0.9330127018922194,0.7258231211324451,4,KG_TASK_EXPLICIT
395,271,0.7041241452319316,0.5,0.5,0.5,0.8164965809277261,0.9082482904638631,0.7041241452319316,6,KG_TASK_EXPLICIT
395,601,0.6444099378881988,0.2888198757763975,0.14285714285714285,0.43478260869565216,1.0000000000000002,1.0,0.6444099378881988,3,KG_TASK_EXPLICIT
395,67,0.6421052631578947,0.28421052631578947,0.2,0.3684210526315789,0.9999999999999998,0.9999999999999999,0.6421052631578947,5,KG_TASK_EXPLICIT
395,411,0.6257205492539555,0.27898550724637683,0.16666666666666666,0.391304347826087,0.944911182523068,0.972455591261534,0.6257205492539555,5,KG_TASK_EXPLICIT
395,630,0.6197115384615385,0.23942307692307693,0.15384615384615385,0.325,1.0000000000000002,1.0,0.6197115384615385,3,KG_TASK_EXPLICIT
395,483,0.6190476190476191,0.23809523809523808,0.14285714285714285,0.3333333333333333,1.0,1.0,0.6190476190476191,4,KG_TASK_EXPLICIT
395,25,0.6116071428571428,0.22321428571428573,0.125,0.32142857142857145,0.9999999999999998,0.9999999999999999,0.6116071428571428,6,KG_TASK_EXPLICIT
396,635,0.7736111111111111,0.5472222222222223,0.4444444444444444,0.65,1.0000000000000002,1.0,0.7736111111111111,3,KG_TASK_EXPLICIT
396,149,0.7619617224880383,0.5239234449760766,0.36363636363636365,0.6842105263157895,0.9999999999999999,1.0,0.7619617224880383,7,KG_TASK_EXPLICIT
396,418,0.7467105263157895,0.4934210526315789,0.25,0.7368421052631579,1.0000000000000002,1.0,0.7467105263157895,6,KG_TASK_EXPLICIT
396,264,0.7387218045112782,0.47744360902255634,0.42857142857142855,0.5263157894736842,1.0000000000000002,1.0,0.7387218045112782,3,KG_TASK_EXPLICIT
396,625,0.7326388888888888,0.4652777777777778,0.375,0.5555555555555556,1.0000000000000002,1.0,0.7326388888888888,3,KG_TASK_EXPLICIT
396,47,0.7117729945941514,0.44545454545454544,0.3,0.5909090909090909,0.9561828874675149,0.9780914437337574,0.7117729945941514,7,KG_TASK_EXPLICIT
396,618,0.708192174084357,0.4444444444444444,0.3333333333333333,0.5555555555555556,0.9438798074485389,0.9719399037242695,0.708192174084357,5,KG_TASK_EXPLICIT
396,508,0.6955287753915466,0.41911764705882354,0.25,0.5882352941176471,0.9438798074485389,0.9719399037242695,0.6955287753915466,5,KG_TASK_EXPLICIT
396,648,0.6871345029239766,0.3742690058479532,0.2222222222222222,0.5263157894736842,1.0000000000000002,1.0,0.6871345029239766,3,KG_TASK_EXPLICIT
396,130,0.6867588932806323,0.3735177865612648,0.18181818181818182,0.5652173913043478,0.9999999999999998,0.9999999999999999,0.6867588932806323,5,KG_TASK_EXPLICIT
397,415,0.6883680555555556,0.3767361111111111,0.2222222222222222,0.53125,1.0000000000000002,1.0,0.6883680555555556,3,KG_TASK_EXPLICIT
397,441,0.6531109125138839,0.33376623376623377,0.18181818181818182,0.4857142857142857,0.944911182523068,0.972455591261534,0.6531109125138839,4,KG_TASK_EXPLICIT
397,544,0.6172193833271695,0.3261904761904762,0.16666666666666666,0.4857142857142857,0.8164965809277259,0.9082482904638629,0.6172193833271695,3,KG_TASK_EXPLICIT
397,571,0.6148148148148148,0.22962962962962963,0.2,0.25925925925925924,1.0000000000000002,1.0,0.6148148148148148,3,KG_TASK_EXPLICIT
397,305,0.6121257250845052,0.23615792007703418,0.12903225806451613,0.34328358208955223,0.9761870601839526,0.9880935300919763,0.6121257250845052,10,KG_TASK_EXPLICIT
397,41,0.6071428571428571,0.21428571428571427,0.14285714285714285,0.2857142857142857,1.0000000000000002,1.0,0.6071428571428571,3,KG_TASK_EXPLICIT
397,570,0.6041666666666666,0.20833333333333331,0.16666666666666666,0.25,1.0000000000000002,1.0,0.6041666666666666,3,KG_TASK_EXPLICIT
397,95,0.6034217650459882,0.21875,0.125,0.3125,0.9761870601839528,0.9880935300919764,0.6034217650459882,5,KG_TASK_EXPLICIT
397,501,0.5909090909090909,0.18181818181818182,0.09090909090909091,0.2727272727272727,1.0000000000000002,1.0,0.5909090909090909,3,KG_TASK_EXPLICIT
397,195,0.5839692055689375,0.18681318681318682,0.14285714285714285,0.23076923076923078,0.9622504486493763,0.9811252243246882,0.5839692055689375,3,KG_TASK_EXPLICIT
398,234,0.6853158339770375,0.4833333333333334,0.2916666666666667,0.675,0.7745966692414834,0.8872983346207417,0.6853158339770375,5,KG_TASK_EXPLICIT
398,244,0.6834295331227886,0.3954545454545455,0.2,0.5909090909090909,0.9428090415820635,0.9714045207910318,0.6834295331227886,3,KG_TASK_EXPLICIT
398,223,0.6765046296296297,0.3530092592592593,0.18518518518518517,0.5208333333333334,1.0000000000000002,1.0,0.6765046296296297,3,KG_TASK_EXPLICIT
398,577,0.6680047654720754,0.48245614035087714,0.3333333333333333,0.631578947368421,0.7071067811865475,0.8535533905932737,0.6680047654720754,4,KG_TASK_EXPLICIT
398,415,0.6630952380952381,0.3261904761904762,0.2,0.4523809523809524,0.9999999999999999,1.0,0.6630952380952381,7,KG_TASK_EXPLICIT
398,50,0.6614587698958678,0.35151301900070375,0.1724137931034483,0.5306122448979592,0.9428090415820635,0.9714045207910318,0.6614587698958678,3,KG_TASK_EXPLICIT
398,360,0.6528253454303072,0.33130904183535764,0.15384615384615385,0.5087719298245614,0.9486832980505138,0.9743416490252569,0.6528253454303072,4,KG_TASK_EXPLICIT
398,611,0.6454703832752613,0.29094076655052264,0.14285714285714285,0.43902439024390244,0.9999999999999998,0.9999999999999999,0.6454703832752613,5,KG_TASK_EXPLICIT
398,441,0.6429263565891473,0.2858527131782946,0.08333333333333333,0.4883720930232558,1.0,1.0,0.6429263565891473,4,KG_TASK_EXPLICIT
398,259,0.6418300653594771,0.28366013071895424,0.15555555555555556,0.4117647058823529,0.9999999999999998,0.9999999999999999,0.6418300653594771,5,KG_TASK_EXPLICIT
400,156,0.635615363877287,0.2974137931034483,0.25,0.3448275862068966,0.9476338693022512,0.9738169346511256,0.635615363877287,19,KG_TASK_EXPLICIT
400,701,0.5925925925925926,0.18518518518518517,0.1111111111111111,0.25925925925925924,1.0000000000000002,1.0,0.5925925925925926,3,KG_TASK_EXPLICIT
400,543,0.5887921542045723,0.18518518518518517,0.1111111111111111,0.25925925925925924,0.9847982464479191,0.9923991232239595,0.5887921542045723,8,KG_TASK_EXPLICIT
400,686,0.5854742932954502,0.19285714285714284,0.1,0.2857142857142857,0.9561828874675149,0.9780914437337574,0.5854742932954502,7,KG_TASK_EXPLICIT
400,715,0.5837542491066156,0.1833855799373041,0.09090909090909091,0.27586206896551724,0.9682458365518541,0.984122918275927,0.5837542491066156,9,KG_TASK_EXPLICIT
400,754,0.5831552047549367,0.18518518518518517,0.1111111111111111,0.25925925925925924,0.9622504486493763,0.9811252243246882,0.5831552047549367,3,KG_TASK_EXPLICIT
400,601,0.579656862745098,0.15931372549019607,0.08333333333333333,0.23529411764705882,1.0000000000000002,1.0,0.579656862745098,3,KG_TASK_EXPLICIT
400,394,0.5774147727272727,0.15482954545454547,0.09090909090909091,0.21875,0.9999999999999998,0.9999999999999999,0.5774147727272727,5,KG_TASK_EXPLICIT
400,717,0.5765457218668787,0.175,0.08333333333333333,0.26666666666666666,0.9561828874675149,0.9780914437337574,0.5765457218668787,5,KG_TASK_EXPLICIT
400,567,0.5761904761904761,0.1523809523809524,0.07142857142857142,0.23333333333333334,0.9999999999999998,0.9999999999999999,0.5761904761904761,5,KG_TASK_EXPLICIT
401,352,0.7270620726159658,0.75,0.5,1.0,0.4082482904638631,0.7041241452319316,0.7270620726159658,3,KG_TASK_EXPLICIT
401,209,0.6946218970154625,0.4666666666666667,0.6666666666666666,0.26666666666666666,0.8451542547285165,0.9225771273642582,0.6946218970154625,5,KG_TASK_EXPLICIT
401,318,0.6567974883672671,0.41666666666666663,0.16666666666666666,0.6666666666666666,0.7938566201357354,0.8969283100678678,0.6567974883672671,16,KG_TASK_EXPLICIT
401,229,0.6318817272381392,0.325,0.25,0.4,0.8775269089525567,0.9387634544762784,0.6318817272381392,14,KG_TASK_EXPLICIT
401,343,0.6287539861441146,0.3222222222222222,0.2,0.4444444444444444,0.8705715001320139,0.935285750066007,0.6287539861441146,10,KG_TASK_EXPLICIT
401,26,0.602859460444038,0.3055555555555555,0.16666666666666666,0.4444444444444444,0.8003267306650412,0.9001633653325206,0.602859460444038,21,KG_TASK_EXPLICIT
401,570,0.5784075191683886,0.29166666666666663,0.25,0.3333333333333333,0.7302967433402214,0.8651483716701107,0.5784075191683886,12,KG_TASK_EXPLICIT
401,265,0.5501660828098317,0.29166666666666663,0.3333333333333333,0.25,0.6173309979059936,0.8086654989529968,0.5501660828098317,62,KG_TASK_EXPLICIT
401,199,0.5218126121623441,0.0625,0.0,0.125,0.9622504486493763,0.9811252243246882,0.5218126121623441,3,KG_TASK_EXPLICIT
401,242,0.5213111557509145,0.10960960960960961,0.1111111111111111,0.10810810810810811,0.8660254037844386,0.9330127018922193,0.5213111557509145,12,KG_TASK_EXPLICIT
402,701,0.7934322477800738,0.6,0.5,0.7,0.9737289911202953,0.9868644955601477,0.7934322477800738,6,KG_TASK_EXPLICIT
402,268,0.7859699518621348,0.6,0.5,0.7,0.9438798074485389,0.9719399037242695,0.7859699518621348,8,KG_TASK_EXPLICIT
402,754,0.7857022603955159,0.6,0.5,0.7,0.9428090415820635,0.9714045207910318,0.7857022603955159,3,KG_TASK_EXPLICIT
402,543,0.7794157338705616,0.6,0.5,0.7,0.9176629354822469,0.9588314677411234,0.7794157338705616,10,KG_TASK_EXPLICIT
402,686,0.7291666666666666,0.45833333333333337,0.3333333333333333,0.5833333333333334,0.9999999999999998,0.9999999999999999,0.7291666666666666,5,KG_TASK_EXPLICIT
402,176,0.7054444957642804,0.4431818181818182,0.25,0.6363636363636364,0.9354143466934852,0.9677071733467426,0.7054444957642804,8,KG_TASK_EXPLICIT
402,622,0.7036509783442338,0.4358974358974359,0.3333333333333333,0.5384615384615384,0.9428090415820635,0.9714045207910318,0.7036509783442338,3,KG_TASK_EXPLICIT
402,363,0.6940822263820406,0.4358974358974359,0.3333333333333333,0.5384615384615384,0.9045340337332908,0.9522670168666454,0.6940822263820406,10,KG_TASK_EXPLICIT
402,530,0.6921738280878191,0.45833333333333337,0.3333333333333333,0.5833333333333334,0.85202864568461,0.926014322842305,0.6921738280878191,14,KG_TASK_EXPLICIT
402,394,0.6791666666666667,0.35833333333333334,0.25,0.4666666666666667,0.9999999999999999,1.0,0.6791666666666667,7,KG_TASK_EXPLICIT
404,203,0.5508333333333334,0.185,0.12,0.25,0.8333333333333335,0.9166666666666667,0.5508333333333334,4,KG_TASK_EXPLICIT
404,170,0.5393029483249973,0.18637362637362637,0.12,0.25274725274725274,0.7844645405527361,0.8922322702763681,0.5393029483249973,5,KG_TASK_EXPLICIT
404,156,0.5284150653016199,0.11126373626373626,0.11538461538461539,0.10714285714285714,0.8911327886790069,0.9455663943395034,0.5284150653016199,6,KG_TASK_EXPLICIT
404,36,0.5196043755924885,0.0762987012987013,0.045454545454545456,0.10714285714285714,0.9258200997725515,0.9629100498862757,0.5196043755924885,5,KG_TASK_EXPLICIT
404,186,0.5147591652050215,0.09650562851782363,0.04878048780487805,0.14423076923076922,0.8660254037844387,0.9330127018922194,0.5147591652050215,4,KG_TASK_EXPLICIT
404,407,0.5123331415779144,0.13890790825059912,0.06521739130434782,0.2125984251968504,0.7715167498104597,0.8857583749052298,0.5123331415779144,6,KG_TASK_EXPLICIT
404,379,0.5053911951559038,0.047872340425531915,0.0,0.09574468085106383,0.9258200997725515,0.9629100498862757,0.5053911951559038,5,KG_TASK_EXPLICIT
404,437,0.5020066082216027,0.03260869565217391,0.0,0.06521739130434782,0.9428090415820632,0.9714045207910316,0.5020066082216027,3,KG_TASK_EXPLICIT
404,431,0.501432018008105,0.04642857142857143,0.0,0.09285714285714286,0.9128709291752769,0.9564354645876385,0.501432018008105,3,KG_TASK_EXPLICIT
404,660,0.49376386559068886,0.09123076923076923,0.038461538461538464,0.144,0.7925939239012171,0.8962969619506085,0.49376386559068886,4,KG_TASK_EXPLICIT
406,139,0.5727958245126284,0.17125,0.0625,0.28,0.9486832980505138,0.9743416490252569,0.5727958245126284,5,KG_TASK_EXPLICIT
406,59,0.5454545454545454,0.09090909090909091,0.0,0.18181818181818182,1.0000000000000002,1.0,0.5454545454545454,5,KG_TASK_EXPLICIT
406,132,0.5249852438652671,0.10275689223057644,0.047619047619047616,0.15789473684210525,0.8944271909999159,0.9472135954999579,0.5249852438652671,5,KG_TASK_EXPLICIT
406,373,0.5138888888888888,0.027777777777777776,0.0,0.05555555555555555,1.0,1.0,0.5138888888888888,7,KG_TASK_EXPLICIT
406,644,0.5089285714285714,0.017857142857142856,0.0,0.03571428571428571,0.9999999999999998,0.9999999999999999,0.5089285714285714,8,KG_TASK_EXPLICIT
406,733,0.5080645161290323,0.016129032258064516,0.0,0.03225806451612903,1.0000000000000002,1.0,0.5080645161290323,3,KG_TASK_EXPLICIT
406,161,0.5056818181818181,0.011363636363636364,0.0,0.022727272727272728,0.9999999999999998,0.9999999999999999,0.5056818181818181,5,KG_TASK_EXPLICIT
406,442,0.5053191489361701,0.010638297872340425,0.0,0.02127659574468085,0.9999999999999998,0.9999999999999999,0.5053191489361701,5,KG_TASK_EXPLICIT
406,134,0.5039939948965777,0.1206896551724138,0.0,0.2413793103448276,0.7745966692414834,0.8872983346207417,0.5039939948965777,6,KG_TASK_EXPLICIT
406,248,0.4999790398726053,0.07738095238095238,0.07142857142857142,0.08333333333333333,0.8451542547285165,0.9225771273642582,0.4999790398726053,8,KG_TASK_EXPLICIT
407,276,0.6799101789116793,0.40980392156862744,0.35294117647058826,0.4666666666666667,0.900032872509462,0.950016436254731,0.6799101789116793,23,KG_TASK_EXPLICIT
407,154,0.6262995451591943,0.25259909031838856,0.18421052631578946,0.32098765432098764,1.0000000000000002,1.0,0.6262995451591943,3,KG_TASK_EXPLICIT
407,499,0.6250792952427535,0.27868150684931503,0.1875,0.3698630136986301,0.9429541672723837,0.9714770836361919,0.6250792952427535,22,KG_TASK_EXPLICIT
407,679,0.6220336564366278,0.27161172161172165,0.17142857142857143,0.3717948717948718,0.944911182523068,0.972455591261534,0.6220336564366278,8,KG_TASK_EXPLICIT
407,630,0.6196666141961679,0.2668776371308017,0.16666666666666666,0.3670886075949367,0.944911182523068,0.972455591261534,0.6196666141961679,4,KG_TASK_EXPLICIT
407,309,0.6130773102905732,0.27008032128514053,0.16666666666666666,0.37349397590361444,0.9121485985920118,0.9560742992960058,0.6130773102905732,29,KG_TASK_EXPLICIT
407,460,0.6127981246129964,0.25125460020073603,0.11475409836065574,0.3877551020408163,0.9486832980505138,0.9743416490252569,0.6127981246129964,10,KG_TASK_EXPLICIT
407,50,0.610830086166173,0.28289671785606746,0.17073170731707318,0.3950617283950617,0.8775269089525567,0.9387634544762784,0.610830086166173,8,KG_TASK_EXPLICIT
407,160,0.6050631095811818,0.21012621916236374,0.11904761904761904,0.30120481927710846,1.0,1.0,0.6050631095811818,9,KG_TASK_EXPLICIT
407,568,0.6039457019047859,0.2316017316017316,0.15151515151515152,0.3116883116883117,0.9525793444156805,0.9762896722078402,0.6039457019047859,6,KG_TASK_EXPLICIT
408,49,0.6757150543228405,0.4431818181818182,0.25,0.6363636363636364,0.8164965809277259,0.9082482904638629,0.6757150543228405,4,KG_TASK_EXPLICIT
408,192,0.5590277777777777,0.11805555555555555,0.1111111111111111,0.125,0.9999999999999998,0.9999999999999999,0.5590277777777777,3,KG_TASK_EXPLICIT
408,67,0.5565065559342355,0.475,0.25,0.7,0.2760262237369417,0.6380131118684709,0.5565065559342355,33,KG_TASK_EXPLICIT
408,636,0.5526315789473684,0.10526315789473684,0.0,0.21052631578947367,1.0000000000000002,1.0,0.5526315789473684,3,KG_TASK_EXPLICIT
408,474,0.5277777777777778,0.5555555555555556,0.3333333333333333,0.7777777777777778,0.0,0.5,0.5277777777777778,4,KG_TASK_EXPLICIT
408,382,0.5252450980392157,0.25882352941176473,0.4,0.11764705882352941,0.5833333333333334,0.7916666666666667,0.5252450980392157,36,KG_TASK_EXPLICIT
408,202,0.5251007802135966,0.1629032258064516,0.1,0.22580645161290322,0.7745966692414834,0.8872983346207417,0.5251007802135966,5,KG_TASK_EXPLICIT
408,565,0.517676442257282,0.22916666666666666,0.125,0.3333333333333333,0.6123724356957946,0.8061862178478973,0.517676442257282,7,KG_TASK_EXPLICIT
408,357,0.513301510954187,0.2569230769230769,0.15384615384615385,0.36,0.5393598899705937,0.7696799449852969,0.513301510954187,12,KG_TASK_EXPLICIT
408,211,0.5078373013572429,0.1621212121212121,0.09090909090909091,0.23333333333333334,0.7071067811865476,0.8535533905932737,0.5078373013572429,6,KG_TASK_EXPLICIT
409,324,0.6704545454545454,0.34090909090909094,0.18181818181818182,0.5,1.0,1.0,0.6704545454545454,4,KG_TASK_EXPLICIT
409,294,0.6159313725490196,0.23186274509803922,0.15,0.3137254901960784,1.0000000000000002,1.0,0.6159313725490196,3,KG_TASK_EXPLICIT
409,415,0.6120879120879121,0.22417582417582418,0.07692307692307693,0.37142857142857144,1.0000000000000002,1.0,0.6120879120879121,3,KG_TASK_EXPLICIT
409,286,0.6034173390264133,0.23543015726179461,0.13043478260869565,0.3404255319148936,0.9428090415820635,0.9714045207910318,0.6034173390264133,3,KG_TASK_EXPLICIT
409,464,0.5996503496503497,0.19930069930069932,0.09090909090909091,0.3076923076923077,1.0,1.0,0.5996503496503497,4,KG_TASK_EXPLICIT
409,141,0.5995297805642633,0.19905956112852666,0.034482758620689655,0.36363636363636365,1.0000000000000002,1.0,0.5995297805642633,3,KG_TASK_EXPLICIT
409,114,0.5980392156862745,0.19607843137254902,0.058823529411764705,0.3333333333333333,1.0000000000000002,1.0,0.5980392156862745,3,KG_TASK_EXPLICIT
409,441,0.5935897435897435,0.18717948717948718,0.06666666666666667,0.3076923076923077,0.9999999999999998,0.9999999999999999,0.5935897435897435,5,KG_TASK_EXPLICIT
409,509,0.5877768662838392,0.17555373256767842,0.08695652173913043,0.2641509433962264,1.0000000000000002,1.0,0.5877768662838392,3,KG_TASK_EXPLICIT
409,467,0.587624584717608,0.17524916943521596,0.07142857142857142,0.27906976744186046,1.0000000000000002,1.0,0.587624584717608,3,KG_TASK_EXPLICIT
410,577,0.7321859862620732,0.5079365079365079,0.5714285714285714,0.4444444444444444,0.9128709291752769,0.9564354645876385,0.7321859862620732,6,KG_TASK_EXPLICIT
410,385,0.7247899159663864,0.44957983193277307,0.42857142857142855,0.47058823529411764,0.9999999999999998,0.9999999999999999,0.7247899159663864,8,KG_TASK_EXPLICIT
410,343,0.7168680994873401,0.5,0.6,0.4,0.8674723979493605,0.9337361989746802,0.7168680994873401,11,KG_TASK_EXPLICIT
410,701,0.6988959454956775,0.4166666666666667,0.25,0.5833333333333334,0.9622504486493763,0.9811252243246882,0.6988959454956775,3,KG_TASK_EXPLICIT
410,543,0.6921869200067047,0.4166666666666667,0.25,0.5833333333333334,0.9354143466934852,0.9677071733467426,0.6921869200067047,8,KG_TASK_EXPLICIT
410,239,0.6801664988725555,0.7285714285714285,0.6,0.8571428571428571,0.26352313834736496,0.6317615691736824,0.6801664988725555,17,KG_TASK_EXPLICIT
410,726,0.6749999999999999,0.35,0.16666666666666666,0.5333333333333333,0.9999999999999998,0.9999999999999999,0.6749999999999999,5,KG_TASK_EXPLICIT
410,35,0.6731060606060606,0.39166666666666666,0.3333333333333333,0.45,0.9090909090909091,0.9545454545454546,0.6731060606060606,12,KG_TASK_EXPLICIT
410,567,0.6706349206349206,0.3412698412698413,0.1111111111111111,0.5714285714285714,0.9999999999999998,0.9999999999999999,0.6706349206349206,5,KG_TASK_EXPLICIT
410,546,0.6677631578947368,0.3355263157894737,0.25,0.42105263157894735,1.0,1.0,0.6677631578947368,9,KG_TASK_EXPLICIT
411,88,0.8596690510862431,0.8125,0.75,0.875,0.8136762043449725,0.9068381021724863,0.8596690510862431,27,KG_TASK_EXPLICIT
411,618,0.7433035714285714,0.48660714285714285,0.2857142857142857,0.6875,0.9999999999999998,0.9999999999999999,0.7433035714285714,5,KG_TASK_EXPLICIT
411,418,0.7239946675952602,0.5,0.4,0.6,0.8959786703810408,0.9479893351905204,0.7239946675952602,9,KG_TASK_EXPLICIT
411,130,0.7209135558742807,0.4583333333333333,0.25,0.6666666666666666,0.9669875568304563,0.9834937784152282,0.7209135558742807,8,KG_TASK_EXPLICIT
411,89,0.7179209813386582,0.45614035087719296,0.3333333333333333,0.5789473684210527,0.9594032236002469,0.9797016118001234,0.7179209813386582,5,KG_TASK_EXPLICIT
411,479,0.7064393939393939,0.4583333333333333,0.25,0.6666666666666666,0.9090909090909091,0.9545454545454546,0.7064393939393939,8,KG_TASK_EXPLICIT
411,635,0.6996708245126284,0.425,0.25,0.6,0.9486832980505138,0.9743416490252569,0.6996708245126284,5,KG_TASK_EXPLICIT
411,543,0.6964781694372535,0.41666666666666663,0.3333333333333333,0.5,0.9525793444156805,0.9762896722078402,0.6964781694372535,6,KG_TASK_EXPLICIT
411,754,0.6940355937288492,0.41666666666666663,0.3333333333333333,0.5,0.9428090415820635,0.9714045207910318,0.6940355937288492,3,KG_TASK_EXPLICIT
411,129,0.6934433619633036,0.5333333333333333,0.4,0.6666666666666666,0.7071067811865475,0.8535533905932737,0.6934433619633036,4,KG_TASK_EXPLICIT
412,325,0.505995510071597,0.05555555555555555,0.0,0.1111111111111111,0.9128709291752769,0.9564354645876385,0.505995510071597,6,KG_TASK_EXPLICIT
412,14,0.5054347826086957,0.010869565217391304,0.0,0.021739130434782608,1.0,1.0,0.5054347826086957,4,KG_TASK_EXPLICIT
412,372,0.4942841287238875,0.05555555555555555,0.0,0.1111111111111111,0.8660254037844387,0.9330127018922194,0.4942841287238875,4,KG_TASK_EXPLICIT
412,169,0.49228120776393697,0.013157894736842105,0.0,0.02631578947368421,0.9428090415820635,0.9714045207910318,0.49228120776393697,3,KG_TASK_EXPLICIT
412,470,0.48983843094621715,0.07142857142857142,0.0,0.14285714285714285,0.8164965809277259,0.9082482904638629,0.48983843094621715,3,KG_TASK_EXPLICIT
412,424,0.4892336236733824,0.045454545454545456,0.0,0.09090909090909091,0.8660254037844387,0.9330127018922194,0.4892336236733824,4,KG_TASK_EXPLICIT
412,266,0.48768638737964287,0.003968253968253968,0.0,0.007936507936507936,0.9428090415820635,0.9714045207910318,0.48768638737964287,3,KG_TASK_EXPLICIT
412,416,0.48317301761277637,0.03333333333333333,0.0,0.06666666666666667,0.8660254037844387,0.9330127018922194,0.48317301761277637,4,KG_TASK_EXPLICIT
412,529,0.4821313509461097,0.03125,0.0,0.0625,0.8660254037844387,0.9330127018922194,0.4821313509461097,4,KG_TASK_EXPLICIT
412,334,0.48164238982806584,0.00684931506849315,0.0,0.0136986301369863,0.9128709291752769,0.9564354645876385,0.48164238982806584,6,KG_TASK_EXPLICIT
413,371,0.6944444444444444,0.38888888888888884,0.3333333333333333,0.4444444444444444,1.0000000000000002,1.0,0.6944444444444444,3,KG_TASK_EXPLICIT
413,107,0.6383656473113981,0.3,0.25,0.35,0.9534625892455924,0.9767312946227962,0.6383656473113981,5,KG_TASK_EXPLICIT
413,228,0.5834552825984638,0.21969696969696967,0.2727272727272727,0.16666666666666666,0.8944271909999159,0.9472135954999579,0.5834552825984638,5,KG_TASK_EXPLICIT
413,422,0.5802436197942238,0.25757575757575757,0.18181818181818182,0.3333333333333333,0.8058229640253802,0.9029114820126901,0.5802436197942238,5,KG_TASK_EXPLICIT
413,145,0.572648204007293,0.2149321266968326,0.07692307692307693,0.35294117647058826,0.8607285626355068,0.9303642813177534,0.572648204007293,18,KG_TASK_EXPLICIT
413,409,0.5579425201357756,0.1444805194805195,0.18181818181818182,0.10714285714285714,0.9428090415820635,0.9714045207910318,0.5579425201357756,3,KG_TASK_EXPLICIT
413,427,0.5576004880432613,0.17424242424242425,0.18181818181818182,0.16666666666666666,0.8819171036881969,0.9409585518440984,0.5576004880432613,12,KG_TASK_EXPLICIT
413,297,0.5563162722084551,0.1406926406926407,0.09090909090909091,0.19047619047619047,0.9438798074485389,0.9719399037242695,0.5563162722084551,5,KG_TASK_EXPLICIT
413,40,0.5553526426944466,0.13636363636363635,0.0,0.2727272727272727,0.9486832980505138,0.9743416490252569,0.5553526426944466,4,KG_TASK_EXPLICIT
413,356,0.5538461538461539,0.1076923076923077,0.1,0.11538461538461539,0.9999999999999999,1.0,0.5538461538461539,4,KG_TASK_EXPLICIT
414,42,0.6666241452319315,0.425,0.25,0.6,0.8164965809277259,0.9082482904638629,0.6666241452319315,3,KG_TASK_EXPLICIT
414,654,0.6067251461988303,0.2134502923976608,0.1111111111111111,0.3157894736842105,0.9999999999999998,0.9999999999999999,0.6067251461988303,3,KG_TASK_EXPLICIT
414,282,0.594748068409272,0.30219780219780223,0.14285714285714285,0.46153846153846156,0.7745966692414834,0.8872983346207417,0.594748068409272,3,KG_TASK_EXPLICIT
414,558,0.5946969696969697,0.43939393939393934,0.3333333333333333,0.5454545454545454,0.4999999999999999,0.75,0.5946969696969697,4,KG_TASK_EXPLICIT
414,121,0.5928959590644373,0.275,0.25,0.3,0.821583836257749,0.9107919181288745,0.5928959590644373,6,KG_TASK_EXPLICIT
414,283,0.5835884309462172,0.2589285714285714,0.14285714285714285,0.375,0.8164965809277259,0.9082482904638629,0.5835884309462172,3,KG_TASK_EXPLICIT
414,483,0.583071513652984,0.2578947368421053,0.2,0.3157894736842105,0.8164965809277259,0.9082482904638629,0.583071513652984,3,KG_TASK_EXPLICIT
414,418,0.5750635035592366,0.2578947368421053,0.2,0.3157894736842105,0.7844645405527361,0.8922322702763681,0.5750635035592366,4,KG_TASK_EXPLICIT
414,44,0.5723678703277094,0.356060606060606,0.16666666666666666,0.5454545454545454,0.5773502691896258,0.7886751345948129,0.5723678703277094,4,KG_TASK_EXPLICIT
414,247,0.5672193833271695,0.22619047619047616,0.16666666666666666,0.2857142857142857,0.8164965809277259,0.9082482904638629,0.5672193833271695,3,KG_TASK_EXPLICIT
415,674,0.7628393116471881,0.5459770114942528,0.3333333333333333,0.7586206896551724,0.9594032236002469,0.9797016118001234,0.7628393116471881,8,KG_TASK_EXPLICIT
415,698,0.7351126893595675,0.48717948717948717,0.3076923076923077,0.6666666666666666,0.9660917830792959,0.9830458915396479,0.7351126893595675,9,KG_TASK_EXPLICIT
415,583,0.732875631025558,0.5238095238095238,0.3333333333333333,0.7142857142857143,0.8838834764831843,0.9419417382415922,0.732875631025558,5,KG_TASK_EXPLICIT
415,16,0.7315174725667284,0.4833333333333333,0.3333333333333333,0.6333333333333333,0.9594032236002469,0.9797016118001234,0.7315174725667284,9,KG_TASK_EXPLICIT
415,712,0.7250116312635388,0.5114942528735632,0.3333333333333333,0.6896551724137931,0.8770580193070293,0.9385290096535146,0.7250116312635388,4,KG_TASK_EXPLICIT
415,679,0.72165991902834,0.4433198380566802,0.3076923076923077,0.5789473684210527,0.9999999999999998,0.9999999999999999,0.72165991902834,8,KG_TASK_EXPLICIT
415,611,0.7175858189113006,0.46969696969696967,0.2727272727272727,0.6666666666666666,0.9309493362512627,0.9654746681256314,0.7175858189113006,13,KG_TASK_EXPLICIT
415,599,0.7141400581647752,0.47758620689655173,0.3,0.6551724137931034,0.9013878188659974,0.9506939094329987,0.7141400581647752,10,KG_TASK_EXPLICIT
415,114,0.6981250157161982,0.46638655462184875,0.2857142857142857,0.6470588235294118,0.8597269536210953,0.9298634768105476,0.6981250157161982,19,KG_TASK_EXPLICIT
415,601,0.697198275862069,0.3943965517241379,0.375,0.41379310344827586,1.0000000000000002,1.0,0.697198275862069,3,KG_TASK_EXPLICIT
416,754,0.6583333333333333,0.31666666666666665,0.16666666666666666,0.4666666666666667,1.0000000000000002,1.0,0.6583333333333333,3,KG_TASK_EXPLICIT
416,268,0.6495242886427663,0.31666666666666665,0.16666666666666666,0.4666666666666667,0.9647638212377321,0.982381910618866,0.6495242886427663,12,KG_TASK_EXPLICIT
416,41,0.6427973113673926,0.29239766081871343,0.1111111111111111,0.47368421052631576,0.9863939238321437,0.9931969619160719,0.6427973113673926,10,KG_TASK_EXPLICIT
416,543,0.6421869200067046,0.31666666666666665,0.16666666666666666,0.4666666666666667,0.9354143466934852,0.9677071733467426,0.6421869200067046,8,KG_TASK_EXPLICIT
416,701,0.6397883582764712,0.31666666666666665,0.16666666666666666,0.4666666666666667,0.9258200997725516,0.9629100498862758,0.6397883582764712,6,KG_TASK_EXPLICIT
416,394,0.6365131578947368,0.2730263157894737,0.125,0.42105263157894735,1.0000000000000002,1.0,0.6365131578947368,6,KG_TASK_EXPLICIT
416,686,0.6258262866975024,0.2773109243697479,0.14285714285714285,0.4117647058823529,0.9486832980505138,0.9743416490252569,0.6258262866975024,5,KG_TASK_EXPLICIT
416,359,0.625595081160345,0.29934210526315785,0.125,0.47368421052631576,0.903696114115064,0.9518480570575321,0.625595081160345,24,KG_TASK_EXPLICIT
416,530,0.6225090488582452,0.2773109243697479,0.14285714285714285,0.4117647058823529,0.9354143466934853,0.9677071733467426,0.6225090488582452,14,KG_TASK_EXPLICIT
416,567,0.6199494949494949,0.2398989898989899,0.09090909090909091,0.3888888888888889,0.9999999999999998,0.9999999999999999,0.6199494949494949,5,KG_TASK_EXPLICIT
417,451,0.6369565217391304,0.27391304347826084,0.2,0.34782608695652173,1.0000000000000002,1.0,0.6369565217391304,3,KG_TASK_EXPLICIT
417,268,0.6351704552995989,0.2892156862745098,0.16666666666666666,0.4117647058823529,0.9622504486493763,0.9811252243246882,0.6351704552995989,3,KG_TASK_EXPLICIT
417,570,0.6264880952380952,0.25297619047619047,0.125,0.38095238095238093,1.0000000000000002,1.0,0.6264880952380952,3,KG_TASK_EXPLICIT
417,625,0.615909090909091,0.2318181818181818,0.1,0.36363636363636365,1.0000000000000002,1.0,0.615909090909091,3,KG_TASK_EXPLICIT
417,45,0.6156609195402298,0.23132183908045975,0.08333333333333333,0.3793103448275862,1.0,1.0,0.6156609195402298,4,KG_TASK_EXPLICIT
417,264,0.6147342995169082,0.22946859903381642,0.1111111111111111,0.34782608695652173,1.0,1.0,0.6147342995169082,4,KG_TASK_EXPLICIT
417,186,0.6121515679442509,0.22430313588850176,0.10714285714285714,0.34146341463414637,1.0,1.0,0.6121515679442509,4,KG_TASK_EXPLICIT
417,486,0.6096102312099632,0.23809523809523808,0.14285714285714285,0.3333333333333333,0.9622504486493763,0.9811252243246882,0.6096102312099632,3,KG_TASK_EXPLICIT
417,607,0.6092316721602218,0.24705882352941178,0.2,0.29411764705882354,0.9428090415820635,0.9714045207910318,0.6092316721602218,3,KG_TASK_EXPLICIT
417,508,0.6087181334113889,0.24603174603174602,0.1111111111111111,0.38095238095238093,0.9428090415820635,0.9714045207910318,0.6087181334113889,3,KG_TASK_EXPLICIT
418,129,0.7975286133089905,0.6947368421052631,0.6,0.7894736842105263,0.8006407690254358,0.9003203845127179,0.7975286133089905,4,KG_TASK_EXPLICIT
418,479,0.7537234371203219,0.5822368421052632,0.375,0.7894736842105263,0.8504200642707612,0.9252100321353807,0.7537234371203219,5,KG_TASK_EXPLICIT
418,396,0.7467105263157895,0.4934210526315789,0.25,0.7368421052631579,1.0000000000000002,1.0,0.7467105263157895,6,KG_TASK_EXPLICIT
418,579,0.744963017922102,0.5136363636363637,0.3,0.7272727272727273,0.9525793444156805,0.9762896722078402,0.744963017922102,9,KG_TASK_EXPLICIT
418,47,0.7421803262477347,0.5511363636363636,0.375,0.7272727272727273,0.8664485777182117,0.9332242888591058,0.7421803262477347,11,KG_TASK_EXPLICIT
418,130,0.7357270177361015,0.5,0.375,0.625,0.9429080709444059,0.971454035472203,0.7357270177361015,11,KG_TASK_EXPLICIT
418,306,0.7269303305709545,0.48245614035087714,0.3333333333333333,0.631578947368421,0.9428090415820635,0.9714045207910318,0.7269303305709545,3,KG_TASK_EXPLICIT
418,411,0.7239946675952602,0.5,0.4,0.6,0.8959786703810408,0.9479893351905204,0.7239946675952602,9,KG_TASK_EXPLICIT
418,506,0.7214285714285713,0.44285714285714284,0.2857142857142857,0.6,0.9999999999999998,0.9999999999999999,0.7214285714285713,5,KG_TASK_EXPLICIT
418,89,0.7173814314999092,0.4523809523809524,0.2857142857142857,0.6190476190476191,0.9647638212377322,0.982381910618866,0.7173814314999092,4,KG_TASK_EXPLICIT
419,564,0.6857022603955159,0.4,0.5,0.3,0.9428090415820635,0.9714045207910318,0.6857022603955159,6,KG_TASK_EXPLICIT
419,60,0.6453321562683658,0.4772727272727273,0.5,0.45454545454545453,0.6267831705280087,0.8133915852640043,0.6453321562683658,16,KG_TASK_EXPLICIT
419,168,0.642391304347826,0.2847826086956522,0.2,0.3695652173913043,0.9999999999999998,0.9999999999999999,0.642391304347826,5,KG_TASK_EXPLICIT
419,167,0.6168668933751279,0.2612781954887218,0.2857142857142857,0.23684210526315788,0.944911182523068,0.972455591261534,0.6168668933751279,5,KG_TASK_EXPLICIT
419,675,0.6125,0.225,0.2,0.25,1.0000000000000002,1.0,0.6125,3,KG_TASK_EXPLICIT
419,319,0.5924728979374807,0.275,0.25,0.3,0.819891591749923,0.9099457958749615,0.5924728979374807,6,KG_TASK_EXPLICIT
419,202,0.5831448361039201,0.19,0.2,0.18,0.9525793444156805,0.9762896722078402,0.5831448361039201,6,KG_TASK_EXPLICIT
419,120,0.5767045454545454,0.1534090909090909,0.125,0.18181818181818182,0.9999999999999999,1.0,0.5767045454545454,4,KG_TASK_EXPLICIT
419,213,0.5761568058500613,0.1809090909090909,0.18181818181818182,0.18,0.9428090415820635,0.9714045207910318,0.5761568058500613,6,KG_TASK_EXPLICIT
419,63,0.5760597134015173,0.17777777777777776,0.13333333333333333,0.2222222222222222,0.9486832980505138,0.9743416490252569,0.5760597134015173,5,KG_TASK_EXPLICIT
421,228,0.5230893325267191,0.04617866505343819,0.06896551724137931,0.023391812865497075,0.9999999999999998,0.9999999999999999,0.5230893325267191,5,KG_TASK_EXPLICIT
421,468,0.521255060728745,0.04251012145748988,0.019230769230769232,0.06578947368421052,1.0000000000000002,1.0,0.521255060728745,13,KG_TASK_EXPLICIT
421,100,0.5123762376237623,0.024752475247524754,0.0,0.04950495049504951,0.9999999999999998,0.9999999999999999,0.5123762376237623,5,KG_TASK_EXPLICIT
421,254,0.5111681796464405,0.022336359292881032,0.038461538461538464,0.006211180124223602,0.9999999999999998,0.9999999999999999,0.5111681796464405,4,KG_TASK_EXPLICIT
421,438,0.5087081312395402,0.03629103815439219,0.02040816326530612,0.05217391304347826,0.9622504486493763,0.9811252243246882,0.5087081312395402,3,KG_TASK_EXPLICIT
421,690,0.5081132328895918,0.041884816753926704,0.0,0.08376963350785341,0.9486832980505138,0.9743416490252569,0.5081132328895918,5,KG_TASK_EXPLICIT
421,431,0.5078057179361042,0.04028436018957346,0.0,0.08056872037914692,0.9506541513652698,0.9753270756826349,0.5078057179361042,11,KG_TASK_EXPLICIT
421,380,0.5071022727272727,0.014204545454545454,0.0,0.028409090909090908,1.0000000000000002,1.0,0.5071022727272727,6,KG_TASK_EXPLICIT
421,603,0.5066489361702128,0.013297872340425532,0.0,0.026595744680851064,1.0,1.0,0.5066489361702128,4,KG_TASK_EXPLICIT
421,391,0.5053763440860215,0.010752688172043012,0.0,0.021505376344086023,0.9999999999999998,0.9999999999999999,0.5053763440860215,5,KG_TASK_EXPLICIT
422,145,0.6711067861159167,0.365,0.25,0.48,0.9544271444636666,0.9772135722318334,0.6711067861159167,7,KG_TASK_EXPLICIT
422,231,0.64920787682112,0.3770833333333333,0.1875,0.5666666666666667,0.8426648406178138,0.9213324203089068,0.64920787682112,8,KG_TASK_EXPLICIT
422,297,0.6483125457732707,0.31313131313131315,0.18181818181818182,0.4444444444444444,0.9669875568304563,0.9834937784152282,0.6483125457732707,7,KG_TASK_EXPLICIT
422,264,0.6481481481481481,0.2962962962962963,0.2222222222222222,0.37037037037037035,0.9999999999999998,0.9999999999999999,0.6481481481481481,5,KG_TASK_EXPLICIT
422,533,0.6462450592885376,0.2924901185770751,0.13043478260869565,0.45454545454545453,1.0,1.0,0.6462450592885376,5,KG_TASK_EXPLICIT
422,625,0.6461538461538461,0.2923076923076923,0.2,0.38461538461538464,0.9999999999999998,0.9999999999999999,0.6461538461538461,5,KG_TASK_EXPLICIT
422,307,0.6431283339770375,0.3989583333333333,0.26666666666666666,0.53125,0.7745966692414834,0.8872983346207417,0.6431283339770375,6,KG_TASK_EXPLICIT
422,636,0.6429400552818592,0.31153846153846154,0.2,0.4230769230769231,0.9486832980505138,0.9743416490252569,0.6429400552818592,6,KG_TASK_EXPLICIT
422,36,0.637366530503085,0.32916666666666666,0.2,0.4583333333333333,0.8911327886790069,0.9455663943395034,0.637366530503085,8,KG_TASK_EXPLICIT
422,256,0.6369044650369993,0.30075901328273247,0.11764705882352941,0.4838709677419355,0.9460998335825321,0.9730499167912661,0.6369044650369993,7,KG_TASK_EXPLICIT
423,559,0.5125,0.025,0.0,0.05,1.0000000000000002,1.0,0.5125,3,KG_TASK_EXPLICIT
423,427,0.5096153846153846,0.019230769230769232,0.0,0.038461538461538464,1.0000000000000002,1.0,0.5096153846153846,3,KG_TASK_EXPLICIT
423,437,0.5074413908302985,0.043478260869565216,0.0,0.08695652173913043,0.9428090415820635,0.9714045207910318,0.5074413908302985,3,KG_TASK_EXPLICIT
423,660,0.5036231884057971,0.007246376811594203,0.0,0.014492753623188406,1.0000000000000002,1.0,0.5036231884057971,3,KG_TASK_EXPLICIT
423,123,0.5003665337309715,0.0196078431372549,0.0,0.0392156862745098,0.9622504486493763,0.9811252243246882,0.5003665337309715,3,KG_TASK_EXPLICIT
423,312,0.5003665337309715,0.0196078431372549,0.0,0.0392156862745098,0.9622504486493763,0.9811252243246882,0.5003665337309715,3,KG_TASK_EXPLICIT
423,280,0.49429231175979926,0.016129032258064516,0.0,0.03225806451612903,0.944911182523068,0.972455591261534,0.49429231175979926,4,KG_TASK_EXPLICIT
423,513,0.4909105937288492,0.010416666666666666,0.0,0.020833333333333332,0.9428090415820635,0.9714045207910318,0.4909105937288492,3,KG_TASK_EXPLICIT
423,101,0.48903559372884925,0.006666666666666667,0.0,0.013333333333333334,0.9428090415820635,0.9714045207910318,0.48903559372884925,3,KG_TASK_EXPLICIT
423,458,0.45933247856526477,0.010416666666666666,0.0,0.020833333333333332,0.8164965809277259,0.9082482904638629,0.45933247856526477,3,KG_TASK_EXPLICIT
424,587,0.6278195488721805,0.2556390977443609,0.14285714285714285,0.3684210526315789,1.0000000000000002,1.0,0.6278195488721805,6,KG_TASK_EXPLICIT
424,281,0.5985294117647059,0.1970588235294118,0.1,0.29411764705882354,0.9999999999999998,0.9999999999999999,0.5985294117647059,5,KG_TASK_EXPLICIT
424,718,0.5869047619047619,0.1738095238095238,0.13333333333333333,0.21428571428571427,1.0,1.0,0.5869047619047619,4,KG_TASK_EXPLICIT
424,437,0.578961599467572,0.18636363636363634,0.1,0.2727272727272727,0.9431191251430151,0.9715595625715076,0.578961599467572,10,KG_TASK_EXPLICIT
424,612,0.5781741570934058,0.182983682983683,0.15384615384615385,0.21212121212121213,0.9467292624062573,0.9733646312031287,0.5781741570934058,15,KG_TASK_EXPLICIT
424,325,0.5776178992122629,0.2159090909090909,0.18181818181818182,0.25,0.8786534150308698,0.9393267075154349,0.5776178992122629,34,KG_TASK_EXPLICIT
424,416,0.5724406026743627,0.15,0.0,0.3,0.989762410697451,0.9948812053487255,0.5724406026743627,24,KG_TASK_EXPLICIT
424,710,0.5720911732398751,0.17172675521821631,0.11764705882352941,0.22580645161290322,0.944911182523068,0.972455591261534,0.5720911732398751,4,KG_TASK_EXPLICIT
424,288,0.5720512820512821,0.1441025641025641,0.1282051282051282,0.16,1.0,1.0,0.5720512820512821,4,KG_TASK_EXPLICIT
424,317,0.5661976951333563,0.16045548654244307,0.19047619047619047,0.13043478260869565,0.9438798074485389,0.9719399037242695,0.5661976951333563,5,KG_TASK_EXPLICIT
425,346,0.5272556601102371,0.21910112359550563,0.0,0.43820224719101125,0.6708203932499369,0.8354101966249685,0.5272556601102371,4,KG_TASK_EXPLICIT
425,137,0.48951248591543484,0.046012269938650305,0.0,0.09202453987730061,0.8660254037844387,0.9330127018922194,0.48951248591543484,3,KG_TASK_EXPLICIT
425,562,0.488907388600644,0.00641025641025641,0.0,0.01282051282051282,0.9428090415820632,0.9714045207910316,0.488907388600644,3,KG_TASK_EXPLICIT
425,325,0.4313221498420914,0.00909090909090909,0.0,0.01818181818181818,0.7071067811865475,0.8535533905932737,0.4313221498420914,3,KG_TASK_EXPLICIT
425,529,0.430808953361153,0.008064516129032258,0.0,0.016129032258064516,0.7071067811865475,0.8535533905932737,0.430808953361153,3,KG_TASK_EXPLICIT
425,334,0.40295825695257886,0.017241379310344827,0.0,0.034482758620689655,0.5773502691896258,0.7886751345948129,0.40295825695257886,4,KG_TASK_EXPLICIT
425,372,0.39888302184286095,0.00909090909090909,0.0,0.01818181818181818,0.5773502691896258,0.7886751345948129,0.39888302184286095,3,KG_TASK_EXPLICIT
425,424,0.39872353220968715,0.008771929824561403,0.0,0.017543859649122806,0.5773502691896258,0.7886751345948129,0.39872353220968715,3,KG_TASK_EXPLICIT
425,234,0.3975426955025346,0.00641025641025641,0.0,0.01282051282051282,0.5773502691896258,0.7886751345948129,0.3975426955025346,3,KG_TASK_EXPLICIT
425,241,0.3935643957906492,0.019867549668874173,0.0,0.039735099337748346,0.5345224838248487,0.7672612419124243,0.3935643957906492,4,KG_TASK_EXPLICIT
426,327,0.6563390313390314,0.396011396011396,0.38461538461538464,0.4074074074074074,0.8333333333333335,0.9166666666666667,0.6563390313390314,10,KG_TASK_EXPLICIT
426,324,0.6468946242881897,0.3712121212121212,0.3333333333333333,0.4090909090909091,0.8451542547285166,0.9225771273642582,0.6468946242881897,11,KG_TASK_EXPLICIT
426,211,0.6407407407407407,0.28148148148148144,0.26666666666666666,0.2962962962962963,1.0000000000000002,1.0,0.6407407407407407,3,KG_TASK_EXPLICIT
426,674,0.6393622546454534,0.3377659574468085,0.25,0.425531914893617,0.8819171036881969,0.9409585518440984,0.6393622546454534,7,KG_TASK_EXPLICIT
426,317,0.63832599552421,0.30036231884057973,0.21739130434782608,0.38333333333333336,0.9525793444156805,0.9762896722078402,0.63832599552421,3,KG_TASK_EXPLICIT
426,711,0.636991526148266,0.34097035040431267,0.2857142857142857,0.39622641509433965,0.8660254037844387,0.9330127018922194,0.636991526148266,6,KG_TASK_EXPLICIT
426,751,0.6287694489198252,0.40398550724637683,0.4166666666666667,0.391304347826087,0.7071067811865475,0.8535533905932737,0.6287694489198252,3,KG_TASK_EXPLICIT
426,202,0.6274630541871921,0.25492610837438423,0.2857142857142857,0.22413793103448276,0.9999999999999998,0.9999999999999999,0.6274630541871921,5,KG_TASK_EXPLICIT
426,681,0.6235978446485992,0.2913533834586466,0.21428571428571427,0.3684210526315789,0.9116846116771036,0.9558423058385518,0.6235978446485992,5,KG_TASK_EXPLICIT
426,720,0.6196152731061717,0.3292847503373819,0.3076923076923077,0.3508771929824561,0.8198915917499229,0.9099457958749615,0.6196152731061717,8,KG_TASK_EXPLICIT
427,158,0.7214073642291439,0.4583333333333333,0.16666666666666666,0.75,0.968962790249909,0.9844813951249545,0.7214073642291439,9,KG_TASK_EXPLICIT
427,499,0.7185956320732008,0.4577922077922078,0.2727272727272727,0.6428571428571429,0.9587981127083873,0.9793990563541937,0.7185956320732008,19,KG_TASK_EXPLICIT
427,721,0.6887509160984684,0.4423076923076923,0.23076923076923078,0.6538461538461539,0.8703882797784892,0.9351941398892446,0.6887509160984684,9,KG_TASK_EXPLICIT
427,678,0.6791208791208792,0.35824175824175825,0.23076923076923078,0.4857142857142857,1.0,1.0,0.6791208791208792,7,KG_TASK_EXPLICIT
427,686,0.6760774196909174,0.37969924812030076,0.2857142857142857,0.47368421052631576,0.944911182523068,0.972455591261534,0.6760774196909174,4,KG_TASK_EXPLICIT
427,530,0.6722795980533028,0.37969924812030076,0.2857142857142857,0.47368421052631576,0.9297198959726098,0.9648599479863049,0.6722795980533028,13,KG_TASK_EXPLICIT
427,41,0.6703615231813078,0.373015873015873,0.2222222222222222,0.5238095238095238,0.9354143466934852,0.9677071733467426,0.6703615231813078,10,KG_TASK_EXPLICIT
427,679,0.6606727059938629,0.34325396825396826,0.21428571428571427,0.4722222222222222,0.9561828874675149,0.9780914437337574,0.6606727059938629,5,KG_TASK_EXPLICIT
427,211,0.6597360155318576,0.32949308755760365,0.14285714285714285,0.5161290322580645,0.9799578870122229,0.9899789435061115,0.6597360155318576,6,KG_TASK_EXPLICIT
427,630,0.6539105867317436,0.32972972972972975,0.2,0.4594594594594595,0.9561828874675149,0.9780914437337574,0.6539105867317436,5,KG_TASK_EXPLICIT
428,183,0.9166666666666666,0.8333333333333333,0.7777777777777778,0.8888888888888888,1.0,1.0,0.9166666666666666,4,KG_TASK_EXPLICIT
428,563,0.8503787878787878,0.7007575757575758,0.5833333333333334,0.8181818181818182,1.0000000000000002,1.0,0.8503787878787878,3,KG_TASK_EXPLICIT
428,264,0.7460526315789473,0.4921052631578947,0.3,0.6842105263157895,1.0,1.0,0.7460526315789473,4,KG_TASK_EXPLICIT
428,306,0.7328947368421053,0.46578947368421053,0.3,0.631578947368421,1.0,1.0,0.7328947368421053,4,KG_TASK_EXPLICIT
428,441,0.7327812848900874,0.5026525198938993,0.38461538461538464,0.6206896551724138,0.9258200997725514,0.9629100498862757,0.7327812848900874,7,KG_TASK_EXPLICIT
428,42,0.7083333333333333,0.41666666666666663,0.3333333333333333,0.5,0.9999999999999998,0.9999999999999999,0.7083333333333333,5,KG_TASK_EXPLICIT
428,465,0.7062937062937062,0.4125874125874126,0.36363636363636365,0.46153846153846156,1.0,1.0,0.7062937062937062,4,KG_TASK_EXPLICIT
428,625,0.7056818181818182,0.4113636363636364,0.2727272727272727,0.55,1.0000000000000002,1.0,0.7056818181818182,3,KG_TASK_EXPLICIT
428,479,0.6940559440559441,0.3881118881118881,0.23076923076923078,0.5454545454545454,1.0,1.0,0.6940559440559441,4,KG_TASK_EXPLICIT
428,383,0.6931089743589743,0.3862179487179487,0.23076923076923078,0.5416666666666666,1.0000000000000002,1.0,0.6931089743589743,3,KG_TASK_EXPLICIT
429,391,0.746031746031746,0.4920634920634921,0.5555555555555556,0.42857142857142855,0.9999999999999999,1.0,0.746031746031746,7,KG_TASK_EXPLICIT
429,161,0.7136591478696741,0.4273182957393483,0.38095238095238093,0.47368421052631576,1.0000000000000002,1.0,0.7136591478696741,3,KG_TASK_EXPLICIT
429,29,0.6977926881554121,0.46257267441860467,0.34375,0.5813953488372093,0.8660254037844387,0.9330127018922194,0.6977926881554121,8,KG_TASK_EXPLICIT
429,130,0.6948437334780665,0.43663594470046085,0.35714285714285715,0.5161290322580645,0.9061030445113443,0.9530515222556721,0.6948437334780665,19,KG_TASK_EXPLICIT
429,635,0.6939705270409049,0.437192118226601,0.35714285714285715,0.5172413793103449,0.9014978717104176,0.9507489358552088,0.6939705270409049,18,KG_TASK_EXPLICIT
429,280,0.679860558736544,0.41428571428571426,0.4,0.42857142857142855,0.8908708063747479,0.945435403187374,0.679860558736544,9,KG_TASK_EXPLICIT
429,479,0.6782732571492425,0.4111111111111111,0.26666666666666666,0.5555555555555556,0.8908708063747479,0.945435403187374,0.6782732571492425,11,KG_TASK_EXPLICIT
429,222,0.675065388023604,0.3908514492753623,0.2608695652173913,0.5208333333333334,0.9185586535436917,0.9592793267718458,0.675065388023604,9,KG_TASK_EXPLICIT
429,211,0.6743715784476654,0.39230769230769236,0.4,0.38461538461538464,0.9128709291752769,0.9564354645876385,0.6743715784476654,6,KG_TASK_EXPLICIT
429,722,0.6732142857142858,0.3464285714285714,0.35,0.34285714285714286,1.0000000000000002,1.0,0.6732142857142858,6,KG_TASK_EXPLICIT
430,518,0.6959064327485379,0.391812865497076,0.2222222222222222,0.5614035087719298,0.9999999999999998,0.9999999999999999,0.6959064327485379,5,KG_TASK_EXPLICIT
430,364,0.6491071428571429,0.2982142857142857,0.15,0.44642857142857145,1.0000000000000002,1.0,0.6491071428571429,3,KG_TASK_EXPLICIT
430,463,0.6450158227848102,0.29003164556962024,0.175,0.4050632911392405,1.0,1.0,0.6450158227848102,4,KG_TASK_EXPLICIT
430,698,0.6269262485259804,0.2727272727272727,0.18181818181818182,0.36363636363636365,0.9622504486493763,0.9811252243246882,0.6269262485259804,3,KG_TASK_EXPLICIT
430,611,0.6240384615384615,0.24807692307692308,0.15,0.34615384615384615,0.9999999999999998,0.9999999999999999,0.6240384615384615,5,KG_TASK_EXPLICIT
430,46,0.6228070175438596,0.24561403508771928,0.15789473684210525,0.3333333333333333,0.9999999999999998,0.9999999999999999,0.6228070175438596,5,KG_TASK_EXPLICIT
430,679,0.6215917464996316,0.24318349299926306,0.13043478260869565,0.3559322033898305,1.0,1.0,0.6215917464996316,4,KG_TASK_EXPLICIT
430,509,0.621426409602885,0.2665631469979296,0.21428571428571427,0.3188405797101449,0.9525793444156805,0.9762896722078402,0.621426409602885,6,KG_TASK_EXPLICIT
430,583,0.6173689270621825,0.2633333333333333,0.16666666666666666,0.36,0.9428090415820635,0.9714045207910318,0.6173689270621825,3,KG_TASK_EXPLICIT
430,711,0.6148325358851674,0.2296650717703349,0.09090909090909091,0.3684210526315789,1.0000000000000002,1.0,0.6148325358851674,3,KG_TASK_EXPLICIT
431,63,0.6225246374787998,0.26392405063291136,0.3,0.22784810126582278,0.9622504486493763,0.9811252243246882,0.6225246374787998,3,KG_TASK_EXPLICIT
431,705,0.6008085935149434,0.23931962025316456,0.1875,0.2911392405063291,0.9245951335534446,0.9622975667767223,0.6008085935149434,20,KG_TASK_EXPLICIT
431,202,0.5858212915657264,0.1991869918699187,0.16666666666666666,0.23170731707317074,0.944911182523068,0.972455591261534,0.5858212915657264,4,KG_TASK_EXPLICIT
431,211,0.576817289159093,0.17929292929292928,0.2222222222222222,0.13636363636363635,0.9486832980505138,0.9743416490252569,0.576817289159093,4,KG_TASK_EXPLICIT
431,167,0.5742824734256546,0.20135135135135135,0.2,0.20270270270270271,0.894427190999916,0.947213595499958,0.5742824734256546,6,KG_TASK_EXPLICIT
431,213,0.5737033322525665,0.17306501547987616,0.15789473684210525,0.18823529411764706,0.9486832980505138,0.9743416490252569,0.5737033322525665,6,KG_TASK_EXPLICIT
431,225,0.5682390251013982,0.1650735294117647,0.11764705882352941,0.2125,0.9428090415820635,0.9714045207910318,0.5682390251013982,3,KG_TASK_EXPLICIT
431,486,0.5672382128417466,0.16295546558704455,0.21052631578947367,0.11538461538461539,0.9430419201928973,0.9715209600964487,0.5672382128417466,11,KG_TASK_EXPLICIT
431,317,0.566413243408361,0.16109831029185867,0.10714285714285714,0.21505376344086022,0.9434563530497265,0.9717281765248633,0.566413243408361,4,KG_TASK_EXPLICIT
431,391,0.5652958245126285,0.15625,0.20833333333333334,0.10416666666666667,0.9486832980505138,0.9743416490252569,0.5652958245126285,6,KG_TASK_EXPLICIT
432,160,0.5184263892521274,0.05572755417956656,0.058823529411764705,0.05263157894736842,0.9622504486493763,0.9811252243246882,0.5184263892521274,3,KG_TASK_EXPLICIT
432,497,0.5132775342767575,0.038461538461538464,0.0,0.07692307692307693,0.9761870601839528,0.9880935300919764,0.5132775342767575,5,KG_TASK_EXPLICIT
432,294,0.5051020408163265,0.01020408163265306,0.0,0.02040816326530612,0.9999999999999998,0.9999999999999999,0.5051020408163265,5,KG_TASK_EXPLICIT
432,188,0.5048076923076923,0.009615384615384616,0.0,0.019230769230769232,0.9999999999999998,0.9999999999999999,0.5048076923076923,5,KG_TASK_EXPLICIT
432,380,0.4991833018175165,0.017241379310344827,0.0,0.034482758620689655,0.9622504486493763,0.9811252243246882,0.4991833018175165,3,KG_TASK_EXPLICIT
432,638,0.4903572254844511,0.004424778761061947,0.0,0.008849557522123894,0.9525793444156805,0.9762896722078402,0.4903572254844511,3,KG_TASK_EXPLICIT
432,693,0.47997653358948256,0.007042253521126761,0.0,0.014084507042253521,0.9058216273156767,0.9529108136578384,0.47997653358948256,4,KG_TASK_EXPLICIT
432,413,0.46295670659245386,0.08333333333333333,0.0,0.16666666666666666,0.6851601597031488,0.8425800798515743,0.46295670659245386,9,KG_TASK_EXPLICIT
432,427,0.458511918977915,0.021739130434782608,0.0,0.043478260869565216,0.7905694150420948,0.8952847075210474,0.458511918977915,9,KG_TASK_EXPLICIT
432,566,0.45622830981833884,0.0625,0.0,0.125,0.6999132392733555,0.8499566196366777,0.45622830981833884,7,KG_TASK_EXPLICIT
433,561,0.6702997836153302,0.36919504643962847,0.47368421052631576,0.2647058823529412,0.9428090415820635,0.9714045207910318,0.6702997836153302,3,KG_TASK_EXPLICIT
433,117,0.6640598250537741,0.35902255639097747,0.42857142857142855,0.2894736842105263,0.9381941874331419,0.9690970937165709,0.6640598250537741,13,KG_TASK_EXPLICIT
433,559,0.636377244903035,0.32090643274853803,0.4473684210526316,0.19444444444444445,0.903696114115064,0.9518480570575321,0.636377244903035,7,KG_TASK_EXPLICIT
433,331,0.6361372159206221,0.29981884057971014,0.391304347826087,0.20833333333333334,0.944911182523068,0.972455591261534,0.6361372159206221,4,KG_TASK_EXPLICIT
433,354,0.6324303271617436,0.3176470588235294,0.4,0.23529411764705882,0.8944271909999159,0.9472135954999579,0.6324303271617436,6,KG_TASK_EXPLICIT
433,55,0.6216677431617641,0.3560371517027864,0.4473684210526316,0.2647058823529412,0.7745966692414834,0.8872983346207417,0.6216677431617641,5,KG_TASK_EXPLICIT
433,258,0.6186174812871869,0.4938080495356037,0.6052631578947368,0.38235294117647056,0.48685382607753996,0.74342691303877,0.6186174812871869,51,KG_TASK_EXPLICIT
433,581,0.6164450506750376,0.2980769230769231,0.1794871794871795,0.4166666666666667,0.8696263565463043,0.9348131782731521,0.6164450506750376,11,KG_TASK_EXPLICIT
433,269,0.6152388087269216,0.2675675675675676,0.4,0.13513513513513514,0.9258200997725514,0.9629100498862757,0.6152388087269216,7,KG_TASK_EXPLICIT
433,443,0.6099360573702682,0.2576219512195122,0.3902439024390244,0.125,0.9245003270420487,0.9622501635210243,0.6099360573702682,10,KG_TASK_EXPLICIT
434,49,0.6666666666666666,0.3333333333333333,0.3333333333333333,0.3333333333333333,1.0,1.0,0.6666666666666666,3,KG_TASK_EXPLICIT
434,544,0.6405697987449127,0.4275862068965517,0.2,0.6551724137931034,0.7071067811865475,0.8535533905932737,0.6405697987449127,3,KG_TASK_EXPLICIT
434,326,0.6379032258064516,0.27580645161290324,0.1,0.45161290322580644,1.0,1.0,0.6379032258064516,3,KG_TASK_EXPLICIT
434,310,0.6053571428571428,0.2107142857142857,0.07142857142857142,0.35,1.0,1.0,0.6053571428571428,3,KG_TASK_EXPLICIT
434,339,0.5787878787878789,0.4075757575757576,0.18181818181818182,0.6333333333333333,0.5,0.75,0.5787878787878789,4,KG_TASK_EXPLICIT
434,170,0.568939393939394,0.38787878787878793,0.2,0.5757575757575758,0.4999999999999999,0.75,0.568939393939394,7,KG_TASK_EXPLICIT
434,519,0.5679486784085175,0.3472222222222222,0.16666666666666666,0.5277777777777778,0.5773502691896258,0.7886751345948129,0.5679486784085175,4,KG_TASK_EXPLICIT
434,164,0.5542841287238874,0.17555555555555555,0.1111111111111111,0.24,0.8660254037844387,0.9330127018922194,0.5542841287238874,3,KG_TASK_EXPLICIT
434,309,0.5433689964905128,0.17848970251716248,0.05263157894736842,0.30434782608695654,0.8164965809277261,0.9082482904638631,0.5433689964905128,3,KG_TASK_EXPLICIT
434,47,0.5330266952966368,0.2125,0.125,0.3,0.7071067811865475,0.8535533905932737,0.5330266952966368,4,KG_TASK_EXPLICIT
435,507,0.5690355937288493,0.16666666666666666,0.0,0.3333333333333333,0.9428090415820635,0.9714045207910318,0.5690355937288493,3,KG_TASK_EXPLICIT
435,517,0.5176285836778395,0.05555555555555555,0.0,0.1111111111111111,0.9594032236002469,0.9797016118001234,0.5176285836778395,5,KG_TASK_EXPLICIT
435,564,0.5131448361039201,0.05,0.0,0.1,0.9525793444156805,0.9762896722078402,0.5131448361039201,6,KG_TASK_EXPLICIT
435,430,0.5062528269198784,0.04005006257822278,0.058823529411764705,0.02127659574468085,0.944911182523068,0.972455591261534,0.5062528269198784,4,KG_TASK_EXPLICIT
435,305,0.5036764705882353,0.007352941176470588,0.0,0.014705882352941176,1.0,1.0,0.5036764705882353,11,KG_TASK_EXPLICIT
435,520,0.5031249999999999,0.00625,0.0,0.0125,0.9999999999999998,0.9999999999999999,0.5031249999999999,5,KG_TASK_EXPLICIT
435,167,0.5029346107557676,0.027777777777777776,0.0,0.05555555555555555,0.9561828874675149,0.9780914437337574,0.5029346107557676,4,KG_TASK_EXPLICIT
435,438,0.5028735632183908,0.005747126436781609,0.0,0.011494252873563218,1.0000000000000002,1.0,0.5028735632183908,3,KG_TASK_EXPLICIT
435,226,0.5018767068655696,0.029411764705882353,0.0,0.058823529411764705,0.9486832980505138,0.9743416490252569,0.5018767068655696,6,KG_TASK_EXPLICIT
435,407,0.5002366002452571,0.022381756756756757,0.03125,0.013513513513513514,0.9561828874675149,0.9780914437337574,0.5002366002452571,7,KG_TASK_EXPLICIT
436,292,0.6002304147465437,0.20046082949308755,0.14285714285714285,0.25806451612903225,0.9999999999999998,0.9999999999999999,0.6002304147465437,3,KG_TASK_EXPLICIT
436,63,0.5761217948717949,0.15224358974358976,0.125,0.1794871794871795,1.0000000000000002,1.0,0.5761217948717949,3,KG_TASK_EXPLICIT
436,243,0.5547027290448343,0.10940545808966862,0.07407407407407407,0.14473684210526316,1.0000000000000002,1.0,0.5547027290448343,3,KG_TASK_EXPLICIT
436,111,0.5522206366603954,0.17142857142857143,0.14285714285714285,0.2,0.8660254037844387,0.9330127018922194,0.5522206366603954,3,KG_TASK_EXPLICIT
437,424,0.578961599467572,0.18636363636363634,0.1,0.2727272727272727,0.9431191251430151,0.9715595625715076,0.578961599467572,10,KG_TASK_EXPLICIT
437,281,0.5772329363138706,0.18012422360248448,0.14285714285714285,0.21739130434782608,0.9486832980505138,0.9743416490252569,0.5772329363138706,6,KG_TASK_EXPLICIT
437,359,0.5607919117113055,0.18333333333333335,0.16666666666666666,0.2,0.8765009801785554,0.9382504900892776,0.5607919117113055,14,KG_TASK_EXPLICIT
437,378,0.5598555211558307,0.14912280701754385,0.16666666666666666,0.13157894736842105,0.9411764705882353,0.9705882352941176,0.5598555211558307,11,KG_TASK_EXPLICIT
437,568,0.5489313358485378,0.1125,0.1,0.125,0.9707253433941511,0.9853626716970756,0.5489313358485378,4,KG_TASK_EXPLICIT
437,267,0.5391995614035088,0.07839912280701755,0.05263157894736842,0.10416666666666667,1.0,1.0,0.5391995614035088,4,KG_TASK_EXPLICIT
437,325,0.5384784807603823,0.12077294685990338,0.1111111111111111,0.13043478260869565,0.9123680293217222,0.9561840146608611,0.5384784807603823,20,KG_TASK_EXPLICIT
437,50,0.5365384615384615,0.07307692307692308,0.05,0.09615384615384616,0.9999999999999998,0.9999999999999999,0.5365384615384615,5,KG_TASK_EXPLICIT
437,392,0.5351506224924264,0.09595959595959595,0.05555555555555555,0.13636363636363635,0.9486832980505138,0.9743416490252569,0.5351506224924264,4,KG_TASK_EXPLICIT
437,710,0.5346879005800835,0.09743589743589742,0.06666666666666667,0.1282051282051282,0.9438798074485389,0.9719399037242695,0.5346879005800835,5,KG_TASK_EXPLICIT
438,106,0.7108007074004393,0.44047619047619047,0.38095238095238093,0.5,0.9622504486493763,0.9811252243246882,0.7108007074004393,3,KG_TASK_EXPLICIT
438,213,0.6536056107768634,0.33527131782945735,0.3333333333333333,0.3372093023255814,0.9438798074485389,0.9719399037242695,0.6536056107768634,5,KG_TASK_EXPLICIT
438,327,0.6534090909090909,0.3068181818181818,0.25,0.36363636363636365,0.9999999999999999,1.0,0.6534090909090909,4,KG_TASK_EXPLICIT
438,230,0.6388978179499307,0.38648373983739837,0.4146341463414634,0.35833333333333334,0.7826237921249264,0.8913118960624632,0.6388978179499307,7,KG_TASK_EXPLICIT
438,267,0.6287893917985383,0.2812891113892365,0.2647058823529412,0.2978723404255319,0.9525793444156805,0.9762896722078402,0.6287893917985383,3,KG_TASK_EXPLICIT
438,98,0.6274064441833415,0.27368766404199474,0.21666666666666667,0.33070866141732286,0.9622504486493763,0.9811252243246882,0.6274064441833415,3,KG_TASK_EXPLICIT
438,100,0.6109803483221523,0.24761904761904763,0.14285714285714285,0.3523809523809524,0.9486832980505138,0.9743416490252569,0.6109803483221523,6,KG_TASK_EXPLICIT
438,690,0.609674728940784,0.21934945788156798,0.18181818181818182,0.25688073394495414,1.0000000000000002,1.0,0.609674728940784,3,KG_TASK_EXPLICIT
438,509,0.6082430147333647,0.2440304382051955,0.21621621621621623,0.27184466019417475,0.944911182523068,0.972455591261534,0.6082430147333647,4,KG_TASK_EXPLICIT
438,87,0.6045332003976382,0.22794117647058823,0.20588235294117646,0.25,0.9622504486493763,0.9811252243246882,0.6045332003976382,3,KG_TASK_EXPLICIT
439,500,0.75,0.5,0.375,0.625,1.0,1.0,0.75,4,KG_TASK_EXPLICIT
439,395,0.7258231211324451,0.5186335403726708,0.42857142857142855,0.6086956521739131,0.8660254037844387,0.9330127018922194,0.7258231211324451,4,KG_TASK_EXPLICIT
439,88,0.6791625782394627,0.3858695652173913,0.25,0.5217391304347826,0.944911182523068,0.972455591261534,0.6791625782394627,4,KG_TASK_EXPLICIT
439,466,0.6640625,0.328125,0.25,0.40625,1.0000000000000002,1.0,0.6640625,3,KG_TASK_EXPLICIT
439,271,0.6558785311968437,0.40350877192982454,0.3333333333333333,0.47368421052631576,0.8164965809277259,0.9082482904638629,0.6558785311968437,3,KG_TASK_EXPLICIT
439,130,0.6520527114556829,0.33164983164983164,0.18181818181818182,0.48148148148148145,0.944911182523068,0.972455591261534,0.6520527114556829,4,KG_TASK_EXPLICIT
439,635,0.6511568058500614,0.33090909090909093,0.18181818181818182,0.48,0.9428090415820635,0.9714045207910318,0.6511568058500614,3,KG_TASK_EXPLICIT
439,565,0.6465063509461098,0.36,0.2,0.52,0.8660254037844387,0.9330127018922194,0.6465063509461098,4,KG_TASK_EXPLICIT
439,24,0.643013592554501,0.30490196078431375,0.17647058823529413,0.43333333333333335,0.9622504486493763,0.9811252243246882,0.643013592554501,3,KG_TASK_EXPLICIT
439,186,0.6345980126467932,0.26919602529358627,0.14814814814814814,0.3902439024390244,1.0000000000000002,1.0,0.6345980126467932,3,KG_TASK_EXPLICIT
440,252,0.6733450700345066,0.4916666666666667,0.3333333333333333,0.65,0.710046946804693,0.8550234734023465,0.6733450700345066,10,KG_TASK_EXPLICIT
440,208,0.6220578401581023,0.26299045599151644,0.08695652173913043,0.43902439024390244,0.9622504486493763,0.9811252243246882,0.6220578401581023,3,KG_TASK_EXPLICIT
440,630,0.6219298245614036,0.243859649122807,0.06666666666666667,0.42105263157894735,1.0000000000000002,1.0,0.6219298245614036,3,KG_TASK_EXPLICIT
440,339,0.6107033144107376,0.3370535714285714,0.14285714285714285,0.53125,0.7687061147858074,0.8843530573929037,0.6107033144107376,10,KG_TASK_EXPLICIT
440,242,0.6041666666666666,0.20833333333333331,0.08333333333333333,0.3333333333333333,1.0000000000000002,1.0,0.6041666666666666,3,KG_TASK_EXPLICIT
440,509,0.5898535010020379,0.2432712215320911,0.09523809523809523,0.391304347826087,0.8728715609439696,0.9364357804719847,0.5898535010020379,4,KG_TASK_EXPLICIT
440,441,0.586877323868634,0.35752688172043007,0.16666666666666666,0.5483870967741935,0.6324555320336759,0.816227766016838,0.586877323868634,8,KG_TASK_EXPLICIT
440,243,0.5856826976229961,0.17136539524599226,0.07407407407407407,0.26865671641791045,1.0,1.0,0.5856826976229961,4,KG_TASK_EXPLICIT
440,153,0.58539024537864,0.29545454545454547,0.5,0.09090909090909091,0.7506518906054691,0.8753259453027346,0.58539024537864,11,KG_TASK_EXPLICIT
440,415,0.5810377454379723,0.349025974025974,0.09090909090909091,0.6071428571428571,0.6260990336999411,0.8130495168499705,0.5810377454379723,14,KG_TASK_EXPLICIT
441,114,0.7533414050968086,0.5337301587301587,0.42857142857142855,0.6388888888888888,0.9459053029269171,0.9729526514634586,0.7533414050968086,19,KG_TASK_EXPLICIT
441,184,0.7484811641985432,0.5158371040723982,0.38461538461538464,0.6470588235294118,0.9622504486493764,0.9811252243246882,0.7484811641985432,6,KG_TASK_EXPLICIT
441,577,0.7451923076923077,0.4903846153846154,0.23076923076923078,0.75,0.9999999999999998,0.9999999999999999,0.7451923076923077,5,KG_TASK_EXPLICIT
441,583,0.7435392509911272,0.5156739811912225,0.2727272727272727,0.7586206896551724,0.9428090415820635,0.9714045207910318,0.7435392509911272,3,KG_TASK_EXPLICIT
441,563,0.7329144158113369,0.5533498759305211,0.46153846153846156,0.6451612903225806,0.8249579113843053,0.9124789556921526,0.7329144158113369,8,KG_TASK_EXPLICIT
441,428,0.7327812848900874,0.5026525198938993,0.38461538461538464,0.6206896551724138,0.9258200997725514,0.9629100498862757,0.7327812848900874,7,KG_TASK_EXPLICIT
441,720,0.7308165402195116,0.48917748917748916,0.45454545454545453,0.5238095238095238,0.944911182523068,0.972455591261534,0.7308165402195116,8,KG_TASK_EXPLICIT
441,711,0.7179487179487178,0.4358974358974359,0.3076923076923077,0.5641025641025641,0.9999999999999998,0.9999999999999999,0.7179487179487178,5,KG_TASK_EXPLICIT
441,611,0.7131336405529953,0.42626728110599077,0.14285714285714285,0.7096774193548387,0.9999999999999998,0.9999999999999999,0.7131336405529953,10,KG_TASK_EXPLICIT
441,451,0.7115987460815048,0.4231974921630094,0.36363636363636365,0.4827586206896552,1.0,1.0,0.7115987460815048,4,KG_TASK_EXPLICIT
442,244,0.6403560292899024,0.37246376811594206,0.26666666666666666,0.4782608695652174,0.8164965809277259,0.9082482904638629,0.6403560292899024,3,KG_TASK_EXPLICIT
442,86,0.6303418803418803,0.26068376068376065,0.1111111111111111,0.41025641025641024,1.0000000000000002,1.0,0.6303418803418803,3,KG_TASK_EXPLICIT
442,444,0.6288690431911151,0.3494897959183674,0.25,0.4489795918367347,0.8164965809277259,0.9082482904638629,0.6288690431911151,3,KG_TASK_EXPLICIT
442,170,0.6224489795918366,0.24489795918367346,0.14285714285714285,0.3469387755102041,0.9999999999999998,0.9999999999999999,0.6224489795918366,5,KG_TASK_EXPLICIT
442,114,0.615625,0.23125,0.0625,0.4,1.0,1.0,0.615625,4,KG_TASK_EXPLICIT
442,141,0.6146637020055059,0.254985754985755,0.07407407407407407,0.4358974358974359,0.9486832980505138,0.9743416490252569,0.6146637020055059,5,KG_TASK_EXPLICIT
442,324,0.6124708624708625,0.22494172494172493,0.09090909090909091,0.358974358974359,1.0,1.0,0.6124708624708625,4,KG_TASK_EXPLICIT
442,441,0.6123015873015873,0.22460317460317458,0.07142857142857142,0.37777777777777777,1.0000000000000002,1.0,0.6123015873015873,3,KG_TASK_EXPLICIT
442,544,0.6088860499938363,0.30952380952380953,0.14285714285714285,0.47619047619047616,0.8164965809277261,0.9082482904638631,0.6088860499938363,6,KG_TASK_EXPLICIT
442,166,0.6079550076482632,0.2445054945054945,0.14285714285714285,0.34615384615384615,0.9428090415820635,0.9714045207910318,0.6079550076482632,3,KG_TASK_EXPLICIT
443,141,0.8301151001283438,0.7165242165242165,0.6923076923076923,0.7407407407407407,0.8874119674649422,0.943705983732471,0.8301151001283438,14,KG_TASK_EXPLICIT
443,331,0.8276881720430107,0.6553763440860214,0.6333333333333333,0.6774193548387096,1.0000000000000002,1.0,0.8276881720430107,3,KG_TASK_EXPLICIT
443,237,0.7779346107557676,0.5777777777777777,0.6666666666666666,0.4888888888888889,0.9561828874675149,0.9780914437337574,0.7779346107557676,7,KG_TASK_EXPLICIT
443,354,0.7732371794871795,0.546474358974359,0.7083333333333334,0.38461538461538464,1.0000000000000002,1.0,0.7732371794871795,3,KG_TASK_EXPLICIT
443,559,0.7537481259370314,0.5074962518740629,0.7391304347826086,0.27586206896551724,1.0000000000000002,1.0,0.7537481259370314,3,KG_TASK_EXPLICIT
443,140,0.7256746624606467,0.5786713286713286,0.7727272727272727,0.38461538461538464,0.7453559924999299,0.8726779962499649,0.7256746624606467,17,KG_TASK_EXPLICIT
443,117,0.7192901792509041,0.4550865800865801,0.6071428571428571,0.30303030303030304,0.9669875568304563,0.9834937784152282,0.7192901792509041,8,KG_TASK_EXPLICIT
443,55,0.7041518965848816,0.5547504025764896,0.7391304347826086,0.37037037037037035,0.7071067811865475,0.8535533905932737,0.7041518965848816,4,KG_TASK_EXPLICIT
443,31,0.7033099719869054,0.5863636363636364,0.7727272727272727,0.4,0.6405126152203486,0.8202563076101743,0.7033099719869054,7,KG_TASK_EXPLICIT
443,86,0.6858098924646286,0.39533011272141705,0.08695652173913043,0.7037037037037037,0.9525793444156805,0.9762896722078402,0.6858098924646286,6,KG_TASK_EXPLICIT
444,630,0.7987389619051763,0.6255380200860832,0.47058823529411764,0.7804878048780488,0.9438798074485389,0.9719399037242695,0.7987389619051763,5,KG_TASK_EXPLICIT
444,188,0.7298513615778508,0.5928030303030303,0.3939393939393939,0.7916666666666666,0.7337993857053429,0.8668996928526714,0.7298513615778508,18,KG_TASK_EXPLICIT
444,50,0.7218417187822197,0.5523715415019763,0.4090909090909091,0.6956521739130435,0.7826237921249264,0.8913118960624632,0.7218417187822197,5,KG_TASK_EXPLICIT
444,690,0.7060203644484127,0.489463601532567,0.4444444444444444,0.5344827586206896,0.8451542547285166,0.9225771273642582,0.7060203644484127,12,KG_TASK_EXPLICIT
444,679,0.6944578991885395,0.44976076555023925,0.2631578947368421,0.6363636363636364,0.8783100656536798,0.9391550328268399,0.6944578991885395,9,KG_TASK_EXPLICIT
444,244,0.6939791725517646,0.5045454545454545,0.35,0.6590909090909091,0.766825781116149,0.8834128905580745,0.6939791725517646,20,KG_TASK_EXPLICIT
444,599,0.6923798897484061,0.5037593984962406,0.42857142857142855,0.5789473684210527,0.7620007620011432,0.8810003810005715,0.6923798897484061,13,KG_TASK_EXPLICIT
444,267,0.6809925414804641,0.4394079555966698,0.30434782608695654,0.574468085106383,0.8451542547285165,0.9225771273642582,0.6809925414804641,7,KG_TASK_EXPLICIT
444,375,0.6808936845246445,0.49375,0.4375,0.55,0.7360747380985777,0.8680373690492889,0.6808936845246445,26,KG_TASK_EXPLICIT
444,446,0.6779103413077538,0.41938490214352286,0.3793103448275862,0.4594594594594595,0.8728715609439696,0.9364357804719847,0.6779103413077538,7,KG_TASK_EXPLICIT
445,246,0.735351619674941,0.51,0.5,0.52,0.9214064786997642,0.9607032393498821,0.735351619674941,23,KG_TASK_EXPLICIT
445,538,0.7331776856177784,0.5252100840336134,0.2857142857142857,0.7647058823529411,0.8822905744038869,0.9411452872019435,0.7331776856177784,23,KG_TASK_EXPLICIT
445,58,0.6446980940694345,0.3643724696356275,0.3076923076923077,0.42105263157894735,0.8500474370064828,0.9250237185032414,0.6446980940694345,34,KG_TASK_EXPLICIT
445,156,0.602973322693319,0.3333333333333333,0.3333333333333333,0.3333333333333333,0.7452266241066098,0.8726133120533048,0.602973322693319,27,KG_TASK_EXPLICIT
445,250,0.5962121212121212,0.2590909090909091,0.2,0.3181818181818182,0.8666666666666667,0.9333333333333333,0.5962121212121212,18,KG_TASK_EXPLICIT
445,529,0.5578264940496478,0.17846153846153848,0.07692307692307693,0.28,0.8743828992755144,0.9371914496377571,0.5578264940496478,29,KG_TASK_EXPLICIT
445,400,0.5553035394630363,0.1644144144144144,0.16666666666666666,0.16216216216216217,0.8923853290233166,0.9461926645116583,0.5553035394630363,22,KG_TASK_EXPLICIT
445,325,0.5506575479659406,0.20634920634920634,0.2222222222222222,0.19047619047619047,0.7899317791653497,0.8949658895826749,0.5506575479659406,45,KG_TASK_EXPLICIT
445,336,0.5486067977499789,0.15,0.0,0.3,0.8944271909999159,0.9472135954999579,0.5486067977499789,5,KG_TASK_EXPLICIT
445,356,0.5447300381732937,0.11805555555555555,0.1111111111111111,0.125,0.9428090415820635,0.9714045207910318,0.5447300381732937,3,KG_TASK_EXPLICIT
446,249,0.8122653513414383,0.6680952380952381,0.6428571428571429,0.6933333333333334,0.9128709291752769,0.9564354645876385,0.8122653513414383,6,KG_TASK_EXPLICIT
446,53,0.7950280771214054,0.6336206896551724,0.5172413793103449,0.75,0.9128709291752769,0.9564354645876385,0.7950280771214054,6,KG_TASK_EXPLICIT
446,513,0.7224585759068517,0.4449171518137035,0.4482758620689655,0.44155844155844154,0.9999999999999998,0.9999999999999999,0.7224585759068517,5,KG_TASK_EXPLICIT
446,188,0.7112885636821291,0.5,0.48717948717948717,0.5128205128205128,0.8451542547285165,0.9225771273642582,0.7112885636821291,5,KG_TASK_EXPLICIT
446,50,0.6998948219236607,0.4915413533834586,0.5357142857142857,0.4473684210526316,0.8164965809277259,0.9082482904638629,0.6998948219236607,3,KG_TASK_EXPLICIT
446,23,0.695613455094424,0.42351973684210525,0.28125,0.5657894736842105,0.9354143466934852,0.9677071733467426,0.695613455094424,8,KG_TASK_EXPLICIT
446,333,0.6826923076923077,0.36538461538461536,0.3333333333333333,0.3974358974358974,1.0,1.0,0.6826923076923077,4,KG_TASK_EXPLICIT
446,444,0.6779103413077538,0.41938490214352286,0.3793103448275862,0.4594594594594595,0.8728715609439696,0.9364357804719847,0.6779103413077538,7,KG_TASK_EXPLICIT
446,52,0.6766765748265018,0.4114114114114114,0.4444444444444444,0.3783783783783784,0.8838834764831843,0.9419417382415922,0.6766765748265018,5,KG_TASK_EXPLICIT
446,509,0.6755952380952381,0.35119047619047616,0.3333333333333333,0.36904761904761907,1.0000000000000002,1.0,0.6755952380952381,6,KG_TASK_EXPLICIT
447,466,0.747983870967742,0.4959677419354839,0.25,0.7419354838709677,1.0,1.0,0.747983870967742,4,KG_TASK_EXPLICIT
447,519,0.7016914966553934,0.4992378048780488,0.4375,0.5609756097560976,0.8082903768654761,0.9041451884327381,0.7016914966553934,13,KG_TASK_EXPLICIT
447,689,0.6875491054422866,0.4278846153846154,0.23076923076923078,0.625,0.8944271909999159,0.9472135954999579,0.6875491054422866,6,KG_TASK_EXPLICIT
447,45,0.6796875,0.359375,0.125,0.59375,0.9999999999999998,0.9999999999999999,0.6796875,9,KG_TASK_EXPLICIT
447,612,0.6784105937288493,0.3854166666666667,0.1875,0.5833333333333334,0.9428090415820635,0.9714045207910318,0.6784105937288493,6,KG_TASK_EXPLICIT
447,160,0.6776246023329798,0.3552492046659597,0.17391304347826086,0.5365853658536586,1.0,1.0,0.6776246023329798,4,KG_TASK_EXPLICIT
447,721,0.6771027628650962,0.376114081996435,0.17647058823529413,0.5757575757575758,0.9561828874675149,0.9780914437337574,0.6771027628650962,8,KG_TASK_EXPLICIT
447,112,0.6768077588811863,0.46785714285714286,0.25,0.6857142857142857,0.7715167498104595,0.8857583749052298,0.6768077588811863,6,KG_TASK_EXPLICIT
447,499,0.6746257802929823,0.36388888888888893,0.2,0.5277777777777778,0.9707253433941511,0.9853626716970756,0.6746257802929823,4,KG_TASK_EXPLICIT
447,47,0.6698927264625053,0.44285714285714284,0.2857142857142857,0.6,0.7938566201357354,0.8969283100678678,0.6698927264625053,13,KG_TASK_EXPLICIT
448,726,0.6433706527736242,0.3142857142857143,0.2,0.42857142857142855,0.944911182523068,0.972455591261534,0.6433706527736242,7,KG_TASK_EXPLICIT
448,462,0.6248770388397463,0.2708333333333333,0.16666666666666666,0.375,0.9578414886923188,0.9789207443461594,0.6248770388397463,9,KG_TASK_EXPLICIT
448,306,0.6244623885335454,0.2708333333333333,0.16666666666666666,0.375,0.9561828874675149,0.9780914437337574,0.6244623885335454,5,KG_TASK_EXPLICIT
448,264,0.6170727852969422,0.25980392156862747,0.16666666666666666,0.35294117647058826,0.9486832980505138,0.9743416490252569,0.6170727852969422,12,KG_TASK_EXPLICIT
448,396,0.6080155811134071,0.22916666666666666,0.125,0.3333333333333333,0.9737289911202953,0.9868644955601477,0.6080155811134071,9,KG_TASK_EXPLICIT
448,618,0.6041666666666666,0.25,0.125,0.375,0.9166666666666666,0.9583333333333333,0.6041666666666666,12,KG_TASK_EXPLICIT
448,51,0.6018324786479667,0.22932330827067668,0.14285714285714285,0.3157894736842105,0.9486832980505138,0.9743416490252569,0.6018324786479667,4,KG_TASK_EXPLICIT
448,104,0.5998928556927284,0.3557692307692308,0.25,0.46153846153846156,0.6880329612324521,0.844016480616226,0.5998928556927284,31,KG_TASK_EXPLICIT
448,559,0.59375,0.1875,0.0,0.375,1.0000000000000002,1.0,0.59375,3,KG_TASK_EXPLICIT
448,636,0.588235294117647,0.24789915966386555,0.14285714285714285,0.35294117647058826,0.857142857142857,0.9285714285714285,0.588235294117647,4,KG_TASK_EXPLICIT
450,704,0.6385150543787805,0.3279569892473118,0.3333333333333333,0.3225806451612903,0.8981462390204985,0.9490731195102493,0.6385150543787805,7,KG_TASK_EXPLICIT
450,268,0.6125,0.225,0.2,0.25,1.0000000000000002,1.0,0.6125,3,KG_TASK_EXPLICIT
450,622,0.5981182795698925,0.19623655913978494,0.16666666666666666,0.22580645161290322,1.0000000000000002,1.0,0.5981182795698925,3,KG_TASK_EXPLICIT
450,543,0.588424028528766,0.225,0.2,0.25,0.9036961141150639,0.951848057057532,0.588424028528766,6,KG_TASK_EXPLICIT
450,686,0.5857022603955159,0.2,0.16666666666666666,0.23333333333333334,0.9428090415820635,0.9714045207910318,0.5857022603955159,3,KG_TASK_EXPLICIT
450,570,0.5759154132572172,0.17748917748917747,0.14285714285714285,0.21212121212121213,0.9486832980505138,0.9743416490252569,0.5759154132572172,5,KG_TASK_EXPLICIT
450,451,0.575,0.15000000000000002,0.1,0.2,1.0000000000000002,1.0,0.575,3,KG_TASK_EXPLICIT
450,719,0.5739115435447272,0.16544117647058823,0.125,0.20588235294117646,0.9647638212377322,0.982381910618866,0.5739115435447272,7,KG_TASK_EXPLICIT
450,341,0.5736111111111111,0.14722222222222223,0.1,0.19444444444444445,0.9999999999999999,1.0,0.5736111111111111,4,KG_TASK_EXPLICIT
450,396,0.5736111111111111,0.14722222222222223,0.1,0.19444444444444445,1.0000000000000002,1.0,0.5736111111111111,6,KG_TASK_EXPLICIT
451,183,0.8486067977499789,0.75,0.625,0.875,0.8944271909999159,0.9472135954999579,0.8486067977499789,5,KG_TASK_EXPLICIT
451,563,0.7463340704772516,0.5454545454545454,0.45454545454545453,0.6363636363636364,0.8944271909999159,0.9472135954999579,0.7463340704772516,5,KG_TASK_EXPLICIT
451,441,0.7115987460815048,0.4231974921630094,0.36363636363636365,0.4827586206896552,1.0,1.0,0.7115987460815048,4,KG_TASK_EXPLICIT
451,264,0.6895424836601307,0.3790849673202614,0.1111111111111111,0.6470588235294118,1.0000000000000002,1.0,0.6895424836601307,6,KG_TASK_EXPLICIT
451,42,0.6808035714285714,0.36160714285714285,0.2857142857142857,0.4375,1.0000000000000002,1.0,0.6808035714285714,3,KG_TASK_EXPLICIT
451,268,0.6666666666666666,0.3333333333333333,0.16666666666666666,0.5,1.0000000000000002,1.0,0.6666666666666666,3,KG_TASK_EXPLICIT
451,543,0.6666666666666666,0.3333333333333333,0.16666666666666666,0.5,1.0000000000000002,1.0,0.6666666666666666,3,KG_TASK_EXPLICIT
451,322,0.6631816597813918,0.34523809523809523,0.3333333333333333,0.35714285714285715,0.9622504486493763,0.9811252243246882,0.6631816597813918,3,KG_TASK_EXPLICIT
451,625,0.6499999999999999,0.3,0.1,0.5,0.9999999999999998,0.9999999999999999,0.6499999999999999,5,KG_TASK_EXPLICIT
451,410,0.64998152485431,0.3202614379084967,0.1111111111111111,0.5294117647058824,0.9594032236002469,0.9797016118001234,0.64998152485431,8,KG_TASK_EXPLICIT
452,373,0.5663129703890574,0.17619047619047618,0.06666666666666667,0.2857142857142857,0.9128709291752769,0.9564354645876385,0.5663129703890574,4,KG_TASK_EXPLICIT
452,128,0.5609906975624772,0.1375,0.06666666666666667,0.20833333333333334,0.968962790249909,0.9844813951249545,0.5609906975624772,6,KG_TASK_EXPLICIT
452,673,0.5462962962962963,0.09259259259259259,0.0,0.18518518518518517,0.9999999999999999,1.0,0.5462962962962963,4,KG_TASK_EXPLICIT
452,599,0.5459558823529411,0.09191176470588236,0.058823529411764705,0.125,0.9999999999999999,1.0,0.5459558823529411,4,KG_TASK_EXPLICIT
452,89,0.5446491506238825,0.10817307692307693,0.0625,0.15384615384615385,0.9622504486493763,0.9811252243246882,0.5446491506238825,6,KG_TASK_EXPLICIT
452,689,0.5294117647058824,0.058823529411764705,0.0,0.11764705882352941,0.9999999999999999,1.0,0.5294117647058824,4,KG_TASK_EXPLICIT
452,451,0.5288374911792951,0.08333333333333333,0.0,0.16666666666666666,0.9486832980505138,0.9743416490252569,0.5288374911792951,4,KG_TASK_EXPLICIT
452,213,0.5287036378033697,0.07628205128205129,0.05,0.10256410256410256,0.9622504486493763,0.9811252243246882,0.5287036378033697,3,KG_TASK_EXPLICIT
452,647,0.5279549832767629,0.07142857142857142,0.0,0.14285714285714285,0.968962790249909,0.9844813951249545,0.5279549832767629,6,KG_TASK_EXPLICIT
452,223,0.526595744680851,0.05319148936170213,0.0,0.10638297872340426,1.0000000000000002,1.0,0.526595744680851,3,KG_TASK_EXPLICIT
454,689,0.714373231428136,0.5,0.375,0.625,0.8574929257125442,0.928746462856272,0.714373231428136,11,KG_TASK_EXPLICIT
454,466,0.6716239751405687,0.4431818181818182,0.25,0.6363636363636364,0.8001322641986387,0.9000661320993193,0.6716239751405687,9,KG_TASK_EXPLICIT
454,211,0.662677452571018,0.4027777777777778,0.25,0.5555555555555556,0.8451542547285165,0.9225771273642582,0.662677452571018,5,KG_TASK_EXPLICIT
454,612,0.6468018018018018,0.3536036036036036,0.16666666666666666,0.5405405405405406,0.88,0.94,0.6468018018018018,10,KG_TASK_EXPLICIT
454,447,0.645045045045045,0.3234234234234234,0.13333333333333333,0.5135135135135135,0.9333333333333333,0.9666666666666667,0.645045045045045,10,KG_TASK_EXPLICIT
454,130,0.6297433306968645,0.3114973262032086,0.18181818181818182,0.4411764705882353,0.8959786703810408,0.9479893351905204,0.6297433306968645,9,KG_TASK_EXPLICIT
454,160,0.6272490216295766,0.28255813953488373,0.1,0.46511627906976744,0.9438798074485389,0.9719399037242695,0.6272490216295766,5,KG_TASK_EXPLICIT
454,601,0.6245519713261649,0.24910394265232974,0.1111111111111111,0.3870967741935484,1.0000000000000002,1.0,0.6245519713261649,3,KG_TASK_EXPLICIT
454,678,0.6212802431832145,0.2701048951048951,0.15384615384615385,0.38636363636363635,0.944911182523068,0.972455591261534,0.6212802431832145,4,KG_TASK_EXPLICIT
454,185,0.6192839286869001,0.2661122661122661,0.15384615384615385,0.3783783783783784,0.944911182523068,0.972455591261534,0.6192839286869001,4,KG_TASK_EXPLICIT
455,380,0.7098404255319148,0.4196808510638298,0.35,0.48936170212765956,1.0000000000000002,1.0,0.7098404255319148,3,KG_TASK_EXPLICIT
455,249,0.6858535300316122,0.3717070600632244,0.34615384615384615,0.3972602739726027,1.0,1.0,0.6858535300316122,7,KG_TASK_EXPLICIT
455,154,0.6689786442112419,0.4049445865302643,0.2608695652173913,0.5490196078431373,0.8660254037844387,0.9330127018922194,0.6689786442112419,4,KG_TASK_EXPLICIT
455,53,0.6616291874526149,0.4375,0.375,0.5,0.7715167498104595,0.8857583749052298,0.6616291874526149,8,KG_TASK_EXPLICIT
455,392,0.6563860667634253,0.3127721335268505,0.15384615384615385,0.4716981132075472,1.0,1.0,0.6563860667634253,4,KG_TASK_EXPLICIT
455,679,0.6513803005259416,0.3697478991596639,0.19047619047619047,0.5490196078431373,0.8660254037844387,0.9330127018922194,0.6513803005259416,4,KG_TASK_EXPLICIT
455,188,0.650834671547721,0.39342105263157895,0.23684210526315788,0.55,0.8164965809277261,0.9082482904638631,0.650834671547721,5,KG_TASK_EXPLICIT
455,23,0.6503734461974985,0.4054621848739496,0.42857142857142855,0.38235294117647056,0.7905694150420948,0.8952847075210474,0.6503734461974985,8,KG_TASK_EXPLICIT
455,678,0.6464165461098015,0.3214285714285714,0.14285714285714285,0.5,0.9428090415820632,0.9714045207910316,0.6464165461098015,3,KG_TASK_EXPLICIT
455,560,0.6431695720635321,0.2982456140350877,0.2631578947368421,0.3333333333333333,0.9761870601839528,0.9880935300919764,0.6431695720635321,5,KG_TASK_EXPLICIT
456,461,0.7088031060660265,0.44326456310679613,0.1875,0.6990291262135923,0.9486832980505138,0.9743416490252569,0.7088031060660265,5,KG_TASK_EXPLICIT
456,520,0.6349699932468535,0.5342377260981912,0.2777777777777778,0.7906976744186046,0.47140452079103173,0.7357022603955159,0.6349699932468535,6,KG_TASK_EXPLICIT
456,169,0.6108942726843024,0.250384024577573,0.2857142857142857,0.21505376344086022,0.9428090415820635,0.9714045207910318,0.6108942726843024,10,KG_TASK_EXPLICIT
456,223,0.5949874686716792,0.1899749373433584,0.19047619047619047,0.18947368421052632,1.0000000000000002,1.0,0.5949874686716792,7,KG_TASK_EXPLICIT
456,130,0.5926171504383073,0.20714285714285713,0.21428571428571427,0.2,0.9561828874675149,0.9780914437337574,0.5926171504383073,7,KG_TASK_EXPLICIT
456,57,0.5899621212121212,0.26325757575757575,0.3333333333333333,0.19318181818181818,0.8333333333333335,0.9166666666666667,0.5899621212121212,3,KG_TASK_EXPLICIT
456,259,0.5893464942137508,0.1786929884275017,0.15384615384615385,0.20353982300884957,1.0000000000000002,1.0,0.5893464942137508,3,KG_TASK_EXPLICIT
456,154,0.5883338393428843,0.20526315789473681,0.2631578947368421,0.14736842105263157,0.9428090415820635,0.9714045207910318,0.5883338393428843,3,KG_TASK_EXPLICIT
456,635,0.5860200621437031,0.19575045207956598,0.21428571428571427,0.17721518987341772,0.9525793444156805,0.9762896722078402,0.5860200621437031,6,KG_TASK_EXPLICIT
456,509,0.5829288025889967,0.16585760517799353,0.16666666666666666,0.1650485436893204,1.0000000000000002,1.0,0.5829288025889967,3,KG_TASK_EXPLICIT
457,282,0.6005347962806833,0.2296650717703349,0.09090909090909091,0.3684210526315789,0.9428090415820635,0.9714045207910318,0.6005347962806833,3,KG_TASK_EXPLICIT
457,726,0.5983422045249728,0.22039473684210525,0.125,0.3157894736842105,0.9525793444156805,0.9762896722078402,0.5983422045249728,6,KG_TASK_EXPLICIT
457,396,0.592123533172789,0.20454545454545453,0.09090909090909091,0.3181818181818182,0.9594032236002469,0.9797016118001234,0.592123533172789,8,KG_TASK_EXPLICIT
457,264,0.5908973686156256,0.2222222222222222,0.1111111111111111,0.3333333333333333,0.919145030018058,0.9595725150090291,0.5908973686156256,15,KG_TASK_EXPLICIT
457,448,0.5862966333021072,0.23897058823529413,0.125,0.35294117647058826,0.8672453567378406,0.9336226783689203,0.5862966333021072,27,KG_TASK_EXPLICIT
457,618,0.5861513012560386,0.22045454545454546,0.09090909090909091,0.35,0.9036961141150639,0.951848057057532,0.5861513012560386,10,KG_TASK_EXPLICIT
457,462,0.585757053699827,0.23055555555555554,0.1111111111111111,0.35,0.8819171036881969,0.9409585518440984,0.585757053699827,21,KG_TASK_EXPLICIT
457,55,0.5850874911792951,0.19583333333333333,0.041666666666666664,0.35,0.9486832980505138,0.9743416490252569,0.5850874911792951,3,KG_TASK_EXPLICIT
457,63,0.578405017921147,0.15681003584229392,0.05555555555555555,0.25806451612903225,1.0,1.0,0.578405017921147,4,KG_TASK_EXPLICIT
457,306,0.5774448839756542,0.23055555555555554,0.1111111111111111,0.35,0.8486684247915056,0.9243342123957528,0.5774448839756542,9,KG_TASK_EXPLICIT
458,679,0.6871708245126285,0.4,0.3,0.5,0.9486832980505138,0.9743416490252569,0.6871708245126285,5,KG_TASK_EXPLICIT
458,678,0.6696708245126284,0.365,0.25,0.48,0.9486832980505138,0.9743416490252569,0.6696708245126284,6,KG_TASK_EXPLICIT
458,170,0.6655963316505438,0.5251196172248803,0.3684210526315789,0.6818181818181818,0.6121460921524144,0.8060730460762072,0.6655963316505438,87,KG_TASK_EXPLICIT
458,583,0.6627172728977329,0.4245426829268293,0.3125,0.5365853658536586,0.8017837257372731,0.9008918628686365,0.6627172728977329,5,KG_TASK_EXPLICIT
458,280,0.6486867168673767,0.3493840985442329,0.3157894736842105,0.3829787234042553,0.8959786703810408,0.9479893351905204,0.6486867168673767,9,KG_TASK_EXPLICIT
458,331,0.6471369815767403,0.36126126126126124,0.1891891891891892,0.5333333333333333,0.8660254037844387,0.9330127018922194,0.6471369815767403,3,KG_TASK_EXPLICIT
458,652,0.6440912082988149,0.3513719512195122,0.3125,0.3902439024390244,0.8736209307562355,0.9368104653781177,0.6440912082988149,23,KG_TASK_EXPLICIT
458,57,0.6398477395675013,0.39078674948240166,0.23809523809523808,0.5434782608695652,0.7778174593052022,0.888908729652601,0.6398477395675013,12,KG_TASK_EXPLICIT
458,429,0.6374957279562543,0.4982057416267942,0.47368421052631576,0.5227272727272727,0.5535714285714286,0.7767857142857143,0.6374957279562543,86,KG_TASK_EXPLICIT
458,360,0.6349331668625147,0.3133445945945946,0.1891891891891892,0.4375,0.9130434782608697,0.9565217391304348,0.6349331668625147,11,KG_TASK_EXPLICIT
460,576,0.6769920124683422,0.35398402493668424,0.2711864406779661,0.4367816091954023,1.0,1.0,0.6769920124683422,4,KG_TASK_EXPLICIT
460,114,0.6559641768292682,0.3119283536585366,0.17073170731707318,0.453125,0.9999999999999998,0.9999999999999999,0.6559641768292682,8,KG_TASK_EXPLICIT
460,461,0.6499282639885222,0.2998565279770445,0.27450980392156865,0.3252032520325203,0.9999999999999998,0.9999999999999999,0.6499282639885222,8,KG_TASK_EXPLICIT
460,679,0.6401785714285715,0.28035714285714286,0.175,0.38571428571428573,1.0,1.0,0.6401785714285715,4,KG_TASK_EXPLICIT
460,65,0.6292729789672721,0.36224899598393573,0.26666666666666666,0.4578313253012048,0.7925939239012171,0.8962969619506085,0.6292729789672721,10,KG_TASK_EXPLICIT
460,509,0.622470179492016,0.26865068677619175,0.1702127659574468,0.3670886075949367,0.9525793444156805,0.9762896722078402,0.622470179492016,6,KG_TASK_EXPLICIT
460,57,0.6187282229965156,0.23745644599303134,0.14634146341463414,0.32857142857142857,1.0000000000000002,1.0,0.6187282229965156,6,KG_TASK_EXPLICIT
460,584,0.6168824836810023,0.2623604465709729,0.23684210526315788,0.2878787878787879,0.9428090415820635,0.9714045207910318,0.6168824836810023,3,KG_TASK_EXPLICIT
460,678,0.6162671232876712,0.23253424657534244,0.15,0.3150684931506849,1.0000000000000002,1.0,0.6162671232876712,6,KG_TASK_EXPLICIT
460,132,0.6137163892445583,0.22743277848911653,0.1590909090909091,0.29577464788732394,1.0,1.0,0.6137163892445583,4,KG_TASK_EXPLICIT
461,456,0.7088031060660265,0.44326456310679613,0.1875,0.6990291262135923,0.9486832980505138,0.9743416490252569,0.7088031060660265,5,KG_TASK_EXPLICIT
461,520,0.6999584202795772,0.4218253968253969,0.1388888888888889,0.7047619047619048,0.9561828874675149,0.9780914437337574,0.6999584202795772,7,KG_TASK_EXPLICIT
461,259,0.6614865132002906,0.34668335419274093,0.3404255319148936,0.35294117647058826,0.9525793444156805,0.9762896722078402,0.6614865132002906,6,KG_TASK_EXPLICIT
461,360,0.6504436360726611,0.32894736842105265,0.3333333333333333,0.32456140350877194,0.9438798074485389,0.9719399037242695,0.6504436360726611,5,KG_TASK_EXPLICIT
461,460,0.6499282639885222,0.2998565279770445,0.27450980392156865,0.3252032520325203,0.9999999999999998,0.9999999999999999,0.6499282639885222,8,KG_TASK_EXPLICIT
461,188,0.6496214173980039,0.324901185770751,0.30434782608695654,0.34545454545454546,0.9486832980505138,0.9743416490252569,0.6496214173980039,5,KG_TASK_EXPLICIT
461,690,0.6368114665886425,0.30168302945301545,0.2903225806451613,0.3130434782608696,0.9438798074485389,0.9719399037242695,0.6368114665886425,5,KG_TASK_EXPLICIT
461,576,0.631967213114754,0.2639344262295082,0.2,0.32786885245901637,0.9999999999999998,0.9999999999999999,0.631967213114754,5,KG_TASK_EXPLICIT
461,630,0.6292067307692308,0.25841346153846156,0.21875,0.2980769230769231,1.0,1.0,0.6292067307692308,4,KG_TASK_EXPLICIT
461,679,0.6285669975186103,0.25713399503722084,0.22580645161290322,0.28846153846153844,0.9999999999999998,0.9999999999999999,0.6285669975186103,5,KG_TASK_EXPLICIT
462,36,0.8326174486597708,0.7115384615384616,0.5,0.9230769230769231,0.9073928715621603,0.9536964357810802,0.8326174486597708,12,KG_TASK_EXPLICIT
462,636,0.8108640882624316,0.65,0.5,0.8,0.9434563530497265,0.9717281765248633,0.8108640882624316,7,KG_TASK_EXPLICIT
462,686,0.7847592386784874,0.5961538461538461,0.5,0.6923076923076923,0.9467292624062573,0.9733646312031287,0.7847592386784874,6,KG_TASK_EXPLICIT
462,530,0.781538921064828,0.5961538461538461,0.5,0.6923076923076923,0.9338479919516196,0.9669239959758098,0.781538921064828,13,KG_TASK_EXPLICIT
462,601,0.7708333333333333,0.5416666666666666,0.3333333333333333,0.75,1.0000000000000002,1.0,0.7708333333333333,3,KG_TASK_EXPLICIT
462,685,0.7512430165574795,0.5461538461538462,0.4,0.6923076923076923,0.9126643739222253,0.9563321869611127,0.7512430165574795,19,KG_TASK_EXPLICIT
462,717,0.7333333333333334,0.4666666666666667,0.3333333333333333,0.6,1.0,1.0,0.7333333333333334,4,KG_TASK_EXPLICIT
462,297,0.731651924083832,0.47794117647058826,0.25,0.7058823529411765,0.9707253433941511,0.9853626716970756,0.731651924083832,8,KG_TASK_EXPLICIT
462,674,0.7285294514885355,0.4807692307692308,0.5,0.46153846153846156,0.9525793444156805,0.9762896722078402,0.7285294514885355,6,KG_TASK_EXPLICIT
462,719,0.7259860477556583,0.47916666666666663,0.3333333333333333,0.625,0.9456108576893003,0.9728054288446502,0.7259860477556583,6,KG_TASK_EXPLICIT
463,576,0.6946577446248354,0.3893154892496709,0.3018867924528302,0.47674418604651164,1.0,1.0,0.6946577446248354,4,KG_TASK_EXPLICIT
463,360,0.6653143340923054,0.3581730769230769,0.22916666666666666,0.48717948717948717,0.944911182523068,0.972455591261534,0.6653143340923054,4,KG_TASK_EXPLICIT
463,244,0.6591725662412198,0.3464052287581699,0.2222222222222222,0.47058823529411764,0.9438798074485389,0.9719399037242695,0.6591725662412198,5,KG_TASK_EXPLICIT
463,57,0.6582417582417582,0.31648351648351647,0.17142857142857143,0.46153846153846156,1.0,1.0,0.6582417582417582,4,KG_TASK_EXPLICIT
463,259,0.6558706527736242,0.3392857142857143,0.17857142857142858,0.5,0.944911182523068,0.972455591261534,0.6558706527736242,4,KG_TASK_EXPLICIT
463,430,0.6450158227848102,0.29003164556962024,0.175,0.4050632911392405,1.0,1.0,0.6450158227848102,4,KG_TASK_EXPLICIT
463,223,0.633227530905446,0.26645506181089207,0.12195121951219512,0.410958904109589,1.0000000000000002,1.0,0.633227530905446,3,KG_TASK_EXPLICIT
463,50,0.6283851872247842,0.2853658536585366,0.17073170731707318,0.4,0.9428090415820635,0.9714045207910318,0.6283851872247842,3,KG_TASK_EXPLICIT
463,188,0.6276029232780606,0.28086419753086417,0.16666666666666666,0.3950617283950617,0.9486832980505138,0.9743416490252569,0.6276029232780606,4,KG_TASK_EXPLICIT
463,69,0.6269724285144194,0.32754342431761785,0.1935483870967742,0.46153846153846156,0.8528028654224417,0.9264014327112209,0.6269724285144194,8,KG_TASK_EXPLICIT
464,46,0.6805555555555556,0.3611111111111111,0.2222222222222222,0.5,1.0000000000000002,1.0,0.6805555555555556,6,KG_TASK_EXPLICIT
464,611,0.6775223973222115,0.4027777777777778,0.3333333333333333,0.4722222222222222,0.9045340337332909,0.9522670168666454,0.6775223973222115,11,KG_TASK_EXPLICIT
464,364,0.6636363636363636,0.32727272727272727,0.2,0.45454545454545453,1.0,1.0,0.6636363636363636,4,KG_TASK_EXPLICIT
464,674,0.6588198898080027,0.3547297297297297,0.25,0.4594594594594595,0.9258200997725514,0.9629100498862757,0.6588198898080027,7,KG_TASK_EXPLICIT
464,678,0.6497970871388911,0.32525252525252524,0.2727272727272727,0.37777777777777777,0.9486832980505138,0.9743416490252569,0.6497970871388911,4,KG_TASK_EXPLICIT
464,583,0.6458062748198514,0.4642857142857143,0.42857142857142855,0.5,0.6546536707079772,0.8273268353539887,0.6458062748198514,4,KG_TASK_EXPLICIT
464,698,0.6453331608424187,0.33231707317073167,0.25,0.4146341463414634,0.9166984970282112,0.9583492485141056,0.6453331608424187,8,KG_TASK_EXPLICIT
464,415,0.6333886701987999,0.3236842105263158,0.2,0.4473684210526316,0.8861862597425678,0.9430931298712839,0.6333886701987999,18,KG_TASK_EXPLICIT
464,398,0.62989921612542,0.2597984322508399,0.15789473684210525,0.3617021276595745,1.0,1.0,0.62989921612542,4,KG_TASK_EXPLICIT
464,209,0.6294642857142857,0.2589285714285714,0.14285714285714285,0.375,1.0000000000000002,1.0,0.6294642857142857,3,KG_TASK_EXPLICIT
465,698,0.7534247219128348,0.543939393939394,0.45454545454545453,0.6333333333333333,0.9258200997725515,0.9629100498862757,0.7534247219128348,6,KG_TASK_EXPLICIT
465,306,0.736227795630767,0.5,0.42857142857142855,0.5714285714285714,0.944911182523068,0.972455591261534,0.736227795630767,4,KG_TASK_EXPLICIT
465,583,0.731001978961063,0.4857142857142857,0.5714285714285714,0.4,0.9525793444156805,0.9762896722078402,0.731001978961063,3,KG_TASK_EXPLICIT
465,648,0.7301136363636364,0.4602272727272727,0.375,0.5454545454545454,1.0000000000000002,1.0,0.7301136363636364,7,KG_TASK_EXPLICIT
465,719,0.7268713032432575,0.5,0.42857142857142855,0.5714285714285714,0.9074852129730302,0.9537426064865151,0.7268713032432575,8,KG_TASK_EXPLICIT
465,636,0.7250581421709392,0.5584415584415584,0.5714285714285714,0.5454545454545454,0.7833494518006403,0.8916747259003202,0.7250581421709392,6,KG_TASK_EXPLICIT
465,585,0.7216232182229502,0.46212121212121215,0.5,0.42424242424242425,0.9622504486493763,0.9811252243246882,0.7216232182229502,3,KG_TASK_EXPLICIT
465,36,0.7164484115644962,0.5857142857142856,0.5714285714285714,0.6,0.6943650748294136,0.8471825374147068,0.7164484115644962,10,KG_TASK_EXPLICIT
465,462,0.7127756356953591,0.5,0.42857142857142855,0.5714285714285714,0.8511025427814364,0.9255512713907181,0.7127756356953591,13,KG_TASK_EXPLICIT
465,127,0.7106216916098045,0.4583333333333333,0.375,0.5416666666666666,0.9258200997725514,0.9629100498862757,0.7106216916098045,4,KG_TASK_EXPLICIT
466,112,0.8284042786535853,0.7407834101382489,0.6428571428571429,0.8387096774193549,0.8320502943378437,0.9160251471689218,0.8284042786535853,9,KG_TASK_EXPLICIT
466,211,0.796875,0.59375,0.5,0.6875,1.0000000000000002,1.0,0.796875,3,KG_TASK_EXPLICIT
466,160,0.7798092209856916,0.5596184419713832,0.47058823529411764,0.6486486486486487,1.0000000000000002,1.0,0.7798092209856916,3,KG_TASK_EXPLICIT
466,447,0.747983870967742,0.4959677419354839,0.25,0.7419354838709677,1.0,1.0,0.747983870967742,4,KG_TASK_EXPLICIT
466,45,0.7339648587306009,0.5114942528735632,0.3333333333333333,0.6896551724137931,0.9128709291752769,0.9564354645876385,0.7339648587306009,6,KG_TASK_EXPLICIT
466,711,0.7297008547008548,0.45940170940170943,0.3076923076923077,0.6111111111111112,1.0,1.0,0.7297008547008548,4,KG_TASK_EXPLICIT
466,339,0.7173107989820502,0.45112781954887216,0.42857142857142855,0.47368421052631576,0.9669875568304563,0.9834937784152282,0.7173107989820502,7,KG_TASK_EXPLICIT
466,579,0.7151894398826955,0.458974358974359,0.38461538461538464,0.5333333333333333,0.9428090415820635,0.9714045207910318,0.7151894398826955,3,KG_TASK_EXPLICIT
466,612,0.709283817104974,0.44047619047619047,0.21428571428571427,0.6666666666666666,0.9561828874675149,0.9780914437337574,0.709283817104974,5,KG_TASK_EXPLICIT
466,479,0.7084500178529892,0.4444444444444444,0.3333333333333333,0.5555555555555556,0.944911182523068,0.972455591261534,0.7084500178529892,4,KG_TASK_EXPLICIT
467,364,0.8223684210526316,0.6447368421052632,0.5,0.7894736842105263,1.0000000000000002,1.0,0.8223684210526316,3,KG_TASK_EXPLICIT
467,294,0.6757142857142857,0.3514285714285714,0.14285714285714285,0.56,1.0000000000000002,1.0,0.6757142857142857,3,KG_TASK_EXPLICIT
467,712,0.6749060465057785,0.36868686868686873,0.18181818181818182,0.5555555555555556,0.9622504486493763,0.9811252243246882,0.6749060465057785,3,KG_TASK_EXPLICIT
467,86,0.6725070566067886,0.36388888888888893,0.2,0.5277777777777778,0.9622504486493763,0.9811252243246882,0.6725070566067886,3,KG_TASK_EXPLICIT
467,550,0.6648829743227331,0.39675324675324675,0.35714285714285715,0.43636363636363634,0.8660254037844387,0.9330127018922194,0.6648829743227331,4,KG_TASK_EXPLICIT
467,114,0.6631540697674418,0.3263081395348837,0.1875,0.46511627906976744,1.0000000000000002,1.0,0.6631540697674418,7,KG_TASK_EXPLICIT
467,57,0.65625,0.3125,0.125,0.5,1.0000000000000002,1.0,0.65625,3,KG_TASK_EXPLICIT
467,513,0.6557692307692308,0.31153846153846154,0.2,0.4230769230769231,1.0,1.0,0.6557692307692308,4,KG_TASK_EXPLICIT
467,443,0.6536536536536536,0.3073073073073073,0.07407407407407407,0.5405405405405406,0.9999999999999998,0.9999999999999999,0.6536536536536536,5,KG_TASK_EXPLICIT
467,324,0.6478670583261423,0.3194444444444444,0.16666666666666666,0.4722222222222222,0.9525793444156805,0.9762896722078402,0.6478670583261423,6,KG_TASK_EXPLICIT
468,223,0.6652753996760271,0.3562091503267974,0.3235294117647059,0.3888888888888889,0.9486832980505138,0.9743416490252569,0.6652753996760271,8,KG_TASK_EXPLICIT
468,576,0.6565579340808698,0.31311586816173975,0.25925925925925924,0.3669724770642202,1.0000000000000002,1.0,0.6565579340808698,3,KG_TASK_EXPLICIT
468,360,0.6394226372841296,0.3069053708439898,0.2608695652173913,0.35294117647058826,0.9438798074485389,0.9719399037242695,0.6394226372841296,5,KG_TASK_EXPLICIT
468,222,0.6302896104885573,0.28623757195185767,0.20512820512820512,0.3673469387755102,0.9486832980505138,0.9743416490252569,0.6302896104885573,5,KG_TASK_EXPLICIT
468,288,0.6222821434685841,0.2445642869371683,0.13559322033898305,0.35353535353535354,1.0,1.0,0.6222821434685841,4,KG_TASK_EXPLICIT
468,259,0.615714284202397,0.2685185185185185,0.2037037037037037,0.3333333333333333,0.9258200997725514,0.9629100498862757,0.615714284202397,7,KG_TASK_EXPLICIT
468,123,0.6118066774365162,0.2631578947368421,0.19298245614035087,0.3333333333333333,0.9209109202723808,0.9604554601361903,0.6118066774365162,14,KG_TASK_EXPLICIT
468,234,0.6090165136876732,0.31247947454844005,0.2571428571428571,0.367816091954023,0.8111071056538127,0.9055535528269063,0.6090165136876732,16,KG_TASK_EXPLICIT
468,57,0.6071428571428571,0.21428571428571427,0.14285714285714285,0.2857142857142857,1.0000000000000002,1.0,0.6071428571428571,6,KG_TASK_EXPLICIT
468,200,0.6054108534458261,0.23273026315789475,0.18421052631578946,0.28125,0.9561828874675149,0.9780914437337574,0.6054108534458261,4,KG_TASK_EXPLICIT
470,104,0.5795804632454493,0.3205128205128205,0.3333333333333333,0.3076923076923077,0.6772962119561564,0.8386481059780782,0.5795804632454493,12,KG_TASK_EXPLICIT
470,753,0.5384615384615384,0.07692307692307693,0.0,0.15384615384615385,1.0000000000000002,1.0,0.5384615384615384,3,KG_TASK_EXPLICIT
470,235,0.5275072603284172,0.07692307692307693,0.0,0.15384615384615385,0.9561828874675149,0.9780914437337574,0.5275072603284172,7,KG_TASK_EXPLICIT
470,133,0.5217391304347826,0.043478260869565216,0.0,0.08695652173913043,1.0000000000000002,1.0,0.5217391304347826,3,KG_TASK_EXPLICIT
470,523,0.5178571428571429,0.03571428571428571,0.0,0.07142857142857142,1.0,1.0,0.5178571428571429,4,KG_TASK_EXPLICIT
470,37,0.5121708245126284,0.05,0.0,0.1,0.9486832980505138,0.9743416490252569,0.5121708245126284,4,KG_TASK_EXPLICIT
470,479,0.5113636363636364,0.022727272727272728,0.0,0.045454545454545456,1.0000000000000002,1.0,0.5113636363636364,3,KG_TASK_EXPLICIT
470,371,0.5108695652173914,0.021739130434782608,0.0,0.043478260869565216,1.0000000000000002,1.0,0.5108695652173914,3,KG_TASK_EXPLICIT
470,752,0.5096153846153846,0.019230769230769232,0.0,0.038461538461538464,1.0,1.0,0.5096153846153846,4,KG_TASK_EXPLICIT
470,466,0.5078125,0.015625,0.0,0.03125,0.9999999999999998,0.9999999999999999,0.5078125,5,KG_TASK_EXPLICIT
471,376,0.6560518637241659,0.504375,0.46875,0.54,0.6154574548966638,0.8077287274483319,0.6560518637241659,8,KG_TASK_EXPLICIT
471,577,0.6319019230097094,0.3555555555555555,0.13333333333333333,0.5777777777777777,0.8164965809277261,0.9082482904638631,0.6319019230097094,6,KG_TASK_EXPLICIT
471,391,0.6215674859884005,0.28669950738916256,0.22857142857142856,0.3448275862068966,0.9128709291752769,0.9564354645876385,0.6215674859884005,6,KG_TASK_EXPLICIT
471,142,0.6007172580813832,0.3156761412575366,0.37209302325581395,0.25925925925925924,0.7715167498104595,0.8857583749052298,0.6007172580813832,6,KG_TASK_EXPLICIT
471,466,0.5999661864932317,0.26691967109424414,0.16129032258064516,0.37254901960784315,0.8660254037844387,0.9330127018922194,0.5999661864932317,8,KG_TASK_EXPLICIT
471,604,0.5934208307464219,0.4195804195804196,0.38461538461538464,0.45454545454545453,0.5345224838248488,0.7672612419124244,0.5934208307464219,5,KG_TASK_EXPLICIT
471,360,0.5798169365173298,0.4036885245901639,0.25,0.5573770491803278,0.5118906968889915,0.7559453484444958,0.5798169365173298,8,KG_TASK_EXPLICIT
471,494,0.5776466836734694,0.40529336734693877,0.21875,0.5918367346938775,0.5,0.75,0.5776466836734694,6,KG_TASK_EXPLICIT
471,163,0.5761766021696156,0.6748492678725236,0.5348837209302325,0.8148148148148148,-0.04499212706658476,0.47750393646670763,0.5761766021696156,17,KG_TASK_EXPLICIT
471,681,0.5726551166768917,0.26842105263157895,0.13333333333333333,0.40350877192982454,0.753778361444409,0.8768891807222046,0.5726551166768917,5,KG_TASK_EXPLICIT
472,256,0.67390839873399,0.5805555555555556,0.55,0.6111111111111112,0.5345224838248488,0.7672612419124244,0.67390839873399,19,KG_TASK_EXPLICIT
472,635,0.6138586956521739,0.22771739130434782,0.13043478260869565,0.325,1.0000000000000002,1.0,0.6138586956521739,3,KG_TASK_EXPLICIT
472,721,0.6031332844439237,0.3527131782945736,0.3333333333333333,0.37209302325581395,0.7071067811865475,0.8535533905932737,0.6031332844439237,3,KG_TASK_EXPLICIT
472,186,0.6022267206477733,0.20445344129554655,0.1282051282051282,0.2807017543859649,1.0000000000000002,1.0,0.6022267206477733,3,KG_TASK_EXPLICIT
472,222,0.5919031763429351,0.2507936507936508,0.2,0.30158730158730157,0.8660254037844387,0.9330127018922194,0.5919031763429351,3,KG_TASK_EXPLICIT
472,477,0.5836568322981366,0.16731366459627328,0.17391304347826086,0.16071428571428573,1.0,1.0,0.5836568322981366,4,KG_TASK_EXPLICIT
472,492,0.5800246047178602,0.18864468864468864,0.09523809523809523,0.28205128205128205,0.9428090415820635,0.9714045207910318,0.5800246047178602,3,KG_TASK_EXPLICIT
472,283,0.5791060527672562,0.2709137709137709,0.19047619047619047,0.35135135135135137,0.7745966692414834,0.8872983346207417,0.5791060527672562,6,KG_TASK_EXPLICIT
472,546,0.5766171792152704,0.15323435843054084,0.08695652173913043,0.21951219512195122,1.0000000000000002,1.0,0.5766171792152704,3,KG_TASK_EXPLICIT
472,586,0.5755875672974065,0.3625,0.25,0.475,0.5773502691896258,0.7886751345948129,0.5755875672974065,3,KG_TASK_EXPLICIT
474,659,0.7831133089266261,1.0,1.0,1.0,0.13245323570650439,0.5662266178532522,0.7831133089266261,7,KG_TASK_EXPLICIT
474,67,0.7827322365046137,0.6875,0.5,0.875,0.7559289460184545,0.8779644730092273,0.7827322365046137,6,KG_TASK_EXPLICIT
474,271,0.7630936117548153,0.6388888888888888,0.5,0.7777777777777778,0.7745966692414834,0.8872983346207417,0.7630936117548153,7,KG_TASK_EXPLICIT
474,49,0.7462211397410813,0.6388888888888888,0.5,0.7777777777777778,0.7071067811865475,0.8535533905932737,0.7462211397410813,5,KG_TASK_EXPLICIT
474,129,0.671875,0.34375,0.25,0.4375,0.9999999999999998,0.9999999999999999,0.671875,4,KG_TASK_EXPLICIT
474,35,0.6654411764705882,0.33088235294117646,0.25,0.4117647058823529,0.9999999999999998,0.9999999999999999,0.6654411764705882,3,KG_TASK_EXPLICIT
474,411,0.6458333333333333,0.41666666666666663,0.3333333333333333,0.5,0.7499999999999999,0.875,0.6458333333333333,5,KG_TASK_EXPLICIT
474,323,0.6383813509461097,0.34375,0.25,0.4375,0.8660254037844387,0.9330127018922194,0.6383813509461097,3,KG_TASK_EXPLICIT
474,548,0.6167859892890312,0.38541666666666663,0.3333333333333333,0.4375,0.6963106238227914,0.8481553119113957,0.6167859892890312,9,KG_TASK_EXPLICIT
474,395,0.6033713895325931,0.3194444444444444,0.25,0.3888888888888889,0.7745966692414834,0.8872983346207417,0.6033713895325931,6,KG_TASK_EXPLICIT
475,652,0.6509531114022611,0.3318965517241379,0.25,0.41379310344827586,0.9400193421607683,0.9700096710803842,0.6509531114022611,21,KG_TASK_EXPLICIT
475,722,0.6379061186302755,0.30147058823529416,0.25,0.35294117647058826,0.9486832980505138,0.9743416490252569,0.6379061186302755,5,KG_TASK_EXPLICIT
475,306,0.6310743302175115,0.31493506493506496,0.2727272727272727,0.35714285714285715,0.8944271909999159,0.9472135954999579,0.6310743302175115,7,KG_TASK_EXPLICIT
475,609,0.6190743748811751,0.2890756302521008,0.23529411764705882,0.34285714285714286,0.8981462390204986,0.9490731195102493,0.6190743748811751,16,KG_TASK_EXPLICIT
475,635,0.6164781058366284,0.30069124423963134,0.21428571428571427,0.3870967741935484,0.8645299348672513,0.9322649674336256,0.6164781058366284,18,KG_TASK_EXPLICIT
475,585,0.6100178890876564,0.22003577817531306,0.23076923076923078,0.20930232558139536,0.9999999999999998,0.9999999999999999,0.6100178890876564,5,KG_TASK_EXPLICIT
475,57,0.6054647170034458,0.2757352941176471,0.17647058823529413,0.375,0.8703882797784892,0.9351941398892446,0.6054647170034458,10,KG_TASK_EXPLICIT
475,154,0.5930059523809523,0.18601190476190477,0.14285714285714285,0.22916666666666666,1.0,1.0,0.5930059523809523,4,KG_TASK_EXPLICIT
475,644,0.591301754044925,0.21087533156498675,0.07692307692307693,0.3448275862068966,0.9434563530497265,0.9717281765248633,0.591301754044925,7,KG_TASK_EXPLICIT
475,422,0.5907052225409475,0.19791666666666666,0.0625,0.3333333333333333,0.9669875568304563,0.9834937784152282,0.5907052225409475,5,KG_TASK_EXPLICIT
476,85,0.5901657414559676,0.25,0.0,0.5,0.8606629658238704,0.9303314829119351,0.5901657414559676,6,KG_TASK_EXPLICIT
476,218,0.5284366576819407,0.056873315363881405,0.05714285714285714,0.05660377358490566,1.0000000000000002,1.0,0.5284366576819407,3,KG_TASK_EXPLICIT
476,250,0.5238423731007175,0.1778846153846154,0.125,0.23076923076923078,0.7396002616336389,0.8698001308168195,0.5238423731007175,7,KG_TASK_EXPLICIT
476,602,0.48927669529663687,0.125,0.0,0.25,0.7071067811865475,0.8535533905932737,0.48927669529663687,4,KG_TASK_EXPLICIT
476,156,0.48190031522666515,0.03571428571428571,0.0,0.07142857142857142,0.8561726894780893,0.9280863447390446,0.48190031522666515,13,KG_TASK_EXPLICIT
476,246,0.48166282934219196,0.020833333333333332,0.0,0.041666666666666664,0.8849846507021011,0.9424923253510505,0.48166282934219196,11,KG_TASK_EXPLICIT
476,461,0.4760577781421358,0.004901960784313725,0.0,0.00980392156862745,0.8944271909999159,0.9472135954999579,0.4760577781421358,5,KG_TASK_EXPLICIT
476,538,0.47413941405707477,0.03125,0.0,0.0625,0.8340576562282991,0.9170288281141495,0.47413941405707477,8,KG_TASK_EXPLICIT
476,319,0.4676167218481244,0.004901960784313725,0.0,0.00980392156862745,0.8606629658238704,0.9303314829119351,0.4676167218481244,6,KG_TASK_EXPLICIT
476,58,0.46698180760588115,0.0125,0.0,0.025,0.8429272304235247,0.9214636152117623,0.46698180760588115,11,KG_TASK_EXPLICIT
477,231,0.6607488930487073,0.36923076923076925,0.5384615384615384,0.2,0.9045340337332909,0.9522670168666454,0.6607488930487073,14,KG_TASK_EXPLICIT
477,610,0.6369617224880383,0.27392344497607657,0.36363636363636365,0.18421052631578946,1.0000000000000002,1.0,0.6369617224880383,3,KG_TASK_EXPLICIT
477,162,0.6172930761478137,0.28273809523809523,0.35714285714285715,0.20833333333333334,0.903696114115064,0.9518480570575321,0.6172930761478137,7,KG_TASK_EXPLICIT
477,274,0.5909897003926717,0.2095238095238095,0.3333333333333333,0.08571428571428572,0.944911182523068,0.972455591261534,0.5909897003926717,4,KG_TASK_EXPLICIT
477,74,0.5861522198731501,0.17230443974630022,0.18181818181818182,0.16279069767441862,1.0,1.0,0.5861522198731501,4,KG_TASK_EXPLICIT
477,472,0.5836568322981366,0.16731366459627328,0.17391304347826086,0.16071428571428573,1.0,1.0,0.5836568322981366,4,KG_TASK_EXPLICIT
477,179,0.5747377945820153,0.1895424836601307,0.2222222222222222,0.1568627450980392,0.9198662110078,0.9599331055039,0.5747377945820153,15,KG_TASK_EXPLICIT
477,576,0.5609756097560976,0.12195121951219512,0.12195121951219512,0.12195121951219512,1.0000000000000002,1.0,0.5609756097560976,3,KG_TASK_EXPLICIT
477,59,0.5582885489871847,0.11657709797436958,0.0975609756097561,0.13559322033898305,0.9999999999999998,0.9999999999999999,0.5582885489871847,4,KG_TASK_EXPLICIT
477,283,0.5576509196951991,0.21328671328671328,0.2727272727272727,0.15384615384615385,0.8040302522073697,0.9020151261036848,0.5576509196951991,12,KG_TASK_EXPLICIT
478,500,0.6799469425812089,0.5325670498084292,0.4444444444444444,0.6206896551724138,0.6546536707079772,0.8273268353539887,0.6799469425812089,7,KG_TASK_EXPLICIT
478,271,0.5726100286299702,0.29166666666666663,0.25,0.3333333333333333,0.7071067811865476,0.8535533905932737,0.5726100286299702,6,KG_TASK_EXPLICIT
478,52,0.5696338381537798,0.2857142857142857,0.16666666666666666,0.40476190476190477,0.7071067811865475,0.8535533905932737,0.5696338381537798,4,KG_TASK_EXPLICIT
478,444,0.5548881452837293,0.30116959064327486,0.15789473684210525,0.4444444444444444,0.6172133998483678,0.8086066999241839,0.5548881452837293,7,KG_TASK_EXPLICIT
478,407,0.5533604581072936,0.1900542495479204,0.11428571428571428,0.26582278481012656,0.8333333333333335,0.9166666666666667,0.5533604581072936,6,KG_TASK_EXPLICIT
478,630,0.5516776835764762,0.31468023255813954,0.1875,0.4418604651162791,0.5773502691896258,0.7886751345948129,0.5516776835764762,3,KG_TASK_EXPLICIT
478,689,0.5422046232245648,0.23085585585585586,0.08333333333333333,0.3783783783783784,0.7071067811865475,0.8535533905932737,0.5422046232245648,5,KG_TASK_EXPLICIT
478,16,0.5374574785652648,0.16666666666666666,0.08333333333333333,0.25,0.8164965809277259,0.9082482904638629,0.5374574785652648,3,KG_TASK_EXPLICIT
478,605,0.532145236508994,0.06429047301798801,0.05263157894736842,0.0759493670886076,1.0000000000000002,1.0,0.532145236508994,3,KG_TASK_EXPLICIT
478,259,0.5307759298928864,0.20799846919249904,0.10256410256410256,0.31343283582089554,0.7071067811865475,0.8535533905932737,0.5307759298928864,4,KG_TASK_EXPLICIT
479,149,0.7740840867170087,0.5833333333333334,0.3333333333333333,0.8333333333333334,0.9296696802013682,0.9648348401006841,0.7740840867170087,11,KG_TASK_EXPLICIT
479,129,0.7647841667284359,0.6286764705882353,0.375,0.8823529411764706,0.8017837257372731,0.9008918628686365,0.7647841667284359,4,KG_TASK_EXPLICIT
479,418,0.7537234371203219,0.5822368421052632,0.375,0.7894736842105263,0.8504200642707612,0.9252100321353807,0.7537234371203219,5,KG_TASK_EXPLICIT
479,506,0.75,0.5,0.3333333333333333,0.6666666666666666,0.9999999999999998,0.9999999999999999,0.75,5,KG_TASK_EXPLICIT
479,47,0.7461684985160508,0.5571428571428572,0.4,0.7142857142857143,0.8703882797784892,0.9351941398892446,0.7461684985160508,9,KG_TASK_EXPLICIT
479,648,0.7381448361039201,0.5,0.3333333333333333,0.6666666666666666,0.9525793444156805,0.9762896722078402,0.7381448361039201,3,KG_TASK_EXPLICIT
479,24,0.7321428571428572,0.5,0.4,0.6,0.9285714285714286,0.9642857142857143,0.7321428571428572,11,KG_TASK_EXPLICIT
479,692,0.7291666666666667,0.45833333333333337,0.3333333333333333,0.5833333333333334,1.0000000000000002,1.0,0.7291666666666667,3,KG_TASK_EXPLICIT
479,306,0.7201709798947697,0.46405228758169936,0.2222222222222222,0.7058823529411765,0.9525793444156805,0.9762896722078402,0.7201709798947697,6,KG_TASK_EXPLICIT
479,57,0.712305233114779,0.4502688172043011,0.4166666666666667,0.4838709677419355,0.9486832980505138,0.9743416490252569,0.712305233114779,5,KG_TASK_EXPLICIT
482,376,0.6934603799511403,0.46683673469387754,0.4642857142857143,0.46938775510204084,0.840168050416806,0.920084025208403,0.6934603799511403,11,KG_TASK_EXPLICIT
482,533,0.6645847133222547,0.5212285456187895,0.48148148148148145,0.5609756097560976,0.6158817620514397,0.8079408810257198,0.6645847133222547,28,KG_TASK_EXPLICIT
482,256,0.6619888496496498,0.512263099219621,0.43478260869565216,0.5897435897435898,0.6234292001593574,0.8117146000796787,0.6619888496496498,45,KG_TASK_EXPLICIT
482,142,0.6562499406896994,0.37948717948717947,0.358974358974359,0.4,0.8660254037844387,0.9330127018922194,0.6562499406896994,9,KG_TASK_EXPLICIT
482,511,0.6502832752585699,0.5051051051051051,0.43243243243243246,0.5777777777777777,0.5909228908240696,0.7954614454120348,0.6502832752585699,126,KG_TASK_EXPLICIT
482,586,0.641607871001903,0.3879310344827586,0.27586206896551724,0.5,0.7905694150420948,0.8952847075210474,0.641607871001903,18,KG_TASK_EXPLICIT
482,222,0.6397568801916188,0.3104166666666667,0.1875,0.43333333333333335,0.9381941874331419,0.9690970937165709,0.6397568801916188,13,KG_TASK_EXPLICIT
482,62,0.6362969988035733,0.40945747800586507,0.3870967741935484,0.4318181818181818,0.7262730392025629,0.8631365196012815,0.6362969988035733,46,KG_TASK_EXPLICIT
482,722,0.6353605894366764,0.3142857142857143,0.2,0.42857142857142855,0.9128709291752769,0.9564354645876385,0.6353605894366764,6,KG_TASK_EXPLICIT
482,289,0.6303352410290008,0.49157054125998223,0.391304347826087,0.5918367346938775,0.5381998815960392,0.7690999407980196,0.6303352410290008,155,KG_TASK_EXPLICIT
483,280,0.7288461538461539,0.45769230769230773,0.3,0.6153846153846154,1.0000000000000002,1.0,0.7288461538461539,3,KG_TASK_EXPLICIT
483,499,0.6891634974943118,0.38697318007662834,0.2222222222222222,0.5517241379310345,0.9827076298239908,0.9913538149119954,0.6891634974943118,7,KG_TASK_EXPLICIT
483,158,0.662513504691074,0.34325396825396826,0.2222222222222222,0.4642857142857143,0.9635460822563594,0.9817730411281798,0.662513504691074,7,KG_TASK_EXPLICIT
483,159,0.6572292788290107,0.3333333333333333,0.3333333333333333,0.3333333333333333,0.9622504486493763,0.9811252243246882,0.6572292788290107,3,KG_TASK_EXPLICIT
483,306,0.6559921154679796,0.3405797101449275,0.3333333333333333,0.34782608695652173,0.9428090415820635,0.9714045207910318,0.6559921154679796,3,KG_TASK_EXPLICIT
483,583,0.6404641651574207,0.30952380952380953,0.2857142857142857,0.3333333333333333,0.9428090415820635,0.9714045207910318,0.6404641651574207,3,KG_TASK_EXPLICIT
483,333,0.6402423114582939,0.29512195121951224,0.2,0.3902439024390244,0.9707253433941511,0.9853626716970756,0.6402423114582939,4,KG_TASK_EXPLICIT
483,466,0.6392045454545454,0.27840909090909094,0.18181818181818182,0.375,0.9999999999999998,0.9999999999999999,0.6392045454545454,5,KG_TASK_EXPLICIT
483,395,0.6190476190476191,0.23809523809523808,0.14285714285714285,0.3333333333333333,1.0,1.0,0.6190476190476191,4,KG_TASK_EXPLICIT
483,276,0.6172085297518706,0.24632352941176472,0.11764705882352941,0.375,0.9761870601839528,0.9880935300919764,0.6172085297518706,5,KG_TASK_EXPLICIT
484,574,0.6425233964760696,0.30392156862745096,0.0,0.6078431372549019,0.9622504486493763,0.9811252243246882,0.6425233964760696,3,KG_TASK_EXPLICIT
484,131,0.5744047619047619,0.1488095238095238,0.25,0.047619047619047616,1.0000000000000002,1.0,0.5744047619047619,3,KG_TASK_EXPLICIT
484,483,0.5502873563218391,0.10057471264367815,0.16666666666666666,0.034482758620689655,1.0000000000000002,1.0,0.5502873563218391,3,KG_TASK_EXPLICIT
484,86,0.5080645161290323,0.016129032258064516,0.0,0.03225806451612903,1.0000000000000002,1.0,0.5080645161290323,3,KG_TASK_EXPLICIT
484,300,0.5061728395061729,0.012345679012345678,0.0,0.024691358024691357,1.0000000000000002,1.0,0.5061728395061729,3,KG_TASK_EXPLICIT
484,309,0.5061728395061729,0.012345679012345678,0.0,0.024691358024691357,1.0000000000000002,1.0,0.5061728395061729,3,KG_TASK_EXPLICIT
484,33,0.5061475409836066,0.012295081967213115,0.0,0.02459016393442623,0.9999999999999999,1.0,0.5061475409836066,4,KG_TASK_EXPLICIT
484,674,0.5037878787878788,0.007575757575757576,0.0,0.015151515151515152,1.0000000000000002,1.0,0.5037878787878788,3,KG_TASK_EXPLICIT
484,283,0.4996535212532532,0.01818181818181818,0.0,0.03636363636363636,0.9622504486493763,0.9811252243246882,0.4996535212532532,3,KG_TASK_EXPLICIT
484,91,0.49691676592848155,0.017543859649122806,0.0,0.03508771929824561,0.9525793444156805,0.9762896722078402,0.49691676592848155,3,KG_TASK_EXPLICIT
486,508,0.7583333333333334,0.6000000000000001,0.4,0.8,0.8333333333333335,0.9166666666666667,0.7583333333333334,3,KG_TASK_EXPLICIT
486,226,0.7297990476322185,0.5918803418803419,0.46153846153846156,0.7222222222222222,0.7354355067681901,0.8677177533840951,0.7297990476322185,14,KG_TASK_EXPLICIT
486,635,0.7173115027705868,0.45833333333333337,0.4166666666666667,0.5,0.9525793444156805,0.9762896722078402,0.7173115027705868,6,KG_TASK_EXPLICIT
486,506,0.7058403899401219,0.4305555555555556,0.25,0.6111111111111112,0.9622504486493763,0.9811252243246882,0.7058403899401219,3,KG_TASK_EXPLICIT
486,306,0.7034313725490196,0.4068627450980392,0.16666666666666666,0.6470588235294118,1.0000000000000002,1.0,0.7034313725490196,3,KG_TASK_EXPLICIT
486,264,0.6879056016541594,0.39952153110047844,0.2727272727272727,0.5263157894736842,0.9525793444156805,0.9762896722078402,0.6879056016541594,9,KG_TASK_EXPLICIT
486,36,0.6816170817488736,0.47593582887700536,0.36363636363636365,0.5882352941176471,0.7745966692414834,0.8872983346207417,0.6816170817488736,9,KG_TASK_EXPLICIT
486,280,0.678690955309433,0.375,0.35714285714285715,0.39285714285714285,0.9647638212377322,0.982381910618866,0.678690955309433,4,KG_TASK_EXPLICIT
486,89,0.6759615384615385,0.35192307692307695,0.15384615384615385,0.55,1.0,1.0,0.6759615384615385,3,KG_TASK_EXPLICIT
486,579,0.6693948361039201,0.3625,0.26666666666666666,0.4583333333333333,0.9525793444156805,0.9762896722078402,0.6693948361039201,6,KG_TASK_EXPLICIT
487,239,0.7489721615544691,0.5192307692307692,0.5,0.5384615384615384,0.9574271077563381,0.978713553878169,0.7489721615544691,12,KG_TASK_EXPLICIT
487,35,0.7447010163076148,0.5769230769230769,0.5,0.6538461538461539,0.8249579113843053,0.9124789556921526,0.7447010163076148,10,KG_TASK_EXPLICIT
487,492,0.7440379699872435,0.5384615384615384,0.5,0.5769230769230769,0.899228803025897,0.9496144015129485,0.7440379699872435,13,KG_TASK_EXPLICIT
487,601,0.7275641025641025,0.45512820512820507,0.3333333333333333,0.5769230769230769,1.0000000000000002,1.0,0.7275641025641025,3,KG_TASK_EXPLICIT
487,178,0.7239171473757401,0.5,0.5,0.5,0.8956685895029604,0.9478342947514802,0.7239171473757401,22,KG_TASK_EXPLICIT
487,130,0.7165305576651092,0.46515151515151515,0.36363636363636365,0.5666666666666667,0.9358192003574064,0.9679096001787032,0.7165305576651092,16,KG_TASK_EXPLICIT
487,479,0.704490989950074,0.4326923076923077,0.25,0.6153846153846154,0.9525793444156805,0.9762896722078402,0.704490989950074,6,KG_TASK_EXPLICIT
487,127,0.6961742678185606,0.5491452991452992,0.4444444444444444,0.6538461538461539,0.686406472983644,0.843203236491822,0.6961742678185606,14,KG_TASK_EXPLICIT
487,494,0.6945611289641003,0.41666666666666663,0.3333333333333333,0.5,0.944911182523068,0.972455591261534,0.6945611289641003,8,KG_TASK_EXPLICIT
487,161,0.6908783783783784,0.38175675675675674,0.25,0.5135135135135135,1.0000000000000002,1.0,0.6908783783783784,3,KG_TASK_EXPLICIT
488,62,0.8596425244900769,0.7840909090909092,0.8181818181818182,0.75,0.8703882797784892,0.9351941398892446,0.8596425244900769,38,KG_TASK_EXPLICIT
488,586,0.7695614591379635,0.5549999999999999,0.36,0.75,0.9682458365518541,0.984122918275927,0.7695614591379635,13,KG_TASK_EXPLICIT
488,593,0.751065941782268,0.5438596491228069,0.42105263157894735,0.6666666666666666,0.9165444688834582,0.9582722344417292,0.751065941782268,16,KG_TASK_EXPLICIT
488,673,0.7382084511868909,0.6052631578947368,0.3157894736842105,0.8947368421052632,0.7423074889580903,0.8711537444790451,0.7382084511868909,29,KG_TASK_EXPLICIT
488,533,0.7022061032768045,0.6643478260869565,0.6086956521739131,0.72,0.4801287609333055,0.7400643804666527,0.7022061032768045,31,KG_TASK_EXPLICIT
488,496,0.6892857142857143,0.8785714285714286,0.9,0.8571428571428571,0.0,0.5,0.6892857142857143,24,KG_TASK_EXPLICIT
488,256,0.6834282834063292,0.445,0.25,0.64,0.8437131336253169,0.9218565668126584,0.6834282834063292,34,KG_TASK_EXPLICIT
488,511,0.6640459173613477,0.5388257575757576,0.5151515151515151,0.5625,0.5785321542938755,0.7892660771469378,0.6640459173613477,105,KG_TASK_EXPLICIT
488,376,0.6604176537532302,0.3635057471264368,0.3103448275862069,0.4166666666666667,0.9146591207600472,0.9573295603800236,0.6604176537532302,12,KG_TASK_EXPLICIT
488,295,0.6510466244368092,0.47916666666666663,0.4583333333333333,0.5,0.6458531644139036,0.8229265822069518,0.6510466244368092,120,KG_TASK_EXPLICIT
489,292,0.3875,0.025,0.0,0.05,0.5,0.75,0.3875,4,KG_TASK_EXPLICIT
489,172,0.36342570897960214,0.022727272727272728,0.0,0.045454545454545456,0.4082482904638631,0.7041241452319316,0.36342570897960214,4,KG_TASK_EXPLICIT
489,300,0.3391472868217055,0.011627906976744186,0.0,0.023255813953488372,0.33333333333333337,0.6666666666666667,0.3391472868217055,3,KG_TASK_EXPLICIT
489,458,0.3391472868217055,0.011627906976744186,0.0,0.023255813953488372,0.33333333333333337,0.6666666666666667,0.3391472868217055,3,KG_TASK_EXPLICIT
489,325,0.2727272727272727,0.045454545454545456,0.0,0.09090909090909091,0.0,0.5,0.2727272727272727,5,KG_TASK_EXPLICIT
490,141,0.6847718346136386,0.3952020202020202,0.4722222222222222,0.3181818181818182,0.9486832980505138,0.9743416490252569,0.6847718346136386,4,KG_TASK_EXPLICIT
490,31,0.5924586911198947,0.2976190476190476,0.5,0.09523809523809523,0.7745966692414834,0.8872983346207417,0.5924586911198947,5,KG_TASK_EXPLICIT
490,74,0.584733893557423,0.16946778711484595,0.029411764705882353,0.30952380952380953,1.0000000000000002,1.0,0.584733893557423,3,KG_TASK_EXPLICIT
490,214,0.5819023305116642,0.28584018801410105,0.2608695652173913,0.3108108108108108,0.7559289460184544,0.8779644730092272,0.5819023305116642,7,KG_TASK_EXPLICIT
490,140,0.5808299997885438,0.2965116279069767,0.5,0.09302325581395349,0.7302967433402214,0.8651483716701107,0.5808299997885438,5,KG_TASK_EXPLICIT
490,228,0.5781853281853282,0.15637065637065636,0.02702702702702703,0.2857142857142857,1.0,1.0,0.5781853281853282,4,KG_TASK_EXPLICIT
490,515,0.5744318181818182,0.14886363636363636,0.025,0.2727272727272727,1.0000000000000002,1.0,0.5744318181818182,3,KG_TASK_EXPLICIT
490,583,0.5740196078431372,0.1480392156862745,0.029411764705882353,0.26666666666666666,1.0000000000000002,1.0,0.5740196078431372,3,KG_TASK_EXPLICIT
490,611,0.570774231678487,0.141548463356974,0.027777777777777776,0.2553191489361702,1.0000000000000002,1.0,0.570774231678487,6,KG_TASK_EXPLICIT
490,674,0.5698529411764706,0.13970588235294118,0.029411764705882353,0.25,1.0,1.0,0.5698529411764706,4,KG_TASK_EXPLICIT
492,127,0.8965122638228836,0.8411764705882353,0.8,0.8823529411764706,0.9036961141150639,0.951848057057532,0.8965122638228836,6,KG_TASK_EXPLICIT
492,239,0.8141341260766115,0.6529411764705882,0.6,0.7058823529411765,0.9506541513652698,0.9753270756826349,0.8141341260766115,11,KG_TASK_EXPLICIT
492,178,0.8058114709283412,0.6235294117647059,0.6,0.6470588235294118,0.9761870601839528,0.9880935300919764,0.8058114709283412,14,KG_TASK_EXPLICIT
492,35,0.7635175083071468,0.5619047619047619,0.6,0.5238095238095238,0.9302605094190635,0.9651302547095317,0.7635175083071468,14,KG_TASK_EXPLICIT
492,385,0.7547716512876417,0.5378151260504201,0.42857142857142855,0.6470588235294118,0.9434563530497265,0.9717281765248633,0.7547716512876417,7,KG_TASK_EXPLICIT
492,487,0.7440379699872435,0.5384615384615384,0.5,0.5769230769230769,0.899228803025897,0.9496144015129485,0.7440379699872435,13,KG_TASK_EXPLICIT
492,546,0.731046365914787,0.5037593984962406,0.42857142857142855,0.5789473684210527,0.9166666666666666,0.9583333333333333,0.731046365914787,10,KG_TASK_EXPLICIT
492,32,0.7174983399668522,0.5166666666666666,0.5,0.5333333333333333,0.8366600265340756,0.9183300132670378,0.7174983399668522,4,KG_TASK_EXPLICIT
492,110,0.7026174620572208,0.4722222222222222,0.5,0.4444444444444444,0.8660254037844386,0.9330127018922193,0.7026174620572208,6,KG_TASK_EXPLICIT
492,590,0.6997972739404551,0.45238095238095233,0.3333333333333333,0.5714285714285714,0.8944271909999159,0.9472135954999579,0.6997972739404551,5,KG_TASK_EXPLICIT
493,685,0.6434208245126285,0.3125,0.125,0.5,0.9486832980505138,0.9743416490252569,0.6434208245126285,5,KG_TASK_EXPLICIT
493,363,0.6065050976128838,0.3047619047619048,0.14285714285714285,0.4666666666666667,0.8164965809277259,0.9082482904638629,0.6065050976128838,3,KG_TASK_EXPLICIT
493,359,0.5552489175188591,0.2569444444444444,0.125,0.3888888888888889,0.7071067811865475,0.8535533905932737,0.5552489175188591,3,KG_TASK_EXPLICIT
493,513,0.5499482401656315,0.09989648033126294,0.047619047619047616,0.15217391304347827,1.0000000000000002,1.0,0.5499482401656315,3,KG_TASK_EXPLICIT
493,487,0.5439002723699874,0.15136476426799006,0.07692307692307693,0.22580645161290322,0.8728715609439696,0.9364357804719847,0.5439002723699874,4,KG_TASK_EXPLICIT
493,130,0.5422651708729571,0.17628205128205127,0.08333333333333333,0.2692307692307692,0.8164965809277259,0.9082482904638629,0.5422651708729571,3,KG_TASK_EXPLICIT
493,231,0.5415570608852578,0.15010141987829614,0.058823529411764705,0.2413793103448276,0.8660254037844387,0.9330127018922194,0.5415570608852578,3,KG_TASK_EXPLICIT
493,603,0.5114158118985981,0.11458333333333333,0.0625,0.16666666666666666,0.8164965809277259,0.9082482904638629,0.5114158118985981,3,KG_TASK_EXPLICIT
493,386,0.5095177968644247,0.2833333333333333,0.1,0.4666666666666667,0.47140452079103173,0.7357022603955159,0.5095177968644247,5,KG_TASK_EXPLICIT
493,488,0.5036231884057971,0.17391304347826086,0.043478260869565216,0.30434782608695654,0.6666666666666667,0.8333333333333334,0.5036231884057971,5,KG_TASK_EXPLICIT
494,169,0.73412005757038,0.4963002114164905,0.3181818181818182,0.6744186046511628,0.9438798074485389,0.9719399037242695,0.73412005757038,5,KG_TASK_EXPLICIT
494,57,0.7158119658119658,0.43162393162393164,0.2222222222222222,0.6410256410256411,1.0,1.0,0.7158119658119658,4,KG_TASK_EXPLICIT
494,170,0.7094943226223644,0.5708333333333333,0.4666666666666667,0.675,0.6963106238227914,0.8481553119113957,0.7094943226223644,8,KG_TASK_EXPLICIT
494,360,0.6950642403853973,0.41203703703703703,0.25,0.5740740740740741,0.9561828874675149,0.9780914437337574,0.6950642403853973,4,KG_TASK_EXPLICIT
494,487,0.6945611289641003,0.41666666666666663,0.3333333333333333,0.5,0.944911182523068,0.972455591261534,0.6945611289641003,8,KG_TASK_EXPLICIT
494,244,0.6896645021645021,0.37932900432900435,0.19047619047619047,0.5681818181818182,1.0,1.0,0.6896645021645021,4,KG_TASK_EXPLICIT
494,114,0.6888120177325447,0.4257759784075574,0.21052631578947367,0.6410256410256411,0.903696114115064,0.9518480570575321,0.6888120177325447,7,KG_TASK_EXPLICIT
494,694,0.6828741370941817,0.3932926829268293,0.25,0.5365853658536586,0.944911182523068,0.972455591261534,0.6828741370941817,4,KG_TASK_EXPLICIT
494,678,0.681045751633987,0.36209150326797385,0.23529411764705882,0.4888888888888889,1.0000000000000002,1.0,0.681045751633987,3,KG_TASK_EXPLICIT
494,259,0.6782661782661783,0.3565323565323565,0.20512820512820512,0.5079365079365079,1.0000000000000002,1.0,0.6782661782661783,3,KG_TASK_EXPLICIT
495,378,0.7304621589248332,0.5357142857142857,0.2857142857142857,0.7857142857142857,0.8504200642707612,0.9252100321353807,0.7304621589248332,11,KG_TASK_EXPLICIT
495,349,0.6925500711578574,0.47685185185185186,0.25,0.7037037037037037,0.8164965809277259,0.9082482904638629,0.6925500711578574,3,KG_TASK_EXPLICIT
495,124,0.6856060606060606,0.41666666666666663,0.16666666666666666,0.6666666666666666,0.9090909090909091,0.9545454545454546,0.6856060606060606,5,KG_TASK_EXPLICIT
495,530,0.6770833333333333,0.35416666666666663,0.3333333333333333,0.375,1.0,1.0,0.6770833333333333,6,KG_TASK_EXPLICIT
495,552,0.6661533882150648,0.3609022556390977,0.14285714285714285,0.5789473684210527,0.9428090415820635,0.9714045207910318,0.6661533882150648,3,KG_TASK_EXPLICIT
495,205,0.6628641979579062,0.6160714285714286,0.375,0.8571428571428571,0.4193139346887673,0.7096569673443837,0.6628641979579062,7,KG_TASK_EXPLICIT
495,686,0.6553010656271525,0.35416666666666663,0.3333333333333333,0.375,0.9128709291752769,0.9564354645876385,0.6553010656271525,3,KG_TASK_EXPLICIT
495,685,0.6369207199244774,0.33035714285714285,0.2857142857142857,0.375,0.8869685939836239,0.943484296991812,0.6369207199244774,21,KG_TASK_EXPLICIT
495,585,0.6339927397111995,0.47931034482758617,0.2,0.7586206896551724,0.5773502691896258,0.7886751345948129,0.6339927397111995,3,KG_TASK_EXPLICIT
495,237,0.6294797676965844,0.334625322997416,0.1111111111111111,0.5581395348837209,0.8486684247915056,0.9243342123957528,0.6294797676965844,9,KG_TASK_EXPLICIT
496,62,0.7337116453449477,0.8920454545454546,0.9090909090909091,0.875,0.15075567228888181,0.5753778361444409,0.7337116453449477,17,KG_TASK_EXPLICIT
496,533,0.7172463768115942,0.7678260869565217,0.6956521739130435,0.84,0.33333333333333337,0.6666666666666667,0.7172463768115942,10,KG_TASK_EXPLICIT
496,488,0.6892857142857143,0.8785714285714286,0.9,0.8571428571428571,0.0,0.5,0.6892857142857143,24,KG_TASK_EXPLICIT
496,586,0.6731837211435603,0.5576923076923077,0.38461538461538464,0.7307692307692307,0.5773502691896258,0.7886751345948129,0.6731837211435603,6,KG_TASK_EXPLICIT
496,673,0.6518658104138937,0.6035714285714285,0.35,0.8571428571428571,0.4003203845127179,0.700160192256359,0.6518658104138937,11,KG_TASK_EXPLICIT
496,610,0.6359423270501132,0.36363636363636365,0.22727272727272727,0.5,0.8164965809277259,0.9082482904638629,0.6359423270501132,3,KG_TASK_EXPLICIT
496,593,0.6340908169582674,0.48214285714285715,0.38095238095238093,0.5833333333333334,0.5720775535473553,0.7860387767736776,0.6340908169582674,8,KG_TASK_EXPLICIT
496,142,0.6186868686868687,0.40404040404040403,0.4444444444444444,0.36363636363636365,0.6666666666666667,0.8333333333333334,0.6186868686868687,5,KG_TASK_EXPLICIT
496,103,0.6164680330184271,0.5547619047619048,0.3,0.8095238095238095,0.3563483225498992,0.6781741612749496,0.6164680330184271,12,KG_TASK_EXPLICIT
496,719,0.5965808594006441,0.22545454545454546,0.09090909090909091,0.36,0.9354143466934852,0.9677071733467426,0.5965808594006441,5,KG_TASK_EXPLICIT
497,113,0.6392731791715226,0.3068181818181818,0.25,0.36363636363636365,0.9434563530497265,0.9717281765248633,0.6392731791715226,7,KG_TASK_EXPLICIT
497,389,0.6270158886590699,0.3068181818181818,0.25,0.36363636363636365,0.8944271909999159,0.9472135954999579,0.6270158886590699,6,KG_TASK_EXPLICIT
497,545,0.6188035532065246,0.26515151515151514,0.16666666666666666,0.36363636363636365,0.944911182523068,0.972455591261534,0.6188035532065246,4,KG_TASK_EXPLICIT
497,715,0.6166666666666667,0.23333333333333334,0.2,0.26666666666666666,1.0,1.0,0.6166666666666667,4,KG_TASK_EXPLICIT
497,229,0.6089073642291439,0.23333333333333334,0.2,0.26666666666666666,0.968962790249909,0.9844813951249545,0.6089073642291439,12,KG_TASK_EXPLICIT
497,717,0.6041666666666666,0.20833333333333331,0.16666666666666666,0.25,1.0,1.0,0.6041666666666666,4,KG_TASK_EXPLICIT
497,530,0.5919411450130323,0.26785714285714285,0.25,0.2857142857142857,0.8320502943378437,0.9160251471689218,0.5919411450130323,7,KG_TASK_EXPLICIT
497,492,0.5916666666666667,0.18333333333333335,0.16666666666666666,0.2,1.0000000000000002,1.0,0.5916666666666667,12,KG_TASK_EXPLICIT
497,601,0.5916666666666667,0.18333333333333335,0.16666666666666666,0.2,1.0000000000000002,1.0,0.5916666666666667,3,KG_TASK_EXPLICIT
497,462,0.5830863104846539,0.19444444444444442,0.16666666666666666,0.2222222222222222,0.9434563530497265,0.9717281765248633,0.5830863104846539,10,KG_TASK_EXPLICIT
499,276,0.753438995215311,0.5296052631578947,0.375,0.6842105263157895,0.9545454545454546,0.9772727272727273,0.753438995215311,17,KG_TASK_EXPLICIT
499,158,0.7475341372666178,0.5292207792207793,0.2727272727272727,0.7857142857142857,0.9316949906249125,0.9658474953124563,0.7475341372666178,9,KG_TASK_EXPLICIT
499,427,0.7185956320732008,0.4577922077922078,0.2727272727272727,0.6428571428571429,0.9587981127083873,0.9793990563541937,0.7185956320732008,19,KG_TASK_EXPLICIT
499,312,0.7078810209495152,0.4238521836506159,0.3157894736842105,0.5319148936170213,0.9838197164968291,0.9919098582484145,0.7078810209495152,9,KG_TASK_EXPLICIT
499,280,0.6970163282563976,0.4122596153846154,0.23076923076923078,0.59375,0.9635460822563594,0.9817730411281798,0.6970163282563976,7,KG_TASK_EXPLICIT
499,678,0.6923076923076923,0.3846153846153846,0.23076923076923078,0.5384615384615384,1.0,1.0,0.6923076923076923,7,KG_TASK_EXPLICIT
499,483,0.6891634974943118,0.38697318007662834,0.2222222222222222,0.5517241379310345,0.9827076298239908,0.9913538149119954,0.6891634974943118,7,KG_TASK_EXPLICIT
499,620,0.68379244613425,0.3932432432432432,0.3,0.4864864864864865,0.9486832980505138,0.9743416490252569,0.68379244613425,5,KG_TASK_EXPLICIT
499,160,0.6806941911097125,0.38026315789473686,0.21052631578947367,0.55,0.9622504486493764,0.9811252243246882,0.6806941911097125,6,KG_TASK_EXPLICIT
499,211,0.6777815882406723,0.37927350427350426,0.23076923076923078,0.5277777777777778,0.9525793444156805,0.9762896722078402,0.6777815882406723,9,KG_TASK_EXPLICIT
500,395,0.925,0.8500000000000001,0.8,0.9,0.9999999999999999,1.0,0.925,7,KG_TASK_EXPLICIT
500,439,0.75,0.5,0.375,0.625,1.0,1.0,0.75,4,KG_TASK_EXPLICIT
500,601,0.7018633540372671,0.40372670807453415,0.2857142857142857,0.5217391304347826,1.0000000000000002,1.0,0.7018633540372671,3,KG_TASK_EXPLICIT
500,49,0.6939550249431379,0.42500000000000004,0.4,0.45,0.9258200997725514,0.9629100498862757,0.6939550249431379,7,KG_TASK_EXPLICIT
500,271,0.686106797749979,0.42500000000000004,0.4,0.45,0.8944271909999159,0.9472135954999579,0.686106797749979,10,KG_TASK_EXPLICIT
500,41,0.6801242236024845,0.36024844720496896,0.2857142857142857,0.43478260869565216,0.9999999999999998,0.9999999999999999,0.6801242236024845,8,KG_TASK_EXPLICIT
500,478,0.6799469425812089,0.5325670498084292,0.4444444444444444,0.6206896551724138,0.6546536707079772,0.8273268353539887,0.6799469425812089,7,KG_TASK_EXPLICIT
500,630,0.6514423076923077,0.3028846153846154,0.23076923076923078,0.375,1.0000000000000002,1.0,0.6514423076923077,6,KG_TASK_EXPLICIT
500,16,0.6382575757575757,0.2765151515151515,0.25,0.30303030303030304,1.0000000000000002,1.0,0.6382575757575757,6,KG_TASK_EXPLICIT
500,505,0.6381940418200973,0.3010610079575597,0.15384615384615385,0.4482758620689655,0.9506541513652698,0.9753270756826349,0.6381940418200973,11,KG_TASK_EXPLICIT
501,394,0.7354983235154766,0.5032894736842105,0.375,0.631578947368421,0.9354143466934852,0.9677071733467426,0.7354983235154766,8,KG_TASK_EXPLICIT
501,630,0.6870844972167841,0.3890977443609023,0.35714285714285715,0.42105263157894735,0.9701425001453319,0.9850712500726659,0.6870844972167841,5,KG_TASK_EXPLICIT
501,721,0.6810957996851568,0.44971264367816094,0.4166666666666667,0.4827586206896552,0.8249579113843053,0.9124789556921526,0.6810957996851568,11,KG_TASK_EXPLICIT
501,686,0.680921052631579,0.36184210526315785,0.25,0.47368421052631576,1.0000000000000002,1.0,0.680921052631579,3,KG_TASK_EXPLICIT
501,375,0.679826551515988,0.5046296296296297,0.4166666666666667,0.5925925925925926,0.710046946804693,0.8550234734023465,0.679826551515988,18,KG_TASK_EXPLICIT
501,599,0.6760001359608608,0.3685064935064935,0.2727272727272727,0.4642857142857143,0.9669875568304563,0.9834937784152282,0.6760001359608608,7,KG_TASK_EXPLICIT
501,363,0.6755339723115589,0.3881578947368421,0.25,0.5263157894736842,0.9258200997725514,0.9629100498862757,0.6755339723115589,7,KG_TASK_EXPLICIT
501,702,0.6699134199134198,0.3398268398268398,0.2857142857142857,0.3939393939393939,0.9999999999999998,0.9999999999999999,0.6699134199134198,5,KG_TASK_EXPLICIT
501,685,0.6694601020287914,0.42434210526315785,0.375,0.47368421052631576,0.82915619758885,0.914578098794425,0.6694601020287914,23,KG_TASK_EXPLICIT
501,506,0.66875,0.3375,0.3,0.375,1.0000000000000002,1.0,0.66875,6,KG_TASK_EXPLICIT
502,252,0.6617047228659264,0.4361111111111111,0.2222222222222222,0.65,0.7745966692414834,0.8872983346207417,0.6617047228659264,8,KG_TASK_EXPLICIT
502,599,0.6524037868435456,0.37179487179487175,0.16666666666666666,0.5769230769230769,0.8660254037844387,0.9330127018922194,0.6524037868435456,4,KG_TASK_EXPLICIT
502,356,0.624578690686477,0.34090909090909094,0.18181818181818182,0.5,0.8164965809277259,0.9082482904638629,0.624578690686477,5,KG_TASK_EXPLICIT
502,16,0.6227880247045366,0.36868686868686873,0.18181818181818182,0.5555555555555556,0.753778361444409,0.8768891807222046,0.6227880247045366,5,KG_TASK_EXPLICIT
502,611,0.5997972739404551,0.2523809523809524,0.07142857142857142,0.43333333333333335,0.8944271909999159,0.9472135954999579,0.5997972739404551,5,KG_TASK_EXPLICIT
502,531,0.5977537067908898,0.34195402298850575,0.16666666666666666,0.5172413793103449,0.7071067811865476,0.8535533905932737,0.5977537067908898,6,KG_TASK_EXPLICIT
502,676,0.5956099516240964,0.30392156862745096,0.16666666666666666,0.4411764705882353,0.7745966692414834,0.8872983346207417,0.5956099516240964,5,KG_TASK_EXPLICIT
502,114,0.5938300275848727,0.27941176470588236,0.11764705882352941,0.4411764705882353,0.8164965809277261,0.9082482904638631,0.5938300275848727,6,KG_TASK_EXPLICIT
502,213,0.5935276710706595,0.3597285067873303,0.3076923076923077,0.4117647058823529,0.6546536707079772,0.8273268353539887,0.5935276710706595,7,KG_TASK_EXPLICIT
502,444,0.5925034465795336,0.2285714285714286,0.1,0.35714285714285715,0.9128709291752769,0.9564354645876385,0.5925034465795336,5,KG_TASK_EXPLICIT
503,31,0.8573232323232323,0.8813131313131313,0.9444444444444444,0.8181818181818182,0.6666666666666667,0.8333333333333334,0.8573232323232323,10,KG_TASK_EXPLICIT
503,354,0.7869306393762916,0.8,0.85,0.75,0.5477225575051661,0.773861278752583,0.7869306393762916,3,KG_TASK_EXPLICIT
503,559,0.7719677322938192,0.5875,0.8,0.375,0.9128709291752769,0.9564354645876385,0.7719677322938192,3,KG_TASK_EXPLICIT
503,269,0.7618033988749895,0.8,0.85,0.75,0.4472135954999579,0.7236067977499789,0.7618033988749895,5,KG_TASK_EXPLICIT
503,140,0.7309650445787516,0.8472222222222222,0.9444444444444444,0.75,0.22941573387056174,0.6147078669352809,0.7309650445787516,40,KG_TASK_EXPLICIT
503,117,0.6774155992176838,0.5910087719298246,0.7083333333333334,0.47368421052631576,0.5276448530110863,0.7638224265055431,0.6774155992176838,10,KG_TASK_EXPLICIT
503,557,0.67,0.5900000000000001,0.68,0.5,0.4999999999999999,0.75,0.67,11,KG_TASK_EXPLICIT
503,331,0.6522463115028001,0.4642857142857143,0.6071428571428571,0.32142857142857145,0.6804138174397718,0.8402069087198859,0.6522463115028001,3,KG_TASK_EXPLICIT
503,443,0.646858822884125,0.5922619047619048,0.8095238095238095,0.375,0.4029114820126901,0.7014557410063451,0.646858822884125,11,KG_TASK_EXPLICIT
503,558,0.6138463674541537,0.3194444444444445,0.05555555555555555,0.5833333333333334,0.8164965809277259,0.9082482904638629,0.6138463674541537,10,KG_TASK_EXPLICIT
504,198,0.6948835084333227,0.4375,0.375,0.5,0.9045340337332909,0.9522670168666454,0.6948835084333227,6,KG_TASK_EXPLICIT
504,685,0.6628790320419637,0.41208791208791207,0.2857142857142857,0.5384615384615384,0.8273403039920306,0.9136701519960153,0.6628790320419637,12,KG_TASK_EXPLICIT
504,386,0.6548021018838127,0.4375,0.375,0.5,0.7442084075352507,0.8721042037676254,0.6548021018838127,8,KG_TASK_EXPLICIT
504,479,0.6482022603955159,0.32499999999999996,0.3,0.35,0.9428090415820635,0.9714045207910318,0.6482022603955159,3,KG_TASK_EXPLICIT
504,402,0.6421693106574236,0.3214285714285714,0.14285714285714285,0.5,0.9258200997725515,0.9629100498862757,0.6421693106574236,9,KG_TASK_EXPLICIT
504,329,0.6375000000000001,0.35833333333333334,0.25,0.4666666666666667,0.8333333333333334,0.9166666666666667,0.6375000000000001,4,KG_TASK_EXPLICIT
504,530,0.63683602127578,0.34065934065934067,0.14285714285714285,0.5384615384615384,0.8660254037844387,0.9330127018922194,0.63683602127578,3,KG_TASK_EXPLICIT
504,216,0.6302631578947369,0.26052631578947366,0.1,0.42105263157894735,1.0000000000000002,1.0,0.6302631578947369,3,KG_TASK_EXPLICIT
504,341,0.6278075235534106,0.28421052631578947,0.2,0.3684210526315789,0.9428090415820635,0.9714045207910318,0.6278075235534106,3,KG_TASK_EXPLICIT
504,508,0.6252976138816979,0.2743055555555556,0.1111111111111111,0.4375,0.9525793444156805,0.9762896722078402,0.6252976138816979,3,KG_TASK_EXPLICIT
505,161,0.7055552015719865,0.43970588235294117,0.35,0.5294117647058824,0.9428090415820635,0.9714045207910318,0.7055552015719865,3,KG_TASK_EXPLICIT
505,415,0.6922965467836784,0.4280397022332506,0.3076923076923077,0.5483870967741935,0.9131067826682124,0.9565533913341062,0.6922965467836784,36,KG_TASK_EXPLICIT
505,462,0.6853951328126222,0.39723320158102765,0.2727272727272727,0.5217391304347826,0.9471141280884336,0.9735570640442168,0.6853951328126222,13,KG_TASK_EXPLICIT
505,396,0.678973062621406,0.3862179487179487,0.23076923076923078,0.5416666666666666,0.9434563530497265,0.9717281765248633,0.678973062621406,7,KG_TASK_EXPLICIT
505,366,0.6783874632570109,0.48397435897435903,0.38461538461538464,0.5833333333333334,0.7456011350793257,0.8728005675396628,0.6783874632570109,16,KG_TASK_EXPLICIT
505,635,0.6726679152210517,0.39458689458689455,0.3076923076923077,0.48148148148148145,0.9014978717104176,0.9507489358552088,0.6726679152210517,12,KG_TASK_EXPLICIT
505,479,0.6717162646753487,0.36714285714285716,0.21428571428571427,0.52,0.9525793444156805,0.9762896722078402,0.6717162646753487,6,KG_TASK_EXPLICIT
505,643,0.6648960141471494,0.3678571428571429,0.25,0.4857142857142857,0.923869770874312,0.961934885437156,0.6648960141471494,15,KG_TASK_EXPLICIT
505,631,0.6646313101675136,0.4419642857142857,0.3125,0.5714285714285714,0.7745966692414834,0.8872983346207417,0.6646313101675136,5,KG_TASK_EXPLICIT
505,36,0.6597718260448351,0.45454545454545453,0.36363636363636365,0.5454545454545454,0.7299963950884313,0.8649981975442156,0.6597718260448351,13,KG_TASK_EXPLICIT
506,306,0.7576563670593385,0.5428571428571429,0.2857142857142857,0.8,0.944911182523068,0.972455591261534,0.7576563670593385,4,KG_TASK_EXPLICIT
506,479,0.75,0.5,0.3333333333333333,0.6666666666666666,0.9999999999999998,0.9999999999999999,0.75,5,KG_TASK_EXPLICIT
506,648,0.7357022603955159,0.5,0.25,0.75,0.9428090415820635,0.9714045207910318,0.7357022603955159,3,KG_TASK_EXPLICIT
506,558,0.7326955738033601,0.5571428571428572,0.4,0.7142857142857143,0.8164965809277261,0.9082482904638631,0.7326955738033601,6,KG_TASK_EXPLICIT
506,418,0.7214285714285713,0.44285714285714284,0.2857142857142857,0.6,0.9999999999999998,0.9999999999999999,0.7214285714285713,5,KG_TASK_EXPLICIT
506,89,0.7197292788290107,0.4583333333333333,0.25,0.6666666666666666,0.9622504486493763,0.9811252243246882,0.7197292788290107,3,KG_TASK_EXPLICIT
506,704,0.7185369929666652,0.4607843137254902,0.3333333333333333,0.5882352941176471,0.9525793444156805,0.9762896722078402,0.7185369929666652,6,KG_TASK_EXPLICIT
506,508,0.7139063670593384,0.45535714285714285,0.2857142857142857,0.625,0.944911182523068,0.972455591261534,0.7139063670593384,4,KG_TASK_EXPLICIT
506,752,0.7113095238095238,0.4226190476190476,0.42857142857142855,0.4166666666666667,1.0,1.0,0.7113095238095238,4,KG_TASK_EXPLICIT
506,719,0.7090500071203273,0.4369747899159664,0.2857142857142857,0.5882352941176471,0.9622504486493763,0.9811252243246882,0.7090500071203273,3,KG_TASK_EXPLICIT
507,435,0.5690355937288493,0.16666666666666666,0.0,0.3333333333333333,0.9428090415820635,0.9714045207910318,0.5690355937288493,3,KG_TASK_EXPLICIT
507,51,0.5147058823529411,0.029411764705882353,0.0,0.058823529411764705,1.0000000000000002,1.0,0.5147058823529411,3,KG_TASK_EXPLICIT
507,96,0.5147058823529411,0.029411764705882353,0.0,0.058823529411764705,1.0,1.0,0.5147058823529411,4,KG_TASK_EXPLICIT
507,133,0.5131578947368421,0.02631578947368421,0.0,0.05263157894736842,1.0,1.0,0.5131578947368421,4,KG_TASK_EXPLICIT
507,490,0.5069444444444444,0.013888888888888888,0.0,0.027777777777777776,1.0000000000000002,1.0,0.5069444444444444,3,KG_TASK_EXPLICIT
507,707,0.5045454545454545,0.00909090909090909,0.0,0.01818181818181818,0.9999999999999998,0.9999999999999999,0.5045454545454545,5,KG_TASK_EXPLICIT
507,461,0.4907022603955159,0.01,0.0,0.02,0.9428090415820635,0.9714045207910318,0.4907022603955159,3,KG_TASK_EXPLICIT
507,456,0.47888888888888886,0.013333333333333334,0.0,0.02666666666666667,0.8888888888888888,0.9444444444444444,0.47888888888888886,3,KG_TASK_EXPLICIT
507,137,0.4741161616161616,0.003787878787878788,0.0,0.007575757575757576,0.8888888888888888,0.9444444444444444,0.4741161616161616,6,KG_TASK_EXPLICIT
507,208,0.4710697685382808,0.023809523809523808,0.047619047619047616,0.0,0.8366600265340756,0.9183300132670378,0.4710697685382808,4,KG_TASK_EXPLICIT
508,486,0.7583333333333334,0.6000000000000001,0.4,0.8,0.8333333333333335,0.9166666666666667,0.7583333333333334,3,KG_TASK_EXPLICIT
508,618,0.7291666666666666,0.4583333333333333,0.25,0.6666666666666666,0.9999999999999998,0.9999999999999999,0.7291666666666666,4,KG_TASK_EXPLICIT
508,264,0.7254474215957649,0.47916666666666663,0.3333333333333333,0.625,0.9434563530497265,0.9717281765248633,0.7254474215957649,7,KG_TASK_EXPLICIT
508,752,0.7214285714285713,0.44285714285714284,0.2857142857142857,0.6,0.9999999999999998,0.9999999999999999,0.7214285714285713,5,KG_TASK_EXPLICIT
508,506,0.7139063670593384,0.45535714285714285,0.2857142857142857,0.625,0.944911182523068,0.972455591261534,0.7139063670593384,4,KG_TASK_EXPLICIT
508,701,0.6988959454956775,0.4166666666666667,0.25,0.5833333333333334,0.9622504486493763,0.9811252243246882,0.6988959454956775,3,KG_TASK_EXPLICIT
508,396,0.6955287753915466,0.41911764705882354,0.25,0.5882352941176471,0.9438798074485389,0.9719399037242695,0.6955287753915466,5,KG_TASK_EXPLICIT
508,268,0.6955041578459618,0.4166666666666667,0.25,0.5833333333333334,0.9486832980505138,0.9743416490252569,0.6955041578459618,4,KG_TASK_EXPLICIT
508,636,0.6919642857142857,0.45535714285714285,0.2857142857142857,0.625,0.857142857142857,0.9285714285714285,0.6919642857142857,4,KG_TASK_EXPLICIT
508,462,0.6895517768935808,0.40476190476190477,0.14285714285714285,0.6666666666666666,0.9486832980505138,0.9743416490252569,0.6895517768935808,9,KG_TASK_EXPLICIT
509,300,0.7756927726829118,0.6431372549019607,0.6,0.6862745098039216,0.8164965809277259,0.9082482904638629,0.7756927726829118,3,KG_TASK_EXPLICIT
509,698,0.7028232558032428,0.4708333333333333,0.4,0.5416666666666666,0.8696263565463043,0.9348131782731521,0.7028232558032428,7,KG_TASK_EXPLICIT
509,50,0.7026071059755946,0.4327586206896552,0.4,0.46551724137931033,0.944911182523068,0.972455591261534,0.7026071059755946,4,KG_TASK_EXPLICIT
509,333,0.6908639036850606,0.4036363636363636,0.28,0.5272727272727272,0.9561828874675149,0.9780914437337574,0.6908639036850606,7,KG_TASK_EXPLICIT
509,242,0.6858721088311929,0.39545454545454545,0.3,0.4909090909090909,0.9525793444156805,0.9762896722078402,0.6858721088311929,6,KG_TASK_EXPLICIT
509,679,0.6841555183946488,0.36831103678929766,0.21739130434782608,0.5192307692307693,1.0000000000000002,1.0,0.6841555183946488,3,KG_TASK_EXPLICIT
509,114,0.6817410602272694,0.39438502673796794,0.3181818181818182,0.47058823529411764,0.9381941874331419,0.9690970937165709,0.6817410602272694,13,KG_TASK_EXPLICIT
509,513,0.6770321169796097,0.38265971316818775,0.3076923076923077,0.4576271186440678,0.9428090415820635,0.9714045207910318,0.6770321169796097,6,KG_TASK_EXPLICIT
509,446,0.6755952380952381,0.35119047619047616,0.3333333333333333,0.36904761904761907,1.0000000000000002,1.0,0.6755952380952381,6,KG_TASK_EXPLICIT
509,702,0.6726190476190476,0.41666666666666663,0.3333333333333333,0.5,0.857142857142857,0.9285714285714285,0.6726190476190476,4,KG_TASK_EXPLICIT
510,75,0.7107397793640493,0.4214795587280986,0.2608695652173913,0.582089552238806,1.0,1.0,0.7107397793640493,9,KG_TASK_EXPLICIT
510,130,0.6442687747035573,0.2885375494071146,0.2727272727272727,0.30434782608695654,0.9999999999999998,0.9999999999999999,0.6442687747035573,5,KG_TASK_EXPLICIT
510,411,0.621372992102833,0.27134146341463417,0.25,0.2926829268292683,0.9428090415820635,0.9714045207910318,0.621372992102833,3,KG_TASK_EXPLICIT
510,98,0.6196511627906977,0.23930232558139536,0.06,0.4186046511627907,1.0000000000000002,1.0,0.6196511627906977,3,KG_TASK_EXPLICIT
510,88,0.6191643035672749,0.26587301587301587,0.2222222222222222,0.30952380952380953,0.944911182523068,0.972455591261534,0.6191643035672749,4,KG_TASK_EXPLICIT
510,67,0.6132732348729668,0.2454212454212454,0.2857142857142857,0.20512820512820512,0.9622504486493763,0.9811252243246882,0.6132732348729668,3,KG_TASK_EXPLICIT
510,429,0.6056946816880229,0.23100490196078433,0.1875,0.27450980392156865,0.960768922830523,0.9803844614152615,0.6056946816880229,4,KG_TASK_EXPLICIT
510,705,0.6034902597402597,0.2069805194805195,0.18181818181818182,0.23214285714285715,1.0,1.0,0.6034902597402597,3,KG_TASK_EXPLICIT
510,247,0.6019746233379627,0.2276595744680851,0.2,0.2553191489361702,0.9525793444156805,0.9762896722078402,0.6019746233379627,3,KG_TASK_EXPLICIT
510,383,0.5914529914529915,0.1829059829059829,0.07692307692307693,0.28888888888888886,1.0000000000000002,1.0,0.5914529914529915,3,KG_TASK_EXPLICIT
511,123,0.7958333333333334,0.6888888888888889,0.6666666666666666,0.7111111111111111,0.8055555555555556,0.9027777777777778,0.7958333333333334,30,KG_TASK_EXPLICIT
511,62,0.7812979295337941,0.61991341991342,0.5428571428571428,0.696969696969697,0.8853648783083365,0.9426824391541683,0.7812979295337941,35,KG_TASK_EXPLICIT
511,376,0.7752660626078665,0.5761904761904761,0.4857142857142857,0.6666666666666666,0.9486832980505138,0.9743416490252569,0.7752660626078665,5,KG_TASK_EXPLICIT
511,586,0.7727128970357189,0.5757575757575758,0.45454545454545453,0.696969696969697,0.9393364366277241,0.9696682183138621,0.7727128970357189,14,KG_TASK_EXPLICIT
511,142,0.7328016081199208,0.5573549257759784,0.6410256410256411,0.47368421052631576,0.8164965809277261,0.9082482904638631,0.7328016081199208,3,KG_TASK_EXPLICIT
511,516,0.7236375154342286,0.5010683760683761,0.5576923076923077,0.4444444444444444,0.8924133096001623,0.9462066548000811,0.7236375154342286,32,KG_TASK_EXPLICIT
511,533,0.7059485426906429,0.6875,0.59375,0.78125,0.4487941707625715,0.7243970853812858,0.7059485426906429,33,KG_TASK_EXPLICIT
511,61,0.6797419616370747,0.6443181818181818,0.675,0.6136363636363636,0.43033148291193524,0.7151657414559676,0.6797419616370747,82,KG_TASK_EXPLICIT
511,289,0.6785202598572487,0.7081287506819421,0.5957446808510638,0.8205128205128205,0.29782353806511064,0.6489117690325553,0.6785202598572487,140,KG_TASK_EXPLICIT
511,256,0.6758816176703621,0.5,0.3333333333333333,0.6666666666666666,0.7035264706814485,0.8517632353407243,0.6758816176703621,37,KG_TASK_EXPLICIT
512,444,0.6282805429864253,0.25656108597285066,0.23076923076923078,0.2823529411764706,1.0,1.0,0.6282805429864253,3,KG_TASK_EXPLICIT
512,514,0.6213617463617463,0.24272349272349272,0.21621621621621623,0.2692307692307692,1.0,1.0,0.6213617463617463,4,KG_TASK_EXPLICIT
512,219,0.5676914165043456,0.17894736842105263,0.15789473684210525,0.2,0.9128709291752769,0.9564354645876385,0.5676914165043456,4,KG_TASK_EXPLICIT
512,198,0.5648972602739726,0.1297945205479452,0.15,0.1095890410958904,0.9999999999999998,0.9999999999999999,0.5648972602739726,3,KG_TASK_EXPLICIT
512,407,0.55087555766131,0.19350282485875706,0.16666666666666666,0.22033898305084745,0.8164965809277259,0.9082482904638629,0.55087555766131,3,KG_TASK_EXPLICIT
512,358,0.5474581724581724,0.09491634491634492,0.09523809523809523,0.0945945945945946,1.0000000000000002,1.0,0.5474581724581724,6,KG_TASK_EXPLICIT
512,39,0.5469597734591259,0.18567125645438898,0.17857142857142858,0.1927710843373494,0.8164965809277259,0.9082482904638629,0.5469597734591259,3,KG_TASK_EXPLICIT
512,326,0.5364468271365859,0.13988095238095238,0.125,0.15476190476190477,0.8660254037844387,0.9330127018922194,0.5364468271365859,3,KG_TASK_EXPLICIT
512,441,0.5351126727851901,0.13721264367816094,0.125,0.14942528735632185,0.8660254037844387,0.9330127018922194,0.5351126727851901,4,KG_TASK_EXPLICIT
512,95,0.5335118569120408,0.13182957393483707,0.09523809523809523,0.16842105263157894,0.8703882797784892,0.9351941398892446,0.5335118569120408,6,KG_TASK_EXPLICIT
513,50,0.8530844155844156,0.7061688311688312,0.5714285714285714,0.8409090909090909,0.9999999999999999,1.0,0.8530844155844156,4,KG_TASK_EXPLICIT
513,52,0.8094036069435318,0.7017783857729138,0.7058823529411765,0.6976744186046512,0.8340576562282991,0.9170288281141495,0.8094036069435318,19,KG_TASK_EXPLICIT
513,188,0.7749707429328996,0.583041958041958,0.45454545454545453,0.7115384615384616,0.9337990556476821,0.966899527823841,0.7749707429328996,14,KG_TASK_EXPLICIT
513,630,0.763713175747726,0.5549707602339181,0.42105263157894735,0.6888888888888889,0.944911182523068,0.972455591261534,0.763713175747726,4,KG_TASK_EXPLICIT
513,309,0.7300155072666794,0.516734693877551,0.36,0.673469387755102,0.8865926413116155,0.9432963206558078,0.7300155072666794,16,KG_TASK_EXPLICIT
513,568,0.7251003452108373,0.478796169630643,0.35294117647058826,0.6046511627906976,0.9428090415820635,0.9714045207910318,0.7251003452108373,6,KG_TASK_EXPLICIT
513,446,0.7224585759068517,0.4449171518137035,0.4482758620689655,0.44155844155844154,0.9999999999999998,0.9999999999999999,0.7224585759068517,5,KG_TASK_EXPLICIT
513,114,0.7219292686983769,0.48226544622425627,0.42105263157894735,0.5434782608695652,0.9231861823449954,0.9615930911724977,0.7219292686983769,13,KG_TASK_EXPLICIT
513,377,0.7208498023715415,0.441699604743083,0.3181818181818182,0.5652173913043478,1.0000000000000002,1.0,0.7208498023715415,3,KG_TASK_EXPLICIT
513,679,0.7207138800497837,0.5022727272727273,0.3,0.7045454545454546,0.8783100656536798,0.9391550328268399,0.7207138800497837,9,KG_TASK_EXPLICIT
514,200,0.6294772461179602,0.28754997144488864,0.23529411764705882,0.33980582524271846,0.9428090415820635,0.9714045207910318,0.6294772461179602,3,KG_TASK_EXPLICIT
514,512,0.6213617463617463,0.24272349272349272,0.21621621621621623,0.2692307692307692,1.0,1.0,0.6213617463617463,4,KG_TASK_EXPLICIT
514,415,0.6191749939066291,0.26589439655172414,0.1724137931034483,0.359375,0.944911182523068,0.972455591261534,0.6191749939066291,4,KG_TASK_EXPLICIT
514,101,0.6037511357922793,0.2710664911125741,0.22580645161290322,0.3163265306122449,0.8728715609439696,0.9364357804719847,0.6037511357922793,4,KG_TASK_EXPLICIT
514,230,0.601255934327687,0.25529827315541603,0.1836734693877551,0.3269230769230769,0.8944271909999159,0.9472135954999579,0.601255934327687,5,KG_TASK_EXPLICIT
514,441,0.5864448051948051,0.24431818181818182,0.125,0.36363636363636365,0.857142857142857,0.9285714285714285,0.5864448051948051,4,KG_TASK_EXPLICIT
514,501,0.5756526326039526,0.17990074441687345,0.12903225806451613,0.23076923076923078,0.9428090415820635,0.9714045207910318,0.5756526326039526,3,KG_TASK_EXPLICIT
514,595,0.5701978515396555,0.16605405405405405,0.10810810810810811,0.224,0.9486832980505138,0.9743416490252569,0.5701978515396555,3,KG_TASK_EXPLICIT
514,562,0.5688229361836865,0.15228320067029744,0.0967741935483871,0.2077922077922078,0.9707253433941511,0.9853626716970756,0.5688229361836865,4,KG_TASK_EXPLICIT
514,231,0.5650321434568539,0.15760869565217392,0.08333333333333333,0.2318840579710145,0.944911182523068,0.972455591261534,0.5650321434568539,4,KG_TASK_EXPLICIT
515,228,0.6497821350762527,0.2995642701525054,0.11764705882352941,0.48148148148148145,1.0000000000000002,1.0,0.6497821350762527,6,KG_TASK_EXPLICIT
515,252,0.6335191385128363,0.2993311036789298,0.07692307692307693,0.5217391304347826,0.9354143466934853,0.9677071733467426,0.6335191385128363,5,KG_TASK_EXPLICIT
515,347,0.6304585648615362,0.28846153846153844,0.07692307692307693,0.5,0.944911182523068,0.972455591261534,0.6304585648615362,4,KG_TASK_EXPLICIT
515,335,0.6217082214285508,0.3092948717948718,0.07692307692307693,0.5416666666666666,0.8682431421244593,0.9341215710622297,0.6217082214285508,5,KG_TASK_EXPLICIT
515,611,0.6162683823529411,0.23253676470588236,0.058823529411764705,0.40625,1.0000000000000002,1.0,0.6162683823529411,6,KG_TASK_EXPLICIT
515,16,0.6104166666666666,0.22083333333333333,0.06666666666666667,0.375,1.0000000000000002,1.0,0.6104166666666666,3,KG_TASK_EXPLICIT
515,674,0.6041972370183939,0.2303030303030303,0.06666666666666667,0.3939393939393939,0.9561828874675149,0.9780914437337574,0.6041972370183939,7,KG_TASK_EXPLICIT
515,599,0.6029618057107312,0.2247983870967742,0.0625,0.3870967741935484,0.9622504486493763,0.9811252243246882,0.6029618057107312,3,KG_TASK_EXPLICIT
515,637,0.6008969774951803,0.25985221674876846,0.07142857142857142,0.4482758620689655,0.8838834764831843,0.9419417382415922,0.6008969774951803,5,KG_TASK_EXPLICIT
515,86,0.6003335968010458,0.2292626728110599,0.07142857142857142,0.3870967741935484,0.9428090415820635,0.9714045207910318,0.6003335968010458,3,KG_TASK_EXPLICIT
516,511,0.7236375154342286,0.5010683760683761,0.5576923076923077,0.4444444444444444,0.8924133096001623,0.9462066548000811,0.7236375154342286,32,KG_TASK_EXPLICIT
516,61,0.7192848479533263,0.5277777777777778,0.5,0.5555555555555556,0.8215838362577491,0.9107919181288746,0.7192848479533263,25,KG_TASK_EXPLICIT
516,109,0.6929985731657635,0.43742216687422164,0.4090909090909091,0.4657534246575342,0.8971499589146108,0.9485749794573054,0.6929985731657635,30,KG_TASK_EXPLICIT
516,142,0.6883333333333334,0.5016666666666667,0.62,0.38333333333333336,0.7499999999999999,0.875,0.6883333333333334,8,KG_TASK_EXPLICIT
516,295,0.6869860847564833,0.4131878557874763,0.29411764705882354,0.532258064516129,0.9215686274509802,0.9607843137254901,0.6869860847564833,38,KG_TASK_EXPLICIT
516,123,0.685925947920192,0.41833333333333333,0.45,0.38666666666666666,0.907037125014101,0.9535185625070506,0.685925947920192,25,KG_TASK_EXPLICIT
516,533,0.6762632615389568,0.3685245901639344,0.36,0.3770491803278688,0.968003865827958,0.9840019329139791,0.6762632615389568,20,KG_TASK_EXPLICIT
516,62,0.6634849285572955,0.37640630022500804,0.39215686274509803,0.36065573770491804,0.9011271137791659,0.9505635568895829,0.6634849285572955,18,KG_TASK_EXPLICIT
516,289,0.6596576187034434,0.46150201374081967,0.4603174603174603,0.4626865671641791,0.7156264473321344,0.8578132236660672,0.6596576187034434,36,KG_TASK_EXPLICIT
516,586,0.6531634276544795,0.3416666666666667,0.3,0.38333333333333336,0.9293203772845849,0.9646601886422925,0.6531634276544795,16,KG_TASK_EXPLICIT
517,128,0.6115791054380312,0.3764705882352941,0.4,0.35294117647058826,0.6933752452815365,0.8466876226407682,0.6115791054380312,4,KG_TASK_EXPLICIT
517,674,0.5512768978766298,0.12142857142857143,0.14285714285714285,0.1,0.9622504486493763,0.9811252243246882,0.5512768978766298,3,KG_TASK_EXPLICIT
517,611,0.5426855686101737,0.10727969348659003,0.1111111111111111,0.10344827586206896,0.9561828874675149,0.9780914437337574,0.5426855686101737,5,KG_TASK_EXPLICIT
517,385,0.5263157894736842,0.05263157894736842,0.0,0.10526315789473684,1.0,1.0,0.5263157894736842,4,KG_TASK_EXPLICIT
517,435,0.5176285836778395,0.05555555555555555,0.0,0.1111111111111111,0.9594032236002469,0.9797016118001234,0.5176285836778395,5,KG_TASK_EXPLICIT
517,586,0.5166666666666667,0.03333333333333333,0.0,0.06666666666666667,0.9999999999999999,1.0,0.5166666666666667,7,KG_TASK_EXPLICIT
517,357,0.5161290322580645,0.03225806451612903,0.0,0.06451612903225806,0.9999999999999998,0.9999999999999999,0.5161290322580645,5,KG_TASK_EXPLICIT
517,248,0.5156395603366494,0.058823529411764705,0.0,0.11764705882352941,0.944911182523068,0.972455591261534,0.5156395603366494,5,KG_TASK_EXPLICIT
517,26,0.515625,0.03125,0.0,0.0625,1.0000000000000002,1.0,0.515625,3,KG_TASK_EXPLICIT
517,229,0.5147058823529411,0.029411764705882353,0.0,0.058823529411764705,1.0,1.0,0.5147058823529411,4,KG_TASK_EXPLICIT
518,188,0.7014063859438637,0.4844827586206897,0.4,0.5689655172413793,0.8366600265340756,0.9183300132670378,0.7014063859438637,6,KG_TASK_EXPLICIT
518,53,0.6986842105263158,0.3973684210526316,0.4,0.39473684210526316,1.0000000000000002,1.0,0.6986842105263158,6,KG_TASK_EXPLICIT
518,430,0.6959064327485379,0.391812865497076,0.2222222222222222,0.5614035087719298,0.9999999999999998,0.9999999999999999,0.6959064327485379,5,KG_TASK_EXPLICIT
518,630,0.6931818181818181,0.38636363636363635,0.2727272727272727,0.5,1.0,1.0,0.6931818181818181,4,KG_TASK_EXPLICIT
518,679,0.6842691622103386,0.36853832442067735,0.22727272727272727,0.5098039215686274,0.9999999999999998,0.9999999999999999,0.6842691622103386,5,KG_TASK_EXPLICIT
518,544,0.6792392702007681,0.42546583850931674,0.2857142857142857,0.5652173913043478,0.8660254037844387,0.9330127018922194,0.6792392702007681,5,KG_TASK_EXPLICIT
518,612,0.6754689314536156,0.39258861439312565,0.3157894736842105,0.46938775510204084,0.9166984970282112,0.9583492485141056,0.6754689314536156,8,KG_TASK_EXPLICIT
518,315,0.6739898989898989,0.34797979797979794,0.3181818181818182,0.37777777777777777,0.9999999999999999,1.0,0.6739898989898989,7,KG_TASK_EXPLICIT
518,444,0.673597522973054,0.48339160839160844,0.4090909090909091,0.5576923076923077,0.727606875108999,0.8638034375544995,0.673597522973054,10,KG_TASK_EXPLICIT
518,244,0.6715662324437883,0.40217391304347827,0.30434782608695654,0.5,0.8819171036881969,0.9409585518440984,0.6715662324437883,7,KG_TASK_EXPLICIT
519,370,0.7402013936077103,0.5086206896551724,0.5,0.5172413793103449,0.9435641951204965,0.9717820975602482,0.7402013936077103,12,KG_TASK_EXPLICIT
519,583,0.7155114092718045,0.45940170940170943,0.3076923076923077,0.6111111111111112,0.9432422182837986,0.9716211091418994,0.7155114092718045,5,KG_TASK_EXPLICIT
519,447,0.7016914966553934,0.4992378048780488,0.4375,0.5609756097560976,0.8082903768654761,0.9041451884327381,0.7016914966553934,13,KG_TASK_EXPLICIT
519,169,0.7004370630513346,0.5509413067552602,0.38095238095238093,0.7209302325581395,0.6998656386948178,0.8499328193474089,0.7004370630513346,124,KG_TASK_EXPLICIT
519,577,0.6957619824083991,0.4016260162601626,0.26666666666666666,0.5365853658536586,0.9797958971132713,0.9898979485566357,0.6957619824083991,9,KG_TASK_EXPLICIT
519,679,0.6851360022472818,0.4248366013071896,0.29411764705882354,0.5555555555555556,0.8908708063747479,0.945435403187374,0.6851360022472818,7,KG_TASK_EXPLICIT
519,694,0.669597514930034,0.39880952380952384,0.25,0.5476190476190477,0.8807710121010885,0.9403855060505443,0.669597514930034,12,KG_TASK_EXPLICIT
519,161,0.66875,0.3375,0.20833333333333334,0.4666666666666667,1.0,1.0,0.66875,4,KG_TASK_EXPLICIT
519,170,0.6678976676586044,0.5721153846153846,0.375,0.7692307692307693,0.5273599014036483,0.7636799507018242,0.6678976676586044,86,KG_TASK_EXPLICIT
519,690,0.667371215477952,0.381578947368421,0.2631578947368421,0.5,0.9063269671749657,0.9531634835874829,0.667371215477952,11,KG_TASK_EXPLICIT
520,461,0.6999584202795772,0.4218253968253969,0.1388888888888889,0.7047619047619048,0.9561828874675149,0.9780914437337574,0.6999584202795772,7,KG_TASK_EXPLICIT
520,456,0.6349699932468535,0.5342377260981912,0.2777777777777778,0.7906976744186046,0.47140452079103173,0.7357022603955159,0.6349699932468535,6,KG_TASK_EXPLICIT
520,719,0.5910714285714286,0.18214285714285713,0.21428571428571427,0.15,0.9999999999999999,1.0,0.5910714285714286,4,KG_TASK_EXPLICIT
520,694,0.5789007092198581,0.1578014184397163,0.16666666666666666,0.14893617021276595,0.9999999999999999,1.0,0.5789007092198581,7,KG_TASK_EXPLICIT
520,259,0.5746092481579487,0.1748768472906404,0.14285714285714285,0.20689655172413793,0.9486832980505138,0.9743416490252569,0.5746092481579487,5,KG_TASK_EXPLICIT
520,506,0.5742078615496655,0.17407407407407408,0.2,0.14814814814814814,0.9486832980505138,0.9743416490252569,0.5742078615496655,5,KG_TASK_EXPLICIT
520,132,0.5737704422136978,0.17613636363636365,0.125,0.22727272727272727,0.9428090415820635,0.9714045207910318,0.5737704422136978,3,KG_TASK_EXPLICIT
520,576,0.5726122349900348,0.17276887871853547,0.10869565217391304,0.23684210526315788,0.944911182523068,0.972455591261534,0.5726122349900348,4,KG_TASK_EXPLICIT
520,721,0.5724407171775592,0.14488143435511858,0.15789473684210525,0.13186813186813187,0.9999999999999998,0.9999999999999999,0.5724407171775592,7,KG_TASK_EXPLICIT
520,24,0.5696473439107194,0.16560820713238886,0.17391304347826086,0.15730337078651685,0.9473729613780999,0.97368648068905,0.5696473439107194,12,KG_TASK_EXPLICIT
523,416,0.5238095238095238,0.047619047619047616,0.0,0.09523809523809523,1.0,1.0,0.5238095238095238,9,KG_TASK_EXPLICIT
523,470,0.5178571428571429,0.03571428571428571,0.0,0.07142857142857142,1.0,1.0,0.5178571428571429,4,KG_TASK_EXPLICIT
523,202,0.5142857142857142,0.02857142857142857,0.0,0.05714285714285714,1.0,1.0,0.5142857142857142,4,KG_TASK_EXPLICIT
523,290,0.5138888888888888,0.027777777777777776,0.0,0.05555555555555555,0.9999999999999998,0.9999999999999999,0.5138888888888888,5,KG_TASK_EXPLICIT
523,424,0.5138888888888888,0.027777777777777776,0.0,0.05555555555555555,0.9999999999999999,1.0,0.5138888888888888,7,KG_TASK_EXPLICIT
523,181,0.5125,0.025,0.0,0.05,1.0000000000000002,1.0,0.5125,6,KG_TASK_EXPLICIT
523,250,0.5125,0.025,0.0,0.05,0.9999999999999998,0.9999999999999999,0.5125,8,KG_TASK_EXPLICIT
523,411,0.5119047619047619,0.023809523809523808,0.0,0.047619047619047616,1.0000000000000002,1.0,0.5119047619047619,6,KG_TASK_EXPLICIT
523,396,0.5113636363636364,0.022727272727272728,0.0,0.045454545454545456,0.9999999999999998,0.9999999999999999,0.5113636363636364,5,KG_TASK_EXPLICIT
523,601,0.5113636363636364,0.022727272727272728,0.0,0.045454545454545456,1.0000000000000002,1.0,0.5113636363636364,3,KG_TASK_EXPLICIT
524,700,0.6686021961908792,0.37142857142857144,0.23809523809523808,0.5047619047619047,0.9315516419063741,0.965775820953187,0.6686021961908792,27,KG_TASK_EXPLICIT
524,200,0.5653588497618212,0.15826210826210826,0.1794871794871795,0.13703703703703704,0.944911182523068,0.972455591261534,0.5653588497618212,13,KG_TASK_EXPLICIT
524,241,0.5579097073052803,0.22074468085106383,0.19148936170212766,0.25,0.7901494675189938,0.8950747337594969,0.5579097073052803,47,KG_TASK_EXPLICIT
524,38,0.5566933912227936,0.13904513342033029,0.07042253521126761,0.20766773162939298,0.9486832980505138,0.9743416490252569,0.5566933912227936,5,KG_TASK_EXPLICIT
524,137,0.5566212183702127,0.18466840661179149,0.13725490196078433,0.23208191126279865,0.8571480602572682,0.928574030128634,0.5566212183702127,26,KG_TASK_EXPLICIT
524,534,0.5490025043111327,0.16334586466165413,0.15,0.17669172932330826,0.8693182879212226,0.9346591439606113,0.5490025043111327,14,KG_TASK_EXPLICIT
524,630,0.5489495343296512,0.09789906865930258,0.10526315789473684,0.09053497942386832,0.9999999999999998,0.9999999999999999,0.5489495343296512,5,KG_TASK_EXPLICIT
524,696,0.546624407338693,0.24324881467738613,0.16326530612244897,0.32323232323232326,0.7,0.85,0.546624407338693,7,KG_TASK_EXPLICIT
524,266,0.5454492755631251,0.14074941451990633,0.11428571428571428,0.16721311475409836,0.9002982732126874,0.9501491366063437,0.5454492755631251,27,KG_TASK_EXPLICIT
524,638,0.5433806045332298,0.16035977635523863,0.13953488372093023,0.18118466898954705,0.8528028654224417,0.9264014327112209,0.5433806045332298,5,KG_TASK_EXPLICIT
525,32,0.7375,0.475,0.25,0.7,1.0,1.0,0.7375,4,KG_TASK_EXPLICIT
525,178,0.648184139233395,0.31666666666666665,0.16666666666666666,0.4666666666666667,0.9594032236002469,0.9797016118001234,0.648184139233395,8,KG_TASK_EXPLICIT
525,306,0.6354166666666666,0.2708333333333333,0.16666666666666666,0.375,1.0000000000000002,1.0,0.6354166666666666,3,KG_TASK_EXPLICIT
525,42,0.6333333333333333,0.35,0.2,0.5,0.8333333333333335,0.9166666666666667,0.6333333333333333,3,KG_TASK_EXPLICIT
525,492,0.6312901587388192,0.2892156862745098,0.16666666666666666,0.4117647058823529,0.9467292624062573,0.9733646312031287,0.6312901587388192,9,KG_TASK_EXPLICIT
525,479,0.625,0.25,0.1111111111111111,0.3888888888888889,1.0000000000000002,1.0,0.625,3,KG_TASK_EXPLICIT
525,506,0.6239495798319328,0.24789915966386555,0.14285714285714285,0.35294117647058826,1.0000000000000002,1.0,0.6239495798319328,3,KG_TASK_EXPLICIT
525,546,0.6204189721013552,0.26838235294117646,0.125,0.4117647058823529,0.944911182523068,0.972455591261534,0.6204189721013552,4,KG_TASK_EXPLICIT
525,176,0.6131508725538439,0.25384615384615383,0.2,0.3076923076923077,0.944911182523068,0.972455591261534,0.6131508725538439,4,KG_TASK_EXPLICIT
525,558,0.6046613106812523,0.3557692307692308,0.25,0.46153846153846156,0.7071067811865475,0.8535533905932737,0.6046613106812523,8,KG_TASK_EXPLICIT
526,709,0.7338245064726454,0.49615384615384617,0.3,0.6923076923076923,0.9429903335828895,0.9714951667914448,0.7338245064726454,13,KG_TASK_EXPLICIT
526,101,0.6904523795916813,0.4642857142857143,0.35714285714285715,0.5714285714285714,0.8332380897952963,0.9166190448976481,0.6904523795916813,13,KG_TASK_EXPLICIT
526,200,0.6847044981397276,0.39695340501792115,0.2777777777777778,0.5161290322580645,0.944911182523068,0.972455591261534,0.6847044981397276,14,KG_TASK_EXPLICIT
526,240,0.657142857142857,0.3142857142857143,0.3333333333333333,0.29523809523809524,0.9999999999999998,0.9999999999999999,0.657142857142857,5,KG_TASK_EXPLICIT
526,698,0.6203617077035116,0.26638176638176636,0.38461538461538464,0.14814814814814814,0.9486832980505138,0.9743416490252569,0.6203617077035116,8,KG_TASK_EXPLICIT
526,297,0.6122994652406417,0.22459893048128343,0.2727272727272727,0.17647058823529413,0.9999999999999999,1.0,0.6122994652406417,7,KG_TASK_EXPLICIT
526,508,0.6117747333744653,0.24242424242424243,0.3333333333333333,0.15151515151515152,0.9622504486493763,0.9811252243246882,0.6117747333744653,12,KG_TASK_EXPLICIT
526,506,0.611764705882353,0.22352941176470587,0.3,0.14705882352941177,0.9999999999999999,1.0,0.611764705882353,7,KG_TASK_EXPLICIT
526,752,0.6087837837837837,0.21756756756756757,0.3,0.13513513513513514,0.9999999999999999,1.0,0.6087837837837837,7,KG_TASK_EXPLICIT
526,636,0.6071368610561098,0.2409090909090909,0.3,0.18181818181818182,0.9467292624062573,0.9733646312031287,0.6071368610561098,9,KG_TASK_EXPLICIT
527,402,0.6448412698412698,0.3611111111111111,0.3333333333333333,0.3888888888888889,0.857142857142857,0.9285714285714285,0.6448412698412698,4,KG_TASK_EXPLICIT
527,717,0.6421052631578947,0.28421052631578947,0.2,0.3684210526315789,1.0000000000000002,1.0,0.6421052631578947,3,KG_TASK_EXPLICIT
527,386,0.6388888888888888,0.2777777777777778,0.16666666666666666,0.3888888888888889,1.0,1.0,0.6388888888888888,3,KG_TASK_EXPLICIT
527,115,0.6197292788290107,0.2583333333333333,0.16666666666666666,0.35,0.9622504486493763,0.9811252243246882,0.6197292788290107,3,KG_TASK_EXPLICIT
527,462,0.6190355937288492,0.26666666666666666,0.2,0.3333333333333333,0.9428090415820635,0.9714045207910318,0.6190355937288492,3,KG_TASK_EXPLICIT
527,88,0.6091444622974337,0.24583333333333335,0.2,0.2916666666666667,0.944911182523068,0.972455591261534,0.6091444622974337,4,KG_TASK_EXPLICIT
527,755,0.6071708245126285,0.24000000000000002,0.2,0.28,0.9486832980505138,0.9743416490252569,0.6071708245126285,4,KG_TASK_EXPLICIT
527,292,0.6008333333333333,0.28500000000000003,0.25,0.32,0.8333333333333334,0.9166666666666667,0.6008333333333333,6,KG_TASK_EXPLICIT
527,283,0.5975035026315407,0.2236024844720497,0.14285714285714285,0.30434782608695654,0.9428090415820635,0.9714045207910318,0.5975035026315407,6,KG_TASK_EXPLICIT
527,111,0.5972475579405306,0.2426470588235294,0.25,0.23529411764705882,0.9036961141150639,0.951848057057532,0.5972475579405306,6,KG_TASK_EXPLICIT
528,579,0.6010868757801312,0.23076923076923078,0.07692307692307693,0.38461538461538464,0.9428090415820632,0.9714045207910316,0.6010868757801312,3,KG_TASK_EXPLICIT
528,647,0.5863893918817822,0.23976608187134502,0.1111111111111111,0.3684210526315789,0.8660254037844387,0.9330127018922194,0.5863893918817822,3,KG_TASK_EXPLICIT
528,149,0.5820505666366137,0.25585284280936454,0.07692307692307693,0.43478260869565216,0.8164965809277259,0.9082482904638629,0.5820505666366137,3,KG_TASK_EXPLICIT
528,694,0.5804610436276534,0.25267379679144386,0.18181818181818182,0.3235294117647059,0.8164965809277259,0.9082482904638629,0.5804610436276534,3,KG_TASK_EXPLICIT
528,230,0.5755537974683543,0.15110759493670886,0.125,0.17721518987341772,0.9999999999999998,0.9999999999999999,0.5755537974683543,3,KG_TASK_EXPLICIT
528,339,0.5684098595176458,0.22857142857142856,0.14285714285714285,0.3142857142857143,0.8164965809277259,0.9082482904638629,0.5684098595176458,3,KG_TASK_EXPLICIT
528,448,0.5646496288165684,0.15789473684210525,0.0,0.3157894736842105,0.9428090415820632,0.9714045207910316,0.5646496288165684,3,KG_TASK_EXPLICIT
528,170,0.5530623691701554,0.19787644787644787,0.07142857142857142,0.32432432432432434,0.8164965809277259,0.9082482904638629,0.5530623691701554,3,KG_TASK_EXPLICIT
528,475,0.5271124115521704,0.12121212121212122,0.0,0.24242424242424243,0.8660254037844387,0.9330127018922194,0.5271124115521704,3,KG_TASK_EXPLICIT
528,315,0.5201023437402504,0.13195639701663797,0.09523809523809523,0.1686746987951807,0.8164965809277259,0.9082482904638629,0.5201023437402504,3,KG_TASK_EXPLICIT
529,372,0.6859346539162112,0.3923611111111111,0.2222222222222222,0.5625,0.9590163934426228,0.9795081967213114,0.6859346539162112,53,KG_TASK_EXPLICIT
529,156,0.6057996965069665,0.29166666666666663,0.25,0.3333333333333333,0.8398654526945328,0.9199327263472664,0.6057996965069665,32,KG_TASK_EXPLICIT
529,290,0.5718010659559543,0.15362318840579708,0.13333333333333333,0.17391304347826086,0.9799578870122229,0.9899789435061115,0.5718010659559543,6,KG_TASK_EXPLICIT
529,400,0.5700086019768147,0.1597222222222222,0.125,0.19444444444444445,0.9605899634628147,0.9802949817314073,0.5700086019768147,30,KG_TASK_EXPLICIT
529,445,0.5578264940496478,0.17846153846153848,0.07692307692307693,0.28,0.8743828992755144,0.9371914496377571,0.5578264940496478,29,KG_TASK_EXPLICIT
529,250,0.5564694459445603,0.16376811594202897,0.06666666666666667,0.2608695652173913,0.8983415518941831,0.9491707759470915,0.5564694459445603,24,KG_TASK_EXPLICIT
529,713,0.5544036808511457,0.13172043010752688,0.16666666666666666,0.0967741935483871,0.9541738631895289,0.9770869315947645,0.5544036808511457,22,KG_TASK_EXPLICIT
529,538,0.5423910917055034,0.11858974358974358,0.08333333333333333,0.15384615384615385,0.9323848796425261,0.9661924398212631,0.5423910917055034,30,KG_TASK_EXPLICIT
529,286,0.5407272739260387,0.14215686274509803,0.16666666666666666,0.11764705882352941,0.8785953702139588,0.9392976851069794,0.5407272739260387,21,KG_TASK_EXPLICIT
529,58,0.539146358194976,0.11195652173913043,0.05,0.17391304347826086,0.9326723893016433,0.9663361946508217,0.539146358194976,49,KG_TASK_EXPLICIT
530,686,1.0,1.0,1.0,1.0,1.0,1.0,1.0,4,KG_TASK_EXPLICIT
530,685,0.8788510987100685,0.8333333333333333,0.6666666666666666,1.0,0.8487377281736075,0.9243688640868037,0.8788510987100685,19,KG_TASK_EXPLICIT
530,717,0.8152477149409705,0.6590909090909092,0.5,0.8181818181818182,0.9428090415820635,0.9714045207910318,0.8152477149409705,3,KG_TASK_EXPLICIT
530,268,0.8066152689570729,0.6388888888888888,0.5,0.7777777777777778,0.9486832980505138,0.9743416490252569,0.8066152689570729,6,KG_TASK_EXPLICIT
530,543,0.7930512421944234,0.6388888888888888,0.5,0.7777777777777778,0.8944271909999159,0.9472135954999579,0.7930512421944234,6,KG_TASK_EXPLICIT
530,719,0.7843047187076901,0.5961538461538461,0.5,0.6923076923076923,0.944911182523068,0.972455591261534,0.7843047187076901,4,KG_TASK_EXPLICIT
530,462,0.781538921064828,0.5961538461538461,0.5,0.6923076923076923,0.9338479919516196,0.9669239959758098,0.781538921064828,13,KG_TASK_EXPLICIT
530,715,0.7742491881391442,0.7833333333333333,0.6666666666666666,0.9,0.5303300858899106,0.7651650429449552,0.7742491881391442,5,KG_TASK_EXPLICIT
530,41,0.7687075751073801,0.5961538461538461,0.5,0.6923076923076923,0.882522608121828,0.941261304060914,0.7687075751073801,8,KG_TASK_EXPLICIT
530,239,0.7602508454694104,0.5714285714285714,0.5,0.6428571428571429,0.8981462390204985,0.9490731195102493,0.7602508454694104,10,KG_TASK_EXPLICIT
531,599,0.8942232707916873,0.7971428571428572,0.7142857142857143,0.88,0.9826073688810351,0.9913036844405175,0.8942232707916873,9,KG_TASK_EXPLICIT
531,694,0.7865312426494127,0.6777777777777778,0.5555555555555556,0.8,0.7905694150420948,0.8952847075210474,0.7865312426494127,8,KG_TASK_EXPLICIT
531,676,0.7635089850774016,0.5357142857142857,0.5,0.5714285714285714,0.9826073688810351,0.9913036844405175,0.7635089850774016,8,KG_TASK_EXPLICIT
531,679,0.7632826673587543,0.5701298701298702,0.45454545454545453,0.6857142857142857,0.9128709291752769,0.9564354645876385,0.7632826673587543,6,KG_TASK_EXPLICIT
531,674,0.7386343989604859,0.5208333333333333,0.375,0.6666666666666666,0.9128709291752769,0.9564354645876385,0.7386343989604859,6,KG_TASK_EXPLICIT
531,637,0.7380416810062638,0.5661375661375662,0.42857142857142855,0.7037037037037037,0.8198915917499229,0.9099457958749615,0.7380416810062638,12,KG_TASK_EXPLICIT
531,16,0.7344534629273929,0.5446428571428572,0.375,0.7142857142857143,0.8485281374238569,0.9242640687119285,0.7344534629273929,8,KG_TASK_EXPLICIT
531,583,0.7330593304171167,0.5578703703703703,0.375,0.7407407407407407,0.8164965809277259,0.9082482904638629,0.7330593304171167,5,KG_TASK_EXPLICIT
531,678,0.7328009828009827,0.4656019656019656,0.36363636363636365,0.5675675675675675,0.9999999999999998,0.9999999999999999,0.7328009828009827,5,KG_TASK_EXPLICIT
531,720,0.7253661591124186,0.49145299145299143,0.4444444444444444,0.5384615384615384,0.9185586535436918,0.9592793267718459,0.7253661591124186,7,KG_TASK_EXPLICIT
533,586,0.843152425667384,0.7377622377622377,0.5909090909090909,0.8846153846153846,0.8970852271450606,0.9485426135725303,0.843152425667384,9,KG_TASK_EXPLICIT
533,62,0.7936161351381841,0.6950000000000001,0.64,0.75,0.7844645405527363,0.8922322702763681,0.7936161351381841,15,KG_TASK_EXPLICIT
533,256,0.7782284343466043,0.6611721611721612,0.47619047619047616,0.8461538461538461,0.7905694150420948,0.8952847075210474,0.7782284343466043,11,KG_TASK_EXPLICIT
533,295,0.7737841579284507,0.7043650793650793,0.7142857142857143,0.6944444444444444,0.6864064729836441,0.843203236491822,0.7737841579284507,37,KG_TASK_EXPLICIT
533,593,0.761190955309433,0.54,0.4,0.68,0.9647638212377322,0.982381910618866,0.761190955309433,7,KG_TASK_EXPLICIT
533,673,0.7307608446858912,0.5442105263157895,0.3684210526315789,0.72,0.8346223261119857,0.9173111630559929,0.7307608446858912,16,KG_TASK_EXPLICIT
533,376,0.7215401222903208,0.45958646616541354,0.39285714285714285,0.5263157894736842,0.9669875568304563,0.9834937784152282,0.7215401222903208,8,KG_TASK_EXPLICIT
533,496,0.7172463768115942,0.7678260869565217,0.6956521739130435,0.84,0.33333333333333337,0.6666666666666667,0.7172463768115942,10,KG_TASK_EXPLICIT
533,123,0.7096694633379415,0.5085470085470085,0.46153846153846156,0.5555555555555556,0.821583836257749,0.9107919181288745,0.7096694633379415,17,KG_TASK_EXPLICIT
533,511,0.7059485426906429,0.6875,0.59375,0.78125,0.4487941707625715,0.7243970853812858,0.7059485426906429,33,KG_TASK_EXPLICIT
534,137,0.7273926384108407,0.4830031792614331,0.4482758620689655,0.5177304964539007,0.9435641951204965,0.9717820975602482,0.7273926384108407,15,KG_TASK_EXPLICIT
534,696,0.6281125833667612,0.28460405759162305,0.28125,0.2879581151832461,0.9432422182837986,0.9716211091418994,0.6281125833667612,5,KG_TASK_EXPLICIT
534,700,0.6269636034686619,0.2968571428571428,0.2857142857142857,0.308,0.9141401281603622,0.957070064080181,0.6269636034686619,17,KG_TASK_EXPLICIT
534,643,0.6046679578701921,0.2589585666293393,0.3157894736842105,0.20212765957446807,0.9007546982220901,0.950377349111045,0.6046679578701921,11,KG_TASK_EXPLICIT
534,721,0.6001825204190612,0.2260233918128655,0.2631578947368421,0.18888888888888888,0.9486832980505138,0.9743416490252569,0.6001825204190612,5,KG_TASK_EXPLICIT
534,241,0.5965438593850368,0.31998646514775547,0.2903225806451613,0.34965034965034963,0.7462025072446364,0.8731012536223182,0.5965438593850368,20,KG_TASK_EXPLICIT
534,630,0.5934343434343434,0.18686868686868685,0.18181818181818182,0.1919191919191919,1.0000000000000002,1.0,0.5934343434343434,3,KG_TASK_EXPLICIT
534,174,0.5893115942028985,0.1786231884057971,0.17391304347826086,0.18333333333333332,0.9999999999999998,0.9999999999999999,0.5893115942028985,5,KG_TASK_EXPLICIT
534,568,0.5878607809847198,0.17572156196943972,0.15789473684210525,0.1935483870967742,1.0,1.0,0.5878607809847198,4,KG_TASK_EXPLICIT
534,41,0.5825892857142857,0.16517857142857142,0.1875,0.14285714285714285,1.0,1.0,0.5825892857142857,4,KG_TASK_EXPLICIT
536,324,0.6631316056711531,0.38530465949820786,0.2222222222222222,0.5483870967741935,0.8819171036881969,0.9409585518440984,0.6631316056711531,6,KG_TASK_EXPLICIT
536,321,0.6612277956307671,0.35,0.2,0.5,0.944911182523068,0.972455591261534,0.6612277956307671,4,KG_TASK_EXPLICIT
536,242,0.6487154150197628,0.2974308300395257,0.18181818181818182,0.41304347826086957,0.9999999999999998,0.9999999999999999,0.6487154150197628,5,KG_TASK_EXPLICIT
536,674,0.6418441192376847,0.3611111111111111,0.25,0.4722222222222222,0.8451542547285165,0.9225771273642582,0.6418441192376847,5,KG_TASK_EXPLICIT
536,583,0.6369438268191103,0.38257575757575757,0.25,0.5151515151515151,0.7826237921249264,0.8913118960624632,0.6369438268191103,5,KG_TASK_EXPLICIT
536,209,0.6324884792626728,0.26497695852534564,0.14285714285714285,0.3870967741935484,1.0000000000000002,1.0,0.6324884792626728,3,KG_TASK_EXPLICIT
536,46,0.6321428571428571,0.2642857142857143,0.1,0.42857142857142855,0.9999999999999998,0.9999999999999999,0.6321428571428571,5,KG_TASK_EXPLICIT
536,184,0.629794639234398,0.32657657657657657,0.16666666666666666,0.4864864864864865,0.8660254037844387,0.9330127018922194,0.629794639234398,4,KG_TASK_EXPLICIT
536,681,0.6291623533055345,0.3111111111111111,0.2,0.4222222222222222,0.8944271909999159,0.9472135954999579,0.6291623533055345,3,KG_TASK_EXPLICIT
536,577,0.6257457668535532,0.3432432432432433,0.2,0.4864864864864865,0.8164965809277261,0.9082482904638631,0.6257457668535532,5,KG_TASK_EXPLICIT
538,445,0.7331776856177784,0.5252100840336134,0.2857142857142857,0.7647058823529411,0.8822905744038869,0.9411452872019435,0.7331776856177784,23,KG_TASK_EXPLICIT
538,246,0.6881195908378477,0.41666666666666663,0.3333333333333333,0.5,0.9191450300180578,0.9595725150090288,0.6881195908378477,25,KG_TASK_EXPLICIT
538,58,0.598728169047128,0.23809523809523808,0.14285714285714285,0.3333333333333333,0.9187221999980357,0.9593610999990179,0.598728169047128,28,KG_TASK_EXPLICIT
538,212,0.5972575044695873,0.23214285714285715,0.25,0.21428571428571427,0.9247443035926348,0.9623721517963174,0.5972575044695873,19,KG_TASK_EXPLICIT
538,250,0.5538900685849444,0.13695652173913042,0.1,0.17391304347826086,0.9416472308615167,0.9708236154307583,0.5538900685849444,20,KG_TASK_EXPLICIT
538,529,0.5423910917055034,0.11858974358974358,0.08333333333333333,0.15384615384615385,0.9323848796425261,0.9661924398212631,0.5423910917055034,30,KG_TASK_EXPLICIT
538,248,0.5382575757575758,0.11818181818181818,0.1,0.13636363636363635,0.9166666666666669,0.9583333333333335,0.5382575757575758,6,KG_TASK_EXPLICIT
538,347,0.5316550771422598,0.12037037037037036,0.16666666666666666,0.07407407407407407,0.8858795678282981,0.9429397839141491,0.5316550771422598,11,KG_TASK_EXPLICIT
538,156,0.5306334027274282,0.12662337662337664,0.07142857142857142,0.18181818181818182,0.8692868576629595,0.9346434288314798,0.5306334027274282,24,KG_TASK_EXPLICIT
538,75,0.5196153846153846,0.039230769230769236,0.04,0.038461538461538464,0.9999999999999998,0.9999999999999999,0.5196153846153846,5,KG_TASK_EXPLICIT
540,328,0.821116135138184,0.75,0.5,1.0,0.7844645405527361,0.8922322702763681,0.821116135138184,7,KG_TASK_EXPLICIT
540,343,0.7222222222222223,0.5277777777777778,0.5,0.5555555555555556,0.8333333333333335,0.9166666666666667,0.7222222222222223,6,KG_TASK_EXPLICIT
540,35,0.6253061070613428,0.3970588235294118,0.5,0.29411764705882354,0.7071067811865475,0.8535533905932737,0.6253061070613428,5,KG_TASK_EXPLICIT
540,385,0.5876010624955985,0.358974358974359,0.3333333333333333,0.38461538461538464,0.6324555320336759,0.816227766016838,0.5876010624955985,5,KG_TASK_EXPLICIT
540,410,0.5812287392826324,0.45833333333333337,0.5,0.4166666666666667,0.40824829046386296,0.7041241452319315,0.5812287392826324,9,KG_TASK_EXPLICIT
540,178,0.5732159187698118,0.4423076923076923,0.5,0.38461538461538464,0.40824829046386296,0.7041241452319315,0.5732159187698118,9,KG_TASK_EXPLICIT
540,239,0.5663477869016801,0.4285714285714286,0.5,0.35714285714285715,0.4082482904638631,0.7041241452319316,0.5663477869016801,6,KG_TASK_EXPLICIT
540,492,0.5305021169820365,0.41666666666666663,0.5,0.3333333333333333,0.2886751345948129,0.6443375672974064,0.5305021169820365,6,KG_TASK_EXPLICIT
540,110,0.5270833333333333,0.3041666666666667,0.4,0.20833333333333334,0.5,0.75,0.5270833333333333,4,KG_TASK_EXPLICIT
540,577,0.49272486772486773,0.23544973544973544,0.2857142857142857,0.18518518518518517,0.5,0.75,0.49272486772486773,4,KG_TASK_EXPLICIT
543,754,1.0,1.0,1.0,1.0,1.0000000000000002,1.0,1.0,3,KG_TASK_EXPLICIT
543,701,0.9857022603955158,1.0,1.0,1.0,0.9428090415820632,0.9714045207910316,0.9857022603955158,3,KG_TASK_EXPLICIT
543,268,0.9541241452319315,1.0,1.0,1.0,0.8164965809277259,0.9082482904638629,0.9541241452319315,3,KG_TASK_EXPLICIT
543,686,0.8051467048399603,0.6388888888888888,0.5,0.7777777777777778,0.9428090415820635,0.9714045207910318,0.8051467048399603,3,KG_TASK_EXPLICIT
543,530,0.7930512421944234,0.6388888888888888,0.5,0.7777777777777778,0.8944271909999159,0.9472135954999579,0.7930512421944234,6,KG_TASK_EXPLICIT
543,92,0.7871708245126284,0.6,0.5,0.7,0.9486832980505138,0.9743416490252569,0.7871708245126284,3,KG_TASK_EXPLICIT
543,176,0.7803010656271525,0.6041666666666666,0.3333333333333333,0.875,0.9128709291752769,0.9564354645876385,0.7803010656271525,6,KG_TASK_EXPLICIT
543,402,0.7794157338705616,0.6,0.5,0.7,0.9176629354822469,0.9588314677411234,0.7794157338705616,10,KG_TASK_EXPLICIT
543,363,0.773606797749979,0.6,0.5,0.7,0.8944271909999159,0.9472135954999579,0.773606797749979,5,KG_TASK_EXPLICIT
543,685,0.7513845755277567,0.5555555555555556,0.3333333333333333,0.7777777777777778,0.8944271909999159,0.9472135954999579,0.7513845755277567,11,KG_TASK_EXPLICIT
544,583,0.7200332361410223,0.5318181818181817,0.36363636363636365,0.7,0.8164965809277259,0.9082482904638629,0.7200332361410223,3,KG_TASK_EXPLICIT
544,611,0.6950058619633035,0.5364583333333334,0.4166666666666667,0.65625,0.7071067811865475,0.8535533905932737,0.6950058619633035,10,KG_TASK_EXPLICIT
544,518,0.6792392702007681,0.42546583850931674,0.2857142857142857,0.5652173913043478,0.8660254037844387,0.9330127018922194,0.6792392702007681,5,KG_TASK_EXPLICIT
544,57,0.6788395607176025,0.5095238095238095,0.3333333333333333,0.6857142857142857,0.6963106238227914,0.8481553119113957,0.6788395607176025,9,KG_TASK_EXPLICIT
544,161,0.6755681818181818,0.35113636363636364,0.22727272727272727,0.475,1.0000000000000002,1.0,0.6755681818181818,3,KG_TASK_EXPLICIT
544,494,0.6704751712004001,0.44005847953216376,0.2222222222222222,0.6578947368421053,0.8017837257372731,0.9008918628686365,0.6704751712004001,4,KG_TASK_EXPLICIT
544,65,0.6681034482758621,0.33620689655172414,0.1724137931034483,0.5,1.0,1.0,0.6681034482758621,127,KG_TASK_EXPLICIT
544,130,0.6611972442334477,0.43509615384615385,0.3076923076923077,0.5625,0.7745966692414833,0.8872983346207417,0.6611972442334477,15,KG_TASK_EXPLICIT
544,635,0.6566458230568692,0.42045454545454547,0.4166666666666667,0.42424242424242425,0.7856742013183862,0.8928371006591931,0.6566458230568692,15,KG_TASK_EXPLICIT
544,679,0.6507704866953461,0.3932926829268293,0.25,0.5365853658536586,0.8164965809277259,0.9082482904638629,0.6507704866953461,3,KG_TASK_EXPLICIT
545,26,0.6634615384615384,0.3269230769230769,0.5,0.15384615384615385,1.0,1.0,0.6634615384615384,4,KG_TASK_EXPLICIT
545,228,0.6622807017543859,0.32456140350877194,0.3333333333333333,0.3157894736842105,1.0000000000000002,1.0,0.6622807017543859,6,KG_TASK_EXPLICIT
545,193,0.6596797007874871,0.4111111111111111,0.6,0.2222222222222222,0.8164965809277259,0.9082482904638629,0.6596797007874871,4,KG_TASK_EXPLICIT
545,318,0.6291241452319314,0.35,0.5,0.2,0.8164965809277259,0.9082482904638629,0.6291241452319314,3,KG_TASK_EXPLICIT
545,566,0.6277777777777778,0.25555555555555554,0.4,0.1111111111111111,1.0,1.0,0.6277777777777778,4,KG_TASK_EXPLICIT
545,497,0.6188035532065246,0.26515151515151514,0.16666666666666666,0.36363636363636365,0.944911182523068,0.972455591261534,0.6188035532065246,4,KG_TASK_EXPLICIT
545,685,0.6135158652516078,0.26515151515151514,0.16666666666666666,0.36363636363636365,0.9237604307034011,0.9618802153517005,0.6135158652516078,6,KG_TASK_EXPLICIT
545,715,0.6094271755349617,0.3106060606060606,0.16666666666666666,0.45454545454545453,0.8164965809277259,0.9082482904638629,0.6094271755349617,4,KG_TASK_EXPLICIT
545,462,0.6023809523809524,0.20476190476190476,0.14285714285714285,0.26666666666666666,1.0000000000000002,1.0,0.6023809523809524,3,KG_TASK_EXPLICIT
545,590,0.5857142857142856,0.17142857142857143,0.14285714285714285,0.2,0.9999999999999998,0.9999999999999999,0.5857142857142856,3,KG_TASK_EXPLICIT
546,385,0.8952380952380953,0.7904761904761906,0.7142857142857143,0.8666666666666667,1.0000000000000002,1.0,0.8952380952380953,3,KG_TASK_EXPLICIT
546,178,0.7500326447857222,0.5378151260504201,0.42857142857142855,0.6470588235294118,0.9245003270420487,0.9622501635210243,0.7500326447857222,10,KG_TASK_EXPLICIT
546,492,0.731046365914787,0.5037593984962406,0.42857142857142855,0.5789473684210527,0.9166666666666666,0.9583333333333333,0.731046365914787,10,KG_TASK_EXPLICIT
546,127,0.7247023809523809,0.4494047619047619,0.375,0.5238095238095238,1.0,1.0,0.7247023809523809,4,KG_TASK_EXPLICIT
546,35,0.7195502630383759,0.47619047619047616,0.42857142857142855,0.5238095238095238,0.9258200997725514,0.9629100498862757,0.7195502630383759,7,KG_TASK_EXPLICIT
546,32,0.7166666666666667,0.43333333333333335,0.3333333333333333,0.5333333333333333,1.0000000000000002,1.0,0.7166666666666667,3,KG_TASK_EXPLICIT
546,110,0.6713674620572208,0.4097222222222222,0.375,0.4444444444444444,0.8660254037844387,0.9330127018922194,0.6713674620572208,4,KG_TASK_EXPLICIT
546,222,0.6680225281602002,0.3360450563204005,0.35294117647058826,0.3191489361702128,1.0,1.0,0.6680225281602002,4,KG_TASK_EXPLICIT
546,410,0.6677631578947368,0.3355263157894737,0.25,0.42105263157894735,1.0,1.0,0.6677631578947368,9,KG_TASK_EXPLICIT
546,726,0.6636029411764706,0.3272058823529412,0.125,0.5294117647058824,1.0000000000000002,1.0,0.6636029411764706,3,KG_TASK_EXPLICIT
548,67,0.6466911764705882,0.33088235294117646,0.25,0.4117647058823529,0.9249999999999998,0.9624999999999999,0.6466911764705882,32,KG_TASK_EXPLICIT
548,49,0.6333290199722011,0.3194444444444444,0.25,0.3888888888888889,0.8944271909999159,0.9472135954999579,0.6333290199722011,6,KG_TASK_EXPLICIT
548,474,0.6167859892890312,0.38541666666666663,0.3333333333333333,0.4375,0.6963106238227914,0.8481553119113957,0.6167859892890312,9,KG_TASK_EXPLICIT
548,323,0.6116666666666667,0.22333333333333333,0.16666666666666666,0.28,0.9999999999999999,1.0,0.6116666666666667,4,KG_TASK_EXPLICIT
548,271,0.6091532310265886,0.3194444444444444,0.25,0.3888888888888889,0.7977240352174656,0.8988620176087327,0.6091532310265886,9,KG_TASK_EXPLICIT
548,396,0.6041666666666666,0.20833333333333334,0.125,0.2916666666666667,0.9999999999999999,1.0,0.6041666666666666,7,KG_TASK_EXPLICIT
548,601,0.6002855937288493,0.22916666666666669,0.16666666666666666,0.2916666666666667,0.9428090415820635,0.9714045207910318,0.6002855937288493,3,KG_TASK_EXPLICIT
548,684,0.5907554518848777,0.21010638297872342,0.25,0.1702127659574468,0.9428090415820635,0.9714045207910318,0.5907554518848777,9,KG_TASK_EXPLICIT
548,371,0.5891203044700364,0.1971153846153846,0.125,0.2692307692307692,0.9622504486493763,0.9811252243246882,0.5891203044700364,9,KG_TASK_EXPLICIT
548,418,0.5837917838106402,0.21296296296296297,0.16666666666666666,0.25925925925925924,0.909241209316635,0.9546206046583174,0.5837917838106402,16,KG_TASK_EXPLICIT
550,95,0.8069621277075744,0.6620553359683794,0.45454545454545453,0.8695652173913043,0.9037378388935388,0.9518689194467693,0.8069621277075744,10,KG_TASK_EXPLICIT
550,305,0.6845434623633844,0.37910798122065725,0.16666666666666666,0.5915492957746479,0.9799578870122229,0.9899789435061115,0.6845434623633844,6,KG_TASK_EXPLICIT
550,195,0.6829545454545455,0.3659090909090909,0.15,0.5818181818181818,1.0000000000000002,1.0,0.6829545454545455,3,KG_TASK_EXPLICIT
550,467,0.6648829743227331,0.39675324675324675,0.35714285714285715,0.43636363636363634,0.8660254037844387,0.9330127018922194,0.6648829743227331,4,KG_TASK_EXPLICIT
550,518,0.6625,0.325,0.16666666666666666,0.48333333333333334,1.0000000000000002,1.0,0.6625,3,KG_TASK_EXPLICIT
550,320,0.6389751552795031,0.2779503105590062,0.14285714285714285,0.41304347826086957,1.0000000000000002,1.0,0.6389751552795031,3,KG_TASK_EXPLICIT
550,508,0.6139451869351149,0.2554347826086957,0.25,0.2608695652173913,0.944911182523068,0.972455591261534,0.6139451869351149,4,KG_TASK_EXPLICIT
550,702,0.6118421052631579,0.22368421052631576,0.16666666666666666,0.2807017543859649,1.0000000000000002,1.0,0.6118421052631579,3,KG_TASK_EXPLICIT
550,430,0.6102358424850681,0.2490671641791045,0.125,0.373134328358209,0.9428090415820635,0.9714045207910318,0.6102358424850681,3,KG_TASK_EXPLICIT
550,711,0.6063988095238095,0.21279761904761904,0.1875,0.23809523809523808,1.0000000000000002,1.0,0.6063988095238095,3,KG_TASK_EXPLICIT
552,378,0.6829545454545455,0.36590909090909096,0.18181818181818182,0.55,1.0000000000000002,1.0,0.6829545454545455,3,KG_TASK_EXPLICIT
552,495,0.6661533882150648,0.3609022556390977,0.14285714285714285,0.5789473684210527,0.9428090415820635,0.9714045207910318,0.6661533882150648,3,KG_TASK_EXPLICIT
552,243,0.6472701149425287,0.29454022988505746,0.1724137931034483,0.4166666666666667,1.0000000000000002,1.0,0.6472701149425287,3,KG_TASK_EXPLICIT
552,237,0.6268721198156681,0.2537442396313364,0.0967741935483871,0.4107142857142857,1.0000000000000002,1.0,0.6268721198156681,3,KG_TASK_EXPLICIT
552,173,0.621482683982684,0.24296536796536797,0.10714285714285714,0.3787878787878788,1.0,1.0,0.621482683982684,4,KG_TASK_EXPLICIT
552,255,0.615662606770393,0.3230769230769231,0.2,0.4461538461538462,0.8164965809277259,0.9082482904638629,0.615662606770393,3,KG_TASK_EXPLICIT
552,185,0.6071895424836602,0.21437908496732028,0.11764705882352941,0.3111111111111111,1.0000000000000002,1.0,0.6071895424836602,3,KG_TASK_EXPLICIT
552,402,0.6066152689570729,0.2388888888888889,0.2,0.2777777777777778,0.9486832980505138,0.9743416490252569,0.6066152689570729,4,KG_TASK_EXPLICIT
552,465,0.5984665055757513,0.22259136212624583,0.14285714285714285,0.3023255813953488,0.9486832980505138,0.9743416490252569,0.5984665055757513,5,KG_TASK_EXPLICIT
552,315,0.580141129032258,0.16028225806451613,0.0625,0.25806451612903225,1.0,1.0,0.580141129032258,4,KG_TASK_EXPLICIT
554,27,0.6925382630921563,0.680952380952381,0.6,0.7619047619047619,0.4082482904638631,0.7041241452319316,0.6925382630921563,3,KG_TASK_EXPLICIT
554,333,0.6205242080889668,0.3080357142857143,0.1875,0.42857142857142855,0.8660254037844387,0.9330127018922194,0.6205242080889668,4,KG_TASK_EXPLICIT
554,631,0.6114718614718614,0.22294372294372294,0.14285714285714285,0.30303030303030304,0.9999999999999998,0.9999999999999999,0.6114718614718614,4,KG_TASK_EXPLICIT
554,719,0.6006302485987394,0.35119047619047616,0.2857142857142857,0.4166666666666667,0.7001400420140049,0.8500700210070025,0.6006302485987394,8,KG_TASK_EXPLICIT
554,752,0.5975,0.445,0.25,0.64,0.4999999999999999,0.75,0.5975,5,KG_TASK_EXPLICIT
554,715,0.5891771583995259,0.2453416149068323,0.14285714285714285,0.34782608695652173,0.8660254037844387,0.9330127018922194,0.5891771583995259,6,KG_TASK_EXPLICIT
554,135,0.5836232815831207,0.37857142857142856,0.3,0.45714285714285713,0.5773502691896258,0.7886751345948129,0.5836232815831207,3,KG_TASK_EXPLICIT
554,698,0.5825067716737112,0.19360902255639095,0.07142857142857142,0.3157894736842105,0.9428090415820632,0.9714045207910316,0.5825067716737112,3,KG_TASK_EXPLICIT
554,579,0.5764359731889208,0.2446236559139785,0.16666666666666666,0.3225806451612903,0.8164965809277261,0.9082482904638631,0.5764359731889208,3,KG_TASK_EXPLICIT
554,418,0.5698568891110581,0.31527093596059114,0.2857142857142857,0.3448275862068966,0.6488856845230501,0.8244428422615251,0.5698568891110581,7,KG_TASK_EXPLICIT
555,566,0.6607142857142856,0.3214285714285714,0.5,0.14285714285714285,0.9999999999999998,0.9999999999999999,0.6607142857142856,5,KG_TASK_EXPLICIT
555,176,0.6477272727272727,0.29545454545454547,0.5,0.09090909090909091,1.0000000000000002,1.0,0.6477272727272727,3,KG_TASK_EXPLICIT
555,153,0.6375,0.775,0.75,0.8,0.0,0.5,0.6375,5,KG_TASK_EXPLICIT
555,26,0.6041666666666666,0.20833333333333331,0.3333333333333333,0.08333333333333333,1.0,1.0,0.6041666666666666,4,KG_TASK_EXPLICIT
555,500,0.5714285714285714,0.14285714285714285,0.14285714285714285,0.14285714285714285,0.9999999999999998,0.9999999999999999,0.5714285714285714,5,KG_TASK_EXPLICIT
555,525,0.5708333333333333,0.14166666666666666,0.2,0.08333333333333333,1.0,1.0,0.5708333333333333,4,KG_TASK_EXPLICIT
555,440,0.5612033206430794,0.1893939393939394,0.3333333333333333,0.045454545454545456,0.8660254037844387,0.9330127018922194,0.5612033206430794,4,KG_TASK_EXPLICIT
555,193,0.5580266952966368,0.2625,0.4,0.125,0.7071067811865475,0.8535533905932737,0.5580266952966368,4,KG_TASK_EXPLICIT
555,37,0.5451388888888888,0.09027777777777778,0.125,0.05555555555555555,1.0000000000000002,1.0,0.5451388888888888,3,KG_TASK_EXPLICIT
555,228,0.5363636363636364,0.07272727272727272,0.1,0.045454545454545456,1.0000000000000002,1.0,0.5363636363636364,3,KG_TASK_EXPLICIT
557,55,0.764893122852962,0.741111111111111,0.76,0.7222222222222222,0.5773502691896258,0.7886751345948129,0.764893122852962,3,KG_TASK_EXPLICIT
557,366,0.7094827586206895,0.4189655172413793,0.13793103448275862,0.7,0.9999999999999998,0.9999999999999999,0.7094827586206895,4,KG_TASK_EXPLICIT
557,559,0.7002384251329611,0.5842490842490842,0.6923076923076923,0.47619047619047616,0.6324555320336759,0.816227766016838,0.7002384251329611,5,KG_TASK_EXPLICIT
557,31,0.6998699371955284,0.6324786324786325,0.6538461538461539,0.6111111111111112,0.5345224838248487,0.7672612419124243,0.6998699371955284,7,KG_TASK_EXPLICIT
557,117,0.6910639127471974,0.5874999999999999,0.6333333333333333,0.5416666666666666,0.5892556509887896,0.7946278254943948,0.6910639127471974,9,KG_TASK_EXPLICIT
557,503,0.67,0.5900000000000001,0.68,0.5,0.4999999999999999,0.75,0.67,11,KG_TASK_EXPLICIT
557,140,0.6655986374729336,0.6602564102564102,0.6538461538461539,0.6666666666666666,0.3418817293789138,0.6709408646894569,0.6655986374729336,15,KG_TASK_EXPLICIT
557,443,0.6597854842142716,0.5214285714285715,0.6428571428571429,0.4,0.5962847939999439,0.7981423969999719,0.6597854842142716,6,KG_TASK_EXPLICIT
557,633,0.6434208245126285,0.3125,0.125,0.5,0.9486832980505138,0.9743416490252569,0.6434208245126285,4,KG_TASK_EXPLICIT
557,383,0.631631299734748,0.26326259946949604,0.10344827586206896,0.4230769230769231,1.0,1.0,0.631631299734748,4,KG_TASK_EXPLICIT
558,704,0.7620674678983076,0.717948717948718,0.6666666666666666,0.7692307692307693,0.6123724356957945,0.8061862178478972,0.7620674678983076,5,KG_TASK_EXPLICIT
558,719,0.756289928812306,0.6346153846153846,0.5,0.7692307692307693,0.7559289460184544,0.8779644730092272,0.756289928812306,4,KG_TASK_EXPLICIT
558,306,0.7440843876043292,0.6346153846153846,0.5,0.7692307692307693,0.7071067811865475,0.8535533905932737,0.7440843876043292,4,KG_TASK_EXPLICIT
558,89,0.7344677322938192,0.5125,0.4,0.625,0.9128709291752769,0.9564354645876385,0.7344677322938192,4,KG_TASK_EXPLICIT
558,506,0.7326955738033601,0.5571428571428572,0.4,0.7142857142857143,0.8164965809277261,0.9082482904638631,0.7326955738033601,6,KG_TASK_EXPLICIT
558,268,0.7325741858350554,0.6,0.5,0.7,0.7302967433402213,0.8651483716701107,0.7325741858350554,6,KG_TASK_EXPLICIT
558,543,0.7267766952966368,0.6,0.5,0.7,0.7071067811865476,0.8535533905932737,0.7267766952966368,8,KG_TASK_EXPLICIT
558,686,0.7163374911792951,0.45833333333333337,0.3333333333333333,0.5833333333333334,0.9486832980505138,0.9743416490252569,0.7163374911792951,5,KG_TASK_EXPLICIT
558,418,0.7125687424486455,0.5277777777777778,0.5,0.5555555555555556,0.7947194142390263,0.8973597071195132,0.7125687424486455,7,KG_TASK_EXPLICIT
558,648,0.7026490845271265,0.5571428571428572,0.4,0.7142857142857143,0.6963106238227914,0.8481553119113957,0.7026490845271265,6,KG_TASK_EXPLICIT
559,354,0.8145380434782609,0.6290760869565217,0.6956521739130435,0.5625,1.0000000000000002,1.0,0.8145380434782609,3,KG_TASK_EXPLICIT
559,140,0.8061011904761904,0.6622023809523809,0.7619047619047619,0.5625,0.8999999999999998,0.95,0.8061011904761904,7,KG_TASK_EXPLICIT
559,503,0.7719677322938192,0.5875,0.8,0.375,0.9128709291752769,0.9564354645876385,0.7719677322938192,3,KG_TASK_EXPLICIT
559,117,0.7612876254180603,0.5225752508361204,0.6538461538461539,0.391304347826087,0.9999999999999999,1.0,0.7612876254180603,4,KG_TASK_EXPLICIT
559,443,0.7537481259370314,0.5074962518740629,0.7391304347826086,0.27586206896551724,1.0000000000000002,1.0,0.7537481259370314,3,KG_TASK_EXPLICIT
559,269,0.7385626722948294,0.505720823798627,0.6956521739130435,0.3157894736842105,0.9428090415820635,0.9714045207910318,0.7385626722948294,3,KG_TASK_EXPLICIT
559,31,0.7309173669467787,0.5868347338935573,0.7619047619047619,0.4117647058823529,0.7499999999999999,0.875,0.7309173669467787,5,KG_TASK_EXPLICIT
559,141,0.7234072828102542,0.47435897435897434,0.6153846153846154,0.3333333333333333,0.944911182523068,0.972455591261534,0.7234072828102542,5,KG_TASK_EXPLICIT
559,557,0.7002384251329611,0.5842490842490842,0.6923076923076923,0.47619047619047616,0.6324555320336759,0.816227766016838,0.7002384251329611,5,KG_TASK_EXPLICIT
559,149,0.6931818181818182,0.46969696969696967,0.2727272727272727,0.6666666666666666,0.8333333333333334,0.9166666666666667,0.6931818181818182,6,KG_TASK_EXPLICIT
560,455,0.6431695720635321,0.2982456140350877,0.2631578947368421,0.3333333333333333,0.9761870601839528,0.9880935300919764,0.6431695720635321,5,KG_TASK_EXPLICIT
560,568,0.6303088803088803,0.26061776061776065,0.14285714285714285,0.3783783783783784,0.9999999999999998,0.9999999999999999,0.6303088803088803,5,KG_TASK_EXPLICIT
560,52,0.6113644962646959,0.2496790757381258,0.15789473684210525,0.34146341463414637,0.9460998335825321,0.9730499167912661,0.6113644962646959,7,KG_TASK_EXPLICIT
560,133,0.6015625,0.203125,0.125,0.28125,1.0,1.0,0.6015625,4,KG_TASK_EXPLICIT
560,513,0.5964856095982387,0.2212430426716141,0.13636363636363635,0.30612244897959184,0.9434563530497265,0.9717281765248633,0.5964856095982387,8,KG_TASK_EXPLICIT
560,392,0.594515847679739,0.2121212121212121,0.09090909090909091,0.3333333333333333,0.9538209664765318,0.9769104832382659,0.594515847679739,7,KG_TASK_EXPLICIT
560,41,0.5922619047619048,0.1845238095238095,0.08333333333333333,0.2857142857142857,1.0000000000000002,1.0,0.5922619047619048,3,KG_TASK_EXPLICIT
560,16,0.5904835336507356,0.1956043956043956,0.07692307692307693,0.3142857142857143,0.9707253433941511,0.9853626716970756,0.5904835336507356,4,KG_TASK_EXPLICIT
560,14,0.5900510866037587,0.22584541062801933,0.17391304347826086,0.2777777777777778,0.9085135251589959,0.954256762579498,0.5900510866037587,15,KG_TASK_EXPLICIT
560,364,0.5895782293877639,0.20775193798449612,0.06666666666666667,0.3488372093023256,0.9428090415820635,0.9714045207910318,0.5895782293877639,3,KG_TASK_EXPLICIT
561,140,0.8914835164835165,0.8663003663003663,0.8095238095238095,0.9230769230769231,0.8333333333333335,0.9166666666666667,0.8914835164835165,3,KG_TASK_EXPLICIT
561,31,0.8380832127764682,0.7047619047619047,0.8095238095238095,0.6,0.9428090415820635,0.9714045207910318,0.8380832127764682,3,KG_TASK_EXPLICIT
561,141,0.7931448361039202,0.61,0.72,0.5,0.9525793444156805,0.9762896722078402,0.7931448361039202,3,KG_TASK_EXPLICIT
561,149,0.7564241855292058,0.5414438502673796,0.3181818181818182,0.7647058823529411,0.9428090415820635,0.9714045207910318,0.7564241855292058,3,KG_TASK_EXPLICIT
561,433,0.6702997836153302,0.36919504643962847,0.47368421052631576,0.2647058823529412,0.9428090415820635,0.9714045207910318,0.6702997836153302,3,KG_TASK_EXPLICIT
561,383,0.6479046413478968,0.3244047619047619,0.125,0.5238095238095238,0.9428090415820635,0.9714045207910318,0.6479046413478968,3,KG_TASK_EXPLICIT
561,386,0.6407867494824018,0.3649068322981367,0.08695652173913043,0.6428571428571429,0.8333333333333335,0.9166666666666667,0.6407867494824018,3,KG_TASK_EXPLICIT
561,297,0.6381145410972703,0.3048245614035088,0.08333333333333333,0.5263157894736842,0.9428090415820635,0.9714045207910318,0.6381145410972703,3,KG_TASK_EXPLICIT
561,48,0.630792065231824,0.32857142857142857,0.10714285714285714,0.55,0.8660254037844387,0.9330127018922194,0.630792065231824,3,KG_TASK_EXPLICIT
561,24,0.6272474002064843,0.2782051282051282,0.13333333333333333,0.4230769230769231,0.9525793444156805,0.9762896722078402,0.6272474002064843,3,KG_TASK_EXPLICIT
562,628,0.7468102969461665,0.6284722222222222,0.4444444444444444,0.8125,0.7302967433402214,0.8651483716701107,0.7468102969461665,5,KG_TASK_EXPLICIT
562,394,0.690486035894565,0.4017857142857143,0.42857142857142855,0.375,0.9583727150068314,0.9791863575034156,0.690486035894565,8,KG_TASK_EXPLICIT
562,531,0.6770180784554948,0.43472222222222223,0.4444444444444444,0.425,0.8386278693775346,0.9193139346887673,0.6770180784554948,24,KG_TASK_EXPLICIT
562,694,0.6669688043106082,0.3595959595959596,0.36363636363636365,0.35555555555555557,0.9486832980505138,0.9743416490252569,0.6669688043106082,12,KG_TASK_EXPLICIT
562,721,0.6653971156735847,0.46411483253588515,0.45454545454545453,0.47368421052631576,0.733358797622569,0.8666793988112844,0.6653971156735847,14,KG_TASK_EXPLICIT
562,679,0.6645612278732271,0.39583333333333337,0.4166666666666667,0.375,0.8665782448262421,0.933289122413121,0.6645612278732271,11,KG_TASK_EXPLICIT
562,568,0.6587659166917579,0.33403805496828753,0.2727272727272727,0.3953488372093023,0.9669875568304563,0.9834937784152282,0.6587659166917579,7,KG_TASK_EXPLICIT
562,375,0.6581875948502451,0.44522144522144524,0.45454545454545453,0.4358974358974359,0.7423074889580903,0.8711537444790451,0.6581875948502451,35,KG_TASK_EXPLICIT
562,111,0.658182366185392,0.40131578947368424,0.25,0.5526315789473685,0.8300978857941995,0.9150489428970998,0.658182366185392,17,KG_TASK_EXPLICIT
562,135,0.65639858534716,0.3413926499032882,0.36363636363636365,0.3191489361702128,0.9428090415820635,0.9714045207910318,0.65639858534716,3,KG_TASK_EXPLICIT
563,428,0.8503787878787878,0.7007575757575758,0.5833333333333334,0.8181818181818182,1.0000000000000002,1.0,0.8503787878787878,3,KG_TASK_EXPLICIT
563,183,0.8439890063308102,0.7136363636363636,0.7,0.7272727272727273,0.9486832980505138,0.9743416490252569,0.8439890063308102,10,KG_TASK_EXPLICIT
563,654,0.776203507191894,0.6515151515151515,0.6363636363636364,0.6666666666666666,0.8017837257372731,0.9008918628686365,0.776203507191894,7,KG_TASK_EXPLICIT
563,451,0.7463340704772516,0.5454545454545454,0.45454545454545453,0.6363636363636364,0.8944271909999159,0.9472135954999579,0.7463340704772516,5,KG_TASK_EXPLICIT
563,441,0.7329144158113369,0.5533498759305211,0.46153846153846156,0.6451612903225806,0.8249579113843053,0.9124789556921526,0.7329144158113369,8,KG_TASK_EXPLICIT
563,376,0.6977085781433607,0.3954171562867215,0.30434782608695654,0.4864864864864865,0.9999999999999998,0.9999999999999999,0.6977085781433607,5,KG_TASK_EXPLICIT
563,418,0.6788374911792951,0.3833333333333333,0.16666666666666666,0.6,0.9486832980505138,0.9743416490252569,0.6788374911792951,6,KG_TASK_EXPLICIT
563,306,0.6721014492753623,0.3442028985507246,0.16666666666666666,0.5217391304347826,1.0000000000000002,1.0,0.6721014492753623,3,KG_TASK_EXPLICIT
563,479,0.6633333333333333,0.32666666666666666,0.13333333333333333,0.52,1.0000000000000002,1.0,0.6633333333333333,3,KG_TASK_EXPLICIT
563,42,0.6572392800246772,0.35454545454545455,0.3,0.4090909090909091,0.9198662110078,0.9599331055039,0.6572392800246772,10,KG_TASK_EXPLICIT
564,167,0.7181634957474203,0.4647058823529412,0.4,0.5294117647058824,0.9432422182837986,0.9716211091418994,0.7181634957474203,8,KG_TASK_EXPLICIT
564,6,0.6936415048585998,0.4647058823529412,0.4,0.5294117647058824,0.8451542547285165,0.9225771273642582,0.6936415048585998,5,KG_TASK_EXPLICIT
564,419,0.6857022603955159,0.4,0.5,0.3,0.9428090415820635,0.9714045207910318,0.6857022603955159,6,KG_TASK_EXPLICIT
564,350,0.6487821361077273,0.5303030303030303,0.3333333333333333,0.7272727272727273,0.5345224838248487,0.7672612419124243,0.6487821361077273,7,KG_TASK_EXPLICIT
564,202,0.6400862068965516,0.2801724137931034,0.25,0.3103448275862069,0.9999999999999998,0.9999999999999999,0.6400862068965516,5,KG_TASK_EXPLICIT
564,213,0.6331417624521073,0.2662835249042146,0.2222222222222222,0.3103448275862069,1.0,1.0,0.6331417624521073,11,KG_TASK_EXPLICIT
564,327,0.6286764705882353,0.25735294117647056,0.25,0.2647058823529412,1.0,1.0,0.6286764705882353,5,KG_TASK_EXPLICIT
564,172,0.6163204957753236,0.2738095238095238,0.16666666666666666,0.38095238095238093,0.9176629354822469,0.9588314677411234,0.6163204957753236,10,KG_TASK_EXPLICIT
564,225,0.6016830845042414,0.22527472527472528,0.14285714285714285,0.3076923076923077,0.9561828874675149,0.9780914437337574,0.6016830845042414,7,KG_TASK_EXPLICIT
564,705,0.5738372124965228,0.20046082949308755,0.14285714285714285,0.25806451612903225,0.8944271909999159,0.9472135954999579,0.5738372124965228,5,KG_TASK_EXPLICIT
565,601,0.7172619047619048,0.43452380952380953,0.25,0.6190476190476191,1.0000000000000002,1.0,0.7172619047619048,3,KG_TASK_EXPLICIT
565,612,0.7089923432488319,0.5777777777777777,0.5555555555555556,0.6,0.6804138174397718,0.8402069087198859,0.7089923432488319,9,KG_TASK_EXPLICIT
565,390,0.6970619065016652,0.4611111111111111,0.2222222222222222,0.7,0.8660254037844387,0.9330127018922194,0.6970619065016652,6,KG_TASK_EXPLICIT
565,411,0.6601230772358744,0.42857142857142855,0.2857142857142857,0.5714285714285714,0.7833494518006403,0.8916747259003202,0.6601230772358744,8,KG_TASK_EXPLICIT
565,130,0.6534671190390063,0.3909090909090909,0.18181818181818182,0.6,0.8320502943378437,0.9160251471689218,0.6534671190390063,10,KG_TASK_EXPLICIT
565,466,0.6498620432871249,0.40086206896551724,0.25,0.5517241379310345,0.7977240352174656,0.8988620176087327,0.6498620432871249,7,KG_TASK_EXPLICIT
565,185,0.6491637988570543,0.3269230769230769,0.15384615384615385,0.5,0.9428090415820635,0.9714045207910318,0.6491637988570543,3,KG_TASK_EXPLICIT
565,518,0.6481314192010832,0.39740082079343364,0.35294117647058826,0.4418604651162791,0.7977240352174656,0.8988620176087327,0.6481314192010832,7,KG_TASK_EXPLICIT
565,439,0.6465063509461098,0.36,0.2,0.52,0.8660254037844387,0.9330127018922194,0.6465063509461098,4,KG_TASK_EXPLICIT
565,479,0.6436277496161364,0.38636363636363635,0.18181818181818182,0.5909090909090909,0.8017837257372731,0.9008918628686365,0.6436277496161364,5,KG_TASK_EXPLICIT
566,263,0.6607142857142857,0.3214285714285714,0.5,0.14285714285714285,1.0000000000000002,1.0,0.6607142857142857,3,KG_TASK_EXPLICIT
566,555,0.6607142857142856,0.3214285714285714,0.5,0.14285714285714285,0.9999999999999998,0.9999999999999999,0.6607142857142856,5,KG_TASK_EXPLICIT
566,545,0.6277777777777778,0.25555555555555554,0.4,0.1111111111111111,1.0,1.0,0.6277777777777778,4,KG_TASK_EXPLICIT
566,224,0.6075254718867571,0.4365079365079365,0.42857142857142855,0.4444444444444444,0.5570860145311556,0.7785430072655778,0.6075254718867571,17,KG_TASK_EXPLICIT
566,26,0.5940174725667283,0.20833333333333331,0.3333333333333333,0.08333333333333333,0.9594032236002469,0.9797016118001234,0.5940174725667283,8,KG_TASK_EXPLICIT
566,318,0.5922361928716233,0.2222222222222222,0.3333333333333333,0.1111111111111111,0.9245003270420487,0.9622501635210243,0.5922361928716233,10,KG_TASK_EXPLICIT
566,193,0.5832805089104421,0.2625,0.4,0.125,0.8081220356417685,0.9040610178208843,0.5832805089104421,11,KG_TASK_EXPLICIT
566,176,0.5745039680239096,0.29545454545454547,0.5,0.09090909090909091,0.7071067811865475,0.8535533905932737,0.5745039680239096,8,KG_TASK_EXPLICIT
566,525,0.5620242886427663,0.14166666666666666,0.2,0.08333333333333333,0.9647638212377322,0.982381910618866,0.5620242886427663,7,KG_TASK_EXPLICIT
566,93,0.5378469547164993,0.125,0.25,0.0,0.9013878188659974,0.9506939094329987,0.5378469547164993,7,KG_TASK_EXPLICIT
567,543,0.7166666666666667,0.4333333333333333,0.16666666666666666,0.7,1.0000000000000002,1.0,0.7166666666666667,3,KG_TASK_EXPLICIT
567,329,0.6816239316239316,0.3632478632478633,0.1111111111111111,0.6153846153846154,1.0000000000000002,1.0,0.6816239316239316,6,KG_TASK_EXPLICIT
567,410,0.6706349206349206,0.3412698412698413,0.1111111111111111,0.5714285714285714,0.9999999999999998,0.9999999999999999,0.6706349206349206,5,KG_TASK_EXPLICIT
567,530,0.6677754146783861,0.36309523809523814,0.14285714285714285,0.5833333333333334,0.944911182523068,0.972455591261534,0.6677754146783861,4,KG_TASK_EXPLICIT
567,685,0.6630532851954681,0.3541666666666667,0.125,0.5833333333333334,0.9438798074485389,0.9719399037242695,0.6630532851954681,5,KG_TASK_EXPLICIT
567,571,0.6607142857142857,0.3214285714285714,0.14285714285714285,0.5,1.0000000000000002,1.0,0.6607142857142857,3,KG_TASK_EXPLICIT
567,386,0.6596153846153846,0.3192307692307692,0.1,0.5384615384615384,1.0000000000000002,1.0,0.6596153846153846,3,KG_TASK_EXPLICIT
567,402,0.6575004948422988,0.34065934065934067,0.14285714285714285,0.5384615384615384,0.9486832980505138,0.9743416490252569,0.6575004948422988,5,KG_TASK_EXPLICIT
567,239,0.6527777777777778,0.3055555555555556,0.1111111111111111,0.5,1.0000000000000002,1.0,0.6527777777777778,3,KG_TASK_EXPLICIT
567,394,0.6479166666666667,0.29583333333333334,0.125,0.4666666666666667,1.0,1.0,0.6479166666666667,4,KG_TASK_EXPLICIT
568,721,0.7816091954022988,0.5632183908045977,0.3333333333333333,0.7931034482758621,0.9999999999999999,1.0,0.7816091954022988,7,KG_TASK_EXPLICIT
568,392,0.7794642857142857,0.5589285714285714,0.375,0.7428571428571429,1.0000000000000002,1.0,0.7794642857142857,3,KG_TASK_EXPLICIT
568,52,0.7716842375764205,0.5714285714285714,0.42857142857142855,0.7142857142857143,0.9438798074485389,0.9719399037242695,0.7716842375764205,5,KG_TASK_EXPLICIT
568,375,0.7711360384499611,0.565982404692082,0.45454545454545453,0.6774193548387096,0.9525793444156805,0.9762896722078402,0.7711360384499611,6,KG_TASK_EXPLICIT
568,513,0.7251003452108373,0.478796169630643,0.35294117647058826,0.6046511627906976,0.9428090415820635,0.9714045207910318,0.7251003452108373,6,KG_TASK_EXPLICIT
568,679,0.7243589743589743,0.44871794871794873,0.3076923076923077,0.5897435897435898,1.0000000000000002,1.0,0.7243589743589743,3,KG_TASK_EXPLICIT
568,14,0.7034097569545981,0.42872807017543857,0.3157894736842105,0.5416666666666666,0.9561828874675149,0.9780914437337574,0.7034097569545981,7,KG_TASK_EXPLICIT
568,612,0.7010146691818712,0.4166666666666667,0.25,0.5833333333333334,0.9707253433941511,0.9853626716970756,0.7010146691818712,4,KG_TASK_EXPLICIT
568,309,0.7002223620014523,0.4090909090909091,0.25,0.5681818181818182,0.9827076298239908,0.9913538149119954,0.7002223620014523,7,KG_TASK_EXPLICIT
568,578,0.6953601953601953,0.3907203907203907,0.38461538461538464,0.3968253968253968,0.9999999999999998,0.9999999999999999,0.6953601953601953,8,KG_TASK_EXPLICIT
570,265,0.7403835963717093,0.5178571428571428,0.2857142857142857,0.75,0.9258200997725514,0.9629100498862757,0.7403835963717093,7,KG_TASK_EXPLICIT
570,268,0.7291666666666667,0.45833333333333337,0.3333333333333333,0.5833333333333334,1.0000000000000002,1.0,0.7291666666666667,3,KG_TASK_EXPLICIT
570,701,0.7148689270621826,0.45833333333333337,0.3333333333333333,0.5833333333333334,0.9428090415820635,0.9714045207910318,0.7148689270621826,3,KG_TASK_EXPLICIT
570,543,0.7027734644166457,0.45833333333333337,0.3333333333333333,0.5833333333333334,0.8944271909999159,0.9472135954999579,0.7027734644166457,5,KG_TASK_EXPLICIT
570,719,0.6822916666666666,0.3645833333333333,0.16666666666666666,0.5625,1.0,1.0,0.6822916666666666,4,KG_TASK_EXPLICIT
570,704,0.6768527956307671,0.38125,0.2,0.5625,0.944911182523068,0.972455591261534,0.6768527956307671,4,KG_TASK_EXPLICIT
570,530,0.6756448361039201,0.375,0.25,0.5,0.9525793444156805,0.9762896722078402,0.6756448361039201,6,KG_TASK_EXPLICIT
570,88,0.6725451978635105,0.4368421052631579,0.4,0.47368421052631576,0.8164965809277261,0.9082482904638631,0.6725451978635105,6,KG_TASK_EXPLICIT
570,306,0.6685194622974336,0.3645833333333333,0.16666666666666666,0.5625,0.944911182523068,0.972455591261534,0.6685194622974336,4,KG_TASK_EXPLICIT
570,506,0.6680672268907564,0.33613445378151263,0.14285714285714285,0.5294117647058824,1.0,1.0,0.6680672268907564,4,KG_TASK_EXPLICIT
571,686,0.717948717948718,0.4358974358974359,0.3333333333333333,0.5384615384615384,1.0000000000000002,1.0,0.717948717948718,3,KG_TASK_EXPLICIT
571,530,0.7069944398155967,0.4358974358974359,0.3333333333333333,0.5384615384615384,0.9561828874675149,0.9780914437337574,0.7069944398155967,4,KG_TASK_EXPLICIT
571,647,0.6955128205128205,0.391025641025641,0.16666666666666666,0.6153846153846154,1.0,1.0,0.6955128205128205,4,KG_TASK_EXPLICIT
571,402,0.6752637911519894,0.41666666666666663,0.3333333333333333,0.5,0.8677218312746247,0.9338609156373123,0.6752637911519894,11,KG_TASK_EXPLICIT
571,558,0.6748396842794431,0.41666666666666663,0.3333333333333333,0.5,0.8660254037844387,0.9330127018922194,0.6748396842794431,4,KG_TASK_EXPLICIT
571,729,0.6748396842794431,0.41666666666666663,0.3333333333333333,0.5,0.8660254037844387,0.9330127018922194,0.6748396842794431,4,KG_TASK_EXPLICIT
571,567,0.6607142857142857,0.3214285714285714,0.14285714285714285,0.5,1.0000000000000002,1.0,0.6607142857142857,3,KG_TASK_EXPLICIT
571,570,0.6575772603955159,0.34375,0.25,0.4375,0.9428090415820635,0.9714045207910318,0.6575772603955159,3,KG_TASK_EXPLICIT
571,329,0.6572292788290108,0.33333333333333337,0.2,0.4666666666666667,0.9622504486493763,0.9811252243246882,0.6572292788290108,9,KG_TASK_EXPLICIT
571,685,0.651239529847316,0.3942307692307692,0.25,0.5384615384615384,0.8164965809277259,0.9082482904638629,0.651239529847316,17,KG_TASK_EXPLICIT
573,181,0.6206140350877193,0.24122807017543857,0.16666666666666666,0.3157894736842105,1.0000000000000002,1.0,0.6206140350877193,3,KG_TASK_EXPLICIT
573,648,0.60625,0.2125,0.125,0.3,1.0000000000000002,1.0,0.60625,3,KG_TASK_EXPLICIT
573,283,0.5992063492063492,0.1984126984126984,0.1111111111111111,0.2857142857142857,1.0000000000000002,1.0,0.5992063492063492,3,KG_TASK_EXPLICIT
573,231,0.5880952380952381,0.17619047619047618,0.06666666666666667,0.2857142857142857,1.0000000000000002,1.0,0.5880952380952381,3,KG_TASK_EXPLICIT
573,52,0.5711805555555556,0.1423611111111111,0.0625,0.2222222222222222,1.0000000000000002,1.0,0.5711805555555556,3,KG_TASK_EXPLICIT
573,117,0.5678781863214418,0.16435185185185186,0.037037037037037035,0.2916666666666667,0.9428090415820635,0.9714045207910318,0.5678781863214418,3,KG_TASK_EXPLICIT
573,244,0.5669070512820513,0.13381410256410256,0.0625,0.20512820512820512,1.0000000000000002,1.0,0.5669070512820513,3,KG_TASK_EXPLICIT
573,376,0.5624835871768427,0.15356265356265358,0.09090909090909091,0.21621621621621623,0.9428090415820635,0.9714045207910318,0.5624835871768427,3,KG_TASK_EXPLICIT
573,295,0.5595613284652966,0.13799743260590502,0.10526315789473684,0.17073170731707318,0.9622504486493763,0.9811252243246882,0.5595613284652966,3,KG_TASK_EXPLICIT
573,519,0.5593495934959349,0.11869918699186993,0.06666666666666667,0.17073170731707318,1.0000000000000002,1.0,0.5593495934959349,3,KG_TASK_EXPLICIT
574,686,0.7155980025152044,0.4458333333333333,0.6666666666666666,0.225,0.9707253433941511,0.9853626716970756,0.7155980025152044,4,KG_TASK_EXPLICIT
574,530,0.6952409896166385,0.4458333333333333,0.6666666666666666,0.225,0.8892972917998876,0.9446486458999438,0.6952409896166385,13,KG_TASK_EXPLICIT
574,192,0.691334352495556,0.49537037037037035,0.25,0.7407407407407407,0.7745966692414834,0.8872983346207417,0.691334352495556,6,KG_TASK_EXPLICIT
574,685,0.6529146569162214,0.3625,0.5,0.225,0.8866586276648858,0.9433293138324429,0.6529146569162214,23,KG_TASK_EXPLICIT
574,344,0.646875,0.29375,0.4,0.1875,1.0,1.0,0.646875,4,KG_TASK_EXPLICIT
574,484,0.6425233964760696,0.30392156862745096,0.0,0.6078431372549019,0.9622504486493763,0.9811252243246882,0.6425233964760696,3,KG_TASK_EXPLICIT
574,717,0.6397992242021956,0.30714285714285716,0.4,0.21428571428571427,0.944911182523068,0.972455591261534,0.6397992242021956,4,KG_TASK_EXPLICIT
574,719,0.6383071881489921,0.3022727272727273,0.4,0.20454545454545456,0.9486832980505138,0.9743416490252569,0.6383071881489921,9,KG_TASK_EXPLICIT
574,41,0.6375390780586887,0.3022727272727273,0.4,0.20454545454545456,0.9456108576893003,0.9728054288446502,0.6375390780586887,9,KG_TASK_EXPLICIT
574,601,0.6346153038737767,0.29782608695652174,0.4,0.1956521739130435,0.9428090415820635,0.9714045207910318,0.6346153038737767,3,KG_TASK_EXPLICIT
575,152,0.5476467018233027,0.16228070175438597,0.16666666666666666,0.15789473684210525,0.8660254037844387,0.9330127018922194,0.5476467018233027,4,KG_TASK_EXPLICIT
575,356,0.4779336690414553,0.047619047619047616,0.0,0.09523809523809523,0.8164965809277259,0.9082482904638629,0.4779336690414553,3,KG_TASK_EXPLICIT
575,91,0.4731999073410436,0.02631578947368421,0.0,0.05263157894736842,0.840168050416806,0.920084025208403,0.4731999073410436,6,KG_TASK_EXPLICIT
575,323,0.46801303412082046,0.027777777777777776,0.0,0.05555555555555555,0.8164965809277261,0.9082482904638631,0.46801303412082046,3,KG_TASK_EXPLICIT
575,224,0.4617095092318863,0.045454545454545456,0.0,0.09090909090909091,0.7559289460184544,0.8779644730092272,0.4617095092318863,5,KG_TASK_EXPLICIT
575,218,0.458669599777386,0.00909090909090909,0.0,0.01818181818181818,0.8164965809277259,0.9082482904638629,0.458669599777386,3,KG_TASK_EXPLICIT
575,446,0.45759636745415366,0.006944444444444444,0.0,0.013888888888888888,0.8164965809277259,0.9082482904638629,0.45759636745415366,3,KG_TASK_EXPLICIT
575,316,0.4496015482627518,0.011904761904761904,0.0,0.023809523809523808,0.7745966692414834,0.8872983346207417,0.4496015482627518,5,KG_TASK_EXPLICIT
575,250,0.449240852501722,0.03333333333333333,0.0,0.06666666666666667,0.7302967433402214,0.8651483716701107,0.449240852501722,8,KG_TASK_EXPLICIT
575,259,0.4476174212786248,0.007936507936507936,0.0,0.015873015873015872,0.7745966692414834,0.8872983346207417,0.4476174212786248,6,KG_TASK_EXPLICIT
576,463,0.6946577446248354,0.3893154892496709,0.3018867924528302,0.47674418604651164,1.0,1.0,0.6946577446248354,4,KG_TASK_EXPLICIT
576,259,0.678809957498482,0.35761991499696416,0.19672131147540983,0.5185185185185185,1.0000000000000002,1.0,0.678809957498482,3,KG_TASK_EXPLICIT
576,460,0.6769920124683422,0.35398402493668424,0.2711864406779661,0.4367816091954023,1.0,1.0,0.6769920124683422,4,KG_TASK_EXPLICIT
576,360,0.6742152170144149,0.37597484276729565,0.24528301886792453,0.5066666666666667,0.944911182523068,0.972455591261534,0.6742152170144149,4,KG_TASK_EXPLICIT
576,223,0.670458375463431,0.34091675092686213,0.23255813953488372,0.4492753623188406,1.0,1.0,0.670458375463431,4,KG_TASK_EXPLICIT
576,468,0.6565579340808698,0.31311586816173975,0.25925925925925924,0.3669724770642202,1.0000000000000002,1.0,0.6565579340808698,3,KG_TASK_EXPLICIT
576,114,0.6442587209302325,0.28851744186046513,0.13953488372093023,0.4375,0.9999999999999998,0.9999999999999999,0.6442587209302325,5,KG_TASK_EXPLICIT
576,679,0.6386554621848739,0.2773109243697479,0.14285714285714285,0.4117647058823529,0.9999999999999998,0.9999999999999999,0.6386554621848739,5,KG_TASK_EXPLICIT
576,461,0.631967213114754,0.2639344262295082,0.2,0.32786885245901637,0.9999999999999998,0.9999999999999999,0.631967213114754,5,KG_TASK_EXPLICIT
576,222,0.6313950421940928,0.2627900843881857,0.14583333333333334,0.379746835443038,1.0000000000000002,1.0,0.6313950421940928,3,KG_TASK_EXPLICIT
577,583,0.8149314993344707,0.6574074074074074,0.5,0.8148148148148148,0.944911182523068,0.972455591261534,0.8149314993344707,4,KG_TASK_EXPLICIT
577,69,0.7997109809753042,0.703125,0.625,0.78125,0.7925939239012171,0.8962969619506085,0.7997109809753042,9,KG_TASK_EXPLICIT
577,694,0.7526737967914439,0.5053475935828877,0.36363636363636365,0.6470588235294118,1.0000000000000002,1.0,0.7526737967914439,3,KG_TASK_EXPLICIT
577,222,0.746558197747184,0.493116395494368,0.4117647058823529,0.574468085106383,1.0,1.0,0.746558197747184,4,KG_TASK_EXPLICIT
577,441,0.7451923076923077,0.4903846153846154,0.23076923076923078,0.75,0.9999999999999998,0.9999999999999999,0.7451923076923077,5,KG_TASK_EXPLICIT
577,110,0.7414318677104299,0.6293103448275862,0.5,0.7586206896551724,0.7071067811865475,0.8535533905932737,0.7414318677104299,5,KG_TASK_EXPLICIT
577,410,0.7321859862620732,0.5079365079365079,0.5714285714285714,0.4444444444444444,0.9128709291752769,0.9564354645876385,0.7321859862620732,6,KG_TASK_EXPLICIT
577,698,0.7153361344537815,0.43067226890756305,0.21428571428571427,0.6470588235294118,1.0000000000000002,1.0,0.7153361344537815,3,KG_TASK_EXPLICIT
577,234,0.7149636806424038,0.49910714285714286,0.3125,0.6857142857142857,0.8616404368553293,0.9308202184276646,0.7149636806424038,9,KG_TASK_EXPLICIT
577,57,0.7107142857142856,0.42142857142857143,0.21428571428571427,0.6285714285714286,0.9999999999999998,0.9999999999999999,0.7107142857142856,5,KG_TASK_EXPLICIT
578,154,0.7319338808190605,0.48274253731343286,0.5625,0.40298507462686567,0.9622504486493763,0.9811252243246882,0.7319338808190605,3,KG_TASK_EXPLICIT
578,568,0.6953601953601953,0.3907203907203907,0.38461538461538464,0.3968253968253968,0.9999999999999998,0.9999999999999999,0.6953601953601953,8,KG_TASK_EXPLICIT
578,638,0.6682724011304945,0.388823297914207,0.38095238095238093,0.39669421487603307,0.8954430086935637,0.9477215043467819,0.6682724011304945,13,KG_TASK_EXPLICIT
578,50,0.6646879756468798,0.3849315068493151,0.4,0.3698630136986301,0.8888888888888888,0.9444444444444444,0.6646879756468798,6,KG_TASK_EXPLICIT
578,696,0.648159150042817,0.3283789563729683,0.32142857142857145,0.33532934131736525,0.9358786874253315,0.9679393437126658,0.648159150042817,14,KG_TASK_EXPLICIT
578,678,0.6422199518621348,0.3125,0.3333333333333333,0.2916666666666667,0.9438798074485389,0.9719399037242695,0.6422199518621348,9,KG_TASK_EXPLICIT
578,690,0.6394043743696609,0.3494318181818182,0.4375,0.26136363636363635,0.8587538611150074,0.9293769305575037,0.6394043743696609,17,KG_TASK_EXPLICIT
578,679,0.6386092187402623,0.38115942028985506,0.4,0.36231884057971014,0.7921180343813395,0.8960590171906697,0.6386092187402623,8,KG_TASK_EXPLICIT
578,392,0.6364892811193024,0.33382352941176474,0.3,0.36764705882352944,0.8783100656536799,0.9391550328268399,0.6364892811193024,14,KG_TASK_EXPLICIT
578,174,0.6359139768456606,0.3027863777089783,0.35294117647058826,0.25263157894736843,0.9380831519646858,0.969041575982343,0.6359139768456606,14,KG_TASK_EXPLICIT
579,418,0.744963017922102,0.5136363636363637,0.3,0.7272727272727273,0.9525793444156805,0.9762896722078402,0.744963017922102,9,KG_TASK_EXPLICIT
579,635,0.7291666666666667,0.45833333333333337,0.3333333333333333,0.5833333333333334,1.0000000000000002,1.0,0.7291666666666667,10,KG_TASK_EXPLICIT
579,130,0.7241025641025642,0.4866666666666667,0.3333333333333333,0.64,0.9230769230769232,0.9615384615384617,0.7241025641025642,10,KG_TASK_EXPLICIT
579,466,0.7151894398826955,0.458974358974359,0.38461538461538464,0.5333333333333333,0.9428090415820635,0.9714045207910318,0.7151894398826955,3,KG_TASK_EXPLICIT
579,601,0.7132898848896168,0.44545454545454544,0.3,0.5909090909090909,0.9622504486493763,0.9811252243246882,0.7132898848896168,3,KG_TASK_EXPLICIT
579,648,0.7101145474563514,0.4458874458874459,0.2727272727272727,0.6190476190476191,0.9486832980505138,0.9743416490252569,0.7101145474563514,5,KG_TASK_EXPLICIT
579,631,0.7081503563002833,0.47435897435897434,0.3333333333333333,0.6153846153846154,0.8838834764831843,0.9419417382415922,0.7081503563002833,5,KG_TASK_EXPLICIT
579,129,0.70769557380336,0.5071428571428571,0.3,0.7142857142857143,0.8164965809277259,0.9082482904638629,0.70769557380336,5,KG_TASK_EXPLICIT
579,149,0.702558359783213,0.48376623376623373,0.2857142857142857,0.6818181818181818,0.8427009716003846,0.9213504858001923,0.702558359783213,17,KG_TASK_EXPLICIT
579,692,0.6931818181818181,0.38636363636363635,0.2727272727272727,0.5,0.9999999999999998,0.9999999999999999,0.6931818181818181,5,KG_TASK_EXPLICIT
581,379,0.7078685191743026,0.4753846153846154,0.23076923076923078,0.72,0.8807048459279794,0.9403524229639897,0.7078685191743026,14,KG_TASK_EXPLICIT
581,82,0.6794818076058812,0.4375,0.5,0.375,0.8429272304235247,0.9214636152117623,0.6794818076058812,15,KG_TASK_EXPLICIT
581,652,0.6418086308295923,0.3101851851851852,0.25,0.37037037037037035,0.9468641529479987,0.9734320764739994,0.6418086308295923,11,KG_TASK_EXPLICIT
581,258,0.6360940003477579,0.3287037037037037,0.25,0.4074074074074074,0.8869685939836239,0.943484296991812,0.6360940003477579,14,KG_TASK_EXPLICIT
581,334,0.6335774063016767,0.3088972431077694,0.38095238095238093,0.23684210526315788,0.9165151389911679,0.9582575694955839,0.6335774063016767,17,KG_TASK_EXPLICIT
581,605,0.6227718360071302,0.24554367201426025,0.29411764705882354,0.19696969696969696,1.0000000000000002,1.0,0.6227718360071302,3,KG_TASK_EXPLICIT
581,516,0.6198106355336729,0.25666666666666665,0.18,0.3333333333333333,0.9659092088013584,0.9829546044006792,0.6198106355336729,12,KG_TASK_EXPLICIT
581,433,0.6164450506750376,0.2980769230769231,0.1794871794871795,0.4166666666666667,0.8696263565463043,0.9348131782731521,0.6164450506750376,11,KG_TASK_EXPLICIT
581,722,0.6122159090909091,0.22443181818181818,0.13636363636363635,0.3125,1.0000000000000002,1.0,0.6122159090909091,3,KG_TASK_EXPLICIT
581,648,0.6015813344024913,0.22507122507122507,0.15384615384615385,0.2962962962962963,0.9561828874675149,0.9780914437337574,0.6015813344024913,11,KG_TASK_EXPLICIT
583,611,0.821227795630767,0.6699999999999999,0.5,0.84,0.944911182523068,0.972455591261534,0.821227795630767,4,KG_TASK_EXPLICIT
583,577,0.8149314993344707,0.6574074074074074,0.5,0.8148148148148148,0.944911182523068,0.972455591261534,0.8149314993344707,4,KG_TASK_EXPLICIT
583,339,0.7851145330736171,0.5939393939393939,0.45454545454545453,0.7333333333333333,0.9525793444156805,0.9762896722078402,0.7851145330736171,3,KG_TASK_EXPLICIT
583,674,0.7785558379588093,0.5846560846560847,0.42857142857142855,0.7407407407407407,0.944911182523068,0.972455591261534,0.7785558379588093,4,KG_TASK_EXPLICIT
583,57,0.7604702198731912,0.5484848484848485,0.36363636363636365,0.7333333333333333,0.944911182523068,0.972455591261534,0.7604702198731912,4,KG_TASK_EXPLICIT
583,114,0.7538374911792951,0.5333333333333333,0.3333333333333333,0.7333333333333333,0.9486832980505138,0.9743416490252569,0.7538374911792951,5,KG_TASK_EXPLICIT
583,441,0.7435392509911272,0.5156739811912225,0.2727272727272727,0.7586206896551724,0.9428090415820635,0.9714045207910318,0.7435392509911272,3,KG_TASK_EXPLICIT
583,306,0.7416625782394627,0.5108695652173914,0.5,0.5217391304347826,0.944911182523068,0.972455591261534,0.7416625782394627,4,KG_TASK_EXPLICIT
583,244,0.7389989636922192,0.5065934065934066,0.38461538461538464,0.6285714285714286,0.9428090415820635,0.9714045207910318,0.7389989636922192,3,KG_TASK_EXPLICIT
583,679,0.7389015924222109,0.5053475935828877,0.36363636363636365,0.6470588235294118,0.944911182523068,0.972455591261534,0.7389015924222109,4,KG_TASK_EXPLICIT
584,114,0.665954361235852,0.36050420168067226,0.23529411764705882,0.4857142857142857,0.9428090415820635,0.9714045207910318,0.665954361235852,3,KG_TASK_EXPLICIT
584,130,0.6624059198477625,0.3485221674876847,0.21428571428571427,0.4827586206896552,0.9525793444156805,0.9762896722078402,0.6624059198477625,3,KG_TASK_EXPLICIT
584,36,0.6523689270621826,0.33333333333333337,0.25,0.4166666666666667,0.9428090415820635,0.9714045207910318,0.6523689270621826,3,KG_TASK_EXPLICIT
584,506,0.6491637988570543,0.3269230769230769,0.15384615384615385,0.5,0.9428090415820635,0.9714045207910318,0.6491637988570543,3,KG_TASK_EXPLICIT
584,367,0.6479571623563002,0.3245098039215686,0.26666666666666666,0.38235294117647056,0.9428090415820635,0.9714045207910318,0.6479571623563002,3,KG_TASK_EXPLICIT
584,466,0.6452260699193254,0.319047619047619,0.26666666666666666,0.37142857142857144,0.9428090415820635,0.9714045207910318,0.6452260699193254,3,KG_TASK_EXPLICIT
584,636,0.644356106549362,0.3173076923076923,0.25,0.38461538461538464,0.9428090415820635,0.9714045207910318,0.644356106549362,3,KG_TASK_EXPLICIT
584,149,0.6442841287238874,0.3555555555555555,0.26666666666666666,0.4444444444444444,0.8660254037844387,0.9330127018922194,0.6442841287238874,3,KG_TASK_EXPLICIT
584,88,0.6346153846153846,0.2692307692307693,0.07692307692307693,0.46153846153846156,1.0000000000000002,1.0,0.6346153846153846,3,KG_TASK_EXPLICIT
584,265,0.6313414750026786,0.3753846153846154,0.23076923076923078,0.52,0.7745966692414834,0.8872983346207417,0.6313414750026786,4,KG_TASK_EXPLICIT
585,205,0.7491039426523297,0.4982078853046595,0.2222222222222222,0.7741935483870968,1.0000000000000002,1.0,0.7491039426523297,3,KG_TASK_EXPLICIT
585,378,0.7488479262672811,0.4976958525345622,0.2857142857142857,0.7096774193548387,1.0000000000000002,1.0,0.7488479262672811,3,KG_TASK_EXPLICIT
585,465,0.7216232182229502,0.46212121212121215,0.5,0.42424242424242425,0.9622504486493763,0.9811252243246882,0.7216232182229502,3,KG_TASK_EXPLICIT
585,429,0.6693245778611632,0.33864915572232646,0.38461538461538464,0.2926829268292683,1.0000000000000002,1.0,0.6693245778611632,3,KG_TASK_EXPLICIT
585,608,0.6605603448275862,0.32112068965517243,0.125,0.5172413793103449,1.0000000000000002,1.0,0.6605603448275862,3,KG_TASK_EXPLICIT
585,632,0.6540322580645161,0.30806451612903224,0.1,0.5161290322580645,1.0000000000000002,1.0,0.6540322580645161,3,KG_TASK_EXPLICIT
585,173,0.634492253084057,0.29464285714285715,0.125,0.4642857142857143,0.9486832980505138,0.9743416490252569,0.634492253084057,4,KG_TASK_EXPLICIT
585,495,0.6339927397111995,0.47931034482758617,0.2,0.7586206896551724,0.5773502691896258,0.7886751345948129,0.6339927397111995,3,KG_TASK_EXPLICIT
585,48,0.6219563130640993,0.3356643356643357,0.3076923076923077,0.36363636363636365,0.8164965809277259,0.9082482904638629,0.6219563130640993,3,KG_TASK_EXPLICIT
585,578,0.6204319296047195,0.26652221018418204,0.3076923076923077,0.22535211267605634,0.9486832980505138,0.9743416490252569,0.6204319296047195,5,KG_TASK_EXPLICIT
586,533,0.843152425667384,0.7377622377622377,0.5909090909090909,0.8846153846153846,0.8970852271450606,0.9485426135725303,0.843152425667384,9,KG_TASK_EXPLICIT
586,511,0.7727128970357189,0.5757575757575758,0.45454545454545453,0.696969696969697,0.9393364366277241,0.9696682183138621,0.7727128970357189,14,KG_TASK_EXPLICIT
586,256,0.7720284255297102,0.5703703703703704,0.4,0.7407407407407407,0.9473729613780999,0.97368648068905,0.7720284255297102,8,KG_TASK_EXPLICIT
586,488,0.7695614591379635,0.5549999999999999,0.36,0.75,0.9682458365518541,0.984122918275927,0.7695614591379635,13,KG_TASK_EXPLICIT
586,593,0.7618055555555556,0.5486111111111112,0.3888888888888889,0.7083333333333334,0.95,0.975,0.7618055555555556,10,KG_TASK_EXPLICIT
586,673,0.7531124425892093,0.5514705882352942,0.35294117647058826,0.75,0.9095085938862486,0.9547542969431243,0.7531124425892093,11,KG_TASK_EXPLICIT
586,295,0.7481966035379743,0.5282021151586369,0.43478260869565216,0.6216216216216216,0.9363821838346237,0.9681910919173118,0.7481966035379743,18,KG_TASK_EXPLICIT
586,62,0.7342038994945024,0.5061576354679803,0.35714285714285715,0.6551724137931034,0.9245003270420487,0.9622501635210243,0.7342038994945024,7,KG_TASK_EXPLICIT
586,123,0.7001016260162601,0.4252032520325203,0.3170731707317073,0.5333333333333333,0.95,0.975,0.7001016260162601,10,KG_TASK_EXPLICIT
586,126,0.6879749745585186,0.421195652173913,0.21739130434782608,0.625,0.9095085938862486,0.9547542969431243,0.6879749745585186,11,KG_TASK_EXPLICIT
587,424,0.6278195488721805,0.2556390977443609,0.14285714285714285,0.3684210526315789,1.0000000000000002,1.0,0.6278195488721805,6,KG_TASK_EXPLICIT
587,612,0.6069028647240216,0.2357142857142857,0.21428571428571427,0.2571428571428571,0.9561828874675149,0.9780914437337574,0.6069028647240216,4,KG_TASK_EXPLICIT
587,633,0.5794647313226643,0.18458781362007168,0.1111111111111111,0.25806451612903225,0.9486832980505138,0.9743416490252569,0.5794647313226643,4,KG_TASK_EXPLICIT
587,359,0.5746792641094076,0.2121212121212121,0.09090909090909091,0.3333333333333333,0.8744746321952063,0.9372373160976031,0.5746792641094076,10,KG_TASK_EXPLICIT
587,362,0.569197421595765,0.16666666666666666,0.08333333333333333,0.25,0.9434563530497265,0.9717281765248633,0.569197421595765,7,KG_TASK_EXPLICIT
587,267,0.5682507583417593,0.1365015166835187,0.08695652173913043,0.18604651162790697,1.0000000000000002,1.0,0.5682507583417593,3,KG_TASK_EXPLICIT
587,281,0.5675279673697713,0.1607142857142857,0.08333333333333333,0.23809523809523808,0.9486832980505138,0.9743416490252569,0.5675279673697713,4,KG_TASK_EXPLICIT
587,505,0.565017825311943,0.17549019607843136,0.11764705882352941,0.23333333333333334,0.9090909090909091,0.9545454545454546,0.565017825311943,8,KG_TASK_EXPLICIT
587,378,0.5601678128247016,0.14839572192513367,0.09090909090909091,0.20588235294117646,0.9438798074485389,0.9719399037242695,0.5601678128247016,5,KG_TASK_EXPLICIT
587,249,0.5542328042328042,0.10846560846560846,0.07407407407407407,0.14285714285714285,1.0000000000000002,1.0,0.5542328042328042,3,KG_TASK_EXPLICIT
589,606,0.718166306393866,0.47989714820009355,0.2608695652173913,0.6989247311827957,0.9128709291752769,0.9564354645876385,0.718166306393866,12,KG_TASK_EXPLICIT
589,682,0.6160675381263616,0.28213507625272327,0.07407407407407407,0.49019607843137253,0.8999999999999998,0.95,0.6160675381263616,4,KG_TASK_EXPLICIT
589,98,0.6138721638451377,0.254312251216276,0.10526315789473684,0.40336134453781514,0.9468641529479987,0.9734320764739994,0.6138721638451377,8,KG_TASK_EXPLICIT
589,53,0.6119496528552143,0.23882805563776266,0.12903225806451613,0.3486238532110092,0.9701425001453319,0.9850712500726659,0.6119496528552143,5,KG_TASK_EXPLICIT
589,505,0.6097357595775635,0.24512987012987014,0.2857142857142857,0.20454545454545456,0.9486832980505138,0.9743416490252569,0.6097357595775635,11,KG_TASK_EXPLICIT
589,518,0.5946078431372548,0.1892156862745098,0.13333333333333333,0.24509803921568626,0.9999999999999998,0.9999999999999999,0.5946078431372548,5,KG_TASK_EXPLICIT
589,249,0.590223479599099,0.2560096153846154,0.15625,0.3557692307692308,0.8488746876271654,0.9244373438135827,0.590223479599099,5,KG_TASK_EXPLICIT
589,211,0.5871212121212122,0.17424242424242425,0.18181818181818182,0.16666666666666666,1.0000000000000002,1.0,0.5871212121212122,3,KG_TASK_EXPLICIT
589,202,0.5829725829725829,0.16594516594516595,0.19047619047619047,0.1414141414141414,1.0000000000000002,1.0,0.5829725829725829,3,KG_TASK_EXPLICIT
589,23,0.5769408172905492,0.17275641025641025,0.06666666666666667,0.27884615384615385,0.9622504486493764,0.9811252243246882,0.5769408172905492,6,KG_TASK_EXPLICIT
590,239,0.8444444444444444,0.6888888888888889,0.6,0.7777777777777778,1.0,1.0,0.8444444444444444,4,KG_TASK_EXPLICIT
590,715,0.718421052631579,0.4368421052631579,0.4,0.47368421052631576,1.0000000000000002,1.0,0.718421052631579,7,KG_TASK_EXPLICIT
590,492,0.6997972739404551,0.45238095238095233,0.3333333333333333,0.5714285714285714,0.8944271909999159,0.9472135954999579,0.6997972739404551,5,KG_TASK_EXPLICIT
590,359,0.687660192256359,0.47500000000000003,0.4,0.55,0.8006407690254358,0.9003203845127179,0.687660192256359,7,KG_TASK_EXPLICIT
590,366,0.6770774745998517,0.47619047619047616,0.3333333333333333,0.6190476190476191,0.7559289460184544,0.8779644730092272,0.6770774745998517,7,KG_TASK_EXPLICIT
590,601,0.6627855937288492,0.35416666666666663,0.3333333333333333,0.375,0.9428090415820635,0.9714045207910318,0.6627855937288492,3,KG_TASK_EXPLICIT
590,410,0.6613743060919757,0.5,0.3333333333333333,0.6666666666666666,0.6454972243679028,0.8227486121839513,0.6613743060919757,9,KG_TASK_EXPLICIT
590,577,0.6571180555555556,0.3142361111111111,0.2222222222222222,0.40625,1.0000000000000002,1.0,0.6571180555555556,4,KG_TASK_EXPLICIT
590,341,0.65625,0.3125,0.25,0.375,1.0000000000000002,1.0,0.65625,3,KG_TASK_EXPLICIT
590,719,0.643939393939394,0.3712121212121212,0.3333333333333333,0.4090909090909091,0.8333333333333335,0.9166666666666667,0.643939393939394,6,KG_TASK_EXPLICIT
591,226,0.665802213762053,0.5429292929292929,0.36363636363636365,0.7222222222222222,0.5773502691896258,0.7886751345948129,0.665802213762053,3,KG_TASK_EXPLICIT
591,685,0.5883153217025197,0.26838235294117646,0.125,0.4117647058823529,0.8164965809277259,0.9082482904638629,0.5883153217025197,3,KG_TASK_EXPLICIT
591,241,0.5362919773997636,0.16433566433566432,0.19230769230769232,0.13636363636363635,0.8164965809277259,0.9082482904638629,0.5362919773997636,3,KG_TASK_EXPLICIT
591,172,0.5234375,0.046875,0.0,0.09375,1.0000000000000002,1.0,0.5234375,3,KG_TASK_EXPLICIT
591,457,0.4966102945701337,0.20454545454545453,0.09090909090909091,0.3181818181818182,0.5773502691896258,0.7886751345948129,0.4966102945701337,3,KG_TASK_EXPLICIT
591,72,0.16012951734209196,0.10893416927899688,0.045454545454545456,0.1724137931034483,-0.5773502691896258,0.21132486540518708,0.16012951734209196,3,KG_TASK_EXPLICIT
591,79,0.14655859995886805,0.27424242424242423,0.18181818181818182,0.36666666666666664,-0.9622504486493763,0.018874775675311872,0.14655859995886805,3,KG_TASK_EXPLICIT
591,126,0.1280241935483871,0.2560483870967742,0.125,0.3870967741935484,-1.0000000000000002,0.0,0.1280241935483871,3,KG_TASK_EXPLICIT
593,586,0.7618055555555556,0.5486111111111112,0.3888888888888889,0.7083333333333334,0.95,0.975,0.7618055555555556,10,KG_TASK_EXPLICIT
593,533,0.761190955309433,0.54,0.4,0.68,0.9647638212377322,0.982381910618866,0.761190955309433,7,KG_TASK_EXPLICIT
593,488,0.751065941782268,0.5438596491228069,0.42105263157894735,0.6666666666666666,0.9165444688834582,0.9582722344417292,0.751065941782268,16,KG_TASK_EXPLICIT
593,673,0.7105867699897414,0.4487179487179487,0.23076923076923078,0.6666666666666666,0.9449111825230682,0.972455591261534,0.7105867699897414,9,KG_TASK_EXPLICIT
593,62,0.6852905926886866,0.4331723027375201,0.34782608695652173,0.5185185185185185,0.8748177652797066,0.9374088826398532,0.6852905926886866,12,KG_TASK_EXPLICIT
593,648,0.6825531214250757,0.4113636363636364,0.2727272727272727,0.55,0.9074852129730302,0.9537426064865151,0.6825531214250757,8,KG_TASK_EXPLICIT
593,722,0.6815476190476191,0.36309523809523814,0.14285714285714285,0.5833333333333334,1.0000000000000002,1.0,0.6815476190476191,3,KG_TASK_EXPLICIT
593,256,0.6740840867170087,0.3833333333333333,0.16666666666666666,0.6,0.9296696802013681,0.9648348401006841,0.6740840867170087,11,KG_TASK_EXPLICIT
593,295,0.6685335725205221,0.38611111111111107,0.3,0.4722222222222222,0.9019120678598666,0.9509560339299332,0.6685335725205221,17,KG_TASK_EXPLICIT
593,719,0.6645013105005337,0.34090909090909094,0.18181818181818182,0.5,0.9761870601839528,0.9880935300919764,0.6645013105005337,8,KG_TASK_EXPLICIT
595,101,0.6639684639597133,0.4659755449229133,0.3157894736842105,0.6161616161616161,0.7239227659930269,0.8619613829965134,0.6639684639597133,14,KG_TASK_EXPLICIT
595,200,0.650865539452496,0.412842190016103,0.2608695652173913,0.5648148148148148,0.7777777777777779,0.888888888888889,0.650865539452496,9,KG_TASK_EXPLICIT
595,709,0.6226142695891541,0.3080357142857143,0.1875,0.42857142857142855,0.8743856497851875,0.9371928248925938,0.6226142695891541,12,KG_TASK_EXPLICIT
595,678,0.6179143963065792,0.2638888888888889,0.2777777777777778,0.25,0.9438798074485389,0.9719399037242695,0.6179143963065792,5,KG_TASK_EXPLICIT
595,676,0.6065457218668787,0.235,0.25,0.22,0.9561828874675149,0.9780914437337574,0.6065457218668787,5,KG_TASK_EXPLICIT
595,513,0.6028536235849988,0.2769607843137255,0.25,0.30392156862745096,0.8574929257125442,0.928746462856272,0.6028536235849988,12,KG_TASK_EXPLICIT
595,526,0.6027807235610764,0.28165007112375534,0.15789473684210525,0.40540540540540543,0.847822751996795,0.9239113759983975,0.6027807235610764,13,KG_TASK_EXPLICIT
595,710,0.599025974025974,0.19805194805194803,0.18181818181818182,0.21428571428571427,1.0000000000000002,1.0,0.599025974025974,3,KG_TASK_EXPLICIT
595,321,0.5986495011474868,0.22589448150394179,0.23529411764705882,0.21649484536082475,0.9428090415820635,0.9714045207910318,0.5986495011474868,3,KG_TASK_EXPLICIT
595,630,0.5985528106520515,0.21174294960702728,0.19047619047619047,0.23300970873786409,0.9707253433941511,0.9853626716970756,0.5985528106520515,4,KG_TASK_EXPLICIT
598,45,0.7554347826086957,0.5108695652173914,0.5,0.5217391304347826,1.0000000000000002,1.0,0.7554347826086957,3,KG_TASK_EXPLICIT
598,264,0.7276785714285714,0.45535714285714285,0.2857142857142857,0.625,1.0000000000000002,1.0,0.7276785714285714,3,KG_TASK_EXPLICIT
598,543,0.6958333333333333,0.3916666666666667,0.2,0.5833333333333334,1.0000000000000002,1.0,0.6958333333333333,3,KG_TASK_EXPLICIT
598,176,0.6703296703296704,0.34065934065934067,0.14285714285714285,0.5384615384615384,1.0000000000000002,1.0,0.6703296703296704,3,KG_TASK_EXPLICIT
598,411,0.6680672268907564,0.33613445378151263,0.14285714285714285,0.5294117647058824,1.0000000000000002,1.0,0.6680672268907564,3,KG_TASK_EXPLICIT
598,47,0.6636363636363636,0.32727272727272727,0.2,0.45454545454545453,1.0000000000000002,1.0,0.6636363636363636,3,KG_TASK_EXPLICIT
598,402,0.6583333333333333,0.31666666666666665,0.16666666666666666,0.4666666666666667,1.0000000000000002,1.0,0.6583333333333333,3,KG_TASK_EXPLICIT
598,685,0.6512768978766298,0.3214285714285714,0.14285714285714285,0.5,0.9622504486493763,0.9811252243246882,0.6512768978766298,3,KG_TASK_EXPLICIT
598,329,0.640625,0.28125,0.125,0.4375,1.0000000000000002,1.0,0.640625,3,KG_TASK_EXPLICIT
598,394,0.6386554621848739,0.2773109243697479,0.14285714285714285,0.4117647058823529,1.0000000000000002,1.0,0.6386554621848739,3,KG_TASK_EXPLICIT
599,531,0.8942232707916873,0.7971428571428572,0.7142857142857143,0.88,0.9826073688810351,0.9913036844405175,0.8942232707916873,9,KG_TASK_EXPLICIT
599,637,0.799106288855512,0.6101190476190476,0.42857142857142855,0.7916666666666666,0.9761870601839528,0.9880935300919764,0.799106288855512,5,KG_TASK_EXPLICIT
599,16,0.7864313358485377,0.5875,0.375,0.8,0.9707253433941511,0.9853626716970756,0.7864313358485377,4,KG_TASK_EXPLICIT
599,676,0.78125,0.5625,0.5,0.625,1.0,1.0,0.78125,5,KG_TASK_EXPLICIT
599,321,0.7753848000780555,0.5793650793650793,0.4444444444444444,0.7142857142857143,0.9428090415820635,0.9714045207910318,0.7753848000780555,3,KG_TASK_EXPLICIT
599,694,0.7655626121623441,0.55,0.4,0.7,0.9622504486493763,0.9811252243246882,0.7655626121623441,3,KG_TASK_EXPLICIT
599,674,0.7574396221888453,0.5267857142857143,0.375,0.6785714285714286,0.9761870601839528,0.9880935300919764,0.7574396221888453,5,KG_TASK_EXPLICIT
599,630,0.75,0.5,0.4166666666666667,0.5833333333333334,1.0,1.0,0.75,4,KG_TASK_EXPLICIT
599,380,0.7440075957954875,0.5026525198938993,0.38461538461538464,0.6206896551724138,0.9707253433941511,0.9853626716970756,0.7440075957954875,4,KG_TASK_EXPLICIT
599,678,0.7264475696147715,0.4675324675324675,0.36363636363636365,0.5714285714285714,0.9707253433941511,0.9853626716970756,0.7264475696147715,4,KG_TASK_EXPLICIT
601,36,0.7714285714285715,0.5428571428571429,0.2857142857142857,0.8,1.0000000000000002,1.0,0.7714285714285715,3,KG_TASK_EXPLICIT
601,462,0.7708333333333333,0.5416666666666666,0.3333333333333333,0.75,1.0000000000000002,1.0,0.7708333333333333,3,KG_TASK_EXPLICIT
601,47,0.7684208245126285,0.5625,0.375,0.75,0.9486832980505138,0.9743416490252569,0.7684208245126285,4,KG_TASK_EXPLICIT
601,636,0.7478991596638656,0.4957983193277311,0.2857142857142857,0.7058823529411765,1.0000000000000002,1.0,0.7478991596638656,3,KG_TASK_EXPLICIT
601,715,0.740625,0.48125,0.4,0.5625,1.0000000000000002,1.0,0.740625,3,KG_TASK_EXPLICIT
601,685,0.7405626121623441,0.5,0.4,0.6,0.9622504486493763,0.9811252243246882,0.7405626121623441,3,KG_TASK_EXPLICIT
601,487,0.7275641025641025,0.45512820512820507,0.3333333333333333,0.5769230769230769,1.0000000000000002,1.0,0.7275641025641025,3,KG_TASK_EXPLICIT
601,705,0.7200460829493087,0.4400921658986175,0.42857142857142855,0.45161290322580644,1.0000000000000002,1.0,0.7200460829493087,3,KG_TASK_EXPLICIT
601,565,0.7172619047619048,0.43452380952380953,0.25,0.6190476190476191,1.0000000000000002,1.0,0.7172619047619048,3,KG_TASK_EXPLICIT
601,149,0.7165071770334928,0.43301435406698563,0.18181818181818182,0.6842105263157895,0.9999999999999998,0.9999999999999999,0.7165071770334928,5,KG_TASK_EXPLICIT
602,85,0.7798115027705868,0.5833333333333333,0.5,0.6666666666666666,0.9525793444156805,0.9762896722078402,0.7798115027705868,6,KG_TASK_EXPLICIT
602,250,0.5632215460427029,0.14835164835164835,0.14285714285714285,0.15384615384615385,0.9561828874675149,0.9780914437337574,0.5632215460427029,7,KG_TASK_EXPLICIT
602,457,0.5555986846747716,0.15476190476190477,0.16666666666666666,0.14285714285714285,0.9128709291752769,0.9564354645876385,0.5555986846747716,12,KG_TASK_EXPLICIT
602,156,0.5431960970551541,0.12878787878787878,0.09090909090909091,0.16666666666666666,0.9152086306448589,0.9576043153224294,0.5431960970551541,11,KG_TASK_EXPLICIT
602,68,0.5178001750999893,0.08333333333333333,0.0,0.16666666666666666,0.9045340337332909,0.9522670168666454,0.5178001750999893,5,KG_TASK_EXPLICIT
602,290,0.5070611289641004,0.041666666666666664,0.0,0.08333333333333333,0.944911182523068,0.972455591261534,0.5070611289641004,4,KG_TASK_EXPLICIT
602,246,0.5025369766129006,0.045454545454545456,0.0,0.09090909090909091,0.9192388155425117,0.9596194077712559,0.5025369766129006,10,KG_TASK_EXPLICIT
602,538,0.5025307549290984,0.03333333333333333,0.0,0.06666666666666667,0.9434563530497265,0.9717281765248633,0.5025307549290984,7,KG_TASK_EXPLICIT
602,400,0.5018849003804589,0.017857142857142856,0.0,0.03571428571428571,0.9718253158075499,0.9859126579037749,0.5018849003804589,10,KG_TASK_EXPLICIT
602,445,0.4964865080230696,0.0625,0.0,0.125,0.8609460320922785,0.9304730160461392,0.4964865080230696,10,KG_TASK_EXPLICIT
603,57,0.6934408747556335,0.4538690476190476,0.3125,0.5952380952380952,0.8660254037844387,0.9330127018922194,0.6934408747556335,4,KG_TASK_EXPLICIT
603,513,0.6858941060481505,0.4387755102040816,0.2857142857142857,0.5918367346938775,0.8660254037844387,0.9330127018922194,0.6858941060481505,4,KG_TASK_EXPLICIT
603,678,0.6728084413283829,0.4920634920634921,0.42857142857142855,0.5555555555555556,0.7071067811865475,0.8535533905932737,0.6728084413283829,3,KG_TASK_EXPLICIT
603,188,0.6724726705026052,0.44966063348416285,0.2647058823529412,0.6346153846153846,0.7905694150420948,0.8952847075210474,0.6724726705026052,8,KG_TASK_EXPLICIT
603,611,0.6691849223746811,0.40535714285714286,0.2857142857142857,0.525,0.8660254037844387,0.9330127018922194,0.6691849223746811,4,KG_TASK_EXPLICIT
603,690,0.6511904761904762,0.5523809523809524,0.5333333333333333,0.5714285714285714,0.4999999999999999,0.75,0.6511904761904762,5,KG_TASK_EXPLICIT
603,494,0.6406655841855258,0.42777777777777776,0.2777777777777778,0.5777777777777777,0.7071067811865475,0.8535533905932737,0.6406655841855258,4,KG_TASK_EXPLICIT
603,674,0.6361870196144308,0.3714821763602252,0.23076923076923078,0.5121951219512195,0.8017837257372731,0.9008918628686365,0.6361870196144308,4,KG_TASK_EXPLICIT
603,360,0.6316930011641348,0.3551377118644068,0.21875,0.4915254237288136,0.8164965809277259,0.9082482904638629,0.6316930011641348,3,KG_TASK_EXPLICIT
603,244,0.6311761636729667,0.48849104859335035,0.4117647058823529,0.5652173913043478,0.5477225575051661,0.773861278752583,0.6311761636729667,6,KG_TASK_EXPLICIT
604,482,0.6159420289855073,0.5652173913043479,0.5,0.6304347826086957,0.3333333333333333,0.6666666666666666,0.6159420289855073,3,KG_TASK_EXPLICIT
604,488,0.6118033988749895,0.5,0.5,0.5,0.4472135954999579,0.7236067977499789,0.6118033988749895,4,KG_TASK_EXPLICIT
604,103,0.6093864709218315,0.24736842105263157,0.1,0.39473684210526316,0.9428090415820632,0.9714045207910316,0.6093864709218315,3,KG_TASK_EXPLICIT
604,289,0.6074023542671575,0.596953578336557,0.48936170212765956,0.7045454545454546,0.23570226039551587,0.617851130197758,0.6074023542671575,6,KG_TASK_EXPLICIT
604,466,0.5951958426183637,0.20502901353965186,0.09090909090909091,0.3191489361702128,0.9707253433941511,0.9853626716970756,0.5951958426183637,4,KG_TASK_EXPLICIT
604,471,0.5934208307464219,0.4195804195804196,0.38461538461538464,0.45454545454545453,0.5345224838248488,0.7672612419124244,0.5934208307464219,5,KG_TASK_EXPLICIT
604,126,0.5905625576562559,0.6111111111111112,0.4444444444444444,0.7777777777777778,0.140028008402801,0.5700140042014005,0.5905625576562559,5,KG_TASK_EXPLICIT
604,219,0.5560377358490566,0.1620754716981132,0.06,0.2641509433962264,0.8999999999999998,0.95,0.5560377358490566,4,KG_TASK_EXPLICIT
604,48,0.5419467752093836,0.2338235294117647,0.11764705882352941,0.35,0.7001400420140049,0.8500700210070025,0.5419467752093836,5,KG_TASK_EXPLICIT
604,440,0.5364583333333334,0.07291666666666667,0.0,0.14583333333333334,1.0,1.0,0.5364583333333334,3,KG_TASK_EXPLICIT
605,581,0.6227718360071302,0.24554367201426025,0.29411764705882354,0.19696969696969696,1.0000000000000002,1.0,0.6227718360071302,3,KG_TASK_EXPLICIT
605,319,0.6227465202083211,0.26436781609195403,0.16666666666666666,0.3620689655172414,0.9622504486493763,0.9811252243246882,0.6227465202083211,3,KG_TASK_EXPLICIT
605,689,0.5389583333333333,0.07791666666666666,0.0625,0.09333333333333334,1.0,1.0,0.5389583333333333,4,KG_TASK_EXPLICIT
605,60,0.5358856398992166,0.24444444444444444,0.1111111111111111,0.37777777777777777,0.6546536707079772,0.8273268353539887,0.5358856398992166,4,KG_TASK_EXPLICIT
605,375,0.5358333333333334,0.07166666666666667,0.05,0.09333333333333334,1.0000000000000002,1.0,0.5358333333333334,3,KG_TASK_EXPLICIT
605,643,0.5335097001763669,0.06701940035273368,0.047619047619047616,0.08641975308641975,1.0000000000000002,1.0,0.5335097001763669,3,KG_TASK_EXPLICIT
605,227,0.5333333333333333,0.06666666666666667,0.04,0.09333333333333334,1.0000000000000002,1.0,0.5333333333333333,3,KG_TASK_EXPLICIT
605,478,0.532145236508994,0.06429047301798801,0.05263157894736842,0.0759493670886076,1.0000000000000002,1.0,0.532145236508994,3,KG_TASK_EXPLICIT
605,707,0.5320368909018055,0.08368932038834952,0.08,0.08737864077669903,0.960768922830523,0.9803844614152615,0.5320368909018055,4,KG_TASK_EXPLICIT
605,82,0.5318436117548153,0.17638888888888887,0.20833333333333334,0.14444444444444443,0.7745966692414834,0.8872983346207417,0.5318436117548153,5,KG_TASK_EXPLICIT
606,589,0.718166306393866,0.47989714820009355,0.2608695652173913,0.6989247311827957,0.9128709291752769,0.9564354645876385,0.718166306393866,12,KG_TASK_EXPLICIT
606,682,0.6812602627257799,0.3875205254515599,0.14285714285714285,0.632183908045977,0.9499999999999998,0.9749999999999999,0.6812602627257799,8,KG_TASK_EXPLICIT
606,446,0.6697158658376927,0.36802721088435375,0.26666666666666666,0.46938775510204084,0.9428090415820635,0.9714045207910318,0.6697158658376927,3,KG_TASK_EXPLICIT
606,249,0.6603442957178081,0.36777777777777776,0.28,0.45555555555555555,0.9058216273156767,0.9529108136578384,0.6603442957178081,7,KG_TASK_EXPLICIT
606,280,0.6545112781954887,0.3447368421052632,0.4,0.2894736842105263,0.9285714285714286,0.9642857142857143,0.6545112781954887,5,KG_TASK_EXPLICIT
606,53,0.6427407851954681,0.31354166666666666,0.2,0.4270833333333333,0.9438798074485389,0.9719399037242695,0.6427407851954681,5,KG_TASK_EXPLICIT
606,679,0.637482900136799,0.27496580027359785,0.29411764705882354,0.2558139534883721,1.0,1.0,0.637482900136799,4,KG_TASK_EXPLICIT
606,698,0.6264705882352941,0.2529411764705882,0.29411764705882354,0.21176470588235294,1.0000000000000002,1.0,0.6264705882352941,3,KG_TASK_EXPLICIT
606,23,0.6188266542857384,0.26136363636363635,0.125,0.3977272727272727,0.9525793444156805,0.9762896722078402,0.6188266542857384,9,KG_TASK_EXPLICIT
606,333,0.6170976650725916,0.2760243632336655,0.23809523809523808,0.313953488372093,0.9163419338230352,0.9581709669115176,0.6170976650725916,9,KG_TASK_EXPLICIT
607,16,0.6961805555555556,0.3923611111111111,0.2222222222222222,0.5625,1.0,1.0,0.6961805555555556,4,KG_TASK_EXPLICIT
607,324,0.6916666666666667,0.3833333333333333,0.2,0.5666666666666667,0.9999999999999998,0.9999999999999999,0.6916666666666667,5,KG_TASK_EXPLICIT
607,599,0.6828125,0.365625,0.2,0.53125,1.0,1.0,0.6828125,4,KG_TASK_EXPLICIT
607,443,0.6796875,0.359375,0.125,0.59375,1.0,1.0,0.6796875,6,KG_TASK_EXPLICIT
607,674,0.6741362923627932,0.3758169934640523,0.2222222222222222,0.5294117647058824,0.944911182523068,0.972455591261534,0.6741362923627932,4,KG_TASK_EXPLICIT
607,637,0.6732035719435273,0.39919354838709675,0.25,0.5483870967741935,0.8944271909999159,0.9472135954999579,0.6732035719435273,7,KG_TASK_EXPLICIT
607,331,0.6561379928315412,0.31227598566308246,0.0967741935483871,0.5277777777777778,1.0000000000000002,1.0,0.6561379928315412,3,KG_TASK_EXPLICIT
607,678,0.6543151969981238,0.3086303939962477,0.15384615384615385,0.4634146341463415,1.0000000000000002,1.0,0.6543151969981238,3,KG_TASK_EXPLICIT
607,321,0.6540727131724451,0.327020202020202,0.18181818181818182,0.4722222222222222,0.9622504486493763,0.9811252243246882,0.6540727131724451,3,KG_TASK_EXPLICIT
607,415,0.6531926406926407,0.34805194805194806,0.18181818181818182,0.5142857142857142,0.9166666666666666,0.9583333333333333,0.6531926406926407,11,KG_TASK_EXPLICIT
608,585,0.6605603448275862,0.32112068965517243,0.125,0.5172413793103449,1.0000000000000002,1.0,0.6605603448275862,3,KG_TASK_EXPLICIT
608,632,0.575956662436582,0.5075757575757576,0.3333333333333333,0.6818181818181818,0.2886751345948129,0.6443375672974064,0.575956662436582,7,KG_TASK_EXPLICIT
608,205,0.5163585675553503,0.3214285714285714,0.14285714285714285,0.5,0.42257712736425823,0.7112885636821291,0.5163585675553503,10,KG_TASK_EXPLICIT
608,184,0.4723203044344818,0.011627906976744186,0.0,0.023255813953488372,0.8660254037844387,0.9330127018922194,0.4723203044344818,3,KG_TASK_EXPLICIT
608,260,0.4689644499528368,0.037037037037037035,0.0,0.07407407407407407,0.8017837257372732,0.9008918628686367,0.4689644499528368,8,KG_TASK_EXPLICIT
608,404,0.46201888207403674,0.015789473684210527,0.0,0.031578947368421054,0.8164965809277259,0.9082482904638629,0.46201888207403674,4,KG_TASK_EXPLICIT
608,378,0.4610448786559035,0.3678571428571429,0.2,0.5357142857142857,0.10846522890932808,0.5542326144546641,0.4610448786559035,11,KG_TASK_EXPLICIT
608,103,0.44655799408037117,0.015151515151515152,0.0,0.030303030303030304,0.7559289460184544,0.8779644730092272,0.44655799408037117,11,KG_TASK_EXPLICIT
608,451,0.425,0.016666666666666666,0.0,0.03333333333333333,0.6666666666666666,0.8333333333333333,0.425,3,KG_TASK_EXPLICIT
608,307,0.41185477206796184,0.011904761904761904,0.0,0.023809523809523808,0.6236095644623235,0.8118047822311618,0.41185477206796184,13,KG_TASK_EXPLICIT
609,383,0.7016292925214754,0.4313186813186813,0.2857142857142857,0.5769230769230769,0.9438798074485389,0.9719399037242695,0.7016292925214754,5,KG_TASK_EXPLICIT
609,105,0.6872398587283546,0.3981900452488688,0.38461538461538464,0.4117647058823529,0.9525793444156805,0.9762896722078402,0.6872398587283546,9,KG_TASK_EXPLICIT
609,722,0.6828604796850423,0.3913793103448276,0.3,0.4827586206896552,0.9486832980505138,0.9743416490252569,0.6828604796850423,5,KG_TASK_EXPLICIT
609,357,0.6555868092961642,0.38859649122807016,0.21052631578947367,0.5666666666666667,0.8451542547285166,0.9225771273642582,0.6555868092961642,8,KG_TASK_EXPLICIT
609,184,0.6527777777777778,0.3055555555555556,0.25,0.3611111111111111,1.0,1.0,0.6527777777777778,7,KG_TASK_EXPLICIT
609,306,0.6523508059000617,0.325,0.25,0.4,0.9594032236002469,0.9797016118001234,0.6523508059000617,5,KG_TASK_EXPLICIT
609,281,0.6426527144223251,0.3125,0.25,0.375,0.9456108576893003,0.9728054288446502,0.6426527144223251,9,KG_TASK_EXPLICIT
609,648,0.6312233023177161,0.3076923076923077,0.23076923076923078,0.38461538461538464,0.9095085938862486,0.9547542969431243,0.6312233023177161,11,KG_TASK_EXPLICIT
609,428,0.6274509803921569,0.2549019607843137,0.17647058823529413,0.3333333333333333,1.0000000000000002,1.0,0.6274509803921569,3,KG_TASK_EXPLICIT
609,652,0.6253530915758069,0.29395604395604397,0.23076923076923078,0.35714285714285715,0.9135002783911397,0.9567501391955698,0.6253530915758069,11,KG_TASK_EXPLICIT
610,477,0.6369617224880383,0.27392344497607657,0.36363636363636365,0.18421052631578946,1.0000000000000002,1.0,0.6369617224880383,3,KG_TASK_EXPLICIT
610,496,0.6359423270501132,0.36363636363636365,0.22727272727272727,0.5,0.8164965809277259,0.9082482904638629,0.6359423270501132,3,KG_TASK_EXPLICIT
610,295,0.6269230769230769,0.25384615384615383,0.2,0.3076923076923077,1.0000000000000002,1.0,0.6269230769230769,3,KG_TASK_EXPLICIT
610,511,0.6224789915966387,0.24495798319327733,0.14705882352941177,0.34285714285714286,1.0,1.0,0.6224789915966387,4,KG_TASK_EXPLICIT
610,586,0.6100164203612479,0.2200328407224959,0.09523809523809523,0.3448275862068966,1.0000000000000002,1.0,0.6100164203612479,3,KG_TASK_EXPLICIT
610,676,0.6079545454545454,0.2159090909090909,0.18181818181818182,0.25,1.0000000000000002,1.0,0.6079545454545454,3,KG_TASK_EXPLICIT
610,70,0.6016483516483516,0.2032967032967033,0.21428571428571427,0.19230769230769232,1.0000000000000002,1.0,0.6016483516483516,3,KG_TASK_EXPLICIT
610,468,0.5881598240469208,0.17631964809384165,0.1935483870967742,0.1590909090909091,1.0,1.0,0.5881598240469208,4,KG_TASK_EXPLICIT
610,444,0.5844553243574051,0.16891064871481026,0.10526315789473684,0.23255813953488372,1.0000000000000002,1.0,0.5844553243574051,3,KG_TASK_EXPLICIT
610,234,0.5805152422112637,0.2527821939586645,0.23529411764705882,0.2702702702702703,0.8164965809277259,0.9082482904638629,0.5805152422112637,3,KG_TASK_EXPLICIT
611,674,0.8388351820023839,0.6923076923076923,0.5,0.8846153846153846,0.9707253433941511,0.9853626716970756,0.8388351820023839,13,KG_TASK_EXPLICIT
611,583,0.821227795630767,0.6699999999999999,0.5,0.84,0.944911182523068,0.972455591261534,0.821227795630767,4,KG_TASK_EXPLICIT
611,698,0.7553999911792951,0.5364583333333334,0.4166666666666667,0.65625,0.9486832980505138,0.9743416490252569,0.7553999911792951,5,KG_TASK_EXPLICIT
611,57,0.7241588221179062,0.47202797202797203,0.3076923076923077,0.6363636363636364,0.9525793444156805,0.9762896722078402,0.7241588221179062,6,KG_TASK_EXPLICIT
611,679,0.7188149688149688,0.4376299376299376,0.3076923076923077,0.5675675675675675,1.0000000000000002,1.0,0.7188149688149688,3,KG_TASK_EXPLICIT
611,678,0.7184684684684685,0.4369369369369369,0.3333333333333333,0.5405405405405406,1.0000000000000002,1.0,0.7184684684684685,3,KG_TASK_EXPLICIT
611,415,0.7175858189113006,0.46969696969696967,0.2727272727272727,0.6666666666666666,0.9309493362512627,0.9654746681256314,0.7175858189113006,13,KG_TASK_EXPLICIT
611,441,0.7131336405529953,0.42626728110599077,0.14285714285714285,0.7096774193548387,0.9999999999999998,0.9999999999999999,0.7131336405529953,10,KG_TASK_EXPLICIT
611,244,0.7073553163326072,0.4429824561403509,0.3333333333333333,0.5526315789473685,0.9434563530497265,0.9717281765248633,0.7073553163326072,7,KG_TASK_EXPLICIT
611,577,0.7023468248153371,0.48636363636363633,0.2727272727272727,0.7,0.8366600265340756,0.9183300132670378,0.7023468248153371,10,KG_TASK_EXPLICIT
612,689,0.7954591136263156,0.6055555555555556,0.4444444444444444,0.7666666666666667,0.9707253433941511,0.9853626716970756,0.7954591136263156,10,KG_TASK_EXPLICIT
612,466,0.709283817104974,0.44047619047619047,0.21428571428571427,0.6666666666666666,0.9561828874675149,0.9780914437337574,0.709283817104974,5,KG_TASK_EXPLICIT
612,565,0.7089923432488319,0.5777777777777777,0.5555555555555556,0.6,0.6804138174397718,0.8402069087198859,0.7089923432488319,9,KG_TASK_EXPLICIT
612,392,0.7087942062296876,0.4546783625730994,0.2777777777777778,0.631578947368421,0.9258200997725514,0.9629100498862757,0.7087942062296876,9,KG_TASK_EXPLICIT
612,568,0.7010146691818712,0.4166666666666667,0.25,0.5833333333333334,0.9707253433941511,0.9853626716970756,0.7010146691818712,4,KG_TASK_EXPLICIT
612,154,0.6999643215640535,0.4188034188034188,0.2222222222222222,0.6153846153846154,0.9622504486493763,0.9811252243246882,0.6999643215640535,3,KG_TASK_EXPLICIT
612,718,0.6894837730005579,0.40756302521008403,0.2857142857142857,0.5294117647058824,0.9428090415820635,0.9714045207910318,0.6894837730005579,3,KG_TASK_EXPLICIT
612,211,0.6865755864173904,0.39880952380952384,0.21428571428571427,0.5833333333333334,0.9486832980505138,0.9743416490252569,0.6865755864173904,4,KG_TASK_EXPLICIT
612,447,0.6784105937288493,0.3854166666666667,0.1875,0.5833333333333334,0.9428090415820635,0.9714045207910318,0.6784105937288493,6,KG_TASK_EXPLICIT
612,710,0.6765806387738943,0.38175675675675674,0.25,0.5135135135135135,0.9428090415820635,0.9714045207910318,0.6765806387738943,3,KG_TASK_EXPLICIT
613,297,0.5679435645432964,0.15476190476190477,0.14285714285714285,0.16666666666666666,0.9622504486493763,0.9811252243246882,0.5679435645432964,3,KG_TASK_EXPLICIT
613,371,0.5657505820871561,0.15037593984962405,0.14285714285714285,0.15789473684210525,0.9622504486493763,0.9811252243246882,0.5657505820871561,3,KG_TASK_EXPLICIT
613,45,0.5373835084333227,0.1225,0.125,0.12,0.9045340337332909,0.9522670168666454,0.5373835084333227,5,KG_TASK_EXPLICIT
613,413,0.5336381142122999,0.15476190476190477,0.14285714285714285,0.16666666666666666,0.82502864732539,0.912514323662695,0.5336381142122999,5,KG_TASK_EXPLICIT
613,213,0.5277958245126284,0.08125,0.1,0.0625,0.9486832980505138,0.9743416490252569,0.5277958245126284,4,KG_TASK_EXPLICIT
613,250,0.5267857142857142,0.125,0.125,0.125,0.857142857142857,0.9285714285714285,0.5267857142857142,4,KG_TASK_EXPLICIT
613,186,0.5189279967777287,0.05673076923076923,0.038461538461538464,0.075,0.9622504486493763,0.9811252243246882,0.5189279967777287,3,KG_TASK_EXPLICIT
613,509,0.5181610634122314,0.05823068309070548,0.05263157894736842,0.06382978723404255,0.9561828874675149,0.9780914437337574,0.5181610634122314,4,KG_TASK_EXPLICIT
613,607,0.5166666666666667,0.03333333333333333,0.0,0.06666666666666667,1.0000000000000002,1.0,0.5166666666666667,4,KG_TASK_EXPLICIT
613,612,0.515625,0.03125,0.0,0.0625,1.0,1.0,0.515625,3,KG_TASK_EXPLICIT
617,178,0.650552716660503,0.39285714285714285,0.2857142857142857,0.5,0.8164965809277261,0.9082482904638631,0.650552716660503,6,KG_TASK_EXPLICIT
617,487,0.6490476175357305,0.33518518518518514,0.3,0.37037037037037035,0.9258200997725514,0.9629100498862757,0.6490476175357305,4,KG_TASK_EXPLICIT
617,130,0.599839684279443,0.26666666666666666,0.2,0.3333333333333333,0.8660254037844387,0.9330127018922194,0.599839684279443,3,KG_TASK_EXPLICIT
617,115,0.5972222222222222,0.19444444444444445,0.1111111111111111,0.2777777777777778,0.9999999999999998,0.9999999999999999,0.5972222222222222,3,KG_TASK_EXPLICIT
617,44,0.5861111111111111,0.25555555555555554,0.1111111111111111,0.4,0.8333333333333334,0.9166666666666667,0.5861111111111111,4,KG_TASK_EXPLICIT
617,418,0.5821696516998636,0.19293478260869565,0.125,0.2608695652173913,0.9428090415820632,0.9714045207910316,0.5821696516998636,3,KG_TASK_EXPLICIT
617,88,0.5734699518621348,0.175,0.0,0.35,0.9438798074485389,0.9719399037242695,0.5734699518621348,7,KG_TASK_EXPLICIT
617,719,0.5687074785652649,0.22916666666666666,0.125,0.3333333333333333,0.8164965809277261,0.9082482904638631,0.5687074785652649,3,KG_TASK_EXPLICIT
617,558,0.5684433619633036,0.2833333333333333,0.16666666666666666,0.4,0.7071067811865475,0.8535533905932737,0.5684433619633036,4,KG_TASK_EXPLICIT
617,35,0.5659381691279279,0.19886363636363635,0.125,0.2727272727272727,0.8660254037844387,0.9330127018922194,0.5659381691279279,4,KG_TASK_EXPLICIT
618,411,0.7433035714285714,0.48660714285714285,0.2857142857142857,0.6875,0.9999999999999998,0.9999999999999999,0.7433035714285714,5,KG_TASK_EXPLICIT
618,264,0.7399039410677848,0.5084033613445378,0.42857142857142855,0.5882352941176471,0.9428090415820635,0.9714045207910318,0.7399039410677848,6,KG_TASK_EXPLICIT
618,625,0.7359699518621348,0.5,0.375,0.625,0.9438798074485389,0.9719399037242695,0.7359699518621348,5,KG_TASK_EXPLICIT
618,508,0.7291666666666666,0.4583333333333333,0.25,0.6666666666666666,0.9999999999999998,0.9999999999999999,0.7291666666666666,4,KG_TASK_EXPLICIT
618,89,0.7285539215686275,0.5404411764705883,0.375,0.7058823529411765,0.8333333333333335,0.9166666666666667,0.7285539215686275,3,KG_TASK_EXPLICIT
618,636,0.7265110839249277,0.48161764705882354,0.375,0.5882352941176471,0.9428090415820635,0.9714045207910318,0.7265110839249277,3,KG_TASK_EXPLICIT
618,306,0.7093126121623441,0.4375,0.25,0.625,0.9622504486493763,0.9811252243246882,0.7093126121623441,3,KG_TASK_EXPLICIT
618,396,0.708192174084357,0.4444444444444444,0.3333333333333333,0.5555555555555556,0.9438798074485389,0.9719399037242695,0.708192174084357,5,KG_TASK_EXPLICIT
618,462,0.7046140882624317,0.4375,0.25,0.625,0.9434563530497265,0.9717281765248633,0.7046140882624317,4,KG_TASK_EXPLICIT
618,635,0.6838984249476807,0.38809523809523805,0.3,0.47619047619047616,0.9594032236002469,0.9797016118001234,0.6838984249476807,8,KG_TASK_EXPLICIT
620,499,0.68379244613425,0.3932432432432432,0.3,0.4864864864864865,0.9486832980505138,0.9743416490252569,0.68379244613425,5,KG_TASK_EXPLICIT
620,41,0.6541666666666667,0.30833333333333335,0.25,0.36666666666666664,1.0000000000000002,1.0,0.6541666666666667,3,KG_TASK_EXPLICIT
620,685,0.6443393793617564,0.4107142857142857,0.5,0.32142857142857145,0.7559289460184544,0.8779644730092272,0.6443393793617564,8,KG_TASK_EXPLICIT
620,366,0.6355386159317971,0.32386363636363635,0.2727272727272727,0.375,0.8944271909999159,0.9472135954999579,0.6355386159317971,6,KG_TASK_EXPLICIT
620,713,0.630961674185831,0.2875816993464052,0.2222222222222222,0.35294117647058826,0.9486832980505138,0.9743416490252569,0.630961674185831,4,KG_TASK_EXPLICIT
620,239,0.6306818181818181,0.26136363636363635,0.25,0.2727272727272727,1.0000000000000002,1.0,0.6306818181818181,3,KG_TASK_EXPLICIT
620,276,0.6255390793836246,0.30913642052565704,0.23529411764705882,0.3829787234042553,0.8838834764831843,0.9419417382415922,0.6255390793836246,5,KG_TASK_EXPLICIT
620,375,0.6217948717948718,0.24358974358974358,0.15384615384615385,0.3333333333333333,1.0,1.0,0.6217948717948718,5,KG_TASK_EXPLICIT
620,719,0.6190691898190885,0.28629032258064513,0.25,0.3225806451612903,0.903696114115064,0.9518480570575321,0.6190691898190885,7,KG_TASK_EXPLICIT
620,513,0.6170619065016653,0.3011111111111111,0.2222222222222222,0.38,0.8660254037844387,0.9330127018922194,0.6170619065016653,4,KG_TASK_EXPLICIT
621,285,0.7571428571428571,0.5142857142857142,0.42857142857142855,0.6,1.0,1.0,0.7571428571428571,4,KG_TASK_EXPLICIT
621,355,0.737497144796959,0.5227272727272727,0.5,0.5454545454545454,0.9045340337332909,0.9522670168666454,0.737497144796959,8,KG_TASK_EXPLICIT
621,321,0.5871604280526109,0.20238095238095238,0.08333333333333333,0.32142857142857145,0.9438798074485388,0.9719399037242694,0.5871604280526109,7,KG_TASK_EXPLICIT
621,647,0.578125,0.15625,0.0,0.3125,1.0000000000000002,1.0,0.578125,3,KG_TASK_EXPLICIT
621,516,0.5513083228247162,0.10261664564943254,0.057692307692307696,0.14754098360655737,0.9999999999999998,0.9999999999999999,0.5513083228247162,5,KG_TASK_EXPLICIT
621,424,0.5474778420564881,0.12061403508771928,0.08333333333333333,0.15789473684210525,0.9486832980505138,0.9743416490252569,0.5474778420564881,5,KG_TASK_EXPLICIT
621,402,0.5416666666666666,0.08333333333333333,0.0,0.16666666666666666,1.0000000000000002,1.0,0.5416666666666666,3,KG_TASK_EXPLICIT
621,593,0.5416666666666666,0.08333333333333333,0.0,0.16666666666666666,1.0000000000000002,1.0,0.5416666666666666,3,KG_TASK_EXPLICIT
621,673,0.54,0.08,0.0,0.16,0.9999999999999999,1.0,0.54,4,KG_TASK_EXPLICIT
621,329,0.5394736842105263,0.07894736842105263,0.0,0.15789473684210525,1.0000000000000002,1.0,0.5394736842105263,3,KG_TASK_EXPLICIT
622,329,0.8522727272727273,0.7045454545454546,0.5,0.9090909090909091,0.9999999999999998,0.9999999999999999,0.8522727272727273,5,KG_TASK_EXPLICIT
622,341,0.75,0.5,0.3333333333333333,0.6666666666666666,1.0,1.0,0.75,4,KG_TASK_EXPLICIT
622,402,0.7036509783442338,0.4358974358974359,0.3333333333333333,0.5384615384615384,0.9428090415820635,0.9714045207910318,0.7036509783442338,3,KG_TASK_EXPLICIT
622,715,0.6971153846153846,0.3942307692307692,0.25,0.5384615384615384,1.0000000000000002,1.0,0.6971153846153846,3,KG_TASK_EXPLICIT
622,410,0.6666666666666667,0.33333333333333337,0.2,0.4666666666666667,1.0000000000000002,1.0,0.6666666666666667,3,KG_TASK_EXPLICIT
622,508,0.6523689270621826,0.33333333333333337,0.2,0.4666666666666667,0.9428090415820635,0.9714045207910318,0.6523689270621826,3,KG_TASK_EXPLICIT
622,362,0.6472222222222223,0.29444444444444445,0.2,0.3888888888888889,1.0000000000000002,1.0,0.6472222222222223,3,KG_TASK_EXPLICIT
622,198,0.6304061965139827,0.35256410256410253,0.16666666666666666,0.5384615384615384,0.8164965809277259,0.9082482904638629,0.6304061965139827,3,KG_TASK_EXPLICIT
622,216,0.6264532656730992,0.2675438596491228,0.16666666666666666,0.3684210526315789,0.9707253433941511,0.9853626716970756,0.6264532656730992,4,KG_TASK_EXPLICIT
622,590,0.6190355937288492,0.26666666666666666,0.2,0.3333333333333333,0.9428090415820635,0.9714045207910318,0.6190355937288492,3,KG_TASK_EXPLICIT
623,407,0.4890806387738943,0.006756756756756757,0.0,0.013513513513513514,0.9428090415820635,0.9714045207910318,0.4890806387738943,6,KG_TASK_EXPLICIT
623,33,0.4311503517511401,0.005952380952380952,0.0,0.011904761904761904,0.7126966450997985,0.8563483225498992,0.4311503517511401,9,KG_TASK_EXPLICIT
623,65,0.37208841833335116,0.00847457627118644,0.0,0.01694915254237288,0.47140452079103173,0.7357022603955159,0.37208841833335116,7,KG_TASK_EXPLICIT
623,693,0.355738543204201,0.007352941176470588,0.0,0.014705882352941176,0.40824829046386296,0.7041241452319315,0.355738543204201,4,KG_TASK_EXPLICIT
624,62,0.663529603470999,0.34169653524492233,0.2962962962962963,0.3870967741935484,0.9707253433941511,0.9853626716970756,0.663529603470999,4,KG_TASK_EXPLICIT
624,488,0.6309197550194869,0.2807142857142857,0.24,0.32142857142857145,0.9622504486493764,0.9811252243246882,0.6309197550194869,6,KG_TASK_EXPLICIT
624,70,0.6249143842594115,0.3246187363834423,0.35294117647058826,0.2962962962962963,0.8504200642707612,0.9252100321353807,0.6249143842594115,5,KG_TASK_EXPLICIT
624,289,0.6201210762631781,0.26778656126482214,0.21739130434782608,0.3181818181818182,0.944911182523068,0.972455591261534,0.6201210762631781,4,KG_TASK_EXPLICIT
624,162,0.6155626121623441,0.25,0.2631578947368421,0.23684210526315788,0.9622504486493763,0.9811252243246882,0.6155626121623441,3,KG_TASK_EXPLICIT
624,511,0.5962572603284172,0.21442307692307694,0.15384615384615385,0.275,0.9561828874675149,0.9780914437337574,0.5962572603284172,5,KG_TASK_EXPLICIT
624,468,0.5796203629222225,0.17811550151975683,0.22857142857142856,0.1276595744680851,0.9622504486493763,0.9811252243246882,0.5796203629222225,3,KG_TASK_EXPLICIT
624,295,0.5730768423353152,0.17474916387959866,0.15384615384615385,0.1956521739130435,0.9428090415820634,0.9714045207910317,0.5730768423353152,6,KG_TASK_EXPLICIT
624,516,0.5699630179221019,0.16363636363636364,0.12727272727272726,0.2,0.9525793444156805,0.9762896722078402,0.5699630179221019,3,KG_TASK_EXPLICIT
624,115,0.5673483264480583,0.15357142857142858,0.2,0.10714285714285714,0.9622504486493763,0.9811252243246882,0.5673483264480583,3,KG_TASK_EXPLICIT
625,264,0.7840458245126285,0.59375,0.5,0.6875,0.9486832980505138,0.9743416490252569,0.7840458245126285,10,KG_TASK_EXPLICIT
625,216,0.755874430154621,0.7395833333333333,0.6666666666666666,0.8125,0.5443310539518174,0.7721655269759087,0.755874430154621,7,KG_TASK_EXPLICIT
625,618,0.7359699518621348,0.5,0.375,0.625,0.9438798074485389,0.9719399037242695,0.7359699518621348,5,KG_TASK_EXPLICIT
625,396,0.7326388888888888,0.4652777777777778,0.375,0.5555555555555556,1.0000000000000002,1.0,0.7326388888888888,3,KG_TASK_EXPLICIT
625,306,0.7276785714285714,0.45535714285714285,0.2857142857142857,0.625,1.0,1.0,0.7276785714285714,4,KG_TASK_EXPLICIT
625,89,0.7058403899401219,0.4305555555555556,0.25,0.6111111111111112,0.9622504486493763,0.9811252243246882,0.7058403899401219,3,KG_TASK_EXPLICIT
625,428,0.7056818181818182,0.4113636363636364,0.2727272727272727,0.55,1.0000000000000002,1.0,0.7056818181818182,3,KG_TASK_EXPLICIT
625,648,0.6955287753915466,0.41911764705882354,0.25,0.5882352941176471,0.9438798074485389,0.9719399037242695,0.6955287753915466,5,KG_TASK_EXPLICIT
625,583,0.692845117538373,0.41428571428571426,0.42857142857142855,0.4,0.9428090415820635,0.9714045207910318,0.692845117538373,3,KG_TASK_EXPLICIT
625,297,0.6871345029239766,0.3742690058479532,0.2222222222222222,0.5263157894736842,1.0000000000000002,1.0,0.6871345029239766,3,KG_TASK_EXPLICIT
628,562,0.7468102969461665,0.6284722222222222,0.4444444444444444,0.8125,0.7302967433402214,0.8651483716701107,0.7468102969461665,5,KG_TASK_EXPLICIT
628,76,0.585,0.17,0.2,0.14,1.0000000000000002,1.0,0.585,3,KG_TASK_EXPLICIT
628,407,0.5173594393495785,0.1264705882352941,0.08823529411764706,0.16470588235294117,0.8164965809277259,0.9082482904638629,0.5173594393495785,3,KG_TASK_EXPLICIT
628,68,0.4955041578459618,0.016666666666666666,0.0,0.03333333333333333,0.9486832980505138,0.9743416490252569,0.4955041578459618,4,KG_TASK_EXPLICIT
628,524,0.48955745435805104,0.07086661825223917,0.08823529411764706,0.053497942386831275,0.8164965809277259,0.9082482904638629,0.48955745435805104,3,KG_TASK_EXPLICIT
628,359,0.4609375,0.171875,0.125,0.21875,0.5,0.75,0.4609375,4,KG_TASK_EXPLICIT
628,457,0.43005185301169213,0.07142857142857142,0.0,0.14285714285714285,0.5773502691896258,0.7886751345948129,0.43005185301169213,3,KG_TASK_EXPLICIT
628,401,0.3704240885301619,0.017241379310344827,0.0,0.034482758620689655,0.4472135954999579,0.7236067977499789,0.3704240885301619,5,KG_TASK_EXPLICIT
628,241,0.32449968730456535,0.1489993746091307,0.19230769230769232,0.10569105691056911,0.0,0.5,0.32449968730456535,3,KG_TASK_EXPLICIT
628,685,0.3172008942410551,0.4230769230769231,0.5,0.34615384615384615,-0.5773502691896258,0.21132486540518708,0.3172008942410551,3,KG_TASK_EXPLICIT
629,673,0.630606227936007,0.35416666666666663,0.375,0.3333333333333333,0.8140915784106942,0.9070457892053472,0.630606227936007,12,KG_TASK_EXPLICIT
629,586,0.5706559480312317,0.25,0.25,0.25,0.7826237921249264,0.8913118960624632,0.5706559480312317,5,KG_TASK_EXPLICIT
629,62,0.5671195520880643,0.2159090909090909,0.18181818181818182,0.25,0.8366600265340756,0.9183300132670378,0.5671195520880643,10,KG_TASK_EXPLICIT
629,533,0.5636391419992108,0.22526315789473683,0.21052631578947367,0.24,0.8040302522073697,0.9020151261036848,0.5636391419992108,13,KG_TASK_EXPLICIT
629,145,0.5623355372948159,0.18823529411764706,0.2,0.17647058823529413,0.8728715609439694,0.9364357804719847,0.5623355372948159,16,KG_TASK_EXPLICIT
629,593,0.5485320558362322,0.19617224880382775,0.18181818181818182,0.21052631578947367,0.8017837257372732,0.9008918628686367,0.5485320558362322,8,KG_TASK_EXPLICIT
629,376,0.5454545454545454,0.16233766233766234,0.14285714285714285,0.18181818181818182,0.8571428571428571,0.9285714285714286,0.5454545454545454,8,KG_TASK_EXPLICIT
629,322,0.5412578159510715,0.1111111111111111,0.0,0.2222222222222222,0.9428090415820635,0.9714045207910318,0.5412578159510715,3,KG_TASK_EXPLICIT
629,3,0.5346292877841818,0.14285714285714285,0.0,0.2857142857142857,0.8528028654224419,0.9264014327112209,0.5346292877841818,9,KG_TASK_EXPLICIT
629,295,0.5339276882840528,0.16666666666666666,0.16666666666666666,0.16666666666666666,0.8023774198028778,0.9011887099014388,0.5339276882840528,27,KG_TASK_EXPLICIT
630,444,0.7987389619051763,0.6255380200860832,0.47058823529411764,0.7804878048780488,0.9438798074485389,0.9719399037242695,0.7987389619051763,5,KG_TASK_EXPLICIT
630,679,0.78125,0.5625,0.4,0.725,1.0000000000000002,1.0,0.78125,3,KG_TASK_EXPLICIT
630,513,0.763713175747726,0.5549707602339181,0.42105263157894735,0.6888888888888889,0.944911182523068,0.972455591261534,0.763713175747726,4,KG_TASK_EXPLICIT
630,599,0.75,0.5,0.4166666666666667,0.5833333333333334,1.0,1.0,0.75,4,KG_TASK_EXPLICIT
630,188,0.7440191942863772,0.5160984848484849,0.30303030303030304,0.7291666666666666,0.9438798074485389,0.9719399037242695,0.7440191942863772,5,KG_TASK_EXPLICIT
630,392,0.7203488372093023,0.44069767441860463,0.3,0.5813953488372093,1.0000000000000002,1.0,0.7203488372093023,3,KG_TASK_EXPLICIT
630,531,0.7115384615384616,0.4230769230769231,0.3076923076923077,0.5384615384615384,1.0000000000000002,1.0,0.7115384615384616,6,KG_TASK_EXPLICIT
630,721,0.7077190237009425,0.4429824561403509,0.3333333333333333,0.5526315789473685,0.944911182523068,0.972455591261534,0.7077190237009425,4,KG_TASK_EXPLICIT
630,14,0.7074089197507236,0.44047619047619047,0.38095238095238093,0.5,0.9486832980505138,0.9743416490252569,0.7074089197507236,5,KG_TASK_EXPLICIT
630,255,0.6979166666666667,0.39583333333333337,0.2916666666666667,0.5,1.0,1.0,0.6979166666666667,4,KG_TASK_EXPLICIT
631,579,0.7081503563002833,0.47435897435897434,0.3333333333333333,0.6153846153846154,0.8838834764831843,0.9419417382415922,0.7081503563002833,5,KG_TASK_EXPLICIT
631,149,0.6969677322938193,0.4375,0.25,0.625,0.9128709291752769,0.9564354645876385,0.6969677322938193,7,KG_TASK_EXPLICIT
631,219,0.6676339285714286,0.3352678571428571,0.15625,0.5142857142857142,0.9999999999999998,0.9999999999999999,0.6676339285714286,3,KG_TASK_EXPLICIT
631,130,0.6675856836934699,0.42692307692307696,0.2,0.6538461538461539,0.8164965809277259,0.9082482904638629,0.6675856836934699,3,KG_TASK_EXPLICIT
631,505,0.6646313101675136,0.4419642857142857,0.3125,0.5714285714285714,0.7745966692414834,0.8872983346207417,0.6646313101675136,5,KG_TASK_EXPLICIT
631,170,0.6613876319758673,0.3227752639517345,0.23529411764705882,0.41025641025641024,1.0000000000000002,1.0,0.6613876319758673,5,KG_TASK_EXPLICIT
631,465,0.6602564102564104,0.40384615384615385,0.3076923076923077,0.5,0.8333333333333335,0.9166666666666667,0.6602564102564104,6,KG_TASK_EXPLICIT
631,24,0.656328320802005,0.4793233082706767,0.3157894736842105,0.6428571428571429,0.6666666666666667,0.8333333333333334,0.656328320802005,5,KG_TASK_EXPLICIT
631,654,0.6540178571428572,0.3080357142857143,0.1875,0.42857142857142855,1.0000000000000002,1.0,0.6540178571428572,4,KG_TASK_EXPLICIT
631,692,0.6523809523809524,0.3047619047619048,0.14285714285714285,0.4666666666666667,1.0000000000000002,1.0,0.6523809523809524,3,KG_TASK_EXPLICIT
632,378,0.7022028238025557,0.42328042328042326,0.14285714285714285,0.7037037037037037,0.9622504486493763,0.9811252243246882,0.7022028238025557,3,KG_TASK_EXPLICIT
632,585,0.6540322580645161,0.30806451612903224,0.1,0.5161290322580645,1.0000000000000002,1.0,0.6540322580645161,3,KG_TASK_EXPLICIT
632,205,0.6527777777777777,0.3055555555555556,0.1111111111111111,0.5,0.9999999999999998,0.9999999999999999,0.6527777777777777,3,KG_TASK_EXPLICIT
632,173,0.610242526777924,0.26055194805194803,0.18181818181818182,0.3392857142857143,0.9198662110078,0.9599331055039,0.610242526777924,6,KG_TASK_EXPLICIT
632,495,0.5927502657101048,0.3968253968253968,0.2222222222222222,0.5714285714285714,0.5773502691896258,0.7886751345948129,0.5927502657101048,3,KG_TASK_EXPLICIT
632,608,0.575956662436582,0.5075757575757576,0.3333333333333333,0.6818181818181818,0.2886751345948129,0.6443375672974064,0.575956662436582,7,KG_TASK_EXPLICIT
632,255,0.5703459281847616,0.1934782608695652,0.08695652173913043,0.3,0.8944271909999159,0.9472135954999579,0.5703459281847616,3,KG_TASK_EXPLICIT
632,362,0.5686763983265504,0.16594827586206895,0.125,0.20689655172413793,0.9428090415820635,0.9714045207910318,0.5686763983265504,3,KG_TASK_EXPLICIT
632,266,0.5527076972521292,0.10541539450425841,0.061224489795918366,0.14960629921259844,0.9999999999999998,0.9999999999999999,0.5527076972521292,3,KG_TASK_EXPLICIT
632,315,0.5423763921961361,0.18443239987955434,0.12195121951219512,0.24691358024691357,0.8006407690254358,0.9003203845127179,0.5423763921961361,4,KG_TASK_EXPLICIT
633,280,0.7109927196892258,0.4408602150537634,0.3333333333333333,0.5483870967741935,0.9622504486493763,0.9811252243246882,0.7109927196892258,3,KG_TASK_EXPLICIT
633,625,0.6852563509461097,0.4375,0.3333333333333333,0.5416666666666666,0.8660254037844387,0.9330127018922194,0.6852563509461097,8,KG_TASK_EXPLICIT
633,375,0.6815926336247646,0.49425287356321834,0.3333333333333333,0.6551724137931034,0.7378647873726218,0.8689323936863109,0.6815926336247646,8,KG_TASK_EXPLICIT
633,216,0.681353414174571,0.3846153846153846,0.23076923076923078,0.5384615384615384,0.9561828874675149,0.9780914437337574,0.681353414174571,6,KG_TASK_EXPLICIT
633,721,0.6770833333333333,0.41666666666666663,0.3333333333333333,0.5,0.8749999999999998,0.9374999999999999,0.6770833333333333,5,KG_TASK_EXPLICIT
633,392,0.6735695313906882,0.36904761904761907,0.23809523809523808,0.5,0.9561828874675149,0.9780914437337574,0.6735695313906882,7,KG_TASK_EXPLICIT
633,154,0.6694139194139195,0.33882783882783885,0.19047619047619047,0.48717948717948717,1.0000000000000002,1.0,0.6694139194139195,3,KG_TASK_EXPLICIT
633,25,0.6653174588055717,0.3677248677248677,0.14285714285714285,0.5925925925925926,0.9258200997725514,0.9629100498862757,0.6653174588055717,7,KG_TASK_EXPLICIT
633,643,0.6629115979195684,0.40625,0.3125,0.5,0.8391463916782738,0.9195731958391369,0.6629115979195684,9,KG_TASK_EXPLICIT
633,249,0.6616273462517589,0.34891304347826085,0.34782608695652173,0.35,0.9486832980505138,0.9743416490252569,0.6616273462517589,6,KG_TASK_EXPLICIT
634,362,0.5815467650459882,0.175,0.2,0.15,0.9761870601839528,0.9880935300919764,0.5815467650459882,5,KG_TASK_EXPLICIT
634,560,0.551190955309433,0.12,0.0,0.24,0.9647638212377322,0.982381910618866,0.551190955309433,4,KG_TASK_EXPLICIT
634,134,0.5288461538461539,0.057692307692307696,0.0,0.11538461538461539,1.0000000000000002,1.0,0.5288461538461539,3,KG_TASK_EXPLICIT
634,486,0.5238095238095238,0.047619047619047616,0.0,0.09523809523809523,1.0,1.0,0.5238095238095238,3,KG_TASK_EXPLICIT
634,133,0.5208333333333334,0.041666666666666664,0.0,0.08333333333333333,1.0000000000000002,1.0,0.5208333333333334,3,KG_TASK_EXPLICIT
634,508,0.5168234996446565,0.05555555555555555,0.0,0.1111111111111111,0.9561828874675149,0.9780914437337574,0.5168234996446565,5,KG_TASK_EXPLICIT
634,430,0.5126810285942611,0.05102040816326531,0.0,0.10204081632653061,0.9486832980505138,0.9743416490252569,0.5126810285942611,4,KG_TASK_EXPLICIT
634,186,0.5113636363636364,0.022727272727272728,0.0,0.045454545454545456,1.0000000000000002,1.0,0.5113636363636364,3,KG_TASK_EXPLICIT
634,550,0.5112124644771485,0.05102040816326531,0.0,0.10204081632653061,0.9428090415820635,0.9714045207910318,0.5112124644771485,3,KG_TASK_EXPLICIT
634,460,0.5110294117647058,0.022058823529411766,0.0,0.04411764705882353,1.0000000000000002,1.0,0.5110294117647058,3,KG_TASK_EXPLICIT
635,303,0.9192635099164813,0.8660714285714286,0.875,0.8571428571428571,0.944911182523068,0.972455591261534,0.9192635099164813,4,KG_TASK_EXPLICIT
635,396,0.7736111111111111,0.5472222222222223,0.4444444444444444,0.65,1.0000000000000002,1.0,0.7736111111111111,3,KG_TASK_EXPLICIT
635,692,0.7486611064822632,0.5192307692307692,0.5,0.5384615384615384,0.9561828874675149,0.9780914437337574,0.7486611064822632,4,KG_TASK_EXPLICIT
635,579,0.7291666666666667,0.45833333333333337,0.3333333333333333,0.5833333333333334,1.0000000000000002,1.0,0.7291666666666667,10,KG_TASK_EXPLICIT
635,486,0.7173115027705868,0.45833333333333337,0.4166666666666667,0.5,0.9525793444156805,0.9762896722078402,0.7173115027705868,6,KG_TASK_EXPLICIT
635,264,0.7073863636363635,0.4147727272727273,0.375,0.45454545454545453,0.9999999999999998,0.9999999999999999,0.7073863636363635,8,KG_TASK_EXPLICIT
635,418,0.7052090768088087,0.4292929292929293,0.2222222222222222,0.6363636363636364,0.9622504486493763,0.9811252243246882,0.7052090768088087,9,KG_TASK_EXPLICIT
635,601,0.7042833511863226,0.4361111111111111,0.2222222222222222,0.65,0.944911182523068,0.972455591261534,0.7042833511863226,4,KG_TASK_EXPLICIT
635,411,0.6996708245126284,0.425,0.25,0.6,0.9486832980505138,0.9743416490252569,0.6996708245126284,5,KG_TASK_EXPLICIT
635,429,0.6939705270409049,0.437192118226601,0.35714285714285715,0.5172413793103449,0.9014978717104176,0.9507489358552088,0.6939705270409049,18,KG_TASK_EXPLICIT
636,36,0.8591701132462001,0.7619047619047619,0.6666666666666666,0.8571428571428571,0.9128709291752767,0.9564354645876383,0.8591701132462001,9,KG_TASK_EXPLICIT
636,462,0.8108640882624316,0.65,0.5,0.8,0.9434563530497265,0.9717281765248633,0.8108640882624316,7,KG_TASK_EXPLICIT
636,264,0.7638888888888888,0.5277777777777778,0.5,0.5555555555555556,1.0,1.0,0.7638888888888888,4,KG_TASK_EXPLICIT
636,297,0.7604166666666666,0.5208333333333333,0.375,0.6666666666666666,1.0,1.0,0.7604166666666666,4,KG_TASK_EXPLICIT
636,601,0.7478991596638656,0.4957983193277311,0.2857142857142857,0.7058823529411765,1.0000000000000002,1.0,0.7478991596638656,3,KG_TASK_EXPLICIT
636,686,0.7469420813450527,0.5214285714285715,0.4,0.6428571428571429,0.944911182523068,0.972455591261534,0.7469420813450527,4,KG_TASK_EXPLICIT
636,530,0.7357142857142858,0.5214285714285715,0.4,0.6428571428571429,0.8999999999999998,0.95,0.7357142857142858,7,KG_TASK_EXPLICIT
636,618,0.7265110839249277,0.48161764705882354,0.375,0.5882352941176471,0.9428090415820635,0.9714045207910318,0.7265110839249277,3,KG_TASK_EXPLICIT
636,465,0.7250581421709392,0.5584415584415584,0.5714285714285714,0.5454545454545454,0.7833494518006403,0.8916747259003202,0.7250581421709392,6,KG_TASK_EXPLICIT
636,685,0.7219139766414441,0.48809523809523814,0.3333333333333333,0.6428571428571429,0.9114654303753,0.95573271518765,0.7219139766414441,9,KG_TASK_EXPLICIT
637,599,0.799106288855512,0.6101190476190476,0.42857142857142855,0.7916666666666666,0.9761870601839528,0.9880935300919764,0.799106288855512,5,KG_TASK_EXPLICIT
637,674,0.789070762029846,0.6018518518518519,0.5,0.7037037037037037,0.9525793444156805,0.9762896722078402,0.789070762029846,6,KG_TASK_EXPLICIT
637,16,0.7815063509461098,0.63,0.5,0.76,0.8660254037844387,0.9330127018922194,0.7815063509461098,4,KG_TASK_EXPLICIT
637,321,0.7490951175383731,0.5267857142857143,0.375,0.6785714285714286,0.9428090415820635,0.9714045207910318,0.7490951175383731,3,KG_TASK_EXPLICIT
637,86,0.7467948717948718,0.4935897435897436,0.3333333333333333,0.6538461538461539,1.0000000000000002,1.0,0.7467948717948718,4,KG_TASK_EXPLICIT
637,676,0.7450407293159369,0.5111607142857143,0.42857142857142855,0.59375,0.9578414886923188,0.9789207443461594,0.7450407293159369,6,KG_TASK_EXPLICIT
637,324,0.7395833333333334,0.4791666666666667,0.25,0.7083333333333334,0.9999999999999999,1.0,0.7395833333333334,4,KG_TASK_EXPLICIT
637,531,0.7380416810062638,0.5661375661375662,0.42857142857142855,0.7037037037037037,0.8198915917499229,0.9099457958749615,0.7380416810062638,12,KG_TASK_EXPLICIT
637,694,0.7359699518621348,0.5,0.3333333333333333,0.6666666666666666,0.9438798074485389,0.9719399037242695,0.7359699518621348,5,KG_TASK_EXPLICIT
637,228,0.7,0.4,0.2,0.6,0.9999999999999998,0.9999999999999999,0.7,5,KG_TASK_EXPLICIT
638,696,0.6769303305709544,0.38245614035087716,0.3333333333333333,0.43157894736842106,0.9428090415820635,0.9714045207910318,0.6769303305709544,3,KG_TASK_EXPLICIT
638,137,0.6733041259625951,0.4174107142857143,0.40625,0.42857142857142855,0.858395075278952,0.929197537639476,0.6733041259625951,8,KG_TASK_EXPLICIT
638,578,0.6682724011304945,0.388823297914207,0.38095238095238093,0.39669421487603307,0.8954430086935637,0.9477215043467819,0.6682724011304945,13,KG_TASK_EXPLICIT
638,700,0.6514305962490934,0.3476284584980237,0.3,0.3952569169960474,0.9104654680003258,0.955232734000163,0.6514305962490934,10,KG_TASK_EXPLICIT
638,643,0.623780237387022,0.3376146788990826,0.4,0.27522935779816515,0.819891591749923,0.9099457958749615,0.623780237387022,6,KG_TASK_EXPLICIT
638,568,0.6183035714285714,0.23660714285714285,0.25,0.22321428571428573,1.0000000000000002,1.0,0.6183035714285714,3,KG_TASK_EXPLICIT
638,466,0.6108722358722358,0.22174447174447176,0.22727272727272727,0.21621621621621623,1.0000000000000002,1.0,0.6108722358722358,3,KG_TASK_EXPLICIT
638,200,0.6094565405700383,0.2464574898785425,0.2692307692307692,0.2236842105263158,0.944911182523068,0.972455591261534,0.6094565405700383,4,KG_TASK_EXPLICIT
638,721,0.6090909090909091,0.21818181818181817,0.22727272727272727,0.20909090909090908,1.0000000000000002,1.0,0.6090909090909091,3,KG_TASK_EXPLICIT
638,241,0.608718705647441,0.3082788671023965,0.2647058823529412,0.35185185185185186,0.8183170883849714,0.9091585441924857,0.608718705647441,12,KG_TASK_EXPLICIT
640,307,0.5448275862068965,0.25632183908045975,0.13333333333333333,0.3793103448275862,0.6666666666666666,0.8333333333333333,0.5448275862068965,4,KG_TASK_EXPLICIT
640,47,0.3922924901185771,0.2845849802371542,0.09090909090909091,0.4782608695652174,0.0,0.5,0.3922924901185771,3,KG_TASK_EXPLICIT
640,519,0.362280701754386,0.2245614035087719,0.13333333333333333,0.3157894736842105,0.0,0.5,0.362280701754386,6,KG_TASK_EXPLICIT
640,339,0.3592436974789916,0.2184873949579832,0.14285714285714285,0.29411764705882354,0.0,0.5,0.3592436974789916,4,KG_TASK_EXPLICIT
640,170,0.35602910602910603,0.21205821205821207,0.15384615384615385,0.2702702702702703,0.0,0.5,0.35602910602910603,5,KG_TASK_EXPLICIT
640,482,0.31813953488372093,0.13627906976744186,0.04,0.23255813953488372,0.0,0.5,0.31813953488372093,6,KG_TASK_EXPLICIT
640,685,0.21424323129904999,0.10526315789473684,0.0,0.21052631578947367,-0.35355339059327373,0.32322330470336313,0.21424323129904999,6,KG_TASK_EXPLICIT
640,457,0.1988442508844117,0.18636363636363634,0.1,0.2727272727272727,-0.5773502691896258,0.21132486540518708,0.1988442508844117,3,KG_TASK_EXPLICIT
640,458,0.1546207660359269,0.09791666666666668,0.05,0.14583333333333334,-0.5773502691896258,0.21132486540518708,0.1546207660359269,4,KG_TASK_EXPLICIT
640,72,0.10238997137002981,0.058333333333333334,0.0,0.11666666666666667,-0.7071067811865475,0.14644660940672627,0.10238997137002981,3,KG_TASK_EXPLICIT
641,499,0.6544954571001945,0.35714285714285715,0.21428571428571427,0.5,0.9036961141150639,0.951848057057532,0.6544954571001945,6,KG_TASK_EXPLICIT
641,505,0.6486891962115733,0.41941391941391937,0.42857142857142855,0.41025641025641024,0.7559289460184544,0.8779644730092272,0.6486891962115733,4,KG_TASK_EXPLICIT
641,158,0.6473589055176475,0.48611111111111116,0.4166666666666667,0.5555555555555556,0.6172133998483678,0.8086066999241839,0.6473589055176475,8,KG_TASK_EXPLICIT
641,112,0.6472787437679947,0.5058823529411764,0.4117647058823529,0.6,0.5773502691896258,0.7886751345948129,0.6472787437679947,8,KG_TASK_EXPLICIT
641,633,0.6402188782489739,0.280437756497948,0.23529411764705882,0.32558139534883723,1.0,1.0,0.6402188782489739,3,KG_TASK_EXPLICIT
641,630,0.6325128920350005,0.3567774936061381,0.23529411764705882,0.4782608695652174,0.8164965809277259,0.9082482904638629,0.6325128920350005,3,KG_TASK_EXPLICIT
641,188,0.6305930382526113,0.3281733746130031,0.23529411764705882,0.42105263157894735,0.8660254037844387,0.9330127018922194,0.6305930382526113,3,KG_TASK_EXPLICIT
641,612,0.6204988702176801,0.35609756097560974,0.2,0.5121951219512195,0.769800358919501,0.8849001794597505,0.6204988702176801,6,KG_TASK_EXPLICIT
641,716,0.6180215024612612,0.303030303030303,0.2727272727272727,0.3333333333333333,0.8660254037844387,0.9330127018922194,0.6180215024612612,6,KG_TASK_EXPLICIT
641,711,0.6175234485433901,0.3814935064935065,0.2857142857142857,0.4772727272727273,0.7071067811865475,0.8535533905932737,0.6175234485433901,3,KG_TASK_EXPLICIT
642,696,0.5720153158146843,0.16968898260411175,0.11428571428571428,0.22509225092250923,0.9486832980505138,0.9743416490252569,0.5720153158146843,4,KG_TASK_EXPLICIT
642,240,0.5606398809523809,0.12127976190476189,0.16666666666666666,0.07589285714285714,1.0000000000000002,1.0,0.5606398809523809,3,KG_TASK_EXPLICIT
642,716,0.5492292870905587,0.09845857418111753,0.13333333333333333,0.06358381502890173,1.0000000000000002,1.0,0.5492292870905587,3,KG_TASK_EXPLICIT
642,87,0.5471036585365854,0.09420731707317073,0.125,0.06341463414634146,1.0000000000000002,1.0,0.5471036585365854,6,KG_TASK_EXPLICIT
642,41,0.5463391136801541,0.09267822736030829,0.13333333333333333,0.05202312138728324,0.9999999999999998,0.9999999999999999,0.5463391136801541,5,KG_TASK_EXPLICIT
642,280,0.5415745856353591,0.08314917127071823,0.1,0.06629834254143646,1.0000000000000002,1.0,0.5415745856353591,3,KG_TASK_EXPLICIT
642,466,0.5413934426229509,0.08278688524590164,0.1,0.06557377049180328,1.0,1.0,0.5413934426229509,4,KG_TASK_EXPLICIT
642,202,0.5410216718266254,0.08204334365325078,0.10526315789473684,0.058823529411764705,1.0,1.0,0.5410216718266254,4,KG_TASK_EXPLICIT
642,211,0.5397849462365591,0.07956989247311828,0.1,0.05913978494623656,1.0000000000000002,1.0,0.5397849462365591,3,KG_TASK_EXPLICIT
642,638,0.5396341077018874,0.1029785431959345,0.10714285714285714,0.09881422924901186,0.9525793444156805,0.9762896722078402,0.5396341077018874,3,KG_TASK_EXPLICIT
643,375,0.6975409097710781,0.44999999999999996,0.35714285714285715,0.5428571428571428,0.8901636390843124,0.9450818195421562,0.6975409097710781,19,KG_TASK_EXPLICIT
643,280,0.6926058207697121,0.4083011583011583,0.35714285714285715,0.4594594594594595,0.9538209664765318,0.9769104832382659,0.6926058207697121,7,KG_TASK_EXPLICIT
643,601,0.6803526426944466,0.38636363636363635,0.2727272727272727,0.5,0.9486832980505138,0.9743416490252569,0.6803526426944466,4,KG_TASK_EXPLICIT
643,479,0.6652587313079871,0.3508158508158508,0.3076923076923077,0.3939393939393939,0.9594032236002469,0.9797016118001234,0.6652587313079871,5,KG_TASK_EXPLICIT
643,505,0.6648960141471494,0.3678571428571429,0.25,0.4857142857142857,0.923869770874312,0.961934885437156,0.6648960141471494,15,KG_TASK_EXPLICIT
643,612,0.6639194139194139,0.35641025641025637,0.2,0.5128205128205128,0.9428571428571428,0.9714285714285714,0.6639194139194139,14,KG_TASK_EXPLICIT
643,633,0.6629115979195684,0.40625,0.3125,0.5,0.8391463916782738,0.9195731958391369,0.6629115979195684,9,KG_TASK_EXPLICIT
643,366,0.662140670263468,0.4095238095238095,0.2857142857142857,0.5333333333333333,0.8295150620062532,0.9147575310031266,0.662140670263468,14,KG_TASK_EXPLICIT
643,154,0.6585158537523945,0.34269005847953216,0.2631578947368421,0.4222222222222222,0.9486832980505138,0.9743416490252569,0.6585158537523945,4,KG_TASK_EXPLICIT
643,50,0.6551284384928763,0.3291316526610644,0.2857142857142857,0.37254901960784315,0.9622504486493763,0.9811252243246882,0.6551284384928763,6,KG_TASK_EXPLICIT
644,40,0.6200592885375494,0.24011857707509882,0.045454545454545456,0.43478260869565216,1.0000000000000002,1.0,0.6200592885375494,3,KG_TASK_EXPLICIT
644,475,0.591301754044925,0.21087533156498675,0.07692307692307693,0.3448275862068966,0.9434563530497265,0.9717281765248633,0.591301754044925,7,KG_TASK_EXPLICIT
644,422,0.5907738095238095,0.18154761904761907,0.041666666666666664,0.32142857142857145,1.0000000000000002,1.0,0.5907738095238095,3,KG_TASK_EXPLICIT
644,231,0.5890226763644802,0.2037037037037037,0.0,0.4074074074074074,0.9486832980505138,0.9743416490252569,0.5890226763644802,5,KG_TASK_EXPLICIT
644,186,0.5717189314750291,0.14343786295005806,0.04878048780487805,0.23809523809523808,1.0,1.0,0.5717189314750291,4,KG_TASK_EXPLICIT
644,160,0.5716783216783217,0.14335664335664333,0.030303030303030304,0.2564102564102564,1.0,1.0,0.5716783216783217,4,KG_TASK_EXPLICIT
644,178,0.5714285714285714,0.14285714285714285,0.0,0.2857142857142857,0.9999999999999999,1.0,0.5714285714285714,7,KG_TASK_EXPLICIT
644,371,0.5708695652173913,0.1417391304347826,0.043478260869565216,0.24,1.0,1.0,0.5708695652173913,4,KG_TASK_EXPLICIT
644,52,0.5694444444444444,0.1388888888888889,0.0,0.2777777777777778,0.9999999999999998,0.9999999999999999,0.5694444444444444,5,KG_TASK_EXPLICIT
644,163,0.564186629249978,0.15591766723842196,0.07547169811320754,0.23636363636363636,0.944911182523068,0.972455591261534,0.564186629249978,4,KG_TASK_EXPLICIT
647,701,0.716190955309433,0.44999999999999996,0.2,0.7,0.9647638212377322,0.982381910618866,0.716190955309433,4,KG_TASK_EXPLICIT
647,754,0.7155626121623441,0.44999999999999996,0.2,0.7,0.9622504486493763,0.9811252243246882,0.7155626121623441,3,KG_TASK_EXPLICIT
647,268,0.7108640882624316,0.44999999999999996,0.2,0.7,0.9434563530497265,0.9717281765248633,0.7108640882624316,4,KG_TASK_EXPLICIT
647,571,0.6955128205128205,0.391025641025641,0.16666666666666666,0.6153846153846154,1.0,1.0,0.6955128205128205,4,KG_TASK_EXPLICIT
647,543,0.6941149553005537,0.44999999999999996,0.2,0.7,0.8764598212022147,0.9382299106011074,0.6941149553005537,8,KG_TASK_EXPLICIT
647,686,0.6875,0.375,0.16666666666666666,0.5833333333333334,0.9999999999999999,1.0,0.6875,4,KG_TASK_EXPLICIT
647,176,0.6805074552007107,0.38961038961038963,0.14285714285714285,0.6363636363636364,0.9428090415820635,0.9714045207910318,0.6805074552007107,3,KG_TASK_EXPLICIT
647,530,0.6732475833957223,0.375,0.16666666666666666,0.5833333333333334,0.9429903335828895,0.9714951667914448,0.6732475833957223,10,KG_TASK_EXPLICIT
647,729,0.6594082533421297,0.35256410256410253,0.16666666666666666,0.5384615384615384,0.9325048082403138,0.9662524041201569,0.6594082533421297,8,KG_TASK_EXPLICIT
647,685,0.658050199172921,0.36309523809523814,0.14285714285714285,0.5833333333333334,0.9060103205012076,0.9530051602506038,0.658050199172921,24,KG_TASK_EXPLICIT
648,89,0.7738095238095237,0.5476190476190476,0.42857142857142855,0.6666666666666666,1.0000000000000002,1.0,0.7738095238095237,3,KG_TASK_EXPLICIT
648,47,0.7450260977176277,0.5595238095238095,0.5,0.6190476190476191,0.8610567718228918,0.9305283859114459,0.7450260977176277,16,KG_TASK_EXPLICIT
648,652,0.7406354538276227,0.5037593984962406,0.42857142857142855,0.5789473684210527,0.9550230183180096,0.9775115091590048,0.7406354538276227,14,KG_TASK_EXPLICIT
648,479,0.7381448361039201,0.5,0.3333333333333333,0.6666666666666666,0.9525793444156805,0.9762896722078402,0.7381448361039201,3,KG_TASK_EXPLICIT
648,506,0.7357022603955159,0.5,0.25,0.75,0.9428090415820635,0.9714045207910318,0.7357022603955159,3,KG_TASK_EXPLICIT
648,722,0.7357022603955159,0.5,0.3333333333333333,0.6666666666666666,0.9428090415820635,0.9714045207910318,0.7357022603955159,3,KG_TASK_EXPLICIT
648,465,0.7301136363636364,0.4602272727272727,0.375,0.5454545454545454,1.0000000000000002,1.0,0.7301136363636364,7,KG_TASK_EXPLICIT
648,383,0.7261904761904762,0.45238095238095233,0.3333333333333333,0.5714285714285714,1.0,1.0,0.7261904761904762,4,KG_TASK_EXPLICIT
648,583,0.7202876932467772,0.4642857142857143,0.42857142857142855,0.5,0.9525793444156805,0.9762896722078402,0.7202876932467772,3,KG_TASK_EXPLICIT
648,704,0.7202429627628069,0.4607843137254902,0.3333333333333333,0.5882352941176471,0.9594032236002469,0.9797016118001234,0.7202429627628069,5,KG_TASK_EXPLICIT
649,544,0.3081841432225064,0.11636828644501279,0.058823529411764705,0.17391304347826086,0.0,0.5,0.3081841432225064,8,KG_TASK_EXPLICIT
649,172,0.29522357723577236,0.09044715447154472,0.08333333333333333,0.0975609756097561,0.0,0.5,0.29522357723577236,6,KG_TASK_EXPLICIT
649,65,0.2920590753424658,0.0841181506849315,0.03125,0.136986301369863,0.0,0.5,0.2920590753424658,8,KG_TASK_EXPLICIT
649,262,0.08927863254584624,0.08680555555555555,0.0625,0.1111111111111111,-0.8164965809277261,0.09175170953613693,0.08927863254584624,7,KG_TASK_EXPLICIT
650,148,0.5038374911792951,0.03333333333333333,0.0,0.06666666666666667,0.9486832980505138,0.9743416490252569,0.5038374911792951,4,KG_TASK_EXPLICIT
650,470,0.4626176247334923,0.06666666666666667,0.0,0.13333333333333333,0.7171371656006361,0.858568582800318,0.4626176247334923,5,KG_TASK_EXPLICIT
650,187,0.46255767169708845,0.04021516393442623,0.03125,0.04918032786885246,0.7698003589195012,0.8849001794597506,0.46255767169708845,6,KG_TASK_EXPLICIT
650,663,0.4617095092318863,0.045454545454545456,0.0,0.09090909090909091,0.7559289460184544,0.8779644730092272,0.4617095092318863,4,KG_TASK_EXPLICIT
650,753,0.45,0.65,0.5,0.8,-0.5,0.25,0.45,4,KG_TASK_EXPLICIT
650,304,0.4326983456108703,0.017241379310344827,0.0,0.034482758620689655,0.6963106238227914,0.8481553119113957,0.4326983456108703,5,KG_TASK_EXPLICIT
650,732,0.40395295191279107,0.019230769230769232,0.0,0.038461538461538464,0.5773502691896258,0.7886751345948129,0.40395295191279107,3,KG_TASK_EXPLICIT
650,310,0.3970233129260433,0.08992248062015504,0.13333333333333333,0.046511627906976744,0.4082482904638631,0.7041241452319316,0.3970233129260433,3,KG_TASK_EXPLICIT
650,381,0.3952120389971937,0.3958333333333333,0.125,0.6666666666666666,-0.21081851067789195,0.39459074466105404,0.3952120389971937,9,KG_TASK_EXPLICIT
650,388,0.36704066897866167,0.011363636363636364,0.0,0.022727272727272728,0.44543540318737396,0.722717701593687,0.36704066897866167,9,KG_TASK_EXPLICIT
651,672,1.0,1.0,1.0,1.0,0.9999999999999998,0.9999999999999999,1.0,5,KG_TASK_EXPLICIT
651,18,0.9905626121623441,1.0,1.0,1.0,0.9622504486493763,0.9811252243246882,0.9905626121623441,3,KG_TASK_EXPLICIT
651,2,0.9890457218668787,1.0,1.0,1.0,0.9561828874675149,0.9780914437337574,0.9890457218668787,4,KG_TASK_EXPLICIT
651,3,0.7708333333333334,0.5833333333333333,0.5,0.6666666666666666,0.9166666666666669,0.9583333333333335,0.7708333333333334,6,KG_TASK_EXPLICIT
651,115,0.5192307692307693,0.038461538461538464,0.0,0.07692307692307693,1.0,1.0,0.5192307692307693,4,KG_TASK_EXPLICIT
651,6,0.5138888888888888,0.027777777777777776,0.0,0.05555555555555555,1.0000000000000002,1.0,0.5138888888888888,3,KG_TASK_EXPLICIT
651,258,0.5138888888888888,0.027777777777777776,0.0,0.05555555555555555,1.0000000000000002,1.0,0.5138888888888888,3,KG_TASK_EXPLICIT
651,25,0.5125,0.025,0.0,0.05,1.0000000000000002,1.0,0.5125,3,KG_TASK_EXPLICIT
651,579,0.5119047619047619,0.023809523809523808,0.0,0.047619047619047616,1.0000000000000002,1.0,0.5119047619047619,3,KG_TASK_EXPLICIT
651,380,0.5096153846153846,0.019230769230769232,0.0,0.038461538461538464,1.0000000000000002,1.0,0.5096153846153846,3,KG_TASK_EXPLICIT
652,79,0.7873397324102167,0.6648351648351649,0.7142857142857143,0.6153846153846154,0.819688599970537,0.9098442999852685,0.7873397324102167,23,KG_TASK_EXPLICIT
652,648,0.7406354538276227,0.5037593984962406,0.42857142857142855,0.5789473684210527,0.9550230183180096,0.9775115091590048,0.7406354538276227,14,KG_TASK_EXPLICIT
652,653,0.7297199518621348,0.4875,0.6,0.375,0.9438798074485389,0.9719399037242695,0.7297199518621348,5,KG_TASK_EXPLICIT
652,704,0.7006145410972702,0.4298245614035088,0.3333333333333333,0.5263157894736842,0.9428090415820634,0.9714045207910317,0.7006145410972702,6,KG_TASK_EXPLICIT
652,198,0.6969677322938193,0.4375,0.25,0.625,0.9128709291752769,0.9564354645876385,0.6969677322938193,4,KG_TASK_EXPLICIT
652,306,0.6956888546455302,0.40601503759398494,0.2857142857142857,0.5263157894736842,0.9707253433941511,0.9853626716970756,0.6956888546455302,4,KG_TASK_EXPLICIT
652,558,0.6928006268111591,0.5125,0.4,0.625,0.7462025072446364,0.8731012536223182,0.6928006268111591,7,KG_TASK_EXPLICIT
652,635,0.6927162219181429,0.4095238095238095,0.2,0.6190476190476191,0.9518172686249524,0.9759086343124762,0.6927162219181429,11,KG_TASK_EXPLICIT
652,719,0.6888180733679421,0.40601503759398494,0.2857142857142857,0.5263157894736842,0.9432422182837986,0.9716211091418994,0.6888180733679421,5,KG_TASK_EXPLICIT
652,722,0.6884792788290107,0.3958333333333333,0.25,0.5416666666666666,0.9622504486493763,0.9811252243246882,0.6884792788290107,3,KG_TASK_EXPLICIT
653,147,0.7784831541015496,0.6071428571428572,0.5,0.7142857142857143,0.8996469021204839,0.9498234510602419,0.7784831541015496,11,KG_TASK_EXPLICIT
653,652,0.7297199518621348,0.4875,0.6,0.375,0.9438798074485389,0.9719399037242695,0.7297199518621348,5,KG_TASK_EXPLICIT
653,79,0.6409686732684875,0.32967032967032966,0.42857142857142855,0.23076923076923078,0.9045340337332909,0.9522670168666454,0.6409686732684875,8,KG_TASK_EXPLICIT
653,170,0.6072966507177033,0.2409090909090909,0.3,0.18181818181818182,0.9473684210526314,0.9736842105263157,0.6072966507177033,10,KG_TASK_EXPLICIT
653,635,0.5777777777777777,0.15555555555555556,0.1111111111111111,0.2,0.9999999999999998,0.9999999999999999,0.5777777777777777,5,KG_TASK_EXPLICIT
653,475,0.571792338096686,0.18706293706293708,0.18181818181818182,0.19230769230769232,0.9130434782608697,0.9565217391304348,0.571792338096686,11,KG_TASK_EXPLICIT
653,581,0.5672671576168895,0.1534090909090909,0.18181818181818182,0.125,0.9622504486493763,0.9811252243246882,0.5672671576168895,6,KG_TASK_EXPLICIT
653,609,0.5628576219760997,0.1433333333333333,0.16666666666666666,0.12,0.9647638212377322,0.982381910618866,0.5628576219760997,7,KG_TASK_EXPLICIT
653,722,0.5625,0.125,0.125,0.125,1.0000000000000002,1.0,0.5625,3,KG_TASK_EXPLICIT
653,648,0.5488721804511278,0.09774436090225563,0.14285714285714285,0.05263157894736842,1.0000000000000002,1.0,0.5488721804511278,3,KG_TASK_EXPLICIT
654,183,0.9171057306555449,0.8819444444444444,0.875,0.8888888888888888,0.9045340337332909,0.9522670168666454,0.9171057306555449,8,KG_TASK_EXPLICIT
654,563,0.776203507191894,0.6515151515151515,0.6363636363636364,0.6666666666666666,0.8017837257372731,0.9008918628686365,0.776203507191894,7,KG_TASK_EXPLICIT
654,42,0.7059208245126285,0.4375,0.375,0.5,0.9486832980505138,0.9743416490252569,0.7059208245126285,7,KG_TASK_EXPLICIT
654,441,0.6831989247311827,0.4663978494623656,0.4166666666666667,0.5161290322580645,0.7999999999999998,0.8999999999999999,0.6831989247311827,10,KG_TASK_EXPLICIT
654,558,0.6678952398349987,0.4027777777777778,0.25,0.5555555555555556,0.8660254037844387,0.9330127018922194,0.6678952398349987,4,KG_TASK_EXPLICIT
654,198,0.6579502320934133,0.36868686868686873,0.18181818181818182,0.5555555555555556,0.8944271909999159,0.9472135954999579,0.6579502320934133,5,KG_TASK_EXPLICIT
654,79,0.65625,0.3125,0.25,0.375,0.9999999999999998,0.9999999999999999,0.65625,6,KG_TASK_EXPLICIT
654,631,0.6540178571428572,0.3080357142857143,0.1875,0.42857142857142855,1.0000000000000002,1.0,0.6540178571428572,4,KG_TASK_EXPLICIT
654,719,0.6493419531838576,0.48245614035087714,0.3333333333333333,0.631578947368421,0.6324555320336759,0.816227766016838,0.6493419531838576,5,KG_TASK_EXPLICIT
654,239,0.6350765261843124,0.36190476190476195,0.2,0.5238095238095238,0.8164965809277259,0.9082482904638629,0.6350765261843124,3,KG_TASK_EXPLICIT
656,81,0.3722688960300846,0.05555555555555555,0.0,0.1111111111111111,0.3779644730092272,0.6889822365046137,0.3722688960300846,5,KG_TASK_EXPLICIT
659,474,0.7831133089266261,1.0,1.0,1.0,0.13245323570650439,0.5662266178532522,0.7831133089266261,7,KG_TASK_EXPLICIT
659,271,0.6485013859486539,0.6388888888888888,0.5,0.7777777777777778,0.31622776601683794,0.658113883008419,0.6485013859486539,8,KG_TASK_EXPLICIT
659,67,0.618476767752342,0.6875,0.5,0.875,0.09890707100936805,0.549453535504684,0.618476767752342,14,KG_TASK_EXPLICIT
659,411,0.6034285833553357,0.41666666666666663,0.3333333333333333,0.5,0.5803810000880093,0.7901905000440046,0.6034285833553357,8,KG_TASK_EXPLICIT
659,49,0.595796758279181,0.6388888888888888,0.5,0.7777777777777778,0.10540925533894598,0.552704627669473,0.595796758279181,6,KG_TASK_EXPLICIT
659,185,0.5681504485852311,0.20772946859903382,0.1111111111111111,0.30434782608695654,0.857142857142857,0.9285714285714285,0.5681504485852311,4,KG_TASK_EXPLICIT
659,486,0.5555555555555556,0.1111111111111111,0.0,0.2222222222222222,1.0,1.0,0.5555555555555556,7,KG_TASK_EXPLICIT
659,755,0.55,0.1,0.0,0.2,1.0000000000000002,1.0,0.55,3,KG_TASK_EXPLICIT
659,518,0.5425743812841742,0.11080711354309167,0.058823529411764705,0.16279069767441862,0.9486832980505138,0.9743416490252569,0.5425743812841742,4,KG_TASK_EXPLICIT
659,158,0.5296524937709715,0.07692307692307693,0.0,0.15384615384615385,0.9647638212377322,0.982381910618866,0.5296524937709715,8,KG_TASK_EXPLICIT
660,154,0.6670024174053183,0.3340048348106366,0.35294117647058826,0.3150684931506849,1.0000000000000002,1.0,0.6670024174053183,3,KG_TASK_EXPLICIT
660,50,0.6433396556814597,0.31233766233766236,0.3,0.3246753246753247,0.9486832980505138,0.9743416490252569,0.6433396556814597,4,KG_TASK_EXPLICIT
660,280,0.6350054296651689,0.2846481876332623,0.2857142857142857,0.2835820895522388,0.9707253433941511,0.9853626716970756,0.6350054296651689,4,KG_TASK_EXPLICIT
660,718,0.6291666666666667,0.2583333333333333,0.26666666666666666,0.25,1.0000000000000002,1.0,0.6291666666666667,3,KG_TASK_EXPLICIT
660,158,0.6214586249599097,0.2692307692307693,0.23076923076923078,0.3076923076923077,0.9473729613780999,0.97368648068905,0.6214586249599097,8,KG_TASK_EXPLICIT
660,574,0.6187512893119467,0.42258064516129035,0.2,0.6451612903225806,0.6298438669252061,0.814921933462603,0.6187512893119467,14,KG_TASK_EXPLICIT
660,641,0.6063983123866992,0.3119047619047619,0.35714285714285715,0.26666666666666666,0.8017837257372731,0.9008918628686365,0.6063983123866992,4,KG_TASK_EXPLICIT
660,518,0.6006871035940803,0.20137420718816068,0.18181818181818182,0.22093023255813954,0.9999999999999998,0.9999999999999999,0.6006871035940803,5,KG_TASK_EXPLICIT
660,321,0.5940353268564837,0.20997920997921,0.23076923076923078,0.1891891891891892,0.9561828874675149,0.9780914437337574,0.5940353268564837,5,KG_TASK_EXPLICIT
660,132,0.5906062624916723,0.18121252498334445,0.21052631578947367,0.1518987341772152,1.0000000000000002,1.0,0.5906062624916723,3,KG_TASK_EXPLICIT
661,312,0.6184441958793867,0.26548387096774195,0.16,0.3709677419354839,0.9428090415820632,0.9714045207910316,0.6184441958793867,3,KG_TASK_EXPLICIT
661,130,0.5980748828563619,0.24893617021276596,0.2,0.2978723404255319,0.8944271909999159,0.9472135954999579,0.5980748828563619,4,KG_TASK_EXPLICIT
661,225,0.5907183481304822,0.27318840579710146,0.13333333333333333,0.41304347826086957,0.8164965809277259,0.9082482904638629,0.5907183481304822,3,KG_TASK_EXPLICIT
661,63,0.5902590465076387,0.3386363636363636,0.2,0.4772727272727273,0.6837634587578276,0.8418817293789138,0.5902590465076387,5,KG_TASK_EXPLICIT
661,242,0.5896525373867877,0.24629237288135594,0.1875,0.3050847457627119,0.8660254037844387,0.9330127018922194,0.5896525373867877,4,KG_TASK_EXPLICIT
661,166,0.5895408118985981,0.2708333333333333,0.16666666666666666,0.375,0.8164965809277259,0.9082482904638629,0.5895408118985981,3,KG_TASK_EXPLICIT
661,447,0.5840909090909091,0.16818181818181818,0.1,0.23636363636363636,1.0000000000000002,1.0,0.5840909090909091,3,KG_TASK_EXPLICIT
661,174,0.5831845238095238,0.1663690476190476,0.09523809523809523,0.2375,1.0000000000000002,1.0,0.5831845238095238,3,KG_TASK_EXPLICIT
661,265,0.5816152689570728,0.18888888888888888,0.13333333333333333,0.24444444444444444,0.9486832980505138,0.9743416490252569,0.5816152689570728,3,KG_TASK_EXPLICIT
661,607,0.5721264367816092,0.1442528735632184,0.13333333333333333,0.15517241379310345,1.0,1.0,0.5721264367816092,4,KG_TASK_EXPLICIT
663,672,0.5458758547680685,1.0,1.0,1.0,-0.8164965809277259,0.09175170953613704,0.5458758547680685,3,KG_TASK_EXPLICIT
663,650,0.4617095092318863,0.045454545454545456,0.0,0.09090909090909091,0.7559289460184544,0.8779644730092272,0.4617095092318863,4,KG_TASK_EXPLICIT
663,187,0.458669599777386,0.00909090909090909,0.0,0.01818181818181818,0.8164965809277259,0.9082482904638629,0.458669599777386,3,KG_TASK_EXPLICIT
663,3,0.41666666666666663,0.5833333333333333,0.5,0.6666666666666666,-0.4999999999999999,0.25000000000000006,0.41666666666666663,5,KG_TASK_EXPLICIT
663,471,0.3576176281715213,0.011111111111111112,0.0,0.022222222222222223,0.4082482904638631,0.7041241452319316,0.3576176281715213,6,KG_TASK_EXPLICIT
663,109,0.35716411343229226,0.01020408163265306,0.0,0.02040816326530612,0.40824829046386296,0.7041241452319315,0.35716411343229226,6,KG_TASK_EXPLICIT
663,388,0.3360013859486539,0.013888888888888888,0.0,0.027777777777777776,0.31622776601683794,0.658113883008419,0.3360013859486539,3,KG_TASK_EXPLICIT
663,81,0.3333333333333333,0.16666666666666666,0.0,0.3333333333333333,0.0,0.5,0.3333333333333333,7,KG_TASK_EXPLICIT
663,115,0.2692307692307692,0.038461538461538464,0.0,0.07692307692307693,0.0,0.5,0.2692307692307692,5,KG_TASK_EXPLICIT
663,216,0.2647058823529412,0.029411764705882353,0.0,0.058823529411764705,0.0,0.5,0.2647058823529412,3,KG_TASK_EXPLICIT
669,571,0.55,0.1,0.0,0.2,1.0,1.0,0.55,4,KG_TASK_EXPLICIT
669,373,0.525,0.05,0.0,0.1,1.0000000000000002,1.0,0.525,3,KG_TASK_EXPLICIT
669,248,0.5147058823529411,0.029411764705882353,0.0,0.058823529411764705,1.0,1.0,0.5147058823529411,4,KG_TASK_EXPLICIT
669,323,0.5113636363636364,0.022727272727272728,0.0,0.045454545454545456,0.9999999999999998,0.9999999999999999,0.5113636363636364,5,KG_TASK_EXPLICIT
669,647,0.5104075121630824,0.03125,0.0,0.0625,0.9791300486523296,0.9895650243261648,0.5104075121630824,11,KG_TASK_EXPLICIT
669,247,0.5096153846153846,0.019230769230769232,0.0,0.038461538461538464,1.0000000000000002,1.0,0.5096153846153846,3,KG_TASK_EXPLICIT
669,162,0.5073529411764706,0.014705882352941176,0.0,0.029411764705882353,1.0,1.0,0.5073529411764706,4,KG_TASK_EXPLICIT
669,629,0.5070611289641004,0.041666666666666664,0.0,0.08333333333333333,0.944911182523068,0.972455591261534,0.5070611289641004,4,KG_TASK_EXPLICIT
669,274,0.5050279673697713,0.03571428571428571,0.0,0.07142857142857142,0.9486832980505138,0.9743416490252569,0.5050279673697713,5,KG_TASK_EXPLICIT
669,288,0.5047169811320755,0.009433962264150943,0.0,0.018867924528301886,1.0000000000000002,1.0,0.5047169811320755,3,KG_TASK_EXPLICIT
670,755,0.5303669790621124,0.2720588235294118,0.25,0.29411764705882354,0.5773502691896258,0.7886751345948129,0.5303669790621124,3,KG_TASK_EXPLICIT
670,721,0.5288461538461537,0.057692307692307696,0.0,0.11538461538461539,0.9999999999999998,0.9999999999999999,0.5288461538461537,3,KG_TASK_EXPLICIT
670,424,0.5284500942242298,0.2987012987012987,0.14285714285714285,0.45454545454545453,0.5163977794943222,0.7581988897471611,0.5284500942242298,7,KG_TASK_EXPLICIT
670,543,0.5227272727272727,0.045454545454545456,0.0,0.09090909090909091,1.0000000000000002,1.0,0.5227272727272727,4,KG_TASK_EXPLICIT
670,401,0.5184208245126285,0.0625,0.0,0.125,0.9486832980505138,0.9743416490252569,0.5184208245126285,5,KG_TASK_EXPLICIT
670,531,0.5178571428571428,0.03571428571428571,0.0,0.07142857142857142,0.9999999999999998,0.9999999999999999,0.5178571428571428,3,KG_TASK_EXPLICIT
670,429,0.5172413793103448,0.034482758620689655,0.0,0.06896551724137931,0.9999999999999998,0.9999999999999999,0.5172413793103448,3,KG_TASK_EXPLICIT
670,729,0.5166241452319315,0.125,0.0,0.25,0.8164965809277259,0.9082482904638629,0.5166241452319315,3,KG_TASK_EXPLICIT
670,183,0.5125,0.025,0.0,0.05,1.0,1.0,0.5125,3,KG_TASK_EXPLICIT
670,454,0.5107022603955158,0.05,0.0,0.1,0.9428090415820632,0.9714045207910316,0.5107022603955158,3,KG_TASK_EXPLICIT
672,651,1.0,1.0,1.0,1.0,0.9999999999999998,0.9999999999999999,1.0,5,KG_TASK_EXPLICIT
672,2,0.9869246224862196,1.0,1.0,1.0,0.9476984899448786,0.9738492449724393,0.9869246224862196,16,KG_TASK_EXPLICIT
672,18,0.9858640882624317,1.0,1.0,1.0,0.9434563530497265,0.9717281765248633,0.9858640882624317,10,KG_TASK_EXPLICIT
672,3,0.7632679817736462,0.5833333333333333,0.5,0.6666666666666666,0.8864052604279183,0.9432026302139591,0.7632679817736462,27,KG_TASK_EXPLICIT
672,663,0.5458758547680685,1.0,1.0,1.0,-0.8164965809277259,0.09175170953613704,0.5458758547680685,3,KG_TASK_EXPLICIT
672,552,0.5388888888888889,0.07777777777777778,0.1,0.05555555555555555,1.0000000000000002,1.0,0.5388888888888889,3,KG_TASK_EXPLICIT
672,113,0.5357142857142857,0.07142857142857142,0.0,0.14285714285714285,1.0000000000000002,1.0,0.5357142857142857,3,KG_TASK_EXPLICIT
672,389,0.5357142857142857,0.07142857142857142,0.0,0.14285714285714285,1.0000000000000002,1.0,0.5357142857142857,3,KG_TASK_EXPLICIT
672,274,0.5277777777777777,0.05555555555555555,0.0,0.1111111111111111,0.9999999999999998,0.9999999999999999,0.5277777777777777,5,KG_TASK_EXPLICIT
672,42,0.5249999999999999,0.05,0.0,0.1,0.9999999999999998,0.9999999999999999,0.5249999999999999,10,KG_TASK_EXPLICIT
673,586,0.7531124425892093,0.5514705882352942,0.35294117647058826,0.75,0.9095085938862486,0.9547542969431243,0.7531124425892093,11,KG_TASK_EXPLICIT
673,488,0.7382084511868909,0.6052631578947368,0.3157894736842105,0.8947368421052632,0.7423074889580903,0.8711537444790451,0.7382084511868909,29,KG_TASK_EXPLICIT
673,533,0.7307608446858912,0.5442105263157895,0.3684210526315789,0.72,0.8346223261119857,0.9173111630559929,0.7307608446858912,16,KG_TASK_EXPLICIT
673,593,0.7105867699897414,0.4487179487179487,0.23076923076923078,0.6666666666666666,0.9449111825230682,0.972455591261534,0.7105867699897414,9,KG_TASK_EXPLICIT
673,256,0.6947510225708071,0.42179487179487174,0.26666666666666666,0.5769230769230769,0.9354143466934853,0.9677071733467426,0.6947510225708071,14,KG_TASK_EXPLICIT
673,62,0.6902791713413503,0.5340909090909091,0.3181818181818182,0.75,0.6929348671835833,0.8464674335917917,0.6902791713413503,15,KG_TASK_EXPLICIT
673,295,0.6553030303030303,0.41666666666666663,0.3333333333333333,0.5,0.7878787878787878,0.8939393939393939,0.6553030303030303,33,KG_TASK_EXPLICIT
673,376,0.6521758037942815,0.32196969696969696,0.22727272727272727,0.4166666666666667,0.9647638212377322,0.982381910618866,0.6521758037942815,7,KG_TASK_EXPLICIT
673,496,0.6518658104138937,0.6035714285714285,0.35,0.8571428571428571,0.4003203845127179,0.700160192256359,0.6518658104138937,11,KG_TASK_EXPLICIT
673,422,0.6338716036714179,0.31547619047619047,0.16666666666666666,0.4642857142857143,0.9045340337332909,0.9522670168666454,0.6338716036714179,6,KG_TASK_EXPLICIT
674,611,0.8388351820023839,0.6923076923076923,0.5,0.8846153846153846,0.9707253433941511,0.9853626716970756,0.8388351820023839,13,KG_TASK_EXPLICIT
674,637,0.789070762029846,0.6018518518518519,0.5,0.7037037037037037,0.9525793444156805,0.9762896722078402,0.789070762029846,6,KG_TASK_EXPLICIT
674,583,0.7785558379588093,0.5846560846560847,0.42857142857142855,0.7407407407407407,0.944911182523068,0.972455591261534,0.7785558379588093,4,KG_TASK_EXPLICIT
674,415,0.7628393116471881,0.5459770114942528,0.3333333333333333,0.7586206896551724,0.9594032236002469,0.9797016118001234,0.7628393116471881,8,KG_TASK_EXPLICIT
674,599,0.7574396221888453,0.5267857142857143,0.375,0.6785714285714286,0.9761870601839528,0.9880935300919764,0.7574396221888453,5,KG_TASK_EXPLICIT
674,678,0.7527777777777778,0.5055555555555555,0.4,0.6111111111111112,1.0000000000000002,1.0,0.7527777777777778,3,KG_TASK_EXPLICIT
674,698,0.7484863513046068,0.5255681818181819,0.36363636363636365,0.6875,0.9428090415820635,0.9714045207910318,0.7484863513046068,3,KG_TASK_EXPLICIT
674,531,0.7386343989604859,0.5208333333333333,0.375,0.6666666666666666,0.9128709291752769,0.9564354645876385,0.7386343989604859,6,KG_TASK_EXPLICIT
674,321,0.731794480426607,0.489247311827957,0.3333333333333333,0.6451612903225806,0.9486832980505138,0.9743416490252569,0.731794480426607,4,KG_TASK_EXPLICIT
674,462,0.7285294514885355,0.4807692307692308,0.5,0.46153846153846156,0.9525793444156805,0.9762896722078402,0.7285294514885355,6,KG_TASK_EXPLICIT
675,350,0.75,0.5,0.3333333333333333,0.6666666666666666,1.0000000000000002,1.0,0.75,3,KG_TASK_EXPLICIT
675,172,0.6182780179712735,0.26515151515151514,0.16666666666666666,0.36363636363636365,0.9428090415820635,0.9714045207910318,0.6182780179712735,3,KG_TASK_EXPLICIT
675,419,0.6125,0.225,0.2,0.25,1.0000000000000002,1.0,0.6125,3,KG_TASK_EXPLICIT
675,358,0.5235685896763759,0.1388888888888889,0.16666666666666666,0.1111111111111111,0.8164965809277259,0.9082482904638629,0.5235685896763759,3,KG_TASK_EXPLICIT
675,672,0.5227272727272727,0.045454545454545456,0.0,0.09090909090909091,1.0000000000000002,1.0,0.5227272727272727,3,KG_TASK_EXPLICIT
675,509,0.5094339622641509,0.018867924528301886,0.0,0.03773584905660377,1.0000000000000002,1.0,0.5094339622641509,3,KG_TASK_EXPLICIT
675,334,0.5093749999999999,0.01875,0.0,0.0375,0.9999999999999998,0.9999999999999999,0.5093749999999999,5,KG_TASK_EXPLICIT
675,673,0.5092592592592593,0.018518518518518517,0.0,0.037037037037037035,1.0000000000000002,1.0,0.5092592592592593,3,KG_TASK_EXPLICIT
675,441,0.506578947368421,0.013157894736842105,0.0,0.02631578947368421,1.0000000000000002,1.0,0.506578947368421,3,KG_TASK_EXPLICIT
675,468,0.5052631578947369,0.010526315789473684,0.0,0.021052631578947368,1.0000000000000002,1.0,0.5052631578947369,3,KG_TASK_EXPLICIT
676,599,0.78125,0.5625,0.5,0.625,1.0,1.0,0.78125,5,KG_TASK_EXPLICIT
676,531,0.7635089850774016,0.5357142857142857,0.5,0.5714285714285714,0.9826073688810351,0.9913036844405175,0.7635089850774016,8,KG_TASK_EXPLICIT
676,637,0.7450407293159369,0.5111607142857143,0.42857142857142855,0.59375,0.9578414886923188,0.9789207443461594,0.7450407293159369,6,KG_TASK_EXPLICIT
676,16,0.7379464873636893,0.49053030303030304,0.375,0.6060606060606061,0.9707253433941511,0.9853626716970756,0.7379464873636893,4,KG_TASK_EXPLICIT
676,76,0.723697927836686,0.4593023255813954,0.5,0.4186046511627907,0.9761870601839528,0.9880935300919764,0.723697927836686,5,KG_TASK_EXPLICIT
676,114,0.7218480025152045,0.45833333333333337,0.4166666666666667,0.5,0.9707253433941511,0.9853626716970756,0.7218480025152045,8,KG_TASK_EXPLICIT
676,694,0.7187677403674723,0.4564102564102564,0.4,0.5128205128205128,0.9622504486493764,0.9811252243246882,0.7187677403674723,6,KG_TASK_EXPLICIT
676,674,0.7183757802929822,0.4513888888888889,0.375,0.5277777777777778,0.9707253433941511,0.9853626716970756,0.7183757802929822,4,KG_TASK_EXPLICIT
676,324,0.713004055200212,0.44791666666666663,0.3333333333333333,0.5625,0.9561828874675149,0.9780914437337574,0.713004055200212,4,KG_TASK_EXPLICIT
676,441,0.7111756782521826,0.4382284382284382,0.36363636363636365,0.5128205128205128,0.9682458365518541,0.984122918275927,0.7111756782521826,9,KG_TASK_EXPLICIT
677,147,0.6889822365046137,0.5,0.3333333333333333,0.6666666666666666,0.7559289460184544,0.8779644730092272,0.6889822365046137,4,KG_TASK_EXPLICIT
677,635,0.5453939865017728,0.18253968253968253,0.14285714285714285,0.2222222222222222,0.8164965809277261,0.9082482904638631,0.5453939865017728,3,KG_TASK_EXPLICIT
677,475,0.5386067977499789,0.13,0.1,0.16,0.8944271909999159,0.9472135954999579,0.5386067977499789,4,KG_TASK_EXPLICIT
677,79,0.5131580606804378,0.14835164835164835,0.14285714285714285,0.15384615384615385,0.7559289460184544,0.8779644730092272,0.5131580606804378,4,KG_TASK_EXPLICIT
677,182,0.5055555555555555,0.011111111111111112,0.0,0.022222222222222223,1.0,1.0,0.5055555555555555,3,KG_TASK_EXPLICIT
677,170,0.48207972559966716,0.11060606060606061,0.1,0.12121212121212122,0.7071067811865475,0.8535533905932737,0.48207972559966716,5,KG_TASK_EXPLICIT
677,361,0.46037414523193154,0.0125,0.0,0.025,0.8164965809277261,0.9082482904638631,0.46037414523193154,4,KG_TASK_EXPLICIT
677,289,0.4600765261843125,0.011904761904761904,0.0,0.023809523809523808,0.8164965809277261,0.9082482904638631,0.4600765261843125,4,KG_TASK_EXPLICIT
677,145,0.4536881188575548,0.029411764705882353,0.0,0.058823529411764705,0.7559289460184544,0.8779644730092272,0.4536881188575548,4,KG_TASK_EXPLICIT
677,382,0.4460074645274061,0.038461538461538464,0.0,0.07692307692307693,0.7071067811865475,0.8535533905932737,0.4460074645274061,3,KG_TASK_EXPLICIT
678,674,0.7527777777777778,0.5055555555555555,0.4,0.6111111111111112,1.0000000000000002,1.0,0.7527777777777778,3,KG_TASK_EXPLICIT
678,114,0.7458823288959129,0.5017857142857143,0.42857142857142855,0.575,0.9799578870122229,0.9899789435061115,0.7458823288959129,6,KG_TASK_EXPLICIT
678,690,0.7398508059000617,0.5,0.5,0.5,0.9594032236002469,0.9797016118001234,0.7398508059000617,7,KG_TASK_EXPLICIT
678,531,0.7328009828009827,0.4656019656019656,0.36363636363636365,0.5675675675675675,0.9999999999999998,0.9999999999999999,0.7328009828009827,5,KG_TASK_EXPLICIT
678,599,0.7264475696147715,0.4675324675324675,0.36363636363636365,0.5714285714285714,0.9707253433941511,0.9853626716970756,0.7264475696147715,4,KG_TASK_EXPLICIT
678,611,0.7184684684684685,0.4369369369369369,0.3333333333333333,0.5405405405405406,1.0000000000000002,1.0,0.7184684684684685,3,KG_TASK_EXPLICIT
678,16,0.7181818181818181,0.43636363636363634,0.2727272727272727,0.6,1.0000000000000002,1.0,0.7181818181818181,3,KG_TASK_EXPLICIT
678,513,0.7169853697269626,0.4622425629290618,0.3157894736842105,0.6086956521739131,0.9434563530497265,0.9717281765248633,0.7169853697269626,7,KG_TASK_EXPLICIT
678,158,0.7127848343845663,0.4444444444444444,0.3333333333333333,0.5555555555555556,0.9622504486493763,0.9811252243246882,0.7127848343845663,3,KG_TASK_EXPLICIT
678,676,0.7071881606765328,0.41437632135306557,0.36363636363636365,0.46511627906976744,1.0000000000000002,1.0,0.7071881606765328,3,KG_TASK_EXPLICIT
679,630,0.78125,0.5625,0.4,0.725,1.0000000000000002,1.0,0.78125,3,KG_TASK_EXPLICIT
679,721,0.7800000397238296,0.583710407239819,0.46153846153846156,0.7058823529411765,0.9525793444156805,0.9762896722078402,0.7800000397238296,6,KG_TASK_EXPLICIT
679,531,0.7632826673587543,0.5701298701298702,0.45454545454545453,0.6857142857142857,0.9128709291752769,0.9564354645876385,0.7632826673587543,6,KG_TASK_EXPLICIT
679,280,0.7553332176750216,0.5363247863247864,0.46153846153846156,0.6111111111111112,0.9486832980505138,0.9743416490252569,0.7553332176750216,4,KG_TASK_EXPLICIT
679,188,0.7411782851954681,0.5104166666666667,0.3125,0.7083333333333334,0.9438798074485389,0.9719399037242695,0.7411782851954681,5,KG_TASK_EXPLICIT
679,583,0.7389015924222109,0.5053475935828877,0.36363636363636365,0.6470588235294118,0.944911182523068,0.972455591261534,0.7389015924222109,4,KG_TASK_EXPLICIT
679,568,0.7243589743589743,0.44871794871794873,0.3076923076923077,0.5897435897435898,1.0000000000000002,1.0,0.7243589743589743,3,KG_TASK_EXPLICIT
679,599,0.7238959454956775,0.4666666666666667,0.3333333333333333,0.6,0.9622504486493763,0.9811252243246882,0.7238959454956775,3,KG_TASK_EXPLICIT
679,711,0.7230769230769231,0.4461538461538461,0.2,0.6923076923076923,1.0000000000000002,1.0,0.7230769230769231,3,KG_TASK_EXPLICIT
679,415,0.72165991902834,0.4433198380566802,0.3076923076923077,0.5789473684210527,0.9999999999999998,0.9999999999999999,0.72165991902834,8,KG_TASK_EXPLICIT
680,687,0.6643939393939394,0.3287878787878788,0.16666666666666666,0.4909090909090909,1.0,1.0,0.6643939393939394,3,KG_TASK_EXPLICIT
680,721,0.6464045378237866,0.3194444444444444,0.4166666666666667,0.2222222222222222,0.9467292624062573,0.9733646312031287,0.6464045378237866,6,KG_TASK_EXPLICIT
680,280,0.6251599683271702,0.26495726495726496,0.3076923076923077,0.2222222222222222,0.9707253433941511,0.9853626716970756,0.6251599683271702,4,KG_TASK_EXPLICIT
680,685,0.6203781472649029,0.29464285714285715,0.375,0.21428571428571427,0.8922268747738975,0.9461134373869488,0.6203781472649029,16,KG_TASK_EXPLICIT
680,509,0.6076813358485378,0.22999999999999998,0.3,0.16,0.9707253433941511,0.9853626716970756,0.6076813358485378,4,KG_TASK_EXPLICIT
680,132,0.6064030131826742,0.2128060263653484,0.2222222222222222,0.2033898305084746,1.0000000000000002,1.0,0.6064030131826742,3,KG_TASK_EXPLICIT
680,719,0.6055472231462189,0.23953488372093024,0.2,0.27906976744186046,0.9431191251430151,0.9715595625715076,0.6055472231462189,7,KG_TASK_EXPLICIT
680,686,0.6042162646753487,0.23214285714285715,0.25,0.21428571428571427,0.9525793444156805,0.9762896722078402,0.6042162646753487,3,KG_TASK_EXPLICIT
680,479,0.603629055200212,0.22916666666666669,0.25,0.20833333333333334,0.9561828874675149,0.9780914437337574,0.603629055200212,4,KG_TASK_EXPLICIT
680,692,0.6016113513046069,0.2318181818181818,0.3,0.16363636363636364,0.9428090415820635,0.9714045207910318,0.6016113513046069,3,KG_TASK_EXPLICIT
681,86,0.7465277777777778,0.4930555555555556,0.375,0.6111111111111112,1.0,1.0,0.7465277777777778,5,KG_TASK_EXPLICIT
681,752,0.7022743238740559,0.42342342342342343,0.3333333333333333,0.5135135135135135,0.9622504486493763,0.9811252243246882,0.7022743238740559,3,KG_TASK_EXPLICIT
681,124,0.6881785901965851,0.39458413926499036,0.36363636363636365,0.425531914893617,0.9635460822563594,0.9817730411281798,0.6881785901965851,7,KG_TASK_EXPLICIT
681,339,0.6801380229477583,0.4102990033222591,0.2857142857142857,0.5348837209302325,0.899954085146515,0.9499770425732574,0.6801380229477583,7,KG_TASK_EXPLICIT
681,676,0.676063829787234,0.35212765957446807,0.3,0.40425531914893614,1.0,1.0,0.676063829787234,5,KG_TASK_EXPLICIT
681,599,0.6733640882624317,0.375,0.3,0.45,0.9434563530497265,0.9717281765248633,0.6733640882624317,4,KG_TASK_EXPLICIT
681,321,0.6704545454545454,0.34090909090909094,0.2727272727272727,0.4090909090909091,1.0000000000000002,1.0,0.6704545454545454,3,KG_TASK_EXPLICIT
681,57,0.6691340407337727,0.35714285714285715,0.21428571428571427,0.5,0.9622504486493764,0.9811252243246882,0.6691340407337727,6,KG_TASK_EXPLICIT
681,711,0.6647647398219185,0.3484042553191489,0.25,0.44680851063829785,0.9622504486493763,0.9811252243246882,0.6647647398219185,3,KG_TASK_EXPLICIT
681,531,0.6637976156861212,0.35930232558139535,0.3,0.4186046511627907,0.936585811581694,0.9682929057908469,0.6637976156861212,7,KG_TASK_EXPLICIT
682,606,0.6812602627257799,0.3875205254515599,0.14285714285714285,0.632183908045977,0.9499999999999998,0.9749999999999999,0.6812602627257799,8,KG_TASK_EXPLICIT
682,589,0.6160675381263616,0.28213507625272327,0.07407407407407407,0.49019607843137253,0.8999999999999998,0.95,0.6160675381263616,4,KG_TASK_EXPLICIT
682,23,0.5875691703747229,0.1916445623342175,0.038461538461538464,0.3448275862068966,0.9669875568304563,0.9834937784152282,0.5875691703747229,7,KG_TASK_EXPLICIT
682,280,0.5752714363884152,0.17425320056899005,0.10526315789473684,0.24324324324324326,0.9525793444156805,0.9762896722078402,0.5752714363884152,3,KG_TASK_EXPLICIT
682,499,0.5738013097378318,0.20272435897435898,0.1875,0.21794871794871795,0.8897565210026093,0.9448782605013046,0.5738013097378318,10,KG_TASK_EXPLICIT
682,249,0.569688999771618,0.20294221907125132,0.03225806451612903,0.37362637362637363,0.8728715609439696,0.9364357804719847,0.569688999771618,4,KG_TASK_EXPLICIT
682,52,0.5646908389195051,0.14588789942378208,0.08695652173913043,0.20481927710843373,0.9669875568304563,0.9834937784152282,0.5646908389195051,7,KG_TASK_EXPLICIT
682,98,0.5609811079937743,0.13445378151260504,0.0,0.2689075630252101,0.9750168689498874,0.9875084344749436,0.5609811079937743,7,KG_TASK_EXPLICIT
682,53,0.5593107140706699,0.18560872624912034,0.034482758620689655,0.336734693877551,0.8660254037844387,0.9330127018922194,0.5593107140706699,3,KG_TASK_EXPLICIT
682,513,0.5585321245813804,0.13736263736263737,0.07692307692307693,0.1978021978021978,0.9594032236002469,0.9797016118001234,0.5585321245813804,5,KG_TASK_EXPLICIT
684,574,0.6344313063063064,0.3229166666666667,0.0,0.6458333333333334,0.8918918918918921,0.945945945945946,0.6344313063063064,13,KG_TASK_EXPLICIT
684,548,0.5907554518848777,0.21010638297872342,0.25,0.1702127659574468,0.9428090415820635,0.9714045207910318,0.5907554518848777,9,KG_TASK_EXPLICIT
684,660,0.5648925858007764,0.2714285714285714,0.1,0.44285714285714284,0.7167132003459626,0.8583566001729813,0.5648925858007764,17,KG_TASK_EXPLICIT
684,192,0.5500350105035012,0.25,0.0,0.5,0.7001400420140049,0.8500700210070025,0.5500350105035012,5,KG_TASK_EXPLICIT
684,124,0.5073529411764706,0.014705882352941176,0.0,0.029411764705882353,0.9999999999999998,0.9999999999999999,0.5073529411764706,4,KG_TASK_EXPLICIT
684,240,0.503331436152593,0.02857142857142857,0.0,0.05714285714285714,0.9561828874675149,0.9780914437337574,0.503331436152593,4,KG_TASK_EXPLICIT
684,589,0.5018022451335514,0.03017241379310345,0.0,0.0603448275862069,0.9468641529479987,0.9734320764739994,0.5018022451335514,8,KG_TASK_EXPLICIT
684,159,0.4992644960328593,0.0078125,0.0,0.015625,0.981432984131437,0.9907164920657185,0.4992644960328593,8,KG_TASK_EXPLICIT
684,606,0.49676979358235124,0.01834862385321101,0.0,0.03669724770642202,0.9503819266229829,0.9751909633114915,0.49676979358235124,10,KG_TASK_EXPLICIT
684,460,0.4965220125707407,0.0049504950495049506,0.0,0.009900990099009901,0.9761870601839528,0.9880935300919764,0.4965220125707407,5,KG_TASK_EXPLICIT
685,686,0.903348982268231,0.8333333333333333,0.6666666666666666,1.0,0.9467292624062573,0.9733646312031287,0.903348982268231,6,KG_TASK_EXPLICIT
685,530,0.8788510987100685,0.8333333333333333,0.6666666666666666,1.0,0.8487377281736075,0.9243688640868037,0.8788510987100685,19,KG_TASK_EXPLICIT
685,715,0.780421959121758,0.7,0.5,0.9,0.7216878364870323,0.8608439182435161,0.780421959121758,12,KG_TASK_EXPLICIT
685,701,0.7649486022904062,0.5555555555555556,0.3333333333333333,0.7777777777777778,0.9486832980505138,0.9743416490252569,0.7649486022904062,4,KG_TASK_EXPLICIT
685,41,0.75475102523422,0.5461538461538462,0.4,0.6923076923076923,0.9266964086291873,0.9633482043145937,0.75475102523422,18,KG_TASK_EXPLICIT
685,36,0.7530665446331305,0.675,0.6,0.75,0.6622661785325219,0.831133089266261,0.7530665446331305,23,KG_TASK_EXPLICIT
685,543,0.7513845755277567,0.5555555555555556,0.3333333333333333,0.7777777777777778,0.8944271909999159,0.9472135954999579,0.7513845755277567,11,KG_TASK_EXPLICIT
685,462,0.7512430165574795,0.5461538461538462,0.4,0.6923076923076923,0.9126643739222253,0.9563321869611127,0.7512430165574795,19,KG_TASK_EXPLICIT
685,716,0.75,0.5,0.4,0.6,1.0,1.0,0.75,4,KG_TASK_EXPLICIT
685,719,0.7490407252886435,0.5461538461538462,0.4,0.6923076923076923,0.9038552088468816,0.9519276044234408,0.7490407252886435,16,KG_TASK_EXPLICIT
686,530,1.0,1.0,1.0,1.0,1.0,1.0,1.0,4,KG_TASK_EXPLICIT
686,685,0.903348982268231,0.8333333333333333,0.6666666666666666,1.0,0.9467292624062573,0.9733646312031287,0.903348982268231,6,KG_TASK_EXPLICIT
686,543,0.8051467048399603,0.6388888888888888,0.5,0.7777777777777778,0.9428090415820635,0.9714045207910318,0.8051467048399603,3,KG_TASK_EXPLICIT
686,462,0.7847592386784874,0.5961538461538461,0.5,0.6923076923076923,0.9467292624062573,0.9733646312031287,0.7847592386784874,6,KG_TASK_EXPLICIT
686,36,0.773727795630767,0.575,0.4,0.75,0.944911182523068,0.972455591261534,0.773727795630767,4,KG_TASK_EXPLICIT
686,239,0.7728851102269141,0.5714285714285714,0.5,0.6428571428571429,0.9486832980505138,0.9743416490252569,0.7728851102269141,5,KG_TASK_EXPLICIT
686,636,0.7469420813450527,0.5214285714285715,0.4,0.6428571428571429,0.944911182523068,0.972455591261534,0.7469420813450527,4,KG_TASK_EXPLICIT
686,402,0.7291666666666666,0.45833333333333337,0.3333333333333333,0.5833333333333334,0.9999999999999998,0.9999999999999999,0.7291666666666666,5,KG_TASK_EXPLICIT
686,265,0.7239583333333333,0.44791666666666663,0.3333333333333333,0.5625,0.9999999999999998,0.9999999999999999,0.7239583333333333,5,KG_TASK_EXPLICIT
686,297,0.7239583333333333,0.44791666666666663,0.3333333333333333,0.5625,1.0000000000000002,1.0,0.7239583333333333,3,KG_TASK_EXPLICIT
687,680,0.6643939393939394,0.3287878787878788,0.16666666666666666,0.4909090909090909,1.0,1.0,0.6643939393939394,3,KG_TASK_EXPLICIT
687,643,0.608143662522046,0.23180592991913745,0.14285714285714285,0.32075471698113206,0.968962790249909,0.9844813951249545,0.608143662522046,6,KG_TASK_EXPLICIT
687,508,0.6077260699193254,0.24404761904761904,0.25,0.23809523809523808,0.9428090415820635,0.9714045207910318,0.6077260699193254,3,KG_TASK_EXPLICIT
687,698,0.6000651890482399,0.2001303780964798,0.23076923076923078,0.1694915254237288,1.0,1.0,0.6000651890482399,4,KG_TASK_EXPLICIT
687,465,0.6,0.2,0.2,0.2,1.0000000000000002,1.0,0.6,3,KG_TASK_EXPLICIT
687,625,0.5993973508347924,0.22739018087855295,0.2222222222222222,0.23255813953488372,0.9428090415820635,0.9714045207910318,0.5993973508347924,3,KG_TASK_EXPLICIT
687,706,0.5961885790097359,0.2142857142857143,0.25,0.17857142857142858,0.9561828874675149,0.9780914437337574,0.5961885790097359,4,KG_TASK_EXPLICIT
687,379,0.5959699518621348,0.22,0.2,0.24,0.9438798074485389,0.9719399037242695,0.5959699518621348,5,KG_TASK_EXPLICIT
687,462,0.5956395348837209,0.24127906976744184,0.25,0.23255813953488372,0.8999999999999998,0.95,0.5956395348837209,4,KG_TASK_EXPLICIT
687,678,0.5927451518448837,0.20436507936507936,0.25,0.15873015873015872,0.9622504486493763,0.9811252243246882,0.5927451518448837,3,KG_TASK_EXPLICIT
688,543,0.6021799238232184,0.22807017543859648,0.3333333333333333,0.12280701754385964,0.9525793444156805,0.9762896722078402,0.6021799238232184,3,KG_TASK_EXPLICIT
688,706,0.5839845500028245,0.19362745098039214,0.16666666666666666,0.22058823529411764,0.9486832980505138,0.9743416490252569,0.5839845500028245,6,KG_TASK_EXPLICIT
688,685,0.5708519722585855,0.1593220338983051,0.2,0.11864406779661017,0.9647638212377322,0.982381910618866,0.5708519722585855,4,KG_TASK_EXPLICIT
688,121,0.5651140251013982,0.1588235294117647,0.2,0.11764705882352941,0.9428090415820635,0.9714045207910318,0.5651140251013982,3,KG_TASK_EXPLICIT
688,705,0.5637175324675324,0.12743506493506493,0.125,0.12987012987012986,1.0000000000000002,1.0,0.5637175324675324,3,KG_TASK_EXPLICIT
688,264,0.5616917525152044,0.13802083333333331,0.16666666666666666,0.109375,0.9707253433941511,0.9853626716970756,0.5616917525152044,4,KG_TASK_EXPLICIT
688,674,0.559047619047619,0.11809523809523809,0.14285714285714285,0.09333333333333334,1.0000000000000002,1.0,0.559047619047619,3,KG_TASK_EXPLICIT
688,716,0.5557605681023721,0.1371794871794872,0.16666666666666666,0.1076923076923077,0.9486832980505138,0.9743416490252569,0.5557605681023721,4,KG_TASK_EXPLICIT
688,86,0.5531430467348507,0.13194444444444445,0.16666666666666666,0.09722222222222222,0.9486832980505138,0.9743416490252569,0.5531430467348507,4,KG_TASK_EXPLICIT
688,647,0.5511087480117194,0.12976190476190474,0.14285714285714285,0.11666666666666667,0.944911182523068,0.972455591261534,0.5511087480117194,4,KG_TASK_EXPLICIT
689,612,0.7954591136263156,0.6055555555555556,0.4444444444444444,0.7666666666666667,0.9707253433941511,0.9853626716970756,0.7954591136263156,10,KG_TASK_EXPLICIT
689,454,0.714373231428136,0.5,0.375,0.625,0.8574929257125442,0.928746462856272,0.714373231428136,11,KG_TASK_EXPLICIT
689,447,0.6875491054422866,0.4278846153846154,0.23076923076923078,0.625,0.8944271909999159,0.9472135954999579,0.6875491054422866,6,KG_TASK_EXPLICIT
689,679,0.6700404858299596,0.340080971659919,0.15384615384615385,0.5263157894736842,1.0,1.0,0.6700404858299596,4,KG_TASK_EXPLICIT
689,392,0.6553862906272814,0.35850556438791736,0.17647058823529413,0.5405405405405406,0.9045340337332909,0.9522670168666454,0.6553862906272814,5,KG_TASK_EXPLICIT
689,158,0.6549565515562835,0.3287878787878788,0.09090909090909091,0.5666666666666667,0.9622504486493763,0.9811252243246882,0.6549565515562835,3,KG_TASK_EXPLICIT
689,46,0.654040404040404,0.30808080808080807,0.2222222222222222,0.3939393939393939,1.0000000000000002,1.0,0.654040404040404,3,KG_TASK_EXPLICIT
689,678,0.6476138942136261,0.3141025641025641,0.16666666666666666,0.46153846153846156,0.9622504486493763,0.9811252243246882,0.6476138942136261,3,KG_TASK_EXPLICIT
689,299,0.6443263739805829,0.4083333333333333,0.25,0.5666666666666667,0.7606388292556648,0.8803194146278324,0.6443263739805829,11,KG_TASK_EXPLICIT
689,50,0.6386363636363637,0.2772727272727273,0.1,0.45454545454545453,1.0000000000000002,1.0,0.6386363636363637,3,KG_TASK_EXPLICIT
690,678,0.7398508059000617,0.5,0.5,0.5,0.9594032236002469,0.9797016118001234,0.7398508059000617,7,KG_TASK_EXPLICIT
690,679,0.7137768978766298,0.44642857142857145,0.375,0.5178571428571429,0.9622504486493763,0.9811252243246882,0.7137768978766298,3,KG_TASK_EXPLICIT
690,513,0.7121354909945481,0.4666666666666667,0.4,0.5333333333333333,0.915208630644859,0.9576043153224295,0.7121354909945481,9,KG_TASK_EXPLICIT
690,707,0.7086322809230509,0.4585820895522388,0.35,0.5671641791044776,0.9173649445877259,0.9586824722938629,0.7086322809230509,16,KG_TASK_EXPLICIT
690,711,0.7081552047549367,0.43518518518518523,0.3333333333333333,0.5370370370370371,0.9622504486493763,0.9811252243246882,0.7081552047549367,3,KG_TASK_EXPLICIT
690,444,0.7060203644484127,0.489463601532567,0.4444444444444444,0.5344827586206896,0.8451542547285166,0.9225771273642582,0.7060203644484127,12,KG_TASK_EXPLICIT
690,114,0.6855446973703058,0.39968487394957986,0.35294117647058826,0.44642857142857145,0.9428090415820634,0.9714045207910317,0.6855446973703058,9,KG_TASK_EXPLICIT
690,531,0.684284075577505,0.40928882438316405,0.38461538461538464,0.4339622641509434,0.9185586535436918,0.9592793267718459,0.684284075577505,7,KG_TASK_EXPLICIT
690,630,0.6838082514132132,0.3932748538011696,0.2777777777777778,0.5087719298245614,0.9486832980505138,0.9743416490252569,0.6838082514132132,4,KG_TASK_EXPLICIT
690,200,0.6832962184673277,0.38421052631578945,0.42105263157894735,0.3473684210526316,0.9647638212377322,0.982381910618866,0.6832962184673277,7,KG_TASK_EXPLICIT
691,715,0.703781512605042,0.40756302521008403,0.2857142857142857,0.5294117647058824,1.0000000000000002,1.0,0.703781512605042,3,KG_TASK_EXPLICIT
691,114,0.6027777777777777,0.20555555555555555,0.13333333333333333,0.2777777777777778,1.0000000000000002,1.0,0.6027777777777777,3,KG_TASK_EXPLICIT
691,39,0.5906015037593985,0.18120300751879698,0.10526315789473684,0.2571428571428571,1.0000000000000002,1.0,0.5906015037593985,3,KG_TASK_EXPLICIT
691,562,0.5894617514325753,0.22248803827751196,0.18181818181818182,0.2631578947368421,0.9128709291752769,0.9564354645876385,0.5894617514325753,4,KG_TASK_EXPLICIT
691,286,0.5865127973762655,0.20162107396149948,0.19047619047619047,0.2127659574468085,0.9428090415820632,0.9714045207910316,0.5865127973762655,3,KG_TASK_EXPLICIT
691,170,0.5807692307692307,0.16153846153846152,0.06666666666666667,0.2564102564102564,1.0000000000000002,1.0,0.5807692307692307,3,KG_TASK_EXPLICIT
691,111,0.5798611111111112,0.1597222222222222,0.125,0.19444444444444445,1.0000000000000002,1.0,0.5798611111111112,3,KG_TASK_EXPLICIT
691,444,0.5702982199914755,0.16919191919191917,0.1111111111111111,0.22727272727272727,0.9428090415820635,0.9714045207910318,0.5702982199914755,3,KG_TASK_EXPLICIT
691,174,0.5697115384615384,0.13942307692307693,0.125,0.15384615384615385,1.0000000000000002,1.0,0.5697115384615384,3,KG_TASK_EXPLICIT
691,91,0.5680555555555555,0.1361111111111111,0.05,0.2222222222222222,0.9999999999999998,0.9999999999999999,0.5680555555555555,3,KG_TASK_EXPLICIT
692,635,0.7486611064822632,0.5192307692307692,0.5,0.5384615384615384,0.9561828874675149,0.9780914437337574,0.7486611064822632,4,KG_TASK_EXPLICIT
692,479,0.7291666666666667,0.45833333333333337,0.3333333333333333,0.5833333333333334,1.0000000000000002,1.0,0.7291666666666667,3,KG_TASK_EXPLICIT
692,418,0.706043956043956,0.41208791208791207,0.2857142857142857,0.5384615384615384,1.0000000000000002,1.0,0.706043956043956,3,KG_TASK_EXPLICIT
692,579,0.6931818181818181,0.38636363636363635,0.2727272727272727,0.5,0.9999999999999998,0.9999999999999999,0.6931818181818181,5,KG_TASK_EXPLICIT
692,601,0.692547498490754,0.41369047619047616,0.2857142857142857,0.5416666666666666,0.9428090415820635,0.9714045207910318,0.692547498490754,3,KG_TASK_EXPLICIT
692,411,0.6805555555555556,0.41666666666666663,0.3333333333333333,0.5,0.8888888888888888,0.9444444444444444,0.6805555555555556,6,KG_TASK_EXPLICIT
692,130,0.6793699432222464,0.40804597701149425,0.3333333333333333,0.4827586206896552,0.9013878188659974,0.9506939094329987,0.6793699432222464,10,KG_TASK_EXPLICIT
692,396,0.6781430467348506,0.3819444444444444,0.2222222222222222,0.5416666666666666,0.9486832980505138,0.9743416490252569,0.6781430467348506,4,KG_TASK_EXPLICIT
692,88,0.6708945953330285,0.5416666666666667,0.5,0.5833333333333334,0.6002450479987809,0.8001225239993904,0.6708945953330285,11,KG_TASK_EXPLICIT
692,57,0.670185178579614,0.36602870813397126,0.36363636363636365,0.3684210526315789,0.9486832980505138,0.9743416490252569,0.670185178579614,4,KG_TASK_EXPLICIT
693,33,0.6904598772458616,0.5082417582417582,0.23076923076923078,0.7857142857142857,0.7453559924999299,0.8726779962499649,0.6904598772458616,21,KG_TASK_EXPLICIT
693,118,0.5404320987654321,0.0808641975308642,0.1,0.06172839506172839,1.0000000000000002,1.0,0.5404320987654321,3,KG_TASK_EXPLICIT
693,620,0.5318223443223442,0.06364468864468864,0.08333333333333333,0.04395604395604396,0.9999999999999998,0.9999999999999999,0.5318223443223442,3,KG_TASK_EXPLICIT
693,718,0.5272529069767442,0.05450581395348837,0.0625,0.046511627906976744,1.0000000000000002,1.0,0.5272529069767442,3,KG_TASK_EXPLICIT
693,630,0.5249099639855942,0.04981992797118848,0.058823529411764705,0.04081632653061224,0.9999999999999998,0.9999999999999999,0.5249099639855942,5,KG_TASK_EXPLICIT
693,132,0.5233695652173913,0.04673913043478261,0.05,0.043478260869565216,1.0000000000000002,1.0,0.5233695652173913,3,KG_TASK_EXPLICIT
693,135,0.5171463597743979,0.06288819875776397,0.07142857142857142,0.05434782608695652,0.9428090415820635,0.9714045207910318,0.5171463597743979,3,KG_TASK_EXPLICIT
693,710,0.511227795630767,0.05,0.05555555555555555,0.044444444444444446,0.944911182523068,0.972455591261534,0.511227795630767,4,KG_TASK_EXPLICIT
693,719,0.5109410919065938,0.07631578947368421,0.1,0.05263157894736842,0.8911327886790069,0.9455663943395034,0.5109410919065938,8,KG_TASK_EXPLICIT
693,127,0.5095209266581954,0.07710011507479862,0.09090909090909091,0.06329113924050633,0.8838834764831843,0.9419417382415922,0.5095209266581954,5,KG_TASK_EXPLICIT
694,531,0.7865312426494127,0.6777777777777778,0.5555555555555556,0.8,0.7905694150420948,0.8952847075210474,0.7865312426494127,8,KG_TASK_EXPLICIT
694,599,0.7655626121623441,0.55,0.4,0.7,0.9622504486493763,0.9811252243246882,0.7655626121623441,3,KG_TASK_EXPLICIT
694,577,0.7526737967914439,0.5053475935828877,0.36363636363636365,0.6470588235294118,1.0000000000000002,1.0,0.7526737967914439,3,KG_TASK_EXPLICIT
694,114,0.7490079365079365,0.498015873015873,0.35714285714285715,0.6388888888888888,1.0000000000000002,1.0,0.7490079365079365,6,KG_TASK_EXPLICIT
694,583,0.7362903225806452,0.4725806451612903,0.3,0.6451612903225806,1.0000000000000002,1.0,0.7362903225806452,3,KG_TASK_EXPLICIT
694,637,0.7359699518621348,0.5,0.3333333333333333,0.6666666666666666,0.9438798074485389,0.9719399037242695,0.7359699518621348,5,KG_TASK_EXPLICIT
694,321,0.7243288459285778,0.4675324675324675,0.36363636363636365,0.5714285714285714,0.9622504486493763,0.9811252243246882,0.7243288459285778,3,KG_TASK_EXPLICIT
694,674,0.7220588235294118,0.4441176470588235,0.3,0.5882352941176471,1.0,1.0,0.7220588235294118,4,KG_TASK_EXPLICIT
694,676,0.7187677403674723,0.4564102564102564,0.4,0.5128205128205128,0.9622504486493764,0.9811252243246882,0.7187677403674723,6,KG_TASK_EXPLICIT
694,184,0.717485689085421,0.45384615384615384,0.3076923076923077,0.6,0.9622504486493763,0.9811252243246882,0.717485689085421,3,KG_TASK_EXPLICIT
695,611,0.6339712918660287,0.26794258373205737,0.2727272727272727,0.2631578947368421,1.0000000000000002,1.0,0.6339712918660287,3,KG_TASK_EXPLICIT
695,415,0.6322843822843822,0.26456876456876455,0.2727272727272727,0.2564102564102564,1.0000000000000002,1.0,0.6322843822843822,3,KG_TASK_EXPLICIT
695,698,0.6152998236331569,0.23059964726631393,0.21428571428571427,0.24691358024691357,1.0000000000000002,1.0,0.6152998236331569,3,KG_TASK_EXPLICIT
695,114,0.6109756097560975,0.22195121951219512,0.2,0.24390243902439024,1.0000000000000002,1.0,0.6109756097560975,3,KG_TASK_EXPLICIT
695,464,0.6079268292682927,0.2158536585365854,0.2,0.23170731707317074,1.0000000000000002,1.0,0.6079268292682927,3,KG_TASK_EXPLICIT
695,441,0.5974426807760141,0.1948853615520282,0.14285714285714285,0.24691358024691357,1.0,1.0,0.5974426807760141,4,KG_TASK_EXPLICIT
695,339,0.5972034053868646,0.22195121951219512,0.2,0.24390243902439024,0.944911182523068,0.972455591261534,0.5972034053868646,4,KG_TASK_EXPLICIT
695,676,0.5954545454545455,0.19090909090909092,0.18181818181818182,0.2,1.0000000000000002,1.0,0.5954545454545455,3,KG_TASK_EXPLICIT
695,694,0.592678405931418,0.18535681186283598,0.15384615384615385,0.21686746987951808,1.0,1.0,0.592678405931418,4,KG_TASK_EXPLICIT
695,706,0.5718126121623441,0.1625,0.1,0.225,0.9622504486493763,0.9811252243246882,0.5718126121623441,3,KG_TASK_EXPLICIT
696,137,0.7289809132659433,0.4861111111111111,0.4722222222222222,0.5,0.943701430841551,0.9718507154207755,0.7289809132659433,9,KG_TASK_EXPLICIT
696,700,0.6774973312697432,0.3930597771023303,0.34285714285714286,0.4432624113475177,0.923869770874312,0.961934885437156,0.6774973312697432,9,KG_TASK_EXPLICIT
696,638,0.6769303305709544,0.38245614035087716,0.3333333333333333,0.43157894736842106,0.9428090415820635,0.9714045207910318,0.6769303305709544,3,KG_TASK_EXPLICIT
696,578,0.648159150042817,0.3283789563729683,0.32142857142857145,0.33532934131736525,0.9358786874253315,0.9679393437126658,0.648159150042817,14,KG_TASK_EXPLICIT
696,534,0.6281125833667612,0.28460405759162305,0.28125,0.2879581151832461,0.9432422182837986,0.9716211091418994,0.6281125833667612,5,KG_TASK_EXPLICIT
696,707,0.6143886362584524,0.2447753396029258,0.24242424242424243,0.2471264367816092,0.968003865827958,0.9840019329139791,0.6143886362584524,8,KG_TASK_EXPLICIT
696,241,0.5913511620388663,0.32555946693487553,0.24390243902439024,0.4072164948453608,0.7142857142857142,0.8571428571428571,0.5913511620388663,7,KG_TASK_EXPLICIT
696,643,0.5750961373315895,0.17100591715976332,0.2,0.14201183431952663,0.9583727150068314,0.9791863575034156,0.5750961373315895,8,KG_TASK_EXPLICIT
696,642,0.5720153158146843,0.16968898260411175,0.11428571428571428,0.22509225092250923,0.9486832980505138,0.9743416490252569,0.5720153158146843,4,KG_TASK_EXPLICIT
696,612,0.5640350877192982,0.1280701754385965,0.13333333333333333,0.12280701754385964,1.0000000000000002,1.0,0.5640350877192982,3,KG_TASK_EXPLICIT
698,611,0.7553999911792951,0.5364583333333334,0.4166666666666667,0.65625,0.9486832980505138,0.9743416490252569,0.7553999911792951,5,KG_TASK_EXPLICIT
698,465,0.7534247219128348,0.543939393939394,0.45454545454545453,0.6333333333333333,0.9258200997725515,0.9629100498862757,0.7534247219128348,6,KG_TASK_EXPLICIT
698,674,0.7484863513046068,0.5255681818181819,0.36363636363636365,0.6875,0.9428090415820635,0.9714045207910318,0.7484863513046068,3,KG_TASK_EXPLICIT
698,244,0.7403273809523809,0.4806547619047619,0.4375,0.5238095238095238,0.9999999999999998,0.9999999999999999,0.7403273809523809,5,KG_TASK_EXPLICIT
698,114,0.7356462507509882,0.5194444444444444,0.4,0.6388888888888888,0.903696114115064,0.9518480570575321,0.7356462507509882,7,KG_TASK_EXPLICIT
698,415,0.7351126893595675,0.48717948717948717,0.3076923076923077,0.6666666666666666,0.9660917830792959,0.9830458915396479,0.7351126893595675,9,KG_TASK_EXPLICIT
698,57,0.722544594144326,0.463963963963964,0.3333333333333333,0.5945945945945946,0.9622504486493763,0.9811252243246882,0.722544594144326,3,KG_TASK_EXPLICIT
698,577,0.7153361344537815,0.43067226890756305,0.21428571428571427,0.6470588235294118,1.0000000000000002,1.0,0.7153361344537815,3,KG_TASK_EXPLICIT
698,509,0.7028232558032428,0.4708333333333333,0.4,0.5416666666666666,0.8696263565463043,0.9348131782731521,0.7028232558032428,7,KG_TASK_EXPLICIT
698,267,0.6886092371397019,0.4058139534883721,0.3,0.5116279069767442,0.9428090415820635,0.9714045207910318,0.6886092371397019,3,KG_TASK_EXPLICIT
700,696,0.6774973312697432,0.3930597771023303,0.34285714285714286,0.4432624113475177,0.923869770874312,0.961934885437156,0.6774973312697432,9,KG_TASK_EXPLICIT
700,524,0.6686021961908792,0.37142857142857144,0.23809523809523808,0.5047619047619047,0.9315516419063741,0.965775820953187,0.6686021961908792,27,KG_TASK_EXPLICIT
700,638,0.6514305962490934,0.3476284584980237,0.3,0.3952569169960474,0.9104654680003258,0.955232734000163,0.6514305962490934,10,KG_TASK_EXPLICIT
700,137,0.6460785718603994,0.3508958396598846,0.2972972972972973,0.4044943820224719,0.8825226081218283,0.9412613040609141,0.6460785718603994,24,KG_TASK_EXPLICIT
700,534,0.6269636034686619,0.2968571428571428,0.2857142857142857,0.308,0.9141401281603622,0.957070064080181,0.6269636034686619,17,KG_TASK_EXPLICIT
700,241,0.6056144211872297,0.27103174603174607,0.2777777777777778,0.2642857142857143,0.8803941926854268,0.9401970963427134,0.6056144211872297,41,KG_TASK_EXPLICIT
700,578,0.590459107977323,0.2504417670682731,0.28,0.22088353413654618,0.860952897772746,0.930476448886373,0.590459107977323,35,KG_TASK_EXPLICIT
700,154,0.5732085129310345,0.14641702586206895,0.20689655172413793,0.0859375,1.0,1.0,0.5732085129310345,4,KG_TASK_EXPLICIT
700,346,0.5661776097222904,0.15079365079365079,0.1111111111111111,0.19047619047619047,0.96312313730186,0.98156156865093,0.5661776097222904,20,KG_TASK_EXPLICIT
700,174,0.5623079884497293,0.14832630469161834,0.17857142857142858,0.11808118081180811,0.9525793444156805,0.9762896722078402,0.5623079884497293,9,KG_TASK_EXPLICIT
701,268,0.9857022603955159,1.0,1.0,1.0,0.9428090415820635,0.9714045207910318,0.9857022603955159,3,KG_TASK_EXPLICIT
701,543,0.9857022603955158,1.0,1.0,1.0,0.9428090415820632,0.9714045207910316,0.9857022603955158,3,KG_TASK_EXPLICIT
701,402,0.7934322477800738,0.6,0.5,0.7,0.9737289911202953,0.9868644955601477,0.7934322477800738,6,KG_TASK_EXPLICIT
701,729,0.7871708245126284,0.6,0.5,0.7,0.9486832980505138,0.9743416490252569,0.7871708245126284,4,KG_TASK_EXPLICIT
701,685,0.7649486022904062,0.5555555555555556,0.3333333333333333,0.7777777777777778,0.9486832980505138,0.9743416490252569,0.7649486022904062,4,KG_TASK_EXPLICIT
701,715,0.7319401310833122,0.5166666666666666,0.3333333333333333,0.7,0.8944271909999159,0.9472135954999579,0.7319401310833122,4,KG_TASK_EXPLICIT
701,647,0.716190955309433,0.44999999999999996,0.2,0.7,0.9647638212377322,0.982381910618866,0.716190955309433,4,KG_TASK_EXPLICIT
701,570,0.7148689270621826,0.45833333333333337,0.3333333333333333,0.5833333333333334,0.9428090415820635,0.9714045207910318,0.7148689270621826,3,KG_TASK_EXPLICIT
701,386,0.7140457218668788,0.44999999999999996,0.2,0.7,0.9561828874675149,0.9780914437337574,0.7140457218668788,4,KG_TASK_EXPLICIT
701,329,0.7097357451948292,0.4431818181818182,0.25,0.6363636363636364,0.9525793444156805,0.9762896722078402,0.7097357451948292,6,KG_TASK_EXPLICIT
702,752,0.8000359910852468,0.6203703703703703,0.5,0.7407407407407407,0.9594032236002469,0.9797016118001234,0.8000359910852468,5,KG_TASK_EXPLICIT
702,135,0.725022044595472,0.5642857142857143,0.5,0.6285714285714286,0.7715167498104595,0.8857583749052298,0.725022044595472,4,KG_TASK_EXPLICIT
702,242,0.6802077287411349,0.3879598662207358,0.38461538461538464,0.391304347826087,0.944911182523068,0.972455591261534,0.6802077287411349,4,KG_TASK_EXPLICIT
702,509,0.6726190476190476,0.41666666666666663,0.3333333333333333,0.5,0.857142857142857,0.9285714285714285,0.6726190476190476,4,KG_TASK_EXPLICIT
702,501,0.6699134199134198,0.3398268398268398,0.2857142857142857,0.3939393939393939,0.9999999999999998,0.9999999999999999,0.6699134199134198,5,KG_TASK_EXPLICIT
702,114,0.6595203488372092,0.3190406976744186,0.3125,0.32558139534883723,0.9999999999999998,0.9999999999999999,0.6595203488372092,5,KG_TASK_EXPLICIT
702,633,0.6588115040929949,0.346218487394958,0.23529411764705882,0.45714285714285713,0.9428090415820635,0.9714045207910318,0.6588115040929949,3,KG_TASK_EXPLICIT
702,505,0.6527777777777778,0.3055555555555556,0.25,0.3611111111111111,1.0000000000000002,1.0,0.6527777777777778,3,KG_TASK_EXPLICIT
702,508,0.6527777777777778,0.3055555555555555,0.16666666666666666,0.4444444444444444,1.0,1.0,0.6527777777777778,4,KG_TASK_EXPLICIT
702,375,0.6468629746812302,0.32232142857142854,0.1875,0.45714285714285713,0.9428090415820635,0.9714045207910318,0.6468629746812302,3,KG_TASK_EXPLICIT
704,558,0.7620674678983076,0.717948717948718,0.6666666666666666,0.7692307692307693,0.6123724356957945,0.8061862178478972,0.7620674678983076,5,KG_TASK_EXPLICIT
704,198,0.7618688212717927,0.5512820512820513,0.3333333333333333,0.7692307692307693,0.944911182523068,0.972455591261534,0.7618688212717927,4,KG_TASK_EXPLICIT
704,306,0.747440955309433,0.5125,0.4,0.625,0.9647638212377322,0.982381910618866,0.747440955309433,7,KG_TASK_EXPLICIT
704,719,0.7255145048267573,0.5125,0.4,0.625,0.8770580193070293,0.9385290096535146,0.7255145048267573,7,KG_TASK_EXPLICIT
704,648,0.7202429627628069,0.4607843137254902,0.3333333333333333,0.5882352941176471,0.9594032236002469,0.9797016118001234,0.7202429627628069,5,KG_TASK_EXPLICIT
704,506,0.7185369929666652,0.4607843137254902,0.3333333333333333,0.5882352941176471,0.9525793444156805,0.9762896722078402,0.7185369929666652,6,KG_TASK_EXPLICIT
704,543,0.7038128062111496,0.4358974358974359,0.3333333333333333,0.5384615384615384,0.9434563530497265,0.9717281765248633,0.7038128062111496,7,KG_TASK_EXPLICIT
704,652,0.7006145410972702,0.4298245614035088,0.3333333333333333,0.5263157894736842,0.9428090415820634,0.9714045207910317,0.7006145410972702,6,KG_TASK_EXPLICIT
704,283,0.6974882848300887,0.42063492063492064,0.2857142857142857,0.5555555555555556,0.9486832980505138,0.9743416490252569,0.6974882848300887,4,KG_TASK_EXPLICIT
704,121,0.696969696969697,0.4772727272727273,0.5,0.45454545454545453,0.8333333333333335,0.9166666666666667,0.696969696969697,6,KG_TASK_EXPLICIT
705,601,0.7200460829493087,0.4400921658986175,0.42857142857142855,0.45161290322580644,1.0000000000000002,1.0,0.7200460829493087,3,KG_TASK_EXPLICIT
705,202,0.7063397129186603,0.4126794258373206,0.2727272727272727,0.5526315789473685,1.0000000000000002,1.0,0.7063397129186603,3,KG_TASK_EXPLICIT
705,172,0.6770354106309727,0.3819444444444444,0.375,0.3888888888888889,0.9442527536350019,0.972126376817501,0.6770354106309727,34,KG_TASK_EXPLICIT
705,225,0.6618421052631579,0.3236842105263158,0.2,0.4473684210526316,1.0,1.0,0.6618421052631579,4,KG_TASK_EXPLICIT
705,686,0.6583333333333333,0.31666666666666665,0.3333333333333333,0.3,1.0,1.0,0.6583333333333333,4,KG_TASK_EXPLICIT
705,129,0.6507352941176471,0.30147058823529416,0.25,0.35294117647058826,1.0,1.0,0.6507352941176471,4,KG_TASK_EXPLICIT
705,63,0.6412538699690402,0.2825077399380805,0.11764705882352941,0.4473684210526316,1.0000000000000002,1.0,0.6412538699690402,3,KG_TASK_EXPLICIT
705,312,0.6409444094182888,0.3075471698113208,0.2,0.41509433962264153,0.9486832980505138,0.9743416490252569,0.6409444094182888,4,KG_TASK_EXPLICIT
705,396,0.6409090909090909,0.28181818181818186,0.2,0.36363636363636365,1.0,1.0,0.6409090909090909,4,KG_TASK_EXPLICIT
705,411,0.6394498782148366,0.33035714285714285,0.2857142857142857,0.375,0.8970852271450604,0.9485426135725302,0.6394498782148366,9,KG_TASK_EXPLICIT
706,508,0.6583795276672719,0.34523809523809523,0.3333333333333333,0.35714285714285715,0.9430419201928973,0.9715209600964487,0.6583795276672719,14,KG_TASK_EXPLICIT
706,506,0.6504388122179025,0.30952380952380953,0.2857142857142857,0.3333333333333333,0.9827076298239908,0.9913538149119954,0.6504388122179025,7,KG_TASK_EXPLICIT
706,752,0.6293282574921488,0.28174603174603174,0.2857142857142857,0.2777777777777778,0.9538209664765318,0.9769104832382659,0.6293282574921488,7,KG_TASK_EXPLICIT
706,754,0.6203703044700364,0.2596153846153846,0.25,0.2692307692307692,0.9622504486493763,0.9811252243246882,0.6203703044700364,3,KG_TASK_EXPLICIT
706,701,0.618853414174571,0.2596153846153846,0.25,0.2692307692307692,0.9561828874675149,0.9780914437337574,0.618853414174571,5,KG_TASK_EXPLICIT
706,601,0.6163594470046083,0.23271889400921658,0.14285714285714285,0.3225806451612903,1.0000000000000002,1.0,0.6163594470046083,3,KG_TASK_EXPLICIT
706,306,0.609875499422248,0.2438423645320197,0.14285714285714285,0.3448275862068966,0.9518172686249524,0.9759086343124762,0.609875499422248,8,KG_TASK_EXPLICIT
706,690,0.6091940640081241,0.24686716791979949,0.14285714285714285,0.3508771929824561,0.9430419201928973,0.9715209600964487,0.6091940640081241,14,KG_TASK_EXPLICIT
706,264,0.6084270141560845,0.23809523809523808,0.14285714285714285,0.3333333333333333,0.9575175804338618,0.9787587902169309,0.6084270141560845,13,KG_TASK_EXPLICIT
706,396,0.6084229390681004,0.2168458781362007,0.1111111111111111,0.3225806451612903,1.0000000000000002,1.0,0.6084229390681004,6,KG_TASK_EXPLICIT
707,690,0.7086322809230509,0.4585820895522388,0.35,0.5671641791044776,0.9173649445877259,0.9586824722938629,0.7086322809230509,16,KG_TASK_EXPLICIT
707,154,0.6732954545454546,0.34659090909090906,0.3181818181818182,0.375,1.0,1.0,0.6732954545454546,4,KG_TASK_EXPLICIT
707,679,0.6687163297897459,0.3563074352548037,0.3157894736842105,0.3968253968253968,0.9622504486493763,0.9811252243246882,0.6687163297897459,9,KG_TASK_EXPLICIT
707,50,0.6523265993525417,0.3211594202898551,0.28,0.36231884057971014,0.9669875568304563,0.9834937784152282,0.6523265993525417,7,KG_TASK_EXPLICIT
707,135,0.6409226138816979,0.3055555555555556,0.2777777777777778,0.3333333333333333,0.9525793444156805,0.9762896722078402,0.6409226138816979,3,KG_TASK_EXPLICIT
707,280,0.6382241658667016,0.3039927404718693,0.2631578947368421,0.3448275862068966,0.9449111825230682,0.972455591261534,0.6382241658667016,6,KG_TASK_EXPLICIT
707,630,0.6372076338073658,0.29329004329004327,0.23809523809523808,0.3484848484848485,0.9622504486493764,0.9811252243246882,0.6372076338073658,6,KG_TASK_EXPLICIT
707,160,0.6370790239918618,0.28417910447761197,0.24,0.3283582089552239,0.9799578870122229,0.9899789435061115,0.6370790239918618,6,KG_TASK_EXPLICIT
707,678,0.6334301663249031,0.29066985645933013,0.2631578947368421,0.3181818181818182,0.9523809523809523,0.9761904761904762,0.6334301663249031,6,KG_TASK_EXPLICIT
707,333,0.6296570037408384,0.276268115942029,0.2608695652173913,0.2916666666666667,0.9660917830792958,0.9830458915396478,0.6296570037408384,12,KG_TASK_EXPLICIT
709,526,0.7338245064726454,0.49615384615384617,0.3,0.6923076923076923,0.9429903335828895,0.9714951667914448,0.7338245064726454,13,KG_TASK_EXPLICIT
709,101,0.6794342149369462,0.3881118881118881,0.23076923076923078,0.5454545454545454,0.9415130835240085,0.9707565417620043,0.6794342149369462,13,KG_TASK_EXPLICIT
709,200,0.6447002905082666,0.3356579745300182,0.17647058823529413,0.4948453608247423,0.9074852129730302,0.9537426064865151,0.6447002905082666,9,KG_TASK_EXPLICIT
709,595,0.6226142695891541,0.3080357142857143,0.1875,0.42857142857142855,0.8743856497851875,0.9371928248925938,0.6226142695891541,12,KG_TASK_EXPLICIT
709,713,0.5827924148607857,0.20608108108108109,0.25,0.16216216216216217,0.9190074972809804,0.9595037486404903,0.5827924148607857,13,KG_TASK_EXPLICIT
709,427,0.5720194125768359,0.18,0.2,0.16,0.9280776503073436,0.9640388251536718,0.5720194125768359,11,KG_TASK_EXPLICIT
709,678,0.5635193679391262,0.15074906367041196,0.16666666666666666,0.1348314606741573,0.9525793444156805,0.9762896722078402,0.5635193679391262,6,KG_TASK_EXPLICIT
709,620,0.5622407103906374,0.18253968253968253,0.2222222222222222,0.14285714285714285,0.8838834764831843,0.9419417382415922,0.5622407103906374,5,KG_TASK_EXPLICIT
709,679,0.5599397078987919,0.14358974358974358,0.15384615384615385,0.13333333333333333,0.9525793444156805,0.9762896722078402,0.5599397078987919,6,KG_TASK_EXPLICIT
709,160,0.5592828224407171,0.11856564488143435,0.10526315789473684,0.13186813186813187,0.9999999999999998,0.9999999999999999,0.5592828224407171,5,KG_TASK_EXPLICIT
710,721,0.7225914319944033,0.4727272727272727,0.4,0.5454545454545454,0.944911182523068,0.972455591261534,0.7225914319944033,4,KG_TASK_EXPLICIT
710,309,0.6956521739130435,0.391304347826087,0.30434782608695654,0.4782608695652174,1.0000000000000002,1.0,0.6956521739130435,3,KG_TASK_EXPLICIT
710,45,0.6935194622974337,0.4145833333333333,0.26666666666666666,0.5625,0.944911182523068,0.972455591261534,0.6935194622974337,4,KG_TASK_EXPLICIT
710,612,0.6765806387738943,0.38175675675675674,0.25,0.5135135135135135,0.9428090415820635,0.9714045207910318,0.6765806387738943,3,KG_TASK_EXPLICIT
710,182,0.6498991673103709,0.4125,0.2916666666666667,0.5333333333333333,0.7745966692414834,0.8872983346207417,0.6498991673103709,3,KG_TASK_EXPLICIT
710,188,0.6450314008567318,0.31865828092243187,0.2222222222222222,0.41509433962264153,0.9428090415820635,0.9714045207910318,0.6450314008567318,3,KG_TASK_EXPLICIT
710,679,0.644124847001224,0.288249694002448,0.15789473684210525,0.4186046511627907,1.0000000000000002,1.0,0.644124847001224,3,KG_TASK_EXPLICIT
710,186,0.6369287634408602,0.27385752688172044,0.1935483870967742,0.3541666666666667,1.0000000000000002,1.0,0.6369287634408602,3,KG_TASK_EXPLICIT
710,447,0.6356516290726817,0.2713032581453634,0.09523809523809523,0.4473684210526316,1.0,1.0,0.6356516290726817,4,KG_TASK_EXPLICIT
710,630,0.6319444444444444,0.2638888888888889,0.15,0.37777777777777777,1.0,1.0,0.6319444444444444,4,KG_TASK_EXPLICIT
711,466,0.7297008547008548,0.45940170940170943,0.3076923076923077,0.6111111111111112,1.0,1.0,0.7297008547008548,4,KG_TASK_EXPLICIT
711,679,0.7230769230769231,0.4461538461538461,0.2,0.6923076923076923,1.0000000000000002,1.0,0.7230769230769231,3,KG_TASK_EXPLICIT
711,441,0.7179487179487178,0.4358974358974359,0.3076923076923077,0.5641025641025641,0.9999999999999998,0.9999999999999999,0.7179487179487178,5,KG_TASK_EXPLICIT
711,513,0.7103907511066447,0.44269005847953213,0.2631578947368421,0.6222222222222222,0.9561828874675149,0.9780914437337574,0.7103907511066447,5,KG_TASK_EXPLICIT
711,339,0.7090920358556199,0.42820512820512824,0.26666666666666666,0.5897435897435898,0.9799578870122229,0.9899789435061115,0.7090920358556199,6,KG_TASK_EXPLICIT
711,690,0.7081552047549367,0.43518518518518523,0.3333333333333333,0.5370370370370371,0.9622504486493763,0.9811252243246882,0.7081552047549367,3,KG_TASK_EXPLICIT
711,630,0.6959741975281978,0.4108231707317073,0.1875,0.6341463414634146,0.9622504486493763,0.9811252243246882,0.6959741975281978,3,KG_TASK_EXPLICIT
711,114,0.695557589045702,0.42820512820512824,0.26666666666666666,0.5897435897435898,0.9258200997725514,0.9629100498862757,0.695557589045702,7,KG_TASK_EXPLICIT
711,599,0.694458716058448,0.40779220779220776,0.2727272727272727,0.5428571428571428,0.9622504486493763,0.9811252243246882,0.694458716058448,3,KG_TASK_EXPLICIT
711,674,0.6912878787878787,0.38257575757575757,0.18181818181818182,0.5833333333333334,0.9999999999999998,0.9999999999999999,0.6912878787878787,5,KG_TASK_EXPLICIT
712,216,0.7377054693052012,0.49428571428571433,0.42857142857142855,0.56,0.9622504486493763,0.9811252243246882,0.7377054693052012,3,KG_TASK_EXPLICIT
712,415,0.7250116312635388,0.5114942528735632,0.3333333333333333,0.6896551724137931,0.8770580193070293,0.9385290096535146,0.7250116312635388,4,KG_TASK_EXPLICIT
712,324,0.719017094017094,0.43803418803418803,0.2222222222222222,0.6538461538461539,1.0,1.0,0.719017094017094,3,KG_TASK_EXPLICIT
712,339,0.6997700713698033,0.4184149184149184,0.23076923076923078,0.6060606060606061,0.9622504486493763,0.9811252243246882,0.6997700713698033,3,KG_TASK_EXPLICIT
712,467,0.6749060465057785,0.36868686868686873,0.18181818181818182,0.5555555555555556,0.9622504486493763,0.9811252243246882,0.6749060465057785,3,KG_TASK_EXPLICIT
712,327,0.6732710164382184,0.3611793611793612,0.18181818181818182,0.5405405405405406,0.9707253433941511,0.9853626716970756,0.6732710164382184,4,KG_TASK_EXPLICIT
712,508,0.6714285714285715,0.34285714285714286,0.2857142857142857,0.4,1.0000000000000002,1.0,0.6714285714285715,3,KG_TASK_EXPLICIT
712,141,0.6596869425137658,0.42307692307692313,0.07692307692307693,0.7692307692307693,0.7925939239012171,0.8962969619506085,0.6596869425137658,4,KG_TASK_EXPLICIT
712,544,0.6402485851425088,0.4375,0.25,0.625,0.6859943405700353,0.8429971702850176,0.6402485851425088,5,KG_TASK_EXPLICIT
712,295,0.6206213032432575,0.2875,0.1,0.475,0.9074852129730302,0.9537426064865151,0.6206213032432575,5,KG_TASK_EXPLICIT
713,427,0.64996655275195,0.33999999999999997,0.2,0.48,0.9198662110077999,0.9599331055039,0.64996655275195,12,KG_TASK_EXPLICIT
713,620,0.630961674185831,0.2875816993464052,0.2222222222222222,0.35294117647058826,0.9486832980505138,0.9743416490252569,0.630961674185831,4,KG_TASK_EXPLICIT
713,499,0.6276251291460906,0.28181818181818186,0.2,0.36363636363636365,0.9468641529479986,0.9734320764739993,0.6276251291460906,19,KG_TASK_EXPLICIT
713,135,0.6193504909502229,0.25757575757575757,0.18181818181818182,0.3333333333333333,0.9622504486493763,0.9811252243246882,0.6193504909502229,3,KG_TASK_EXPLICIT
713,286,0.6187141653620801,0.27045454545454545,0.2,0.3409090909090909,0.9339475705392295,0.9669737852696147,0.6187141653620801,10,KG_TASK_EXPLICIT
713,162,0.617996344877921,0.24789915966386555,0.14285714285714285,0.35294117647058826,0.9761870601839528,0.9880935300919764,0.617996344877921,5,KG_TASK_EXPLICIT
713,158,0.6133463731019702,0.25235109717868337,0.09090909090909091,0.41379310344827586,0.9486832980505138,0.9743416490252569,0.6133463731019702,4,KG_TASK_EXPLICIT
713,630,0.6088850174216027,0.21777003484320556,0.14285714285714285,0.2926829268292683,1.0,1.0,0.6088850174216027,4,KG_TASK_EXPLICIT
713,91,0.6068726752541063,0.25555555555555554,0.1111111111111111,0.4,0.9163795899053139,0.958189794952657,0.6068726752541063,11,KG_TASK_EXPLICIT
713,246,0.6035376904449137,0.22916666666666666,0.125,0.3333333333333333,0.9558174284463214,0.9779087142231607,0.6035376904449137,16,KG_TASK_EXPLICIT
715,717,0.7875,0.575,0.4,0.75,1.0,1.0,0.7875,4,KG_TASK_EXPLICIT
715,685,0.780421959121758,0.7,0.5,0.9,0.7216878364870323,0.8608439182435161,0.780421959121758,12,KG_TASK_EXPLICIT
715,530,0.7742491881391442,0.7833333333333333,0.6666666666666666,0.9,0.5303300858899106,0.7651650429449552,0.7742491881391442,5,KG_TASK_EXPLICIT
715,601,0.740625,0.48125,0.4,0.5625,1.0000000000000002,1.0,0.740625,3,KG_TASK_EXPLICIT
715,239,0.7357022603955158,0.5,0.4,0.6,0.9428090415820632,0.9714045207910316,0.7357022603955158,9,KG_TASK_EXPLICIT
715,701,0.7319401310833122,0.5166666666666666,0.3333333333333333,0.7,0.8944271909999159,0.9472135954999579,0.7319401310833122,4,KG_TASK_EXPLICIT
715,719,0.7198792923478046,0.5214285714285715,0.4,0.6428571428571429,0.8366600265340756,0.9183300132670378,0.7198792923478046,8,KG_TASK_EXPLICIT
715,590,0.718421052631579,0.4368421052631579,0.4,0.47368421052631576,1.0000000000000002,1.0,0.718421052631579,7,KG_TASK_EXPLICIT
715,265,0.703781512605042,0.40756302521008403,0.2857142857142857,0.5294117647058824,0.9999999999999998,0.9999999999999999,0.703781512605042,4,KG_TASK_EXPLICIT
715,691,0.703781512605042,0.40756302521008403,0.2857142857142857,0.5294117647058824,1.0000000000000002,1.0,0.703781512605042,3,KG_TASK_EXPLICIT
716,685,0.75,0.5,0.4,0.6,1.0,1.0,0.75,4,KG_TASK_EXPLICIT
716,462,0.7127848343845663,0.4444444444444444,0.3333333333333333,0.5555555555555556,0.9622504486493763,0.9811252243246882,0.7127848343845663,3,KG_TASK_EXPLICIT
716,231,0.6468253968253967,0.2936507936507936,0.14285714285714285,0.4444444444444444,1.0000000000000002,1.0,0.6468253968253967,3,KG_TASK_EXPLICIT
716,375,0.6436688311688312,0.28733766233766234,0.18181818181818182,0.39285714285714285,1.0000000000000002,1.0,0.6436688311688312,3,KG_TASK_EXPLICIT
716,508,0.6409774436090225,0.28195488721804507,0.14285714285714285,0.42105263157894735,1.0000000000000002,1.0,0.6409774436090225,3,KG_TASK_EXPLICIT
716,117,0.6387959866220736,0.2775919732441472,0.07692307692307693,0.4782608695652174,1.0000000000000002,1.0,0.6387959866220736,3,KG_TASK_EXPLICIT
716,415,0.6362007168458781,0.2724014336917563,0.2222222222222222,0.3225806451612903,1.0000000000000002,1.0,0.6362007168458781,3,KG_TASK_EXPLICIT
716,427,0.6361181677178996,0.2911111111111111,0.2222222222222222,0.36,0.9622504486493763,0.9811252243246882,0.6361181677178996,3,KG_TASK_EXPLICIT
716,505,0.6342592592592593,0.2685185185185185,0.16666666666666666,0.37037037037037035,1.0000000000000002,1.0,0.6342592592592593,3,KG_TASK_EXPLICIT
716,705,0.6339285714285714,0.26785714285714285,0.25,0.2857142857142857,1.0000000000000002,1.0,0.6339285714285714,3,KG_TASK_EXPLICIT
717,530,0.8152477149409705,0.6590909090909092,0.5,0.8181818181818182,0.9428090415820635,0.9714045207910318,0.8152477149409705,3,KG_TASK_EXPLICIT
717,715,0.7875,0.575,0.4,0.75,1.0,1.0,0.7875,4,KG_TASK_EXPLICIT
717,462,0.7333333333333334,0.4666666666666667,0.3333333333333333,0.6,1.0,1.0,0.7333333333333334,4,KG_TASK_EXPLICIT
717,36,0.7321428571428572,0.4642857142857143,0.2857142857142857,0.6428571428571429,1.0000000000000002,1.0,0.7321428571428572,3,KG_TASK_EXPLICIT
717,543,0.7215909090909091,0.4431818181818182,0.25,0.6363636363636364,1.0000000000000002,1.0,0.7215909090909091,3,KG_TASK_EXPLICIT
717,601,0.7156862745098039,0.43137254901960786,0.3333333333333333,0.5294117647058824,1.0000000000000002,1.0,0.7156862745098039,3,KG_TASK_EXPLICIT
717,297,0.6875,0.375,0.25,0.5,0.9999999999999998,0.9999999999999999,0.6875,5,KG_TASK_EXPLICIT
717,103,0.6678952398349987,0.4027777777777778,0.25,0.5555555555555556,0.8660254037844387,0.9330127018922194,0.6678952398349987,4,KG_TASK_EXPLICIT
717,637,0.666861680685371,0.36231884057971014,0.3333333333333333,0.391304347826087,0.9428090415820635,0.9714045207910318,0.666861680685371,3,KG_TASK_EXPLICIT
717,402,0.6621708245126284,0.35,0.2,0.5,0.9486832980505138,0.9743416490252569,0.6621708245126284,5,KG_TASK_EXPLICIT
718,612,0.6894837730005579,0.40756302521008403,0.2857142857142857,0.5294117647058824,0.9428090415820635,0.9714045207910318,0.6894837730005579,3,KG_TASK_EXPLICIT
718,23,0.6521226415094339,0.3042452830188679,0.25,0.3584905660377358,1.0000000000000002,1.0,0.6521226415094339,3,KG_TASK_EXPLICIT
718,707,0.6293337986030221,0.27754237288135597,0.25,0.3050847457627119,0.9622504486493763,0.9811252243246882,0.6293337986030221,3,KG_TASK_EXPLICIT
718,660,0.6291666666666667,0.2583333333333333,0.26666666666666666,0.25,1.0000000000000002,1.0,0.6291666666666667,3,KG_TASK_EXPLICIT
718,315,0.6168244406196213,0.23364888123924266,0.21428571428571427,0.25301204819277107,1.0000000000000002,1.0,0.6168244406196213,3,KG_TASK_EXPLICIT
718,14,0.6156042211798296,0.25980392156862747,0.16666666666666666,0.35294117647058826,0.9428090415820635,0.9714045207910318,0.6156042211798296,3,KG_TASK_EXPLICIT
718,173,0.6102477475895516,0.24615384615384617,0.19230769230769232,0.3,0.9486832980505138,0.9743416490252569,0.6102477475895516,4,KG_TASK_EXPLICIT
718,255,0.6098901098901099,0.21978021978021978,0.15384615384615385,0.2857142857142857,1.0000000000000002,1.0,0.6098901098901099,3,KG_TASK_EXPLICIT
718,499,0.606873431566687,0.24234234234234237,0.13333333333333333,0.35135135135135137,0.9428090415820635,0.9714045207910318,0.606873431566687,3,KG_TASK_EXPLICIT
718,188,0.6005119124084101,0.3137254901960784,0.23529411764705882,0.39215686274509803,0.7745966692414834,0.8872983346207417,0.6005119124084101,3,KG_TASK_EXPLICIT
719,530,0.7843047187076901,0.5961538461538461,0.5,0.6923076923076923,0.944911182523068,0.972455591261534,0.7843047187076901,4,KG_TASK_EXPLICIT
719,265,0.7647385271386634,0.5672268907563025,0.42857142857142855,0.7058823529411765,0.9245003270420487,0.9622501635210243,0.7647385271386634,7,KG_TASK_EXPLICIT
719,558,0.756289928812306,0.6346153846153846,0.5,0.7692307692307693,0.7559289460184544,0.8779644730092272,0.756289928812306,4,KG_TASK_EXPLICIT
719,685,0.7490407252886435,0.5461538461538462,0.4,0.6923076923076923,0.9038552088468816,0.9519276044234408,0.7490407252886435,16,KG_TASK_EXPLICIT
719,306,0.7395833333333333,0.47916666666666663,0.3333333333333333,0.625,1.0,1.0,0.7395833333333333,4,KG_TASK_EXPLICIT
719,465,0.7268713032432575,0.5,0.42857142857142855,0.5714285714285714,0.9074852129730302,0.9537426064865151,0.7268713032432575,8,KG_TASK_EXPLICIT
719,462,0.7259860477556583,0.47916666666666663,0.3333333333333333,0.625,0.9456108576893003,0.9728054288446502,0.7259860477556583,6,KG_TASK_EXPLICIT
719,704,0.7255145048267573,0.5125,0.4,0.625,0.8770580193070293,0.9385290096535146,0.7255145048267573,7,KG_TASK_EXPLICIT
719,715,0.7198792923478046,0.5214285714285715,0.4,0.6428571428571429,0.8366600265340756,0.9183300132670378,0.7198792923478046,8,KG_TASK_EXPLICIT
719,198,0.7178604089681953,0.5274725274725275,0.2857142857142857,0.7692307692307693,0.8164965809277261,0.9082482904638631,0.7178604089681953,6,KG_TASK_EXPLICIT
720,76,0.7430160901827499,0.5146276595744681,0.625,0.40425531914893614,0.9428090415820635,0.9714045207910318,0.7430160901827499,6,KG_TASK_EXPLICIT
720,184,0.7377057478321886,0.5560975609756098,0.6,0.5121951219512195,0.8386278693775346,0.9193139346887673,0.7377057478321886,4,KG_TASK_EXPLICIT
720,441,0.7308165402195116,0.48917748917748916,0.45454545454545453,0.5238095238095238,0.944911182523068,0.972455591261534,0.7308165402195116,8,KG_TASK_EXPLICIT
720,531,0.7253661591124186,0.49145299145299143,0.4444444444444444,0.5384615384615384,0.9185586535436918,0.9592793267718459,0.7253661591124186,7,KG_TASK_EXPLICIT
720,583,0.7041707288639844,0.4369369369369369,0.3333333333333333,0.5405405405405406,0.9428090415820635,0.9714045207910318,0.7041707288639844,3,KG_TASK_EXPLICIT
720,324,0.7014827327327327,0.46546546546546547,0.4444444444444444,0.4864864864864865,0.8749999999999998,0.9374999999999999,0.7014827327327327,5,KG_TASK_EXPLICIT
720,114,0.7011742883675438,0.43094405594405594,0.38461538461538464,0.4772727272727273,0.9428090415820634,0.9714045207910317,0.7011742883675438,9,KG_TASK_EXPLICIT
720,694,0.6989720660270397,0.4260042283298097,0.36363636363636365,0.4883720930232558,0.9438798074485389,0.9719399037242695,0.6989720660270397,5,KG_TASK_EXPLICIT
720,676,0.693083587592942,0.41371158392434987,0.4444444444444444,0.3829787234042553,0.944911182523068,0.972455591261534,0.693083587592942,5,KG_TASK_EXPLICIT
720,179,0.6919757001890033,0.4367378048780488,0.3125,0.5609756097560976,0.8944271909999159,0.9472135954999579,0.6919757001890033,6,KG_TASK_EXPLICIT
721,568,0.7816091954022988,0.5632183908045977,0.3333333333333333,0.7931034482758621,0.9999999999999999,1.0,0.7816091954022988,7,KG_TASK_EXPLICIT
721,679,0.7800000397238296,0.583710407239819,0.46153846153846156,0.7058823529411765,0.9525793444156805,0.9762896722078402,0.7800000397238296,6,KG_TASK_EXPLICIT
721,280,0.7260073549646782,0.519893899204244,0.38461538461538464,0.6551724137931034,0.8642416214502248,0.9321208107251124,0.7260073549646782,7,KG_TASK_EXPLICIT
721,710,0.7225914319944033,0.4727272727272727,0.4,0.5454545454545454,0.944911182523068,0.972455591261534,0.7225914319944033,4,KG_TASK_EXPLICIT
721,394,0.7083333333333333,0.41666666666666663,0.3333333333333333,0.5,0.9999999999999999,1.0,0.7083333333333333,7,KG_TASK_EXPLICIT
721,630,0.7077190237009425,0.4429824561403509,0.3333333333333333,0.5526315789473685,0.944911182523068,0.972455591261534,0.7077190237009425,4,KG_TASK_EXPLICIT
721,158,0.6985669818809269,0.42572944297082227,0.23076923076923078,0.6206896551724138,0.9428090415820632,0.9714045207910316,0.6985669818809269,3,KG_TASK_EXPLICIT
721,531,0.6973589449138007,0.47214076246334313,0.36363636363636365,0.5806451612903226,0.8451542547285166,0.9225771273642582,0.6973589449138007,15,KG_TASK_EXPLICIT
721,466,0.691370642555533,0.40645161290322585,0.2,0.6129032258064516,0.9525793444156805,0.9762896722078402,0.691370642555533,6,KG_TASK_EXPLICIT
721,427,0.6887509160984684,0.4423076923076923,0.23076923076923078,0.6538461538461539,0.8703882797784892,0.9351941398892446,0.6887509160984684,9,KG_TASK_EXPLICIT
722,648,0.7357022603955159,0.5,0.3333333333333333,0.6666666666666666,0.9428090415820635,0.9714045207910318,0.7357022603955159,3,KG_TASK_EXPLICIT
722,357,0.7208333333333333,0.44166666666666665,0.35,0.5333333333333333,1.0000000000000002,1.0,0.7208333333333333,3,KG_TASK_EXPLICIT
722,652,0.6884792788290107,0.3958333333333333,0.25,0.5416666666666666,0.9622504486493763,0.9811252243246882,0.6884792788290107,3,KG_TASK_EXPLICIT
722,289,0.6855350363152484,0.39966555183946484,0.2608695652173913,0.5384615384615384,0.9428090415820635,0.9714045207910318,0.6855350363152484,3,KG_TASK_EXPLICIT
722,609,0.6828604796850423,0.3913793103448276,0.3,0.4827586206896552,0.9486832980505138,0.9743416490252569,0.6828604796850423,5,KG_TASK_EXPLICIT
722,579,0.6818609022556391,0.3637218045112782,0.2631578947368421,0.4642857142857143,1.0000000000000002,1.0,0.6818609022556391,3,KG_TASK_EXPLICIT
722,593,0.6815476190476191,0.36309523809523814,0.14285714285714285,0.5833333333333334,1.0000000000000002,1.0,0.6815476190476191,3,KG_TASK_EXPLICIT
722,280,0.6742424242424243,0.3484848484848485,0.3333333333333333,0.36363636363636365,1.0000000000000002,1.0,0.6742424242424243,3,KG_TASK_EXPLICIT
722,429,0.6732142857142858,0.3464285714285714,0.35,0.34285714285714286,1.0000000000000002,1.0,0.6732142857142858,6,KG_TASK_EXPLICIT
722,47,0.6716269841269842,0.34325396825396826,0.2222222222222222,0.4642857142857143,1.0000000000000002,1.0,0.6716269841269842,3,KG_TASK_EXPLICIT
723,24,0.6347794514885355,0.2932692307692308,0.125,0.46153846153846156,0.9525793444156805,0.9762896722078402,0.6347794514885355,3,KG_TASK_EXPLICIT
723,149,0.6301259775932876,0.40669856459330145,0.18181818181818182,0.631578947368421,0.7071067811865475,0.8535533905932737,0.6301259775932876,3,KG_TASK_EXPLICIT
723,112,0.612721703071435,0.24431818181818182,0.125,0.36363636363636365,0.9622504486493763,0.9811252243246882,0.612721703071435,3,KG_TASK_EXPLICIT
723,593,0.5983524672348078,0.21557971014492752,0.08333333333333333,0.34782608695652173,0.9622504486493763,0.9811252243246882,0.5983524672348078,3,KG_TASK_EXPLICIT
723,429,0.5969812880890744,0.2857142857142857,0.14285714285714285,0.42857142857142855,0.8164965809277259,0.9082482904638629,0.5969812880890744,3,KG_TASK_EXPLICIT
723,47,0.5969626101557025,0.3838383838383838,0.2222222222222222,0.5454545454545454,0.6201736729460423,0.8100868364730212,0.5969626101557025,4,KG_TASK_EXPLICIT
723,612,0.5968096088311928,0.21732954545454547,0.09090909090909091,0.34375,0.9525793444156805,0.9762896722078402,0.5968096088311928,3,KG_TASK_EXPLICIT
723,511,0.5671499137496456,0.15317460317460319,0.02857142857142857,0.2777777777777778,0.9622504486493763,0.9811252243246882,0.5671499137496456,3,KG_TASK_EXPLICIT
723,109,0.5628983562251522,0.15439219165927243,0.043478260869565216,0.2653061224489796,0.9428090415820635,0.9714045207910318,0.5628983562251522,3,KG_TASK_EXPLICIT
723,562,0.558016630975715,0.13974358974358975,0.1,0.1794871794871795,0.9525793444156805,0.9762896722078402,0.558016630975715,3,KG_TASK_EXPLICIT
724,448,0.5107022603955159,0.05,0.0,0.1,0.9428090415820635,0.9714045207910318,0.5107022603955159,6,KG_TASK_EXPLICIT
724,98,0.5082953394123607,0.01659067882472138,0.02127659574468085,0.011904761904761904,1.0000000000000002,1.0,0.5082953394123607,6,KG_TASK_EXPLICIT
726,178,0.6916666666666667,0.3833333333333333,0.16666666666666666,0.6,0.9999999999999998,0.9999999999999999,0.6916666666666667,5,KG_TASK_EXPLICIT
726,410,0.6749999999999999,0.35,0.16666666666666666,0.5333333333333333,0.9999999999999998,0.9999999999999999,0.6749999999999999,5,KG_TASK_EXPLICIT
726,492,0.6740196078431373,0.3480392156862745,0.16666666666666666,0.5294117647058824,1.0,1.0,0.6740196078431373,4,KG_TASK_EXPLICIT
726,546,0.6636029411764706,0.3272058823529412,0.125,0.5294117647058824,1.0000000000000002,1.0,0.6636029411764706,3,KG_TASK_EXPLICIT
726,239,0.6593137254901961,0.31862745098039214,0.16666666666666666,0.47058823529411764,1.0,1.0,0.6593137254901961,4,KG_TASK_EXPLICIT
726,264,0.6593137254901961,0.31862745098039214,0.16666666666666666,0.47058823529411764,1.0000000000000002,1.0,0.6593137254901961,3,KG_TASK_EXPLICIT
726,35,0.6575555177809511,0.4068627450980392,0.16666666666666666,0.6470588235294118,0.8164965809277259,0.9082482904638629,0.6575555177809511,3,KG_TASK_EXPLICIT
726,167,0.6515151515151515,0.303030303030303,0.3333333333333333,0.2727272727272727,1.0000000000000002,1.0,0.6515151515151515,3,KG_TASK_EXPLICIT
726,104,0.6506448361039201,0.325,0.25,0.4,0.9525793444156805,0.9762896722078402,0.6506448361039201,6,KG_TASK_EXPLICIT
726,448,0.6433706527736242,0.3142857142857143,0.2,0.42857142857142855,0.944911182523068,0.972455591261534,0.6433706527736242,7,KG_TASK_EXPLICIT
729,268,0.8,0.6,0.5,0.7,1.0000000000000002,1.0,0.8,3,KG_TASK_EXPLICIT
729,701,0.7871708245126284,0.6,0.5,0.7,0.9486832980505138,0.9743416490252569,0.7871708245126284,4,KG_TASK_EXPLICIT
729,362,0.7457908118985982,0.5833333333333333,0.5,0.6666666666666666,0.8164965809277261,0.9082482904638631,0.7457908118985982,9,KG_TASK_EXPLICIT
729,543,0.7428791874526148,0.6,0.5,0.7,0.7715167498104595,0.8857583749052298,0.7428791874526148,8,KG_TASK_EXPLICIT
729,686,0.7148689270621826,0.45833333333333337,0.3333333333333333,0.5833333333333334,0.9428090415820635,0.9714045207910318,0.7148689270621826,3,KG_TASK_EXPLICIT
729,530,0.7070878195859426,0.45833333333333337,0.3333333333333333,0.5833333333333334,0.9116846116771036,0.9558423058385518,0.7070878195859426,8,KG_TASK_EXPLICIT
729,269,0.699839684279443,0.4666666666666667,0.1,0.8333333333333334,0.8660254037844387,0.9330127018922194,0.699839684279443,4,KG_TASK_EXPLICIT
729,402,0.6764363151560828,0.4358974358974359,0.3333333333333333,0.5384615384615384,0.8339503888294594,0.9169751944147297,0.6764363151560828,12,KG_TASK_EXPLICIT
729,358,0.6762820512820512,0.35256410256410253,0.16666666666666666,0.5384615384615384,0.9999999999999998,0.9999999999999999,0.6762820512820512,3,KG_TASK_EXPLICIT
729,571,0.6748396842794431,0.41666666666666663,0.3333333333333333,0.5,0.8660254037844387,0.9330127018922194,0.6748396842794431,4,KG_TASK_EXPLICIT
732,733,0.875,1.0,1.0,1.0,0.5,0.75,0.875,4,KG_TASK_EXPLICIT
732,536,0.4914639406071218,0.03571428571428571,0.0,0.07142857142857142,0.8944271909999159,0.9472135954999579,0.4914639406071218,4,KG_TASK_EXPLICIT
732,388,0.47850875853429264,0.00980392156862745,0.0,0.0196078431372549,0.8944271909999159,0.9472135954999579,0.47850875853429264,5,KG_TASK_EXPLICIT
732,426,0.4772722933800797,0.046296296296296294,0.0,0.09259259259259259,0.8164965809277261,0.9082482904638631,0.4772722933800797,4,KG_TASK_EXPLICIT
732,324,0.4761829687613433,0.04411764705882353,0.0,0.08823529411764706,0.8164965809277261,0.9082482904638631,0.4761829687613433,3,KG_TASK_EXPLICIT
732,86,0.4749574785652649,0.041666666666666664,0.0,0.08333333333333333,0.8164965809277261,0.9082482904638631,0.4749574785652649,3,KG_TASK_EXPLICIT
732,533,0.4666241452319316,0.025,0.0,0.05,0.8164965809277261,0.9082482904638631,0.4666241452319316,3,KG_TASK_EXPLICIT
732,509,0.4657679507903279,0.05357142857142857,0.0,0.10714285714285714,0.7559289460184544,0.8779644730092272,0.4657679507903279,4,KG_TASK_EXPLICIT
732,607,0.4639822365046136,0.05,0.0,0.1,0.7559289460184544,0.8779644730092272,0.4639822365046136,4,KG_TASK_EXPLICIT
732,14,0.462320866543407,0.01639344262295082,0.0,0.03278688524590164,0.8164965809277261,0.9082482904638631,0.462320866543407,3,KG_TASK_EXPLICIT
733,732,0.875,1.0,1.0,1.0,0.5,0.75,0.875,4,KG_TASK_EXPLICIT
733,441,0.5304878048780488,0.06097560975609756,0.0,0.12195121951219512,1.0,1.0,0.5304878048780488,4,KG_TASK_EXPLICIT
733,515,0.5294117647058824,0.058823529411764705,0.0,0.11764705882352941,1.0000000000000002,1.0,0.5294117647058824,3,KG_TASK_EXPLICIT
733,611,0.527027027027027,0.05405405405405406,0.0,0.10810810810810811,1.0000000000000002,1.0,0.527027027027027,3,KG_TASK_EXPLICIT
733,674,0.5263157894736842,0.05263157894736842,0.0,0.10526315789473684,1.0000000000000002,1.0,0.5263157894736842,3,KG_TASK_EXPLICIT
733,274,0.5217391304347826,0.043478260869565216,0.0,0.08695652173913043,1.0,1.0,0.5217391304347826,4,KG_TASK_EXPLICIT
733,26,0.5208333333333334,0.041666666666666664,0.0,0.08333333333333333,1.0000000000000002,1.0,0.5208333333333334,3,KG_TASK_EXPLICIT
733,577,0.5182926829268293,0.036585365853658534,0.0,0.07317073170731707,1.0000000000000002,1.0,0.5182926829268293,3,KG_TASK_EXPLICIT
733,213,0.5174418604651163,0.03488372093023256,0.0,0.06976744186046512,1.0000000000000002,1.0,0.5174418604651163,3,KG_TASK_EXPLICIT
733,451,0.5172413793103449,0.034482758620689655,0.0,0.06896551724137931,1.0000000000000002,1.0,0.5172413793103449,3,KG_TASK_EXPLICIT
737,51,0.5625,0.125,0.0,0.25,1.0,1.0,0.5625,4,KG_TASK_EXPLICIT
737,345,0.5192307692307693,0.038461538461538464,0.0,0.07692307692307693,1.0000000000000002,1.0,0.5192307692307693,3,KG_TASK_EXPLICIT
737,192,0.5043859649122807,0.008771929824561403,0.0,0.017543859649122806,1.0,1.0,0.5043859649122807,5,KG_TASK_EXPLICIT
737,240,0.5033333333333333,0.006666666666666667,0.0,0.013333333333333334,0.9999999999999998,0.9999999999999999,0.5033333333333333,5,KG_TASK_EXPLICIT
737,341,0.502033724992809,0.027777777777777776,0.0,0.05555555555555555,0.9525793444156805,0.9762896722078402,0.502033724992809,6,KG_TASK_EXPLICIT
737,389,0.5013845755277567,0.05555555555555555,0.0,0.1111111111111111,0.8944271909999159,0.9472135954999579,0.5013845755277567,6,KG_TASK_EXPLICIT
737,96,0.49507418583505536,0.125,0.0,0.25,0.7302967433402214,0.8651483716701107,0.49507418583505536,9,KG_TASK_EXPLICIT
737,202,0.48926752494313785,0.015625,0.0,0.03125,0.9258200997725514,0.9629100498862757,0.48926752494313785,7,KG_TASK_EXPLICIT
737,455,0.4890619200067046,0.010416666666666666,0.0,0.020833333333333332,0.9354143466934853,0.9677071733467426,0.4890619200067046,10,KG_TASK_EXPLICIT
737,686,0.4890512235693257,0.041666666666666664,0.0,0.08333333333333333,0.8728715609439696,0.9364357804719847,0.4890512235693257,4,KG_TASK_EXPLICIT
745,357,0.5308333333333333,0.06166666666666666,0.08333333333333333,0.04,0.9999999999999998,0.9999999999999999,0.5308333333333333,3,KG_TASK_EXPLICIT
745,433,0.5152777777777777,0.030555555555555555,0.027777777777777776,0.03333333333333333,0.9999999999999998,0.9999999999999999,0.5152777777777777,3,KG_TASK_EXPLICIT
745,61,0.5135531135531135,0.027106227106227107,0.02857142857142857,0.02564102564102564,0.9999999999999998,0.9999999999999999,0.5135531135531135,3,KG_TASK_EXPLICIT
745,214,0.5084182229767967,0.01683644595359366,0.017543859649122806,0.016129032258064516,0.9999999999999998,0.9999999999999999,0.5084182229767967,4,KG_TASK_EXPLICIT
745,289,0.46634835513055994,0.024448419797257006,0.023255813953488372,0.02564102564102564,0.8164965809277259,0.9082482904638629,0.46634835513055994,3,KG_TASK_EXPLICIT
746,292,0.6333290199722011,0.3194444444444444,0.25,0.3888888888888889,0.8944271909999159,0.9472135954999579,0.6333290199722011,3,KG_TASK_EXPLICIT
746,661,0.5527281694372534,0.12916666666666665,0.08333333333333333,0.175,0.9525793444156805,0.9762896722078402,0.5527281694372534,4,KG_TASK_EXPLICIT
746,320,0.3547774793008771,0.06521739130434782,0.0,0.13043478260869565,0.2886751345948129,0.6443375672974064,0.3547774793008771,4,KG_TASK_EXPLICIT
748,475,0.27,0.04,0.0,0.08,0.0,0.5,0.27,3,KG_TASK_EXPLICIT
751,426,0.6287694489198252,0.40398550724637683,0.4166666666666667,0.391304347826087,0.7071067811865475,0.8535533905932737,0.6287694489198252,3,KG_TASK_EXPLICIT
751,25,0.6183333333333334,0.4866666666666667,0.3333333333333333,0.64,0.4999999999999999,0.75,0.6183333333333334,3,KG_TASK_EXPLICIT
751,643,0.5888088299166163,0.2693693693693694,0.13333333333333333,0.40540540540540543,0.8164965809277261,0.9082482904638631,0.5888088299166163,3,KG_TASK_EXPLICIT
751,578,0.5217362879797092,0.2547974413646055,0.2857142857142857,0.22388059701492538,0.5773502691896258,0.7886751345948129,0.5217362879797092,3,KG_TASK_EXPLICIT
751,707,0.5063447357561878,0.22401433691756273,0.2222222222222222,0.22580645161290322,0.5773502691896258,0.7886751345948129,0.5063447357561878,3,KG_TASK_EXPLICIT
751,462,0.4888888888888889,0.3111111111111111,0.2222222222222222,0.4,0.3333333333333333,0.6666666666666666,0.4888888888888889,3,KG_TASK_EXPLICIT
751,706,0.46933756729740644,0.15000000000000002,0.1,0.2,0.5773502691896258,0.7886751345948129,0.46933756729740644,3,KG_TASK_EXPLICIT
751,715,0.4498398503937435,0.19555555555555557,0.1111111111111111,0.28,0.40824829046386296,0.7041241452319315,0.4498398503937435,4,KG_TASK_EXPLICIT
751,14,0.4386160178655632,0.17310789049919484,0.08695652173913043,0.25925925925925924,0.4082482904638631,0.7041241452319316,0.4386160178655632,3,KG_TASK_EXPLICIT
751,26,0.42112328158312073,0.05357142857142857,0.0,0.10714285714285714,0.5773502691896258,0.7886751345948129,0.42112328158312073,3,KG_TASK_EXPLICIT
752,702,0.8000359910852468,0.6203703703703703,0.5,0.7407407407407407,0.9594032236002469,0.9797016118001234,0.8000359910852468,5,KG_TASK_EXPLICIT
752,27,0.7619047619047619,0.5238095238095238,0.3333333333333333,0.7142857142857143,1.0000000000000002,1.0,0.7619047619047619,3,KG_TASK_EXPLICIT
752,124,0.7232819356237395,0.4722222222222222,0.4444444444444444,0.5,0.9486832980505138,0.9743416490252569,0.7232819356237395,4,KG_TASK_EXPLICIT
752,508,0.7214285714285713,0.44285714285714284,0.2857142857142857,0.6,0.9999999999999998,0.9999999999999999,0.7214285714285713,5,KG_TASK_EXPLICIT
752,333,0.7174908424908425,0.434981684981685,0.35714285714285715,0.5128205128205128,1.0,1.0,0.7174908424908425,4,KG_TASK_EXPLICIT
752,506,0.7113095238095238,0.4226190476190476,0.42857142857142855,0.4166666666666667,1.0,1.0,0.7113095238095238,4,KG_TASK_EXPLICIT
752,681,0.7022743238740559,0.42342342342342343,0.3333333333333333,0.5135135135135135,0.9622504486493763,0.9811252243246882,0.7022743238740559,3,KG_TASK_EXPLICIT
752,135,0.6727054693052013,0.36428571428571427,0.3,0.42857142857142855,0.9622504486493763,0.9811252243246882,0.6727054693052013,3,KG_TASK_EXPLICIT
752,86,0.6581108870301358,0.34285714285714286,0.2857142857142857,0.4,0.9467292624062573,0.9733646312031287,0.6581108870301358,6,KG_TASK_EXPLICIT
752,242,0.6509680298872786,0.32857142857142857,0.3,0.35714285714285715,0.9467292624062573,0.9733646312031287,0.6509680298872786,9,KG_TASK_EXPLICIT
753,235,1.0,1.0,1.0,1.0,1.0,1.0,1.0,4,KG_TASK_EXPLICIT
753,382,0.7236067977499789,0.5,0.2,0.8,0.8944271909999159,0.9472135954999579,0.7236067977499789,5,KG_TASK_EXPLICIT
753,381,0.6957908118985981,0.48333333333333334,0.16666666666666666,0.8,0.8164965809277259,0.9082482904638629,0.6957908118985981,3,KG_TASK_EXPLICIT
753,429,0.6185897435897436,0.23717948717948717,0.16666666666666666,0.3076923076923077,1.0,1.0,0.6185897435897436,4,KG_TASK_EXPLICIT
753,262,0.5955626121623441,0.21000000000000002,0.1,0.32,0.9622504486493763,0.9811252243246882,0.5955626121623441,3,KG_TASK_EXPLICIT
753,548,0.5714550683580397,0.17045454545454547,0.25,0.09090909090909091,0.944911182523068,0.972455591261534,0.5714550683580397,4,KG_TASK_EXPLICIT
753,458,0.5662582834356451,0.1600609756097561,0.125,0.1951219512195122,0.944911182523068,0.972455591261534,0.5662582834356451,4,KG_TASK_EXPLICIT
753,482,0.5613193707223421,0.15018315018315018,0.09523809523809523,0.20512820512820512,0.944911182523068,0.972455591261534,0.5613193707223421,4,KG_TASK_EXPLICIT
753,361,0.5537953631983346,0.13513513513513514,0.05405405405405406,0.21621621621621623,0.944911182523068,0.972455591261534,0.5537953631983346,4,KG_TASK_EXPLICIT
753,367,0.5486491673103708,0.21000000000000002,0.1,0.32,0.7745966692414834,0.8872983346207417,0.5486491673103708,5,KG_TASK_EXPLICIT
754,543,1.0,1.0,1.0,1.0,1.0000000000000002,1.0,1.0,3,KG_TASK_EXPLICIT
754,176,0.7877855937288492,0.6041666666666666,0.3333333333333333,0.875,0.9428090415820635,0.9714045207910318,0.7877855937288492,3,KG_TASK_EXPLICIT
754,402,0.7857022603955159,0.6,0.5,0.7,0.9428090415820635,0.9714045207910318,0.7857022603955159,3,KG_TASK_EXPLICIT
754,647,0.7155626121623441,0.44999999999999996,0.2,0.7,0.9622504486493763,0.9811252243246882,0.7155626121623441,3,KG_TASK_EXPLICIT
754,359,0.7036509783442338,0.4358974358974359,0.3333333333333333,0.5384615384615384,0.9428090415820635,0.9714045207910318,0.7036509783442338,3,KG_TASK_EXPLICIT
754,411,0.6940355937288492,0.41666666666666663,0.3333333333333333,0.5,0.9428090415820635,0.9714045207910318,0.6940355937288492,3,KG_TASK_EXPLICIT
754,685,0.6914411954547721,0.5555555555555556,0.3333333333333333,0.7777777777777778,0.6546536707079772,0.8273268353539887,0.6914411954547721,4,KG_TASK_EXPLICIT
754,462,0.6876779967777287,0.3942307692307692,0.25,0.5384615384615384,0.9622504486493763,0.9811252243246882,0.6876779967777287,3,KG_TASK_EXPLICIT
754,264,0.6875,0.375,0.25,0.5,1.0000000000000002,1.0,0.6875,3,KG_TASK_EXPLICIT
754,41,0.6828176450109005,0.3942307692307692,0.25,0.5384615384615384,0.9428090415820635,0.9714045207910318,0.6828176450109005,3,KG_TASK_EXPLICIT
755,366,0.7213813508284179,0.46842105263157896,0.2,0.7368421052631579,0.9486832980505138,0.9743416490252569,0.7213813508284179,4,KG_TASK_EXPLICIT
755,359,0.6988609873371946,0.48947368421052634,0.4,0.5789473684210527,0.8164965809277259,0.9082482904638629,0.6988609873371946,3,KG_TASK_EXPLICIT
755,415,0.6523297491039426,0.3046594982078853,0.2222222222222222,0.3870967741935484,1.0,1.0,0.6523297491039426,4,KG_TASK_EXPLICIT
755,462,0.6512768978766298,0.3214285714285714,0.14285714285714285,0.5,0.9622504486493763,0.9811252243246882,0.6512768978766298,3,KG_TASK_EXPLICIT
755,149,0.6496212121212122,0.29924242424242425,0.18181818181818182,0.4166666666666667,1.0000000000000002,1.0,0.6496212121212122,3,KG_TASK_EXPLICIT
755,88,0.6444099378881988,0.2888198757763975,0.14285714285714285,0.43478260869565216,1.0000000000000002,1.0,0.6444099378881988,3,KG_TASK_EXPLICIT
755,402,0.6375,0.275,0.2,0.35,1.0000000000000002,1.0,0.6375,3,KG_TASK_EXPLICIT
755,362,0.6335403726708074,0.2670807453416149,0.14285714285714285,0.391304347826087,1.0000000000000002,1.0,0.6335403726708074,3,KG_TASK_EXPLICIT
755,505,0.6303418803418803,0.26068376068376065,0.07692307692307693,0.4444444444444444,1.0000000000000002,1.0,0.6303418803418803,3,KG_TASK_EXPLICIT
755,283,0.6111111111111112,0.2222222222222222,0.1111111111111111,0.3333333333333333,1.0,1.0,0.6111111111111112,4,KG_TASK_EXPLICIT
