source_drug_index,target_drug_index,edge_value,kg_structure_score,gene_jaccard,pathway_jaccard,task_similarity,normalized_task_similarity,combined_score,task_overlap_count,edge_origin
2,18,1.0,1.0,1.0,1.0,0.9258200997725516,0.9629100498862758,,6,STRUCTURE_ONLY
2,651,1.0,1.0,1.0,1.0,0.9561828874675149,0.9780914437337574,,4,STRUCTURE_ONLY
2,663,1.0,1.0,1.0,1.0,,,,2,STRUCTURE_ONLY
2,672,1.0,1.0,1.0,1.0,0.9476984899448786,0.9738492449724393,,16,STRUCTURE_ONLY
2,3,0.5833333333333333,0.5833333333333333,0.5,0.6666666666666666,0.9325048082403137,0.9662524041201568,,22,STRUCTURE_ONLY
2,81,0.16666666666666666,0.16666666666666666,0.0,0.3333333333333333,0.7559289460184544,0.8779644730092272,,4,STRUCTURE_ONLY
2,373,0.1,0.1,0.0,0.2,,,,2,STRUCTURE_ONLY
2,322,0.08333333333333333,0.08333333333333333,0.0,0.16666666666666666,,,,2,STRUCTURE_ONLY
2,552,0.07777777777777778,0.07777777777777778,0.1,0.05555555555555555,0.9428090415820635,0.9714045207910318,,3,STRUCTURE_ONLY
2,113,0.07142857142857142,0.07142857142857142,0.0,0.14285714285714285,,,,0,STRUCTURE_ONLY
3,2,0.5833333333333333,0.5833333333333333,0.5,0.6666666666666666,0.9325048082403137,0.9662524041201568,,22,STRUCTURE_ONLY
3,18,0.5833333333333333,0.5833333333333333,0.5,0.6666666666666666,0.9636241116594315,0.9818120558297158,,10,STRUCTURE_ONLY
3,651,0.5833333333333333,0.5833333333333333,0.5,0.6666666666666666,0.9166666666666669,0.9583333333333335,,6,STRUCTURE_ONLY
3,663,0.5833333333333333,0.5833333333333333,0.5,0.6666666666666666,-0.4999999999999999,0.25000000000000006,,5,STRUCTURE_ONLY
3,672,0.5833333333333333,0.5833333333333333,0.5,0.6666666666666666,0.8864052604279183,0.9432026302139591,,27,STRUCTURE_ONLY
3,373,0.2,0.2,0.0,0.4,0.9045340337332909,0.9522670168666454,,5,STRUCTURE_ONLY
3,629,0.14285714285714285,0.14285714285714285,0.0,0.2857142857142857,0.8528028654224419,0.9264014327112209,,9,STRUCTURE_ONLY
3,81,0.125,0.125,0.0,0.25,0.4472135954999579,0.7236067977499789,,12,STRUCTURE_ONLY
3,552,0.07248157248157248,0.07248157248157248,0.09090909090909091,0.05405405405405406,0.9486832980505138,0.9743416490252569,,6,STRUCTURE_ONLY
3,322,0.07142857142857142,0.07142857142857142,0.0,0.14285714285714285,0.9438798074485389,0.9719399037242695,,5,STRUCTURE_ONLY
6,564,0.4647058823529412,0.4647058823529412,0.4,0.5294117647058824,0.8451542547285165,0.9225771273642582,,5,STRUCTURE_ONLY
6,675,0.3333333333333333,0.3333333333333333,0.16666666666666666,0.5,,,,0,STRUCTURE_ONLY
6,167,0.305,0.305,0.25,0.36,0.9428090415820632,0.9714045207910316,,6,STRUCTURE_ONLY
6,344,0.2967032967032967,0.2967032967032967,0.2857142857142857,0.3076923076923077,0.8485281374238569,0.9242640687119285,,5,STRUCTURE_ONLY
6,350,0.293859649122807,0.293859649122807,0.16666666666666666,0.42105263157894735,0.5345224838248488,0.7672612419124244,,13,STRUCTURE_ONLY
6,419,0.2612781954887218,0.2612781954887218,0.2857142857142857,0.23684210526315788,0.6537204504606136,0.8268602252303068,,9,STRUCTURE_ONLY
6,202,0.21253071253071254,0.21253071253071254,0.18181818181818182,0.24324324324324326,0.6666666666666667,0.8333333333333334,,6,STRUCTURE_ONLY
6,213,0.20495495495495497,0.20495495495495497,0.16666666666666666,0.24324324324324326,0.8660254037844387,0.9330127018922194,,6,STRUCTURE_ONLY
6,63,0.19886363636363635,0.19886363636363635,0.125,0.2727272727272727,,,,2,STRUCTURE_ONLY
6,327,0.19805194805194803,0.19805194805194803,0.18181818181818182,0.21428571428571427,0.8944271909999159,0.9472135954999579,,6,STRUCTURE_ONLY
14,630,0.44047619047619047,0.44047619047619047,0.38095238095238093,0.5,0.9486832980505138,0.9743416490252569,,5,STRUCTURE_ONLY
14,154,0.4358974358974359,0.4358974358974359,0.3333333333333333,0.5384615384615384,,,,2,STRUCTURE_ONLY
14,721,0.4358695652173913,0.4358695652173913,0.35,0.5217391304347826,0.8696263565463043,0.9348131782731521,,13,STRUCTURE_ONLY
14,568,0.42872807017543857,0.42872807017543857,0.3157894736842105,0.5416666666666666,0.9561828874675149,0.9780914437337574,,7,STRUCTURE_ONLY
14,50,0.4274628879892038,0.4274628879892038,0.34615384615384615,0.5087719298245614,0.9525793444156805,0.9762896722078402,,6,STRUCTURE_ONLY
14,679,0.42138364779874216,0.42138364779874216,0.3333333333333333,0.5094339622641509,0.9999999999999999,1.0,,7,STRUCTURE_ONLY
14,513,0.41700404858299595,0.41700404858299595,0.3076923076923077,0.5263157894736842,0.8902638145194514,0.9451319072597257,,14,STRUCTURE_ONLY
14,375,0.4041666666666667,0.4041666666666667,0.35,0.4583333333333333,0.801387685344754,0.900693842672377,,20,STRUCTURE_ONLY
14,188,0.37103174603174605,0.37103174603174605,0.25,0.49206349206349204,0.8574929257125442,0.928746462856272,,16,STRUCTURE_ONLY
14,392,0.37072649572649574,0.37072649572649574,0.2222222222222222,0.5192307692307693,0.9185586535436917,0.9592793267718458,,9,STRUCTURE_ONLY
16,637,0.63,0.63,0.5,0.76,0.8660254037844387,0.9330127018922194,,4,STRUCTURE_ONLY
16,599,0.5875,0.5875,0.375,0.8,0.9707253433941511,0.9853626716970756,,4,STRUCTURE_ONLY
16,531,0.5446428571428572,0.5446428571428572,0.375,0.7142857142857143,0.8485281374238569,0.9242640687119285,,8,STRUCTURE_ONLY
16,674,0.541871921182266,0.541871921182266,0.42857142857142855,0.6551724137931034,,,,2,STRUCTURE_ONLY
16,321,0.5114942528735632,0.5114942528735632,0.3333333333333333,0.6896551724137931,0.8164965809277259,0.9082482904638629,,3,STRUCTURE_ONLY
16,41,0.5,0.5,0.5,0.5,0.9525793444156805,0.9762896722078402,,6,STRUCTURE_ONLY
16,676,0.49053030303030304,0.49053030303030304,0.375,0.6060606060606061,0.9707253433941511,0.9853626716970756,,4,STRUCTURE_ONLY
16,415,0.4833333333333333,0.4833333333333333,0.3333333333333333,0.6333333333333333,0.9594032236002469,0.9797016118001234,,9,STRUCTURE_ONLY
16,326,0.48119122257053293,0.48119122257053293,0.2727272727272727,0.6896551724137931,-0.35355339059327373,0.32322330470336313,,10,STRUCTURE_ONLY
16,324,0.4711111111111111,0.4711111111111111,0.2222222222222222,0.72,0.944911182523068,0.972455591261534,,4,STRUCTURE_ONLY
18,2,1.0,1.0,1.0,1.0,0.9258200997725516,0.9629100498862758,,6,STRUCTURE_ONLY
18,651,1.0,1.0,1.0,1.0,0.9622504486493763,0.9811252243246882,,3,STRUCTURE_ONLY
18,663,1.0,1.0,1.0,1.0,,,,1,STRUCTURE_ONLY
18,672,1.0,1.0,1.0,1.0,0.9434563530497265,0.9717281765248633,,10,STRUCTURE_ONLY
18,3,0.5833333333333333,0.5833333333333333,0.5,0.6666666666666666,0.9636241116594315,0.9818120558297158,,10,STRUCTURE_ONLY
18,81,0.16666666666666666,0.16666666666666666,0.0,0.3333333333333333,0.8164965809277259,0.9082482904638629,,3,STRUCTURE_ONLY
18,373,0.1,0.1,0.0,0.2,0.9622504486493763,0.9811252243246882,,3,STRUCTURE_ONLY
18,322,0.08333333333333333,0.08333333333333333,0.0,0.16666666666666666,0.9525793444156805,0.9762896722078402,,3,STRUCTURE_ONLY
18,552,0.07777777777777778,0.07777777777777778,0.1,0.05555555555555555,,,,1,STRUCTURE_ONLY
18,113,0.07142857142857142,0.07142857142857142,0.0,0.14285714285714285,,,,2,STRUCTURE_ONLY
21,224,0.075,0.075,0.025,0.125,0.5800147905657416,0.7900073952828708,,17,STRUCTURE_ONLY
21,515,0.07345013477088949,0.07345013477088949,0.07142857142857142,0.07547169811320754,0.9467292624062573,0.9733646312031287,,9,STRUCTURE_ONLY
21,54,0.06517094017094016,0.06517094017094016,0.027777777777777776,0.10256410256410256,0.12632278815997786,0.5631613940799889,,40,STRUCTURE_ONLY
21,566,0.05442942942942943,0.05442942942942943,0.027777777777777776,0.08108108108108109,0.861175112828923,0.9305875564144614,,18,STRUCTURE_ONLY
21,432,0.0537593984962406,0.0537593984962406,0.02857142857142857,0.07894736842105263,0.23904572186687872,0.6195228609334393,,8,STRUCTURE_ONLY
21,208,0.044645229869784746,0.044645229869784746,0.018867924528301886,0.07042253521126761,0.8563488385776753,0.9281744192888377,,6,STRUCTURE_ONLY
21,406,0.04344512195121951,0.04344512195121951,0.024390243902439025,0.0625,0.6009252125773316,0.8004626062886657,,36,STRUCTURE_ONLY
21,502,0.041041275797373364,0.041041275797373364,0.024390243902439025,0.057692307692307696,0.6666666666666667,0.8333333333333334,,6,STRUCTURE_ONLY
21,624,0.03971571906354515,0.03971571906354515,0.021739130434782608,0.057692307692307696,,,,2,STRUCTURE_ONLY
21,218,0.03614457831325301,0.03614457831325301,0.0,0.07228915662650602,0.9561828874675149,0.9780914437337574,,7,STRUCTURE_ONLY
22,362,0.65,0.65,0.5,0.8,,,,0,STRUCTURE_ONLY
22,268,0.3916666666666667,0.3916666666666667,0.2,0.5833333333333334,,,,0,STRUCTURE_ONLY
22,543,0.3916666666666667,0.3916666666666667,0.2,0.5833333333333334,,,,1,STRUCTURE_ONLY
22,701,0.3916666666666667,0.3916666666666667,0.2,0.5833333333333334,,,,0,STRUCTURE_ONLY
22,754,0.3916666666666667,0.3916666666666667,0.2,0.5833333333333334,,,,1,STRUCTURE_ONLY
22,746,0.375,0.375,0.16666666666666666,0.5833333333333334,,,,0,STRUCTURE_ONLY
22,508,0.3625,0.3625,0.125,0.6,,,,0,STRUCTURE_ONLY
22,727,0.35256410256410253,0.35256410256410253,0.16666666666666666,0.5384615384615384,,,,0,STRUCTURE_ONLY
22,176,0.34065934065934067,0.34065934065934067,0.14285714285714285,0.5384615384615384,,,,1,STRUCTURE_ONLY
22,527,0.3333333333333333,0.3333333333333333,0.16666666666666666,0.5,,,,0,STRUCTURE_ONLY
23,53,0.4762323943661972,0.4762323943661972,0.375,0.5774647887323944,0.8819171036881969,0.9409585518440984,,9,STRUCTURE_ONLY
23,249,0.4761072261072261,0.4761072261072261,0.34615384615384615,0.6060606060606061,0.8451542547285165,0.9225771273642582,,7,STRUCTURE_ONLY
23,446,0.42351973684210525,0.42351973684210525,0.28125,0.5657894736842105,0.9354143466934852,0.9677071733467426,,8,STRUCTURE_ONLY
23,455,0.4054621848739496,0.4054621848739496,0.42857142857142855,0.38235294117647056,0.7905694150420948,0.8952847075210474,,8,STRUCTURE_ONLY
23,630,0.3404605263157895,0.3404605263157895,0.3684210526315789,0.3125,,,,2,STRUCTURE_ONLY
23,154,0.32210144927536233,0.32210144927536233,0.2608695652173913,0.38333333333333336,1.0000000000000002,1.0,,3,STRUCTURE_ONLY
23,380,0.3129310344827586,0.3129310344827586,0.35,0.27586206896551724,0.9999999999999999,1.0,,7,STRUCTURE_ONLY
23,718,0.3042452830188679,0.3042452830188679,0.25,0.3584905660377358,1.0000000000000002,1.0,,3,STRUCTURE_ONLY
23,14,0.28530031612223394,0.28530031612223394,0.2692307692307692,0.3013698630136986,0.9233805168766386,0.9616902584383193,,20,STRUCTURE_ONLY
23,513,0.27963615023474175,0.27963615023474175,0.2916666666666667,0.2676056338028169,0.9647638212377322,0.982381910618866,,10,STRUCTURE_ONLY
24,161,0.6459677419354839,0.6459677419354839,0.55,0.7419354838709677,0.9486832980505138,0.9743416490252569,,4,STRUCTURE_ONLY
24,47,0.5461538461538462,0.5461538461538462,0.4,0.6923076923076923,0.6351931356955168,0.8175965678477584,,136,STRUCTURE_ONLY
24,479,0.5,0.5,0.4,0.6,0.9285714285714286,0.9642857142857143,,11,STRUCTURE_ONLY
24,169,0.49419279907084784,0.49419279907084784,0.47619047619047616,0.5121951219512195,0.6001056278865802,0.8000528139432901,,151,STRUCTURE_ONLY
24,244,0.4875,0.4875,0.5,0.475,0.48349377841522817,0.7417468892076141,,40,STRUCTURE_ONLY
24,631,0.4793233082706767,0.4793233082706767,0.3157894736842105,0.6428571428571429,0.6666666666666667,0.8333333333333334,,5,STRUCTURE_ONLY
24,282,0.4642857142857143,0.4642857142857143,0.42857142857142855,0.5,,,,2,STRUCTURE_ONLY
24,579,0.46218487394957986,0.46218487394957986,0.35294117647058826,0.5714285714285714,0.5128776445321725,0.7564388222660863,,17,STRUCTURE_ONLY
24,487,0.45351043643263755,0.45351043643263755,0.29411764705882354,0.6129032258064516,0.5735393346764044,0.7867696673382022,,33,STRUCTURE_ONLY
24,635,0.45,0.45,0.4,0.5,0.8178608201095309,0.9089304100547655,,20,STRUCTURE_ONLY
25,751,0.4866666666666667,0.4866666666666667,0.3333333333333333,0.64,0.4999999999999999,0.75,,3,STRUCTURE_ONLY
25,345,0.4631578947368421,0.4631578947368421,0.4,0.5263157894736842,1.0,1.0,,4,STRUCTURE_ONLY
25,394,0.3712121212121212,0.3712121212121212,0.3333333333333333,0.4090909090909091,0.8944271909999159,0.9472135954999579,,5,STRUCTURE_ONLY
25,633,0.3677248677248677,0.3677248677248677,0.14285714285714285,0.5925925925925926,0.9258200997725514,0.9629100498862757,,7,STRUCTURE_ONLY
25,375,0.32471264367816094,0.32471264367816094,0.16666666666666666,0.4827586206896552,0.4803844614152615,0.7401922307076307,,12,STRUCTURE_ONLY
25,280,0.3,0.3,0.16666666666666666,0.43333333333333335,0.686406472983644,0.843203236491822,,5,STRUCTURE_ONLY
25,46,0.2944444444444444,0.2944444444444444,0.2222222222222222,0.36666666666666664,1.0000000000000002,1.0,,3,STRUCTURE_ONLY
25,630,0.29038461538461535,0.29038461538461535,0.23076923076923078,0.35,0.8660254037844387,0.9330127018922194,,4,STRUCTURE_ONLY
25,388,0.28321678321678323,0.28321678321678323,0.18181818181818182,0.38461538461538464,0.6681531047810609,0.8340765523905305,,13,STRUCTURE_ONLY
25,264,0.27989130434782605,0.27989130434782605,0.125,0.43478260869565216,0.9128709291752769,0.9564354645876385,,6,STRUCTURE_ONLY
26,318,0.6666666666666666,0.6666666666666666,0.6666666666666666,0.6666666666666666,0.8728715609439696,0.9364357804719847,,6,STRUCTURE_ONLY
26,180,0.4111111111111111,0.4111111111111111,0.6,0.2222222222222222,0.8944271909999159,0.9472135954999579,,6,STRUCTURE_ONLY
26,193,0.38636363636363635,0.38636363636363635,0.5,0.2727272727272727,0.7216878364870323,0.8608439182435161,,9,STRUCTURE_ONLY
26,207,0.35,0.35,0.5,0.2,,,,2,STRUCTURE_ONLY
26,545,0.3269230769230769,0.3269230769230769,0.5,0.15384615384615385,1.0,1.0,,4,STRUCTURE_ONLY
26,352,0.3222222222222222,0.3222222222222222,0.2,0.4444444444444444,,,,0,STRUCTURE_ONLY
26,401,0.3055555555555555,0.3055555555555555,0.16666666666666666,0.4444444444444444,0.8003267306650412,0.9001633653325206,,21,STRUCTURE_ONLY
26,348,0.25271739130434784,0.25271739130434784,0.375,0.13043478260869565,,,,2,STRUCTURE_ONLY
26,176,0.23333333333333334,0.23333333333333334,0.3333333333333333,0.13333333333333333,0.2886751345948129,0.6443375672974064,,6,STRUCTURE_ONLY
26,338,0.2121212121212121,0.2121212121212121,0.3333333333333333,0.09090909090909091,,,,1,STRUCTURE_ONLY
27,527,0.8020833333333333,0.8020833333333333,0.6666666666666666,0.9375,,,,0,STRUCTURE_ONLY
27,436,0.680952380952381,0.680952380952381,0.6,0.7619047619047619,,,,0,STRUCTURE_ONLY
27,554,0.680952380952381,0.680952380952381,0.6,0.7619047619047619,0.4082482904638631,0.7041241452319316,,3,STRUCTURE_ONLY
27,118,0.575,0.575,0.4,0.75,,,,0,STRUCTURE_ONLY
27,752,0.5238095238095238,0.5238095238095238,0.3333333333333333,0.7142857142857143,1.0000000000000002,1.0,,3,STRUCTURE_ONLY
27,135,0.45416666666666666,0.45416666666666666,0.375,0.5333333333333333,,,,1,STRUCTURE_ONLY
27,702,0.4462962962962963,0.4462962962962963,0.3,0.5925925925925926,,,,1,STRUCTURE_ONLY
27,242,0.40371621621621623,0.40371621621621623,0.375,0.43243243243243246,,,,2,STRUCTURE_ONLY
27,268,0.38541666666666663,0.38541666666666663,0.3333333333333333,0.4375,,,,0,STRUCTURE_ONLY
27,543,0.38541666666666663,0.38541666666666663,0.3333333333333333,0.4375,,,,0,STRUCTURE_ONLY
28,373,0.0625,0.0625,0.0,0.125,0.9999999999999998,0.9999999999999999,,5,STRUCTURE_ONLY
28,322,0.05555555555555555,0.05555555555555555,0.0,0.1111111111111111,0.7071067811865476,0.8535533905932737,,5,STRUCTURE_ONLY
28,148,0.05,0.05,0.0,0.1,-0.5262348115842176,0.2368825942078912,,13,STRUCTURE_ONLY
28,355,0.05,0.05,0.0,0.1,0.7744030926623664,0.8872015463311832,,24,STRUCTURE_ONLY
28,629,0.05,0.05,0.0,0.1,0.5604485383178051,0.7802242691589025,,11,STRUCTURE_ONLY
28,418,0.047619047619047616,0.047619047619047616,0.0,0.09523809523809523,0.728810888813495,0.8644054444067475,,14,STRUCTURE_ONLY
28,40,0.045454545454545456,0.045454545454545456,0.0,0.09090909090909091,0.3651483716701107,0.6825741858350554,,7,STRUCTURE_ONLY
28,175,0.045454545454545456,0.045454545454545456,0.0,0.09090909090909091,0.49099025303098287,0.7454951265154914,,15,STRUCTURE_ONLY
28,669,0.045454545454545456,0.045454545454545456,0.0,0.09090909090909091,0.75,0.875,,10,STRUCTURE_ONLY
28,274,0.041666666666666664,0.041666666666666664,0.0,0.08333333333333333,0.7715167498104595,0.8857583749052298,,8,STRUCTURE_ONLY
29,429,0.46257267441860467,0.46257267441860467,0.34375,0.5813953488372093,0.8660254037844387,0.9330127018922194,,8,STRUCTURE_ONLY
29,186,0.36363636363636365,0.36363636363636365,0.2727272727272727,0.45454545454545453,,,,1,STRUCTURE_ONLY
29,222,0.3396031417941298,0.3396031417941298,0.17073170731707318,0.5084745762711864,,,,0,STRUCTURE_ONLY
29,307,0.32261904761904764,0.32261904761904764,0.22857142857142856,0.4166666666666667,-0.5,0.25,,4,STRUCTURE_ONLY
29,360,0.32168942521435373,0.32168942521435373,0.2553191489361702,0.3880597014925373,,,,2,STRUCTURE_ONLY
29,160,0.31842105263157894,0.31842105263157894,0.23684210526315788,0.4,1.0000000000000002,1.0,,3,STRUCTURE_ONLY
29,458,0.3180813439434129,0.3180813439434129,0.20512820512820512,0.43103448275862066,,,,2,STRUCTURE_ONLY
29,367,0.31649616368286443,0.31649616368286443,0.17647058823529413,0.45652173913043476,-0.2886751345948129,0.35566243270259357,,4,STRUCTURE_ONLY
29,244,0.3111111111111111,0.3111111111111111,0.2222222222222222,0.4,0.9428090415820635,0.9714045207910318,,3,STRUCTURE_ONLY
29,57,0.3088235294117647,0.3088235294117647,0.20588235294117646,0.4117647058823529,,,,2,STRUCTURE_ONLY
31,503,0.8813131313131313,0.8813131313131313,0.9444444444444444,0.8181818181818182,0.6666666666666667,0.8333333333333334,,10,STRUCTURE_ONLY
31,269,0.7893772893772895,0.7893772893772895,0.8095238095238095,0.7692307692307693,0.7071067811865475,0.8535533905932737,,4,STRUCTURE_ONLY
31,140,0.768796992481203,0.768796992481203,0.8947368421052632,0.6428571428571429,0.6666666666666667,0.8333333333333334,,16,STRUCTURE_ONLY
31,354,0.7261904761904763,0.7261904761904763,0.8095238095238095,0.6428571428571429,0.8017837257372731,0.9008918628686365,,4,STRUCTURE_ONLY
31,55,0.725,0.725,0.85,0.6,1.0,1.0,,3,STRUCTURE_ONLY
31,561,0.7047619047619047,0.7047619047619047,0.8095238095238095,0.6,0.9428090415820635,0.9714045207910318,,3,STRUCTURE_ONLY
31,557,0.6324786324786325,0.6324786324786325,0.6538461538461539,0.6111111111111112,0.5345224838248487,0.7672612419124243,,7,STRUCTURE_ONLY
31,559,0.5868347338935573,0.5868347338935573,0.7619047619047619,0.4117647058823529,0.7499999999999999,0.875,,5,STRUCTURE_ONLY
31,443,0.5863636363636364,0.5863636363636364,0.7727272727272727,0.4,0.6405126152203486,0.8202563076101743,,7,STRUCTURE_ONLY
31,117,0.5542857142857143,0.5542857142857143,0.68,0.42857142857142855,0.6396021490668313,0.8198010745334157,,8,STRUCTURE_ONLY
32,178,0.5576923076923077,0.5576923076923077,0.5,0.6153846153846154,0.8888888888888888,0.9444444444444444,,6,STRUCTURE_ONLY
32,492,0.5166666666666666,0.5166666666666666,0.5,0.5333333333333333,0.8366600265340756,0.9183300132670378,,4,STRUCTURE_ONLY
32,414,0.5,0.5,0.3333333333333333,0.6666666666666666,,,,0,STRUCTURE_ONLY
32,35,0.4852941176470588,0.4852941176470588,0.5,0.47058823529411764,,,,2,STRUCTURE_ONLY
32,525,0.475,0.475,0.25,0.7,1.0,1.0,,4,STRUCTURE_ONLY
32,385,0.47435897435897434,0.47435897435897434,0.3333333333333333,0.6153846153846154,1.0000000000000002,1.0,,3,STRUCTURE_ONLY
32,127,0.43529411764705883,0.43529411764705883,0.4,0.47058823529411764,0.944911182523068,0.972455591261534,,4,STRUCTURE_ONLY
32,546,0.43333333333333335,0.43333333333333335,0.3333333333333333,0.5333333333333333,1.0000000000000002,1.0,,3,STRUCTURE_ONLY
32,558,0.41666666666666663,0.41666666666666663,0.3333333333333333,0.5,0.4999999999999999,0.75,,5,STRUCTURE_ONLY
32,44,0.4015151515151515,0.4015151515151515,0.16666666666666666,0.6363636363636364,,,,1,STRUCTURE_ONLY
33,693,0.5082417582417582,0.5082417582417582,0.23076923076923078,0.7857142857142857,0.7453559924999299,0.8726779962499649,,21,STRUCTURE_ONLY
33,465,0.3352272727272727,0.3352272727272727,0.5,0.17045454545454544,0.9021097956087903,0.9510548978043951,,15,STRUCTURE_ONLY
33,47,0.32610993657505283,0.32610993657505283,0.45454545454545453,0.19767441860465115,0.600099198148979,0.8000495990744896,,32,STRUCTURE_ONLY
33,375,0.2934312878133103,0.2934312878133103,0.38461538461538464,0.20224719101123595,0.5914961748546856,0.7957480874273428,,29,STRUCTURE_ONLY
33,429,0.2923913043478261,0.2923913043478261,0.4,0.18478260869565216,0.7309738846478072,0.8654869423239036,,28,STRUCTURE_ONLY
33,280,0.28675213675213673,0.28675213675213673,0.38461538461538464,0.18888888888888888,0.9197090092274486,0.9598545046137243,,8,STRUCTURE_ONLY
33,466,0.2846989966555184,0.2846989966555184,0.38461538461538464,0.18478260869565216,0.2631174057921088,0.6315587028960544,,10,STRUCTURE_ONLY
33,149,0.28054298642533937,0.28054298642533937,0.38461538461538464,0.17647058823529413,0.19766648444296034,0.5988332422214802,,33,STRUCTURE_ONLY
33,24,0.2775941837409121,0.2775941837409121,0.35294117647058826,0.20224719101123595,0.39088155249705214,0.6954407762485261,,41,STRUCTURE_ONLY
33,583,0.27692307692307694,0.27692307692307694,0.4,0.15384615384615385,0.9999999999999999,1.0,,4,STRUCTURE_ONLY
35,178,0.5894736842105264,0.5894736842105264,0.6,0.5789473684210527,0.9296696802013682,0.9648348401006841,,11,STRUCTURE_ONLY
35,487,0.5769230769230769,0.5769230769230769,0.5,0.6538461538461539,0.8249579113843053,0.9124789556921526,,10,STRUCTURE_ONLY
35,492,0.5619047619047619,0.5619047619047619,0.6,0.5238095238095238,0.9302605094190635,0.9651302547095317,,14,STRUCTURE_ONLY
35,127,0.5595238095238095,0.5595238095238095,0.5,0.6190476190476191,0.75,0.875,,5,STRUCTURE_ONLY
35,385,0.5037593984962406,0.5037593984962406,0.42857142857142855,0.5789473684210527,0.9999999999999999,1.0,,7,STRUCTURE_ONLY
35,32,0.4852941176470588,0.4852941176470588,0.5,0.47058823529411764,,,,2,STRUCTURE_ONLY
35,546,0.47619047619047616,0.47619047619047616,0.42857142857142855,0.5238095238095238,0.9258200997725514,0.9629100498862757,,7,STRUCTURE_ONLY
35,129,0.45238095238095233,0.45238095238095233,0.3333333333333333,0.5714285714285714,0.7071067811865475,0.8535533905932737,,4,STRUCTURE_ONLY
35,479,0.4361111111111111,0.4361111111111111,0.2222222222222222,0.65,0.9486832980505138,0.9743416490252569,,5,STRUCTURE_ONLY
35,110,0.43333333333333335,0.43333333333333335,0.5,0.36666666666666664,0.9116846116771036,0.9558423058385518,,8,STRUCTURE_ONLY
36,636,0.7619047619047619,0.7619047619047619,0.6666666666666666,0.8571428571428571,0.9128709291752767,0.9564354645876383,,9,STRUCTURE_ONLY
36,462,0.7115384615384616,0.7115384615384616,0.5,0.9230769230769231,0.9073928715621603,0.9536964357810802,,12,STRUCTURE_ONLY
36,685,0.675,0.675,0.6,0.75,0.6622661785325219,0.831133089266261,,23,STRUCTURE_ONLY
36,282,0.6428571428571428,0.6428571428571428,0.5714285714285714,0.7142857142857143,,,,1,STRUCTURE_ONLY
36,366,0.5972222222222222,0.5972222222222222,0.4444444444444444,0.75,0.0,0.5,,14,STRUCTURE_ONLY
36,465,0.5857142857142856,0.5857142857142856,0.5714285714285714,0.6,0.6943650748294136,0.8471825374147068,,10,STRUCTURE_ONLY
36,530,0.575,0.575,0.4,0.75,0.5070925528371099,0.753546276418555,,15,STRUCTURE_ONLY
36,686,0.575,0.575,0.4,0.75,0.944911182523068,0.972455591261534,,4,STRUCTURE_ONLY
36,264,0.5625,0.5625,0.5,0.625,0.7071067811865475,0.8535533905932737,,10,STRUCTURE_ONLY
36,297,0.5625,0.5625,0.375,0.75,0.9999999999999998,0.9999999999999999,,5,STRUCTURE_ONLY
37,348,0.3333333333333333,0.3333333333333333,0.3333333333333333,0.3333333333333333,,,,0,STRUCTURE_ONLY
37,193,0.29166666666666663,0.29166666666666663,0.25,0.3333333333333333,0.5345224838248487,0.7672612419124243,,4,STRUCTURE_ONLY
37,91,0.21929824561403508,0.21929824561403508,0.10526315789473684,0.3333333333333333,0.8504200642707612,0.9252100321353807,,5,STRUCTURE_ONLY
37,228,0.21296296296296297,0.21296296296296297,0.16666666666666666,0.25925925925925924,1.0000000000000002,1.0,,3,STRUCTURE_ONLY
37,409,0.20757575757575758,0.20757575757575758,0.18181818181818182,0.23333333333333334,,,,1,STRUCTURE_ONLY
37,224,0.19090909090909092,0.19090909090909092,0.18181818181818182,0.2,0.7977240352174656,0.8988620176087327,,5,STRUCTURE_ONLY
37,502,0.19047619047619047,0.19047619047619047,0.16666666666666666,0.21428571428571427,0.4082482904638631,0.7041241452319316,,3,STRUCTURE_ONLY
37,290,0.18846153846153846,0.18846153846153846,0.07692307692307693,0.3,0.9622504486493763,0.9811252243246882,,3,STRUCTURE_ONLY
37,227,0.18458781362007168,0.18458781362007168,0.1111111111111111,0.25806451612903225,0.9428090415820635,0.9714045207910318,,3,STRUCTURE_ONLY
37,311,0.1607142857142857,0.1607142857142857,0.07142857142857142,0.25,,,,0,STRUCTURE_ONLY
38,75,0.1983273596176822,0.1983273596176822,0.24074074074074073,0.15591397849462366,,,,0,STRUCTURE_ONLY
38,200,0.16764201392392292,0.16764201392392292,0.1320754716981132,0.20320855614973263,0.9707253433941511,0.9853626716970756,,4,STRUCTURE_ONLY
38,112,0.16724716202270382,0.16724716202270382,0.1568627450980392,0.17763157894736842,-0.7745966692414834,0.1127016653792583,,5,STRUCTURE_ONLY
38,466,0.1583607025560474,0.1583607025560474,0.14893617021276595,0.16778523489932887,,,,2,STRUCTURE_ONLY
38,241,0.14967873831775702,0.14967873831775702,0.09375,0.205607476635514,0.7526178090063818,0.8763089045031909,,11,STRUCTURE_ONLY
38,638,0.1492355237475602,0.1492355237475602,0.08620689655172414,0.21226415094339623,,,,1,STRUCTURE_ONLY
38,266,0.14729046054347258,0.14729046054347258,0.10843373493975904,0.18614718614718614,0.9438798074485389,0.9719399037242695,,5,STRUCTURE_ONLY
38,255,0.1455721003134796,0.1455721003134796,0.1206896551724138,0.17045454545454544,,,,1,STRUCTURE_ONLY
38,160,0.14392873886544771,0.14392873886544771,0.12962962962962962,0.15822784810126583,,,,1,STRUCTURE_ONLY
38,461,0.1435064935064935,0.1435064935064935,0.10606060606060606,0.18095238095238095,,,,2,STRUCTURE_ONLY
39,280,0.49376114081996436,0.49376114081996436,0.4117647058823529,0.5757575757575758,0.8660254037844387,0.9330127018922194,,4,STRUCTURE_ONLY
39,341,0.46785714285714286,0.46785714285714286,0.4,0.5357142857142857,0.9128709291752769,0.9564354645876385,,7,STRUCTURE_ONLY
39,375,0.419457735247209,0.419457735247209,0.2631578947368421,0.5757575757575758,0.7938566201357354,0.8969283100678678,,13,STRUCTURE_ONLY
39,282,0.41428571428571426,0.41428571428571426,0.4,0.42857142857142855,,,,0,STRUCTURE_ONLY
39,721,0.4095238095238095,0.4095238095238095,0.3333333333333333,0.4857142857142857,0.6999999999999998,0.8499999999999999,,9,STRUCTURE_ONLY
39,36,0.38095238095238093,0.38095238095238093,0.3333333333333333,0.42857142857142855,0.5477225575051661,0.773861278752583,,14,STRUCTURE_ONLY
39,154,0.38002114164904865,0.38002114164904865,0.3181818181818182,0.4418604651162791,,,,2,STRUCTURE_ONLY
39,50,0.375,0.375,0.3333333333333333,0.4166666666666667,0.8728715609439696,0.9364357804719847,,4,STRUCTURE_ONLY
39,591,0.3729166666666667,0.3729166666666667,0.3125,0.43333333333333335,,,,0,STRUCTURE_ONLY
39,366,0.37222222222222223,0.37222222222222223,0.2777777777777778,0.4666666666666667,0.5677749739576687,0.7838874869788344,,14,STRUCTURE_ONLY
40,691,0.3719806763285024,0.3719806763285024,0.2222222222222222,0.5217391304347826,,,,1,STRUCTURE_ONLY
40,115,0.3295454545454546,0.3295454545454546,0.25,0.4090909090909091,0.5773502691896257,0.7886751345948129,,6,STRUCTURE_ONLY
40,506,0.3125,0.3125,0.25,0.375,0.944911182523068,0.972455591261534,,4,STRUCTURE_ONLY
40,231,0.3080459770114943,0.3080459770114943,0.13333333333333333,0.4827586206896552,0.8864052604279183,0.9432026302139591,,8,STRUCTURE_ONLY
40,422,0.30000000000000004,0.30000000000000004,0.2,0.4,0.9467292624062573,0.9733646312031287,,6,STRUCTURE_ONLY
40,268,0.28421052631578947,0.28421052631578947,0.2,0.3684210526315789,,,,2,STRUCTURE_ONLY
40,543,0.28421052631578947,0.28421052631578947,0.2,0.3684210526315789,0.944911182523068,0.972455591261534,,4,STRUCTURE_ONLY
40,701,0.28421052631578947,0.28421052631578947,0.2,0.3684210526315789,1.0,1.0,,3,STRUCTURE_ONLY
40,754,0.28421052631578947,0.28421052631578947,0.2,0.3684210526315789,,,,1,STRUCTURE_ONLY
40,530,0.2833333333333333,0.2833333333333333,0.16666666666666666,0.4,0.8888888888888888,0.9444444444444444,,6,STRUCTURE_ONLY
41,530,0.5961538461538461,0.5961538461538461,0.5,0.6923076923076923,0.882522608121828,0.941261304060914,,8,STRUCTURE_ONLY
41,686,0.5961538461538461,0.5961538461538461,0.5,0.6923076923076923,,,,1,STRUCTURE_ONLY
41,685,0.5461538461538462,0.5461538461538462,0.4,0.6923076923076923,0.9266964086291873,0.9633482043145937,,18,STRUCTURE_ONLY
41,715,0.5214285714285715,0.5214285714285715,0.4,0.6428571428571429,0.7071067811865475,0.8535533905932737,,4,STRUCTURE_ONLY
41,16,0.5,0.5,0.5,0.5,0.9525793444156805,0.9762896722078402,,6,STRUCTURE_ONLY
41,717,0.4666666666666667,0.4666666666666667,0.3333333333333333,0.6,,,,2,STRUCTURE_ONLY
41,590,0.44166666666666665,0.44166666666666665,0.3333333333333333,0.55,,,,2,STRUCTURE_ONLY
41,462,0.43137254901960786,0.43137254901960786,0.3333333333333333,0.5294117647058824,0.9525793444156805,0.9762896722078402,,9,STRUCTURE_ONLY
41,719,0.43137254901960786,0.43137254901960786,0.3333333333333333,0.5294117647058824,0.9525793444156805,0.9762896722078402,,6,STRUCTURE_ONLY
41,36,0.42410714285714285,0.42410714285714285,0.2857142857142857,0.5625,0.7071067811865475,0.8535533905932737,,14,STRUCTURE_ONLY
42,183,0.4955357142857143,0.4955357142857143,0.42857142857142855,0.5625,0.9309493362512627,0.9654746681256314,,10,STRUCTURE_ONLY
42,654,0.4375,0.4375,0.375,0.5,0.9486832980505138,0.9743416490252569,,7,STRUCTURE_ONLY
42,414,0.425,0.425,0.25,0.6,0.8164965809277259,0.9082482904638629,,3,STRUCTURE_ONLY
42,428,0.41666666666666663,0.41666666666666663,0.3333333333333333,0.5,0.9999999999999998,0.9999999999999999,,5,STRUCTURE_ONLY
42,32,0.3977272727272727,0.3977272727272727,0.25,0.5454545454545454,1.0000000000000002,1.0,,3,STRUCTURE_ONLY
42,44,0.36309523809523814,0.36309523809523814,0.14285714285714285,0.5833333333333334,0.8164965809277259,0.9082482904638629,,3,STRUCTURE_ONLY
42,451,0.36160714285714285,0.36160714285714285,0.2857142857142857,0.4375,1.0000000000000002,1.0,,3,STRUCTURE_ONLY
42,558,0.3557692307692308,0.3557692307692308,0.25,0.46153846153846156,0.8944271909999159,0.9472135954999579,,6,STRUCTURE_ONLY
42,563,0.35454545454545455,0.35454545454545455,0.3,0.4090909090909091,0.9198662110078,0.9599331055039,,10,STRUCTURE_ONLY
42,525,0.35,0.35,0.2,0.5,0.8333333333333335,0.9166666666666667,,3,STRUCTURE_ONLY
43,164,0.487012987012987,0.487012987012987,0.5454545454545454,0.42857142857142855,,,,1,STRUCTURE_ONLY
43,195,0.42058823529411765,0.42058823529411765,0.4,0.4411764705882353,0.7348469228349533,0.8674234614174767,,6,STRUCTURE_ONLY
43,95,0.3602442333785617,0.3602442333785617,0.2727272727272727,0.44776119402985076,0.944911182523068,0.972455591261534,,4,STRUCTURE_ONLY
43,550,0.30351307189542487,0.30351307189542487,0.17647058823529413,0.4305555555555556,,,,1,STRUCTURE_ONLY
43,320,0.3031746031746032,0.3031746031746032,0.4,0.20634920634920634,0.9375,0.96875,,7,STRUCTURE_ONLY
43,305,0.24780976220275347,0.24780976220275347,0.17647058823529413,0.3191489361702128,0.7190924955066749,0.8595462477533374,,8,STRUCTURE_ONLY
43,144,0.24135375494071148,0.24135375494071148,0.13043478260869565,0.3522727272727273,,,,1,STRUCTURE_ONLY
43,397,0.14646464646464646,0.14646464646464646,0.18181818181818182,0.1111111111111111,,,,2,STRUCTURE_ONLY
43,426,0.13143631436314362,0.13143631436314362,0.05555555555555555,0.2073170731707317,,,,2,STRUCTURE_ONLY
43,430,0.09883720930232558,0.09883720930232558,0.0,0.19767441860465115,-0.6666666666666667,0.16666666666666663,,3,STRUCTURE_ONLY
44,283,0.5669642857142857,0.5669642857142857,0.5714285714285714,0.5625,0.8164965809277261,0.9082482904638631,,4,STRUCTURE_ONLY
44,525,0.45833333333333337,0.45833333333333337,0.3333333333333333,0.5833333333333334,0.33333333333333337,0.6666666666666667,,3,STRUCTURE_ONLY
44,115,0.4017857142857143,0.4017857142857143,0.42857142857142855,0.375,0.8017837257372731,0.9008918628686365,,4,STRUCTURE_ONLY
44,32,0.4015151515151515,0.4015151515151515,0.16666666666666666,0.6363636363636364,,,,1,STRUCTURE_ONLY
44,42,0.36309523809523814,0.36309523809523814,0.14285714285714285,0.5833333333333334,0.8164965809277259,0.9082482904638629,,3,STRUCTURE_ONLY
44,414,0.356060606060606,0.356060606060606,0.16666666666666666,0.5454545454545454,0.5773502691896258,0.7886751345948129,,4,STRUCTURE_ONLY
44,274,0.35,0.35,0.5,0.2,0.7071067811865475,0.8535533905932737,,3,STRUCTURE_ONLY
44,231,0.33384615384615385,0.33384615384615385,0.3076923076923077,0.36,0.6324555320336759,0.816227766016838,,8,STRUCTURE_ONLY
44,610,0.32456140350877194,0.32456140350877194,0.3333333333333333,0.3157894736842105,,,,0,STRUCTURE_ONLY
44,126,0.3090185676392573,0.3090185676392573,0.3076923076923077,0.3103448275862069,0.7144345083117604,0.8572172541558802,,9,STRUCTURE_ONLY
45,297,0.7763975155279503,0.7763975155279503,0.8571428571428571,0.6956521739130435,0.8944271909999159,0.9472135954999579,,6,STRUCTURE_ONLY
45,158,0.520979020979021,0.520979020979021,0.2727272727272727,0.7692307692307693,-0.21320071635561047,0.3933996418221948,,6,STRUCTURE_ONLY
45,466,0.5114942528735632,0.5114942528735632,0.3333333333333333,0.6896551724137931,0.9128709291752769,0.9564354645876385,,6,STRUCTURE_ONLY
45,598,0.5108695652173914,0.5108695652173914,0.5,0.5217391304347826,1.0000000000000002,1.0,,3,STRUCTURE_ONLY
45,160,0.48202614379084974,0.48202614379084974,0.35294117647058826,0.6111111111111112,0.9999999999999998,0.9999999999999999,,5,STRUCTURE_ONLY
45,427,0.4763636363636364,0.4763636363636364,0.2727272727272727,0.68,0.17503501050350123,0.5875175052517506,,16,STRUCTURE_ONLY
45,112,0.4744318181818182,0.4744318181818182,0.3125,0.6363636363636364,0.8409632877462002,0.9204816438731,,19,STRUCTURE_ONLY
45,499,0.46969696969696967,0.46969696969696967,0.2727272727272727,0.6666666666666666,-0.06900655593423542,0.4654967220328823,,14,STRUCTURE_ONLY
45,528,0.44666666666666666,0.44666666666666666,0.3333333333333333,0.56,,,,0,STRUCTURE_ONLY
45,678,0.4444444444444444,0.4444444444444444,0.3333333333333333,0.5555555555555556,0.7378647873726218,0.8689323936863109,,6,STRUCTURE_ONLY
46,440,0.4652777777777778,0.4652777777777778,0.2222222222222222,0.7083333333333334,,,,0,STRUCTURE_ONLY
46,583,0.45726495726495725,0.45726495726495725,0.2222222222222222,0.6923076923076923,,,,1,STRUCTURE_ONLY
46,467,0.42207792207792205,0.42207792207792205,0.2727272727272727,0.5714285714285714,,,,2,STRUCTURE_ONLY
46,213,0.421875,0.421875,0.25,0.59375,,,,2,STRUCTURE_ONLY
46,674,0.421455938697318,0.421455938697318,0.2222222222222222,0.6206896551724138,1.0000000000000002,1.0,,3,STRUCTURE_ONLY
46,364,0.4202702702702703,0.4202702702702703,0.3,0.5405405405405406,,,,2,STRUCTURE_ONLY
46,599,0.41481481481481486,0.41481481481481486,0.2,0.6296296296296297,,,,2,STRUCTURE_ONLY
46,611,0.41233766233766234,0.41233766233766234,0.18181818181818182,0.6428571428571429,,,,2,STRUCTURE_ONLY
46,97,0.41208791208791207,0.41208791208791207,0.2857142857142857,0.5384615384615384,,,,1,STRUCTURE_ONLY
46,531,0.41034482758620694,0.41034482758620694,0.2,0.6206896551724138,0.8164965809277259,0.9082482904638629,,3,STRUCTURE_ONLY
47,601,0.5625,0.5625,0.375,0.75,0.9486832980505138,0.9743416490252569,,4,STRUCTURE_ONLY
47,648,0.5595238095238095,0.5595238095238095,0.5,0.6190476190476191,0.8610567718228918,0.9305283859114459,,16,STRUCTURE_ONLY
47,479,0.5571428571428572,0.5571428571428572,0.4,0.7142857142857143,0.8703882797784892,0.9351941398892446,,9,STRUCTURE_ONLY
47,418,0.5511363636363636,0.5511363636363636,0.375,0.7272727272727273,0.8664485777182117,0.9332242888591058,,11,STRUCTURE_ONLY
47,24,0.5461538461538462,0.5461538461538462,0.4,0.6923076923076923,0.6351931356955168,0.8175965678477584,,136,STRUCTURE_ONLY
47,129,0.5446428571428572,0.5446428571428572,0.375,0.7142857142857143,0.8164965809277259,0.9082482904638629,,5,STRUCTURE_ONLY
47,149,0.5075757575757576,0.5075757575757576,0.3333333333333333,0.6818181818181818,0.27595802701601524,0.6379790135080077,,93,STRUCTURE_ONLY
47,579,0.5,0.5,0.3333333333333333,0.6666666666666666,0.6052275326688025,0.8026137663344013,,15,STRUCTURE_ONLY
47,155,0.4935064935064935,0.4935064935064935,0.2727272727272727,0.7142857142857143,-0.2731999872878377,0.36340000635608116,,29,STRUCTURE_ONLY
47,465,0.49145299145299143,0.49145299145299143,0.4444444444444444,0.5384615384615384,0.6390214842634575,0.8195107421317287,,18,STRUCTURE_ONLY
48,591,0.5767543859649122,0.5767543859649122,0.4166666666666667,0.7368421052631579,,,,0,STRUCTURE_ONLY
48,648,0.5087719298245614,0.5087719298245614,0.3333333333333333,0.6842105263157895,0.25724787771376323,0.6286239388568816,,16,STRUCTURE_ONLY
48,36,0.5,0.5,0.3333333333333333,0.6666666666666666,0.4444444444444444,0.7222222222222222,,23,STRUCTURE_ONLY
48,465,0.5,0.5,0.4166666666666667,0.5833333333333334,0.39391929857916763,0.6969596492895838,,18,STRUCTURE_ONLY
48,282,0.48717948717948717,0.48717948717948717,0.3076923076923077,0.6666666666666666,,,,1,STRUCTURE_ONLY
48,486,0.48125,0.48125,0.3125,0.65,-0.47809144373375745,0.2609542781331213,,11,STRUCTURE_ONLY
48,636,0.4666666666666667,0.4666666666666667,0.3333333333333333,0.6,0.2773500981126146,0.6386750490563073,,7,STRUCTURE_ONLY
48,722,0.4642105263157895,0.4642105263157895,0.3684210526315789,0.56,0.5773502691896258,0.7886751345948129,,3,STRUCTURE_ONLY
48,306,0.4407894736842105,0.4407894736842105,0.25,0.631578947368421,0.17149858514250882,0.5857492925712544,,11,STRUCTURE_ONLY
48,462,0.4407894736842105,0.4407894736842105,0.25,0.631578947368421,-0.1690308509457033,0.4154845745271484,,20,STRUCTURE_ONLY
49,271,1.0,1.0,1.0,1.0,0.7999999999999998,0.8999999999999999,,6,STRUCTURE_ONLY
49,474,0.6388888888888888,0.6388888888888888,0.5,0.7777777777777778,0.7071067811865475,0.8535533905932737,,5,STRUCTURE_ONLY
49,659,0.6388888888888888,0.6388888888888888,0.5,0.7777777777777778,0.10540925533894598,0.552704627669473,,6,STRUCTURE_ONLY
49,67,0.5166666666666666,0.5166666666666666,0.3333333333333333,0.7,0.9237604307034011,0.9618802153517005,,6,STRUCTURE_ONLY
49,395,0.5,0.5,0.5,0.5,1.0,1.0,,4,STRUCTURE_ONLY
49,408,0.4431818181818182,0.4431818181818182,0.25,0.6363636363636364,0.8164965809277259,0.9082482904638629,,4,STRUCTURE_ONLY
49,500,0.42500000000000004,0.42500000000000004,0.4,0.45,0.9258200997725514,0.9629100498862757,,7,STRUCTURE_ONLY
49,439,0.40350877192982454,0.40350877192982454,0.3333333333333333,0.47368421052631576,,,,2,STRUCTURE_ONLY
49,411,0.34375,0.34375,0.25,0.4375,0.7442084075352507,0.8721042037676254,,7,STRUCTURE_ONLY
49,434,0.3333333333333333,0.3333333333333333,0.3333333333333333,0.3333333333333333,1.0,1.0,,3,STRUCTURE_ONLY
50,513,0.7061688311688312,0.7061688311688312,0.5714285714285714,0.8409090909090909,0.9999999999999999,1.0,,4,STRUCTURE_ONLY
50,244,0.6615667074663403,0.6615667074663403,0.5789473684210527,0.7441860465116279,0.8366600265340756,0.9183300132670378,,4,STRUCTURE_ONLY
50,679,0.6309523809523809,0.6309523809523809,0.5,0.7619047619047619,,,,2,STRUCTURE_ONLY
50,52,0.6266829865361077,0.6266829865361077,0.5789473684210527,0.6744186046511628,0.9486832980505138,0.9743416490252569,,5,STRUCTURE_ONLY
50,154,0.5972222222222223,0.5972222222222223,0.55,0.6444444444444445,,,,0,STRUCTURE_ONLY
50,188,0.5885780885780886,0.5885780885780886,0.48484848484848486,0.6923076923076923,1.0000000000000002,1.0,,3,STRUCTURE_ONLY
50,375,0.5647058823529412,0.5647058823529412,0.5294117647058824,0.6,1.0,1.0,,8,STRUCTURE_ONLY
50,444,0.5523715415019763,0.5523715415019763,0.4090909090909091,0.6956521739130435,0.7826237921249264,0.8913118960624632,,5,STRUCTURE_ONLY
50,630,0.5522727272727272,0.5522727272727272,0.4,0.7045454545454546,,,,2,STRUCTURE_ONLY
50,57,0.5244798041615667,0.5244798041615667,0.42105263157894735,0.627906976744186,0.857142857142857,0.9285714285714285,,4,STRUCTURE_ONLY
51,442,0.34966216216216217,0.34966216216216217,0.375,0.32432432432432434,,,,1,STRUCTURE_ONLY
51,216,0.32065217391304346,0.32065217391304346,0.25,0.391304347826087,,,,1,STRUCTURE_ONLY
51,464,0.26785714285714285,0.26785714285714285,0.25,0.2857142857142857,0.8944271909999159,0.9472135954999579,,5,STRUCTURE_ONLY
51,364,0.25384615384615383,0.25384615384615383,0.2,0.3076923076923077,,,,0,STRUCTURE_ONLY
51,92,0.23333333333333334,0.23333333333333334,0.16666666666666666,0.3,,,,0,STRUCTURE_ONLY
51,104,0.23333333333333334,0.23333333333333334,0.16666666666666666,0.3,0.9486832980505138,0.9743416490252569,,5,STRUCTURE_ONLY
51,363,0.23333333333333334,0.23333333333333334,0.16666666666666666,0.3,0.8660254037844387,0.9330127018922194,,4,STRUCTURE_ONLY
51,448,0.22932330827067668,0.22932330827067668,0.14285714285714285,0.3157894736842105,0.9486832980505138,0.9743416490252569,,4,STRUCTURE_ONLY
51,369,0.22916666666666666,0.22916666666666666,0.125,0.3333333333333333,,,,0,STRUCTURE_ONLY
51,24,0.22549019607843135,0.22549019607843135,0.11764705882352941,0.3333333333333333,0.9486832980505138,0.9743416490252569,,4,STRUCTURE_ONLY
52,513,0.7017783857729138,0.7017783857729138,0.7058823529411765,0.6976744186046512,0.8340576562282991,0.9170288281141495,,19,STRUCTURE_ONLY
52,50,0.6266829865361077,0.6266829865361077,0.5789473684210527,0.6744186046511628,0.9486832980505138,0.9743416490252569,,5,STRUCTURE_ONLY
52,568,0.5714285714285714,0.5714285714285714,0.42857142857142855,0.7142857142857143,0.9438798074485389,0.9719399037242695,,5,STRUCTURE_ONLY
52,154,0.5548780487804879,0.5548780487804879,0.5,0.6097560975609756,,,,1,STRUCTURE_ONLY
52,375,0.5333333333333333,0.5333333333333333,0.4666666666666667,0.6,0.8075728530872482,0.9037864265436242,,17,STRUCTURE_ONLY
52,280,0.5110294117647058,0.5110294117647058,0.375,0.6470588235294118,0.8606629658238704,0.9303314829119351,,6,STRUCTURE_ONLY
52,309,0.4673913043478261,0.4673913043478261,0.34782608695652173,0.5869565217391305,0.9476984899448786,0.9738492449724393,,13,STRUCTURE_ONLY
52,721,0.4652777777777778,0.4652777777777778,0.375,0.5555555555555556,0.7216878364870323,0.8608439182435161,,11,STRUCTURE_ONLY
52,244,0.4632802937576499,0.4632802937576499,0.3684210526315789,0.5581395348837209,0.9128709291752769,0.9564354645876385,,12,STRUCTURE_ONLY
52,444,0.4527777777777778,0.4527777777777778,0.35,0.5555555555555556,0.606128125356204,0.803064062678102,,19,STRUCTURE_ONLY
53,249,0.7867132867132867,0.7867132867132867,0.7272727272727273,0.8461538461538461,0.8944271909999159,0.9472135954999579,,5,STRUCTURE_ONLY
53,446,0.6336206896551724,0.6336206896551724,0.5172413793103449,0.75,0.9128709291752769,0.9564354645876385,,6,STRUCTURE_ONLY
53,23,0.4762323943661972,0.4762323943661972,0.375,0.5774647887323944,0.8819171036881969,0.9409585518440984,,9,STRUCTURE_ONLY
53,455,0.4375,0.4375,0.375,0.5,0.7715167498104595,0.8857583749052298,,8,STRUCTURE_ONLY
53,444,0.4170807453416149,0.4170807453416149,0.391304347826087,0.44285714285714284,0.8249579113843055,0.9124789556921528,,7,STRUCTURE_ONLY
53,188,0.4152236652236652,0.4152236652236652,0.3888888888888889,0.44155844155844154,0.8164965809277261,0.9082482904638631,,4,STRUCTURE_ONLY
53,50,0.4054794520547945,0.4054794520547945,0.4,0.410958904109589,0.9428090415820635,0.9714045207910318,,3,STRUCTURE_ONLY
53,518,0.3973684210526316,0.3973684210526316,0.4,0.39473684210526316,1.0000000000000002,1.0,,6,STRUCTURE_ONLY
53,630,0.3904761904761905,0.3904761904761905,0.38095238095238093,0.4,,,,2,STRUCTURE_ONLY
53,375,0.3797570850202429,0.3797570850202429,0.42105263157894735,0.3384615384615385,0.9561828874675149,0.9780914437337574,,9,STRUCTURE_ONLY
54,432,0.29166666666666663,0.29166666666666663,0.25,0.3333333333333333,-0.09913631941932195,0.450431840290339,,16,STRUCTURE_ONLY
54,406,0.2222222222222222,0.2222222222222222,0.2222222222222222,0.2222222222222222,0.5472168584244866,0.7736084292122434,,188,STRUCTURE_ONLY
54,515,0.09846153846153846,0.09846153846153846,0.07692307692307693,0.12,0.5050762722761054,0.7525381361380528,,13,STRUCTURE_ONLY
54,139,0.06719367588932806,0.06719367588932806,0.09090909090909091,0.043478260869565216,0.8164965809277261,0.9082482904638631,,3,STRUCTURE_ONLY
54,71,0.06545454545454546,0.06545454545454546,0.09090909090909091,0.04,-0.35856858280031806,0.320715708599841,,15,STRUCTURE_ONLY
54,21,0.06517094017094016,0.06517094017094016,0.027777777777777776,0.10256410256410256,0.12632278815997786,0.5631613940799889,,40,STRUCTURE_ONLY
54,96,0.06439393939393939,0.06439393939393939,0.08333333333333333,0.045454545454545456,0.26726124191242434,0.6336306209562121,,13,STRUCTURE_ONLY
54,566,0.05,0.05,0.0,0.1,0.4916051440083466,0.7458025720041733,,31,STRUCTURE_ONLY
54,199,0.045454545454545456,0.045454545454545456,0.0,0.09090909090909091,-0.2886751345948129,0.35566243270259357,,4,STRUCTURE_ONLY
54,299,0.03571428571428571,0.03571428571428571,0.0,0.07142857142857142,0.34237210441425764,0.6711860522071288,,149,STRUCTURE_ONLY
55,561,0.975,0.975,0.95,1.0,,,,1,STRUCTURE_ONLY
55,140,0.8865384615384615,0.8865384615384615,0.85,0.9230769230769231,0.35355339059327373,0.6767766952966369,,5,STRUCTURE_ONLY
55,354,0.8479020979020979,0.8479020979020979,0.7727272727272727,0.9230769230769231,,,,1,STRUCTURE_ONLY
55,503,0.7935222672064777,0.7935222672064777,0.8947368421052632,0.6923076923076923,,,,2,STRUCTURE_ONLY
55,557,0.741111111111111,0.741111111111111,0.76,0.7222222222222222,0.5773502691896258,0.7886751345948129,,3,STRUCTURE_ONLY
55,31,0.725,0.725,0.85,0.6,1.0,1.0,,3,STRUCTURE_ONLY
55,117,0.7021052631578948,0.7021052631578948,0.72,0.6842105263157895,0.8017837257372731,0.9008918628686365,,4,STRUCTURE_ONLY
55,269,0.6676136363636364,0.6676136363636364,0.7727272727272727,0.5625,,,,0,STRUCTURE_ONLY
55,559,0.6283422459893049,0.6283422459893049,0.7272727272727273,0.5294117647058824,,,,2,STRUCTURE_ONLY
55,141,0.625,0.625,0.75,0.5,0.7453559924999299,0.8726779962499649,,8,STRUCTURE_ONLY
57,244,0.75,0.75,0.6428571428571429,0.8571428571428571,0.8845379626717033,0.9422689813358516,,12,STRUCTURE_ONLY
57,583,0.5484848484848485,0.5484848484848485,0.36363636363636365,0.7333333333333333,0.944911182523068,0.972455591261534,,4,STRUCTURE_ONLY
57,50,0.5244798041615667,0.5244798041615667,0.42105263157894735,0.627906976744186,0.857142857142857,0.9285714285714285,,4,STRUCTURE_ONLY
57,339,0.5133928571428572,0.5133928571428572,0.3125,0.7142857142857143,0.5745242597140698,0.7872621298570349,,14,STRUCTURE_ONLY
57,544,0.5095238095238095,0.5095238095238095,0.3333333333333333,0.6857142857142857,0.6963106238227914,0.8481553119113957,,9,STRUCTURE_ONLY
57,377,0.4861111111111111,0.4861111111111111,0.2777777777777778,0.6944444444444444,-0.1336306209562122,0.43318468952189393,,5,STRUCTURE_ONLY
57,203,0.48611111111111105,0.48611111111111105,0.3333333333333333,0.6388888888888888,0.0716114874039433,0.5358057437019716,,15,STRUCTURE_ONLY
57,169,0.4845238095238095,0.4845238095238095,0.35,0.6190476190476191,0.5012804118276031,0.7506402059138015,,11,STRUCTURE_ONLY
57,170,0.47635135135135137,0.47635135135135137,0.25,0.7027027027027027,0.24210006235312612,0.6210500311765631,,20,STRUCTURE_ONLY
57,69,0.4725274725274725,0.4725274725274725,0.23076923076923078,0.7142857142857143,0.11547005383792514,0.5577350269189626,,13,STRUCTURE_ONLY
58,246,0.45614035087719296,0.45614035087719296,0.3333333333333333,0.5789473684210527,0.9409133214428221,0.9704566607214111,,31,STRUCTURE_ONLY
58,445,0.3643724696356275,0.3643724696356275,0.3076923076923077,0.42105263157894735,0.8500474370064828,0.9250237185032414,,34,STRUCTURE_ONLY
58,538,0.23809523809523808,0.23809523809523808,0.14285714285714285,0.3333333333333333,0.9187221999980357,0.9593610999990179,,28,STRUCTURE_ONLY
58,156,0.1847560975609756,0.1847560975609756,0.15,0.21951219512195122,0.8358654033694622,0.9179327016847312,,37,STRUCTURE_ONLY
58,713,0.16761363636363635,0.16761363636363635,0.0625,0.2727272727272727,0.9447684947008302,0.9723842473504152,,17,STRUCTURE_ONLY
58,286,0.16146688560481665,0.16146688560481665,0.06896551724137931,0.25396825396825395,0.8470926844646214,0.9235463422323107,,23,STRUCTURE_ONLY
58,152,0.1489769820971867,0.1489769820971867,0.058823529411764705,0.2391304347826087,1.0,1.0,,4,STRUCTURE_ONLY
58,356,0.13541666666666669,0.13541666666666669,0.0625,0.20833333333333334,0.9467292624062573,0.9733646312031287,,6,STRUCTURE_ONLY
58,208,0.13517665130568357,0.13517665130568357,0.03225806451612903,0.23809523809523808,0.8981462390204985,0.9490731195102493,,6,STRUCTURE_ONLY
58,427,0.12152777777777778,0.12152777777777778,0.05555555555555555,0.1875,0.9120746514997218,0.9560373257498609,,27,STRUCTURE_ONLY
59,576,0.4206241519674355,0.4206241519674355,0.36363636363636365,0.47761194029850745,,,,0,STRUCTURE_ONLY
59,72,0.337203302373581,0.337203302373581,0.3508771929824561,0.3235294117647059,0.31622776601683794,0.658113883008419,,6,STRUCTURE_ONLY
59,314,0.3277591973244147,0.3277591973244147,0.34782608695652173,0.3076923076923077,0.9428090415820632,0.9714045207910316,,3,STRUCTURE_ONLY
59,460,0.31205015091711163,0.31205015091711163,0.2542372881355932,0.3698630136986301,,,,1,STRUCTURE_ONLY
59,71,0.31184210526315786,0.31184210526315786,0.15,0.47368421052631576,,,,1,STRUCTURE_ONLY
59,139,0.3047297297297297,0.3047297297297297,0.15,0.4594594594594595,,,,1,STRUCTURE_ONLY
59,134,0.2898032200357782,0.2898032200357782,0.23076923076923078,0.3488372093023256,,,,1,STRUCTURE_ONLY
59,463,0.28923444976076557,0.28923444976076557,0.23636363636363636,0.34210526315789475,,,,1,STRUCTURE_ONLY
59,283,0.28378378378378377,0.28378378378378377,0.16216216216216217,0.40540540540540543,0.8660254037844387,0.9330127018922194,,4,STRUCTURE_ONLY
59,65,0.2779884434814012,0.2779884434814012,0.21794871794871795,0.3380281690140845,0.8164965809277259,0.9082482904638629,,6,STRUCTURE_ONLY
60,319,0.48039215686274506,0.48039215686274506,0.3333333333333333,0.6274509803921569,0.0657951694959769,0.5328975847479884,,9,STRUCTURE_ONLY
60,419,0.4772727272727273,0.4772727272727273,0.5,0.45454545454545453,0.6267831705280087,0.8133915852640043,,16,STRUCTURE_ONLY
60,605,0.24444444444444444,0.24444444444444444,0.1111111111111111,0.37777777777777777,0.6546536707079772,0.8273268353539887,,4,STRUCTURE_ONLY
60,564,0.19318181818181818,0.19318181818181818,0.25,0.13636363636363635,0.5,0.75,,10,STRUCTURE_ONLY
60,168,0.1750871080139373,0.1750871080139373,0.14285714285714285,0.2073170731707317,0.8944271909999159,0.9472135954999579,,5,STRUCTURE_ONLY
60,431,0.17425320056899005,0.17425320056899005,0.10526315789473684,0.24324324324324326,0.2819419372173005,0.6409709686086502,,22,STRUCTURE_ONLY
60,63,0.16666666666666666,0.16666666666666666,0.16666666666666666,0.16666666666666666,,,,2,STRUCTURE_ONLY
60,166,0.1597826086956522,0.1597826086956522,0.2,0.11956521739130435,0.2564945880212885,0.6282472940106443,,22,STRUCTURE_ONLY
60,6,0.15171990171990174,0.15171990171990174,0.18181818181818182,0.12162162162162163,0.4472135954999579,0.7236067977499789,,10,STRUCTURE_ONLY
60,167,0.15171990171990174,0.15171990171990174,0.18181818181818182,0.12162162162162163,0.5241424183609592,0.7620712091804795,,7,STRUCTURE_ONLY
61,511,0.6443181818181818,0.6443181818181818,0.675,0.6136363636363636,0.43033148291193524,0.7151657414559676,,82,STRUCTURE_ONLY
61,295,0.6150793650793651,0.6150793650793651,0.4444444444444444,0.7857142857142857,0.4340746255696745,0.7170373127848373,,88,STRUCTURE_ONLY
61,289,0.5606242496998799,0.5606242496998799,0.5918367346938775,0.5294117647058824,0.418739138072171,0.7093695690360855,,126,STRUCTURE_ONLY
61,123,0.5402321083172147,0.5402321083172147,0.5531914893617021,0.5272727272727272,0.686243566496721,0.8431217832483605,,28,STRUCTURE_ONLY
61,516,0.5277777777777778,0.5277777777777778,0.5,0.5555555555555556,0.8215838362577491,0.9107919181288746,,25,STRUCTURE_ONLY
61,109,0.5237373737373737,0.5237373737373737,0.43636363636363634,0.6111111111111112,0.4163331998932266,0.7081665999466134,,97,STRUCTURE_ONLY
61,62,0.5182692307692307,0.5182692307692307,0.46153846153846156,0.575,0.6687338550904235,0.8343669275452117,,25,STRUCTURE_ONLY
61,142,0.5170731707317073,0.5170731707317073,0.6341463414634146,0.4,0.7745966692414834,0.8872983346207417,,5,STRUCTURE_ONLY
61,496,0.5124740124740125,0.5124740124740125,0.4864864864864865,0.5384615384615384,-0.07537783614444091,0.46231108192777953,,16,STRUCTURE_ONLY
61,533,0.4916344916344917,0.4916344916344917,0.4594594594594595,0.5238095238095238,0.40994579587496144,0.7049728979374807,,22,STRUCTURE_ONLY
62,496,0.8920454545454546,0.8920454545454546,0.9090909090909091,0.875,0.15075567228888181,0.5753778361444409,,17,STRUCTURE_ONLY
62,488,0.7840909090909092,0.7840909090909092,0.8181818181818182,0.75,0.8703882797784892,0.9351941398892446,,38,STRUCTURE_ONLY
62,533,0.6950000000000001,0.6950000000000001,0.64,0.75,0.7844645405527363,0.8922322702763681,,15,STRUCTURE_ONLY
62,511,0.61991341991342,0.61991341991342,0.5428571428571428,0.696969696969697,0.8853648783083365,0.9426824391541683,,35,STRUCTURE_ONLY
62,673,0.5340909090909091,0.5340909090909091,0.3181818181818182,0.75,0.6929348671835833,0.8464674335917917,,15,STRUCTURE_ONLY
62,289,0.5299145299145299,0.5299145299145299,0.4444444444444444,0.6153846153846154,0.6791193846611164,0.8395596923305582,,39,STRUCTURE_ONLY
62,295,0.5192307692307692,0.5192307692307692,0.5,0.5384615384615384,0.7954951288348658,0.8977475644174329,,41,STRUCTURE_ONLY
62,61,0.5182692307692307,0.5182692307692307,0.46153846153846156,0.575,0.6687338550904235,0.8343669275452117,,25,STRUCTURE_ONLY
62,586,0.5061576354679803,0.5061576354679803,0.35714285714285715,0.6551724137931034,0.9245003270420487,0.9622501635210243,,7,STRUCTURE_ONLY
62,103,0.49053030303030304,0.49053030303030304,0.2727272727272727,0.7083333333333334,0.2696799449852968,0.6348399724926483,,25,STRUCTURE_ONLY
63,226,0.4925925925925926,0.4925925925925926,0.4666666666666667,0.5185185185185185,0.9438798074485389,0.9719399037242695,,5,STRUCTURE_ONLY
63,167,0.45054945054945056,0.45054945054945056,0.2857142857142857,0.6153846153846154,,,,1,STRUCTURE_ONLY
63,202,0.45036764705882354,0.45036764705882354,0.3125,0.5882352941176471,,,,0,STRUCTURE_ONLY
63,486,0.4330357142857143,0.4330357142857143,0.4375,0.42857142857142855,,,,0,STRUCTURE_ONLY
63,591,0.4193121693121693,0.4193121693121693,0.35714285714285715,0.48148148148148145,,,,0,STRUCTURE_ONLY
63,327,0.4126602564102564,0.4126602564102564,0.3125,0.5128205128205128,,,,2,STRUCTURE_ONLY
63,225,0.4002016129032258,0.4002016129032258,0.1875,0.6129032258064516,,,,1,STRUCTURE_ONLY
63,282,0.3637566137566137,0.3637566137566137,0.35714285714285715,0.37037037037037035,,,,0,STRUCTURE_ONLY
63,211,0.35,0.35,0.375,0.325,,,,1,STRUCTURE_ONLY
63,367,0.3415032679738562,0.3415032679738562,0.29411764705882354,0.3888888888888889,-0.2886751345948129,0.35566243270259357,,4,STRUCTURE_ONLY
65,331,0.4454802259887006,0.4454802259887006,0.4576271186440678,0.43333333333333335,0.9999999999999999,1.0,,4,STRUCTURE_ONLY
65,188,0.3735812133072407,0.3735812133072407,0.2328767123287671,0.5142857142857142,0.5427204202399746,0.7713602101199872,,23,STRUCTURE_ONLY
65,463,0.36772441880196843,0.36772441880196843,0.2535211267605634,0.4819277108433735,0.6963106238227914,0.8481553119113957,,8,STRUCTURE_ONLY
65,443,0.364406779661017,0.364406779661017,0.3389830508474576,0.3898305084745763,0.8563488385776753,0.9281744192888377,,12,STRUCTURE_ONLY
65,460,0.36224899598393573,0.36224899598393573,0.26666666666666666,0.4578313253012048,0.7925939239012171,0.8962969619506085,,10,STRUCTURE_ONLY
65,141,0.3614406779661017,0.3614406779661017,0.35,0.3728813559322034,0.7441611006409121,0.8720805503204561,,34,STRUCTURE_ONLY
65,237,0.35456357997341603,0.35456357997341603,0.3442622950819672,0.36486486486486486,0.7333333333333333,0.8666666666666667,,16,STRUCTURE_ONLY
65,544,0.33620689655172414,0.33620689655172414,0.1724137931034483,0.5,1.0,1.0,,127,STRUCTURE_ONLY
65,557,0.3357344632768362,0.3357344632768362,0.38333333333333336,0.288135593220339,0.42426406871192845,0.7121320343559643,,12,STRUCTURE_ONLY
65,72,0.3332792207792208,0.3332792207792208,0.225,0.44155844155844154,0.47193990372426947,0.7359699518621348,,69,STRUCTURE_ONLY
67,474,0.6875,0.6875,0.5,0.875,0.7559289460184545,0.8779644730092273,,6,STRUCTURE_ONLY
67,659,0.6875,0.6875,0.5,0.875,0.09890707100936805,0.549453535504684,,14,STRUCTURE_ONLY
67,49,0.5166666666666666,0.5166666666666666,0.3333333333333333,0.7,0.9237604307034011,0.9618802153517005,,6,STRUCTURE_ONLY
67,271,0.5166666666666666,0.5166666666666666,0.3333333333333333,0.7,0.7627700713964737,0.8813850356982369,,7,STRUCTURE_ONLY
67,408,0.475,0.475,0.25,0.7,0.2760262237369417,0.6380131118684709,,33,STRUCTURE_ONLY
67,479,0.39285714285714285,0.39285714285714285,0.2857142857142857,0.5,0.9444444444444444,0.9722222222222222,,9,STRUCTURE_ONLY
67,411,0.35833333333333334,0.35833333333333334,0.25,0.4666666666666667,0.9147743679249676,0.9573871839624838,,16,STRUCTURE_ONLY
67,323,0.35,0.35,0.2,0.5,0.9431191251430151,0.9715595625715076,,7,STRUCTURE_ONLY
67,434,0.3416666666666667,0.3416666666666667,0.3333333333333333,0.35,,,,1,STRUCTURE_ONLY
67,35,0.33529411764705885,0.33529411764705885,0.2,0.47058823529411764,0.9432422182837986,0.9716211091418994,,8,STRUCTURE_ONLY
68,602,0.08333333333333333,0.08333333333333333,0.0,0.16666666666666666,0.9045340337332909,0.9522670168666454,,5,STRUCTURE_ONLY
68,85,0.07142857142857142,0.07142857142857142,0.0,0.14285714285714285,0.9999999999999998,0.9999999999999999,,5,STRUCTURE_ONLY
68,416,0.05555555555555555,0.05555555555555555,0.0,0.1111111111111111,0.944911182523068,0.972455591261534,,8,STRUCTURE_ONLY
68,84,0.045454545454545456,0.045454545454545456,0.0,0.09090909090909091,,,,0,STRUCTURE_ONLY
68,414,0.045454545454545456,0.045454545454545456,0.0,0.09090909090909091,,,,2,STRUCTURE_ONLY
68,224,0.038461538461538464,0.038461538461538464,0.0,0.07692307692307693,0.4999999999999999,0.75,,7,STRUCTURE_ONLY
68,290,0.03333333333333333,0.03333333333333333,0.0,0.06666666666666667,1.0000000000000002,1.0,,3,STRUCTURE_ONLY
68,156,0.03125,0.03125,0.0,0.0625,0.9091372900969896,0.9545686450484948,,11,STRUCTURE_ONLY
68,250,0.029411764705882353,0.029411764705882353,0.0,0.058823529411764705,1.0,1.0,,9,STRUCTURE_ONLY
68,457,0.027777777777777776,0.027777777777777776,0.0,0.05555555555555555,0.7893522173763263,0.8946761086881632,,17,STRUCTURE_ONLY
69,577,0.703125,0.703125,0.625,0.78125,0.7925939239012171,0.8962969619506085,,9,STRUCTURE_ONLY
69,110,0.6294642857142857,0.6294642857142857,0.5714285714285714,0.6875,0.7745966692414834,0.8872983346207417,,10,STRUCTURE_ONLY
69,377,0.6028138528138528,0.6028138528138528,0.35714285714285715,0.8484848484848485,-0.09128709291752768,0.45435645354123616,,8,STRUCTURE_ONLY
69,583,0.5,0.5,0.375,0.625,0.8660254037844387,0.9330127018922194,,3,STRUCTURE_ONLY
69,222,0.49561952440550694,0.49561952440550694,0.35294117647058826,0.6382978723404256,0.7302967433402214,0.8651483716701107,,10,STRUCTURE_ONLY
69,694,0.4792207792207792,0.4792207792207792,0.2727272727272727,0.6857142857142857,0.7142857142857142,0.8571428571428571,,7,STRUCTURE_ONLY
69,531,0.47549019607843135,0.47549019607843135,0.3333333333333333,0.6176470588235294,0.45291081365783836,0.7264554068289192,,17,STRUCTURE_ONLY
69,57,0.4725274725274725,0.4725274725274725,0.23076923076923078,0.7142857142857143,0.11547005383792514,0.5577350269189626,,13,STRUCTURE_ONLY
69,398,0.4605263157894737,0.4605263157894737,0.21052631578947367,0.7105263157894737,0.23570226039551587,0.617851130197758,,6,STRUCTURE_ONLY
69,492,0.4400921658986175,0.4400921658986175,0.42857142857142855,0.45161290322580644,0.7050239879106326,0.8525119939553163,,14,STRUCTURE_ONLY
70,278,0.7129186602870814,0.7129186602870814,0.6363636363636364,0.7894736842105263,0.480754414848157,0.7403772074240785,,87,STRUCTURE_ONLY
70,488,0.4759725400457666,0.4759725400457666,0.47368421052631576,0.4782608695652174,0.5317945372643964,0.7658972686321982,,137,STRUCTURE_ONLY
70,274,0.45,0.45,0.4,0.5,0.7777777777777778,0.8888888888888888,,7,STRUCTURE_ONLY
70,496,0.4258241758241758,0.4258241758241758,0.42857142857142855,0.4230769230769231,0.2445579940222592,0.6222789970111295,,21,STRUCTURE_ONLY
70,376,0.42424242424242425,0.42424242424242425,0.36363636363636365,0.48484848484848486,0.9146591207600472,0.9573295603800236,,12,STRUCTURE_ONLY
70,126,0.4056795131845842,0.4056795131845842,0.29411764705882354,0.5172413793103449,0.2875224635699839,0.6437612317849919,,108,STRUCTURE_ONLY
70,387,0.4,0.4,0.3,0.5,,,,2,STRUCTURE_ONLY
70,223,0.38675213675213677,0.38675213675213677,0.3888888888888889,0.38461538461538464,0.9398009398014098,0.9699004699007049,,29,STRUCTURE_ONLY
70,62,0.3853073463268366,0.3853073463268366,0.391304347826087,0.3793103448275862,0.8819620983110005,0.9409810491555002,,41,STRUCTURE_ONLY
70,604,0.3829365079365079,0.3829365079365079,0.32142857142857145,0.4444444444444444,-0.6933752452815365,0.15331237735923176,,4,STRUCTURE_ONLY
71,139,0.6071428571428572,0.6071428571428572,0.5,0.7142857142857143,,,,2,STRUCTURE_ONLY
71,134,0.4666666666666667,0.4666666666666667,0.3333333333333333,0.6,0.9428090415820635,0.9714045207910318,,3,STRUCTURE_ONLY
71,92,0.3742690058479532,0.3742690058479532,0.2222222222222222,0.5263157894736842,0.9428090415820632,0.9714045207910316,,3,STRUCTURE_ONLY
71,363,0.3742690058479532,0.3742690058479532,0.2222222222222222,0.5263157894736842,0.6666666666666667,0.8333333333333334,,4,STRUCTURE_ONLY
71,584,0.3654761904761905,0.3654761904761905,0.26666666666666666,0.4642857142857143,,,,1,STRUCTURE_ONLY
71,727,0.3216374269005848,0.3216374269005848,0.2222222222222222,0.42105263157894735,,,,0,STRUCTURE_ONLY
71,59,0.31184210526315786,0.31184210526315786,0.15,0.47368421052631576,,,,1,STRUCTURE_ONLY
71,216,0.2833333333333333,0.2833333333333333,0.16666666666666666,0.4,0.25,0.625,,9,STRUCTURE_ONLY
71,132,0.27489177489177485,0.27489177489177485,0.09523809523809523,0.45454545454545453,0.9428090415820635,0.9714045207910318,,3,STRUCTURE_ONLY
71,501,0.24523809523809526,0.24523809523809526,0.13333333333333333,0.35714285714285715,0.43301270189221935,0.7165063509461097,,7,STRUCTURE_ONLY
72,314,0.34911930874044533,0.34911930874044533,0.27450980392156865,0.423728813559322,0.36685454430234327,0.6834272721511716,,56,STRUCTURE_ONLY
72,59,0.337203302373581,0.337203302373581,0.3508771929824561,0.3235294117647059,0.31622776601683794,0.658113883008419,,6,STRUCTURE_ONLY
72,65,0.3332792207792208,0.3332792207792208,0.225,0.44155844155844154,0.47193990372426947,0.7359699518621348,,69,STRUCTURE_ONLY
72,114,0.2954192546583851,0.2954192546583851,0.10869565217391304,0.48214285714285715,0.6681531047810609,0.8340765523905305,,36,STRUCTURE_ONLY
72,361,0.2827529021558872,0.2827529021558872,0.2222222222222222,0.34328358208955223,0.3729076191899583,0.6864538095949791,,76,STRUCTURE_ONLY
72,463,0.27214946070878276,0.27214946070878276,0.2033898305084746,0.3409090909090909,0.40824829046386296,0.7041241452319315,,9,STRUCTURE_ONLY
72,576,0.26737967914438504,0.26737967914438504,0.18181818181818182,0.35294117647058826,0.4472135954999579,0.7236067977499789,,5,STRUCTURE_ONLY
72,460,0.2667262969588551,0.2667262969588551,0.18461538461538463,0.3488372093023256,0.5477225575051661,0.773861278752583,,18,STRUCTURE_ONLY
72,331,0.2502088554720133,0.2502088554720133,0.07936507936507936,0.42105263157894735,0.0,0.5,,3,STRUCTURE_ONLY
72,132,0.24593566240055345,0.24593566240055345,0.10204081632653061,0.3898305084745763,0.2886751345948129,0.6443375672974064,,4,STRUCTURE_ONLY
74,203,0.4984848484848485,0.4984848484848485,0.36363636363636365,0.6333333333333333,-0.35355339059327373,0.32322330470336313,,5,STRUCTURE_ONLY
74,599,0.4951923076923077,0.4951923076923077,0.375,0.6153846153846154,,,,1,STRUCTURE_ONLY
74,190,0.4916666666666667,0.4916666666666667,0.3333333333333333,0.65,,,,0,STRUCTURE_ONLY
74,531,0.46336206896551724,0.46336206896551724,0.375,0.5517241379310345,0.5773502691896258,0.7886751345948129,,4,STRUCTURE_ONLY
74,321,0.43333333333333335,0.43333333333333335,0.3333333333333333,0.5333333333333333,,,,0,STRUCTURE_ONLY
74,637,0.4313186813186813,0.4313186813186813,0.2857142857142857,0.5769230769230769,,,,2,STRUCTURE_ONLY
74,676,0.4227941176470588,0.4227941176470588,0.375,0.47058823529411764,,,,2,STRUCTURE_ONLY
74,16,0.4212962962962963,0.4212962962962963,0.25,0.5925925925925926,,,,1,STRUCTURE_ONLY
74,494,0.40384615384615385,0.40384615384615385,0.3076923076923077,0.5,,,,1,STRUCTURE_ONLY
74,228,0.40340909090909094,0.40340909090909094,0.18181818181818182,0.625,,,,1,STRUCTURE_ONLY
75,510,0.4214795587280986,0.4214795587280986,0.2608695652173913,0.582089552238806,1.0,1.0,,9,STRUCTURE_ONLY
75,249,0.251105216622458,0.251105216622458,0.07692307692307693,0.42528735632183906,,,,1,STRUCTURE_ONLY
75,606,0.22627171215880892,0.22627171215880892,0.0967741935483871,0.3557692307692308,0.8574929257125441,0.928746462856272,,5,STRUCTURE_ONLY
75,446,0.21833333333333332,0.21833333333333332,0.06666666666666667,0.37,,,,1,STRUCTURE_ONLY
75,53,0.21052631578947367,0.21052631578947367,0.05263157894736842,0.3684210526315789,0.9622504486493763,0.9811252243246882,,3,STRUCTURE_ONLY
75,589,0.20980825958702065,0.20980825958702065,0.08333333333333333,0.336283185840708,,,,2,STRUCTURE_ONLY
75,130,0.20857142857142857,0.20857142857142857,0.16,0.2571428571428571,0.9761870601839528,0.9880935300919764,,5,STRUCTURE_ONLY
75,98,0.20692567567567569,0.20692567567567569,0.0625,0.35135135135135137,0.8164965809277261,0.9082482904638631,,3,STRUCTURE_ONLY
75,112,0.20089832584728462,0.20089832584728462,0.16129032258064516,0.24050632911392406,0.17541160386140586,0.5877058019307029,,4,STRUCTURE_ONLY
75,247,0.19963257807715862,0.19963257807715862,0.17391304347826086,0.22535211267605634,0.9438798074485389,0.9719399037242695,,5,STRUCTURE_ONLY
76,324,0.5227272727272727,0.5227272727272727,0.5,0.5454545454545454,0.8999999999999998,0.95,,7,STRUCTURE_ONLY
76,720,0.5146276595744681,0.5146276595744681,0.625,0.40425531914893614,0.9428090415820635,0.9714045207910318,,6,STRUCTURE_ONLY
76,184,0.4935897435897436,0.4935897435897436,0.5,0.48717948717948717,1.0,1.0,,4,STRUCTURE_ONLY
76,321,0.4722222222222222,0.4722222222222222,0.4444444444444444,0.5,0.9799578870122229,0.9899789435061115,,6,STRUCTURE_ONLY
76,190,0.45967741935483875,0.45967741935483875,0.5,0.41935483870967744,0.6546536707079772,0.8273268353539887,,4,STRUCTURE_ONLY
76,676,0.4593023255813954,0.4593023255813954,0.5,0.4186046511627907,0.9761870601839528,0.9880935300919764,,5,STRUCTURE_ONLY
76,326,0.4318181818181818,0.4318181818181818,0.36363636363636365,0.5,-0.11128297681493142,0.4443585115925343,,15,STRUCTURE_ONLY
76,599,0.42380952380952375,0.42380952380952375,0.3333333333333333,0.5142857142857142,0.9707253433941511,0.9853626716970756,,4,STRUCTURE_ONLY
76,441,0.4135254988913526,0.4135254988913526,0.36363636363636365,0.4634146341463415,0.8391463916782737,0.9195731958391369,,13,STRUCTURE_ONLY
76,531,0.40350877192982454,0.40350877192982454,0.3333333333333333,0.47368421052631576,0.7905694150420948,0.8952847075210474,,8,STRUCTURE_ONLY
77,101,0.5077751196172249,0.5077751196172249,0.3181818181818182,0.6973684210526315,,,,2,STRUCTURE_ONLY
77,200,0.4913253012048193,0.4913253012048193,0.32,0.6626506024096386,,,,1,STRUCTURE_ONLY
77,526,0.43073593073593075,0.43073593073593075,0.23809523809523808,0.6233766233766234,,,,0,STRUCTURE_ONLY
77,57,0.3232876712328767,0.3232876712328767,0.4,0.2465753424657534,,,,1,STRUCTURE_ONLY
77,494,0.3151515151515152,0.3151515151515152,0.36363636363636365,0.26666666666666666,,,,1,STRUCTURE_ONLY
77,429,0.30324675324675326,0.30324675324675326,0.36363636363636365,0.24285714285714285,,,,0,STRUCTURE_ONLY
77,595,0.3,0.3,0.14285714285714285,0.45714285714285713,,,,1,STRUCTURE_ONLY
77,219,0.2968036529680365,0.2968036529680365,0.3333333333333333,0.2602739726027397,,,,2,STRUCTURE_ONLY
77,360,0.2935064935064935,0.2935064935064935,0.3142857142857143,0.2727272727272727,,,,1,STRUCTURE_ONLY
77,24,0.29166666666666663,0.29166666666666663,0.3333333333333333,0.25,,,,1,STRUCTURE_ONLY
78,287,0.29545454545454547,0.29545454545454547,0.5,0.09090909090909091,0.9477582044145477,0.9738791022072739,,19,STRUCTURE_ONLY
78,350,0.13333333333333333,0.13333333333333333,0.2,0.06666666666666667,0.7385489458759964,0.8692744729379982,,16,STRUCTURE_ONLY
78,245,0.09107142857142857,0.09107142857142857,0.125,0.05714285714285714,0.40016336533252056,0.7000816826662603,,10,STRUCTURE_ONLY
78,421,0.07548076923076924,0.07548076923076924,0.038461538461538464,0.1125,0.8432740427115678,0.9216370213557838,,19,STRUCTURE_ONLY
78,339,0.02,0.02,0.0,0.04,0.5408524452393346,0.7704262226196673,,26,STRUCTURE_ONLY
78,605,0.01948051948051948,0.01948051948051948,0.0,0.03896103896103896,0.8164965809277259,0.9082482904638629,,4,STRUCTURE_ONLY
78,93,0.018518518518518517,0.018518518518518517,0.0,0.037037037037037035,0.9185586535436918,0.9592793267718459,,7,STRUCTURE_ONLY
78,154,0.018518518518518517,0.018518518518518517,0.0,0.037037037037037035,1.0,1.0,,4,STRUCTURE_ONLY
78,60,0.01764705882352941,0.01764705882352941,0.0,0.03529411764705882,0.2810913475705226,0.6405456737852613,,30,STRUCTURE_ONLY
78,455,0.015384615384615385,0.015384615384615385,0.0,0.03076923076923077,0.8642416214502248,0.9321208107251124,,10,STRUCTURE_ONLY
79,652,0.6648351648351649,0.6648351648351649,0.7142857142857143,0.6153846153846154,0.819688599970537,0.9098442999852685,,23,STRUCTURE_ONLY
79,721,0.5,0.5,0.3333333333333333,0.6666666666666666,0.41403933560541256,0.7070196678027063,,16,STRUCTURE_ONLY
79,170,0.46474358974358976,0.46474358974358976,0.4166666666666667,0.5128205128205128,0.6639288043118026,0.8319644021559013,,105,STRUCTURE_ONLY
79,427,0.4399350649350649,0.4399350649350649,0.2727272727272727,0.6071428571428571,0.5488604301969737,0.7744302150984869,,30,STRUCTURE_ONLY
79,447,0.4369747899159664,0.4369747899159664,0.2857142857142857,0.5882352941176471,0.7071067811865475,0.8535533905932737,,10,STRUCTURE_ONLY
79,568,0.4304812834224599,0.4304812834224599,0.2727272727272727,0.5882352941176471,0.6708203932499369,0.8354101966249685,,8,STRUCTURE_ONLY
79,45,0.42668621700879766,0.42668621700879766,0.2727272727272727,0.5806451612903226,-0.064888568452305,0.46755571577384747,,23,STRUCTURE_ONLY
79,458,0.42091503267973857,0.42091503267973857,0.35294117647058826,0.4888888888888889,0.5773502691896257,0.7886751345948129,,132,STRUCTURE_ONLY
79,719,0.4097222222222222,0.4097222222222222,0.375,0.4444444444444444,0.7223151185146154,0.8611575592573077,,11,STRUCTURE_ONLY
79,679,0.40384615384615385,0.40384615384615385,0.3076923076923077,0.5,0.8944271909999159,0.9472135954999579,,5,STRUCTURE_ONLY
81,675,0.35,0.35,0.5,0.2,,,,2,STRUCTURE_ONLY
81,254,0.29166666666666663,0.29166666666666663,0.25,0.3333333333333333,0.7559289460184544,0.8779644730092272,,7,STRUCTURE_ONLY
81,373,0.25,0.25,0.0,0.5,,,,2,STRUCTURE_ONLY
81,358,0.2,0.2,0.2,0.2,0.6581451817144176,0.8290725908572087,,16,STRUCTURE_ONLY
81,2,0.16666666666666666,0.16666666666666666,0.0,0.3333333333333333,0.7559289460184544,0.8779644730092272,,4,STRUCTURE_ONLY
81,18,0.16666666666666666,0.16666666666666666,0.0,0.3333333333333333,0.8164965809277259,0.9082482904638629,,3,STRUCTURE_ONLY
81,651,0.16666666666666666,0.16666666666666666,0.0,0.3333333333333333,,,,2,STRUCTURE_ONLY
81,663,0.16666666666666666,0.16666666666666666,0.0,0.3333333333333333,0.0,0.5,,7,STRUCTURE_ONLY
81,672,0.16666666666666666,0.16666666666666666,0.0,0.3333333333333333,0.6324555320336759,0.816227766016838,,10,STRUCTURE_ONLY
81,3,0.125,0.125,0.0,0.25,0.4472135954999579,0.7236067977499789,,12,STRUCTURE_ONLY
82,581,0.4375,0.4375,0.5,0.375,0.8429272304235247,0.9214636152117623,,15,STRUCTURE_ONLY
82,170,0.3519480519480519,0.3519480519480519,0.2857142857142857,0.41818181818181815,0.8285934854795229,0.9142967427397615,,42,STRUCTURE_ONLY
82,184,0.3249299719887955,0.3249299719887955,0.23809523809523808,0.4117647058823529,0.8249579113843055,0.9124789556921528,,7,STRUCTURE_ONLY
82,516,0.3222222222222222,0.3222222222222222,0.2,0.4444444444444444,0.9271726499455307,0.9635863249727654,,18,STRUCTURE_ONLY
82,519,0.3024425287356322,0.3024425287356322,0.20833333333333334,0.39655172413793105,0.767559305084438,0.883779652542219,,28,STRUCTURE_ONLY
82,339,0.29051383399209485,0.29051383399209485,0.21739130434782608,0.36363636363636365,0.7824607964359516,0.8912303982179758,,18,STRUCTURE_ONLY
82,583,0.2768640350877193,0.2768640350877193,0.15789473684210525,0.3958333333333333,,,,2,STRUCTURE_ONLY
82,458,0.2718253968253968,0.2718253968253968,0.17857142857142858,0.36507936507936506,0.7541024264011943,0.8770512132005972,,34,STRUCTURE_ONLY
82,234,0.2715924426450742,0.2715924426450742,0.19230769230769232,0.3508771929824561,0.6793662204867575,0.8396831102433788,,16,STRUCTURE_ONLY
82,334,0.270516717325228,0.270516717325228,0.2857142857142857,0.2553191489361702,0.8223456202287831,0.9111728101143916,,30,STRUCTURE_ONLY
84,416,0.18253968253968253,0.18253968253968253,0.14285714285714285,0.2222222222222222,1.0,1.0,,4,STRUCTURE_ONLY
84,133,0.14523809523809522,0.14523809523809522,0.1,0.19047619047619047,,,,0,STRUCTURE_ONLY
84,380,0.13105413105413105,0.13105413105413105,0.07692307692307693,0.18518518518518517,,,,0,STRUCTURE_ONLY
84,560,0.12692307692307692,0.12692307692307692,0.1,0.15384615384615385,,,,0,STRUCTURE_ONLY
84,262,0.12142857142857143,0.12142857142857143,0.1,0.14285714285714285,,,,2,STRUCTURE_ONLY
84,228,0.12077294685990338,0.12077294685990338,0.1111111111111111,0.13043478260869565,,,,0,STRUCTURE_ONLY
84,519,0.11954261954261955,0.11954261954261955,0.07692307692307693,0.16216216216216217,1.0,1.0,,4,STRUCTURE_ONLY
84,694,0.11805555555555555,0.11805555555555555,0.1111111111111111,0.125,,,,0,STRUCTURE_ONLY
84,562,0.10416666666666666,0.10416666666666666,0.125,0.08333333333333333,,,,2,STRUCTURE_ONLY
84,340,0.1,0.1,0.0,0.2,,,,0,STRUCTURE_ONLY
85,602,0.5833333333333333,0.5833333333333333,0.5,0.6666666666666666,0.9525793444156805,0.9762896722078402,,6,STRUCTURE_ONLY
85,476,0.25,0.25,0.0,0.5,0.8606629658238704,0.9303314829119351,,6,STRUCTURE_ONLY
85,250,0.1778846153846154,0.1778846153846154,0.125,0.23076923076923078,0.9467292624062573,0.9733646312031287,,15,STRUCTURE_ONLY
85,189,0.16666666666666666,0.16666666666666666,0.0,0.3333333333333333,0.944911182523068,0.972455591261534,,4,STRUCTURE_ONLY
85,457,0.1380952380952381,0.1380952380952381,0.14285714285714285,0.13333333333333333,0.949157995752499,0.9745789978762496,,19,STRUCTURE_ONLY
85,156,0.11858974358974358,0.11858974358974358,0.08333333333333333,0.15384615384615385,0.8928436656664787,0.9464218328332393,,18,STRUCTURE_ONLY
85,207,0.1,0.1,0.0,0.2,,,,0,STRUCTURE_ONLY
85,68,0.07142857142857142,0.07142857142857142,0.0,0.14285714285714285,0.9999999999999998,0.9999999999999999,,5,STRUCTURE_ONLY
85,208,0.06130952380952381,0.06130952380952381,0.047619047619047616,0.075,0.9486832980505138,0.9743416490252569,,4,STRUCTURE_ONLY
85,445,0.058823529411764705,0.058823529411764705,0.0,0.11764705882352941,0.9158109397792511,0.9579054698896255,,16,STRUCTURE_ONLY
86,397,0.532051282051282,0.532051282051282,0.3333333333333333,0.7307692307692307,,,,0,STRUCTURE_ONLY
86,637,0.4935897435897436,0.4935897435897436,0.3333333333333333,0.6538461538461539,1.0000000000000002,1.0,,4,STRUCTURE_ONLY
86,681,0.4930555555555556,0.4930555555555556,0.375,0.6111111111111112,1.0,1.0,,5,STRUCTURE_ONLY
86,324,0.465,0.465,0.25,0.68,0.9999999999999998,0.9999999999999999,,5,STRUCTURE_ONLY
86,583,0.4576719576719577,0.4576719576719577,0.2857142857142857,0.6296296296296297,,,,2,STRUCTURE_ONLY
86,16,0.4464285714285714,0.4464285714285714,0.2857142857142857,0.6071428571428571,,,,1,STRUCTURE_ONLY
86,712,0.4464285714285714,0.4464285714285714,0.2857142857142857,0.6071428571428571,,,,2,STRUCTURE_ONLY
86,599,0.4398148148148148,0.4398148148148148,0.25,0.6296296296296297,,,,1,STRUCTURE_ONLY
86,674,0.4261904761904762,0.4261904761904762,0.2857142857142857,0.5666666666666667,0.9561828874675149,0.9780914437337574,,5,STRUCTURE_ONLY
86,531,0.4083333333333333,0.4083333333333333,0.25,0.5666666666666667,0.9258200997725515,0.9629100498862757,,5,STRUCTURE_ONLY
87,105,0.4653061224489796,0.4653061224489796,0.4,0.5306122448979592,0.968962790249909,0.9844813951249545,,9,STRUCTURE_ONLY
87,326,0.42647058823529416,0.42647058823529416,0.35294117647058826,0.5,0.4335549847620599,0.71677749238103,,16,STRUCTURE_ONLY
87,267,0.3849325337331334,0.3849325337331334,0.30434782608695654,0.46551724137931033,0.944911182523068,0.972455591261534,,4,STRUCTURE_ONLY
87,184,0.3696581196581197,0.3696581196581197,0.2777777777777778,0.46153846153846156,0.9431191251430151,0.9715595625715076,,7,STRUCTURE_ONLY
87,321,0.36764705882352944,0.36764705882352944,0.23529411764705882,0.5,0.9622504486493763,0.9811252243246882,,3,STRUCTURE_ONLY
87,415,0.3388009049773756,0.3388009049773756,0.23529411764705882,0.4423076923076923,0.8603090020146066,0.9301545010073033,,16,STRUCTURE_ONLY
87,370,0.3386243386243386,0.3386243386243386,0.07407407407407407,0.6031746031746031,0.8528028654224417,0.9264014327112209,,5,STRUCTURE_ONLY
87,518,0.33240049751243783,0.33240049751243783,0.2916666666666667,0.373134328358209,0.9561828874675149,0.9780914437337574,,7,STRUCTURE_ONLY
87,621,0.32653061224489793,0.32653061224489793,0.42857142857142855,0.22448979591836735,,,,2,STRUCTURE_ONLY
87,188,0.3219874804381847,0.3219874804381847,0.2777777777777778,0.36619718309859156,0.753778361444409,0.8768891807222046,,8,STRUCTURE_ONLY
88,411,0.8125,0.8125,0.75,0.875,0.8136762043449725,0.9068381021724863,,27,STRUCTURE_ONLY
88,130,0.5684523809523809,0.5684523809523809,0.375,0.7619047619047619,0.7895420339517228,0.8947710169758614,,15,STRUCTURE_ONLY
88,129,0.5555555555555556,0.5555555555555556,0.3333333333333333,0.7777777777777778,0.5,0.75,,6,STRUCTURE_ONLY
88,692,0.5416666666666667,0.5416666666666667,0.5,0.5833333333333334,0.6002450479987809,0.8001225239993904,,11,STRUCTURE_ONLY
88,635,0.5375,0.5375,0.375,0.7,0.6614378277661476,0.8307189138830737,,11,STRUCTURE_ONLY
88,601,0.5277777777777778,0.5277777777777778,0.3333333333333333,0.7222222222222222,0.7745966692414834,0.8872983346207417,,3,STRUCTURE_ONLY
88,418,0.5166666666666666,0.5166666666666666,0.3333333333333333,0.7,0.6761234037828132,0.8380617018914066,,16,STRUCTURE_ONLY
88,390,0.503968253968254,0.503968253968254,0.2857142857142857,0.7222222222222222,0.09622504486493763,0.5481125224324688,,12,STRUCTURE_ONLY
88,479,0.5,0.5,0.2222222222222222,0.7777777777777778,0.7302967433402214,0.8651483716701107,,9,STRUCTURE_ONLY
88,723,0.5,0.5,0.3333333333333333,0.6666666666666666,,,,2,STRUCTURE_ONLY
89,282,0.5625,0.5625,0.375,0.75,,,,0,STRUCTURE_ONLY
89,648,0.5476190476190476,0.5476190476190476,0.42857142857142855,0.6666666666666666,1.0000000000000002,1.0,,3,STRUCTURE_ONLY
89,618,0.5404411764705883,0.5404411764705883,0.375,0.7058823529411765,0.8333333333333335,0.9166666666666667,,3,STRUCTURE_ONLY
89,558,0.5125,0.5125,0.4,0.625,0.9128709291752769,0.9564354645876385,,4,STRUCTURE_ONLY
89,591,0.5032894736842105,0.5032894736842105,0.375,0.631578947368421,,,,0,STRUCTURE_ONLY
89,306,0.4957983193277311,0.4957983193277311,0.2857142857142857,0.7058823529411765,,,,2,STRUCTURE_ONLY
89,88,0.4849624060150376,0.4849624060150376,0.2857142857142857,0.6842105263157895,0.8486684247915056,0.9243342123957528,,8,STRUCTURE_ONLY
89,479,0.4666666666666667,0.4666666666666667,0.3333333333333333,0.6,,,,2,STRUCTURE_ONLY
89,506,0.4583333333333333,0.4583333333333333,0.25,0.6666666666666666,0.9622504486493763,0.9811252243246882,,3,STRUCTURE_ONLY
89,411,0.45614035087719296,0.45614035087719296,0.3333333333333333,0.5789473684210527,0.9594032236002469,0.9797016118001234,,5,STRUCTURE_ONLY
91,290,0.413312693498452,0.413312693498452,0.35294117647058826,0.47368421052631576,0.7777777777777778,0.8888888888888888,,9,STRUCTURE_ONLY
91,316,0.2883522727272727,0.2883522727272727,0.28125,0.29545454545454547,0.8616404368553292,0.9308202184276646,,12,STRUCTURE_ONLY
91,286,0.2815614617940199,0.2815614617940199,0.21428571428571427,0.3488372093023256,0.8082238591204871,0.9041119295602436,,16,STRUCTURE_ONLY
91,380,0.2625,0.2625,0.125,0.4,0.9434563530497265,0.9717281765248633,,7,STRUCTURE_ONLY
91,713,0.25555555555555554,0.25555555555555554,0.1111111111111111,0.4,0.9163795899053139,0.958189794952657,,11,STRUCTURE_ONLY
91,16,0.24521072796934865,0.24521072796934865,0.1111111111111111,0.3793103448275862,0.8359173188630293,0.9179586594315147,,8,STRUCTURE_ONLY
91,228,0.24166666666666664,0.24166666666666664,0.15,0.3333333333333333,0.9486832980505138,0.9743416490252569,,6,STRUCTURE_ONLY
91,502,0.24166666666666664,0.24166666666666664,0.15,0.3333333333333333,0.8249579113843055,0.9124789556921528,,6,STRUCTURE_ONLY
91,41,0.24064171122994654,0.24064171122994654,0.11764705882352941,0.36363636363636365,0.9438798074485388,0.9719399037242694,,10,STRUCTURE_ONLY
91,156,0.23214285714285712,0.23214285714285712,0.08333333333333333,0.38095238095238093,0.873326063219467,0.9366630316097335,,15,STRUCTURE_ONLY
92,363,1.0,1.0,1.0,1.0,,,,1,STRUCTURE_ONLY
92,268,0.6,0.6,0.5,0.7,,,,2,STRUCTURE_ONLY
92,543,0.6,0.6,0.5,0.7,0.9486832980505138,0.9743416490252569,,3,STRUCTURE_ONLY
92,701,0.6,0.6,0.5,0.7,-0.8164965809277261,0.09175170953613693,,3,STRUCTURE_ONLY
92,754,0.6,0.6,0.5,0.7,,,,1,STRUCTURE_ONLY
92,746,0.5166666666666666,0.5166666666666666,0.3333333333333333,0.7,,,,0,STRUCTURE_ONLY
92,216,0.5125,0.5125,0.4,0.625,-0.8164965809277259,0.09175170953613704,,4,STRUCTURE_ONLY
92,727,0.48484848484848486,0.48484848484848486,0.3333333333333333,0.6363636363636364,,,,1,STRUCTURE_ONLY
92,530,0.45833333333333337,0.45833333333333337,0.3333333333333333,0.5833333333333334,,,,2,STRUCTURE_ONLY
92,686,0.45833333333333337,0.45833333333333337,0.3333333333333333,0.5833333333333334,,,,1,STRUCTURE_ONLY
93,440,0.12681159420289856,0.12681159420289856,0.16666666666666666,0.08695652173913043,0.5773502691896258,0.7886751345948129,,3,STRUCTURE_ONLY
93,176,0.125,0.125,0.25,0.0,,,,0,STRUCTURE_ONLY
93,180,0.125,0.125,0.25,0.0,,,,0,STRUCTURE_ONLY
93,263,0.125,0.125,0.25,0.0,,,,2,STRUCTURE_ONLY
93,338,0.125,0.125,0.25,0.0,,,,0,STRUCTURE_ONLY
93,555,0.125,0.125,0.25,0.0,,,,1,STRUCTURE_ONLY
93,566,0.125,0.125,0.25,0.0,0.9013878188659974,0.9506939094329987,,7,STRUCTURE_ONLY
93,348,0.11904761904761904,0.11904761904761904,0.14285714285714285,0.09523809523809523,,,,1,STRUCTURE_ONLY
93,153,0.1,0.1,0.2,0.0,,,,1,STRUCTURE_ONLY
93,193,0.1,0.1,0.2,0.0,0.8017837257372732,0.9008918628686367,,5,STRUCTURE_ONLY
95,550,0.6620553359683794,0.6620553359683794,0.45454545454545453,0.8695652173913043,0.9037378388935388,0.9518689194467693,,10,STRUCTURE_ONLY
95,144,0.46963946869070206,0.46963946869070206,0.29411764705882354,0.6451612903225806,-0.15811388300841897,0.4209430584957905,,11,STRUCTURE_ONLY
95,164,0.46372549019607845,0.46372549019607845,0.3,0.6274509803921569,0.9104654680003258,0.955232734000163,,10,STRUCTURE_ONLY
95,195,0.4336734693877551,0.4336734693877551,0.21428571428571427,0.6530612244897959,0.8509629433967633,0.9254814716983817,,13,STRUCTURE_ONLY
95,305,0.3791526239768897,0.3791526239768897,0.16129032258064516,0.5970149253731343,0.9301619596535009,0.9650809798267505,,34,STRUCTURE_ONLY
95,320,0.3625,0.3625,0.25,0.475,0.9124211282466754,0.9562105641233377,,8,STRUCTURE_ONLY
95,43,0.3602442333785617,0.3602442333785617,0.2727272727272727,0.44776119402985076,0.944911182523068,0.972455591261534,,4,STRUCTURE_ONLY
95,508,0.2928571428571428,0.2928571428571428,0.2857142857142857,0.3,0.9428090415820634,0.9714045207910317,,12,STRUCTURE_ONLY
95,364,0.2696428571428572,0.2696428571428572,0.2,0.3392857142857143,0.9486832980505138,0.9743416490252569,,4,STRUCTURE_ONLY
95,518,0.2655172413793103,0.2655172413793103,0.1,0.43103448275862066,0.9284766908852594,0.9642383454426298,,9,STRUCTURE_ONLY
96,139,0.2188235294117647,0.2188235294117647,0.11764705882352941,0.32,0.9428090415820635,0.9714045207910318,,3,STRUCTURE_ONLY
96,369,0.20512820512820512,0.20512820512820512,0.07692307692307693,0.3333333333333333,,,,0,STRUCTURE_ONLY
96,71,0.18382352941176472,0.18382352941176472,0.11764705882352941,0.25,0.6666666666666667,0.8333333333333334,,4,STRUCTURE_ONLY
96,406,0.1752450980392157,0.1752450980392157,0.058823529411764705,0.2916666666666667,0.0,0.5,,11,STRUCTURE_ONLY
96,134,0.1692982456140351,0.1692982456140351,0.10526315789473684,0.23333333333333334,,,,2,STRUCTURE_ONLY
96,132,0.15356265356265358,0.15356265356265358,0.09090909090909091,0.21621621621621623,,,,1,STRUCTURE_ONLY
96,51,0.15109890109890112,0.15109890109890112,0.07142857142857142,0.23076923076923078,0.8164965809277259,0.9082482904638629,,3,STRUCTURE_ONLY
96,259,0.1468253968253968,0.1468253968253968,0.07142857142857142,0.2222222222222222,1.0,1.0,,4,STRUCTURE_ONLY
96,463,0.13986697965571204,0.13986697965571204,0.1388888888888889,0.14084507042253522,0.8838834764831843,0.9419417382415922,,5,STRUCTURE_ONLY
96,477,0.13488372093023257,0.13488372093023257,0.2,0.06976744186046512,0.8660254037844387,0.9330127018922194,,5,STRUCTURE_ONLY
97,190,0.4157894736842105,0.4157894736842105,0.2,0.631578947368421,0.33333333333333337,0.6666666666666667,,3,STRUCTURE_ONLY
97,46,0.41208791208791207,0.41208791208791207,0.2857142857142857,0.5384615384615384,,,,1,STRUCTURE_ONLY
97,252,0.4,0.4,0.2,0.6,-0.04637388957601683,0.4768130552119916,,12,STRUCTURE_ONLY
97,209,0.3857142857142857,0.3857142857142857,0.2,0.5714285714285714,,,,1,STRUCTURE_ONLY
97,347,0.3857142857142857,0.3857142857142857,0.2,0.5714285714285714,-0.10540925533894598,0.447295372330527,,6,STRUCTURE_ONLY
97,335,0.3727272727272727,0.3727272727272727,0.2,0.5454545454545454,-0.5303300858899106,0.2348349570550447,,8,STRUCTURE_ONLY
97,434,0.365,0.365,0.25,0.48,,,,1,STRUCTURE_ONLY
97,348,0.3233695652173913,0.3233695652173913,0.125,0.5217391304347826,,,,0,STRUCTURE_ONLY
97,324,0.3225,0.3225,0.125,0.52,-0.6324555320336759,0.18377223398316206,,5,STRUCTURE_ONLY
97,277,0.3214285714285714,0.3214285714285714,0.14285714285714285,0.5,0.5773502691896258,0.7886751345948129,,6,STRUCTURE_ONLY
98,518,0.3588235294117647,0.3588235294117647,0.23529411764705882,0.4823529411764706,0.9525793444156805,0.9762896722078402,,9,STRUCTURE_ONLY
98,446,0.33064516129032256,0.33064516129032256,0.16129032258064516,0.5,0.9486832980505138,0.9743416490252569,,6,STRUCTURE_ONLY
98,53,0.32400589101620025,0.32400589101620025,0.14285714285714285,0.5051546391752577,0.8451542547285165,0.9225771273642582,,8,STRUCTURE_ONLY
98,249,0.31093519882179677,0.31093519882179677,0.17857142857142858,0.44329896907216493,0.9381941874331419,0.9690970937165709,,9,STRUCTURE_ONLY
98,144,0.30833333333333335,0.30833333333333335,0.16666666666666666,0.45,,,,2,STRUCTURE_ONLY
98,188,0.30771160923385743,0.30771160923385743,0.2786885245901639,0.336734693877551,0.8616404368553292,0.9308202184276646,,12,STRUCTURE_ONLY
98,219,0.30561890939249425,0.30561890939249425,0.3584905660377358,0.25274725274725274,0.7432561251138006,0.8716280625569003,,21,STRUCTURE_ONLY
98,314,0.3031446540880503,0.3031446540880503,0.33962264150943394,0.26666666666666666,0.8371578903249572,0.9185789451624786,,19,STRUCTURE_ONLY
98,294,0.28820236367406177,0.28820236367406177,0.16981132075471697,0.4065934065934066,0.629940788348712,0.814970394174356,,10,STRUCTURE_ONLY
98,65,0.2760797342192691,0.2760797342192691,0.20930232558139536,0.34285714285714286,0.8223456202287831,0.9111728101143916,,19,STRUCTURE_ONLY
99,381,0.4356060606060606,0.4356060606060606,0.45454545454545453,0.4166666666666667,0.6155870112510924,0.8077935056255462,,46,STRUCTURE_ONLY
99,262,0.41428571428571426,0.41428571428571426,0.42857142857142855,0.4,0.536774032210737,0.7683870161053685,,70,STRUCTURE_ONLY
99,382,0.39015151515151514,0.39015151515151514,0.36363636363636365,0.4166666666666667,0.4216370213557839,0.7108185106778919,,45,STRUCTURE_ONLY
99,429,0.3814516129032258,0.3814516129032258,0.15,0.6129032258064516,0.19894589252079753,0.5994729462603987,,81,STRUCTURE_ONLY
99,222,0.3331854480922804,0.3331854480922804,0.21739130434782608,0.4489795918367347,0.4472135954999579,0.7236067977499789,,5,STRUCTURE_ONLY
99,367,0.3306595365418895,0.3306595365418895,0.17647058823529413,0.48484848484848486,0.38949041885226,0.6947452094261299,,39,STRUCTURE_ONLY
99,408,0.32386363636363635,0.32386363636363635,0.2727272727272727,0.375,0.3499999999999999,0.6749999999999999,,58,STRUCTURE_ONLY
99,496,0.3075980392156863,0.3075980392156863,0.2916666666666667,0.3235294117647059,0.10660035817780521,0.5533001790889026,,17,STRUCTURE_ONLY
99,48,0.3033088235294118,0.3033088235294118,0.29411764705882354,0.3125,0.5230657809659415,0.7615328904829708,,82,STRUCTURE_ONLY
99,447,0.29532163742690054,0.29532163742690054,0.2222222222222222,0.3684210526315789,-0.35355339059327373,0.32322330470336313,,9,STRUCTURE_ONLY
100,317,0.40445696721311475,0.40445696721311475,0.21875,0.5901639344262295,,,,2,STRUCTURE_ONLY
100,312,0.39418377321603126,0.39418377321603126,0.25806451612903225,0.5303030303030303,0.9707253433941511,0.9853626716970756,,4,STRUCTURE_ONLY
100,519,0.3652094717668488,0.3652094717668488,0.2222222222222222,0.5081967213114754,0.8908708063747479,0.945435403187374,,14,STRUCTURE_ONLY
100,327,0.35586206896551725,0.35586206896551725,0.16,0.5517241379310345,0.43876345447627835,0.7193817272381392,,12,STRUCTURE_ONLY
100,339,0.3339719029374202,0.3339719029374202,0.18518518518518517,0.4827586206896552,0.5091750772173156,0.7545875386086578,,9,STRUCTURE_ONLY
100,544,0.32891246684350134,0.32891246684350134,0.19230769230769232,0.46551724137931033,0.6030226891555273,0.8015113445777636,,11,STRUCTURE_ONLY
100,188,0.3244949494949495,0.3244949494949495,0.20454545454545456,0.4444444444444444,0.9486832980505138,0.9743416490252569,,6,STRUCTURE_ONLY
100,166,0.32407407407407407,0.32407407407407407,0.14814814814814814,0.5,0.8981462390204985,0.9490731195102493,,10,STRUCTURE_ONLY
100,244,0.3200778642936596,0.3200778642936596,0.1724137931034483,0.46774193548387094,0.9647638212377322,0.982381910618866,,10,STRUCTURE_ONLY
100,57,0.3128205128205128,0.3128205128205128,0.19230769230769232,0.43333333333333335,1.0,1.0,,4,STRUCTURE_ONLY
101,200,0.7062643239113827,0.7062643239113827,0.5294117647058824,0.8831168831168831,0.7778444682625973,0.8889222341312987,,9,STRUCTURE_ONLY
101,77,0.5077751196172249,0.5077751196172249,0.3181818181818182,0.6973684210526315,,,,2,STRUCTURE_ONLY
101,595,0.4659755449229133,0.4659755449229133,0.3157894736842105,0.6161616161616161,0.7239227659930269,0.8619613829965134,,14,STRUCTURE_ONLY
101,526,0.4642857142857143,0.4642857142857143,0.35714285714285715,0.5714285714285714,0.8332380897952963,0.9166190448976481,,13,STRUCTURE_ONLY
101,678,0.4610115911485774,0.4610115911485774,0.5384615384615384,0.3835616438356164,0.8164965809277261,0.9082482904638631,,4,STRUCTURE_ONLY
101,114,0.40456621004566207,0.40456621004566207,0.4666666666666667,0.3424657534246575,0.5659164584181103,0.7829582292090551,,10,STRUCTURE_ONLY
101,679,0.39863013698630134,0.39863013698630134,0.4,0.3972602739726027,0.8660254037844387,0.9330127018922194,,6,STRUCTURE_ONLY
101,690,0.39488636363636365,0.39488636363636365,0.4375,0.3522727272727273,0.6933752452815365,0.8466876226407682,,10,STRUCTURE_ONLY
101,711,0.39285714285714285,0.39285714285714285,0.35714285714285715,0.42857142857142855,0.7745966692414834,0.8872983346207417,,3,STRUCTURE_ONLY
101,583,0.3890374331550802,0.3890374331550802,0.45454545454545453,0.3235294117647059,0.857142857142857,0.9285714285714285,,4,STRUCTURE_ONLY
102,254,0.41666666666666663,0.41666666666666663,0.5,0.3333333333333333,0.0,0.5,,3,STRUCTURE_ONLY
102,613,0.3666666666666667,0.3666666666666667,0.3333333333333333,0.4,,,,1,STRUCTURE_ONLY
102,449,0.3333333333333333,0.3333333333333333,0.3333333333333333,0.3333333333333333,,,,0,STRUCTURE_ONLY
102,413,0.2777777777777778,0.2777777777777778,0.3333333333333333,0.2222222222222222,-0.33541019662496846,0.33229490168751574,,7,STRUCTURE_ONLY
102,224,0.25396825396825395,0.25396825396825395,0.2857142857142857,0.2222222222222222,-0.4364357804719848,0.28178210976400764,,6,STRUCTURE_ONLY
102,199,0.25,0.25,0.3333333333333333,0.16666666666666666,,,,0,STRUCTURE_ONLY
102,371,0.22549019607843135,0.22549019607843135,0.3333333333333333,0.11764705882352941,0.8660254037844387,0.9330127018922194,,4,STRUCTURE_ONLY
102,252,0.19642857142857142,0.19642857142857142,0.25,0.14285714285714285,0.4364357804719848,0.7182178902359924,,11,STRUCTURE_ONLY
102,409,0.18831168831168832,0.18831168831168832,0.2857142857142857,0.09090909090909091,,,,0,STRUCTURE_ONLY
102,153,0.18333333333333335,0.18333333333333335,0.2,0.16666666666666666,0.6135719910778963,0.8067859955389481,,9,STRUCTURE_ONLY
103,496,0.5547619047619048,0.5547619047619048,0.3,0.8095238095238095,0.3563483225498992,0.6781741612749496,,12,STRUCTURE_ONLY
103,488,0.506578947368421,0.506578947368421,0.2631578947368421,0.75,0.42183074386605374,0.7109153719330269,,45,STRUCTURE_ONLY
103,62,0.49053030303030304,0.49053030303030304,0.2727272727272727,0.7083333333333334,0.2696799449852968,0.6348399724926483,,25,STRUCTURE_ONLY
103,256,0.4695652173913043,0.4695652173913043,0.2,0.7391304347826086,0.5135525910130955,0.7567762955065478,,27,STRUCTURE_ONLY
103,673,0.46590909090909094,0.46590909090909094,0.18181818181818182,0.75,0.4635863249727653,0.7317931624863827,,15,STRUCTURE_ONLY
103,533,0.43523809523809526,0.43523809523809526,0.19047619047619047,0.68,0.08058229640253803,0.540291148201269,,13,STRUCTURE_ONLY
103,530,0.43137254901960786,0.43137254901960786,0.3333333333333333,0.5294117647058824,0.21693045781865616,0.6084652289093281,,11,STRUCTURE_ONLY
103,686,0.43137254901960786,0.43137254901960786,0.3333333333333333,0.5294117647058824,0.8451542547285165,0.9225771273642582,,4,STRUCTURE_ONLY
103,685,0.40756302521008403,0.40756302521008403,0.2857142857142857,0.5294117647058824,0.07171371656006362,0.5358568582800318,,41,STRUCTURE_ONLY
103,717,0.4027777777777778,0.4027777777777778,0.25,0.5555555555555556,0.8660254037844387,0.9330127018922194,,4,STRUCTURE_ONLY
104,181,0.39166666666666666,0.39166666666666666,0.25,0.5333333333333333,0.560448538317805,0.7802242691589025,,21,STRUCTURE_ONLY
104,448,0.3557692307692308,0.3557692307692308,0.25,0.46153846153846156,0.6880329612324521,0.844016480616226,,31,STRUCTURE_ONLY
104,726,0.325,0.325,0.25,0.4,0.9525793444156805,0.9762896722078402,,6,STRUCTURE_ONLY
104,470,0.3205128205128205,0.3205128205128205,0.3333333333333333,0.3076923076923077,0.6772962119561564,0.8386481059780782,,12,STRUCTURE_ONLY
104,640,0.2892156862745098,0.2892156862745098,0.16666666666666666,0.4117647058823529,,,,3,STRUCTURE_ONLY
104,390,0.2777777777777778,0.2777777777777778,0.16666666666666666,0.3888888888888889,-0.31814238148788887,0.34092880925605556,,20,STRUCTURE_ONLY
104,306,0.27647058823529413,0.27647058823529413,0.2,0.35294117647058826,0.7499999999999999,0.875,,8,STRUCTURE_ONLY
104,462,0.27647058823529413,0.27647058823529413,0.2,0.35294117647058826,0.834812072811119,0.9174060364055595,,13,STRUCTURE_ONLY
104,36,0.2708333333333333,0.2708333333333333,0.16666666666666666,0.375,0.5962847939999439,0.7981423969999719,,22,STRUCTURE_ONLY
104,264,0.26666666666666666,0.26666666666666666,0.2,0.3333333333333333,0.7857142857142857,0.8928571428571428,,11,STRUCTURE_ONLY
105,621,0.5240384615384616,0.5240384615384616,0.625,0.4230769230769231,,,,2,STRUCTURE_ONLY
105,184,0.521505376344086,0.521505376344086,0.3333333333333333,0.7096774193548387,0.9544271444636666,0.9772135722318334,,7,STRUCTURE_ONLY
105,326,0.5053763440860215,0.5053763440860215,0.3333333333333333,0.6774193548387096,0.3872983346207417,0.6936491673103709,,14,STRUCTURE_ONLY
105,87,0.4653061224489796,0.4653061224489796,0.4,0.5306122448979592,0.968962790249909,0.9844813951249545,,9,STRUCTURE_ONLY
105,321,0.42204301075268813,0.42204301075268813,0.16666666666666666,0.6774193548387096,,,,1,STRUCTURE_ONLY
105,583,0.4,0.4,0.2,0.6,1.0000000000000002,1.0,,3,STRUCTURE_ONLY
105,609,0.3981900452488688,0.3981900452488688,0.38461538461538464,0.4117647058823529,0.9525793444156805,0.9762896722078402,,9,STRUCTURE_ONLY
105,674,0.396875,0.396875,0.2,0.59375,0.857142857142857,0.9285714285714285,,4,STRUCTURE_ONLY
105,46,0.3909090909090909,0.3909090909090909,0.18181818181818182,0.6,,,,1,STRUCTURE_ONLY
105,611,0.3897849462365591,0.3897849462365591,0.16666666666666666,0.6129032258064516,0.9525793444156805,0.9762896722078402,,6,STRUCTURE_ONLY
106,438,0.44047619047619047,0.44047619047619047,0.38095238095238093,0.5,0.9622504486493763,0.9811252243246882,,3,STRUCTURE_ONLY
106,230,0.42391304347826086,0.42391304347826086,0.34782608695652173,0.5,0.8017837257372731,0.9008918628686365,,4,STRUCTURE_ONLY
106,317,0.3669590643274854,0.3669590643274854,0.2894736842105263,0.4444444444444444,,,,1,STRUCTURE_ONLY
106,430,0.35565052231718897,0.35565052231718897,0.20512820512820512,0.5061728395061729,,,,2,STRUCTURE_ONLY
106,518,0.3409943714821764,0.3409943714821764,0.23076923076923078,0.45121951219512196,,,,1,STRUCTURE_ONLY
106,188,0.32219251336898397,0.32219251336898397,0.23529411764705882,0.4090909090909091,,,,2,STRUCTURE_ONLY
106,446,0.30180820804550995,0.30180820804550995,0.2391304347826087,0.3644859813084112,,,,1,STRUCTURE_ONLY
106,455,0.301396902520498,0.301396902520498,0.24324324324324326,0.3595505617977528,,,,2,STRUCTURE_ONLY
106,213,0.2968500797448166,0.2968500797448166,0.21212121212121213,0.3815789473684211,0.9486832980505138,0.9743416490252569,,5,STRUCTURE_ONLY
106,144,0.2967060598441036,0.2967060598441036,0.17073170731707318,0.422680412371134,,,,2,STRUCTURE_ONLY
107,413,0.3,0.3,0.25,0.35,0.9534625892455924,0.9767312946227962,,5,STRUCTURE_ONLY
107,691,0.23214285714285715,0.23214285714285715,0.25,0.21428571428571427,,,,0,STRUCTURE_ONLY
107,145,0.22252747252747251,0.22252747252747251,0.21428571428571427,0.23076923076923078,0.9141379262169076,0.9570689631084538,,11,STRUCTURE_ONLY
107,422,0.21832579185520362,0.21832579185520362,0.23076923076923078,0.20588235294117646,0.8386278693775346,0.9193139346887673,,4,STRUCTURE_ONLY
107,371,0.20192307692307693,0.20192307692307693,0.15384615384615385,0.25,0.7302967433402214,0.8651483716701107,,5,STRUCTURE_ONLY
107,365,0.1778846153846154,0.1778846153846154,0.125,0.23076923076923078,0.7977240352174656,0.8988620176087327,,7,STRUCTURE_ONLY
107,186,0.15763546798029557,0.15763546798029557,0.1724137931034483,0.14285714285714285,0.8616404368553293,0.9308202184276646,,6,STRUCTURE_ONLY
107,377,0.14871481028151773,0.14871481028151773,0.15789473684210525,0.13953488372093023,,,,2,STRUCTURE_ONLY
107,160,0.1442687747035573,0.1442687747035573,0.13636363636363635,0.15217391304347827,0.9525793444156805,0.9762896722078402,,6,STRUCTURE_ONLY
107,152,0.13248847926267282,0.13248847926267282,0.07142857142857142,0.1935483870967742,0.5773502691896258,0.7886751345948129,,3,STRUCTURE_ONLY
109,123,0.561244019138756,0.561244019138756,0.4909090909090909,0.631578947368421,0.8082903768654761,0.9041451884327381,,27,STRUCTURE_ONLY
109,471,0.5506168359941944,0.5506168359941944,0.36538461538461536,0.7358490566037735,-0.027524094128159017,0.4862379529359205,,48,STRUCTURE_ONLY
109,61,0.5237373737373737,0.5237373737373737,0.43636363636363634,0.6111111111111112,0.4163331998932266,0.7081665999466134,,97,STRUCTURE_ONLY
109,511,0.5147169811320755,0.5147169811320755,0.52,0.5094339622641509,0.6317396794759962,0.8158698397379981,,114,STRUCTURE_ONLY
109,289,0.5140738498789347,0.5140738498789347,0.4745762711864407,0.5535714285714286,0.40961670366349223,0.7048083518317461,,163,STRUCTURE_ONLY
109,163,0.5029085140137494,0.5029085140137494,0.36065573770491804,0.6451612903225806,0.556417572928747,0.7782087864643735,,34,STRUCTURE_ONLY
109,179,0.44652777777777775,0.44652777777777775,0.28888888888888886,0.6041666666666666,0.48770901396685984,0.7438545069834299,,45,STRUCTURE_ONLY
109,295,0.4413890004014452,0.4413890004014452,0.2978723404255319,0.5849056603773585,0.5581731197292534,0.7790865598646267,,126,STRUCTURE_ONLY
109,222,0.44060283687943264,0.44060283687943264,0.2978723404255319,0.5833333333333334,0.9525793444156805,0.9762896722078402,,6,STRUCTURE_ONLY
109,516,0.43742216687422164,0.43742216687422164,0.4090909090909091,0.4657534246575342,0.8971499589146108,0.9485749794573054,,30,STRUCTURE_ONLY
110,69,0.6294642857142857,0.6294642857142857,0.5714285714285714,0.6875,0.7745966692414834,0.8872983346207417,,10,STRUCTURE_ONLY
110,577,0.6293103448275862,0.6293103448275862,0.5,0.7586206896551724,0.7071067811865475,0.8535533905932737,,5,STRUCTURE_ONLY
110,492,0.4722222222222222,0.4722222222222222,0.5,0.4444444444444444,0.8660254037844386,0.9330127018922193,,6,STRUCTURE_ONLY
110,178,0.46153846153846156,0.46153846153846156,0.5,0.4230769230769231,0.8486684247915056,0.9243342123957528,,9,STRUCTURE_ONLY
110,234,0.45686274509803926,0.45686274509803926,0.26666666666666666,0.6470588235294118,0.9486832980505138,0.9743416490252569,,5,STRUCTURE_ONLY
110,35,0.43333333333333335,0.43333333333333335,0.5,0.36666666666666664,0.9116846116771036,0.9558423058385518,,8,STRUCTURE_ONLY
110,127,0.4211822660098522,0.4211822660098522,0.42857142857142855,0.41379310344827586,0.8249579113843055,0.9124789556921528,,7,STRUCTURE_ONLY
110,583,0.41810344827586204,0.41810344827586204,0.25,0.5862068965517241,,,,2,STRUCTURE_ONLY
110,546,0.4097222222222222,0.4097222222222222,0.375,0.4444444444444444,0.8660254037844387,0.9330127018922194,,4,STRUCTURE_ONLY
110,398,0.4084084084084084,0.4084084084084084,0.2222222222222222,0.5945945945945946,,,,1,STRUCTURE_ONLY
111,628,0.47098214285714285,0.47098214285714285,0.2857142857142857,0.65625,,,,1,STRUCTURE_ONLY
111,562,0.40131578947368424,0.40131578947368424,0.25,0.5526315789473685,0.8300978857941995,0.9150489428970998,,17,STRUCTURE_ONLY
111,346,0.3333333333333333,0.3333333333333333,0.3333333333333333,0.3333333333333333,0.7715167498104595,0.8857583749052298,,9,STRUCTURE_ONLY
111,268,0.2962962962962963,0.2962962962962963,0.3333333333333333,0.25925925925925924,0.8728715609439696,0.9364357804719847,,4,STRUCTURE_ONLY
111,543,0.2962962962962963,0.2962962962962963,0.3333333333333333,0.25925925925925924,0.9428090415820635,0.9714045207910318,,3,STRUCTURE_ONLY
111,701,0.2962962962962963,0.2962962962962963,0.3333333333333333,0.25925925925925924,0.9428090415820635,0.9714045207910318,,3,STRUCTURE_ONLY
111,754,0.2962962962962963,0.2962962962962963,0.3333333333333333,0.25925925925925924,0.5773502691896258,0.7886751345948129,,3,STRUCTURE_ONLY
111,746,0.25462962962962965,0.25462962962962965,0.25,0.25925925925925924,,,,1,STRUCTURE_ONLY
111,727,0.25,0.25,0.25,0.25,,,,2,STRUCTURE_ONLY
111,530,0.2456896551724138,0.2456896551724138,0.25,0.2413793103448276,0.7826237921249264,0.8913118960624632,,7,STRUCTURE_ONLY
112,466,0.7407834101382489,0.7407834101382489,0.6428571428571429,0.8387096774193549,0.8320502943378437,0.9160251471689218,,9,STRUCTURE_ONLY
112,160,0.6356275303643725,0.6356275303643725,0.5789473684210527,0.6923076923076923,0.50709255283711,0.753546276418555,,10,STRUCTURE_ONLY
112,641,0.5058823529411764,0.5058823529411764,0.4117647058823529,0.6,0.5773502691896258,0.7886751345948129,,8,STRUCTURE_ONLY
112,45,0.4744318181818182,0.4744318181818182,0.3125,0.6363636363636364,0.8409632877462002,0.9204816438731,,19,STRUCTURE_ONLY
112,211,0.4737678855325914,0.4737678855325914,0.35294117647058826,0.5945945945945946,0.5477225575051661,0.773861278752583,,6,STRUCTURE_ONLY
112,447,0.46785714285714286,0.46785714285714286,0.25,0.6857142857142857,0.7715167498104595,0.8857583749052298,,6,STRUCTURE_ONLY
112,454,0.4444444444444444,0.4444444444444444,0.25,0.6388888888888888,0.5275043787166296,0.7637521893583148,,19,STRUCTURE_ONLY
112,631,0.4373065015479876,0.4373065015479876,0.3157894736842105,0.5588235294117647,,,,2,STRUCTURE_ONLY
112,161,0.4364130434782609,0.4364130434782609,0.34782608695652173,0.525,0.8164965809277259,0.9082482904638629,,3,STRUCTURE_ONLY
112,603,0.43062200956937796,0.43062200956937796,0.3157894736842105,0.5454545454545454,-0.4472135954999579,0.27639320225002106,,9,STRUCTURE_ONLY
113,389,1.0,1.0,1.0,1.0,,,,2,STRUCTURE_ONLY
113,229,0.3522727272727273,0.3522727272727273,0.25,0.45454545454545453,,,,2,STRUCTURE_ONLY
113,545,0.35,0.35,0.2,0.5,,,,2,STRUCTURE_ONLY
113,530,0.3484848484848485,0.3484848484848485,0.3333333333333333,0.36363636363636365,0.9438798074485389,0.9719399037242695,,5,STRUCTURE_ONLY
113,686,0.3484848484848485,0.3484848484848485,0.3333333333333333,0.36363636363636365,,,,0,STRUCTURE_ONLY
113,717,0.30833333333333335,0.30833333333333335,0.2,0.4166666666666667,1.0000000000000002,1.0,,3,STRUCTURE_ONLY
113,497,0.3068181818181818,0.3068181818181818,0.25,0.36363636363636365,0.9434563530497265,0.9717281765248633,,7,STRUCTURE_ONLY
113,685,0.3068181818181818,0.3068181818181818,0.25,0.36363636363636365,0.6936879756192958,0.8468439878096479,,8,STRUCTURE_ONLY
113,47,0.2928571428571428,0.2928571428571428,0.2857142857142857,0.3,0.8819171036881969,0.9409585518440984,,9,STRUCTURE_ONLY
113,715,0.29166666666666663,0.29166666666666663,0.25,0.3333333333333333,,,,2,STRUCTURE_ONLY
114,531,0.5677083333333334,0.5677083333333334,0.4166666666666667,0.71875,0.6030226891555273,0.8015113445777636,,17,STRUCTURE_ONLY
114,441,0.5337301587301587,0.5337301587301587,0.42857142857142855,0.6388888888888888,0.9459053029269171,0.9729526514634586,,19,STRUCTURE_ONLY
114,583,0.5333333333333333,0.5333333333333333,0.3333333333333333,0.7333333333333333,0.9486832980505138,0.9743416490252569,,5,STRUCTURE_ONLY
114,321,0.5277777777777778,0.5277777777777778,0.5,0.5555555555555556,0.8703882797784892,0.9351941398892446,,7,STRUCTURE_ONLY
114,698,0.5194444444444444,0.5194444444444444,0.4,0.6388888888888888,0.903696114115064,0.9518480570575321,,7,STRUCTURE_ONLY
114,179,0.5138888888888888,0.5138888888888888,0.3888888888888889,0.6388888888888888,0.7399400733959438,0.8699700366979719,,19,STRUCTURE_ONLY
114,678,0.5017857142857143,0.5017857142857143,0.42857142857142855,0.575,0.9799578870122229,0.9899789435061115,,6,STRUCTURE_ONLY
114,339,0.4983108108108108,0.4983108108108108,0.375,0.6216216216216216,0.7177405625652734,0.8588702812826368,,17,STRUCTURE_ONLY
114,694,0.498015873015873,0.498015873015873,0.35714285714285715,0.6388888888888888,1.0000000000000002,1.0,,6,STRUCTURE_ONLY
114,513,0.48226544622425627,0.48226544622425627,0.42105263157894735,0.5434782608695652,0.9231861823449954,0.9615930911724977,,13,STRUCTURE_ONLY
115,283,0.5798319327731092,0.5798319327731092,0.5714285714285714,0.5882352941176471,0.5345224838248488,0.7672612419124244,,16,STRUCTURE_ONLY
115,610,0.5441176470588236,0.5441176470588236,0.5,0.5882352941176471,,,,1,STRUCTURE_ONLY
115,231,0.45833333333333337,0.45833333333333337,0.4166666666666667,0.5,0.5488604301969738,0.774430215098487,,23,STRUCTURE_ONLY
115,44,0.4017857142857143,0.4017857142857143,0.42857142857142855,0.375,0.8017837257372731,0.9008918628686365,,4,STRUCTURE_ONLY
115,268,0.3916666666666667,0.3916666666666667,0.2,0.5833333333333334,0.48507125007266594,0.742535625036333,,5,STRUCTURE_ONLY
115,543,0.3916666666666667,0.3916666666666667,0.2,0.5833333333333334,0.6454972243679029,0.8227486121839515,,9,STRUCTURE_ONLY
115,701,0.3916666666666667,0.3916666666666667,0.2,0.5833333333333334,0.7559289460184544,0.8779644730092272,,5,STRUCTURE_ONLY
115,754,0.3916666666666667,0.3916666666666667,0.2,0.5833333333333334,-0.3086066999241838,0.34569665003790806,,4,STRUCTURE_ONLY
115,506,0.3897058823529412,0.3897058823529412,0.25,0.5294117647058824,1.0000000000000002,1.0,,6,STRUCTURE_ONLY
115,746,0.375,0.375,0.16666666666666666,0.5833333333333334,,,,0,STRUCTURE_ONLY
117,561,0.7221052631578948,0.7221052631578948,0.76,0.6842105263157895,,,,1,STRUCTURE_ONLY
117,55,0.7021052631578948,0.7021052631578948,0.72,0.6842105263157895,0.8017837257372731,0.9008918628686365,,4,STRUCTURE_ONLY
117,140,0.6557894736842105,0.6557894736842105,0.68,0.631578947368421,0.5533985905294664,0.7766992952647331,,14,STRUCTURE_ONLY
117,354,0.6306042884990253,0.6306042884990253,0.6296296296296297,0.631578947368421,1.0000000000000002,1.0,,3,STRUCTURE_ONLY
117,503,0.5910087719298246,0.5910087719298246,0.7083333333333334,0.47368421052631576,0.5276448530110863,0.7638224265055431,,10,STRUCTURE_ONLY
117,557,0.5874999999999999,0.5874999999999999,0.6333333333333333,0.5416666666666666,0.5892556509887896,0.7946278254943948,,9,STRUCTURE_ONLY
117,331,0.5730846774193548,0.5730846774193548,0.6774193548387096,0.46875,1.0000000000000002,1.0,,3,STRUCTURE_ONLY
117,31,0.5542857142857143,0.5542857142857143,0.68,0.42857142857142855,0.6396021490668313,0.8198010745334157,,8,STRUCTURE_ONLY
117,559,0.5225752508361204,0.5225752508361204,0.6538461538461539,0.391304347826087,0.9999999999999999,1.0,,4,STRUCTURE_ONLY
117,269,0.5193602693602694,0.5193602693602694,0.6296296296296297,0.4090909090909091,0.9486832980505138,0.9743416490252569,,5,STRUCTURE_ONLY
118,527,0.6447368421052632,0.6447368421052632,0.5,0.7894736842105263,,,,0,STRUCTURE_ONLY
118,752,0.6363636363636364,0.6363636363636364,0.5,0.7727272727272727,,,,0,STRUCTURE_ONLY
118,27,0.575,0.575,0.4,0.75,,,,0,STRUCTURE_ONLY
118,702,0.5518518518518518,0.5518518518518518,0.4,0.7037037037037037,,,,0,STRUCTURE_ONLY
118,530,0.48684210526315785,0.48684210526315785,0.5,0.47368421052631576,,,,1,STRUCTURE_ONLY
118,686,0.48684210526315785,0.48684210526315785,0.5,0.47368421052631576,,,,0,STRUCTURE_ONLY
118,436,0.44285714285714284,0.44285714285714284,0.2857142857142857,0.6,,,,0,STRUCTURE_ONLY
118,554,0.44285714285714284,0.44285714285714284,0.2857142857142857,0.6,,,,0,STRUCTURE_ONLY
118,685,0.4368421052631579,0.4368421052631579,0.4,0.47368421052631576,1.0000000000000002,1.0,,3,STRUCTURE_ONLY
118,135,0.43229166666666663,0.43229166666666663,0.3333333333333333,0.53125,,,,0,STRUCTURE_ONLY
120,564,0.2572463768115942,0.2572463768115942,0.16666666666666666,0.34782608695652173,,,,2,STRUCTURE_ONLY
120,350,0.25,0.25,0.16666666666666666,0.3333333333333333,0.8660254037844387,0.9330127018922194,,3,STRUCTURE_ONLY
120,675,0.25,0.25,0.16666666666666666,0.3333333333333333,,,,1,STRUCTURE_ONLY
120,172,0.21180555555555555,0.21180555555555555,0.1111111111111111,0.3125,0.9622504486493763,0.9811252243246882,,3,STRUCTURE_ONLY
120,6,0.18458781362007168,0.18458781362007168,0.1111111111111111,0.25806451612903225,0.9525793444156805,0.9762896722078402,,3,STRUCTURE_ONLY
120,167,0.18458781362007168,0.18458781362007168,0.1111111111111111,0.25806451612903225,,,,2,STRUCTURE_ONLY
120,419,0.1534090909090909,0.1534090909090909,0.125,0.18181818181818182,0.9999999999999999,1.0,,4,STRUCTURE_ONLY
120,225,0.15256410256410258,0.15256410256410258,0.1,0.20512820512820512,,,,1,STRUCTURE_ONLY
120,705,0.14090909090909093,0.14090909090909093,0.1,0.18181818181818182,0.9428090415820635,0.9714045207910318,,3,STRUCTURE_ONLY
120,202,0.13468992248062014,0.13468992248062014,0.08333333333333333,0.18604651162790697,,,,1,STRUCTURE_ONLY
121,558,0.5964912280701754,0.5964912280701754,0.6666666666666666,0.5263157894736842,0.6123724356957945,0.8061862178478972,,6,STRUCTURE_ONLY
121,704,0.4772727272727273,0.4772727272727273,0.5,0.45454545454545453,0.8333333333333335,0.9166666666666667,,6,STRUCTURE_ONLY
121,198,0.4298245614035088,0.4298245614035088,0.3333333333333333,0.5263157894736842,0.18257418583505536,0.5912870929175277,,8,STRUCTURE_ONLY
121,306,0.42727272727272725,0.42727272727272725,0.4,0.45454545454545453,0.8749999999999998,0.9374999999999999,,5,STRUCTURE_ONLY
121,719,0.42727272727272725,0.42727272727272725,0.4,0.45454545454545453,0.9013878188659974,0.9506939094329987,,7,STRUCTURE_ONLY
121,129,0.4,0.4,0.4,0.4,0.8944271909999159,0.9472135954999579,,5,STRUCTURE_ONLY
121,418,0.3851851851851852,0.3851851851851852,0.4,0.37037037037037035,0.9452941770058044,0.9726470885029022,,10,STRUCTURE_ONLY
121,506,0.38405797101449274,0.38405797101449274,0.3333333333333333,0.43478260869565216,0.944911182523068,0.972455591261534,,4,STRUCTURE_ONLY
121,648,0.38405797101449274,0.38405797101449274,0.3333333333333333,0.43478260869565216,0.7833494518006403,0.8916747259003202,,6,STRUCTURE_ONLY
121,283,0.38198757763975155,0.38198757763975155,0.2857142857142857,0.4782608695652174,0.9999999999999998,0.9999999999999999,,5,STRUCTURE_ONLY
123,511,0.6888888888888889,0.6888888888888889,0.6666666666666666,0.7111111111111111,0.8055555555555556,0.9027777777777778,,30,STRUCTURE_ONLY
123,289,0.6212938005390836,0.6212938005390836,0.5283018867924528,0.7142857142857143,0.6325989947852168,0.8162994973926083,,34,STRUCTURE_ONLY
123,109,0.561244019138756,0.561244019138756,0.4909090909090909,0.631578947368421,0.8082903768654761,0.9041451884327381,,27,STRUCTURE_ONLY
123,61,0.5402321083172147,0.5402321083172147,0.5531914893617021,0.5272727272727272,0.686243566496721,0.8431217832483605,,28,STRUCTURE_ONLY
123,376,0.5198170731707317,0.5198170731707317,0.4146341463414634,0.625,0.9,0.95,,10,STRUCTURE_ONLY
123,533,0.5085470085470085,0.5085470085470085,0.46153846153846156,0.5555555555555556,0.821583836257749,0.9107919181288745,,17,STRUCTURE_ONLY
123,187,0.5016983695652174,0.5016983695652174,0.45652173913043476,0.546875,-0.9622504486493763,0.018874775675311872,,9,STRUCTURE_ONLY
123,471,0.460759027266028,0.460759027266028,0.41304347826086957,0.5084745762711864,-0.27524094128159016,0.3623795293592049,,18,STRUCTURE_ONLY
123,604,0.45564030509835407,0.45564030509835407,0.3829787234042553,0.5283018867924528,-0.5773502691896257,0.21132486540518713,,3,STRUCTURE_ONLY
123,142,0.45424836601307195,0.45424836601307195,0.5555555555555556,0.35294117647058826,0.7126966450997984,0.8563483225498991,,9,STRUCTURE_ONLY
124,552,0.5093808630393997,0.5093808630393997,0.38461538461538464,0.6341463414634146,,,,2,STRUCTURE_ONLY
124,752,0.4722222222222222,0.4722222222222222,0.4444444444444444,0.5,0.9486832980505138,0.9743416490252569,,4,STRUCTURE_ONLY
124,205,0.4472972972972973,0.4472972972972973,0.3,0.5945945945945946,,,,2,STRUCTURE_ONLY
124,378,0.4253968253968254,0.4253968253968254,0.2222222222222222,0.6285714285714286,0.9061030445113443,0.9530515222556721,,7,STRUCTURE_ONLY
124,118,0.4242424242424242,0.4242424242424242,0.3333333333333333,0.5151515151515151,,,,0,STRUCTURE_ONLY
124,495,0.41666666666666663,0.41666666666666663,0.16666666666666666,0.6666666666666666,0.9090909090909091,0.9545454545454546,,5,STRUCTURE_ONLY
124,681,0.39458413926499036,0.39458413926499036,0.36363636363636365,0.425531914893617,0.9635460822563594,0.9817730411281798,,7,STRUCTURE_ONLY
124,585,0.3888888888888889,0.3888888888888889,0.16666666666666666,0.6111111111111112,,,,1,STRUCTURE_ONLY
124,527,0.36693548387096775,0.36693548387096775,0.25,0.4838709677419355,,,,1,STRUCTURE_ONLY
124,349,0.3571428571428571,0.3571428571428571,0.2,0.5142857142857142,0.9622504486493763,0.9811252243246882,,3,STRUCTURE_ONLY
126,604,0.6111111111111112,0.6111111111111112,0.4444444444444444,0.7777777777777778,0.140028008402801,0.5700140042014005,,5,STRUCTURE_ONLY
126,256,0.6,0.6,0.5,0.7,0.8067793113007157,0.9033896556503578,,28,STRUCTURE_ONLY
126,482,0.4787549407114624,0.4787549407114624,0.43478260869565216,0.5227272727272727,0.5601838717325354,0.7800919358662677,,97,STRUCTURE_ONLY
126,47,0.47857142857142854,0.47857142857142854,0.35714285714285715,0.6,0.5232236814530984,0.7616118407265492,,92,STRUCTURE_ONLY
126,376,0.4777034559643255,0.4777034559643255,0.391304347826087,0.5641025641025641,0.9354143466934853,0.9677071733467426,,8,STRUCTURE_ONLY
126,533,0.4769433465085639,0.4769433465085639,0.34782608695652173,0.6060606060606061,0.5146749286021823,0.7573374643010912,,22,STRUCTURE_ONLY
126,223,0.44244186046511624,0.44244186046511624,0.35,0.5348837209302325,0.7423074889580903,0.8711537444790451,,16,STRUCTURE_ONLY
126,289,0.4420731707317073,0.4420731707317073,0.25,0.6341463414634146,0.6199262138660518,0.809963106933026,,130,STRUCTURE_ONLY
126,586,0.421195652173913,0.421195652173913,0.21739130434782608,0.625,0.9095085938862486,0.9547542969431243,,11,STRUCTURE_ONLY
126,488,0.41884057971014493,0.41884057971014493,0.30434782608695654,0.5333333333333333,0.517454889668201,0.7587274448341005,,101,STRUCTURE_ONLY
127,492,0.8411764705882353,0.8411764705882353,0.8,0.8823529411764706,0.9036961141150639,0.951848057057532,,6,STRUCTURE_ONLY
127,239,0.5657894736842105,0.5657894736842105,0.5,0.631578947368421,0.5017452060042545,0.7508726030021273,,10,STRUCTURE_ONLY
127,35,0.5595238095238095,0.5595238095238095,0.5,0.6190476190476191,0.75,0.875,,5,STRUCTURE_ONLY
127,487,0.5491452991452992,0.5491452991452992,0.4444444444444444,0.6538461538461539,0.686406472983644,0.843203236491822,,14,STRUCTURE_ONLY
127,178,0.5394736842105263,0.5394736842105263,0.5,0.5789473684210527,0.7925939239012171,0.8962969619506085,,10,STRUCTURE_ONLY
127,577,0.5086206896551724,0.5086206896551724,0.5,0.5172413793103449,0.7745966692414834,0.8872983346207417,,5,STRUCTURE_ONLY
127,385,0.4769736842105263,0.4769736842105263,0.375,0.5789473684210527,1.0,1.0,,4,STRUCTURE_ONLY
127,465,0.4583333333333333,0.4583333333333333,0.375,0.5416666666666666,0.9258200997725514,0.9629100498862757,,4,STRUCTURE_ONLY
127,546,0.4494047619047619,0.4494047619047619,0.375,0.5238095238095238,1.0,1.0,,4,STRUCTURE_ONLY
127,32,0.43529411764705883,0.43529411764705883,0.4,0.47058823529411764,0.944911182523068,0.972455591261534,,4,STRUCTURE_ONLY
128,517,0.3764705882352941,0.3764705882352941,0.4,0.35294117647058826,0.6933752452815365,0.8466876226407682,,4,STRUCTURE_ONLY
128,674,0.28801843317972353,0.28801843317972353,0.2857142857142857,0.2903225806451613,0.9428090415820635,0.9714045207910318,,3,STRUCTURE_ONLY
128,726,0.2675438596491228,0.2675438596491228,0.16666666666666666,0.3684210526315789,,,,2,STRUCTURE_ONLY
128,611,0.26111111111111107,0.26111111111111107,0.2222222222222222,0.3,0.9622504486493764,0.9811252243246882,,6,STRUCTURE_ONLY
128,104,0.2578947368421053,0.2578947368421053,0.2,0.3157894736842105,0.8333333333333334,0.9166666666666667,,6,STRUCTURE_ONLY
128,448,0.25,0.25,0.16666666666666666,0.3333333333333333,0.7500000000000001,0.875,,6,STRUCTURE_ONLY
128,640,0.2215909090909091,0.2215909090909091,0.125,0.3181818181818182,,,,1,STRUCTURE_ONLY
128,307,0.21205357142857142,0.21205357142857142,0.14285714285714285,0.28125,0.2461829819586655,0.6230914909793328,,5,STRUCTURE_ONLY
128,306,0.20779220779220778,0.20779220779220778,0.14285714285714285,0.2727272727272727,,,,2,STRUCTURE_ONLY
128,462,0.20779220779220778,0.20779220779220778,0.14285714285714285,0.2727272727272727,0.8520128672302585,0.9260064336151292,,6,STRUCTURE_ONLY
129,306,0.70625,0.70625,0.6,0.8125,0.8164965809277259,0.9082482904638629,,5,STRUCTURE_ONLY
129,418,0.6947368421052631,0.6947368421052631,0.6,0.7894736842105263,0.8006407690254358,0.9003203845127179,,4,STRUCTURE_ONLY
129,390,0.6617647058823529,0.6617647058823529,0.5,0.8235294117647058,,,,2,STRUCTURE_ONLY
129,479,0.6286764705882353,0.6286764705882353,0.375,0.8823529411764706,0.8017837257372731,0.9008918628686365,,4,STRUCTURE_ONLY
129,149,0.5666666666666667,0.5666666666666667,0.3,0.8333333333333334,0.7559289460184544,0.8779644730092272,,8,STRUCTURE_ONLY
129,558,0.5625,0.5625,0.5,0.625,0.33333333333333337,0.6666666666666667,,5,STRUCTURE_ONLY
129,88,0.5555555555555556,0.5555555555555556,0.3333333333333333,0.7777777777777778,0.5,0.75,,6,STRUCTURE_ONLY
129,47,0.5446428571428572,0.5446428571428572,0.375,0.7142857142857143,0.8164965809277259,0.9082482904638629,,5,STRUCTURE_ONLY
129,411,0.5333333333333333,0.5333333333333333,0.4,0.6666666666666666,0.7071067811865475,0.8535533905932737,,4,STRUCTURE_ONLY
129,130,0.5284090909090908,0.5284090909090908,0.375,0.6818181818181818,0.7071067811865476,0.8535533905932737,,6,STRUCTURE_ONLY
130,88,0.5684523809523809,0.5684523809523809,0.375,0.7619047619047619,0.7895420339517228,0.8947710169758614,,15,STRUCTURE_ONLY
130,129,0.5284090909090908,0.5284090909090908,0.375,0.6818181818181818,0.7071067811865476,0.8535533905932737,,6,STRUCTURE_ONLY
130,418,0.5,0.5,0.375,0.625,0.9429080709444059,0.971454035472203,,11,STRUCTURE_ONLY
130,579,0.4866666666666667,0.4866666666666667,0.3333333333333333,0.64,0.9230769230769232,0.9615384615384617,,10,STRUCTURE_ONLY
130,390,0.48484848484848486,0.48484848484848486,0.3333333333333333,0.6363636363636364,0.20225995873897262,0.6011299793694863,,14,STRUCTURE_ONLY
130,479,0.47727272727272724,0.47727272727272724,0.2727272727272727,0.6818181818181818,0.8749999999999998,0.9374999999999999,,5,STRUCTURE_ONLY
130,487,0.46515151515151515,0.46515151515151515,0.36363636363636365,0.5666666666666667,0.9358192003574064,0.9679096001787032,,16,STRUCTURE_ONLY
130,411,0.4583333333333333,0.4583333333333333,0.25,0.6666666666666666,0.9669875568304563,0.9834937784152282,,8,STRUCTURE_ONLY
130,149,0.44147157190635455,0.44147157190635455,0.23076923076923078,0.6521739130434783,0.6499336836196815,0.8249668418098408,,20,STRUCTURE_ONLY
130,429,0.43663594470046085,0.43663594470046085,0.35714285714285715,0.5161290322580645,0.9061030445113443,0.9530515222556721,,19,STRUCTURE_ONLY
131,49,0.2777777777777778,0.2777777777777778,0.3333333333333333,0.2222222222222222,,,,2,STRUCTURE_ONLY
131,271,0.2777777777777778,0.2777777777777778,0.3333333333333333,0.2222222222222222,,,,1,STRUCTURE_ONLY
131,395,0.15555555555555556,0.15555555555555556,0.2,0.1111111111111111,,,,1,STRUCTURE_ONLY
131,483,0.15555555555555556,0.15555555555555556,0.2,0.1111111111111111,0.9486832980505138,0.9743416490252569,,4,STRUCTURE_ONLY
131,484,0.1488095238095238,0.1488095238095238,0.25,0.047619047619047616,1.0000000000000002,1.0,,3,STRUCTURE_ONLY
131,159,0.13846153846153847,0.13846153846153847,0.2,0.07692307692307693,0.9486832980505138,0.9743416490252569,,4,STRUCTURE_ONLY
131,74,0.13333333333333333,0.13333333333333333,0.16666666666666666,0.1,,,,0,STRUCTURE_ONLY
131,500,0.13333333333333333,0.13333333333333333,0.16666666666666666,0.1,,,,1,STRUCTURE_ONLY
131,439,0.12406015037593984,0.12406015037593984,0.14285714285714285,0.10526315789473684,,,,1,STRUCTURE_ONLY
131,158,0.10597826086956522,0.10597826086956522,0.125,0.08695652173913043,0.9669875568304563,0.9834937784152282,,5,STRUCTURE_ONLY
132,114,0.39539473684210524,0.39539473684210524,0.3157894736842105,0.475,1.0,1.0,,4,STRUCTURE_ONLY
132,139,0.3719298245614035,0.3719298245614035,0.21052631578947367,0.5333333333333333,,,,1,STRUCTURE_ONLY
132,24,0.3525798525798526,0.3525798525798526,0.2727272727272727,0.43243243243243246,0.9622504486493763,0.9811252243246882,,3,STRUCTURE_ONLY
132,161,0.33187984496124034,0.33187984496124034,0.2916666666666667,0.37209302325581395,,,,1,STRUCTURE_ONLY
132,506,0.32688172043010755,0.32688172043010755,0.26666666666666666,0.3870967741935484,,,,2,STRUCTURE_ONLY
132,631,0.32380952380952377,0.32380952380952377,0.19047619047619047,0.45714285714285713,,,,0,STRUCTURE_ONLY
132,391,0.3223866790009251,0.3223866790009251,0.30434782608695654,0.3404255319148936,1.0,1.0,,4,STRUCTURE_ONLY
132,584,0.3214285714285714,0.3214285714285714,0.14285714285714285,0.5,,,,1,STRUCTURE_ONLY
132,280,0.31837606837606836,0.31837606837606836,0.2777777777777778,0.358974358974359,0.9622504486493763,0.9811252243246882,,3,STRUCTURE_ONLY
132,429,0.30654761904761907,0.30654761904761907,0.23809523809523808,0.375,,,,2,STRUCTURE_ONLY
133,501,0.2923280423280423,0.2923280423280423,0.21428571428571427,0.37037037037037035,0.9999999999999998,0.9999999999999999,,5,STRUCTURE_ONLY
133,375,0.25625,0.25625,0.2,0.3125,0.8485281374238569,0.9242640687119285,,5,STRUCTURE_ONLY
133,52,0.25213675213675213,0.25213675213675213,0.2222222222222222,0.28205128205128205,1.0,1.0,,4,STRUCTURE_ONLY
133,393,0.25082236842105265,0.25082236842105265,0.15789473684210525,0.34375,0.8660254037844387,0.9330127018922194,,8,STRUCTURE_ONLY
133,599,0.24358974358974358,0.24358974358974358,0.15384615384615385,0.3333333333333333,0.9707253433941511,0.9853626716970756,,4,STRUCTURE_ONLY
133,380,0.23484848484848486,0.23484848484848486,0.16666666666666666,0.30303030303030304,,,,2,STRUCTURE_ONLY
133,262,0.2323529411764706,0.2323529411764706,0.2,0.2647058823529412,0.7453559924999299,0.8726779962499649,,6,STRUCTURE_ONLY
133,568,0.22857142857142856,0.22857142857142856,0.14285714285714285,0.3142857142857143,1.0000000000000002,1.0,,3,STRUCTURE_ONLY
133,531,0.22843822843822845,0.22843822843822845,0.15384615384615385,0.30303030303030304,0.8164965809277261,0.9082482904638631,,6,STRUCTURE_ONLY
133,392,0.22527472527472528,0.22527472527472528,0.14285714285714285,0.3076923076923077,,,,2,STRUCTURE_ONLY
134,139,0.49275362318840576,0.49275362318840576,0.3333333333333333,0.6521739130434783,0.9428090415820635,0.9714045207910318,,3,STRUCTURE_ONLY
134,71,0.4666666666666667,0.4666666666666667,0.3333333333333333,0.6,0.9428090415820635,0.9714045207910318,,3,STRUCTURE_ONLY
134,584,0.3729166666666667,0.3729166666666667,0.3125,0.43333333333333335,,,,2,STRUCTURE_ONLY
134,279,0.3060897435897436,0.3060897435897436,0.15384615384615385,0.4583333333333333,,,,1,STRUCTURE_ONLY
134,59,0.2898032200357782,0.2898032200357782,0.23076923076923078,0.3488372093023256,,,,1,STRUCTURE_ONLY
134,132,0.2824675324675324,0.2824675324675324,0.13636363636363635,0.42857142857142855,,,,2,STRUCTURE_ONLY
134,727,0.2813852813852814,0.2813852813852814,0.18181818181818182,0.38095238095238093,,,,1,STRUCTURE_ONLY
134,463,0.2687165775401069,0.2687165775401069,0.2727272727272727,0.2647058823529412,,,,1,STRUCTURE_ONLY
134,185,0.26523297491039427,0.26523297491039427,0.1111111111111111,0.41935483870967744,,,,2,STRUCTURE_ONLY
134,460,0.2517482517482518,0.2517482517482518,0.23076923076923078,0.2727272727272727,0.9428090415820635,0.9714045207910318,,3,STRUCTURE_ONLY
135,721,0.5909090909090908,0.5909090909090908,0.5454545454545454,0.6363636363636364,,,,2,STRUCTURE_ONLY
135,702,0.5642857142857143,0.5642857142857143,0.5,0.6285714285714286,0.7715167498104595,0.8857583749052298,,4,STRUCTURE_ONLY
135,679,0.4727954971857411,0.4727954971857411,0.38461538461538464,0.5609756097560976,,,,1,STRUCTURE_ONLY
135,333,0.4715909090909091,0.4715909090909091,0.375,0.5681818181818182,0.9428090415820635,0.9714045207910318,,3,STRUCTURE_ONLY
135,27,0.45416666666666666,0.45416666666666666,0.375,0.5333333333333333,,,,1,STRUCTURE_ONLY
135,436,0.45079365079365075,0.45079365079365075,0.4444444444444444,0.45714285714285713,,,,1,STRUCTURE_ONLY
135,118,0.43229166666666663,0.43229166666666663,0.3333333333333333,0.53125,,,,0,STRUCTURE_ONLY
135,660,0.42987012987012985,0.42987012987012985,0.5454545454545454,0.3142857142857143,-0.33333333333333337,0.3333333333333333,,3,STRUCTURE_ONLY
135,501,0.42727272727272725,0.42727272727272725,0.45454545454545453,0.4,0.8017837257372731,0.9008918628686365,,4,STRUCTURE_ONLY
135,630,0.41720779220779225,0.41720779220779225,0.35714285714285715,0.4772727272727273,,,,2,STRUCTURE_ONLY
136,255,0.47228874444064317,0.47228874444064317,0.32432432432432434,0.620253164556962,0.8438530156892917,0.9219265078446459,,14,STRUCTURE_ONLY
136,243,0.47018485390578413,0.47018485390578413,0.358974358974359,0.5813953488372093,0.8111071056538125,0.9055535528269063,,10,STRUCTURE_ONLY
136,333,0.4394806338028169,0.4394806338028169,0.34375,0.5352112676056338,0.944911182523068,0.972455591261534,,7,STRUCTURE_ONLY
136,315,0.4185563114134543,0.4185563114134543,0.2962962962962963,0.5408163265306123,0.9432422182837986,0.9716211091418994,,14,STRUCTURE_ONLY
136,513,0.4017647058823529,0.4017647058823529,0.3235294117647059,0.48,0.8426648406178138,0.9213324203089068,,8,STRUCTURE_ONLY
136,50,0.4001547987616099,0.4001547987616099,0.35294117647058826,0.4473684210526316,,,,1,STRUCTURE_ONLY
136,514,0.37509578544061306,0.37509578544061306,0.24444444444444444,0.5057471264367817,,,,1,STRUCTURE_ONLY
136,173,0.36684303350970016,0.36684303350970016,0.19047619047619047,0.5432098765432098,0.968962790249909,0.9844813951249545,,12,STRUCTURE_ONLY
136,188,0.3638117283950617,0.3638117283950617,0.2708333333333333,0.4567901234567901,0.7359800721939873,0.8679900360969937,,9,STRUCTURE_ONLY
136,160,0.361764705882353,0.361764705882353,0.3235294117647059,0.4,0.944911182523068,0.972455591261534,,7,STRUCTURE_ONLY
137,696,0.4861111111111111,0.4861111111111111,0.4722222222222222,0.5,0.943701430841551,0.9718507154207755,,9,STRUCTURE_ONLY
137,534,0.4830031792614331,0.4830031792614331,0.4482758620689655,0.5177304964539007,0.9435641951204965,0.9717820975602482,,15,STRUCTURE_ONLY
137,638,0.4174107142857143,0.4174107142857143,0.40625,0.42857142857142855,0.858395075278952,0.929197537639476,,8,STRUCTURE_ONLY
137,700,0.3508958396598846,0.3508958396598846,0.2972972972972973,0.4044943820224719,0.8825226081218283,0.9412613040609141,,24,STRUCTURE_ONLY
137,578,0.341765873015873,0.341765873015873,0.35714285714285715,0.3263888888888889,0.7795794428691073,0.8897897214345536,,34,STRUCTURE_ONLY
137,154,0.31351419878296144,0.31351419878296144,0.41379310344827586,0.21323529411764705,0.9486832980505138,0.9743416490252569,,4,STRUCTURE_ONLY
137,690,0.30467625899280576,0.30467625899280576,0.3,0.30935251798561153,0.8178608201095309,0.9089304100547655,,11,STRUCTURE_ONLY
137,643,0.29968900197907833,0.29968900197907833,0.37037037037037035,0.22900763358778625,0.8864165306075164,0.9432082653037581,,26,STRUCTURE_ONLY
137,241,0.2978494623655914,0.2978494623655914,0.3,0.2956989247311828,0.8246255574147096,0.9123127787073548,,44,STRUCTURE_ONLY
137,707,0.29707792207792205,0.29707792207792205,0.2727272727272727,0.32142857142857145,0.9165151389911678,0.9582575694955839,,27,STRUCTURE_ONLY
139,71,0.6071428571428572,0.6071428571428572,0.5,0.7142857142857143,,,,2,STRUCTURE_ONLY
139,134,0.49275362318840576,0.49275362318840576,0.3333333333333333,0.6521739130434783,0.9428090415820635,0.9714045207910318,,3,STRUCTURE_ONLY
139,685,0.43137254901960786,0.43137254901960786,0.3333333333333333,0.5294117647058824,0.8682431421244593,0.9341215710622297,,5,STRUCTURE_ONLY
139,584,0.3833333333333333,0.3833333333333333,0.26666666666666666,0.5,,,,2,STRUCTURE_ONLY
139,114,0.3787878787878788,0.3787878787878788,0.3333333333333333,0.42424242424242425,0.9486832980505138,0.9743416490252569,,5,STRUCTURE_ONLY
139,530,0.3758169934640523,0.3758169934640523,0.2222222222222222,0.5294117647058824,,,,2,STRUCTURE_ONLY
139,686,0.3758169934640523,0.3758169934640523,0.2222222222222222,0.5294117647058824,,,,1,STRUCTURE_ONLY
139,132,0.3719298245614035,0.3719298245614035,0.21052631578947367,0.5333333333333333,,,,1,STRUCTURE_ONLY
139,36,0.36136363636363633,0.36136363636363633,0.2727272727272727,0.45,0.8838834764831843,0.9419417382415922,,5,STRUCTURE_ONLY
139,715,0.35,0.35,0.2,0.5,0.7559289460184544,0.8779644730092272,,4,STRUCTURE_ONLY
140,354,0.95,0.95,0.9,1.0,0.8333333333333334,0.9166666666666667,,6,STRUCTURE_ONLY
140,55,0.8865384615384615,0.8865384615384615,0.85,0.9230769230769231,0.35355339059327373,0.6767766952966369,,5,STRUCTURE_ONLY
140,561,0.8663003663003663,0.8663003663003663,0.8095238095238095,0.9230769230769231,0.8333333333333335,0.9166666666666667,,3,STRUCTURE_ONLY
140,503,0.8472222222222222,0.8472222222222222,0.9444444444444444,0.75,0.22941573387056174,0.6147078669352809,,40,STRUCTURE_ONLY
140,31,0.768796992481203,0.768796992481203,0.8947368421052632,0.6428571428571429,0.6666666666666667,0.8333333333333334,,16,STRUCTURE_ONLY
140,269,0.7047619047619047,0.7047619047619047,0.8095238095238095,0.6,0.8660254037844387,0.9330127018922194,,8,STRUCTURE_ONLY
140,559,0.6622023809523809,0.6622023809523809,0.7619047619047619,0.5625,0.8999999999999998,0.95,,7,STRUCTURE_ONLY
140,557,0.6602564102564102,0.6602564102564102,0.6538461538461539,0.6666666666666666,0.3418817293789138,0.6709408646894569,,15,STRUCTURE_ONLY
140,117,0.6557894736842105,0.6557894736842105,0.68,0.631578947368421,0.5533985905294664,0.7766992952647331,,14,STRUCTURE_ONLY
140,141,0.615036231884058,0.615036231884058,0.7083333333333334,0.5217391304347826,0.5163977794943222,0.7581988897471611,,39,STRUCTURE_ONLY
141,331,0.7293103448275862,0.7293103448275862,0.7,0.7586206896551724,,,,2,STRUCTURE_ONLY
141,443,0.7165242165242165,0.7165242165242165,0.6923076923076923,0.7407407407407407,0.8874119674649422,0.943705983732471,,14,STRUCTURE_ONLY
141,354,0.6567028985507246,0.6567028985507246,0.7916666666666666,0.5217391304347826,0.9434563530497265,0.9717281765248633,,4,STRUCTURE_ONLY
141,55,0.625,0.625,0.75,0.5,0.7453559924999299,0.8726779962499649,,8,STRUCTURE_ONLY
141,140,0.615036231884058,0.615036231884058,0.7083333333333334,0.5217391304347826,0.5163977794943222,0.7581988897471611,,39,STRUCTURE_ONLY
141,561,0.61,0.61,0.72,0.5,0.9525793444156805,0.9762896722078402,,3,STRUCTURE_ONLY
141,269,0.5958333333333333,0.5958333333333333,0.7916666666666666,0.4,0.9438798074485389,0.9719399037242695,,7,STRUCTURE_ONLY
141,237,0.5892857142857143,0.5892857142857143,0.6785714285714286,0.5,0.8928571428571428,0.9464285714285714,,16,STRUCTURE_ONLY
141,503,0.5652173913043478,0.5652173913043478,0.7391304347826086,0.391304347826087,-0.07767356373806174,0.4611632181309691,,36,STRUCTURE_ONLY
141,31,0.5341666666666667,0.5341666666666667,0.7083333333333334,0.36,0.7715167498104596,0.8857583749052298,,9,STRUCTURE_ONLY
142,511,0.5573549257759784,0.5573549257759784,0.6410256410256411,0.47368421052631576,0.8164965809277261,0.9082482904638631,,3,STRUCTURE_ONLY
142,61,0.5170731707317073,0.5170731707317073,0.6341463414634146,0.4,0.7745966692414834,0.8872983346207417,,5,STRUCTURE_ONLY
142,289,0.5153061224489797,0.5153061224489797,0.5306122448979592,0.5,0.8749999999999998,0.9374999999999999,,8,STRUCTURE_ONLY
142,516,0.5016666666666667,0.5016666666666667,0.62,0.38333333333333336,0.7499999999999999,0.875,,8,STRUCTURE_ONLY
142,376,0.4722222222222222,0.4722222222222222,0.4444444444444444,0.5,0.882522608121828,0.941261304060914,,7,STRUCTURE_ONLY
142,604,0.46920731707317076,0.46920731707317076,0.475,0.4634146341463415,,,,2,STRUCTURE_ONLY
142,123,0.45424836601307195,0.45424836601307195,0.5555555555555556,0.35294117647058826,0.7126966450997984,0.8563483225498991,,9,STRUCTURE_ONLY
142,62,0.43561208267090623,0.43561208267090623,0.4594594594594595,0.4117647058823529,0.7378647873726218,0.8689323936863109,,8,STRUCTURE_ONLY
142,496,0.40404040404040403,0.40404040404040403,0.4444444444444444,0.36363636363636365,0.6666666666666667,0.8333333333333334,,5,STRUCTURE_ONLY
142,488,0.39170506912442393,0.39170506912442393,0.42857142857142855,0.3548387096774194,0.7745966692414834,0.8872983346207417,,8,STRUCTURE_ONLY
144,550,0.6078098471986417,0.6078098471986417,0.47368421052631576,0.7419354838709677,-0.5773502691896257,0.21132486540518713,,3,STRUCTURE_ONLY
144,95,0.46963946869070206,0.46963946869070206,0.29411764705882354,0.6451612903225806,-0.15811388300841897,0.4209430584957905,,11,STRUCTURE_ONLY
144,305,0.43766233766233764,0.43766233766233764,0.2,0.6753246753246753,-0.6428571428571429,0.17857142857142855,,5,STRUCTURE_ONLY
144,518,0.4132117191818684,0.4132117191818684,0.25925925925925924,0.5671641791044776,,,,2,STRUCTURE_ONLY
144,364,0.4128205128205128,0.4128205128205128,0.3333333333333333,0.49230769230769234,,,,2,STRUCTURE_ONLY
144,164,0.40293040293040294,0.40293040293040294,0.19047619047619047,0.6153846153846154,,,,2,STRUCTURE_ONLY
144,339,0.38541666666666663,0.38541666666666663,0.3333333333333333,0.4375,-0.09128709291752768,0.45435645354123616,,6,STRUCTURE_ONLY
144,463,0.3786377708978328,0.3786377708978328,0.2631578947368421,0.49411764705882355,-0.33333333333333337,0.3333333333333333,,3,STRUCTURE_ONLY
144,467,0.3671875,0.3671875,0.25,0.484375,-0.12499999999999997,0.4375,,5,STRUCTURE_ONLY
144,244,0.3450310559006211,0.3450310559006211,0.30434782608695654,0.38571428571428573,-0.6804138174397718,0.1597930912801141,,3,STRUCTURE_ONLY
145,422,0.365,0.365,0.25,0.48,0.9544271444636666,0.9772135722318334,,7,STRUCTURE_ONLY
145,70,0.2950310559006211,0.2950310559006211,0.2857142857142857,0.30434782608695654,0.8819171036881969,0.9409585518440984,,67,STRUCTURE_ONLY
145,162,0.29375,0.29375,0.1875,0.4,0.7999999999999999,0.8999999999999999,,12,STRUCTURE_ONLY
145,673,0.29166666666666663,0.29166666666666663,0.25,0.3333333333333333,0.7862158588810496,0.8931079294405249,,22,STRUCTURE_ONLY
145,488,0.2857142857142857,0.2857142857142857,0.23809523809523808,0.3333333333333333,0.8043618151097336,0.9021809075548668,,59,STRUCTURE_ONLY
145,496,0.2817725752508361,0.2817725752508361,0.21739130434782608,0.34615384615384615,0.11180339887498948,0.5559016994374948,,18,STRUCTURE_ONLY
145,593,0.27384615384615385,0.27384615384615385,0.3076923076923077,0.24,0.9422229518055112,0.9711114759027556,,17,STRUCTURE_ONLY
145,365,0.2738095238095238,0.2738095238095238,0.21428571428571427,0.3333333333333333,0.45993310550389993,0.72996655275195,,21,STRUCTURE_ONLY
145,533,0.2636363636363636,0.2636363636363636,0.22727272727272727,0.3,0.9660917830792958,0.9830458915396478,,24,STRUCTURE_ONLY
145,691,0.26136363636363635,0.26136363636363635,0.2727272727272727,0.25,,,,2,STRUCTURE_ONLY
146,719,0.16346153846153846,0.16346153846153846,0.25,0.07692307692307693,0.9258200997725516,0.9629100498862758,,9,STRUCTURE_ONLY
147,653,0.6071428571428572,0.6071428571428572,0.5,0.7142857142857143,0.8996469021204839,0.9498234510602419,,11,STRUCTURE_ONLY
147,677,0.5,0.5,0.3333333333333333,0.6666666666666666,0.7559289460184544,0.8779644730092272,,4,STRUCTURE_ONLY
147,652,0.3137254901960784,0.3137254901960784,0.3333333333333333,0.29411764705882354,0.9090909090909091,0.9545454545454546,,18,STRUCTURE_ONLY
147,79,0.2175925925925926,0.2175925925925926,0.25,0.18518518518518517,0.6550802941945791,0.8275401470972896,,52,STRUCTURE_ONLY
147,475,0.18706293706293708,0.18706293706293708,0.18181818181818182,0.19230769230769232,0.7087835840655705,0.8543917920327853,,50,STRUCTURE_ONLY
147,142,0.171875,0.171875,0.09375,0.25,0.8838834764831843,0.9419417382415922,,6,STRUCTURE_ONLY
147,472,0.16466165413533834,0.16466165413533834,0.15789473684210525,0.17142857142857143,0.5070925528371099,0.753546276418555,,16,STRUCTURE_ONLY
147,170,0.16443850267379678,0.16443850267379678,0.18181818181818182,0.14705882352941177,0.7863729095926286,0.8931864547963143,,53,STRUCTURE_ONLY
147,635,0.15555555555555556,0.15555555555555556,0.1111111111111111,0.2,0.9258200997725514,0.9629100498862757,,18,STRUCTURE_ONLY
147,482,0.14835164835164835,0.14835164835164835,0.14285714285714285,0.15384615384615385,0.5257216619628204,0.7628608309814102,,67,STRUCTURE_ONLY
148,322,0.6666666666666667,0.6666666666666667,0.5,0.8333333333333334,,,,1,STRUCTURE_ONLY
148,451,0.5476190476190476,0.5476190476190476,0.6666666666666666,0.42857142857142855,,,,2,STRUCTURE_ONLY
148,183,0.4732142857142857,0.4732142857142857,0.5714285714285714,0.375,,,,1,STRUCTURE_ONLY
148,654,0.41666666666666663,0.41666666666666663,0.5,0.3333333333333333,,,,0,STRUCTURE_ONLY
148,428,0.38888888888888884,0.38888888888888884,0.4444444444444444,0.3333333333333333,,,,1,STRUCTURE_ONLY
148,563,0.33636363636363636,0.33636363636363636,0.4,0.2727272727272727,,,,2,STRUCTURE_ONLY
148,42,0.325,0.325,0.4,0.25,,,,1,STRUCTURE_ONLY
148,441,0.253448275862069,0.253448275862069,0.3,0.20689655172413793,-0.7142857142857142,0.1428571428571429,,7,STRUCTURE_ONLY
148,376,0.19090909090909092,0.19090909090909092,0.2,0.18181818181818182,-0.33333333333333337,0.3333333333333333,,3,STRUCTURE_ONLY
148,142,0.1875,0.1875,0.125,0.25,-0.8164965809277259,0.09175170953613704,,3,STRUCTURE_ONLY
149,479,0.5833333333333334,0.5833333333333334,0.3333333333333333,0.8333333333333334,0.9296696802013682,0.9648348401006841,,11,STRUCTURE_ONLY
149,129,0.5666666666666667,0.5666666666666667,0.3,0.8333333333333334,0.7559289460184544,0.8779644730092272,,8,STRUCTURE_ONLY
149,561,0.5414438502673796,0.5414438502673796,0.3181818181818182,0.7647058823529411,0.9428090415820635,0.9714045207910318,,3,STRUCTURE_ONLY
149,282,0.5347593582887701,0.5347593582887701,0.36363636363636365,0.7058823529411765,,,,1,STRUCTURE_ONLY
149,418,0.525,0.525,0.3,0.75,0.7235680511449364,0.8617840255724682,,16,STRUCTURE_ONLY
149,396,0.5239234449760766,0.5239234449760766,0.36363636363636365,0.6842105263157895,0.9999999999999999,1.0,,7,STRUCTURE_ONLY
149,55,0.5187165775401069,0.5187165775401069,0.2727272727272727,0.7647058823529411,1.0,1.0,,5,STRUCTURE_ONLY
149,47,0.5075757575757576,0.5075757575757576,0.3333333333333333,0.6818181818181818,0.27595802701601524,0.6379790135080077,,93,STRUCTURE_ONLY
149,635,0.5,0.5,0.3333333333333333,0.6666666666666666,0.5128225940683707,0.7564112970341854,,19,STRUCTURE_ONLY
149,579,0.48376623376623373,0.48376623376623373,0.2857142857142857,0.6818181818181818,0.8427009716003846,0.9213504858001923,,17,STRUCTURE_ONLY
150,175,0.19642857142857142,0.19642857142857142,0.25,0.14285714285714285,0.3651483716701107,0.6825741858350554,,7,STRUCTURE_ONLY
150,386,0.15000000000000002,0.15000000000000002,0.2,0.1,0.0,0.5,,17,STRUCTURE_ONLY
150,152,0.10964912280701754,0.10964912280701754,0.16666666666666666,0.05263157894736842,,,,4,STRUCTURE_ONLY
150,370,0.04294871794871795,0.04294871794871795,0.06666666666666667,0.019230769230769232,0.16666666666666666,0.5833333333333334,,6,STRUCTURE_ONLY
150,173,0.0329004329004329,0.0329004329004329,0.047619047619047616,0.01818181818181818,0.1259881576697424,0.5629940788348712,,9,STRUCTURE_ONLY
150,61,0.027106227106227107,0.027106227106227107,0.02857142857142857,0.02564102564102564,0.23145502494313788,0.615727512471569,,18,STRUCTURE_ONLY
150,361,0.02702702702702703,0.02702702702702703,0.02702702702702703,0.02702702702702703,0.15430334996209194,0.5771516749810459,,17,STRUCTURE_ONLY
150,218,0.02371967654986523,0.02371967654986523,0.02857142857142857,0.018867924528301886,-0.5,0.25,,4,STRUCTURE_ONLY
152,710,0.3419354838709677,0.3419354838709677,0.2,0.4838709677419355,,,,2,STRUCTURE_ONLY
152,413,0.30000000000000004,0.30000000000000004,0.2,0.4,,,,2,STRUCTURE_ONLY
152,182,0.27301587301587305,0.27301587301587305,0.19047619047619047,0.35555555555555557,0.9428090415820635,0.9714045207910318,,3,STRUCTURE_ONLY
152,160,0.27125506072874495,0.27125506072874495,0.15789473684210525,0.38461538461538464,,,,0,STRUCTURE_ONLY
152,45,0.26832844574780057,0.26832844574780057,0.18181818181818182,0.3548387096774194,1.0000000000000002,1.0,,3,STRUCTURE_ONLY
152,718,0.2488479262672811,0.2488479262672811,0.14285714285714285,0.3548387096774194,,,,1,STRUCTURE_ONLY
152,286,0.24115267947421637,0.24115267947421637,0.08695652173913043,0.3953488372093023,0.944911182523068,0.972455591261534,,4,STRUCTURE_ONLY
152,713,0.23518518518518516,0.23518518518518516,0.1,0.37037037037037035,,,,1,STRUCTURE_ONLY
152,162,0.22242647058823528,0.22242647058823528,0.0625,0.38235294117647056,,,,2,STRUCTURE_ONLY
152,371,0.2206896551724138,0.2206896551724138,0.2,0.2413793103448276,1.0,1.0,,4,STRUCTURE_ONLY
153,263,0.775,0.775,0.75,0.8,0.8164965809277261,0.9082482904638631,,3,STRUCTURE_ONLY
153,555,0.775,0.775,0.75,0.8,0.0,0.5,,5,STRUCTURE_ONLY
153,440,0.29545454545454547,0.29545454545454547,0.5,0.09090909090909091,0.7506518906054691,0.8753259453027346,,11,STRUCTURE_ONLY
153,180,0.2833333333333333,0.2833333333333333,0.4,0.16666666666666666,,,,1,STRUCTURE_ONLY
153,338,0.27142857142857146,0.27142857142857146,0.4,0.14285714285714285,,,,2,STRUCTURE_ONLY
153,224,0.2708333333333333,0.2708333333333333,0.375,0.16666666666666666,-0.5163977794943223,0.24180111025283885,,7,STRUCTURE_ONLY
153,566,0.2625,0.2625,0.4,0.125,-0.18257418583505536,0.4087129070824723,,9,STRUCTURE_ONLY
153,176,0.24166666666666667,0.24166666666666667,0.4,0.08333333333333333,0.4472135954999579,0.7236067977499789,,7,STRUCTURE_ONLY
153,207,0.23809523809523808,0.23809523809523808,0.3333333333333333,0.14285714285714285,,,,1,STRUCTURE_ONLY
153,439,0.225,0.225,0.25,0.2,,,,2,STRUCTURE_ONLY
154,568,0.6617647058823529,0.6617647058823529,0.5,0.8235294117647058,,,,0,STRUCTURE_ONLY
154,50,0.5972222222222223,0.5972222222222223,0.55,0.6444444444444445,,,,0,STRUCTURE_ONLY
154,52,0.5548780487804879,0.5548780487804879,0.5,0.6097560975609756,,,,1,STRUCTURE_ONLY
154,392,0.5494505494505495,0.5494505494505495,0.38095238095238093,0.717948717948718,1.0000000000000002,1.0,,3,STRUCTURE_ONLY
154,513,0.5478723404255319,0.5478723404255319,0.5,0.5957446808510638,,,,1,STRUCTURE_ONLY
154,721,0.5473214285714285,0.5473214285714285,0.4375,0.6571428571428571,,,,1,STRUCTURE_ONLY
154,249,0.5065982404692082,0.5065982404692082,0.5454545454545454,0.46774193548387094,0.8660254037844387,0.9330127018922194,,4,STRUCTURE_ONLY
154,375,0.5050420168067227,0.5050420168067227,0.35294117647058826,0.6571428571428571,,,,2,STRUCTURE_ONLY
154,280,0.5025337837837838,0.5025337837837838,0.4375,0.5675675675675675,,,,1,STRUCTURE_ONLY
154,188,0.5008912655971479,0.5008912655971479,0.3939393939393939,0.6078431372549019,0.6708203932499369,0.8354101966249685,,4,STRUCTURE_ONLY
155,601,0.65625,0.65625,0.375,0.9375,,,,2,STRUCTURE_ONLY
155,36,0.5416666666666666,0.5416666666666666,0.3333333333333333,0.75,0.4557327151876499,0.7278663575938249,,15,STRUCTURE_ONLY
155,462,0.5404411764705883,0.5404411764705883,0.375,0.7058823529411765,-0.3563483225498992,0.32182583872505044,,15,STRUCTURE_ONLY
155,505,0.5344202898550725,0.5344202898550725,0.4166666666666667,0.6521739130434783,-0.48507125007266594,0.25746437496366703,,18,STRUCTURE_ONLY
155,390,0.5277777777777778,0.5277777777777778,0.3333333333333333,0.7222222222222222,0.3042903097250923,0.6521451548625461,,9,STRUCTURE_ONLY
155,396,0.5111111111111111,0.5111111111111111,0.3,0.7222222222222222,-0.9999999999999998,1.1102230246251565e-16,,5,STRUCTURE_ONLY
155,636,0.5,0.5,0.3333333333333333,0.6666666666666666,0.5640760748177662,0.7820380374088831,,8,STRUCTURE_ONLY
155,47,0.4935064935064935,0.4935064935064935,0.2727272727272727,0.7142857142857143,-0.2731999872878377,0.36340000635608116,,29,STRUCTURE_ONLY
155,366,0.4818181818181818,0.4818181818181818,0.36363636363636365,0.6,-0.5785419118799024,0.21072904406004878,,10,STRUCTURE_ONLY
155,631,0.468944099378882,0.468944099378882,0.2857142857142857,0.6521739130434783,-0.6666666666666666,0.16666666666666669,,3,STRUCTURE_ONLY
156,445,0.3333333333333333,0.3333333333333333,0.3333333333333333,0.3333333333333333,0.7452266241066098,0.8726133120533048,,27,STRUCTURE_ONLY
156,400,0.2974137931034483,0.2974137931034483,0.25,0.3448275862068966,0.9476338693022512,0.9738169346511256,,19,STRUCTURE_ONLY
156,250,0.29444444444444445,0.29444444444444445,0.2,0.3888888888888889,0.722897396012249,0.8614486980061244,,22,STRUCTURE_ONLY
156,529,0.29166666666666663,0.29166666666666663,0.25,0.3333333333333333,0.8398654526945328,0.9199327263472664,,32,STRUCTURE_ONLY
156,91,0.23214285714285712,0.23214285714285712,0.08333333333333333,0.38095238095238093,0.873326063219467,0.9366630316097335,,15,STRUCTURE_ONLY
156,713,0.2236024844720497,0.2236024844720497,0.14285714285714285,0.30434782608695654,0.9594032236002469,0.9797016118001234,,14,STRUCTURE_ONLY
156,325,0.22291666666666665,0.22291666666666665,0.13333333333333333,0.3125,0.82687085752236,0.91343542876118,,44,STRUCTURE_ONLY
156,356,0.18681318681318682,0.18681318681318682,0.14285714285714285,0.23076923076923078,0.857142857142857,0.9285714285714285,,4,STRUCTURE_ONLY
156,58,0.1847560975609756,0.1847560975609756,0.15,0.21951219512195122,0.8358654033694622,0.9179327016847312,,37,STRUCTURE_ONLY
156,113,0.1845238095238095,0.1845238095238095,0.08333333333333333,0.2857142857142857,0.9428090415820635,0.9714045207910318,,6,STRUCTURE_ONLY
158,499,0.5292207792207793,0.5292207792207793,0.2727272727272727,0.7857142857142857,0.9316949906249125,0.9658474953124563,,9,STRUCTURE_ONLY
158,45,0.520979020979021,0.520979020979021,0.2727272727272727,0.7692307692307693,-0.21320071635561047,0.3933996418221948,,6,STRUCTURE_ONLY
158,36,0.5108695652173914,0.5108695652173914,0.5,0.5217391304347826,0.8703882797784892,0.9351941398892446,,5,STRUCTURE_ONLY
158,641,0.48611111111111116,0.48611111111111116,0.4166666666666667,0.5555555555555556,0.6172133998483678,0.8086066999241839,,8,STRUCTURE_ONLY
158,466,0.4833333333333333,0.4833333333333333,0.3333333333333333,0.6333333333333333,,,,2,STRUCTURE_ONLY
158,211,0.46354166666666663,0.46354166666666663,0.3333333333333333,0.59375,,,,2,STRUCTURE_ONLY
158,427,0.4583333333333333,0.4583333333333333,0.16666666666666666,0.75,0.968962790249909,0.9844813951249545,,9,STRUCTURE_ONLY
158,678,0.4444444444444444,0.4444444444444444,0.3333333333333333,0.5555555555555556,0.9622504486493763,0.9811252243246882,,3,STRUCTURE_ONLY
158,276,0.4365325077399381,0.4365325077399381,0.29411764705882354,0.5789473684210527,0.9438798074485389,0.9719399037242695,,5,STRUCTURE_ONLY
158,721,0.42572944297082227,0.42572944297082227,0.23076923076923078,0.6206896551724138,0.9428090415820632,0.9714045207910316,,3,STRUCTURE_ONLY
159,483,0.3333333333333333,0.3333333333333333,0.3333333333333333,0.3333333333333333,0.9622504486493763,0.9811252243246882,,3,STRUCTURE_ONLY
159,499,0.2574525745257452,0.2574525745257452,0.2222222222222222,0.2926829268292683,0.9293203772845849,0.9646601886422925,,7,STRUCTURE_ONLY
159,450,0.2548076923076923,0.2548076923076923,0.125,0.38461538461538464,,,,1,STRUCTURE_ONLY
159,478,0.23095238095238096,0.23095238095238096,0.2,0.2619047619047619,0.3779644730092272,0.6889822365046137,,4,STRUCTURE_ONLY
159,276,0.1764705882352941,0.1764705882352941,0.11764705882352941,0.23529411764705882,0.9486832980505138,0.9743416490252569,,4,STRUCTURE_ONLY
159,280,0.16666666666666666,0.16666666666666666,0.08333333333333333,0.25,,,,2,STRUCTURE_ONLY
159,158,0.1625,0.1625,0.1,0.225,0.9594032236002469,0.9797016118001234,,7,STRUCTURE_ONLY
159,312,0.16206896551724137,0.16206896551724137,0.1,0.22413793103448276,1.0,1.0,,4,STRUCTURE_ONLY
159,74,0.15224358974358976,0.15224358974358976,0.125,0.1794871794871795,,,,0,STRUCTURE_ONLY
159,500,0.15224358974358976,0.15224358974358976,0.125,0.1794871794871795,0.9428090415820635,0.9714045207910318,,3,STRUCTURE_ONLY
160,112,0.6356275303643725,0.6356275303643725,0.5789473684210527,0.6923076923076923,0.50709255283711,0.753546276418555,,10,STRUCTURE_ONLY
160,466,0.5596184419713832,0.5596184419713832,0.47058823529411764,0.6486486486486487,1.0000000000000002,1.0,,3,STRUCTURE_ONLY
160,45,0.48202614379084974,0.48202614379084974,0.35294117647058826,0.6111111111111112,0.9999999999999998,0.9999999999999999,,5,STRUCTURE_ONLY
160,710,0.42448512585812354,0.42448512585812354,0.21739130434782608,0.631578947368421,,,,1,STRUCTURE_ONLY
160,50,0.39992150706436425,0.39992150706436425,0.2692307692307692,0.5306122448979592,,,,2,STRUCTURE_ONLY
160,307,0.39285714285714285,0.39285714285714285,0.3333333333333333,0.4523809523809524,0.6546536707079772,0.8273268353539887,,7,STRUCTURE_ONLY
160,186,0.39129032258064517,0.39129032258064517,0.3225806451612903,0.46,1.0000000000000002,1.0,,6,STRUCTURE_ONLY
160,641,0.38913043478260867,0.38913043478260867,0.3,0.4782608695652174,,,,1,STRUCTURE_ONLY
160,499,0.38026315789473686,0.38026315789473686,0.21052631578947367,0.55,0.9622504486493764,0.9811252243246882,,6,STRUCTURE_ONLY
160,513,0.3753846153846154,0.3753846153846154,0.23076923076923078,0.52,0.9561828874675149,0.9780914437337574,,7,STRUCTURE_ONLY
161,24,0.6459677419354839,0.6459677419354839,0.55,0.7419354838709677,0.9486832980505138,0.9743416490252569,,4,STRUCTURE_ONLY
161,244,0.5238095238095238,0.5238095238095238,0.5,0.5476190476190477,,,,2,STRUCTURE_ONLY
161,391,0.4941860465116279,0.4941860465116279,0.5,0.4883720930232558,,,,2,STRUCTURE_ONLY
161,47,0.4731182795698925,0.4731182795698925,0.3333333333333333,0.6129032258064516,,,,2,STRUCTURE_ONLY
161,375,0.46818181818181814,0.46818181818181814,0.3,0.6363636363636364,,,,2,STRUCTURE_ONLY
161,154,0.46645021645021645,0.46645021645021645,0.4090909090909091,0.5238095238095238,,,,1,STRUCTURE_ONLY
161,565,0.45555555555555555,0.45555555555555555,0.2777777777777778,0.6333333333333333,,,,2,STRUCTURE_ONLY
161,631,0.44886363636363635,0.44886363636363635,0.2727272727272727,0.625,,,,0,STRUCTURE_ONLY
161,466,0.4409672830725462,0.4409672830725462,0.3684210526315789,0.5135135135135135,,,,1,STRUCTURE_ONLY
161,505,0.43970588235294117,0.43970588235294117,0.35,0.5294117647058824,0.9428090415820635,0.9714045207910318,,3,STRUCTURE_ONLY
162,231,0.3606811145510836,0.3606811145510836,0.35294117647058826,0.3684210526315789,0.6111111111111113,0.8055555555555556,,15,STRUCTURE_ONLY
162,274,0.3246753246753247,0.3246753246753247,0.36363636363636365,0.2857142857142857,0.9999999999999998,0.9999999999999999,,5,STRUCTURE_ONLY
162,223,0.31,0.31,0.3,0.32,0.9434563530497265,0.9717281765248633,,7,STRUCTURE_ONLY
162,145,0.29375,0.29375,0.1875,0.4,0.7999999999999999,0.8999999999999999,,12,STRUCTURE_ONLY
162,295,0.2895467160037003,0.2895467160037003,0.21739130434782608,0.3617021276595745,0.9473684210526314,0.9736842105263157,,16,STRUCTURE_ONLY
162,422,0.28918918918918923,0.28918918918918923,0.2,0.3783783783783784,0.9486832980505138,0.9743416490252569,,4,STRUCTURE_ONLY
162,278,0.28383458646616544,0.28383458646616544,0.35714285714285715,0.21052631578947367,0.6454972243679028,0.8227486121839513,,12,STRUCTURE_ONLY
162,477,0.28273809523809523,0.28273809523809523,0.35714285714285715,0.20833333333333334,0.903696114115064,0.9518480570575321,,7,STRUCTURE_ONLY
162,496,0.28216216216216217,0.28216216216216217,0.24,0.32432432432432434,0.4225771273642583,0.7112885636821291,,11,STRUCTURE_ONLY
162,387,0.2792207792207792,0.2792207792207792,0.2727272727272727,0.2857142857142857,,,,1,STRUCTURE_ONLY
163,471,0.6748492678725236,0.6748492678725236,0.5348837209302325,0.8148148148148148,-0.04499212706658476,0.47750393646670763,,17,STRUCTURE_ONLY
163,109,0.5029085140137494,0.5029085140137494,0.36065573770491804,0.6451612903225806,0.556417572928747,0.7782087864643735,,34,STRUCTURE_ONLY
163,289,0.4942982456140351,0.4942982456140351,0.43859649122807015,0.55,0.36206896551724144,0.6810344827586208,,44,STRUCTURE_ONLY
163,61,0.4601851851851852,0.4601851851851852,0.37037037037037035,0.55,0.3508232077228117,0.6754116038614059,,26,STRUCTURE_ONLY
163,511,0.4533033552404012,0.4533033552404012,0.4489795918367347,0.4576271186440678,0.20475708983698057,0.6023785449184903,,30,STRUCTURE_ONLY
163,376,0.4523809523809524,0.4523809523809524,0.40476190476190477,0.5,0.917662935482247,0.9588314677411235,,10,STRUCTURE_ONLY
163,604,0.4521276595744681,0.4521276595744681,0.40425531914893614,0.5,0.16666666666666669,0.5833333333333334,,3,STRUCTURE_ONLY
163,295,0.44252873563218387,0.44252873563218387,0.3333333333333333,0.5517241379310345,0.49317176602538565,0.7465858830126928,,30,STRUCTURE_ONLY
163,360,0.427812858783008,0.427812858783008,0.28846153846153844,0.5671641791044776,0.5962847939999439,0.7981423969999719,,9,STRUCTURE_ONLY
163,519,0.42552264808362367,0.42552264808362367,0.24390243902439024,0.6071428571428571,0.5363023880115031,0.7681511940057515,,54,STRUCTURE_ONLY
164,195,0.5378151260504201,0.5378151260504201,0.42857142857142855,0.6470588235294118,,,,2,STRUCTURE_ONLY
164,43,0.487012987012987,0.487012987012987,0.5454545454545454,0.42857142857142855,,,,1,STRUCTURE_ONLY
164,95,0.46372549019607845,0.46372549019607845,0.3,0.6274509803921569,0.9104654680003258,0.955232734000163,,10,STRUCTURE_ONLY
164,305,0.4181985294117647,0.4181985294117647,0.21875,0.6176470588235294,0.8819171036881969,0.9409585518440984,,6,STRUCTURE_ONLY
164,144,0.40293040293040294,0.40293040293040294,0.19047619047619047,0.6153846153846154,,,,2,STRUCTURE_ONLY
164,550,0.38839285714285715,0.38839285714285715,0.1875,0.5892857142857143,,,,2,STRUCTURE_ONLY
164,320,0.3680555555555556,0.3680555555555556,0.4444444444444444,0.2916666666666667,,,,1,STRUCTURE_ONLY
164,397,0.35416666666666663,0.35416666666666663,0.3333333333333333,0.375,,,,2,STRUCTURE_ONLY
164,430,0.2394810659186536,0.2394810659186536,0.043478260869565216,0.43548387096774194,0.3872983346207417,0.6936491673103709,,6,STRUCTURE_ONLY
164,518,0.2257513661202186,0.2257513661202186,0.041666666666666664,0.4098360655737705,1.0000000000000002,1.0,,3,STRUCTURE_ONLY
166,213,0.45833333333333337,0.45833333333333337,0.26666666666666666,0.65,0.8528028654224419,0.9264014327112209,,11,STRUCTURE_ONLY
166,327,0.4496753246753247,0.4496753246753247,0.2857142857142857,0.6136363636363636,0.7144345083117604,0.8572172541558802,,15,STRUCTURE_ONLY
166,317,0.4384828862164662,0.4384828862164662,0.21739130434782608,0.6595744680851063,0.903696114115064,0.9518480570575321,,4,STRUCTURE_ONLY
166,339,0.39671682626538984,0.39671682626538984,0.23529411764705882,0.5581395348837209,0.7826237921249264,0.8913118960624632,,16,STRUCTURE_ONLY
166,202,0.3761904761904762,0.3761904761904762,0.2857142857142857,0.4666666666666667,0.944911182523068,0.972455591261534,,7,STRUCTURE_ONLY
166,434,0.3567567567567568,0.3567567567567568,0.2,0.5135135135135135,,,,1,STRUCTURE_ONLY
166,167,0.3355263157894737,0.3355263157894737,0.25,0.42105263157894735,0.8819171036881969,0.9409585518440984,,9,STRUCTURE_ONLY
166,63,0.3261933904528764,0.3261933904528764,0.21052631578947367,0.4418604651162791,,,,2,STRUCTURE_ONLY
166,100,0.32407407407407407,0.32407407407407407,0.14814814814814814,0.5,0.8981462390204985,0.9490731195102493,,10,STRUCTURE_ONLY
166,544,0.3215686274509804,0.3215686274509804,0.17647058823529413,0.4666666666666667,0.3928371006591931,0.6964185503295965,,31,STRUCTURE_ONLY
167,202,0.4888888888888889,0.4888888888888889,0.4444444444444444,0.5333333333333333,0.9486832980505138,0.9743416490252569,,4,STRUCTURE_ONLY
167,213,0.4666666666666667,0.4666666666666667,0.4,0.5333333333333333,0.9428090415820634,0.9714045207910317,,9,STRUCTURE_ONLY
167,564,0.4647058823529412,0.4647058823529412,0.4,0.5294117647058824,0.9432422182837986,0.9716211091418994,,8,STRUCTURE_ONLY
167,327,0.45079365079365075,0.45079365079365075,0.4444444444444444,0.45714285714285713,0.9622504486493763,0.9811252243246882,,3,STRUCTURE_ONLY
167,63,0.45054945054945056,0.45054945054945056,0.2857142857142857,0.6153846153846154,,,,1,STRUCTURE_ONLY
167,225,0.4188034188034188,0.4188034188034188,0.2222222222222222,0.6153846153846154,0.9594032236002469,0.9797016118001234,,5,STRUCTURE_ONLY
167,317,0.3462059620596206,0.3462059620596206,0.2777777777777778,0.4146341463414634,,,,2,STRUCTURE_ONLY
167,751,0.3390804597701149,0.3390804597701149,0.3333333333333333,0.3448275862068966,,,,2,STRUCTURE_ONLY
167,166,0.3355263157894737,0.3355263157894737,0.25,0.42105263157894735,0.8819171036881969,0.9409585518440984,,9,STRUCTURE_ONLY
167,486,0.32065217391304346,0.32065217391304346,0.25,0.391304347826087,0.9999999999999999,1.0,,4,STRUCTURE_ONLY
168,211,0.4015151515151515,0.4015151515151515,0.4166666666666667,0.38636363636363635,1.0000000000000002,1.0,,3,STRUCTURE_ONLY
168,486,0.358974358974359,0.358974358974359,0.38461538461538464,0.3333333333333333,,,,2,STRUCTURE_ONLY
168,202,0.3125,0.3125,0.3333333333333333,0.2916666666666667,1.0000000000000002,1.0,,3,STRUCTURE_ONLY
168,366,0.3114035087719298,0.3114035087719298,0.3333333333333333,0.2894736842105263,0.6324555320336759,0.816227766016838,,5,STRUCTURE_ONLY
168,327,0.3108974358974359,0.3108974358974359,0.3333333333333333,0.28846153846153844,1.0000000000000002,1.0,,3,STRUCTURE_ONLY
168,591,0.303030303030303,0.303030303030303,0.2727272727272727,0.3333333333333333,,,,0,STRUCTURE_ONLY
168,213,0.2996794871794872,0.2996794871794872,0.3076923076923077,0.2916666666666667,1.0000000000000002,1.0,,3,STRUCTURE_ONLY
168,63,0.2920656634746922,0.2920656634746922,0.23529411764705882,0.3488372093023256,,,,2,STRUCTURE_ONLY
168,167,0.291025641025641,0.291025641025641,0.3,0.28205128205128205,0.9428090415820635,0.9714045207910318,,3,STRUCTURE_ONLY
168,48,0.28717948717948716,0.28717948717948716,0.26666666666666666,0.3076923076923077,-0.4082482904638631,0.29587585476806844,,6,STRUCTURE_ONLY
169,519,0.5509413067552602,0.5509413067552602,0.38095238095238093,0.7209302325581395,0.6998656386948178,0.8499328193474089,,124,STRUCTURE_ONLY
169,471,0.5034013605442177,0.5034013605442177,0.3333333333333333,0.673469387755102,0.0,0.5,,42,STRUCTURE_ONLY
169,170,0.5005813953488372,0.5005813953488372,0.35,0.6511627906976745,0.5281452275692498,0.7640726137846249,,90,STRUCTURE_ONLY
169,494,0.4963002114164905,0.4963002114164905,0.3181818181818182,0.6744186046511628,0.9438798074485389,0.9719399037242695,,5,STRUCTURE_ONLY
169,24,0.49419279907084784,0.49419279907084784,0.47619047619047616,0.5121951219512195,0.6001056278865802,0.8000528139432901,,151,STRUCTURE_ONLY
169,57,0.4845238095238095,0.4845238095238095,0.35,0.6190476190476191,0.5012804118276031,0.7506402059138015,,11,STRUCTURE_ONLY
169,339,0.47619047619047616,0.47619047619047616,0.3333333333333333,0.6190476190476191,0.40842197619410475,0.7042109880970524,,25,STRUCTURE_ONLY
169,203,0.45993031358885017,0.45993031358885017,0.2857142857142857,0.6341463414634146,0.0955394632947723,0.5477697316473862,,43,STRUCTURE_ONLY
169,244,0.4584139264990329,0.4584139264990329,0.36363636363636365,0.5531914893617021,0.5079721589671173,0.7539860794835587,,37,STRUCTURE_ONLY
169,114,0.45736434108527135,0.45736434108527135,0.3333333333333333,0.5813953488372093,0.6730364450951615,0.8365182225475807,,25,STRUCTURE_ONLY
170,519,0.5721153846153846,0.5721153846153846,0.375,0.7692307692307693,0.5273599014036483,0.7636799507018242,,86,STRUCTURE_ONLY
170,494,0.5708333333333333,0.5708333333333333,0.4666666666666667,0.675,0.6963106238227914,0.8481553119113957,,8,STRUCTURE_ONLY
170,339,0.5289473684210526,0.5289473684210526,0.4,0.6578947368421053,0.649519052838329,0.8247595264191645,,31,STRUCTURE_ONLY
170,458,0.5251196172248803,0.5251196172248803,0.3684210526315789,0.6818181818181818,0.6121460921524144,0.8060730460762072,,87,STRUCTURE_ONLY
170,169,0.5005813953488372,0.5005813953488372,0.35,0.6511627906976745,0.5281452275692498,0.7640726137846249,,90,STRUCTURE_ONLY
170,57,0.47635135135135137,0.47635135135135137,0.25,0.7027027027027027,0.24210006235312612,0.6210500311765631,,20,STRUCTURE_ONLY
170,531,0.4722222222222222,0.4722222222222222,0.3333333333333333,0.6111111111111112,0.4956203535809652,0.7478101767904826,,30,STRUCTURE_ONLY
170,79,0.46474358974358976,0.46474358974358976,0.4166666666666667,0.5128205128205128,0.6639288043118026,0.8319644021559013,,105,STRUCTURE_ONLY
170,471,0.4570799706529714,0.4570799706529714,0.27586206896551724,0.6382978723404256,0.051315800579078544,0.5256579002895393,,46,STRUCTURE_ONLY
170,603,0.45170454545454547,0.45170454545454547,0.3125,0.5909090909090909,0.1178511301977579,0.5589255650988789,,10,STRUCTURE_ONLY
172,705,0.3819444444444444,0.3819444444444444,0.375,0.3888888888888889,0.9442527536350019,0.972126376817501,,34,STRUCTURE_ONLY
172,564,0.2738095238095238,0.2738095238095238,0.16666666666666666,0.38095238095238093,0.9176629354822469,0.9588314677411234,,10,STRUCTURE_ONLY
172,350,0.26515151515151514,0.26515151515151514,0.16666666666666666,0.36363636363636365,0.7193887791962168,0.8596943895981084,,25,STRUCTURE_ONLY
172,675,0.26515151515151514,0.26515151515151514,0.16666666666666666,0.36363636363636365,0.9428090415820635,0.9714045207910318,,3,STRUCTURE_ONLY
172,167,0.21626984126984128,0.21626984126984128,0.1111111111111111,0.32142857142857145,0.8249579113843053,0.9124789556921526,,6,STRUCTURE_ONLY
172,120,0.21180555555555555,0.21180555555555555,0.1111111111111111,0.3125,0.9622504486493763,0.9811252243246882,,3,STRUCTURE_ONLY
172,6,0.19348659003831417,0.19348659003831417,0.1111111111111111,0.27586206896551724,0.49852724275079074,0.7492636213753954,,15,STRUCTURE_ONLY
172,225,0.19285714285714284,0.19285714285714284,0.1,0.2857142857142857,0.8391463916782737,0.9195731958391369,,9,STRUCTURE_ONLY
172,202,0.18640350877192982,0.18640350877192982,0.08333333333333333,0.2894736842105263,0.9669875568304563,0.9834937784152282,,7,STRUCTURE_ONLY
172,174,0.17435897435897435,0.17435897435897435,0.13333333333333333,0.2153846153846154,0.8504200642707612,0.9252100321353807,,12,STRUCTURE_ONLY
173,255,0.5098557692307693,0.5098557692307693,0.28125,0.7384615384615385,0.8409632877462002,0.9204816438731,,21,STRUCTURE_ONLY
173,188,0.44280303030303025,0.44280303030303025,0.325,0.5606060606060606,0.7144345083117604,0.8572172541558802,,13,STRUCTURE_ONLY
173,679,0.44047619047619047,0.44047619047619047,0.2916666666666667,0.5892857142857143,0.9428090415820635,0.9714045207910318,,6,STRUCTURE_ONLY
173,243,0.42567567567567566,0.42567567567567566,0.21621621621621623,0.6351351351351351,0.6943650748294136,0.8471825374147068,,12,STRUCTURE_ONLY
173,50,0.3994623655913978,0.3994623655913978,0.26666666666666666,0.532258064516129,0.9428090415820635,0.9714045207910318,,3,STRUCTURE_ONLY
173,444,0.39814814814814814,0.39814814814814814,0.2962962962962963,0.5,0.6048147367590061,0.802407368379503,,15,STRUCTURE_ONLY
173,315,0.3927272727272727,0.3927272727272727,0.24,0.5454545454545454,0.9359709753334592,0.9679854876667295,,25,STRUCTURE_ONLY
173,630,0.39,0.39,0.28,0.5,,,,2,STRUCTURE_ONLY
173,513,0.3879310344827586,0.3879310344827586,0.27586206896551724,0.5,0.8603090020146066,0.9301545010073033,,10,STRUCTURE_ONLY
173,309,0.36749379652605463,0.36749379652605463,0.25806451612903225,0.47692307692307695,0.8992288030258971,0.9496144015129486,,14,STRUCTURE_ONLY
174,225,0.3808322824716267,0.3808322824716267,0.38461538461538464,0.3770491803278688,1.0,1.0,,6,STRUCTURE_ONLY
174,154,0.3680340557275542,0.3680340557275542,0.3684210526315789,0.36764705882352944,,,,1,STRUCTURE_ONLY
174,327,0.3606965174129353,0.3606965174129353,0.3333333333333333,0.3880597014925373,0.8819171036881969,0.9409585518440984,,12,STRUCTURE_ONLY
174,202,0.3333333333333333,0.3333333333333333,0.3333333333333333,0.3333333333333333,0.9486832980505138,0.9743416490252569,,5,STRUCTURE_ONLY
174,112,0.3216417910447761,0.3216417910447761,0.3,0.34328358208955223,0.3131121455425747,0.6565560727712874,,12,STRUCTURE_ONLY
174,466,0.3203125,0.3203125,0.3125,0.328125,1.0,1.0,,4,STRUCTURE_ONLY
174,678,0.31339285714285714,0.31339285714285714,0.3125,0.3142857142857143,0.9622504486493763,0.9811252243246882,,3,STRUCTURE_ONLY
174,568,0.3130208333333333,0.3130208333333333,0.26666666666666666,0.359375,0.9486832980505138,0.9743416490252569,,5,STRUCTURE_ONLY
174,513,0.312039312039312,0.312039312039312,0.2727272727272727,0.35135135135135137,0.8770580193070293,0.9385290096535146,,7,STRUCTURE_ONLY
174,50,0.30851697438951753,0.30851697438951753,0.2608695652173913,0.3561643835616438,,,,2,STRUCTURE_ONLY
175,387,0.5333333333333333,0.5333333333333333,0.4,0.6666666666666666,0.8944271909999159,0.9472135954999579,,4,STRUCTURE_ONLY
175,656,0.43333333333333335,0.43333333333333335,0.2,0.6666666666666666,,,,2,STRUCTURE_ONLY
175,274,0.40476190476190477,0.40476190476190477,0.14285714285714285,0.6666666666666666,0.7071067811865475,0.8535533905932737,,4,STRUCTURE_ONLY
175,278,0.32456140350877194,0.32456140350877194,0.3333333333333333,0.3157894736842105,0.3530090432487313,0.6765045216243657,,18,STRUCTURE_ONLY
175,70,0.3128342245989305,0.3128342245989305,0.2727272727272727,0.35294117647058826,0.2684377460965796,0.6342188730482898,,24,STRUCTURE_ONLY
175,673,0.26900584795321636,0.26900584795321636,0.2222222222222222,0.3157894736842105,0.7171371656006361,0.858568582800318,,8,STRUCTURE_ONLY
175,624,0.2571428571428571,0.2571428571428571,0.21428571428571427,0.3,,,,1,STRUCTURE_ONLY
175,145,0.24545454545454548,0.24545454545454548,0.09090909090909091,0.4,0.3614486980061245,0.6807243490030622,,18,STRUCTURE_ONLY
175,488,0.23684210526315788,0.23684210526315788,0.15789473684210525,0.3157894736842105,0.08908708063747481,0.5445435403187374,,17,STRUCTURE_ONLY
175,422,0.2361111111111111,0.2361111111111111,0.2222222222222222,0.25,0.8040302522073697,0.9020151261036848,,5,STRUCTURE_ONLY
176,268,0.6041666666666666,0.6041666666666666,0.3333333333333333,0.875,0.8660254037844387,0.9330127018922194,,4,STRUCTURE_ONLY
176,543,0.6041666666666666,0.6041666666666666,0.3333333333333333,0.875,0.9128709291752769,0.9564354645876385,,6,STRUCTURE_ONLY
176,701,0.6041666666666666,0.6041666666666666,0.3333333333333333,0.875,,,,2,STRUCTURE_ONLY
176,754,0.6041666666666666,0.6041666666666666,0.3333333333333333,0.875,0.9428090415820635,0.9714045207910318,,3,STRUCTURE_ONLY
176,746,0.5625,0.5625,0.25,0.875,,,,0,STRUCTURE_ONLY
176,727,0.5138888888888888,0.5138888888888888,0.25,0.7777777777777778,,,,2,STRUCTURE_ONLY
176,530,0.475,0.475,0.25,0.7,0.9428090415820635,0.9714045207910318,,4,STRUCTURE_ONLY
176,686,0.475,0.475,0.25,0.7,,,,1,STRUCTURE_ONLY
176,685,0.44999999999999996,0.44999999999999996,0.2,0.7,0.5892556509887896,0.7946278254943948,,10,STRUCTURE_ONLY
176,92,0.4431818181818182,0.4431818181818182,0.25,0.6363636363636364,0.6666666666666667,0.8333333333333334,,6,STRUCTURE_ONLY
178,492,0.6235294117647059,0.6235294117647059,0.6,0.6470588235294118,0.9761870601839528,0.9880935300919764,,14,STRUCTURE_ONLY
178,35,0.5894736842105264,0.5894736842105264,0.6,0.5789473684210527,0.9296696802013682,0.9648348401006841,,11,STRUCTURE_ONLY
178,385,0.5809523809523809,0.5809523809523809,0.42857142857142855,0.7333333333333333,0.9525793444156805,0.9762896722078402,,6,STRUCTURE_ONLY
178,32,0.5576923076923077,0.5576923076923077,0.5,0.6153846153846154,0.8888888888888888,0.9444444444444444,,6,STRUCTURE_ONLY
178,127,0.5394736842105263,0.5394736842105263,0.5,0.5789473684210527,0.7925939239012171,0.8962969619506085,,10,STRUCTURE_ONLY
178,546,0.5378151260504201,0.5378151260504201,0.42857142857142855,0.6470588235294118,0.9245003270420487,0.9622501635210243,,10,STRUCTURE_ONLY
178,487,0.5,0.5,0.5,0.5,0.8956685895029604,0.9478342947514802,,22,STRUCTURE_ONLY
178,110,0.46153846153846156,0.46153846153846156,0.5,0.4230769230769231,0.8486684247915056,0.9243342123957528,,9,STRUCTURE_ONLY
178,540,0.4423076923076923,0.4423076923076923,0.5,0.38461538461538464,0.40824829046386296,0.7041241452319315,,9,STRUCTURE_ONLY
178,410,0.4019607843137255,0.4019607843137255,0.3333333333333333,0.47058823529411764,0.7319250547113999,0.8659625273556999,,18,STRUCTURE_ONLY
179,295,0.6073232323232324,0.6073232323232324,0.4090909090909091,0.8055555555555556,0.4969418673368094,0.7484709336684047,,58,STRUCTURE_ONLY
179,531,0.5376344086021505,0.5376344086021505,0.3333333333333333,0.7419354838709677,0.5163977794943223,0.7581988897471612,,15,STRUCTURE_ONLY
179,114,0.5138888888888888,0.5138888888888888,0.3888888888888889,0.6388888888888888,0.7399400733959438,0.8699700366979719,,19,STRUCTURE_ONLY
179,321,0.5088235294117647,0.5088235294117647,0.4,0.6176470588235294,0.0,0.5,,7,STRUCTURE_ONLY
179,694,0.5,0.5,0.29411764705882354,0.7058823529411765,0.7715167498104595,0.8857583749052298,,8,STRUCTURE_ONLY
179,283,0.4729064039408867,0.4729064039408867,0.42857142857142855,0.5172413793103449,0.8451542547285166,0.9225771273642582,,12,STRUCTURE_ONLY
179,441,0.46746031746031746,0.46746031746031746,0.2777777777777778,0.6571428571428571,0.7610423906471906,0.8805211953235953,,23,STRUCTURE_ONLY
179,533,0.46739130434782605,0.46739130434782605,0.43478260869565216,0.5,0.4576043153224295,0.7288021576612147,,16,STRUCTURE_ONLY
179,184,0.4624183006535948,0.4624183006535948,0.2777777777777778,0.6470588235294118,0.944911182523068,0.972455591261534,,5,STRUCTURE_ONLY
179,223,0.45670995670995673,0.45670995670995673,0.3181818181818182,0.5952380952380952,0.6024640760767093,0.8012320380383546,,18,STRUCTURE_ONLY
180,207,0.7083333333333333,0.7083333333333333,0.75,0.6666666666666666,,,,0,STRUCTURE_ONLY
180,193,0.575,0.575,0.75,0.4,,,,2,STRUCTURE_ONLY
180,545,0.5416666666666666,0.5416666666666666,0.75,0.3333333333333333,,,,1,STRUCTURE_ONLY
180,318,0.4666666666666667,0.4666666666666667,0.6,0.3333333333333333,,,,1,STRUCTURE_ONLY
180,26,0.4111111111111111,0.4111111111111111,0.6,0.2222222222222222,0.8944271909999159,0.9472135954999579,,6,STRUCTURE_ONLY
180,338,0.375,0.375,0.5,0.25,,,,0,STRUCTURE_ONLY
180,263,0.35,0.35,0.5,0.2,,,,0,STRUCTURE_ONLY
180,555,0.35,0.35,0.5,0.2,,,,1,STRUCTURE_ONLY
180,566,0.35,0.35,0.5,0.2,,,,1,STRUCTURE_ONLY
180,348,0.3088235294117647,0.3088235294117647,0.5,0.11764705882352941,,,,1,STRUCTURE_ONLY
181,104,0.39166666666666666,0.39166666666666666,0.25,0.5333333333333333,0.560448538317805,0.7802242691589025,,21,STRUCTURE_ONLY
181,414,0.3392857142857143,0.3392857142857143,0.25,0.42857142857142855,,,,2,STRUCTURE_ONLY
181,32,0.325,0.325,0.25,0.4,0.9999999999999998,0.9999999999999999,,5,STRUCTURE_ONLY
181,558,0.30147058823529416,0.30147058823529416,0.25,0.35294117647058826,0.7559289460184544,0.8779644730092272,,10,STRUCTURE_ONLY
181,42,0.2875,0.2875,0.2,0.375,0.9090909090909091,0.9545454545454546,,8,STRUCTURE_ONLY
181,525,0.2875,0.2875,0.2,0.375,0.42600643361512924,0.7130032168075646,,9,STRUCTURE_ONLY
181,631,0.2833333333333333,0.2833333333333333,0.16666666666666666,0.4,,,,2,STRUCTURE_ONLY
181,247,0.2589285714285714,0.2589285714285714,0.14285714285714285,0.375,0.9486832980505138,0.9743416490252569,,5,STRUCTURE_ONLY
181,609,0.2564102564102564,0.2564102564102564,0.16666666666666666,0.34615384615384615,0.7200822998230957,0.8600411499115479,,12,STRUCTURE_ONLY
181,470,0.25,0.25,0.25,0.25,0.1835325870964494,0.5917662935482247,,10,STRUCTURE_ONLY
182,50,0.43673469387755104,0.43673469387755104,0.2,0.673469387755102,1.0,1.0,,4,STRUCTURE_ONLY
182,208,0.41329656862745096,0.41329656862745096,0.21875,0.6078431372549019,0.7272727272727273,0.8636363636363636,,7,STRUCTURE_ONLY
182,710,0.4125,0.4125,0.2916666666666667,0.5333333333333333,0.7745966692414834,0.8872983346207417,,3,STRUCTURE_ONLY
182,678,0.389945652173913,0.389945652173913,0.21739130434782608,0.5625,0.9432422182837986,0.9716211091418994,,5,STRUCTURE_ONLY
182,267,0.375,0.375,0.25,0.5,0.6324555320336759,0.816227766016838,,5,STRUCTURE_ONLY
182,415,0.3746031746031746,0.3746031746031746,0.23809523809523808,0.5111111111111111,0.7167132003459626,0.8583566001729813,,26,STRUCTURE_ONLY
182,513,0.36259305210918114,0.36259305210918114,0.12903225806451613,0.5961538461538461,0.8288624656799143,0.9144312328399571,,18,STRUCTURE_ONLY
182,244,0.3571428571428571,0.3571428571428571,0.14285714285714285,0.5714285714285714,0.6324555320336759,0.816227766016838,,19,STRUCTURE_ONLY
182,679,0.35551020408163264,0.35551020408163264,0.16,0.5510204081632653,0.8911327886790069,0.9455663943395034,,6,STRUCTURE_ONLY
182,309,0.34664351851851855,0.34664351851851855,0.15625,0.5370370370370371,0.7242068243779014,0.8621034121889507,,22,STRUCTURE_ONLY
183,654,0.8819444444444444,0.8819444444444444,0.875,0.8888888888888888,0.9045340337332909,0.9522670168666454,,8,STRUCTURE_ONLY
183,428,0.8333333333333333,0.8333333333333333,0.7777777777777778,0.8888888888888888,1.0,1.0,,4,STRUCTURE_ONLY
183,451,0.75,0.75,0.625,0.875,0.8944271909999159,0.9472135954999579,,5,STRUCTURE_ONLY
183,563,0.7136363636363636,0.7136363636363636,0.7,0.7272727272727273,0.9486832980505138,0.9743416490252569,,10,STRUCTURE_ONLY
183,441,0.5031347962382445,0.5031347962382445,0.45454545454545453,0.5517241379310345,0.6671243849949912,0.8335621924974956,,14,STRUCTURE_ONLY
183,42,0.4955357142857143,0.4955357142857143,0.42857142857142855,0.5625,0.9309493362512627,0.9654746681256314,,10,STRUCTURE_ONLY
183,148,0.4732142857142857,0.4732142857142857,0.5714285714285714,0.375,,,,1,STRUCTURE_ONLY
183,558,0.45535714285714285,0.45535714285714285,0.2857142857142857,0.625,0.8682431421244593,0.9341215710622297,,8,STRUCTURE_ONLY
183,198,0.4125,0.4125,0.2,0.625,0.8164965809277259,0.9082482904638629,,6,STRUCTURE_ONLY
183,704,0.3881578947368421,0.3881578947368421,0.25,0.5263157894736842,0.9561828874675149,0.9780914437337574,,7,STRUCTURE_ONLY
184,326,0.731974921630094,0.731974921630094,0.6363636363636364,0.8275862068965517,,,,8,STRUCTURE_ONLY
184,321,0.6410658307210031,0.6410658307210031,0.45454545454545453,0.8275862068965517,1.0,1.0,,3,STRUCTURE_ONLY
184,720,0.5560975609756098,0.5560975609756098,0.6,0.5121951219512195,0.8386278693775346,0.9193139346887673,,4,STRUCTURE_ONLY
184,105,0.521505376344086,0.521505376344086,0.3333333333333333,0.7096774193548387,0.9544271444636666,0.9772135722318334,,7,STRUCTURE_ONLY
184,531,0.5205278592375366,0.5205278592375366,0.36363636363636365,0.6774193548387096,0.8017837257372732,0.9008918628686367,,5,STRUCTURE_ONLY
184,441,0.5158371040723982,0.5158371040723982,0.38461538461538464,0.6470588235294118,0.9622504486493764,0.9811252243246882,,6,STRUCTURE_ONLY
184,76,0.4935897435897436,0.4935897435897436,0.5,0.48717948717948717,1.0,1.0,,4,STRUCTURE_ONLY
184,324,0.49216300940438873,0.49216300940438873,0.36363636363636365,0.6206896551724138,,,,2,STRUCTURE_ONLY
184,583,0.48119122257053293,0.48119122257053293,0.2727272727272727,0.6896551724137931,,,,2,STRUCTURE_ONLY
184,285,0.4629629629629629,0.4629629629629629,0.4444444444444444,0.48148148148148145,,,,1,STRUCTURE_ONLY
185,465,0.4212962962962963,0.4212962962962963,0.25,0.5925925925925926,0.968962790249909,0.9844813951249545,,6,STRUCTURE_ONLY
185,479,0.41666666666666663,0.41666666666666663,0.3333333333333333,0.5,,,,2,STRUCTURE_ONLY
185,508,0.41086956521739126,0.41086956521739126,0.3,0.5217391304347826,,,,1,STRUCTURE_ONLY
185,112,0.40620031796502387,0.40620031796502387,0.35294117647058826,0.4594594594594595,0.8451542547285165,0.9225771273642582,,4,STRUCTURE_ONLY
185,130,0.4010989010989011,0.4010989010989011,0.23076923076923078,0.5714285714285714,0.857142857142857,0.9285714285714285,,4,STRUCTURE_ONLY
185,635,0.39880952380952384,0.39880952380952384,0.3333333333333333,0.4642857142857143,0.944911182523068,0.972455591261534,,4,STRUCTURE_ONLY
185,396,0.385,0.385,0.25,0.52,,,,0,STRUCTURE_ONLY
185,579,0.3842364532019704,0.3842364532019704,0.2857142857142857,0.4827586206896552,0.9428090415820635,0.9714045207910318,,3,STRUCTURE_ONLY
185,486,0.36410256410256414,0.36410256410256414,0.26666666666666666,0.46153846153846156,0.8366600265340756,0.9183300132670378,,4,STRUCTURE_ONLY
185,303,0.3635235732009926,0.3635235732009926,0.3076923076923077,0.41935483870967744,0.2773500981126146,0.6386750490563073,,4,STRUCTURE_ONLY
186,244,0.41558908045977017,0.41558908045977017,0.3103448275862069,0.5208333333333334,0.5773502691896257,0.7886751345948129,,9,STRUCTURE_ONLY
186,307,0.4049003322259136,0.4049003322259136,0.32142857142857145,0.4883720930232558,0.6761234037828132,0.8380617018914066,,10,STRUCTURE_ONLY
186,360,0.4041666666666667,0.4041666666666667,0.325,0.48333333333333334,0.7856742013183862,0.8928371006591931,,9,STRUCTURE_ONLY
186,160,0.39129032258064517,0.39129032258064517,0.3225806451612903,0.46,1.0000000000000002,1.0,,6,STRUCTURE_ONLY
186,161,0.37549407114624506,0.37549407114624506,0.2727272727272727,0.4782608695652174,,,,2,STRUCTURE_ONLY
186,24,0.3671274961597542,0.3671274961597542,0.25806451612903225,0.47619047619047616,0.7442084075352507,0.8721042037676254,,13,STRUCTURE_ONLY
186,29,0.36363636363636365,0.36363636363636365,0.2727272727272727,0.45454545454545453,,,,1,STRUCTURE_ONLY
186,391,0.3535980148883375,0.3535980148883375,0.3225806451612903,0.38461538461538464,0.9999999999999998,0.9999999999999999,,5,STRUCTURE_ONLY
186,155,0.3505263157894737,0.3505263157894737,0.28,0.42105263157894735,0.47809144373375745,0.7390457218668787,,10,STRUCTURE_ONLY
186,429,0.3490421455938697,0.3490421455938697,0.27586206896551724,0.4222222222222222,0.8944271909999159,0.9472135954999579,,10,STRUCTURE_ONLY
187,123,0.5016983695652174,0.5016983695652174,0.45652173913043476,0.546875,-0.9622504486493763,0.018874775675311872,,9,STRUCTURE_ONLY
187,511,0.49828840393667095,0.49828840393667095,0.4878048780487805,0.5087719298245614,-0.3779644730092272,0.3110177634953864,,14,STRUCTURE_ONLY
187,533,0.4814814814814815,0.4814814814814815,0.5,0.46296296296296297,0.4123930494211613,0.7061965247105806,,7,STRUCTURE_ONLY
187,604,0.4627118644067797,0.4627118644067797,0.4,0.5254237288135594,,,,2,STRUCTURE_ONLY
187,289,0.4542452830188679,0.4542452830188679,0.3584905660377358,0.55,0.11145564251507058,0.5557278212575353,,23,STRUCTURE_ONLY
187,586,0.44802867383512546,0.44802867383512546,0.45161290322580644,0.4444444444444444,,,,2,STRUCTURE_ONLY
187,516,0.4143502824858757,0.4143502824858757,0.3220338983050847,0.5066666666666667,-0.8017837257372731,0.09910813713136346,,7,STRUCTURE_ONLY
187,376,0.39945029775538254,0.39945029775538254,0.32432432432432434,0.4745762711864407,,,,2,STRUCTURE_ONLY
187,482,0.39106029106029105,0.39106029106029105,0.35135135135135137,0.4307692307692308,-0.4364357804719848,0.28178210976400764,,14,STRUCTURE_ONLY
187,295,0.3892773892773893,0.3892773892773893,0.3939393939393939,0.38461538461538464,-0.3796283011826483,0.3101858494086759,,20,STRUCTURE_ONLY
188,444,0.5928030303030303,0.5928030303030303,0.3939393939393939,0.7916666666666666,0.7337993857053429,0.8668996928526714,,18,STRUCTURE_ONLY
188,50,0.5885780885780886,0.5885780885780886,0.48484848484848486,0.6923076923076923,1.0000000000000002,1.0,,3,STRUCTURE_ONLY
188,513,0.583041958041958,0.583041958041958,0.45454545454545453,0.7115384615384616,0.9337990556476821,0.966899527823841,,14,STRUCTURE_ONLY
188,630,0.5160984848484849,0.5160984848484849,0.30303030303030304,0.7291666666666666,0.9438798074485389,0.9719399037242695,,5,STRUCTURE_ONLY
188,679,0.5104166666666667,0.5104166666666667,0.3125,0.7083333333333334,0.9438798074485389,0.9719399037242695,,5,STRUCTURE_ONLY
188,154,0.5008912655971479,0.5008912655971479,0.3939393939393939,0.6078431372549019,0.6708203932499369,0.8354101966249685,,4,STRUCTURE_ONLY
188,446,0.5,0.5,0.48717948717948717,0.5128205128205128,0.8451542547285165,0.9225771273642582,,5,STRUCTURE_ONLY
188,518,0.4844827586206897,0.4844827586206897,0.4,0.5689655172413793,0.8366600265340756,0.9183300132670378,,6,STRUCTURE_ONLY
188,244,0.4798951048951049,0.4798951048951049,0.36363636363636365,0.5961538461538461,0.755742181606458,0.877871090803229,,16,STRUCTURE_ONLY
188,315,0.46961706030726896,0.46961706030726896,0.4897959183673469,0.449438202247191,0.8280786712108251,0.9140393356054126,,11,STRUCTURE_ONLY
189,476,0.41666666666666663,0.41666666666666663,0.5,0.3333333333333333,,,,1,STRUCTURE_ONLY
189,85,0.16666666666666666,0.16666666666666666,0.0,0.3333333333333333,0.944911182523068,0.972455591261534,,4,STRUCTURE_ONLY
189,207,0.16666666666666666,0.16666666666666666,0.0,0.3333333333333333,,,,0,STRUCTURE_ONLY
189,250,0.038461538461538464,0.038461538461538464,0.0,0.07692307692307693,0.9428090415820635,0.9714045207910318,,3,STRUCTURE_ONLY
189,218,0.02371967654986523,0.02371967654986523,0.02857142857142857,0.018867924528301886,,,,0,STRUCTURE_ONLY
189,208,0.0125,0.0125,0.0,0.025,,,,2,STRUCTURE_ONLY
189,214,0.008064516129032258,0.008064516129032258,0.0,0.016129032258064516,,,,1,STRUCTURE_ONLY
189,319,0.005,0.005,0.0,0.01,0.944911182523068,0.972455591261534,,4,STRUCTURE_ONLY
190,324,0.575,0.575,0.5,0.65,,,,1,STRUCTURE_ONLY
190,335,0.50625,0.50625,0.2,0.8125,0.8164965809277261,0.9082482904638631,,3,STRUCTURE_ONLY
190,252,0.5,0.5,0.2,0.8,-0.0668153104781061,0.46659234476094696,,7,STRUCTURE_ONLY
190,74,0.4916666666666667,0.4916666666666667,0.3333333333333333,0.65,,,,0,STRUCTURE_ONLY
190,209,0.475,0.475,0.2,0.75,,,,0,STRUCTURE_ONLY
190,347,0.475,0.475,0.2,0.75,,,,2,STRUCTURE_ONLY
190,76,0.45967741935483875,0.45967741935483875,0.5,0.41935483870967744,0.6546536707079772,0.8273268353539887,,4,STRUCTURE_ONLY
190,599,0.4383116883116883,0.4383116883116883,0.2857142857142857,0.5909090909090909,,,,1,STRUCTURE_ONLY
190,434,0.425,0.425,0.25,0.6,,,,0,STRUCTURE_ONLY
190,326,0.41666666666666663,0.41666666666666663,0.3333333333333333,0.5,0.7637626158259734,0.8818813079129867,,6,STRUCTURE_ONLY
191,404,0.2675595238095238,0.2675595238095238,0.020833333333333332,0.5142857142857142,,,,0,STRUCTURE_ONLY
191,609,0.26136363636363635,0.26136363636363635,0.2727272727272727,0.25,0.9486832980505138,0.9743416490252569,,4,STRUCTURE_ONLY
191,383,0.2346980976013234,0.2346980976013234,0.22580645161290322,0.24358974358974358,0.0,0.5,,3,STRUCTURE_ONLY
191,458,0.21342105263157896,0.21342105263157896,0.23684210526315788,0.19,0.15430334996209194,0.5771516749810459,,6,STRUCTURE_ONLY
191,29,0.20190254319549603,0.20190254319549603,0.21568627450980393,0.18811881188118812,,,,0,STRUCTURE_ONLY
191,169,0.20124320124320125,0.20124320124320125,0.23076923076923078,0.1717171717171717,0.0,0.5,,4,STRUCTURE_ONLY
191,722,0.18612913191226443,0.18612913191226443,0.1794871794871795,0.1927710843373494,,,,0,STRUCTURE_ONLY
191,357,0.17888471177944862,0.17888471177944862,0.13157894736842105,0.2261904761904762,0.8164965809277259,0.9082482904638629,,3,STRUCTURE_ONLY
191,87,0.1746740704973443,0.1746740704973443,0.18421052631578946,0.1651376146788991,0.0,0.5,,3,STRUCTURE_ONLY
191,184,0.1680194805194805,0.1680194805194805,0.14285714285714285,0.19318181818181818,0.10482848367219183,0.5524142418360959,,4,STRUCTURE_ONLY
192,574,0.49537037037037035,0.49537037037037035,0.25,0.7407407407407407,0.7745966692414834,0.8872983346207417,,6,STRUCTURE_ONLY
192,660,0.43710021321961623,0.43710021321961623,0.14285714285714285,0.7313432835820896,-0.2581988897471611,0.37090055512641945,,6,STRUCTURE_ONLY
192,484,0.3275862068965517,0.3275862068965517,0.0,0.6551724137931034,,,,1,STRUCTURE_ONLY
192,47,0.3271186440677966,0.3271186440677966,0.4,0.2542372881355932,0.7905694150420948,0.8952847075210474,,6,STRUCTURE_ONLY
192,601,0.3263888888888889,0.3263888888888889,0.375,0.2777777777777778,,,,2,STRUCTURE_ONLY
192,512,0.3056733828207847,0.3056733828207847,0.08695652173913043,0.524390243902439,,,,0,STRUCTURE_ONLY
192,185,0.2876344086021505,0.2876344086021505,0.3333333333333333,0.24193548387096775,,,,1,STRUCTURE_ONLY
192,24,0.2852822580645161,0.2852822580645161,0.3125,0.25806451612903225,0.8249579113843055,0.9124789556921528,,8,STRUCTURE_ONLY
192,636,0.28484848484848485,0.28484848484848485,0.3333333333333333,0.23636363636363636,0.9999999999999998,0.9999999999999999,,5,STRUCTURE_ONLY
192,579,0.2833333333333333,0.2833333333333333,0.3333333333333333,0.23333333333333334,,,,2,STRUCTURE_ONLY
193,180,0.575,0.575,0.75,0.4,,,,2,STRUCTURE_ONLY
193,348,0.48039215686274506,0.48039215686274506,0.6666666666666666,0.29411764705882354,,,,0,STRUCTURE_ONLY
193,207,0.4666666666666667,0.4666666666666667,0.6,0.3333333333333333,,,,2,STRUCTURE_ONLY
193,318,0.4375,0.4375,0.5,0.375,0.7385489458759965,0.8692744729379982,,9,STRUCTURE_ONLY
193,545,0.4111111111111111,0.4111111111111111,0.6,0.2222222222222222,0.8164965809277259,0.9082482904638629,,4,STRUCTURE_ONLY
193,26,0.38636363636363635,0.38636363636363635,0.5,0.2727272727272727,0.7216878364870323,0.8608439182435161,,9,STRUCTURE_ONLY
193,176,0.35,0.35,0.4,0.3,0.0,0.5,,6,STRUCTURE_ONLY
193,37,0.29166666666666663,0.29166666666666663,0.25,0.3333333333333333,0.5345224838248487,0.7672612419124243,,4,STRUCTURE_ONLY
193,338,0.27142857142857146,0.27142857142857146,0.4,0.14285714285714285,,,,1,STRUCTURE_ONLY
193,263,0.2625,0.2625,0.4,0.125,0.3779644730092272,0.6889822365046137,,4,STRUCTURE_ONLY
195,164,0.5378151260504201,0.5378151260504201,0.42857142857142855,0.6470588235294118,,,,2,STRUCTURE_ONLY
195,95,0.4336734693877551,0.4336734693877551,0.21428571428571427,0.6530612244897959,0.8509629433967633,0.9254814716983817,,13,STRUCTURE_ONLY
195,43,0.42058823529411765,0.42058823529411765,0.4,0.4411764705882353,0.7348469228349533,0.8674234614174767,,6,STRUCTURE_ONLY
195,305,0.3929163214581607,0.3929163214581607,0.2647058823529412,0.5211267605633803,0.7687422135960734,0.8843711067980367,,12,STRUCTURE_ONLY
195,550,0.3659090909090909,0.3659090909090909,0.15,0.5818181818181818,1.0000000000000002,1.0,,3,STRUCTURE_ONLY
195,144,0.3040691192865106,0.3040691192865106,0.11538461538461539,0.4927536231884058,,,,2,STRUCTURE_ONLY
195,320,0.2921440261865794,0.2921440261865794,0.3076923076923077,0.2765957446808511,0.8845379626717033,0.9422689813358516,,6,STRUCTURE_ONLY
195,397,0.18681318681318682,0.18681318681318682,0.14285714285714285,0.23076923076923078,0.9622504486493763,0.9811252243246882,,3,STRUCTURE_ONLY
195,430,0.14925373134328357,0.14925373134328357,0.0,0.29850746268656714,,,,2,STRUCTURE_ONLY
195,518,0.14615384615384616,0.14615384615384616,0.0,0.2923076923076923,,,,2,STRUCTURE_ONLY
196,324,0.13333333333333333,0.13333333333333333,0.16666666666666666,0.1,0.9428090415820635,0.9714045207910318,,3,STRUCTURE_ONLY
196,409,0.11688311688311688,0.11688311688311688,0.14285714285714285,0.09090909090909091,,,,0,STRUCTURE_ONLY
196,97,0.02631578947368421,0.02631578947368421,0.0,0.05263157894736842,,,,1,STRUCTURE_ONLY
196,46,0.021739130434782608,0.021739130434782608,0.0,0.043478260869565216,1.0,1.0,,4,STRUCTURE_ONLY
196,351,0.018518518518518517,0.018518518518518517,0.0,0.037037037037037035,0.8164965809277261,0.9082482904638631,,3,STRUCTURE_ONLY
196,277,0.014705882352941176,0.014705882352941176,0.0,0.029411764705882353,,,,0,STRUCTURE_ONLY
198,282,0.7023809523809523,0.7023809523809523,0.5714285714285714,0.8333333333333334,,,,2,STRUCTURE_ONLY
198,558,0.7,0.7,0.4,1.0,,,,4,STRUCTURE_ONLY
198,506,0.5714285714285714,0.5714285714285714,0.42857142857142855,0.7142857142857143,,,,2,STRUCTURE_ONLY
198,479,0.5625,0.5625,0.5,0.625,,,,2,STRUCTURE_ONLY
198,704,0.5512820512820513,0.5512820512820513,0.3333333333333333,0.7692307692307693,0.944911182523068,0.972455591261534,,4,STRUCTURE_ONLY
198,746,0.55,0.55,0.4,0.7,,,,0,STRUCTURE_ONLY
198,306,0.5274725274725275,0.5274725274725275,0.2857142857142857,0.7692307692307693,0.6324555320336759,0.816227766016838,,5,STRUCTURE_ONLY
198,719,0.5274725274725275,0.5274725274725275,0.2857142857142857,0.7692307692307693,0.8164965809277261,0.9082482904638631,,6,STRUCTURE_ONLY
198,386,0.48351648351648346,0.48351648351648346,0.42857142857142855,0.5384615384615384,0.17541160386140586,0.5877058019307029,,17,STRUCTURE_ONLY
198,648,0.48214285714285715,0.48214285714285715,0.25,0.7142857142857143,0.7715167498104595,0.8857583749052298,,7,STRUCTURE_ONLY
199,102,0.25,0.25,0.3333333333333333,0.16666666666666666,,,,0,STRUCTURE_ONLY
199,449,0.25,0.25,0.3333333333333333,0.16666666666666666,,,,0,STRUCTURE_ONLY
199,252,0.18382352941176472,0.18382352941176472,0.25,0.11764705882352941,,,,1,STRUCTURE_ONLY
199,153,0.15555555555555556,0.15555555555555556,0.2,0.1111111111111111,,,,0,STRUCTURE_ONLY
199,413,0.15476190476190477,0.15476190476190477,0.14285714285714285,0.16666666666666666,,,,2,STRUCTURE_ONLY
199,254,0.15000000000000002,0.15000000000000002,0.2,0.1,,,,0,STRUCTURE_ONLY
199,440,0.12878787878787878,0.12878787878787878,0.16666666666666666,0.09090909090909091,,,,0,STRUCTURE_ONLY
199,356,0.12681159420289856,0.12681159420289856,0.16666666666666666,0.08695652173913043,,,,0,STRUCTURE_ONLY
199,294,0.11805555555555555,0.11805555555555555,0.125,0.1111111111111111,,,,0,STRUCTURE_ONLY
199,23,0.11768707482993197,0.11768707482993197,0.13333333333333333,0.10204081632653061,,,,1,STRUCTURE_ONLY
200,101,0.7062643239113827,0.7062643239113827,0.5294117647058824,0.8831168831168831,0.7778444682625973,0.8889222341312987,,9,STRUCTURE_ONLY
200,77,0.4913253012048193,0.4913253012048193,0.32,0.6626506024096386,,,,1,STRUCTURE_ONLY
200,595,0.412842190016103,0.412842190016103,0.2608695652173913,0.5648148148148148,0.7777777777777779,0.888888888888889,,9,STRUCTURE_ONLY
200,255,0.39888337468982626,0.39888337468982626,0.34615384615384615,0.45161290322580644,0.894427190999916,0.947213595499958,,9,STRUCTURE_ONLY
200,188,0.3981727574750831,0.3981727574750831,0.34285714285714286,0.45348837209302323,0.8320502943378437,0.9160251471689218,,7,STRUCTURE_ONLY
200,526,0.39695340501792115,0.39695340501792115,0.2777777777777778,0.5161290322580645,0.944911182523068,0.972455591261534,,14,STRUCTURE_ONLY
200,690,0.38421052631578945,0.38421052631578945,0.42105263157894735,0.3473684210526316,0.9647638212377322,0.982381910618866,,7,STRUCTURE_ONLY
200,444,0.3832472748135399,0.3832472748135399,0.38095238095238093,0.3855421686746988,0.6599663291074443,0.8299831645537221,,12,STRUCTURE_ONLY
200,513,0.3827063740856844,0.3827063740856844,0.4090909090909091,0.3563218390804598,0.85,0.925,,10,STRUCTURE_ONLY
200,112,0.3740204942736588,0.3740204942736588,0.38095238095238093,0.3670886075949367,0.1414213562373095,0.5707106781186547,,12,STRUCTURE_ONLY
202,327,0.5874999999999999,0.5874999999999999,0.6,0.575,0.9999999999999998,0.9999999999999999,,5,STRUCTURE_ONLY
202,167,0.4888888888888889,0.4888888888888889,0.4444444444444444,0.5333333333333333,0.9486832980505138,0.9743416490252569,,4,STRUCTURE_ONLY
202,63,0.45036764705882354,0.45036764705882354,0.3125,0.5882352941176471,,,,0,STRUCTURE_ONLY
202,705,0.4126794258373206,0.4126794258373206,0.2727272727272727,0.5526315789473685,1.0000000000000002,1.0,,3,STRUCTURE_ONLY
202,225,0.40779220779220776,0.40779220779220776,0.2727272727272727,0.5428571428571428,0.9525793444156805,0.9762896722078402,,6,STRUCTURE_ONLY
202,155,0.407624633431085,0.407624633431085,0.36363636363636365,0.45161290322580644,1.0000000000000002,1.0,,3,STRUCTURE_ONLY
202,211,0.4034552845528455,0.4034552845528455,0.4166666666666667,0.3902439024390244,0.9999999999999998,0.9999999999999999,,5,STRUCTURE_ONLY
202,390,0.3833333333333333,0.3833333333333333,0.3,0.4666666666666667,0.5773502691896258,0.7886751345948129,,3,STRUCTURE_ONLY
202,317,0.3799171842650103,0.3799171842650103,0.23809523809523808,0.5217391304347826,,,,2,STRUCTURE_ONLY
202,213,0.37884615384615383,0.37884615384615383,0.3076923076923077,0.45,0.9999999999999998,0.9999999999999999,,5,STRUCTURE_ONLY
203,74,0.4984848484848485,0.4984848484848485,0.36363636363636365,0.6333333333333333,-0.35355339059327373,0.32322330470336313,,5,STRUCTURE_ONLY
203,494,0.4984101748807631,0.4984101748807631,0.29411764705882354,0.7027027027027027,0.3779644730092272,0.6889822365046137,,4,STRUCTURE_ONLY
203,57,0.48611111111111105,0.48611111111111105,0.3333333333333333,0.6388888888888888,0.0716114874039433,0.5358057437019716,,15,STRUCTURE_ONLY
203,321,0.4722222222222222,0.4722222222222222,0.4166666666666667,0.5277777777777778,0.7001400420140049,0.8500700210070025,,5,STRUCTURE_ONLY
203,169,0.45993031358885017,0.45993031358885017,0.2857142857142857,0.6341463414634146,0.0955394632947723,0.5477697316473862,,43,STRUCTURE_ONLY
203,155,0.45833333333333337,0.45833333333333337,0.4166666666666667,0.5,0.6570183044350496,0.8285091522175247,,27,STRUCTURE_ONLY
203,674,0.4431818181818182,0.4431818181818182,0.25,0.6363636363636364,0.5773502691896258,0.7886751345948129,,3,STRUCTURE_ONLY
203,637,0.44281524926686217,0.44281524926686217,0.2727272727272727,0.6129032258064516,0.41602514716892186,0.7080125735844609,,11,STRUCTURE_ONLY
203,114,0.43256578947368424,0.43256578947368424,0.3125,0.5526315789473685,-0.08084520834544433,0.45957739582727786,,18,STRUCTURE_ONLY
203,434,0.4275862068965517,0.4275862068965517,0.2,0.6551724137931034,-0.2886751345948129,0.35566243270259357,,9,STRUCTURE_ONLY
205,495,0.6160714285714286,0.6160714285714286,0.375,0.8571428571428571,0.4193139346887673,0.7096569673443837,,7,STRUCTURE_ONLY
205,349,0.5564516129032258,0.5564516129032258,0.5,0.6129032258064516,,,,1,STRUCTURE_ONLY
205,378,0.5104166666666666,0.5104166666666666,0.3333333333333333,0.6875,0.9707253433941511,0.9853626716970756,,4,STRUCTURE_ONLY
205,585,0.4982078853046595,0.4982078853046595,0.2222222222222222,0.7741935483870968,1.0000000000000002,1.0,,3,STRUCTURE_ONLY
205,124,0.4472972972972973,0.4472972972972973,0.3,0.5945945945945946,,,,2,STRUCTURE_ONLY
205,552,0.3869047619047619,0.3869047619047619,0.25,0.5238095238095238,,,,2,STRUCTURE_ONLY
205,255,0.3663793103448276,0.3663793103448276,0.25,0.4827586206896552,0.7559289460184544,0.8779644730092272,,6,STRUCTURE_ONLY
205,530,0.36071428571428577,0.36071428571428577,0.4,0.32142857142857145,,,,1,STRUCTURE_ONLY
205,686,0.36071428571428577,0.36071428571428577,0.4,0.32142857142857145,,,,1,STRUCTURE_ONLY
205,118,0.35497835497835495,0.35497835497835495,0.2857142857142857,0.42424242424242425,,,,0,STRUCTURE_ONLY
207,180,0.7083333333333333,0.7083333333333333,0.75,0.6666666666666666,,,,0,STRUCTURE_ONLY
207,193,0.4666666666666667,0.4666666666666667,0.6,0.3333333333333333,,,,2,STRUCTURE_ONLY
207,545,0.44285714285714284,0.44285714285714284,0.6,0.2857142857142857,,,,1,STRUCTURE_ONLY
207,318,0.39285714285714285,0.39285714285714285,0.5,0.2857142857142857,,,,0,STRUCTURE_ONLY
207,26,0.35,0.35,0.5,0.2,,,,2,STRUCTURE_ONLY
207,338,0.30000000000000004,0.30000000000000004,0.4,0.2,,,,0,STRUCTURE_ONLY
207,263,0.2833333333333333,0.2833333333333333,0.4,0.16666666666666666,,,,0,STRUCTURE_ONLY
207,555,0.2833333333333333,0.2833333333333333,0.4,0.16666666666666666,,,,0,STRUCTURE_ONLY
207,566,0.2833333333333333,0.2833333333333333,0.4,0.16666666666666666,,,,1,STRUCTURE_ONLY
207,348,0.2698412698412698,0.2698412698412698,0.42857142857142855,0.1111111111111111,,,,0,STRUCTURE_ONLY
208,182,0.41329656862745096,0.41329656862745096,0.21875,0.6078431372549019,0.7272727272727273,0.8636363636363636,,7,STRUCTURE_ONLY
208,678,0.3404166666666667,0.3404166666666667,0.16,0.5208333333333334,,,,2,STRUCTURE_ONLY
208,630,0.33482142857142855,0.33482142857142855,0.10714285714285714,0.5625,0.9428090415820635,0.9714045207910318,,3,STRUCTURE_ONLY
208,711,0.32595744680851063,0.32595744680851063,0.12,0.5319148936170213,0.9486832980505138,0.9743416490252569,,4,STRUCTURE_ONLY
208,444,0.31666666666666665,0.31666666666666665,0.13333333333333333,0.5,0.8485281374238569,0.9242640687119285,,6,STRUCTURE_ONLY
208,690,0.31481481481481477,0.31481481481481477,0.18518518518518517,0.4444444444444444,0.9486832980505138,0.9743416490252569,,4,STRUCTURE_ONLY
208,603,0.3144586894586895,0.3144586894586895,0.14814814814814814,0.4807692307692308,0.0,0.5,,3,STRUCTURE_ONLY
208,689,0.3123678646934461,0.3123678646934461,0.13636363636363635,0.4883720930232558,0.7216878364870323,0.8608439182435161,,5,STRUCTURE_ONLY
208,544,0.3109656301145663,0.3109656301145663,0.15384615384615385,0.46808510638297873,0.7071067811865475,0.8535533905932737,,6,STRUCTURE_ONLY
208,112,0.31069669247009146,0.31069669247009146,0.1724137931034483,0.4489795918367347,0.7745966692414834,0.8872983346207417,,3,STRUCTURE_ONLY
209,190,0.475,0.475,0.2,0.75,,,,0,STRUCTURE_ONLY
209,401,0.4666666666666667,0.4666666666666667,0.6666666666666666,0.26666666666666666,0.8451542547285165,0.9225771273642582,,5,STRUCTURE_ONLY
209,252,0.4529411764705883,0.4529411764705883,0.2,0.7058823529411765,,,,2,STRUCTURE_ONLY
209,347,0.43333333333333335,0.43333333333333335,0.2,0.6666666666666666,,,,0,STRUCTURE_ONLY
209,335,0.4157894736842105,0.4157894736842105,0.2,0.631578947368421,,,,1,STRUCTURE_ONLY
209,434,0.3977272727272727,0.3977272727272727,0.25,0.5454545454545454,,,,0,STRUCTURE_ONLY
209,97,0.3857142857142857,0.3857142857142857,0.2,0.5714285714285714,,,,1,STRUCTURE_ONLY
209,694,0.36973180076628354,0.36973180076628354,0.2222222222222222,0.5172413793103449,,,,2,STRUCTURE_ONLY
209,348,0.3625,0.3625,0.125,0.6,,,,0,STRUCTURE_ONLY
209,440,0.3441558441558441,0.3441558441558441,0.14285714285714285,0.5454545454545454,,,,0,STRUCTURE_ONLY
210,504,0.2967032967032967,0.2967032967032967,0.2857142857142857,0.3076923076923077,,,,1,STRUCTURE_ONLY
210,634,0.13636363636363635,0.13636363636363635,0.0,0.2727272727272727,,,,2,STRUCTURE_ONLY
210,300,0.08998988877654196,0.08998988877654196,0.08695652173913043,0.09302325581395349,0.8944271909999159,0.9472135954999579,,5,STRUCTURE_ONLY
210,560,0.057692307692307696,0.057692307692307696,0.0,0.11538461538461539,,,,0,STRUCTURE_ONLY
210,314,0.04411764705882353,0.04411764705882353,0.0,0.08823529411764706,,,,1,STRUCTURE_ONLY
210,166,0.0375,0.0375,0.0,0.075,0.5773502691896258,0.7886751345948129,,3,STRUCTURE_ONLY
210,92,0.03333333333333333,0.03333333333333333,0.0,0.06666666666666667,,,,0,STRUCTURE_ONLY
210,363,0.03333333333333333,0.03333333333333333,0.0,0.06666666666666667,,,,0,STRUCTURE_ONLY
210,430,0.030612244897959183,0.030612244897959183,0.0,0.061224489795918366,,,,2,STRUCTURE_ONLY
210,51,0.023809523809523808,0.023809523809523808,0.0,0.047619047619047616,,,,0,STRUCTURE_ONLY
211,466,0.59375,0.59375,0.5,0.6875,1.0000000000000002,1.0,,3,STRUCTURE_ONLY
211,641,0.5128205128205128,0.5128205128205128,0.46153846153846156,0.5641025641025641,,,,1,STRUCTURE_ONLY
211,112,0.4737678855325914,0.4737678855325914,0.35294117647058826,0.5945945945945946,0.5477225575051661,0.773861278752583,,6,STRUCTURE_ONLY
211,591,0.4666666666666667,0.4666666666666667,0.5,0.43333333333333335,,,,0,STRUCTURE_ONLY
211,158,0.46354166666666663,0.46354166666666663,0.3333333333333333,0.59375,,,,2,STRUCTURE_ONLY
211,689,0.44886363636363635,0.44886363636363635,0.2727272727272727,0.625,,,,2,STRUCTURE_ONLY
211,447,0.4485294117647059,0.4485294117647059,0.25,0.6470588235294118,,,,1,STRUCTURE_ONLY
211,390,0.4413793103448276,0.4413793103448276,0.4,0.4827586206896552,0.2886751345948129,0.6443375672974064,,4,STRUCTURE_ONLY
211,339,0.4392857142857143,0.4392857142857143,0.42857142857142855,0.45,0.8333333333333334,0.9166666666666667,,8,STRUCTURE_ONLY
211,678,0.4184981684981685,0.4184981684981685,0.38461538461538464,0.4523809523809524,,,,1,STRUCTURE_ONLY
212,538,0.23214285714285715,0.23214285714285715,0.25,0.21428571428571427,0.9247443035926348,0.9623721517963174,,19,STRUCTURE_ONLY
212,248,0.20779220779220778,0.20779220779220778,0.14285714285714285,0.2727272727272727,,,,2,STRUCTURE_ONLY
212,325,0.1,0.1,0.0,0.2,0.9489588377885488,0.9744794188942745,,28,STRUCTURE_ONLY
212,393,0.09846153846153846,0.09846153846153846,0.07692307692307693,0.12,0.7302967433402213,0.8651483716701107,,15,STRUCTURE_ONLY
212,156,0.07692307692307693,0.07692307692307693,0.0,0.15384615384615385,0.9601097330974607,0.9800548665487303,,18,STRUCTURE_ONLY
212,250,0.07142857142857142,0.07142857142857142,0.0,0.14285714285714285,0.9341987329938275,0.9670993664969137,,16,STRUCTURE_ONLY
212,445,0.058823529411764705,0.058823529411764705,0.0,0.11764705882352941,0.9219864597038362,0.9609932298519182,,23,STRUCTURE_ONLY
212,529,0.058823529411764705,0.058823529411764705,0.0,0.11764705882352941,0.9597148699373931,0.9798574349686966,,22,STRUCTURE_ONLY
212,437,0.05555555555555555,0.05555555555555555,0.0,0.1111111111111111,0.9434563530497265,0.9717281765248633,,13,STRUCTURE_ONLY
212,356,0.047619047619047616,0.047619047619047616,0.0,0.09523809523809523,0.9999999999999998,0.9999999999999999,,5,STRUCTURE_ONLY
213,327,0.5833333333333334,0.5833333333333334,0.4166666666666667,0.75,0.8944271909999159,0.9472135954999579,,5,STRUCTURE_ONLY
213,317,0.5286585365853658,0.5286585365853658,0.35,0.7073170731707317,,,,2,STRUCTURE_ONLY
213,167,0.4666666666666667,0.4666666666666667,0.4,0.5333333333333333,0.9428090415820634,0.9714045207910317,,9,STRUCTURE_ONLY
213,166,0.45833333333333337,0.45833333333333337,0.26666666666666666,0.65,0.8528028654224419,0.9264014327112209,,11,STRUCTURE_ONLY
213,440,0.43636363636363634,0.43636363636363634,0.2727272727272727,0.6,0.14285714285714285,0.5714285714285714,,7,STRUCTURE_ONLY
213,46,0.421875,0.421875,0.25,0.59375,,,,2,STRUCTURE_ONLY
213,339,0.3814102564102564,0.3814102564102564,0.25,0.5128205128205128,0.8922178162191937,0.9461089081095968,,8,STRUCTURE_ONLY
213,202,0.37884615384615383,0.37884615384615383,0.3076923076923077,0.45,0.9999999999999998,0.9999999999999999,,5,STRUCTURE_ONLY
213,502,0.3597285067873303,0.3597285067873303,0.3076923076923077,0.4117647058823529,0.6546536707079772,0.8273268353539887,,7,STRUCTURE_ONLY
213,583,0.356060606060606,0.356060606060606,0.16666666666666666,0.5454545454545454,0.944911182523068,0.972455591261534,,4,STRUCTURE_ONLY
214,288,0.3091075591075591,0.3091075591075591,0.22077922077922077,0.3974358974358974,0.6499336836196815,0.8249668418098408,,8,STRUCTURE_ONLY
214,65,0.3055830039525692,0.3055830039525692,0.3068181818181818,0.30434782608695654,0.5520524474738833,0.7760262237369416,,85,STRUCTURE_ONLY
214,490,0.28584018801410105,0.28584018801410105,0.2608695652173913,0.3108108108108108,0.7559289460184544,0.8779644730092272,,7,STRUCTURE_ONLY
214,109,0.2791654422568322,0.2791654422568322,0.21686746987951808,0.34146341463414637,0.4114406565333952,0.7057203282666976,,119,STRUCTURE_ONLY
214,331,0.2593283582089552,0.2593283582089552,0.26865671641791045,0.25,0.9999999999999999,1.0,,4,STRUCTURE_ONLY
214,443,0.2536299765807962,0.2536299765807962,0.2786885245901639,0.22857142857142856,0.75955452531275,0.879777262656375,,20,STRUCTURE_ONLY
214,61,0.25275643167390577,0.25275643167390577,0.12195121951219512,0.3835616438356164,0.3726206567625497,0.6863103283812748,,85,STRUCTURE_ONLY
214,295,0.2423796510405718,0.2423796510405718,0.1044776119402985,0.38028169014084506,0.42669905560445126,0.7133495278022256,,122,STRUCTURE_ONLY
214,141,0.24206349206349204,0.24206349206349204,0.2698412698412698,0.21428571428571427,0.644087327036082,0.822043663518041,,60,STRUCTURE_ONLY
214,237,0.23944805194805194,0.23944805194805194,0.2857142857142857,0.19318181818181818,0.7911548052852398,0.89557740264262,,18,STRUCTURE_ONLY
215,37,0.15,0.15,0.16666666666666666,0.13333333333333333,,,,2,STRUCTURE_ONLY
215,470,0.0625,0.0625,0.0,0.125,,,,0,STRUCTURE_ONLY
215,132,0.016666666666666666,0.016666666666666666,0.0,0.03333333333333333,,,,0,STRUCTURE_ONLY
216,625,0.7395833333333333,0.7395833333333333,0.6666666666666666,0.8125,0.5443310539518174,0.7721655269759087,,7,STRUCTURE_ONLY
216,92,0.5125,0.5125,0.4,0.625,-0.8164965809277259,0.09175170953613704,,4,STRUCTURE_ONLY
216,363,0.5125,0.5125,0.4,0.625,0.4999999999999999,0.75,,3,STRUCTURE_ONLY
216,712,0.49428571428571433,0.49428571428571433,0.42857142857142855,0.56,0.9622504486493763,0.9811252243246882,,3,STRUCTURE_ONLY
216,264,0.4323308270676692,0.4323308270676692,0.2857142857142857,0.5789473684210527,0.7715167498104595,0.8857583749052298,,6,STRUCTURE_ONLY
216,306,0.40601503759398494,0.40601503759398494,0.2857142857142857,0.5263157894736842,0.5773502691896258,0.7886751345948129,,3,STRUCTURE_ONLY
216,462,0.40601503759398494,0.40601503759398494,0.2857142857142857,0.5263157894736842,0.6770032003863301,0.8385016001931651,,9,STRUCTURE_ONLY
216,36,0.4027777777777778,0.4027777777777778,0.25,0.5555555555555556,0.4558423058385518,0.727921152919276,,9,STRUCTURE_ONLY
216,282,0.3888888888888889,0.3888888888888889,0.2222222222222222,0.5555555555555556,,,,1,STRUCTURE_ONLY
216,633,0.3846153846153846,0.3846153846153846,0.23076923076923078,0.5384615384615384,0.9561828874675149,0.9780914437337574,,6,STRUCTURE_ONLY
218,513,0.3273982558139535,0.3273982558139535,0.18604651162790697,0.46875,0.9999999999999998,0.9999999999999999,,8,STRUCTURE_ONLY
218,455,0.3265813788201848,0.3265813788201848,0.19047619047619047,0.4626865671641791,0.7071067811865475,0.8535533905932737,,4,STRUCTURE_ONLY
218,630,0.3230769230769231,0.3230769230769231,0.1794871794871795,0.4666666666666667,,,,2,STRUCTURE_ONLY
218,380,0.31165501165501164,0.31165501165501164,0.20512820512820512,0.41818181818181815,1.0000000000000002,1.0,,3,STRUCTURE_ONLY
218,173,0.30999435347261434,0.30999435347261434,0.21739130434782608,0.4025974025974026,0.944911182523068,0.972455591261534,,4,STRUCTURE_ONLY
218,679,0.30192307692307696,0.30192307692307696,0.15384615384615385,0.45,,,,2,STRUCTURE_ONLY
218,309,0.2991638795986622,0.2991638795986622,0.15217391304347827,0.4461538461538462,0.9486832980505138,0.9743416490252569,,5,STRUCTURE_ONLY
218,188,0.29901477832512313,0.29901477832512313,0.15517241379310345,0.44285714285714284,1.0000000000000002,1.0,,6,STRUCTURE_ONLY
218,182,0.2985294117647059,0.2985294117647059,0.2,0.39705882352941174,0.9583727150068314,0.9791863575034156,,8,STRUCTURE_ONLY
218,444,0.29198966408268734,0.29198966408268734,0.13953488372093023,0.4444444444444444,0.5270462766947299,0.763523138347365,,10,STRUCTURE_ONLY
219,161,0.3762553802008608,0.3762553802008608,0.2647058823529412,0.4878048780487805,0.9622504486493763,0.9811252243246882,,3,STRUCTURE_ONLY
219,366,0.3652073732718894,0.3652073732718894,0.21428571428571427,0.5161290322580645,0.363696483726654,0.6818482418633269,,16,STRUCTURE_ONLY
219,188,0.36444805194805197,0.36444805194805197,0.3181818181818182,0.4107142857142857,0.3681050869161552,0.6840525434580775,,17,STRUCTURE_ONLY
219,314,0.36310223266745006,0.36310223266745006,0.3783783783783784,0.34782608695652173,0.4871054822167222,0.7435527411083611,,43,STRUCTURE_ONLY
219,505,0.3568007662835249,0.3568007662835249,0.2413793103448276,0.4722222222222222,0.26424909878161656,0.6321245493908083,,18,STRUCTURE_ONLY
219,544,0.3523969722455845,0.3523969722455845,0.2413793103448276,0.4634146341463415,0.020420925015338272,0.5102104625076691,,44,STRUCTURE_ONLY
219,631,0.3352678571428571,0.3352678571428571,0.15625,0.5142857142857142,0.9999999999999998,0.9999999999999999,,3,STRUCTURE_ONLY
219,88,0.3349875930521092,0.3349875930521092,0.15384615384615385,0.5161290322580645,-0.11986582537134603,0.440067087314327,,27,STRUCTURE_ONLY
219,65,0.33321487799099736,0.33321487799099736,0.2537313432835821,0.4126984126984127,0.264197974633739,0.6320989873168695,,41,STRUCTURE_ONLY
219,244,0.3311599176389842,0.3311599176389842,0.25806451612903225,0.40425531914893614,0.07572824456627532,0.5378641222831376,,32,STRUCTURE_ONLY
220,748,1.0,1.0,1.0,1.0,,,,1,STRUCTURE_ONLY
220,365,0.07142857142857142,0.07142857142857142,0.0,0.14285714285714285,,,,2,STRUCTURE_ONLY
220,169,0.05572755417956656,0.05572755417956656,0.058823529411764705,0.05263157894736842,,,,2,STRUCTURE_ONLY
220,475,0.04,0.04,0.0,0.08,,,,3,STRUCTURE_ONLY
220,29,0.039938556067588324,0.039938556067588324,0.03225806451612903,0.047619047619047616,,,,1,STRUCTURE_ONLY
220,219,0.03225806451612903,0.03225806451612903,0.0,0.06451612903225806,,,,2,STRUCTURE_ONLY
220,265,0.029411764705882353,0.029411764705882353,0.0,0.058823529411764705,,,,1,STRUCTURE_ONLY
220,191,0.028949545078577336,0.028949545078577336,0.03225806451612903,0.02564102564102564,,,,0,STRUCTURE_ONLY
220,214,0.016129032258064516,0.016129032258064516,0.0,0.03225806451612903,,,,1,STRUCTURE_ONLY
220,315,0.012345679012345678,0.012345679012345678,0.0,0.024691358024691357,,,,2,STRUCTURE_ONLY
221,620,0.22142857142857142,0.22142857142857142,0.14285714285714285,0.3,0.5163977794943222,0.7581988897471611,,6,STRUCTURE_ONLY
221,641,0.17402597402597403,0.17402597402597403,0.09090909090909091,0.2571428571428571,0.8606629658238704,0.9303314829119351,,13,STRUCTURE_ONLY
221,76,0.1,0.1,0.0,0.2,0.6454972243679028,0.8227486121839513,,16,STRUCTURE_ONLY
221,649,0.1,0.1,0.0,0.2,,,,8,STRUCTURE_ONLY
221,190,0.045454545454545456,0.045454545454545456,0.0,0.09090909090909091,0.4472135954999579,0.7236067977499789,,4,STRUCTURE_ONLY
221,252,0.043478260869565216,0.043478260869565216,0.0,0.08695652173913043,0.48507125007266594,0.742535625036333,,8,STRUCTURE_ONLY
221,209,0.041666666666666664,0.041666666666666664,0.0,0.08333333333333333,,,,0,STRUCTURE_ONLY
221,347,0.041666666666666664,0.041666666666666664,0.0,0.08333333333333333,0.6396021490668313,0.8198010745334157,,11,STRUCTURE_ONLY
221,335,0.04,0.04,0.0,0.08,0.8366600265340756,0.9183300132670378,,6,STRUCTURE_ONLY
221,348,0.038461538461538464,0.038461538461538464,0.0,0.07692307692307693,,,,2,STRUCTURE_ONLY
222,377,0.5440729483282675,0.5440729483282675,0.42857142857142855,0.6595744680851063,,,,1,STRUCTURE_ONLY
222,69,0.49561952440550694,0.49561952440550694,0.35294117647058826,0.6382978723404256,0.7302967433402214,0.8651483716701107,,10,STRUCTURE_ONLY
222,577,0.493116395494368,0.493116395494368,0.4117647058823529,0.574468085106383,1.0,1.0,,4,STRUCTURE_ONLY
222,57,0.46200607902735563,0.46200607902735563,0.2857142857142857,0.6382978723404256,0.9999999999999998,0.9999999999999999,,5,STRUCTURE_ONLY
222,244,0.4406354515050167,0.4406354515050167,0.30434782608695654,0.5769230769230769,0.9258200997725514,0.9629100498862757,,7,STRUCTURE_ONLY
222,109,0.44060283687943264,0.44060283687943264,0.2978723404255319,0.5833333333333334,0.9525793444156805,0.9762896722078402,,6,STRUCTURE_ONLY
222,114,0.4403846153846154,0.4403846153846154,0.4,0.4807692307692308,0.9525793444156805,0.9762896722078402,,6,STRUCTURE_ONLY
222,179,0.4339130434782609,0.4339130434782609,0.34782608695652173,0.52,0.8451542547285165,0.9225771273642582,,5,STRUCTURE_ONLY
222,458,0.42592592592592593,0.42592592592592593,0.2222222222222222,0.6296296296296297,0.6687338550904235,0.8343669275452117,,11,STRUCTURE_ONLY
222,471,0.4236111111111111,0.4236111111111111,0.2222222222222222,0.625,0.42426406871192845,0.7121320343559643,,7,STRUCTURE_ONLY
223,295,0.46222222222222226,0.46222222222222226,0.28,0.6444444444444445,0.8278373543847156,0.9139186771923578,,23,STRUCTURE_ONLY
223,179,0.45670995670995673,0.45670995670995673,0.3181818181818182,0.5952380952380952,0.6024640760767093,0.8012320380383546,,18,STRUCTURE_ONLY
223,57,0.45426829268292684,0.45426829268292684,0.25,0.6585365853658537,0.8366600265340756,0.9183300132670378,,4,STRUCTURE_ONLY
223,360,0.4461580086580087,0.4461580086580087,0.30303030303030304,0.5892857142857143,0.9622504486493763,0.9811252243246882,,6,STRUCTURE_ONLY
223,126,0.44244186046511624,0.44244186046511624,0.35,0.5348837209302325,0.7423074889580903,0.8711537444790451,,16,STRUCTURE_ONLY
223,244,0.40217391304347827,0.40217391304347827,0.21739130434782608,0.5869565217391305,0.6837634587578276,0.8418817293789138,,13,STRUCTURE_ONLY
223,278,0.4016768292682927,0.4016768292682927,0.4375,0.36585365853658536,0.8441622892989753,0.9220811446494876,,18,STRUCTURE_ONLY
223,471,0.3884615384615384,0.3884615384615384,0.2,0.5769230769230769,-0.33541019662496846,0.33229490168751574,,22,STRUCTURE_ONLY
223,222,0.3881118881118881,0.3881118881118881,0.23076923076923078,0.5454545454545454,0.9432422182837986,0.9716211091418994,,8,STRUCTURE_ONLY
223,70,0.38675213675213677,0.38675213675213677,0.3888888888888889,0.38461538461538464,0.9398009398014098,0.9699004699007049,,29,STRUCTURE_ONLY
224,566,0.4365079365079365,0.4365079365079365,0.42857142857142855,0.4444444444444444,0.5570860145311556,0.7785430072655778,,17,STRUCTURE_ONLY
224,153,0.2708333333333333,0.2708333333333333,0.375,0.16666666666666666,-0.5163977794943223,0.24180111025283885,,7,STRUCTURE_ONLY
224,502,0.26515151515151514,0.26515151515151514,0.36363636363636365,0.16666666666666666,-0.26726124191242434,0.36636937904378786,,6,STRUCTURE_ONLY
224,102,0.25396825396825395,0.25396825396825395,0.2857142857142857,0.2222222222222222,-0.4364357804719848,0.28178210976400764,,6,STRUCTURE_ONLY
224,440,0.25,0.25,0.3333333333333333,0.16666666666666666,0.6917144638660746,0.8458572319330373,,9,STRUCTURE_ONLY
224,348,0.2409090909090909,0.2409090909090909,0.3,0.18181818181818182,,,,1,STRUCTURE_ONLY
224,228,0.20833333333333331,0.20833333333333331,0.25,0.16666666666666666,0.5999999999999999,0.7999999999999999,,5,STRUCTURE_ONLY
224,37,0.19090909090909092,0.19090909090909092,0.18181818181818182,0.2,0.7977240352174656,0.8988620176087327,,5,STRUCTURE_ONLY
224,413,0.19090909090909092,0.19090909090909092,0.18181818181818182,0.2,0.5564866749122019,0.778243337456101,,13,STRUCTURE_ONLY
224,254,0.18803418803418803,0.18803418803418803,0.2222222222222222,0.15384615384615385,0.8164965809277259,0.9082482904638629,,3,STRUCTURE_ONLY
225,167,0.4188034188034188,0.4188034188034188,0.2222222222222222,0.6153846153846154,0.9594032236002469,0.9797016118001234,,5,STRUCTURE_ONLY
225,202,0.40779220779220776,0.40779220779220776,0.2727272727272727,0.5428571428571428,0.9525793444156805,0.9762896722078402,,6,STRUCTURE_ONLY
225,63,0.4002016129032258,0.4002016129032258,0.1875,0.6129032258064516,,,,1,STRUCTURE_ONLY
225,174,0.3808322824716267,0.3808322824716267,0.38461538461538464,0.3770491803278688,1.0,1.0,,6,STRUCTURE_ONLY
225,493,0.3782051282051282,0.3782051282051282,0.3333333333333333,0.4230769230769231,,,,0,STRUCTURE_ONLY
225,327,0.37386363636363634,0.37386363636363634,0.2727272727272727,0.475,0.8838834764831843,0.9419417382415922,,5,STRUCTURE_ONLY
225,705,0.3236842105263158,0.3236842105263158,0.2,0.4473684210526316,1.0,1.0,,4,STRUCTURE_ONLY
225,591,0.3142857142857143,0.3142857142857143,0.2,0.42857142857142855,,,,0,STRUCTURE_ONLY
225,565,0.3096774193548387,0.3096774193548387,0.2,0.41935483870967744,0.8249579113843053,0.9124789556921526,,6,STRUCTURE_ONLY
225,636,0.30753968253968256,0.30753968253968256,0.2222222222222222,0.39285714285714285,0.9486832980505138,0.9743416490252569,,5,STRUCTURE_ONLY
226,486,0.5918803418803419,0.5918803418803419,0.46153846153846156,0.7222222222222222,0.7354355067681901,0.8677177533840951,,14,STRUCTURE_ONLY
226,282,0.5735294117647058,0.5735294117647058,0.5,0.6470588235294118,,,,2,STRUCTURE_ONLY
226,591,0.5429292929292929,0.5429292929292929,0.36363636363636365,0.7222222222222222,0.5773502691896258,0.7886751345948129,,3,STRUCTURE_ONLY
226,63,0.4925925925925926,0.4925925925925926,0.4666666666666667,0.5185185185185185,0.9438798074485389,0.9719399037242695,,5,STRUCTURE_ONLY
226,36,0.4777777777777778,0.4777777777777778,0.4,0.5555555555555556,0.6735753140545634,0.8367876570272816,,19,STRUCTURE_ONLY
226,635,0.46640316205533594,0.46640316205533594,0.45454545454545453,0.4782608695652174,0.7442084075352507,0.8721042037676254,,10,STRUCTURE_ONLY
226,48,0.43452380952380953,0.43452380952380953,0.25,0.6190476190476191,0.0,0.5,,42,STRUCTURE_ONLY
226,479,0.4285714285714286,0.4285714285714286,0.3333333333333333,0.5238095238095238,0.8485281374238569,0.9242640687119285,,5,STRUCTURE_ONLY
226,579,0.42546583850931674,0.42546583850931674,0.2857142857142857,0.5652173913043478,0.7706746355884523,0.8853373177942261,,12,STRUCTURE_ONLY
226,303,0.4198717948717949,0.4198717948717949,0.4166666666666667,0.4230769230769231,0.8660254037844387,0.9330127018922194,,3,STRUCTURE_ONLY
227,37,0.18458781362007168,0.18458781362007168,0.1111111111111111,0.25806451612903225,0.9428090415820635,0.9714045207910318,,3,STRUCTURE_ONLY
227,348,0.17676767676767677,0.17676767676767677,0.1111111111111111,0.24242424242424243,,,,0,STRUCTURE_ONLY
227,152,0.16984126984126985,0.16984126984126985,0.1111111111111111,0.22857142857142856,,,,2,STRUCTURE_ONLY
227,360,0.16738567730802417,0.16738567730802417,0.10526315789473684,0.22950819672131148,0.944911182523068,0.972455591261534,,4,STRUCTURE_ONLY
227,718,0.1638755980861244,0.1638755980861244,0.09090909090909091,0.23684210526315788,,,,0,STRUCTURE_ONLY
227,380,0.15416666666666667,0.15416666666666667,0.08333333333333333,0.225,,,,1,STRUCTURE_ONLY
227,394,0.1519396551724138,0.1519396551724138,0.0625,0.2413793103448276,,,,2,STRUCTURE_ONLY
227,599,0.14793741109530584,0.14793741109530584,0.05263157894736842,0.24324324324324326,0.8682431421244593,0.9341215710622297,,5,STRUCTURE_ONLY
227,309,0.14654088050314465,0.14654088050314465,0.06666666666666667,0.22641509433962265,0.8749999999999998,0.9374999999999999,,5,STRUCTURE_ONLY
227,277,0.14638297872340425,0.14638297872340425,0.08,0.2127659574468085,,,,1,STRUCTURE_ONLY
228,502,0.6320346320346321,0.6320346320346321,0.45454545454545453,0.8095238095238095,,,,1,STRUCTURE_ONLY
228,348,0.5571428571428572,0.5571428571428572,0.4,0.7142857142857143,,,,1,STRUCTURE_ONLY
228,440,0.44166666666666665,0.44166666666666665,0.3,0.5833333333333334,0.0,0.5,,3,STRUCTURE_ONLY
228,380,0.4398148148148148,0.4398148148148148,0.25,0.6296296296296297,0.9999999999999998,0.9999999999999999,,5,STRUCTURE_ONLY
228,252,0.4361111111111111,0.4361111111111111,0.2222222222222222,0.65,0.8333333333333334,0.9166666666666667,,4,STRUCTURE_ONLY
228,74,0.40340909090909094,0.40340909090909094,0.18181818181818182,0.625,,,,1,STRUCTURE_ONLY
228,599,0.4033333333333333,0.4033333333333333,0.16666666666666666,0.64,0.9622504486493764,0.9811252243246882,,6,STRUCTURE_ONLY
228,637,0.4,0.4,0.2,0.6,0.9999999999999998,0.9999999999999999,,5,STRUCTURE_ONLY
228,409,0.38425925925925924,0.38425925925925924,0.25,0.5185185185185185,,,,1,STRUCTURE_ONLY
228,531,0.369047619047619,0.369047619047619,0.16666666666666666,0.5714285714285714,0.8164965809277261,0.9082482904638631,,6,STRUCTURE_ONLY
229,352,0.3666666666666667,0.3666666666666667,0.3333333333333333,0.4,,,,1,STRUCTURE_ONLY
229,265,0.36507936507936506,0.36507936507936506,0.2857142857142857,0.4444444444444444,0.9486832980505138,0.9743416490252569,,5,STRUCTURE_ONLY
229,113,0.3522727272727273,0.3522727272727273,0.25,0.45454545454545453,,,,2,STRUCTURE_ONLY
229,389,0.3522727272727273,0.3522727272727273,0.25,0.45454545454545453,0.9486832980505138,0.9743416490252569,,5,STRUCTURE_ONLY
229,401,0.325,0.325,0.25,0.4,0.8775269089525567,0.9387634544762784,,14,STRUCTURE_ONLY
229,530,0.3035714285714286,0.3035714285714286,0.25,0.35714285714285715,0.9428090415820635,0.9714045207910318,,3,STRUCTURE_ONLY
229,686,0.3035714285714286,0.3035714285714286,0.25,0.35714285714285715,,,,1,STRUCTURE_ONLY
229,570,0.2875,0.2875,0.2,0.375,0.9428090415820635,0.9714045207910318,,3,STRUCTURE_ONLY
229,685,0.2785714285714286,0.2785714285714286,0.2,0.35714285714285715,0.9192388155425117,0.9596194077712559,,8,STRUCTURE_ONLY
229,715,0.26666666666666666,0.26666666666666666,0.2,0.3333333333333333,0.8838834764831843,0.9419417382415922,,5,STRUCTURE_ONLY
230,317,0.44678932178932174,0.44678932178932174,0.3611111111111111,0.5324675324675324,0.9486832980505138,0.9743416490252569,,4,STRUCTURE_ONLY
230,106,0.42391304347826086,0.42391304347826086,0.34782608695652173,0.5,0.8017837257372731,0.9008918628686365,,4,STRUCTURE_ONLY
230,438,0.38648373983739837,0.38648373983739837,0.4146341463414634,0.35833333333333334,0.7826237921249264,0.8913118960624632,,7,STRUCTURE_ONLY
230,188,0.3829941860465116,0.3829941860465116,0.3125,0.45348837209302323,0.29848100289785456,0.6492405014489273,,17,STRUCTURE_ONLY
230,444,0.3528481012658228,0.3528481012658228,0.25,0.45569620253164556,0.291691675598474,0.645845837799237,,31,STRUCTURE_ONLY
230,518,0.3333333333333333,0.3333333333333333,0.3333333333333333,0.3333333333333333,0.8944271909999159,0.9472135954999579,,11,STRUCTURE_ONLY
230,360,0.3178800366300366,0.3178800366300366,0.22916666666666666,0.4065934065934066,0.6666666666666666,0.8333333333333333,,9,STRUCTURE_ONLY
230,213,0.3133116883116883,0.3133116883116883,0.25,0.37662337662337664,0.5222329678670935,0.7611164839335467,,11,STRUCTURE_ONLY
230,327,0.3119066455696202,0.3119066455696202,0.21875,0.4050632911392405,0.2766992952647332,0.6383496476323666,,26,STRUCTURE_ONLY
230,100,0.30596285434995113,0.30596285434995113,0.18181818181818182,0.43010752688172044,0.5000000000000001,0.75,,12,STRUCTURE_ONLY
231,115,0.45833333333333337,0.45833333333333337,0.4166666666666667,0.5,0.5488604301969738,0.774430215098487,,23,STRUCTURE_ONLY
231,283,0.4423076923076923,0.4423076923076923,0.38461538461538464,0.5,0.8593378488473195,0.9296689244236598,,14,STRUCTURE_ONLY
231,465,0.4256410256410257,0.4256410256410257,0.38461538461538464,0.4666666666666667,0.8362420100070908,0.9181210050035453,,17,STRUCTURE_ONLY
231,307,0.412828947368421,0.412828947368421,0.2631578947368421,0.5625,-0.1143323900950059,0.442833804952497,,13,STRUCTURE_ONLY
231,36,0.40384615384615385,0.40384615384615385,0.3076923076923077,0.5,0.37499999999999994,0.6875,,17,STRUCTURE_ONLY
231,610,0.4007936507936508,0.4007936507936508,0.35714285714285715,0.4444444444444444,,,,2,STRUCTURE_ONLY
231,24,0.4,0.4,0.3,0.5,0.6335525936249404,0.8167762968124702,,50,STRUCTURE_ONLY
231,506,0.39880952380952384,0.39880952380952384,0.21428571428571427,0.5833333333333334,0.47140452079103173,0.7357022603955159,,6,STRUCTURE_ONLY
231,282,0.39285714285714285,0.39285714285714285,0.2857142857142857,0.5,,,,1,STRUCTURE_ONLY
231,47,0.3919540229885058,0.3919540229885058,0.26666666666666666,0.5172413793103449,0.6693280212272604,0.8346640106136303,,43,STRUCTURE_ONLY
232,691,0.16761363636363635,0.16761363636363635,0.0625,0.2727272727272727,,,,0,STRUCTURE_ONLY
232,413,0.15625,0.15625,0.0,0.3125,,,,0,STRUCTURE_ONLY
232,40,0.15333333333333332,0.15333333333333332,0.06666666666666667,0.24,,,,0,STRUCTURE_ONLY
232,433,0.1517379679144385,0.1517379679144385,0.06818181818181818,0.23529411764705882,,,,0,STRUCTURE_ONLY
232,145,0.1468253968253968,0.1468253968253968,0.05555555555555555,0.23809523809523808,,,,0,STRUCTURE_ONLY
232,365,0.14536340852130325,0.14536340852130325,0.05263157894736842,0.23809523809523808,,,,0,STRUCTURE_ONLY
232,475,0.14166666666666666,0.14166666666666666,0.05,0.23333333333333334,,,,0,STRUCTURE_ONLY
232,644,0.1369047619047619,0.1369047619047619,0.03571428571428571,0.23809523809523808,,,,0,STRUCTURE_ONLY
232,371,0.13541666666666669,0.13541666666666669,0.0625,0.20833333333333334,,,,0,STRUCTURE_ONLY
232,422,0.1328600405679513,0.1328600405679513,0.058823529411764705,0.20689655172413793,,,,0,STRUCTURE_ONLY
234,577,0.49910714285714286,0.49910714285714286,0.3125,0.6857142857142857,0.8616404368553293,0.9308202184276646,,9,STRUCTURE_ONLY
234,398,0.4833333333333334,0.4833333333333334,0.2916666666666667,0.675,0.7745966692414834,0.8872983346207417,,5,STRUCTURE_ONLY
234,110,0.45686274509803926,0.45686274509803926,0.26666666666666666,0.6470588235294118,0.9486832980505138,0.9743416490252569,,5,STRUCTURE_ONLY
234,179,0.4184149184149184,0.4184149184149184,0.2727272727272727,0.5641025641025641,0.5330017908890261,0.766500895444513,,21,STRUCTURE_ONLY
234,377,0.4011363636363636,0.4011363636363636,0.22727272727272727,0.575,0.6837634587578276,0.8418817293789138,,5,STRUCTURE_ONLY
234,69,0.4,0.4,0.25,0.55,0.48507125007266594,0.742535625036333,,21,STRUCTURE_ONLY
234,222,0.37961538461538463,0.37961538461538463,0.24,0.5192307692307693,0.9561828874675149,0.9780914437337574,,7,STRUCTURE_ONLY
234,471,0.37845138055222083,0.37845138055222083,0.20588235294117646,0.5510204081632653,0.19364916731037085,0.5968245836551854,,18,STRUCTURE_ONLY
234,441,0.37763157894736843,0.37763157894736843,0.15,0.6052631578947368,0.8164965809277261,0.9082482904638631,,15,STRUCTURE_ONLY
234,583,0.3651785714285714,0.3651785714285714,0.1875,0.5428571428571428,0.857142857142857,0.9285714285714285,,4,STRUCTURE_ONLY
235,753,1.0,1.0,1.0,1.0,1.0,1.0,,4,STRUCTURE_ONLY
235,650,0.65,0.65,0.5,0.8,-1.0000000000000002,0.0,,3,STRUCTURE_ONLY
235,382,0.5,0.5,0.2,0.8,0.40451991747794525,0.7022599587389726,,13,STRUCTURE_ONLY
235,381,0.48333333333333334,0.48333333333333334,0.16666666666666666,0.8,0.0,0.5,,11,STRUCTURE_ONLY
235,429,0.23717948717948717,0.23717948717948717,0.16666666666666666,0.3076923076923077,0.6120563724821229,0.8060281862410614,,26,STRUCTURE_ONLY
235,262,0.21000000000000002,0.21000000000000002,0.1,0.32,0.253546276418555,0.6267731382092775,,13,STRUCTURE_ONLY
235,367,0.21000000000000002,0.21000000000000002,0.1,0.32,0.0,0.5,,10,STRUCTURE_ONLY
235,99,0.20833333333333331,0.20833333333333331,0.08333333333333333,0.3333333333333333,0.0,0.5,,12,STRUCTURE_ONLY
235,548,0.17045454545454547,0.17045454545454547,0.25,0.09090909090909091,0.8593378488473195,0.9296689244236598,,14,STRUCTURE_ONLY
235,458,0.1600609756097561,0.1600609756097561,0.125,0.1951219512195122,0.4472135954999579,0.7236067977499789,,18,STRUCTURE_ONLY
237,331,0.594028826355525,0.594028826355525,0.6774193548387096,0.5106382978723404,,,,1,STRUCTURE_ONLY
237,141,0.5892857142857143,0.5892857142857143,0.6785714285714286,0.5,0.8928571428571428,0.9464285714285714,,16,STRUCTURE_ONLY
237,443,0.5777777777777777,0.5777777777777777,0.6666666666666666,0.4888888888888889,0.9561828874675149,0.9780914437337574,,7,STRUCTURE_ONLY
237,140,0.5145348837209303,0.5145348837209303,0.75,0.27906976744186046,0.7385489458759964,0.8692744729379982,,16,STRUCTURE_ONLY
237,55,0.49636363636363634,0.49636363636363634,0.72,0.2727272727272727,,,,1,STRUCTURE_ONLY
237,354,0.4856887298747764,0.4856887298747764,0.6923076923076923,0.27906976744186046,,,,2,STRUCTURE_ONLY
237,561,0.4825174825174825,0.4825174825174825,0.6923076923076923,0.2727272727272727,,,,2,STRUCTURE_ONLY
237,503,0.4588178294573644,0.4588178294573644,0.7083333333333334,0.20930232558139536,-0.19611613513818402,0.401941932430908,,13,STRUCTURE_ONLY
237,117,0.4458333333333333,0.4458333333333333,0.6,0.2916666666666667,1.0000000000000002,1.0,,6,STRUCTURE_ONLY
237,31,0.44000000000000006,0.44000000000000006,0.68,0.2,0.8164965809277259,0.9082482904638629,,5,STRUCTURE_ONLY
239,410,0.7285714285714285,0.7285714285714285,0.6,0.8571428571428571,0.26352313834736496,0.6317615691736824,,17,STRUCTURE_ONLY
239,590,0.6888888888888889,0.6888888888888889,0.6,0.7777777777777778,1.0,1.0,,4,STRUCTURE_ONLY
239,492,0.6529411764705882,0.6529411764705882,0.6,0.7058823529411765,0.9506541513652698,0.9753270756826349,,11,STRUCTURE_ONLY
239,530,0.5714285714285714,0.5714285714285714,0.5,0.6428571428571429,0.8981462390204985,0.9490731195102493,,10,STRUCTURE_ONLY
239,686,0.5714285714285714,0.5714285714285714,0.5,0.6428571428571429,0.9486832980505138,0.9743416490252569,,5,STRUCTURE_ONLY
239,127,0.5657894736842105,0.5657894736842105,0.5,0.631578947368421,0.5017452060042545,0.7508726030021273,,10,STRUCTURE_ONLY
239,685,0.5214285714285715,0.5214285714285715,0.4,0.6428571428571429,0.6040095911547237,0.8020047955773619,,24,STRUCTURE_ONLY
239,487,0.5192307692307692,0.5192307692307692,0.5,0.5384615384615384,0.9574271077563381,0.978713553878169,,12,STRUCTURE_ONLY
239,715,0.5,0.5,0.4,0.6,0.9428090415820632,0.9714045207910316,,9,STRUCTURE_ONLY
239,344,0.48245614035087714,0.48245614035087714,0.3333333333333333,0.631578947368421,1.0,1.0,,4,STRUCTURE_ONLY
240,698,0.34411764705882353,0.34411764705882353,0.5,0.18823529411764706,,,,0,STRUCTURE_ONLY
240,526,0.3142857142857143,0.3142857142857143,0.3333333333333333,0.29523809523809524,0.9999999999999998,0.9999999999999999,,5,STRUCTURE_ONLY
240,36,0.3055555555555555,0.3055555555555555,0.4444444444444444,0.16666666666666666,0.9999999999999998,0.9999999999999999,,5,STRUCTURE_ONLY
240,636,0.3033033033033033,0.3033033033033033,0.4444444444444444,0.16216216216216217,1.0,1.0,,4,STRUCTURE_ONLY
240,429,0.2976190476190476,0.2976190476190476,0.42857142857142855,0.16666666666666666,0.3872983346207417,0.6936491673103709,,7,STRUCTURE_ONLY
240,678,0.2916666666666667,0.2916666666666667,0.4166666666666667,0.16666666666666666,,,,1,STRUCTURE_ONLY
240,307,0.29075630252100837,0.29075630252100837,0.42857142857142855,0.15294117647058825,0.5773502691896257,0.7886751345948129,,6,STRUCTURE_ONLY
240,465,0.28974358974358977,0.28974358974358977,0.4,0.1794871794871795,0.8164965809277261,0.9082482904638631,,4,STRUCTURE_ONLY
240,280,0.28664658634538154,0.28664658634538154,0.4166666666666667,0.1566265060240964,0.9622504486493763,0.9811252243246882,,3,STRUCTURE_ONLY
240,585,0.2823529411764706,0.2823529411764706,0.4,0.16470588235294117,,,,0,STRUCTURE_ONLY
241,578,0.38847117794486213,0.38847117794486213,0.2857142857142857,0.49122807017543857,0.6201288055137115,0.8100644027568558,,102,STRUCTURE_ONLY
241,244,0.35102513227513227,0.35102513227513227,0.4074074074074074,0.29464285714285715,0.6382233974115361,0.819111698705768,,35,STRUCTURE_ONLY
241,513,0.3398550724637681,0.3398550724637681,0.36666666666666664,0.3130434782608696,0.8236577760362478,0.9118288880181239,,36,STRUCTURE_ONLY
241,50,0.32959326788218796,0.32959326788218796,0.3548387096774194,0.30434782608695654,0.9428090415820635,0.9714045207910318,,9,STRUCTURE_ONLY
241,696,0.32555946693487553,0.32555946693487553,0.24390243902439024,0.4072164948453608,0.7142857142857142,0.8571428571428571,,7,STRUCTURE_ONLY
241,534,0.31998646514775547,0.31998646514775547,0.2903225806451613,0.34965034965034963,0.7462025072446364,0.8731012536223182,,20,STRUCTURE_ONLY
241,638,0.3082788671023965,0.3082788671023965,0.2647058823529412,0.35185185185185186,0.8183170883849714,0.9091585441924857,,12,STRUCTURE_ONLY
241,690,0.3047142857142857,0.3047142857142857,0.32142857142857145,0.288,0.6999423939430371,0.8499711969715186,,19,STRUCTURE_ONLY
241,137,0.2978494623655914,0.2978494623655914,0.3,0.2956989247311828,0.8246255574147096,0.9123127787073548,,44,STRUCTURE_ONLY
241,101,0.2934272300469484,0.2934272300469484,0.3333333333333333,0.2535211267605634,0.7335352126344666,0.8667676063172334,,32,STRUCTURE_ONLY
242,436,0.4126984126984127,0.4126984126984127,0.4444444444444444,0.38095238095238093,,,,0,STRUCTURE_ONLY
242,27,0.40371621621621623,0.40371621621621623,0.375,0.43243243243243246,,,,2,STRUCTURE_ONLY
242,509,0.39545454545454545,0.39545454545454545,0.3,0.4909090909090909,0.9525793444156805,0.9762896722078402,,6,STRUCTURE_ONLY
242,702,0.3879598662207358,0.3879598662207358,0.38461538461538464,0.391304347826087,0.944911182523068,0.972455591261534,,4,STRUCTURE_ONLY
242,327,0.387123745819398,0.387123745819398,0.23076923076923078,0.5434782608695652,0.7905694150420948,0.8952847075210474,,8,STRUCTURE_ONLY
242,681,0.3854166666666667,0.3854166666666667,0.25,0.5208333333333334,,,,1,STRUCTURE_ONLY
242,321,0.38181818181818183,0.38181818181818183,0.36363636363636365,0.4,,,,2,STRUCTURE_ONLY
242,135,0.37943262411347517,0.37943262411347517,0.3333333333333333,0.425531914893617,1.0,1.0,,4,STRUCTURE_ONLY
242,86,0.35641025641025637,0.35641025641025637,0.2,0.5128205128205128,,,,2,STRUCTURE_ONLY
242,554,0.3404761904761905,0.3404761904761905,0.3,0.38095238095238093,0.4472135954999579,0.7236067977499789,,5,STRUCTURE_ONLY
243,255,0.5953917050691244,0.5953917050691244,0.41935483870967744,0.7714285714285715,0.6201736729460423,0.8100868364730212,,15,STRUCTURE_ONLY
243,136,0.47018485390578413,0.47018485390578413,0.358974358974359,0.5813953488372093,0.8111071056538125,0.9055535528269063,,10,STRUCTURE_ONLY
243,173,0.42567567567567566,0.42567567567567566,0.21621621621621623,0.6351351351351351,0.6943650748294136,0.8471825374147068,,12,STRUCTURE_ONLY
243,315,0.41093911248710013,0.41093911248710013,0.27450980392156865,0.5473684210526316,0.8359173188630293,0.9179586594315147,,19,STRUCTURE_ONLY
243,509,0.37995100040832996,0.37995100040832996,0.3548387096774194,0.4050632911392405,0.882522608121828,0.941261304060914,,10,STRUCTURE_ONLY
243,698,0.36280137772675086,0.36280137772675086,0.3076923076923077,0.417910447761194,0.7216878364870323,0.8608439182435161,,6,STRUCTURE_ONLY
243,514,0.35098314606741576,0.35098314606741576,0.275,0.42696629213483145,,,,2,STRUCTURE_ONLY
243,50,0.34729166666666667,0.34729166666666667,0.28125,0.41333333333333333,0.9428090415820635,0.9714045207910318,,3,STRUCTURE_ONLY
243,679,0.34243697478991597,0.34243697478991597,0.21428571428571427,0.47058823529411764,1.0000000000000002,1.0,,3,STRUCTURE_ONLY
243,266,0.3245760534429599,0.3245760534429599,0.26785714285714285,0.381294964028777,0.7930905553545756,0.8965452776772878,,16,STRUCTURE_ONLY
244,57,0.75,0.75,0.6428571428571429,0.8571428571428571,0.8845379626717033,0.9422689813358516,,12,STRUCTURE_ONLY
244,50,0.6615667074663403,0.6615667074663403,0.5789473684210527,0.7441860465116279,0.8366600265340756,0.9183300132670378,,4,STRUCTURE_ONLY
244,161,0.5238095238095238,0.5238095238095238,0.5,0.5476190476190477,,,,2,STRUCTURE_ONLY
244,544,0.5185758513931888,0.5185758513931888,0.35294117647058826,0.6842105263157895,0.3853373177942262,0.6926686588971132,,25,STRUCTURE_ONLY
244,339,0.5183823529411764,0.5183823529411764,0.4117647058823529,0.625,0.6405126152203486,0.8202563076101743,,15,STRUCTURE_ONLY
244,513,0.5165631469979296,0.5165631469979296,0.38095238095238093,0.6521739130434783,0.7855844048495726,0.8927922024247863,,16,STRUCTURE_ONLY
244,583,0.5065934065934066,0.5065934065934066,0.38461538461538464,0.6285714285714286,0.9428090415820635,0.9714045207910318,,3,STRUCTURE_ONLY
244,444,0.5045454545454545,0.5045454545454545,0.35,0.6590909090909091,0.766825781116149,0.8834128905580745,,20,STRUCTURE_ONLY
244,603,0.48849104859335035,0.48849104859335035,0.4117647058823529,0.5652173913043478,0.5477225575051661,0.773861278752583,,6,STRUCTURE_ONLY
244,24,0.4875,0.4875,0.5,0.475,0.48349377841522817,0.7417468892076141,,40,STRUCTURE_ONLY
245,287,0.15,0.15,0.16666666666666666,0.13333333333333333,0.2357022603955158,0.617851130197758,,9,STRUCTURE_ONLY
245,350,0.12681159420289856,0.12681159420289856,0.16666666666666666,0.08695652173913043,0.20412414523193154,0.6020620726159658,,10,STRUCTURE_ONLY
245,78,0.09107142857142857,0.09107142857142857,0.125,0.05714285714285714,0.40016336533252056,0.7000816826662603,,10,STRUCTURE_ONLY
245,258,0.03333333333333333,0.03333333333333333,0.0,0.06666666666666667,0.3849001794597505,0.6924500897298753,,9,STRUCTURE_ONLY
245,581,0.029411764705882353,0.029411764705882353,0.0,0.058823529411764705,0.0,0.5,,6,STRUCTURE_ONLY
245,379,0.02857142857142857,0.02857142857142857,0.0,0.05714285714285714,0.08606629658238703,0.5430331482911935,,9,STRUCTURE_ONLY
245,355,0.025,0.025,0.0,0.05,0.2182178902359924,0.6091089451179962,,6,STRUCTURE_ONLY
245,23,0.02459016393442623,0.02459016393442623,0.0,0.04918032786885246,0.14285714285714285,0.5714285714285714,,7,STRUCTURE_ONLY
245,339,0.023255813953488372,0.023255813953488372,0.0,0.046511627906976744,0.7474093186836597,0.8737046593418298,,8,STRUCTURE_ONLY
245,433,0.023255813953488372,0.023255813953488372,0.0,0.046511627906976744,0.26726124191242434,0.6336306209562121,,8,STRUCTURE_ONLY
246,445,0.51,0.51,0.5,0.52,0.9214064786997642,0.9607032393498821,,23,STRUCTURE_ONLY
246,58,0.45614035087719296,0.45614035087719296,0.3333333333333333,0.5789473684210527,0.9409133214428221,0.9704566607214111,,31,STRUCTURE_ONLY
246,538,0.41666666666666663,0.41666666666666663,0.3333333333333333,0.5,0.9191450300180578,0.9595725150090288,,25,STRUCTURE_ONLY
246,713,0.22916666666666666,0.22916666666666666,0.125,0.3333333333333333,0.9558174284463214,0.9779087142231607,,16,STRUCTURE_ONLY
246,152,0.19618055555555555,0.19618055555555555,0.1111111111111111,0.28125,0.8574929257125441,0.928746462856272,,5,STRUCTURE_ONLY
246,427,0.190625,0.190625,0.1,0.28125,0.926829268292683,0.9634146341463414,,17,STRUCTURE_ONLY
246,299,0.1875,0.1875,0.125,0.25,0.49999999999999994,0.75,,24,STRUCTURE_ONLY
246,689,0.18412162162162163,0.18412162162162163,0.125,0.24324324324324326,0.9116071895198007,0.9558035947599004,,16,STRUCTURE_ONLY
246,45,0.175,0.175,0.1,0.25,0.0659380473395787,0.5329690236697894,,16,STRUCTURE_ONLY
246,158,0.175,0.175,0.1,0.25,0.9594032236002469,0.9797016118001234,,7,STRUCTURE_ONLY
247,130,0.42592592592592593,0.42592592592592593,0.3333333333333333,0.5185185185185185,0.9438798074485389,0.9719399037242695,,5,STRUCTURE_ONLY
247,35,0.41369047619047616,0.41369047619047616,0.2857142857142857,0.5416666666666666,,,,2,STRUCTURE_ONLY
247,336,0.40783410138248843,0.40783410138248843,0.42857142857142855,0.3870967741935484,,,,0,STRUCTURE_ONLY
247,126,0.40714285714285714,0.40714285714285714,0.21428571428571427,0.6,0.35714285714285715,0.6785714285714286,,11,STRUCTURE_ONLY
247,418,0.40285714285714286,0.40285714285714286,0.2857142857142857,0.52,0.8164965809277261,0.9082482904638631,,6,STRUCTURE_ONLY
247,129,0.39285714285714285,0.39285714285714285,0.2857142857142857,0.5,,,,1,STRUCTURE_ONLY
247,579,0.37710437710437705,0.37710437710437705,0.2727272727272727,0.48148148148148145,0.8749999999999998,0.9374999999999999,,5,STRUCTURE_ONLY
247,223,0.3685897435897436,0.3685897435897436,0.25,0.48717948717948717,1.0,1.0,,6,STRUCTURE_ONLY
247,631,0.3653846153846154,0.3653846153846154,0.23076923076923078,0.5,,,,1,STRUCTURE_ONLY
247,70,0.3595317725752508,0.3595317725752508,0.15384615384615385,0.5652173913043478,0.7426106572325057,0.8713053286162529,,15,STRUCTURE_ONLY
248,323,0.22474747474747475,0.22474747474747475,0.2222222222222222,0.22727272727272727,0.8386278693775346,0.9193139346887673,,4,STRUCTURE_ONLY
248,325,0.2159090909090909,0.2159090909090909,0.18181818181818182,0.25,0.917662935482247,0.9588314677411235,,10,STRUCTURE_ONLY
248,212,0.20779220779220778,0.20779220779220778,0.14285714285714285,0.2727272727272727,,,,2,STRUCTURE_ONLY
248,75,0.14521739130434783,0.14521739130434783,0.16,0.13043478260869565,,,,1,STRUCTURE_ONLY
248,156,0.1346749226006192,0.1346749226006192,0.058823529411764705,0.21052631578947367,0.9428090415820632,0.9714045207910316,,3,STRUCTURE_ONLY
248,445,0.1324110671936759,0.1324110671936759,0.09090909090909091,0.17391304347826086,0.8504200642707612,0.9252100321353807,,5,STRUCTURE_ONLY
248,538,0.11818181818181818,0.11818181818181818,0.1,0.13636363636363635,0.9166666666666669,0.9583333333333335,,6,STRUCTURE_ONLY
248,510,0.11524822695035461,0.11524822695035461,0.16666666666666666,0.06382978723404255,,,,1,STRUCTURE_ONLY
248,393,0.10696095076400679,0.10696095076400679,0.05263157894736842,0.16129032258064516,0.8528028654224418,0.9264014327112209,,7,STRUCTURE_ONLY
248,250,0.1,0.1,0.0,0.2,,,,2,STRUCTURE_ONLY
249,53,0.7867132867132867,0.7867132867132867,0.7272727272727273,0.8461538461538461,0.8944271909999159,0.9472135954999579,,5,STRUCTURE_ONLY
249,446,0.6680952380952381,0.6680952380952381,0.6428571428571429,0.6933333333333334,0.9128709291752769,0.9564354645876385,,6,STRUCTURE_ONLY
249,154,0.5065982404692082,0.5065982404692082,0.5454545454545454,0.46774193548387094,0.8660254037844387,0.9330127018922194,,4,STRUCTURE_ONLY
249,23,0.4761072261072261,0.4761072261072261,0.34615384615384615,0.6060606060606061,0.8451542547285165,0.9225771273642582,,7,STRUCTURE_ONLY
249,50,0.4444444444444444,0.4444444444444444,0.5416666666666666,0.3472222222222222,,,,1,STRUCTURE_ONLY
249,375,0.43552631578947365,0.43552631578947365,0.45,0.42105263157894735,0.8164965809277259,0.9082482904638629,,10,STRUCTURE_ONLY
249,188,0.4336466165413534,0.4336466165413534,0.4857142857142857,0.3815789473684211,0.882522608121828,0.941261304060914,,9,STRUCTURE_ONLY
249,52,0.39163372859025036,0.39163372859025036,0.43478260869565216,0.3484848484848485,0.8164965809277259,0.9082482904638629,,5,STRUCTURE_ONLY
249,161,0.39122596153846156,0.39122596153846156,0.4230769230769231,0.359375,,,,2,STRUCTURE_ONLY
249,455,0.3717070600632244,0.3717070600632244,0.34615384615384615,0.3972602739726027,1.0,1.0,,7,STRUCTURE_ONLY
250,156,0.29444444444444445,0.29444444444444445,0.2,0.3888888888888889,0.722897396012249,0.8614486980061244,,22,STRUCTURE_ONLY
250,445,0.2590909090909091,0.2590909090909091,0.2,0.3181818181818182,0.8666666666666667,0.9333333333333333,,18,STRUCTURE_ONLY
250,325,0.18872549019607843,0.18872549019607843,0.08333333333333333,0.29411764705882354,0.8056292332943619,0.9028146166471809,,26,STRUCTURE_ONLY
250,85,0.1778846153846154,0.1778846153846154,0.125,0.23076923076923078,0.9467292624062573,0.9733646312031287,,15,STRUCTURE_ONLY
250,476,0.1778846153846154,0.1778846153846154,0.125,0.23076923076923078,0.7396002616336389,0.8698001308168195,,7,STRUCTURE_ONLY
250,529,0.16376811594202897,0.16376811594202897,0.06666666666666667,0.2608695652173913,0.8983415518941831,0.9491707759470915,,24,STRUCTURE_ONLY
250,400,0.15966386554621848,0.15966386554621848,0.14285714285714285,0.17647058823529413,0.9050966799187808,0.9525483399593904,,17,STRUCTURE_ONLY
250,356,0.15656565656565657,0.15656565656565657,0.09090909090909091,0.2222222222222222,0.9525793444156805,0.9762896722078402,,6,STRUCTURE_ONLY
250,208,0.15627906976744185,0.15627906976744185,0.08,0.23255813953488372,0.8451542547285165,0.9225771273642582,,4,STRUCTURE_ONLY
250,224,0.14957264957264957,0.14957264957264957,0.07692307692307693,0.2222222222222222,0.7029594915666377,0.8514797457833189,,13,STRUCTURE_ONLY
252,356,0.5166666666666666,0.5166666666666666,0.3333333333333333,0.7,0.9467292624062573,0.9733646312031287,,6,STRUCTURE_ONLY
252,190,0.5,0.5,0.2,0.8,-0.0668153104781061,0.46659234476094696,,7,STRUCTURE_ONLY
252,440,0.4916666666666667,0.4916666666666667,0.3333333333333333,0.65,0.710046946804693,0.8550234734023465,,10,STRUCTURE_ONLY
252,209,0.4529411764705883,0.4529411764705883,0.2,0.7058823529411765,,,,2,STRUCTURE_ONLY
252,347,0.4529411764705883,0.4529411764705883,0.2,0.7058823529411765,0.6350852961085883,0.8175426480542942,,8,STRUCTURE_ONLY
252,228,0.4361111111111111,0.4361111111111111,0.2222222222222222,0.65,0.8333333333333334,0.9166666666666667,,4,STRUCTURE_ONLY
252,502,0.4361111111111111,0.4361111111111111,0.2222222222222222,0.65,0.7745966692414834,0.8872983346207417,,8,STRUCTURE_ONLY
252,335,0.43333333333333335,0.43333333333333335,0.2,0.6666666666666666,0.8190283593479223,0.9095141796739612,,9,STRUCTURE_ONLY
252,348,0.4236111111111111,0.4236111111111111,0.125,0.7222222222222222,,,,0,STRUCTURE_ONLY
252,434,0.4107142857142857,0.4107142857142857,0.25,0.5714285714285714,,,,1,STRUCTURE_ONLY
254,102,0.41666666666666663,0.41666666666666663,0.5,0.3333333333333333,0.0,0.5,,3,STRUCTURE_ONLY
254,81,0.29166666666666663,0.29166666666666663,0.25,0.3333333333333333,0.7559289460184544,0.8779644730092272,,7,STRUCTURE_ONLY
254,311,0.2471590909090909,0.2471590909090909,0.18181818181818182,0.3125,,,,0,STRUCTURE_ONLY
254,613,0.2111111111111111,0.2111111111111111,0.2,0.2222222222222222,,,,1,STRUCTURE_ONLY
254,413,0.20192307692307693,0.20192307692307693,0.25,0.15384615384615385,,,,1,STRUCTURE_ONLY
254,224,0.18803418803418803,0.18803418803418803,0.2222222222222222,0.15384615384615385,0.8164965809277259,0.9082482904638629,,3,STRUCTURE_ONLY
254,371,0.17261904761904762,0.17261904761904762,0.25,0.09523809523809523,0.5773502691896258,0.7886751345948129,,3,STRUCTURE_ONLY
254,449,0.17142857142857143,0.17142857142857143,0.2,0.14285714285714285,,,,0,STRUCTURE_ONLY
254,675,0.17142857142857143,0.17142857142857143,0.2,0.14285714285714285,,,,1,STRUCTURE_ONLY
254,228,0.16818181818181818,0.16818181818181818,0.2,0.13636363636363635,,,,1,STRUCTURE_ONLY
255,243,0.5953917050691244,0.5953917050691244,0.41935483870967744,0.7714285714285715,0.6201736729460423,0.8100868364730212,,15,STRUCTURE_ONLY
255,173,0.5098557692307693,0.5098557692307693,0.28125,0.7384615384615385,0.8409632877462002,0.9204816438731,,21,STRUCTURE_ONLY
255,136,0.47228874444064317,0.47228874444064317,0.32432432432432434,0.620253164556962,0.8438530156892917,0.9219265078446459,,14,STRUCTURE_ONLY
255,315,0.44778674492540965,0.44778674492540965,0.2978723404255319,0.5977011494252874,0.6774193548387097,0.8387096774193549,,28,STRUCTURE_ONLY
255,50,0.4057734204793028,0.4057734204793028,0.37037037037037035,0.4411764705882353,,,,2,STRUCTURE_ONLY
255,698,0.40217391304347827,0.40217391304347827,0.30434782608695654,0.5,0.944911182523068,0.972455591261534,,5,STRUCTURE_ONLY
255,200,0.39888337468982626,0.39888337468982626,0.34615384615384615,0.45161290322580644,0.894427190999916,0.947213595499958,,9,STRUCTURE_ONLY
255,630,0.39583333333333337,0.39583333333333337,0.2916666666666667,0.5,1.0,1.0,,4,STRUCTURE_ONLY
255,679,0.39166666666666666,0.39166666666666666,0.25,0.5333333333333333,0.7142857142857142,0.8571428571428571,,7,STRUCTURE_ONLY
255,188,0.39128919860627176,0.39128919860627176,0.2682926829268293,0.5142857142857142,0.5659164584181103,0.7829582292090551,,9,STRUCTURE_ONLY
256,533,0.6611721611721612,0.6611721611721612,0.47619047619047616,0.8461538461538461,0.7905694150420948,0.8952847075210474,,11,STRUCTURE_ONLY
256,126,0.6,0.6,0.5,0.7,0.8067793113007157,0.9033896556503578,,28,STRUCTURE_ONLY
256,472,0.5805555555555556,0.5805555555555556,0.55,0.6111111111111112,0.5345224838248488,0.7672612419124244,,19,STRUCTURE_ONLY
256,586,0.5703703703703704,0.5703703703703704,0.4,0.7407407407407407,0.9473729613780999,0.97368648068905,,8,STRUCTURE_ONLY
256,482,0.512263099219621,0.512263099219621,0.43478260869565216,0.5897435897435898,0.6234292001593574,0.8117146000796787,,45,STRUCTURE_ONLY
256,511,0.5,0.5,0.3333333333333333,0.6666666666666666,0.7035264706814485,0.8517632353407243,,37,STRUCTURE_ONLY
256,295,0.4877734877734878,0.4877734877734878,0.38095238095238093,0.5945945945945946,0.8202924943750566,0.9101462471875283,,41,STRUCTURE_ONLY
256,496,0.48615384615384616,0.48615384615384616,0.28,0.6923076923076923,0.3988620176087328,0.6994310088043664,,14,STRUCTURE_ONLY
256,103,0.4695652173913043,0.4695652173913043,0.2,0.7391304347826086,0.5135525910130955,0.7567762955065478,,27,STRUCTURE_ONLY
256,47,0.4464285714285714,0.4464285714285714,0.35714285714285715,0.5357142857142857,0.7261081981828944,0.8630540990914473,,34,STRUCTURE_ONLY
258,433,0.4938080495356037,0.4938080495356037,0.6052631578947368,0.38235294117647056,0.48685382607753996,0.74342691303877,,51,STRUCTURE_ONLY
258,503,0.3493589743589744,0.3493589743589744,0.6153846153846154,0.08333333333333333,0.20998026278290402,0.604990131391452,,43,STRUCTURE_ONLY
258,31,0.3347578347578347,0.3347578347578347,0.5925925925925926,0.07692307692307693,0.6546536707079772,0.8273268353539887,,13,STRUCTURE_ONLY
258,140,0.3333333333333333,0.3333333333333333,0.5925925925925926,0.07407407407407407,0.576923076923077,0.7884615384615385,,51,STRUCTURE_ONLY
258,581,0.3287037037037037,0.3287037037037037,0.25,0.4074074074074074,0.8869685939836239,0.943484296991812,,14,STRUCTURE_ONLY
258,55,0.3214285714285714,0.3214285714285714,0.5714285714285714,0.07142857142857142,0.7745966692414834,0.8872983346207417,,5,STRUCTURE_ONLY
258,559,0.3214285714285714,0.3214285714285714,0.5714285714285714,0.07142857142857142,0.8164965809277261,0.9082482904638631,,6,STRUCTURE_ONLY
258,269,0.3128991060025543,0.3128991060025543,0.5517241379310345,0.07407407407407407,0.8944271909999159,0.9472135954999579,,5,STRUCTURE_ONLY
258,354,0.3128991060025543,0.3128991060025543,0.5517241379310345,0.07407407407407407,1.0000000000000002,1.0,,3,STRUCTURE_ONLY
258,561,0.31157635467980294,0.31157635467980294,0.5517241379310345,0.07142857142857142,,,,2,STRUCTURE_ONLY
259,360,0.5275032938076416,0.5275032938076416,0.4318181818181818,0.6231884057971014,0.808290376865476,0.9041451884327381,,6,STRUCTURE_ONLY
259,513,0.4102272727272727,0.4102272727272727,0.275,0.5454545454545454,0.9438798074485389,0.9719399037242695,,5,STRUCTURE_ONLY
259,163,0.3945099818511797,0.3945099818511797,0.27586206896551724,0.5131578947368421,0.753778361444409,0.8768891807222046,,5,STRUCTURE_ONLY
259,169,0.3888059701492537,0.3888059701492537,0.3,0.47761194029850745,0.7108186533109108,0.8554093266554554,,16,STRUCTURE_ONLY
259,471,0.38265306122448983,0.38265306122448983,0.2653061224489796,0.5,-0.19245008972987526,0.40377495513506234,,9,STRUCTURE_ONLY
259,50,0.3767934002869441,0.3767934002869441,0.2682926829268293,0.4852941176470588,0.9428090415820635,0.9714045207910318,,3,STRUCTURE_ONLY
259,223,0.375,0.375,0.25,0.5,0.9525793444156805,0.9762896722078402,,6,STRUCTURE_ONLY
259,244,0.3700404858299595,0.3700404858299595,0.2631578947368421,0.47692307692307695,0.9486832980505138,0.9743416490252569,,6,STRUCTURE_ONLY
259,188,0.3685619581845997,0.3685619581845997,0.2641509433962264,0.47297297297297297,0.6708203932499369,0.8354101966249685,,4,STRUCTURE_ONLY
259,114,0.36752326096588395,0.36752326096588395,0.24324324324324326,0.4918032786885246,0.8999999999999998,0.95,,11,STRUCTURE_ONLY
260,465,0.40476190476190477,0.40476190476190477,0.2857142857142857,0.5238095238095238,0.9594032236002469,0.9797016118001234,,10,STRUCTURE_ONLY
260,185,0.32916666666666666,0.32916666666666666,0.2,0.4583333333333333,,,,2,STRUCTURE_ONLY
260,508,0.2892156862745098,0.2892156862745098,0.16666666666666666,0.4117647058823529,0.9428090415820635,0.9714045207910318,,3,STRUCTURE_ONLY
260,698,0.27424242424242423,0.27424242424242423,0.18181818181818182,0.36666666666666664,0.9999999999999998,0.9999999999999999,,5,STRUCTURE_ONLY
260,486,0.21666666666666665,0.21666666666666665,0.08333333333333333,0.35,0.9561828874675149,0.9780914437337574,,7,STRUCTURE_ONLY
260,36,0.20300751879699247,0.20300751879699247,0.14285714285714285,0.2631578947368421,0.5345224838248487,0.7672612419124243,,7,STRUCTURE_ONLY
260,598,0.20300751879699247,0.20300751879699247,0.14285714285714285,0.2631578947368421,,,,0,STRUCTURE_ONLY
260,264,0.20238095238095238,0.20238095238095238,0.16666666666666666,0.23809523809523808,0.944911182523068,0.972455591261534,,8,STRUCTURE_ONLY
260,127,0.20186335403726707,0.20186335403726707,0.14285714285714285,0.2608695652173913,0.7559289460184544,0.8779644730092272,,7,STRUCTURE_ONLY
260,625,0.19642857142857142,0.19642857142857142,0.14285714285714285,0.25,1.0000000000000002,1.0,,3,STRUCTURE_ONLY
262,381,0.4777777777777778,0.4777777777777778,0.5555555555555556,0.4,0.6301260378126043,0.8150630189063022,,53,STRUCTURE_ONLY
262,382,0.4222222222222222,0.4222222222222222,0.4444444444444444,0.4,0.408248290463863,0.7041241452319316,,41,STRUCTURE_ONLY
262,99,0.41428571428571426,0.41428571428571426,0.42857142857142855,0.4,0.536774032210737,0.7683870161053685,,70,STRUCTURE_ONLY
262,718,0.3210227272727273,0.3210227272727273,0.1875,0.45454545454545453,,,,2,STRUCTURE_ONLY
262,721,0.3205882352941176,0.3205882352941176,0.2,0.4411764705882353,0.5163977794943222,0.7581988897471611,,11,STRUCTURE_ONLY
262,135,0.29464285714285715,0.29464285714285715,0.21428571428571427,0.375,0.47140452079103173,0.7357022603955159,,3,STRUCTURE_ONLY
262,713,0.2768817204301075,0.2768817204301075,0.16666666666666666,0.3870967741935484,0.23320381162846934,0.6166019058142347,,17,STRUCTURE_ONLY
262,367,0.2756756756756757,0.2756756756756757,0.2,0.35135135135135137,0.4575396819442366,0.7287698409721183,,38,STRUCTURE_ONLY
262,568,0.26879699248120303,0.26879699248120303,0.14285714285714285,0.39473684210526316,0.1889822365046136,0.5944911182523068,,4,STRUCTURE_ONLY
262,679,0.2642045454545454,0.2642045454545454,0.1875,0.3409090909090909,0.28284271247461895,0.6414213562373094,,5,STRUCTURE_ONLY
263,555,1.0,1.0,1.0,1.0,,,,1,STRUCTURE_ONLY
263,153,0.775,0.775,0.75,0.8,0.8164965809277261,0.9082482904638631,,3,STRUCTURE_ONLY
263,180,0.35,0.35,0.5,0.2,,,,0,STRUCTURE_ONLY
263,338,0.3333333333333333,0.3333333333333333,0.5,0.16666666666666666,,,,0,STRUCTURE_ONLY
263,566,0.3214285714285714,0.3214285714285714,0.5,0.14285714285714285,1.0000000000000002,1.0,,3,STRUCTURE_ONLY
263,176,0.29545454545454547,0.29545454545454547,0.5,0.09090909090909091,,,,2,STRUCTURE_ONLY
263,207,0.2833333333333333,0.2833333333333333,0.4,0.16666666666666666,,,,0,STRUCTURE_ONLY
263,193,0.2625,0.2625,0.4,0.125,0.3779644730092272,0.6889822365046137,,4,STRUCTURE_ONLY
263,545,0.25555555555555554,0.25555555555555554,0.4,0.1111111111111111,,,,1,STRUCTURE_ONLY
263,318,0.2222222222222222,0.2222222222222222,0.3333333333333333,0.1111111111111111,1.0000000000000002,1.0,,3,STRUCTURE_ONLY
264,625,0.59375,0.59375,0.5,0.6875,0.9486832980505138,0.9743416490252569,,10,STRUCTURE_ONLY
264,36,0.5625,0.5625,0.5,0.625,0.7071067811865475,0.8535533905932737,,10,STRUCTURE_ONLY
264,636,0.5277777777777778,0.5277777777777778,0.5,0.5555555555555556,1.0,1.0,,4,STRUCTURE_ONLY
264,282,0.5267857142857143,0.5267857142857143,0.42857142857142855,0.625,,,,1,STRUCTURE_ONLY
264,618,0.5084033613445378,0.5084033613445378,0.42857142857142855,0.5882352941176471,0.9428090415820635,0.9714045207910318,,6,STRUCTURE_ONLY
264,428,0.4921052631578947,0.4921052631578947,0.3,0.6842105263157895,1.0,1.0,,4,STRUCTURE_ONLY
264,508,0.47916666666666663,0.47916666666666663,0.3333333333333333,0.625,0.9434563530497265,0.9717281765248633,,7,STRUCTURE_ONLY
264,396,0.47744360902255634,0.47744360902255634,0.42857142857142855,0.5263157894736842,1.0000000000000002,1.0,,3,STRUCTURE_ONLY
264,591,0.47744360902255634,0.47744360902255634,0.42857142857142855,0.5263157894736842,,,,0,STRUCTURE_ONLY
264,306,0.4607843137254902,0.4607843137254902,0.3333333333333333,0.5882352941176471,0.9999999999999998,0.9999999999999999,,5,STRUCTURE_ONLY
265,719,0.5672268907563025,0.5672268907563025,0.42857142857142855,0.7058823529411765,0.9245003270420487,0.9622501635210243,,7,STRUCTURE_ONLY
265,570,0.5178571428571428,0.5178571428571428,0.2857142857142857,0.75,0.9258200997725514,0.9629100498862757,,7,STRUCTURE_ONLY
265,558,0.47916666666666663,0.47916666666666663,0.3333333333333333,0.625,0.7905694150420948,0.8952847075210474,,8,STRUCTURE_ONLY
265,694,0.45,0.45,0.4,0.5,0.9128709291752769,0.9564354645876385,,6,STRUCTURE_ONLY
265,530,0.44791666666666663,0.44791666666666663,0.3333333333333333,0.5625,0.8504200642707612,0.9252100321353807,,11,STRUCTURE_ONLY
265,686,0.44791666666666663,0.44791666666666663,0.3333333333333333,0.5625,0.9999999999999998,0.9999999999999999,,5,STRUCTURE_ONLY
265,685,0.42410714285714285,0.42410714285714285,0.2857142857142857,0.5625,0.8492077756084468,0.9246038878042234,,36,STRUCTURE_ONLY
265,198,0.4236111111111111,0.4236111111111111,0.2222222222222222,0.625,0.7302967433402214,0.8651483716701107,,9,STRUCTURE_ONLY
265,465,0.41666666666666663,0.41666666666666663,0.3333333333333333,0.5,0.819891591749923,0.9099457958749615,,13,STRUCTURE_ONLY
265,654,0.40909090909090906,0.40909090909090906,0.2727272727272727,0.5454545454545454,0.40824829046386296,0.7041241452319315,,4,STRUCTURE_ONLY
266,255,0.3700410396716826,0.3700410396716826,0.3137254901960784,0.4263565891472868,0.8457800632220621,0.9228900316110311,,21,STRUCTURE_ONLY
266,243,0.3245760534429599,0.3245760534429599,0.26785714285714285,0.381294964028777,0.7930905553545756,0.8965452776772878,,16,STRUCTURE_ONLY
266,136,0.30919540229885056,0.30919540229885056,0.26666666666666666,0.35172413793103446,0.8990229253768994,0.9495114626884498,,17,STRUCTURE_ONLY
266,315,0.28780709736123744,0.28780709736123744,0.2571428571428571,0.3184713375796178,0.897381812634432,0.948690906317216,,29,STRUCTURE_ONLY
266,188,0.28635050553683195,0.28635050553683195,0.27419354838709675,0.29850746268656714,0.8300573566392896,0.9150286783196449,,13,STRUCTURE_ONLY
266,173,0.28209728867623607,0.28209728867623607,0.19298245614035087,0.3712121212121212,0.8846783746414657,0.9423391873207329,,26,STRUCTURE_ONLY
266,514,0.25887540082455335,0.25887540082455335,0.2542372881355932,0.2635135135135135,,,,2,STRUCTURE_ONLY
266,200,0.2543399525415262,0.2543399525415262,0.21568627450980393,0.2929936305732484,0.8624886920341298,0.931244346017065,,19,STRUCTURE_ONLY
266,461,0.24248633879781423,0.24248633879781423,0.25,0.23497267759562843,0.9128709291752769,0.9564354645876385,,12,STRUCTURE_ONLY
266,360,0.23799353498037407,0.23799353498037407,0.22950819672131148,0.24647887323943662,0.827170191868511,0.9135850959342555,,7,STRUCTURE_ONLY
267,317,0.45,0.45,0.36,0.54,0.944911182523068,0.972455591261534,,4,STRUCTURE_ONLY
267,244,0.4479797979797979,0.4479797979797979,0.3181818181818182,0.5777777777777777,0.9525793444156805,0.9762896722078402,,6,STRUCTURE_ONLY
267,444,0.4394079555966698,0.4394079555966698,0.30434782608695654,0.574468085106383,0.8451542547285165,0.9225771273642582,,7,STRUCTURE_ONLY
267,415,0.4337606837606838,0.4337606837606838,0.2777777777777778,0.5897435897435898,0.8888888888888888,0.9444444444444444,,6,STRUCTURE_ONLY
267,518,0.4189814814814815,0.4189814814814815,0.375,0.46296296296296297,,,,1,STRUCTURE_ONLY
267,50,0.4101255886970172,0.4101255886970172,0.2692307692307692,0.5510204081632653,,,,2,STRUCTURE_ONLY
267,678,0.40789473684210525,0.40789473684210525,0.3157894736842105,0.5,0.9622504486493763,0.9811252243246882,,3,STRUCTURE_ONLY
267,698,0.4058139534883721,0.4058139534883721,0.3,0.5116279069767442,0.9428090415820635,0.9714045207910318,,3,STRUCTURE_ONLY
267,426,0.4,0.4,0.3,0.5,0.6363636363636364,0.8181818181818181,,11,STRUCTURE_ONLY
267,674,0.3996983408748115,0.3996983408748115,0.23529411764705882,0.5641025641025641,,,,2,STRUCTURE_ONLY
268,543,1.0,1.0,1.0,1.0,0.8164965809277259,0.9082482904638629,,3,STRUCTURE_ONLY
268,701,1.0,1.0,1.0,1.0,0.9428090415820635,0.9714045207910318,,3,STRUCTURE_ONLY
268,754,1.0,1.0,1.0,1.0,,,,1,STRUCTURE_ONLY
268,746,0.75,0.75,0.5,1.0,,,,0,STRUCTURE_ONLY
268,727,0.6875,0.6875,0.5,0.875,,,,0,STRUCTURE_ONLY
268,530,0.6388888888888888,0.6388888888888888,0.5,0.7777777777777778,0.9486832980505138,0.9743416490252569,,6,STRUCTURE_ONLY
268,686,0.6388888888888888,0.6388888888888888,0.5,0.7777777777777778,,,,2,STRUCTURE_ONLY
268,176,0.6041666666666666,0.6041666666666666,0.3333333333333333,0.875,0.8660254037844387,0.9330127018922194,,4,STRUCTURE_ONLY
268,92,0.6,0.6,0.5,0.7,,,,2,STRUCTURE_ONLY
268,363,0.6,0.6,0.5,0.7,0.9622504486493763,0.9811252243246882,,3,STRUCTURE_ONLY
269,503,0.8,0.8,0.85,0.75,0.4472135954999579,0.7236067977499789,,5,STRUCTURE_ONLY
269,31,0.7893772893772895,0.7893772893772895,0.8095238095238095,0.7692307692307693,0.7071067811865475,0.8535533905932737,,4,STRUCTURE_ONLY
269,354,0.7523809523809524,0.7523809523809524,0.9047619047619048,0.6,0.9428090415820635,0.9714045207910318,,3,STRUCTURE_ONLY
269,140,0.7047619047619047,0.7047619047619047,0.8095238095238095,0.6,0.8660254037844387,0.9330127018922194,,8,STRUCTURE_ONLY
269,55,0.6676136363636364,0.6676136363636364,0.7727272727272727,0.5625,,,,0,STRUCTURE_ONLY
269,561,0.6508152173913043,0.6508152173913043,0.7391304347826086,0.5625,,,,1,STRUCTURE_ONLY
269,141,0.5958333333333333,0.5958333333333333,0.7916666666666666,0.4,0.9438798074485389,0.9719399037242695,,7,STRUCTURE_ONLY
269,557,0.5930451127819549,0.5930451127819549,0.6071428571428571,0.5789473684210527,0.0,0.5,,5,STRUCTURE_ONLY
269,443,0.546474358974359,0.546474358974359,0.7083333333333334,0.38461538461538464,,,,2,STRUCTURE_ONLY
269,117,0.5193602693602694,0.5193602693602694,0.6296296296296297,0.4090909090909091,0.9486832980505138,0.9743416490252569,,5,STRUCTURE_ONLY
271,49,1.0,1.0,1.0,1.0,0.7999999999999998,0.8999999999999999,,6,STRUCTURE_ONLY
271,474,0.6388888888888888,0.6388888888888888,0.5,0.7777777777777778,0.7745966692414834,0.8872983346207417,,7,STRUCTURE_ONLY
271,659,0.6388888888888888,0.6388888888888888,0.5,0.7777777777777778,0.31622776601683794,0.658113883008419,,8,STRUCTURE_ONLY
271,67,0.5166666666666666,0.5166666666666666,0.3333333333333333,0.7,0.7627700713964737,0.8813850356982369,,7,STRUCTURE_ONLY
271,395,0.5,0.5,0.5,0.5,0.8164965809277261,0.9082482904638631,,6,STRUCTURE_ONLY
271,408,0.4431818181818182,0.4431818181818182,0.25,0.6363636363636364,0.0,0.5,,5,STRUCTURE_ONLY
271,500,0.42500000000000004,0.42500000000000004,0.4,0.45,0.8944271909999159,0.9472135954999579,,10,STRUCTURE_ONLY
271,439,0.40350877192982454,0.40350877192982454,0.3333333333333333,0.47368421052631576,0.8164965809277259,0.9082482904638629,,3,STRUCTURE_ONLY
271,411,0.34375,0.34375,0.25,0.4375,0.8333333333333334,0.9166666666666667,,6,STRUCTURE_ONLY
271,434,0.3333333333333333,0.3333333333333333,0.3333333333333333,0.3333333333333333,,,,1,STRUCTURE_ONLY
274,656,0.75,0.75,0.5,1.0,,,,0,STRUCTURE_ONLY
274,387,0.7,0.7,0.4,1.0,,,,0,STRUCTURE_ONLY
274,278,0.4722222222222222,0.4722222222222222,0.5,0.4444444444444444,0.4767312946227962,0.7383656473113981,,10,STRUCTURE_ONLY
274,70,0.45,0.45,0.4,0.5,0.7777777777777778,0.8888888888888888,,7,STRUCTURE_ONLY
274,175,0.40476190476190477,0.40476190476190477,0.14285714285714285,0.6666666666666666,0.7071067811865475,0.8535533905932737,,4,STRUCTURE_ONLY
274,624,0.3643724696356275,0.3643724696356275,0.3076923076923077,0.42105263157894735,,,,2,STRUCTURE_ONLY
274,44,0.35,0.35,0.5,0.2,0.7071067811865475,0.8535533905932737,,3,STRUCTURE_ONLY
274,115,0.3382352941176471,0.3382352941176471,0.5,0.17647058823529413,0.5773502691896258,0.7886751345948129,,8,STRUCTURE_ONLY
274,488,0.3333333333333333,0.3333333333333333,0.2222222222222222,0.4444444444444444,0.6324555320336759,0.816227766016838,,11,STRUCTURE_ONLY
274,162,0.3246753246753247,0.3246753246753247,0.36363636363636365,0.2857142857142857,0.9999999999999998,0.9999999999999999,,5,STRUCTURE_ONLY
276,499,0.5296052631578947,0.5296052631578947,0.375,0.6842105263157895,0.9545454545454546,0.9772727272727273,,17,STRUCTURE_ONLY
276,312,0.47665056360708535,0.47665056360708535,0.43478260869565216,0.5185185185185185,0.9373849950855591,0.9686924975427795,,14,STRUCTURE_ONLY
276,158,0.4365325077399381,0.4365325077399381,0.29411764705882354,0.5789473684210527,0.9438798074485389,0.9719399037242695,,5,STRUCTURE_ONLY
276,407,0.40980392156862744,0.40980392156862744,0.35294117647058826,0.4666666666666667,0.900032872509462,0.950016436254731,,23,STRUCTURE_ONLY
276,513,0.39583333333333337,0.39583333333333337,0.2916666666666667,0.5,0.9051336018343649,0.9525668009171824,,15,STRUCTURE_ONLY
276,154,0.3857539315448658,0.3857539315448658,0.2608695652173913,0.5106382978723404,0.9486832980505138,0.9743416490252569,,5,STRUCTURE_ONLY
276,630,0.3850050658561297,0.3850050658561297,0.23809523809523808,0.5319148936170213,1.0,1.0,,4,STRUCTURE_ONLY
276,112,0.3768939393939394,0.3768939393939394,0.20833333333333334,0.5454545454545454,0.2342460684935891,0.6171230342467946,,17,STRUCTURE_ONLY
276,52,0.35511363636363635,0.35511363636363635,0.2727272727272727,0.4375,0.9438798074485389,0.9719399037242695,,12,STRUCTURE_ONLY
276,568,0.34974747474747475,0.34974747474747475,0.2222222222222222,0.4772727272727273,1.0,1.0,,4,STRUCTURE_ONLY
277,409,0.3301282051282051,0.3301282051282051,0.25,0.41025641025641024,,,,0,STRUCTURE_ONLY
277,97,0.3214285714285714,0.3214285714285714,0.14285714285714285,0.5,0.5773502691896258,0.7886751345948129,,6,STRUCTURE_ONLY
277,502,0.3203497615262321,0.3203497615262321,0.23529411764705882,0.40540540540540543,,,,1,STRUCTURE_ONLY
277,228,0.3055555555555555,0.3055555555555555,0.16666666666666666,0.4444444444444444,,,,0,STRUCTURE_ONLY
277,380,0.2931818181818182,0.2931818181818182,0.13636363636363635,0.45,,,,0,STRUCTURE_ONLY
277,213,0.2706855791962175,0.2706855791962175,0.2222222222222222,0.3191489361702128,,,,0,STRUCTURE_ONLY
277,46,0.26395173453996984,0.26395173453996984,0.11764705882352941,0.41025641025641024,,,,0,STRUCTURE_ONLY
277,252,0.2626050420168067,0.2626050420168067,0.14285714285714285,0.38235294117647056,,,,2,STRUCTURE_ONLY
277,16,0.2625,0.2625,0.125,0.4,,,,0,STRUCTURE_ONLY
277,182,0.26223544973544977,0.26223544973544977,0.18518518518518517,0.3392857142857143,0.0,0.5,,3,STRUCTURE_ONLY
278,70,0.7129186602870814,0.7129186602870814,0.6363636363636364,0.7894736842105263,0.480754414848157,0.7403772074240785,,87,STRUCTURE_ONLY
278,274,0.4722222222222222,0.4722222222222222,0.5,0.4444444444444444,0.4767312946227962,0.7383656473113981,,10,STRUCTURE_ONLY
278,387,0.4097222222222222,0.4097222222222222,0.375,0.4444444444444444,,,,2,STRUCTURE_ONLY
278,126,0.4086021505376344,0.4086021505376344,0.3333333333333333,0.4838709677419355,0.5004732608726313,0.7502366304363157,,68,STRUCTURE_ONLY
278,223,0.4016768292682927,0.4016768292682927,0.4375,0.36585365853658536,0.8441622892989753,0.9220811446494876,,18,STRUCTURE_ONLY
278,376,0.375,0.375,0.3333333333333333,0.4166666666666667,0.8997354108424374,0.9498677054212187,,11,STRUCTURE_ONLY
278,247,0.35090909090909095,0.35090909090909095,0.18181818181818182,0.52,0.41602514716892186,0.7080125735844609,,10,STRUCTURE_ONLY
278,656,0.3472222222222222,0.3472222222222222,0.25,0.4444444444444444,,,,2,STRUCTURE_ONLY
278,488,0.3423076923076923,0.3423076923076923,0.3,0.38461538461538464,0.592999453328881,0.7964997266644405,,78,STRUCTURE_ONLY
278,624,0.33793103448275863,0.33793103448275863,0.4,0.27586206896551724,,,,2,STRUCTURE_ONLY
279,746,0.5,0.5,0.5,0.5,,,,0,STRUCTURE_ONLY
279,685,0.41875,0.41875,0.4,0.4375,0.6379617782631201,0.81898088913156,,24,STRUCTURE_ONLY
279,417,0.4,0.4,0.25,0.55,0.0,0.5,,5,STRUCTURE_ONLY
279,268,0.375,0.375,0.25,0.5,0.5669467095138409,0.7834733547569204,,5,STRUCTURE_ONLY
279,543,0.375,0.375,0.25,0.5,0.8164965809277259,0.9082482904638629,,10,STRUCTURE_ONLY
279,701,0.375,0.375,0.25,0.5,,,,1,STRUCTURE_ONLY
279,754,0.375,0.375,0.25,0.5,,,,2,STRUCTURE_ONLY
279,27,0.37280701754385964,0.37280701754385964,0.16666666666666666,0.5789473684210527,,,,0,STRUCTURE_ONLY
279,436,0.37202380952380953,0.37202380952380953,0.2857142857142857,0.4583333333333333,,,,0,STRUCTURE_ONLY
279,527,0.3631578947368421,0.3631578947368421,0.2,0.5263157894736842,,,,1,STRUCTURE_ONLY
280,679,0.5363247863247864,0.5363247863247864,0.46153846153846156,0.6111111111111112,0.9486832980505138,0.9743416490252569,,4,STRUCTURE_ONLY
280,36,0.5277777777777778,0.5277777777777778,0.5555555555555556,0.5,0.7606388292556648,0.8803194146278324,,9,STRUCTURE_ONLY
280,333,0.5264423076923077,0.5264423076923077,0.4375,0.6153846153846154,0.9707253433941511,0.9853626716970756,,4,STRUCTURE_ONLY
280,375,0.519893899204244,0.519893899204244,0.38461538461538464,0.6551724137931034,0.8608284620211167,0.9304142310105583,,12,STRUCTURE_ONLY
280,721,0.519893899204244,0.519893899204244,0.38461538461538464,0.6551724137931034,0.8642416214502248,0.9321208107251124,,7,STRUCTURE_ONLY
280,52,0.5110294117647058,0.5110294117647058,0.375,0.6470588235294118,0.8606629658238704,0.9303314829119351,,6,STRUCTURE_ONLY
280,154,0.5025337837837838,0.5025337837837838,0.4375,0.5675675675675675,,,,1,STRUCTURE_ONLY
280,282,0.5,0.5,0.5,0.5,,,,0,STRUCTURE_ONLY
280,39,0.49376114081996436,0.49376114081996436,0.4117647058823529,0.5757575757575758,0.8660254037844387,0.9330127018922194,,4,STRUCTURE_ONLY
280,50,0.48412698412698413,0.48412698412698413,0.4444444444444444,0.5238095238095238,,,,2,STRUCTURE_ONLY
281,355,0.6477272727272727,0.6477272727272727,0.75,0.5454545454545454,0.9428090415820635,0.9714045207910318,,6,STRUCTURE_ONLY
281,285,0.5058823529411764,0.5058823529411764,0.6,0.4117647058823529,,,,1,STRUCTURE_ONLY
281,621,0.5,0.5,0.42857142857142855,0.5714285714285714,,,,2,STRUCTURE_ONLY
281,670,0.3522727272727273,0.3522727272727273,0.25,0.45454545454545453,,,,1,STRUCTURE_ONLY
281,105,0.3482142857142857,0.3482142857142857,0.375,0.32142857142857145,0.9486832980505138,0.9743416490252569,,5,STRUCTURE_ONLY
281,609,0.3125,0.3125,0.25,0.375,0.9456108576893003,0.9728054288446502,,9,STRUCTURE_ONLY
281,326,0.2879310344827586,0.2879310344827586,0.3,0.27586206896551724,0.5222329678670935,0.7611164839335467,,11,STRUCTURE_ONLY
281,184,0.2833333333333333,0.2833333333333333,0.3,0.26666666666666666,0.9622504486493764,0.9811252243246882,,6,STRUCTURE_ONLY
281,383,0.2632850241545894,0.2632850241545894,0.2222222222222222,0.30434782608695654,1.0,1.0,,4,STRUCTURE_ONLY
281,87,0.25510204081632654,0.25510204081632654,0.2857142857142857,0.22448979591836735,0.9999999999999998,0.9999999999999999,,5,STRUCTURE_ONLY
282,198,0.7023809523809523,0.7023809523809523,0.5714285714285714,0.8333333333333334,,,,2,STRUCTURE_ONLY
282,479,0.6875,0.6875,0.625,0.75,,,,0,STRUCTURE_ONLY
282,306,0.6758241758241759,0.6758241758241759,0.42857142857142855,0.9230769230769231,,,,0,STRUCTURE_ONLY
282,591,0.65,0.65,0.5,0.8,,,,0,STRUCTURE_ONLY
282,36,0.6428571428571428,0.6428571428571428,0.5714285714285714,0.7142857142857143,,,,1,STRUCTURE_ONLY
282,506,0.6160714285714286,0.6160714285714286,0.375,0.8571428571428571,,,,0,STRUCTURE_ONLY
282,648,0.6160714285714286,0.6160714285714286,0.375,0.8571428571428571,,,,0,STRUCTURE_ONLY
282,558,0.5833333333333334,0.5833333333333334,0.3333333333333333,0.8333333333333334,,,,1,STRUCTURE_ONLY
282,226,0.5735294117647058,0.5735294117647058,0.5,0.6470588235294118,,,,2,STRUCTURE_ONLY
282,89,0.5625,0.5625,0.375,0.75,,,,0,STRUCTURE_ONLY
283,115,0.5798319327731092,0.5798319327731092,0.5714285714285714,0.5882352941176471,0.5345224838248488,0.7672612419124244,,16,STRUCTURE_ONLY
283,44,0.5669642857142857,0.5669642857142857,0.5714285714285714,0.5625,0.8164965809277261,0.9082482904638631,,4,STRUCTURE_ONLY
283,558,0.5,0.5,0.3333333333333333,0.6666666666666666,0.4999999999999999,0.75,,9,STRUCTURE_ONLY
283,179,0.4729064039408867,0.4729064039408867,0.42857142857142855,0.5172413793103449,0.8451542547285166,0.9225771273642582,,12,STRUCTURE_ONLY
283,610,0.4722222222222222,0.4722222222222222,0.4444444444444444,0.5,,,,2,STRUCTURE_ONLY
283,198,0.4444444444444444,0.4444444444444444,0.2222222222222222,0.6666666666666666,0.45643546458763834,0.7282177322938191,,11,STRUCTURE_ONLY
283,231,0.4423076923076923,0.4423076923076923,0.38461538461538464,0.5,0.8593378488473195,0.9296689244236598,,14,STRUCTURE_ONLY
283,704,0.42063492063492064,0.42063492063492064,0.2857142857142857,0.5555555555555556,0.9486832980505138,0.9743416490252569,,4,STRUCTURE_ONLY
283,126,0.40897435897435896,0.40897435897435896,0.38461538461538464,0.43333333333333335,0.6350852961085883,0.8175426480542942,,16,STRUCTURE_ONLY
283,306,0.4027777777777778,0.4027777777777778,0.25,0.5555555555555556,0.9428090415820635,0.9714045207910318,,3,STRUCTURE_ONLY
285,355,0.6057692307692308,0.6057692307692308,0.75,0.46153846153846156,0.8660254037844387,0.9330127018922194,,6,STRUCTURE_ONLY
285,383,0.5296052631578947,0.5296052631578947,0.375,0.6842105263157895,,,,1,STRUCTURE_ONLY
285,621,0.5142857142857142,0.5142857142857142,0.42857142857142855,0.6,1.0,1.0,,4,STRUCTURE_ONLY
285,281,0.5058823529411764,0.5058823529411764,0.6,0.4117647058823529,,,,1,STRUCTURE_ONLY
285,326,0.4722222222222222,0.4722222222222222,0.4444444444444444,0.5,-0.5773502691896258,0.21132486540518708,,3,STRUCTURE_ONLY
285,184,0.4629629629629629,0.4629629629629629,0.4444444444444444,0.48148148148148145,,,,1,STRUCTURE_ONLY
285,268,0.3942307692307692,0.3942307692307692,0.25,0.5384615384615384,,,,2,STRUCTURE_ONLY
285,543,0.3942307692307692,0.3942307692307692,0.25,0.5384615384615384,,,,1,STRUCTURE_ONLY
285,701,0.3942307692307692,0.3942307692307692,0.25,0.5384615384615384,,,,0,STRUCTURE_ONLY
285,754,0.3942307692307692,0.3942307692307692,0.25,0.5384615384615384,,,,1,STRUCTURE_ONLY
286,513,0.3627075351213282,0.3627075351213282,0.20689655172413793,0.5185185185185185,0.7462025072446365,0.8731012536223183,,18,STRUCTURE_ONLY
286,182,0.3348214285714286,0.3348214285714286,0.1875,0.48214285714285715,0.8359369757117194,0.9179684878558597,,27,STRUCTURE_ONLY
286,309,0.3289170506912442,0.3289170506912442,0.1935483870967742,0.4642857142857143,0.8583950752789522,0.9291975376394761,,17,STRUCTURE_ONLY
286,316,0.3001373626373627,0.3001373626373627,0.15384615384615385,0.44642857142857145,0.6592685147442634,0.8296342573721317,,14,STRUCTURE_ONLY
286,380,0.2914653784219001,0.2914653784219001,0.14814814814814814,0.43478260869565216,0.9707253433941511,0.9853626716970756,,4,STRUCTURE_ONLY
286,218,0.28844905905256324,0.28844905905256324,0.17391304347826086,0.40298507462686567,0.944911182523068,0.972455591261534,,7,STRUCTURE_ONLY
286,91,0.2815614617940199,0.2815614617940199,0.21428571428571427,0.3488372093023256,0.8082238591204871,0.9041119295602436,,16,STRUCTURE_ONLY
286,208,0.28035714285714286,0.28035714285714286,0.11428571428571428,0.44642857142857145,0.8999999999999998,0.95,,4,STRUCTURE_ONLY
286,50,0.2730263157894737,0.2730263157894737,0.125,0.42105263157894735,0.9428090415820635,0.9714045207910318,,3,STRUCTURE_ONLY
286,713,0.27045454545454545,0.27045454545454545,0.2,0.3409090909090909,0.9339475705392295,0.9669737852696147,,10,STRUCTURE_ONLY
287,78,0.29545454545454547,0.29545454545454547,0.5,0.09090909090909091,0.9477582044145477,0.9738791022072739,,19,STRUCTURE_ONLY
287,350,0.26666666666666666,0.26666666666666666,0.3333333333333333,0.2,0.8498365855987976,0.9249182927993989,,18,STRUCTURE_ONLY
287,245,0.15,0.15,0.16666666666666666,0.13333333333333333,0.2357022603955158,0.617851130197758,,9,STRUCTURE_ONLY
287,339,0.03333333333333333,0.03333333333333333,0.0,0.06666666666666667,0.892217816219194,0.946108908109597,,16,STRUCTURE_ONLY
287,154,0.029411764705882353,0.029411764705882353,0.0,0.058823529411764705,1.0,1.0,,4,STRUCTURE_ONLY
287,455,0.022222222222222223,0.022222222222222223,0.0,0.044444444444444446,0.8660254037844387,0.9330127018922194,,8,STRUCTURE_ONLY
287,23,0.02040816326530612,0.02040816326530612,0.0,0.04081632653061224,1.0,1.0,,14,STRUCTURE_ONLY
287,249,0.017543859649122806,0.017543859649122806,0.0,0.03508771929824561,0.9486832980505138,0.9743416490252569,,10,STRUCTURE_ONLY
287,450,0.017241379310344827,0.017241379310344827,0.0,0.034482758620689655,0.8006407690254358,0.9003203845127179,,13,STRUCTURE_ONLY
287,53,0.015873015873015872,0.015873015873015872,0.0,0.031746031746031744,0.8819171036881969,0.9409585518440984,,9,STRUCTURE_ONLY
288,295,0.3821548821548822,0.3821548821548822,0.22727272727272727,0.5370370370370371,0.9999999999999999,1.0,,7,STRUCTURE_ONLY
288,488,0.36458333333333337,0.36458333333333337,0.375,0.3541666666666667,0.8017837257372731,0.9008918628686365,,7,STRUCTURE_ONLY
288,61,0.360392506690455,0.360392506690455,0.2631578947368421,0.4576271186440678,1.0,1.0,,4,STRUCTURE_ONLY
288,188,0.3598986201070121,0.3598986201070121,0.3018867924528302,0.417910447761194,0.9622504486493763,0.9811252243246882,,3,STRUCTURE_ONLY
288,496,0.34523809523809523,0.34523809523809523,0.35714285714285715,0.3333333333333333,,,,2,STRUCTURE_ONLY
288,223,0.33794466403162055,0.33794466403162055,0.13043478260869565,0.5454545454545454,0.9486832980505138,0.9743416490252569,,4,STRUCTURE_ONLY
288,109,0.3352468427095293,0.3352468427095293,0.208955223880597,0.46153846153846156,0.8728715609439696,0.9364357804719847,,6,STRUCTURE_ONLY
288,187,0.3339091150677651,0.3339091150677651,0.24528301886792453,0.4225352112676056,-1.0000000000000002,0.0,,3,STRUCTURE_ONLY
288,123,0.33269230769230773,0.33269230769230773,0.25,0.4153846153846154,0.9707253433941511,0.9853626716970756,,4,STRUCTURE_ONLY
288,533,0.33040807371654235,0.33040807371654235,0.3023255813953488,0.3584905660377358,0.8164965809277259,0.9082482904638629,,3,STRUCTURE_ONLY
289,511,0.7081287506819421,0.7081287506819421,0.5957446808510638,0.8205128205128205,0.29782353806511064,0.6489117690325553,,140,STRUCTURE_ONLY
289,123,0.6212938005390836,0.6212938005390836,0.5283018867924528,0.7142857142857143,0.6325989947852168,0.8162994973926083,,34,STRUCTURE_ONLY
289,604,0.596953578336557,0.596953578336557,0.48936170212765956,0.7045454545454546,0.23570226039551587,0.617851130197758,,6,STRUCTURE_ONLY
289,376,0.5939578713968958,0.5939578713968958,0.4318181818181818,0.7560975609756098,0.8902638145194514,0.9451319072597257,,13,STRUCTURE_ONLY
289,61,0.5606242496998799,0.5606242496998799,0.5918367346938775,0.5294117647058824,0.418739138072171,0.7093695690360855,,126,STRUCTURE_ONLY
289,62,0.5299145299145299,0.5299145299145299,0.4444444444444444,0.6153846153846154,0.6791193846611164,0.8395596923305582,,39,STRUCTURE_ONLY
289,471,0.5272435897435898,0.5272435897435898,0.4583333333333333,0.5961538461538461,0.14322297480788657,0.5716114874039433,,62,STRUCTURE_ONLY
289,142,0.5153061224489797,0.5153061224489797,0.5306122448979592,0.5,0.8749999999999998,0.9374999999999999,,8,STRUCTURE_ONLY
289,109,0.5140738498789347,0.5140738498789347,0.4745762711864407,0.5535714285714286,0.40961670366349223,0.7048083518317461,,163,STRUCTURE_ONLY
289,533,0.4944258639910814,0.4944258639910814,0.34782608695652173,0.6410256410256411,0.6237642870957583,0.8118821435478791,,40,STRUCTURE_ONLY
290,91,0.413312693498452,0.413312693498452,0.35294117647058826,0.47368421052631576,0.7777777777777778,0.8888888888888888,,9,STRUCTURE_ONLY
290,311,0.2571428571428571,0.2571428571428571,0.21428571428571427,0.3,,,,0,STRUCTURE_ONLY
290,286,0.23268398268398266,0.23268398268398266,0.22727272727272727,0.23809523809523808,0.9622504486493763,0.9811252243246882,,6,STRUCTURE_ONLY
290,393,0.19548872180451127,0.19548872180451127,0.10526315789473684,0.2857142857142857,0.674199862463242,0.837099931231621,,8,STRUCTURE_ONLY
290,37,0.18846153846153846,0.18846153846153846,0.07692307692307693,0.3,0.9622504486493763,0.9811252243246882,,3,STRUCTURE_ONLY
290,156,0.17647058823529413,0.17647058823529413,0.0,0.35294117647058826,0.827170191868511,0.9135850959342555,,7,STRUCTURE_ONLY
290,713,0.1721014492753623,0.1721014492753623,0.08333333333333333,0.2608695652173913,0.9432422182837986,0.9716211091418994,,5,STRUCTURE_ONLY
290,409,0.16620879120879123,0.16620879120879123,0.15384615384615385,0.17857142857142858,,,,1,STRUCTURE_ONLY
290,529,0.15362318840579708,0.15362318840579708,0.13333333333333333,0.17391304347826086,0.9799578870122229,0.9899789435061115,,6,STRUCTURE_ONLY
290,182,0.1513888888888889,0.1513888888888889,0.125,0.17777777777777778,0.778498944161523,0.8892494720807615,,8,STRUCTURE_ONLY
292,268,0.3611111111111111,0.3611111111111111,0.3333333333333333,0.3888888888888889,0.629940788348712,0.814970394174356,,6,STRUCTURE_ONLY
292,543,0.3611111111111111,0.3611111111111111,0.3333333333333333,0.3888888888888889,0.8451542547285165,0.9225771273642582,,8,STRUCTURE_ONLY
292,701,0.3611111111111111,0.3611111111111111,0.3333333333333333,0.3888888888888889,0.8164965809277261,0.9082482904638631,,6,STRUCTURE_ONLY
292,754,0.3611111111111111,0.3611111111111111,0.3333333333333333,0.3888888888888889,0.5345224838248487,0.7672612419124243,,4,STRUCTURE_ONLY
292,746,0.3194444444444444,0.3194444444444444,0.25,0.3888888888888889,0.8944271909999159,0.9472135954999579,,3,STRUCTURE_ONLY
292,727,0.3092105263157895,0.3092105263157895,0.25,0.3684210526315789,,,,3,STRUCTURE_ONLY
292,530,0.3,0.3,0.25,0.35,0.5773502691896258,0.7886751345948129,,13,STRUCTURE_ONLY
292,686,0.3,0.3,0.25,0.35,0.8164965809277261,0.9082482904638631,,3,STRUCTURE_ONLY
292,92,0.29166666666666663,0.29166666666666663,0.25,0.3333333333333333,-0.6933752452815365,0.15331237735923176,,7,STRUCTURE_ONLY
292,363,0.29166666666666663,0.29166666666666663,0.25,0.3333333333333333,0.7216878364870323,0.8608439182435161,,9,STRUCTURE_ONLY
293,423,0.09090909090909091,0.09090909090909091,0.0,0.18181818181818182,,,,1,STRUCTURE_ONLY
293,193,0.05555555555555555,0.05555555555555555,0.0,0.1111111111111111,0.6666666666666667,0.8333333333333334,,4,STRUCTURE_ONLY
293,235,0.041666666666666664,0.041666666666666664,0.0,0.08333333333333333,0.33333333333333337,0.6666666666666667,,3,STRUCTURE_ONLY
293,753,0.041666666666666664,0.041666666666666664,0.0,0.08333333333333333,0.2886751345948129,0.6443375672974064,,4,STRUCTURE_ONLY
293,381,0.03571428571428571,0.03571428571428571,0.0,0.07142857142857142,0.5163977794943222,0.7581988897471611,,7,STRUCTURE_ONLY
293,382,0.03571428571428571,0.03571428571428571,0.0,0.07142857142857142,0.0,0.5,,7,STRUCTURE_ONLY
293,622,0.03571428571428571,0.03571428571428571,0.0,0.07142857142857142,,,,2,STRUCTURE_ONLY
293,650,0.03571428571428571,0.03571428571428571,0.0,0.07142857142857142,0.0,0.5,,4,STRUCTURE_ONLY
293,329,0.03333333333333333,0.03333333333333333,0.0,0.06666666666666667,0.3481553119113957,0.6740776559556978,,5,STRUCTURE_ONLY
293,457,0.027777777777777776,0.027777777777777776,0.0,0.05555555555555555,0.31622776601683794,0.658113883008419,,8,STRUCTURE_ONLY
294,442,0.4236111111111111,0.4236111111111111,0.2222222222222222,0.625,,,,2,STRUCTURE_ONLY
294,364,0.42158968850698175,0.42158968850698175,0.21052631578947367,0.6326530612244898,1.0000000000000002,1.0,,3,STRUCTURE_ONLY
294,114,0.39285714285714285,0.39285714285714285,0.2857142857142857,0.5,0.28603877677367767,0.6430193883868388,,12,STRUCTURE_ONLY
294,339,0.39285714285714285,0.39285714285714285,0.2857142857142857,0.5,0.7453559924999299,0.8726779962499649,,10,STRUCTURE_ONLY
294,327,0.36306042884990253,0.36306042884990253,0.2631578947368421,0.46296296296296297,0.6681531047810609,0.8340765523905305,,8,STRUCTURE_ONLY
294,583,0.36209150326797385,0.36209150326797385,0.23529411764705882,0.4888888888888889,0.9428090415820635,0.9714045207910318,,3,STRUCTURE_ONLY
294,57,0.35754716981132073,0.35754716981132073,0.3,0.41509433962264153,0.0,0.5,,6,STRUCTURE_ONLY
294,467,0.3514285714285714,0.3514285714285714,0.14285714285714285,0.56,1.0000000000000002,1.0,,3,STRUCTURE_ONLY
294,441,0.35049019607843135,0.35049019607843135,0.25,0.45098039215686275,0.5103103630798287,0.7551551815399143,,9,STRUCTURE_ONLY
294,603,0.3457792207792208,0.3457792207792208,0.22727272727272727,0.4642857142857143,-0.5163977794943222,0.2418011102528389,,4,STRUCTURE_ONLY
295,533,0.7043650793650793,0.7043650793650793,0.7142857142857143,0.6944444444444444,0.6864064729836441,0.843203236491822,,37,STRUCTURE_ONLY
295,61,0.6150793650793651,0.6150793650793651,0.4444444444444444,0.7857142857142857,0.4340746255696745,0.7170373127848373,,88,STRUCTURE_ONLY
295,179,0.6073232323232324,0.6073232323232324,0.4090909090909091,0.8055555555555556,0.4969418673368094,0.7484709336684047,,58,STRUCTURE_ONLY
295,496,0.5625,0.5625,0.5416666666666666,0.5833333333333334,0.09567297464698797,0.547836487323494,,24,STRUCTURE_ONLY
295,586,0.5282021151586369,0.5282021151586369,0.43478260869565216,0.6216216216216216,0.9363821838346237,0.9681910919173118,,18,STRUCTURE_ONLY
295,62,0.5192307692307692,0.5192307692307692,0.5,0.5384615384615384,0.7954951288348658,0.8977475644174329,,41,STRUCTURE_ONLY
295,511,0.5112859097127223,0.5112859097127223,0.4411764705882353,0.5813953488372093,0.5692289455418137,0.7846144727709068,,122,STRUCTURE_ONLY
295,256,0.4877734877734878,0.4877734877734878,0.38095238095238093,0.5945945945945946,0.8202924943750566,0.9101462471875283,,41,STRUCTURE_ONLY
295,488,0.47916666666666663,0.47916666666666663,0.4583333333333333,0.5,0.6458531644139036,0.8229265822069518,,120,STRUCTURE_ONLY
295,471,0.4666666666666667,0.4666666666666667,0.3333333333333333,0.6,0.0,0.5,,52,STRUCTURE_ONLY
297,45,0.7763975155279503,0.7763975155279503,0.8571428571428571,0.6956521739130435,0.8944271909999159,0.9472135954999579,,6,STRUCTURE_ONLY
297,598,0.6607142857142857,0.6607142857142857,0.5714285714285714,0.75,,,,2,STRUCTURE_ONLY
297,528,0.5763888888888888,0.5763888888888888,0.375,0.7777777777777778,,,,1,STRUCTURE_ONLY
297,36,0.5625,0.5625,0.375,0.75,0.9999999999999998,0.9999999999999999,,5,STRUCTURE_ONLY
297,636,0.5208333333333333,0.5208333333333333,0.375,0.6666666666666666,1.0,1.0,,4,STRUCTURE_ONLY
297,462,0.47794117647058826,0.47794117647058826,0.25,0.7058823529411765,0.9707253433941511,0.9853626716970756,,8,STRUCTURE_ONLY
297,530,0.44791666666666663,0.44791666666666663,0.3333333333333333,0.5625,0.9486832980505138,0.9743416490252569,,5,STRUCTURE_ONLY
297,686,0.44791666666666663,0.44791666666666663,0.3333333333333333,0.5625,1.0000000000000002,1.0,,3,STRUCTURE_ONLY
297,601,0.4407894736842105,0.4407894736842105,0.25,0.631578947368421,,,,2,STRUCTURE_ONLY
297,685,0.42410714285714285,0.42410714285714285,0.2857142857142857,0.5625,0.8875203139603666,0.9437601569801832,,10,STRUCTURE_ONLY
299,466,0.42668621700879766,0.42668621700879766,0.2727272727272727,0.5806451612903226,0.5298129428260175,0.7649064714130087,,19,STRUCTURE_ONLY
299,689,0.4083333333333333,0.4083333333333333,0.25,0.5666666666666667,0.7606388292556648,0.8803194146278324,,11,STRUCTURE_ONLY
299,454,0.3838383838383838,0.3838383838383838,0.2222222222222222,0.5454545454545454,0.6851187890446743,0.8425593945223371,,27,STRUCTURE_ONLY
299,612,0.35561497326203206,0.35561497326203206,0.18181818181818182,0.5294117647058824,0.7071067811865476,0.8535533905932737,,10,STRUCTURE_ONLY
299,112,0.34375,0.34375,0.1875,0.5,0.40467232413704873,0.7023361620685243,,31,STRUCTURE_ONLY
299,211,0.3333333333333333,0.3333333333333333,0.16666666666666666,0.5,0.9622504486493763,0.9811252243246882,,3,STRUCTURE_ONLY
299,447,0.3214285714285714,0.3214285714285714,0.14285714285714285,0.5,0.6761234037828131,0.8380617018914065,,6,STRUCTURE_ONLY
299,711,0.296037296037296,0.296037296037296,0.18181818181818182,0.41025641025641024,0.7126966450997985,0.8563483225498992,,6,STRUCTURE_ONLY
299,641,0.2948717948717949,0.2948717948717949,0.15384615384615385,0.4358974358974359,-0.12909944487358058,0.4354502775632097,,13,STRUCTURE_ONLY
299,130,0.2875,0.2875,0.2,0.375,0.7559289460184545,0.8779644730092273,,15,STRUCTURE_ONLY
300,509,0.6431372549019607,0.6431372549019607,0.6,0.6862745098039216,0.8164965809277259,0.9082482904638629,,3,STRUCTURE_ONLY
300,514,0.49331550802139035,0.49331550802139035,0.4411764705882353,0.5454545454545454,,,,0,STRUCTURE_ONLY
300,702,0.39555555555555555,0.39555555555555555,0.28,0.5111111111111111,,,,0,STRUCTURE_ONLY
300,333,0.3142857142857143,0.3142857142857143,0.2,0.42857142857142855,,,,2,STRUCTURE_ONLY
300,698,0.3130769230769231,0.3130769230769231,0.28,0.34615384615384615,,,,2,STRUCTURE_ONLY
300,135,0.31,0.31,0.2,0.42,,,,1,STRUCTURE_ONLY
300,136,0.3071364046973803,0.3071364046973803,0.24390243902439024,0.37037037037037035,,,,1,STRUCTURE_ONLY
300,752,0.29625884732052576,0.29625884732052576,0.17391304347826086,0.4186046511627907,,,,0,STRUCTURE_ONLY
300,486,0.2911627906976744,0.2911627906976744,0.28,0.3023255813953488,,,,1,STRUCTURE_ONLY
300,255,0.28767942583732053,0.28767942583732053,0.2727272727272727,0.3026315789473684,,,,1,STRUCTURE_ONLY
303,635,0.8660714285714286,0.8660714285714286,0.875,0.8571428571428571,0.944911182523068,0.972455591261534,,4,STRUCTURE_ONLY
303,479,0.48616600790513836,0.48616600790513836,0.36363636363636365,0.6086956521739131,,,,1,STRUCTURE_ONLY
303,396,0.4826086956521739,0.4826086956521739,0.4,0.5652173913043478,,,,0,STRUCTURE_ONLY
303,88,0.47101449275362317,0.47101449275362317,0.3333333333333333,0.6086956521739131,0.8728715609439696,0.9364357804719847,,4,STRUCTURE_ONLY
303,692,0.46360153256704983,0.46360153256704983,0.4444444444444444,0.4827586206896552,,,,2,STRUCTURE_ONLY
303,282,0.45,0.45,0.4,0.5,,,,0,STRUCTURE_ONLY
303,307,0.4486607142857143,0.4486607142857143,0.42857142857142855,0.46875,-0.5773502691896258,0.21132486540518708,,3,STRUCTURE_ONLY
303,149,0.44551282051282054,0.44551282051282054,0.3076923076923077,0.5833333333333334,0.29814239699997197,0.649071198499986,,13,STRUCTURE_ONLY
303,579,0.4423076923076923,0.4423076923076923,0.3076923076923077,0.5769230769230769,,,,1,STRUCTURE_ONLY
303,36,0.43961352657004826,0.43961352657004826,0.4444444444444444,0.43478260869565216,0.7071067811865475,0.8535533905932737,,4,STRUCTURE_ONLY
304,732,0.675,0.675,0.5,0.85,,,,2,STRUCTURE_ONLY
304,733,0.675,0.675,0.5,0.85,,,,1,STRUCTURE_ONLY
304,575,0.325,0.325,0.5,0.15,,,,4,STRUCTURE_ONLY
304,423,0.16,0.16,0.2,0.12,,,,2,STRUCTURE_ONLY
304,152,0.11309523809523808,0.11309523809523808,0.14285714285714285,0.08333333333333333,,,,1,STRUCTURE_ONLY
304,310,0.07291666666666667,0.07291666666666667,0.0,0.14583333333333334,,,,1,STRUCTURE_ONLY
304,356,0.07142857142857142,0.07142857142857142,0.0,0.14285714285714285,-0.2886751345948129,0.35566243270259357,,3,STRUCTURE_ONLY
304,227,0.06991869918699187,0.06991869918699187,0.06666666666666667,0.07317073170731707,,,,2,STRUCTURE_ONLY
304,311,0.06451612903225806,0.06451612903225806,0.0,0.12903225806451613,,,,1,STRUCTURE_ONLY
304,335,0.0625,0.0625,0.0,0.125,-0.18490006540840973,0.4075499672957951,,5,STRUCTURE_ONLY
305,144,0.43766233766233764,0.43766233766233764,0.2,0.6753246753246753,-0.6428571428571429,0.17857142857142855,,5,STRUCTURE_ONLY
305,164,0.4181985294117647,0.4181985294117647,0.21875,0.6176470588235294,0.8819171036881969,0.9409585518440984,,6,STRUCTURE_ONLY
305,195,0.3929163214581607,0.3929163214581607,0.2647058823529412,0.5211267605633803,0.7687422135960734,0.8843711067980367,,12,STRUCTURE_ONLY
305,95,0.3791526239768897,0.3791526239768897,0.16129032258064516,0.5970149253731343,0.9301619596535009,0.9650809798267505,,34,STRUCTURE_ONLY
305,550,0.37910798122065725,0.37910798122065725,0.16666666666666666,0.5915492957746479,0.9799578870122229,0.9899789435061115,,6,STRUCTURE_ONLY
305,430,0.2708706022659511,0.2708706022659511,0.09302325581395349,0.44871794871794873,0.5469937181171046,0.7734968590585523,,15,STRUCTURE_ONLY
305,518,0.26913875598086123,0.26913875598086123,0.09090909090909091,0.4473684210526316,0.9999999999999999,1.0,,7,STRUCTURE_ONLY
305,57,0.25834658187599363,0.25834658187599363,0.20588235294117646,0.3108108108108108,0.9561828874675149,0.9780914437337574,,7,STRUCTURE_ONLY
305,509,0.2487237663074305,0.2487237663074305,0.1951219512195122,0.3023255813953488,0.9999999999999998,0.9999999999999999,,10,STRUCTURE_ONLY
305,244,0.24844074844074845,0.24844074844074845,0.1891891891891892,0.3076923076923077,0.8434823356733,0.92174116783665,,17,STRUCTURE_ONLY
306,129,0.70625,0.70625,0.6,0.8125,0.8164965809277259,0.9082482904638629,,5,STRUCTURE_ONLY
306,282,0.6758241758241759,0.6758241758241759,0.42857142857142855,0.9230769230769231,,,,0,STRUCTURE_ONLY
306,558,0.6346153846153846,0.6346153846153846,0.5,0.7692307692307693,0.7071067811865475,0.8535533905932737,,4,STRUCTURE_ONLY
306,591,0.5892857142857143,0.5892857142857143,0.42857142857142855,0.75,,,,0,STRUCTURE_ONLY
306,390,0.5735294117647058,0.5735294117647058,0.5,0.6470588235294118,,,,2,STRUCTURE_ONLY
306,506,0.5428571428571429,0.5428571428571429,0.2857142857142857,0.8,0.944911182523068,0.972455591261534,,4,STRUCTURE_ONLY
306,648,0.5428571428571429,0.5428571428571429,0.2857142857142857,0.8,,,,2,STRUCTURE_ONLY
306,198,0.5274725274725275,0.5274725274725275,0.2857142857142857,0.7692307692307693,0.6324555320336759,0.816227766016838,,5,STRUCTURE_ONLY
306,704,0.5125,0.5125,0.4,0.625,0.9647638212377322,0.982381910618866,,7,STRUCTURE_ONLY
306,583,0.5108695652173914,0.5108695652173914,0.5,0.5217391304347826,0.944911182523068,0.972455591261534,,4,STRUCTURE_ONLY
307,635,0.4893899204244032,0.4893899204244032,0.46153846153846156,0.5172413793103449,0.3333333333333333,0.6666666666666666,,6,STRUCTURE_ONLY
307,244,0.47919655667144906,0.47919655667144906,0.47058823529411764,0.4878048780487805,-0.14824986333222026,0.4258750683338899,,12,STRUCTURE_ONLY
307,57,0.4652777777777778,0.4652777777777778,0.375,0.5555555555555556,-0.06917144638660747,0.4654142768066963,,10,STRUCTURE_ONLY
307,155,0.4563492063492064,0.4563492063492064,0.35714285714285715,0.5555555555555556,0.5547001962252291,0.7773500981126146,,15,STRUCTURE_ONLY
307,429,0.4487394957983193,0.4487394957983193,0.4117647058823529,0.4857142857142857,0.33436692754521175,0.6671834637726058,,18,STRUCTURE_ONLY
307,303,0.4486607142857143,0.4486607142857143,0.42857142857142855,0.46875,-0.5773502691896258,0.21132486540518708,,3,STRUCTURE_ONLY
307,36,0.4391025641025641,0.4391025641025641,0.4166666666666667,0.46153846153846156,0.7378647873726218,0.8689323936863109,,10,STRUCTURE_ONLY
307,641,0.4357142857142857,0.4357142857142857,0.4666666666666667,0.40476190476190477,-0.47286624374346037,0.26356687812826984,,11,STRUCTURE_ONLY
307,24,0.41950464396284826,0.41950464396284826,0.3684210526315789,0.47058823529411764,0.2279211529192759,0.613960576459638,,23,STRUCTURE_ONLY
307,505,0.4147727272727273,0.4147727272727273,0.375,0.45454545454545453,-0.0944911182523068,0.4527544408738466,,10,STRUCTURE_ONLY
309,513,0.516734693877551,0.516734693877551,0.36,0.673469387755102,0.8865926413116155,0.9432963206558078,,16,STRUCTURE_ONLY
309,50,0.499607535321821,0.499607535321821,0.34615384615384615,0.6530612244897959,0.9622504486493763,0.9811252243246882,,6,STRUCTURE_ONLY
309,52,0.4673913043478261,0.4673913043478261,0.34782608695652173,0.5869565217391305,0.9476984899448786,0.9738492449724393,,13,STRUCTURE_ONLY
309,188,0.46698564593301434,0.46698564593301434,0.3157894736842105,0.6181818181818182,0.9341987329938275,0.9670993664969137,,15,STRUCTURE_ONLY
309,154,0.4609582963620231,0.4609582963620231,0.391304347826087,0.5306122448979592,,,,2,STRUCTURE_ONLY
309,679,0.43423597678916825,0.43423597678916825,0.2727272727272727,0.5957446808510638,0.9486832980505138,0.9743416490252569,,6,STRUCTURE_ONLY
309,568,0.4090909090909091,0.4090909090909091,0.25,0.5681818181818182,0.9827076298239908,0.9913538149119954,,7,STRUCTURE_ONLY
309,630,0.4059449866903283,0.4059449866903283,0.2608695652173913,0.5510204081632653,0.944911182523068,0.972455591261534,,4,STRUCTURE_ONLY
309,444,0.40538461538461534,0.40538461538461534,0.23076923076923078,0.58,0.7103355960663253,0.8551677980331627,,17,STRUCTURE_ONLY
309,721,0.39867109634551495,0.39867109634551495,0.2857142857142857,0.5116279069767442,0.9395523512235255,0.9697761756117628,,11,STRUCTURE_ONLY
310,637,0.38492063492063494,0.38492063492063494,0.21428571428571427,0.5555555555555556,0.6324555320336759,0.816227766016838,,3,STRUCTURE_ONLY
310,599,0.3640202702702703,0.3640202702702703,0.1875,0.5405405405405406,0.2773500981126146,0.6386750490563073,,4,STRUCTURE_ONLY
310,16,0.3631578947368421,0.3631578947368421,0.2,0.5263157894736842,,,,2,STRUCTURE_ONLY
310,531,0.34375,0.34375,0.1875,0.5,0.5,0.75,,4,STRUCTURE_ONLY
310,321,0.3321377331420373,0.3321377331420373,0.17647058823529413,0.4878048780487805,,,,1,STRUCTURE_ONLY
310,674,0.33170731707317075,0.33170731707317075,0.2,0.4634146341463415,0.5773502691896258,0.7886751345948129,,3,STRUCTURE_ONLY
310,694,0.3275193798449612,0.3275193798449612,0.16666666666666666,0.4883720930232558,,,,4,STRUCTURE_ONLY
310,326,0.3228498074454429,0.3228498074454429,0.15789473684210525,0.4878048780487805,0.40824829046386296,0.7041241452319315,,8,STRUCTURE_ONLY
310,295,0.31650641025641024,0.31650641025641024,0.15384615384615385,0.4791666666666667,0.5962847939999439,0.7981423969999719,,9,STRUCTURE_ONLY
310,676,0.3159722222222222,0.3159722222222222,0.1875,0.4444444444444444,0.5,0.75,,4,STRUCTURE_ONLY
311,452,0.38125,0.38125,0.3125,0.45,,,,0,STRUCTURE_ONLY
311,290,0.2571428571428571,0.2571428571428571,0.21428571428571427,0.3,,,,0,STRUCTURE_ONLY
311,254,0.2471590909090909,0.2471590909090909,0.18181818181818182,0.3125,,,,0,STRUCTURE_ONLY
311,393,0.24561403508771928,0.24561403508771928,0.15789473684210525,0.3333333333333333,,,,2,STRUCTURE_ONLY
311,373,0.22424242424242424,0.22424242424242424,0.18181818181818182,0.26666666666666666,,,,0,STRUCTURE_ONLY
311,91,0.2121212121212121,0.2121212121212121,0.09090909090909091,0.3333333333333333,,,,1,STRUCTURE_ONLY
311,409,0.1880952380952381,0.1880952380952381,0.14285714285714285,0.23333333333333334,,,,1,STRUCTURE_ONLY
311,39,0.17780748663101603,0.17780748663101603,0.09090909090909091,0.2647058823529412,,,,1,STRUCTURE_ONLY
311,380,0.17016129032258065,0.17016129032258065,0.05,0.2903225806451613,,,,0,STRUCTURE_ONLY
311,277,0.1653846153846154,0.1653846153846154,0.1,0.23076923076923078,,,,1,STRUCTURE_ONLY
312,276,0.47665056360708535,0.47665056360708535,0.43478260869565216,0.5185185185185185,0.9373849950855591,0.9686924975427795,,14,STRUCTURE_ONLY
312,499,0.4238521836506159,0.4238521836506159,0.3157894736842105,0.5319148936170213,0.9838197164968291,0.9919098582484145,,9,STRUCTURE_ONLY
312,100,0.39418377321603126,0.39418377321603126,0.25806451612903225,0.5303030303030303,0.9707253433941511,0.9853626716970756,,4,STRUCTURE_ONLY
312,158,0.38055555555555554,0.38055555555555554,0.25,0.5111111111111111,0.9737289911202953,0.9868644955601477,,6,STRUCTURE_ONLY
312,211,0.3585343228200371,0.3585343228200371,0.22727272727272727,0.4897959183673469,0.9486832980505138,0.9743416490252569,,4,STRUCTURE_ONLY
312,444,0.3471380471380471,0.3471380471380471,0.18518518518518517,0.509090909090909,0.6390096504226938,0.8195048252113468,,13,STRUCTURE_ONLY
312,392,0.3469601677148847,0.3469601677148847,0.2222222222222222,0.4716981132075472,0.9428090415820635,0.9714045207910318,,3,STRUCTURE_ONLY
312,188,0.34523809523809523,0.34523809523809523,0.19047619047619047,0.5,0.9309493362512626,0.9654746681256313,,12,STRUCTURE_ONLY
312,309,0.3373563218390805,0.3373563218390805,0.2413793103448276,0.43333333333333335,0.9322944450820391,0.9661472225410195,,14,STRUCTURE_ONLY
312,154,0.33356643356643356,0.33356643356643356,0.23076923076923078,0.43636363636363634,,,,2,STRUCTURE_ONLY
313,706,0.0975609756097561,0.0975609756097561,0.0,0.1951219512195122,0.9622504486493763,0.9811252243246882,,3,STRUCTURE_ONLY
313,690,0.06060606060606061,0.06060606060606061,0.0,0.12121212121212122,,,,2,STRUCTURE_ONLY
313,477,0.052083333333333336,0.052083333333333336,0.0,0.10416666666666667,0.8660254037844387,0.9330127018922194,,4,STRUCTURE_ONLY
313,707,0.05,0.05,0.0,0.1,1.0000000000000002,1.0,,3,STRUCTURE_ONLY
313,642,0.03932584269662921,0.03932584269662921,0.0,0.07865168539325842,,,,2,STRUCTURE_ONLY
313,137,0.038461538461538464,0.038461538461538464,0.0,0.07692307692307693,0.9622504486493763,0.9811252243246882,,3,STRUCTURE_ONLY
313,520,0.03684210526315789,0.03684210526315789,0.0,0.07368421052631578,,,,1,STRUCTURE_ONLY
313,695,0.033707865168539325,0.033707865168539325,0.0,0.06741573033707865,,,,1,STRUCTURE_ONLY
313,688,0.03333333333333333,0.03333333333333333,0.0,0.06666666666666667,,,,1,STRUCTURE_ONLY
313,456,0.03260869565217391,0.03260869565217391,0.0,0.06521739130434782,,,,1,STRUCTURE_ONLY
314,415,0.3857142857142857,0.3857142857142857,0.14285714285714285,0.6285714285714286,0.48976736133625437,0.7448836806681272,,32,STRUCTURE_ONLY
314,114,0.383276740237691,0.383276740237691,0.16129032258064516,0.6052631578947368,0.5477225575051661,0.773861278752583,,19,STRUCTURE_ONLY
314,674,0.3790849673202614,0.3790849673202614,0.1111111111111111,0.6470588235294118,0.42365927286816174,0.7118296364340808,,10,STRUCTURE_ONLY
314,698,0.37280701754385964,0.37280701754385964,0.16666666666666666,0.5789473684210527,0.3034330424545042,0.6517165212272521,,11,STRUCTURE_ONLY
314,331,0.37152777777777773,0.37152777777777773,0.10416666666666667,0.6388888888888888,0.9428090415820635,0.9714045207910318,,3,STRUCTURE_ONLY
314,219,0.36310223266745006,0.36310223266745006,0.3783783783783784,0.34782608695652173,0.4871054822167222,0.7435527411083611,,43,STRUCTURE_ONLY
314,583,0.35858585858585856,0.35858585858585856,0.1111111111111111,0.6060606060606061,0.629940788348712,0.814970394174356,,4,STRUCTURE_ONLY
314,544,0.3539898132427844,0.3539898132427844,0.12903225806451613,0.5789473684210527,0.44542994772955485,0.7227149738647775,,43,STRUCTURE_ONLY
314,712,0.34967320261437906,0.34967320261437906,0.1111111111111111,0.5882352941176471,0.19245008972987526,0.5962250448649377,,3,STRUCTURE_ONLY
314,72,0.34911930874044533,0.34911930874044533,0.27450980392156865,0.423728813559322,0.36685454430234327,0.6834272721511716,,56,STRUCTURE_ONLY
315,188,0.46961706030726896,0.46961706030726896,0.4897959183673469,0.449438202247191,0.8280786712108251,0.9140393356054126,,11,STRUCTURE_ONLY
315,255,0.44778674492540965,0.44778674492540965,0.2978723404255319,0.5977011494252874,0.6774193548387097,0.8387096774193549,,28,STRUCTURE_ONLY
315,136,0.4185563114134543,0.4185563114134543,0.2962962962962963,0.5408163265306123,0.9432422182837986,0.9716211091418994,,14,STRUCTURE_ONLY
315,243,0.41093911248710013,0.41093911248710013,0.27450980392156865,0.5473684210526316,0.8359173188630293,0.9179586594315147,,19,STRUCTURE_ONLY
315,173,0.3927272727272727,0.3927272727272727,0.24,0.5454545454545454,0.9359709753334592,0.9679854876667295,,25,STRUCTURE_ONLY
315,518,0.34797979797979794,0.34797979797979794,0.3181818181818182,0.37777777777777777,0.9999999999999999,1.0,,7,STRUCTURE_ONLY
315,50,0.32878598247809765,0.32878598247809765,0.23404255319148937,0.4235294117647059,0.9428090415820635,0.9714045207910318,,3,STRUCTURE_ONLY
315,200,0.30917874396135264,0.30917874396135264,0.24444444444444444,0.3739130434782609,0.9434563530497265,0.9717281765248633,,11,STRUCTURE_ONLY
315,317,0.30434782608695654,0.30434782608695654,0.2826086956521739,0.32608695652173914,0.9434563530497265,0.9717281765248633,,4,STRUCTURE_ONLY
315,288,0.3027164685908319,0.3027164685908319,0.25806451612903225,0.3473684210526316,0.944911182523068,0.972455591261534,,4,STRUCTURE_ONLY
316,286,0.3001373626373627,0.3001373626373627,0.15384615384615385,0.44642857142857145,0.6592685147442634,0.8296342573721317,,14,STRUCTURE_ONLY
316,91,0.2883522727272727,0.2883522727272727,0.28125,0.29545454545454547,0.8616404368553292,0.9308202184276646,,12,STRUCTURE_ONLY
316,356,0.2163009404388715,0.2163009404388715,0.06896551724137931,0.36363636363636365,0.9486832980505138,0.9743416490252569,,5,STRUCTURE_ONLY
316,413,0.2050925925925926,0.2050925925925926,0.18518518518518517,0.225,-0.17954621161490197,0.410226894192549,,16,STRUCTURE_ONLY
316,228,0.20394265232974912,0.20394265232974912,0.0967741935483871,0.3111111111111111,0.7142857142857142,0.8571428571428571,,7,STRUCTURE_ONLY
316,502,0.20394265232974912,0.20394265232974912,0.0967741935483871,0.3111111111111111,0.22360679774997896,0.6118033988749895,,10,STRUCTURE_ONLY
316,377,0.196838347781744,0.196838347781744,0.05405405405405406,0.33962264150943394,0.1543033499620919,0.5771516749810459,,4,STRUCTURE_ONLY
316,409,0.19583333333333336,0.19583333333333336,0.1,0.2916666666666667,,,,1,STRUCTURE_ONLY
316,252,0.1955736224028907,0.1955736224028907,0.07407407407407407,0.3170731707317073,0.72,0.86,,14,STRUCTURE_ONLY
316,347,0.1917989417989418,0.1917989417989418,0.07407407407407407,0.30952380952380953,0.9258200997725514,0.9629100498862757,,9,STRUCTURE_ONLY
317,213,0.5286585365853658,0.5286585365853658,0.35,0.7073170731707317,,,,2,STRUCTURE_ONLY
317,188,0.4616858237547893,0.4616858237547893,0.3888888888888889,0.5344827586206896,0.8366600265340756,0.9183300132670378,,4,STRUCTURE_ONLY
317,327,0.45238095238095233,0.45238095238095233,0.23809523809523808,0.6666666666666666,0.9622504486493763,0.9811252243246882,,3,STRUCTURE_ONLY
317,267,0.45,0.45,0.36,0.54,0.944911182523068,0.972455591261534,,4,STRUCTURE_ONLY
317,230,0.44678932178932174,0.44678932178932174,0.3611111111111111,0.5324675324675324,0.9486832980505138,0.9743416490252569,,4,STRUCTURE_ONLY
317,166,0.4384828862164662,0.4384828862164662,0.21739130434782608,0.6595744680851063,0.903696114115064,0.9518480570575321,,4,STRUCTURE_ONLY
317,444,0.40538461538461534,0.40538461538461534,0.23076923076923078,0.58,,,,2,STRUCTURE_ONLY
317,100,0.40445696721311475,0.40445696721311475,0.21875,0.5901639344262295,,,,2,STRUCTURE_ONLY
317,518,0.39814814814814814,0.39814814814814814,0.2962962962962963,0.5,,,,1,STRUCTURE_ONLY
317,544,0.3864734299516908,0.3864734299516908,0.21739130434782608,0.5555555555555556,0.6172133998483678,0.8086066999241839,,5,STRUCTURE_ONLY
318,26,0.6666666666666666,0.6666666666666666,0.6666666666666666,0.6666666666666666,0.8728715609439696,0.9364357804719847,,6,STRUCTURE_ONLY
318,180,0.4666666666666667,0.4666666666666667,0.6,0.3333333333333333,,,,1,STRUCTURE_ONLY
318,193,0.4375,0.4375,0.5,0.375,0.7385489458759965,0.8692744729379982,,9,STRUCTURE_ONLY
318,352,0.43333333333333335,0.43333333333333335,0.2,0.6666666666666666,,,,0,STRUCTURE_ONLY
318,401,0.41666666666666663,0.41666666666666663,0.16666666666666666,0.6666666666666666,0.7938566201357354,0.8969283100678678,,16,STRUCTURE_ONLY
318,207,0.39285714285714285,0.39285714285714285,0.5,0.2857142857142857,,,,0,STRUCTURE_ONLY
318,545,0.35,0.35,0.5,0.2,0.8164965809277259,0.9082482904638629,,3,STRUCTURE_ONLY
318,348,0.2625,0.2625,0.375,0.15,0.9999999999999998,0.9999999999999999,,3,STRUCTURE_ONLY
318,176,0.25,0.25,0.3333333333333333,0.16666666666666666,,,,1,STRUCTURE_ONLY
318,343,0.24431818181818182,0.24431818181818182,0.125,0.36363636363636365,,,,2,STRUCTURE_ONLY
319,60,0.48039215686274506,0.48039215686274506,0.3333333333333333,0.6274509803921569,0.0657951694959769,0.5328975847479884,,9,STRUCTURE_ONLY
319,419,0.275,0.275,0.25,0.3,0.819891591749923,0.9099457958749615,,6,STRUCTURE_ONLY
319,605,0.26436781609195403,0.26436781609195403,0.16666666666666666,0.3620689655172414,0.9622504486493763,0.9811252243246882,,3,STRUCTURE_ONLY
319,455,0.20943089430894307,0.20943089430894307,0.24,0.17886178861788618,0.42640143271122083,0.7132007163556104,,5,STRUCTURE_ONLY
319,230,0.2020671834625323,0.2020671834625323,0.09302325581395349,0.3111111111111111,0.41702882811414954,0.7085144140570747,,11,STRUCTURE_ONLY
319,106,0.2018595759471672,0.2018595759471672,0.11904761904761904,0.2846715328467153,0.8333333333333335,0.9166666666666667,,3,STRUCTURE_ONLY
319,630,0.18567026194144837,0.18567026194144837,0.22727272727272727,0.1440677966101695,0.9622504486493763,0.9811252243246882,,3,STRUCTURE_ONLY
319,23,0.17818509615384615,0.17818509615384615,0.19230769230769232,0.1640625,0.9438798074485389,0.9719399037242695,,5,STRUCTURE_ONLY
319,312,0.17083333333333334,0.17083333333333334,0.13333333333333333,0.20833333333333334,0.944911182523068,0.972455591261534,,5,STRUCTURE_ONLY
319,388,0.16877370417193427,0.16877370417193427,0.14285714285714285,0.19469026548672566,0.3061862178478973,0.6530931089239487,,7,STRUCTURE_ONLY
320,164,0.3680555555555556,0.3680555555555556,0.4444444444444444,0.2916666666666667,,,,1,STRUCTURE_ONLY
320,95,0.3625,0.3625,0.25,0.475,0.9124211282466754,0.9562105641233377,,8,STRUCTURE_ONLY
320,43,0.3031746031746032,0.3031746031746032,0.4,0.20634920634920634,0.9375,0.96875,,7,STRUCTURE_ONLY
320,195,0.2921440261865794,0.2921440261865794,0.3076923076923077,0.2765957446808511,0.8845379626717033,0.9422689813358516,,6,STRUCTURE_ONLY
320,397,0.2792207792207792,0.2792207792207792,0.2857142857142857,0.2727272727272727,0.7142857142857142,0.8571428571428571,,7,STRUCTURE_ONLY
320,550,0.2779503105590062,0.2779503105590062,0.14285714285714285,0.41304347826086957,1.0000000000000002,1.0,,3,STRUCTURE_ONLY
320,508,0.23641304347826086,0.23641304347826086,0.125,0.34782608695652173,,,,1,STRUCTURE_ONLY
320,305,0.222436206066442,0.222436206066442,0.16129032258064516,0.2835820895522388,0.7370434740955021,0.868521737047751,,11,STRUCTURE_ONLY
320,144,0.20322580645161292,0.20322580645161292,0.1,0.3064516129032258,,,,2,STRUCTURE_ONLY
320,726,0.19642857142857142,0.19642857142857142,0.14285714285714285,0.25,,,,1,STRUCTURE_ONLY
321,326,0.8,0.8,0.6,1.0,-0.5965587590013045,0.20172062049934775,,8,STRUCTURE_ONLY
321,184,0.6410658307210031,0.6410658307210031,0.45454545454545453,0.8275862068965517,1.0,1.0,,3,STRUCTURE_ONLY
321,676,0.5902777777777778,0.5902777777777778,0.625,0.5555555555555556,,,,1,STRUCTURE_ONLY
321,599,0.5793650793650793,0.5793650793650793,0.4444444444444444,0.7142857142857143,0.9428090415820635,0.9714045207910318,,3,STRUCTURE_ONLY
321,531,0.5448028673835126,0.5448028673835126,0.4444444444444444,0.6451612903225806,0.6172133998483678,0.8086066999241839,,5,STRUCTURE_ONLY
321,114,0.5277777777777778,0.5277777777777778,0.5,0.5555555555555556,0.8703882797784892,0.9351941398892446,,7,STRUCTURE_ONLY
321,637,0.5267857142857143,0.5267857142857143,0.375,0.6785714285714286,0.9428090415820635,0.9714045207910318,,3,STRUCTURE_ONLY
321,16,0.5114942528735632,0.5114942528735632,0.3333333333333333,0.6896551724137931,0.8164965809277259,0.9082482904638629,,3,STRUCTURE_ONLY
321,179,0.5088235294117647,0.5088235294117647,0.4,0.6176470588235294,0.0,0.5,,7,STRUCTURE_ONLY
321,674,0.489247311827957,0.489247311827957,0.3333333333333333,0.6451612903225806,0.9486832980505138,0.9743416490252569,,4,STRUCTURE_ONLY
322,148,0.6666666666666667,0.6666666666666667,0.5,0.8333333333333334,,,,1,STRUCTURE_ONLY
322,451,0.34523809523809523,0.34523809523809523,0.3333333333333333,0.35714285714285715,0.9622504486493763,0.9811252243246882,,3,STRUCTURE_ONLY
322,183,0.29910714285714285,0.29910714285714285,0.2857142857142857,0.3125,0.9434563530497265,0.9717281765248633,,4,STRUCTURE_ONLY
322,654,0.2638888888888889,0.2638888888888889,0.25,0.2777777777777778,,,,1,STRUCTURE_ONLY
322,428,0.25,0.25,0.2222222222222222,0.2777777777777778,,,,1,STRUCTURE_ONLY
322,563,0.21363636363636362,0.21363636363636362,0.2,0.22727272727272727,0.9434563530497265,0.9717281765248633,,4,STRUCTURE_ONLY
322,42,0.20833333333333331,0.20833333333333331,0.25,0.16666666666666666,0.9525793444156805,0.9762896722078402,,3,STRUCTURE_ONLY
322,441,0.19731800766283525,0.19731800766283525,0.2222222222222222,0.1724137931034483,0.9486832980505138,0.9743416490252569,,4,STRUCTURE_ONLY
322,373,0.14285714285714285,0.14285714285714285,0.0,0.2857142857142857,,,,1,STRUCTURE_ONLY
322,142,0.13541666666666669,0.13541666666666669,0.0625,0.20833333333333334,0.8366600265340756,0.9183300132670378,,4,STRUCTURE_ONLY
323,67,0.35,0.35,0.2,0.5,0.9431191251430151,0.9715595625715076,,7,STRUCTURE_ONLY
323,474,0.34375,0.34375,0.25,0.4375,0.8660254037844387,0.9330127018922194,,3,STRUCTURE_ONLY
323,659,0.34375,0.34375,0.25,0.4375,0.0,0.5,,5,STRUCTURE_ONLY
323,408,0.31862745098039214,0.31862745098039214,0.16666666666666666,0.47058823529411764,0.0,0.5,,7,STRUCTURE_ONLY
323,49,0.29444444444444445,0.29444444444444445,0.2,0.3888888888888889,0.9428090415820635,0.9714045207910318,,3,STRUCTURE_ONLY
323,271,0.29444444444444445,0.29444444444444445,0.2,0.3888888888888889,0.944911182523068,0.972455591261534,,4,STRUCTURE_ONLY
323,723,0.2532467532467533,0.2532467532467533,0.14285714285714285,0.36363636363636365,,,,1,STRUCTURE_ONLY
323,640,0.24431818181818182,0.24431818181818182,0.125,0.36363636363636365,,,,1,STRUCTURE_ONLY
323,411,0.23550724637681159,0.23550724637681159,0.16666666666666666,0.30434782608695654,1.0000000000000002,1.0,,3,STRUCTURE_ONLY
323,70,0.23411371237458195,0.23411371237458195,0.07692307692307693,0.391304347826087,0.9128709291752769,0.9564354645876385,,9,STRUCTURE_ONLY
324,190,0.575,0.575,0.5,0.65,,,,1,STRUCTURE_ONLY
324,599,0.5416666666666666,0.5416666666666666,0.3333333333333333,0.75,0.5477225575051661,0.773861278752583,,3,STRUCTURE_ONLY
324,76,0.5227272727272727,0.5227272727272727,0.5,0.5454545454545454,0.8999999999999998,0.95,,7,STRUCTURE_ONLY
324,326,0.5032467532467533,0.5032467532467533,0.36363636363636365,0.6428571428571429,0.3380617018914066,0.6690308509457032,,11,STRUCTURE_ONLY
324,531,0.5,0.5,0.3333333333333333,0.6666666666666666,0.4743416490252569,0.7371708245126285,,7,STRUCTURE_ONLY
324,184,0.49216300940438873,0.49216300940438873,0.36363636363636365,0.6206896551724138,,,,2,STRUCTURE_ONLY
324,637,0.4791666666666667,0.4791666666666667,0.25,0.7083333333333334,0.9999999999999999,1.0,,4,STRUCTURE_ONLY
324,321,0.4714285714285714,0.4714285714285714,0.3,0.6428571428571429,,,,0,STRUCTURE_ONLY
324,16,0.4711111111111111,0.4711111111111111,0.2222222222222222,0.72,0.944911182523068,0.972455591261534,,4,STRUCTURE_ONLY
324,720,0.46546546546546547,0.46546546546546547,0.4444444444444444,0.4864864864864865,0.8749999999999998,0.9374999999999999,,5,STRUCTURE_ONLY
325,156,0.22291666666666665,0.22291666666666665,0.13333333333333333,0.3125,0.82687085752236,0.91343542876118,,44,STRUCTURE_ONLY
325,248,0.2159090909090909,0.2159090909090909,0.18181818181818182,0.25,0.917662935482247,0.9588314677411235,,10,STRUCTURE_ONLY
325,424,0.2159090909090909,0.2159090909090909,0.18181818181818182,0.25,0.8786534150308698,0.9393267075154349,,34,STRUCTURE_ONLY
325,445,0.20634920634920634,0.20634920634920634,0.2222222222222222,0.19047619047619047,0.7899317791653497,0.8949658895826749,,45,STRUCTURE_ONLY
325,250,0.18872549019607843,0.18872549019607843,0.08333333333333333,0.29411764705882354,0.8056292332943619,0.9028146166471809,,26,STRUCTURE_ONLY
325,356,0.18043478260869567,0.18043478260869567,0.1,0.2608695652173913,0.9486832980505138,0.9743416490252569,,5,STRUCTURE_ONLY
325,400,0.13571428571428573,0.13571428571428573,0.07142857142857142,0.2,0.923464609633689,0.9617323048168445,,41,STRUCTURE_ONLY
325,529,0.125,0.125,0.0,0.25,0.8538149682454623,0.9269074841227312,,56,STRUCTURE_ONLY
325,437,0.12077294685990338,0.12077294685990338,0.1111111111111111,0.13043478260869565,0.9123680293217222,0.9561840146608611,,20,STRUCTURE_ONLY
325,404,0.12020905923344948,0.12020905923344948,0.14285714285714285,0.0975609756097561,0.6030226891555273,0.8015113445777636,,8,STRUCTURE_ONLY
326,321,0.8,0.8,0.6,1.0,-0.5965587590013045,0.20172062049934775,,8,STRUCTURE_ONLY
326,184,0.731974921630094,0.731974921630094,0.6363636363636364,0.8275862068965517,,,,8,STRUCTURE_ONLY
326,599,0.538961038961039,0.538961038961039,0.36363636363636365,0.7142857142857143,0.33968311024337877,0.6698415551216894,,9,STRUCTURE_ONLY
326,105,0.5053763440860215,0.5053763440860215,0.3333333333333333,0.6774193548387096,0.3872983346207417,0.6936491673103709,,14,STRUCTURE_ONLY
326,531,0.5043988269794721,0.5043988269794721,0.36363636363636365,0.6451612903225806,0.17407765595569785,0.5870388279778489,,17,STRUCTURE_ONLY
326,324,0.5032467532467533,0.5032467532467533,0.36363636363636365,0.6428571428571429,0.3380617018914066,0.6690308509457032,,11,STRUCTURE_ONLY
326,637,0.4892857142857143,0.4892857142857143,0.3,0.6785714285714286,0.1556997888323046,0.5778498944161523,,16,STRUCTURE_ONLY
326,16,0.48119122257053293,0.48119122257053293,0.2727272727272727,0.6896551724137931,-0.35355339059327373,0.32322330470336313,,10,STRUCTURE_ONLY
326,285,0.4722222222222222,0.4722222222222222,0.4444444444444444,0.5,-0.5773502691896258,0.21132486540518708,,3,STRUCTURE_ONLY
326,676,0.4595959595959596,0.4595959595959596,0.36363636363636365,0.5555555555555556,0.4444444444444444,0.7222222222222222,,9,STRUCTURE_ONLY
327,202,0.5874999999999999,0.5874999999999999,0.6,0.575,0.9999999999999998,0.9999999999999999,,5,STRUCTURE_ONLY
327,213,0.5833333333333334,0.5833333333333334,0.4166666666666667,0.75,0.8944271909999159,0.9472135954999579,,5,STRUCTURE_ONLY
327,317,0.45238095238095233,0.45238095238095233,0.23809523809523808,0.6666666666666666,0.9622504486493763,0.9811252243246882,,3,STRUCTURE_ONLY
327,167,0.45079365079365075,0.45079365079365075,0.4444444444444444,0.45714285714285713,0.9622504486493763,0.9811252243246882,,3,STRUCTURE_ONLY
327,166,0.4496753246753247,0.4496753246753247,0.2857142857142857,0.6136363636363636,0.7144345083117604,0.8572172541558802,,15,STRUCTURE_ONLY
327,339,0.44047619047619047,0.44047619047619047,0.35714285714285715,0.5238095238095238,0.6443860762255926,0.8221930381127963,,17,STRUCTURE_ONLY
327,583,0.4277777777777778,0.4277777777777778,0.3,0.5555555555555556,,,,1,STRUCTURE_ONLY
327,674,0.4263157894736842,0.4263157894736842,0.3,0.5526315789473685,0.6546536707079772,0.8273268353539887,,4,STRUCTURE_ONLY
327,63,0.4126602564102564,0.4126602564102564,0.3125,0.5128205128205128,,,,2,STRUCTURE_ONLY
327,678,0.3982905982905983,0.3982905982905983,0.3076923076923077,0.4888888888888889,0.9128709291752769,0.9564354645876385,,4,STRUCTURE_ONLY
328,540,0.75,0.75,0.5,1.0,0.7844645405527361,0.8922322702763681,,7,STRUCTURE_ONLY
328,343,0.4027777777777778,0.4027777777777778,0.25,0.5555555555555556,0.9486832980505138,0.9743416490252569,,9,STRUCTURE_ONLY
328,726,0.3939393939393939,0.3939393939393939,0.3333333333333333,0.45454545454545453,,,,2,STRUCTURE_ONLY
328,410,0.33333333333333337,0.33333333333333337,0.25,0.4166666666666667,0.8273403039920306,0.9136701519960153,,15,STRUCTURE_ONLY
328,178,0.3173076923076923,0.3173076923076923,0.25,0.38461538461538464,0.7882407813680822,0.8941203906840411,,14,STRUCTURE_ONLY
328,239,0.3035714285714286,0.3035714285714286,0.25,0.35714285714285715,0.882522608121828,0.941261304060914,,8,STRUCTURE_ONLY
328,492,0.29166666666666663,0.29166666666666663,0.25,0.3333333333333333,0.7715167498104596,0.8857583749052298,,8,STRUCTURE_ONLY
328,385,0.27564102564102566,0.27564102564102566,0.16666666666666666,0.38461538461538464,0.8164965809277259,0.9082482904638629,,8,STRUCTURE_ONLY
328,35,0.2720588235294118,0.2720588235294118,0.25,0.29411764705882354,0.8783100656536798,0.9391550328268399,,7,STRUCTURE_ONLY
328,590,0.2638888888888889,0.2638888888888889,0.25,0.2777777777777778,0.5477225575051661,0.773861278752583,,5,STRUCTURE_ONLY
329,622,0.7045454545454546,0.7045454545454546,0.5,0.9090909090909091,0.9999999999999998,0.9999999999999999,,5,STRUCTURE_ONLY
329,746,0.5681818181818181,0.5681818181818181,0.5,0.6363636363636364,,,,1,STRUCTURE_ONLY
329,341,0.5267857142857143,0.5267857142857143,0.42857142857142855,0.625,0.9669875568304563,0.9834937784152282,,8,STRUCTURE_ONLY
329,685,0.46923076923076923,0.46923076923076923,0.4,0.5384615384615384,0.9008852329229017,0.9504426164614508,,21,STRUCTURE_ONLY
329,268,0.4431818181818182,0.4431818181818182,0.25,0.6363636363636364,0.9486832980505138,0.9743416490252569,,5,STRUCTURE_ONLY
329,543,0.4431818181818182,0.4431818181818182,0.25,0.6363636363636364,0.9058216273156767,0.9529108136578384,,7,STRUCTURE_ONLY
329,701,0.4431818181818182,0.4431818181818182,0.25,0.6363636363636364,0.9525793444156805,0.9762896722078402,,6,STRUCTURE_ONLY
329,754,0.4431818181818182,0.4431818181818182,0.25,0.6363636363636364,,,,2,STRUCTURE_ONLY
329,198,0.39285714285714285,0.39285714285714285,0.2857142857142857,0.5,0.5656854249492379,0.7828427124746189,,7,STRUCTURE_ONLY
329,358,0.39285714285714285,0.39285714285714285,0.2857142857142857,0.5,0.4999999999999999,0.75,,7,STRUCTURE_ONLY
331,141,0.7293103448275862,0.7293103448275862,0.7,0.7586206896551724,,,,2,STRUCTURE_ONLY
331,443,0.6553763440860214,0.6553763440860214,0.6333333333333333,0.6774193548387096,1.0000000000000002,1.0,,3,STRUCTURE_ONLY
331,237,0.594028826355525,0.594028826355525,0.6774193548387096,0.5106382978723404,,,,1,STRUCTURE_ONLY
331,561,0.5892857142857143,0.5892857142857143,0.7142857142857143,0.4642857142857143,,,,1,STRUCTURE_ONLY
331,117,0.5730846774193548,0.5730846774193548,0.6774193548387096,0.46875,1.0000000000000002,1.0,,3,STRUCTURE_ONLY
331,55,0.5714285714285714,0.5714285714285714,0.6785714285714286,0.4642857142857143,,,,1,STRUCTURE_ONLY
331,354,0.5714285714285714,0.5714285714285714,0.7142857142857143,0.42857142857142855,,,,2,STRUCTURE_ONLY
331,557,0.5700604838709677,0.5700604838709677,0.65625,0.4838709677419355,,,,1,STRUCTURE_ONLY
331,140,0.5357142857142857,0.5357142857142857,0.6428571428571429,0.42857142857142855,0.8164965809277261,0.9082482904638631,,3,STRUCTURE_ONLY
331,269,0.49425287356321834,0.49425287356321834,0.6551724137931034,0.3333333333333333,,,,1,STRUCTURE_ONLY
333,702,0.5308823529411765,0.5308823529411765,0.4117647058823529,0.65,,,,2,STRUCTURE_ONLY
333,280,0.5264423076923077,0.5264423076923077,0.4375,0.6153846153846154,0.9707253433941511,0.9853626716970756,,4,STRUCTURE_ONLY
333,135,0.4715909090909091,0.4715909090909091,0.375,0.5681818181818182,0.9428090415820635,0.9714045207910318,,3,STRUCTURE_ONLY
333,444,0.4549019607843137,0.4549019607843137,0.4,0.5098039215686274,0.726843784311631,0.8634218921558154,,14,STRUCTURE_ONLY
333,375,0.44476327116212344,0.44476327116212344,0.35294117647058826,0.5365853658536586,0.79115480528524,0.89557740264262,,9,STRUCTURE_ONLY
333,679,0.44326241134751776,0.44326241134751776,0.3333333333333333,0.5531914893617021,,,,2,STRUCTURE_ONLY
333,136,0.4394806338028169,0.4394806338028169,0.34375,0.5352112676056338,0.944911182523068,0.972455591261534,,7,STRUCTURE_ONLY
333,513,0.4365351629502573,0.4365351629502573,0.36363636363636365,0.5094339622641509,0.8616404368553293,0.9308202184276646,,6,STRUCTURE_ONLY
333,752,0.434981684981685,0.434981684981685,0.35714285714285715,0.5128205128205128,1.0,1.0,,4,STRUCTURE_ONLY
333,52,0.4303191489361702,0.4303191489361702,0.35,0.5106382978723404,0.9864400504156211,0.9932200252078105,,9,STRUCTURE_ONLY
334,581,0.3088972431077694,0.3088972431077694,0.38095238095238093,0.23684210526315788,0.9165151389911679,0.9582575694955839,,17,STRUCTURE_ONLY
334,82,0.270516717325228,0.270516717325228,0.2857142857142857,0.2553191489361702,0.8223456202287831,0.9111728101143916,,30,STRUCTURE_ONLY
334,379,0.24592302674494454,0.24592302674494454,0.19047619047619047,0.3013698630136986,0.792025345216577,0.8960126726082884,,46,STRUCTURE_ONLY
334,605,0.23831070889894418,0.23831070889894418,0.19230769230769232,0.28431372549019607,0.6324555320336759,0.816227766016838,,5,STRUCTURE_ONLY
334,466,0.21794871794871795,0.21794871794871795,0.16666666666666666,0.2692307692307692,0.0,0.5,,13,STRUCTURE_ONLY
334,516,0.2147783251231527,0.2147783251231527,0.1724137931034483,0.2571428571428571,0.8235321051453477,0.9117660525726738,,30,STRUCTURE_ONLY
334,431,0.21090342679127724,0.21090342679127724,0.06666666666666667,0.35514018691588783,0.765993269980339,0.8829966349901694,,37,STRUCTURE_ONLY
334,174,0.19671558350803633,0.19671558350803633,0.14814814814814814,0.24528301886792453,0.82915619758885,0.914578098794425,,14,STRUCTURE_ONLY
334,112,0.19547154133776484,0.19547154133776484,0.13793103448275862,0.25301204819277107,0.2631806779839076,0.6315903389919538,,38,STRUCTURE_ONLY
334,447,0.19479606188466947,0.19479606188466947,0.1111111111111111,0.27848101265822783,0.8819171036881969,0.9409585518440984,,9,STRUCTURE_ONLY
335,190,0.50625,0.50625,0.2,0.8125,0.8164965809277261,0.9082482904638631,,3,STRUCTURE_ONLY
335,16,0.44666666666666666,0.44666666666666666,0.3333333333333333,0.56,0.9561828874675149,0.9780914437337574,,5,STRUCTURE_ONLY
335,252,0.43333333333333335,0.43333333333333335,0.2,0.6666666666666666,0.8190283593479223,0.9095141796739612,,9,STRUCTURE_ONLY
335,209,0.4157894736842105,0.4157894736842105,0.2,0.631578947368421,,,,1,STRUCTURE_ONLY
335,347,0.4157894736842105,0.4157894736842105,0.2,0.631578947368421,0.9438798074485389,0.9719399037242695,,5,STRUCTURE_ONLY
335,434,0.3858695652173913,0.3858695652173913,0.25,0.5217391304347826,,,,1,STRUCTURE_ONLY
335,97,0.3727272727272727,0.3727272727272727,0.2,0.5454545454545454,-0.5303300858899106,0.2348349570550447,,8,STRUCTURE_ONLY
335,74,0.35403726708074534,0.35403726708074534,0.14285714285714285,0.5652173913043478,,,,1,STRUCTURE_ONLY
335,356,0.35403726708074534,0.35403726708074534,0.14285714285714285,0.5652173913043478,0.9999999999999998,0.9999999999999999,,5,STRUCTURE_ONLY
335,348,0.3482142857142857,0.3482142857142857,0.125,0.5714285714285714,,,,0,STRUCTURE_ONLY
336,247,0.40783410138248843,0.40783410138248843,0.42857142857142855,0.3870967741935484,,,,0,STRUCTURE_ONLY
336,390,0.3287037037037037,0.3287037037037037,0.25,0.4074074074074074,,,,1,STRUCTURE_ONLY
336,130,0.2875,0.2875,0.2,0.375,1.0000000000000002,1.0,,3,STRUCTURE_ONLY
336,439,0.2673611111111111,0.2673611111111111,0.2222222222222222,0.3125,,,,1,STRUCTURE_ONLY
336,559,0.26545454545454544,0.26545454545454544,0.09090909090909091,0.44,,,,1,STRUCTURE_ONLY
336,299,0.2638888888888889,0.2638888888888889,0.25,0.2777777777777778,0.5,0.75,,4,STRUCTURE_ONLY
336,579,0.2552083333333333,0.2552083333333333,0.16666666666666666,0.34375,,,,2,STRUCTURE_ONLY
336,631,0.2532467532467533,0.2532467532467533,0.14285714285714285,0.36363636363636365,,,,0,STRUCTURE_ONLY
336,474,0.25217391304347825,0.25217391304347825,0.2,0.30434782608695654,,,,1,STRUCTURE_ONLY
336,659,0.25217391304347825,0.25217391304347825,0.2,0.30434782608695654,,,,2,STRUCTURE_ONLY
338,180,0.375,0.375,0.5,0.25,,,,0,STRUCTURE_ONLY
338,263,0.3333333333333333,0.3333333333333333,0.5,0.16666666666666666,,,,0,STRUCTURE_ONLY
338,555,0.3333333333333333,0.3333333333333333,0.5,0.16666666666666666,,,,1,STRUCTURE_ONLY
338,566,0.3333333333333333,0.3333333333333333,0.5,0.16666666666666666,,,,2,STRUCTURE_ONLY
338,207,0.30000000000000004,0.30000000000000004,0.4,0.2,,,,0,STRUCTURE_ONLY
338,176,0.3,0.3,0.5,0.1,0.31622776601683794,0.658113883008419,,3,STRUCTURE_ONLY
338,153,0.27142857142857146,0.27142857142857146,0.4,0.14285714285714285,,,,2,STRUCTURE_ONLY
338,193,0.27142857142857146,0.27142857142857146,0.4,0.14285714285714285,,,,1,STRUCTURE_ONLY
338,545,0.2625,0.2625,0.4,0.125,,,,0,STRUCTURE_ONLY
338,318,0.22916666666666666,0.22916666666666666,0.3333333333333333,0.125,,,,1,STRUCTURE_ONLY
339,603,0.602787456445993,0.602787456445993,0.5714285714285714,0.6341463414634146,0.0,0.5,,9,STRUCTURE_ONLY
339,583,0.5939393939393939,0.5939393939393939,0.45454545454545453,0.7333333333333333,0.9525793444156805,0.9762896722078402,,3,STRUCTURE_ONLY
339,170,0.5289473684210526,0.5289473684210526,0.4,0.6578947368421053,0.649519052838329,0.8247595264191645,,31,STRUCTURE_ONLY
339,244,0.5183823529411764,0.5183823529411764,0.4117647058823529,0.625,0.6405126152203486,0.8202563076101743,,15,STRUCTURE_ONLY
339,57,0.5133928571428572,0.5133928571428572,0.3125,0.7142857142857143,0.5745242597140698,0.7872621298570349,,14,STRUCTURE_ONLY
339,544,0.49910714285714286,0.49910714285714286,0.3125,0.6857142857142857,0.12262786789699316,0.5613139339484966,,19,STRUCTURE_ONLY
339,114,0.4983108108108108,0.4983108108108108,0.375,0.6216216216216216,0.7177405625652734,0.8588702812826368,,17,STRUCTURE_ONLY
339,494,0.49698340874811464,0.49698340874811464,0.35294117647058826,0.6410256410256411,0.14907119849998599,0.574535599249993,,5,STRUCTURE_ONLY
339,441,0.48611111111111105,0.48611111111111105,0.3333333333333333,0.6388888888888888,0.8396893026590251,0.9198446513295125,,17,STRUCTURE_ONLY
339,426,0.48469387755102045,0.48469387755102045,0.5,0.46938775510204084,0.38401228858985553,0.6920061442949278,,17,STRUCTURE_ONLY
340,394,0.375,0.375,0.3333333333333333,0.4166666666666667,,,,0,STRUCTURE_ONLY
340,25,0.23157894736842105,0.23157894736842105,0.2,0.2631578947368421,,,,1,STRUCTURE_ONLY
340,689,0.20416666666666666,0.20416666666666666,0.2,0.20833333333333334,,,,2,STRUCTURE_ONLY
340,46,0.19696969696969696,0.19696969696969696,0.16666666666666666,0.22727272727272727,,,,0,STRUCTURE_ONLY
340,599,0.19696969696969696,0.19696969696969696,0.16666666666666666,0.22727272727272727,,,,2,STRUCTURE_ONLY
340,133,0.19444444444444445,0.19444444444444445,0.1111111111111111,0.2777777777777778,,,,1,STRUCTURE_ONLY
340,501,0.19407894736842105,0.19407894736842105,0.125,0.2631578947368421,,,,2,STRUCTURE_ONLY
340,751,0.18506493506493504,0.18506493506493504,0.14285714285714285,0.22727272727272727,,,,0,STRUCTURE_ONLY
340,531,0.18333333333333335,0.18333333333333335,0.16666666666666666,0.2,0.7071067811865475,0.8535533905932737,,4,STRUCTURE_ONLY
340,568,0.1607142857142857,0.1607142857142857,0.14285714285714285,0.17857142857142858,,,,0,STRUCTURE_ONLY
341,685,0.55,0.55,0.5,0.6,0.7977240352174656,0.8988620176087327,,7,STRUCTURE_ONLY
341,329,0.5267857142857143,0.5267857142857143,0.42857142857142855,0.625,0.9669875568304563,0.9834937784152282,,8,STRUCTURE_ONLY
341,622,0.5,0.5,0.3333333333333333,0.6666666666666666,1.0,1.0,,4,STRUCTURE_ONLY
341,39,0.46785714285714286,0.46785714285714286,0.4,0.5357142857142857,0.9128709291752769,0.9564354645876385,,7,STRUCTURE_ONLY
341,530,0.4666666666666667,0.4666666666666667,0.3333333333333333,0.6,,,,1,STRUCTURE_ONLY
341,686,0.4666666666666667,0.4666666666666667,0.3333333333333333,0.6,,,,1,STRUCTURE_ONLY
341,36,0.4375,0.4375,0.375,0.5,0.8838834764831843,0.9419417382415922,,5,STRUCTURE_ONLY
341,715,0.42410714285714285,0.42410714285714285,0.2857142857142857,0.5625,0.9428090415820635,0.9714045207910318,,3,STRUCTURE_ONLY
341,746,0.4,0.4,0.3333333333333333,0.4666666666666667,,,,0,STRUCTURE_ONLY
341,717,0.3897058823529412,0.3897058823529412,0.25,0.5294117647058824,,,,2,STRUCTURE_ONLY
343,540,0.5277777777777778,0.5277777777777778,0.5,0.5555555555555556,0.8333333333333335,0.9166666666666667,,6,STRUCTURE_ONLY
343,410,0.5,0.5,0.6,0.4,0.8674723979493605,0.9337361989746802,,11,STRUCTURE_ONLY
343,328,0.4027777777777778,0.4027777777777778,0.25,0.5555555555555556,0.9486832980505138,0.9743416490252569,,9,STRUCTURE_ONLY
343,385,0.4017857142857143,0.4017857142857143,0.42857142857142855,0.375,0.9428090415820635,0.9714045207910318,,3,STRUCTURE_ONLY
343,178,0.35416666666666663,0.35416666666666663,0.3333333333333333,0.375,0.9525793444156805,0.9762896722078402,,6,STRUCTURE_ONLY
343,352,0.3472222222222222,0.3472222222222222,0.25,0.4444444444444444,,,,0,STRUCTURE_ONLY
343,239,0.3431372549019608,0.3431372549019608,0.3333333333333333,0.35294117647058826,1.0,1.0,,4,STRUCTURE_ONLY
343,492,0.3333333333333333,0.3333333333333333,0.3333333333333333,0.3333333333333333,0.9428090415820635,0.9714045207910318,,3,STRUCTURE_ONLY
343,401,0.3222222222222222,0.3222222222222222,0.2,0.4444444444444444,0.8705715001320139,0.935285750066007,,10,STRUCTURE_ONLY
343,35,0.31666666666666665,0.31666666666666665,0.3333333333333333,0.3,0.9486832980505138,0.9743416490252569,,4,STRUCTURE_ONLY
344,530,0.5147058823529411,0.5147058823529411,0.5,0.5294117647058824,0.8451542547285165,0.9225771273642582,,5,STRUCTURE_ONLY
344,686,0.5147058823529411,0.5147058823529411,0.5,0.5294117647058824,,,,1,STRUCTURE_ONLY
344,239,0.48245614035087714,0.48245614035087714,0.3333333333333333,0.631578947368421,1.0,1.0,,4,STRUCTURE_ONLY
344,685,0.4647058823529412,0.4647058823529412,0.4,0.5294117647058824,0.7126966450997984,0.8563483225498991,,9,STRUCTURE_ONLY
344,715,0.45,0.45,0.4,0.5,,,,2,STRUCTURE_ONLY
344,717,0.4444444444444444,0.4444444444444444,0.3333333333333333,0.5555555555555556,,,,1,STRUCTURE_ONLY
344,590,0.427536231884058,0.427536231884058,0.3333333333333333,0.5217391304347826,,,,2,STRUCTURE_ONLY
344,716,0.3939393939393939,0.3939393939393939,0.3333333333333333,0.45454545454545453,,,,0,STRUCTURE_ONLY
344,41,0.38095238095238093,0.38095238095238093,0.3333333333333333,0.42857142857142855,,,,2,STRUCTURE_ONLY
344,462,0.38095238095238093,0.38095238095238093,0.3333333333333333,0.42857142857142855,0.9486832980505138,0.9743416490252569,,4,STRUCTURE_ONLY
345,25,0.4631578947368421,0.4631578947368421,0.4,0.5263157894736842,1.0,1.0,,4,STRUCTURE_ONLY
345,41,0.27647058823529413,0.27647058823529413,0.2,0.35294117647058826,,,,1,STRUCTURE_ONLY
345,388,0.26785714285714285,0.26785714285714285,0.25,0.2857142857142857,0.5,0.75,,4,STRUCTURE_ONLY
345,395,0.23636363636363636,0.23636363636363636,0.2,0.2727272727272727,,,,2,STRUCTURE_ONLY
345,751,0.22916666666666666,0.22916666666666666,0.125,0.3333333333333333,,,,0,STRUCTURE_ONLY
345,500,0.20833333333333331,0.20833333333333331,0.16666666666666666,0.25,1.0000000000000002,1.0,,3,STRUCTURE_ONLY
345,16,0.19444444444444442,0.19444444444444442,0.16666666666666666,0.2222222222222222,,,,0,STRUCTURE_ONLY
345,91,0.17410714285714285,0.17410714285714285,0.0625,0.2857142857142857,1.0000000000000002,1.0,,3,STRUCTURE_ONLY
345,590,0.16666666666666666,0.16666666666666666,0.0,0.3333333333333333,,,,0,STRUCTURE_ONLY
345,380,0.16346153846153846,0.16346153846153846,0.07692307692307693,0.25,,,,2,STRUCTURE_ONLY
346,628,0.3869047619047619,0.3869047619047619,0.5,0.27380952380952384,,,,2,STRUCTURE_ONLY
346,111,0.3333333333333333,0.3333333333333333,0.3333333333333333,0.3333333333333333,0.7715167498104595,0.8857583749052298,,9,STRUCTURE_ONLY
346,562,0.3236434108527132,0.3236434108527132,0.3333333333333333,0.313953488372093,0.9155358977486603,0.9577679488743301,,35,STRUCTURE_ONLY
346,721,0.2629598662207358,0.2629598662207358,0.38461538461538464,0.14130434782608695,0.8249579113843053,0.9124789556921526,,8,STRUCTURE_ONLY
346,638,0.2559306569343066,0.2559306569343066,0.125,0.38686131386861317,0.7337993857053429,0.8668996928526714,,4,STRUCTURE_ONLY
346,702,0.2530395136778115,0.2530395136778115,0.35714285714285715,0.14893617021276595,,,,2,STRUCTURE_ONLY
346,203,0.23979591836734693,0.23979591836734693,0.35714285714285715,0.12244897959183673,0.0,0.5,,21,STRUCTURE_ONLY
346,321,0.22982456140350876,0.22982456140350876,0.3333333333333333,0.12631578947368421,0.9761870601839528,0.9880935300919764,,5,STRUCTURE_ONLY
346,501,0.2285587975243148,0.2285587975243148,0.3076923076923077,0.14942528735632185,0.7556096518348253,0.8778048259174127,,10,STRUCTURE_ONLY
346,135,0.2260111022997621,0.2260111022997621,0.3076923076923077,0.14432989690721648,0.9622504486493763,0.9811252243246882,,3,STRUCTURE_ONLY
347,190,0.475,0.475,0.2,0.75,,,,2,STRUCTURE_ONLY
347,252,0.4529411764705883,0.4529411764705883,0.2,0.7058823529411765,0.6350852961085883,0.8175426480542942,,8,STRUCTURE_ONLY
347,209,0.43333333333333335,0.43333333333333335,0.2,0.6666666666666666,,,,0,STRUCTURE_ONLY
347,335,0.4157894736842105,0.4157894736842105,0.2,0.631578947368421,0.9438798074485389,0.9719399037242695,,5,STRUCTURE_ONLY
347,434,0.3977272727272727,0.3977272727272727,0.25,0.5454545454545454,,,,2,STRUCTURE_ONLY
347,97,0.3857142857142857,0.3857142857142857,0.2,0.5714285714285714,-0.10540925533894598,0.447295372330527,,6,STRUCTURE_ONLY
347,356,0.3668831168831169,0.3668831168831169,0.14285714285714285,0.5909090909090909,0.9707253433941511,0.9853626716970756,,4,STRUCTURE_ONLY
347,348,0.3625,0.3625,0.125,0.6,,,,1,STRUCTURE_ONLY
347,440,0.3441558441558441,0.3441558441558441,0.14285714285714285,0.5454545454545454,0.0,0.5,,8,STRUCTURE_ONLY
347,637,0.3333333333333333,0.3333333333333333,0.16666666666666666,0.5,0.8609460320922785,0.9304730160461392,,7,STRUCTURE_ONLY
348,228,0.5571428571428572,0.5571428571428572,0.4,0.7142857142857143,,,,1,STRUCTURE_ONLY
348,502,0.5181818181818182,0.5181818181818182,0.4,0.6363636363636364,,,,0,STRUCTURE_ONLY
348,440,0.5056818181818181,0.5056818181818181,0.375,0.6363636363636364,,,,0,STRUCTURE_ONLY
348,193,0.48039215686274506,0.48039215686274506,0.6666666666666666,0.29411764705882354,,,,0,STRUCTURE_ONLY
348,252,0.4236111111111111,0.4236111111111111,0.125,0.7222222222222222,,,,0,STRUCTURE_ONLY
348,190,0.3958333333333333,0.3958333333333333,0.125,0.6666666666666666,,,,0,STRUCTURE_ONLY
348,209,0.3625,0.3625,0.125,0.6,,,,0,STRUCTURE_ONLY
348,347,0.3625,0.3625,0.125,0.6,,,,1,STRUCTURE_ONLY
348,607,0.35862068965517246,0.35862068965517246,0.2,0.5172413793103449,,,,1,STRUCTURE_ONLY
348,335,0.3482142857142857,0.3482142857142857,0.125,0.5714285714285714,,,,0,STRUCTURE_ONLY
349,205,0.5564516129032258,0.5564516129032258,0.5,0.6129032258064516,,,,1,STRUCTURE_ONLY
349,495,0.47685185185185186,0.47685185185185186,0.25,0.7037037037037037,0.8164965809277259,0.9082482904638629,,3,STRUCTURE_ONLY
349,608,0.3958333333333333,0.3958333333333333,0.16666666666666666,0.625,,,,3,STRUCTURE_ONLY
349,378,0.35752688172043007,0.35752688172043007,0.16666666666666666,0.5483870967741935,0.944911182523068,0.972455591261534,,4,STRUCTURE_ONLY
349,124,0.3571428571428571,0.3571428571428571,0.2,0.5142857142857142,0.9622504486493763,0.9811252243246882,,3,STRUCTURE_ONLY
349,632,0.3402777777777778,0.3402777777777778,0.125,0.5555555555555556,,,,0,STRUCTURE_ONLY
349,585,0.3211805555555556,0.3211805555555556,0.1111111111111111,0.53125,,,,0,STRUCTURE_ONLY
349,552,0.29065040650406504,0.29065040650406504,0.16666666666666666,0.4146341463414634,,,,1,STRUCTURE_ONLY
349,237,0.2770979020979021,0.2770979020979021,0.07692307692307693,0.4772727272727273,0.8728715609439696,0.9364357804719847,,4,STRUCTURE_ONLY
349,255,0.22716627634660422,0.22716627634660422,0.14285714285714285,0.3114754098360656,0.23570226039551587,0.617851130197758,,6,STRUCTURE_ONLY
350,564,0.5303030303030303,0.5303030303030303,0.3333333333333333,0.7272727272727273,0.5345224838248487,0.7672612419124243,,7,STRUCTURE_ONLY
350,675,0.5,0.5,0.3333333333333333,0.6666666666666666,1.0000000000000002,1.0,,3,STRUCTURE_ONLY
350,6,0.293859649122807,0.293859649122807,0.16666666666666666,0.42105263157894735,0.5345224838248488,0.7672612419124244,,13,STRUCTURE_ONLY
350,167,0.293859649122807,0.293859649122807,0.16666666666666666,0.42105263157894735,0.7715167498104596,0.8857583749052298,,5,STRUCTURE_ONLY
350,287,0.26666666666666666,0.26666666666666666,0.3333333333333333,0.2,0.8498365855987976,0.9249182927993989,,18,STRUCTURE_ONLY
350,172,0.26515151515151514,0.26515151515151514,0.16666666666666666,0.36363636363636365,0.7193887791962168,0.8596943895981084,,25,STRUCTURE_ONLY
350,120,0.25,0.25,0.16666666666666666,0.3333333333333333,0.8660254037844387,0.9330127018922194,,3,STRUCTURE_ONLY
350,419,0.225,0.225,0.2,0.25,0.816026113253443,0.9080130566267215,,19,STRUCTURE_ONLY
350,225,0.21957671957671956,0.21957671957671956,0.14285714285714285,0.2962962962962963,0.6963106238227914,0.8481553119113957,,8,STRUCTURE_ONLY
350,705,0.19642857142857142,0.19642857142857142,0.14285714285714285,0.25,0.84758689682642,0.92379344841321,,14,STRUCTURE_ONLY
351,213,0.2724089635854342,0.2724089635854342,0.23529411764705882,0.30952380952380953,0.4472135954999579,0.7236067977499789,,5,STRUCTURE_ONLY
351,438,0.22727272727272727,0.22727272727272727,0.18181818181818182,0.2727272727272727,,,,1,STRUCTURE_ONLY
351,317,0.20899854862119013,0.20899854862119013,0.15384615384615385,0.2641509433962264,,,,1,STRUCTURE_ONLY
351,228,0.20192307692307693,0.20192307692307693,0.25,0.15384615384615385,0.5,0.75,,4,STRUCTURE_ONLY
351,676,0.19607843137254902,0.19607843137254902,0.058823529411764705,0.3333333333333333,0.2672612419124244,0.6336306209562121,,5,STRUCTURE_ONLY
351,564,0.1866096866096866,0.1866096866096866,0.07692307692307693,0.2962962962962963,,,,4,STRUCTURE_ONLY
351,277,0.18523809523809523,0.18523809523809523,0.19047619047619047,0.18,0.9999999999999998,0.9999999999999999,,3,STRUCTURE_ONLY
351,6,0.18276515151515152,0.18276515151515152,0.0625,0.30303030303030304,0.5773502691896258,0.7886751345948129,,4,STRUCTURE_ONLY
351,350,0.1813186813186813,0.1813186813186813,0.07692307692307693,0.2857142857142857,,,,3,STRUCTURE_ONLY
351,675,0.1813186813186813,0.1813186813186813,0.07692307692307693,0.2857142857142857,,,,0,STRUCTURE_ONLY
352,401,0.75,0.75,0.5,1.0,0.4082482904638631,0.7041241452319316,,3,STRUCTURE_ONLY
352,318,0.43333333333333335,0.43333333333333335,0.2,0.6666666666666666,,,,0,STRUCTURE_ONLY
352,229,0.3666666666666667,0.3666666666666667,0.3333333333333333,0.4,,,,1,STRUCTURE_ONLY
352,343,0.3472222222222222,0.3472222222222222,0.25,0.4444444444444444,,,,0,STRUCTURE_ONLY
352,570,0.3333333333333333,0.3333333333333333,0.3333333333333333,0.3333333333333333,,,,0,STRUCTURE_ONLY
352,26,0.3222222222222222,0.3222222222222222,0.2,0.4444444444444444,,,,0,STRUCTURE_ONLY
352,209,0.3,0.3,0.3333333333333333,0.26666666666666666,,,,0,STRUCTURE_ONLY
352,265,0.20833333333333331,0.20833333333333331,0.16666666666666666,0.25,,,,0,STRUCTURE_ONLY
352,584,0.14090909090909093,0.14090909090909093,0.1,0.18181818181818182,,,,0,STRUCTURE_ONLY
352,694,0.1314655172413793,0.1314655172413793,0.125,0.13793103448275862,,,,0,STRUCTURE_ONLY
354,140,0.95,0.95,0.9,1.0,0.8333333333333334,0.9166666666666667,,6,STRUCTURE_ONLY
354,55,0.8479020979020979,0.8479020979020979,0.7727272727272727,0.9230769230769231,,,,1,STRUCTURE_ONLY
354,561,0.8311036789297659,0.8311036789297659,0.7391304347826086,0.9230769230769231,,,,2,STRUCTURE_ONLY
354,503,0.8,0.8,0.85,0.75,0.5477225575051661,0.773861278752583,,3,STRUCTURE_ONLY
354,269,0.7523809523809524,0.7523809523809524,0.9047619047619048,0.6,0.9428090415820635,0.9714045207910318,,3,STRUCTURE_ONLY
354,31,0.7261904761904763,0.7261904761904763,0.8095238095238095,0.6428571428571429,0.8017837257372731,0.9008918628686365,,4,STRUCTURE_ONLY
354,141,0.6567028985507246,0.6567028985507246,0.7916666666666666,0.5217391304347826,0.9434563530497265,0.9717281765248633,,4,STRUCTURE_ONLY
354,557,0.6369047619047619,0.6369047619047619,0.6071428571428571,0.6666666666666666,,,,1,STRUCTURE_ONLY
354,117,0.6306042884990253,0.6306042884990253,0.6296296296296297,0.631578947368421,1.0000000000000002,1.0,,3,STRUCTURE_ONLY
354,559,0.6290760869565217,0.6290760869565217,0.6956521739130435,0.5625,1.0000000000000002,1.0,,3,STRUCTURE_ONLY
355,281,0.6477272727272727,0.6477272727272727,0.75,0.5454545454545454,0.9428090415820635,0.9714045207910318,,6,STRUCTURE_ONLY
355,285,0.6057692307692308,0.6057692307692308,0.75,0.46153846153846156,0.8660254037844387,0.9330127018922194,,6,STRUCTURE_ONLY
355,621,0.5227272727272727,0.5227272727272727,0.5,0.5454545454545454,0.9045340337332909,0.9522670168666454,,8,STRUCTURE_ONLY
355,105,0.32967032967032966,0.32967032967032966,0.42857142857142855,0.23076923076923078,0.9341987329938275,0.9670993664969137,,9,STRUCTURE_ONLY
355,383,0.28289473684210525,0.28289473684210525,0.25,0.3157894736842105,0.9999999999999998,0.9999999999999999,,5,STRUCTURE_ONLY
355,326,0.28205128205128205,0.28205128205128205,0.3333333333333333,0.23076923076923078,-0.0994490316197694,0.4502754841901153,,23,STRUCTURE_ONLY
355,184,0.2777777777777778,0.2777777777777778,0.3333333333333333,0.2222222222222222,0.9438798074485389,0.9719399037242695,,5,STRUCTURE_ONLY
355,609,0.2727272727272727,0.2727272727272727,0.2727272727272727,0.2727272727272727,0.9358192003574064,0.9679096001787032,,10,STRUCTURE_ONLY
355,321,0.17094017094017094,0.17094017094017094,0.1111111111111111,0.23076923076923078,0.8504200642707612,0.9252100321353807,,10,STRUCTURE_ONLY
355,87,0.1683673469387755,0.1683673469387755,0.21428571428571427,0.12244897959183673,0.9013878188659974,0.9506939094329987,,10,STRUCTURE_ONLY
356,252,0.5166666666666666,0.5166666666666666,0.3333333333333333,0.7,0.9467292624062573,0.9733646312031287,,6,STRUCTURE_ONLY
356,190,0.39642857142857146,0.39642857142857146,0.14285714285714285,0.65,,,,1,STRUCTURE_ONLY
356,440,0.375,0.375,0.25,0.5,0.5,0.75,,4,STRUCTURE_ONLY
356,347,0.3668831168831169,0.3668831168831169,0.14285714285714285,0.5909090909090909,0.9707253433941511,0.9853626716970756,,4,STRUCTURE_ONLY
356,335,0.35403726708074534,0.35403726708074534,0.14285714285714285,0.5652173913043478,0.9999999999999998,0.9999999999999999,,5,STRUCTURE_ONLY
356,409,0.35,0.35,0.2,0.5,,,,1,STRUCTURE_ONLY
356,228,0.34090909090909094,0.34090909090909094,0.18181818181818182,0.5,,,,1,STRUCTURE_ONLY
356,502,0.34090909090909094,0.34090909090909094,0.18181818181818182,0.5,0.8164965809277259,0.9082482904638629,,5,STRUCTURE_ONLY
356,209,0.33229813664596275,0.33229813664596275,0.14285714285714285,0.5217391304347826,,,,1,STRUCTURE_ONLY
356,348,0.3208333333333333,0.3208333333333333,0.1,0.5416666666666666,,,,0,STRUCTURE_ONLY
357,390,0.5083333333333333,0.5083333333333333,0.4166666666666667,0.6,0.3779644730092272,0.6889822365046137,,7,STRUCTURE_ONLY
357,479,0.49857142857142855,0.49857142857142855,0.35714285714285715,0.64,,,,2,STRUCTURE_ONLY
357,129,0.4866666666666667,0.4866666666666667,0.3333333333333333,0.64,0.7071067811865476,0.8535533905932737,,4,STRUCTURE_ONLY
357,722,0.44166666666666665,0.44166666666666665,0.35,0.5333333333333333,1.0000000000000002,1.0,,3,STRUCTURE_ONLY
357,383,0.43990384615384615,0.43990384615384615,0.1875,0.6923076923076923,0.8451542547285165,0.9225771273642582,,5,STRUCTURE_ONLY
357,282,0.4323076923076923,0.4323076923076923,0.38461538461538464,0.48,,,,0,STRUCTURE_ONLY
357,306,0.42666666666666664,0.42666666666666664,0.3333333333333333,0.52,0.9354143466934852,0.9677071733467426,,5,STRUCTURE_ONLY
357,418,0.4116809116809117,0.4116809116809117,0.23076923076923078,0.5925925925925926,0.753778361444409,0.8768891807222046,,5,STRUCTURE_ONLY
357,130,0.4,0.4,0.26666666666666666,0.5333333333333333,0.7035264706814485,0.8517632353407243,,9,STRUCTURE_ONLY
357,149,0.39542483660130723,0.39542483660130723,0.23529411764705882,0.5555555555555556,0.1767766952966369,0.5883883476483185,,19,STRUCTURE_ONLY
358,746,0.55,0.55,0.4,0.7,,,,0,STRUCTURE_ONLY
358,685,0.45833333333333337,0.45833333333333337,0.3333333333333333,0.5833333333333334,0.6067798762169179,0.8033899381084589,,12,STRUCTURE_ONLY
358,268,0.44999999999999996,0.44999999999999996,0.2,0.7,,,,1,STRUCTURE_ONLY
358,543,0.44999999999999996,0.44999999999999996,0.2,0.7,0.7745966692414834,0.8872983346207417,,3,STRUCTURE_ONLY
358,701,0.44999999999999996,0.44999999999999996,0.2,0.7,,,,1,STRUCTURE_ONLY
358,754,0.44999999999999996,0.44999999999999996,0.2,0.7,,,,1,STRUCTURE_ONLY
358,727,0.4015151515151515,0.4015151515151515,0.16666666666666666,0.6363636363636364,,,,2,STRUCTURE_ONLY
358,198,0.3942307692307692,0.3942307692307692,0.25,0.5384615384615384,0.8164965809277259,0.9082482904638629,,4,STRUCTURE_ONLY
358,386,0.3942307692307692,0.3942307692307692,0.25,0.5384615384615384,0.41812100500354543,0.7090605025017727,,11,STRUCTURE_ONLY
358,329,0.39285714285714285,0.39285714285714285,0.2857142857142857,0.5,0.4999999999999999,0.75,,7,STRUCTURE_ONLY
359,755,0.48947368421052634,0.48947368421052634,0.4,0.5789473684210527,0.8164965809277259,0.9082482904638629,,3,STRUCTURE_ONLY
359,590,0.47500000000000003,0.47500000000000003,0.4,0.55,0.8006407690254358,0.9003203845127179,,7,STRUCTURE_ONLY
359,729,0.44642857142857145,0.44642857142857145,0.25,0.6428571428571429,0.6963106238227914,0.8481553119113957,,11,STRUCTURE_ONLY
359,378,0.4464285714285714,0.4464285714285714,0.5,0.39285714285714285,0.8304547985373997,0.9152273992686999,,17,STRUCTURE_ONLY
359,268,0.4358974358974359,0.4358974358974359,0.3333333333333333,0.5384615384615384,0.787295821622217,0.8936479108111085,,12,STRUCTURE_ONLY
359,543,0.4358974358974359,0.4358974358974359,0.3333333333333333,0.5384615384615384,0.6689936080056726,0.8344968040028363,,10,STRUCTURE_ONLY
359,701,0.4358974358974359,0.4358974358974359,0.3333333333333333,0.5384615384615384,0.9434563530497265,0.9717281765248633,,4,STRUCTURE_ONLY
359,754,0.4358974358974359,0.4358974358974359,0.3333333333333333,0.5384615384615384,0.9428090415820635,0.9714045207910318,,3,STRUCTURE_ONLY
359,366,0.4166666666666667,0.4166666666666667,0.2222222222222222,0.6111111111111112,0.6361464251628643,0.8180732125814322,,19,STRUCTURE_ONLY
359,565,0.40476190476190477,0.40476190476190477,0.2857142857142857,0.5238095238095238,0.560112033611204,0.780056016805602,,11,STRUCTURE_ONLY
360,259,0.5275032938076416,0.5275032938076416,0.4318181818181818,0.6231884057971014,0.808290376865476,0.9041451884327381,,6,STRUCTURE_ONLY
360,513,0.49451754385964913,0.49451754385964913,0.375,0.6140350877192983,0.8823529411764706,0.9411764705882353,,8,STRUCTURE_ONLY
360,244,0.4726110772976263,0.4726110772976263,0.3225806451612903,0.6226415094339622,0.8292884288627292,0.9146442144313647,,10,STRUCTURE_ONLY
360,50,0.44624746450304265,0.44624746450304265,0.3235294117647059,0.5689655172413793,0.9999999999999999,1.0,,4,STRUCTURE_ONLY
360,223,0.4461580086580087,0.4461580086580087,0.30303030303030304,0.5892857142857143,0.9622504486493763,0.9811252243246882,,6,STRUCTURE_ONLY
360,163,0.427812858783008,0.427812858783008,0.28846153846153844,0.5671641791044776,0.5962847939999439,0.7981423969999719,,9,STRUCTURE_ONLY
360,57,0.4274509803921569,0.4274509803921569,0.26666666666666666,0.5882352941176471,0.8770580193070293,0.9385290096535146,,7,STRUCTURE_ONLY
360,188,0.42561141304347827,0.42561141304347827,0.30434782608695654,0.546875,0.9561828874675149,0.9780914437337574,,5,STRUCTURE_ONLY
360,494,0.41203703703703703,0.41203703703703703,0.25,0.5740740740740741,0.9561828874675149,0.9780914437337574,,4,STRUCTURE_ONLY
360,186,0.4041666666666667,0.4041666666666667,0.325,0.48333333333333334,0.7856742013183862,0.8928371006591931,,9,STRUCTURE_ONLY
361,314,0.31342062193126025,0.31342062193126025,0.3191489361702128,0.3076923076923077,0.6893048983852161,0.8446524491926081,,42,STRUCTURE_ONLY
361,219,0.3115246098439376,0.3115246098439376,0.23529411764705882,0.3877551020408163,0.3550234734023465,0.6775117367011733,,48,STRUCTURE_ONLY
361,429,0.3068181818181818,0.3068181818181818,0.11363636363636363,0.5,0.633368239922675,0.8166841199613375,,78,STRUCTURE_ONLY
361,72,0.2827529021558872,0.2827529021558872,0.2222222222222222,0.34328358208955223,0.3729076191899583,0.6864538095949791,,76,STRUCTURE_ONLY
361,132,0.2717391304347826,0.2717391304347826,0.10869565217391304,0.43478260869565216,0.944911182523068,0.972455591261534,,4,STRUCTURE_ONLY
361,366,0.26499670402109426,0.26499670402109426,0.0975609756097561,0.43243243243243246,0.46291004988627577,0.7314550249431379,,17,STRUCTURE_ONLY
361,367,0.2558139534883721,0.2558139534883721,0.06976744186046512,0.4418604651162791,0.09567297464698797,0.547836487323494,,34,STRUCTURE_ONLY
361,458,0.24851190476190477,0.24851190476190477,0.10416666666666667,0.39285714285714285,0.6260085624373912,0.8130042812186956,,81,STRUCTURE_ONLY
361,493,0.24324324324324326,0.24324324324324326,0.16216216216216217,0.32432432432432434,0.0,0.5,,5,STRUCTURE_ONLY
361,59,0.23367602111697694,0.23367602111697694,0.21311475409836064,0.2542372881355932,0.8728715609439696,0.9364357804719847,,7,STRUCTURE_ONLY
362,22,0.65,0.65,0.5,0.8,,,,0,STRUCTURE_ONLY
362,729,0.5833333333333333,0.5833333333333333,0.5,0.6666666666666666,0.8164965809277261,0.9082482904638631,,9,STRUCTURE_ONLY
362,268,0.35833333333333334,0.35833333333333334,0.25,0.4666666666666667,0.9583727150068314,0.9791863575034156,,8,STRUCTURE_ONLY
362,543,0.35833333333333334,0.35833333333333334,0.25,0.4666666666666667,0.9128709291752769,0.9564354645876385,,6,STRUCTURE_ONLY
362,701,0.35833333333333334,0.35833333333333334,0.25,0.4666666666666667,0.9622504486493764,0.9811252243246882,,6,STRUCTURE_ONLY
362,754,0.35833333333333334,0.35833333333333334,0.25,0.4666666666666667,,,,1,STRUCTURE_ONLY
362,269,0.339572192513369,0.339572192513369,0.09090909090909091,0.5882352941176471,0.8944271909999159,0.9472135954999579,,5,STRUCTURE_ONLY
362,746,0.33333333333333337,0.33333333333333337,0.2,0.4666666666666667,,,,0,STRUCTURE_ONLY
362,508,0.3214285714285714,0.3214285714285714,0.14285714285714285,0.5,0.9473729613780999,0.97368648068905,,14,STRUCTURE_ONLY
362,359,0.3201754385964912,0.3201754385964912,0.16666666666666666,0.47368421052631576,0.8486684247915055,0.9243342123957528,,24,STRUCTURE_ONLY
363,92,1.0,1.0,1.0,1.0,,,,1,STRUCTURE_ONLY
363,268,0.6,0.6,0.5,0.7,0.9622504486493763,0.9811252243246882,,3,STRUCTURE_ONLY
363,543,0.6,0.6,0.5,0.7,0.8944271909999159,0.9472135954999579,,5,STRUCTURE_ONLY
363,701,0.6,0.6,0.5,0.7,,,,2,STRUCTURE_ONLY
363,754,0.6,0.6,0.5,0.7,,,,1,STRUCTURE_ONLY
363,746,0.5166666666666666,0.5166666666666666,0.3333333333333333,0.7,,,,0,STRUCTURE_ONLY
363,216,0.5125,0.5125,0.4,0.625,0.4999999999999999,0.75,,3,STRUCTURE_ONLY
363,727,0.48484848484848486,0.48484848484848486,0.3333333333333333,0.6363636363636364,,,,3,STRUCTURE_ONLY
363,530,0.45833333333333337,0.45833333333333337,0.3333333333333333,0.5833333333333334,0.9999999999999998,0.9999999999999999,,5,STRUCTURE_ONLY
363,686,0.45833333333333337,0.45833333333333337,0.3333333333333333,0.5833333333333334,0.8660254037844387,0.9330127018922194,,3,STRUCTURE_ONLY
364,467,0.6447368421052632,0.6447368421052632,0.5,0.7894736842105263,1.0000000000000002,1.0,,3,STRUCTURE_ONLY
364,442,0.6169590643274854,0.6169590643274854,0.4444444444444444,0.7894736842105263,,,,1,STRUCTURE_ONLY
364,294,0.42158968850698175,0.42158968850698175,0.21052631578947367,0.6326530612244898,1.0000000000000002,1.0,,3,STRUCTURE_ONLY
364,46,0.4202702702702703,0.4202702702702703,0.3,0.5405405405405406,,,,2,STRUCTURE_ONLY
364,144,0.4128205128205128,0.4128205128205128,0.3333333333333333,0.49230769230769234,,,,2,STRUCTURE_ONLY
364,444,0.40114795918367346,0.40114795918367346,0.3125,0.4897959183673469,,,,1,STRUCTURE_ONLY
364,531,0.4,0.4,0.3,0.5,,,,2,STRUCTURE_ONLY
364,599,0.4,0.4,0.3,0.5,,,,1,STRUCTURE_ONLY
364,630,0.38753799392097266,0.38753799392097266,0.2857142857142857,0.48936170212765956,,,,0,STRUCTURE_ONLY
364,679,0.3738095238095238,0.3738095238095238,0.21428571428571427,0.5333333333333333,,,,0,STRUCTURE_ONLY
365,145,0.2738095238095238,0.2738095238095238,0.21428571428571427,0.3333333333333333,0.45993310550389993,0.72996655275195,,21,STRUCTURE_ONLY
365,413,0.21218487394957986,0.21218487394957986,0.07142857142857142,0.35294117647058826,-0.05698028822981897,0.47150985588509053,,8,STRUCTURE_ONLY
365,691,0.20192307692307693,0.20192307692307693,0.15384615384615385,0.25,,,,0,STRUCTURE_ONLY
365,29,0.1969309462915601,0.1969309462915601,0.17647058823529413,0.21739130434782608,,,,1,STRUCTURE_ONLY
365,475,0.18785578747628084,0.18785578747628084,0.11764705882352941,0.25806451612903225,0.2547719021193928,0.6273859510596964,,28,STRUCTURE_ONLY
365,107,0.1778846153846154,0.1778846153846154,0.125,0.23076923076923078,0.7977240352174656,0.8988620176087327,,7,STRUCTURE_ONLY
365,422,0.16820276497695852,0.16820276497695852,0.14285714285714285,0.1935483870967742,0.9428090415820635,0.9714045207910318,,6,STRUCTURE_ONLY
365,371,0.1557142857142857,0.1557142857142857,0.07142857142857142,0.24,0.19999999999999996,0.6,,5,STRUCTURE_ONLY
365,152,0.1468253968253968,0.1468253968253968,0.07142857142857142,0.2222222222222222,-0.33333333333333337,0.3333333333333333,,3,STRUCTURE_ONLY
365,232,0.14536340852130325,0.14536340852130325,0.05263157894736842,0.23809523809523808,,,,0,STRUCTURE_ONLY
366,36,0.5972222222222222,0.5972222222222222,0.4444444444444444,0.75,0.0,0.5,,14,STRUCTURE_ONLY
366,462,0.5196078431372549,0.5196078431372549,0.3333333333333333,0.7058823529411765,0.5613608914238398,0.7806804457119199,,15,STRUCTURE_ONLY
366,505,0.48397435897435903,0.48397435897435903,0.38461538461538464,0.5833333333333334,0.7456011350793257,0.8728005675396628,,16,STRUCTURE_ONLY
366,636,0.4833333333333333,0.4833333333333333,0.3,0.6666666666666666,0.39223227027636803,0.696116135138184,,7,STRUCTURE_ONLY
366,601,0.48245614035087714,0.48245614035087714,0.3333333333333333,0.631578947368421,,,,2,STRUCTURE_ONLY
366,155,0.4818181818181818,0.4818181818181818,0.36363636363636365,0.6,-0.5785419118799024,0.21072904406004878,,10,STRUCTURE_ONLY
366,282,0.4777777777777778,0.4777777777777778,0.4,0.5555555555555556,,,,1,STRUCTURE_ONLY
366,590,0.47619047619047616,0.47619047619047616,0.3333333333333333,0.6190476190476191,0.7559289460184544,0.8779644730092272,,7,STRUCTURE_ONLY
366,565,0.46969696969696967,0.46969696969696967,0.2727272727272727,0.6666666666666666,0.4558423058385518,0.727921152919276,,8,STRUCTURE_ONLY
366,685,0.46875,0.46875,0.375,0.5625,0.5659999567638939,0.782999978381947,,29,STRUCTURE_ONLY
367,429,0.55,0.55,0.4,0.7,0.0,0.5,,39,STRUCTURE_ONLY
367,591,0.4225589225589226,0.4225589225589226,0.36363636363636365,0.48148148148148145,,,,0,STRUCTURE_ONLY
367,48,0.40804597701149425,0.40804597701149425,0.3333333333333333,0.4827586206896552,0.43915503282683993,0.7195775164134199,,37,STRUCTURE_ONLY
367,648,0.38636363636363635,0.38636363636363635,0.2727272727272727,0.5,0.21693045781865616,0.6084652289093281,,11,STRUCTURE_ONLY
367,282,0.365,0.365,0.25,0.48,,,,0,STRUCTURE_ONLY
367,506,0.35858585858585856,0.35858585858585856,0.2727272727272727,0.4444444444444444,0.6546536707079772,0.8273268353539887,,7,STRUCTURE_ONLY
367,458,0.35833333333333334,0.35833333333333334,0.25,0.4666666666666667,0.06219704135711229,0.5310985206785561,,44,STRUCTURE_ONLY
367,357,0.3529411764705882,0.3529411764705882,0.23529411764705882,0.47058823529411764,0.20412414523193148,0.6020620726159658,,10,STRUCTURE_ONLY
367,722,0.350328947368421,0.350328947368421,0.2631578947368421,0.4375,0.5773502691896258,0.7886751345948129,,3,STRUCTURE_ONLY
367,382,0.35,0.35,0.3,0.4,0.6666666666666666,0.8333333333333333,,29,STRUCTURE_ONLY
369,737,0.25,0.25,0.0,0.5,,,,1,STRUCTURE_ONLY
369,51,0.22916666666666666,0.22916666666666666,0.125,0.3333333333333333,,,,0,STRUCTURE_ONLY
369,96,0.20512820512820512,0.20512820512820512,0.07692307692307693,0.3333333333333333,,,,0,STRUCTURE_ONLY
369,67,0.13333333333333333,0.13333333333333333,0.2,0.06666666666666667,,,,0,STRUCTURE_ONLY
369,479,0.07173913043478261,0.07173913043478261,0.1,0.043478260869565216,,,,0,STRUCTURE_ONLY
369,229,0.0625,0.0625,0.0,0.125,,,,0,STRUCTURE_ONLY
369,520,0.06173780487804878,0.06173780487804878,0.0625,0.06097560975609756,,,,0,STRUCTURE_ONLY
369,510,0.06086956521739131,0.06086956521739131,0.1,0.021739130434782608,,,,0,STRUCTURE_ONLY
369,259,0.06077694235588972,0.06077694235588972,0.02631578947368421,0.09523809523809523,,,,0,STRUCTURE_ONLY
369,507,0.05555555555555555,0.05555555555555555,0.0,0.1111111111111111,,,,0,STRUCTURE_ONLY
370,519,0.5086206896551724,0.5086206896551724,0.5,0.5172413793103449,0.9435641951204965,0.9717820975602482,,12,STRUCTURE_ONLY
370,471,0.3947115384615385,0.3947115384615385,0.3125,0.47692307692307695,0.35355339059327373,0.6767766952966369,,10,STRUCTURE_ONLY
370,170,0.35775862068965514,0.35775862068965514,0.25,0.46551724137931033,0.9415130835240085,0.9707565417620043,,12,STRUCTURE_ONLY
370,169,0.3411910669975186,0.3411910669975186,0.23076923076923078,0.45161290322580644,0.8003267306650412,0.9001633653325206,,9,STRUCTURE_ONLY
370,87,0.3386243386243386,0.3386243386243386,0.07407407407407407,0.6031746031746031,0.8528028654224417,0.9264014327112209,,5,STRUCTURE_ONLY
370,163,0.3298525798525799,0.3298525798525799,0.22727272727272727,0.43243243243243246,0.9074852129730302,0.9537426064865151,,8,STRUCTURE_ONLY
370,447,0.32796610169491525,0.32796610169491525,0.3,0.3559322033898305,0.9428090415820635,0.9714045207910318,,3,STRUCTURE_ONLY
370,57,0.3273809523809524,0.3273809523809524,0.19047619047619047,0.4642857142857143,0.944911182523068,0.972455591261534,,4,STRUCTURE_ONLY
370,604,0.32291666666666663,0.32291666666666663,0.3125,0.3333333333333333,,,,1,STRUCTURE_ONLY
370,339,0.310207336523126,0.310207336523126,0.18181818181818182,0.43859649122807015,0.6139406135149205,0.8069703067574603,,7,STRUCTURE_ONLY
371,413,0.38888888888888884,0.38888888888888884,0.3333333333333333,0.4444444444444444,1.0000000000000002,1.0,,3,STRUCTURE_ONLY
371,186,0.3436842105263158,0.3436842105263158,0.24,0.4473684210526316,0.9999999999999999,1.0,,7,STRUCTURE_ONLY
371,67,0.3067226890756303,0.3067226890756303,0.14285714285714285,0.47058823529411764,0.9561828874675149,0.9780914437337574,,5,STRUCTURE_ONLY
371,474,0.2892156862745098,0.2892156862745098,0.16666666666666666,0.4117647058823529,0.7745966692414834,0.8872983346207417,,5,STRUCTURE_ONLY
371,659,0.2892156862745098,0.2892156862745098,0.16666666666666666,0.4117647058823529,0.07372097807744857,0.5368604890387243,,8,STRUCTURE_ONLY
371,422,0.280564263322884,0.280564263322884,0.18181818181818182,0.3793103448275862,0.944911182523068,0.972455591261534,,4,STRUCTURE_ONLY
371,307,0.2791666666666667,0.2791666666666667,0.125,0.43333333333333335,0.5345224838248487,0.7672612419124243,,7,STRUCTURE_ONLY
371,155,0.27840909090909094,0.27840909090909094,0.18181818181818182,0.375,0.10482848367219183,0.5524142418360959,,7,STRUCTURE_ONLY
371,439,0.26666666666666666,0.26666666666666666,0.2,0.3333333333333333,,,,2,STRUCTURE_ONLY
371,49,0.2556390977443609,0.2556390977443609,0.14285714285714285,0.3684210526315789,0.8944271909999159,0.9472135954999579,,5,STRUCTURE_ONLY
372,529,0.3923611111111111,0.3923611111111111,0.2222222222222222,0.5625,0.9590163934426228,0.9795081967213114,,53,STRUCTURE_ONLY
372,457,0.11904761904761904,0.11904761904761904,0.14285714285714285,0.09523809523809523,0.8899883189799696,0.9449941594899848,,35,STRUCTURE_ONLY
372,156,0.09429824561403508,0.09429824561403508,0.08333333333333333,0.10526315789473684,0.9023354809003539,0.9511677404501769,,28,STRUCTURE_ONLY
372,400,0.07941176470588235,0.07941176470588235,0.1,0.058823529411764705,0.9425287356321838,0.9712643678160919,,30,STRUCTURE_ONLY
372,412,0.05555555555555555,0.05555555555555555,0.0,0.1111111111111111,0.8660254037844387,0.9330127018922194,,4,STRUCTURE_ONLY
372,538,0.047619047619047616,0.047619047619047616,0.0,0.09523809523809523,0.9472551135958184,0.9736275567979091,,27,STRUCTURE_ONLY
372,338,0.045454545454545456,0.045454545454545456,0.0,0.09090909090909091,0.7071067811865475,0.8535533905932737,,4,STRUCTURE_ONLY
372,445,0.043478260869565216,0.043478260869565216,0.0,0.08695652173913043,0.8890520422532002,0.9445260211266001,,28,STRUCTURE_ONLY
372,246,0.034482758620689655,0.034482758620689655,0.0,0.06896551724137931,0.9519105246158316,0.9759552623079157,,30,STRUCTURE_ONLY
372,58,0.03409090909090909,0.03409090909090909,0.0,0.06818181818181818,0.9037422198835241,0.951871109941762,,45,STRUCTURE_ONLY
373,358,0.2792207792207792,0.2792207792207792,0.2857142857142857,0.2727272727272727,,,,1,STRUCTURE_ONLY
373,81,0.25,0.25,0.0,0.5,,,,2,STRUCTURE_ONLY
373,311,0.22424242424242424,0.22424242424242424,0.18181818181818182,0.26666666666666666,,,,0,STRUCTURE_ONLY
373,629,0.21428571428571427,0.21428571428571427,0.0,0.42857142857142855,0.6666666666666667,0.8333333333333334,,5,STRUCTURE_ONLY
373,3,0.2,0.2,0.0,0.4,0.9045340337332909,0.9522670168666454,,5,STRUCTURE_ONLY
373,452,0.17619047619047618,0.17619047619047618,0.06666666666666667,0.2857142857142857,0.9128709291752769,0.9564354645876385,,4,STRUCTURE_ONLY
373,517,0.16666666666666666,0.16666666666666666,0.0,0.3333333333333333,,,,2,STRUCTURE_ONLY
373,322,0.14285714285714285,0.14285714285714285,0.0,0.2857142857142857,,,,1,STRUCTURE_ONLY
373,148,0.125,0.125,0.0,0.25,,,,0,STRUCTURE_ONLY
373,254,0.125,0.125,0.0,0.25,,,,0,STRUCTURE_ONLY
375,568,0.565982404692082,0.565982404692082,0.45454545454545453,0.6774193548387096,0.9525793444156805,0.9762896722078402,,6,STRUCTURE_ONLY
375,50,0.5647058823529412,0.5647058823529412,0.5294117647058824,0.6,1.0,1.0,,8,STRUCTURE_ONLY
375,52,0.5333333333333333,0.5333333333333333,0.4666666666666667,0.6,0.8075728530872482,0.9037864265436242,,17,STRUCTURE_ONLY
375,280,0.519893899204244,0.519893899204244,0.38461538461538464,0.6551724137931034,0.8608284620211167,0.9304142310105583,,12,STRUCTURE_ONLY
375,154,0.5050420168067227,0.5050420168067227,0.35294117647058826,0.6571428571428571,,,,2,STRUCTURE_ONLY
375,501,0.5046296296296297,0.5046296296296297,0.4166666666666667,0.5925925925925926,0.710046946804693,0.8550234734023465,,18,STRUCTURE_ONLY
375,633,0.49425287356321834,0.49425287356321834,0.3333333333333333,0.6551724137931034,0.7378647873726218,0.8689323936863109,,8,STRUCTURE_ONLY
375,679,0.4939271255060729,0.4939271255060729,0.46153846153846156,0.5263157894736842,0.8944271909999159,0.9472135954999579,,8,STRUCTURE_ONLY
375,444,0.49375,0.49375,0.4375,0.55,0.7360747380985777,0.8680373690492889,,26,STRUCTURE_ONLY
375,721,0.49230769230769234,0.49230769230769234,0.38461538461538464,0.6,0.7171371656006361,0.858568582800318,,16,STRUCTURE_ONLY
376,289,0.5939578713968958,0.5939578713968958,0.4318181818181818,0.7560975609756098,0.8902638145194514,0.9451319072597257,,13,STRUCTURE_ONLY
376,511,0.5761904761904761,0.5761904761904761,0.4857142857142857,0.6666666666666666,0.9486832980505138,0.9743416490252569,,5,STRUCTURE_ONLY
376,604,0.5335497835497836,0.5335497835497836,0.42424242424242425,0.6428571428571429,0.0,0.5,,3,STRUCTURE_ONLY
376,123,0.5198170731707317,0.5198170731707317,0.4146341463414634,0.625,0.9,0.95,,10,STRUCTURE_ONLY
376,471,0.504375,0.504375,0.46875,0.54,0.6154574548966638,0.8077287274483319,,8,STRUCTURE_ONLY
376,126,0.4777034559643255,0.4777034559643255,0.391304347826087,0.5641025641025641,0.9354143466934853,0.9677071733467426,,8,STRUCTURE_ONLY
376,142,0.4722222222222222,0.4722222222222222,0.4444444444444444,0.5,0.882522608121828,0.941261304060914,,7,STRUCTURE_ONLY
376,482,0.46683673469387754,0.46683673469387754,0.4642857142857143,0.46938775510204084,0.840168050416806,0.920084025208403,,11,STRUCTURE_ONLY
376,533,0.45958646616541354,0.45958646616541354,0.39285714285714285,0.5263157894736842,0.9669875568304563,0.9834937784152282,,8,STRUCTURE_ONLY
376,163,0.4523809523809524,0.4523809523809524,0.40476190476190477,0.5,0.917662935482247,0.9588314677411235,,10,STRUCTURE_ONLY
377,69,0.6028138528138528,0.6028138528138528,0.35714285714285715,0.8484848484848485,-0.09128709291752768,0.45435645354123616,,8,STRUCTURE_ONLY
377,577,0.5454545454545454,0.5454545454545454,0.3333333333333333,0.7575757575757576,,,,2,STRUCTURE_ONLY
377,222,0.5440729483282675,0.5440729483282675,0.42857142857142855,0.6595744680851063,,,,1,STRUCTURE_ONLY
377,57,0.4861111111111111,0.4861111111111111,0.2777777777777778,0.6944444444444444,-0.1336306209562122,0.43318468952189393,,5,STRUCTURE_ONLY
377,398,0.47115384615384615,0.47115384615384615,0.25,0.6923076923076923,,,,1,STRUCTURE_ONLY
377,441,0.45786963434022254,0.45786963434022254,0.29411764705882354,0.6216216216216216,0.5303300858899106,0.7651650429449552,,10,STRUCTURE_ONLY
377,244,0.45487804878048776,0.45487804878048776,0.3,0.6097560975609756,0.7302967433402214,0.8651483716701107,,3,STRUCTURE_ONLY
377,114,0.4487179487179487,0.4487179487179487,0.3333333333333333,0.5641025641025641,0.05555555555555555,0.5277777777777778,,12,STRUCTURE_ONLY
377,513,0.441699604743083,0.441699604743083,0.3181818181818182,0.5652173913043478,1.0000000000000002,1.0,,3,STRUCTURE_ONLY
377,694,0.4284578696343402,0.4284578696343402,0.23529411764705882,0.6216216216216216,0.1889822365046136,0.5944911182523068,,4,STRUCTURE_ONLY
378,495,0.5357142857142857,0.5357142857142857,0.2857142857142857,0.7857142857142857,0.8504200642707612,0.9252100321353807,,11,STRUCTURE_ONLY
378,205,0.5104166666666666,0.5104166666666666,0.3333333333333333,0.6875,0.9707253433941511,0.9853626716970756,,4,STRUCTURE_ONLY
378,585,0.4976958525345622,0.4976958525345622,0.2857142857142857,0.7096774193548387,1.0000000000000002,1.0,,3,STRUCTURE_ONLY
378,359,0.4464285714285714,0.4464285714285714,0.5,0.39285714285714285,0.8304547985373997,0.9152273992686999,,17,STRUCTURE_ONLY
378,124,0.4253968253968254,0.4253968253968254,0.2222222222222222,0.6285714285714286,0.9061030445113443,0.9530515222556721,,7,STRUCTURE_ONLY
378,632,0.42328042328042326,0.42328042328042326,0.14285714285714285,0.7037037037037037,0.9622504486493763,0.9811252243246882,,3,STRUCTURE_ONLY
378,755,0.371875,0.371875,0.4,0.34375,,,,2,STRUCTURE_ONLY
378,608,0.3678571428571429,0.3678571428571429,0.2,0.5357142857142857,0.10846522890932808,0.5542326144546641,,11,STRUCTURE_ONLY
378,590,0.3666666666666667,0.3666666666666667,0.4,0.3333333333333333,0.7905694150420948,0.8952847075210474,,7,STRUCTURE_ONLY
378,552,0.36590909090909096,0.36590909090909096,0.18181818181818182,0.55,1.0000000000000002,1.0,,3,STRUCTURE_ONLY
379,581,0.4753846153846154,0.4753846153846154,0.23076923076923078,0.72,0.8807048459279794,0.9403524229639897,,14,STRUCTURE_ONLY
379,591,0.46153846153846156,0.46153846153846156,0.5,0.4230769230769231,,,,1,STRUCTURE_ONLY
379,264,0.4065934065934066,0.4065934065934066,0.42857142857142855,0.38461538461538464,0.9270471647242887,0.9635235823621444,,14,STRUCTURE_ONLY
379,390,0.39903846153846156,0.39903846153846156,0.375,0.4230769230769231,0.0,0.5,,14,STRUCTURE_ONLY
379,36,0.39583333333333337,0.39583333333333337,0.375,0.4166666666666667,0.5720775535473553,0.7860387767736776,,23,STRUCTURE_ONLY
379,625,0.3875,0.3875,0.375,0.4,0.8677218312746247,0.9338609156373123,,11,STRUCTURE_ONLY
379,636,0.3798076923076923,0.3798076923076923,0.375,0.38461538461538464,0.9525793444156805,0.9762896722078402,,6,STRUCTURE_ONLY
379,282,0.375,0.375,0.3333333333333333,0.4166666666666667,,,,1,STRUCTURE_ONLY
379,618,0.3666666666666667,0.3666666666666667,0.3333333333333333,0.4,0.889108448948774,0.944554224474387,,14,STRUCTURE_ONLY
379,396,0.35185185185185186,0.35185185185185186,0.3333333333333333,0.37037037037037035,0.9434563530497265,0.9717281765248633,,7,STRUCTURE_ONLY
380,599,0.5026525198938993,0.5026525198938993,0.38461538461538464,0.6206896551724138,0.9707253433941511,0.9853626716970756,,4,STRUCTURE_ONLY
380,630,0.4457013574660633,0.4457013574660633,0.35294117647058826,0.5384615384615384,,,,2,STRUCTURE_ONLY
380,228,0.4398148148148148,0.4398148148148148,0.25,0.6296296296296297,0.9999999999999998,0.9999999999999999,,5,STRUCTURE_ONLY
380,444,0.4342105263157895,0.4342105263157895,0.3684210526315789,0.5,0.7777777777777778,0.8888888888888888,,9,STRUCTURE_ONLY
380,531,0.42410714285714285,0.42410714285714285,0.2857142857142857,0.5625,0.8660254037844387,0.9330127018922194,,4,STRUCTURE_ONLY
380,455,0.4196808510638298,0.4196808510638298,0.35,0.48936170212765956,1.0000000000000002,1.0,,3,STRUCTURE_ONLY
380,16,0.40714285714285714,0.40714285714285714,0.21428571428571427,0.6,,,,2,STRUCTURE_ONLY
380,513,0.4,0.4,0.3333333333333333,0.4666666666666667,0.8451542547285165,0.9225771273642582,,5,STRUCTURE_ONLY
380,190,0.385,0.385,0.25,0.52,,,,0,STRUCTURE_ONLY
380,74,0.3830049261083744,0.3830049261083744,0.21428571428571427,0.5517241379310345,,,,1,STRUCTURE_ONLY
381,382,0.9,0.9,0.8,1.0,0.4303314829119352,0.7151657414559676,,26,STRUCTURE_ONLY
381,235,0.48333333333333334,0.48333333333333334,0.16666666666666666,0.8,0.0,0.5,,11,STRUCTURE_ONLY
381,753,0.48333333333333334,0.48333333333333334,0.16666666666666666,0.8,0.8164965809277259,0.9082482904638629,,3,STRUCTURE_ONLY
381,262,0.4777777777777778,0.4777777777777778,0.5555555555555556,0.4,0.6301260378126043,0.8150630189063022,,53,STRUCTURE_ONLY
381,99,0.4356060606060606,0.4356060606060606,0.45454545454545453,0.4166666666666667,0.6155870112510924,0.8077935056255462,,46,STRUCTURE_ONLY
381,650,0.3958333333333333,0.3958333333333333,0.125,0.6666666666666666,-0.21081851067789195,0.39459074466105404,,9,STRUCTURE_ONLY
381,367,0.33636363636363636,0.33636363636363636,0.2727272727272727,0.4,0.6943650748294137,0.8471825374147068,,27,STRUCTURE_ONLY
381,408,0.22549019607843135,0.22549019607843135,0.3333333333333333,0.11764705882352941,0.23145502494313788,0.615727512471569,,30,STRUCTURE_ONLY
381,48,0.20512820512820512,0.20512820512820512,0.3333333333333333,0.07692307692307693,0.4529108136578383,0.7264554068289192,,45,STRUCTURE_ONLY
381,222,0.1853303471444569,0.1853303471444569,0.15789473684210525,0.2127659574468085,0.40824829046386296,0.7041241452319315,,6,STRUCTURE_ONLY
382,381,0.9,0.9,0.8,1.0,0.4303314829119352,0.7151657414559676,,26,STRUCTURE_ONLY
382,235,0.5,0.5,0.2,0.8,0.40451991747794525,0.7022599587389726,,13,STRUCTURE_ONLY
382,753,0.5,0.5,0.2,0.8,0.8944271909999159,0.9472135954999579,,5,STRUCTURE_ONLY
382,262,0.4222222222222222,0.4222222222222222,0.4444444444444444,0.4,0.408248290463863,0.7041241452319316,,41,STRUCTURE_ONLY
382,650,0.40476190476190477,0.40476190476190477,0.14285714285714285,0.6666666666666666,-0.47809144373375745,0.2609542781331213,,8,STRUCTURE_ONLY
382,99,0.39015151515151514,0.39015151515151514,0.36363636363636365,0.4166666666666667,0.4216370213557839,0.7108185106778919,,45,STRUCTURE_ONLY
382,367,0.35,0.35,0.3,0.4,0.6666666666666666,0.8333333333333333,,29,STRUCTURE_ONLY
382,408,0.25882352941176473,0.25882352941176473,0.4,0.11764705882352941,0.5833333333333334,0.7916666666666667,,36,STRUCTURE_ONLY
382,429,0.17619047619047618,0.17619047619047618,0.06666666666666667,0.2857142857142857,0.236227795630767,0.6181138978153835,,43,STRUCTURE_ONLY
382,103,0.165,0.165,0.25,0.08,0.46291004988627577,0.7314550249431379,,31,STRUCTURE_ONLY
383,285,0.5296052631578947,0.5296052631578947,0.375,0.6842105263157895,,,,1,STRUCTURE_ONLY
383,282,0.46578947368421053,0.46578947368421053,0.3,0.631578947368421,,,,0,STRUCTURE_ONLY
383,648,0.45238095238095233,0.45238095238095233,0.3333333333333333,0.5714285714285714,1.0,1.0,,4,STRUCTURE_ONLY
383,357,0.43990384615384615,0.43990384615384615,0.1875,0.6923076923076923,0.8451542547285165,0.9225771273642582,,5,STRUCTURE_ONLY
383,184,0.43333333333333335,0.43333333333333335,0.3333333333333333,0.5333333333333333,0.9707253433941511,0.9853626716970756,,4,STRUCTURE_ONLY
383,609,0.4313186813186813,0.4313186813186813,0.2857142857142857,0.5769230769230769,0.9438798074485389,0.9719399037242695,,5,STRUCTURE_ONLY
383,89,0.427536231884058,0.427536231884058,0.3333333333333333,0.5217391304347826,,,,2,STRUCTURE_ONLY
383,591,0.42272727272727273,0.42272727272727273,0.3,0.5454545454545454,,,,0,STRUCTURE_ONLY
383,306,0.4111111111111111,0.4111111111111111,0.2222222222222222,0.6,0.9486832980505138,0.9743416490252569,,5,STRUCTURE_ONLY
383,558,0.40601503759398494,0.40601503759398494,0.2857142857142857,0.5263157894736842,0.8451542547285165,0.9225771273642582,,7,STRUCTURE_ONLY
385,546,0.7904761904761906,0.7904761904761906,0.7142857142857143,0.8666666666666667,1.0000000000000002,1.0,,3,STRUCTURE_ONLY
385,178,0.5809523809523809,0.5809523809523809,0.42857142857142855,0.7333333333333333,0.9525793444156805,0.9762896722078402,,6,STRUCTURE_ONLY
385,492,0.5378151260504201,0.5378151260504201,0.42857142857142855,0.6470588235294118,0.9434563530497265,0.9717281765248633,,7,STRUCTURE_ONLY
385,35,0.5037593984962406,0.5037593984962406,0.42857142857142855,0.5789473684210527,0.9999999999999999,1.0,,7,STRUCTURE_ONLY
385,127,0.4769736842105263,0.4769736842105263,0.375,0.5789473684210527,1.0,1.0,,4,STRUCTURE_ONLY
385,32,0.47435897435897434,0.47435897435897434,0.3333333333333333,0.6153846153846154,1.0000000000000002,1.0,,3,STRUCTURE_ONLY
385,410,0.44957983193277307,0.44957983193277307,0.42857142857142855,0.47058823529411764,0.9999999999999998,0.9999999999999999,,8,STRUCTURE_ONLY
385,577,0.4118773946360153,0.4118773946360153,0.4444444444444444,0.3793103448275862,1.0,1.0,,4,STRUCTURE_ONLY
385,343,0.4017857142857143,0.4017857142857143,0.42857142857142855,0.375,0.9428090415820635,0.9714045207910318,,3,STRUCTURE_ONLY
385,110,0.39903846153846156,0.39903846153846156,0.375,0.4230769230769231,1.0000000000000002,1.0,,3,STRUCTURE_ONLY
386,746,0.55,0.55,0.4,0.7,,,,0,STRUCTURE_ONLY
386,503,0.5,0.5,0.1,0.9,0.4342995181076896,0.7171497590538448,,57,STRUCTURE_ONLY
386,198,0.48351648351648346,0.48351648351648346,0.42857142857142855,0.5384615384615384,0.17541160386140586,0.5877058019307029,,17,STRUCTURE_ONLY
386,685,0.45833333333333337,0.45833333333333337,0.3333333333333333,0.5833333333333334,0.43948950205814374,0.7197447510290719,,72,STRUCTURE_ONLY
386,268,0.44999999999999996,0.44999999999999996,0.2,0.7,0.43852900965351466,0.7192645048267573,,11,STRUCTURE_ONLY
386,543,0.44999999999999996,0.44999999999999996,0.2,0.7,0.5590169943749475,0.7795084971874737,,9,STRUCTURE_ONLY
386,701,0.44999999999999996,0.44999999999999996,0.2,0.7,0.9561828874675149,0.9780914437337574,,4,STRUCTURE_ONLY
386,754,0.44999999999999996,0.44999999999999996,0.2,0.7,,,,2,STRUCTURE_ONLY
386,269,0.4413919413919414,0.4413919413919414,0.19047619047619047,0.6923076923076923,0.16903085094570328,0.5845154254728516,,7,STRUCTURE_ONLY
386,354,0.4413919413919414,0.4413919413919414,0.19047619047619047,0.6923076923076923,0.8660254037844387,0.9330127018922194,,3,STRUCTURE_ONLY
387,656,0.8333333333333333,0.8333333333333333,0.6666666666666666,1.0,,,,0,STRUCTURE_ONLY
387,274,0.7,0.7,0.4,1.0,,,,0,STRUCTURE_ONLY
387,175,0.5333333333333333,0.5333333333333333,0.4,0.6666666666666666,0.8944271909999159,0.9472135954999579,,4,STRUCTURE_ONLY
387,278,0.4097222222222222,0.4097222222222222,0.375,0.4444444444444444,,,,2,STRUCTURE_ONLY
387,70,0.4,0.4,0.3,0.5,,,,2,STRUCTURE_ONLY
387,624,0.3259109311740891,0.3259109311740891,0.23076923076923078,0.42105263157894735,,,,0,STRUCTURE_ONLY
387,488,0.3055555555555555,0.3055555555555555,0.16666666666666666,0.4444444444444444,0.8660254037844387,0.9330127018922194,,3,STRUCTURE_ONLY
387,162,0.2792207792207792,0.2792207792207792,0.2727272727272727,0.2857142857142857,,,,1,STRUCTURE_ONLY
387,496,0.2654761904761905,0.2654761904761905,0.15,0.38095238095238093,,,,1,STRUCTURE_ONLY
387,103,0.2569444444444444,0.2569444444444444,0.125,0.3888888888888889,,,,2,STRUCTURE_ONLY
388,392,0.39444444444444443,0.39444444444444443,0.2777777777777778,0.5111111111111111,0.4714045207910316,0.7357022603955158,,9,STRUCTURE_ONLY
388,154,0.3611111111111111,0.3611111111111111,0.2222222222222222,0.5,,,,2,STRUCTURE_ONLY
388,568,0.3575581395348837,0.3575581395348837,0.25,0.46511627906976744,0.16903085094570328,0.5845154254728516,,7,STRUCTURE_ONLY
388,267,0.3560687432867884,0.3560687432867884,0.2631578947368421,0.4489795918367347,0.15075567228888181,0.5753778361444409,,8,STRUCTURE_ONLY
388,751,0.3375,0.3375,0.25,0.425,0.0,0.5,,3,STRUCTURE_ONLY
388,630,0.33333333333333337,0.33333333333333337,0.26666666666666666,0.4,0.5773502691896257,0.7886751345948129,,6,STRUCTURE_ONLY
388,45,0.33231707317073167,0.33231707317073167,0.25,0.4146341463414634,0.24514516892273,0.622572584461365,,18,STRUCTURE_ONLY
388,442,0.322463768115942,0.322463768115942,0.16666666666666666,0.4782608695652174,0.6324555320336759,0.816227766016838,,5,STRUCTURE_ONLY
388,188,0.31630546955624356,0.31630546955624356,0.17647058823529413,0.45614035087719296,0.2651650429449553,0.6325825214724776,,12,STRUCTURE_ONLY
388,276,0.3111455108359133,0.3111455108359133,0.21052631578947367,0.4117647058823529,0.41646336503628284,0.7082316825181414,,17,STRUCTURE_ONLY
389,113,1.0,1.0,1.0,1.0,,,,2,STRUCTURE_ONLY
389,229,0.3522727272727273,0.3522727272727273,0.25,0.45454545454545453,0.9486832980505138,0.9743416490252569,,5,STRUCTURE_ONLY
389,545,0.35,0.35,0.2,0.5,,,,0,STRUCTURE_ONLY
389,530,0.3484848484848485,0.3484848484848485,0.3333333333333333,0.36363636363636365,,,,1,STRUCTURE_ONLY
389,686,0.3484848484848485,0.3484848484848485,0.3333333333333333,0.36363636363636365,,,,0,STRUCTURE_ONLY
389,717,0.30833333333333335,0.30833333333333335,0.2,0.4166666666666667,,,,2,STRUCTURE_ONLY
389,497,0.3068181818181818,0.3068181818181818,0.25,0.36363636363636365,0.8944271909999159,0.9472135954999579,,6,STRUCTURE_ONLY
389,685,0.3068181818181818,0.3068181818181818,0.25,0.36363636363636365,,,,2,STRUCTURE_ONLY
389,47,0.2928571428571428,0.2928571428571428,0.2857142857142857,0.3,0.9428090415820635,0.9714045207910318,,7,STRUCTURE_ONLY
389,715,0.29166666666666663,0.29166666666666663,0.25,0.3333333333333333,,,,2,STRUCTURE_ONLY
390,129,0.6617647058823529,0.6617647058823529,0.5,0.8235294117647058,,,,2,STRUCTURE_ONLY
390,306,0.5735294117647058,0.5735294117647058,0.5,0.6470588235294118,,,,2,STRUCTURE_ONLY
390,396,0.5698529411764706,0.5698529411764706,0.375,0.7647058823529411,-0.5773502691896258,0.21132486540518708,,3,STRUCTURE_ONLY
390,155,0.5277777777777778,0.5277777777777778,0.3333333333333333,0.7222222222222222,0.3042903097250923,0.6521451548625461,,9,STRUCTURE_ONLY
390,601,0.5252100840336134,0.5252100840336134,0.2857142857142857,0.7647058823529411,,,,1,STRUCTURE_ONLY
390,411,0.5196078431372549,0.5196078431372549,0.3333333333333333,0.7058823529411765,0.4285714285714285,0.7142857142857142,,5,STRUCTURE_ONLY
390,357,0.5083333333333333,0.5083333333333333,0.4166666666666667,0.6,0.3779644730092272,0.6889822365046137,,7,STRUCTURE_ONLY
390,88,0.503968253968254,0.503968253968254,0.2857142857142857,0.7222222222222222,0.09622504486493763,0.5481125224324688,,12,STRUCTURE_ONLY
390,723,0.4957983193277311,0.4957983193277311,0.2857142857142857,0.7058823529411765,,,,1,STRUCTURE_ONLY
390,635,0.4916666666666667,0.4916666666666667,0.3333333333333333,0.65,0.2357022603955158,0.617851130197758,,9,STRUCTURE_ONLY
391,161,0.4941860465116279,0.4941860465116279,0.5,0.4883720930232558,,,,2,STRUCTURE_ONLY
391,429,0.4920634920634921,0.4920634920634921,0.5555555555555556,0.42857142857142855,0.9999999999999999,1.0,,7,STRUCTURE_ONLY
391,47,0.4478991596638655,0.4478991596638655,0.35294117647058826,0.5428571428571428,0.9467292624062573,0.9733646312031287,,9,STRUCTURE_ONLY
391,24,0.4392857142857143,0.4392857142857143,0.42857142857142855,0.45,0.8333333333333334,0.9166666666666667,,9,STRUCTURE_ONLY
391,631,0.43175675675675673,0.43175675675675673,0.35,0.5135135135135135,,,,1,STRUCTURE_ONLY
391,579,0.4241741741741742,0.4241741741741742,0.3888888888888889,0.4594594594594595,,,,2,STRUCTURE_ONLY
391,466,0.4087301587301587,0.4087301587301587,0.3888888888888889,0.42857142857142855,,,,1,STRUCTURE_ONLY
391,112,0.3883399209486166,0.3883399209486166,0.36363636363636365,0.41304347826086957,0.4472135954999579,0.7236067977499789,,8,STRUCTURE_ONLY
391,280,0.3849206349206349,0.3849206349206349,0.3888888888888889,0.38095238095238093,,,,2,STRUCTURE_ONLY
391,307,0.38181818181818183,0.38181818181818183,0.4,0.36363636363636365,-0.2581988897471611,0.37090055512641945,,3,STRUCTURE_ONLY
392,568,0.5589285714285714,0.5589285714285714,0.375,0.7428571428571429,1.0000000000000002,1.0,,3,STRUCTURE_ONLY
392,154,0.5494505494505495,0.5494505494505495,0.38095238095238093,0.717948717948718,1.0000000000000002,1.0,,3,STRUCTURE_ONLY
392,612,0.4546783625730994,0.4546783625730994,0.2777777777777778,0.631578947368421,0.9258200997725514,0.9629100498862757,,9,STRUCTURE_ONLY
392,188,0.44689542483660133,0.44689542483660133,0.3055555555555556,0.5882352941176471,0.8944271909999159,0.9472135954999579,,6,STRUCTURE_ONLY
392,630,0.44069767441860463,0.44069767441860463,0.3,0.5813953488372093,1.0000000000000002,1.0,,3,STRUCTURE_ONLY
392,513,0.4330673758865249,0.4330673758865249,0.2916666666666667,0.574468085106383,0.9128709291752769,0.9564354645876385,,6,STRUCTURE_ONLY
392,375,0.42324561403508776,0.42324561403508776,0.2631578947368421,0.5833333333333334,0.7715167498104595,0.8857583749052298,,8,STRUCTURE_ONLY
392,444,0.41932367149758454,0.41932367149758454,0.2608695652173913,0.5777777777777777,0.7905694150420948,0.8952847075210474,,8,STRUCTURE_ONLY
392,52,0.4101731601731602,0.4101731601731602,0.2727272727272727,0.5476190476190477,0.8728715609439696,0.9364357804719847,,4,STRUCTURE_ONLY
392,50,0.4088628762541806,0.4088628762541806,0.23076923076923078,0.5869565217391305,,,,1,STRUCTURE_ONLY
393,375,0.3276143790849673,0.3276143790849673,0.29411764705882354,0.3611111111111111,0.75,0.875,,16,STRUCTURE_ONLY
393,39,0.32491186839012925,0.32491186839012925,0.21739130434782608,0.43243243243243246,0.3818813079129867,0.6909406539564933,,21,STRUCTURE_ONLY
393,501,0.30514705882352944,0.30514705882352944,0.23529411764705882,0.375,0.5000000000000001,0.75,,17,STRUCTURE_ONLY
393,380,0.30067567567567566,0.30067567567567566,0.25,0.35135135135135137,0.6546536707079772,0.8273268353539887,,7,STRUCTURE_ONLY
393,444,0.29910714285714285,0.29910714285714285,0.2857142857142857,0.3125,0.6537204504606136,0.8268602252303068,,20,STRUCTURE_ONLY
393,599,0.2861111111111111,0.2861111111111111,0.26666666666666666,0.3055555555555556,0.5614899250748772,0.7807449625374385,,11,STRUCTURE_ONLY
393,630,0.2837528604118993,0.2837528604118993,0.2631578947368421,0.30434782608695654,0.8944271909999159,0.9472135954999579,,5,STRUCTURE_ONLY
393,455,0.25684380032206117,0.25684380032206117,0.21739130434782608,0.2962962962962963,0.0,0.5,,7,STRUCTURE_ONLY
393,133,0.25082236842105265,0.25082236842105265,0.15789473684210525,0.34375,0.8660254037844387,0.9330127018922194,,8,STRUCTURE_ONLY
393,311,0.24561403508771928,0.24561403508771928,0.15789473684210525,0.3333333333333333,,,,2,STRUCTURE_ONLY
394,501,0.5032894736842105,0.5032894736842105,0.375,0.631578947368421,0.9354143466934852,0.9677071733467426,,8,STRUCTURE_ONLY
394,268,0.45833333333333337,0.45833333333333337,0.3333333333333333,0.5833333333333334,,,,1,STRUCTURE_ONLY
394,543,0.45833333333333337,0.45833333333333337,0.3333333333333333,0.5833333333333334,0.9999999999999998,0.9999999999999999,,5,STRUCTURE_ONLY
394,701,0.45833333333333337,0.45833333333333337,0.3333333333333333,0.5833333333333334,,,,0,STRUCTURE_ONLY
394,754,0.45833333333333337,0.45833333333333337,0.3333333333333333,0.5833333333333334,,,,1,STRUCTURE_ONLY
394,746,0.4166666666666667,0.4166666666666667,0.25,0.5833333333333334,,,,0,STRUCTURE_ONLY
394,375,0.41666666666666663,0.41666666666666663,0.3333333333333333,0.5,0.8660254037844387,0.9330127018922194,,6,STRUCTURE_ONLY
394,721,0.41666666666666663,0.41666666666666663,0.3333333333333333,0.5,0.9999999999999999,1.0,,7,STRUCTURE_ONLY
394,92,0.4107142857142857,0.4107142857142857,0.25,0.5714285714285714,,,,1,STRUCTURE_ONLY
394,363,0.4107142857142857,0.4107142857142857,0.25,0.5714285714285714,0.8660254037844387,0.9330127018922194,,4,STRUCTURE_ONLY
395,500,0.8500000000000001,0.8500000000000001,0.8,0.9,0.9999999999999999,1.0,,7,STRUCTURE_ONLY
395,478,0.5833333333333333,0.5833333333333333,0.5,0.6666666666666666,,,,3,STRUCTURE_ONLY
395,439,0.5186335403726708,0.5186335403726708,0.42857142857142855,0.6086956521739131,0.8660254037844387,0.9330127018922194,,4,STRUCTURE_ONLY
395,49,0.5,0.5,0.5,0.5,1.0,1.0,,4,STRUCTURE_ONLY
395,271,0.5,0.5,0.5,0.5,0.8164965809277261,0.9082482904638631,,6,STRUCTURE_ONLY
395,474,0.3194444444444444,0.3194444444444444,0.25,0.3888888888888889,0.7745966692414834,0.8872983346207417,,6,STRUCTURE_ONLY
395,659,0.3194444444444444,0.3194444444444444,0.25,0.3888888888888889,-0.12126781251816648,0.43936609374091673,,5,STRUCTURE_ONLY
395,601,0.2888198757763975,0.2888198757763975,0.14285714285714285,0.43478260869565216,1.0000000000000002,1.0,,3,STRUCTURE_ONLY
395,67,0.28421052631578947,0.28421052631578947,0.2,0.3684210526315789,0.9999999999999998,0.9999999999999999,,5,STRUCTURE_ONLY
395,390,0.27989130434782605,0.27989130434782605,0.125,0.43478260869565216,,,,1,STRUCTURE_ONLY
396,723,0.8,0.8,0.6666666666666666,0.9333333333333333,,,,1,STRUCTURE_ONLY
396,640,0.6386554621848739,0.6386554621848739,0.5714285714285714,0.7058823529411765,,,,0,STRUCTURE_ONLY
396,390,0.5698529411764706,0.5698529411764706,0.375,0.7647058823529411,-0.5773502691896258,0.21132486540518708,,3,STRUCTURE_ONLY
396,635,0.5472222222222223,0.5472222222222223,0.4444444444444444,0.65,1.0000000000000002,1.0,,3,STRUCTURE_ONLY
396,149,0.5239234449760766,0.5239234449760766,0.36363636363636365,0.6842105263157895,0.9999999999999999,1.0,,7,STRUCTURE_ONLY
396,155,0.5111111111111111,0.5111111111111111,0.3,0.7222222222222222,-0.9999999999999998,1.1102230246251565e-16,,5,STRUCTURE_ONLY
396,479,0.5111111111111111,0.5111111111111111,0.3,0.7222222222222222,,,,2,STRUCTURE_ONLY
396,601,0.5073529411764706,0.5073529411764706,0.25,0.7647058823529411,,,,1,STRUCTURE_ONLY
396,411,0.4957983193277311,0.4957983193277311,0.2857142857142857,0.7058823529411765,,,,1,STRUCTURE_ONLY
396,418,0.4934210526315789,0.4934210526315789,0.25,0.7368421052631579,1.0000000000000002,1.0,,6,STRUCTURE_ONLY
397,86,0.532051282051282,0.532051282051282,0.3333333333333333,0.7307692307692307,,,,0,STRUCTURE_ONLY
397,637,0.4814814814814815,0.4814814814814815,0.3333333333333333,0.6296296296296297,,,,0,STRUCTURE_ONLY
397,324,0.4519230769230769,0.4519230769230769,0.25,0.6538461538461539,,,,1,STRUCTURE_ONLY
397,583,0.4464285714285714,0.4464285714285714,0.2857142857142857,0.6071428571428571,,,,0,STRUCTURE_ONLY
397,16,0.4359605911330049,0.4359605911330049,0.2857142857142857,0.5862068965517241,,,,2,STRUCTURE_ONLY
397,712,0.4359605911330049,0.4359605911330049,0.2857142857142857,0.5862068965517241,,,,0,STRUCTURE_ONLY
397,599,0.42857142857142855,0.42857142857142855,0.25,0.6071428571428571,,,,2,STRUCTURE_ONLY
397,674,0.4170506912442396,0.4170506912442396,0.2857142857142857,0.5483870967741935,,,,0,STRUCTURE_ONLY
397,531,0.39919354838709675,0.39919354838709675,0.25,0.5483870967741935,,,,2,STRUCTURE_ONLY
397,611,0.39444444444444443,0.39444444444444443,0.2222222222222222,0.5666666666666667,,,,1,STRUCTURE_ONLY
398,234,0.4833333333333334,0.4833333333333334,0.2916666666666667,0.675,0.7745966692414834,0.8872983346207417,,5,STRUCTURE_ONLY
398,577,0.48245614035087714,0.48245614035087714,0.3333333333333333,0.631578947368421,0.7071067811865475,0.8535533905932737,,4,STRUCTURE_ONLY
398,377,0.47115384615384615,0.47115384615384615,0.25,0.6923076923076923,,,,1,STRUCTURE_ONLY
398,69,0.4605263157894737,0.4605263157894737,0.21052631578947367,0.7105263157894737,0.23570226039551587,0.617851130197758,,6,STRUCTURE_ONLY
398,110,0.4084084084084084,0.4084084084084084,0.2222222222222222,0.5945945945945946,,,,1,STRUCTURE_ONLY
398,57,0.4063192904656319,0.4063192904656319,0.22727272727272727,0.5853658536585366,,,,2,STRUCTURE_ONLY
398,222,0.3956043956043956,0.3956043956043956,0.21428571428571427,0.5769230769230769,,,,1,STRUCTURE_ONLY
398,244,0.3954545454545455,0.3954545454545455,0.2,0.5909090909090909,0.9428090415820635,0.9714045207910318,,3,STRUCTURE_ONLY
398,583,0.3611111111111111,0.3611111111111111,0.2222222222222222,0.5,,,,1,STRUCTURE_ONLY
398,223,0.3530092592592593,0.3530092592592593,0.18518518518518517,0.5208333333333334,1.0000000000000002,1.0,,3,STRUCTURE_ONLY
400,156,0.2974137931034483,0.2974137931034483,0.25,0.3448275862068966,0.9476338693022512,0.9738169346511256,,19,STRUCTURE_ONLY
400,530,0.19285714285714284,0.19285714285714284,0.1,0.2857142857142857,0.9084399583322701,0.954219979166135,,14,STRUCTURE_ONLY
400,686,0.19285714285714284,0.19285714285714284,0.1,0.2857142857142857,0.9561828874675149,0.9780914437337574,,7,STRUCTURE_ONLY
400,685,0.18831168831168832,0.18831168831168832,0.09090909090909091,0.2857142857142857,0.8836888060317988,0.9418444030158994,,36,STRUCTURE_ONLY
400,268,0.18518518518518517,0.18518518518518517,0.1111111111111111,0.25925925925925924,0.8947368421052629,0.9473684210526314,,7,STRUCTURE_ONLY
400,543,0.18518518518518517,0.18518518518518517,0.1111111111111111,0.25925925925925924,0.9847982464479191,0.9923991232239595,,8,STRUCTURE_ONLY
400,701,0.18518518518518517,0.18518518518518517,0.1111111111111111,0.25925925925925924,1.0000000000000002,1.0,,3,STRUCTURE_ONLY
400,754,0.18518518518518517,0.18518518518518517,0.1111111111111111,0.25925925925925924,0.9622504486493763,0.9811252243246882,,3,STRUCTURE_ONLY
400,715,0.1833855799373041,0.1833855799373041,0.09090909090909091,0.27586206896551724,0.9682458365518541,0.984122918275927,,9,STRUCTURE_ONLY
400,239,0.18229166666666666,0.18229166666666666,0.08333333333333333,0.28125,0.7456011350793257,0.8728005675396628,,16,STRUCTURE_ONLY
401,352,0.75,0.75,0.5,1.0,0.4082482904638631,0.7041241452319316,,3,STRUCTURE_ONLY
401,209,0.4666666666666667,0.4666666666666667,0.6666666666666666,0.26666666666666666,0.8451542547285165,0.9225771273642582,,5,STRUCTURE_ONLY
401,318,0.41666666666666663,0.41666666666666663,0.16666666666666666,0.6666666666666666,0.7938566201357354,0.8969283100678678,,16,STRUCTURE_ONLY
401,229,0.325,0.325,0.25,0.4,0.8775269089525567,0.9387634544762784,,14,STRUCTURE_ONLY
401,343,0.3222222222222222,0.3222222222222222,0.2,0.4444444444444444,0.8705715001320139,0.935285750066007,,10,STRUCTURE_ONLY
401,26,0.3055555555555555,0.3055555555555555,0.16666666666666666,0.4444444444444444,0.8003267306650412,0.9001633653325206,,21,STRUCTURE_ONLY
401,265,0.29166666666666663,0.29166666666666663,0.3333333333333333,0.25,0.6173309979059936,0.8086654989529968,,62,STRUCTURE_ONLY
401,570,0.29166666666666663,0.29166666666666663,0.25,0.3333333333333333,0.7302967433402214,0.8651483716701107,,12,STRUCTURE_ONLY
401,584,0.13636363636363635,0.13636363636363635,0.09090909090909091,0.18181818181818182,0.6708203932499369,0.8354101966249685,,4,STRUCTURE_ONLY
401,694,0.12452107279693486,0.12452107279693486,0.1111111111111111,0.13793103448275862,0.7715167498104596,0.8857583749052298,,15,STRUCTURE_ONLY
402,268,0.6,0.6,0.5,0.7,0.9438798074485389,0.9719399037242695,,8,STRUCTURE_ONLY
402,543,0.6,0.6,0.5,0.7,0.9176629354822469,0.9588314677411234,,10,STRUCTURE_ONLY
402,701,0.6,0.6,0.5,0.7,0.9737289911202953,0.9868644955601477,,6,STRUCTURE_ONLY
402,754,0.6,0.6,0.5,0.7,0.9428090415820635,0.9714045207910318,,3,STRUCTURE_ONLY
402,746,0.5166666666666666,0.5166666666666666,0.3333333333333333,0.7,,,,1,STRUCTURE_ONLY
402,727,0.48484848484848486,0.48484848484848486,0.3333333333333333,0.6363636363636364,,,,4,STRUCTURE_ONLY
402,530,0.45833333333333337,0.45833333333333337,0.3333333333333333,0.5833333333333334,0.85202864568461,0.926014322842305,,14,STRUCTURE_ONLY
402,686,0.45833333333333337,0.45833333333333337,0.3333333333333333,0.5833333333333334,0.9999999999999998,0.9999999999999999,,5,STRUCTURE_ONLY
402,176,0.4431818181818182,0.4431818181818182,0.25,0.6363636363636364,0.9354143466934852,0.9677071733467426,,8,STRUCTURE_ONLY
402,92,0.4358974358974359,0.4358974358974359,0.3333333333333333,0.5384615384615384,-0.6681531047810609,0.16592344760946953,,7,STRUCTURE_ONLY
404,191,0.2675595238095238,0.2675595238095238,0.020833333333333332,0.5142857142857142,,,,0,STRUCTURE_ONLY
404,519,0.19142512077294685,0.19142512077294685,0.1111111111111111,0.2717391304347826,-0.08058229640253803,0.459708851798731,,5,STRUCTURE_ONLY
404,170,0.18637362637362637,0.18637362637362637,0.12,0.25274725274725274,0.7844645405527361,0.8922322702763681,,5,STRUCTURE_ONLY
404,203,0.185,0.185,0.12,0.25,0.8333333333333335,0.9166666666666667,,4,STRUCTURE_ONLY
404,630,0.18134822167080233,0.18134822167080233,0.11538461538461539,0.24731182795698925,,,,1,STRUCTURE_ONLY
404,494,0.18055555555555555,0.18055555555555555,0.1111111111111111,0.25,,,,0,STRUCTURE_ONLY
404,100,0.17987012987012987,0.17987012987012987,0.11428571428571428,0.24545454545454545,,,,0,STRUCTURE_ONLY
404,444,0.1780399274047187,0.1780399274047187,0.10344827586206896,0.25263157894736843,,,,1,STRUCTURE_ONLY
404,434,0.1728395061728395,0.1728395061728395,0.1111111111111111,0.2345679012345679,,,,0,STRUCTURE_ONLY
404,169,0.16666666666666669,0.16666666666666669,0.09375,0.23958333333333334,-0.7071067811865476,0.1464466094067262,,4,STRUCTURE_ONLY
406,54,0.2222222222222222,0.2222222222222222,0.2222222222222222,0.2222222222222222,0.5472168584244866,0.7736084292122434,,188,STRUCTURE_ONLY
406,71,0.1962962962962963,0.1962962962962963,0.13333333333333333,0.25925925925925924,-0.3402069087198858,0.3298965456400571,,16,STRUCTURE_ONLY
406,96,0.1752450980392157,0.1752450980392157,0.058823529411764705,0.2916666666666667,0.0,0.5,,11,STRUCTURE_ONLY
406,139,0.17125,0.17125,0.0625,0.28,0.9486832980505138,0.9743416490252569,,5,STRUCTURE_ONLY
406,432,0.1437908496732026,0.1437908496732026,0.1111111111111111,0.17647058823529413,0.30237157840738177,0.6511857892036909,,14,STRUCTURE_ONLY
406,587,0.12222222222222222,0.12222222222222222,0.13333333333333333,0.1111111111111111,0.7092081432669752,0.8546040716334876,,18,STRUCTURE_ONLY
406,134,0.1206896551724138,0.1206896551724138,0.0,0.2413793103448276,0.7745966692414834,0.8872983346207417,,6,STRUCTURE_ONLY
406,132,0.10275689223057644,0.10275689223057644,0.047619047619047616,0.15789473684210525,0.8944271909999159,0.9472135954999579,,5,STRUCTURE_ONLY
406,59,0.09090909090909091,0.09090909090909091,0.0,0.18181818181818182,1.0000000000000002,1.0,,5,STRUCTURE_ONLY
406,515,0.09027777777777778,0.09027777777777778,0.05555555555555555,0.125,0.5381382351970501,0.769069117598525,,17,STRUCTURE_ONLY
407,276,0.40980392156862744,0.40980392156862744,0.35294117647058826,0.4666666666666667,0.900032872509462,0.950016436254731,,23,STRUCTURE_ONLY
407,513,0.3240830899058747,0.3240830899058747,0.20512820512820512,0.4430379746835443,0.7406560798180413,0.8703280399090206,,23,STRUCTURE_ONLY
407,312,0.2906609195402299,0.2906609195402299,0.225,0.3563218390804598,0.8234922797960652,0.9117461398980327,,16,STRUCTURE_ONLY
407,514,0.28526315789473683,0.28526315789473683,0.16,0.4105263157894737,,,,2,STRUCTURE_ONLY
407,50,0.28289671785606746,0.28289671785606746,0.17073170731707318,0.3950617283950617,0.8775269089525567,0.9387634544762784,,8,STRUCTURE_ONLY
407,188,0.27873563218390807,0.27873563218390807,0.16666666666666666,0.39080459770114945,0.8314971796756813,0.9157485898378406,,19,STRUCTURE_ONLY
407,499,0.27868150684931503,0.27868150684931503,0.1875,0.3698630136986301,0.9429541672723837,0.9714770836361919,,22,STRUCTURE_ONLY
407,679,0.27161172161172165,0.27161172161172165,0.17142857142857143,0.3717948717948718,0.944911182523068,0.972455591261534,,8,STRUCTURE_ONLY
407,309,0.27008032128514053,0.27008032128514053,0.16666666666666666,0.37349397590361444,0.9121485985920118,0.9560742992960058,,29,STRUCTURE_ONLY
407,630,0.2668776371308017,0.2668776371308017,0.16666666666666666,0.3670886075949367,0.944911182523068,0.972455591261534,,4,STRUCTURE_ONLY
408,474,0.5555555555555556,0.5555555555555556,0.3333333333333333,0.7777777777777778,0.0,0.5,,4,STRUCTURE_ONLY
408,659,0.5555555555555556,0.5555555555555556,0.3333333333333333,0.7777777777777778,-0.10675210253672475,0.44662394873163763,,13,STRUCTURE_ONLY
408,67,0.475,0.475,0.25,0.7,0.2760262237369417,0.6380131118684709,,33,STRUCTURE_ONLY
408,49,0.4431818181818182,0.4431818181818182,0.25,0.6363636363636364,0.8164965809277259,0.9082482904638629,,4,STRUCTURE_ONLY
408,271,0.4431818181818182,0.4431818181818182,0.25,0.6363636363636364,0.0,0.5,,5,STRUCTURE_ONLY
408,640,0.3928571428571429,0.3928571428571429,0.14285714285714285,0.6428571428571429,,,,1,STRUCTURE_ONLY
408,723,0.35,0.35,0.16666666666666666,0.5333333333333333,,,,0,STRUCTURE_ONLY
408,99,0.32386363636363635,0.32386363636363635,0.2727272727272727,0.375,0.3499999999999999,0.6749999999999999,,58,STRUCTURE_ONLY
408,411,0.31875,0.31875,0.2,0.4375,0.0975900072948533,0.5487950036474266,,15,STRUCTURE_ONLY
408,323,0.31862745098039214,0.31862745098039214,0.16666666666666666,0.47058823529411764,0.0,0.5,,7,STRUCTURE_ONLY
409,502,0.44107744107744107,0.44107744107744107,0.36363636363636365,0.5185185185185185,,,,1,STRUCTURE_ONLY
409,252,0.4076086956521739,0.4076086956521739,0.25,0.5652173913043478,,,,1,STRUCTURE_ONLY
409,228,0.38425925925925924,0.38425925925925924,0.25,0.5185185185185185,,,,1,STRUCTURE_ONLY
409,356,0.35,0.35,0.2,0.5,,,,1,STRUCTURE_ONLY
409,324,0.34090909090909094,0.34090909090909094,0.18181818181818182,0.5,1.0,1.0,,4,STRUCTURE_ONLY
409,348,0.34090909090909094,0.34090909090909094,0.18181818181818182,0.5,,,,1,STRUCTURE_ONLY
409,213,0.33771929824561403,0.33771929824561403,0.3333333333333333,0.34210526315789475,,,,2,STRUCTURE_ONLY
409,440,0.3321428571428572,0.3321428571428572,0.2,0.4642857142857143,,,,1,STRUCTURE_ONLY
409,277,0.3301282051282051,0.3301282051282051,0.25,0.41025641025641024,,,,0,STRUCTURE_ONLY
409,190,0.3164251207729468,0.3164251207729468,0.1111111111111111,0.5217391304347826,,,,0,STRUCTURE_ONLY
410,239,0.7285714285714285,0.7285714285714285,0.6,0.8571428571428571,0.26352313834736496,0.6317615691736824,,17,STRUCTURE_ONLY
410,577,0.5079365079365079,0.5079365079365079,0.5714285714285714,0.4444444444444444,0.9128709291752769,0.9564354645876385,,6,STRUCTURE_ONLY
410,343,0.5,0.5,0.6,0.4,0.8674723979493605,0.9337361989746802,,11,STRUCTURE_ONLY
410,590,0.5,0.5,0.3333333333333333,0.6666666666666666,0.6454972243679028,0.8227486121839513,,9,STRUCTURE_ONLY
410,492,0.4607843137254902,0.4607843137254902,0.3333333333333333,0.5882352941176471,0.7200822998230957,0.8600411499115479,,15,STRUCTURE_ONLY
410,540,0.45833333333333337,0.45833333333333337,0.5,0.4166666666666667,0.40824829046386296,0.7041241452319315,,9,STRUCTURE_ONLY
410,385,0.44957983193277307,0.44957983193277307,0.42857142857142855,0.47058823529411764,0.9999999999999998,0.9999999999999999,,8,STRUCTURE_ONLY
410,268,0.4166666666666667,0.4166666666666667,0.25,0.5833333333333334,0.5303300858899107,0.7651650429449554,,9,STRUCTURE_ONLY
410,543,0.4166666666666667,0.4166666666666667,0.25,0.5833333333333334,0.9354143466934852,0.9677071733467426,,8,STRUCTURE_ONLY
410,701,0.4166666666666667,0.4166666666666667,0.25,0.5833333333333334,0.9622504486493763,0.9811252243246882,,3,STRUCTURE_ONLY
411,88,0.8125,0.8125,0.75,0.875,0.8136762043449725,0.9068381021724863,,27,STRUCTURE_ONLY
411,723,0.575,0.575,0.4,0.75,,,,0,STRUCTURE_ONLY
411,601,0.5529411764705883,0.5529411764705883,0.4,0.7058823529411765,,,,2,STRUCTURE_ONLY
411,129,0.5333333333333333,0.5333333333333333,0.4,0.6666666666666666,0.7071067811865475,0.8535533905932737,,4,STRUCTURE_ONLY
411,390,0.5196078431372549,0.5196078431372549,0.3333333333333333,0.7058823529411765,0.4285714285714285,0.7142857142857142,,5,STRUCTURE_ONLY
411,418,0.5,0.5,0.4,0.6,0.8959786703810408,0.9479893351905204,,9,STRUCTURE_ONLY
411,396,0.4957983193277311,0.4957983193277311,0.2857142857142857,0.7058823529411765,,,,1,STRUCTURE_ONLY
411,618,0.48660714285714285,0.48660714285714285,0.2857142857142857,0.6875,0.9999999999999998,0.9999999999999999,,5,STRUCTURE_ONLY
411,130,0.4583333333333333,0.4583333333333333,0.25,0.6666666666666666,0.9669875568304563,0.9834937784152282,,8,STRUCTURE_ONLY
411,155,0.4583333333333333,0.4583333333333333,0.25,0.6666666666666666,-0.18463723646899913,0.40768138176550045,,9,STRUCTURE_ONLY
412,338,0.16666666666666666,0.16666666666666666,0.0,0.3333333333333333,,,,0,STRUCTURE_ONLY
412,84,0.07142857142857142,0.07142857142857142,0.0,0.14285714285714285,,,,1,STRUCTURE_ONLY
412,470,0.07142857142857142,0.07142857142857142,0.0,0.14285714285714285,0.8164965809277259,0.9082482904638629,,3,STRUCTURE_ONLY
412,325,0.05555555555555555,0.05555555555555555,0.0,0.1111111111111111,0.9128709291752769,0.9564354645876385,,6,STRUCTURE_ONLY
412,372,0.05555555555555555,0.05555555555555555,0.0,0.1111111111111111,0.8660254037844387,0.9330127018922194,,4,STRUCTURE_ONLY
412,290,0.045454545454545456,0.045454545454545456,0.0,0.09090909090909091,,,,2,STRUCTURE_ONLY
412,424,0.045454545454545456,0.045454545454545456,0.0,0.09090909090909091,0.8660254037844387,0.9330127018922194,,4,STRUCTURE_ONLY
412,156,0.041666666666666664,0.041666666666666664,0.0,0.08333333333333333,,,,2,STRUCTURE_ONLY
412,232,0.041666666666666664,0.041666666666666664,0.0,0.08333333333333333,,,,0,STRUCTURE_ONLY
412,190,0.038461538461538464,0.038461538461538464,0.0,0.07692307692307693,,,,1,STRUCTURE_ONLY
413,371,0.38888888888888884,0.38888888888888884,0.3333333333333333,0.4444444444444444,1.0000000000000002,1.0,,3,STRUCTURE_ONLY
413,152,0.30000000000000004,0.30000000000000004,0.2,0.4,,,,2,STRUCTURE_ONLY
413,107,0.3,0.3,0.25,0.35,0.9534625892455924,0.9767312946227962,,5,STRUCTURE_ONLY
413,102,0.2777777777777778,0.2777777777777778,0.3333333333333333,0.2222222222222222,-0.33541019662496846,0.33229490168751574,,7,STRUCTURE_ONLY
413,422,0.25757575757575757,0.25757575757575757,0.18181818181818182,0.3333333333333333,0.8058229640253802,0.9029114820126901,,5,STRUCTURE_ONLY
413,691,0.2398989898989899,0.2398989898989899,0.09090909090909091,0.3888888888888889,,,,2,STRUCTURE_ONLY
413,186,0.23842105263157892,0.23842105263157892,0.24,0.23684210526315788,0.4472135954999579,0.7236067977499789,,5,STRUCTURE_ONLY
413,228,0.21969696969696967,0.21969696969696967,0.2727272727272727,0.16666666666666666,0.8944271909999159,0.9472135954999579,,5,STRUCTURE_ONLY
413,145,0.2149321266968326,0.2149321266968326,0.07692307692307693,0.35294117647058826,0.8607285626355068,0.9303642813177534,,18,STRUCTURE_ONLY
413,365,0.21218487394957986,0.21218487394957986,0.07142857142857142,0.35294117647058826,-0.05698028822981897,0.47150985588509053,,8,STRUCTURE_ONLY
414,32,0.5,0.5,0.3333333333333333,0.6666666666666666,,,,0,STRUCTURE_ONLY
414,558,0.43939393939393934,0.43939393939393934,0.3333333333333333,0.5454545454545454,0.4999999999999999,0.75,,4,STRUCTURE_ONLY
414,42,0.425,0.425,0.25,0.6,0.8164965809277259,0.9082482904638629,,3,STRUCTURE_ONLY
414,525,0.425,0.425,0.25,0.6,,,,2,STRUCTURE_ONLY
414,44,0.356060606060606,0.356060606060606,0.16666666666666666,0.5454545454545454,0.5773502691896258,0.7886751345948129,,4,STRUCTURE_ONLY
414,198,0.356060606060606,0.356060606060606,0.16666666666666666,0.5454545454545454,-0.2886751345948129,0.35566243270259357,,4,STRUCTURE_ONLY
414,181,0.3392857142857143,0.3392857142857143,0.25,0.42857142857142855,,,,2,STRUCTURE_ONLY
414,704,0.3392857142857143,0.3392857142857143,0.25,0.42857142857142855,,,,2,STRUCTURE_ONLY
414,617,0.3333333333333333,0.3333333333333333,0.16666666666666666,0.5,,,,1,STRUCTURE_ONLY
414,573,0.3307692307692308,0.3307692307692308,0.2,0.46153846153846156,,,,0,STRUCTURE_ONLY
415,674,0.5459770114942528,0.5459770114942528,0.3333333333333333,0.7586206896551724,0.9594032236002469,0.9797016118001234,,8,STRUCTURE_ONLY
415,637,0.5267857142857143,0.5267857142857143,0.375,0.6785714285714286,0.6681531047810609,0.8340765523905305,,11,STRUCTURE_ONLY
415,583,0.5238095238095238,0.5238095238095238,0.3333333333333333,0.7142857142857143,0.8838834764831843,0.9419417382415922,,5,STRUCTURE_ONLY
415,712,0.5114942528735632,0.5114942528735632,0.3333333333333333,0.6896551724137931,0.8770580193070293,0.9385290096535146,,4,STRUCTURE_ONLY
415,698,0.48717948717948717,0.48717948717948717,0.3076923076923077,0.6666666666666666,0.9660917830792959,0.9830458915396479,,9,STRUCTURE_ONLY
415,16,0.4833333333333333,0.4833333333333333,0.3333333333333333,0.6333333333333333,0.9594032236002469,0.9797016118001234,,9,STRUCTURE_ONLY
415,599,0.47758620689655173,0.47758620689655173,0.3,0.6551724137931034,0.9013878188659974,0.9506939094329987,,10,STRUCTURE_ONLY
415,531,0.4725806451612903,0.4725806451612903,0.3,0.6451612903225806,0.7947194142390263,0.8973597071195132,,18,STRUCTURE_ONLY
415,611,0.46969696969696967,0.46969696969696967,0.2727272727272727,0.6666666666666666,0.9309493362512627,0.9654746681256314,,13,STRUCTURE_ONLY
415,114,0.46638655462184875,0.46638655462184875,0.2857142857142857,0.6470588235294118,0.8597269536210953,0.9298634768105476,,19,STRUCTURE_ONLY
416,268,0.31666666666666665,0.31666666666666665,0.16666666666666666,0.4666666666666667,0.9647638212377321,0.982381910618866,,12,STRUCTURE_ONLY
416,543,0.31666666666666665,0.31666666666666665,0.16666666666666666,0.4666666666666667,0.9354143466934852,0.9677071733467426,,8,STRUCTURE_ONLY
416,701,0.31666666666666665,0.31666666666666665,0.16666666666666666,0.4666666666666667,0.9258200997725516,0.9629100498862758,,6,STRUCTURE_ONLY
416,754,0.31666666666666665,0.31666666666666665,0.16666666666666666,0.4666666666666667,1.0000000000000002,1.0,,3,STRUCTURE_ONLY
416,729,0.3067226890756303,0.3067226890756303,0.14285714285714285,0.47058823529411764,0.8528028654224417,0.9264014327112209,,11,STRUCTURE_ONLY
416,746,0.3047619047619048,0.3047619047619048,0.14285714285714285,0.4666666666666667,,,,0,STRUCTURE_ONLY
416,359,0.29934210526315785,0.29934210526315785,0.125,0.47368421052631576,0.903696114115064,0.9518480570575321,,24,STRUCTURE_ONLY
416,41,0.29239766081871343,0.29239766081871343,0.1111111111111111,0.47368421052631576,0.9863939238321437,0.9931969619160719,,10,STRUCTURE_ONLY
416,727,0.2901785714285714,0.2901785714285714,0.14285714285714285,0.4375,,,,4,STRUCTURE_ONLY
416,176,0.28125,0.28125,0.125,0.4375,0.4472135954999579,0.7236067977499789,,8,STRUCTURE_ONLY
417,279,0.4,0.4,0.25,0.55,0.0,0.5,,5,STRUCTURE_ONLY
417,601,0.32065217391304346,0.32065217391304346,0.25,0.391304347826087,,,,2,STRUCTURE_ONLY
417,390,0.3067632850241546,0.3067632850241546,0.2222222222222222,0.391304347826087,,,,1,STRUCTURE_ONLY
417,366,0.3007246376811594,0.3007246376811594,0.16666666666666666,0.43478260869565216,0.5,0.75,,4,STRUCTURE_ONLY
417,591,0.2956521739130435,0.2956521739130435,0.2,0.391304347826087,,,,0,STRUCTURE_ONLY
417,530,0.2936507936507936,0.2936507936507936,0.14285714285714285,0.4444444444444444,0.0,0.5,,4,STRUCTURE_ONLY
417,686,0.2936507936507936,0.2936507936507936,0.14285714285714285,0.4444444444444444,0.1889822365046136,0.5944911182523068,,4,STRUCTURE_ONLY
417,268,0.2892156862745098,0.2892156862745098,0.16666666666666666,0.4117647058823529,0.9622504486493763,0.9811252243246882,,3,STRUCTURE_ONLY
417,543,0.2892156862745098,0.2892156862745098,0.16666666666666666,0.4117647058823529,0.5999999999999999,0.7999999999999999,,5,STRUCTURE_ONLY
417,701,0.2892156862745098,0.2892156862745098,0.16666666666666666,0.4117647058823529,,,,2,STRUCTURE_ONLY
418,129,0.6947368421052631,0.6947368421052631,0.6,0.7894736842105263,0.8006407690254358,0.9003203845127179,,4,STRUCTURE_ONLY
418,479,0.5822368421052632,0.5822368421052632,0.375,0.7894736842105263,0.8504200642707612,0.9252100321353807,,5,STRUCTURE_ONLY
418,47,0.5511363636363636,0.5511363636363636,0.375,0.7272727272727273,0.8664485777182117,0.9332242888591058,,11,STRUCTURE_ONLY
418,558,0.5277777777777778,0.5277777777777778,0.5,0.5555555555555556,0.7947194142390263,0.8973597071195132,,7,STRUCTURE_ONLY
418,149,0.525,0.525,0.3,0.75,0.7235680511449364,0.8617840255724682,,16,STRUCTURE_ONLY
418,88,0.5166666666666666,0.5166666666666666,0.3333333333333333,0.7,0.6761234037828132,0.8380617018914066,,16,STRUCTURE_ONLY
418,579,0.5136363636363637,0.5136363636363637,0.3,0.7272727272727273,0.9525793444156805,0.9762896722078402,,9,STRUCTURE_ONLY
418,723,0.5087719298245614,0.5087719298245614,0.3333333333333333,0.6842105263157895,,,,0,STRUCTURE_ONLY
418,130,0.5,0.5,0.375,0.625,0.9429080709444059,0.971454035472203,,11,STRUCTURE_ONLY
418,411,0.5,0.5,0.4,0.6,0.8959786703810408,0.9479893351905204,,9,STRUCTURE_ONLY
419,60,0.4772727272727273,0.4772727272727273,0.5,0.45454545454545453,0.6267831705280087,0.8133915852640043,,16,STRUCTURE_ONLY
419,564,0.4,0.4,0.5,0.3,0.9428090415820635,0.9714045207910318,,6,STRUCTURE_ONLY
419,168,0.2847826086956522,0.2847826086956522,0.2,0.3695652173913043,0.9999999999999998,0.9999999999999999,,5,STRUCTURE_ONLY
419,319,0.275,0.275,0.25,0.3,0.819891591749923,0.9099457958749615,,6,STRUCTURE_ONLY
419,6,0.2612781954887218,0.2612781954887218,0.2857142857142857,0.23684210526315788,0.6537204504606136,0.8268602252303068,,9,STRUCTURE_ONLY
419,167,0.2612781954887218,0.2612781954887218,0.2857142857142857,0.23684210526315788,0.944911182523068,0.972455591261534,,5,STRUCTURE_ONLY
419,350,0.225,0.225,0.2,0.25,0.816026113253443,0.9080130566267215,,19,STRUCTURE_ONLY
419,675,0.225,0.225,0.2,0.25,1.0000000000000002,1.0,,3,STRUCTURE_ONLY
419,202,0.19,0.19,0.2,0.18,0.9525793444156805,0.9762896722078402,,6,STRUCTURE_ONLY
419,230,0.18377976190476192,0.18377976190476192,0.09375,0.27380952380952384,0.3492503492505239,0.674625174625262,,20,STRUCTURE_ONLY
421,696,0.09253345498783455,0.09253345498783455,0.020833333333333332,0.16423357664233576,,,,1,STRUCTURE_ONLY
421,524,0.08043987942391426,0.08043987942391426,0.018867924528301886,0.14201183431952663,0.7337993857053429,0.8668996928526714,,17,STRUCTURE_ONLY
421,78,0.07548076923076924,0.07548076923076924,0.038461538461538464,0.1125,0.8432740427115678,0.9216370213557838,,19,STRUCTURE_ONLY
421,419,0.0695266272189349,0.0695266272189349,0.038461538461538464,0.10059171597633136,0.8320502943378437,0.9160251471689218,,10,STRUCTURE_ONLY
421,642,0.06818181818181818,0.06818181818181818,0.0,0.13636363636363635,0.0,0.5,,7,STRUCTURE_ONLY
421,230,0.06617912603828097,0.06617912603828097,0.038461538461538464,0.09389671361502347,0.35,0.675,,20,STRUCTURE_ONLY
421,168,0.06608527131782946,0.06608527131782946,0.03333333333333333,0.09883720930232558,0.8164965809277261,0.9082482904638631,,6,STRUCTURE_ONLY
421,60,0.06346469622331691,0.06346469622331691,0.03333333333333333,0.09359605911330049,0.49009802940980346,0.7450490147049017,,16,STRUCTURE_ONLY
421,266,0.06236448704781467,0.06236448704781467,0.014492753623188406,0.11023622047244094,0.7543365091413573,0.8771682545706787,,15,STRUCTURE_ONLY
421,595,0.0601443954968184,0.0601443954968184,0.027777777777777776,0.09251101321585903,0.40824829046386296,0.7041241452319315,,4,STRUCTURE_ONLY
422,691,0.4,0.4,0.3,0.5,,,,1,STRUCTURE_ONLY
422,307,0.3989583333333333,0.3989583333333333,0.26666666666666666,0.53125,0.7745966692414834,0.8872983346207417,,6,STRUCTURE_ONLY
422,231,0.3770833333333333,0.3770833333333333,0.1875,0.5666666666666667,0.8426648406178138,0.9213324203089068,,8,STRUCTURE_ONLY
422,145,0.365,0.365,0.25,0.48,0.9544271444636666,0.9772135722318334,,7,STRUCTURE_ONLY
422,103,0.3601398601398601,0.3601398601398601,0.18181818181818182,0.5384615384615384,0.5669467095138409,0.7834733547569204,,7,STRUCTURE_ONLY
422,36,0.32916666666666666,0.32916666666666666,0.2,0.4583333333333333,0.8911327886790069,0.9455663943395034,,8,STRUCTURE_ONLY
422,377,0.3179650238473768,0.3179650238473768,0.17647058823529413,0.4594594594594595,,,,2,STRUCTURE_ONLY
422,673,0.31547619047619047,0.31547619047619047,0.16666666666666666,0.4642857142857143,0.9045340337332909,0.9522670168666454,,6,STRUCTURE_ONLY
422,297,0.31313131313131315,0.31313131313131315,0.18181818181818182,0.4444444444444444,0.9669875568304563,0.9834937784152282,,7,STRUCTURE_ONLY
422,636,0.31153846153846154,0.31153846153846154,0.2,0.4230769230769231,0.9486832980505138,0.9743416490252569,,6,STRUCTURE_ONLY
423,575,0.3125,0.3125,0.25,0.375,,,,2,STRUCTURE_ONLY
423,304,0.16,0.16,0.2,0.12,,,,2,STRUCTURE_ONLY
423,152,0.14251207729468598,0.14251207729468598,0.1111111111111111,0.17391304347826086,,,,1,STRUCTURE_ONLY
423,416,0.13055555555555554,0.13055555555555554,0.1111111111111111,0.15,,,,2,STRUCTURE_ONLY
423,293,0.09090909090909091,0.09090909090909091,0.0,0.18181818181818182,,,,1,STRUCTURE_ONLY
423,711,0.085995085995086,0.085995085995086,0.09090909090909091,0.08108108108108109,,,,2,STRUCTURE_ONLY
423,227,0.08113590263691683,0.08113590263691683,0.058823529411764705,0.10344827586206896,,,,2,STRUCTURE_ONLY
423,404,0.07976190476190476,0.07976190476190476,0.1,0.05952380952380952,,,,0,STRUCTURE_ONLY
423,84,0.07692307692307693,0.07692307692307693,0.0,0.15384615384615385,,,,0,STRUCTURE_ONLY
423,276,0.07655826558265583,0.07655826558265583,0.05555555555555555,0.0975609756097561,0.2721655269759087,0.6360827634879543,,3,STRUCTURE_ONLY
424,670,0.2987012987012987,0.2987012987012987,0.14285714285714285,0.45454545454545453,0.5163977794943222,0.7581988897471611,,7,STRUCTURE_ONLY
424,587,0.2556390977443609,0.2556390977443609,0.14285714285714285,0.3684210526315789,1.0000000000000002,1.0,,6,STRUCTURE_ONLY
424,565,0.24308300395256918,0.24308300395256918,0.18181818181818182,0.30434782608695654,0.7378647873726218,0.8689323936863109,,10,STRUCTURE_ONLY
424,359,0.2222222222222222,0.2222222222222222,0.1111111111111111,0.3333333333333333,0.7627700713964737,0.8813850356982369,,21,STRUCTURE_ONLY
424,325,0.2159090909090909,0.2159090909090909,0.18181818181818182,0.25,0.8786534150308698,0.9393267075154349,,34,STRUCTURE_ONLY
424,234,0.1976190476190476,0.1976190476190476,0.16666666666666666,0.22857142857142856,0.8164965809277259,0.9082482904638629,,12,STRUCTURE_ONLY
424,281,0.1970588235294118,0.1970588235294118,0.1,0.29411764705882354,0.9999999999999998,0.9999999999999999,,5,STRUCTURE_ONLY
424,181,0.1871345029239766,0.1871345029239766,0.1111111111111111,0.2631578947368421,0.5,0.75,,9,STRUCTURE_ONLY
424,437,0.18636363636363634,0.18636363636363634,0.1,0.2727272727272727,0.9431191251430151,0.9715595625715076,,10,STRUCTURE_ONLY
424,755,0.18636363636363634,0.18636363636363634,0.1,0.2727272727272727,0.8660254037844387,0.9330127018922194,,4,STRUCTURE_ONLY
425,346,0.21910112359550563,0.21910112359550563,0.0,0.43820224719101125,0.6708203932499369,0.8354101966249685,,4,STRUCTURE_ONLY
425,638,0.1962233169129721,0.1962233169129721,0.047619047619047616,0.3448275862068966,,,,0,STRUCTURE_ONLY
425,310,0.09230769230769231,0.09230769230769231,0.13333333333333333,0.05128205128205128,,,,0,STRUCTURE_ONLY
425,431,0.0891089108910891,0.0891089108910891,0.0,0.1782178217821782,,,,1,STRUCTURE_ONLY
425,700,0.0796812749003984,0.0796812749003984,0.0,0.1593625498007968,,,,2,STRUCTURE_ONLY
425,696,0.07065217391304347,0.07065217391304347,0.0,0.14130434782608695,,,,0,STRUCTURE_ONLY
425,137,0.046012269938650305,0.046012269938650305,0.0,0.09202453987730061,0.8660254037844387,0.9330127018922194,,3,STRUCTURE_ONLY
425,38,0.03867403314917127,0.03867403314917127,0.0,0.07734806629834254,,,,0,STRUCTURE_ONLY
425,608,0.02459016393442623,0.02459016393442623,0.0,0.04918032786885246,,,,0,STRUCTURE_ONLY
425,732,0.02459016393442623,0.02459016393442623,0.0,0.04918032786885246,,,,1,STRUCTURE_ONLY
426,339,0.48469387755102045,0.48469387755102045,0.5,0.46938775510204084,0.38401228858985553,0.6920061442949278,,17,STRUCTURE_ONLY
426,751,0.40398550724637683,0.40398550724637683,0.4166666666666667,0.391304347826087,0.7071067811865475,0.8535533905932737,,3,STRUCTURE_ONLY
426,267,0.4,0.4,0.3,0.5,0.6363636363636364,0.8181818181818181,,11,STRUCTURE_ONLY
426,327,0.396011396011396,0.396011396011396,0.38461538461538464,0.4074074074074074,0.8333333333333335,0.9166666666666667,,10,STRUCTURE_ONLY
426,441,0.38865248226950355,0.38865248226950355,0.26666666666666666,0.5106382978723404,0.5809475019311126,0.7904737509655563,,18,STRUCTURE_ONLY
426,678,0.373015873015873,0.373015873015873,0.35714285714285715,0.3888888888888889,0.49130368444051753,0.7456518422202587,,8,STRUCTURE_ONLY
426,324,0.3712121212121212,0.3712121212121212,0.3333333333333333,0.4090909090909091,0.8451542547285166,0.9225771273642582,,11,STRUCTURE_ONLY
426,377,0.36888888888888893,0.36888888888888893,0.2777777777777778,0.46,0.6546536707079771,0.8273268353539885,,9,STRUCTURE_ONLY
426,444,0.3563218390804598,0.3563218390804598,0.3333333333333333,0.3793103448275862,0.429197537639476,0.7145987688197379,,24,STRUCTURE_ONLY
426,76,0.35534591194968557,0.35534591194968557,0.3333333333333333,0.37735849056603776,0.47140452079103173,0.7357022603955159,,12,STRUCTURE_ONLY
427,45,0.4763636363636364,0.4763636363636364,0.2727272727272727,0.68,0.17503501050350123,0.5875175052517506,,16,STRUCTURE_ONLY
427,158,0.4583333333333333,0.4583333333333333,0.16666666666666666,0.75,0.968962790249909,0.9844813951249545,,9,STRUCTURE_ONLY
427,499,0.4577922077922078,0.4577922077922078,0.2727272727272727,0.6428571428571429,0.9587981127083873,0.9793990563541937,,19,STRUCTURE_ONLY
427,721,0.4423076923076923,0.4423076923076923,0.23076923076923078,0.6538461538461539,0.8703882797784892,0.9351941398892446,,9,STRUCTURE_ONLY
427,79,0.4399350649350649,0.4399350649350649,0.2727272727272727,0.6071428571428571,0.5488604301969737,0.7744302150984869,,30,STRUCTURE_ONLY
427,620,0.43333333333333335,0.43333333333333335,0.3,0.5666666666666667,,,,2,STRUCTURE_ONLY
427,155,0.4,0.4,0.4,0.4,-0.4358898943540674,0.2820550528229663,,17,STRUCTURE_ONLY
427,135,0.390625,0.390625,0.25,0.53125,0.8333333333333335,0.9166666666666667,,3,STRUCTURE_ONLY
427,710,0.38685344827586204,0.38685344827586204,0.1875,0.5862068965517241,,,,2,STRUCTURE_ONLY
427,530,0.37969924812030076,0.37969924812030076,0.2857142857142857,0.47368421052631576,0.9297198959726098,0.9648599479863049,,13,STRUCTURE_ONLY
428,183,0.8333333333333333,0.8333333333333333,0.7777777777777778,0.8888888888888888,1.0,1.0,,4,STRUCTURE_ONLY
428,654,0.75,0.75,0.7,0.8,,,,2,STRUCTURE_ONLY
428,563,0.7007575757575758,0.7007575757575758,0.5833333333333334,0.8181818181818182,1.0000000000000002,1.0,,3,STRUCTURE_ONLY
428,451,0.6388888888888888,0.6388888888888888,0.5,0.7777777777777778,,,,2,STRUCTURE_ONLY
428,282,0.5151515151515151,0.5151515151515151,0.36363636363636365,0.6666666666666666,,,,0,STRUCTURE_ONLY
428,441,0.5026525198938993,0.5026525198938993,0.38461538461538464,0.6206896551724138,0.9258200997725514,0.9629100498862757,,7,STRUCTURE_ONLY
428,264,0.4921052631578947,0.4921052631578947,0.3,0.6842105263157895,1.0,1.0,,4,STRUCTURE_ONLY
428,591,0.4675324675324675,0.4675324675324675,0.36363636363636365,0.5714285714285714,,,,0,STRUCTURE_ONLY
428,306,0.46578947368421053,0.46578947368421053,0.3,0.631578947368421,1.0,1.0,,4,STRUCTURE_ONLY
428,89,0.4458874458874459,0.4458874458874459,0.2727272727272727,0.6190476190476191,,,,0,STRUCTURE_ONLY
429,367,0.55,0.55,0.4,0.7,0.0,0.5,,39,STRUCTURE_ONLY
429,458,0.4982057416267942,0.4982057416267942,0.47368421052631576,0.5227272727272727,0.5535714285714286,0.7767857142857143,,86,STRUCTURE_ONLY
429,391,0.4920634920634921,0.4920634920634921,0.5555555555555556,0.42857142857142855,0.9999999999999999,1.0,,7,STRUCTURE_ONLY
429,631,0.4764705882352941,0.4764705882352941,0.35294117647058826,0.6,0.5773502691896258,0.7886751345948129,,3,STRUCTURE_ONLY
429,47,0.4716748768472906,0.4716748768472906,0.35714285714285715,0.5862068965517241,0.6324555320336759,0.816227766016838,,101,STRUCTURE_ONLY
429,29,0.46257267441860467,0.46257267441860467,0.34375,0.5813953488372093,0.8660254037844387,0.9330127018922194,,8,STRUCTURE_ONLY
429,155,0.4563492063492064,0.4563492063492064,0.35714285714285715,0.5555555555555556,-0.4640335147419185,0.2679832426290407,,32,STRUCTURE_ONLY
429,601,0.45512820512820507,0.45512820512820507,0.3333333333333333,0.5769230769230769,,,,2,STRUCTURE_ONLY
429,307,0.4487394957983193,0.4487394957983193,0.4117647058823529,0.4857142857142857,0.33436692754521175,0.6671834637726058,,18,STRUCTURE_ONLY
429,466,0.44285714285714284,0.44285714285714284,0.4,0.4857142857142857,0.3144854510165755,0.6572427255082878,,13,STRUCTURE_ONLY
430,518,0.391812865497076,0.391812865497076,0.2222222222222222,0.5614035087719298,0.9999999999999998,0.9999999999999999,,5,STRUCTURE_ONLY
430,106,0.35565052231718897,0.35565052231718897,0.20512820512820512,0.5061728395061729,,,,2,STRUCTURE_ONLY
430,144,0.3408408408408409,0.3408408408408409,0.2222222222222222,0.4594594594594595,,,,2,STRUCTURE_ONLY
430,442,0.32423038728897713,0.32423038728897713,0.15789473684210525,0.49056603773584906,,,,1,STRUCTURE_ONLY
430,314,0.31212938005390833,0.31212938005390833,0.17142857142857143,0.4528301886792453,0.18090680674665818,0.5904534033733291,,12,STRUCTURE_ONLY
430,364,0.2982142857142857,0.2982142857142857,0.15,0.44642857142857145,1.0000000000000002,1.0,,3,STRUCTURE_ONLY
430,244,0.2906073446327684,0.2906073446327684,0.20833333333333334,0.3728813559322034,0.5222329678670935,0.7611164839335467,,9,STRUCTURE_ONLY
430,463,0.29003164556962024,0.29003164556962024,0.175,0.4050632911392405,1.0,1.0,,4,STRUCTURE_ONLY
430,544,0.28535353535353536,0.28535353535353536,0.18181818181818182,0.3888888888888889,0.2886751345948129,0.6443375672974064,,13,STRUCTURE_ONLY
430,166,0.2825757575757576,0.2825757575757576,0.18181818181818182,0.38333333333333336,0.6963106238227914,0.8481553119113957,,11,STRUCTURE_ONLY
431,63,0.26392405063291136,0.26392405063291136,0.3,0.22784810126582278,0.9622504486493763,0.9811252243246882,,3,STRUCTURE_ONLY
431,705,0.23931962025316456,0.23931962025316456,0.1875,0.2911392405063291,0.9245951335534446,0.9622975667767223,,20,STRUCTURE_ONLY
431,334,0.21090342679127724,0.21090342679127724,0.06666666666666667,0.35514018691588783,0.765993269980339,0.8829966349901694,,37,STRUCTURE_ONLY
431,167,0.20135135135135135,0.20135135135135135,0.2,0.20270270270270271,0.894427190999916,0.947213595499958,,6,STRUCTURE_ONLY
431,101,0.20068463842533163,0.20068463842533163,0.2631578947368421,0.13821138211382114,0.8457800632220621,0.9228900316110311,,14,STRUCTURE_ONLY
431,202,0.1991869918699187,0.1991869918699187,0.16666666666666666,0.23170731707317074,0.944911182523068,0.972455591261534,,4,STRUCTURE_ONLY
431,591,0.19826839826839826,0.19826839826839826,0.26666666666666666,0.12987012987012986,,,,1,STRUCTURE_ONLY
431,339,0.19824561403508772,0.19824561403508772,0.2631578947368421,0.13333333333333333,0.408248290463863,0.7041241452319316,,12,STRUCTURE_ONLY
431,327,0.1856060606060606,0.1856060606060606,0.16666666666666666,0.20454545454545456,0.7505553499465136,0.8752776749732568,,13,STRUCTURE_ONLY
431,166,0.18055555555555555,0.18055555555555555,0.15,0.2111111111111111,0.6755205294731984,0.8377602647365991,,27,STRUCTURE_ONLY
432,54,0.29166666666666663,0.29166666666666663,0.25,0.3333333333333333,-0.09913631941932195,0.450431840290339,,16,STRUCTURE_ONLY
432,406,0.1437908496732026,0.1437908496732026,0.1111111111111111,0.17647058823529413,0.30237157840738177,0.6511857892036909,,14,STRUCTURE_ONLY
432,290,0.12698412698412698,0.12698412698412698,0.1111111111111111,0.14285714285714285,-0.33333333333333337,0.3333333333333333,,3,STRUCTURE_ONLY
432,691,0.12406015037593984,0.12406015037593984,0.14285714285714285,0.10526315789473684,,,,1,STRUCTURE_ONLY
432,145,0.11437908496732026,0.11437908496732026,0.1111111111111111,0.11764705882352941,0.4811252243246882,0.7405626121623441,,9,STRUCTURE_ONLY
432,515,0.1068840579710145,0.1068840579710145,0.08333333333333333,0.13043478260869565,,,,2,STRUCTURE_ONLY
432,107,0.09761904761904762,0.09761904761904762,0.1,0.09523809523809523,,,,2,STRUCTURE_ONLY
432,413,0.08333333333333333,0.08333333333333333,0.0,0.16666666666666666,0.6851601597031488,0.8425800798515743,,9,STRUCTURE_ONLY
432,162,0.07392473118279569,0.07392473118279569,0.08333333333333333,0.06451612903225806,,,,2,STRUCTURE_ONLY
432,232,0.06666666666666667,0.06666666666666667,0.0,0.13333333333333333,,,,0,STRUCTURE_ONLY
433,258,0.4938080495356037,0.4938080495356037,0.6052631578947368,0.38235294117647056,0.48685382607753996,0.74342691303877,,51,STRUCTURE_ONLY
433,561,0.36919504643962847,0.36919504643962847,0.47368421052631576,0.2647058823529412,0.9428090415820635,0.9714045207910318,,3,STRUCTURE_ONLY
433,117,0.35902255639097747,0.35902255639097747,0.42857142857142855,0.2894736842105263,0.9381941874331419,0.9690970937165709,,13,STRUCTURE_ONLY
433,55,0.3560371517027864,0.3560371517027864,0.4473684210526316,0.2647058823529412,0.7745966692414834,0.8872983346207417,,5,STRUCTURE_ONLY
433,557,0.3415750915750916,0.3415750915750916,0.4523809523809524,0.23076923076923078,0.19999999999999996,0.6,,13,STRUCTURE_ONLY
433,140,0.3281733746130031,0.3281733746130031,0.42105263157894735,0.23529411764705882,0.4891159880445184,0.7445579940222592,,41,STRUCTURE_ONLY
433,559,0.32090643274853803,0.32090643274853803,0.4473684210526316,0.19444444444444445,0.903696114115064,0.9518480570575321,,7,STRUCTURE_ONLY
433,354,0.3176470588235294,0.3176470588235294,0.4,0.23529411764705882,0.8944271909999159,0.9472135954999579,,6,STRUCTURE_ONLY
433,331,0.29981884057971014,0.29981884057971014,0.391304347826087,0.20833333333333334,0.944911182523068,0.972455591261534,,4,STRUCTURE_ONLY
433,581,0.2980769230769231,0.2980769230769231,0.1794871794871795,0.4166666666666667,0.8696263565463043,0.9348131782731521,,11,STRUCTURE_ONLY
434,474,0.4342105263157895,0.4342105263157895,0.5,0.3684210526315789,,,,1,STRUCTURE_ONLY
434,659,0.4342105263157895,0.4342105263157895,0.5,0.3684210526315789,-0.8164965809277261,0.09175170953613693,,3,STRUCTURE_ONLY
434,203,0.4275862068965517,0.4275862068965517,0.2,0.6551724137931034,-0.2886751345948129,0.35566243270259357,,9,STRUCTURE_ONLY
434,544,0.4275862068965517,0.4275862068965517,0.2,0.6551724137931034,0.7071067811865475,0.8535533905932737,,3,STRUCTURE_ONLY
434,190,0.425,0.425,0.25,0.6,,,,0,STRUCTURE_ONLY
434,57,0.41666666666666663,0.41666666666666663,0.2,0.6333333333333333,,,,0,STRUCTURE_ONLY
434,252,0.4107142857142857,0.4107142857142857,0.25,0.5714285714285714,,,,1,STRUCTURE_ONLY
434,440,0.40942028985507245,0.40942028985507245,0.16666666666666666,0.6521739130434783,,,,2,STRUCTURE_ONLY
434,339,0.4075757575757576,0.4075757575757576,0.18181818181818182,0.6333333333333333,0.5,0.75,,4,STRUCTURE_ONLY
434,681,0.40674603174603174,0.40674603174603174,0.2857142857142857,0.5277777777777778,,,,0,STRUCTURE_ONLY
435,507,0.16666666666666666,0.16666666666666666,0.0,0.3333333333333333,0.9428090415820635,0.9714045207910318,,3,STRUCTURE_ONLY
435,573,0.13846153846153847,0.13846153846153847,0.2,0.07692307692307693,,,,1,STRUCTURE_ONLY
435,517,0.05555555555555555,0.05555555555555555,0.0,0.1111111111111111,0.9594032236002469,0.9797016118001234,,5,STRUCTURE_ONLY
435,564,0.05,0.05,0.0,0.1,0.9525793444156805,0.9762896722078402,,6,STRUCTURE_ONLY
435,350,0.045454545454545456,0.045454545454545456,0.0,0.09090909090909091,0.6454972243679028,0.8227486121839513,,9,STRUCTURE_ONLY
435,675,0.045454545454545456,0.045454545454545456,0.0,0.09090909090909091,,,,0,STRUCTURE_ONLY
435,430,0.04005006257822278,0.04005006257822278,0.058823529411764705,0.02127659574468085,0.944911182523068,0.972455591261534,,4,STRUCTURE_ONLY
435,232,0.038461538461538464,0.038461538461538464,0.0,0.07692307692307693,,,,0,STRUCTURE_ONLY
435,314,0.03485576923076923,0.03485576923076923,0.038461538461538464,0.03125,0.5142594772265799,0.75712973861329,,8,STRUCTURE_ONLY
435,486,0.03125,0.03125,0.0,0.0625,,,,2,STRUCTURE_ONLY
436,27,0.680952380952381,0.680952380952381,0.6,0.7619047619047619,,,,0,STRUCTURE_ONLY
436,527,0.5571428571428572,0.5571428571428572,0.4,0.7142857142857143,,,,2,STRUCTURE_ONLY
436,554,0.521978021978022,0.521978021978022,0.42857142857142855,0.6153846153846154,,,,1,STRUCTURE_ONLY
436,752,0.5027472527472527,0.5027472527472527,0.42857142857142855,0.5769230769230769,,,,0,STRUCTURE_ONLY
436,135,0.45079365079365075,0.45079365079365075,0.4444444444444444,0.45714285714285713,,,,1,STRUCTURE_ONLY
436,118,0.44285714285714284,0.44285714285714284,0.2857142857142857,0.6,,,,0,STRUCTURE_ONLY
436,702,0.4318181818181818,0.4318181818181818,0.36363636363636365,0.5,,,,1,STRUCTURE_ONLY
436,242,0.4126984126984127,0.4126984126984127,0.4444444444444444,0.38095238095238093,,,,0,STRUCTURE_ONLY
436,279,0.37202380952380953,0.37202380952380953,0.2857142857142857,0.4583333333333333,,,,0,STRUCTURE_ONLY
436,746,0.3666666666666667,0.3666666666666667,0.4,0.3333333333333333,,,,1,STRUCTURE_ONLY
437,670,0.2720588235294118,0.2720588235294118,0.25,0.29411764705882354,,,,2,STRUCTURE_ONLY
437,424,0.18636363636363634,0.18636363636363634,0.1,0.2727272727272727,0.9431191251430151,0.9715595625715076,,10,STRUCTURE_ONLY
437,359,0.18333333333333335,0.18333333333333335,0.16666666666666666,0.2,0.8765009801785554,0.9382504900892776,,14,STRUCTURE_ONLY
437,281,0.18012422360248448,0.18012422360248448,0.14285714285714285,0.21739130434782608,0.9486832980505138,0.9743416490252569,,6,STRUCTURE_ONLY
437,755,0.15763546798029557,0.15763546798029557,0.14285714285714285,0.1724137931034483,,,,1,STRUCTURE_ONLY
437,590,0.15476190476190477,0.15476190476190477,0.14285714285714285,0.16666666666666666,0.6324555320336759,0.816227766016838,,4,STRUCTURE_ONLY
437,378,0.14912280701754385,0.14912280701754385,0.16666666666666666,0.13157894736842105,0.9411764705882353,0.9705882352941176,,11,STRUCTURE_ONLY
437,565,0.13620071684587814,0.13620071684587814,0.1111111111111111,0.16129032258064516,0.8486684247915055,0.9243342123957528,,9,STRUCTURE_ONLY
437,366,0.13474025974025974,0.13474025974025974,0.09090909090909091,0.17857142857142858,0.7254762501100116,0.8627381250550058,,10,STRUCTURE_ONLY
437,587,0.13425925925925924,0.13425925925925924,0.08333333333333333,0.18518518518518517,,,,2,STRUCTURE_ONLY
438,106,0.44047619047619047,0.44047619047619047,0.38095238095238093,0.5,0.9622504486493763,0.9811252243246882,,3,STRUCTURE_ONLY
438,518,0.38858695652173914,0.38858695652173914,0.375,0.40217391304347827,,,,0,STRUCTURE_ONLY
438,230,0.38648373983739837,0.38648373983739837,0.4146341463414634,0.35833333333333334,0.7826237921249264,0.8913118960624632,,7,STRUCTURE_ONLY
438,317,0.37962037962037964,0.37962037962037964,0.36363636363636365,0.3956043956043956,,,,1,STRUCTURE_ONLY
438,213,0.33527131782945735,0.33527131782945735,0.3333333333333333,0.3372093023255814,0.9438798074485389,0.9719399037242695,,5,STRUCTURE_ONLY
438,188,0.31130434782608696,0.31130434782608696,0.2826086956521739,0.34,,,,2,STRUCTURE_ONLY
438,327,0.3068181818181818,0.3068181818181818,0.25,0.36363636363636365,0.9999999999999999,1.0,,4,STRUCTURE_ONLY
438,294,0.3037593984962406,0.3037593984962406,0.22857142857142856,0.37894736842105264,0.5669467095138409,0.7834733547569204,,4,STRUCTURE_ONLY
438,267,0.2812891113892365,0.2812891113892365,0.2647058823529412,0.2978723404255319,0.9525793444156805,0.9762896722078402,,3,STRUCTURE_ONLY
438,446,0.28095238095238095,0.28095238095238095,0.2619047619047619,0.3,,,,1,STRUCTURE_ONLY
439,395,0.5186335403726708,0.5186335403726708,0.42857142857142855,0.6086956521739131,0.8660254037844387,0.9330127018922194,,4,STRUCTURE_ONLY
439,500,0.5,0.5,0.375,0.625,1.0,1.0,,4,STRUCTURE_ONLY
439,478,0.44193548387096776,0.44193548387096776,0.4,0.4838709677419355,,,,2,STRUCTURE_ONLY
439,411,0.42857142857142855,0.42857142857142855,0.2857142857142857,0.5714285714285714,,,,2,STRUCTURE_ONLY
439,723,0.4107142857142857,0.4107142857142857,0.25,0.5714285714285714,,,,1,STRUCTURE_ONLY
439,49,0.40350877192982454,0.40350877192982454,0.3333333333333333,0.47368421052631576,,,,2,STRUCTURE_ONLY
439,271,0.40350877192982454,0.40350877192982454,0.3333333333333333,0.47368421052631576,0.8164965809277259,0.9082482904638629,,3,STRUCTURE_ONLY
439,601,0.3977272727272727,0.3977272727272727,0.25,0.5454545454545454,,,,2,STRUCTURE_ONLY
439,88,0.3858695652173913,0.3858695652173913,0.25,0.5217391304347826,0.944911182523068,0.972455591261534,,4,STRUCTURE_ONLY
439,129,0.3858695652173913,0.3858695652173913,0.25,0.5217391304347826,0.5773502691896258,0.7886751345948129,,3,STRUCTURE_ONLY
440,502,0.5138888888888888,0.5138888888888888,0.4444444444444444,0.5833333333333334,-0.1889822365046136,0.4055088817476932,,7,STRUCTURE_ONLY
440,348,0.5056818181818181,0.5056818181818181,0.375,0.6363636363636364,,,,0,STRUCTURE_ONLY
440,252,0.4916666666666667,0.4916666666666667,0.3333333333333333,0.65,0.710046946804693,0.8550234734023465,,10,STRUCTURE_ONLY
440,46,0.4652777777777778,0.4652777777777778,0.2222222222222222,0.7083333333333334,,,,0,STRUCTURE_ONLY
440,228,0.44166666666666665,0.44166666666666665,0.3,0.5833333333333334,0.0,0.5,,3,STRUCTURE_ONLY
440,213,0.43636363636363634,0.43636363636363634,0.2727272727272727,0.6,0.14285714285714285,0.5714285714285714,,7,STRUCTURE_ONLY
440,583,0.4097222222222222,0.4097222222222222,0.1111111111111111,0.7083333333333334,0.16666666666666669,0.5833333333333334,,3,STRUCTURE_ONLY
440,434,0.40942028985507245,0.40942028985507245,0.16666666666666666,0.6521739130434783,,,,2,STRUCTURE_ONLY
440,712,0.39555555555555555,0.39555555555555555,0.1111111111111111,0.68,,,,1,STRUCTURE_ONLY
440,356,0.375,0.375,0.25,0.5,0.5,0.75,,4,STRUCTURE_ONLY
441,563,0.5533498759305211,0.5533498759305211,0.46153846153846156,0.6451612903225806,0.8249579113843053,0.9124789556921526,,8,STRUCTURE_ONLY
441,114,0.5337301587301587,0.5337301587301587,0.42857142857142855,0.6388888888888888,0.9459053029269171,0.9729526514634586,,19,STRUCTURE_ONLY
441,184,0.5158371040723982,0.5158371040723982,0.38461538461538464,0.6470588235294118,0.9622504486493764,0.9811252243246882,,6,STRUCTURE_ONLY
441,583,0.5156739811912225,0.5156739811912225,0.2727272727272727,0.7586206896551724,0.9428090415820635,0.9714045207910318,,3,STRUCTURE_ONLY
441,183,0.5031347962382445,0.5031347962382445,0.45454545454545453,0.5517241379310345,0.6671243849949912,0.8335621924974956,,14,STRUCTURE_ONLY
441,428,0.5026525198938993,0.5026525198938993,0.38461538461538464,0.6206896551724138,0.9258200997725514,0.9629100498862757,,7,STRUCTURE_ONLY
441,531,0.5,0.5,0.36363636363636365,0.6363636363636364,0.8436614877321075,0.9218307438660538,,14,STRUCTURE_ONLY
441,577,0.4903846153846154,0.4903846153846154,0.23076923076923078,0.75,0.9999999999999998,0.9999999999999999,,5,STRUCTURE_ONLY
441,720,0.48917748917748916,0.48917748917748916,0.45454545454545453,0.5238095238095238,0.944911182523068,0.972455591261534,,8,STRUCTURE_ONLY
441,339,0.48611111111111105,0.48611111111111105,0.3333333333333333,0.6388888888888888,0.8396893026590251,0.9198446513295125,,17,STRUCTURE_ONLY
442,364,0.6169590643274854,0.6169590643274854,0.4444444444444444,0.7894736842105263,,,,1,STRUCTURE_ONLY
442,464,0.4255952380952381,0.4255952380952381,0.375,0.47619047619047616,,,,2,STRUCTURE_ONLY
442,294,0.4236111111111111,0.4236111111111111,0.2222222222222222,0.625,,,,2,STRUCTURE_ONLY
442,467,0.3882113821138211,0.3882113821138211,0.16666666666666666,0.6097560975609756,,,,0,STRUCTURE_ONLY
442,244,0.37246376811594206,0.37246376811594206,0.26666666666666666,0.4782608695652174,0.8164965809277259,0.9082482904638629,,3,STRUCTURE_ONLY
442,51,0.34966216216216217,0.34966216216216217,0.375,0.32432432432432434,,,,1,STRUCTURE_ONLY
442,444,0.3494897959183674,0.3494897959183674,0.25,0.4489795918367347,0.8164965809277259,0.9082482904638629,,3,STRUCTURE_ONLY
442,267,0.34515366430260047,0.34515366430260047,0.2222222222222222,0.46808510638297873,,,,0,STRUCTURE_ONLY
442,583,0.33479532163742687,0.33479532163742687,0.2222222222222222,0.4473684210526316,,,,2,STRUCTURE_ONLY
442,430,0.32423038728897713,0.32423038728897713,0.15789473684210525,0.49056603773584906,,,,1,STRUCTURE_ONLY
443,141,0.7165242165242165,0.7165242165242165,0.6923076923076923,0.7407407407407407,0.8874119674649422,0.943705983732471,,14,STRUCTURE_ONLY
443,331,0.6553763440860214,0.6553763440860214,0.6333333333333333,0.6774193548387096,1.0000000000000002,1.0,,3,STRUCTURE_ONLY
443,503,0.5922619047619048,0.5922619047619048,0.8095238095238095,0.375,0.4029114820126901,0.7014557410063451,,11,STRUCTURE_ONLY
443,31,0.5863636363636364,0.5863636363636364,0.7727272727272727,0.4,0.6405126152203486,0.8202563076101743,,7,STRUCTURE_ONLY
443,140,0.5786713286713286,0.5786713286713286,0.7727272727272727,0.38461538461538464,0.7453559924999299,0.8726779962499649,,17,STRUCTURE_ONLY
443,237,0.5777777777777777,0.5777777777777777,0.6666666666666666,0.4888888888888889,0.9561828874675149,0.9780914437337574,,7,STRUCTURE_ONLY
443,55,0.5547504025764896,0.5547504025764896,0.7391304347826086,0.37037037037037035,0.7071067811865475,0.8535533905932737,,4,STRUCTURE_ONLY
443,269,0.546474358974359,0.546474358974359,0.7083333333333334,0.38461538461538464,,,,2,STRUCTURE_ONLY
443,354,0.546474358974359,0.546474358974359,0.7083333333333334,0.38461538461538464,1.0000000000000002,1.0,,3,STRUCTURE_ONLY
443,561,0.5393518518518519,0.5393518518518519,0.7083333333333334,0.37037037037037035,,,,2,STRUCTURE_ONLY
444,630,0.6255380200860832,0.6255380200860832,0.47058823529411764,0.7804878048780488,0.9438798074485389,0.9719399037242695,,5,STRUCTURE_ONLY
444,188,0.5928030303030303,0.5928030303030303,0.3939393939393939,0.7916666666666666,0.7337993857053429,0.8668996928526714,,18,STRUCTURE_ONLY
444,513,0.5547112462006079,0.5547112462006079,0.42857142857142855,0.6808510638297872,0.5539117094069973,0.7769558547034987,,28,STRUCTURE_ONLY
444,50,0.5523715415019763,0.5523715415019763,0.4090909090909091,0.6956521739130435,0.7826237921249264,0.8913118960624632,,5,STRUCTURE_ONLY
444,603,0.5277777777777778,0.5277777777777778,0.3888888888888889,0.6666666666666666,-0.11180339887498948,0.44409830056250527,,12,STRUCTURE_ONLY
444,244,0.5045454545454545,0.5045454545454545,0.35,0.6590909090909091,0.766825781116149,0.8834128905580745,,20,STRUCTURE_ONLY
444,599,0.5037593984962406,0.5037593984962406,0.42857142857142855,0.5789473684210527,0.7620007620011432,0.8810003810005715,,13,STRUCTURE_ONLY
444,375,0.49375,0.49375,0.4375,0.55,0.7360747380985777,0.8680373690492889,,26,STRUCTURE_ONLY
444,690,0.489463601532567,0.489463601532567,0.4444444444444444,0.5344827586206896,0.8451542547285166,0.9225771273642582,,12,STRUCTURE_ONLY
444,518,0.48339160839160844,0.48339160839160844,0.4090909090909091,0.5576923076923077,0.727606875108999,0.8638034375544995,,10,STRUCTURE_ONLY
445,538,0.5252100840336134,0.5252100840336134,0.2857142857142857,0.7647058823529411,0.8822905744038869,0.9411452872019435,,23,STRUCTURE_ONLY
445,246,0.51,0.51,0.5,0.52,0.9214064786997642,0.9607032393498821,,23,STRUCTURE_ONLY
445,58,0.3643724696356275,0.3643724696356275,0.3076923076923077,0.42105263157894735,0.8500474370064828,0.9250237185032414,,34,STRUCTURE_ONLY
445,156,0.3333333333333333,0.3333333333333333,0.3333333333333333,0.3333333333333333,0.7452266241066098,0.8726133120533048,,27,STRUCTURE_ONLY
445,250,0.2590909090909091,0.2590909090909091,0.2,0.3181818181818182,0.8666666666666667,0.9333333333333333,,18,STRUCTURE_ONLY
445,325,0.20634920634920634,0.20634920634920634,0.2222222222222222,0.19047619047619047,0.7899317791653497,0.8949658895826749,,45,STRUCTURE_ONLY
445,529,0.17846153846153848,0.17846153846153848,0.07692307692307693,0.28,0.8743828992755144,0.9371914496377571,,29,STRUCTURE_ONLY
445,400,0.1644144144144144,0.1644144144144144,0.16666666666666666,0.16216216216216217,0.8923853290233166,0.9461926645116583,,22,STRUCTURE_ONLY
445,336,0.15,0.15,0.0,0.3,0.8944271909999159,0.9472135954999579,,5,STRUCTURE_ONLY
445,248,0.1324110671936759,0.1324110671936759,0.09090909090909091,0.17391304347826086,0.8504200642707612,0.9252100321353807,,5,STRUCTURE_ONLY
446,249,0.6680952380952381,0.6680952380952381,0.6428571428571429,0.6933333333333334,0.9128709291752769,0.9564354645876385,,6,STRUCTURE_ONLY
446,53,0.6336206896551724,0.6336206896551724,0.5172413793103449,0.75,0.9128709291752769,0.9564354645876385,,6,STRUCTURE_ONLY
446,188,0.5,0.5,0.48717948717948717,0.5128205128205128,0.8451542547285165,0.9225771273642582,,5,STRUCTURE_ONLY
446,50,0.4915413533834586,0.4915413533834586,0.5357142857142857,0.4473684210526316,0.8164965809277259,0.9082482904638629,,3,STRUCTURE_ONLY
446,154,0.4629629629629629,0.4629629629629629,0.48148148148148145,0.4444444444444444,,,,2,STRUCTURE_ONLY
446,513,0.4449171518137035,0.4449171518137035,0.4482758620689655,0.44155844155844154,0.9999999999999998,0.9999999999999999,,5,STRUCTURE_ONLY
446,23,0.42351973684210525,0.42351973684210525,0.28125,0.5657894736842105,0.9354143466934852,0.9677071733467426,,8,STRUCTURE_ONLY
446,444,0.41938490214352286,0.41938490214352286,0.3793103448275862,0.4594594594594595,0.8728715609439696,0.9364357804719847,,7,STRUCTURE_ONLY
446,52,0.4114114114114114,0.4114114114114114,0.4444444444444444,0.3783783783783784,0.8838834764831843,0.9419417382415922,,5,STRUCTURE_ONLY
446,244,0.3782467532467533,0.3782467532467533,0.39285714285714285,0.36363636363636365,0.9428090415820635,0.9714045207910318,,3,STRUCTURE_ONLY
447,519,0.4992378048780488,0.4992378048780488,0.4375,0.5609756097560976,0.8082903768654761,0.9041451884327381,,13,STRUCTURE_ONLY
447,466,0.4959677419354839,0.4959677419354839,0.25,0.7419354838709677,1.0,1.0,,4,STRUCTURE_ONLY
447,112,0.46785714285714286,0.46785714285714286,0.25,0.6857142857142857,0.7715167498104595,0.8857583749052298,,6,STRUCTURE_ONLY
447,211,0.4485294117647059,0.4485294117647059,0.25,0.6470588235294118,,,,1,STRUCTURE_ONLY
447,47,0.44285714285714284,0.44285714285714284,0.2857142857142857,0.6,0.7938566201357354,0.8969283100678678,,13,STRUCTURE_ONLY
447,79,0.4369747899159664,0.4369747899159664,0.2857142857142857,0.5882352941176471,0.7071067811865475,0.8535533905932737,,10,STRUCTURE_ONLY
447,689,0.4278846153846154,0.4278846153846154,0.23076923076923078,0.625,0.8944271909999159,0.9472135954999579,,6,STRUCTURE_ONLY
447,641,0.4202786377708978,0.4202786377708978,0.23529411764705882,0.6052631578947368,0.5773502691896258,0.7886751345948129,,3,STRUCTURE_ONLY
447,612,0.3854166666666667,0.3854166666666667,0.1875,0.5833333333333334,0.9428090415820635,0.9714045207910318,,6,STRUCTURE_ONLY
447,721,0.376114081996435,0.376114081996435,0.17647058823529413,0.5757575757575758,0.9561828874675149,0.9780914437337574,,8,STRUCTURE_ONLY
448,104,0.3557692307692308,0.3557692307692308,0.25,0.46153846153846156,0.6880329612324521,0.844016480616226,,31,STRUCTURE_ONLY
448,726,0.3142857142857143,0.3142857142857143,0.2,0.42857142857142855,0.944911182523068,0.972455591261534,,7,STRUCTURE_ONLY
448,36,0.27142857142857146,0.27142857142857146,0.14285714285714285,0.4,0.37282185960072,0.68641092980036,,19,STRUCTURE_ONLY
448,306,0.2708333333333333,0.2708333333333333,0.16666666666666666,0.375,0.9561828874675149,0.9780914437337574,,5,STRUCTURE_ONLY
448,462,0.2708333333333333,0.2708333333333333,0.16666666666666666,0.375,0.9578414886923188,0.9789207443461594,,9,STRUCTURE_ONLY
448,282,0.2625,0.2625,0.125,0.4,,,,1,STRUCTURE_ONLY
448,264,0.25980392156862747,0.25980392156862747,0.16666666666666666,0.35294117647058826,0.9486832980505138,0.9743416490252569,,12,STRUCTURE_ONLY
448,625,0.2589285714285714,0.2589285714285714,0.14285714285714285,0.375,0.8158924398306318,0.9079462199153159,,14,STRUCTURE_ONLY
448,128,0.25,0.25,0.16666666666666666,0.3333333333333333,0.7500000000000001,0.875,,6,STRUCTURE_ONLY
448,618,0.25,0.25,0.125,0.375,0.9166666666666666,0.9583333333333333,,12,STRUCTURE_ONLY
449,102,0.3333333333333333,0.3333333333333333,0.3333333333333333,0.3333333333333333,,,,0,STRUCTURE_ONLY
449,199,0.25,0.25,0.3333333333333333,0.16666666666666666,,,,0,STRUCTURE_ONLY
449,153,0.18333333333333335,0.18333333333333335,0.2,0.16666666666666666,,,,0,STRUCTURE_ONLY
449,254,0.17142857142857143,0.17142857142857143,0.2,0.14285714285714285,,,,0,STRUCTURE_ONLY
449,252,0.15833333333333333,0.15833333333333333,0.25,0.06666666666666667,,,,0,STRUCTURE_ONLY
449,41,0.13571428571428573,0.13571428571428573,0.2,0.07142857142857142,,,,1,STRUCTURE_ONLY
449,413,0.12142857142857143,0.12142857142857143,0.14285714285714285,0.1,,,,0,STRUCTURE_ONLY
449,224,0.1125,0.1125,0.125,0.1,,,,0,STRUCTURE_ONLY
449,440,0.10833333333333334,0.10833333333333334,0.16666666666666666,0.05,,,,0,STRUCTURE_ONLY
449,356,0.10714285714285714,0.10714285714285714,0.16666666666666666,0.047619047619047616,,,,0,STRUCTURE_ONLY
450,704,0.3279569892473118,0.3279569892473118,0.3333333333333333,0.3225806451612903,0.8981462390204985,0.9490731195102493,,7,STRUCTURE_ONLY
450,159,0.2548076923076923,0.2548076923076923,0.125,0.38461538461538464,,,,1,STRUCTURE_ONLY
450,268,0.225,0.225,0.2,0.25,1.0000000000000002,1.0,,3,STRUCTURE_ONLY
450,543,0.225,0.225,0.2,0.25,0.9036961141150639,0.951848057057532,,6,STRUCTURE_ONLY
450,701,0.225,0.225,0.2,0.25,0.8081220356417685,0.9040610178208843,,5,STRUCTURE_ONLY
450,754,0.225,0.225,0.2,0.25,,,,0,STRUCTURE_ONLY
450,746,0.20833333333333331,0.20833333333333331,0.16666666666666666,0.25,,,,0,STRUCTURE_ONLY
450,727,0.20402298850574713,0.20402298850574713,0.16666666666666666,0.2413793103448276,,,,2,STRUCTURE_ONLY
450,530,0.2,0.2,0.16666666666666666,0.23333333333333334,0.8386278693775346,0.9193139346887673,,8,STRUCTURE_ONLY
450,686,0.2,0.2,0.16666666666666666,0.23333333333333334,0.9428090415820635,0.9714045207910318,,3,STRUCTURE_ONLY
451,183,0.75,0.75,0.625,0.875,0.8944271909999159,0.9472135954999579,,5,STRUCTURE_ONLY
451,654,0.6666666666666667,0.6666666666666667,0.5555555555555556,0.7777777777777778,,,,1,STRUCTURE_ONLY
451,428,0.6388888888888888,0.6388888888888888,0.5,0.7777777777777778,,,,2,STRUCTURE_ONLY
451,148,0.5476190476190476,0.5476190476190476,0.6666666666666666,0.42857142857142855,,,,2,STRUCTURE_ONLY
451,563,0.5454545454545454,0.5454545454545454,0.45454545454545453,0.6363636363636364,0.8944271909999159,0.9472135954999579,,5,STRUCTURE_ONLY
451,441,0.4231974921630094,0.4231974921630094,0.36363636363636365,0.4827586206896552,1.0,1.0,,4,STRUCTURE_ONLY
451,264,0.3790849673202614,0.3790849673202614,0.1111111111111111,0.6470588235294118,1.0000000000000002,1.0,,6,STRUCTURE_ONLY
451,42,0.36160714285714285,0.36160714285714285,0.2857142857142857,0.4375,1.0000000000000002,1.0,,3,STRUCTURE_ONLY
451,358,0.35,0.35,0.1,0.6,0.8164965809277259,0.9082482904638629,,3,STRUCTURE_ONLY
451,322,0.34523809523809523,0.34523809523809523,0.3333333333333333,0.35714285714285715,0.9622504486493763,0.9811252243246882,,3,STRUCTURE_ONLY
452,311,0.38125,0.38125,0.3125,0.45,,,,0,STRUCTURE_ONLY
452,567,0.32388663967611336,0.32388663967611336,0.38461538461538464,0.2631578947368421,,,,2,STRUCTURE_ONLY
452,373,0.17619047619047618,0.17619047619047618,0.06666666666666667,0.2857142857142857,0.9128709291752769,0.9564354645876385,,4,STRUCTURE_ONLY
452,358,0.16282894736842105,0.16282894736842105,0.0625,0.2631578947368421,,,,2,STRUCTURE_ONLY
452,254,0.15833333333333333,0.15833333333333333,0.06666666666666667,0.25,,,,0,STRUCTURE_ONLY
452,517,0.1468253968253968,0.1468253968253968,0.07142857142857142,0.2222222222222222,,,,2,STRUCTURE_ONLY
452,128,0.1375,0.1375,0.06666666666666667,0.20833333333333334,0.968962790249909,0.9844813951249545,,6,STRUCTURE_ONLY
452,393,0.13438735177865613,0.13438735177865613,0.08695652173913043,0.18181818181818182,0.6324555320336759,0.816227766016838,,9,STRUCTURE_ONLY
452,89,0.10817307692307693,0.10817307692307693,0.0625,0.15384615384615385,0.9622504486493763,0.9811252243246882,,6,STRUCTURE_ONLY
452,345,0.1,0.1,0.0,0.2,,,,0,STRUCTURE_ONLY
454,689,0.5,0.5,0.375,0.625,0.8574929257125442,0.928746462856272,,11,STRUCTURE_ONLY
454,112,0.4444444444444444,0.4444444444444444,0.25,0.6388888888888888,0.5275043787166296,0.7637521893583148,,19,STRUCTURE_ONLY
454,466,0.4431818181818182,0.4431818181818182,0.25,0.6363636363636364,0.8001322641986387,0.9000661320993193,,9,STRUCTURE_ONLY
454,211,0.4027777777777778,0.4027777777777778,0.25,0.5555555555555556,0.8451542547285165,0.9225771273642582,,5,STRUCTURE_ONLY
454,299,0.3838383838383838,0.3838383838383838,0.2222222222222222,0.5454545454545454,0.6851187890446743,0.8425593945223371,,27,STRUCTURE_ONLY
454,641,0.35928705440900566,0.35928705440900566,0.23076923076923078,0.4878048780487805,0.3333333333333333,0.6666666666666666,,8,STRUCTURE_ONLY
454,612,0.3536036036036036,0.3536036036036036,0.16666666666666666,0.5405405405405406,0.88,0.94,,10,STRUCTURE_ONLY
454,158,0.34090909090909094,0.34090909090909094,0.18181818181818182,0.5,0.5802588531856595,0.7901294265928298,,9,STRUCTURE_ONLY
454,447,0.3234234234234234,0.3234234234234234,0.13333333333333333,0.5135135135135135,0.9333333333333333,0.9666666666666667,,10,STRUCTURE_ONLY
454,130,0.3114973262032086,0.3114973262032086,0.18181818181818182,0.4411764705882353,0.8959786703810408,0.9479893351905204,,9,STRUCTURE_ONLY
455,630,0.5222222222222221,0.5222222222222221,0.4444444444444444,0.6,,,,2,STRUCTURE_ONLY
455,50,0.43939393939393934,0.43939393939393934,0.3333333333333333,0.5454545454545454,,,,2,STRUCTURE_ONLY
455,53,0.4375,0.4375,0.375,0.5,0.7715167498104595,0.8857583749052298,,8,STRUCTURE_ONLY
455,513,0.4276515151515151,0.4276515151515151,0.2916666666666667,0.5636363636363636,0.45291081365783836,0.7264554068289192,,9,STRUCTURE_ONLY
455,380,0.4196808510638298,0.4196808510638298,0.35,0.48936170212765956,1.0000000000000002,1.0,,3,STRUCTURE_ONLY
455,23,0.4054621848739496,0.4054621848739496,0.42857142857142855,0.38235294117647056,0.7905694150420948,0.8952847075210474,,8,STRUCTURE_ONLY
455,154,0.4049445865302643,0.4049445865302643,0.2608695652173913,0.5490196078431373,0.8660254037844387,0.9330127018922194,,4,STRUCTURE_ONLY
455,444,0.39895330112721417,0.39895330112721417,0.2608695652173913,0.5370370370370371,0.0,0.5,,12,STRUCTURE_ONLY
455,188,0.39342105263157895,0.39342105263157895,0.23684210526315788,0.55,0.8164965809277261,0.9082482904638631,,5,STRUCTURE_ONLY
455,249,0.3717070600632244,0.3717070600632244,0.34615384615384615,0.3972602739726027,1.0,1.0,,7,STRUCTURE_ONLY
456,520,0.5342377260981912,0.5342377260981912,0.2777777777777778,0.7906976744186046,0.47140452079103173,0.7357022603955159,,6,STRUCTURE_ONLY
456,461,0.44326456310679613,0.44326456310679613,0.1875,0.6990291262135923,0.9486832980505138,0.9743416490252569,,5,STRUCTURE_ONLY
456,24,0.3246323529411764,0.3246323529411764,0.4117647058823529,0.2375,0.4652421051992354,0.7326210525996177,,16,STRUCTURE_ONLY
456,487,0.3157644824311491,0.3157644824311491,0.38461538461538464,0.24691358024691357,0.4583492485141056,0.7291746242570528,,8,STRUCTURE_ONLY
456,203,0.31198686371100165,0.31198686371100165,0.42857142857142855,0.19540229885057472,-0.7071067811865475,0.14644660940672627,,4,STRUCTURE_ONLY
456,628,0.3077324973876698,0.3077324973876698,0.45454545454545453,0.16091954022988506,,,,0,STRUCTURE_ONLY
456,479,0.30701754385964913,0.30701754385964913,0.4166666666666667,0.19736842105263158,,,,1,STRUCTURE_ONLY
456,179,0.29015201586252476,0.29015201586252476,0.4117647058823529,0.16853932584269662,0.49029033784546,0.74514516892273,,7,STRUCTURE_ONLY
456,506,0.27515151515151515,0.27515151515151515,0.36363636363636365,0.18666666666666668,,,,1,STRUCTURE_ONLY
456,57,0.26325757575757575,0.26325757575757575,0.3333333333333333,0.19318181818181818,0.8333333333333335,0.9166666666666667,,3,STRUCTURE_ONLY
457,448,0.23897058823529413,0.23897058823529413,0.125,0.35294117647058826,0.8672453567378406,0.9336226783689203,,27,STRUCTURE_ONLY
457,104,0.23809523809523808,0.23809523809523808,0.14285714285714285,0.3333333333333333,0.6908492797077574,0.8454246398538787,,32,STRUCTURE_ONLY
457,36,0.23421052631578948,0.23421052631578948,0.1,0.3684210526315789,0.7333333333333333,0.8666666666666667,,16,STRUCTURE_ONLY
457,306,0.23055555555555554,0.23055555555555554,0.1111111111111111,0.35,0.8486684247915056,0.9243342123957528,,9,STRUCTURE_ONLY
457,462,0.23055555555555554,0.23055555555555554,0.1111111111111111,0.35,0.8819171036881969,0.9409585518440984,,21,STRUCTURE_ONLY
457,282,0.2296650717703349,0.2296650717703349,0.09090909090909091,0.3684210526315789,0.9428090415820635,0.9714045207910318,,3,STRUCTURE_ONLY
457,625,0.22499999999999998,0.22499999999999998,0.1,0.35,0.629940788348712,0.814970394174356,,13,STRUCTURE_ONLY
457,264,0.2222222222222222,0.2222222222222222,0.1111111111111111,0.3333333333333333,0.919145030018058,0.9595725150090291,,15,STRUCTURE_ONLY
457,618,0.22045454545454546,0.22045454545454546,0.09090909090909091,0.35,0.9036961141150639,0.951848057057532,,10,STRUCTURE_ONLY
457,726,0.22039473684210525,0.22039473684210525,0.125,0.3157894736842105,0.9525793444156805,0.9762896722078402,,6,STRUCTURE_ONLY
458,170,0.5251196172248803,0.5251196172248803,0.3684210526315789,0.6818181818181818,0.6121460921524144,0.8060730460762072,,87,STRUCTURE_ONLY
458,429,0.4982057416267942,0.4982057416267942,0.47368421052631576,0.5227272727272727,0.5535714285714286,0.7767857142857143,,86,STRUCTURE_ONLY
458,519,0.46875,0.46875,0.3333333333333333,0.6041666666666666,0.5981195918768218,0.7990597959384109,,114,STRUCTURE_ONLY
458,222,0.42592592592592593,0.42592592592592593,0.2222222222222222,0.6296296296296297,0.6687338550904235,0.8343669275452117,,11,STRUCTURE_ONLY
458,583,0.4245426829268293,0.4245426829268293,0.3125,0.5365853658536586,0.8017837257372731,0.9008918628686365,,5,STRUCTURE_ONLY
458,79,0.42091503267973857,0.42091503267973857,0.35294117647058826,0.4888888888888889,0.5773502691896257,0.7886751345948129,,132,STRUCTURE_ONLY
458,482,0.4154312668463612,0.4154312668463612,0.32142857142857145,0.5094339622641509,0.5546534498569374,0.7773267249284688,,116,STRUCTURE_ONLY
458,169,0.4052830188679245,0.4052830188679245,0.32,0.49056603773584906,0.6629699999089105,0.8314849999544552,,112,STRUCTURE_ONLY
458,679,0.4,0.4,0.3,0.5,0.9486832980505138,0.9743416490252569,,5,STRUCTURE_ONLY
458,698,0.3946808510638298,0.3946808510638298,0.3,0.48936170212765956,0.7348469228349533,0.8674234614174767,,12,STRUCTURE_ONLY
460,65,0.36224899598393573,0.36224899598393573,0.26666666666666666,0.4578313253012048,0.7925939239012171,0.8962969619506085,,10,STRUCTURE_ONLY
460,576,0.35398402493668424,0.35398402493668424,0.2711864406779661,0.4367816091954023,1.0,1.0,,4,STRUCTURE_ONLY
460,463,0.34201819685690654,0.34201819685690654,0.3076923076923077,0.3763440860215054,,,,2,STRUCTURE_ONLY
460,59,0.31205015091711163,0.31205015091711163,0.2542372881355932,0.3698630136986301,,,,1,STRUCTURE_ONLY
460,114,0.3119283536585366,0.3119283536585366,0.17073170731707318,0.453125,0.9999999999999998,0.9999999999999999,,8,STRUCTURE_ONLY
460,514,0.30040279838880646,0.30040279838880646,0.20754716981132076,0.39325842696629215,,,,2,STRUCTURE_ONLY
460,461,0.2998565279770445,0.2998565279770445,0.27450980392156865,0.3252032520325203,0.9999999999999998,0.9999999999999999,,8,STRUCTURE_ONLY
460,679,0.28035714285714286,0.28035714285714286,0.175,0.38571428571428573,1.0,1.0,,4,STRUCTURE_ONLY
460,415,0.27425986842105265,0.27425986842105265,0.15789473684210525,0.390625,0.884651736929383,0.9423258684646916,,14,STRUCTURE_ONLY
460,698,0.2740671641791045,0.2740671641791045,0.175,0.373134328358209,,,,2,STRUCTURE_ONLY
461,456,0.44326456310679613,0.44326456310679613,0.1875,0.6990291262135923,0.9486832980505138,0.9743416490252569,,5,STRUCTURE_ONLY
461,520,0.4218253968253969,0.4218253968253969,0.1388888888888889,0.7047619047619048,0.9561828874675149,0.9780914437337574,,7,STRUCTURE_ONLY
461,463,0.34668405365126675,0.34668405365126675,0.3409090909090909,0.3524590163934426,,,,1,STRUCTURE_ONLY
461,259,0.34668335419274093,0.34668335419274093,0.3404255319148936,0.35294117647058826,0.9525793444156805,0.9762896722078402,,6,STRUCTURE_ONLY
461,360,0.32894736842105265,0.32894736842105265,0.3333333333333333,0.32456140350877194,0.9438798074485389,0.9719399037242695,,5,STRUCTURE_ONLY
461,188,0.324901185770751,0.324901185770751,0.30434782608695654,0.34545454545454546,0.9486832980505138,0.9743416490252569,,5,STRUCTURE_ONLY
461,444,0.30719339622641506,0.30719339622641506,0.3125,0.3018867924528302,0.7581753965757457,0.8790876982878728,,14,STRUCTURE_ONLY
461,65,0.30422288855572216,0.30422288855572216,0.2463768115942029,0.3620689655172414,0.7302967433402214,0.8651483716701107,,12,STRUCTURE_ONLY
461,690,0.30168302945301545,0.30168302945301545,0.2903225806451613,0.3130434782608696,0.9438798074485389,0.9719399037242695,,5,STRUCTURE_ONLY
461,460,0.2998565279770445,0.2998565279770445,0.27450980392156865,0.3252032520325203,0.9999999999999998,0.9999999999999999,,8,STRUCTURE_ONLY
462,36,0.7115384615384616,0.7115384615384616,0.5,0.9230769230769231,0.9073928715621603,0.9536964357810802,,12,STRUCTURE_ONLY
462,636,0.65,0.65,0.5,0.8,0.9434563530497265,0.9717281765248633,,7,STRUCTURE_ONLY
462,530,0.5961538461538461,0.5961538461538461,0.5,0.6923076923076923,0.9338479919516196,0.9669239959758098,,13,STRUCTURE_ONLY
462,686,0.5961538461538461,0.5961538461538461,0.5,0.6923076923076923,0.9467292624062573,0.9733646312031287,,6,STRUCTURE_ONLY
462,685,0.5461538461538462,0.5461538461538462,0.4,0.6923076923076923,0.9126643739222253,0.9563321869611127,,19,STRUCTURE_ONLY
462,601,0.5416666666666666,0.5416666666666666,0.3333333333333333,0.75,1.0000000000000002,1.0,,3,STRUCTURE_ONLY
462,155,0.5404411764705883,0.5404411764705883,0.375,0.7058823529411765,-0.3563483225498992,0.32182583872505044,,15,STRUCTURE_ONLY
462,715,0.5214285714285715,0.5214285714285715,0.4,0.6428571428571429,0.6285393610547089,0.8142696805273544,,9,STRUCTURE_ONLY
462,366,0.5196078431372549,0.5196078431372549,0.3333333333333333,0.7058823529411765,0.5613608914238398,0.7806804457119199,,15,STRUCTURE_ONLY
462,465,0.5,0.5,0.42857142857142855,0.5714285714285714,0.8511025427814364,0.9255512713907181,,13,STRUCTURE_ONLY
463,222,0.39531531531531533,0.39531531531531533,0.2972972972972973,0.49333333333333335,,,,1,STRUCTURE_ONLY
463,576,0.3893154892496709,0.3893154892496709,0.3018867924528302,0.47674418604651164,1.0,1.0,,4,STRUCTURE_ONLY
463,144,0.3786377708978328,0.3786377708978328,0.2631578947368421,0.49411764705882355,-0.33333333333333337,0.3333333333333333,,3,STRUCTURE_ONLY
463,65,0.36772441880196843,0.36772441880196843,0.2535211267605634,0.4819277108433735,0.6963106238227914,0.8481553119113957,,8,STRUCTURE_ONLY
463,360,0.3581730769230769,0.3581730769230769,0.22916666666666666,0.48717948717948717,0.944911182523068,0.972455591261534,,4,STRUCTURE_ONLY
463,461,0.34668405365126675,0.34668405365126675,0.3409090909090909,0.3524590163934426,,,,1,STRUCTURE_ONLY
463,244,0.3464052287581699,0.3464052287581699,0.2222222222222222,0.47058823529411764,0.9438798074485389,0.9719399037242695,,5,STRUCTURE_ONLY
463,460,0.34201819685690654,0.34201819685690654,0.3076923076923077,0.3763440860215054,,,,2,STRUCTURE_ONLY
463,259,0.3392857142857143,0.3392857142857143,0.17857142857142858,0.5,0.944911182523068,0.972455591261534,,4,STRUCTURE_ONLY
463,69,0.32754342431761785,0.32754342431761785,0.1935483870967742,0.46153846153846156,0.8528028654224417,0.9264014327112209,,8,STRUCTURE_ONLY
464,583,0.4642857142857143,0.4642857142857143,0.42857142857142855,0.5,0.6546536707079772,0.8273268353539887,,4,STRUCTURE_ONLY
464,442,0.4255952380952381,0.4255952380952381,0.375,0.47619047619047616,,,,2,STRUCTURE_ONLY
464,611,0.4027777777777778,0.4027777777777778,0.3333333333333333,0.4722222222222222,0.9045340337332909,0.9522670168666454,,11,STRUCTURE_ONLY
464,712,0.3678571428571429,0.3678571428571429,0.25,0.4857142857142857,,,,2,STRUCTURE_ONLY
464,46,0.3611111111111111,0.3611111111111111,0.2222222222222222,0.5,1.0000000000000002,1.0,,6,STRUCTURE_ONLY
464,674,0.3547297297297297,0.3547297297297297,0.25,0.4594594594594595,0.9258200997725514,0.9629100498862757,,7,STRUCTURE_ONLY
464,105,0.3432432432432433,0.3432432432432433,0.2,0.4864864864864865,0.7844645405527361,0.8922322702763681,,10,STRUCTURE_ONLY
464,544,0.33231707317073167,0.33231707317073167,0.25,0.4146341463414634,0.5669467095138409,0.7834733547569204,,18,STRUCTURE_ONLY
464,698,0.33231707317073167,0.33231707317073167,0.25,0.4146341463414634,0.9166984970282112,0.9583492485141056,,8,STRUCTURE_ONLY
464,440,0.32974910394265233,0.32974910394265233,0.1111111111111111,0.5483870967741935,0.0,0.5,,7,STRUCTURE_ONLY
465,36,0.5857142857142856,0.5857142857142856,0.5714285714285714,0.6,0.6943650748294136,0.8471825374147068,,10,STRUCTURE_ONLY
465,636,0.5584415584415584,0.5584415584415584,0.5714285714285714,0.5454545454545454,0.7833494518006403,0.8916747259003202,,6,STRUCTURE_ONLY
465,282,0.55,0.55,0.5,0.6,,,,1,STRUCTURE_ONLY
465,698,0.543939393939394,0.543939393939394,0.45454545454545453,0.6333333333333333,0.9258200997725515,0.9629100498862757,,6,STRUCTURE_ONLY
465,591,0.5108695652173914,0.5108695652173914,0.5,0.5217391304347826,,,,0,STRUCTURE_ONLY
465,48,0.5,0.5,0.4166666666666667,0.5833333333333334,0.39391929857916763,0.6969596492895838,,18,STRUCTURE_ONLY
465,306,0.5,0.5,0.42857142857142855,0.5714285714285714,0.944911182523068,0.972455591261534,,4,STRUCTURE_ONLY
465,462,0.5,0.5,0.42857142857142855,0.5714285714285714,0.8511025427814364,0.9255512713907181,,13,STRUCTURE_ONLY
465,719,0.5,0.5,0.42857142857142855,0.5714285714285714,0.9074852129730302,0.9537426064865151,,8,STRUCTURE_ONLY
465,47,0.49145299145299143,0.49145299145299143,0.4444444444444444,0.5384615384615384,0.6390214842634575,0.8195107421317287,,18,STRUCTURE_ONLY
466,112,0.7407834101382489,0.7407834101382489,0.6428571428571429,0.8387096774193549,0.8320502943378437,0.9160251471689218,,9,STRUCTURE_ONLY
466,211,0.59375,0.59375,0.5,0.6875,1.0000000000000002,1.0,,3,STRUCTURE_ONLY
466,160,0.5596184419713832,0.5596184419713832,0.47058823529411764,0.6486486486486487,1.0000000000000002,1.0,,3,STRUCTURE_ONLY
466,641,0.5502136752136753,0.5502136752136753,0.46153846153846156,0.6388888888888888,,,,2,STRUCTURE_ONLY
466,45,0.5114942528735632,0.5114942528735632,0.3333333333333333,0.6896551724137931,0.9128709291752769,0.9564354645876385,,6,STRUCTURE_ONLY
466,447,0.4959677419354839,0.4959677419354839,0.25,0.7419354838709677,1.0,1.0,,4,STRUCTURE_ONLY
466,158,0.4833333333333333,0.4833333333333333,0.3333333333333333,0.6333333333333333,,,,2,STRUCTURE_ONLY
466,603,0.4825783972125436,0.4825783972125436,0.42857142857142855,0.5365853658536586,,,,0,STRUCTURE_ONLY
466,689,0.46969696969696967,0.46969696969696967,0.2727272727272727,0.6666666666666666,0.1889822365046136,0.5944911182523068,,4,STRUCTURE_ONLY
466,631,0.4666666666666667,0.4666666666666667,0.3333333333333333,0.6,,,,0,STRUCTURE_ONLY
467,364,0.6447368421052632,0.6447368421052632,0.5,0.7894736842105263,1.0000000000000002,1.0,,3,STRUCTURE_ONLY
467,679,0.44047619047619047,0.44047619047619047,0.2857142857142857,0.5952380952380952,,,,1,STRUCTURE_ONLY
467,518,0.43351063829787234,0.43351063829787234,0.25,0.6170212765957447,,,,0,STRUCTURE_ONLY
467,711,0.42248062015503873,0.42248062015503873,0.3333333333333333,0.5116279069767442,,,,1,STRUCTURE_ONLY
467,46,0.42207792207792205,0.42207792207792205,0.2727272727272727,0.5714285714285714,,,,2,STRUCTURE_ONLY
467,444,0.40237797246558193,0.40237797246558193,0.29411764705882354,0.5106382978723404,0.33333333333333337,0.6666666666666667,,10,STRUCTURE_ONLY
467,599,0.40025252525252525,0.40025252525252525,0.2727272727272727,0.5277777777777778,,,,1,STRUCTURE_ONLY
467,531,0.39952153110047844,0.39952153110047844,0.2727272727272727,0.5263157894736842,0.2886751345948129,0.6443375672974064,,4,STRUCTURE_ONLY
467,550,0.39675324675324675,0.39675324675324675,0.35714285714285715,0.43636363636363634,0.8660254037844387,0.9330127018922194,,4,STRUCTURE_ONLY
467,630,0.38888888888888884,0.38888888888888884,0.26666666666666666,0.5111111111111111,,,,2,STRUCTURE_ONLY
468,223,0.3562091503267974,0.3562091503267974,0.3235294117647059,0.3888888888888889,0.9486832980505138,0.9743416490252569,,8,STRUCTURE_ONLY
468,576,0.31311586816173975,0.31311586816173975,0.25925925925925924,0.3669724770642202,1.0000000000000002,1.0,,3,STRUCTURE_ONLY
468,234,0.31247947454844005,0.31247947454844005,0.2571428571428571,0.367816091954023,0.8111071056538127,0.9055535528269063,,16,STRUCTURE_ONLY
468,360,0.3069053708439898,0.3069053708439898,0.2608695652173913,0.35294117647058826,0.9438798074485389,0.9719399037242695,,5,STRUCTURE_ONLY
468,471,0.30319148936170215,0.30319148936170215,0.2127659574468085,0.39361702127659576,-0.20412414523193154,0.3979379273840342,,24,STRUCTURE_ONLY
468,222,0.28623757195185767,0.28623757195185767,0.20512820512820512,0.3673469387755102,0.9486832980505138,0.9743416490252569,,5,STRUCTURE_ONLY
468,295,0.2783882783882784,0.2783882783882784,0.20512820512820512,0.3516483516483517,0.5533985905294663,0.7766992952647331,,40,STRUCTURE_ONLY
468,163,0.26921178212934016,0.26921178212934016,0.1694915254237288,0.36893203883495146,0.1430397079704303,0.5715198539852151,,16,STRUCTURE_ONLY
468,259,0.2685185185185185,0.2685185185185185,0.2037037037037037,0.3333333333333333,0.9258200997725514,0.9629100498862757,,7,STRUCTURE_ONLY
468,109,0.2669005102040816,0.2669005102040816,0.15625,0.37755102040816324,0.5452752542346465,0.7726376271173232,,32,STRUCTURE_ONLY
470,104,0.3205128205128205,0.3205128205128205,0.3333333333333333,0.3076923076923077,0.6772962119561564,0.8386481059780782,,12,STRUCTURE_ONLY
470,181,0.25,0.25,0.25,0.25,0.1835325870964494,0.5917662935482247,,10,STRUCTURE_ONLY
470,235,0.07692307692307693,0.07692307692307693,0.0,0.15384615384615385,0.9561828874675149,0.9780914437337574,,7,STRUCTURE_ONLY
470,753,0.07692307692307693,0.07692307692307693,0.0,0.15384615384615385,1.0000000000000002,1.0,,3,STRUCTURE_ONLY
470,325,0.07142857142857142,0.07142857142857142,0.0,0.14285714285714285,-0.13543224462197162,0.4322838776890142,,14,STRUCTURE_ONLY
470,412,0.07142857142857142,0.07142857142857142,0.0,0.14285714285714285,0.8164965809277259,0.9082482904638629,,3,STRUCTURE_ONLY
470,381,0.06666666666666667,0.06666666666666667,0.0,0.13333333333333333,-0.2261335084333227,0.38693324578333865,,10,STRUCTURE_ONLY
470,382,0.06666666666666667,0.06666666666666667,0.0,0.13333333333333333,0.21081851067789195,0.605409255338946,,9,STRUCTURE_ONLY
470,650,0.06666666666666667,0.06666666666666667,0.0,0.13333333333333333,0.7171371656006361,0.858568582800318,,5,STRUCTURE_ONLY
470,215,0.0625,0.0625,0.0,0.125,,,,0,STRUCTURE_ONLY
471,163,0.6748492678725236,0.6748492678725236,0.5348837209302325,0.8148148148148148,-0.04499212706658476,0.47750393646670763,,17,STRUCTURE_ONLY
471,109,0.5506168359941944,0.5506168359941944,0.36538461538461536,0.7358490566037735,-0.027524094128159017,0.4862379529359205,,48,STRUCTURE_ONLY
471,519,0.5474924012158054,0.5474924012158054,0.39285714285714285,0.7021276595744681,0.04454354031873739,0.5222717701593687,,44,STRUCTURE_ONLY
471,289,0.5272435897435898,0.5272435897435898,0.4583333333333333,0.5961538461538461,0.14322297480788657,0.5716114874039433,,62,STRUCTURE_ONLY
471,376,0.504375,0.504375,0.46875,0.54,0.6154574548966638,0.8077287274483319,,8,STRUCTURE_ONLY
471,169,0.5034013605442177,0.5034013605442177,0.3333333333333333,0.673469387755102,0.0,0.5,,42,STRUCTURE_ONLY
471,61,0.47198996655518394,0.47198996655518394,0.34782608695652173,0.5961538461538461,-0.19641855032959654,0.40179072483520173,,39,STRUCTURE_ONLY
471,295,0.4666666666666667,0.4666666666666667,0.3333333333333333,0.6,0.0,0.5,,52,STRUCTURE_ONLY
471,123,0.460759027266028,0.460759027266028,0.41304347826086957,0.5084745762711864,-0.27524094128159016,0.3623795293592049,,18,STRUCTURE_ONLY
471,170,0.4570799706529714,0.4570799706529714,0.27586206896551724,0.6382978723404256,0.051315800579078544,0.5256579002895393,,46,STRUCTURE_ONLY
472,256,0.5805555555555556,0.5805555555555556,0.55,0.6111111111111112,0.5345224838248488,0.7672612419124244,,19,STRUCTURE_ONLY
472,482,0.5015197568389058,0.5015197568389058,0.42857142857142855,0.574468085106383,0.21483446221182986,0.607417231105915,,63,STRUCTURE_ONLY
472,533,0.44780219780219777,0.44780219780219777,0.35714285714285715,0.5384615384615384,0.0,0.5,,7,STRUCTURE_ONLY
472,604,0.42888198757763973,0.42888198757763973,0.3142857142857143,0.5434782608695652,,,,1,STRUCTURE_ONLY
472,24,0.4070121951219512,0.4070121951219512,0.375,0.43902439024390244,0.2969078476100822,0.6484539238050411,,79,STRUCTURE_ONLY
472,126,0.40647118301314455,0.40647118301314455,0.34782608695652173,0.46511627906976744,0.3015113445777637,0.6507556722888819,,58,STRUCTURE_ONLY
472,295,0.38244047619047616,0.38244047619047616,0.2857142857142857,0.4791666666666667,0.24764219818702876,0.6238210990935144,,64,STRUCTURE_ONLY
472,79,0.3761904761904762,0.3761904761904762,0.3,0.4523809523809524,0.3872015463311832,0.6936007731655915,,83,STRUCTURE_ONLY
472,471,0.3753246753246753,0.3753246753246753,0.3142857142857143,0.43636363636363634,0.23570226039551587,0.617851130197758,,17,STRUCTURE_ONLY
472,501,0.3725868725868726,0.3725868725868726,0.2857142857142857,0.4594594594594595,0.35355339059327373,0.6767766952966369,,7,STRUCTURE_ONLY
474,659,1.0,1.0,1.0,1.0,0.13245323570650439,0.5662266178532522,,7,STRUCTURE_ONLY
474,67,0.6875,0.6875,0.5,0.875,0.7559289460184545,0.8779644730092273,,6,STRUCTURE_ONLY
474,49,0.6388888888888888,0.6388888888888888,0.5,0.7777777777777778,0.7071067811865475,0.8535533905932737,,5,STRUCTURE_ONLY
474,271,0.6388888888888888,0.6388888888888888,0.5,0.7777777777777778,0.7745966692414834,0.8872983346207417,,7,STRUCTURE_ONLY
474,408,0.5555555555555556,0.5555555555555556,0.3333333333333333,0.7777777777777778,0.0,0.5,,4,STRUCTURE_ONLY
474,434,0.4342105263157895,0.4342105263157895,0.5,0.3684210526315789,,,,1,STRUCTURE_ONLY
474,411,0.41666666666666663,0.41666666666666663,0.3333333333333333,0.5,0.7499999999999999,0.875,,5,STRUCTURE_ONLY
474,548,0.38541666666666663,0.38541666666666663,0.3333333333333333,0.4375,0.6963106238227914,0.8481553119113957,,9,STRUCTURE_ONLY
474,723,0.375,0.375,0.25,0.5,,,,1,STRUCTURE_ONLY
474,601,0.35833333333333334,0.35833333333333334,0.25,0.4666666666666667,,,,2,STRUCTURE_ONLY
475,170,0.3571428571428571,0.3571428571428571,0.3333333333333333,0.38095238095238093,0.5735294117647058,0.7867647058823529,,83,STRUCTURE_ONLY
475,458,0.35212765957446807,0.35212765957446807,0.3,0.40425531914893614,0.5053841789773236,0.7526920894886617,,88,STRUCTURE_ONLY
475,652,0.3318965517241379,0.3318965517241379,0.25,0.41379310344827586,0.9400193421607683,0.9700096710803842,,21,STRUCTURE_ONLY
475,306,0.31493506493506496,0.31493506493506496,0.2727272727272727,0.35714285714285715,0.8944271909999159,0.9472135954999579,,7,STRUCTURE_ONLY
475,722,0.30147058823529416,0.30147058823529416,0.25,0.35294117647058826,0.9486832980505138,0.9743416490252569,,5,STRUCTURE_ONLY
475,635,0.30069124423963134,0.30069124423963134,0.21428571428571427,0.3870967741935484,0.8645299348672513,0.9322649674336256,,18,STRUCTURE_ONLY
475,29,0.2984802431610942,0.2984802431610942,0.17142857142857143,0.425531914893617,0.6172133998483676,0.8086066999241839,,7,STRUCTURE_ONLY
475,79,0.29633204633204635,0.29633204633204635,0.21428571428571427,0.3783783783783784,0.5465943944999485,0.7732971972499743,,108,STRUCTURE_ONLY
475,609,0.2890756302521008,0.2890756302521008,0.23529411764705882,0.34285714285714286,0.8981462390204986,0.9490731195102493,,16,STRUCTURE_ONLY
475,429,0.2821637426900585,0.2821637426900585,0.2222222222222222,0.34210526315789475,0.6952148943177182,0.847607447158859,,84,STRUCTURE_ONLY
476,189,0.41666666666666663,0.41666666666666663,0.5,0.3333333333333333,,,,1,STRUCTURE_ONLY
476,85,0.25,0.25,0.0,0.5,0.8606629658238704,0.9303314829119351,,6,STRUCTURE_ONLY
476,250,0.1778846153846154,0.1778846153846154,0.125,0.23076923076923078,0.7396002616336389,0.8698001308168195,,7,STRUCTURE_ONLY
476,602,0.125,0.125,0.0,0.25,0.7071067811865475,0.8535533905932737,,4,STRUCTURE_ONLY
476,207,0.1,0.1,0.0,0.2,,,,0,STRUCTURE_ONLY
476,218,0.056873315363881405,0.056873315363881405,0.05714285714285714,0.05660377358490566,1.0000000000000002,1.0,,3,STRUCTURE_ONLY
476,156,0.03571428571428571,0.03571428571428571,0.0,0.07142857142857142,0.8561726894780893,0.9280863447390446,,13,STRUCTURE_ONLY
476,214,0.032814238042269184,0.032814238042269184,0.017241379310344827,0.04838709677419355,0.0,0.5,,8,STRUCTURE_ONLY
476,457,0.03125,0.03125,0.0,0.0625,0.77138921583987,0.885694607919935,,10,STRUCTURE_ONLY
476,538,0.03125,0.03125,0.0,0.0625,0.8340576562282991,0.9170288281141495,,8,STRUCTURE_ONLY
477,231,0.36923076923076925,0.36923076923076925,0.5384615384615384,0.2,0.9045340337332909,0.9522670168666454,,14,STRUCTURE_ONLY
477,115,0.3222222222222222,0.3222222222222222,0.4444444444444444,0.2,0.5303300858899106,0.7651650429449552,,10,STRUCTURE_ONLY
477,162,0.28273809523809523,0.28273809523809523,0.35714285714285715,0.20833333333333334,0.903696114115064,0.9518480570575321,,7,STRUCTURE_ONLY
477,610,0.27392344497607657,0.27392344497607657,0.36363636363636365,0.18421052631578946,1.0000000000000002,1.0,,3,STRUCTURE_ONLY
477,283,0.21328671328671328,0.21328671328671328,0.2727272727272727,0.15384615384615385,0.8040302522073697,0.9020151261036848,,12,STRUCTURE_ONLY
477,274,0.2095238095238095,0.2095238095238095,0.3333333333333333,0.08571428571428572,0.944911182523068,0.972455591261534,,4,STRUCTURE_ONLY
477,44,0.19054054054054054,0.19054054054054054,0.3,0.08108108108108109,0.8485281374238569,0.9242640687119285,,5,STRUCTURE_ONLY
477,179,0.1895424836601307,0.1895424836601307,0.2222222222222222,0.1568627450980392,0.9198662110078,0.9599331055039,,15,STRUCTURE_ONLY
477,74,0.17230443974630022,0.17230443974630022,0.18181818181818182,0.16279069767441862,1.0,1.0,,4,STRUCTURE_ONLY
477,472,0.16731366459627328,0.16731366459627328,0.17391304347826086,0.16071428571428573,1.0,1.0,,4,STRUCTURE_ONLY
478,395,0.5833333333333333,0.5833333333333333,0.5,0.6666666666666666,,,,3,STRUCTURE_ONLY
478,500,0.5325670498084292,0.5325670498084292,0.4444444444444444,0.6206896551724138,0.6546536707079772,0.8273268353539887,,7,STRUCTURE_ONLY
478,439,0.44193548387096776,0.44193548387096776,0.4,0.4838709677419355,,,,2,STRUCTURE_ONLY
478,276,0.34944920440636473,0.34944920440636473,0.21052631578947367,0.4883720930232558,0.24253562503633297,0.6212678125181665,,5,STRUCTURE_ONLY
478,483,0.3258064516129032,0.3258064516129032,0.2,0.45161290322580644,,,,3,STRUCTURE_ONLY
478,630,0.31468023255813954,0.31468023255813954,0.1875,0.4418604651162791,0.5773502691896258,0.7886751345948129,,3,STRUCTURE_ONLY
478,444,0.30116959064327486,0.30116959064327486,0.15789473684210525,0.4444444444444444,0.6172133998483678,0.8086066999241839,,7,STRUCTURE_ONLY
478,312,0.29679144385026734,0.29679144385026734,0.18181818181818182,0.4117647058823529,,,,1,STRUCTURE_ONLY
478,49,0.29166666666666663,0.29166666666666663,0.25,0.3333333333333333,0.0,0.5,,5,STRUCTURE_ONLY
478,271,0.29166666666666663,0.29166666666666663,0.25,0.3333333333333333,0.7071067811865476,0.8535533905932737,,6,STRUCTURE_ONLY
479,282,0.6875,0.6875,0.625,0.75,,,,0,STRUCTURE_ONLY
479,129,0.6286764705882353,0.6286764705882353,0.375,0.8823529411764706,0.8017837257372731,0.9008918628686365,,4,STRUCTURE_ONLY
479,149,0.5833333333333334,0.5833333333333334,0.3333333333333333,0.8333333333333334,0.9296696802013682,0.9648348401006841,,11,STRUCTURE_ONLY
479,418,0.5822368421052632,0.5822368421052632,0.375,0.7894736842105263,0.8504200642707612,0.9252100321353807,,5,STRUCTURE_ONLY
479,198,0.5625,0.5625,0.5,0.625,,,,2,STRUCTURE_ONLY
479,47,0.5571428571428572,0.5571428571428572,0.4,0.7142857142857143,0.8703882797784892,0.9351941398892446,,9,STRUCTURE_ONLY
479,635,0.55,0.55,0.4,0.7,,,,2,STRUCTURE_ONLY
479,579,0.5238095238095238,0.5238095238095238,0.3333333333333333,0.7142857142857143,,,,2,STRUCTURE_ONLY
479,396,0.5111111111111111,0.5111111111111111,0.3,0.7222222222222222,,,,2,STRUCTURE_ONLY
479,24,0.5,0.5,0.4,0.6,0.9285714285714286,0.9642857142857143,,11,STRUCTURE_ONLY
482,604,0.5652173913043479,0.5652173913043479,0.5,0.6304347826086957,0.3333333333333333,0.6666666666666666,,3,STRUCTURE_ONLY
482,533,0.5212285456187895,0.5212285456187895,0.48148148148148145,0.5609756097560976,0.6158817620514397,0.8079408810257198,,28,STRUCTURE_ONLY
482,256,0.512263099219621,0.512263099219621,0.43478260869565216,0.5897435897435898,0.6234292001593574,0.8117146000796787,,45,STRUCTURE_ONLY
482,511,0.5051051051051051,0.5051051051051051,0.43243243243243246,0.5777777777777777,0.5909228908240696,0.7954614454120348,,126,STRUCTURE_ONLY
482,472,0.5015197568389058,0.5015197568389058,0.42857142857142855,0.574468085106383,0.21483446221182986,0.607417231105915,,63,STRUCTURE_ONLY
482,289,0.49157054125998223,0.49157054125998223,0.391304347826087,0.5918367346938775,0.5381998815960392,0.7690999407980196,,155,STRUCTURE_ONLY
482,126,0.4787549407114624,0.4787549407114624,0.43478260869565216,0.5227272727272727,0.5601838717325354,0.7800919358662677,,97,STRUCTURE_ONLY
482,376,0.46683673469387754,0.46683673469387754,0.4642857142857143,0.46938775510204084,0.840168050416806,0.920084025208403,,11,STRUCTURE_ONLY
482,295,0.4519230769230769,0.4519230769230769,0.46153846153846156,0.4423076923076923,0.42628624822744476,0.7131431241137224,,137,STRUCTURE_ONLY
482,496,0.43860386879730867,0.43860386879730867,0.41379310344827586,0.4634146341463415,0.4244373438135827,0.7122186719067913,,22,STRUCTURE_ONLY
483,280,0.45769230769230773,0.45769230769230773,0.3,0.6153846153846154,1.0000000000000002,1.0,,3,STRUCTURE_ONLY
483,499,0.38697318007662834,0.38697318007662834,0.2222222222222222,0.5517241379310345,0.9827076298239908,0.9913538149119954,,7,STRUCTURE_ONLY
483,158,0.34325396825396826,0.34325396825396826,0.2222222222222222,0.4642857142857143,0.9635460822563594,0.9817730411281798,,7,STRUCTURE_ONLY
483,306,0.3405797101449275,0.3405797101449275,0.3333333333333333,0.34782608695652173,0.9428090415820635,0.9714045207910318,,3,STRUCTURE_ONLY
483,159,0.3333333333333333,0.3333333333333333,0.3333333333333333,0.3333333333333333,0.9622504486493763,0.9811252243246882,,3,STRUCTURE_ONLY
483,603,0.3301282051282051,0.3301282051282051,0.25,0.41025641025641024,,,,0,STRUCTURE_ONLY
483,478,0.3258064516129032,0.3258064516129032,0.2,0.45161290322580644,,,,3,STRUCTURE_ONLY
483,591,0.3125,0.3125,0.25,0.375,,,,0,STRUCTURE_ONLY
483,583,0.30952380952380953,0.30952380952380953,0.2857142857142857,0.3333333333333333,0.9428090415820635,0.9714045207910318,,3,STRUCTURE_ONLY
483,282,0.3068181818181818,0.3068181818181818,0.25,0.36363636363636365,,,,0,STRUCTURE_ONLY
484,660,0.33333333333333337,0.33333333333333337,0.09090909090909091,0.5757575757575758,,,,1,STRUCTURE_ONLY
484,192,0.3275862068965517,0.3275862068965517,0.0,0.6551724137931034,,,,1,STRUCTURE_ONLY
484,684,0.31,0.31,0.0,0.62,,,,0,STRUCTURE_ONLY
484,574,0.30392156862745096,0.30392156862745096,0.0,0.6078431372549019,0.9622504486493763,0.9811252243246882,,3,STRUCTURE_ONLY
484,512,0.18902439024390244,0.18902439024390244,0.0,0.3780487804878049,,,,0,STRUCTURE_ONLY
484,121,0.18653846153846154,0.18653846153846154,0.2,0.17307692307692307,,,,1,STRUCTURE_ONLY
484,131,0.1488095238095238,0.1488095238095238,0.25,0.047619047619047616,1.0000000000000002,1.0,,3,STRUCTURE_ONLY
484,49,0.14540816326530612,0.14540816326530612,0.25,0.04081632653061224,,,,1,STRUCTURE_ONLY
484,271,0.14540816326530612,0.14540816326530612,0.25,0.04081632653061224,,,,2,STRUCTURE_ONLY
484,159,0.1064102564102564,0.1064102564102564,0.16666666666666666,0.046153846153846156,,,,0,STRUCTURE_ONLY
486,508,0.6000000000000001,0.6000000000000001,0.4,0.8,0.8333333333333335,0.9166666666666667,,3,STRUCTURE_ONLY
486,226,0.5918803418803419,0.5918803418803419,0.46153846153846156,0.7222222222222222,0.7354355067681901,0.8677177533840951,,14,STRUCTURE_ONLY
486,591,0.5490196078431372,0.5490196078431372,0.3333333333333333,0.7647058823529411,,,,1,STRUCTURE_ONLY
486,282,0.5104166666666666,0.5104166666666666,0.3333333333333333,0.6875,,,,1,STRUCTURE_ONLY
486,48,0.48125,0.48125,0.3125,0.65,-0.47809144373375745,0.2609542781331213,,11,STRUCTURE_ONLY
486,36,0.47593582887700536,0.47593582887700536,0.36363636363636365,0.5882352941176471,0.7745966692414834,0.8872983346207417,,9,STRUCTURE_ONLY
486,635,0.45833333333333337,0.45833333333333337,0.4166666666666667,0.5,0.9525793444156805,0.9762896722078402,,6,STRUCTURE_ONLY
486,63,0.4330357142857143,0.4330357142857143,0.4375,0.42857142857142855,,,,0,STRUCTURE_ONLY
486,506,0.4305555555555556,0.4305555555555556,0.25,0.6111111111111112,0.9622504486493763,0.9811252243246882,,3,STRUCTURE_ONLY
486,366,0.43040293040293043,0.43040293040293043,0.38461538461538464,0.47619047619047616,0.6963106238227914,0.8481553119113957,,9,STRUCTURE_ONLY
487,35,0.5769230769230769,0.5769230769230769,0.5,0.6538461538461539,0.8249579113843053,0.9124789556921526,,10,STRUCTURE_ONLY
487,127,0.5491452991452992,0.5491452991452992,0.4444444444444444,0.6538461538461539,0.686406472983644,0.843203236491822,,14,STRUCTURE_ONLY
487,492,0.5384615384615384,0.5384615384615384,0.5,0.5769230769230769,0.899228803025897,0.9496144015129485,,13,STRUCTURE_ONLY
487,239,0.5192307692307692,0.5192307692307692,0.5,0.5384615384615384,0.9574271077563381,0.978713553878169,,12,STRUCTURE_ONLY
487,178,0.5,0.5,0.5,0.5,0.8956685895029604,0.9478342947514802,,22,STRUCTURE_ONLY
487,47,0.47492163009404387,0.47492163009404387,0.36363636363636365,0.5862068965517241,0.5666666666666667,0.7833333333333333,,30,STRUCTURE_ONLY
487,130,0.46515151515151515,0.46515151515151515,0.36363636363636365,0.5666666666666667,0.9358192003574064,0.9679096001787032,,16,STRUCTURE_ONLY
487,601,0.45512820512820507,0.45512820512820507,0.3333333333333333,0.5769230769230769,1.0000000000000002,1.0,,3,STRUCTURE_ONLY
487,24,0.45351043643263755,0.45351043643263755,0.29411764705882354,0.6129032258064516,0.5735393346764044,0.7867696673382022,,33,STRUCTURE_ONLY
487,129,0.4444444444444444,0.4444444444444444,0.3333333333333333,0.5555555555555556,0.6324555320336759,0.816227766016838,,5,STRUCTURE_ONLY
488,496,0.8785714285714286,0.8785714285714286,0.9,0.8571428571428571,0.0,0.5,,24,STRUCTURE_ONLY
488,62,0.7840909090909092,0.7840909090909092,0.8181818181818182,0.75,0.8703882797784892,0.9351941398892446,,38,STRUCTURE_ONLY
488,533,0.6643478260869565,0.6643478260869565,0.6086956521739131,0.72,0.4801287609333055,0.7400643804666527,,31,STRUCTURE_ONLY
488,673,0.6052631578947368,0.6052631578947368,0.3157894736842105,0.8947368421052632,0.7423074889580903,0.8711537444790451,,29,STRUCTURE_ONLY
488,586,0.5549999999999999,0.5549999999999999,0.36,0.75,0.9682458365518541,0.984122918275927,,13,STRUCTURE_ONLY
488,593,0.5438596491228069,0.5438596491228069,0.42105263157894735,0.6666666666666666,0.9165444688834582,0.9582722344417292,,16,STRUCTURE_ONLY
488,511,0.5388257575757576,0.5388257575757576,0.5151515151515151,0.5625,0.5785321542938755,0.7892660771469378,,105,STRUCTURE_ONLY
488,103,0.506578947368421,0.506578947368421,0.2631578947368421,0.75,0.42183074386605374,0.7109153719330269,,45,STRUCTURE_ONLY
488,604,0.5,0.5,0.5,0.5,0.4472135954999579,0.7236067977499789,,4,STRUCTURE_ONLY
488,295,0.47916666666666663,0.47916666666666663,0.4583333333333333,0.5,0.6458531644139036,0.8229265822069518,,120,STRUCTURE_ONLY
489,133,0.1388888888888889,0.1388888888888889,0.1111111111111111,0.16666666666666666,,,,0,STRUCTURE_ONLY
489,507,0.125,0.125,0.0,0.25,,,,0,STRUCTURE_ONLY
489,737,0.08333333333333333,0.08333333333333333,0.0,0.16666666666666666,,,,1,STRUCTURE_ONLY
489,520,0.057448880233690366,0.057448880233690366,0.07692307692307693,0.0379746835443038,,,,0,STRUCTURE_ONLY
489,470,0.05555555555555555,0.05555555555555555,0.0,0.1111111111111111,,,,0,STRUCTURE_ONLY
489,369,0.05,0.05,0.0,0.1,,,,0,STRUCTURE_ONLY
489,325,0.045454545454545456,0.045454545454545456,0.0,0.09090909090909091,0.0,0.5,,5,STRUCTURE_ONLY
489,104,0.041666666666666664,0.041666666666666664,0.0,0.08333333333333333,,,,2,STRUCTURE_ONLY
489,424,0.038461538461538464,0.038461538461538464,0.0,0.07692307692307693,,,,0,STRUCTURE_ONLY
489,598,0.03571428571428571,0.03571428571428571,0.0,0.07142857142857142,,,,0,STRUCTURE_ONLY
490,443,0.40555555555555556,0.40555555555555556,0.5,0.3111111111111111,,,,2,STRUCTURE_ONLY
490,141,0.3952020202020202,0.3952020202020202,0.4722222222222222,0.3181818181818182,0.9486832980505138,0.9743416490252569,,4,STRUCTURE_ONLY
490,331,0.3501742160278746,0.3501742160278746,0.4146341463414634,0.2857142857142857,,,,0,STRUCTURE_ONLY
490,237,0.3391047297297297,0.3391047297297297,0.4594594594594595,0.21875,,,,2,STRUCTURE_ONLY
490,503,0.30806451612903224,0.30806451612903224,0.5161290322580645,0.1,-0.5,0.25,,4,STRUCTURE_ONLY
490,31,0.2976190476190476,0.2976190476190476,0.5,0.09523809523809523,0.7745966692414834,0.8872983346207417,,5,STRUCTURE_ONLY
490,140,0.2965116279069767,0.2965116279069767,0.5,0.09302325581395349,0.7302967433402214,0.8651483716701107,,5,STRUCTURE_ONLY
490,269,0.29481792717086835,0.29481792717086835,0.47058823529411764,0.11904761904761904,,,,2,STRUCTURE_ONLY
490,55,0.2878787878787879,0.2878787878787879,0.48484848484848486,0.09090909090909091,,,,1,STRUCTURE_ONLY
490,214,0.28584018801410105,0.28584018801410105,0.2608695652173913,0.3108108108108108,0.7559289460184544,0.8779644730092272,,7,STRUCTURE_ONLY
492,127,0.8411764705882353,0.8411764705882353,0.8,0.8823529411764706,0.9036961141150639,0.951848057057532,,6,STRUCTURE_ONLY
492,239,0.6529411764705882,0.6529411764705882,0.6,0.7058823529411765,0.9506541513652698,0.9753270756826349,,11,STRUCTURE_ONLY
492,178,0.6235294117647059,0.6235294117647059,0.6,0.6470588235294118,0.9761870601839528,0.9880935300919764,,14,STRUCTURE_ONLY
492,35,0.5619047619047619,0.5619047619047619,0.6,0.5238095238095238,0.9302605094190635,0.9651302547095317,,14,STRUCTURE_ONLY
492,487,0.5384615384615384,0.5384615384615384,0.5,0.5769230769230769,0.899228803025897,0.9496144015129485,,13,STRUCTURE_ONLY
492,385,0.5378151260504201,0.5378151260504201,0.42857142857142855,0.6470588235294118,0.9434563530497265,0.9717281765248633,,7,STRUCTURE_ONLY
492,32,0.5166666666666666,0.5166666666666666,0.5,0.5333333333333333,0.8366600265340756,0.9183300132670378,,4,STRUCTURE_ONLY
492,546,0.5037593984962406,0.5037593984962406,0.42857142857142855,0.5789473684210527,0.9166666666666666,0.9583333333333333,,10,STRUCTURE_ONLY
492,110,0.4722222222222222,0.4722222222222222,0.5,0.4444444444444444,0.8660254037844386,0.9330127018922193,,6,STRUCTURE_ONLY
492,410,0.4607843137254902,0.4607843137254902,0.3333333333333333,0.5882352941176471,0.7200822998230957,0.8600411499115479,,15,STRUCTURE_ONLY
493,225,0.3782051282051282,0.3782051282051282,0.3333333333333333,0.4230769230769231,,,,0,STRUCTURE_ONLY
493,268,0.375,0.375,0.16666666666666666,0.5833333333333334,0.0,0.5,,3,STRUCTURE_ONLY
493,543,0.375,0.375,0.16666666666666666,0.5833333333333334,,,,1,STRUCTURE_ONLY
493,701,0.375,0.375,0.16666666666666666,0.5833333333333334,,,,1,STRUCTURE_ONLY
493,754,0.375,0.375,0.16666666666666666,0.5833333333333334,,,,0,STRUCTURE_ONLY
493,746,0.36309523809523814,0.36309523809523814,0.14285714285714285,0.5833333333333334,,,,0,STRUCTURE_ONLY
493,727,0.34065934065934067,0.34065934065934067,0.14285714285714285,0.5384615384615384,,,,1,STRUCTURE_ONLY
493,176,0.3317307692307692,0.3317307692307692,0.125,0.5384615384615384,,,,0,STRUCTURE_ONLY
493,530,0.3214285714285714,0.3214285714285714,0.14285714285714285,0.5,0.0,0.5,,3,STRUCTURE_ONLY
493,686,0.3214285714285714,0.3214285714285714,0.14285714285714285,0.5,,,,0,STRUCTURE_ONLY
494,170,0.5708333333333333,0.5708333333333333,0.4666666666666667,0.675,0.6963106238227914,0.8481553119113957,,8,STRUCTURE_ONLY
494,203,0.4984101748807631,0.4984101748807631,0.29411764705882354,0.7027027027027027,0.3779644730092272,0.6889822365046137,,4,STRUCTURE_ONLY
494,339,0.49698340874811464,0.49698340874811464,0.35294117647058826,0.6410256410256411,0.14907119849998599,0.574535599249993,,5,STRUCTURE_ONLY
494,169,0.4963002114164905,0.4963002114164905,0.3181818181818182,0.6744186046511628,0.9438798074485389,0.9719399037242695,,5,STRUCTURE_ONLY
494,531,0.44015444015444016,0.44015444015444016,0.2857142857142857,0.5945945945945946,0.7453559924999299,0.8726779962499649,,6,STRUCTURE_ONLY
494,544,0.44005847953216376,0.44005847953216376,0.2222222222222222,0.6578947368421053,0.8017837257372731,0.9008918628686365,,4,STRUCTURE_ONLY
494,57,0.43162393162393164,0.43162393162393164,0.2222222222222222,0.6410256410256411,1.0,1.0,,4,STRUCTURE_ONLY
494,603,0.42777777777777776,0.42777777777777776,0.2777777777777778,0.5777777777777777,0.7071067811865475,0.8535533905932737,,4,STRUCTURE_ONLY
494,114,0.4257759784075574,0.4257759784075574,0.21052631578947367,0.6410256410256411,0.903696114115064,0.9518480570575321,,7,STRUCTURE_ONLY
494,487,0.41666666666666663,0.41666666666666663,0.3333333333333333,0.5,0.944911182523068,0.972455591261534,,8,STRUCTURE_ONLY
495,205,0.6160714285714286,0.6160714285714286,0.375,0.8571428571428571,0.4193139346887673,0.7096569673443837,,7,STRUCTURE_ONLY
495,378,0.5357142857142857,0.5357142857142857,0.2857142857142857,0.7857142857142857,0.8504200642707612,0.9252100321353807,,11,STRUCTURE_ONLY
495,585,0.47931034482758617,0.47931034482758617,0.2,0.7586206896551724,0.5773502691896258,0.7886751345948129,,3,STRUCTURE_ONLY
495,349,0.47685185185185186,0.47685185185185186,0.25,0.7037037037037037,0.8164965809277259,0.9082482904638629,,3,STRUCTURE_ONLY
495,608,0.4313186813186813,0.4313186813186813,0.2857142857142857,0.5769230769230769,-0.3779644730092272,0.3110177634953864,,10,STRUCTURE_ONLY
495,124,0.41666666666666663,0.41666666666666663,0.16666666666666666,0.6666666666666666,0.9090909090909091,0.9545454545454546,,5,STRUCTURE_ONLY
495,632,0.3968253968253968,0.3968253968253968,0.2222222222222222,0.5714285714285714,0.5773502691896258,0.7886751345948129,,3,STRUCTURE_ONLY
495,118,0.3663793103448276,0.3663793103448276,0.25,0.4827586206896552,,,,0,STRUCTURE_ONLY
495,552,0.3609022556390977,0.3609022556390977,0.14285714285714285,0.5789473684210527,0.9428090415820635,0.9714045207910318,,3,STRUCTURE_ONLY
495,530,0.35416666666666663,0.35416666666666663,0.3333333333333333,0.375,1.0,1.0,,6,STRUCTURE_ONLY
496,62,0.8920454545454546,0.8920454545454546,0.9090909090909091,0.875,0.15075567228888181,0.5753778361444409,,17,STRUCTURE_ONLY
496,488,0.8785714285714286,0.8785714285714286,0.9,0.8571428571428571,0.0,0.5,,24,STRUCTURE_ONLY
496,533,0.7678260869565217,0.7678260869565217,0.6956521739130435,0.84,0.33333333333333337,0.6666666666666667,,10,STRUCTURE_ONLY
496,511,0.6160037878787878,0.6160037878787878,0.5757575757575758,0.65625,0.05923488777590923,0.5296174438879546,,19,STRUCTURE_ONLY
496,673,0.6035714285714285,0.6035714285714285,0.35,0.8571428571428571,0.4003203845127179,0.700160192256359,,11,STRUCTURE_ONLY
496,295,0.5625,0.5625,0.5416666666666666,0.5833333333333334,0.09567297464698797,0.547836487323494,,24,STRUCTURE_ONLY
496,586,0.5576923076923077,0.5576923076923077,0.38461538461538464,0.7307692307692307,0.5773502691896258,0.7886751345948129,,6,STRUCTURE_ONLY
496,103,0.5547619047619048,0.5547619047619048,0.3,0.8095238095238095,0.3563483225498992,0.6781741612749496,,12,STRUCTURE_ONLY
496,61,0.5124740124740125,0.5124740124740125,0.4864864864864865,0.5384615384615384,-0.07537783614444091,0.46231108192777953,,16,STRUCTURE_ONLY
496,604,0.5080645161290323,0.5080645161290323,0.5161290322580645,0.5,,,,2,STRUCTURE_ONLY
497,113,0.3068181818181818,0.3068181818181818,0.25,0.36363636363636365,0.9434563530497265,0.9717281765248633,,7,STRUCTURE_ONLY
497,389,0.3068181818181818,0.3068181818181818,0.25,0.36363636363636365,0.8944271909999159,0.9472135954999579,,6,STRUCTURE_ONLY
497,530,0.26785714285714285,0.26785714285714285,0.25,0.2857142857142857,0.8320502943378437,0.9160251471689218,,7,STRUCTURE_ONLY
497,686,0.26785714285714285,0.26785714285714285,0.25,0.2857142857142857,,,,2,STRUCTURE_ONLY
497,545,0.26515151515151514,0.26515151515151514,0.16666666666666666,0.36363636363636365,0.944911182523068,0.972455591261534,,4,STRUCTURE_ONLY
497,685,0.24285714285714285,0.24285714285714285,0.2,0.2857142857142857,0.7994563370082249,0.8997281685041125,,37,STRUCTURE_ONLY
497,229,0.23333333333333334,0.23333333333333334,0.2,0.26666666666666666,0.968962790249909,0.9844813951249545,,12,STRUCTURE_ONLY
497,715,0.23333333333333334,0.23333333333333334,0.2,0.26666666666666666,1.0,1.0,,4,STRUCTURE_ONLY
497,717,0.20833333333333331,0.20833333333333331,0.16666666666666666,0.25,1.0,1.0,,4,STRUCTURE_ONLY
497,41,0.19444444444444442,0.19444444444444442,0.16666666666666666,0.2222222222222222,0.9058216273156767,0.9529108136578384,,7,STRUCTURE_ONLY
499,276,0.5296052631578947,0.5296052631578947,0.375,0.6842105263157895,0.9545454545454546,0.9772727272727273,,17,STRUCTURE_ONLY
499,158,0.5292207792207793,0.5292207792207793,0.2727272727272727,0.7857142857142857,0.9316949906249125,0.9658474953124563,,9,STRUCTURE_ONLY
499,45,0.46969696969696967,0.46969696969696967,0.2727272727272727,0.6666666666666666,-0.06900655593423542,0.4654967220328823,,14,STRUCTURE_ONLY
499,427,0.4577922077922078,0.4577922077922078,0.2727272727272727,0.6428571428571429,0.9587981127083873,0.9793990563541937,,19,STRUCTURE_ONLY
499,312,0.4238521836506159,0.4238521836506159,0.3157894736842105,0.5319148936170213,0.9838197164968291,0.9919098582484145,,9,STRUCTURE_ONLY
499,112,0.423202614379085,0.423202614379085,0.23529411764705882,0.6111111111111112,0.02865341275306264,0.5143267063765313,,21,STRUCTURE_ONLY
499,280,0.4122596153846154,0.4122596153846154,0.23076923076923078,0.59375,0.9635460822563594,0.9817730411281798,,7,STRUCTURE_ONLY
499,79,0.39350649350649347,0.39350649350649347,0.2727272727272727,0.5142857142857142,0.41665471049321356,0.7083273552466067,,34,STRUCTURE_ONLY
499,620,0.3932432432432432,0.3932432432432432,0.3,0.4864864864864865,0.9486832980505138,0.9743416490252569,,5,STRUCTURE_ONLY
499,721,0.3881118881118881,0.3881118881118881,0.23076923076923078,0.5454545454545454,0.7518094115561125,0.8759047057780562,,11,STRUCTURE_ONLY
500,395,0.8500000000000001,0.8500000000000001,0.8,0.9,0.9999999999999999,1.0,,7,STRUCTURE_ONLY
500,478,0.5325670498084292,0.5325670498084292,0.4444444444444444,0.6206896551724138,0.6546536707079772,0.8273268353539887,,7,STRUCTURE_ONLY
500,439,0.5,0.5,0.375,0.625,1.0,1.0,,4,STRUCTURE_ONLY
500,49,0.42500000000000004,0.42500000000000004,0.4,0.45,0.9258200997725514,0.9629100498862757,,7,STRUCTURE_ONLY
500,271,0.42500000000000004,0.42500000000000004,0.4,0.45,0.8944271909999159,0.9472135954999579,,10,STRUCTURE_ONLY
500,601,0.40372670807453415,0.40372670807453415,0.2857142857142857,0.5217391304347826,1.0000000000000002,1.0,,3,STRUCTURE_ONLY
500,41,0.36024844720496896,0.36024844720496896,0.2857142857142857,0.43478260869565216,0.9999999999999998,0.9999999999999999,,8,STRUCTURE_ONLY
500,155,0.35,0.35,0.2,0.5,0.2581988897471611,0.6290994448735805,,9,STRUCTURE_ONLY
500,203,0.34558823529411764,0.34558823529411764,0.25,0.4411764705882353,0.6324555320336759,0.816227766016838,,10,STRUCTURE_ONLY
500,47,0.3142857142857143,0.3142857142857143,0.2,0.42857142857142855,0.894427190999916,0.947213595499958,,10,STRUCTURE_ONLY
501,375,0.5046296296296297,0.5046296296296297,0.4166666666666667,0.5925925925925926,0.710046946804693,0.8550234734023465,,18,STRUCTURE_ONLY
501,394,0.5032894736842105,0.5032894736842105,0.375,0.631578947368421,0.9354143466934852,0.9677071733467426,,8,STRUCTURE_ONLY
501,721,0.44971264367816094,0.44971264367816094,0.4166666666666667,0.4827586206896552,0.8249579113843053,0.9124789556921526,,11,STRUCTURE_ONLY
501,135,0.42727272727272725,0.42727272727272725,0.45454545454545453,0.4,0.8017837257372731,0.9008918628686365,,4,STRUCTURE_ONLY
501,685,0.42434210526315785,0.42434210526315785,0.375,0.47368421052631576,0.82915619758885,0.914578098794425,,23,STRUCTURE_ONLY
501,633,0.41995073891625617,0.41995073891625617,0.35714285714285715,0.4827586206896552,0.7171371656006361,0.858568582800318,,9,STRUCTURE_ONLY
501,630,0.3890977443609023,0.3890977443609023,0.35714285714285715,0.42105263157894735,0.9701425001453319,0.9850712500726659,,5,STRUCTURE_ONLY
501,24,0.38843813387423937,0.38843813387423937,0.29411764705882354,0.4827586206896552,0.6470588235294118,0.8235294117647058,,22,STRUCTURE_ONLY
501,92,0.3881578947368421,0.3881578947368421,0.25,0.5263157894736842,0.8017837257372731,0.9008918628686365,,4,STRUCTURE_ONLY
501,363,0.3881578947368421,0.3881578947368421,0.25,0.5263157894736842,0.9258200997725514,0.9629100498862757,,7,STRUCTURE_ONLY
502,228,0.6320346320346321,0.6320346320346321,0.45454545454545453,0.8095238095238095,,,,1,STRUCTURE_ONLY
502,348,0.5181818181818182,0.5181818181818182,0.4,0.6363636363636364,,,,0,STRUCTURE_ONLY
502,440,0.5138888888888888,0.5138888888888888,0.4444444444444444,0.5833333333333334,-0.1889822365046136,0.4055088817476932,,7,STRUCTURE_ONLY
502,409,0.44107744107744107,0.44107744107744107,0.36363636363636365,0.5185185185185185,,,,1,STRUCTURE_ONLY
502,252,0.4361111111111111,0.4361111111111111,0.2222222222222222,0.65,0.7745966692414834,0.8872983346207417,,8,STRUCTURE_ONLY
502,74,0.40340909090909094,0.40340909090909094,0.18181818181818182,0.625,,,,2,STRUCTURE_ONLY
502,637,0.4,0.4,0.2,0.6,0.3333333333333333,0.6666666666666666,,3,STRUCTURE_ONLY
502,380,0.3739495798319328,0.3739495798319328,0.17647058823529413,0.5714285714285714,,,,1,STRUCTURE_ONLY
502,599,0.37179487179487175,0.37179487179487175,0.16666666666666666,0.5769230769230769,0.8660254037844387,0.9330127018922194,,4,STRUCTURE_ONLY
502,16,0.36868686868686873,0.36868686868686873,0.18181818181818182,0.5555555555555556,0.753778361444409,0.8768891807222046,,5,STRUCTURE_ONLY
503,31,0.8813131313131313,0.8813131313131313,0.9444444444444444,0.8181818181818182,0.6666666666666667,0.8333333333333334,,10,STRUCTURE_ONLY
503,140,0.8472222222222222,0.8472222222222222,0.9444444444444444,0.75,0.22941573387056174,0.6147078669352809,,40,STRUCTURE_ONLY
503,269,0.8,0.8,0.85,0.75,0.4472135954999579,0.7236067977499789,,5,STRUCTURE_ONLY
503,354,0.8,0.8,0.85,0.75,0.5477225575051661,0.773861278752583,,3,STRUCTURE_ONLY
503,55,0.7935222672064777,0.7935222672064777,0.8947368421052632,0.6923076923076923,,,,2,STRUCTURE_ONLY
503,561,0.7711538461538461,0.7711538461538461,0.85,0.6923076923076923,,,,2,STRUCTURE_ONLY
503,443,0.5922619047619048,0.5922619047619048,0.8095238095238095,0.375,0.4029114820126901,0.7014557410063451,,11,STRUCTURE_ONLY
503,117,0.5910087719298246,0.5910087719298246,0.7083333333333334,0.47368421052631576,0.5276448530110863,0.7638224265055431,,10,STRUCTURE_ONLY
503,557,0.5900000000000001,0.5900000000000001,0.68,0.5,0.4999999999999999,0.75,,11,STRUCTURE_ONLY
503,559,0.5875,0.5875,0.8,0.375,0.9128709291752769,0.9564354645876385,,3,STRUCTURE_ONLY
504,746,0.48484848484848486,0.48484848484848486,0.3333333333333333,0.6363636363636364,,,,0,STRUCTURE_ONLY
504,198,0.4375,0.4375,0.375,0.5,0.9045340337332909,0.9522670168666454,,6,STRUCTURE_ONLY
504,386,0.4375,0.4375,0.375,0.5,0.7442084075352507,0.8721042037676254,,8,STRUCTURE_ONLY
504,685,0.41208791208791207,0.41208791208791207,0.2857142857142857,0.5384615384615384,0.8273403039920306,0.9136701519960153,,12,STRUCTURE_ONLY
504,268,0.4015151515151515,0.4015151515151515,0.16666666666666666,0.6363636363636364,0.5773502691896258,0.7886751345948129,,3,STRUCTURE_ONLY
504,543,0.4015151515151515,0.4015151515151515,0.16666666666666666,0.6363636363636364,,,,1,STRUCTURE_ONLY
504,701,0.4015151515151515,0.4015151515151515,0.16666666666666666,0.6363636363636364,,,,1,STRUCTURE_ONLY
504,754,0.4015151515151515,0.4015151515151515,0.16666666666666666,0.6363636363636364,,,,0,STRUCTURE_ONLY
504,282,0.38541666666666663,0.38541666666666663,0.3333333333333333,0.4375,,,,0,STRUCTURE_ONLY
504,92,0.3791208791208791,0.3791208791208791,0.14285714285714285,0.6153846153846154,,,,1,STRUCTURE_ONLY
505,155,0.5344202898550725,0.5344202898550725,0.4166666666666667,0.6521739130434783,-0.48507125007266594,0.25746437496366703,,18,STRUCTURE_ONLY
505,565,0.4866666666666667,0.4866666666666667,0.3333333333333333,0.64,0.5809475019311126,0.7904737509655563,,11,STRUCTURE_ONLY
505,366,0.48397435897435903,0.48397435897435903,0.38461538461538464,0.5833333333333334,0.7456011350793257,0.8728005675396628,,16,STRUCTURE_ONLY
505,601,0.47727272727272724,0.47727272727272724,0.2727272727272727,0.6818181818181818,,,,2,STRUCTURE_ONLY
505,36,0.45454545454545453,0.45454545454545453,0.36363636363636365,0.5454545454545454,0.7299963950884313,0.8649981975442156,,13,STRUCTURE_ONLY
505,631,0.4419642857142857,0.4419642857142857,0.3125,0.5714285714285714,0.7745966692414834,0.8872983346207417,,5,STRUCTURE_ONLY
505,161,0.43970588235294117,0.43970588235294117,0.35,0.5294117647058824,0.9428090415820635,0.9714045207910318,,3,STRUCTURE_ONLY
505,415,0.4280397022332506,0.4280397022332506,0.3076923076923077,0.5483870967741935,0.9131067826682124,0.9565533913341062,,36,STRUCTURE_ONLY
505,641,0.41941391941391937,0.41941391941391937,0.42857142857142855,0.41025641025641024,0.7559289460184544,0.8779644730092272,,4,STRUCTURE_ONLY
505,307,0.4147727272727273,0.4147727272727273,0.375,0.45454545454545453,-0.0944911182523068,0.4527544408738466,,10,STRUCTURE_ONLY
506,282,0.6160714285714286,0.6160714285714286,0.375,0.8571428571428571,,,,0,STRUCTURE_ONLY
506,198,0.5714285714285714,0.5714285714285714,0.42857142857142855,0.7142857142857143,,,,2,STRUCTURE_ONLY
506,558,0.5571428571428572,0.5571428571428572,0.4,0.7142857142857143,0.8164965809277261,0.9082482904638631,,6,STRUCTURE_ONLY
506,306,0.5428571428571429,0.5428571428571429,0.2857142857142857,0.8,0.944911182523068,0.972455591261534,,4,STRUCTURE_ONLY
506,479,0.5,0.5,0.3333333333333333,0.6666666666666666,0.9999999999999998,0.9999999999999999,,5,STRUCTURE_ONLY
506,648,0.5,0.5,0.25,0.75,0.9428090415820635,0.9714045207910318,,3,STRUCTURE_ONLY
506,129,0.47619047619047616,0.47619047619047616,0.2857142857142857,0.6666666666666666,0.7071067811865475,0.8535533905932737,,4,STRUCTURE_ONLY
506,591,0.46405228758169936,0.46405228758169936,0.2222222222222222,0.7058823529411765,,,,0,STRUCTURE_ONLY
506,704,0.4607843137254902,0.4607843137254902,0.3333333333333333,0.5882352941176471,0.9525793444156805,0.9762896722078402,,6,STRUCTURE_ONLY
506,89,0.4583333333333333,0.4583333333333333,0.25,0.6666666666666666,0.9622504486493763,0.9811252243246882,,3,STRUCTURE_ONLY
507,435,0.16666666666666666,0.16666666666666666,0.0,0.3333333333333333,0.9428090415820635,0.9714045207910318,,3,STRUCTURE_ONLY
507,489,0.125,0.125,0.0,0.25,,,,0,STRUCTURE_ONLY
507,737,0.1,0.1,0.0,0.2,0.6030226891555273,0.8015113445777636,,8,STRUCTURE_ONLY
507,369,0.05555555555555555,0.05555555555555555,0.0,0.1111111111111111,,,,0,STRUCTURE_ONLY
507,544,0.045454545454545456,0.045454545454545456,0.09090909090909091,0.0,0.5345224838248487,0.7672612419124243,,4,STRUCTURE_ONLY
507,698,0.045454545454545456,0.045454545454545456,0.09090909090909091,0.0,,,,1,STRUCTURE_ONLY
507,232,0.038461538461538464,0.038461538461538464,0.0,0.07692307692307693,,,,0,STRUCTURE_ONLY
507,277,0.03571428571428571,0.03571428571428571,0.07142857142857142,0.0,,,,0,STRUCTURE_ONLY
507,51,0.029411764705882353,0.029411764705882353,0.0,0.058823529411764705,1.0000000000000002,1.0,,3,STRUCTURE_ONLY
507,96,0.029411764705882353,0.029411764705882353,0.0,0.058823529411764705,1.0,1.0,,4,STRUCTURE_ONLY
508,486,0.6000000000000001,0.6000000000000001,0.4,0.8,0.8333333333333335,0.9166666666666667,,3,STRUCTURE_ONLY
508,36,0.5,0.5,0.2857142857142857,0.7142857142857143,0.6454972243679028,0.8227486121839513,,9,STRUCTURE_ONLY
508,598,0.5,0.5,0.2857142857142857,0.7142857142857143,,,,1,STRUCTURE_ONLY
508,282,0.48214285714285715,0.48214285714285715,0.25,0.7142857142857143,,,,1,STRUCTURE_ONLY
508,264,0.47916666666666663,0.47916666666666663,0.3333333333333333,0.625,0.9434563530497265,0.9717281765248633,,7,STRUCTURE_ONLY
508,625,0.47619047619047616,0.47619047619047616,0.2857142857142857,0.6666666666666666,0.7647191129018724,0.8823595564509362,,10,STRUCTURE_ONLY
508,618,0.4583333333333333,0.4583333333333333,0.25,0.6666666666666666,0.9999999999999998,0.9999999999999999,,4,STRUCTURE_ONLY
508,506,0.45535714285714285,0.45535714285714285,0.2857142857142857,0.625,0.944911182523068,0.972455591261534,,4,STRUCTURE_ONLY
508,636,0.45535714285714285,0.45535714285714285,0.2857142857142857,0.625,0.857142857142857,0.9285714285714285,,4,STRUCTURE_ONLY
508,648,0.45535714285714285,0.45535714285714285,0.2857142857142857,0.625,,,,2,STRUCTURE_ONLY
509,300,0.6431372549019607,0.6431372549019607,0.6,0.6862745098039216,0.8164965809277259,0.9082482904638629,,3,STRUCTURE_ONLY
509,514,0.6048387096774194,0.6048387096774194,0.5,0.7096774193548387,,,,1,STRUCTURE_ONLY
509,698,0.4708333333333333,0.4708333333333333,0.4,0.5416666666666666,0.8696263565463043,0.9348131782731521,,7,STRUCTURE_ONLY
509,50,0.4327586206896552,0.4327586206896552,0.4,0.46551724137931033,0.944911182523068,0.972455591261534,,4,STRUCTURE_ONLY
509,244,0.4318181818181818,0.4318181818181818,0.4090909090909091,0.45454545454545453,0.8153742483272114,0.9076871241636058,,10,STRUCTURE_ONLY
509,702,0.41666666666666663,0.41666666666666663,0.3333333333333333,0.5,0.857142857142857,0.9285714285714285,,4,STRUCTURE_ONLY
509,333,0.4036363636363636,0.4036363636363636,0.28,0.5272727272727272,0.9561828874675149,0.9780914437337574,,7,STRUCTURE_ONLY
509,242,0.39545454545454545,0.39545454545454545,0.3,0.4909090909090909,0.9525793444156805,0.9762896722078402,,6,STRUCTURE_ONLY
509,114,0.39438502673796794,0.39438502673796794,0.3181818181818182,0.47058823529411764,0.9381941874331419,0.9690970937165709,,13,STRUCTURE_ONLY
509,57,0.3878205128205128,0.3878205128205128,0.3333333333333333,0.4423076923076923,0.8432740427115678,0.9216370213557838,,7,STRUCTURE_ONLY
510,75,0.4214795587280986,0.4214795587280986,0.2608695652173913,0.582089552238806,1.0,1.0,,9,STRUCTURE_ONLY
510,390,0.3416666666666667,0.3416666666666667,0.3333333333333333,0.35,,,,1,STRUCTURE_ONLY
510,479,0.30709534368070956,0.30709534368070956,0.2727272727272727,0.34146341463414637,,,,2,STRUCTURE_ONLY
510,249,0.3019047619047619,0.3019047619047619,0.08,0.5238095238095238,,,,2,STRUCTURE_ONLY
510,130,0.2885375494071146,0.2885375494071146,0.2727272727272727,0.30434782608695654,0.9999999999999998,0.9999999999999999,,5,STRUCTURE_ONLY
510,53,0.28260869565217395,0.28260869565217395,0.08695652173913043,0.4782608695652174,,,,2,STRUCTURE_ONLY
510,357,0.2746010638297872,0.2746010638297872,0.1875,0.3617021276595745,,,,1,STRUCTURE_ONLY
510,606,0.2740134028294862,0.2740134028294862,0.11764705882352941,0.43037974683544306,,,,2,STRUCTURE_ONLY
510,418,0.2739018087855297,0.2739018087855297,0.2222222222222222,0.32558139534883723,,,,1,STRUCTURE_ONLY
510,723,0.27361111111111114,0.27361111111111114,0.2222222222222222,0.325,,,,0,STRUCTURE_ONLY
511,289,0.7081287506819421,0.7081287506819421,0.5957446808510638,0.8205128205128205,0.29782353806511064,0.6489117690325553,,140,STRUCTURE_ONLY
511,123,0.6888888888888889,0.6888888888888889,0.6666666666666666,0.7111111111111111,0.8055555555555556,0.9027777777777778,,30,STRUCTURE_ONLY
511,533,0.6875,0.6875,0.59375,0.78125,0.4487941707625715,0.7243970853812858,,33,STRUCTURE_ONLY
511,61,0.6443181818181818,0.6443181818181818,0.675,0.6136363636363636,0.43033148291193524,0.7151657414559676,,82,STRUCTURE_ONLY
511,62,0.61991341991342,0.61991341991342,0.5428571428571428,0.696969696969697,0.8853648783083365,0.9426824391541683,,35,STRUCTURE_ONLY
511,496,0.6160037878787878,0.6160037878787878,0.5757575757575758,0.65625,0.05923488777590923,0.5296174438879546,,19,STRUCTURE_ONLY
511,376,0.5761904761904761,0.5761904761904761,0.4857142857142857,0.6666666666666666,0.9486832980505138,0.9743416490252569,,5,STRUCTURE_ONLY
511,586,0.5757575757575758,0.5757575757575758,0.45454545454545453,0.696969696969697,0.9393364366277241,0.9696682183138621,,14,STRUCTURE_ONLY
511,142,0.5573549257759784,0.5573549257759784,0.6410256410256411,0.47368421052631576,0.8164965809277261,0.9082482904638631,,3,STRUCTURE_ONLY
511,488,0.5388257575757576,0.5388257575757576,0.5151515151515151,0.5625,0.5785321542938755,0.7892660771469378,,105,STRUCTURE_ONLY
512,660,0.4440619621342513,0.4440619621342513,0.2857142857142857,0.6024096385542169,,,,1,STRUCTURE_ONLY
512,333,0.33739837398373984,0.33739837398373984,0.3333333333333333,0.34146341463414637,,,,0,STRUCTURE_ONLY
512,574,0.33432171979243885,0.33432171979243885,0.10526315789473684,0.5633802816901409,,,,2,STRUCTURE_ONLY
512,684,0.3302034428794992,0.3302034428794992,0.1111111111111111,0.5492957746478874,,,,0,STRUCTURE_ONLY
512,192,0.3056733828207847,0.3056733828207847,0.08695652173913043,0.524390243902439,,,,0,STRUCTURE_ONLY
512,276,0.3028571428571428,0.3028571428571428,0.32,0.2857142857142857,,,,2,STRUCTURE_ONLY
512,513,0.2902097902097902,0.2902097902097902,0.3076923076923077,0.2727272727272727,,,,1,STRUCTURE_ONLY
512,52,0.2816358024691358,0.2816358024691358,0.2916666666666667,0.2716049382716049,,,,1,STRUCTURE_ONLY
512,188,0.2717391304347826,0.2717391304347826,0.25,0.29347826086956524,,,,0,STRUCTURE_ONLY
512,154,0.265,0.265,0.28,0.25,,,,0,STRUCTURE_ONLY
513,50,0.7061688311688312,0.7061688311688312,0.5714285714285714,0.8409090909090909,0.9999999999999999,1.0,,4,STRUCTURE_ONLY
513,52,0.7017783857729138,0.7017783857729138,0.7058823529411765,0.6976744186046512,0.8340576562282991,0.9170288281141495,,19,STRUCTURE_ONLY
513,188,0.583041958041958,0.583041958041958,0.45454545454545453,0.7115384615384616,0.9337990556476821,0.966899527823841,,14,STRUCTURE_ONLY
513,630,0.5549707602339181,0.5549707602339181,0.42105263157894735,0.6888888888888889,0.944911182523068,0.972455591261534,,4,STRUCTURE_ONLY
513,444,0.5547112462006079,0.5547112462006079,0.42857142857142855,0.6808510638297872,0.5539117094069973,0.7769558547034987,,28,STRUCTURE_ONLY
513,154,0.5478723404255319,0.5478723404255319,0.5,0.5957446808510638,,,,1,STRUCTURE_ONLY
513,309,0.516734693877551,0.516734693877551,0.36,0.673469387755102,0.8865926413116155,0.9432963206558078,,16,STRUCTURE_ONLY
513,244,0.5165631469979296,0.5165631469979296,0.38095238095238093,0.6521739130434783,0.7855844048495726,0.8927922024247863,,16,STRUCTURE_ONLY
513,679,0.5022727272727273,0.5022727272727273,0.3,0.7045454545454546,0.8783100656536798,0.9391550328268399,,9,STRUCTURE_ONLY
513,360,0.49451754385964913,0.49451754385964913,0.375,0.6140350877192983,0.8823529411764706,0.9411764705882353,,8,STRUCTURE_ONLY
514,509,0.6048387096774194,0.6048387096774194,0.5,0.7096774193548387,,,,1,STRUCTURE_ONLY
514,300,0.49331550802139035,0.49331550802139035,0.4411764705882353,0.5454545454545454,,,,0,STRUCTURE_ONLY
514,188,0.4089099816289038,0.4089099816289038,0.2826086956521739,0.5352112676056338,,,,1,STRUCTURE_ONLY
514,513,0.4015151515151515,0.4015151515151515,0.30303030303030304,0.5,,,,0,STRUCTURE_ONLY
514,50,0.37894288150042627,0.37894288150042627,0.29411764705882354,0.463768115942029,,,,0,STRUCTURE_ONLY
514,136,0.37509578544061306,0.37509578544061306,0.24444444444444444,0.5057471264367817,,,,1,STRUCTURE_ONLY
514,679,0.37063492063492065,0.37063492063492065,0.23333333333333334,0.5079365079365079,,,,0,STRUCTURE_ONLY
514,255,0.36074489123269615,0.36074489123269615,0.2702702702702703,0.45121951219512196,,,,1,STRUCTURE_ONLY
514,243,0.35098314606741576,0.35098314606741576,0.275,0.42696629213483145,,,,2,STRUCTURE_ONLY
514,154,0.349580223880597,0.349580223880597,0.28125,0.417910447761194,,,,0,STRUCTURE_ONLY
515,348,0.32666666666666666,0.32666666666666666,0.13333333333333333,0.52,,,,2,STRUCTURE_ONLY
515,440,0.31216931216931215,0.31216931216931215,0.14285714285714285,0.48148148148148145,0.1889822365046136,0.5944911182523068,,4,STRUCTURE_ONLY
515,190,0.31118881118881114,0.31118881118881114,0.07692307692307693,0.5454545454545454,,,,2,STRUCTURE_ONLY
515,335,0.3092948717948718,0.3092948717948718,0.07692307692307693,0.5416666666666666,0.8682431421244593,0.9341215710622297,,5,STRUCTURE_ONLY
515,228,0.2995642701525054,0.2995642701525054,0.11764705882352941,0.48148148148148145,1.0000000000000002,1.0,,6,STRUCTURE_ONLY
515,502,0.2995642701525054,0.2995642701525054,0.11764705882352941,0.48148148148148145,0.7071067811865475,0.8535533905932737,,3,STRUCTURE_ONLY
515,252,0.2993311036789298,0.2993311036789298,0.07692307692307693,0.5217391304347826,0.9354143466934853,0.9677071733467426,,5,STRUCTURE_ONLY
515,179,0.28968253968253965,0.28968253968253965,0.19047619047619047,0.3888888888888889,0.6471502289294341,0.823575114464717,,12,STRUCTURE_ONLY
515,209,0.28846153846153844,0.28846153846153844,0.07692307692307693,0.5,,,,2,STRUCTURE_ONLY
515,347,0.28846153846153844,0.28846153846153844,0.07692307692307693,0.5,0.944911182523068,0.972455591261534,,4,STRUCTURE_ONLY
516,61,0.5277777777777778,0.5277777777777778,0.5,0.5555555555555556,0.8215838362577491,0.9107919181288746,,25,STRUCTURE_ONLY
516,142,0.5016666666666667,0.5016666666666667,0.62,0.38333333333333336,0.7499999999999999,0.875,,8,STRUCTURE_ONLY
516,511,0.5010683760683761,0.5010683760683761,0.5576923076923077,0.4444444444444444,0.8924133096001623,0.9462066548000811,,32,STRUCTURE_ONLY
516,289,0.46150201374081967,0.46150201374081967,0.4603174603174603,0.4626865671641791,0.7156264473321344,0.8578132236660672,,36,STRUCTURE_ONLY
516,109,0.43742216687422164,0.43742216687422164,0.4090909090909091,0.4657534246575342,0.8971499589146108,0.9485749794573054,,30,STRUCTURE_ONLY
516,604,0.43447293447293445,0.43447293447293445,0.4074074074074074,0.46153846153846156,-0.11952286093343936,0.44023856953328033,,4,STRUCTURE_ONLY
516,163,0.42000000000000004,0.42000000000000004,0.3333333333333333,0.5066666666666667,0.6480740698407861,0.824037034920393,,18,STRUCTURE_ONLY
516,123,0.41833333333333333,0.41833333333333333,0.45,0.38666666666666666,0.907037125014101,0.9535185625070506,,25,STRUCTURE_ONLY
516,187,0.4143502824858757,0.4143502824858757,0.3220338983050847,0.5066666666666667,-0.8017837257372731,0.09910813713136346,,7,STRUCTURE_ONLY
516,295,0.4131878557874763,0.4131878557874763,0.29411764705882354,0.532258064516129,0.9215686274509802,0.9607843137254901,,38,STRUCTURE_ONLY
517,128,0.3764705882352941,0.3764705882352941,0.4,0.35294117647058826,0.6933752452815365,0.8466876226407682,,4,STRUCTURE_ONLY
517,373,0.16666666666666666,0.16666666666666666,0.0,0.3333333333333333,,,,2,STRUCTURE_ONLY
517,452,0.1468253968253968,0.1468253968253968,0.07142857142857142,0.2222222222222222,,,,2,STRUCTURE_ONLY
517,674,0.12142857142857143,0.12142857142857143,0.14285714285714285,0.1,0.9622504486493763,0.9811252243246882,,3,STRUCTURE_ONLY
517,611,0.10727969348659003,0.10727969348659003,0.1111111111111111,0.10344827586206896,0.9561828874675149,0.9780914437337574,,5,STRUCTURE_ONLY
517,307,0.08410138248847926,0.08410138248847926,0.07142857142857142,0.0967741935483871,-0.1767766952966369,0.41161165235168157,,9,STRUCTURE_ONLY
517,629,0.08333333333333333,0.08333333333333333,0.0,0.16666666666666666,0.8728715609439696,0.9364357804719847,,5,STRUCTURE_ONLY
517,311,0.075,0.075,0.0,0.15,,,,1,STRUCTURE_ONLY
517,358,0.0625,0.0625,0.0,0.125,,,,1,STRUCTURE_ONLY
517,675,0.0625,0.0625,0.0,0.125,,,,0,STRUCTURE_ONLY
518,188,0.4844827586206897,0.4844827586206897,0.4,0.5689655172413793,0.8366600265340756,0.9183300132670378,,6,STRUCTURE_ONLY
518,444,0.48339160839160844,0.48339160839160844,0.4090909090909091,0.5576923076923077,0.727606875108999,0.8638034375544995,,10,STRUCTURE_ONLY
518,467,0.43351063829787234,0.43351063829787234,0.25,0.6170212765957447,,,,0,STRUCTURE_ONLY
518,544,0.42546583850931674,0.42546583850931674,0.2857142857142857,0.5652173913043478,0.8660254037844387,0.9330127018922194,,5,STRUCTURE_ONLY
518,267,0.4189814814814815,0.4189814814814815,0.375,0.46296296296296297,,,,1,STRUCTURE_ONLY
518,144,0.4132117191818684,0.4132117191818684,0.25925925925925924,0.5671641791044776,,,,2,STRUCTURE_ONLY
518,244,0.40217391304347827,0.40217391304347827,0.30434782608695654,0.5,0.8819171036881969,0.9409585518440984,,7,STRUCTURE_ONLY
518,317,0.39814814814814814,0.39814814814814814,0.2962962962962963,0.5,,,,1,STRUCTURE_ONLY
518,565,0.39740082079343364,0.39740082079343364,0.35294117647058826,0.4418604651162791,0.7977240352174656,0.8988620176087327,,7,STRUCTURE_ONLY
518,53,0.3973684210526316,0.3973684210526316,0.4,0.39473684210526316,1.0000000000000002,1.0,,6,STRUCTURE_ONLY
519,170,0.5721153846153846,0.5721153846153846,0.375,0.7692307692307693,0.5273599014036483,0.7636799507018242,,86,STRUCTURE_ONLY
519,169,0.5509413067552602,0.5509413067552602,0.38095238095238093,0.7209302325581395,0.6998656386948178,0.8499328193474089,,124,STRUCTURE_ONLY
519,471,0.5474924012158054,0.5474924012158054,0.39285714285714285,0.7021276595744681,0.04454354031873739,0.5222717701593687,,44,STRUCTURE_ONLY
519,370,0.5086206896551724,0.5086206896551724,0.5,0.5172413793103449,0.9435641951204965,0.9717820975602482,,12,STRUCTURE_ONLY
519,447,0.4992378048780488,0.4992378048780488,0.4375,0.5609756097560976,0.8082903768654761,0.9041451884327381,,13,STRUCTURE_ONLY
519,47,0.4875259875259875,0.4875259875259875,0.46153846153846156,0.5135135135135135,0.6345909136645652,0.8172954568322826,,123,STRUCTURE_ONLY
519,458,0.46875,0.46875,0.3333333333333333,0.6041666666666666,0.5981195918768218,0.7990597959384109,,114,STRUCTURE_ONLY
519,339,0.4638888888888889,0.4638888888888889,0.2777777777777778,0.65,0.7093269021319086,0.8546634510659543,,28,STRUCTURE_ONLY
519,583,0.45940170940170943,0.45940170940170943,0.3076923076923077,0.6111111111111112,0.9432422182837986,0.9716211091418994,,5,STRUCTURE_ONLY
519,57,0.45726495726495725,0.45726495726495725,0.2222222222222222,0.6923076923076923,0.32605565837568895,0.6630278291878444,,15,STRUCTURE_ONLY
520,456,0.5342377260981912,0.5342377260981912,0.2777777777777778,0.7906976744186046,0.47140452079103173,0.7357022603955159,,6,STRUCTURE_ONLY
520,461,0.4218253968253969,0.4218253968253969,0.1388888888888889,0.7047619047619048,0.9561828874675149,0.9780914437337574,,7,STRUCTURE_ONLY
520,487,0.2075346992729676,0.2075346992729676,0.23529411764705882,0.1797752808988764,0.8058229640253802,0.9029114820126901,,13,STRUCTURE_ONLY
520,719,0.18214285714285713,0.18214285714285713,0.21428571428571427,0.15,0.9999999999999999,1.0,,4,STRUCTURE_ONLY
520,71,0.17650834403080873,0.17650834403080873,0.15789473684210525,0.1951219512195122,,,,1,STRUCTURE_ONLY
520,132,0.17613636363636365,0.17613636363636365,0.125,0.22727272727272727,0.9428090415820635,0.9714045207910318,,3,STRUCTURE_ONLY
520,259,0.1748768472906404,0.1748768472906404,0.14285714285714285,0.20689655172413793,0.9486832980505138,0.9743416490252569,,5,STRUCTURE_ONLY
520,506,0.17407407407407408,0.17407407407407408,0.2,0.14814814814814814,0.9486832980505138,0.9743416490252569,,5,STRUCTURE_ONLY
520,231,0.17388978063135366,0.17388978063135366,0.19047619047619047,0.15730337078651685,0.9166666666666669,0.9583333333333335,,11,STRUCTURE_ONLY
520,576,0.17276887871853547,0.17276887871853547,0.10869565217391304,0.23684210526315788,0.944911182523068,0.972455591261534,,4,STRUCTURE_ONLY
523,575,0.05,0.05,0.0,0.1,0.4472135954999579,0.7236067977499789,,5,STRUCTURE_ONLY
523,404,0.04984520123839009,0.04984520123839009,0.05263157894736842,0.047058823529411764,,,,0,STRUCTURE_ONLY
523,416,0.047619047619047616,0.047619047619047616,0.0,0.09523809523809523,1.0,1.0,,9,STRUCTURE_ONLY
523,470,0.03571428571428571,0.03571428571428571,0.0,0.07142857142857142,1.0,1.0,,4,STRUCTURE_ONLY
523,474,0.03571428571428571,0.03571428571428571,0.0,0.07142857142857142,0.5773502691896258,0.7886751345948129,,6,STRUCTURE_ONLY
523,659,0.03571428571428571,0.03571428571428571,0.0,0.07142857142857142,-0.3975732839729454,0.30121335801352733,,10,STRUCTURE_ONLY
523,67,0.03333333333333333,0.03333333333333333,0.0,0.06666666666666667,0.8838834764831844,0.9419417382415922,,9,STRUCTURE_ONLY
523,423,0.03333333333333333,0.03333333333333333,0.0,0.06666666666666667,,,,1,STRUCTURE_ONLY
523,49,0.03125,0.03125,0.0,0.0625,0.8944271909999159,0.9472135954999579,,5,STRUCTURE_ONLY
523,224,0.03125,0.03125,0.0,0.0625,0.7777777777777778,0.8888888888888888,,9,STRUCTURE_ONLY
524,700,0.37142857142857144,0.37142857142857144,0.23809523809523808,0.5047619047619047,0.9315516419063741,0.965775820953187,,27,STRUCTURE_ONLY
524,642,0.3044019138755981,0.3044019138755981,0.15789473684210525,0.4509090909090909,0.5270462766947299,0.763523138347365,,12,STRUCTURE_ONLY
524,696,0.24324881467738613,0.24324881467738613,0.16326530612244897,0.32323232323232326,0.7,0.85,,7,STRUCTURE_ONLY
524,241,0.22074468085106383,0.22074468085106383,0.19148936170212766,0.25,0.7901494675189938,0.8950747337594969,,47,STRUCTURE_ONLY
524,137,0.18466840661179149,0.18466840661179149,0.13725490196078433,0.23208191126279865,0.8571480602572682,0.928574030128634,,26,STRUCTURE_ONLY
524,578,0.17681126504655917,0.17681126504655917,0.13513513513513514,0.2184873949579832,0.6965178282980882,0.8482589141490441,,46,STRUCTURE_ONLY
524,534,0.16334586466165413,0.16334586466165413,0.15,0.17669172932330826,0.8693182879212226,0.9346591439606113,,14,STRUCTURE_ONLY
524,638,0.16035977635523863,0.16035977635523863,0.13953488372093023,0.18118466898954705,0.8528028654224417,0.9264014327112209,,5,STRUCTURE_ONLY
524,200,0.15826210826210826,0.15826210826210826,0.1794871794871795,0.13703703703703704,0.944911182523068,0.972455591261534,,13,STRUCTURE_ONLY
524,255,0.14647458840372227,0.14647458840372227,0.1590909090909091,0.13385826771653545,0.656599153958937,0.8282995769794685,,15,STRUCTURE_ONLY
525,32,0.475,0.475,0.25,0.7,1.0,1.0,,4,STRUCTURE_ONLY
525,44,0.45833333333333337,0.45833333333333337,0.3333333333333333,0.5833333333333334,0.33333333333333337,0.6666666666666667,,3,STRUCTURE_ONLY
525,414,0.425,0.425,0.25,0.6,,,,2,STRUCTURE_ONLY
525,558,0.3557692307692308,0.3557692307692308,0.25,0.46153846153846156,0.7071067811865475,0.8535533905932737,,8,STRUCTURE_ONLY
525,42,0.35,0.35,0.2,0.5,0.8333333333333335,0.9166666666666667,,3,STRUCTURE_ONLY
525,178,0.31666666666666665,0.31666666666666665,0.16666666666666666,0.4666666666666667,0.9594032236002469,0.9797016118001234,,8,STRUCTURE_ONLY
525,198,0.30219780219780223,0.30219780219780223,0.14285714285714285,0.46153846153846156,0.3779644730092272,0.6889822365046137,,7,STRUCTURE_ONLY
525,385,0.29583333333333334,0.29583333333333334,0.125,0.4666666666666667,,,,2,STRUCTURE_ONLY
525,492,0.2892156862745098,0.2892156862745098,0.16666666666666666,0.4117647058823529,0.9467292624062573,0.9733646312031287,,9,STRUCTURE_ONLY
525,181,0.2875,0.2875,0.2,0.375,0.42600643361512924,0.7130032168075646,,9,STRUCTURE_ONLY
526,709,0.49615384615384617,0.49615384615384617,0.3,0.6923076923076923,0.9429903335828895,0.9714951667914448,,13,STRUCTURE_ONLY
526,101,0.4642857142857143,0.4642857142857143,0.35714285714285715,0.5714285714285714,0.8332380897952963,0.9166190448976481,,13,STRUCTURE_ONLY
526,77,0.43073593073593075,0.43073593073593075,0.23809523809523808,0.6233766233766234,,,,0,STRUCTURE_ONLY
526,200,0.39695340501792115,0.39695340501792115,0.2777777777777778,0.5161290322580645,0.944911182523068,0.972455591261534,,14,STRUCTURE_ONLY
526,36,0.3159722222222222,0.3159722222222222,0.4444444444444444,0.1875,0.7505683356701914,0.8752841678350958,,15,STRUCTURE_ONLY
526,240,0.3142857142857143,0.3142857142857143,0.3333333333333333,0.29523809523809524,0.9999999999999998,0.9999999999999999,,5,STRUCTURE_ONLY
526,595,0.28165007112375534,0.28165007112375534,0.15789473684210525,0.40540540540540543,0.847822751996795,0.9239113759983975,,13,STRUCTURE_ONLY
526,698,0.26638176638176636,0.26638176638176636,0.38461538461538464,0.14814814814814814,0.9486832980505138,0.9743416490252569,,8,STRUCTURE_ONLY
526,641,0.26289592760180996,0.26289592760180996,0.38461538461538464,0.1411764705882353,0.30151134457776363,0.6507556722888819,,5,STRUCTURE_ONLY
526,685,0.2578125,0.2578125,0.375,0.140625,0.9091564578749004,0.9545782289374503,,23,STRUCTURE_ONLY
527,27,0.8020833333333333,0.8020833333333333,0.6666666666666666,0.9375,,,,0,STRUCTURE_ONLY
527,118,0.6447368421052632,0.6447368421052632,0.5,0.7894736842105263,,,,0,STRUCTURE_ONLY
527,752,0.575,0.575,0.4,0.75,,,,1,STRUCTURE_ONLY
527,436,0.5571428571428572,0.5571428571428572,0.4,0.7142857142857143,,,,2,STRUCTURE_ONLY
527,554,0.5571428571428572,0.5571428571428572,0.4,0.7142857142857143,,,,0,STRUCTURE_ONLY
527,268,0.48333333333333334,0.48333333333333334,0.5,0.4666666666666667,,,,2,STRUCTURE_ONLY
527,543,0.48333333333333334,0.48333333333333334,0.5,0.4666666666666667,,,,2,STRUCTURE_ONLY
527,701,0.48333333333333334,0.48333333333333334,0.5,0.4666666666666667,,,,1,STRUCTURE_ONLY
527,754,0.48333333333333334,0.48333333333333334,0.5,0.4666666666666667,,,,0,STRUCTURE_ONLY
527,746,0.4,0.4,0.3333333333333333,0.4666666666666667,,,,2,STRUCTURE_ONLY
528,297,0.5763888888888888,0.5763888888888888,0.375,0.7777777777777778,,,,1,STRUCTURE_ONLY
528,36,0.5,0.5,0.25,0.75,,,,0,STRUCTURE_ONLY
528,462,0.4957983193277311,0.4957983193277311,0.2857142857142857,0.7058823529411765,,,,2,STRUCTURE_ONLY
528,691,0.4875,0.4875,0.375,0.6,,,,1,STRUCTURE_ONLY
528,530,0.48125,0.48125,0.4,0.5625,,,,0,STRUCTURE_ONLY
528,686,0.48125,0.48125,0.4,0.5625,,,,1,STRUCTURE_ONLY
528,155,0.4666666666666667,0.4666666666666667,0.3333333333333333,0.6,,,,2,STRUCTURE_ONLY
528,601,0.45864661654135336,0.45864661654135336,0.2857142857142857,0.631578947368421,,,,2,STRUCTURE_ONLY
528,636,0.4583333333333333,0.4583333333333333,0.25,0.6666666666666666,,,,0,STRUCTURE_ONLY
528,366,0.44999999999999996,0.44999999999999996,0.3,0.6,,,,2,STRUCTURE_ONLY
529,372,0.3923611111111111,0.3923611111111111,0.2222222222222222,0.5625,0.9590163934426228,0.9795081967213114,,53,STRUCTURE_ONLY
529,156,0.29166666666666663,0.29166666666666663,0.25,0.3333333333333333,0.8398654526945328,0.9199327263472664,,32,STRUCTURE_ONLY
529,445,0.17846153846153848,0.17846153846153848,0.07692307692307693,0.28,0.8743828992755144,0.9371914496377571,,29,STRUCTURE_ONLY
529,250,0.16376811594202897,0.16376811594202897,0.06666666666666667,0.2608695652173913,0.8983415518941831,0.9491707759470915,,24,STRUCTURE_ONLY
529,400,0.1597222222222222,0.1597222222222222,0.125,0.19444444444444445,0.9605899634628147,0.9802949817314073,,30,STRUCTURE_ONLY
529,290,0.15362318840579708,0.15362318840579708,0.13333333333333333,0.17391304347826086,0.9799578870122229,0.9899789435061115,,6,STRUCTURE_ONLY
529,286,0.14215686274509803,0.14215686274509803,0.16666666666666666,0.11764705882352941,0.8785953702139588,0.9392976851069794,,21,STRUCTURE_ONLY
529,713,0.13172043010752688,0.13172043010752688,0.16666666666666666,0.0967741935483871,0.9541738631895289,0.9770869315947645,,22,STRUCTURE_ONLY
529,325,0.125,0.125,0.0,0.25,0.8538149682454623,0.9269074841227312,,56,STRUCTURE_ONLY
529,538,0.11858974358974358,0.11858974358974358,0.08333333333333333,0.15384615384615385,0.9323848796425261,0.9661924398212631,,30,STRUCTURE_ONLY
530,686,1.0,1.0,1.0,1.0,1.0,1.0,,4,STRUCTURE_ONLY
530,685,0.8333333333333333,0.8333333333333333,0.6666666666666666,1.0,0.8487377281736075,0.9243688640868037,,19,STRUCTURE_ONLY
530,715,0.7833333333333333,0.7833333333333333,0.6666666666666666,0.9,0.5303300858899106,0.7651650429449552,,5,STRUCTURE_ONLY
530,717,0.6590909090909092,0.6590909090909092,0.5,0.8181818181818182,0.9428090415820635,0.9714045207910318,,3,STRUCTURE_ONLY
530,268,0.6388888888888888,0.6388888888888888,0.5,0.7777777777777778,0.9486832980505138,0.9743416490252569,,6,STRUCTURE_ONLY
530,543,0.6388888888888888,0.6388888888888888,0.5,0.7777777777777778,0.8944271909999159,0.9472135954999579,,6,STRUCTURE_ONLY
530,701,0.6388888888888888,0.6388888888888888,0.5,0.7777777777777778,,,,2,STRUCTURE_ONLY
530,754,0.6388888888888888,0.6388888888888888,0.5,0.7777777777777778,,,,1,STRUCTURE_ONLY
530,41,0.5961538461538461,0.5961538461538461,0.5,0.6923076923076923,0.882522608121828,0.941261304060914,,8,STRUCTURE_ONLY
530,462,0.5961538461538461,0.5961538461538461,0.5,0.6923076923076923,0.9338479919516196,0.9669239959758098,,13,STRUCTURE_ONLY
531,599,0.7971428571428572,0.7971428571428572,0.7142857142857143,0.88,0.9826073688810351,0.9913036844405175,,9,STRUCTURE_ONLY
531,694,0.6777777777777778,0.6777777777777778,0.5555555555555556,0.8,0.7905694150420948,0.8952847075210474,,8,STRUCTURE_ONLY
531,679,0.5701298701298702,0.5701298701298702,0.45454545454545453,0.6857142857142857,0.9128709291752769,0.9564354645876385,,6,STRUCTURE_ONLY
531,114,0.5677083333333334,0.5677083333333334,0.4166666666666667,0.71875,0.6030226891555273,0.8015113445777636,,17,STRUCTURE_ONLY
531,637,0.5661375661375662,0.5661375661375662,0.42857142857142855,0.7037037037037037,0.8198915917499229,0.9099457958749615,,12,STRUCTURE_ONLY
531,583,0.5578703703703703,0.5578703703703703,0.375,0.7407407407407407,0.8164965809277259,0.9082482904638629,,5,STRUCTURE_ONLY
531,321,0.5448028673835126,0.5448028673835126,0.4444444444444444,0.6451612903225806,0.6172133998483678,0.8086066999241839,,5,STRUCTURE_ONLY
531,16,0.5446428571428572,0.5446428571428572,0.375,0.7142857142857143,0.8485281374238569,0.9242640687119285,,8,STRUCTURE_ONLY
531,179,0.5376344086021505,0.5376344086021505,0.3333333333333333,0.7419354838709677,0.5163977794943223,0.7581988897471612,,15,STRUCTURE_ONLY
531,676,0.5357142857142857,0.5357142857142857,0.5,0.5714285714285714,0.9826073688810351,0.9913036844405175,,8,STRUCTURE_ONLY
533,496,0.7678260869565217,0.7678260869565217,0.6956521739130435,0.84,0.33333333333333337,0.6666666666666667,,10,STRUCTURE_ONLY
533,586,0.7377622377622377,0.7377622377622377,0.5909090909090909,0.8846153846153846,0.8970852271450606,0.9485426135725303,,9,STRUCTURE_ONLY
533,295,0.7043650793650793,0.7043650793650793,0.7142857142857143,0.6944444444444444,0.6864064729836441,0.843203236491822,,37,STRUCTURE_ONLY
533,62,0.6950000000000001,0.6950000000000001,0.64,0.75,0.7844645405527363,0.8922322702763681,,15,STRUCTURE_ONLY
533,511,0.6875,0.6875,0.59375,0.78125,0.4487941707625715,0.7243970853812858,,33,STRUCTURE_ONLY
533,488,0.6643478260869565,0.6643478260869565,0.6086956521739131,0.72,0.4801287609333055,0.7400643804666527,,31,STRUCTURE_ONLY
533,256,0.6611721611721612,0.6611721611721612,0.47619047619047616,0.8461538461538461,0.7905694150420948,0.8952847075210474,,11,STRUCTURE_ONLY
533,604,0.5445670628183361,0.5445670628183361,0.4838709677419355,0.6052631578947368,-0.2834733547569204,0.3582633226215398,,5,STRUCTURE_ONLY
533,673,0.5442105263157895,0.5442105263157895,0.3684210526315789,0.72,0.8346223261119857,0.9173111630559929,,16,STRUCTURE_ONLY
533,593,0.54,0.54,0.4,0.68,0.9647638212377322,0.982381910618866,,7,STRUCTURE_ONLY
534,137,0.4830031792614331,0.4830031792614331,0.4482758620689655,0.5177304964539007,0.9435641951204965,0.9717820975602482,,15,STRUCTURE_ONLY
534,638,0.39338235294117646,0.39338235294117646,0.375,0.4117647058823529,,,,2,STRUCTURE_ONLY
534,241,0.31998646514775547,0.31998646514775547,0.2903225806451613,0.34965034965034963,0.7462025072446364,0.8731012536223182,,20,STRUCTURE_ONLY
534,700,0.2968571428571428,0.2968571428571428,0.2857142857142857,0.308,0.9141401281603622,0.957070064080181,,17,STRUCTURE_ONLY
534,696,0.28460405759162305,0.28460405759162305,0.28125,0.2879581151832461,0.9432422182837986,0.9716211091418994,,5,STRUCTURE_ONLY
534,578,0.26543739279588335,0.26543739279588335,0.18181818181818182,0.3490566037735849,0.6902684899626333,0.8451342449813166,,19,STRUCTURE_ONLY
534,643,0.2589585666293393,0.2589585666293393,0.3157894736842105,0.20212765957446807,0.9007546982220901,0.950377349111045,,11,STRUCTURE_ONLY
534,721,0.2260233918128655,0.2260233918128655,0.2631578947368421,0.18888888888888888,0.9486832980505138,0.9743416490252569,,5,STRUCTURE_ONLY
534,154,0.22134387351778656,0.22134387351778656,0.2608695652173913,0.18181818181818182,,,,1,STRUCTURE_ONLY
534,513,0.21047619047619048,0.21047619047619048,0.24,0.18095238095238095,0.8574929257125442,0.928746462856272,,12,STRUCTURE_ONLY
536,637,0.40848214285714285,0.40848214285714285,0.2857142857142857,0.53125,0.6002450479987809,0.8001225239993904,,11,STRUCTURE_ONLY
536,86,0.4004329004329004,0.4004329004329004,0.2857142857142857,0.5151515151515151,,,,2,STRUCTURE_ONLY
536,397,0.39285714285714285,0.39285714285714285,0.2857142857142857,0.5,,,,2,STRUCTURE_ONLY
536,324,0.38530465949820786,0.38530465949820786,0.2222222222222222,0.5483870967741935,0.8819171036881969,0.9409585518440984,,6,STRUCTURE_ONLY
536,583,0.38257575757575757,0.38257575757575757,0.25,0.5151515151515151,0.7826237921249264,0.8913118960624632,,5,STRUCTURE_ONLY
536,16,0.375,0.375,0.25,0.5,0.5345224838248487,0.7672612419124243,,8,STRUCTURE_ONLY
536,712,0.375,0.375,0.25,0.5,,,,2,STRUCTURE_ONLY
536,599,0.3686868686868687,0.3686868686868687,0.2222222222222222,0.5151515151515151,0.6859943405700353,0.8429971702850176,,6,STRUCTURE_ONLY
536,674,0.3611111111111111,0.3611111111111111,0.25,0.4722222222222222,0.8451542547285165,0.9225771273642582,,5,STRUCTURE_ONLY
536,321,0.35,0.35,0.2,0.5,0.944911182523068,0.972455591261534,,4,STRUCTURE_ONLY
538,445,0.5252100840336134,0.5252100840336134,0.2857142857142857,0.7647058823529411,0.8822905744038869,0.9411452872019435,,23,STRUCTURE_ONLY
538,246,0.41666666666666663,0.41666666666666663,0.3333333333333333,0.5,0.9191450300180578,0.9595725150090288,,25,STRUCTURE_ONLY
538,58,0.23809523809523808,0.23809523809523808,0.14285714285714285,0.3333333333333333,0.9187221999980357,0.9593610999990179,,28,STRUCTURE_ONLY
538,212,0.23214285714285715,0.23214285714285715,0.25,0.21428571428571427,0.9247443035926348,0.9623721517963174,,19,STRUCTURE_ONLY
538,336,0.16071428571428573,0.16071428571428573,0.0,0.32142857142857145,,,,1,STRUCTURE_ONLY
538,250,0.13695652173913042,0.13695652173913042,0.1,0.17391304347826086,0.9416472308615167,0.9708236154307583,,20,STRUCTURE_ONLY
538,156,0.12662337662337664,0.12662337662337664,0.07142857142857142,0.18181818181818182,0.8692868576629595,0.9346434288314798,,24,STRUCTURE_ONLY
538,347,0.12037037037037036,0.12037037037037036,0.16666666666666666,0.07407407407407407,0.8858795678282981,0.9429397839141491,,11,STRUCTURE_ONLY
538,529,0.11858974358974358,0.11858974358974358,0.08333333333333333,0.15384615384615385,0.9323848796425261,0.9661924398212631,,30,STRUCTURE_ONLY
538,248,0.11818181818181818,0.11818181818181818,0.1,0.13636363636363635,0.9166666666666669,0.9583333333333335,,6,STRUCTURE_ONLY
540,328,0.75,0.75,0.5,1.0,0.7844645405527361,0.8922322702763681,,7,STRUCTURE_ONLY
540,343,0.5277777777777778,0.5277777777777778,0.5,0.5555555555555556,0.8333333333333335,0.9166666666666667,,6,STRUCTURE_ONLY
540,410,0.45833333333333337,0.45833333333333337,0.5,0.4166666666666667,0.40824829046386296,0.7041241452319315,,9,STRUCTURE_ONLY
540,178,0.4423076923076923,0.4423076923076923,0.5,0.38461538461538464,0.40824829046386296,0.7041241452319315,,9,STRUCTURE_ONLY
540,239,0.4285714285714286,0.4285714285714286,0.5,0.35714285714285715,0.4082482904638631,0.7041241452319316,,6,STRUCTURE_ONLY
540,492,0.41666666666666663,0.41666666666666663,0.5,0.3333333333333333,0.2886751345948129,0.6443375672974064,,6,STRUCTURE_ONLY
540,35,0.3970588235294118,0.3970588235294118,0.5,0.29411764705882354,0.7071067811865475,0.8535533905932737,,5,STRUCTURE_ONLY
540,385,0.358974358974359,0.358974358974359,0.3333333333333333,0.38461538461538464,0.6324555320336759,0.816227766016838,,5,STRUCTURE_ONLY
540,726,0.3522727272727273,0.3522727272727273,0.25,0.45454545454545453,,,,3,STRUCTURE_ONLY
540,127,0.34705882352941175,0.34705882352941175,0.4,0.29411764705882354,,,,4,STRUCTURE_ONLY
543,268,1.0,1.0,1.0,1.0,0.8164965809277259,0.9082482904638629,,3,STRUCTURE_ONLY
543,701,1.0,1.0,1.0,1.0,0.9428090415820632,0.9714045207910316,,3,STRUCTURE_ONLY
543,754,1.0,1.0,1.0,1.0,1.0000000000000002,1.0,,3,STRUCTURE_ONLY
543,746,0.75,0.75,0.5,1.0,,,,0,STRUCTURE_ONLY
543,727,0.6875,0.6875,0.5,0.875,,,,2,STRUCTURE_ONLY
543,530,0.6388888888888888,0.6388888888888888,0.5,0.7777777777777778,0.8944271909999159,0.9472135954999579,,6,STRUCTURE_ONLY
543,686,0.6388888888888888,0.6388888888888888,0.5,0.7777777777777778,0.9428090415820635,0.9714045207910318,,3,STRUCTURE_ONLY
543,176,0.6041666666666666,0.6041666666666666,0.3333333333333333,0.875,0.9128709291752769,0.9564354645876385,,6,STRUCTURE_ONLY
543,92,0.6,0.6,0.5,0.7,0.9486832980505138,0.9743416490252569,,3,STRUCTURE_ONLY
543,363,0.6,0.6,0.5,0.7,0.8944271909999159,0.9472135954999579,,5,STRUCTURE_ONLY
544,611,0.5364583333333334,0.5364583333333334,0.4166666666666667,0.65625,0.7071067811865475,0.8535533905932737,,10,STRUCTURE_ONLY
544,583,0.5318181818181817,0.5318181818181817,0.36363636363636365,0.7,0.8164965809277259,0.9082482904638629,,3,STRUCTURE_ONLY
544,244,0.5185758513931888,0.5185758513931888,0.35294117647058826,0.6842105263157895,0.3853373177942262,0.6926686588971132,,25,STRUCTURE_ONLY
544,57,0.5095238095238095,0.5095238095238095,0.3333333333333333,0.6857142857142857,0.6963106238227914,0.8481553119113957,,9,STRUCTURE_ONLY
544,339,0.49910714285714286,0.49910714285714286,0.3125,0.6857142857142857,0.12262786789699316,0.5613139339484966,,19,STRUCTURE_ONLY
544,698,0.4980694980694981,0.4980694980694981,0.42857142857142855,0.5675675675675675,0.5773502691896257,0.7886751345948129,,9,STRUCTURE_ONLY
544,603,0.48125,0.48125,0.3125,0.65,0.0,0.5,,9,STRUCTURE_ONLY
544,494,0.44005847953216376,0.44005847953216376,0.2222222222222222,0.6578947368421053,0.8017837257372731,0.9008918628686365,,4,STRUCTURE_ONLY
544,712,0.4375,0.4375,0.25,0.625,0.6859943405700353,0.8429971702850176,,5,STRUCTURE_ONLY
544,130,0.43509615384615385,0.43509615384615385,0.3076923076923077,0.5625,0.7745966692414833,0.8872983346207417,,15,STRUCTURE_ONLY
545,180,0.5416666666666666,0.5416666666666666,0.75,0.3333333333333333,,,,1,STRUCTURE_ONLY
545,207,0.44285714285714284,0.44285714285714284,0.6,0.2857142857142857,,,,1,STRUCTURE_ONLY
545,193,0.4111111111111111,0.4111111111111111,0.6,0.2222222222222222,0.8164965809277259,0.9082482904638629,,4,STRUCTURE_ONLY
545,113,0.35,0.35,0.2,0.5,,,,2,STRUCTURE_ONLY
545,318,0.35,0.35,0.5,0.2,0.8164965809277259,0.9082482904638629,,3,STRUCTURE_ONLY
545,389,0.35,0.35,0.2,0.5,,,,0,STRUCTURE_ONLY
545,176,0.33636363636363636,0.33636363636363636,0.4,0.2727272727272727,,,,0,STRUCTURE_ONLY
545,26,0.3269230769230769,0.3269230769230769,0.5,0.15384615384615385,1.0,1.0,,4,STRUCTURE_ONLY
545,228,0.32456140350877194,0.32456140350877194,0.3333333333333333,0.3157894736842105,1.0000000000000002,1.0,,6,STRUCTURE_ONLY
545,715,0.3106060606060606,0.3106060606060606,0.16666666666666666,0.45454545454545453,0.8164965809277259,0.9082482904638629,,4,STRUCTURE_ONLY
546,385,0.7904761904761906,0.7904761904761906,0.7142857142857143,0.8666666666666667,1.0000000000000002,1.0,,3,STRUCTURE_ONLY
546,178,0.5378151260504201,0.5378151260504201,0.42857142857142855,0.6470588235294118,0.9245003270420487,0.9622501635210243,,10,STRUCTURE_ONLY
546,492,0.5037593984962406,0.5037593984962406,0.42857142857142855,0.5789473684210527,0.9166666666666666,0.9583333333333333,,10,STRUCTURE_ONLY
546,35,0.47619047619047616,0.47619047619047616,0.42857142857142855,0.5238095238095238,0.9258200997725514,0.9629100498862757,,7,STRUCTURE_ONLY
546,127,0.4494047619047619,0.4494047619047619,0.375,0.5238095238095238,1.0,1.0,,4,STRUCTURE_ONLY
546,32,0.43333333333333335,0.43333333333333335,0.3333333333333333,0.5333333333333333,1.0000000000000002,1.0,,3,STRUCTURE_ONLY
546,110,0.4097222222222222,0.4097222222222222,0.375,0.4444444444444444,0.8660254037844387,0.9330127018922194,,4,STRUCTURE_ONLY
546,577,0.35,0.35,0.3,0.4,0.9128709291752769,0.9564354645876385,,6,STRUCTURE_ONLY
546,69,0.3484848484848485,0.3484848484848485,0.3333333333333333,0.36363636363636365,0.6123724356957945,0.8061862178478972,,9,STRUCTURE_ONLY
546,222,0.3360450563204005,0.3360450563204005,0.35294117647058826,0.3191489361702128,1.0,1.0,,4,STRUCTURE_ONLY
548,474,0.38541666666666663,0.38541666666666663,0.3333333333333333,0.4375,0.6963106238227914,0.8481553119113957,,9,STRUCTURE_ONLY
548,659,0.38541666666666663,0.38541666666666663,0.3333333333333333,0.4375,0.1863389981249825,0.5931694990624913,,17,STRUCTURE_ONLY
548,67,0.33088235294117646,0.33088235294117646,0.25,0.4117647058823529,0.9249999999999998,0.9624999999999999,,32,STRUCTURE_ONLY
548,49,0.3194444444444444,0.3194444444444444,0.25,0.3888888888888889,0.8944271909999159,0.9472135954999579,,6,STRUCTURE_ONLY
548,271,0.3194444444444444,0.3194444444444444,0.25,0.3888888888888889,0.7977240352174656,0.8988620176087327,,9,STRUCTURE_ONLY
548,408,0.29444444444444445,0.29444444444444445,0.2,0.3888888888888889,0.2620712091804796,0.6310356045902398,,37,STRUCTURE_ONLY
548,411,0.25217391304347825,0.25217391304347825,0.2,0.30434782608695654,0.6859943405700354,0.8429971702850176,,16,STRUCTURE_ONLY
548,434,0.25,0.25,0.25,0.25,,,,2,STRUCTURE_ONLY
548,723,0.23550724637681159,0.23550724637681159,0.16666666666666666,0.30434782608695654,,,,2,STRUCTURE_ONLY
548,601,0.22916666666666669,0.22916666666666669,0.16666666666666666,0.2916666666666667,0.9428090415820635,0.9714045207910318,,3,STRUCTURE_ONLY
550,95,0.6620553359683794,0.6620553359683794,0.45454545454545453,0.8695652173913043,0.9037378388935388,0.9518689194467693,,10,STRUCTURE_ONLY
550,144,0.6078098471986417,0.6078098471986417,0.47368421052631576,0.7419354838709677,-0.5773502691896257,0.21132486540518713,,3,STRUCTURE_ONLY
550,467,0.39675324675324675,0.39675324675324675,0.35714285714285715,0.43636363636363634,0.8660254037844387,0.9330127018922194,,4,STRUCTURE_ONLY
550,164,0.38839285714285715,0.38839285714285715,0.1875,0.5892857142857143,,,,2,STRUCTURE_ONLY
550,305,0.37910798122065725,0.37910798122065725,0.16666666666666666,0.5915492957746479,0.9799578870122229,0.9899789435061115,,6,STRUCTURE_ONLY
550,195,0.3659090909090909,0.3659090909090909,0.15,0.5818181818181818,1.0000000000000002,1.0,,3,STRUCTURE_ONLY
550,364,0.3533834586466165,0.3533834586466165,0.2857142857142857,0.42105263157894735,,,,1,STRUCTURE_ONLY
550,518,0.325,0.325,0.16666666666666666,0.48333333333333334,1.0000000000000002,1.0,,3,STRUCTURE_ONLY
550,43,0.30351307189542487,0.30351307189542487,0.17647058823529413,0.4305555555555556,,,,1,STRUCTURE_ONLY
550,320,0.2779503105590062,0.2779503105590062,0.14285714285714285,0.41304347826086957,1.0000000000000002,1.0,,3,STRUCTURE_ONLY
552,124,0.5093808630393997,0.5093808630393997,0.38461538461538464,0.6341463414634146,,,,2,STRUCTURE_ONLY
552,205,0.3869047619047619,0.3869047619047619,0.25,0.5238095238095238,,,,2,STRUCTURE_ONLY
552,378,0.36590909090909096,0.36590909090909096,0.18181818181818182,0.55,1.0000000000000002,1.0,,3,STRUCTURE_ONLY
552,495,0.3609022556390977,0.3609022556390977,0.14285714285714285,0.5789473684210527,0.9428090415820635,0.9714045207910318,,3,STRUCTURE_ONLY
552,585,0.3397212543554007,0.3397212543554007,0.14285714285714285,0.5365853658536586,,,,1,STRUCTURE_ONLY
552,255,0.3230769230769231,0.3230769230769231,0.2,0.4461538461538462,0.8164965809277259,0.9082482904638629,,3,STRUCTURE_ONLY
552,243,0.29454022988505746,0.29454022988505746,0.1724137931034483,0.4166666666666667,1.0000000000000002,1.0,,3,STRUCTURE_ONLY
552,349,0.29065040650406504,0.29065040650406504,0.16666666666666666,0.4146341463414634,,,,1,STRUCTURE_ONLY
552,86,0.26679841897233203,0.26679841897233203,0.2727272727272727,0.2608695652173913,,,,0,STRUCTURE_ONLY
552,237,0.2537442396313364,0.2537442396313364,0.0967741935483871,0.4107142857142857,1.0000000000000002,1.0,,3,STRUCTURE_ONLY
554,27,0.680952380952381,0.680952380952381,0.6,0.7619047619047619,0.4082482904638631,0.7041241452319316,,3,STRUCTURE_ONLY
554,527,0.5571428571428572,0.5571428571428572,0.4,0.7142857142857143,,,,0,STRUCTURE_ONLY
554,436,0.521978021978022,0.521978021978022,0.42857142857142855,0.6153846153846154,,,,1,STRUCTURE_ONLY
554,752,0.445,0.445,0.25,0.64,0.4999999999999999,0.75,,5,STRUCTURE_ONLY
554,118,0.44285714285714284,0.44285714285714284,0.2857142857142857,0.6,,,,0,STRUCTURE_ONLY
554,558,0.4380952380952381,0.4380952380952381,0.4,0.47619047619047616,,,,3,STRUCTURE_ONLY
554,702,0.39919354838709675,0.39919354838709675,0.25,0.5483870967741935,0.40824829046386296,0.7041241452319315,,4,STRUCTURE_ONLY
554,135,0.37857142857142856,0.37857142857142856,0.3,0.45714285714285713,0.5773502691896258,0.7886751345948129,,3,STRUCTURE_ONLY
554,704,0.375,0.375,0.3333333333333333,0.4166666666666667,,,,3,STRUCTURE_ONLY
554,198,0.3630952380952381,0.3630952380952381,0.25,0.47619047619047616,0.0,0.5,,5,STRUCTURE_ONLY
555,263,1.0,1.0,1.0,1.0,,,,1,STRUCTURE_ONLY
555,153,0.775,0.775,0.75,0.8,0.0,0.5,,5,STRUCTURE_ONLY
555,180,0.35,0.35,0.5,0.2,,,,1,STRUCTURE_ONLY
555,338,0.3333333333333333,0.3333333333333333,0.5,0.16666666666666666,,,,1,STRUCTURE_ONLY
555,566,0.3214285714285714,0.3214285714285714,0.5,0.14285714285714285,0.9999999999999998,0.9999999999999999,,5,STRUCTURE_ONLY
555,176,0.29545454545454547,0.29545454545454547,0.5,0.09090909090909091,1.0000000000000002,1.0,,3,STRUCTURE_ONLY
555,207,0.2833333333333333,0.2833333333333333,0.4,0.16666666666666666,,,,0,STRUCTURE_ONLY
555,193,0.2625,0.2625,0.4,0.125,0.7071067811865475,0.8535533905932737,,4,STRUCTURE_ONLY
555,545,0.25555555555555554,0.25555555555555554,0.4,0.1111111111111111,,,,1,STRUCTURE_ONLY
555,318,0.2222222222222222,0.2222222222222222,0.3333333333333333,0.1111111111111111,,,,2,STRUCTURE_ONLY
557,561,0.7611111111111111,0.7611111111111111,0.8,0.7222222222222222,,,,2,STRUCTURE_ONLY
557,55,0.741111111111111,0.741111111111111,0.76,0.7222222222222222,0.5773502691896258,0.7886751345948129,,3,STRUCTURE_ONLY
557,140,0.6602564102564102,0.6602564102564102,0.6538461538461539,0.6666666666666666,0.3418817293789138,0.6709408646894569,,15,STRUCTURE_ONLY
557,354,0.6369047619047619,0.6369047619047619,0.6071428571428571,0.6666666666666666,,,,1,STRUCTURE_ONLY
557,31,0.6324786324786325,0.6324786324786325,0.6538461538461539,0.6111111111111112,0.5345224838248487,0.7672612419124243,,7,STRUCTURE_ONLY
557,269,0.5930451127819549,0.5930451127819549,0.6071428571428571,0.5789473684210527,0.0,0.5,,5,STRUCTURE_ONLY
557,503,0.5900000000000001,0.5900000000000001,0.68,0.5,0.4999999999999999,0.75,,11,STRUCTURE_ONLY
557,117,0.5874999999999999,0.5874999999999999,0.6333333333333333,0.5416666666666666,0.5892556509887896,0.7946278254943948,,9,STRUCTURE_ONLY
557,559,0.5842490842490842,0.5842490842490842,0.6923076923076923,0.47619047619047616,0.6324555320336759,0.816227766016838,,5,STRUCTURE_ONLY
557,331,0.5700604838709677,0.5700604838709677,0.65625,0.4838709677419355,,,,1,STRUCTURE_ONLY
558,704,0.717948717948718,0.717948717948718,0.6666666666666666,0.7692307692307693,0.6123724356957945,0.8061862178478972,,5,STRUCTURE_ONLY
558,198,0.7,0.7,0.4,1.0,,,,4,STRUCTURE_ONLY
558,306,0.6346153846153846,0.6346153846153846,0.5,0.7692307692307693,0.7071067811865475,0.8535533905932737,,4,STRUCTURE_ONLY
558,719,0.6346153846153846,0.6346153846153846,0.5,0.7692307692307693,0.7559289460184544,0.8779644730092272,,4,STRUCTURE_ONLY
558,268,0.6,0.6,0.5,0.7,0.7302967433402213,0.8651483716701107,,6,STRUCTURE_ONLY
558,543,0.6,0.6,0.5,0.7,0.7071067811865476,0.8535533905932737,,8,STRUCTURE_ONLY
558,701,0.6,0.6,0.5,0.7,,,,2,STRUCTURE_ONLY
558,754,0.6,0.6,0.5,0.7,0.3779644730092272,0.6889822365046137,,4,STRUCTURE_ONLY
558,121,0.5964912280701754,0.5964912280701754,0.6666666666666666,0.5263157894736842,0.6123724356957945,0.8061862178478972,,6,STRUCTURE_ONLY
558,282,0.5833333333333334,0.5833333333333334,0.3333333333333333,0.8333333333333334,,,,1,STRUCTURE_ONLY
559,140,0.6622023809523809,0.6622023809523809,0.7619047619047619,0.5625,0.8999999999999998,0.95,,7,STRUCTURE_ONLY
559,561,0.6510695187165776,0.6510695187165776,0.7727272727272727,0.5294117647058824,,,,2,STRUCTURE_ONLY
559,354,0.6290760869565217,0.6290760869565217,0.6956521739130435,0.5625,1.0000000000000002,1.0,,3,STRUCTURE_ONLY
559,55,0.6283422459893049,0.6283422459893049,0.7272727272727273,0.5294117647058824,,,,2,STRUCTURE_ONLY
559,503,0.5875,0.5875,0.8,0.375,0.9128709291752769,0.9564354645876385,,3,STRUCTURE_ONLY
559,31,0.5868347338935573,0.5868347338935573,0.7619047619047619,0.4117647058823529,0.7499999999999999,0.875,,5,STRUCTURE_ONLY
559,557,0.5842490842490842,0.5842490842490842,0.6923076923076923,0.47619047619047616,0.6324555320336759,0.816227766016838,,5,STRUCTURE_ONLY
559,117,0.5225752508361204,0.5225752508361204,0.6538461538461539,0.391304347826087,0.9999999999999999,1.0,,4,STRUCTURE_ONLY
559,443,0.5074962518740629,0.5074962518740629,0.7391304347826086,0.27586206896551724,1.0000000000000002,1.0,,3,STRUCTURE_ONLY
559,269,0.505720823798627,0.505720823798627,0.6956521739130435,0.3157894736842105,0.9428090415820635,0.9714045207910318,,3,STRUCTURE_ONLY
560,455,0.2982456140350877,0.2982456140350877,0.2631578947368421,0.3333333333333333,0.9761870601839528,0.9880935300919764,,5,STRUCTURE_ONLY
560,568,0.26061776061776065,0.26061776061776065,0.14285714285714285,0.3783783783783784,0.9999999999999998,0.9999999999999999,,5,STRUCTURE_ONLY
560,52,0.2496790757381258,0.2496790757381258,0.15789473684210525,0.34146341463414637,0.9460998335825321,0.9730499167912661,,7,STRUCTURE_ONLY
560,630,0.24732620320855614,0.24732620320855614,0.17647058823529413,0.3181818181818182,,,,2,STRUCTURE_ONLY
560,388,0.24108527131782947,0.24108527131782947,0.13333333333333333,0.3488372093023256,0.41871789467931186,0.709358947339656,,18,STRUCTURE_ONLY
560,154,0.2261904761904762,0.2261904761904762,0.09523809523809523,0.35714285714285715,,,,2,STRUCTURE_ONLY
560,14,0.22584541062801933,0.22584541062801933,0.17391304347826086,0.2777777777777778,0.9085135251589959,0.954256762579498,,15,STRUCTURE_ONLY
560,513,0.2212430426716141,0.2212430426716141,0.13636363636363635,0.30612244897959184,0.9434563530497265,0.9717281765248633,,8,STRUCTURE_ONLY
560,25,0.21588089330024815,0.21588089330024815,0.07692307692307693,0.3548387096774194,0.6973896739414052,0.8486948369707026,,10,STRUCTURE_ONLY
560,276,0.2121212121212121,0.2121212121212121,0.09090909090909091,0.3333333333333333,0.9333333333333333,0.9666666666666667,,12,STRUCTURE_ONLY
561,55,0.975,0.975,0.95,1.0,,,,1,STRUCTURE_ONLY
561,140,0.8663003663003663,0.8663003663003663,0.8095238095238095,0.9230769230769231,0.8333333333333335,0.9166666666666667,,3,STRUCTURE_ONLY
561,354,0.8311036789297659,0.8311036789297659,0.7391304347826086,0.9230769230769231,,,,2,STRUCTURE_ONLY
561,503,0.7711538461538461,0.7711538461538461,0.85,0.6923076923076923,,,,2,STRUCTURE_ONLY
561,557,0.7611111111111111,0.7611111111111111,0.8,0.7222222222222222,,,,2,STRUCTURE_ONLY
561,117,0.7221052631578948,0.7221052631578948,0.76,0.6842105263157895,,,,1,STRUCTURE_ONLY
561,31,0.7047619047619047,0.7047619047619047,0.8095238095238095,0.6,0.9428090415820635,0.9714045207910318,,3,STRUCTURE_ONLY
561,559,0.6510695187165776,0.6510695187165776,0.7727272727272727,0.5294117647058824,,,,2,STRUCTURE_ONLY
561,269,0.6508152173913043,0.6508152173913043,0.7391304347826086,0.5625,,,,1,STRUCTURE_ONLY
561,141,0.61,0.61,0.72,0.5,0.9525793444156805,0.9762896722078402,,3,STRUCTURE_ONLY
562,628,0.6284722222222222,0.6284722222222222,0.4444444444444444,0.8125,0.7302967433402214,0.8651483716701107,,5,STRUCTURE_ONLY
562,721,0.46411483253588515,0.46411483253588515,0.45454545454545453,0.47368421052631576,0.733358797622569,0.8666793988112844,,14,STRUCTURE_ONLY
562,375,0.44522144522144524,0.44522144522144524,0.45454545454545453,0.4358974358974359,0.7423074889580903,0.8711537444790451,,35,STRUCTURE_ONLY
562,531,0.43472222222222223,0.43472222222222223,0.4444444444444444,0.425,0.8386278693775346,0.9193139346887673,,24,STRUCTURE_ONLY
562,394,0.4017857142857143,0.4017857142857143,0.42857142857142855,0.375,0.9583727150068314,0.9791863575034156,,8,STRUCTURE_ONLY
562,111,0.40131578947368424,0.40131578947368424,0.25,0.5526315789473685,0.8300978857941995,0.9150489428970998,,17,STRUCTURE_ONLY
562,679,0.39583333333333337,0.39583333333333337,0.4166666666666667,0.375,0.8665782448262421,0.933289122413121,,11,STRUCTURE_ONLY
562,501,0.371007371007371,0.371007371007371,0.36363636363636365,0.3783783783783784,0.8728206690941788,0.9364103345470893,,22,STRUCTURE_ONLY
562,719,0.3693181818181818,0.3693181818181818,0.375,0.36363636363636365,0.85,0.925,,10,STRUCTURE_ONLY
562,280,0.3666666666666667,0.3666666666666667,0.3333333333333333,0.4,0.854787515221729,0.9273937576108645,,12,STRUCTURE_ONLY
563,183,0.7136363636363636,0.7136363636363636,0.7,0.7272727272727273,0.9486832980505138,0.9743416490252569,,10,STRUCTURE_ONLY
563,428,0.7007575757575758,0.7007575757575758,0.5833333333333334,0.8181818181818182,1.0000000000000002,1.0,,3,STRUCTURE_ONLY
563,654,0.6515151515151515,0.6515151515151515,0.6363636363636364,0.6666666666666666,0.8017837257372731,0.9008918628686365,,7,STRUCTURE_ONLY
563,441,0.5533498759305211,0.5533498759305211,0.46153846153846156,0.6451612903225806,0.8249579113843053,0.9124789556921526,,8,STRUCTURE_ONLY
563,451,0.5454545454545454,0.5454545454545454,0.45454545454545453,0.6363636363636364,0.8944271909999159,0.9472135954999579,,5,STRUCTURE_ONLY
563,376,0.3954171562867215,0.3954171562867215,0.30434782608695654,0.4864864864864865,0.9999999999999998,0.9999999999999999,,5,STRUCTURE_ONLY
563,283,0.3862179487179487,0.3862179487179487,0.23076923076923078,0.5416666666666666,,,,2,STRUCTURE_ONLY
563,418,0.3833333333333333,0.3833333333333333,0.16666666666666666,0.6,0.9486832980505138,0.9743416490252569,,6,STRUCTURE_ONLY
563,579,0.3715277777777778,0.3715277777777778,0.1875,0.5555555555555556,0.8451542547285165,0.9225771273642582,,5,STRUCTURE_ONLY
563,471,0.37126436781609196,0.37126436781609196,0.27586206896551724,0.4666666666666667,0.16666666666666669,0.5833333333333334,,7,STRUCTURE_ONLY
564,350,0.5303030303030303,0.5303030303030303,0.3333333333333333,0.7272727272727273,0.5345224838248487,0.7672612419124243,,7,STRUCTURE_ONLY
564,675,0.5303030303030303,0.5303030303030303,0.3333333333333333,0.7272727272727273,,,,0,STRUCTURE_ONLY
564,6,0.4647058823529412,0.4647058823529412,0.4,0.5294117647058824,0.8451542547285165,0.9225771273642582,,5,STRUCTURE_ONLY
564,167,0.4647058823529412,0.4647058823529412,0.4,0.5294117647058824,0.9432422182837986,0.9716211091418994,,8,STRUCTURE_ONLY
564,419,0.4,0.4,0.5,0.3,0.9428090415820635,0.9714045207910318,,6,STRUCTURE_ONLY
564,202,0.2801724137931034,0.2801724137931034,0.25,0.3103448275862069,0.9999999999999998,0.9999999999999999,,5,STRUCTURE_ONLY
564,172,0.2738095238095238,0.2738095238095238,0.16666666666666666,0.38095238095238093,0.9176629354822469,0.9588314677411234,,10,STRUCTURE_ONLY
564,213,0.2662835249042146,0.2662835249042146,0.2222222222222222,0.3103448275862069,1.0,1.0,,11,STRUCTURE_ONLY
564,327,0.25735294117647056,0.25735294117647056,0.25,0.2647058823529412,1.0,1.0,,5,STRUCTURE_ONLY
564,120,0.2572463768115942,0.2572463768115942,0.16666666666666666,0.34782608695652173,,,,2,STRUCTURE_ONLY
565,612,0.5777777777777777,0.5777777777777777,0.5555555555555556,0.6,0.6804138174397718,0.8402069087198859,,9,STRUCTURE_ONLY
565,505,0.4866666666666667,0.4866666666666667,0.3333333333333333,0.64,0.5809475019311126,0.7904737509655563,,11,STRUCTURE_ONLY
565,366,0.46969696969696967,0.46969696969696967,0.2727272727272727,0.6666666666666666,0.4558423058385518,0.727921152919276,,8,STRUCTURE_ONLY
565,390,0.4611111111111111,0.4611111111111111,0.2222222222222222,0.7,0.8660254037844387,0.9330127018922194,,6,STRUCTURE_ONLY
565,161,0.45555555555555555,0.45555555555555555,0.2777777777777778,0.6333333333333333,,,,2,STRUCTURE_ONLY
565,155,0.44545454545454544,0.44545454545454544,0.3,0.5909090909090909,0.314970394174356,0.657485197087178,,9,STRUCTURE_ONLY
565,755,0.4431818181818182,0.4431818181818182,0.25,0.6363636363636364,,,,0,STRUCTURE_ONLY
565,601,0.43452380952380953,0.43452380952380953,0.25,0.6190476190476191,1.0000000000000002,1.0,,3,STRUCTURE_ONLY
565,411,0.42857142857142855,0.42857142857142855,0.2857142857142857,0.5714285714285714,0.7833494518006403,0.8916747259003202,,8,STRUCTURE_ONLY
565,631,0.42714285714285716,0.42714285714285716,0.21428571428571427,0.64,0.4472135954999579,0.7236067977499789,,3,STRUCTURE_ONLY
566,224,0.4365079365079365,0.4365079365079365,0.42857142857142855,0.4444444444444444,0.5570860145311556,0.7785430072655778,,17,STRUCTURE_ONLY
566,180,0.35,0.35,0.5,0.2,,,,1,STRUCTURE_ONLY
566,338,0.3333333333333333,0.3333333333333333,0.5,0.16666666666666666,,,,2,STRUCTURE_ONLY
566,263,0.3214285714285714,0.3214285714285714,0.5,0.14285714285714285,1.0000000000000002,1.0,,3,STRUCTURE_ONLY
566,555,0.3214285714285714,0.3214285714285714,0.5,0.14285714285714285,0.9999999999999998,0.9999999999999999,,5,STRUCTURE_ONLY
566,176,0.29545454545454547,0.29545454545454547,0.5,0.09090909090909091,0.7071067811865475,0.8535533905932737,,8,STRUCTURE_ONLY
566,207,0.2833333333333333,0.2833333333333333,0.4,0.16666666666666666,,,,1,STRUCTURE_ONLY
566,153,0.2625,0.2625,0.4,0.125,-0.18257418583505536,0.4087129070824723,,9,STRUCTURE_ONLY
566,193,0.2625,0.2625,0.4,0.125,0.8081220356417685,0.9040610178208843,,11,STRUCTURE_ONLY
566,545,0.25555555555555554,0.25555555555555554,0.4,0.1111111111111111,1.0,1.0,,4,STRUCTURE_ONLY
567,268,0.4333333333333333,0.4333333333333333,0.16666666666666666,0.7,,,,0,STRUCTURE_ONLY
567,543,0.4333333333333333,0.4333333333333333,0.16666666666666666,0.7,1.0000000000000002,1.0,,3,STRUCTURE_ONLY
567,701,0.4333333333333333,0.4333333333333333,0.16666666666666666,0.7,,,,0,STRUCTURE_ONLY
567,754,0.4333333333333333,0.4333333333333333,0.16666666666666666,0.7,,,,1,STRUCTURE_ONLY
567,746,0.4214285714285714,0.4214285714285714,0.14285714285714285,0.7,,,,0,STRUCTURE_ONLY
567,727,0.38961038961038963,0.38961038961038963,0.14285714285714285,0.6363636363636364,,,,1,STRUCTURE_ONLY
567,176,0.3806818181818182,0.3806818181818182,0.125,0.6363636363636364,,,,1,STRUCTURE_ONLY
567,329,0.3632478632478633,0.3632478632478633,0.1111111111111111,0.6153846153846154,1.0000000000000002,1.0,,6,STRUCTURE_ONLY
567,530,0.36309523809523814,0.36309523809523814,0.14285714285714285,0.5833333333333334,0.944911182523068,0.972455591261534,,4,STRUCTURE_ONLY
567,686,0.36309523809523814,0.36309523809523814,0.14285714285714285,0.5833333333333334,,,,2,STRUCTURE_ONLY
568,154,0.6617647058823529,0.6617647058823529,0.5,0.8235294117647058,,,,0,STRUCTURE_ONLY
568,52,0.5714285714285714,0.5714285714285714,0.42857142857142855,0.7142857142857143,0.9438798074485389,0.9719399037242695,,5,STRUCTURE_ONLY
568,375,0.565982404692082,0.565982404692082,0.45454545454545453,0.6774193548387096,0.9525793444156805,0.9762896722078402,,6,STRUCTURE_ONLY
568,721,0.5632183908045977,0.5632183908045977,0.3333333333333333,0.7931034482758621,0.9999999999999999,1.0,,7,STRUCTURE_ONLY
568,392,0.5589285714285714,0.5589285714285714,0.375,0.7428571428571429,1.0000000000000002,1.0,,3,STRUCTURE_ONLY
568,50,0.49593495934959353,0.49593495934959353,0.3333333333333333,0.6585365853658537,,,,1,STRUCTURE_ONLY
568,630,0.47980769230769227,0.47980769230769227,0.38461538461538464,0.575,,,,1,STRUCTURE_ONLY
568,513,0.478796169630643,0.478796169630643,0.35294117647058826,0.6046511627906976,0.9428090415820635,0.9714045207910318,,6,STRUCTURE_ONLY
568,679,0.44871794871794873,0.44871794871794873,0.3076923076923077,0.5897435897435898,1.0000000000000002,1.0,,3,STRUCTURE_ONLY
568,79,0.4304812834224599,0.4304812834224599,0.2727272727272727,0.5882352941176471,0.6708203932499369,0.8354101966249685,,8,STRUCTURE_ONLY
570,265,0.5178571428571428,0.5178571428571428,0.2857142857142857,0.75,0.9258200997725514,0.9629100498862757,,7,STRUCTURE_ONLY
570,558,0.47115384615384615,0.47115384615384615,0.25,0.6923076923076923,0.4472135954999579,0.7236067977499789,,5,STRUCTURE_ONLY
570,268,0.45833333333333337,0.45833333333333337,0.3333333333333333,0.5833333333333334,1.0000000000000002,1.0,,3,STRUCTURE_ONLY
570,543,0.45833333333333337,0.45833333333333337,0.3333333333333333,0.5833333333333334,0.8944271909999159,0.9472135954999579,,5,STRUCTURE_ONLY
570,701,0.45833333333333337,0.45833333333333337,0.3333333333333333,0.5833333333333334,0.9428090415820635,0.9714045207910318,,3,STRUCTURE_ONLY
570,754,0.45833333333333337,0.45833333333333337,0.3333333333333333,0.5833333333333334,,,,1,STRUCTURE_ONLY
570,88,0.4368421052631579,0.4368421052631579,0.4,0.47368421052631576,0.8164965809277261,0.9082482904638631,,6,STRUCTURE_ONLY
570,198,0.41758241758241754,0.41758241758241754,0.14285714285714285,0.6923076923076923,0.7745966692414834,0.8872983346207417,,5,STRUCTURE_ONLY
570,746,0.4166666666666667,0.4166666666666667,0.25,0.5833333333333334,,,,0,STRUCTURE_ONLY
570,727,0.3942307692307692,0.3942307692307692,0.25,0.5384615384615384,,,,1,STRUCTURE_ONLY
571,268,0.5681818181818181,0.5681818181818181,0.5,0.6363636363636364,,,,2,STRUCTURE_ONLY
571,543,0.5681818181818181,0.5681818181818181,0.5,0.6363636363636364,,,,2,STRUCTURE_ONLY
571,701,0.5681818181818181,0.5681818181818181,0.5,0.6363636363636364,,,,1,STRUCTURE_ONLY
571,754,0.5681818181818181,0.5681818181818181,0.5,0.6363636363636364,,,,1,STRUCTURE_ONLY
571,746,0.48484848484848486,0.48484848484848486,0.3333333333333333,0.6363636363636364,,,,0,STRUCTURE_ONLY
571,727,0.45833333333333337,0.45833333333333337,0.3333333333333333,0.5833333333333334,,,,1,STRUCTURE_ONLY
571,530,0.4358974358974359,0.4358974358974359,0.3333333333333333,0.5384615384615384,0.9561828874675149,0.9780914437337574,,4,STRUCTURE_ONLY
571,686,0.4358974358974359,0.4358974358974359,0.3333333333333333,0.5384615384615384,1.0000000000000002,1.0,,3,STRUCTURE_ONLY
571,176,0.4166666666666667,0.4166666666666667,0.25,0.5833333333333334,0.33333333333333337,0.6666666666666667,,3,STRUCTURE_ONLY
571,92,0.41666666666666663,0.41666666666666663,0.3333333333333333,0.5,,,,2,STRUCTURE_ONLY
573,414,0.3307692307692308,0.3307692307692308,0.2,0.46153846153846156,,,,0,STRUCTURE_ONLY
573,32,0.3142857142857143,0.3142857142857143,0.2,0.42857142857142855,,,,2,STRUCTURE_ONLY
573,558,0.2875,0.2875,0.2,0.375,,,,1,STRUCTURE_ONLY
573,42,0.2833333333333333,0.2833333333333333,0.16666666666666666,0.4,,,,1,STRUCTURE_ONLY
573,525,0.2833333333333333,0.2833333333333333,0.16666666666666666,0.4,,,,2,STRUCTURE_ONLY
573,44,0.25,0.25,0.125,0.375,,,,0,STRUCTURE_ONLY
573,198,0.25,0.25,0.125,0.375,,,,1,STRUCTURE_ONLY
573,593,0.25,0.25,0.18181818181818182,0.3181818181818182,,,,2,STRUCTURE_ONLY
573,181,0.24122807017543857,0.24122807017543857,0.16666666666666666,0.3157894736842105,1.0000000000000002,1.0,,3,STRUCTURE_ONLY
573,704,0.24122807017543857,0.24122807017543857,0.16666666666666666,0.3157894736842105,,,,1,STRUCTURE_ONLY
574,192,0.49537037037037035,0.49537037037037035,0.25,0.7407407407407407,0.7745966692414834,0.8872983346207417,,6,STRUCTURE_ONLY
574,530,0.4458333333333333,0.4458333333333333,0.6666666666666666,0.225,0.8892972917998876,0.9446486458999438,,13,STRUCTURE_ONLY
574,686,0.4458333333333333,0.4458333333333333,0.6666666666666666,0.225,0.9707253433941511,0.9853626716970756,,4,STRUCTURE_ONLY
574,660,0.42258064516129035,0.42258064516129035,0.2,0.6451612903225806,0.6298438669252061,0.814921933462603,,14,STRUCTURE_ONLY
574,685,0.3625,0.3625,0.5,0.225,0.8866586276648858,0.9433293138324429,,23,STRUCTURE_ONLY
574,715,0.3597560975609756,0.3597560975609756,0.5,0.21951219512195122,0.6735753140545635,0.8367876570272818,,9,STRUCTURE_ONLY
574,512,0.33432171979243885,0.33432171979243885,0.10526315789473684,0.5633802816901409,,,,2,STRUCTURE_ONLY
574,684,0.3229166666666667,0.3229166666666667,0.0,0.6458333333333334,0.8918918918918921,0.945945945945946,,13,STRUCTURE_ONLY
574,717,0.30714285714285716,0.30714285714285716,0.4,0.21428571428571427,0.944911182523068,0.972455591261534,,4,STRUCTURE_ONLY
574,484,0.30392156862745096,0.30392156862745096,0.0,0.6078431372549019,0.9622504486493763,0.9811252243246882,,3,STRUCTURE_ONLY
575,304,0.325,0.325,0.5,0.15,,,,4,STRUCTURE_ONLY
575,423,0.3125,0.3125,0.25,0.375,,,,2,STRUCTURE_ONLY
575,152,0.16228070175438597,0.16228070175438597,0.16666666666666666,0.15789473684210525,0.8660254037844387,0.9330127018922194,,4,STRUCTURE_ONLY
575,325,0.1,0.1,0.0,0.2,0.5252257314388902,0.7626128657194451,,12,STRUCTURE_ONLY
575,227,0.09821428571428571,0.09821428571428571,0.07142857142857142,0.125,,,,2,STRUCTURE_ONLY
575,276,0.07387387387387387,0.07387387387387387,0.06666666666666667,0.08108108108108109,0.6030226891555273,0.8015113445777636,,5,STRUCTURE_ONLY
575,523,0.05,0.05,0.0,0.1,0.4472135954999579,0.7236067977499789,,5,STRUCTURE_ONLY
575,356,0.047619047619047616,0.047619047619047616,0.0,0.09523809523809523,0.8164965809277259,0.9082482904638629,,3,STRUCTURE_ONLY
575,404,0.046296296296296294,0.046296296296296294,0.05555555555555555,0.037037037037037035,,,,1,STRUCTURE_ONLY
575,224,0.045454545454545456,0.045454545454545456,0.0,0.09090909090909091,0.7559289460184544,0.8779644730092272,,5,STRUCTURE_ONLY
576,59,0.4206241519674355,0.4206241519674355,0.36363636363636365,0.47761194029850745,,,,0,STRUCTURE_ONLY
576,463,0.3893154892496709,0.3893154892496709,0.3018867924528302,0.47674418604651164,1.0,1.0,,4,STRUCTURE_ONLY
576,360,0.37597484276729565,0.37597484276729565,0.24528301886792453,0.5066666666666667,0.944911182523068,0.972455591261534,,4,STRUCTURE_ONLY
576,259,0.35761991499696416,0.35761991499696416,0.19672131147540983,0.5185185185185185,1.0000000000000002,1.0,,3,STRUCTURE_ONLY
576,460,0.35398402493668424,0.35398402493668424,0.2711864406779661,0.4367816091954023,1.0,1.0,,4,STRUCTURE_ONLY
576,223,0.34091675092686213,0.34091675092686213,0.23255813953488372,0.4492753623188406,1.0,1.0,,4,STRUCTURE_ONLY
576,295,0.31644966656081297,0.31644966656081297,0.1702127659574468,0.4626865671641791,0.8451542547285165,0.9225771273642582,,7,STRUCTURE_ONLY
576,65,0.3154841588576528,0.3154841588576528,0.18518518518518517,0.4457831325301205,0.8944271909999159,0.9472135954999579,,5,STRUCTURE_ONLY
576,468,0.31311586816173975,0.31311586816173975,0.25925925925925924,0.3669724770642202,1.0000000000000002,1.0,,3,STRUCTURE_ONLY
576,50,0.29343971631205673,0.29343971631205673,0.1702127659574468,0.4166666666666667,,,,2,STRUCTURE_ONLY
577,69,0.703125,0.703125,0.625,0.78125,0.7925939239012171,0.8962969619506085,,9,STRUCTURE_ONLY
577,583,0.6574074074074074,0.6574074074074074,0.5,0.8148148148148148,0.944911182523068,0.972455591261534,,4,STRUCTURE_ONLY
577,110,0.6293103448275862,0.6293103448275862,0.5,0.7586206896551724,0.7071067811865475,0.8535533905932737,,5,STRUCTURE_ONLY
577,377,0.5454545454545454,0.5454545454545454,0.3333333333333333,0.7575757575757576,,,,2,STRUCTURE_ONLY
577,127,0.5086206896551724,0.5086206896551724,0.5,0.5172413793103449,0.7745966692414834,0.8872983346207417,,5,STRUCTURE_ONLY
577,410,0.5079365079365079,0.5079365079365079,0.5714285714285714,0.4444444444444444,0.9128709291752769,0.9564354645876385,,6,STRUCTURE_ONLY
577,694,0.5053475935828877,0.5053475935828877,0.36363636363636365,0.6470588235294118,1.0000000000000002,1.0,,3,STRUCTURE_ONLY
577,712,0.5,0.5,0.3333333333333333,0.6666666666666666,,,,1,STRUCTURE_ONLY
577,234,0.49910714285714286,0.49910714285714286,0.3125,0.6857142857142857,0.8616404368553293,0.9308202184276646,,9,STRUCTURE_ONLY
577,222,0.493116395494368,0.493116395494368,0.4117647058823529,0.574468085106383,1.0,1.0,,4,STRUCTURE_ONLY
578,154,0.48274253731343286,0.48274253731343286,0.5625,0.40298507462686567,0.9622504486493763,0.9811252243246882,,3,STRUCTURE_ONLY
578,568,0.3907203907203907,0.3907203907203907,0.38461538461538464,0.3968253968253968,0.9999999999999998,0.9999999999999999,,8,STRUCTURE_ONLY
578,638,0.388823297914207,0.388823297914207,0.38095238095238093,0.39669421487603307,0.8954430086935637,0.9477215043467819,,13,STRUCTURE_ONLY
578,241,0.38847117794486213,0.38847117794486213,0.2857142857142857,0.49122807017543857,0.6201288055137115,0.8100644027568558,,102,STRUCTURE_ONLY
578,50,0.3849315068493151,0.3849315068493151,0.4,0.3698630136986301,0.8888888888888888,0.9444444444444444,,6,STRUCTURE_ONLY
578,679,0.38115942028985506,0.38115942028985506,0.4,0.36231884057971014,0.7921180343813395,0.8960590171906697,,8,STRUCTURE_ONLY
578,280,0.38095238095238093,0.38095238095238093,0.42857142857142855,0.3333333333333333,0.7715167498104595,0.8857583749052298,,14,STRUCTURE_ONLY
578,721,0.35519125683060104,0.35519125683060104,0.3333333333333333,0.3770491803278688,0.6634034720037775,0.8317017360018888,,17,STRUCTURE_ONLY
578,690,0.3494318181818182,0.3494318181818182,0.4375,0.26136363636363635,0.8587538611150074,0.9293769305575037,,17,STRUCTURE_ONLY
578,137,0.341765873015873,0.341765873015873,0.35714285714285715,0.3263888888888889,0.7795794428691073,0.8897897214345536,,34,STRUCTURE_ONLY
579,479,0.5238095238095238,0.5238095238095238,0.3333333333333333,0.7142857142857143,,,,2,STRUCTURE_ONLY
579,418,0.5136363636363637,0.5136363636363637,0.3,0.7272727272727273,0.9525793444156805,0.9762896722078402,,9,STRUCTURE_ONLY
579,129,0.5071428571428571,0.5071428571428571,0.3,0.7142857142857143,0.8164965809277259,0.9082482904638629,,5,STRUCTURE_ONLY
579,47,0.5,0.5,0.3333333333333333,0.6666666666666666,0.6052275326688025,0.8026137663344013,,15,STRUCTURE_ONLY
579,130,0.4866666666666667,0.4866666666666667,0.3333333333333333,0.64,0.9230769230769232,0.9615384615384617,,10,STRUCTURE_ONLY
579,149,0.48376623376623373,0.48376623376623373,0.2857142857142857,0.6818181818181818,0.8427009716003846,0.9213504858001923,,17,STRUCTURE_ONLY
579,631,0.47435897435897434,0.47435897435897434,0.3333333333333333,0.6153846153846154,0.8838834764831843,0.9419417382415922,,5,STRUCTURE_ONLY
579,88,0.46818181818181814,0.46818181818181814,0.3,0.6363636363636364,0.7171371656006361,0.858568582800318,,11,STRUCTURE_ONLY
579,24,0.46218487394957986,0.46218487394957986,0.35294117647058826,0.5714285714285714,0.5128776445321725,0.7564388222660863,,17,STRUCTURE_ONLY
579,466,0.458974358974359,0.458974358974359,0.38461538461538464,0.5333333333333333,0.9428090415820635,0.9714045207910318,,3,STRUCTURE_ONLY
580,528,0.1625,0.1625,0.2,0.125,,,,2,STRUCTURE_ONLY
580,691,0.14583333333333331,0.14583333333333331,0.16666666666666666,0.125,,,,2,STRUCTURE_ONLY
580,446,0.033516483516483515,0.033516483516483515,0.038461538461538464,0.02857142857142857,,,,0,STRUCTURE_ONLY
581,379,0.4753846153846154,0.4753846153846154,0.23076923076923078,0.72,0.8807048459279794,0.9403524229639897,,14,STRUCTURE_ONLY
581,82,0.4375,0.4375,0.5,0.375,0.8429272304235247,0.9214636152117623,,15,STRUCTURE_ONLY
581,258,0.3287037037037037,0.3287037037037037,0.25,0.4074074074074074,0.8869685939836239,0.943484296991812,,14,STRUCTURE_ONLY
581,652,0.3101851851851852,0.3101851851851852,0.25,0.37037037037037035,0.9468641529479987,0.9734320764739994,,11,STRUCTURE_ONLY
581,334,0.3088972431077694,0.3088972431077694,0.38095238095238093,0.23684210526315788,0.9165151389911679,0.9582575694955839,,17,STRUCTURE_ONLY
581,433,0.2980769230769231,0.2980769230769231,0.1794871794871795,0.4166666666666667,0.8696263565463043,0.9348131782731521,,11,STRUCTURE_ONLY
581,516,0.25666666666666665,0.25666666666666665,0.18,0.3333333333333333,0.9659092088013584,0.9829546044006792,,12,STRUCTURE_ONLY
581,605,0.24554367201426025,0.24554367201426025,0.29411764705882354,0.19696969696969696,1.0000000000000002,1.0,,3,STRUCTURE_ONLY
581,79,0.2422779922779923,0.2422779922779923,0.21428571428571427,0.2702702702702703,0.857690027870236,0.928845013935118,,17,STRUCTURE_ONLY
581,648,0.22507122507122507,0.22507122507122507,0.15384615384615385,0.2962962962962963,0.9561828874675149,0.9780914437337574,,11,STRUCTURE_ONLY
583,611,0.6699999999999999,0.6699999999999999,0.5,0.84,0.944911182523068,0.972455591261534,,4,STRUCTURE_ONLY
583,577,0.6574074074074074,0.6574074074074074,0.5,0.8148148148148148,0.944911182523068,0.972455591261534,,4,STRUCTURE_ONLY
583,712,0.6142857142857143,0.6142857142857143,0.42857142857142855,0.8,,,,1,STRUCTURE_ONLY
583,339,0.5939393939393939,0.5939393939393939,0.45454545454545453,0.7333333333333333,0.9525793444156805,0.9762896722078402,,3,STRUCTURE_ONLY
583,674,0.5846560846560847,0.5846560846560847,0.42857142857142855,0.7407407407407407,0.944911182523068,0.972455591261534,,4,STRUCTURE_ONLY
583,282,0.5584415584415584,0.5584415584415584,0.5714285714285714,0.5454545454545454,,,,0,STRUCTURE_ONLY
583,531,0.5578703703703703,0.5578703703703703,0.375,0.7407407407407407,0.8164965809277259,0.9082482904638629,,5,STRUCTURE_ONLY
583,57,0.5484848484848485,0.5484848484848485,0.36363636363636365,0.7333333333333333,0.944911182523068,0.972455591261534,,4,STRUCTURE_ONLY
583,114,0.5333333333333333,0.5333333333333333,0.3333333333333333,0.7333333333333333,0.9486832980505138,0.9743416490252569,,5,STRUCTURE_ONLY
583,544,0.5318181818181817,0.5318181818181817,0.36363636363636365,0.7,0.8164965809277259,0.9082482904638629,,3,STRUCTURE_ONLY
584,591,0.49810606060606055,0.49810606060606055,0.45454545454545453,0.5416666666666666,,,,0,STRUCTURE_ONLY
584,282,0.43939393939393934,0.43939393939393934,0.3333333333333333,0.5454545454545454,,,,0,STRUCTURE_ONLY
584,306,0.39723320158102765,0.39723320158102765,0.2727272727272727,0.5217391304347826,,,,1,STRUCTURE_ONLY
584,89,0.385,0.385,0.25,0.52,,,,2,STRUCTURE_ONLY
584,139,0.3833333333333333,0.3833333333333333,0.26666666666666666,0.5,,,,2,STRUCTURE_ONLY
584,265,0.3753846153846154,0.3753846153846154,0.23076923076923078,0.52,0.7745966692414834,0.8872983346207417,,4,STRUCTURE_ONLY
584,648,0.375,0.375,0.25,0.5,,,,1,STRUCTURE_ONLY
584,134,0.3729166666666667,0.3729166666666667,0.3125,0.43333333333333335,,,,2,STRUCTURE_ONLY
584,583,0.3693181818181818,0.3693181818181818,0.36363636363636365,0.375,,,,2,STRUCTURE_ONLY
584,465,0.3666666666666667,0.3666666666666667,0.3333333333333333,0.4,,,,2,STRUCTURE_ONLY
585,205,0.4982078853046595,0.4982078853046595,0.2222222222222222,0.7741935483870968,1.0000000000000002,1.0,,3,STRUCTURE_ONLY
585,378,0.4976958525345622,0.4976958525345622,0.2857142857142857,0.7096774193548387,1.0000000000000002,1.0,,3,STRUCTURE_ONLY
585,495,0.47931034482758617,0.47931034482758617,0.2,0.7586206896551724,0.5773502691896258,0.7886751345948129,,3,STRUCTURE_ONLY
585,282,0.4722222222222222,0.4722222222222222,0.5,0.4444444444444444,,,,0,STRUCTURE_ONLY
585,465,0.46212121212121215,0.46212121212121215,0.5,0.42424242424242425,0.9622504486493763,0.9811252243246882,,3,STRUCTURE_ONLY
585,591,0.45,0.45,0.5,0.4,,,,0,STRUCTURE_ONLY
585,583,0.44787644787644787,0.44787644787644787,0.5714285714285714,0.32432432432432434,,,,0,STRUCTURE_ONLY
585,306,0.42857142857142855,0.42857142857142855,0.42857142857142855,0.42857142857142855,,,,0,STRUCTURE_ONLY
585,280,0.40384615384615385,0.40384615384615385,0.5,0.3076923076923077,,,,0,STRUCTURE_ONLY
585,383,0.39869281045751637,0.39869281045751637,0.4444444444444444,0.35294117647058826,,,,0,STRUCTURE_ONLY
586,533,0.7377622377622377,0.7377622377622377,0.5909090909090909,0.8846153846153846,0.8970852271450606,0.9485426135725303,,9,STRUCTURE_ONLY
586,511,0.5757575757575758,0.5757575757575758,0.45454545454545453,0.696969696969697,0.9393364366277241,0.9696682183138621,,14,STRUCTURE_ONLY
586,256,0.5703703703703704,0.5703703703703704,0.4,0.7407407407407407,0.9473729613780999,0.97368648068905,,8,STRUCTURE_ONLY
586,496,0.5576923076923077,0.5576923076923077,0.38461538461538464,0.7307692307692307,0.5773502691896258,0.7886751345948129,,6,STRUCTURE_ONLY
586,488,0.5549999999999999,0.5549999999999999,0.36,0.75,0.9682458365518541,0.984122918275927,,13,STRUCTURE_ONLY
586,673,0.5514705882352942,0.5514705882352942,0.35294117647058826,0.75,0.9095085938862486,0.9547542969431243,,11,STRUCTURE_ONLY
586,593,0.5486111111111112,0.5486111111111112,0.3888888888888889,0.7083333333333334,0.95,0.975,,10,STRUCTURE_ONLY
586,295,0.5282021151586369,0.5282021151586369,0.43478260869565216,0.6216216216216216,0.9363821838346237,0.9681910919173118,,18,STRUCTURE_ONLY
586,62,0.5061576354679803,0.5061576354679803,0.35714285714285715,0.6551724137931034,0.9245003270420487,0.9622501635210243,,7,STRUCTURE_ONLY
586,604,0.504359197907585,0.504359197907585,0.3870967741935484,0.6216216216216216,,,,1,STRUCTURE_ONLY
587,565,0.305,0.305,0.25,0.36,0.40824829046386296,0.7041241452319315,,6,STRUCTURE_ONLY
587,424,0.2556390977443609,0.2556390977443609,0.14285714285714285,0.3684210526315789,1.0000000000000002,1.0,,6,STRUCTURE_ONLY
587,612,0.2357142857142857,0.2357142857142857,0.21428571428571427,0.2571428571428571,0.9561828874675149,0.9780914437337574,,4,STRUCTURE_ONLY
587,670,0.2222222222222222,0.2222222222222222,0.1111111111111111,0.3333333333333333,,,,0,STRUCTURE_ONLY
587,710,0.21969696969696967,0.21969696969696967,0.16666666666666666,0.2727272727272727,,,,1,STRUCTURE_ONLY
587,359,0.2121212121212121,0.2121212121212121,0.09090909090909091,0.3333333333333333,0.8744746321952063,0.9372373160976031,,10,STRUCTURE_ONLY
587,729,0.20789473684210524,0.20789473684210524,0.1,0.3157894736842105,0.6396021490668313,0.8198010745334157,,5,STRUCTURE_ONLY
587,718,0.19215686274509802,0.19215686274509802,0.11764705882352941,0.26666666666666666,,,,0,STRUCTURE_ONLY
587,557,0.19125,0.19125,0.0625,0.32,0.4743416490252569,0.7371708245126285,,7,STRUCTURE_ONLY
587,633,0.18458781362007168,0.18458781362007168,0.1111111111111111,0.25806451612903225,0.9486832980505138,0.9743416490252569,,4,STRUCTURE_ONLY
589,606,0.47989714820009355,0.47989714820009355,0.2608695652173913,0.6989247311827957,0.9128709291752769,0.9564354645876385,,12,STRUCTURE_ONLY
589,682,0.28213507625272327,0.28213507625272327,0.07407407407407407,0.49019607843137253,0.8999999999999998,0.95,,4,STRUCTURE_ONLY
589,510,0.27029220779220775,0.27029220779220775,0.14285714285714285,0.3977272727272727,,,,1,STRUCTURE_ONLY
589,249,0.2560096153846154,0.2560096153846154,0.15625,0.3557692307692308,0.8488746876271654,0.9244373438135827,,5,STRUCTURE_ONLY
589,98,0.254312251216276,0.254312251216276,0.10526315789473684,0.40336134453781514,0.9468641529479987,0.9734320764739994,,8,STRUCTURE_ONLY
589,505,0.24512987012987014,0.24512987012987014,0.2857142857142857,0.20454545454545456,0.9486832980505138,0.9743416490252569,,11,STRUCTURE_ONLY
589,53,0.23882805563776266,0.23882805563776266,0.12903225806451613,0.3486238532110092,0.9701425001453319,0.9850712500726659,,5,STRUCTURE_ONLY
589,446,0.22958257713248637,0.22958257713248637,0.13157894736842105,0.3275862068965517,,,,2,STRUCTURE_ONLY
589,155,0.2198142414860681,0.2198142414860681,0.2631578947368421,0.17647058823529413,-0.3928571428571428,0.3035714285714286,,10,STRUCTURE_ONLY
589,75,0.20980825958702065,0.20980825958702065,0.08333333333333333,0.336283185840708,,,,2,STRUCTURE_ONLY
590,239,0.6888888888888889,0.6888888888888889,0.6,0.7777777777777778,1.0,1.0,,4,STRUCTURE_ONLY
590,410,0.5,0.5,0.3333333333333333,0.6666666666666666,0.6454972243679028,0.8227486121839513,,9,STRUCTURE_ONLY
590,530,0.5,0.5,0.5,0.5,,,,1,STRUCTURE_ONLY
590,686,0.5,0.5,0.5,0.5,,,,1,STRUCTURE_ONLY
590,366,0.47619047619047616,0.47619047619047616,0.3333333333333333,0.6190476190476191,0.7559289460184544,0.8779644730092272,,7,STRUCTURE_ONLY
590,359,0.47500000000000003,0.47500000000000003,0.4,0.55,0.8006407690254358,0.9003203845127179,,7,STRUCTURE_ONLY
590,492,0.45238095238095233,0.45238095238095233,0.3333333333333333,0.5714285714285714,0.8944271909999159,0.9472135954999579,,5,STRUCTURE_ONLY
590,685,0.45,0.45,0.4,0.5,0.6285393610547089,0.8142696805273544,,13,STRUCTURE_ONLY
590,41,0.44166666666666665,0.44166666666666665,0.3333333333333333,0.55,,,,2,STRUCTURE_ONLY
590,715,0.4368421052631579,0.4368421052631579,0.4,0.47368421052631576,1.0000000000000002,1.0,,7,STRUCTURE_ONLY
591,282,0.65,0.65,0.5,0.8,,,,0,STRUCTURE_ONLY
591,306,0.5892857142857143,0.5892857142857143,0.42857142857142855,0.75,,,,0,STRUCTURE_ONLY
591,48,0.5767543859649122,0.5767543859649122,0.4166666666666667,0.7368421052631579,,,,0,STRUCTURE_ONLY
591,486,0.5490196078431372,0.5490196078431372,0.3333333333333333,0.7647058823529411,,,,1,STRUCTURE_ONLY
591,226,0.5429292929292929,0.5429292929292929,0.36363636363636365,0.7222222222222222,0.5773502691896258,0.7886751345948129,,3,STRUCTURE_ONLY
591,648,0.5404411764705883,0.5404411764705883,0.375,0.7058823529411765,,,,0,STRUCTURE_ONLY
591,583,0.5257142857142857,0.5257142857142857,0.5714285714285714,0.48,,,,0,STRUCTURE_ONLY
591,465,0.5108695652173914,0.5108695652173914,0.5,0.5217391304347826,,,,0,STRUCTURE_ONLY
591,89,0.5032894736842105,0.5032894736842105,0.375,0.631578947368421,,,,0,STRUCTURE_ONLY
591,558,0.5,0.5,0.3333333333333333,0.6666666666666666,,,,0,STRUCTURE_ONLY
593,586,0.5486111111111112,0.5486111111111112,0.3888888888888889,0.7083333333333334,0.95,0.975,,10,STRUCTURE_ONLY
593,488,0.5438596491228069,0.5438596491228069,0.42105263157894735,0.6666666666666666,0.9165444688834582,0.9582722344417292,,16,STRUCTURE_ONLY
593,533,0.54,0.54,0.4,0.68,0.9647638212377322,0.982381910618866,,7,STRUCTURE_ONLY
593,496,0.48214285714285715,0.48214285714285715,0.38095238095238093,0.5833333333333334,0.5720775535473553,0.7860387767736776,,8,STRUCTURE_ONLY
593,673,0.4487179487179487,0.4487179487179487,0.23076923076923078,0.6666666666666666,0.9449111825230682,0.972455591261534,,9,STRUCTURE_ONLY
593,62,0.4331723027375201,0.4331723027375201,0.34782608695652173,0.5185185185185185,0.8748177652797066,0.9374088826398532,,12,STRUCTURE_ONLY
593,648,0.4113636363636364,0.4113636363636364,0.2727272727272727,0.55,0.9074852129730302,0.9537426064865151,,8,STRUCTURE_ONLY
593,511,0.40625,0.40625,0.28125,0.53125,0.8172694126965067,0.9086347063482534,,21,STRUCTURE_ONLY
593,558,0.40522875816993464,0.40522875816993464,0.2222222222222222,0.5882352941176471,0.7745966692414834,0.8872983346207417,,6,STRUCTURE_ONLY
593,179,0.39522058823529416,0.39522058823529416,0.35294117647058826,0.4375,0.558156305651438,0.779078152825719,,11,STRUCTURE_ONLY
595,101,0.4659755449229133,0.4659755449229133,0.3157894736842105,0.6161616161616161,0.7239227659930269,0.8619613829965134,,14,STRUCTURE_ONLY
595,200,0.412842190016103,0.412842190016103,0.2608695652173913,0.5648148148148148,0.7777777777777779,0.888888888888889,,9,STRUCTURE_ONLY
595,709,0.3080357142857143,0.3080357142857143,0.1875,0.42857142857142855,0.8743856497851875,0.9371928248925938,,12,STRUCTURE_ONLY
595,77,0.3,0.3,0.14285714285714285,0.45714285714285713,,,,1,STRUCTURE_ONLY
595,526,0.28165007112375534,0.28165007112375534,0.15789473684210525,0.40540540540540543,0.847822751996795,0.9239113759983975,,13,STRUCTURE_ONLY
595,513,0.2769607843137255,0.2769607843137255,0.25,0.30392156862745096,0.8574929257125442,0.928746462856272,,12,STRUCTURE_ONLY
595,690,0.2663793103448276,0.2663793103448276,0.3,0.23275862068965517,0.8486684247915056,0.9243342123957528,,6,STRUCTURE_ONLY
595,678,0.2638888888888889,0.2638888888888889,0.2777777777777778,0.25,0.9438798074485389,0.9719399037242695,,5,STRUCTURE_ONLY
595,676,0.235,0.235,0.25,0.22,0.9561828874675149,0.9780914437337574,,5,STRUCTURE_ONLY
595,599,0.23138297872340424,0.23138297872340424,0.25,0.2127659574468085,0.8333333333333335,0.9166666666666667,,4,STRUCTURE_ONLY
598,297,0.6607142857142857,0.6607142857142857,0.5714285714285714,0.75,,,,2,STRUCTURE_ONLY
598,45,0.5108695652173914,0.5108695652173914,0.5,0.5217391304347826,1.0000000000000002,1.0,,3,STRUCTURE_ONLY
598,508,0.5,0.5,0.2857142857142857,0.7142857142857143,,,,1,STRUCTURE_ONLY
598,36,0.48214285714285715,0.48214285714285715,0.25,0.7142857142857143,,,,2,STRUCTURE_ONLY
598,282,0.46825396825396826,0.46825396825396826,0.2222222222222222,0.7142857142857143,,,,0,STRUCTURE_ONLY
598,625,0.4583333333333333,0.4583333333333333,0.25,0.6666666666666666,,,,2,STRUCTURE_ONLY
598,264,0.45535714285714285,0.45535714285714285,0.2857142857142857,0.625,1.0000000000000002,1.0,,3,STRUCTURE_ONLY
598,618,0.4444444444444444,0.4444444444444444,0.2222222222222222,0.6666666666666666,,,,2,STRUCTURE_ONLY
598,636,0.4375,0.4375,0.25,0.625,,,,2,STRUCTURE_ONLY
598,648,0.4375,0.4375,0.25,0.625,,,,1,STRUCTURE_ONLY
599,531,0.7971428571428572,0.7971428571428572,0.7142857142857143,0.88,0.9826073688810351,0.9913036844405175,,9,STRUCTURE_ONLY
599,637,0.6101190476190476,0.6101190476190476,0.42857142857142855,0.7916666666666666,0.9761870601839528,0.9880935300919764,,5,STRUCTURE_ONLY
599,16,0.5875,0.5875,0.375,0.8,0.9707253433941511,0.9853626716970756,,4,STRUCTURE_ONLY
599,321,0.5793650793650793,0.5793650793650793,0.4444444444444444,0.7142857142857143,0.9428090415820635,0.9714045207910318,,3,STRUCTURE_ONLY
599,676,0.5625,0.5625,0.5,0.625,1.0,1.0,,5,STRUCTURE_ONLY
599,694,0.55,0.55,0.4,0.7,0.9622504486493763,0.9811252243246882,,3,STRUCTURE_ONLY
599,324,0.5416666666666666,0.5416666666666666,0.3333333333333333,0.75,0.5477225575051661,0.773861278752583,,3,STRUCTURE_ONLY
599,326,0.538961038961039,0.538961038961039,0.36363636363636365,0.7142857142857143,0.33968311024337877,0.6698415551216894,,9,STRUCTURE_ONLY
599,674,0.5267857142857143,0.5267857142857143,0.375,0.6785714285714286,0.9761870601839528,0.9880935300919764,,5,STRUCTURE_ONLY
599,444,0.5037593984962406,0.5037593984962406,0.42857142857142855,0.5789473684210527,0.7620007620011432,0.8810003810005715,,13,STRUCTURE_ONLY
601,155,0.65625,0.65625,0.375,0.9375,,,,2,STRUCTURE_ONLY
601,47,0.5625,0.5625,0.375,0.75,0.9486832980505138,0.9743416490252569,,4,STRUCTURE_ONLY
601,411,0.5529411764705883,0.5529411764705883,0.4,0.7058823529411765,,,,2,STRUCTURE_ONLY
601,530,0.55,0.55,0.5,0.6,,,,2,STRUCTURE_ONLY
601,686,0.55,0.55,0.5,0.6,,,,1,STRUCTURE_ONLY
601,36,0.5428571428571429,0.5428571428571429,0.2857142857142857,0.8,1.0000000000000002,1.0,,3,STRUCTURE_ONLY
601,462,0.5416666666666666,0.5416666666666666,0.3333333333333333,0.75,1.0000000000000002,1.0,,3,STRUCTURE_ONLY
601,88,0.5277777777777778,0.5277777777777778,0.3333333333333333,0.7222222222222222,0.7745966692414834,0.8872983346207417,,3,STRUCTURE_ONLY
601,129,0.5277777777777778,0.5277777777777778,0.3333333333333333,0.7222222222222222,,,,2,STRUCTURE_ONLY
601,390,0.5252100840336134,0.5252100840336134,0.2857142857142857,0.7647058823529411,,,,1,STRUCTURE_ONLY
602,85,0.5833333333333333,0.5833333333333333,0.5,0.6666666666666666,0.9525793444156805,0.9762896722078402,,6,STRUCTURE_ONLY
602,457,0.15476190476190477,0.15476190476190477,0.16666666666666666,0.14285714285714285,0.9128709291752769,0.9564354645876385,,12,STRUCTURE_ONLY
602,250,0.14835164835164835,0.14835164835164835,0.14285714285714285,0.15384615384615385,0.9561828874675149,0.9780914437337574,,7,STRUCTURE_ONLY
602,156,0.12878787878787878,0.12878787878787878,0.09090909090909091,0.16666666666666666,0.9152086306448589,0.9576043153224294,,11,STRUCTURE_ONLY
602,476,0.125,0.125,0.0,0.25,0.7071067811865475,0.8535533905932737,,4,STRUCTURE_ONLY
602,68,0.08333333333333333,0.08333333333333333,0.0,0.16666666666666666,0.9045340337332909,0.9522670168666454,,5,STRUCTURE_ONLY
602,414,0.0625,0.0625,0.0,0.125,,,,2,STRUCTURE_ONLY
602,445,0.0625,0.0625,0.0,0.125,0.8609460320922785,0.9304730160461392,,10,STRUCTURE_ONLY
602,208,0.05,0.05,0.05,0.05,0.5773502691896258,0.7886751345948129,,3,STRUCTURE_ONLY
602,224,0.05,0.05,0.0,0.1,0.38138503569823695,0.6906925178491184,,7,STRUCTURE_ONLY
603,339,0.602787456445993,0.602787456445993,0.5714285714285714,0.6341463414634146,0.0,0.5,,9,STRUCTURE_ONLY
603,690,0.5523809523809524,0.5523809523809524,0.5333333333333333,0.5714285714285714,0.4999999999999999,0.75,,5,STRUCTURE_ONLY
603,444,0.5277777777777778,0.5277777777777778,0.3888888888888889,0.6666666666666666,-0.11180339887498948,0.44409830056250527,,12,STRUCTURE_ONLY
603,583,0.5245700245700246,0.5245700245700246,0.45454545454545453,0.5945945945945946,,,,0,STRUCTURE_ONLY
603,678,0.4920634920634921,0.4920634920634921,0.42857142857142855,0.5555555555555556,0.7071067811865475,0.8535533905932737,,3,STRUCTURE_ONLY
603,244,0.48849104859335035,0.48849104859335035,0.4117647058823529,0.5652173913043478,0.5477225575051661,0.773861278752583,,6,STRUCTURE_ONLY
603,466,0.4825783972125436,0.4825783972125436,0.42857142857142855,0.5365853658536586,,,,0,STRUCTURE_ONLY
603,544,0.48125,0.48125,0.3125,0.65,0.0,0.5,,9,STRUCTURE_ONLY
603,114,0.46656976744186046,0.46656976744186046,0.375,0.5581395348837209,0.14433756729740646,0.5721687836487033,,8,STRUCTURE_ONLY
603,711,0.4547619047619048,0.4547619047619048,0.26666666666666666,0.6428571428571429,,,,1,STRUCTURE_ONLY
604,126,0.6111111111111112,0.6111111111111112,0.4444444444444444,0.7777777777777778,0.140028008402801,0.5700140042014005,,5,STRUCTURE_ONLY
604,289,0.596953578336557,0.596953578336557,0.48936170212765956,0.7045454545454546,0.23570226039551587,0.617851130197758,,6,STRUCTURE_ONLY
604,482,0.5652173913043479,0.5652173913043479,0.5,0.6304347826086957,0.3333333333333333,0.6666666666666666,,3,STRUCTURE_ONLY
604,533,0.5445670628183361,0.5445670628183361,0.4838709677419355,0.6052631578947368,-0.2834733547569204,0.3582633226215398,,5,STRUCTURE_ONLY
604,376,0.5335497835497836,0.5335497835497836,0.42424242424242425,0.6428571428571429,0.0,0.5,,3,STRUCTURE_ONLY
604,511,0.5102098695405559,0.5102098695405559,0.43902439024390244,0.5813953488372093,-0.2357022603955158,0.3821488698022421,,3,STRUCTURE_ONLY
604,496,0.5080645161290323,0.5080645161290323,0.5161290322580645,0.5,,,,2,STRUCTURE_ONLY
604,586,0.504359197907585,0.504359197907585,0.3870967741935484,0.6216216216216216,,,,1,STRUCTURE_ONLY
604,488,0.5,0.5,0.5,0.5,0.4472135954999579,0.7236067977499789,,4,STRUCTURE_ONLY
604,62,0.47413155949741315,0.47413155949741315,0.48484848484848486,0.4634146341463415,,,,0,STRUCTURE_ONLY
605,319,0.26436781609195403,0.26436781609195403,0.16666666666666666,0.3620689655172414,0.9622504486493763,0.9811252243246882,,3,STRUCTURE_ONLY
605,581,0.24554367201426025,0.24554367201426025,0.29411764705882354,0.19696969696969696,1.0000000000000002,1.0,,3,STRUCTURE_ONLY
605,60,0.24444444444444444,0.24444444444444444,0.1111111111111111,0.37777777777777777,0.6546536707079772,0.8273268353539887,,4,STRUCTURE_ONLY
605,334,0.23831070889894418,0.23831070889894418,0.19230769230769232,0.28431372549019607,0.6324555320336759,0.816227766016838,,5,STRUCTURE_ONLY
605,82,0.17638888888888887,0.17638888888888887,0.20833333333333334,0.14444444444444443,0.7745966692414834,0.8872983346207417,,5,STRUCTURE_ONLY
605,258,0.17336309523809523,0.17336309523809523,0.15625,0.19047619047619047,0.29814239699997197,0.649071198499986,,8,STRUCTURE_ONLY
605,379,0.16856060606060608,0.16856060606060608,0.125,0.21212121212121213,0.40824829046386296,0.7041241452319315,,4,STRUCTURE_ONLY
605,433,0.12956810631229235,0.12956810631229235,0.11627906976744186,0.14285714285714285,0.7071067811865475,0.8535533905932737,,4,STRUCTURE_ONLY
605,516,0.11817226890756302,0.11817226890756302,0.08928571428571429,0.14705882352941177,0.8164965809277259,0.9082482904638629,,3,STRUCTURE_ONLY
605,455,0.09376344086021506,0.09376344086021506,0.08,0.10752688172043011,,,,3,STRUCTURE_ONLY
606,589,0.47989714820009355,0.47989714820009355,0.2608695652173913,0.6989247311827957,0.9128709291752769,0.9564354645876385,,12,STRUCTURE_ONLY
606,682,0.3875205254515599,0.3875205254515599,0.14285714285714285,0.632183908045977,0.9499999999999998,0.9749999999999999,,8,STRUCTURE_ONLY
606,446,0.36802721088435375,0.36802721088435375,0.26666666666666666,0.46938775510204084,0.9428090415820635,0.9714045207910318,,3,STRUCTURE_ONLY
606,249,0.36777777777777776,0.36777777777777776,0.28,0.45555555555555555,0.9058216273156767,0.9529108136578384,,7,STRUCTURE_ONLY
606,280,0.3447368421052632,0.3447368421052632,0.4,0.2894736842105263,0.9285714285714286,0.9642857142857143,,5,STRUCTURE_ONLY
606,53,0.31354166666666666,0.31354166666666666,0.2,0.4270833333333333,0.9438798074485389,0.9719399037242695,,5,STRUCTURE_ONLY
606,333,0.2760243632336655,0.2760243632336655,0.23809523809523808,0.313953488372093,0.9163419338230352,0.9581709669115176,,9,STRUCTURE_ONLY
606,679,0.27496580027359785,0.27496580027359785,0.29411764705882354,0.2558139534883721,1.0,1.0,,4,STRUCTURE_ONLY
606,510,0.2740134028294862,0.2740134028294862,0.11764705882352941,0.43037974683544306,,,,2,STRUCTURE_ONLY
606,23,0.26136363636363635,0.26136363636363635,0.125,0.3977272727272727,0.9525793444156805,0.9762896722078402,,9,STRUCTURE_ONLY
607,712,0.4175627240143369,0.4175627240143369,0.2222222222222222,0.6129032258064516,,,,2,STRUCTURE_ONLY
607,583,0.4014336917562724,0.4014336917562724,0.2222222222222222,0.5806451612903226,,,,2,STRUCTURE_ONLY
607,637,0.39919354838709675,0.39919354838709675,0.25,0.5483870967741935,0.8944271909999159,0.9472135954999579,,7,STRUCTURE_ONLY
607,16,0.3923611111111111,0.3923611111111111,0.2222222222222222,0.5625,1.0,1.0,,4,STRUCTURE_ONLY
607,86,0.390625,0.390625,0.25,0.53125,,,,2,STRUCTURE_ONLY
607,324,0.3833333333333333,0.3833333333333333,0.2,0.5666666666666667,0.9999999999999998,0.9999999999999999,,5,STRUCTURE_ONLY
607,397,0.38257575757575757,0.38257575757575757,0.25,0.5151515151515151,,,,2,STRUCTURE_ONLY
607,674,0.3758169934640523,0.3758169934640523,0.2222222222222222,0.5294117647058824,0.944911182523068,0.972455591261534,,4,STRUCTURE_ONLY
607,544,0.37142857142857144,0.37142857142857144,0.14285714285714285,0.6,0.8215838362577491,0.9107919181288746,,15,STRUCTURE_ONLY
607,599,0.365625,0.365625,0.2,0.53125,1.0,1.0,,4,STRUCTURE_ONLY
608,632,0.5075757575757576,0.5075757575757576,0.3333333333333333,0.6818181818181818,0.2886751345948129,0.6443375672974064,,7,STRUCTURE_ONLY
608,495,0.4313186813186813,0.4313186813186813,0.2857142857142857,0.5769230769230769,-0.3779644730092272,0.3110177634953864,,10,STRUCTURE_ONLY
608,349,0.3958333333333333,0.3958333333333333,0.16666666666666666,0.625,,,,3,STRUCTURE_ONLY
608,378,0.3678571428571429,0.3678571428571429,0.2,0.5357142857142857,0.10846522890932808,0.5542326144546641,,11,STRUCTURE_ONLY
608,205,0.3214285714285714,0.3214285714285714,0.14285714285714285,0.5,0.42257712736425823,0.7112885636821291,,10,STRUCTURE_ONLY
608,585,0.32112068965517243,0.32112068965517243,0.125,0.5172413793103449,1.0000000000000002,1.0,,3,STRUCTURE_ONLY
608,124,0.2772727272727273,0.2772727272727273,0.1,0.45454545454545453,-0.3849001794597505,0.30754991027012474,,9,STRUCTURE_ONLY
608,552,0.23903508771929824,0.23903508771929824,0.08333333333333333,0.39473684210526316,,,,2,STRUCTURE_ONLY
608,237,0.1858974358974359,0.1858974358974359,0.038461538461538464,0.3333333333333333,-0.12403473458920847,0.4379826327053958,,10,STRUCTURE_ONLY
608,173,0.1770334928229665,0.1770334928229665,0.09090909090909091,0.2631578947368421,0.11973686801784995,0.5598684340089249,,19,STRUCTURE_ONLY
609,383,0.4313186813186813,0.4313186813186813,0.2857142857142857,0.5769230769230769,0.9438798074485389,0.9719399037242695,,5,STRUCTURE_ONLY
609,105,0.3981900452488688,0.3981900452488688,0.38461538461538464,0.4117647058823529,0.9525793444156805,0.9762896722078402,,9,STRUCTURE_ONLY
609,722,0.3913793103448276,0.3913793103448276,0.3,0.4827586206896552,0.9486832980505138,0.9743416490252569,,5,STRUCTURE_ONLY
609,357,0.38859649122807016,0.38859649122807016,0.21052631578947367,0.5666666666666667,0.8451542547285166,0.9225771273642582,,8,STRUCTURE_ONLY
609,621,0.34134615384615385,0.34134615384615385,0.3076923076923077,0.375,,,,2,STRUCTURE_ONLY
609,285,0.325,0.325,0.25,0.4,,,,1,STRUCTURE_ONLY
609,306,0.325,0.325,0.25,0.4,0.9594032236002469,0.9797016118001234,,5,STRUCTURE_ONLY
609,281,0.3125,0.3125,0.25,0.375,0.9456108576893003,0.9728054288446502,,9,STRUCTURE_ONLY
609,648,0.3076923076923077,0.3076923076923077,0.23076923076923078,0.38461538461538464,0.9095085938862486,0.9547542969431243,,11,STRUCTURE_ONLY
609,184,0.3055555555555556,0.3055555555555556,0.25,0.3611111111111111,1.0,1.0,,7,STRUCTURE_ONLY
610,115,0.5441176470588236,0.5441176470588236,0.5,0.5882352941176471,,,,1,STRUCTURE_ONLY
610,283,0.4722222222222222,0.4722222222222222,0.4444444444444444,0.5,,,,2,STRUCTURE_ONLY
610,636,0.4722222222222222,0.4722222222222222,0.3333333333333333,0.6111111111111112,,,,1,STRUCTURE_ONLY
610,530,0.44285714285714284,0.44285714285714284,0.2857142857142857,0.6,,,,1,STRUCTURE_ONLY
610,686,0.44285714285714284,0.44285714285714284,0.2857142857142857,0.6,,,,0,STRUCTURE_ONLY
610,685,0.425,0.425,0.25,0.6,,,,1,STRUCTURE_ONLY
610,717,0.4236111111111111,0.4236111111111111,0.2222222222222222,0.625,,,,1,STRUCTURE_ONLY
610,715,0.40625,0.40625,0.25,0.5625,,,,2,STRUCTURE_ONLY
610,231,0.4007936507936508,0.4007936507936508,0.35714285714285715,0.4444444444444444,,,,2,STRUCTURE_ONLY
610,239,0.3742690058479532,0.3742690058479532,0.2222222222222222,0.5263157894736842,,,,2,STRUCTURE_ONLY
611,674,0.6923076923076923,0.6923076923076923,0.5,0.8846153846153846,0.9707253433941511,0.9853626716970756,,13,STRUCTURE_ONLY
611,583,0.6699999999999999,0.6699999999999999,0.5,0.84,0.944911182523068,0.972455591261534,,4,STRUCTURE_ONLY
611,712,0.537037037037037,0.537037037037037,0.3333333333333333,0.7407407407407407,,,,1,STRUCTURE_ONLY
611,544,0.5364583333333334,0.5364583333333334,0.4166666666666667,0.65625,0.7071067811865475,0.8535533905932737,,10,STRUCTURE_ONLY
611,698,0.5364583333333334,0.5364583333333334,0.4166666666666667,0.65625,0.9486832980505138,0.9743416490252569,,5,STRUCTURE_ONLY
611,577,0.48636363636363633,0.48636363636363633,0.2727272727272727,0.7,0.8366600265340756,0.9183300132670378,,10,STRUCTURE_ONLY
611,57,0.47202797202797203,0.47202797202797203,0.3076923076923077,0.6363636363636364,0.9525793444156805,0.9762896722078402,,6,STRUCTURE_ONLY
611,415,0.46969696969696967,0.46969696969696967,0.2727272727272727,0.6666666666666666,0.9309493362512627,0.9654746681256314,,13,STRUCTURE_ONLY
611,339,0.461038961038961,0.461038961038961,0.2857142857142857,0.6363636363636364,0.7462025072446364,0.8731012536223182,,8,STRUCTURE_ONLY
611,244,0.4429824561403509,0.4429824561403509,0.3333333333333333,0.5526315789473685,0.9434563530497265,0.9717281765248633,,7,STRUCTURE_ONLY
612,689,0.6055555555555556,0.6055555555555556,0.4444444444444444,0.7666666666666667,0.9707253433941511,0.9853626716970756,,10,STRUCTURE_ONLY
612,565,0.5777777777777777,0.5777777777777777,0.5555555555555556,0.6,0.6804138174397718,0.8402069087198859,,9,STRUCTURE_ONLY
612,392,0.4546783625730994,0.4546783625730994,0.2777777777777778,0.631578947368421,0.9258200997725514,0.9629100498862757,,9,STRUCTURE_ONLY
612,466,0.44047619047619047,0.44047619047619047,0.21428571428571427,0.6666666666666666,0.9561828874675149,0.9780914437337574,,5,STRUCTURE_ONLY
612,154,0.4188034188034188,0.4188034188034188,0.2222222222222222,0.6153846153846154,0.9622504486493763,0.9811252243246882,,3,STRUCTURE_ONLY
612,568,0.4166666666666667,0.4166666666666667,0.25,0.5833333333333334,0.9707253433941511,0.9853626716970756,,4,STRUCTURE_ONLY
612,718,0.40756302521008403,0.40756302521008403,0.2857142857142857,0.5294117647058824,0.9428090415820635,0.9714045207910318,,3,STRUCTURE_ONLY
612,211,0.39880952380952384,0.39880952380952384,0.21428571428571427,0.5833333333333334,0.9486832980505138,0.9743416490252569,,4,STRUCTURE_ONLY
612,518,0.39258861439312565,0.39258861439312565,0.3157894736842105,0.46938775510204084,0.9166984970282112,0.9583492485141056,,8,STRUCTURE_ONLY
612,188,0.3917748917748918,0.3917748917748918,0.21212121212121213,0.5714285714285714,0.7756315349925288,0.8878157674962643,,10,STRUCTURE_ONLY
613,102,0.3666666666666667,0.3666666666666667,0.3333333333333333,0.4,,,,1,STRUCTURE_ONLY
613,254,0.2111111111111111,0.2111111111111111,0.2,0.2222222222222222,,,,1,STRUCTURE_ONLY
613,528,0.16666666666666666,0.16666666666666666,0.16666666666666666,0.16666666666666666,,,,0,STRUCTURE_ONLY
613,297,0.15476190476190477,0.15476190476190477,0.14285714285714285,0.16666666666666666,0.9622504486493763,0.9811252243246882,,3,STRUCTURE_ONLY
613,413,0.15476190476190477,0.15476190476190477,0.14285714285714285,0.16666666666666666,0.82502864732539,0.912514323662695,,5,STRUCTURE_ONLY
613,371,0.15037593984962405,0.15037593984962405,0.14285714285714285,0.15789473684210525,0.9622504486493763,0.9811252243246882,,3,STRUCTURE_ONLY
613,224,0.14583333333333331,0.14583333333333331,0.125,0.16666666666666666,0.6963106238227914,0.8481553119113957,,5,STRUCTURE_ONLY
613,37,0.12698412698412698,0.12698412698412698,0.14285714285714285,0.1111111111111111,,,,1,STRUCTURE_ONLY
613,250,0.125,0.125,0.125,0.125,0.857142857142857,0.9285714285714285,,4,STRUCTURE_ONLY
613,45,0.1225,0.1225,0.125,0.12,0.9045340337332909,0.9522670168666454,,5,STRUCTURE_ONLY
617,178,0.39285714285714285,0.39285714285714285,0.2857142857142857,0.5,0.8164965809277261,0.9082482904638631,,6,STRUCTURE_ONLY
617,506,0.3602941176470588,0.3602941176470588,0.25,0.47058823529411764,,,,2,STRUCTURE_ONLY
617,487,0.33518518518518514,0.33518518518518514,0.3,0.37037037037037035,0.9258200997725514,0.9629100498862757,,4,STRUCTURE_ONLY
617,414,0.3333333333333333,0.3333333333333333,0.16666666666666666,0.5,,,,1,STRUCTURE_ONLY
617,32,0.3141025641025641,0.3141025641025641,0.16666666666666666,0.46153846153846156,,,,0,STRUCTURE_ONLY
617,42,0.2857142857142857,0.2857142857142857,0.14285714285714285,0.42857142857142855,,,,1,STRUCTURE_ONLY
617,525,0.2857142857142857,0.2857142857142857,0.14285714285714285,0.42857142857142855,,,,2,STRUCTURE_ONLY
617,558,0.2833333333333333,0.2833333333333333,0.16666666666666666,0.4,0.7071067811865475,0.8535533905932737,,4,STRUCTURE_ONLY
617,130,0.26666666666666666,0.26666666666666666,0.2,0.3333333333333333,0.8660254037844387,0.9330127018922194,,3,STRUCTURE_ONLY
617,89,0.26608187134502925,0.26608187134502925,0.1111111111111111,0.42105263157894735,,,,2,STRUCTURE_ONLY
618,89,0.5404411764705883,0.5404411764705883,0.375,0.7058823529411765,0.8333333333333335,0.9166666666666667,,3,STRUCTURE_ONLY
618,36,0.5208333333333333,0.5208333333333333,0.375,0.6666666666666666,0.6666666666666667,0.8333333333333334,,6,STRUCTURE_ONLY
618,264,0.5084033613445378,0.5084033613445378,0.42857142857142855,0.5882352941176471,0.9428090415820635,0.9714045207910318,,6,STRUCTURE_ONLY
618,282,0.5,0.5,0.3333333333333333,0.6666666666666666,,,,0,STRUCTURE_ONLY
618,625,0.5,0.5,0.375,0.625,0.9438798074485389,0.9719399037242695,,5,STRUCTURE_ONLY
618,411,0.48660714285714285,0.48660714285714285,0.2857142857142857,0.6875,0.9999999999999998,0.9999999999999999,,5,STRUCTURE_ONLY
618,636,0.48161764705882354,0.48161764705882354,0.375,0.5882352941176471,0.9428090415820635,0.9714045207910318,,3,STRUCTURE_ONLY
618,88,0.47794117647058826,0.47794117647058826,0.25,0.7058823529411765,0.753778361444409,0.8768891807222046,,8,STRUCTURE_ONLY
618,508,0.4583333333333333,0.4583333333333333,0.25,0.6666666666666666,0.9999999999999998,0.9999999999999999,,4,STRUCTURE_ONLY
618,396,0.4444444444444444,0.4444444444444444,0.3333333333333333,0.5555555555555556,0.9438798074485389,0.9719399037242695,,5,STRUCTURE_ONLY
620,641,0.7242424242424242,0.7242424242424242,0.6,0.8484848484848485,,,,2,STRUCTURE_ONLY
620,721,0.446524064171123,0.446524064171123,0.36363636363636365,0.5294117647058824,0.4999999999999999,0.75,,3,STRUCTURE_ONLY
620,427,0.43333333333333335,0.43333333333333335,0.3,0.5666666666666667,,,,2,STRUCTURE_ONLY
620,45,0.42272727272727273,0.42272727272727273,0.3,0.5454545454545454,0.4999999999999999,0.75,,3,STRUCTURE_ONLY
620,158,0.42272727272727273,0.42272727272727273,0.3,0.5454545454545454,,,,0,STRUCTURE_ONLY
620,685,0.4107142857142857,0.4107142857142857,0.5,0.32142857142857145,0.7559289460184544,0.8779644730092272,,8,STRUCTURE_ONLY
620,716,0.40783410138248843,0.40783410138248843,0.42857142857142855,0.3870967741935484,,,,1,STRUCTURE_ONLY
620,135,0.40731707317073174,0.40731707317073174,0.4,0.4146341463414634,,,,1,STRUCTURE_ONLY
620,79,0.4,0.4,0.3,0.5,0.3651483716701107,0.6825741858350554,,6,STRUCTURE_ONLY
620,499,0.3932432432432432,0.3932432432432432,0.3,0.4864864864864865,0.9486832980505138,0.9743416490252569,,5,STRUCTURE_ONLY
621,105,0.5240384615384616,0.5240384615384616,0.625,0.4230769230769231,,,,2,STRUCTURE_ONLY
621,355,0.5227272727272727,0.5227272727272727,0.5,0.5454545454545454,0.9045340337332909,0.9522670168666454,,8,STRUCTURE_ONLY
621,285,0.5142857142857142,0.5142857142857142,0.42857142857142855,0.6,1.0,1.0,,4,STRUCTURE_ONLY
621,281,0.5,0.5,0.42857142857142855,0.5714285714285714,,,,2,STRUCTURE_ONLY
621,609,0.34134615384615385,0.34134615384615385,0.3076923076923077,0.375,,,,2,STRUCTURE_ONLY
621,87,0.32653061224489793,0.32653061224489793,0.42857142857142855,0.22448979591836735,,,,2,STRUCTURE_ONLY
621,383,0.3051948051948052,0.3051948051948052,0.18181818181818182,0.42857142857142855,,,,0,STRUCTURE_ONLY
621,326,0.2857142857142857,0.2857142857142857,0.25,0.32142857142857145,-0.3779644730092272,0.3110177634953864,,4,STRUCTURE_ONLY
621,184,0.2801724137931034,0.2801724137931034,0.25,0.3103448275862069,,,,2,STRUCTURE_ONLY
621,321,0.20238095238095238,0.20238095238095238,0.08333333333333333,0.32142857142857145,0.9438798074485388,0.9719399037242694,,7,STRUCTURE_ONLY
622,329,0.7045454545454546,0.7045454545454546,0.5,0.9090909090909091,0.9999999999999998,0.9999999999999999,,5,STRUCTURE_ONLY
622,268,0.6,0.6,0.5,0.7,,,,0,STRUCTURE_ONLY
622,543,0.6,0.6,0.5,0.7,,,,1,STRUCTURE_ONLY
622,701,0.6,0.6,0.5,0.7,,,,0,STRUCTURE_ONLY
622,754,0.6,0.6,0.5,0.7,,,,0,STRUCTURE_ONLY
622,746,0.5166666666666666,0.5166666666666666,0.3333333333333333,0.7,,,,0,STRUCTURE_ONLY
622,341,0.5,0.5,0.3333333333333333,0.6666666666666666,1.0,1.0,,4,STRUCTURE_ONLY
622,727,0.48484848484848486,0.48484848484848486,0.3333333333333333,0.6363636363636364,,,,0,STRUCTURE_ONLY
622,530,0.45833333333333337,0.45833333333333337,0.3333333333333333,0.5833333333333334,,,,0,STRUCTURE_ONLY
622,686,0.45833333333333337,0.45833333333333337,0.3333333333333333,0.5833333333333334,,,,0,STRUCTURE_ONLY
623,65,0.00847457627118644,0.00847457627118644,0.0,0.01694915254237288,0.47140452079103173,0.7357022603955159,,7,STRUCTURE_ONLY
623,693,0.007352941176470588,0.007352941176470588,0.0,0.014705882352941176,0.40824829046386296,0.7041241452319315,,4,STRUCTURE_ONLY
623,407,0.006756756756756757,0.006756756756756757,0.0,0.013513513513513514,0.9428090415820635,0.9714045207910318,,6,STRUCTURE_ONLY
623,33,0.005952380952380952,0.005952380952380952,0.0,0.011904761904761904,0.7126966450997985,0.8563483225498992,,9,STRUCTURE_ONLY
624,274,0.3643724696356275,0.3643724696356275,0.3076923076923077,0.42105263157894735,,,,2,STRUCTURE_ONLY
624,62,0.34169653524492233,0.34169653524492233,0.2962962962962963,0.3870967741935484,0.9707253433941511,0.9853626716970756,,4,STRUCTURE_ONLY
624,278,0.33793103448275863,0.33793103448275863,0.4,0.27586206896551724,,,,2,STRUCTURE_ONLY
624,387,0.3259109311740891,0.3259109311740891,0.23076923076923078,0.42105263157894735,,,,0,STRUCTURE_ONLY
624,70,0.3246187363834423,0.3246187363834423,0.35294117647058826,0.2962962962962963,0.8504200642707612,0.9252100321353807,,5,STRUCTURE_ONLY
624,142,0.3087719298245614,0.3087719298245614,0.18421052631578946,0.43333333333333335,,,,0,STRUCTURE_ONLY
624,376,0.30128205128205127,0.30128205128205127,0.2692307692307692,0.3333333333333333,,,,2,STRUCTURE_ONLY
624,656,0.2874493927125506,0.2874493927125506,0.15384615384615385,0.42105263157894735,,,,0,STRUCTURE_ONLY
624,488,0.2807142857142857,0.2807142857142857,0.24,0.32142857142857145,0.9622504486493764,0.9811252243246882,,6,STRUCTURE_ONLY
624,289,0.26778656126482214,0.26778656126482214,0.21739130434782608,0.3181818181818182,0.944911182523068,0.972455591261534,,4,STRUCTURE_ONLY
625,216,0.7395833333333333,0.7395833333333333,0.6666666666666666,0.8125,0.5443310539518174,0.7721655269759087,,7,STRUCTURE_ONLY
625,712,0.6159420289855072,0.6159420289855072,0.6666666666666666,0.5652173913043478,,,,1,STRUCTURE_ONLY
625,264,0.59375,0.59375,0.5,0.6875,0.9486832980505138,0.9743416490252569,,10,STRUCTURE_ONLY
625,36,0.5476190476190476,0.5476190476190476,0.42857142857142855,0.6666666666666666,0.35856858280031806,0.679284291400159,,10,STRUCTURE_ONLY
625,282,0.5208333333333333,0.5208333333333333,0.375,0.6666666666666666,,,,1,STRUCTURE_ONLY
625,636,0.5084033613445378,0.5084033613445378,0.42857142857142855,0.5882352941176471,0.0,0.5,,6,STRUCTURE_ONLY
625,618,0.5,0.5,0.375,0.625,0.9438798074485389,0.9719399037242695,,5,STRUCTURE_ONLY
625,508,0.47619047619047616,0.47619047619047616,0.2857142857142857,0.6666666666666666,0.7647191129018724,0.8823595564509362,,10,STRUCTURE_ONLY
625,396,0.4652777777777778,0.4652777777777778,0.375,0.5555555555555556,1.0000000000000002,1.0,,3,STRUCTURE_ONLY
625,591,0.4652777777777778,0.4652777777777778,0.375,0.5555555555555556,,,,0,STRUCTURE_ONLY
628,562,0.6284722222222222,0.6284722222222222,0.4444444444444444,0.8125,0.7302967433402214,0.8651483716701107,,5,STRUCTURE_ONLY
628,198,0.478021978021978,0.478021978021978,0.5714285714285714,0.38461538461538464,,,,1,STRUCTURE_ONLY
628,111,0.47098214285714285,0.47098214285714285,0.2857142857142857,0.65625,,,,1,STRUCTURE_ONLY
628,719,0.4365079365079365,0.4365079365079365,0.42857142857142855,0.4444444444444444,,,,0,STRUCTURE_ONLY
628,282,0.4285714285714286,0.4285714285714286,0.5,0.35714285714285715,,,,0,STRUCTURE_ONLY
628,685,0.4230769230769231,0.4230769230769231,0.5,0.34615384615384615,-0.5773502691896258,0.21132486540518708,,3,STRUCTURE_ONLY
628,721,0.40789473684210525,0.40789473684210525,0.5,0.3157894736842105,,,,0,STRUCTURE_ONLY
628,346,0.3869047619047619,0.3869047619047619,0.5,0.27380952380952384,,,,2,STRUCTURE_ONLY
628,479,0.3784722222222222,0.3784722222222222,0.4444444444444444,0.3125,,,,0,STRUCTURE_ONLY
628,265,0.3666666666666667,0.3666666666666667,0.3333333333333333,0.4,,,,1,STRUCTURE_ONLY
629,673,0.35416666666666663,0.35416666666666663,0.375,0.3333333333333333,0.8140915784106942,0.9070457892053472,,12,STRUCTURE_ONLY
629,586,0.25,0.25,0.25,0.25,0.7826237921249264,0.8913118960624632,,5,STRUCTURE_ONLY
629,496,0.24285714285714285,0.24285714285714285,0.2,0.2857142857142857,-0.15811388300841897,0.4209430584957905,,8,STRUCTURE_ONLY
629,533,0.22526315789473683,0.22526315789473683,0.21052631578947367,0.24,0.8040302522073697,0.9020151261036848,,13,STRUCTURE_ONLY
629,62,0.2159090909090909,0.2159090909090909,0.18181818181818182,0.25,0.8366600265340756,0.9183300132670378,,10,STRUCTURE_ONLY
629,373,0.21428571428571427,0.21428571428571427,0.0,0.42857142857142855,0.6666666666666667,0.8333333333333334,,5,STRUCTURE_ONLY
629,488,0.21052631578947367,0.21052631578947367,0.15789473684210525,0.2631578947368421,0.6030226891555273,0.8015113445777636,,23,STRUCTURE_ONLY
629,593,0.19617224880382775,0.19617224880382775,0.18181818181818182,0.21052631578947367,0.8017837257372732,0.9008918628686367,,8,STRUCTURE_ONLY
629,145,0.18823529411764706,0.18823529411764706,0.2,0.17647058823529413,0.8728715609439694,0.9364357804719847,,16,STRUCTURE_ONLY
629,142,0.1875,0.1875,0.125,0.25,0.3872983346207417,0.6936491673103709,,6,STRUCTURE_ONLY
630,444,0.6255380200860832,0.6255380200860832,0.47058823529411764,0.7804878048780488,0.9438798074485389,0.9719399037242695,,5,STRUCTURE_ONLY
630,679,0.5625,0.5625,0.4,0.725,1.0000000000000002,1.0,,3,STRUCTURE_ONLY
630,513,0.5549707602339181,0.5549707602339181,0.42105263157894735,0.6888888888888889,0.944911182523068,0.972455591261534,,4,STRUCTURE_ONLY
630,50,0.5522727272727272,0.5522727272727272,0.4,0.7045454545454546,,,,2,STRUCTURE_ONLY
630,455,0.5222222222222221,0.5222222222222221,0.4444444444444444,0.6,,,,2,STRUCTURE_ONLY
630,188,0.5160984848484849,0.5160984848484849,0.30303030303030304,0.7291666666666666,0.9438798074485389,0.9719399037242695,,5,STRUCTURE_ONLY
630,599,0.5,0.5,0.4166666666666667,0.5833333333333334,1.0,1.0,,4,STRUCTURE_ONLY
630,568,0.47980769230769227,0.47980769230769227,0.38461538461538464,0.575,,,,1,STRUCTURE_ONLY
630,375,0.45178571428571423,0.45178571428571423,0.42857142857142855,0.475,0.8665782448262421,0.933289122413121,,8,STRUCTURE_ONLY
630,16,0.4504504504504504,0.4504504504504504,0.3333333333333333,0.5675675675675675,,,,1,STRUCTURE_ONLY
631,601,0.5227272727272727,0.5227272727272727,0.36363636363636365,0.6818181818181818,,,,1,STRUCTURE_ONLY
631,47,0.4828571428571429,0.4828571428571429,0.2857142857142857,0.68,0.5,0.75,,4,STRUCTURE_ONLY
631,24,0.4793233082706767,0.4793233082706767,0.3157894736842105,0.6428571428571429,0.6666666666666667,0.8333333333333334,,5,STRUCTURE_ONLY
631,429,0.4764705882352941,0.4764705882352941,0.35294117647058826,0.6,0.5773502691896258,0.7886751345948129,,3,STRUCTURE_ONLY
631,579,0.47435897435897434,0.47435897435897434,0.3333333333333333,0.6153846153846154,0.8838834764831843,0.9419417382415922,,5,STRUCTURE_ONLY
631,155,0.468944099378882,0.468944099378882,0.2857142857142857,0.6521739130434783,-0.6666666666666666,0.16666666666666669,,3,STRUCTURE_ONLY
631,466,0.4666666666666667,0.4666666666666667,0.3333333333333333,0.6,,,,0,STRUCTURE_ONLY
631,129,0.45108695652173914,0.45108695652173914,0.25,0.6521739130434783,,,,2,STRUCTURE_ONLY
631,161,0.44886363636363635,0.44886363636363635,0.2727272727272727,0.625,,,,0,STRUCTURE_ONLY
631,505,0.4419642857142857,0.4419642857142857,0.3125,0.5714285714285714,0.7745966692414834,0.8872983346207417,,5,STRUCTURE_ONLY
632,608,0.5075757575757576,0.5075757575757576,0.3333333333333333,0.6818181818181818,0.2886751345948129,0.6443375672974064,,7,STRUCTURE_ONLY
632,378,0.42328042328042326,0.42328042328042326,0.14285714285714285,0.7037037037037037,0.9622504486493763,0.9811252243246882,,3,STRUCTURE_ONLY
632,495,0.3968253968253968,0.3968253968253968,0.2222222222222222,0.5714285714285714,0.5773502691896258,0.7886751345948129,,3,STRUCTURE_ONLY
632,349,0.3402777777777778,0.3402777777777778,0.125,0.5555555555555556,,,,0,STRUCTURE_ONLY
632,585,0.30806451612903224,0.30806451612903224,0.1,0.5161290322580645,1.0000000000000002,1.0,,3,STRUCTURE_ONLY
632,205,0.3055555555555556,0.3055555555555556,0.1111111111111111,0.5,0.9999999999999998,0.9999999999999999,,3,STRUCTURE_ONLY
632,124,0.2702380952380952,0.2702380952380952,0.08333333333333333,0.45714285714285713,,,,1,STRUCTURE_ONLY
632,173,0.26055194805194803,0.26055194805194803,0.18181818181818182,0.3392857142857143,0.9198662110078,0.9599331055039,,6,STRUCTURE_ONLY
632,552,0.2357142857142857,0.2357142857142857,0.07142857142857142,0.4,,,,0,STRUCTURE_ONLY
632,237,0.202639751552795,0.202639751552795,0.03571428571428571,0.3695652173913043,,,,2,STRUCTURE_ONLY
633,375,0.49425287356321834,0.49425287356321834,0.3333333333333333,0.6551724137931034,0.7378647873726218,0.8689323936863109,,8,STRUCTURE_ONLY
633,280,0.4408602150537634,0.4408602150537634,0.3333333333333333,0.5483870967741935,0.9622504486493763,0.9811252243246882,,3,STRUCTURE_ONLY
633,625,0.4375,0.4375,0.3333333333333333,0.5416666666666666,0.8660254037844387,0.9330127018922194,,8,STRUCTURE_ONLY
633,751,0.4214285714285715,0.4214285714285715,0.2,0.6428571428571429,,,,2,STRUCTURE_ONLY
633,501,0.41995073891625617,0.41995073891625617,0.35714285714285715,0.4827586206896552,0.7171371656006361,0.858568582800318,,9,STRUCTURE_ONLY
633,36,0.41666666666666663,0.41666666666666663,0.3333333333333333,0.5,0.6804138174397718,0.8402069087198859,,8,STRUCTURE_ONLY
633,721,0.41666666666666663,0.41666666666666663,0.3333333333333333,0.5,0.8749999999999998,0.9374999999999999,,5,STRUCTURE_ONLY
633,718,0.4121212121212121,0.4121212121212121,0.4,0.42424242424242425,,,,1,STRUCTURE_ONLY
633,643,0.40625,0.40625,0.3125,0.5,0.8391463916782738,0.9195731958391369,,9,STRUCTURE_ONLY
633,712,0.40104166666666663,0.40104166666666663,0.3333333333333333,0.46875,,,,2,STRUCTURE_ONLY
634,362,0.175,0.175,0.2,0.15,0.9761870601839528,0.9880935300919764,,5,STRUCTURE_ONLY
634,22,0.1715686274509804,0.1715686274509804,0.16666666666666666,0.17647058823529413,,,,1,STRUCTURE_ONLY
634,210,0.13636363636363635,0.13636363636363635,0.0,0.2727272727272727,,,,2,STRUCTURE_ONLY
634,560,0.12,0.12,0.0,0.24,0.9647638212377322,0.982381910618866,,4,STRUCTURE_ONLY
634,504,0.09375,0.09375,0.0,0.1875,,,,1,STRUCTURE_ONLY
634,279,0.07894736842105263,0.07894736842105263,0.0,0.15789473684210525,,,,2,STRUCTURE_ONLY
634,300,0.06976744186046512,0.06976744186046512,0.0,0.13953488372093023,,,,1,STRUCTURE_ONLY
634,95,0.05813953488372093,0.05813953488372093,0.0,0.11627906976744186,0.891792642741046,0.9458963213705229,,10,STRUCTURE_ONLY
634,134,0.057692307692307696,0.057692307692307696,0.0,0.11538461538461539,1.0000000000000002,1.0,,3,STRUCTURE_ONLY
634,195,0.056818181818181816,0.056818181818181816,0.0,0.11363636363636363,,,,2,STRUCTURE_ONLY
635,303,0.8660714285714286,0.8660714285714286,0.875,0.8571428571428571,0.944911182523068,0.972455591261534,,4,STRUCTURE_ONLY
635,479,0.55,0.55,0.4,0.7,,,,2,STRUCTURE_ONLY
635,396,0.5472222222222223,0.5472222222222223,0.4444444444444444,0.65,1.0000000000000002,1.0,,3,STRUCTURE_ONLY
635,88,0.5375,0.5375,0.375,0.7,0.6614378277661476,0.8307189138830737,,11,STRUCTURE_ONLY
635,692,0.5192307692307692,0.5192307692307692,0.5,0.5384615384615384,0.9561828874675149,0.9780914437337574,,4,STRUCTURE_ONLY
635,282,0.5116959064327485,0.5116959064327485,0.4444444444444444,0.5789473684210527,,,,1,STRUCTURE_ONLY
635,36,0.5,0.5,0.5,0.5,0.6155870112510924,0.8077935056255462,,16,STRUCTURE_ONLY
635,149,0.5,0.5,0.3333333333333333,0.6666666666666666,0.5128225940683707,0.7564112970341854,,19,STRUCTURE_ONLY
635,390,0.4916666666666667,0.4916666666666667,0.3333333333333333,0.65,0.2357022603955158,0.617851130197758,,9,STRUCTURE_ONLY
635,307,0.4893899204244032,0.4893899204244032,0.46153846153846156,0.5172413793103449,0.3333333333333333,0.6666666666666666,,6,STRUCTURE_ONLY
636,36,0.7619047619047619,0.7619047619047619,0.6666666666666666,0.8571428571428571,0.9128709291752767,0.9564354645876383,,9,STRUCTURE_ONLY
636,462,0.65,0.65,0.5,0.8,0.9434563530497265,0.9717281765248633,,7,STRUCTURE_ONLY
636,465,0.5584415584415584,0.5584415584415584,0.5714285714285714,0.5454545454545454,0.7833494518006403,0.8916747259003202,,6,STRUCTURE_ONLY
636,264,0.5277777777777778,0.5277777777777778,0.5,0.5555555555555556,1.0,1.0,,4,STRUCTURE_ONLY
636,530,0.5214285714285715,0.5214285714285715,0.4,0.6428571428571429,0.8999999999999998,0.95,,7,STRUCTURE_ONLY
636,686,0.5214285714285715,0.5214285714285715,0.4,0.6428571428571429,0.944911182523068,0.972455591261534,,4,STRUCTURE_ONLY
636,297,0.5208333333333333,0.5208333333333333,0.375,0.6666666666666666,1.0,1.0,,4,STRUCTURE_ONLY
636,625,0.5084033613445378,0.5084033613445378,0.42857142857142855,0.5882352941176471,0.0,0.5,,6,STRUCTURE_ONLY
636,155,0.5,0.5,0.3333333333333333,0.6666666666666666,0.5640760748177662,0.7820380374088831,,8,STRUCTURE_ONLY
636,282,0.5,0.5,0.375,0.625,,,,1,STRUCTURE_ONLY
637,16,0.63,0.63,0.5,0.76,0.8660254037844387,0.9330127018922194,,4,STRUCTURE_ONLY
637,599,0.6101190476190476,0.6101190476190476,0.42857142857142855,0.7916666666666666,0.9761870601839528,0.9880935300919764,,5,STRUCTURE_ONLY
637,674,0.6018518518518519,0.6018518518518519,0.5,0.7037037037037037,0.9525793444156805,0.9762896722078402,,6,STRUCTURE_ONLY
637,531,0.5661375661375662,0.5661375661375662,0.42857142857142855,0.7037037037037037,0.8198915917499229,0.9099457958749615,,12,STRUCTURE_ONLY
637,321,0.5267857142857143,0.5267857142857143,0.375,0.6785714285714286,0.9428090415820635,0.9714045207910318,,3,STRUCTURE_ONLY
637,415,0.5267857142857143,0.5267857142857143,0.375,0.6785714285714286,0.6681531047810609,0.8340765523905305,,11,STRUCTURE_ONLY
637,676,0.5111607142857143,0.5111607142857143,0.42857142857142855,0.59375,0.9578414886923188,0.9789207443461594,,6,STRUCTURE_ONLY
637,694,0.5,0.5,0.3333333333333333,0.6666666666666666,0.9438798074485389,0.9719399037242695,,5,STRUCTURE_ONLY
637,86,0.4935897435897436,0.4935897435897436,0.3333333333333333,0.6538461538461539,1.0000000000000002,1.0,,4,STRUCTURE_ONLY
637,326,0.4892857142857143,0.4892857142857143,0.3,0.6785714285714286,0.1556997888323046,0.5778498944161523,,16,STRUCTURE_ONLY
638,137,0.4174107142857143,0.4174107142857143,0.40625,0.42857142857142855,0.858395075278952,0.929197537639476,,8,STRUCTURE_ONLY
638,534,0.39338235294117646,0.39338235294117646,0.375,0.4117647058823529,,,,2,STRUCTURE_ONLY
638,578,0.388823297914207,0.388823297914207,0.38095238095238093,0.39669421487603307,0.8954430086935637,0.9477215043467819,,13,STRUCTURE_ONLY
638,696,0.38245614035087716,0.38245614035087716,0.3333333333333333,0.43157894736842106,0.9428090415820635,0.9714045207910318,,3,STRUCTURE_ONLY
638,700,0.3476284584980237,0.3476284584980237,0.3,0.3952569169960474,0.9104654680003258,0.955232734000163,,10,STRUCTURE_ONLY
638,643,0.3376146788990826,0.3376146788990826,0.4,0.27522935779816515,0.819891591749923,0.9099457958749615,,6,STRUCTURE_ONLY
638,241,0.3082788671023965,0.3082788671023965,0.2647058823529412,0.35185185185185186,0.8183170883849714,0.9091585441924857,,12,STRUCTURE_ONLY
638,154,0.2563793103448276,0.2563793103448276,0.28,0.23275862068965517,,,,0,STRUCTURE_ONLY
638,346,0.2559306569343066,0.2559306569343066,0.125,0.38686131386861317,0.7337993857053429,0.8668996928526714,,4,STRUCTURE_ONLY
638,200,0.2464574898785425,0.2464574898785425,0.2692307692307692,0.2236842105263158,0.944911182523068,0.972455591261534,,4,STRUCTURE_ONLY
640,396,0.6386554621848739,0.6386554621848739,0.5714285714285714,0.7058823529411765,,,,0,STRUCTURE_ONLY
640,723,0.5735294117647058,0.5735294117647058,0.5,0.6470588235294118,,,,0,STRUCTURE_ONLY
640,408,0.3928571428571429,0.3928571428571429,0.14285714285714285,0.6428571428571429,,,,1,STRUCTURE_ONLY
640,390,0.3881578947368421,0.3881578947368421,0.25,0.5263157894736842,,,,1,STRUCTURE_ONLY
640,418,0.3625,0.3625,0.125,0.6,,,,1,STRUCTURE_ONLY
640,579,0.356060606060606,0.356060606060606,0.16666666666666666,0.5454545454545454,,,,0,STRUCTURE_ONLY
640,155,0.35,0.35,0.2,0.5,,,,1,STRUCTURE_ONLY
640,474,0.35,0.35,0.2,0.5,,,,1,STRUCTURE_ONLY
640,659,0.35,0.35,0.2,0.5,,,,1,STRUCTURE_ONLY
640,635,0.32727272727272727,0.32727272727272727,0.2,0.45454545454545453,,,,1,STRUCTURE_ONLY
641,620,0.7242424242424242,0.7242424242424242,0.6,0.8484848484848485,,,,2,STRUCTURE_ONLY
641,466,0.5502136752136753,0.5502136752136753,0.46153846153846156,0.6388888888888888,,,,2,STRUCTURE_ONLY
641,211,0.5128205128205128,0.5128205128205128,0.46153846153846156,0.5641025641025641,,,,1,STRUCTURE_ONLY
641,112,0.5058823529411764,0.5058823529411764,0.4117647058823529,0.6,0.5773502691896258,0.7886751345948129,,8,STRUCTURE_ONLY
641,158,0.48611111111111116,0.48611111111111116,0.4166666666666667,0.5555555555555556,0.6172133998483678,0.8086066999241839,,8,STRUCTURE_ONLY
641,678,0.4481605351170569,0.4481605351170569,0.46153846153846156,0.43478260869565216,,,,0,STRUCTURE_ONLY
641,307,0.4357142857142857,0.4357142857142857,0.4666666666666667,0.40476190476190477,-0.47286624374346037,0.26356687812826984,,11,STRUCTURE_ONLY
641,36,0.4318181818181818,0.4318181818181818,0.5,0.36363636363636365,0.5,0.75,,4,STRUCTURE_ONLY
641,45,0.43162393162393164,0.43162393162393164,0.3076923076923077,0.5555555555555556,0.3779644730092272,0.6889822365046137,,5,STRUCTURE_ONLY
641,155,0.428921568627451,0.428921568627451,0.4166666666666667,0.4411764705882353,-0.26726124191242434,0.36636937904378786,,4,STRUCTURE_ONLY
642,700,0.34416250160194795,0.34416250160194795,0.25925925925925924,0.4290657439446367,0.4124789556921527,0.7062394778460763,,15,STRUCTURE_ONLY
642,524,0.3044019138755981,0.3044019138755981,0.15789473684210525,0.4509090909090909,0.5270462766947299,0.763523138347365,,12,STRUCTURE_ONLY
642,706,0.23076923076923078,0.23076923076923078,0.3076923076923077,0.15384615384615385,0.3965412516529751,0.6982706258264876,,15,STRUCTURE_ONLY
642,578,0.18121827411167513,0.18121827411167513,0.2,0.16243654822335024,0.4889012070387047,0.7444506035193523,,11,STRUCTURE_ONLY
642,696,0.16968898260411175,0.16968898260411175,0.11428571428571428,0.22509225092250923,0.9486832980505138,0.9743416490252569,,4,STRUCTURE_ONLY
642,241,0.16937459703417151,0.16937459703417151,0.15151515151515152,0.18723404255319148,0.516185401208764,0.758092700604382,,15,STRUCTURE_ONLY
642,528,0.1346820809248555,0.1346820809248555,0.2,0.06936416184971098,,,,1,STRUCTURE_ONLY
642,456,0.13415750915750915,0.13415750915750915,0.09523809523809523,0.17307692307692307,,,,2,STRUCTURE_ONLY
642,526,0.13286163522012578,0.13286163522012578,0.16666666666666666,0.09905660377358491,0.3639126714370255,0.6819563357185128,,10,STRUCTURE_ONLY
642,707,0.12887755102040815,0.12887755102040815,0.12,0.1377551020408163,0.37274191495316206,0.6863709574765811,,14,STRUCTURE_ONLY
643,375,0.44999999999999996,0.44999999999999996,0.35714285714285715,0.5428571428571428,0.8901636390843124,0.9450818195421562,,19,STRUCTURE_ONLY
643,366,0.4095238095238095,0.4095238095238095,0.2857142857142857,0.5333333333333333,0.8295150620062532,0.9147575310031266,,14,STRUCTURE_ONLY
643,280,0.4083011583011583,0.4083011583011583,0.35714285714285715,0.4594594594594595,0.9538209664765318,0.9769104832382659,,7,STRUCTURE_ONLY
643,633,0.40625,0.40625,0.3125,0.5,0.8391463916782738,0.9195731958391369,,9,STRUCTURE_ONLY
643,161,0.39285714285714285,0.39285714285714285,0.2857142857142857,0.5,,,,2,STRUCTURE_ONLY
643,601,0.38636363636363635,0.38636363636363635,0.2727272727272727,0.5,0.9486832980505138,0.9743416490252569,,4,STRUCTURE_ONLY
643,36,0.38181818181818183,0.38181818181818183,0.36363636363636365,0.4,0.710046946804693,0.8550234734023465,,12,STRUCTURE_ONLY
643,565,0.3810096153846154,0.3810096153846154,0.23076923076923078,0.53125,0.8090398349558905,0.9045199174779452,,12,STRUCTURE_ONLY
643,444,0.3707093821510298,0.3707093821510298,0.2631578947368421,0.4782608695652174,0.7500975736685322,0.8750487868342661,,22,STRUCTURE_ONLY
643,47,0.36813186813186816,0.36813186813186816,0.3076923076923077,0.42857142857142855,0.5653009971610738,0.7826504985805369,,27,STRUCTURE_ONLY
644,617,0.24206349206349206,0.24206349206349206,0.09523809523809523,0.3888888888888889,,,,2,STRUCTURE_ONLY
644,40,0.24011857707509882,0.24011857707509882,0.045454545454545456,0.43478260869565216,1.0000000000000002,1.0,,3,STRUCTURE_ONLY
644,475,0.21087533156498675,0.21087533156498675,0.07692307692307693,0.3448275862068966,0.9434563530497265,0.9717281765248633,,7,STRUCTURE_ONLY
644,231,0.2037037037037037,0.2037037037037037,0.0,0.4074074074074074,0.9486832980505138,0.9743416490252569,,5,STRUCTURE_ONLY
644,691,0.20355731225296442,0.20355731225296442,0.043478260869565216,0.36363636363636365,,,,1,STRUCTURE_ONLY
644,422,0.18154761904761907,0.18154761904761907,0.041666666666666664,0.32142857142857145,1.0000000000000002,1.0,,3,STRUCTURE_ONLY
644,413,0.17647058823529413,0.17647058823529413,0.0,0.35294117647058826,0.8333333333333334,0.9166666666666667,,4,STRUCTURE_ONLY
644,307,0.1624026696329255,0.1624026696329255,0.034482758620689655,0.2903225806451613,0.6324555320336759,0.816227766016838,,5,STRUCTURE_ONLY
644,710,0.15786637931034483,0.15786637931034483,0.034482758620689655,0.28125,,,,2,STRUCTURE_ONLY
644,152,0.15635451505016723,0.15635451505016723,0.043478260869565216,0.2692307692307692,,,,1,STRUCTURE_ONLY
647,268,0.44999999999999996,0.44999999999999996,0.2,0.7,0.9434563530497265,0.9717281765248633,,4,STRUCTURE_ONLY
647,543,0.44999999999999996,0.44999999999999996,0.2,0.7,0.8764598212022147,0.9382299106011074,,8,STRUCTURE_ONLY
647,701,0.44999999999999996,0.44999999999999996,0.2,0.7,0.9647638212377322,0.982381910618866,,4,STRUCTURE_ONLY
647,754,0.44999999999999996,0.44999999999999996,0.2,0.7,0.9622504486493763,0.9811252243246882,,3,STRUCTURE_ONLY
647,746,0.4333333333333333,0.4333333333333333,0.16666666666666666,0.7,,,,1,STRUCTURE_ONLY
647,727,0.4015151515151515,0.4015151515151515,0.16666666666666666,0.6363636363636364,,,,4,STRUCTURE_ONLY
647,571,0.391025641025641,0.391025641025641,0.16666666666666666,0.6153846153846154,1.0,1.0,,4,STRUCTURE_ONLY
647,176,0.38961038961038963,0.38961038961038963,0.14285714285714285,0.6363636363636364,0.9428090415820635,0.9714045207910318,,3,STRUCTURE_ONLY
647,358,0.38888888888888884,0.38888888888888884,0.1111111111111111,0.6666666666666666,0.6614378277661476,0.8307189138830737,,7,STRUCTURE_ONLY
647,285,0.38392857142857145,0.38392857142857145,0.125,0.6428571428571429,,,,2,STRUCTURE_ONLY
648,282,0.6160714285714286,0.6160714285714286,0.375,0.8571428571428571,,,,0,STRUCTURE_ONLY
648,47,0.5595238095238095,0.5595238095238095,0.5,0.6190476190476191,0.8610567718228918,0.9305283859114459,,16,STRUCTURE_ONLY
648,558,0.5571428571428572,0.5571428571428572,0.4,0.7142857142857143,0.6963106238227914,0.8481553119113957,,6,STRUCTURE_ONLY
648,89,0.5476190476190476,0.5476190476190476,0.42857142857142855,0.6666666666666666,1.0000000000000002,1.0,,3,STRUCTURE_ONLY
648,306,0.5428571428571429,0.5428571428571429,0.2857142857142857,0.8,,,,2,STRUCTURE_ONLY
648,591,0.5404411764705883,0.5404411764705883,0.375,0.7058823529411765,,,,0,STRUCTURE_ONLY
648,48,0.5087719298245614,0.5087719298245614,0.3333333333333333,0.6842105263157895,0.25724787771376323,0.6286239388568816,,16,STRUCTURE_ONLY
648,652,0.5037593984962406,0.5037593984962406,0.42857142857142855,0.5789473684210527,0.9550230183180096,0.9775115091590048,,14,STRUCTURE_ONLY
648,479,0.5,0.5,0.3333333333333333,0.6666666666666666,0.9525793444156805,0.9762896722078402,,3,STRUCTURE_ONLY
648,506,0.5,0.5,0.25,0.75,0.9428090415820635,0.9714045207910318,,3,STRUCTURE_ONLY
649,76,0.27530364372469635,0.27530364372469635,0.07692307692307693,0.47368421052631576,,,,5,STRUCTURE_ONLY
649,633,0.23848684210526316,0.23848684210526316,0.1875,0.2894736842105263,,,,2,STRUCTURE_ONLY
649,610,0.22208436724565758,0.22208436724565758,0.15384615384615385,0.2903225806451613,,,,0,STRUCTURE_ONLY
649,631,0.21217105263157893,0.21217105263157893,0.1875,0.23684210526315788,,,,1,STRUCTURE_ONLY
649,716,0.2121212121212121,0.2121212121212121,0.09090909090909091,0.3333333333333333,,,,4,STRUCTURE_ONLY
649,309,0.20202020202020202,0.20202020202020202,0.18181818181818182,0.2222222222222222,,,,4,STRUCTURE_ONLY
649,718,0.2,0.2,0.2,0.2,,,,0,STRUCTURE_ONLY
649,620,0.1848030018761726,0.1848030018761726,0.07692307692307693,0.2926829268292683,,,,1,STRUCTURE_ONLY
649,715,0.175,0.175,0.1,0.25,,,,4,STRUCTURE_ONLY
649,415,0.16994633273703041,0.16994633273703041,0.15384615384615385,0.18604651162790697,,,,4,STRUCTURE_ONLY
650,235,0.65,0.65,0.5,0.8,-1.0000000000000002,0.0,,3,STRUCTURE_ONLY
650,753,0.65,0.65,0.5,0.8,-0.5,0.25,,4,STRUCTURE_ONLY
650,382,0.40476190476190477,0.40476190476190477,0.14285714285714285,0.6666666666666666,-0.47809144373375745,0.2609542781331213,,8,STRUCTURE_ONLY
650,381,0.3958333333333333,0.3958333333333333,0.125,0.6666666666666666,-0.21081851067789195,0.39459074466105404,,9,STRUCTURE_ONLY
650,99,0.2157142857142857,0.2157142857142857,0.07142857142857142,0.36,-0.2491364395612199,0.37543178021939005,,11,STRUCTURE_ONLY
650,429,0.21428571428571427,0.21428571428571427,0.14285714285714285,0.2857142857142857,-0.7333333333333333,0.13333333333333336,,10,STRUCTURE_ONLY
650,482,0.19638694638694637,0.19638694638694637,0.13636363636363635,0.2564102564102564,-0.6249999999999999,0.18750000000000006,,14,STRUCTURE_ONLY
650,262,0.1898148148148148,0.1898148148148148,0.08333333333333333,0.2962962962962963,-0.5555555555555556,0.2222222222222222,,12,STRUCTURE_ONLY
650,367,0.1898148148148148,0.1898148148148148,0.08333333333333333,0.2962962962962963,-0.3086066999241839,0.34569665003790806,,8,STRUCTURE_ONLY
650,113,0.17142857142857143,0.17142857142857143,0.2,0.14285714285714285,-0.944911182523068,0.027544408738465975,,4,STRUCTURE_ONLY
651,2,1.0,1.0,1.0,1.0,0.9561828874675149,0.9780914437337574,,4,STRUCTURE_ONLY
651,18,1.0,1.0,1.0,1.0,0.9622504486493763,0.9811252243246882,,3,STRUCTURE_ONLY
651,663,1.0,1.0,1.0,1.0,,,,2,STRUCTURE_ONLY
651,672,1.0,1.0,1.0,1.0,0.9999999999999998,0.9999999999999999,,5,STRUCTURE_ONLY
651,3,0.5833333333333333,0.5833333333333333,0.5,0.6666666666666666,0.9166666666666669,0.9583333333333335,,6,STRUCTURE_ONLY
651,81,0.16666666666666666,0.16666666666666666,0.0,0.3333333333333333,,,,2,STRUCTURE_ONLY
651,373,0.1,0.1,0.0,0.2,,,,1,STRUCTURE_ONLY
651,322,0.08333333333333333,0.08333333333333333,0.0,0.16666666666666666,,,,0,STRUCTURE_ONLY
651,552,0.07777777777777778,0.07777777777777778,0.1,0.05555555555555555,,,,0,STRUCTURE_ONLY
651,113,0.07142857142857142,0.07142857142857142,0.0,0.14285714285714285,,,,1,STRUCTURE_ONLY
652,79,0.6648351648351649,0.6648351648351649,0.7142857142857143,0.6153846153846154,0.819688599970537,0.9098442999852685,,23,STRUCTURE_ONLY
652,558,0.5125,0.5125,0.4,0.625,0.7462025072446364,0.8731012536223182,,7,STRUCTURE_ONLY
652,648,0.5037593984962406,0.5037593984962406,0.42857142857142855,0.5789473684210527,0.9550230183180096,0.9775115091590048,,14,STRUCTURE_ONLY
652,653,0.4875,0.4875,0.6,0.375,0.9438798074485389,0.9719399037242695,,5,STRUCTURE_ONLY
652,198,0.4375,0.4375,0.25,0.625,0.9128709291752769,0.9564354645876385,,4,STRUCTURE_ONLY
652,704,0.4298245614035088,0.4298245614035088,0.3333333333333333,0.5263157894736842,0.9428090415820634,0.9714045207910317,,6,STRUCTURE_ONLY
652,635,0.4095238095238095,0.4095238095238095,0.2,0.6190476190476191,0.9518172686249524,0.9759086343124762,,11,STRUCTURE_ONLY
652,306,0.40601503759398494,0.40601503759398494,0.2857142857142857,0.5263157894736842,0.9707253433941511,0.9853626716970756,,4,STRUCTURE_ONLY
652,719,0.40601503759398494,0.40601503759398494,0.2857142857142857,0.5263157894736842,0.9432422182837986,0.9716211091418994,,5,STRUCTURE_ONLY
652,170,0.40240641711229946,0.40240641711229946,0.36363636363636365,0.4411764705882353,0.9386679716361955,0.9693339858180978,,26,STRUCTURE_ONLY
653,147,0.6071428571428572,0.6071428571428572,0.5,0.7142857142857143,0.8996469021204839,0.9498234510602419,,11,STRUCTURE_ONLY
653,677,0.5,0.5,0.3333333333333333,0.6666666666666666,,,,1,STRUCTURE_ONLY
653,652,0.4875,0.4875,0.6,0.375,0.9438798074485389,0.9719399037242695,,5,STRUCTURE_ONLY
653,79,0.32967032967032966,0.32967032967032966,0.42857142857142855,0.23076923076923078,0.9045340337332909,0.9522670168666454,,8,STRUCTURE_ONLY
653,170,0.2409090909090909,0.2409090909090909,0.3,0.18181818181818182,0.9473684210526314,0.9736842105263157,,10,STRUCTURE_ONLY
653,475,0.18706293706293708,0.18706293706293708,0.18181818181818182,0.19230769230769232,0.9130434782608697,0.9565217391304348,,11,STRUCTURE_ONLY
653,142,0.171875,0.171875,0.09375,0.25,,,,1,STRUCTURE_ONLY
653,458,0.16692073170731708,0.16692073170731708,0.1875,0.14634146341463414,0.8215838362577491,0.9107919181288746,,7,STRUCTURE_ONLY
653,472,0.16466165413533834,0.16466165413533834,0.15789473684210525,0.17142857142857143,,,,1,STRUCTURE_ONLY
653,635,0.15555555555555556,0.15555555555555556,0.1111111111111111,0.2,0.9999999999999998,0.9999999999999999,,5,STRUCTURE_ONLY
654,183,0.8819444444444444,0.8819444444444444,0.875,0.8888888888888888,0.9045340337332909,0.9522670168666454,,8,STRUCTURE_ONLY
654,428,0.75,0.75,0.7,0.8,,,,2,STRUCTURE_ONLY
654,451,0.6666666666666667,0.6666666666666667,0.5555555555555556,0.7777777777777778,,,,1,STRUCTURE_ONLY
654,563,0.6515151515151515,0.6515151515151515,0.6363636363636364,0.6666666666666666,0.8017837257372731,0.9008918628686365,,7,STRUCTURE_ONLY
654,719,0.48245614035087714,0.48245614035087714,0.3333333333333333,0.631578947368421,0.6324555320336759,0.816227766016838,,5,STRUCTURE_ONLY
654,441,0.4663978494623656,0.4663978494623656,0.4166666666666667,0.5161290322580645,0.7999999999999998,0.8999999999999999,,10,STRUCTURE_ONLY
654,42,0.4375,0.4375,0.375,0.5,0.9486832980505138,0.9743416490252569,,7,STRUCTURE_ONLY
654,148,0.41666666666666663,0.41666666666666663,0.5,0.3333333333333333,,,,0,STRUCTURE_ONLY
654,265,0.40909090909090906,0.40909090909090906,0.2727272727272727,0.5454545454545454,0.40824829046386296,0.7041241452319315,,4,STRUCTURE_ONLY
654,511,0.40625,0.40625,0.25,0.5625,0.6681531047810609,0.8340765523905305,,12,STRUCTURE_ONLY
656,387,0.8333333333333333,0.8333333333333333,0.6666666666666666,1.0,,,,0,STRUCTURE_ONLY
656,274,0.75,0.75,0.5,1.0,,,,0,STRUCTURE_ONLY
656,175,0.43333333333333335,0.43333333333333335,0.2,0.6666666666666666,,,,2,STRUCTURE_ONLY
656,70,0.35,0.35,0.2,0.5,,,,1,STRUCTURE_ONLY
656,278,0.3472222222222222,0.3472222222222222,0.25,0.4444444444444444,,,,2,STRUCTURE_ONLY
656,624,0.2874493927125506,0.2874493927125506,0.15384615384615385,0.42105263157894735,,,,0,STRUCTURE_ONLY
656,488,0.2777777777777778,0.2777777777777778,0.1111111111111111,0.4444444444444444,,,,0,STRUCTURE_ONLY
656,103,0.26587301587301587,0.26587301587301587,0.14285714285714285,0.3888888888888889,,,,1,STRUCTURE_ONLY
656,256,0.2572463768115942,0.2572463768115942,0.16666666666666666,0.34782608695652173,,,,1,STRUCTURE_ONLY
656,673,0.24671052631578946,0.24671052631578946,0.125,0.3684210526315789,,,,0,STRUCTURE_ONLY
659,474,1.0,1.0,1.0,1.0,0.13245323570650439,0.5662266178532522,,7,STRUCTURE_ONLY
659,67,0.6875,0.6875,0.5,0.875,0.09890707100936805,0.549453535504684,,14,STRUCTURE_ONLY
659,49,0.6388888888888888,0.6388888888888888,0.5,0.7777777777777778,0.10540925533894598,0.552704627669473,,6,STRUCTURE_ONLY
659,271,0.6388888888888888,0.6388888888888888,0.5,0.7777777777777778,0.31622776601683794,0.658113883008419,,8,STRUCTURE_ONLY
659,408,0.5555555555555556,0.5555555555555556,0.3333333333333333,0.7777777777777778,-0.10675210253672475,0.44662394873163763,,13,STRUCTURE_ONLY
659,434,0.4342105263157895,0.4342105263157895,0.5,0.3684210526315789,-0.8164965809277261,0.09175170953613693,,3,STRUCTURE_ONLY
659,411,0.41666666666666663,0.41666666666666663,0.3333333333333333,0.5,0.5803810000880093,0.7901905000440046,,8,STRUCTURE_ONLY
659,548,0.38541666666666663,0.38541666666666663,0.3333333333333333,0.4375,0.1863389981249825,0.5931694990624913,,17,STRUCTURE_ONLY
659,723,0.375,0.375,0.25,0.5,,,,2,STRUCTURE_ONLY
659,601,0.35833333333333334,0.35833333333333334,0.25,0.4666666666666667,-0.1924500897298753,0.40377495513506234,,6,STRUCTURE_ONLY
660,512,0.4440619621342513,0.4440619621342513,0.2857142857142857,0.6024096385542169,,,,1,STRUCTURE_ONLY
660,192,0.43710021321961623,0.43710021321961623,0.14285714285714285,0.7313432835820896,-0.2581988897471611,0.37090055512641945,,6,STRUCTURE_ONLY
660,135,0.42987012987012985,0.42987012987012985,0.5454545454545454,0.3142857142857143,-0.33333333333333337,0.3333333333333333,,3,STRUCTURE_ONLY
660,574,0.42258064516129035,0.42258064516129035,0.2,0.6451612903225806,0.6298438669252061,0.814921933462603,,14,STRUCTURE_ONLY
660,721,0.421875,0.421875,0.5,0.34375,0.0,0.5,,6,STRUCTURE_ONLY
660,679,0.3546277665995976,0.3546277665995976,0.35714285714285715,0.352112676056338,,,,2,STRUCTURE_ONLY
660,154,0.3340048348106366,0.3340048348106366,0.35294117647058826,0.3150684931506849,1.0000000000000002,1.0,,3,STRUCTURE_ONLY
660,484,0.33333333333333337,0.33333333333333337,0.09090909090909091,0.5757575757575758,,,,1,STRUCTURE_ONLY
660,630,0.33105022831050224,0.33105022831050224,0.3333333333333333,0.3287671232876712,0.40451991747794525,0.7022599587389726,,5,STRUCTURE_ONLY
660,501,0.31281094527363185,0.31281094527363185,0.4166666666666667,0.208955223880597,-0.42257712736425823,0.2887114363178709,,8,STRUCTURE_ONLY
661,429,0.35526315789473684,0.35526315789473684,0.21052631578947367,0.5,0.5222329678670935,0.7611164839335467,,10,STRUCTURE_ONLY
661,63,0.3386363636363636,0.3386363636363636,0.2,0.4772727272727273,0.6837634587578276,0.8418817293789138,,5,STRUCTURE_ONLY
661,202,0.32779255319148937,0.32779255319148937,0.1875,0.46808510638297873,,,,1,STRUCTURE_ONLY
661,705,0.30714285714285716,0.30714285714285716,0.21428571428571427,0.4,0.6666666666666666,0.8333333333333333,,3,STRUCTURE_ONLY
661,367,0.29475703324808183,0.29475703324808183,0.17647058823529413,0.41304347826086957,0.5,0.75,,9,STRUCTURE_ONLY
661,390,0.2861163227016886,0.2861163227016886,0.23076923076923078,0.34146341463414637,0.5,0.75,,5,STRUCTURE_ONLY
661,225,0.27318840579710146,0.27318840579710146,0.13333333333333333,0.41304347826086957,0.8164965809277259,0.9082482904638629,,3,STRUCTURE_ONLY
661,29,0.27192982456140347,0.27192982456140347,0.10526315789473684,0.43859649122807015,,,,1,STRUCTURE_ONLY
661,166,0.2708333333333333,0.2708333333333333,0.16666666666666666,0.375,0.8164965809277259,0.9082482904638629,,3,STRUCTURE_ONLY
661,312,0.26548387096774195,0.26548387096774195,0.16,0.3709677419354839,0.9428090415820632,0.9714045207910316,,3,STRUCTURE_ONLY
663,2,1.0,1.0,1.0,1.0,,,,2,STRUCTURE_ONLY
663,18,1.0,1.0,1.0,1.0,,,,1,STRUCTURE_ONLY
663,651,1.0,1.0,1.0,1.0,,,,2,STRUCTURE_ONLY
663,672,1.0,1.0,1.0,1.0,-0.8164965809277259,0.09175170953613704,,3,STRUCTURE_ONLY
663,3,0.5833333333333333,0.5833333333333333,0.5,0.6666666666666666,-0.4999999999999999,0.25000000000000006,,5,STRUCTURE_ONLY
663,81,0.16666666666666666,0.16666666666666666,0.0,0.3333333333333333,0.0,0.5,,7,STRUCTURE_ONLY
663,373,0.1,0.1,0.0,0.2,,,,1,STRUCTURE_ONLY
663,322,0.08333333333333333,0.08333333333333333,0.0,0.16666666666666666,,,,0,STRUCTURE_ONLY
663,552,0.07777777777777778,0.07777777777777778,0.1,0.05555555555555555,,,,2,STRUCTURE_ONLY
663,113,0.07142857142857142,0.07142857142857142,0.0,0.14285714285714285,,,,0,STRUCTURE_ONLY
669,571,0.1,0.1,0.0,0.2,1.0,1.0,,4,STRUCTURE_ONLY
669,373,0.05,0.05,0.0,0.1,1.0000000000000002,1.0,,3,STRUCTURE_ONLY
669,28,0.045454545454545456,0.045454545454545456,0.0,0.09090909090909091,0.75,0.875,,10,STRUCTURE_ONLY
669,322,0.045454545454545456,0.045454545454545456,0.0,0.09090909090909091,,,,2,STRUCTURE_ONLY
669,148,0.041666666666666664,0.041666666666666664,0.0,0.08333333333333333,-0.944911182523068,0.027544408738465975,,4,STRUCTURE_ONLY
669,355,0.041666666666666664,0.041666666666666664,0.0,0.08333333333333333,0.8888888888888888,0.9444444444444444,,6,STRUCTURE_ONLY
669,629,0.041666666666666664,0.041666666666666664,0.0,0.08333333333333333,0.944911182523068,0.972455591261534,,4,STRUCTURE_ONLY
669,175,0.038461538461538464,0.038461538461538464,0.0,0.07692307692307693,0.8819171036881969,0.9409585518440984,,4,STRUCTURE_ONLY
669,274,0.03571428571428571,0.03571428571428571,0.0,0.07142857142857142,0.9486832980505138,0.9743416490252569,,5,STRUCTURE_ONLY
669,387,0.03571428571428571,0.03571428571428571,0.0,0.07142857142857142,,,,2,STRUCTURE_ONLY
670,359,0.358974358974359,0.358974358974359,0.3333333333333333,0.38461538461538464,,,,2,STRUCTURE_ONLY
670,281,0.3522727272727273,0.3522727272727273,0.25,0.45454545454545453,,,,1,STRUCTURE_ONLY
670,424,0.2987012987012987,0.2987012987012987,0.14285714285714285,0.45454545454545453,0.5163977794943222,0.7581988897471611,,7,STRUCTURE_ONLY
670,437,0.2720588235294118,0.2720588235294118,0.25,0.29411764705882354,,,,2,STRUCTURE_ONLY
670,755,0.2720588235294118,0.2720588235294118,0.25,0.29411764705882354,0.5773502691896258,0.7886751345948129,,3,STRUCTURE_ONLY
670,590,0.2638888888888889,0.2638888888888889,0.25,0.2777777777777778,,,,1,STRUCTURE_ONLY
670,378,0.26282051282051283,0.26282051282051283,0.3333333333333333,0.19230769230769232,,,,2,STRUCTURE_ONLY
670,587,0.2222222222222222,0.2222222222222222,0.1111111111111111,0.3333333333333333,,,,0,STRUCTURE_ONLY
670,366,0.21875,0.21875,0.125,0.3125,0.0,0.5,,4,STRUCTURE_ONLY
670,565,0.2149122807017544,0.2149122807017544,0.16666666666666666,0.2631578947368421,,,,2,STRUCTURE_ONLY
672,2,1.0,1.0,1.0,1.0,0.9476984899448786,0.9738492449724393,,16,STRUCTURE_ONLY
672,18,1.0,1.0,1.0,1.0,0.9434563530497265,0.9717281765248633,,10,STRUCTURE_ONLY
672,651,1.0,1.0,1.0,1.0,0.9999999999999998,0.9999999999999999,,5,STRUCTURE_ONLY
672,663,1.0,1.0,1.0,1.0,-0.8164965809277259,0.09175170953613704,,3,STRUCTURE_ONLY
672,3,0.5833333333333333,0.5833333333333333,0.5,0.6666666666666666,0.8864052604279183,0.9432026302139591,,27,STRUCTURE_ONLY
672,81,0.16666666666666666,0.16666666666666666,0.0,0.3333333333333333,0.6324555320336759,0.816227766016838,,10,STRUCTURE_ONLY
672,373,0.1,0.1,0.0,0.2,0.8944271909999159,0.9472135954999579,,5,STRUCTURE_ONLY
672,322,0.08333333333333333,0.08333333333333333,0.0,0.16666666666666666,,,,2,STRUCTURE_ONLY
672,552,0.07777777777777778,0.07777777777777778,0.1,0.05555555555555555,1.0000000000000002,1.0,,3,STRUCTURE_ONLY
672,113,0.07142857142857142,0.07142857142857142,0.0,0.14285714285714285,1.0000000000000002,1.0,,3,STRUCTURE_ONLY
673,488,0.6052631578947368,0.6052631578947368,0.3157894736842105,0.8947368421052632,0.7423074889580903,0.8711537444790451,,29,STRUCTURE_ONLY
673,496,0.6035714285714285,0.6035714285714285,0.35,0.8571428571428571,0.4003203845127179,0.700160192256359,,11,STRUCTURE_ONLY
673,586,0.5514705882352942,0.5514705882352942,0.35294117647058826,0.75,0.9095085938862486,0.9547542969431243,,11,STRUCTURE_ONLY
673,533,0.5442105263157895,0.5442105263157895,0.3684210526315789,0.72,0.8346223261119857,0.9173111630559929,,16,STRUCTURE_ONLY
673,62,0.5340909090909091,0.5340909090909091,0.3181818181818182,0.75,0.6929348671835833,0.8464674335917917,,15,STRUCTURE_ONLY
673,103,0.46590909090909094,0.46590909090909094,0.18181818181818182,0.75,0.4635863249727653,0.7317931624863827,,15,STRUCTURE_ONLY
673,593,0.4487179487179487,0.4487179487179487,0.23076923076923078,0.6666666666666666,0.9449111825230682,0.972455591261534,,9,STRUCTURE_ONLY
673,256,0.42179487179487174,0.42179487179487174,0.26666666666666666,0.5769230769230769,0.9354143466934853,0.9677071733467426,,14,STRUCTURE_ONLY
673,295,0.41666666666666663,0.41666666666666663,0.3333333333333333,0.5,0.7878787878787878,0.8939393939393939,,33,STRUCTURE_ONLY
673,511,0.390625,0.390625,0.21875,0.5625,0.5582905262390825,0.7791452631195412,,29,STRUCTURE_ONLY
674,611,0.6923076923076923,0.6923076923076923,0.5,0.8846153846153846,0.9707253433941511,0.9853626716970756,,13,STRUCTURE_ONLY
674,637,0.6018518518518519,0.6018518518518519,0.5,0.7037037037037037,0.9525793444156805,0.9762896722078402,,6,STRUCTURE_ONLY
674,583,0.5846560846560847,0.5846560846560847,0.42857142857142855,0.7407407407407407,0.944911182523068,0.972455591261534,,4,STRUCTURE_ONLY
674,415,0.5459770114942528,0.5459770114942528,0.3333333333333333,0.7586206896551724,0.9594032236002469,0.9797016118001234,,8,STRUCTURE_ONLY
674,16,0.541871921182266,0.541871921182266,0.42857142857142855,0.6551724137931034,,,,2,STRUCTURE_ONLY
674,599,0.5267857142857143,0.5267857142857143,0.375,0.6785714285714286,0.9761870601839528,0.9880935300919764,,5,STRUCTURE_ONLY
674,698,0.5255681818181819,0.5255681818181819,0.36363636363636365,0.6875,0.9428090415820635,0.9714045207910318,,3,STRUCTURE_ONLY
674,531,0.5208333333333333,0.5208333333333333,0.375,0.6666666666666666,0.9128709291752769,0.9564354645876385,,6,STRUCTURE_ONLY
674,678,0.5055555555555555,0.5055555555555555,0.4,0.6111111111111112,1.0000000000000002,1.0,,3,STRUCTURE_ONLY
674,321,0.489247311827957,0.489247311827957,0.3333333333333333,0.6451612903225806,0.9486832980505138,0.9743416490252569,,4,STRUCTURE_ONLY
675,564,0.5303030303030303,0.5303030303030303,0.3333333333333333,0.7272727272727273,,,,0,STRUCTURE_ONLY
675,350,0.5,0.5,0.3333333333333333,0.6666666666666666,1.0000000000000002,1.0,,3,STRUCTURE_ONLY
675,81,0.35,0.35,0.5,0.2,,,,2,STRUCTURE_ONLY
675,6,0.3333333333333333,0.3333333333333333,0.16666666666666666,0.5,,,,0,STRUCTURE_ONLY
675,167,0.293859649122807,0.293859649122807,0.16666666666666666,0.42105263157894735,,,,0,STRUCTURE_ONLY
675,172,0.26515151515151514,0.26515151515151514,0.16666666666666666,0.36363636363636365,0.9428090415820635,0.9714045207910318,,3,STRUCTURE_ONLY
675,120,0.25,0.25,0.16666666666666666,0.3333333333333333,,,,1,STRUCTURE_ONLY
675,419,0.225,0.225,0.2,0.25,1.0000000000000002,1.0,,3,STRUCTURE_ONLY
675,225,0.21957671957671956,0.21957671957671956,0.14285714285714285,0.2962962962962963,,,,0,STRUCTURE_ONLY
675,705,0.19642857142857142,0.19642857142857142,0.14285714285714285,0.25,,,,2,STRUCTURE_ONLY
676,321,0.5902777777777778,0.5902777777777778,0.625,0.5555555555555556,,,,1,STRUCTURE_ONLY
676,599,0.5625,0.5625,0.5,0.625,1.0,1.0,,5,STRUCTURE_ONLY
676,531,0.5357142857142857,0.5357142857142857,0.5,0.5714285714285714,0.9826073688810351,0.9913036844405175,,8,STRUCTURE_ONLY
676,637,0.5111607142857143,0.5111607142857143,0.42857142857142855,0.59375,0.9578414886923188,0.9789207443461594,,6,STRUCTURE_ONLY
676,16,0.49053030303030304,0.49053030303030304,0.375,0.6060606060606061,0.9707253433941511,0.9853626716970756,,4,STRUCTURE_ONLY
676,326,0.4595959595959596,0.4595959595959596,0.36363636363636365,0.5555555555555556,0.4444444444444444,0.7222222222222222,,9,STRUCTURE_ONLY
676,76,0.4593023255813954,0.4593023255813954,0.5,0.4186046511627907,0.9761870601839528,0.9880935300919764,,5,STRUCTURE_ONLY
676,114,0.45833333333333337,0.45833333333333337,0.4166666666666667,0.5,0.9707253433941511,0.9853626716970756,,8,STRUCTURE_ONLY
676,694,0.4564102564102564,0.4564102564102564,0.4,0.5128205128205128,0.9622504486493764,0.9811252243246882,,6,STRUCTURE_ONLY
676,674,0.4513888888888889,0.4513888888888889,0.375,0.5277777777777778,0.9707253433941511,0.9853626716970756,,4,STRUCTURE_ONLY
677,147,0.5,0.5,0.3333333333333333,0.6666666666666666,0.7559289460184544,0.8779644730092272,,4,STRUCTURE_ONLY
677,653,0.5,0.5,0.3333333333333333,0.6666666666666666,,,,1,STRUCTURE_ONLY
677,652,0.225,0.225,0.2,0.25,,,,3,STRUCTURE_ONLY
677,635,0.18253968253968253,0.18253968253968253,0.14285714285714285,0.2222222222222222,0.8164965809277261,0.9082482904638631,,3,STRUCTURE_ONLY
677,303,0.15773809523809523,0.15773809523809523,0.125,0.19047619047619047,,,,1,STRUCTURE_ONLY
677,79,0.14835164835164835,0.14835164835164835,0.14285714285714285,0.15384615384615385,0.7559289460184544,0.8779644730092272,,4,STRUCTURE_ONLY
677,475,0.13,0.13,0.1,0.16,0.8944271909999159,0.9472135954999579,,4,STRUCTURE_ONLY
677,170,0.11060606060606061,0.11060606060606061,0.1,0.12121212121212122,0.7071067811865475,0.8535533905932737,,5,STRUCTURE_ONLY
677,142,0.09895833333333333,0.09895833333333333,0.03125,0.16666666666666666,,,,0,STRUCTURE_ONLY
677,472,0.08345864661654134,0.08345864661654134,0.05263157894736842,0.11428571428571428,,,,1,STRUCTURE_ONLY
678,711,0.5635964912280702,0.5635964912280702,0.4166666666666667,0.7105263157894737,,,,2,STRUCTURE_ONLY
678,679,0.5160714285714286,0.5160714285714286,0.35714285714285715,0.675,,,,1,STRUCTURE_ONLY
678,698,0.5057692307692307,0.5057692307692307,0.46153846153846156,0.55,,,,2,STRUCTURE_ONLY
678,674,0.5055555555555555,0.5055555555555555,0.4,0.6111111111111112,1.0000000000000002,1.0,,3,STRUCTURE_ONLY
678,114,0.5017857142857143,0.5017857142857143,0.42857142857142855,0.575,0.9799578870122229,0.9899789435061115,,6,STRUCTURE_ONLY
678,690,0.5,0.5,0.5,0.5,0.9594032236002469,0.9797016118001234,,7,STRUCTURE_ONLY
678,603,0.4920634920634921,0.4920634920634921,0.42857142857142855,0.5555555555555556,0.7071067811865475,0.8535533905932737,,3,STRUCTURE_ONLY
678,583,0.4857142857142857,0.4857142857142857,0.4,0.5714285714285714,,,,1,STRUCTURE_ONLY
678,599,0.4675324675324675,0.4675324675324675,0.36363636363636365,0.5714285714285714,0.9707253433941511,0.9853626716970756,,4,STRUCTURE_ONLY
678,531,0.4656019656019656,0.4656019656019656,0.36363636363636365,0.5675675675675675,0.9999999999999998,0.9999999999999999,,5,STRUCTURE_ONLY
679,50,0.6309523809523809,0.6309523809523809,0.5,0.7619047619047619,,,,2,STRUCTURE_ONLY
679,721,0.583710407239819,0.583710407239819,0.46153846153846156,0.7058823529411765,0.9525793444156805,0.9762896722078402,,6,STRUCTURE_ONLY
679,531,0.5701298701298702,0.5701298701298702,0.45454545454545453,0.6857142857142857,0.9128709291752769,0.9564354645876385,,6,STRUCTURE_ONLY
679,630,0.5625,0.5625,0.4,0.725,1.0000000000000002,1.0,,3,STRUCTURE_ONLY
679,280,0.5363247863247864,0.5363247863247864,0.46153846153846156,0.6111111111111112,0.9486832980505138,0.9743416490252569,,4,STRUCTURE_ONLY
679,678,0.5160714285714286,0.5160714285714286,0.35714285714285715,0.675,,,,1,STRUCTURE_ONLY
679,188,0.5104166666666667,0.5104166666666667,0.3125,0.7083333333333334,0.9438798074485389,0.9719399037242695,,5,STRUCTURE_ONLY
679,583,0.5053475935828877,0.5053475935828877,0.36363636363636365,0.6470588235294118,0.944911182523068,0.972455591261534,,4,STRUCTURE_ONLY
679,513,0.5022727272727273,0.5022727272727273,0.3,0.7045454545454546,0.8783100656536798,0.9391550328268399,,9,STRUCTURE_ONLY
679,698,0.4956140350877193,0.4956140350877193,0.3333333333333333,0.6578947368421053,,,,2,STRUCTURE_ONLY
680,687,0.3287878787878788,0.3287878787878788,0.16666666666666666,0.4909090909090909,1.0,1.0,,3,STRUCTURE_ONLY
680,721,0.3194444444444444,0.3194444444444444,0.4166666666666667,0.2222222222222222,0.9467292624062573,0.9733646312031287,,6,STRUCTURE_ONLY
680,628,0.3181818181818182,0.3181818181818182,0.4,0.23636363636363636,,,,0,STRUCTURE_ONLY
680,24,0.2986111111111111,0.2986111111111111,0.375,0.2222222222222222,0.6492344540642356,0.8246172270321178,,16,STRUCTURE_ONLY
680,685,0.29464285714285715,0.29464285714285715,0.375,0.21428571428571427,0.8922268747738975,0.9461134373869488,,16,STRUCTURE_ONLY
680,366,0.2708333333333333,0.2708333333333333,0.3333333333333333,0.20833333333333334,0.7216878364870323,0.8608439182435161,,9,STRUCTURE_ONLY
680,198,0.26904761904761904,0.26904761904761904,0.3,0.23809523809523808,0.4216370213557839,0.7108185106778919,,9,STRUCTURE_ONLY
680,321,0.26802507836990597,0.26802507836990597,0.36363636363636365,0.1724137931034483,0.8571428571428571,0.9285714285714286,,5,STRUCTURE_ONLY
680,280,0.26495726495726496,0.26495726495726496,0.3076923076923077,0.2222222222222222,0.9707253433941511,0.9853626716970756,,4,STRUCTURE_ONLY
680,36,0.2636363636363636,0.2636363636363636,0.3,0.22727272727272727,0.7302967433402214,0.8651483716701107,,8,STRUCTURE_ONLY
681,86,0.4930555555555556,0.4930555555555556,0.375,0.6111111111111112,1.0,1.0,,5,STRUCTURE_ONLY
681,752,0.42342342342342343,0.42342342342342343,0.3333333333333333,0.5135135135135135,0.9622504486493763,0.9811252243246882,,3,STRUCTURE_ONLY
681,698,0.41964285714285715,0.41964285714285715,0.21428571428571427,0.625,,,,2,STRUCTURE_ONLY
681,118,0.4111842105263158,0.4111842105263158,0.375,0.4473684210526316,,,,0,STRUCTURE_ONLY
681,339,0.4102990033222591,0.4102990033222591,0.2857142857142857,0.5348837209302325,0.899954085146515,0.9499770425732574,,7,STRUCTURE_ONLY
681,434,0.40674603174603174,0.40674603174603174,0.2857142857142857,0.5277777777777778,,,,0,STRUCTURE_ONLY
681,124,0.39458413926499036,0.39458413926499036,0.36363636363636365,0.425531914893617,0.9635460822563594,0.9817730411281798,,7,STRUCTURE_ONLY
681,324,0.3868421052631579,0.3868421052631579,0.3,0.47368421052631576,,,,2,STRUCTURE_ONLY
681,242,0.3854166666666667,0.3854166666666667,0.25,0.5208333333333334,,,,1,STRUCTURE_ONLY
681,599,0.375,0.375,0.3,0.45,0.9434563530497265,0.9717281765248633,,4,STRUCTURE_ONLY
682,606,0.3875205254515599,0.3875205254515599,0.14285714285714285,0.632183908045977,0.9499999999999998,0.9749999999999999,,8,STRUCTURE_ONLY
682,589,0.28213507625272327,0.28213507625272327,0.07407407407407407,0.49019607843137253,0.8999999999999998,0.95,,4,STRUCTURE_ONLY
682,446,0.22474747474747475,0.22474747474747475,0.05555555555555555,0.3939393939393939,0.7071067811865475,0.8535533905932737,,3,STRUCTURE_ONLY
682,510,0.2225829725829726,0.2225829725829726,0.05555555555555555,0.38961038961038963,,,,0,STRUCTURE_ONLY
682,249,0.20294221907125132,0.20294221907125132,0.03225806451612903,0.37362637362637363,0.8728715609439696,0.9364357804719847,,4,STRUCTURE_ONLY
682,499,0.20272435897435898,0.20272435897435898,0.1875,0.21794871794871795,0.8897565210026093,0.9448782605013046,,10,STRUCTURE_ONLY
682,23,0.1916445623342175,0.1916445623342175,0.038461538461538464,0.3448275862068966,0.9669875568304563,0.9834937784152282,,7,STRUCTURE_ONLY
682,53,0.18560872624912034,0.18560872624912034,0.034482758620689655,0.336734693877551,0.8660254037844387,0.9330127018922194,,3,STRUCTURE_ONLY
682,75,0.17691622103386812,0.17691622103386812,0.030303030303030304,0.3235294117647059,,,,1,STRUCTURE_ONLY
682,280,0.17425320056899005,0.17425320056899005,0.10526315789473684,0.24324324324324326,0.9525793444156805,0.9762896722078402,,3,STRUCTURE_ONLY
684,512,0.3302034428794992,0.3302034428794992,0.1111111111111111,0.5492957746478874,,,,0,STRUCTURE_ONLY
684,574,0.3229166666666667,0.3229166666666667,0.0,0.6458333333333334,0.8918918918918921,0.945945945945946,,13,STRUCTURE_ONLY
684,484,0.31,0.31,0.0,0.62,,,,0,STRUCTURE_ONLY
684,660,0.2714285714285714,0.2714285714285714,0.1,0.44285714285714284,0.7167132003459626,0.8583566001729813,,17,STRUCTURE_ONLY
684,192,0.25,0.25,0.0,0.5,0.7001400420140049,0.8500700210070025,,5,STRUCTURE_ONLY
684,548,0.21010638297872342,0.21010638297872342,0.25,0.1702127659574468,0.9428090415820635,0.9714045207910318,,9,STRUCTURE_ONLY
684,438,0.05665024630541872,0.05665024630541872,0.03571428571428571,0.07758620689655173,,,,1,STRUCTURE_ONLY
684,589,0.03017241379310345,0.03017241379310345,0.0,0.0603448275862069,0.9468641529479987,0.9734320764739994,,8,STRUCTURE_ONLY
684,240,0.02857142857142857,0.02857142857142857,0.0,0.05714285714285714,0.9561828874675149,0.9780914437337574,,4,STRUCTURE_ONLY
684,191,0.022321428571428572,0.022321428571428572,0.0,0.044642857142857144,,,,2,STRUCTURE_ONLY
685,530,0.8333333333333333,0.8333333333333333,0.6666666666666666,1.0,0.8487377281736075,0.9243688640868037,,19,STRUCTURE_ONLY
685,686,0.8333333333333333,0.8333333333333333,0.6666666666666666,1.0,0.9467292624062573,0.9733646312031287,,6,STRUCTURE_ONLY
685,746,0.7222222222222222,0.7222222222222222,0.6666666666666666,0.7777777777777778,,,,1,STRUCTURE_ONLY
685,715,0.7,0.7,0.5,0.9,0.7216878364870323,0.8608439182435161,,12,STRUCTURE_ONLY
685,36,0.675,0.675,0.6,0.75,0.6622661785325219,0.831133089266261,,23,STRUCTURE_ONLY
685,717,0.6090909090909091,0.6090909090909091,0.4,0.8181818181818182,,,,2,STRUCTURE_ONLY
685,268,0.5555555555555556,0.5555555555555556,0.3333333333333333,0.7777777777777778,0.8669214468630108,0.9334607234315053,,10,STRUCTURE_ONLY
685,543,0.5555555555555556,0.5555555555555556,0.3333333333333333,0.7777777777777778,0.8944271909999159,0.9472135954999579,,11,STRUCTURE_ONLY
685,701,0.5555555555555556,0.5555555555555556,0.3333333333333333,0.7777777777777778,0.9486832980505138,0.9743416490252569,,4,STRUCTURE_ONLY
685,754,0.5555555555555556,0.5555555555555556,0.3333333333333333,0.7777777777777778,0.6546536707079772,0.8273268353539887,,4,STRUCTURE_ONLY
686,530,1.0,1.0,1.0,1.0,1.0,1.0,,4,STRUCTURE_ONLY
686,685,0.8333333333333333,0.8333333333333333,0.6666666666666666,1.0,0.9467292624062573,0.9733646312031287,,6,STRUCTURE_ONLY
686,715,0.7833333333333333,0.7833333333333333,0.6666666666666666,0.9,,,,0,STRUCTURE_ONLY
686,717,0.6590909090909092,0.6590909090909092,0.5,0.8181818181818182,,,,0,STRUCTURE_ONLY
686,268,0.6388888888888888,0.6388888888888888,0.5,0.7777777777777778,,,,2,STRUCTURE_ONLY
686,543,0.6388888888888888,0.6388888888888888,0.5,0.7777777777777778,0.9428090415820635,0.9714045207910318,,3,STRUCTURE_ONLY
686,701,0.6388888888888888,0.6388888888888888,0.5,0.7777777777777778,,,,1,STRUCTURE_ONLY
686,754,0.6388888888888888,0.6388888888888888,0.5,0.7777777777777778,,,,1,STRUCTURE_ONLY
686,41,0.5961538461538461,0.5961538461538461,0.5,0.6923076923076923,,,,1,STRUCTURE_ONLY
686,462,0.5961538461538461,0.5961538461538461,0.5,0.6923076923076923,0.9467292624062573,0.9733646312031287,,6,STRUCTURE_ONLY
687,680,0.3287878787878788,0.3287878787878788,0.16666666666666666,0.4909090909090909,1.0,1.0,,3,STRUCTURE_ONLY
687,155,0.25869565217391305,0.25869565217391305,0.3,0.21739130434782608,-0.7337993857053429,0.13310030714732857,,4,STRUCTURE_ONLY
687,366,0.24505928853754938,0.24505928853754938,0.2727272727272727,0.21739130434782608,0.7071067811865475,0.8535533905932737,,4,STRUCTURE_ONLY
687,508,0.24404761904761904,0.24404761904761904,0.25,0.23809523809523808,0.9428090415820635,0.9714045207910318,,3,STRUCTURE_ONLY
687,306,0.24127906976744184,0.24127906976744184,0.25,0.23255813953488372,,,,2,STRUCTURE_ONLY
687,462,0.24127906976744184,0.24127906976744184,0.25,0.23255813953488372,0.8999999999999998,0.95,,4,STRUCTURE_ONLY
687,264,0.23863636363636365,0.23863636363636365,0.25,0.22727272727272727,0.8017837257372731,0.9008918628686365,,5,STRUCTURE_ONLY
687,643,0.23180592991913745,0.23180592991913745,0.14285714285714285,0.32075471698113206,0.968962790249909,0.9844813951249545,,6,STRUCTURE_ONLY
687,36,0.23015873015873015,0.23015873015873015,0.2222222222222222,0.23809523809523808,,,,2,STRUCTURE_ONLY
687,625,0.22739018087855295,0.22739018087855295,0.2222222222222222,0.23255813953488372,0.9428090415820635,0.9714045207910318,,3,STRUCTURE_ONLY
688,695,0.6101190476190476,0.6101190476190476,0.42857142857142855,0.7916666666666666,,,,0,STRUCTURE_ONLY
688,268,0.22807017543859648,0.22807017543859648,0.3333333333333333,0.12280701754385964,,,,1,STRUCTURE_ONLY
688,543,0.22807017543859648,0.22807017543859648,0.3333333333333333,0.12280701754385964,0.9525793444156805,0.9762896722078402,,3,STRUCTURE_ONLY
688,701,0.22807017543859648,0.22807017543859648,0.3333333333333333,0.12280701754385964,,,,0,STRUCTURE_ONLY
688,754,0.22807017543859648,0.22807017543859648,0.3333333333333333,0.12280701754385964,,,,0,STRUCTURE_ONLY
688,706,0.19362745098039214,0.19362745098039214,0.16666666666666666,0.22058823529411764,0.9486832980505138,0.9743416490252569,,6,STRUCTURE_ONLY
688,571,0.19166666666666665,0.19166666666666665,0.25,0.13333333333333333,,,,0,STRUCTURE_ONLY
688,527,0.1875,0.1875,0.25,0.125,,,,0,STRUCTURE_ONLY
688,746,0.18640350877192982,0.18640350877192982,0.25,0.12280701754385964,,,,0,STRUCTURE_ONLY
688,727,0.1853448275862069,0.1853448275862069,0.25,0.1206896551724138,,,,0,STRUCTURE_ONLY
689,612,0.6055555555555556,0.6055555555555556,0.4444444444444444,0.7666666666666667,0.9707253433941511,0.9853626716970756,,10,STRUCTURE_ONLY
689,454,0.5,0.5,0.375,0.625,0.8574929257125442,0.928746462856272,,11,STRUCTURE_ONLY
689,466,0.46969696969696967,0.46969696969696967,0.2727272727272727,0.6666666666666666,0.1889822365046136,0.5944911182523068,,4,STRUCTURE_ONLY
689,211,0.44886363636363635,0.44886363636363635,0.2727272727272727,0.625,,,,2,STRUCTURE_ONLY
689,447,0.4278846153846154,0.4278846153846154,0.23076923076923078,0.625,0.8944271909999159,0.9472135954999579,,6,STRUCTURE_ONLY
689,630,0.4126819126819127,0.4126819126819127,0.23076923076923078,0.5945945945945946,,,,2,STRUCTURE_ONLY
689,299,0.4083333333333333,0.4083333333333333,0.25,0.5666666666666667,0.7606388292556648,0.8803194146278324,,11,STRUCTURE_ONLY
689,112,0.4025735294117647,0.4025735294117647,0.1875,0.6176470588235294,0.3563483225498992,0.6781741612749496,,12,STRUCTURE_ONLY
689,641,0.3952702702702703,0.3952702702702703,0.25,0.5405405405405406,,,,4,STRUCTURE_ONLY
689,721,0.3833333333333333,0.3833333333333333,0.16666666666666666,0.6,0.769800358919501,0.8849001794597505,,6,STRUCTURE_ONLY
690,603,0.5523809523809524,0.5523809523809524,0.5333333333333333,0.5714285714285714,0.4999999999999999,0.75,,5,STRUCTURE_ONLY
690,678,0.5,0.5,0.5,0.5,0.9594032236002469,0.9797016118001234,,7,STRUCTURE_ONLY
690,444,0.489463601532567,0.489463601532567,0.4444444444444444,0.5344827586206896,0.8451542547285166,0.9225771273642582,,12,STRUCTURE_ONLY
690,513,0.4666666666666667,0.4666666666666667,0.4,0.5333333333333333,0.915208630644859,0.9576043153224295,,9,STRUCTURE_ONLY
690,707,0.4585820895522388,0.4585820895522388,0.35,0.5671641791044776,0.9173649445877259,0.9586824722938629,,16,STRUCTURE_ONLY
690,339,0.45511363636363633,0.45511363636363633,0.4375,0.4727272727272727,0.8132202844993978,0.9066101422496988,,10,STRUCTURE_ONLY
690,679,0.44642857142857145,0.44642857142857145,0.375,0.5178571428571429,0.9622504486493763,0.9811252243246882,,3,STRUCTURE_ONLY
690,188,0.44010416666666663,0.44010416666666663,0.3333333333333333,0.546875,0.8140915784106942,0.9070457892053472,,8,STRUCTURE_ONLY
690,711,0.43518518518518523,0.43518518518518523,0.3333333333333333,0.5370370370370371,0.9622504486493763,0.9811252243246882,,3,STRUCTURE_ONLY
690,466,0.42641509433962266,0.42641509433962266,0.4,0.4528301886792453,0.5773502691896257,0.7886751345948129,,3,STRUCTURE_ONLY
691,528,0.4875,0.4875,0.375,0.6,,,,1,STRUCTURE_ONLY
691,530,0.44791666666666663,0.44791666666666663,0.3333333333333333,0.5625,,,,2,STRUCTURE_ONLY
691,686,0.44791666666666663,0.44791666666666663,0.3333333333333333,0.5625,,,,0,STRUCTURE_ONLY
691,685,0.42410714285714285,0.42410714285714285,0.2857142857142857,0.5625,,,,1,STRUCTURE_ONLY
691,715,0.40756302521008403,0.40756302521008403,0.2857142857142857,0.5294117647058824,1.0000000000000002,1.0,,3,STRUCTURE_ONLY
691,422,0.4,0.4,0.3,0.5,,,,1,STRUCTURE_ONLY
691,307,0.39285714285714285,0.39285714285714285,0.2857142857142857,0.5,,,,1,STRUCTURE_ONLY
691,717,0.375,0.375,0.25,0.5,,,,2,STRUCTURE_ONLY
691,40,0.3719806763285024,0.3719806763285024,0.2222222222222222,0.5217391304347826,,,,1,STRUCTURE_ONLY
691,231,0.36923076923076925,0.36923076923076925,0.2,0.5384615384615384,,,,1,STRUCTURE_ONLY
692,88,0.5416666666666667,0.5416666666666667,0.5,0.5833333333333334,0.6002450479987809,0.8001225239993904,,11,STRUCTURE_ONLY
692,635,0.5192307692307692,0.5192307692307692,0.5,0.5384615384615384,0.9561828874675149,0.9780914437337574,,4,STRUCTURE_ONLY
692,303,0.46360153256704983,0.46360153256704983,0.4444444444444444,0.4827586206896552,,,,2,STRUCTURE_ONLY
692,479,0.45833333333333337,0.45833333333333337,0.3333333333333333,0.5833333333333334,1.0000000000000002,1.0,,3,STRUCTURE_ONLY
692,129,0.43452380952380953,0.43452380952380953,0.2857142857142857,0.5833333333333334,,,,2,STRUCTURE_ONLY
692,411,0.41666666666666663,0.41666666666666663,0.3333333333333333,0.5,0.8888888888888888,0.9444444444444444,,6,STRUCTURE_ONLY
692,601,0.41369047619047616,0.41369047619047616,0.2857142857142857,0.5416666666666666,0.9428090415820635,0.9714045207910318,,3,STRUCTURE_ONLY
692,418,0.41208791208791207,0.41208791208791207,0.2857142857142857,0.5384615384615384,1.0000000000000002,1.0,,3,STRUCTURE_ONLY
692,130,0.40804597701149425,0.40804597701149425,0.3333333333333333,0.4827586206896552,0.9013878188659974,0.9506939094329987,,10,STRUCTURE_ONLY
692,390,0.3958333333333333,0.3958333333333333,0.25,0.5416666666666666,-0.09622504486493763,0.45188747756753117,,9,STRUCTURE_ONLY
693,33,0.5082417582417582,0.5082417582417582,0.23076923076923078,0.7857142857142857,0.7453559924999299,0.8726779962499649,,21,STRUCTURE_ONLY
693,113,0.09148550724637682,0.09148550724637682,0.125,0.057971014492753624,0.7745966692414834,0.8872983346207417,,5,STRUCTURE_ONLY
693,389,0.09148550724637682,0.09148550724637682,0.125,0.057971014492753624,,,,2,STRUCTURE_ONLY
693,530,0.09027777777777778,0.09027777777777778,0.125,0.05555555555555555,0.723746864455746,0.8618734322278729,,16,STRUCTURE_ONLY
693,686,0.09027777777777778,0.09027777777777778,0.125,0.05555555555555555,0.8017837257372731,0.9008918628686365,,4,STRUCTURE_ONLY
693,574,0.08525852585258525,0.08525852585258525,0.1111111111111111,0.0594059405940594,0.8207826816681233,0.9103913408340616,,14,STRUCTURE_ONLY
693,497,0.08333333333333333,0.08333333333333333,0.1111111111111111,0.05555555555555555,0.727606875108999,0.8638034375544995,,11,STRUCTURE_ONLY
693,685,0.08333333333333333,0.08333333333333333,0.1111111111111111,0.05555555555555555,0.5799865854994128,0.7899932927497064,,26,STRUCTURE_ONLY
693,229,0.08295281582952815,0.08295281582952815,0.1111111111111111,0.0547945205479452,0.7499999999999999,0.875,,5,STRUCTURE_ONLY
693,715,0.08295281582952815,0.08295281582952815,0.1111111111111111,0.0547945205479452,0.7071067811865476,0.8535533905932737,,6,STRUCTURE_ONLY
694,531,0.6777777777777778,0.6777777777777778,0.5555555555555556,0.8,0.7905694150420948,0.8952847075210474,,8,STRUCTURE_ONLY
694,599,0.55,0.55,0.4,0.7,0.9622504486493763,0.9811252243246882,,3,STRUCTURE_ONLY
694,577,0.5053475935828877,0.5053475935828877,0.36363636363636365,0.6470588235294118,1.0000000000000002,1.0,,3,STRUCTURE_ONLY
694,179,0.5,0.5,0.29411764705882354,0.7058823529411765,0.7715167498104595,0.8857583749052298,,8,STRUCTURE_ONLY
694,637,0.5,0.5,0.3333333333333333,0.6666666666666666,0.9438798074485389,0.9719399037242695,,5,STRUCTURE_ONLY
694,114,0.498015873015873,0.498015873015873,0.35714285714285715,0.6388888888888888,1.0000000000000002,1.0,,6,STRUCTURE_ONLY
694,69,0.4792207792207792,0.4792207792207792,0.2727272727272727,0.6857142857142857,0.7142857142857142,0.8571428571428571,,7,STRUCTURE_ONLY
694,583,0.4725806451612903,0.4725806451612903,0.3,0.6451612903225806,1.0000000000000002,1.0,,3,STRUCTURE_ONLY
694,321,0.4675324675324675,0.4675324675324675,0.36363636363636365,0.5714285714285714,0.9622504486493763,0.9811252243246882,,3,STRUCTURE_ONLY
694,16,0.4625,0.4625,0.3,0.625,0.8164965809277259,0.9082482904638629,,3,STRUCTURE_ONLY
695,688,0.6101190476190476,0.6101190476190476,0.42857142857142855,0.7916666666666666,,,,0,STRUCTURE_ONLY
695,583,0.30180180180180183,0.30180180180180183,0.3333333333333333,0.2702702702702703,,,,2,STRUCTURE_ONLY
695,712,0.3,0.3,0.3333333333333333,0.26666666666666666,,,,2,STRUCTURE_ONLY
695,611,0.26794258373205737,0.26794258373205737,0.2727272727272727,0.2631578947368421,1.0000000000000002,1.0,,3,STRUCTURE_ONLY
695,415,0.26456876456876455,0.26456876456876455,0.2727272727272727,0.2564102564102564,1.0000000000000002,1.0,,3,STRUCTURE_ONLY
695,577,0.262945914844649,0.262945914844649,0.2727272727272727,0.25316455696202533,,,,2,STRUCTURE_ONLY
695,678,0.2330316742081448,0.2330316742081448,0.23076923076923078,0.23529411764705882,,,,1,STRUCTURE_ONLY
695,544,0.23059964726631393,0.23059964726631393,0.21428571428571427,0.24691358024691357,,,,2,STRUCTURE_ONLY
695,698,0.23059964726631393,0.23059964726631393,0.21428571428571427,0.24691358024691357,1.0000000000000002,1.0,,3,STRUCTURE_ONLY
695,674,0.22987012987012986,0.22987012987012986,0.2,0.2597402597402597,,,,2,STRUCTURE_ONLY
696,137,0.4861111111111111,0.4861111111111111,0.4722222222222222,0.5,0.943701430841551,0.9718507154207755,,9,STRUCTURE_ONLY
696,700,0.3930597771023303,0.3930597771023303,0.34285714285714286,0.4432624113475177,0.923869770874312,0.961934885437156,,9,STRUCTURE_ONLY
696,638,0.38245614035087716,0.38245614035087716,0.3333333333333333,0.43157894736842106,0.9428090415820635,0.9714045207910318,,3,STRUCTURE_ONLY
696,578,0.3283789563729683,0.3283789563729683,0.32142857142857145,0.33532934131736525,0.9358786874253315,0.9679393437126658,,14,STRUCTURE_ONLY
696,241,0.32555946693487553,0.32555946693487553,0.24390243902439024,0.4072164948453608,0.7142857142857142,0.8571428571428571,,7,STRUCTURE_ONLY
696,534,0.28460405759162305,0.28460405759162305,0.28125,0.2879581151832461,0.9432422182837986,0.9716211091418994,,5,STRUCTURE_ONLY
696,707,0.2447753396029258,0.2447753396029258,0.24242424242424243,0.2471264367816092,0.968003865827958,0.9840019329139791,,8,STRUCTURE_ONLY
696,524,0.24324881467738613,0.24324881467738613,0.16326530612244897,0.32323232323232326,0.7,0.85,,7,STRUCTURE_ONLY
696,690,0.22085777126099707,0.22085777126099707,0.22580645161290322,0.2159090909090909,,,,1,STRUCTURE_ONLY
696,154,0.17542476791031703,0.17542476791031703,0.21212121212121213,0.13872832369942195,,,,0,STRUCTURE_ONLY
698,465,0.543939393939394,0.543939393939394,0.45454545454545453,0.6333333333333333,0.9258200997725515,0.9629100498862757,,6,STRUCTURE_ONLY
698,611,0.5364583333333334,0.5364583333333334,0.4166666666666667,0.65625,0.9486832980505138,0.9743416490252569,,5,STRUCTURE_ONLY
698,583,0.5318181818181817,0.5318181818181817,0.36363636363636365,0.7,,,,2,STRUCTURE_ONLY
698,674,0.5255681818181819,0.5255681818181819,0.36363636363636365,0.6875,0.9428090415820635,0.9714045207910318,,3,STRUCTURE_ONLY
698,114,0.5194444444444444,0.5194444444444444,0.4,0.6388888888888888,0.903696114115064,0.9518480570575321,,7,STRUCTURE_ONLY
698,678,0.5057692307692307,0.5057692307692307,0.46153846153846156,0.55,,,,2,STRUCTURE_ONLY
698,544,0.4980694980694981,0.4980694980694981,0.42857142857142855,0.5675675675675675,0.5773502691896257,0.7886751345948129,,9,STRUCTURE_ONLY
698,679,0.4956140350877193,0.4956140350877193,0.3333333333333333,0.6578947368421053,,,,2,STRUCTURE_ONLY
698,415,0.48717948717948717,0.48717948717948717,0.3076923076923077,0.6666666666666666,0.9660917830792959,0.9830458915396479,,9,STRUCTURE_ONLY
698,244,0.4806547619047619,0.4806547619047619,0.4375,0.5238095238095238,0.9999999999999998,0.9999999999999999,,5,STRUCTURE_ONLY
700,696,0.3930597771023303,0.3930597771023303,0.34285714285714286,0.4432624113475177,0.923869770874312,0.961934885437156,,9,STRUCTURE_ONLY
700,524,0.37142857142857144,0.37142857142857144,0.23809523809523808,0.5047619047619047,0.9315516419063741,0.965775820953187,,27,STRUCTURE_ONLY
700,137,0.3508958396598846,0.3508958396598846,0.2972972972972973,0.4044943820224719,0.8825226081218283,0.9412613040609141,,24,STRUCTURE_ONLY
700,638,0.3476284584980237,0.3476284584980237,0.3,0.3952569169960474,0.9104654680003258,0.955232734000163,,10,STRUCTURE_ONLY
700,642,0.34416250160194795,0.34416250160194795,0.25925925925925924,0.4290657439446367,0.4124789556921527,0.7062394778460763,,15,STRUCTURE_ONLY
700,534,0.2968571428571428,0.2968571428571428,0.2857142857142857,0.308,0.9141401281603622,0.957070064080181,,17,STRUCTURE_ONLY
700,241,0.27103174603174607,0.27103174603174607,0.2777777777777778,0.2642857142857143,0.8803941926854268,0.9401970963427134,,41,STRUCTURE_ONLY
700,578,0.2504417670682731,0.2504417670682731,0.28,0.22088353413654618,0.860952897772746,0.930476448886373,,35,STRUCTURE_ONLY
700,200,0.15536332179930795,0.15536332179930795,0.2,0.11072664359861592,0.8907986681660891,0.9453993340830446,,14,STRUCTURE_ONLY
700,346,0.15079365079365079,0.15079365079365079,0.1111111111111111,0.19047619047619047,0.96312313730186,0.98156156865093,,20,STRUCTURE_ONLY
701,268,1.0,1.0,1.0,1.0,0.9428090415820635,0.9714045207910318,,3,STRUCTURE_ONLY
701,543,1.0,1.0,1.0,1.0,0.9428090415820632,0.9714045207910316,,3,STRUCTURE_ONLY
701,754,1.0,1.0,1.0,1.0,,,,1,STRUCTURE_ONLY
701,746,0.75,0.75,0.5,1.0,,,,0,STRUCTURE_ONLY
701,727,0.6875,0.6875,0.5,0.875,,,,1,STRUCTURE_ONLY
701,530,0.6388888888888888,0.6388888888888888,0.5,0.7777777777777778,,,,2,STRUCTURE_ONLY
701,686,0.6388888888888888,0.6388888888888888,0.5,0.7777777777777778,,,,1,STRUCTURE_ONLY
701,176,0.6041666666666666,0.6041666666666666,0.3333333333333333,0.875,,,,2,STRUCTURE_ONLY
701,92,0.6,0.6,0.5,0.7,-0.8164965809277261,0.09175170953613693,,3,STRUCTURE_ONLY
701,363,0.6,0.6,0.5,0.7,,,,2,STRUCTURE_ONLY
702,752,0.6203703703703703,0.6203703703703703,0.5,0.7407407407407407,0.9594032236002469,0.9797016118001234,,5,STRUCTURE_ONLY
702,135,0.5642857142857143,0.5642857142857143,0.5,0.6285714285714286,0.7715167498104595,0.8857583749052298,,4,STRUCTURE_ONLY
702,118,0.5518518518518518,0.5518518518518518,0.4,0.7037037037037037,,,,0,STRUCTURE_ONLY
702,333,0.5308823529411765,0.5308823529411765,0.4117647058823529,0.65,,,,2,STRUCTURE_ONLY
702,27,0.4462962962962963,0.4462962962962963,0.3,0.5925925925925926,,,,1,STRUCTURE_ONLY
702,436,0.4318181818181818,0.4318181818181818,0.36363636363636365,0.5,,,,1,STRUCTURE_ONLY
702,509,0.41666666666666663,0.41666666666666663,0.3333333333333333,0.5,0.857142857142857,0.9285714285714285,,4,STRUCTURE_ONLY
702,366,0.40897435897435896,0.40897435897435896,0.38461538461538464,0.43333333333333335,,,,1,STRUCTURE_ONLY
702,554,0.39919354838709675,0.39919354838709675,0.25,0.5483870967741935,0.40824829046386296,0.7041241452319315,,4,STRUCTURE_ONLY
702,300,0.39555555555555555,0.39555555555555555,0.28,0.5111111111111111,,,,0,STRUCTURE_ONLY
704,558,0.717948717948718,0.717948717948718,0.6666666666666666,0.7692307692307693,0.6123724356957945,0.8061862178478972,,5,STRUCTURE_ONLY
704,198,0.5512820512820513,0.5512820512820513,0.3333333333333333,0.7692307692307693,0.944911182523068,0.972455591261534,,4,STRUCTURE_ONLY
704,306,0.5125,0.5125,0.4,0.625,0.9647638212377322,0.982381910618866,,7,STRUCTURE_ONLY
704,719,0.5125,0.5125,0.4,0.625,0.8770580193070293,0.9385290096535146,,7,STRUCTURE_ONLY
704,121,0.4772727272727273,0.4772727272727273,0.5,0.45454545454545453,0.8333333333333335,0.9166666666666667,,6,STRUCTURE_ONLY
704,282,0.47619047619047616,0.47619047619047616,0.2857142857142857,0.6666666666666666,,,,0,STRUCTURE_ONLY
704,129,0.4631578947368421,0.4631578947368421,0.4,0.5263157894736842,0.8333333333333335,0.9166666666666667,,6,STRUCTURE_ONLY
704,506,0.4607843137254902,0.4607843137254902,0.3333333333333333,0.5882352941176471,0.9525793444156805,0.9762896722078402,,6,STRUCTURE_ONLY
704,648,0.4607843137254902,0.4607843137254902,0.3333333333333333,0.5882352941176471,0.9594032236002469,0.9797016118001234,,5,STRUCTURE_ONLY
704,418,0.4380952380952381,0.4380952380952381,0.4,0.47619047619047616,0.8642416214502248,0.9321208107251124,,6,STRUCTURE_ONLY
705,601,0.4400921658986175,0.4400921658986175,0.42857142857142855,0.45161290322580644,1.0000000000000002,1.0,,3,STRUCTURE_ONLY
705,202,0.4126794258373206,0.4126794258373206,0.2727272727272727,0.5526315789473685,1.0000000000000002,1.0,,3,STRUCTURE_ONLY
705,172,0.3819444444444444,0.3819444444444444,0.375,0.3888888888888889,0.9442527536350019,0.972126376817501,,34,STRUCTURE_ONLY
705,155,0.36875,0.36875,0.3,0.4375,-0.6428571428571429,0.17857142857142855,,17,STRUCTURE_ONLY
705,47,0.34444444444444444,0.34444444444444444,0.3,0.3888888888888889,0.7144957674337002,0.8572478837168501,,23,STRUCTURE_ONLY
705,411,0.33035714285714285,0.33035714285714285,0.2857142857142857,0.375,0.8970852271450604,0.9485426135725302,,9,STRUCTURE_ONLY
705,225,0.3236842105263158,0.3236842105263158,0.2,0.4473684210526316,1.0,1.0,,4,STRUCTURE_ONLY
705,530,0.31666666666666665,0.31666666666666665,0.3333333333333333,0.3,0.888336318148377,0.9441681590741885,,14,STRUCTURE_ONLY
705,686,0.31666666666666665,0.31666666666666665,0.3333333333333333,0.3,1.0,1.0,,4,STRUCTURE_ONLY
705,723,0.3125,0.3125,0.25,0.375,,,,2,STRUCTURE_ONLY
706,508,0.34523809523809523,0.34523809523809523,0.3333333333333333,0.35714285714285715,0.9430419201928973,0.9715209600964487,,14,STRUCTURE_ONLY
706,506,0.30952380952380953,0.30952380952380953,0.2857142857142857,0.3333333333333333,0.9827076298239908,0.9913538149119954,,7,STRUCTURE_ONLY
706,528,0.29910714285714285,0.29910714285714285,0.2857142857142857,0.3125,,,,1,STRUCTURE_ONLY
706,752,0.28174603174603174,0.28174603174603174,0.2857142857142857,0.2777777777777778,0.9538209664765318,0.9769104832382659,,7,STRUCTURE_ONLY
706,565,0.26785714285714285,0.26785714285714285,0.25,0.2857142857142857,0.7198740330653561,0.8599370165326781,,11,STRUCTURE_ONLY
706,155,0.2673611111111111,0.2673611111111111,0.2222222222222222,0.3125,-0.49190985824841454,0.25404507087579276,,18,STRUCTURE_ONLY
706,268,0.2596153846153846,0.2596153846153846,0.25,0.2692307692307692,0.9090909090909091,0.9545454545454546,,7,STRUCTURE_ONLY
706,543,0.2596153846153846,0.2596153846153846,0.25,0.2692307692307692,0.9124211282466754,0.9562105641233377,,8,STRUCTURE_ONLY
706,701,0.2596153846153846,0.2596153846153846,0.25,0.2692307692307692,0.9561828874675149,0.9780914437337574,,5,STRUCTURE_ONLY
706,754,0.2596153846153846,0.2596153846153846,0.25,0.2692307692307692,0.9622504486493763,0.9811252243246882,,3,STRUCTURE_ONLY
707,690,0.4585820895522388,0.4585820895522388,0.35,0.5671641791044776,0.9173649445877259,0.9586824722938629,,16,STRUCTURE_ONLY
707,679,0.3563074352548037,0.3563074352548037,0.3157894736842105,0.3968253968253968,0.9622504486493763,0.9811252243246882,,9,STRUCTURE_ONLY
707,154,0.34659090909090906,0.34659090909090906,0.3181818181818182,0.375,1.0,1.0,,4,STRUCTURE_ONLY
707,721,0.3406698564593301,0.3406698564593301,0.2631578947368421,0.41818181818181815,0.7462025072446364,0.8731012536223182,,11,STRUCTURE_ONLY
707,578,0.3246599645180367,0.3246599645180367,0.3684210526315789,0.2808988764044944,0.8602374691917115,0.9301187345958557,,35,STRUCTURE_ONLY
707,50,0.3211594202898551,0.3211594202898551,0.28,0.36231884057971014,0.9669875568304563,0.9834937784152282,,7,STRUCTURE_ONLY
707,135,0.3055555555555556,0.3055555555555556,0.2777777777777778,0.3333333333333333,0.9525793444156805,0.9762896722078402,,3,STRUCTURE_ONLY
707,280,0.3039927404718693,0.3039927404718693,0.2631578947368421,0.3448275862068966,0.9449111825230682,0.972455591261534,,6,STRUCTURE_ONLY
707,45,0.2986111111111111,0.2986111111111111,0.2222222222222222,0.375,0.07647191129018724,0.5382359556450936,,12,STRUCTURE_ONLY
707,660,0.2971014492753623,0.2971014492753623,0.3333333333333333,0.2608695652173913,0.23112508176051216,0.6155625408802561,,18,STRUCTURE_ONLY
709,526,0.49615384615384617,0.49615384615384617,0.3,0.6923076923076923,0.9429903335828895,0.9714951667914448,,13,STRUCTURE_ONLY
709,101,0.3881118881118881,0.3881118881118881,0.23076923076923078,0.5454545454545454,0.9415130835240085,0.9707565417620043,,13,STRUCTURE_ONLY
709,200,0.3356579745300182,0.3356579745300182,0.17647058823529413,0.4948453608247423,0.9074852129730302,0.9537426064865151,,9,STRUCTURE_ONLY
709,595,0.3080357142857143,0.3080357142857143,0.1875,0.42857142857142855,0.8743856497851875,0.9371928248925938,,12,STRUCTURE_ONLY
709,77,0.2723381487426431,0.2723381487426431,0.09523809523809523,0.449438202247191,,,,1,STRUCTURE_ONLY
709,713,0.20608108108108109,0.20608108108108109,0.25,0.16216216216216217,0.9190074972809804,0.9595037486404903,,13,STRUCTURE_ONLY
709,620,0.18253968253968253,0.18253968253968253,0.2222222222222222,0.14285714285714285,0.8838834764831843,0.9419417382415922,,5,STRUCTURE_ONLY
709,427,0.18,0.18,0.2,0.16,0.9280776503073436,0.9640388251536718,,11,STRUCTURE_ONLY
709,45,0.1759493670886076,0.1759493670886076,0.2,0.1518987341772152,0.4029114820126901,0.7014557410063451,,9,STRUCTURE_ONLY
709,79,0.17317073170731706,0.17317073170731706,0.2,0.14634146341463414,0.5063696835418333,0.7531848417709166,,19,STRUCTURE_ONLY
710,721,0.4727272727272727,0.4727272727272727,0.4,0.5454545454545454,0.944911182523068,0.972455591261534,,4,STRUCTURE_ONLY
710,160,0.42448512585812354,0.42448512585812354,0.21739130434782608,0.631578947368421,,,,1,STRUCTURE_ONLY
710,45,0.4145833333333333,0.4145833333333333,0.26666666666666666,0.5625,0.944911182523068,0.972455591261534,,4,STRUCTURE_ONLY
710,154,0.4125,0.4125,0.3,0.525,,,,0,STRUCTURE_ONLY
710,182,0.4125,0.4125,0.2916666666666667,0.5333333333333333,0.7745966692414834,0.8872983346207417,,3,STRUCTURE_ONLY
710,50,0.4095045500505561,0.4095045500505561,0.2608695652173913,0.5581395348837209,,,,1,STRUCTURE_ONLY
710,718,0.40463458110516937,0.40463458110516937,0.29411764705882354,0.5151515151515151,,,,1,STRUCTURE_ONLY
710,52,0.40131578947368424,0.40131578947368424,0.25,0.5526315789473685,,,,2,STRUCTURE_ONLY
710,309,0.391304347826087,0.391304347826087,0.30434782608695654,0.4782608695652174,1.0000000000000002,1.0,,3,STRUCTURE_ONLY
710,427,0.38685344827586204,0.38685344827586204,0.1875,0.5862068965517241,,,,2,STRUCTURE_ONLY
711,678,0.5635964912280702,0.5635964912280702,0.4166666666666667,0.7105263157894737,,,,2,STRUCTURE_ONLY
711,466,0.45940170940170943,0.45940170940170943,0.3076923076923077,0.6111111111111112,1.0,1.0,,4,STRUCTURE_ONLY
711,603,0.4547619047619048,0.4547619047619048,0.26666666666666666,0.6428571428571429,,,,1,STRUCTURE_ONLY
711,679,0.4461538461538461,0.4461538461538461,0.2,0.6923076923076923,1.0000000000000002,1.0,,3,STRUCTURE_ONLY
711,513,0.44269005847953213,0.44269005847953213,0.2631578947368421,0.6222222222222222,0.9561828874675149,0.9780914437337574,,5,STRUCTURE_ONLY
711,441,0.4358974358974359,0.4358974358974359,0.3076923076923077,0.5641025641025641,0.9999999999999998,0.9999999999999999,,5,STRUCTURE_ONLY
711,690,0.43518518518518523,0.43518518518518523,0.3333333333333333,0.5370370370370371,0.9622504486493763,0.9811252243246882,,3,STRUCTURE_ONLY
711,114,0.42820512820512824,0.42820512820512824,0.26666666666666666,0.5897435897435898,0.9258200997725514,0.9629100498862757,,7,STRUCTURE_ONLY
711,339,0.42820512820512824,0.42820512820512824,0.26666666666666666,0.5897435897435898,0.9799578870122229,0.9899789435061115,,6,STRUCTURE_ONLY
711,531,0.42803030303030304,0.42803030303030304,0.2727272727272727,0.5833333333333334,0.7745966692414834,0.8872983346207417,,5,STRUCTURE_ONLY
712,625,0.6159420289855072,0.6159420289855072,0.6666666666666666,0.5652173913043478,,,,1,STRUCTURE_ONLY
712,583,0.6142857142857143,0.6142857142857143,0.42857142857142855,0.8,,,,1,STRUCTURE_ONLY
712,611,0.537037037037037,0.537037037037037,0.3333333333333333,0.7407407407407407,,,,1,STRUCTURE_ONLY
712,415,0.5114942528735632,0.5114942528735632,0.3333333333333333,0.6896551724137931,0.8770580193070293,0.9385290096535146,,4,STRUCTURE_ONLY
712,577,0.5,0.5,0.3333333333333333,0.6666666666666666,,,,1,STRUCTURE_ONLY
712,216,0.49428571428571433,0.49428571428571433,0.42857142857142855,0.56,0.9622504486493763,0.9811252243246882,,3,STRUCTURE_ONLY
712,674,0.48214285714285715,0.48214285714285715,0.25,0.7142857142857143,,,,1,STRUCTURE_ONLY
712,637,0.4576719576719577,0.4576719576719577,0.2857142857142857,0.6296296296296297,,,,1,STRUCTURE_ONLY
712,86,0.4464285714285714,0.4464285714285714,0.2857142857142857,0.6071428571428571,,,,2,STRUCTURE_ONLY
712,324,0.43803418803418803,0.43803418803418803,0.2222222222222222,0.6538461538461539,1.0,1.0,,3,STRUCTURE_ONLY
713,427,0.33999999999999997,0.33999999999999997,0.2,0.48,0.9198662110077999,0.9599331055039,,12,STRUCTURE_ONLY
713,45,0.30689655172413793,0.30689655172413793,0.2,0.41379310344827586,-0.15118578920369088,0.42440710539815457,,11,STRUCTURE_ONLY
713,620,0.2875816993464052,0.2875816993464052,0.2222222222222222,0.35294117647058826,0.9486832980505138,0.9743416490252569,,4,STRUCTURE_ONLY
713,79,0.2875,0.2875,0.2,0.375,0.5675043538391658,0.7837521769195829,,21,STRUCTURE_ONLY
713,718,0.2838196286472149,0.2838196286472149,0.15384615384615385,0.41379310344827586,,,,2,STRUCTURE_ONLY
713,721,0.2833333333333333,0.2833333333333333,0.16666666666666666,0.4,0.680336051416609,0.8401680257083045,,7,STRUCTURE_ONLY
713,499,0.28181818181818186,0.28181818181818186,0.2,0.36363636363636365,0.9468641529479986,0.9734320764739993,,19,STRUCTURE_ONLY
713,262,0.2768817204301075,0.2768817204301075,0.16666666666666666,0.3870967741935484,0.23320381162846934,0.6166019058142347,,17,STRUCTURE_ONLY
713,286,0.27045454545454545,0.27045454545454545,0.2,0.3409090909090909,0.9339475705392295,0.9669737852696147,,10,STRUCTURE_ONLY
713,135,0.25757575757575757,0.25757575757575757,0.18181818181818182,0.3333333333333333,0.9622504486493763,0.9811252243246882,,3,STRUCTURE_ONLY
715,530,0.7833333333333333,0.7833333333333333,0.6666666666666666,0.9,0.5303300858899106,0.7651650429449552,,5,STRUCTURE_ONLY
715,686,0.7833333333333333,0.7833333333333333,0.6666666666666666,0.9,,,,0,STRUCTURE_ONLY
715,685,0.7,0.7,0.5,0.9,0.7216878364870323,0.8608439182435161,,12,STRUCTURE_ONLY
715,717,0.575,0.575,0.4,0.75,1.0,1.0,,4,STRUCTURE_ONLY
715,41,0.5214285714285715,0.5214285714285715,0.4,0.6428571428571429,0.7071067811865475,0.8535533905932737,,4,STRUCTURE_ONLY
715,462,0.5214285714285715,0.5214285714285715,0.4,0.6428571428571429,0.6285393610547089,0.8142696805273544,,9,STRUCTURE_ONLY
715,719,0.5214285714285715,0.5214285714285715,0.4,0.6428571428571429,0.8366600265340756,0.9183300132670378,,8,STRUCTURE_ONLY
715,268,0.5166666666666666,0.5166666666666666,0.3333333333333333,0.7,-0.1889822365046136,0.4055088817476932,,5,STRUCTURE_ONLY
715,543,0.5166666666666666,0.5166666666666666,0.3333333333333333,0.7,0.6123724356957946,0.8061862178478973,,8,STRUCTURE_ONLY
715,701,0.5166666666666666,0.5166666666666666,0.3333333333333333,0.7,0.8944271909999159,0.9472135954999579,,4,STRUCTURE_ONLY
716,530,0.55,0.55,0.5,0.6,,,,1,STRUCTURE_ONLY
716,686,0.55,0.55,0.5,0.6,,,,2,STRUCTURE_ONLY
716,685,0.5,0.5,0.4,0.6,1.0,1.0,,4,STRUCTURE_ONLY
716,715,0.48125,0.48125,0.4,0.5625,,,,2,STRUCTURE_ONLY
716,717,0.47916666666666663,0.47916666666666663,0.3333333333333333,0.625,,,,0,STRUCTURE_ONLY
716,462,0.4444444444444444,0.4444444444444444,0.3333333333333333,0.5555555555555556,0.9622504486493763,0.9811252243246882,,3,STRUCTURE_ONLY
716,719,0.4444444444444444,0.4444444444444444,0.3333333333333333,0.5555555555555556,,,,2,STRUCTURE_ONLY
716,36,0.4369747899159664,0.4369747899159664,0.2857142857142857,0.5882352941176471,,,,2,STRUCTURE_ONLY
716,601,0.41666666666666663,0.41666666666666663,0.3333333333333333,0.5,,,,0,STRUCTURE_ONLY
716,620,0.40783410138248843,0.40783410138248843,0.42857142857142855,0.3870967741935484,,,,1,STRUCTURE_ONLY
717,530,0.6590909090909092,0.6590909090909092,0.5,0.8181818181818182,0.9428090415820635,0.9714045207910318,,3,STRUCTURE_ONLY
717,686,0.6590909090909092,0.6590909090909092,0.5,0.8181818181818182,,,,0,STRUCTURE_ONLY
717,685,0.6090909090909091,0.6090909090909091,0.4,0.8181818181818182,,,,2,STRUCTURE_ONLY
717,715,0.575,0.575,0.4,0.75,1.0,1.0,,4,STRUCTURE_ONLY
717,716,0.47916666666666663,0.47916666666666663,0.3333333333333333,0.625,,,,0,STRUCTURE_ONLY
717,41,0.4666666666666667,0.4666666666666667,0.3333333333333333,0.6,,,,2,STRUCTURE_ONLY
717,462,0.4666666666666667,0.4666666666666667,0.3333333333333333,0.6,1.0,1.0,,4,STRUCTURE_ONLY
717,719,0.4666666666666667,0.4666666666666667,0.3333333333333333,0.6,,,,2,STRUCTURE_ONLY
717,36,0.4642857142857143,0.4642857142857143,0.2857142857142857,0.6428571428571429,1.0000000000000002,1.0,,3,STRUCTURE_ONLY
717,239,0.44791666666666663,0.44791666666666663,0.3333333333333333,0.5625,,,,2,STRUCTURE_ONLY
718,721,0.41666666666666663,0.41666666666666663,0.26666666666666666,0.5666666666666667,,,,2,STRUCTURE_ONLY
718,633,0.4121212121212121,0.4121212121212121,0.4,0.42424242424242425,,,,1,STRUCTURE_ONLY
718,612,0.40756302521008403,0.40756302521008403,0.2857142857142857,0.5294117647058824,0.9428090415820635,0.9714045207910318,,3,STRUCTURE_ONLY
718,710,0.40463458110516937,0.40463458110516937,0.29411764705882354,0.5151515151515151,,,,1,STRUCTURE_ONLY
718,135,0.37896825396825395,0.37896825396825395,0.2857142857142857,0.4722222222222222,,,,1,STRUCTURE_ONLY
718,392,0.36184210526315785,0.36184210526315785,0.25,0.47368421052631576,,,,0,STRUCTURE_ONLY
718,380,0.33838383838383834,0.33838383838383834,0.2222222222222222,0.45454545454545453,,,,1,STRUCTURE_ONLY
718,679,0.3375,0.3375,0.25,0.425,,,,1,STRUCTURE_ONLY
718,45,0.32589285714285715,0.32589285714285715,0.21428571428571427,0.4375,0.0,0.5,,3,STRUCTURE_ONLY
718,630,0.3249641319942611,0.3249641319942611,0.23529411764705882,0.4146341463414634,,,,1,STRUCTURE_ONLY
719,558,0.6346153846153846,0.6346153846153846,0.5,0.7692307692307693,0.7559289460184544,0.8779644730092272,,4,STRUCTURE_ONLY
719,530,0.5961538461538461,0.5961538461538461,0.5,0.6923076923076923,0.944911182523068,0.972455591261534,,4,STRUCTURE_ONLY
719,686,0.5961538461538461,0.5961538461538461,0.5,0.6923076923076923,,,,1,STRUCTURE_ONLY
719,265,0.5672268907563025,0.5672268907563025,0.42857142857142855,0.7058823529411765,0.9245003270420487,0.9622501635210243,,7,STRUCTURE_ONLY
719,685,0.5461538461538462,0.5461538461538462,0.4,0.6923076923076923,0.9038552088468816,0.9519276044234408,,16,STRUCTURE_ONLY
719,198,0.5274725274725275,0.5274725274725275,0.2857142857142857,0.7692307692307693,0.8164965809277261,0.9082482904638631,,6,STRUCTURE_ONLY
719,715,0.5214285714285715,0.5214285714285715,0.4,0.6428571428571429,0.8366600265340756,0.9183300132670378,,8,STRUCTURE_ONLY
719,704,0.5125,0.5125,0.4,0.625,0.8770580193070293,0.9385290096535146,,7,STRUCTURE_ONLY
719,465,0.5,0.5,0.42857142857142855,0.5714285714285714,0.9074852129730302,0.9537426064865151,,8,STRUCTURE_ONLY
719,654,0.48245614035087714,0.48245614035087714,0.3333333333333333,0.631578947368421,0.6324555320336759,0.816227766016838,,5,STRUCTURE_ONLY
720,184,0.5560975609756098,0.5560975609756098,0.6,0.5121951219512195,0.8386278693775346,0.9193139346887673,,4,STRUCTURE_ONLY
720,76,0.5146276595744681,0.5146276595744681,0.625,0.40425531914893614,0.9428090415820635,0.9714045207910318,,6,STRUCTURE_ONLY
720,531,0.49145299145299143,0.49145299145299143,0.4444444444444444,0.5384615384615384,0.9185586535436918,0.9592793267718459,,7,STRUCTURE_ONLY
720,441,0.48917748917748916,0.48917748917748916,0.45454545454545453,0.5238095238095238,0.944911182523068,0.972455591261534,,8,STRUCTURE_ONLY
720,324,0.46546546546546547,0.46546546546546547,0.4444444444444444,0.4864864864864865,0.8749999999999998,0.9374999999999999,,5,STRUCTURE_ONLY
720,583,0.4369369369369369,0.4369369369369369,0.3333333333333333,0.5405405405405406,0.9428090415820635,0.9714045207910318,,3,STRUCTURE_ONLY
720,179,0.4367378048780488,0.4367378048780488,0.3125,0.5609756097560976,0.8944271909999159,0.9472135954999579,,6,STRUCTURE_ONLY
720,114,0.43094405594405594,0.43094405594405594,0.38461538461538464,0.4772727272727273,0.9428090415820634,0.9714045207910317,,9,STRUCTURE_ONLY
720,339,0.43094405594405594,0.43094405594405594,0.38461538461538464,0.4772727272727273,0.6240377207533828,0.8120188603766914,,7,STRUCTURE_ONLY
720,694,0.4260042283298097,0.4260042283298097,0.36363636363636365,0.4883720930232558,0.9438798074485389,0.9719399037242695,,5,STRUCTURE_ONLY
721,135,0.5909090909090908,0.5909090909090908,0.5454545454545454,0.6363636363636364,,,,2,STRUCTURE_ONLY
721,679,0.583710407239819,0.583710407239819,0.46153846153846156,0.7058823529411765,0.9525793444156805,0.9762896722078402,,6,STRUCTURE_ONLY
721,568,0.5632183908045977,0.5632183908045977,0.3333333333333333,0.7931034482758621,0.9999999999999999,1.0,,7,STRUCTURE_ONLY
721,154,0.5473214285714285,0.5473214285714285,0.4375,0.6571428571428571,,,,1,STRUCTURE_ONLY
721,50,0.5222222222222221,0.5222222222222221,0.4444444444444444,0.6,,,,2,STRUCTURE_ONLY
721,280,0.519893899204244,0.519893899204244,0.38461538461538464,0.6551724137931034,0.8642416214502248,0.9321208107251124,,7,STRUCTURE_ONLY
721,79,0.5,0.5,0.3333333333333333,0.6666666666666666,0.41403933560541256,0.7070196678027063,,16,STRUCTURE_ONLY
721,375,0.49230769230769234,0.49230769230769234,0.38461538461538464,0.6,0.7171371656006361,0.858568582800318,,16,STRUCTURE_ONLY
721,710,0.4727272727272727,0.4727272727272727,0.4,0.5454545454545454,0.944911182523068,0.972455591261534,,4,STRUCTURE_ONLY
721,531,0.47214076246334313,0.47214076246334313,0.36363636363636365,0.5806451612903226,0.8451542547285166,0.9225771273642582,,15,STRUCTURE_ONLY
722,648,0.5,0.5,0.3333333333333333,0.6666666666666666,0.9428090415820635,0.9714045207910318,,3,STRUCTURE_ONLY
722,48,0.4642105263157895,0.4642105263157895,0.3684210526315789,0.56,0.5773502691896258,0.7886751345948129,,3,STRUCTURE_ONLY
722,306,0.44285714285714284,0.44285714285714284,0.26666666666666666,0.6190476190476191,,,,1,STRUCTURE_ONLY
722,282,0.4419642857142857,0.4419642857142857,0.3125,0.5714285714285714,,,,0,STRUCTURE_ONLY
722,357,0.44166666666666665,0.44166666666666665,0.35,0.5333333333333333,1.0000000000000002,1.0,,3,STRUCTURE_ONLY
722,486,0.41444444444444445,0.41444444444444445,0.3888888888888889,0.44,,,,2,STRUCTURE_ONLY
722,289,0.39966555183946484,0.39966555183946484,0.2608695652173913,0.5384615384615384,0.9428090415820635,0.9714045207910318,,3,STRUCTURE_ONLY
722,652,0.3958333333333333,0.3958333333333333,0.25,0.5416666666666666,0.9622504486493763,0.9811252243246882,,3,STRUCTURE_ONLY
722,609,0.3913793103448276,0.3913793103448276,0.3,0.4827586206896552,0.9486832980505138,0.9743416490252569,,5,STRUCTURE_ONLY
722,506,0.3858695652173913,0.3858695652173913,0.25,0.5217391304347826,,,,2,STRUCTURE_ONLY
723,396,0.8,0.8,0.6666666666666666,0.9333333333333333,,,,1,STRUCTURE_ONLY
723,411,0.575,0.575,0.4,0.75,,,,0,STRUCTURE_ONLY
723,640,0.5735294117647058,0.5735294117647058,0.5,0.6470588235294118,,,,0,STRUCTURE_ONLY
723,601,0.5196078431372549,0.5196078431372549,0.3333333333333333,0.7058823529411765,,,,2,STRUCTURE_ONLY
723,418,0.5087719298245614,0.5087719298245614,0.3333333333333333,0.6842105263157895,,,,0,STRUCTURE_ONLY
723,88,0.5,0.5,0.3333333333333333,0.6666666666666666,,,,2,STRUCTURE_ONLY
723,129,0.5,0.5,0.3333333333333333,0.6666666666666666,,,,1,STRUCTURE_ONLY
723,390,0.4957983193277311,0.4957983193277311,0.2857142857142857,0.7058823529411765,,,,1,STRUCTURE_ONLY
723,155,0.4444444444444444,0.4444444444444444,0.2222222222222222,0.6666666666666666,,,,2,STRUCTURE_ONLY
723,479,0.4444444444444444,0.4444444444444444,0.2222222222222222,0.6666666666666666,,,,0,STRUCTURE_ONLY
724,448,0.05,0.05,0.0,0.1,0.9428090415820635,0.9714045207910318,,6,STRUCTURE_ONLY
724,98,0.01659067882472138,0.01659067882472138,0.02127659574468085,0.011904761904761904,1.0000000000000002,1.0,,6,STRUCTURE_ONLY
726,35,0.4068627450980392,0.4068627450980392,0.16666666666666666,0.6470588235294118,0.8164965809277259,0.9082482904638629,,3,STRUCTURE_ONLY
726,127,0.39495798319327735,0.39495798319327735,0.14285714285714285,0.6470588235294118,,,,1,STRUCTURE_ONLY
726,328,0.3939393939393939,0.3939393939393939,0.3333333333333333,0.45454545454545453,,,,2,STRUCTURE_ONLY
726,178,0.3833333333333333,0.3833333333333333,0.16666666666666666,0.6,0.9999999999999998,0.9999999999999999,,5,STRUCTURE_ONLY
726,385,0.3625,0.3625,0.125,0.6,,,,2,STRUCTURE_ONLY
726,540,0.3522727272727273,0.3522727272727273,0.25,0.45454545454545453,,,,3,STRUCTURE_ONLY
726,410,0.35,0.35,0.16666666666666666,0.5333333333333333,0.9999999999999998,0.9999999999999999,,5,STRUCTURE_ONLY
726,492,0.3480392156862745,0.3480392156862745,0.16666666666666666,0.5294117647058824,1.0,1.0,,4,STRUCTURE_ONLY
726,546,0.3272058823529412,0.3272058823529412,0.125,0.5294117647058824,1.0000000000000002,1.0,,3,STRUCTURE_ONLY
726,104,0.325,0.325,0.25,0.4,0.9525793444156805,0.9762896722078402,,6,STRUCTURE_ONLY
727,268,0.6875,0.6875,0.5,0.875,,,,0,STRUCTURE_ONLY
727,543,0.6875,0.6875,0.5,0.875,,,,2,STRUCTURE_ONLY
727,701,0.6875,0.6875,0.5,0.875,,,,1,STRUCTURE_ONLY
727,754,0.6875,0.6875,0.5,0.875,,,,1,STRUCTURE_ONLY
727,746,0.6041666666666666,0.6041666666666666,0.3333333333333333,0.875,,,,0,STRUCTURE_ONLY
727,530,0.5166666666666666,0.5166666666666666,0.3333333333333333,0.7,,,,2,STRUCTURE_ONLY
727,686,0.5166666666666666,0.5166666666666666,0.3333333333333333,0.7,,,,1,STRUCTURE_ONLY
727,176,0.5138888888888888,0.5138888888888888,0.25,0.7777777777777778,,,,2,STRUCTURE_ONLY
727,92,0.48484848484848486,0.48484848484848486,0.3333333333333333,0.6363636363636364,,,,1,STRUCTURE_ONLY
727,363,0.48484848484848486,0.48484848484848486,0.3333333333333333,0.6363636363636364,,,,3,STRUCTURE_ONLY
729,268,0.6,0.6,0.5,0.7,1.0000000000000002,1.0,,3,STRUCTURE_ONLY
729,543,0.6,0.6,0.5,0.7,0.7715167498104595,0.8857583749052298,,8,STRUCTURE_ONLY
729,701,0.6,0.6,0.5,0.7,0.9486832980505138,0.9743416490252569,,4,STRUCTURE_ONLY
729,754,0.6,0.6,0.5,0.7,,,,2,STRUCTURE_ONLY
729,362,0.5833333333333333,0.5833333333333333,0.5,0.6666666666666666,0.8164965809277261,0.9082482904638631,,9,STRUCTURE_ONLY
729,746,0.5166666666666666,0.5166666666666666,0.3333333333333333,0.7,,,,0,STRUCTURE_ONLY
729,727,0.48484848484848486,0.48484848484848486,0.3333333333333333,0.6363636363636364,,,,4,STRUCTURE_ONLY
729,269,0.4666666666666667,0.4666666666666667,0.1,0.8333333333333334,0.8660254037844387,0.9330127018922194,,4,STRUCTURE_ONLY
729,530,0.45833333333333337,0.45833333333333337,0.3333333333333333,0.5833333333333334,0.9116846116771036,0.9558423058385518,,8,STRUCTURE_ONLY
729,686,0.45833333333333337,0.45833333333333337,0.3333333333333333,0.5833333333333334,0.9428090415820635,0.9714045207910318,,3,STRUCTURE_ONLY
732,733,1.0,1.0,1.0,1.0,0.5,0.75,,4,STRUCTURE_ONLY
732,304,0.675,0.675,0.5,0.85,,,,2,STRUCTURE_ONLY
732,310,0.07777777777777778,0.07777777777777778,0.0,0.15555555555555556,,,,2,STRUCTURE_ONLY
732,335,0.06896551724137931,0.06896551724137931,0.0,0.13793103448275862,,,,2,STRUCTURE_ONLY
732,179,0.06097560975609756,0.06097560975609756,0.0,0.12195121951219512,,,,2,STRUCTURE_ONLY
732,441,0.06097560975609756,0.06097560975609756,0.0,0.12195121951219512,0.4472135954999579,0.7236067977499789,,5,STRUCTURE_ONLY
732,515,0.058823529411764705,0.058823529411764705,0.0,0.11764705882352941,0.4472135954999579,0.7236067977499789,,5,STRUCTURE_ONLY
732,190,0.05555555555555555,0.05555555555555555,0.0,0.1111111111111111,,,,1,STRUCTURE_ONLY
732,712,0.05555555555555555,0.05555555555555555,0.0,0.1111111111111111,,,,1,STRUCTURE_ONLY
732,611,0.05405405405405406,0.05405405405405406,0.0,0.10810810810810811,0.4472135954999579,0.7236067977499789,,5,STRUCTURE_ONLY
733,732,1.0,1.0,1.0,1.0,0.5,0.75,,4,STRUCTURE_ONLY
733,304,0.675,0.675,0.5,0.85,,,,1,STRUCTURE_ONLY
733,310,0.07777777777777778,0.07777777777777778,0.0,0.15555555555555556,,,,1,STRUCTURE_ONLY
733,335,0.06896551724137931,0.06896551724137931,0.0,0.13793103448275862,,,,2,STRUCTURE_ONLY
733,179,0.06097560975609756,0.06097560975609756,0.0,0.12195121951219512,0.8164965809277259,0.9082482904638629,,3,STRUCTURE_ONLY
733,441,0.06097560975609756,0.06097560975609756,0.0,0.12195121951219512,1.0,1.0,,4,STRUCTURE_ONLY
733,515,0.058823529411764705,0.058823529411764705,0.0,0.11764705882352941,1.0000000000000002,1.0,,3,STRUCTURE_ONLY
733,190,0.05555555555555555,0.05555555555555555,0.0,0.1111111111111111,,,,1,STRUCTURE_ONLY
733,712,0.05555555555555555,0.05555555555555555,0.0,0.1111111111111111,,,,1,STRUCTURE_ONLY
733,611,0.05405405405405406,0.05405405405405406,0.0,0.10810810810810811,1.0000000000000002,1.0,,3,STRUCTURE_ONLY
737,369,0.25,0.25,0.0,0.5,,,,1,STRUCTURE_ONLY
737,51,0.125,0.125,0.0,0.25,1.0,1.0,,4,STRUCTURE_ONLY
737,96,0.125,0.125,0.0,0.25,0.7302967433402214,0.8651483716701107,,9,STRUCTURE_ONLY
737,507,0.1,0.1,0.0,0.2,0.6030226891555273,0.8015113445777636,,8,STRUCTURE_ONLY
737,489,0.08333333333333333,0.08333333333333333,0.0,0.16666666666666666,,,,1,STRUCTURE_ONLY
737,113,0.05555555555555555,0.05555555555555555,0.0,0.1111111111111111,0.4472135954999579,0.7236067977499789,,8,STRUCTURE_ONLY
737,389,0.05555555555555555,0.05555555555555555,0.0,0.1111111111111111,0.8944271909999159,0.9472135954999579,,6,STRUCTURE_ONLY
737,545,0.05555555555555555,0.05555555555555555,0.0,0.1111111111111111,0.7999999999999998,0.8999999999999999,,6,STRUCTURE_ONLY
737,133,0.05,0.05,0.0,0.1,0.8164965809277261,0.9082482904638631,,6,STRUCTURE_ONLY
737,497,0.041666666666666664,0.041666666666666664,0.0,0.08333333333333333,0.7423074889580903,0.8711537444790451,,15,STRUCTURE_ONLY
745,306,0.16346153846153846,0.16346153846153846,0.25,0.07692307692307693,,,,1,STRUCTURE_ONLY
745,129,0.15625,0.15625,0.25,0.0625,,,,1,STRUCTURE_ONLY
745,390,0.13333333333333333,0.13333333333333333,0.2,0.06666666666666667,,,,3,STRUCTURE_ONLY
745,475,0.07,0.07,0.1,0.04,,,,2,STRUCTURE_ONLY
745,609,0.06818181818181818,0.06818181818181818,0.09090909090909091,0.045454545454545456,,,,2,STRUCTURE_ONLY
745,357,0.06166666666666666,0.06166666666666666,0.08333333333333333,0.04,0.9999999999999998,0.9999999999999999,,3,STRUCTURE_ONLY
745,722,0.05714285714285714,0.05714285714285714,0.06666666666666667,0.047619047619047616,,,,0,STRUCTURE_ONLY
745,142,0.03645833333333333,0.03645833333333333,0.03125,0.041666666666666664,,,,2,STRUCTURE_ONLY
745,511,0.03125,0.03125,0.03125,0.03125,,,,0,STRUCTURE_ONLY
745,433,0.030555555555555555,0.030555555555555555,0.027777777777777776,0.03333333333333333,0.9999999999999998,0.9999999999999999,,3,STRUCTURE_ONLY
746,268,0.75,0.75,0.5,1.0,,,,0,STRUCTURE_ONLY
746,543,0.75,0.75,0.5,1.0,,,,0,STRUCTURE_ONLY
746,701,0.75,0.75,0.5,1.0,,,,0,STRUCTURE_ONLY
746,754,0.75,0.75,0.5,1.0,,,,0,STRUCTURE_ONLY
746,685,0.7222222222222222,0.7222222222222222,0.6666666666666666,0.7777777777777778,,,,1,STRUCTURE_ONLY
746,727,0.6041666666666666,0.6041666666666666,0.3333333333333333,0.875,,,,0,STRUCTURE_ONLY
746,329,0.5681818181818181,0.5681818181818181,0.5,0.6363636363636364,,,,1,STRUCTURE_ONLY
746,176,0.5625,0.5625,0.25,0.875,,,,0,STRUCTURE_ONLY
746,530,0.5555555555555556,0.5555555555555556,0.3333333333333333,0.7777777777777778,,,,0,STRUCTURE_ONLY
746,686,0.5555555555555556,0.5555555555555556,0.3333333333333333,0.7777777777777778,,,,0,STRUCTURE_ONLY
748,220,1.0,1.0,1.0,1.0,,,,1,STRUCTURE_ONLY
748,365,0.07142857142857142,0.07142857142857142,0.0,0.14285714285714285,,,,0,STRUCTURE_ONLY
748,169,0.05572755417956656,0.05572755417956656,0.058823529411764705,0.05263157894736842,,,,2,STRUCTURE_ONLY
748,475,0.04,0.04,0.0,0.08,0.0,0.5,,3,STRUCTURE_ONLY
748,29,0.039938556067588324,0.039938556067588324,0.03225806451612903,0.047619047619047616,,,,0,STRUCTURE_ONLY
748,219,0.03225806451612903,0.03225806451612903,0.0,0.06451612903225806,,,,1,STRUCTURE_ONLY
748,265,0.029411764705882353,0.029411764705882353,0.0,0.058823529411764705,,,,0,STRUCTURE_ONLY
748,191,0.028949545078577336,0.028949545078577336,0.03225806451612903,0.02564102564102564,,,,0,STRUCTURE_ONLY
748,214,0.016129032258064516,0.016129032258064516,0.0,0.03225806451612903,,,,2,STRUCTURE_ONLY
748,315,0.012345679012345678,0.012345679012345678,0.0,0.024691358024691357,,,,0,STRUCTURE_ONLY
751,25,0.4866666666666667,0.4866666666666667,0.3333333333333333,0.64,0.4999999999999999,0.75,,3,STRUCTURE_ONLY
751,633,0.4214285714285715,0.4214285714285715,0.2,0.6428571428571429,,,,2,STRUCTURE_ONLY
751,426,0.40398550724637683,0.40398550724637683,0.4166666666666667,0.391304347826087,0.7071067811865475,0.8535533905932737,,3,STRUCTURE_ONLY
751,267,0.36388888888888893,0.36388888888888893,0.2777777777777778,0.45,,,,1,STRUCTURE_ONLY
751,505,0.3635235732009926,0.3635235732009926,0.3076923076923077,0.41935483870967744,,,,2,STRUCTURE_ONLY
751,366,0.3557692307692308,0.3557692307692308,0.25,0.46153846153846156,,,,1,STRUCTURE_ONLY
751,167,0.3390804597701149,0.3390804597701149,0.3333333333333333,0.3448275862068966,,,,2,STRUCTURE_ONLY
751,46,0.3375,0.3375,0.3,0.375,,,,0,STRUCTURE_ONLY
751,388,0.3375,0.3375,0.25,0.425,0.0,0.5,,3,STRUCTURE_ONLY
751,280,0.3341346153846154,0.3341346153846154,0.23076923076923078,0.4375,,,,0,STRUCTURE_ONLY
752,118,0.6363636363636364,0.6363636363636364,0.5,0.7727272727272727,,,,0,STRUCTURE_ONLY
752,702,0.6203703703703703,0.6203703703703703,0.5,0.7407407407407407,0.9594032236002469,0.9797016118001234,,5,STRUCTURE_ONLY
752,527,0.575,0.575,0.4,0.75,,,,1,STRUCTURE_ONLY
752,27,0.5238095238095238,0.5238095238095238,0.3333333333333333,0.7142857142857143,1.0000000000000002,1.0,,3,STRUCTURE_ONLY
752,436,0.5027472527472527,0.5027472527472527,0.42857142857142855,0.5769230769230769,,,,0,STRUCTURE_ONLY
752,124,0.4722222222222222,0.4722222222222222,0.4444444444444444,0.5,0.9486832980505138,0.9743416490252569,,4,STRUCTURE_ONLY
752,554,0.445,0.445,0.25,0.64,0.4999999999999999,0.75,,5,STRUCTURE_ONLY
752,508,0.44285714285714284,0.44285714285714284,0.2857142857142857,0.6,0.9999999999999998,0.9999999999999999,,5,STRUCTURE_ONLY
752,333,0.434981684981685,0.434981684981685,0.35714285714285715,0.5128205128205128,1.0,1.0,,4,STRUCTURE_ONLY
752,681,0.42342342342342343,0.42342342342342343,0.3333333333333333,0.5135135135135135,0.9622504486493763,0.9811252243246882,,3,STRUCTURE_ONLY
753,235,1.0,1.0,1.0,1.0,1.0,1.0,,4,STRUCTURE_ONLY
753,650,0.65,0.65,0.5,0.8,-0.5,0.25,,4,STRUCTURE_ONLY
753,382,0.5,0.5,0.2,0.8,0.8944271909999159,0.9472135954999579,,5,STRUCTURE_ONLY
753,381,0.48333333333333334,0.48333333333333334,0.16666666666666666,0.8,0.8164965809277259,0.9082482904638629,,3,STRUCTURE_ONLY
753,429,0.23717948717948717,0.23717948717948717,0.16666666666666666,0.3076923076923077,1.0,1.0,,4,STRUCTURE_ONLY
753,262,0.21000000000000002,0.21000000000000002,0.1,0.32,0.9622504486493763,0.9811252243246882,,3,STRUCTURE_ONLY
753,367,0.21000000000000002,0.21000000000000002,0.1,0.32,0.7745966692414834,0.8872983346207417,,5,STRUCTURE_ONLY
753,99,0.20833333333333331,0.20833333333333331,0.08333333333333333,0.3333333333333333,0.0,0.5,,3,STRUCTURE_ONLY
753,548,0.17045454545454547,0.17045454545454547,0.25,0.09090909090909091,0.944911182523068,0.972455591261534,,4,STRUCTURE_ONLY
753,458,0.1600609756097561,0.1600609756097561,0.125,0.1951219512195122,0.944911182523068,0.972455591261534,,4,STRUCTURE_ONLY
754,268,1.0,1.0,1.0,1.0,,,,1,STRUCTURE_ONLY
754,543,1.0,1.0,1.0,1.0,1.0000000000000002,1.0,,3,STRUCTURE_ONLY
754,701,1.0,1.0,1.0,1.0,,,,1,STRUCTURE_ONLY
754,746,0.75,0.75,0.5,1.0,,,,0,STRUCTURE_ONLY
754,727,0.6875,0.6875,0.5,0.875,,,,1,STRUCTURE_ONLY
754,530,0.6388888888888888,0.6388888888888888,0.5,0.7777777777777778,,,,1,STRUCTURE_ONLY
754,686,0.6388888888888888,0.6388888888888888,0.5,0.7777777777777778,,,,1,STRUCTURE_ONLY
754,176,0.6041666666666666,0.6041666666666666,0.3333333333333333,0.875,0.9428090415820635,0.9714045207910318,,3,STRUCTURE_ONLY
754,92,0.6,0.6,0.5,0.7,,,,1,STRUCTURE_ONLY
754,363,0.6,0.6,0.5,0.7,,,,1,STRUCTURE_ONLY
755,359,0.48947368421052634,0.48947368421052634,0.4,0.5789473684210527,0.8164965809277259,0.9082482904638629,,3,STRUCTURE_ONLY
755,366,0.46842105263157896,0.46842105263157896,0.2,0.7368421052631579,0.9486832980505138,0.9743416490252569,,4,STRUCTURE_ONLY
755,565,0.4431818181818182,0.4431818181818182,0.25,0.6363636363636364,,,,0,STRUCTURE_ONLY
755,508,0.4298245614035088,0.4298245614035088,0.3333333333333333,0.5263157894736842,,,,1,STRUCTURE_ONLY
755,375,0.4092592592592592,0.4092592592592592,0.3,0.5185185185185185,,,,2,STRUCTURE_ONLY
755,36,0.40601503759398494,0.40601503759398494,0.2857142857142857,0.5263157894736842,,,,0,STRUCTURE_ONLY
755,598,0.40601503759398494,0.40601503759398494,0.2857142857142857,0.5263157894736842,,,,0,STRUCTURE_ONLY
755,264,0.40476190476190477,0.40476190476190477,0.3333333333333333,0.47619047619047616,,,,2,STRUCTURE_ONLY
755,590,0.3958333333333333,0.3958333333333333,0.3333333333333333,0.4583333333333333,,,,1,STRUCTURE_ONLY
755,625,0.39285714285714285,0.39285714285714285,0.2857142857142857,0.5,,,,0,STRUCTURE_ONLY
