source_drug_index,target_drug_index,original_similarity,task_similarity,kg_similarity,combined_score,task_overlap_count,edge_origin
0,17,0.0,0.9428090415820635,1.0,0.9857022603955159,3,KG_TASK_ADDED
1,94,0.0,1.0,1.0,1.0,4,KG_TASK_ADDED
1,17,0.0,0.9444444444444444,1.0,0.9861111111111112,9,KG_TASK_ADDED
1,56,0.0,0.9428090415820634,1.0,0.9857022603955159,9,KG_TASK_ADDED
2,672,0.0,0.9476984899448786,0.9999999999999993,0.9869246224862195,16,KG_TASK_ADDED
2,419,0.0,0.9594032236002469,0.9876345366156053,0.986759440053963,8,KG_TASK_ADDED
2,44,0.0,0.9622504486493763,0.9838151382869627,0.9865163967340848,3,KG_TASK_ADDED
3,550,0.0,0.9561828874675149,0.9866204935499575,0.9857008452543681,7,KG_TASK_ADDED
3,682,0.0,0.9538209664765318,0.9866204933337177,0.9851103649525623,8,KG_TASK_ADDED
3,624,0.0,0.9525793444156805,0.9866204943948284,0.9847999597026272,3,KG_TASK_ADDED
4,56,0.0,0.9999999999999999,1.0,1.0,4,KG_TASK_ADDED
4,94,0.0,0.9486832980505138,1.0,0.9871708245126285,4,KG_TASK_ADDED
4,15,0.0,0.9467292624062573,1.0,0.9866823156015643,6,KG_TASK_ADDED
5,90,0.0,1.0000000000000002,1.0,1.0,3,KG_TASK_ADDED
5,17,0.0,0.9727963492069713,1.0,0.9931990873017429,13,KG_TASK_ADDED
5,66,0.0,0.9428090415820635,1.0,0.9857022603955159,6,KG_TASK_ADDED
6,726,0.0,1.0000000000000002,0.9999999999999974,0.9999999999999993,3,KG_TASK_ADDED
6,694,0.0,0.9999999999999999,0.9768146069083574,0.9942036517270894,7,KG_TASK_ADDED
6,135,0.0,1.0000000000000002,0.976814604128465,0.9942036510321163,3,KG_TASK_ADDED
7,15,0.0,0.9561828874675149,1.0,0.9890457218668787,7,KG_TASK_ADDED
7,66,0.0,0.944911182523068,1.0,0.986227795630767,5,KG_TASK_ADDED
7,94,0.0,0.9438798074485389,1.0,0.9859699518621348,5,KG_TASK_ADDED
8,108,0.0,0.9486832980505138,1.0,0.9871708245126285,7,KG_TASK_ADDED
8,94,0.0,0.944911182523068,1.0,0.986227795630767,4,KG_TASK_ADDED
8,17,0.0,0.9325048082403138,1.0,0.9831262020600784,8,KG_TASK_ADDED
9,12,0.0,1.0000000000000002,1.0,1.0,3,KG_TASK_ADDED
9,94,0.0,0.9707253433941511,1.0,0.9926813358485378,4,KG_TASK_ADDED
9,56,0.0,0.9669875568304563,1.0,0.9917468892076141,5,KG_TASK_ADDED
11,108,0.0,0.5,1.0,0.875,4,KG_TASK_ADDED
11,34,0.0,0.48507125007266594,1.0,0.8712678125181665,6,KG_TASK_ADDED
11,19,0.0,0.47809144373375745,1.0,0.8695228609334393,5,KG_TASK_ADDED
12,94,0.0,0.9457324874869207,1.0,0.9864331218717302,8,KG_TASK_ADDED
12,56,0.0,0.944911182523068,1.0,0.986227795630767,10,KG_TASK_ADDED
12,80,0.0,0.944911182523068,1.0,0.986227795630767,4,KG_TASK_ADDED
14,500,0.0,0.9647638212377322,0.9910275302536313,0.9889478378728409,10,KG_TASK_ADDED
14,240,0.0,0.9525793444156805,0.9910275305129352,0.9859017187321539,6,KG_TASK_ADDED
14,159,0.0,0.9185586535436918,0.9910275306589914,0.9773965460506708,7,KG_TASK_ADDED
15,64,0.0,1.0000000000000002,1.0,1.0,3,KG_TASK_ADDED
15,94,0.0,0.9622504486493763,1.0,0.9905626121623441,9,KG_TASK_ADDED
15,20,0.0,0.9486832980505138,1.0,0.9871708245126285,8,KG_TASK_ADDED
16,218,0.0,1.0,0.9915219450056914,0.9978804862514228,4,KG_TASK_ADDED
16,505,0.0,0.9999999999999998,0.9914861795313851,0.9978715448828461,5,KG_TASK_ADDED
16,312,0.0,0.9707253433941511,0.9914861790516172,0.9905528806114421,4,KG_TASK_ADDED
17,94,0.0,0.9707253433941511,1.0,0.9926813358485378,12,KG_TASK_ADDED
17,80,0.0,0.9622504486493763,1.0,0.9905626121623441,3,KG_TASK_ADDED
17,66,0.0,0.9583727150068314,1.0,0.9895931787517078,8,KG_TASK_ADDED
18,344,0.0,1.0000000000000002,0.9835250293369866,0.9958812573342466,3,KG_TASK_ADDED
18,651,0.0,0.9622504486493763,0.9999999999999997,0.990562612162344,3,KG_TASK_ADDED
18,371,0.0,0.9761870601839528,0.9835250293369866,0.9899280223802349,5,KG_TASK_ADDED
19,11,0.0,0.47809144373375745,1.0,0.8695228609334393,5,KG_TASK_ADDED
19,34,0.0,0.4472135954999579,1.0,0.8618033988749895,5,KG_TASK_ADDED
19,15,0.0,0.0,1.0,0.75,3,KG_TASK_ADDED
20,56,0.0,0.9594032236002469,1.0,0.9898508059000617,5,KG_TASK_ADDED
20,15,0.0,0.9486832980505138,1.0,0.9871708245126285,8,KG_TASK_ADDED
20,108,0.0,0.9486832980505138,1.0,0.9871708245126285,6,KG_TASK_ADDED
21,240,0.0,0.9999999999999998,0.9999999999999925,0.999999999999998,5,KG_TASK_ADDED
21,37,0.0,0.968962790249909,0.9999999999999938,0.9922406975624757,6,KG_TASK_ADDED
21,395,0.0,0.9561828874675149,0.999999999999993,0.9890457218668769,5,KG_TASK_ADDED
23,227,0.0,1.0000000000000002,0.990161783246412,0.9975404458116031,3,KG_TASK_ADDED
23,215,0.0,1.0000000000000002,0.9863283716448591,0.9965820929112148,3,KG_TASK_ADDED
23,412,0.0,1.0000000000000002,0.9863283716448591,0.9965820929112148,3,KG_TASK_ADDED
24,202,0.0,0.9561828874675149,0.9999999999999972,0.989045721866878,7,KG_TASK_ADDED
24,160,0.0,0.9128709291752769,0.999999999999997,0.9782177322938185,10,KG_TASK_ADDED
24,341,0.0,0.9045340337332909,0.9999999999999973,0.976133508433322,6,KG_TASK_ADDED
25,229,0.0,1.0000000000000002,0.9999999999999968,0.9999999999999992,3,KG_TASK_ADDED
25,717,0.0,1.0,0.9999999999999968,0.9999999999999992,4,KG_TASK_ADDED
25,186,0.0,0.9999999999999998,0.9999999999999951,0.9999999999999987,5,KG_TASK_ADDED
26,297,0.0,0.9999999999999998,0.9999999999999999,1.0,5,KG_TASK_ADDED
26,346,0.0,1.0000000000000002,0.9999999999999989,0.9999999999999998,6,KG_TASK_ADDED
26,202,0.0,1.0000000000000002,0.9999999999999988,0.9999999999999997,3,KG_TASK_ADDED
27,362,0.0,1.0000000000000002,0.9765532415395195,0.9941383103848799,3,KG_TASK_ADDED
28,373,0.0,0.9999999999999998,0.9777320875701658,0.9944330218925415,5,KG_TASK_ADDED
28,355,0.0,0.7744030926623664,0.9777320874553711,0.9380337950294344,24,KG_TASK_ADDED
28,517,0.0,0.7322418368317116,0.9777320874553711,0.9274934810717707,16,KG_TASK_ADDED
29,136,0.0,0.9622504486493763,0.999999999999994,0.9905626121623425,3,KG_TASK_ADDED
29,517,0.0,0.9561828874675149,0.9866204906090082,0.9857008445191309,5,KG_TASK_ADDED
30,15,0.0,0.9999999999999998,0.9999999999999963,0.9999999999999991,8,KG_TASK_ADDED
30,56,0.0,0.9669875568304563,0.9999999999999963,0.9917468892076132,5,KG_TASK_ADDED
30,66,0.0,0.9561828874675149,0.9999999999999963,0.9890457218668778,4,KG_TASK_ADDED
31,55,0.0,1.0,0.9999999999999978,0.9999999999999994,3,KG_TASK_ADDED
31,561,0.0,0.9428090415820635,0.9999999999999998,0.9857022603955159,3,KG_TASK_ADDED
31,331,0.0,0.8660254037844387,0.976934582315764,0.9607399965250507,3,KG_TASK_ADDED
32,378,0.0,1.0,0.9999999999999999,1.0,4,KG_TASK_ADDED
32,306,0.0,1.0000000000000002,0.9999999999999973,0.9999999999999993,3,KG_TASK_ADDED
32,625,0.0,1.0,0.9999999999999973,0.9999999999999993,4,KG_TASK_ADDED
33,20,0.0,0.9468641529479987,0.9949147262909888,0.9854447198097469,11,KG_TASK_ADDED
33,56,0.0,0.9259259259259259,0.9949147262909888,0.9802101630542287,12,KG_TASK_ADDED
33,530,0.0,0.9064942077733621,0.9968692692808659,0.975840869263557,16,KG_TASK_ADDED
34,64,0.0,0.7745966692414834,1.0,0.9436491673103709,3,KG_TASK_ADDED
34,17,0.0,0.6799855152557239,1.0,0.9199963788139309,38,KG_TASK_ADDED
34,56,0.0,0.6236095644623235,1.0,0.9059023911155809,21,KG_TASK_ADDED
35,42,0.0,0.9999999999999998,1.0000000000000002,1.0,5,KG_TASK_ADDED
35,428,0.0,1.0000000000000002,0.9999999999999982,0.9999999999999996,3,KG_TASK_ADDED
35,357,0.0,0.944911182523068,0.9999999999999966,0.9862277956307661,4,KG_TASK_ADDED
36,176,0.0,0.9999999999999998,1.0000000000000002,1.0,6,KG_TASK_ADDED
36,394,0.0,1.0000000000000002,1.0000000000000002,1.0,6,KG_TASK_ADDED
36,568,0.0,1.0000000000000002,0.9999999999999987,0.9999999999999997,6,KG_TASK_ADDED
37,41,0.0,1.0000000000000002,0.9999999999999993,0.9999999999999998,3,KG_TASK_ADDED
37,495,0.0,1.0000000000000002,0.9999999999999993,0.9999999999999998,3,KG_TASK_ADDED
37,525,0.0,1.0000000000000002,0.9999999999999993,0.9999999999999998,3,KG_TASK_ADDED
38,492,0.0,1.0000000000000002,0.9999999999999931,0.9999999999999982,3,KG_TASK_ADDED
38,231,0.0,1.0000000000000002,0.9999999999999925,0.9999999999999981,3,KG_TASK_ADDED
38,168,0.0,1.0000000000000002,0.9999999999999918,0.999999999999998,3,KG_TASK_ADDED
39,160,0.0,0.8320502943378437,0.9999999999999963,0.95801257358446,9,KG_TASK_ADDED
39,707,0.0,0.7916666666666666,0.9999999999999949,0.9479166666666654,12,KG_TASK_ADDED
39,174,0.0,0.7905694150420948,0.999999999999996,0.9476423537605227,10,KG_TASK_ADDED
40,520,0.0,0.9999999999999999,0.9999999999999961,0.999999999999999,7,KG_TASK_ADDED
40,752,0.0,1.0000000000000002,0.9867815101646604,0.9966953775411651,3,KG_TASK_ADDED
40,130,0.0,0.9486832980505138,0.9875987319550888,0.9840705075014007,5,KG_TASK_ADDED
41,159,0.0,1.0000000000000002,0.9999999999999999,1.0,3,KG_TASK_ADDED
41,525,0.0,1.0000000000000002,0.9999999999999999,1.0,3,KG_TASK_ADDED
41,37,0.0,1.0000000000000002,0.9999999999999993,0.9999999999999998,3,KG_TASK_ADDED
42,35,0.0,0.9999999999999998,1.0000000000000002,1.0,5,KG_TASK_ADDED
42,428,0.0,0.9999999999999998,0.9999999999999982,0.9999999999999996,5,KG_TASK_ADDED
42,586,0.0,1.0000000000000002,0.9999999999999938,0.9999999999999984,3,KG_TASK_ADDED
43,262,0.0,0.20412414523193148,0.986620493536922,0.7976861596922133,5,KG_TASK_ADDED
44,362,0.0,0.8944271909999159,0.9765368585159675,0.9677410123789708,5,KG_TASK_ADDED
44,672,0.0,0.8728715609439696,0.9838151382869627,0.964171674807733,7,KG_TASK_ADDED
45,202,0.0,1.0000000000000002,0.9999999999999984,0.9999999999999996,3,KG_TASK_ADDED
45,341,0.0,0.9428090415820635,0.9999999999999992,0.9857022603955157,3,KG_TASK_ADDED
45,297,0.0,0.8944271909999159,0.9999999999999992,0.9736067977499787,6,KG_TASK_ADDED
46,475,0.0,0.9999999999999999,1.0000000000000002,1.0,7,KG_TASK_ADDED
46,309,0.0,1.0000000000000002,0.9999999999999971,0.9999999999999993,3,KG_TASK_ADDED
46,170,0.0,0.9999999999999999,0.9999999999999966,0.9999999999999991,7,KG_TASK_ADDED
47,341,0.0,0.8944271909999159,0.9999999999999999,0.9736067977499789,5,KG_TASK_ADDED
47,202,0.0,0.8660254037844387,0.9999999999999988,0.9665063509461094,6,KG_TASK_ADDED
47,297,0.0,0.8280786712108251,0.9999999999999999,0.9570196678027063,11,KG_TASK_ADDED
48,387,0.0,0.8660254037844387,0.9866204930985656,0.963161474220751,3,KG_TASK_ADDED
48,99,0.0,0.5230657809659415,0.9999999999999964,0.8807664452414845,82,KG_TASK_ADDED
48,373,0.0,0.5163977794943222,0.9866204934307998,0.8757545682312805,6,KG_TASK_ADDED
49,506,0.0,1.0,1.0000000000000002,1.0,4,KG_TASK_ADDED
49,486,0.0,0.8703882797784892,0.9999999999999964,0.9675970699446215,5,KG_TASK_ADDED
49,752,0.0,0.8660254037844387,0.9999999999999964,0.9665063509461088,4,KG_TASK_ADDED
50,513,0.0,0.9999999999999999,0.999999999999996,0.999999999999999,4,KG_TASK_ADDED
50,505,0.0,1.0000000000000002,0.9914861782477203,0.9978715445619301,3,KG_TASK_ADDED
51,538,0.0,0.9622504486493763,0.9867815101646604,0.9872579897035092,3,KG_TASK_ADDED
51,40,0.0,0.944911182523068,1.0000000000000004,0.9862277956307671,4,KG_TASK_ADDED
51,361,0.0,0.944911182523068,0.999999999999993,0.9862277956307652,4,KG_TASK_ADDED
52,176,0.0,0.9999999999999998,0.9999999999999962,0.999999999999999,5,KG_TASK_ADDED
52,686,0.0,0.9486832980505138,0.9999999999999962,0.9871708245126275,4,KG_TASK_ADDED
52,568,0.0,0.9438798074485389,0.9999999999999963,0.9859699518621339,5,KG_TASK_ADDED
53,46,0.0,1.0000000000000002,0.999999999999995,0.9999999999999988,3,KG_TASK_ADDED
53,475,0.0,0.9999999999999998,0.999999999999995,0.9999999999999987,5,KG_TASK_ADDED
53,169,0.0,0.9486832980505138,0.9999999999999922,0.9871708245126265,6,KG_TASK_ADDED
54,651,0.0,0.9116846116771036,0.9850340176985831,0.9741796573439216,8,KG_TASK_ADDED
54,555,0.0,0.8164965809277261,0.9893181136054547,0.9514536736332952,6,KG_TASK_ADDED
54,633,0.0,0.7717436331412897,0.9845678183920377,0.9390778628833318,11,KG_TASK_ADDED
55,31,0.0,1.0,0.9999999999999978,0.9999999999999994,3,KG_TASK_ADDED
55,149,0.0,1.0,0.9810876011193641,0.995271900279841,5,KG_TASK_ADDED
55,67,0.0,0.8944271909999159,0.9662023068200121,0.965157374454982,4,KG_TASK_ADDED
56,94,0.0,0.9669875568304563,1.0,0.9917468892076141,7,KG_TASK_ADDED
56,20,0.0,0.9594032236002469,1.0,0.9898508059000617,5,KG_TASK_ADDED
56,12,0.0,0.944911182523068,1.0,0.986227795630767,10,KG_TASK_ADDED
57,630,0.0,1.0,0.999999999999994,0.9999999999999984,4,KG_TASK_ADDED
57,154,0.0,1.0000000000000002,0.9914861778993949,0.9978715444748487,3,KG_TASK_ADDED
57,133,0.0,1.0000000000000002,0.991486177138188,0.9978715442845469,3,KG_TASK_ADDED
58,500,0.0,0.9575175804338618,0.9999999999999966,0.9893793951084646,13,KG_TASK_ADDED
58,240,0.0,0.9438798074485389,0.9999999999999946,0.9859699518621334,5,KG_TASK_ADDED
58,395,0.0,0.936585811581694,0.9999999999999972,0.9841464528954228,7,KG_TASK_ADDED
60,320,0.0,1.0000000000000002,0.9899169669303617,0.9974792417325904,3,KG_TASK_ADDED
60,343,0.0,0.9058216273156767,0.9899169669605378,0.9739346485690537,7,KG_TASK_ADDED
60,552,0.0,0.8660254037844387,0.993318471519547,0.9648359688259964,4,KG_TASK_ADDED
61,546,0.0,0.9128709291752769,0.982531688068843,0.97385065431103,6,KG_TASK_ADDED
61,563,0.0,0.8660254037844387,0.9825316885962873,0.9621392730951815,9,KG_TASK_ADDED
61,222,0.0,0.8164965809277261,0.9999999999999932,0.9541241452319299,6,KG_TASK_ADDED
62,373,0.0,1.0000000000000002,0.9866204935810787,0.9966551233952696,3,KG_TASK_ADDED
62,624,0.0,0.9707253433941511,0.9999999999999947,0.9926813358485365,4,KG_TASK_ADDED
62,550,0.0,0.944911182523068,0.9999999999999941,0.9862277956307656,4,KG_TASK_ADDED
63,416,0.0,0.9622504486493763,0.9999999999999956,0.990562612162343,3,KG_TASK_ADDED
64,15,0.0,1.0000000000000002,1.0,1.0,3,KG_TASK_ADDED
64,80,0.0,0.9428090415820635,1.0,0.9857022603955159,3,KG_TASK_ADDED
65,360,0.0,0.9622504486493763,0.9999999999999892,0.9905626121623414,9,KG_TASK_ADDED
65,442,0.0,0.8944271909999159,0.9999999999999886,0.973606797749976,5,KG_TASK_ADDED
65,576,0.0,0.8944271909999159,0.9999999999999873,0.9736067977499758,5,KG_TASK_ADDED
66,94,0.0,1.0000000000000002,1.0,1.0,6,KG_TASK_ADDED
66,17,0.0,0.9583727150068314,1.0,0.9895931787517078,8,KG_TASK_ADDED
66,20,0.0,0.9428090415820635,1.0,0.9857022603955159,3,KG_TASK_ADDED
67,706,0.0,0.953820966476532,1.0000000000000002,0.988455241619133,20,KG_TASK_ADDED
67,635,0.0,0.9486832980505138,0.9999999999999971,0.9871708245126277,10,KG_TASK_ADDED
67,479,0.0,0.9444444444444444,0.9999999999999971,0.9861111111111104,9,KG_TASK_ADDED
68,218,0.0,1.0000000000000002,0.9924975680414696,0.9981243920103674,3,KG_TASK_ADDED
68,188,0.0,0.9647638212377322,0.9928140858685305,0.9893944767765657,7,KG_TASK_ADDED
68,33,0.0,0.9594032236002469,0.9895669379966211,0.987242540399217,13,KG_TASK_ADDED
69,75,0.0,0.9058216273156767,0.9919144790061124,0.9744340265804473,4,KG_TASK_ADDED
69,563,0.0,0.8386278693775346,0.9825316915550112,0.9552898902331365,8,KG_TASK_ADDED
69,577,0.0,0.7925939239012171,0.9825316924410955,0.9437814040855781,9,KG_TASK_ADDED
70,285,0.0,0.9999999999999998,0.9999999999999963,0.9999999999999991,5,KG_TASK_ADDED
70,383,0.0,0.9647638212377322,0.9999999999999963,0.9911909553094321,10,KG_TASK_ADDED
70,609,0.0,0.9141379262169076,0.9899169637003368,0.9760137224793111,18,KG_TASK_ADDED
71,132,0.0,0.9428090415820635,0.9999999999999946,0.9857022603955146,3,KG_TASK_ADDED
71,96,0.0,0.6666666666666667,0.9894754307914541,0.9140355243645302,4,KG_TASK_ADDED
71,361,0.0,0.420084025208403,0.9999999999999918,0.8550210063020987,11,KG_TASK_ADDED
72,185,0.0,0.8728715609439696,0.9748266300473963,0.9619245477478414,6,KG_TASK_ADDED
72,468,0.0,0.7100469468046932,0.9696798027723538,0.9199316873942617,36,KG_TASK_ADDED
72,35,0.0,0.6888467201936644,0.9748266290400542,0.9159183373084296,16,KG_TASK_ADDED
74,445,0.0,1.0,0.9901617806908622,0.9975404451727156,4,KG_TASK_ADDED
75,110,0.0,1.0,0.9919144790061124,0.9979786197515281,3,KG_TASK_ADDED
75,231,0.0,0.9707253433941511,0.9906575484886802,0.9903457229707078,4,KG_TASK_ADDED
75,239,0.0,0.9707253433941511,0.9906575480025813,0.9903457228491831,4,KG_TASK_ADDED
76,678,0.0,1.0000000000000002,0.9850472176687989,0.9962618044171997,3,KG_TASK_ADDED
76,213,0.0,0.9999999999999998,0.9850472176687989,0.9962618044171996,5,KG_TASK_ADDED
76,635,0.0,0.9999999999999999,0.983576776796415,0.9958941941991037,7,KG_TASK_ADDED
78,209,0.0,1.0000000000000002,0.9999999999999989,0.9999999999999998,3,KG_TASK_ADDED
78,733,0.0,0.9707253433941511,0.990273184905845,0.990249632074999,4,KG_TASK_ADDED
78,287,0.0,0.9477582044145477,0.9999999999999989,0.9869395511036367,19,KG_TASK_ADDED
79,341,0.0,0.9999999999999998,0.9999999999999999,1.0,5,KG_TASK_ADDED
79,202,0.0,0.8660254037844387,0.9999999999999988,0.9665063509461094,6,KG_TASK_ADDED
79,318,0.0,0.858395075278952,0.9999999999999999,0.9645987688197379,15,KG_TASK_ADDED
80,17,0.0,0.9622504486493763,1.0,0.9905626121623441,3,KG_TASK_ADDED
80,12,0.0,0.944911182523068,1.0,0.986227795630767,4,KG_TASK_ADDED
80,64,0.0,0.9428090415820635,1.0,0.9857022603955159,3,KG_TASK_ADDED
81,419,0.0,0.7559289460184544,0.9876345366156053,0.935890870658515,4,KG_TASK_ADDED
81,254,0.0,0.7559289460184544,0.9821175089343369,0.9345116137381979,7,KG_TASK_ADDED
81,422,0.0,0.6666666666666666,0.9838151399477282,0.9126204516535987,3,KG_TASK_ADDED
82,46,0.0,0.9999999999999998,0.9863037664546681,0.996575941613667,5,KG_TASK_ADDED
82,438,0.0,0.9438798074485389,0.986303765000255,0.9825458931121985,5,KG_TASK_ADDED
82,446,0.0,0.9434563530497265,0.9863037669954304,0.9824400300112892,7,KG_TASK_ADDED
84,685,0.0,0.9428090415820635,1.0000000000000002,0.9857022603955159,3,KG_TASK_ADDED
85,287,0.0,0.9438798074485388,1.0000000000000002,0.9859699518621348,10,KG_TASK_ADDED
85,684,0.0,0.9405399431259605,1.0000000000000002,0.9851349857814902,8,KG_TASK_ADDED
85,564,0.0,0.9432422182837986,0.9902731845290565,0.9833788507032138,8,KG_TASK_ADDED
86,637,0.0,1.0000000000000002,0.9788505665464109,0.9947126416366028,4,KG_TASK_ADDED
86,135,0.0,0.9525793444156805,0.9788505665464109,0.9828574777405228,3,KG_TASK_ADDED
86,694,0.0,0.9486832980505138,0.9788505678306874,0.9818834664703002,4,KG_TASK_ADDED
87,467,0.0,1.0000000000000002,0.9999999999999971,0.9999999999999993,3,KG_TASK_ADDED
87,430,0.0,1.0,0.9999999999999959,0.999999999999999,4,KG_TASK_ADDED
87,237,0.0,1.0,0.9999999999999923,0.9999999999999981,4,KG_TASK_ADDED
88,584,0.0,1.0000000000000002,0.9999999999999971,0.9999999999999993,3,KG_TASK_ADDED
88,617,0.0,0.9438798074485389,0.9999999999999972,0.9859699518621341,7,KG_TASK_ADDED
88,63,0.0,0.944911182523068,0.983108916529208,0.982005024763069,4,KG_TASK_ADDED
89,486,0.0,1.0,0.9999999999999941,0.9999999999999986,3,KG_TASK_ADDED
89,271,0.0,0.9622504486493763,0.9999999999999964,0.9905626121623432,3,KG_TASK_ADDED
89,506,0.0,0.9622504486493763,0.9999999999999964,0.9905626121623432,3,KG_TASK_ADDED
90,12,0.0,0.35355339059327373,1.0,0.8383883476483185,6,KG_TASK_ADDED
90,15,0.0,0.2886751345948129,1.0,0.8221687836487033,6,KG_TASK_ADDED
91,66,0.0,0.9431191251430151,0.9956726838601369,0.9846979522507879,7,KG_TASK_ADDED
91,80,0.0,0.9428090415820635,0.9956726838601369,0.9846204313605501,3,KG_TASK_ADDED
91,20,0.0,0.9372315102530709,0.9956726838601369,0.983226048528302,11,KG_TASK_ADDED
92,155,0.0,0.8944271909999159,0.9999999999999983,0.9736067977499785,11,KG_TASK_ADDED
92,176,0.0,0.6666666666666667,1.0000000000000002,0.9166666666666667,6,KG_TASK_ADDED
92,36,0.0,0.6201736729460423,1.0000000000000002,0.9050434182365106,6,KG_TASK_ADDED
93,709,0.0,0.9428090415820635,0.9999999999999986,0.9857022603955156,3,KG_TASK_ADDED
93,30,0.0,0.9486832980505138,0.9828880257129339,0.982892830940862,6,KG_TASK_ADDED
94,66,0.0,1.0000000000000002,1.0,1.0,6,KG_TASK_ADDED
94,17,0.0,0.9707253433941511,1.0,0.9926813358485378,12,KG_TASK_ADDED
94,56,0.0,0.9669875568304563,1.0,0.9917468892076141,7,KG_TASK_ADDED
95,396,0.0,0.9799578870122229,0.9999999999999974,0.9949894717530551,6,KG_TASK_ADDED
95,726,0.0,0.9622504486493764,0.9999999999999974,0.9905626121623434,6,KG_TASK_ADDED
95,579,0.0,0.9428090415820634,0.9999999999999946,0.9857022603955146,12,KG_TASK_ADDED
96,139,0.0,0.9428090415820635,0.989475429412372,0.9830711177486089,3,KG_TASK_ADDED
96,14,0.0,0.9428090415820632,0.9849420550495607,0.981937774157906,3,KG_TASK_ADDED
97,169,0.0,0.1987615979999813,0.9853087567171687,0.7960175886792875,18,KG_TASK_ADDED
97,599,0.0,0.09166984970282112,0.9878547415893155,0.7698811478230342,7,KG_TASK_ADDED
97,203,0.0,0.0,0.9878547398845967,0.7469636849711492,11,KG_TASK_ADDED
98,438,0.0,0.9622504486493763,0.9999999999999942,0.9905626121623426,3,KG_TASK_ADDED
98,106,0.0,0.9622504486493763,0.9999999999999908,0.9905626121623418,3,KG_TASK_ADDED
98,46,0.0,0.9561828874675149,0.9999999999999921,0.9890457218668767,5,KG_TASK_ADDED
99,387,0.0,0.8660254037844387,0.9866204929669522,0.9631614741878478,3,KG_TASK_ADDED
99,29,0.0,0.6324555320336759,0.9999999999999934,0.9081138830084173,5,KG_TASK_ADDED
99,262,0.0,0.536774032210737,0.9999999999999969,0.8841935080526835,70,KG_TASK_ADDED
100,679,0.0,1.0,0.9872080248512469,0.9968020062128118,4,KG_TASK_ADDED
100,346,0.0,1.0000000000000002,0.9857583735640322,0.9964395933910081,6,KG_TASK_ADDED
100,707,0.0,0.9847982464479191,0.98575837370959,0.9926391550393773,8,KG_TASK_ADDED
101,630,0.0,0.9622504486493763,0.9896761197375233,0.9879816420967249,3,KG_TASK_ADDED
101,50,0.0,0.9622504486493763,0.9896761184362824,0.9879816417714147,6,KG_TASK_ADDED
101,213,0.0,0.9486832980505138,0.9999999999999973,0.9871708245126278,6,KG_TASK_ADDED
102,555,0.0,0.7071067811865475,0.9999999999999989,0.9267766952966365,4,KG_TASK_ADDED
102,153,0.0,0.6135719910778963,1.0000000000000007,0.9033929977694743,9,KG_TASK_ADDED
102,709,0.0,0.17677669529663687,0.9872046706679787,0.7909953414911539,7,KG_TASK_ADDED
103,373,0.0,0.7745966692414834,0.9866204946546894,0.9403042909740432,3,KG_TASK_ADDED
103,262,0.0,0.6986956960477685,0.9999999999999981,0.9246739240119417,39,KG_TASK_ADDED
103,540,0.0,0.4999999999999999,0.9866204943224548,0.8716551235806137,6,KG_TASK_ADDED
104,479,0.0,0.9258200997725515,0.9999999999999971,0.9814550249431371,9,KG_TASK_ADDED
104,167,0.0,0.8280786712108251,0.9999999999999967,0.9570196678027054,8,KG_TASK_ADDED
104,583,0.0,0.8249579113843053,0.9924324535227974,0.9543475912267757,5,KG_TASK_ADDED
105,184,0.0,0.9544271444636666,0.9999999999999984,0.9886067861159162,7,KG_TASK_ADDED
105,87,0.0,0.968962790249909,0.9831732429794089,0.9880340083073295,9,KG_TASK_ADDED
105,609,0.0,0.9525793444156805,0.9933184707240147,0.9864744537849238,9,KG_TASK_ADDED
106,475,0.0,1.0000000000000002,0.999999999999995,0.9999999999999988,3,KG_TASK_ADDED
106,438,0.0,0.9622504486493763,0.9999999999999949,0.9905626121623428,3,KG_TASK_ADDED
106,98,0.0,0.9622504486493763,0.9999999999999908,0.9905626121623418,3,KG_TASK_ADDED
107,445,0.0,0.9381941874331419,0.9999999999999977,0.9845485468582849,7,KG_TASK_ADDED
108,20,0.0,0.9486832980505138,1.0,0.9871708245126285,6,KG_TASK_ADDED
108,17,0.0,0.8426587150642366,1.0,0.9606646787660591,16,KG_TASK_ADDED
109,222,0.0,0.9525793444156805,0.9999999999999946,0.9881448361039188,6,KG_TASK_ADDED
109,546,0.0,0.9561828874675149,0.9825316898176226,0.9846786443212844,7,KG_TASK_ADDED
109,370,0.0,0.9197090092274486,0.9825316910014907,0.9755601750572349,10,KG_TASK_ADDED
110,222,0.0,1.0000000000000002,0.9999999999999949,0.9999999999999987,6,KG_TASK_ADDED
110,75,0.0,1.0,0.9919144790061124,0.9979786197515281,3,KG_TASK_ADDED
110,563,0.0,1.0,0.9825316915550112,0.9956329228887528,4,KG_TASK_ADDED
111,567,0.0,1.0000000000000002,1.0000000000000004,1.0,3,KG_TASK_ADDED
111,225,0.0,0.9525793444156805,0.9999999999999987,0.9881448361039198,6,KG_TASK_ADDED
111,581,0.0,0.9525793444156805,0.9999999999999941,0.9881448361039187,3,KG_TASK_ADDED
112,297,0.0,0.9045340337332909,0.9999999999999977,0.9761335084333221,9,KG_TASK_ADDED
112,202,0.0,0.8944271909999159,0.9999999999999982,0.9736067977499785,8,KG_TASK_ADDED
112,341,0.0,0.8728715609439696,0.9999999999999977,0.9682178902359918,4,KG_TASK_ADDED
113,380,0.0,1.0000000000000002,0.9802765331675247,0.9950691332918812,6,KG_TASK_ADDED
113,127,0.0,0.9999999999999998,0.9742182949870719,0.9935545737467679,5,KG_TASK_ADDED
113,717,0.0,1.0000000000000002,0.9742182949870719,0.9935545737467679,3,KG_TASK_ADDED
114,442,0.0,1.0,0.9999999999999953,0.9999999999999989,4,KG_TASK_ADDED
114,576,0.0,0.9999999999999998,0.99999999999999,0.9999999999999974,5,KG_TASK_ADDED
114,336,0.0,1.0,0.9924488212614292,0.9981122053153573,4,KG_TASK_ADDED
115,124,0.0,0.9574271077563381,0.999999999999996,0.9893567769390835,7,KG_TASK_ADDED
115,383,0.0,0.8819171036881969,0.9999999999999973,0.9704792759220485,9,KG_TASK_ADDED
115,385,0.0,0.8819171036881969,0.9829824482712616,0.9662248879898646,9,KG_TASK_ADDED
116,401,0.0,0.8164965809277259,0.9999999999999999,0.9541241452319315,5,KG_TASK_ADDED
116,372,0.0,0.8164965809277259,0.990735915816523,0.9518081241860622,3,KG_TASK_ADDED
116,212,0.0,0.8006407690254358,0.9999999999999999,0.950160192256359,4,KG_TASK_ADDED
117,354,0.0,1.0000000000000002,0.9833139190975458,0.9958284797743865,3,KG_TASK_ADDED
117,711,0.0,1.0000000000000002,0.9795659621130001,0.99489149052825,3,KG_TASK_ADDED
117,331,0.0,1.0000000000000002,0.9795659601508659,0.9948914900377165,3,KG_TASK_ADDED
118,488,0.0,0.7071067811865475,0.9821768642950572,0.9223209113704012,4,KG_TASK_ADDED
119,15,0.0,1.0000000000000002,1.0,1.0,3,KG_TASK_ADDED
119,17,0.0,0.9999999999999998,1.0,1.0,5,KG_TASK_ADDED
119,94,0.0,0.9486832980505138,1.0,0.9871708245126285,5,KG_TASK_ADDED
120,314,0.0,1.0000000000000002,0.983791858145591,0.9959479645363978,3,KG_TASK_ADDED
120,114,0.0,0.9428090415820635,0.9837918580004361,0.9816502248956249,3,KG_TASK_ADDED
121,457,0.0,0.9578414886923188,0.999999999999997,0.9894603721730789,18,KG_TASK_ADDED
121,167,0.0,0.9561828874675149,0.9999999999999967,0.9890457218668779,4,KG_TASK_ADDED
121,583,0.0,0.9594032236002469,0.9924324535227974,0.9879589192807611,5,KG_TASK_ADDED
122,80,0.0,1.0000000000000002,1.0,1.0,3,KG_TASK_ADDED
122,20,0.0,0.9707253433941511,1.0,0.9926813358485378,4,KG_TASK_ADDED
122,94,0.0,0.9486832980505138,1.0,0.9871708245126285,10,KG_TASK_ADDED
123,168,0.0,1.0,0.9999999999999946,0.9999999999999987,4,KG_TASK_ADDED
123,391,0.0,0.9622504486493764,0.9999999999999943,0.9905626121623426,6,KG_TASK_ADDED
123,75,0.0,0.9647638212377322,0.9906575483327403,0.9888553423926181,4,KG_TASK_ADDED
124,383,0.0,1.0,0.9999999999999977,0.9999999999999994,4,KG_TASK_ADDED
124,191,0.0,1.0000000000000002,0.9999999999999932,0.9999999999999983,3,KG_TASK_ADDED
124,343,0.0,0.9622504486493763,0.9999999999999977,0.9905626121623435,3,KG_TASK_ADDED
125,17,0.0,1.0,1.0,1.0,11,KG_TASK_ADDED
125,66,0.0,1.0000000000000002,1.0,1.0,3,KG_TASK_ADDED
125,94,0.0,0.9999999999999999,1.0,1.0,7,KG_TASK_ADDED
126,333,0.0,0.9433700705169153,0.9999999999999941,0.9858425176292274,12,KG_TASK_ADDED
126,391,0.0,0.8838834764831843,0.9999999999999918,0.9709708691207941,8,KG_TASK_ADDED
126,75,0.0,0.8660254037844387,0.9906575499048632,0.9641707384223255,4,KG_TASK_ADDED
127,186,0.0,1.0000000000000002,0.9999999999999947,0.9999999999999987,3,KG_TASK_ADDED
127,745,0.0,0.9999999999999998,0.9835250293369866,0.9958812573342466,3,KG_TASK_ADDED
127,18,0.0,0.9561828874675149,0.9835250293369866,0.9849269792011254,4,KG_TASK_ADDED
128,243,0.0,1.0000000000000002,0.9939179403416252,0.9984794850854063,3,KG_TASK_ADDED
128,320,0.0,0.9622504486493763,0.989113192551152,0.9878409103001321,3,KG_TASK_ADDED
128,602,0.0,0.9561828874675149,0.9911390690580042,0.9868304891313797,5,KG_TASK_ADDED
129,186,0.0,0.8944271909999159,0.9811834989383266,0.9689026724845606,5,KG_TASK_ADDED
129,447,0.0,0.8660254037844387,0.9835404499904651,0.962391463443726,4,KG_TASK_ADDED
129,306,0.0,0.8164965809277259,0.9999999999999999,0.9541241452319315,5,KG_TASK_ADDED
130,520,0.0,0.9999999999999998,0.9875987296759041,0.996899682418976,7,KG_TASK_ADDED
130,486,0.0,1.0,0.9856735280907951,0.9964183820226988,8,KG_TASK_ADDED
130,411,0.0,0.9669875568304563,0.9856735283437705,0.9881652712935567,8,KG_TASK_ADDED
131,196,0.0,1.0000000000000002,0.9999999999999999,1.0,3,KG_TASK_ADDED
131,188,0.0,1.0,0.9928140858685305,0.9982035214671326,4,KG_TASK_ADDED
131,218,0.0,1.0,0.9924975680414696,0.9981243920103674,4,KG_TASK_ADDED
132,299,0.0,0.9622504486493763,0.9999999999999947,0.9905626121623428,3,KG_TASK_ADDED
132,361,0.0,0.944911182523068,0.9999999999999948,0.9862277956307657,4,KG_TASK_ADDED
132,520,0.0,0.9428090415820635,0.9999999999999953,0.9857022603955148,3,KG_TASK_ADDED
133,152,0.0,1.0000000000000002,0.9999999999999972,0.9999999999999993,3,KG_TASK_ADDED
133,483,0.0,1.0,0.9999999999999972,0.9999999999999993,4,KG_TASK_ADDED
133,526,0.0,1.0,0.9999999999999972,0.9999999999999993,4,KG_TASK_ADDED
134,487,0.0,1.0,0.9844620082160399,0.99611550205401,4,KG_TASK_ADDED
135,242,0.0,1.0,0.9788505677454424,0.9947126419363606,4,KG_TASK_ADDED
135,86,0.0,0.9525793444156805,0.9788505665464109,0.9828574777405228,3,KG_TASK_ADDED
135,674,0.0,0.9428090415820635,0.9819944022397302,0.9812008609554485,3,KG_TASK_ADDED
136,29,0.0,0.9622504486493763,0.999999999999994,0.9905626121623425,3,KG_TASK_ADDED
136,550,0.0,0.9622504486493763,0.9999999999999938,0.9905626121623425,3,KG_TASK_ADDED
136,624,0.0,0.9525793444156805,0.9999999999999943,0.9881448361039187,3,KG_TASK_ADDED
137,297,0.0,0.9525793444156805,0.9999999999999949,0.9881448361039189,6,KG_TASK_ADDED
137,392,0.0,0.9486832980505138,0.9999999999999954,0.9871708245126274,5,KG_TASK_ADDED
137,341,0.0,0.944911182523068,0.9999999999999949,0.9862277956307657,4,KG_TASK_ADDED
138,94,0.0,0.899954085146515,1.0,0.9749885212866287,11,KG_TASK_ADDED
138,56,0.0,0.8987170342729172,1.0,0.9746792585682293,14,KG_TASK_ADDED
138,17,0.0,0.8848115993052195,1.0,0.9712028998263049,32,KG_TASK_ADDED
139,361,0.0,0.9999999999999998,0.9999999999999928,0.9999999999999982,5,KG_TASK_ADDED
140,559,0.0,0.8999999999999998,0.981087602668761,0.9702719006671903,7,KG_TASK_ADDED
140,269,0.0,0.8660254037844387,0.9999999999999998,0.9665063509461096,8,KG_TASK_ADDED
140,354,0.0,0.8333333333333334,0.9999999999999998,0.9583333333333333,6,KG_TASK_ADDED
141,711,0.0,0.9561828874675149,0.9876814220353352,0.9859660773757125,5,KG_TASK_ADDED
141,561,0.0,0.9525793444156805,0.9845869175125336,0.9842915654820535,3,KG_TASK_ADDED
141,583,0.0,0.9622504486493763,0.9716277593664541,0.9834695520039576,3,KG_TASK_ADDED
142,391,0.0,0.9486832980505138,0.9854116957222143,0.983523748443182,5,KG_TASK_ADDED
142,333,0.0,0.944911182523068,0.9854116985360691,0.9825807202647843,5,KG_TASK_ADDED
142,492,0.0,0.8703882797784892,0.9854116976017401,0.9639499943450573,5,KG_TASK_ADDED
143,80,0.0,1.0000000000000002,1.0,1.0,3,KG_TASK_ADDED
143,94,0.0,1.0000000000000002,1.0,1.0,3,KG_TASK_ADDED
143,17,0.0,0.9707253433941511,1.0,0.9926813358485378,4,KG_TASK_ADDED
144,326,0.0,0.5773502691896258,0.9999999999999958,0.8943375672974054,5,KG_TASK_ADDED
144,255,0.0,0.42640143271122083,0.9999999999999951,0.856600358177804,5,KG_TASK_ADDED
144,433,0.0,0.22360679774997896,0.9835699828338954,0.8017941951459686,7,KG_TASK_ADDED
145,254,0.0,0.9999999999999998,0.9770370627388208,0.9942592656847051,4,KG_TASK_ADDED
145,373,0.0,0.9622504486493763,0.9848572525935226,0.9867769253107248,3,KG_TASK_ADDED
145,517,0.0,0.911656196861841,0.9848572516471273,0.9741283621272421,14,KG_TASK_ADDED
146,196,0.0,1.0,0.9999999999999999,1.0,8,KG_TASK_ADDED
146,313,0.0,0.9622504486493763,0.9999999999999999,0.9905626121623441,3,KG_TASK_ADDED
146,131,0.0,0.9486832980505138,0.9999999999999999,0.9871708245126285,5,KG_TASK_ADDED
147,215,0.0,1.0000000000000002,0.9902731845290565,0.9975682961322642,3,KG_TASK_ADDED
147,210,0.0,1.0000000000000002,0.9902731840401611,0.9975682960100403,3,KG_TASK_ADDED
147,733,0.0,0.9486832980505138,0.9902731845290565,0.9847391206448926,4,KG_TASK_ADDED
148,78,0.0,-0.5345224838248488,0.990273184905845,0.613937675270249,7,KG_TASK_ADDED
148,737,0.0,-0.5773502691896258,1.0,0.6056624327025936,6,KG_TASK_ADDED
148,602,0.0,-0.8164965809277259,0.99033209061824,0.5434588774226286,3,KG_TASK_ADDED
149,55,0.0,1.0,0.9810876011193641,0.995271900279841,5,KG_TASK_ADDED
149,681,0.0,0.9622504486493764,0.9819555248907871,0.9860514933850408,6,KG_TASK_ADDED
149,561,0.0,0.9428090415820635,0.981087600681754,0.9809741605659544,3,KG_TASK_ADDED
150,543,0.0,0.6546536707079772,1.0000000000000002,0.9136634176769943,9,KG_TASK_ADDED
150,724,0.0,0.6546536707079772,1.0000000000000002,0.9136634176769943,7,KG_TASK_ADDED
150,416,0.0,0.6246950475544243,0.9999999999999974,0.9061737618886054,11,KG_TASK_ADDED
151,12,0.0,0.9622504486493763,1.0,0.9905626121623441,6,KG_TASK_ADDED
151,17,0.0,0.9594032236002469,1.0,0.9898508059000617,5,KG_TASK_ADDED
151,15,0.0,0.9428090415820635,1.0,0.9857022603955159,3,KG_TASK_ADDED
152,526,0.0,1.0000000000000002,1.0000000000000002,1.0,3,KG_TASK_ADDED
152,689,0.0,1.0000000000000002,1.0000000000000002,1.0,3,KG_TASK_ADDED
152,133,0.0,1.0000000000000002,0.9999999999999972,0.9999999999999993,3,KG_TASK_ADDED
153,263,0.0,0.8164965809277261,0.9999999999999989,0.9541241452319313,3,KG_TASK_ADDED
153,102,0.0,0.6135719910778963,1.0000000000000007,0.9033929977694743,9,KG_TASK_ADDED
153,693,0.0,0.40824829046386296,0.9872046714665877,0.8488632404826126,5,KG_TASK_ADDED
154,505,0.0,0.9486832980505138,0.9999999999999982,0.987170824512628,4,KG_TASK_ADDED
154,643,0.0,0.9486832980505138,0.9999999999999951,0.9871708245126272,4,KG_TASK_ADDED
154,499,0.0,0.9486832980505138,0.9999999999999942,0.9871708245126269,4,KG_TASK_ADDED
155,92,0.0,0.8944271909999159,0.9999999999999983,0.9736067977499785,11,KG_TASK_ADDED
155,176,0.0,0.6804138174397718,0.9999999999999983,0.9201034543599425,9,KG_TASK_ADDED
155,636,0.0,0.5640760748177662,0.9999999999999971,0.8910190187044409,8,KG_TASK_ADDED
156,26,0.0,0.9525793444156805,0.9999999999999984,0.9881448361039198,10,KG_TASK_ADDED
156,202,0.0,0.9486832980505138,0.9999999999999982,0.987170824512628,4,KG_TASK_ADDED
156,297,0.0,0.9434563530497265,0.9999999999999984,0.9858640882624312,7,KG_TASK_ADDED
157,20,0.0,1.0000000000000002,1.0,1.0,3,KG_TASK_ADDED
157,12,0.0,0.9431191251430151,1.0,0.9857797812857538,7,KG_TASK_ADDED
157,56,0.0,0.936585811581694,1.0,0.9841464528954235,7,KG_TASK_ADDED
158,574,0.0,0.9750168689498874,1.0000000000000002,0.9937542172374718,7,KG_TASK_ADDED
158,643,0.0,0.9723055853282466,0.999999999999997,0.9930763963320609,5,KG_TASK_ADDED
158,483,0.0,0.9635460822563594,1.0000000000000002,0.9908865205640899,7,KG_TASK_ADDED
159,41,0.0,1.0000000000000002,0.9999999999999999,1.0,3,KG_TASK_ADDED
159,501,0.0,1.0,0.9999999999999997,0.9999999999999999,4,KG_TASK_ADDED
159,437,0.0,0.9594032236002469,0.9910565818508259,0.9876149513627681,5,KG_TASK_ADDED
160,26,0.0,1.0,0.9999999999999971,0.9999999999999993,4,KG_TASK_ADDED
160,174,0.0,1.0,0.9999999999999972,0.9999999999999993,4,KG_TASK_ADDED
160,202,0.0,1.0000000000000002,0.9999999999999974,0.9999999999999993,3,KG_TASK_ADDED
161,365,0.0,0.9999999999999998,0.9999999999999963,0.9999999999999991,5,KG_TASK_ADDED
161,333,0.0,1.0000000000000002,0.9999999999999953,0.9999999999999989,3,KG_TASK_ADDED
161,231,0.0,0.9999999999999998,0.999999999999995,0.9999999999999987,5,KG_TASK_ADDED
162,380,0.0,1.0000000000000002,0.9767779079920501,0.9941944769980126,3,KG_TASK_ADDED
162,110,0.0,1.0000000000000002,0.9749106033255341,0.9937276508313835,3,KG_TASK_ADDED
162,222,0.0,1.0,0.9749105996614865,0.9937276499153717,4,KG_TASK_ADDED
163,53,0.0,0.8838834764831843,0.9999999999999866,0.9709708691207928,5,KG_TASK_ADDED
163,455,0.0,0.7980238751210128,0.9999999999999843,0.9495059687802493,7,KG_TASK_ADDED
163,169,0.0,0.5530100413375021,0.9999999999999912,0.8882525103343732,39,KG_TASK_ADDED
164,87,0.0,1.0000000000000002,0.987789223992562,0.9969473059981405,3,KG_TASK_ADDED
165,17,0.0,0.7302967433402214,1.0,0.9325741858350554,8,KG_TASK_ADDED
165,15,0.0,0.7071067811865475,1.0,0.9267766952966369,8,KG_TASK_ADDED
165,20,0.0,0.7071067811865475,1.0,0.9267766952966369,3,KG_TASK_ADDED
166,46,0.0,0.9622504486493763,0.9863037673361569,0.9871385539963833,3,KG_TASK_ADDED
166,446,0.0,0.9428090415820635,0.9863037678769193,0.9822782023647457,3,KG_TASK_ADDED
166,376,0.0,0.9116846116771036,0.9999999999999934,0.9779211529192742,8,KG_TASK_ADDED
167,402,0.0,0.9723055853282466,0.9999999999999967,0.9930763963320608,8,KG_TASK_ADDED
167,635,0.0,0.9594032236002469,0.9999999999999952,0.9898508059000605,5,KG_TASK_ADDED
167,121,0.0,0.9561828874675149,0.9999999999999967,0.9890457218668779,4,KG_TASK_ADDED
168,38,0.0,1.0000000000000002,0.9999999999999918,0.999999999999998,3,KG_TASK_ADDED
168,487,0.0,1.0000000000000002,0.9854368921303155,0.9963592230325788,6,KG_TASK_ADDED
169,46,0.0,0.9486832980505138,0.9999999999999942,0.9871708245126269,6,KG_TASK_ADDED
169,53,0.0,0.9486832980505138,0.9999999999999922,0.9871708245126265,6,KG_TASK_ADDED
169,446,0.0,0.8386278693775346,0.9999999999999932,0.959656967344382,8,KG_TASK_ADDED
170,46,0.0,0.9999999999999999,0.9999999999999966,0.9999999999999991,7,KG_TASK_ADDED
170,455,0.0,0.9449111825230682,0.9999999999999944,0.9862277956307657,11,KG_TASK_ADDED
170,106,0.0,0.8944271909999159,0.9999999999999939,0.9736067977499774,5,KG_TASK_ADDED
171,56,0.0,0.9486832980505138,1.0,0.9871708245126285,4,KG_TASK_ADDED
171,17,0.0,0.884537962671703,1.0,0.9711344906679258,9,KG_TASK_ADDED
171,12,0.0,0.8728715609439696,1.0,0.9682178902359924,4,KG_TASK_ADDED
172,338,0.0,0.9999999999999998,0.9901617818689059,0.9975404454672264,3,KG_TASK_ADDED
172,412,0.0,0.9761870601839528,0.986328368368444,0.9906288571380992,5,KG_TASK_ADDED
172,215,0.0,0.9622504486493763,0.986328368368444,0.9871447042544551,3,KG_TASK_ADDED
173,26,0.0,0.9999999999999998,0.9979692289446752,0.9994923072361688,11,KG_TASK_ADDED
173,341,0.0,0.944911182523068,0.9979692289446752,0.9857201028669358,4,KG_TASK_ADDED
173,318,0.0,0.9428090415820635,0.9979692289446752,0.9851945676316847,7,KG_TASK_ADDED
174,297,0.0,1.0,0.9999999999999989,0.9999999999999998,4,KG_TASK_ADDED
174,705,0.0,0.9827076298239908,0.9999999999999989,0.9956769074559975,7,KG_TASK_ADDED
174,529,0.0,0.9600014517991345,0.999999999999999,0.9900003629497834,11,KG_TASK_ADDED
175,675,0.0,1.0,0.9999999999999974,0.9999999999999993,4,KG_TASK_ADDED
175,669,0.0,0.8819171036881969,0.9814549322456585,0.9658430089834638,4,KG_TASK_ADDED
175,647,0.0,0.8432740427115678,0.9999999999999974,0.9608185106778913,4,KG_TASK_ADDED
176,36,0.0,0.9999999999999998,1.0000000000000002,1.0,6,KG_TASK_ADDED
176,363,0.0,1.0000000000000002,1.0000000000000002,1.0,3,KG_TASK_ADDED
176,394,0.0,1.0,1.0000000000000002,1.0,4,KG_TASK_ADDED
177,56,0.0,0.9622504486493763,1.0,0.9905626121623441,3,KG_TASK_ADDED
177,20,0.0,0.9428090415820635,1.0,0.9857022603955159,3,KG_TASK_ADDED
177,17,0.0,0.8819171036881969,1.0,0.9704792759220492,6,KG_TASK_ADDED
178,260,0.0,0.9999999999999998,0.9818856869677577,0.9954714217419394,5,KG_TASK_ADDED
178,692,0.0,1.0,0.9818856869677577,0.9954714217419394,6,KG_TASK_ADDED
178,644,0.0,0.9999999999999999,0.9761747155960795,0.9940436788990199,7,KG_TASK_ADDED
179,100,0.0,0.9561828874675149,0.9899687935647856,0.9865379202580751,7,KG_TASK_ADDED
179,318,0.0,0.7905694150420948,0.9877412646796262,0.9445776699304302,7,KG_TASK_ADDED
179,26,0.0,0.7826237921249264,0.9877412646796262,0.9425912642011381,10,KG_TASK_ADDED
181,286,0.0,0.9544271444636666,0.9934152298456511,0.9869605935773295,10,KG_TASK_ADDED
181,483,0.0,0.944911182523068,0.9919294623348178,0.9842101612144715,4,KG_TASK_ADDED
181,620,0.0,0.8164965809277259,0.9919294629071588,0.9521065109587211,3,KG_TASK_ADDED
182,460,0.0,0.8944271909999159,0.9999999999999916,0.9736067977499768,9,KG_TASK_ADDED
182,679,0.0,0.8911327886790069,0.9999999999999951,0.9727831971697505,6,KG_TASK_ADDED
182,346,0.0,0.8990016635862362,0.9904578899432702,0.9723648883823767,11,KG_TASK_ADDED
183,428,0.0,1.0,0.9999999999999999,1.0,4,KG_TASK_ADDED
183,75,0.0,0.9622504486493763,0.9874023656614176,0.9874132035776985,3,KG_TASK_ADDED
183,586,0.0,0.944911182523068,0.999999999999994,0.9862277956307655,4,KG_TASK_ADDED
184,609,0.0,1.0,0.9933184704407927,0.9983296176101981,7,KG_TASK_ADDED
184,518,0.0,0.9707253433941511,0.9999999999999943,0.9926813358485364,4,KG_TASK_ADDED
184,105,0.0,0.9544271444636666,0.9999999999999984,0.9886067861159162,7,KG_TASK_ADDED
185,487,0.0,1.0000000000000002,0.9884787394677657,0.9971196848669415,3,KG_TASK_ADDED
186,25,0.0,0.9999999999999998,0.9999999999999951,0.9999999999999987,5,KG_TASK_ADDED
186,127,0.0,1.0000000000000002,0.9999999999999947,0.9999999999999987,3,KG_TASK_ADDED
186,371,0.0,0.9999999999999999,0.9999999999999947,0.9999999999999987,7,KG_TASK_ADDED
187,365,0.0,0.48420012470625223,0.9788468434080289,0.8657617420285703,11,KG_TASK_ADDED
187,533,0.0,0.4123930494211613,0.9788468431556474,0.8478099731442021,7,KG_TASK_ADDED
187,388,0.0,0.14285714285714285,0.9788468434080289,0.780425996566293,7,KG_TASK_ADDED
188,218,0.0,1.0000000000000002,0.9930478848692555,0.9982619712173139,6,KG_TASK_ADDED
188,131,0.0,1.0,0.9928140858685305,0.9982035214671326,4,KG_TASK_ADDED
188,68,0.0,0.9647638212377322,0.9928140858685305,0.9893944767765657,7,KG_TASK_ADDED
189,212,0.0,1.0,0.9932010012820547,0.9983002503205136,4,KG_TASK_ADDED
189,372,0.0,1.0,0.984152312037039,0.9960380780092597,4,KG_TASK_ADDED
190,212,0.0,0.944911182523068,0.9932010008006497,0.9845280458309295,5,KG_TASK_ADDED
191,124,0.0,1.0000000000000002,0.9999999999999932,0.9999999999999983,3,KG_TASK_ADDED
191,292,0.0,1.0,0.9999999999999931,0.9999999999999982,4,KG_TASK_ADDED
191,410,0.0,0.9999999999999998,0.9999999999999931,0.9999999999999982,5,KG_TASK_ADDED
192,395,0.0,1.0,0.9999999999999999,1.0,5,KG_TASK_ADDED
192,500,0.0,0.9999999999999998,0.9999999999999993,0.9999999999999998,5,KG_TASK_ADDED
192,439,0.0,1.0000000000000002,0.9999999999999987,0.9999999999999997,3,KG_TASK_ADDED
193,448,0.0,0.7745966692414834,1.0000000000000002,0.9436491673103709,9,KG_TASK_ADDED
193,643,0.0,0.7715167498104595,0.999999999999997,0.9428791874526141,10,KG_TASK_ADDED
193,689,0.0,0.769800358919501,1.0000000000000002,0.9424500897298753,6,KG_TASK_ADDED
194,80,0.0,1.0000000000000002,1.0,1.0,3,KG_TASK_ADDED
194,20,0.0,0.9464574146347642,1.0,0.9866143536586911,13,KG_TASK_ADDED
194,17,0.0,0.9389158011040616,1.0,0.9847289502760154,21,KG_TASK_ADDED
195,87,0.0,0.9622504486493763,0.9722652716300276,0.983628930069851,3,KG_TASK_ADDED
195,300,0.0,0.9237604307034011,0.9722652702845598,0.9740064252469902,6,KG_TASK_ADDED
195,255,0.0,0.8944271909999159,0.9722652693353507,0.9666731150838166,3,KG_TASK_ADDED
196,131,0.0,1.0000000000000002,0.9999999999999999,1.0,3,KG_TASK_ADDED
196,146,0.0,1.0,0.9999999999999999,1.0,8,KG_TASK_ADDED
196,212,0.0,1.0000000000000002,0.9999999999999999,1.0,3,KG_TASK_ADDED
197,94,0.0,0.9600014517991345,1.0,0.9900003629497837,14,KG_TASK_ADDED
197,17,0.0,0.9458889376416986,1.0,0.9864722344104246,29,KG_TASK_ADDED
197,66,0.0,0.944911182523068,1.0,0.986227795630767,11,KG_TASK_ADDED
198,360,0.0,0.8660254037844387,0.9924488207448857,0.9646185561323312,6,KG_TASK_ADDED
198,508,0.0,0.7647191129018724,0.9999999999999964,0.9411797782254672,10,KG_TASK_ADDED
198,271,0.0,0.7071067811865475,1.0000000000000002,0.9267766952966369,4,KG_TASK_ADDED
199,566,0.0,0.8164965809277261,0.9999999999999989,0.9541241452319313,3,KG_TASK_ADDED
199,693,0.0,0.8164965809277259,0.9872046714665877,0.9509253130985784,3,KG_TASK_ADDED
200,106,0.0,0.9525793444156805,0.9999999999999939,0.9881448361039186,3,KG_TASK_ADDED
200,46,0.0,0.9486832980505138,0.9999999999999953,0.9871708245126273,5,KG_TASK_ADDED
200,446,0.0,0.9486832980505138,0.9999999999999944,0.987170824512627,4,KG_TASK_ADDED
202,26,0.0,1.0000000000000002,0.9999999999999988,0.9999999999999997,3,KG_TASK_ADDED
202,297,0.0,1.0000000000000002,0.9999999999999988,0.9999999999999997,3,KG_TASK_ADDED
202,318,0.0,1.0000000000000002,0.9999999999999988,0.9999999999999997,6,KG_TASK_ADDED
203,404,0.0,0.8333333333333335,0.9999999999999931,0.9583333333333317,4,KG_TASK_ADDED
203,679,0.0,0.6324555320336759,0.9999999999999974,0.9081138830084183,6,KG_TASK_ADDED
203,39,0.0,0.39735970711951313,0.9904578915184973,0.8469543996595026,19,KG_TASK_ADDED
205,525,0.0,0.9622504486493763,0.9910275314223608,0.9883194950179343,3,KG_TASK_ADDED
205,21,0.0,0.9525793444156805,0.991027533658124,0.9859017195184512,3,KG_TASK_ADDED
205,400,0.0,0.9525793444156805,0.9910275297478557,0.985901718540884,3,KG_TASK_ADDED
206,56,0.0,0.9622504486493764,1.0,0.9905626121623441,9,KG_TASK_ADDED
206,94,0.0,0.9561828874675149,1.0,0.9890457218668787,5,KG_TASK_ADDED
206,12,0.0,0.9438798074485388,1.0,0.9859699518621348,7,KG_TASK_ADDED
208,440,0.0,0.9622504486493763,0.9896761168320931,0.9879816413703674,3,KG_TASK_ADDED
208,690,0.0,0.9486832980505138,0.9999999999999941,0.9871708245126269,4,KG_TASK_ADDED
208,213,0.0,0.9428090415820635,0.9999999999999949,0.9857022603955146,3,KG_TASK_ADDED
210,564,0.0,1.0000000000000002,0.9999999999999983,0.9999999999999996,3,KG_TASK_ADDED
210,147,0.0,1.0000000000000002,0.9902731840401611,0.9975682960100403,3,KG_TASK_ADDED
211,25,0.0,0.9999999999999998,0.9999999999999949,0.9999999999999987,5,KG_TASK_ADDED
211,633,0.0,1.0000000000000002,0.9837434546140991,0.9959358636535247,3,KG_TASK_ADDED
211,274,0.0,1.0000000000000002,0.983525026365603,0.9958812565914008,3,KG_TASK_ADDED
212,196,0.0,1.0000000000000002,0.9999999999999999,1.0,3,KG_TASK_ADDED
212,313,0.0,1.0,0.9999999999999999,1.0,4,KG_TASK_ADDED
212,189,0.0,1.0,0.9932010012820547,0.9983002503205136,4,KG_TASK_ADDED
213,630,0.0,1.0000000000000002,0.9896761216600667,0.9974190304150167,3,KG_TASK_ADDED
213,16,0.0,0.9999999999999998,0.9896761201537772,0.9974190300384442,5,KG_TASK_ADDED
213,347,0.0,0.9622504486493764,0.9896761201537772,0.9879816422007883,6,KG_TASK_ADDED
214,364,0.0,1.0000000000000002,0.9999999999999893,0.9999999999999973,3,KG_TASK_ADDED
214,576,0.0,0.9999999999999998,0.999999999999987,0.9999999999999967,5,KG_TASK_ADDED
214,752,0.0,0.944911182523068,0.9924488168316176,0.9843399998386714,8,KG_TASK_ADDED
215,523,0.0,1.0000000000000002,1.0,1.0,3,KG_TASK_ADDED
215,147,0.0,1.0000000000000002,0.9902731845290565,0.9975682961322642,3,KG_TASK_ADDED
216,633,0.0,0.9561828874675149,0.983743456475289,0.984981585985701,6,KG_TASK_ADDED
216,229,0.0,0.8783100656536798,1.0000000000000004,0.96957751641342,7,KG_TASK_ADDED
216,717,0.0,0.8164965809277259,1.0000000000000004,0.9541241452319316,3,KG_TASK_ADDED
217,66,0.0,0.9999999999999998,1.0,1.0,5,KG_TASK_ADDED
217,80,0.0,1.0000000000000002,1.0,1.0,3,KG_TASK_ADDED
217,20,0.0,0.9486832980505138,1.0,0.9871708245126285,7,KG_TASK_ADDED
218,33,0.0,1.0000000000000002,0.9948317099635149,0.9987079274908788,3,KG_TASK_ADDED
218,643,0.0,0.9999999999999998,0.9942151901383441,0.998553797534586,5,KG_TASK_ADDED
219,139,0.0,0.9525793444156805,0.9999999999999936,0.9881448361039185,3,KG_TASK_ADDED
219,51,0.0,0.8660254037844387,0.9999999999999939,0.9665063509461082,4,KG_TASK_ADDED
219,132,0.0,0.7592566023652966,0.9999999999999941,0.9398141505913227,5,KG_TASK_ADDED
221,85,0.0,0.8528028654224417,0.9823509765691048,0.9587884604978867,10,KG_TASK_ADDED
221,215,0.0,0.8164965809277259,0.9827073367353174,0.9498009794157608,3,KG_TASK_ADDED
221,684,0.0,0.7661308776828739,0.9823509765691048,0.9371204635629946,8,KG_TASK_ADDED
222,110,0.0,1.0000000000000002,0.9999999999999949,0.9999999999999987,6,KG_TASK_ADDED
222,577,0.0,1.0,0.9825316908407362,0.9956329227101841,4,KG_TASK_ADDED
222,563,0.0,1.0000000000000002,0.9825316899546517,0.9956329224886629,3,KG_TASK_ADDED
223,377,0.0,1.0000000000000002,0.9999999999999948,0.9999999999999987,3,KG_TASK_ADDED
223,398,0.0,1.0000000000000002,0.9905599360520942,0.9976399840130236,3,KG_TASK_ADDED
223,509,0.0,0.9594032236002469,0.9905599359391237,0.9874907898848426,8,KG_TASK_ADDED
224,686,0.0,0.9258200997725514,0.9999999999999974,0.9814550249431372,4,KG_TASK_ADDED
224,601,0.0,0.8333333333333334,0.9999999999999972,0.9583333333333327,4,KG_TASK_ADDED
224,52,0.0,0.8320502943378437,0.9999999999999963,0.95801257358446,7,KG_TASK_ADDED
225,567,0.0,1.0,0.9999999999999987,0.9999999999999997,4,KG_TASK_ADDED
225,598,0.0,1.0000000000000002,0.9999999999999987,0.9999999999999997,3,KG_TASK_ADDED
225,652,0.0,1.0000000000000002,0.9999999999999987,0.9999999999999997,3,KG_TASK_ADDED
226,753,0.0,0.9622504486493763,0.9999999999999948,0.9905626121623428,3,KG_TASK_ADDED
226,268,0.0,0.9538209664765318,0.9999999999999948,0.9884552416191317,10,KG_TASK_ADDED
226,63,0.0,0.9438798074485389,0.9999999999999951,0.9859699518621335,5,KG_TASK_ADDED
227,605,0.0,1.0000000000000002,0.9999999999999971,0.9999999999999993,3,KG_TASK_ADDED
227,23,0.0,1.0000000000000002,0.990161783246412,0.9975404458116031,3,KG_TASK_ADDED
227,523,0.0,0.9428090415820635,0.9849797556952415,0.9819471993193263,3,KG_TASK_ADDED
228,709,0.0,0.9999999999999998,0.9794705055454355,0.9948676263863587,5,KG_TASK_ADDED
228,545,0.0,1.0000000000000002,0.9794705037182653,0.9948676259295663,6,KG_TASK_ADDED
228,212,0.0,1.0000000000000002,0.9741400578400151,0.9935350144600038,6,KG_TASK_ADDED
229,25,0.0,1.0000000000000002,0.9999999999999968,0.9999999999999992,3,KG_TASK_ADDED
229,633,0.0,0.9999999999999998,0.983743456475289,0.9959358641188223,5,KG_TASK_ADDED
229,629,0.0,0.9999999999999998,0.9835250293369866,0.9958812573342466,5,KG_TASK_ADDED
230,317,0.0,0.9486832980505138,0.9999999999999928,0.9871708245126267,4,KG_TASK_ADDED
230,16,0.0,0.9574271077563381,0.9896761169419583,0.9867758061745742,9,KG_TASK_ADDED
230,316,0.0,0.9189365834726815,0.9896761158044091,0.9771531748192726,23,KG_TASK_ADDED
231,161,0.0,0.9999999999999998,0.999999999999995,0.9999999999999987,5,KG_TASK_ADDED
231,38,0.0,1.0000000000000002,0.9999999999999925,0.9999999999999981,3,KG_TASK_ADDED
231,75,0.0,0.9707253433941511,0.9906575484886802,0.9903457229707078,4,KG_TASK_ADDED
233,56,0.0,0.6030226891555273,1.0,0.9007556722888819,5,KG_TASK_ADDED
233,19,0.0,0.5,1.0,0.875,4,KG_TASK_ADDED
233,66,0.0,0.3779644730092272,1.0,0.8444911182523068,4,KG_TASK_ADDED
234,507,0.0,1.0,0.9814275376859793,0.9953568844214948,4,KG_TASK_ADDED
234,211,0.0,1.0000000000000002,0.9798658488520245,0.9949664622130061,6,KG_TASK_ADDED
234,717,0.0,0.9428090415820635,0.9798658490884674,0.9806687226676327,3,KG_TASK_ADDED
235,724,0.0,1.0,1.0000000000000002,1.0,4,KG_TASK_ADDED
235,753,0.0,1.0,1.0000000000000002,1.0,4,KG_TASK_ADDED
235,570,0.0,0.9999999999999998,0.9999999999999968,0.9999999999999991,5,KG_TASK_ADDED
236,20,0.0,0.8333333333333335,1.0,0.9583333333333334,6,KG_TASK_ADDED
236,15,0.0,0.7637626158259734,1.0,0.9409406539564933,9,KG_TASK_ADDED
237,87,0.0,1.0,0.9999999999999923,0.9999999999999981,4,KG_TASK_ADDED
237,288,0.0,1.0000000000000002,0.9999999999999925,0.9999999999999981,3,KG_TASK_ADDED
237,509,0.0,1.0,0.9905599379770487,0.9976399844942622,11,KG_TASK_ADDED
238,56,0.0,0.6454972243679029,1.0,0.9113743060919757,7,KG_TASK_ADDED
238,34,0.0,0.629940788348712,1.0,0.907485197087178,20,KG_TASK_ADDED
238,66,0.0,0.5,1.0,0.875,4,KG_TASK_ADDED
239,168,0.0,1.0,0.9999999999999974,0.9999999999999993,4,KG_TASK_ADDED
239,391,0.0,1.0000000000000002,0.9999999999999944,0.9999999999999987,6,KG_TASK_ADDED
239,75,0.0,0.9707253433941511,0.9906575480025813,0.9903457228491831,4,KG_TASK_ADDED
240,400,0.0,1.0,0.9999999999999981,0.9999999999999996,4,KG_TASK_ADDED
240,501,0.0,1.0,0.9999999999999973,0.9999999999999993,4,KG_TASK_ADDED
240,500,0.0,0.9999999999999998,0.9999999999999962,0.999999999999999,5,KG_TASK_ADDED
241,46,0.0,0.9622504486493764,0.9999999999999971,0.9905626121623434,6,KG_TASK_ADDED
241,53,0.0,0.9457324874869207,0.999999999999996,0.9864331218717292,8,KG_TASK_ADDED
241,446,0.0,0.9013878188659974,0.9999999999999966,0.9753469547164985,9,KG_TASK_ADDED
242,694,0.0,1.0000000000000002,0.978850569029718,0.9947126422574295,3,KG_TASK_ADDED
242,135,0.0,1.0,0.9788505677454424,0.9947126419363606,4,KG_TASK_ADDED
242,362,0.0,0.9999999999999998,0.9765532424481376,0.9941383106120343,8,KG_TASK_ADDED
243,128,0.0,1.0000000000000002,0.9939179403416252,0.9984794850854063,3,KG_TASK_ADDED
243,602,0.0,0.9999999999999998,0.9906859340039383,0.9976714835009846,8,KG_TASK_ADDED
243,237,0.0,0.9253038911459845,0.9905599381095369,0.9789659573138804,14,KG_TASK_ADDED
244,133,0.0,1.0,0.9914861784291159,0.997871544607279,4,KG_TASK_ADDED
244,347,0.0,0.9544271444636666,0.9999999999999947,0.9886067861159153,10,KG_TASK_ADDED
244,534,0.0,0.9486832980505138,0.9914861791217111,0.9850423692930562,5,KG_TASK_ADDED
245,564,0.0,1.0000000000000002,0.9902731845290565,0.9975682961322642,7,KG_TASK_ADDED
245,85,0.0,0.75,1.0000000000000002,0.9375,7,KG_TASK_ADDED
245,684,0.0,0.6396021490668313,1.0000000000000002,0.9099005372667078,5,KG_TASK_ADDED
246,133,0.0,0.9799578870122229,0.9999999999999972,0.9949894717530551,6,KG_TASK_ADDED
246,483,0.0,0.9723055853282466,1.0000000000000002,0.9930763963320617,5,KG_TASK_ADDED
246,158,0.0,0.9594032236002469,1.0000000000000002,0.9898508059000617,7,KG_TASK_ADDED
247,669,0.0,1.0000000000000002,0.9814549344619322,0.995363733615483,3,KG_TASK_ADDED
247,634,0.0,0.9622504486493763,1.0000000000000002,0.9905626121623441,3,KG_TASK_ADDED
247,362,0.0,0.9428090415820635,0.9999999999999957,0.9857022603955148,6,KG_TASK_ADDED
248,612,0.0,1.0000000000000002,0.9999999999999977,0.9999999999999994,3,KG_TASK_ADDED
248,669,0.0,1.0,0.9862609878814936,0.9965652469703734,4,KG_TASK_ADDED
248,422,0.0,0.9525793444156805,0.9999999999999982,0.9881448361039197,3,KG_TASK_ADDED
249,160,0.0,1.0000000000000002,0.9999999999999964,0.9999999999999991,6,KG_TASK_ADDED
249,202,0.0,1.0,0.9999999999999963,0.9999999999999991,4,KG_TASK_ADDED
249,318,0.0,0.9486832980505138,0.9999999999999962,0.9871708245126275,5,KG_TASK_ADDED
250,297,0.0,1.0000000000000002,0.9999999999999983,0.9999999999999996,6,KG_TASK_ADDED
250,705,0.0,0.953820966476532,0.9999999999999983,0.9884552416191326,14,KG_TASK_ADDED
250,606,0.0,0.9463495102642552,0.999999999999998,0.9865873775660633,16,KG_TASK_ADDED
251,80,0.0,1.0000000000000002,1.0,1.0,3,KG_TASK_ADDED
251,17,0.0,0.9847982464479191,1.0,0.9961995616119798,8,KG_TASK_ADDED
251,15,0.0,0.9737289911202953,1.0,0.9934322477800739,18,KG_TASK_ADDED
252,263,0.0,0.9594032236002469,0.9755396157674155,0.9837357098419156,5,KG_TASK_ADDED
252,555,0.0,0.9561828874675149,0.9755396157674155,0.9829306258087327,5,KG_TASK_ADDED
252,189,0.0,0.9486832980505138,0.9795595921739761,0.9820607225561224,4,KG_TASK_ADDED
253,12,0.0,0.9820927516479827,1.0,0.9955231879119957,12,KG_TASK_ADDED
253,66,0.0,0.9622504486493763,1.0,0.9905626121623441,3,KG_TASK_ADDED
253,90,0.0,0.9622504486493763,1.0,0.9905626121623441,3,KG_TASK_ADDED
254,145,0.0,0.9999999999999998,0.9770370627388208,0.9942592656847051,4,KG_TASK_ADDED
254,54,0.0,0.8164965809277259,0.9719364529649154,0.9471082584731603,3,KG_TASK_ADDED
255,398,0.0,1.0000000000000002,0.9905599394214433,0.9976399848553608,3,KG_TASK_ADDED
255,467,0.0,0.882522608121828,0.9999999999999972,0.9706306520304564,8,KG_TASK_ADDED
255,509,0.0,0.8685990362153793,0.9905599393084731,0.9647897438809631,13,KG_TASK_ADDED
256,75,0.0,0.9428090415820635,0.9999999999999972,0.9857022603955152,3,KG_TASK_ADDED
256,333,0.0,0.9349975263177835,0.9906575471540516,0.9814137683679588,11,KG_TASK_ADDED
256,123,0.0,0.9322944450820391,0.9906575472886282,0.9807379980926668,17,KG_TASK_ADDED
257,12,0.0,0.9622504486493763,1.0,0.9905626121623441,6,KG_TASK_ADDED
257,20,0.0,0.9486832980505138,1.0,0.9871708245126285,7,KG_TASK_ADDED
257,90,0.0,0.944911182523068,1.0,0.986227795630767,4,KG_TASK_ADDED
258,345,0.0,1.0,0.9803233574868003,0.9950808393717001,4,KG_TASK_ADDED
258,333,0.0,0.9518172686249524,0.974841510086055,0.9816646946777519,9,KG_TASK_ADDED
258,391,0.0,0.9258200997725514,0.9748415102976131,0.9751654025175411,7,KG_TASK_ADDED
259,494,0.0,1.0000000000000002,0.9999999999999941,0.9999999999999986,3,KG_TASK_ADDED
259,576,0.0,1.0000000000000002,0.99999999999999,0.9999999999999976,3,KG_TASK_ADDED
259,461,0.0,0.9525793444156805,0.999999999999993,0.9881448361039183,6,KG_TASK_ADDED
260,692,0.0,1.0000000000000002,0.9999999999999999,1.0,3,KG_TASK_ADDED
260,281,0.0,1.0000000000000002,0.9999999999999971,0.9999999999999993,3,KG_TASK_ADDED
260,625,0.0,1.0000000000000002,0.9999999999999973,0.9999999999999993,3,KG_TASK_ADDED
262,373,0.0,0.9428090415820632,0.9866204941034219,0.9823573839213713,3,KG_TASK_ADDED
262,624,0.0,0.8164965809277261,0.9999999999999962,0.9541241452319307,3,KG_TASK_ADDED
262,103,0.0,0.6986956960477685,0.9999999999999981,0.9246739240119417,39,KG_TASK_ADDED
263,566,0.0,1.0000000000000002,0.9999999999999999,1.0,3,KG_TASK_ADDED
263,413,0.0,0.9561828874675149,0.9999999999999969,0.989045721866878,4,KG_TASK_ADDED
264,306,0.0,0.9999999999999998,0.9999999999999999,1.0,5,KG_TASK_ADDED
264,633,0.0,0.9999999999999998,0.9884181840652254,0.9971045460163064,5,KG_TASK_ADDED
264,211,0.0,1.0,0.9811834995578528,0.9952958748894631,4,KG_TASK_ADDED
265,297,0.0,0.9525793444156805,0.9999999999999999,0.9881448361039201,6,KG_TASK_ADDED
265,202,0.0,0.9525793444156805,0.9999999999999988,0.9881448361039198,6,KG_TASK_ADDED
265,174,0.0,0.9045340337332909,0.9999999999999989,0.9761335084333225,9,KG_TASK_ADDED
266,638,0.0,0.9999999999999999,0.9979692298295042,0.999492307457376,7,KG_TASK_ADDED
266,297,0.0,0.9999999999999998,0.9979692294461091,0.9994923073615272,8,KG_TASK_ADDED
266,705,0.0,0.9263894203828961,0.9979692294461091,0.9810896624572513,21,KG_TASK_ADDED
267,507,0.0,1.0000000000000002,0.981427534638869,0.9953568836597173,3,KG_TASK_ADDED
267,211,0.0,0.9999999999999998,0.9798658506224123,0.994966462655603,5,KG_TASK_ADDED
267,611,0.0,1.0000000000000002,0.9787651233537726,0.9946912808384432,3,KG_TASK_ADDED
268,729,0.0,1.0000000000000002,1.0000000000000002,1.0,3,KG_TASK_ADDED
268,570,0.0,1.0000000000000002,0.9999999999999968,0.9999999999999992,3,KG_TASK_ADDED
268,416,0.0,0.9647638212377321,0.9999999999999974,0.9911909553094324,12,KG_TASK_ADDED
269,418,0.0,0.9486832980505138,0.9999999999999937,0.9871708245126269,4,KG_TASK_ADDED
269,354,0.0,0.9428090415820635,0.9999999999999998,0.9857022603955159,3,KG_TASK_ADDED
269,117,0.0,0.9486832980505138,0.9833139190975458,0.9829993042870149,5,KG_TASK_ADDED
270,12,0.0,0.8486684247915055,1.0,0.9621671061978764,14,KG_TASK_ADDED
270,17,0.0,0.8485281374238569,1.0,0.9621320343559643,16,KG_TASK_ADDED
271,259,0.0,1.0,0.992448820566733,0.9981122051416833,4,KG_TASK_ADDED
271,114,0.0,0.9999999999999999,0.9924488196688589,0.9981122049172148,7,KG_TASK_ADDED
271,89,0.0,0.9622504486493763,0.9999999999999964,0.9905626121623432,3,KG_TASK_ADDED
274,371,0.0,0.9999999999999998,0.9835250293369866,0.9958812573342466,5,KG_TASK_ADDED
274,717,0.0,1.0000000000000002,0.9835250293369866,0.9958812573342466,3,KG_TASK_ADDED
274,186,0.0,1.0000000000000002,0.9835250284573366,0.9958812571143342,6,KG_TASK_ADDED
276,341,0.0,0.9622504486493763,0.9999999999999963,0.9905626121623432,6,KG_TASK_ADDED
276,297,0.0,0.9538209664765318,0.9999999999999963,0.9884552416191321,7,KG_TASK_ADDED
276,26,0.0,0.9525793444156803,0.9999999999999963,0.9881448361039191,9,KG_TASK_ADDED
277,458,0.0,0.40824829046386296,0.9999999999999958,0.8520620726159647,4,KG_TASK_ADDED
277,241,0.0,0.31622776601683794,0.9999999999999966,0.8290569415042086,8,KG_TASK_ADDED
277,407,0.0,0.2581988897471611,0.9999999999999947,0.8145497224367889,4,KG_TASK_ADDED
278,285,0.0,0.944911182523068,0.9999999999999973,0.9862277956307663,4,KG_TASK_ADDED
278,451,0.0,0.8770580193070293,0.9999999999999973,0.9692645048267566,7,KG_TASK_ADDED
278,383,0.0,0.8333333333333334,0.9999999999999973,0.9583333333333327,9,KG_TASK_ADDED
279,306,0.0,1.0,0.9999999999999999,1.0,4,KG_TASK_ADDED
279,571,0.0,1.0000000000000002,0.9999999999999973,0.9999999999999993,3,KG_TASK_ADDED
279,633,0.0,1.0,0.9884181840652254,0.9971045460163064,4,KG_TASK_ADDED
280,713,0.0,0.9723055853282466,0.9999999999999966,0.9930763963320608,5,KG_TASK_ADDED
280,176,0.0,0.9707253433941511,0.9999999999999964,0.9926813358485369,4,KG_TASK_ADDED
280,363,0.0,0.9707253433941511,0.9999999999999964,0.9926813358485369,4,KG_TASK_ADDED
281,260,0.0,1.0000000000000002,0.9999999999999971,0.9999999999999993,3,KG_TASK_ADDED
281,32,0.0,0.9999999999999998,0.9999999999999971,0.9999999999999992,5,KG_TASK_ADDED
281,625,0.0,1.0000000000000002,0.9999999999999963,0.9999999999999991,6,KG_TASK_ADDED
283,712,0.0,1.0,0.9999999999999979,0.9999999999999994,4,KG_TASK_ADDED
283,611,0.0,0.9999999999999998,0.9999999999999969,0.9999999999999991,10,KG_TASK_ADDED
283,483,0.0,1.0000000000000002,0.9884414655895495,0.9971103663973874,3,KG_TASK_ADDED
284,66,0.0,0.9486832980505138,1.0,0.9871708245126285,6,KG_TASK_ADDED
284,64,0.0,0.9428090415820635,1.0,0.9857022603955159,3,KG_TASK_ADDED
284,94,0.0,0.8908708063747479,1.0,0.972717701593687,10,KG_TASK_ADDED
285,292,0.0,1.0000000000000002,1.0000000000000002,1.0,3,KG_TASK_ADDED
285,451,0.0,1.0000000000000002,1.0000000000000002,1.0,3,KG_TASK_ADDED
285,70,0.0,0.9999999999999998,0.9999999999999963,0.9999999999999991,5,KG_TASK_ADDED
286,643,0.0,0.9629629629629629,0.9943259621253595,0.9893222312720806,12,KG_TASK_ADDED
286,483,0.0,0.9486832980505138,0.9943259610047449,0.9857523147638148,4,KG_TASK_ADDED
286,218,0.0,0.944911182523068,0.9973425664244593,0.9855634372368818,7,KG_TASK_ADDED
287,209,0.0,1.0000000000000002,1.0000000000000002,1.0,3,KG_TASK_ADDED
287,215,0.0,1.0000000000000002,0.9902731845290565,0.9975682961322642,3,KG_TASK_ADDED
287,564,0.0,1.0000000000000002,0.9902731845290565,0.9975682961322642,6,KG_TASK_ADDED
288,305,0.0,1.0,0.9999999999999947,0.9999999999999987,5,KG_TASK_ADDED
288,237,0.0,1.0000000000000002,0.9999999999999925,0.9999999999999981,3,KG_TASK_ADDED
288,87,0.0,1.0,0.99999999999999,0.9999999999999976,4,KG_TASK_ADDED
289,202,0.0,0.9999999999999998,0.9999999999999913,0.9999999999999978,5,KG_TASK_ADDED
289,392,0.0,0.8181818181818182,0.9999999999999913,0.9545454545454524,13,KG_TASK_ADDED
289,276,0.0,0.7198903546511335,0.9999999999999925,0.9299725886627814,28,KG_TASK_ADDED
290,394,0.0,0.9999999999999998,1.0000000000000002,1.0,5,KG_TASK_ADDED
290,568,0.0,0.9999999999999998,0.9999999999999987,0.9999999999999996,5,KG_TASK_ADDED
290,636,0.0,0.9525793444156805,0.9999999999999987,0.9881448361039198,6,KG_TASK_ADDED
291,66,0.0,0.9428090415820635,1.0,0.9857022603955159,6,KG_TASK_ADDED
291,15,0.0,0.8436614877321075,1.0,0.9609153719330269,14,KG_TASK_ADDED
291,64,0.0,0.8164965809277261,1.0,0.9541241452319316,3,KG_TASK_ADDED
292,285,0.0,1.0000000000000002,1.0000000000000002,1.0,3,KG_TASK_ADDED
292,191,0.0,1.0,0.9999999999999931,0.9999999999999982,4,KG_TASK_ADDED
292,385,0.0,1.0,0.9829824475527699,0.9957456118881924,9,KG_TASK_ADDED
293,486,0.0,0.9428090415820632,0.9999999999999964,0.9857022603955149,3,KG_TASK_ADDED
293,49,0.0,0.8164965809277259,1.0000000000000002,0.9541241452319315,3,KG_TASK_ADDED
293,304,0.0,0.7745966692414834,1.0000000000000002,0.9436491673103709,3,KG_TASK_ADDED
294,364,0.0,1.0000000000000002,0.9999999999999956,0.9999999999999989,3,KG_TASK_ADDED
294,752,0.0,1.0,0.992448819637322,0.9981122049093305,4,KG_TASK_ADDED
294,538,0.0,0.9354143466934853,0.992448819637322,0.9819657915827018,5,KG_TASK_ADDED
295,370,0.0,0.9737289911202953,0.9825316916856716,0.9890651707014917,9,KG_TASK_ADDED
295,369,0.0,0.9525793444156805,0.981737250829681,0.9835791488113403,3,KG_TASK_ADDED
295,516,0.0,0.9215686274509802,0.9810001696458034,0.9756421992741959,38,KG_TASK_ADDED
296,20,0.0,1.0000000000000002,1.0,1.0,3,KG_TASK_ADDED
297,26,0.0,0.9999999999999998,0.9999999999999999,1.0,5,KG_TASK_ADDED
297,705,0.0,0.9999999999999998,0.9999999999999999,1.0,5,KG_TASK_ADDED
297,174,0.0,1.0,0.9999999999999989,0.9999999999999998,4,KG_TASK_ADDED
299,132,0.0,0.9622504486493763,0.9999999999999947,0.9905626121623428,3,KG_TASK_ADDED
299,661,0.0,0.8944271909999159,0.9872234789536481,0.970412667488391,3,KG_TASK_ADDED
299,520,0.0,0.8366600265340756,0.9999999999999961,0.9591650066335179,8,KG_TASK_ADDED
300,315,0.0,1.0000000000000002,0.9905599378013402,0.9976399844503351,3,KG_TASK_ADDED
300,305,0.0,0.9457324874869207,0.9999999999999934,0.9864331218717285,8,KG_TASK_ADDED
300,509,0.0,0.8164965809277259,0.9905599387224209,0.9517641299125367,3,KG_TASK_ADDED
301,12,0.0,0.8017837257372732,1.0,0.9504459314343183,5,KG_TASK_ADDED
301,17,0.0,0.8006407690254358,1.0,0.950160192256359,4,KG_TASK_ADDED
301,94,0.0,0.75,1.0,0.9375,5,KG_TASK_ADDED
302,12,0.0,0.8164965809277259,1.0,0.9541241452319315,3,KG_TASK_ADDED
302,56,0.0,0.8164965809277259,1.0,0.9541241452319315,3,KG_TASK_ADDED
302,17,0.0,0.8006407690254358,1.0,0.950160192256359,4,KG_TASK_ADDED
303,581,0.0,0.9622504486493763,0.9999999999999941,0.9905626121623426,3,KG_TASK_ADDED
303,111,0.0,0.9428090415820635,0.9999999999999976,0.9857022603955152,3,KG_TASK_ADDED
303,431,0.0,0.8944271909999159,0.9999999999999966,0.973606797749978,6,KG_TASK_ADDED
304,293,0.0,0.7745966692414834,1.0000000000000002,0.9436491673103709,3,KG_TASK_ADDED
304,752,0.0,0.7453559924999299,0.9999999999999964,0.9363389981249816,5,KG_TASK_ADDED
304,506,0.0,0.2581988897471611,1.0000000000000002,0.8145497224367902,5,KG_TASK_ADDED
305,288,0.0,1.0,0.9999999999999947,0.9999999999999987,5,KG_TASK_ADDED
305,398,0.0,0.9999999999999999,0.9905599382685125,0.9976399845671281,7,KG_TASK_ADDED
305,509,0.0,0.9999999999999998,0.9905599381555426,0.9976399845388856,10,KG_TASK_ADDED
306,264,0.0,0.9999999999999998,0.9999999999999999,1.0,5,KG_TASK_ADDED
306,279,0.0,1.0,0.9999999999999999,1.0,4,KG_TASK_ADDED
306,625,0.0,1.0,0.9999999999999999,1.0,4,KG_TASK_ADDED
307,211,0.0,0.8660254037844387,0.9999999999999958,0.9665063509461087,4,KG_TASK_ADDED
307,717,0.0,0.8164965809277259,0.9999999999999969,0.9541241452319307,3,KG_TASK_ADDED
307,274,0.0,0.7071067811865476,0.9835250267160354,0.9226579519756457,6,KG_TASK_ADDED
308,15,0.0,1.0000000000000002,1.0,1.0,3,KG_TASK_ADDED
308,20,0.0,1.0000000000000002,1.0,1.0,3,KG_TASK_ADDED
308,66,0.0,1.0000000000000002,1.0,1.0,3,KG_TASK_ADDED
309,46,0.0,1.0000000000000002,0.9999999999999971,0.9999999999999993,3,KG_TASK_ADDED
309,446,0.0,0.9438798074485389,0.9999999999999966,0.9859699518621339,5,KG_TASK_ADDED
309,53,0.0,0.9296696802013681,0.999999999999996,0.982417420050341,8,KG_TASK_ADDED
310,426,0.0,0.8164965809277261,0.9825316925174851,0.9497570683613028,6,KG_TASK_ADDED
310,577,0.0,0.7071067811865475,0.9825316920113352,0.9224096182994707,3,KG_TASK_ADDED
312,499,0.0,0.9838197164968291,0.9999999999999948,0.9959549291242059,9,KG_TASK_ADDED
312,643,0.0,0.9820927516479827,0.9999999999999958,0.9955231879119946,9,KG_TASK_ADDED
312,158,0.0,0.9737289911202953,0.9999999999999948,0.9934322477800726,6,KG_TASK_ADDED
313,212,0.0,1.0,0.9999999999999999,1.0,4,KG_TASK_ADDED
313,401,0.0,1.0,0.9999999999999999,1.0,4,KG_TASK_ADDED
313,181,0.0,1.0000000000000002,0.990735915816523,0.9976839789541307,3,KG_TASK_ADDED
314,364,0.0,1.0,0.9999999999999951,0.9999999999999988,4,KG_TASK_ADDED
314,442,0.0,0.9486832980505138,0.9999999999999951,0.9871708245126272,5,KG_TASK_ADDED
314,59,0.0,0.9428090415820632,0.9999999999999912,0.9857022603955136,3,KG_TASK_ADDED
315,398,0.0,1.0000000000000002,0.9999999999999961,0.999999999999999,6,KG_TASK_ADDED
315,300,0.0,1.0000000000000002,0.9905599378013402,0.9976399844503351,3,KG_TASK_ADDED
315,509,0.0,0.9759000729485332,0.9999999999999962,0.9939750182371323,18,KG_TASK_ADDED
316,133,0.0,0.9999999999999998,0.9914861775889173,0.9978715443972292,5,KG_TASK_ADDED
316,643,0.0,0.9525793444156805,0.9914861778443826,0.9860163805650157,9,KG_TASK_ADDED
316,347,0.0,0.9258200997725514,0.9999999999999947,0.9814550249431365,9,KG_TASK_ADDED
317,230,0.0,0.9486832980505138,0.9999999999999928,0.9871708245126267,4,KG_TASK_ADDED
317,57,0.0,0.9428090415820635,0.9896761184232284,0.983121290001323,3,KG_TASK_ADDED
318,341,0.0,1.0000000000000002,0.9999999999999999,1.0,3,KG_TASK_ADDED
318,454,0.0,0.9999999999999998,0.9999999999999999,1.0,7,KG_TASK_ADDED
318,202,0.0,1.0000000000000002,0.9999999999999988,0.9999999999999997,6,KG_TASK_ADDED
319,605,0.0,0.9622504486493763,0.9901617810183614,0.9881030574169345,3,KG_TASK_ADDED
319,23,0.0,0.9438798074485389,0.9999999999999959,0.9859699518621338,5,KG_TASK_ADDED
319,523,0.0,0.9525793444156805,0.9863283714314227,0.9847269289617758,6,KG_TASK_ADDED
320,488,0.0,1.0000000000000002,0.9999999999999936,0.9999999999999984,3,KG_TASK_ADDED
320,60,0.0,1.0000000000000002,0.9899169669303617,0.9974792417325904,3,KG_TASK_ADDED
320,128,0.0,0.9622504486493763,0.989113192551152,0.9878409103001321,3,KG_TASK_ADDED
321,694,0.0,0.9622504486493763,1.0000000000000007,0.9905626121623443,3,KG_TASK_ADDED
321,637,0.0,0.9428090415820635,0.9999999999999969,0.9857022603955151,3,KG_TASK_ADDED
321,579,0.0,0.9622504486493763,0.9768146076452028,0.9847662640736448,3,KG_TASK_ADDED
322,391,0.0,0.9561828874675149,0.985411694433919,0.9853986454753585,5,KG_TASK_ADDED
322,333,0.0,0.9486832980505138,0.9854116972477749,0.9835237488245722,4,KG_TASK_ADDED
322,231,0.0,0.9486832980505138,0.9854116970647965,0.9835237487788275,7,KG_TASK_ADDED
323,673,0.0,0.9999999999999998,1.0000000000000002,1.0,5,KG_TASK_ADDED
323,516,0.0,0.9622504486493763,0.9849230077212207,0.9867933640926493,6,KG_TASK_ADDED
323,487,0.0,0.9561828874675149,0.9884787389897965,0.9861654066143279,7,KG_TASK_ADDED
324,678,0.0,1.0000000000000002,0.9850472176687989,0.9962618044171997,3,KG_TASK_ADDED
324,635,0.0,1.0,0.983576776796415,0.9958941941991037,6,KG_TASK_ADDED
324,167,0.0,0.9622504486493763,0.9835767772622128,0.9864568064778974,6,KG_TASK_ADDED
325,202,0.0,0.9622504486493763,0.9999999999999988,0.9905626121623438,9,KG_TASK_ADDED
325,606,0.0,0.9540989411743798,0.9999999999999988,0.9885247352935946,23,KG_TASK_ADDED
325,341,0.0,0.944911182523068,0.9999999999999999,0.986227795630767,8,KG_TASK_ADDED
326,164,0.0,0.7453559924999299,0.9877892238066758,0.9332863040766514,9,KG_TASK_ADDED
326,237,0.0,0.727392967453308,0.9999999999999944,0.9318482418633256,15,KG_TASK_ADDED
326,255,0.0,0.7175473098524098,0.9999999999999967,0.9293868274631016,21,KG_TASK_ADDED
327,438,0.0,0.9999999999999999,0.9999999999999963,0.9999999999999991,4,KG_TASK_ADDED
327,98,0.0,0.9428090415820632,0.9999999999999921,0.9857022603955138,11,KG_TASK_ADDED
327,595,0.0,0.936585811581694,0.9999999999999973,0.9841464528954228,11,KG_TASK_ADDED
328,373,0.0,0.9622504486493763,0.9777320875701658,0.9849956340548855,4,KG_TASK_ADDED
328,422,0.0,0.9013878188659974,0.9838151399477282,0.9713007397034314,7,KG_TASK_ADDED
328,248,0.0,0.8770580193070293,0.9838151387945194,0.9652182895253871,4,KG_TASK_ADDED
329,567,0.0,1.0000000000000002,1.0000000000000004,1.0,6,KG_TASK_ADDED
329,598,0.0,1.0000000000000002,1.0000000000000004,1.0,3,KG_TASK_ADDED
329,681,0.0,0.9525793444156805,0.998256456890583,0.9877089503265659,6,KG_TASK_ADDED
330,34,0.0,1.0,1.0,1.0,5,KG_TASK_ADDED
330,94,0.0,1.0000000000000002,1.0,1.0,3,KG_TASK_ADDED
330,56,0.0,0.9486832980505138,1.0,0.9871708245126285,4,KG_TASK_ADDED
331,117,0.0,1.0000000000000002,0.9795659601508659,0.9948914900377165,3,KG_TASK_ADDED
331,31,0.0,0.8660254037844387,0.976934582315764,0.9607399965250507,3,KG_TASK_ADDED
331,386,0.0,0.8660254037844387,0.9769345782089089,0.9607399954983369,3,KG_TASK_ADDED
332,20,0.0,0.9707253433941511,1.0,0.9926813358485378,4,KG_TASK_ADDED
332,80,0.0,0.8164965809277259,1.0,0.9541241452319315,3,KG_TASK_ADDED
333,161,0.0,1.0000000000000002,0.9999999999999953,0.9999999999999989,3,KG_TASK_ADDED
333,391,0.0,0.9999999999999998,0.9999999999999938,0.9999999999999984,5,KG_TASK_ADDED
333,365,0.0,0.9561828874675149,0.9999999999999973,0.989045721866878,7,KG_TASK_ADDED
334,202,0.0,1.0,0.999999999999997,0.9999999999999992,9,KG_TASK_ADDED
334,341,0.0,0.9258200997725514,0.999999999999998,0.9814550249431373,7,KG_TASK_ADDED
334,26,0.0,0.9230769230769232,0.999999999999998,0.9807692307692304,15,KG_TASK_ADDED
335,339,0.0,0.9389710680668849,0.9999999999999952,0.98474276701672,10,KG_TASK_ADDED
335,681,0.0,0.944911182523068,0.9914251488871162,0.9840840828525461,4,KG_TASK_ADDED
335,225,0.0,0.9438798074485389,0.991581563908864,0.9838653428393508,5,KG_TASK_ADDED
336,114,0.0,1.0,0.9924488212614292,0.9981122053153573,4,KG_TASK_ADDED
337,64,0.0,0.9999999999999999,1.0,1.0,4,KG_TASK_ADDED
337,20,0.0,0.9084399583322703,1.0,0.9771099895830676,17,KG_TASK_ADDED
337,17,0.0,0.8683605666068114,1.0,0.9670901416517028,40,KG_TASK_ADDED
338,172,0.0,0.9999999999999998,0.9901617818689059,0.9975404454672264,3,KG_TASK_ADDED
339,598,0.0,0.9622504486493763,0.99158156317579,0.9884580029562916,3,KG_TASK_ADDED
339,567,0.0,0.9486832980505138,0.99158156317579,0.9850662153065759,4,KG_TASK_ADDED
339,335,0.0,0.9389710680668849,0.9999999999999952,0.98474276701672,10,KG_TASK_ADDED
341,79,0.0,0.9999999999999998,0.9999999999999999,1.0,5,KG_TASK_ADDED
341,318,0.0,1.0000000000000002,0.9999999999999999,1.0,3,KG_TASK_ADDED
341,202,0.0,1.0000000000000002,0.9999999999999988,0.9999999999999997,3,KG_TASK_ADDED
342,94,0.0,0.9551913358642538,1.0,0.9887978339660635,17,KG_TASK_ADDED
342,64,0.0,0.9428090415820635,1.0,0.9857022603955159,3,KG_TASK_ADDED
342,80,0.0,0.9428090415820632,1.0,0.9857022603955158,3,KG_TASK_ADDED
343,124,0.0,0.9622504486493763,0.9999999999999977,0.9905626121623435,3,KG_TASK_ADDED
343,451,0.0,0.944911182523068,1.0000000000000002,0.986227795630767,4,KG_TASK_ADDED
343,383,0.0,0.9428090415820635,1.0000000000000002,0.9857022603955159,3,KG_TASK_ADDED
344,18,0.0,1.0000000000000002,0.9835250293369866,0.9958812573342466,3,KG_TASK_ADDED
344,465,0.0,0.9622504486493763,1.0000000000000004,0.9905626121623442,3,KG_TASK_ADDED
345,258,0.0,1.0,0.9803233574868003,0.9950808393717001,4,KG_TASK_ADDED
346,26,0.0,1.0000000000000002,0.9999999999999989,0.9999999999999998,6,KG_TASK_ADDED
346,297,0.0,0.9999999999999998,0.9999999999999989,0.9999999999999997,5,KG_TASK_ADDED
346,202,0.0,0.9999999999999998,0.9999999999999981,0.9999999999999996,5,KG_TASK_ADDED
347,50,0.0,0.9622504486493763,0.9999999999999952,0.9905626121623429,3,KG_TASK_ADDED
347,244,0.0,0.9544271444636666,0.9999999999999947,0.9886067861159153,10,KG_TASK_ADDED
347,133,0.0,0.9622504486493763,0.9914861785530223,0.9884341568005997,3,KG_TASK_ADDED
348,230,0.0,0.31622776601683794,0.9999999999999942,0.8290569415042081,3,KG_TASK_ADDED
349,462,0.0,1.0,0.9910275314223608,0.9977568828555902,4,KG_TASK_ADDED
349,37,0.0,1.0000000000000002,0.9910275310170009,0.9977568827542502,3,KG_TASK_ADDED
349,500,0.0,1.0,0.9910275310170009,0.9977568827542502,4,KG_TASK_ADDED
350,622,0.0,1.0000000000000002,1.0000000000000002,1.0,3,KG_TASK_ADDED
350,424,0.0,0.8685990362153793,0.999999999999997,0.967149759053844,17,KG_TASK_ADDED
350,402,0.0,0.8682431421244593,1.0000000000000002,0.9670607855311149,25,KG_TASK_ADDED
351,297,0.0,0.5773502691896258,0.9999999999999984,0.8943375672974061,3,KG_TASK_ADDED
351,705,0.0,0.5443310539518174,0.9999999999999984,0.886082763487954,9,KG_TASK_ADDED
353,94,0.0,0.9428090415820635,1.0,0.9857022603955159,6,KG_TASK_ADDED
353,17,0.0,0.9188458377475334,1.0,0.9797114594368833,14,KG_TASK_ADDED
353,15,0.0,0.8981462390204985,1.0,0.9745365597551247,10,KG_TASK_ADDED
354,418,0.0,1.0000000000000002,0.9999999999999937,0.9999999999999984,3,KG_TASK_ADDED
354,117,0.0,1.0000000000000002,0.9833139190975458,0.9958284797743865,3,KG_TASK_ADDED
354,559,0.0,1.0000000000000002,0.981087602668761,0.9952719006671903,3,KG_TASK_ADDED
355,550,0.0,0.9999999999999998,0.9866204935499575,0.9966551233874894,5,KG_TASK_ADDED
355,373,0.0,0.9438798074485389,0.9999999999999997,0.9859699518621347,5,KG_TASK_ADDED
355,517,0.0,0.9206016138256,1.0000000000000002,0.9801504034564,10,KG_TASK_ADDED
356,605,0.0,1.0000000000000002,0.9795567634313926,0.9948891908578481,3,KG_TASK_ADDED
356,23,0.0,0.9486832980505138,0.9926084977230812,0.9853229489433988,5,KG_TASK_ADDED
357,35,0.0,0.944911182523068,0.9999999999999966,0.9862277956307661,4,KG_TASK_ADDED
357,428,0.0,0.8944271909999159,0.9999999999999968,0.9736067977499782,5,KG_TASK_ADDED
357,42,0.0,0.8749999999999998,0.9999999999999966,0.9687499999999991,5,KG_TASK_ADDED
358,124,0.0,0.9622504486493763,0.9999999999999977,0.9905626121623435,3,KG_TASK_ADDED
358,488,0.0,0.8333333333333335,0.9999999999999947,0.958333333333332,8,KG_TASK_ADDED
358,410,0.0,0.8164965809277259,1.0000000000000002,0.9541241452319315,4,KG_TASK_ADDED
359,167,0.0,0.9486832980505138,0.9999999999999967,0.9871708245126276,7,KG_TASK_ADDED
359,479,0.0,0.894427190999916,0.9999999999999971,0.9736067977499783,9,KG_TASK_ADDED
359,416,0.0,0.903696114115064,0.9890107698717084,0.9731767209966932,24,KG_TASK_ADDED
360,508,0.0,1.0000000000000002,0.9924488223374547,0.9981122055843636,6,KG_TASK_ADDED
360,65,0.0,0.9622504486493763,0.9999999999999892,0.9905626121623414,9,KG_TASK_ADDED
360,494,0.0,0.9561828874675149,0.9999999999999947,0.9890457218668773,4,KG_TASK_ADDED
361,139,0.0,0.9999999999999998,0.9999999999999928,0.9999999999999982,5,KG_TASK_ADDED
361,132,0.0,0.944911182523068,0.9999999999999948,0.9862277956307657,4,KG_TASK_ADDED
361,51,0.0,0.944911182523068,0.999999999999993,0.9862277956307652,4,KG_TASK_ADDED
362,396,0.0,1.0000000000000002,0.9999999999999957,0.9999999999999989,6,KG_TASK_ADDED
362,675,0.0,1.0000000000000002,0.9999999999999957,0.9999999999999989,3,KG_TASK_ADDED
362,726,0.0,0.9999999999999998,0.9999999999999957,0.9999999999999989,5,KG_TASK_ADDED
363,176,0.0,1.0000000000000002,1.0000000000000002,1.0,3,KG_TASK_ADDED
363,568,0.0,1.0000000000000002,0.9999999999999987,0.9999999999999997,3,KG_TASK_ADDED
363,636,0.0,1.0,0.9999999999999987,0.9999999999999997,4,KG_TASK_ADDED
364,294,0.0,1.0000000000000002,0.9999999999999956,0.9999999999999989,3,KG_TASK_ADDED
364,314,0.0,1.0,0.9999999999999951,0.9999999999999988,4,KG_TASK_ADDED
364,214,0.0,1.0000000000000002,0.9999999999999893,0.9999999999999973,3,KG_TASK_ADDED
365,161,0.0,0.9999999999999998,0.9999999999999963,0.9999999999999991,5,KG_TASK_ADDED
365,391,0.0,1.0,0.9999999999999944,0.9999999999999987,4,KG_TASK_ADDED
365,333,0.0,0.9561828874675149,0.9999999999999973,0.989045721866878,7,KG_TASK_ADDED
366,224,0.0,0.8153742483272114,0.9999999999999957,0.9538435620818018,11,KG_TASK_ADDED
366,280,0.0,0.7826237921249264,0.9999999999999969,0.9456559480312308,7,KG_TASK_ADDED
366,290,0.0,0.7302967433402214,0.9999999999999958,0.9325741858350542,7,KG_TASK_ADDED
367,634,0.0,0.5735393346764044,0.9999999999999954,0.8933848336690999,7,KG_TASK_ADDED
367,637,0.0,0.4803844614152615,0.9768146020913226,0.864299765876646,10,KG_TASK_ADDED
367,128,0.0,0.40824829046386296,0.9810577317159,0.8473265055449408,5,KG_TASK_ADDED
369,441,0.0,0.9525793444156805,0.9862283740133155,0.984701929607249,3,KG_TASK_ADDED
369,578,0.0,0.9525793444156805,0.9852182542878853,0.9844493996758914,3,KG_TASK_ADDED
370,563,0.0,1.0,0.9999999999999961,0.999999999999999,6,KG_TASK_ADDED
370,318,0.0,0.9999999999999999,0.9887531523338423,0.9971882880834606,4,KG_TASK_ADDED
370,79,0.0,0.9707253433941511,0.9887531523338423,0.9898696239319984,7,KG_TASK_ADDED
371,717,0.0,1.0,1.0000000000000004,1.0,4,KG_TASK_ADDED
371,186,0.0,0.9999999999999999,0.9999999999999947,0.9999999999999987,7,KG_TASK_ADDED
371,274,0.0,0.9999999999999998,0.9835250293369866,0.9958812573342466,5,KG_TASK_ADDED
372,152,0.0,1.0000000000000002,0.9919294623348178,0.9979823655837045,3,KG_TASK_ADDED
372,158,0.0,1.0000000000000002,0.9919294623348178,0.9979823655837045,6,KG_TASK_ADDED
372,483,0.0,0.9761870601839528,0.9919294623348178,0.9920291306296927,5,KG_TASK_ADDED
373,560,0.0,1.0,0.9866204951431329,0.9966551237857832,4,KG_TASK_ADDED
373,62,0.0,1.0000000000000002,0.9866204935810787,0.9966551233952696,3,KG_TASK_ADDED
373,355,0.0,0.9438798074485389,0.9999999999999997,0.9859699518621347,5,KG_TASK_ADDED
374,94,0.0,1.0,1.0,1.0,4,KG_TASK_ADDED
374,56,0.0,0.9707253433941511,1.0,0.9926813358485378,4,KG_TASK_ADDED
374,17,0.0,0.9669875568304563,1.0,0.9917468892076141,7,KG_TASK_ADDED
375,686,0.0,0.9999999999999998,0.9999999999999987,0.9999999999999996,5,KG_TASK_ADDED
375,568,0.0,0.9525793444156805,0.9999999999999983,0.9881448361039197,6,KG_TASK_ADDED
375,601,0.0,0.9486832980505138,0.9999999999999983,0.987170824512628,4,KG_TASK_ADDED
376,455,0.0,1.0000000000000002,0.9863037652624272,0.9965759413156068,3,KG_TASK_ADDED
376,200,0.0,0.9707253433941511,0.9863037639925402,0.9892572768466729,4,KG_TASK_ADDED
376,475,0.0,0.9544271444636666,0.9863037654396136,0.98518272747582,10,KG_TASK_ADDED
377,223,0.0,1.0000000000000002,0.9999999999999948,0.9999999999999987,3,KG_TASK_ADDED
377,702,0.0,0.9428090415820635,0.9999999999999972,0.9857022603955152,3,KG_TASK_ADDED
377,430,0.0,0.8164965809277259,0.9999999999999947,0.9541241452319301,3,KG_TASK_ADDED
378,32,0.0,1.0,0.9999999999999999,1.0,4,KG_TASK_ADDED
378,281,0.0,0.9561828874675149,0.9999999999999971,0.989045721866878,7,KG_TASK_ADDED
378,306,0.0,0.9561828874675149,0.9999999999999973,0.989045721866878,4,KG_TASK_ADDED
379,571,0.0,0.9723055853282466,0.9999999999999999,0.9930763963320617,11,KG_TASK_ADDED
379,32,0.0,0.9622504486493764,0.9999999999999999,0.9905626121623441,6,KG_TASK_ADDED
379,281,0.0,0.9561828874675149,0.9999999999999971,0.989045721866878,10,KG_TASK_ADDED
380,113,0.0,1.0000000000000002,0.9802765331675247,0.9950691332918812,6,KG_TASK_ADDED
380,389,0.0,1.0,0.9802765331675247,0.9950691332918812,4,KG_TASK_ADDED
380,274,0.0,1.0000000000000002,0.9783431622426946,0.9945857905606736,3,KG_TASK_ADDED
381,609,0.0,0.7071067811865476,0.9899169645647703,0.9242559364378294,9,KG_TASK_ADDED
381,191,0.0,0.6123724356957945,0.9999999999999931,0.9030931089239469,5,KG_TASK_ADDED
381,451,0.0,0.5773502691896257,1.0000000000000002,0.8943375672974064,6,KG_TASK_ADDED
382,124,0.0,0.9486832980505138,0.9999999999999977,0.9871708245126278,6,KG_TASK_ADDED
382,383,0.0,0.7453559924999299,1.0000000000000002,0.9363389981249824,9,KG_TASK_ADDED
382,343,0.0,0.6963106238227914,1.0000000000000002,0.9240776559556978,10,KG_TASK_ADDED
383,124,0.0,1.0,0.9999999999999977,0.9999999999999994,4,KG_TASK_ADDED
383,385,0.0,1.0000000000000002,0.9829824475527699,0.9957456118881924,3,KG_TASK_ADDED
383,70,0.0,0.9647638212377322,0.9999999999999963,0.9911909553094321,10,KG_TASK_ADDED
384,94,0.0,1.0000000000000002,1.0,1.0,3,KG_TASK_ADDED
384,17,0.0,0.926302172234155,1.0,0.9815755430585388,11,KG_TASK_ADDED
384,20,0.0,0.917662935482247,1.0,0.9794157338705618,7,KG_TASK_ADDED
385,271,0.0,1.0000000000000002,0.9880179316829182,0.9970044829207295,3,KG_TASK_ADDED
385,506,0.0,1.0,0.9880179316829182,0.9970044829207295,4,KG_TASK_ADDED
385,546,0.0,1.0000000000000002,0.9835586755873682,0.995889668896842,3,KG_TASK_ADDED
386,167,0.0,0.9245003270420487,0.9662023045581053,0.9726756579000385,7,KG_TASK_ADDED
386,418,0.0,0.8804087784801333,0.9999999999999972,0.9701021946200327,14,KG_TASK_ADDED
386,354,0.0,0.8660254037844387,0.9999999999999952,0.9665063509461085,3,KG_TASK_ADDED
387,48,0.0,0.8660254037844387,0.9866204930985656,0.963161474220751,3,KG_TASK_ADDED
387,99,0.0,0.8660254037844387,0.9866204929669522,0.9631614741878478,3,KG_TASK_ADDED
388,161,0.0,0.8164965809277261,0.9999999999999963,0.9541241452319307,4,KG_TASK_ADDED
388,365,0.0,0.6324555320336759,1.0,0.908113883008419,11,KG_TASK_ADDED
388,239,0.0,0.5962847939999439,1.0,0.899071198499986,18,KG_TASK_ADDED
389,380,0.0,1.0,0.9802765331675247,0.9950691332918812,4,KG_TASK_ADDED
389,229,0.0,0.9486832980505138,0.9742182949870719,0.9807253982593964,5,KG_TASK_ADDED
390,127,0.0,0.7559289460184544,0.9811834952438945,0.9342781103155873,4,KG_TASK_ADDED
390,186,0.0,0.6708203932499369,0.9811834987377722,0.9130009729969273,4,KG_TASK_ADDED
390,32,0.0,0.5773502691896258,0.9999999999999999,0.8943375672974064,3,KG_TASK_ADDED
391,239,0.0,1.0000000000000002,0.9999999999999944,0.9999999999999987,6,KG_TASK_ADDED
391,365,0.0,1.0,0.9999999999999944,0.9999999999999987,4,KG_TASK_ADDED
391,333,0.0,0.9999999999999998,0.9999999999999938,0.9999999999999984,5,KG_TASK_ADDED
392,26,0.0,1.0,0.9999999999999981,0.9999999999999996,4,KG_TASK_ADDED
392,202,0.0,1.0000000000000002,0.9999999999999981,0.9999999999999996,3,KG_TASK_ADDED
392,529,0.0,0.9707253433941511,0.9999999999999981,0.9926813358485373,4,KG_TASK_ADDED
393,605,0.0,1.0000000000000002,0.9901617819524033,0.9975404454881008,3,KG_TASK_ADDED
393,319,0.0,0.9128709291752769,0.999999999999996,0.9782177322938183,8,KG_TASK_ADDED
393,356,0.0,0.8164965809277259,0.992608500436528,0.9522762703410634,5,KG_TASK_ADDED
394,36,0.0,1.0000000000000002,1.0000000000000002,1.0,6,KG_TASK_ADDED
394,176,0.0,1.0,1.0000000000000002,1.0,4,KG_TASK_ADDED
394,290,0.0,0.9999999999999998,1.0000000000000002,1.0,5,KG_TASK_ADDED
395,192,0.0,1.0,0.9999999999999999,1.0,5,KG_TASK_ADDED
395,500,0.0,0.9999999999999999,0.9999999999999993,0.9999999999999998,7,KG_TASK_ADDED
395,501,0.0,0.9999999999999998,0.9999999999999997,0.9999999999999998,5,KG_TASK_ADDED
396,726,0.0,1.0000000000000002,1.0000000000000002,1.0,3,KG_TASK_ADDED
396,362,0.0,1.0000000000000002,0.9999999999999957,0.9999999999999989,6,KG_TASK_ADDED
396,95,0.0,0.9799578870122229,0.9999999999999974,0.9949894717530551,6,KG_TASK_ADDED
398,509,0.0,1.0000000000000002,0.9999999999999988,0.9999999999999997,6,KG_TASK_ADDED
398,515,0.0,1.0000000000000002,0.9999999999999978,0.9999999999999994,3,KG_TASK_ADDED
398,315,0.0,1.0000000000000002,0.9999999999999961,0.999999999999999,6,KG_TASK_ADDED
399,12,0.0,0.8944271909999159,1.0,0.9736067977499789,4,KG_TASK_ADDED
399,56,0.0,0.8436614877321075,1.0,0.9609153719330269,8,KG_TASK_ADDED
399,94,0.0,0.8164965809277261,1.0,0.9541241452319316,4,KG_TASK_ADDED
400,240,0.0,1.0,0.9999999999999981,0.9999999999999996,4,KG_TASK_ADDED
400,395,0.0,1.0000000000000002,0.9999999999999973,0.9999999999999993,6,KG_TASK_ADDED
400,439,0.0,1.0,0.9999999999999973,0.9999999999999993,4,KG_TASK_ADDED
401,313,0.0,1.0,0.9999999999999999,1.0,4,KG_TASK_ADDED
401,196,0.0,0.9296696802013682,0.9999999999999999,0.982417420050342,11,KG_TASK_ADDED
401,146,0.0,0.8420120990817174,0.9999999999999999,0.9605030247704294,30,KG_TASK_ADDED
402,167,0.0,0.9723055853282466,0.9999999999999967,0.9930763963320608,8,KG_TASK_ADDED
402,583,0.0,0.9561828874675149,0.9924324535227974,0.9871538352475782,4,KG_TASK_ADDED
402,635,0.0,0.9429278356405683,0.9999999999999971,0.9857319589101414,13,KG_TASK_ADDED
404,203,0.0,0.8333333333333335,0.9999999999999931,0.9583333333333317,4,KG_TASK_ADDED
404,289,0.0,0.6859943405700353,0.9904578942744575,0.9191130587111231,6,KG_TASK_ADDED
404,182,0.0,0.5714285714285714,0.9999999999999932,0.8928571428571412,4,KG_TASK_ADDED
405,15,0.0,1.0,1.0,1.0,4,KG_TASK_ADDED
405,94,0.0,1.0000000000000002,1.0,1.0,3,KG_TASK_ADDED
405,12,0.0,0.9723055853282466,1.0,0.9930763963320617,5,KG_TASK_ADDED
406,192,0.0,0.9128709291752769,0.9910275324520985,0.9759746154068438,8,KG_TASK_ADDED
406,37,0.0,0.9091372900969896,0.9910275320467381,0.9750412055359319,8,KG_TASK_ADDED
406,349,0.0,0.7999999999999998,0.999999999999997,0.9499999999999992,7,KG_TASK_ADDED
407,46,0.0,0.9999999999999998,0.9999999999999942,0.9999999999999984,5,KG_TASK_ADDED
407,438,0.0,0.9561828874675149,0.9999999999999934,0.9890457218668771,5,KG_TASK_ADDED
407,200,0.0,0.9456108576893003,0.999999999999994,0.9864027144223235,15,KG_TASK_ADDED
408,175,0.0,0.5962847939999439,0.9999999999999974,0.8990711984999853,15,KG_TASK_ADDED
408,669,0.0,0.545544725589981,0.9814549344619322,0.8817499150129783,11,KG_TASK_ADDED
408,135,0.0,0.5,0.9768146045408492,0.8692036511352124,4,KG_TASK_ADDED
409,172,0.0,1.0000000000000002,0.9793208945812341,0.9948302236453085,3,KG_TASK_ADDED
409,85,0.0,1.0000000000000002,0.9751966472610992,0.9937991618152748,3,KG_TASK_ADDED
410,191,0.0,0.9999999999999998,0.9999999999999931,0.9999999999999982,5,KG_TASK_ADDED
410,385,0.0,0.9999999999999998,0.9829824475527699,0.9957456118881924,8,KG_TASK_ADDED
410,451,0.0,0.9594032236002469,1.0000000000000002,0.9898508059000617,8,KG_TASK_ADDED
411,89,0.0,0.9594032236002469,0.9999999999999964,0.9898508059000608,5,KG_TASK_ADDED
411,506,0.0,0.9486832980505138,1.0000000000000002,0.9871708245126285,5,KG_TASK_ADDED
411,259,0.0,0.944911182523068,0.992448820566733,0.9843400007724503,8,KG_TASK_ADDED
412,78,0.0,0.8660254037844387,0.990273184905845,0.964074647172571,4,KG_TASK_ADDED
412,85,0.0,0.7302967433402214,0.9902731845290565,0.9301424819673195,4,KG_TASK_ADDED
413,555,0.0,0.9761870601839528,0.9999999999999969,0.9940467650459874,5,KG_TASK_ADDED
413,263,0.0,0.9561828874675149,0.9999999999999969,0.989045721866878,4,KG_TASK_ADDED
413,566,0.0,0.9243363213059627,0.9999999999999969,0.9810840803264899,18,KG_TASK_ADDED
414,424,0.0,0.8451542547285165,0.999999999999997,0.9612885636821283,7,KG_TASK_ADDED
414,121,0.0,0.821583836257749,1.0000000000000002,0.9553959590644372,6,KG_TASK_ADDED
414,457,0.0,0.8084520834544433,0.999999999999997,0.95211302086361,8,KG_TASK_ADDED
415,630,0.0,0.9999999999999998,0.9896761216600667,0.9974190304150166,5,KG_TASK_ADDED
415,213,0.0,0.9574271077563381,0.9999999999999993,0.9893567769390843,12,KG_TASK_ADDED
415,16,0.0,0.9594032236002469,0.9896761201537772,0.9872698359385059,9,KG_TASK_ADDED
416,570,0.0,0.9999999999999999,0.9999999999999979,0.9999999999999994,7,KG_TASK_ADDED
416,753,0.0,0.9999999999999998,0.9999999999999974,0.9999999999999993,5,KG_TASK_ADDED
416,268,0.0,0.9647638212377321,0.9999999999999974,0.9911909553094324,12,KG_TASK_ADDED
417,363,0.0,0.8660254037844387,0.9999999999999971,0.9665063509461089,4,KG_TASK_ADDED
417,280,0.0,0.5773502691896257,0.999999999999996,0.8943375672974054,3,KG_TASK_ADDED
417,685,0.0,0.5270462766947299,0.9999999999999971,0.8817615691736818,6,KG_TASK_ADDED
418,354,0.0,1.0000000000000002,0.9999999999999937,0.9999999999999984,3,KG_TASK_ADDED
418,269,0.0,0.9486832980505138,0.9999999999999937,0.9871708245126269,4,KG_TASK_ADDED
418,559,0.0,0.9622504486493763,0.9810876012957882,0.9858345124862912,3,KG_TASK_ADDED
419,164,0.0,0.9999999999999998,0.9787047270129734,0.9946761817532432,5,KG_TASK_ADDED
419,672,0.0,0.9578414886923188,0.9876345366156053,0.986369006326981,15,KG_TASK_ADDED
419,315,0.0,0.9567297464698797,0.9790814266545229,0.9839527932811007,17,KG_TASK_ADDED
420,15,0.0,0.8908708063747479,1.0,0.972717701593687,5,KG_TASK_ADDED
420,19,0.0,0.6324555320336759,1.0,0.908113883008419,5,KG_TASK_ADDED
420,11,0.0,0.40824829046386296,1.0,0.8520620726159658,4,KG_TASK_ADDED
421,215,0.0,1.0,0.9849797544117784,0.9962449386029446,4,KG_TASK_ADDED
421,445,0.0,0.8783100656536799,0.9999999999999963,0.969577516413419,16,KG_TASK_ADDED
421,227,0.0,0.8333333333333334,0.9999999999999958,0.9583333333333324,6,KG_TASK_ADDED
422,637,0.0,1.0,0.9766774343429354,0.9941693585857339,7,KG_TASK_ADDED
422,248,0.0,0.9525793444156805,0.9999999999999982,0.9881448361039197,3,KG_TASK_ADDED
422,612,0.0,0.9506541513652698,0.9999999999999978,0.9876635378413169,5,KG_TASK_ADDED
423,104,0.0,0.9622504486493763,0.9820311243536124,0.9860703932507472,3,KG_TASK_ADDED
423,181,0.0,0.19245008972987526,0.9873122001755661,0.7949405724763603,3,KG_TASK_ADDED
423,548,0.0,0.16666666666666669,0.98673536335293,0.7883505075048991,3,KG_TASK_ADDED
424,479,0.0,0.9999999999999998,0.9999999999999972,0.9999999999999993,5,KG_TASK_ADDED
424,622,0.0,1.0000000000000002,0.999999999999997,0.9999999999999992,3,KG_TASK_ADDED
424,688,0.0,1.0000000000000002,0.999999999999997,0.9999999999999992,3,KG_TASK_ADDED
425,78,0.0,0.7071067811865475,0.990273184905845,0.9243449915230981,4,KG_TASK_ADDED
426,318,0.0,0.9428090415820632,0.9887531526973662,0.9828905485698574,6,KG_TASK_ADDED
426,546,0.0,0.8249579113843053,0.9999999999999971,0.9562394778460757,8,KG_TASK_ADDED
426,577,0.0,0.7715167498104595,0.9999999999999964,0.942879187452614,8,KG_TASK_ADDED
427,202,0.0,0.9999999999999998,0.9999999999999988,0.9999999999999996,5,KG_TASK_ADDED
427,346,0.0,0.946497048560602,0.9999999999999989,0.9866242621401502,14,KG_TASK_ADDED
427,606,0.0,0.946497048560602,0.9999999999999988,0.9866242621401502,14,KG_TASK_ADDED
428,183,0.0,1.0,0.9999999999999999,1.0,4,KG_TASK_ADDED
428,35,0.0,1.0000000000000002,0.9999999999999982,0.9999999999999996,3,KG_TASK_ADDED
428,42,0.0,0.9999999999999998,0.9999999999999982,0.9999999999999996,5,KG_TASK_ADDED
429,202,0.0,0.9999999999999998,0.9999999999999979,0.9999999999999993,5,KG_TASK_ADDED
429,160,0.0,0.9534625892455924,0.9999999999999984,0.9883656473113978,11,KG_TASK_ADDED
429,26,0.0,0.9258200997725515,0.9999999999999976,0.9814550249431373,15,KG_TASK_ADDED
430,87,0.0,1.0,0.9999999999999959,0.999999999999999,4,KG_TASK_ADDED
430,702,0.0,1.0000000000000002,0.9999999999999949,0.9999999999999987,3,KG_TASK_ADDED
430,515,0.0,1.0000000000000002,0.9905599352583561,0.9976399838145891,6,KG_TASK_ADDED
431,573,0.0,0.9622504486493763,0.9999999999999949,0.9905626121623428,3,KG_TASK_ADDED
431,504,0.0,0.9544271444636666,0.9999999999999954,0.9886067861159156,7,KG_TASK_ADDED
431,225,0.0,0.9428090415820635,0.9999999999999954,0.9857022603955148,3,KG_TASK_ADDED
432,693,0.0,0.9058216273156767,0.9872046714665877,0.9732565746955661,4,KG_TASK_ADDED
432,566,0.0,0.6999132392733555,0.9999999999999989,0.9249783098183386,7,KG_TASK_ADDED
432,413,0.0,0.6851601597031488,0.9999999999999979,0.9212900399257866,9,KG_TASK_ADDED
433,398,0.0,1.0,0.9942853789245688,0.9985713447311422,4,KG_TASK_ADDED
433,395,0.0,1.0000000000000002,0.9874021707995791,0.9968505426998948,7,KG_TASK_ADDED
433,515,0.0,0.9486832980505138,0.9942853790256513,0.9857421692690413,11,KG_TASK_ADDED
434,457,0.0,0.5773502691896258,0.992432452103598,0.892445680323306,6,KG_TASK_ADDED
435,394,0.0,1.0000000000000002,0.9884330950305669,0.9971082737576418,6,KG_TASK_ADDED
435,686,0.0,0.9999999999999999,0.9884330950305669,0.9971082737576418,4,KG_TASK_ADDED
435,568,0.0,0.9999999999999998,0.9884330946925239,0.9971082736731309,5,KG_TASK_ADDED
437,638,0.0,0.9622504486493763,0.9933371358817717,0.9888968961327871,3,KG_TASK_ADDED
437,602,0.0,0.9486832980505138,0.9936595954197054,0.9855857233675548,8,KG_TASK_ADDED
437,548,0.0,0.944911182523068,0.9972813902475987,0.9855481431926667,13,KG_TASK_ADDED
438,327,0.0,0.9999999999999999,0.9999999999999963,0.9999999999999991,4,KG_TASK_ADDED
438,106,0.0,0.9622504486493763,0.9999999999999949,0.9905626121623428,3,KG_TASK_ADDED
438,98,0.0,0.9622504486493763,0.9999999999999942,0.9905626121623426,3,KG_TASK_ADDED
439,501,0.0,1.0000000000000002,0.999999999999999,0.9999999999999998,3,KG_TASK_ADDED
439,192,0.0,1.0000000000000002,0.9999999999999987,0.9999999999999997,3,KG_TASK_ADDED
439,500,0.0,1.0,0.9999999999999983,0.9999999999999996,4,KG_TASK_ADDED
440,630,0.0,1.0000000000000002,0.9999999999999957,0.9999999999999989,3,KG_TASK_ADDED
440,316,0.0,0.7624437362098716,0.9999999999999962,0.9406109340524669,12,KG_TASK_ADDED
441,577,0.0,0.9999999999999998,0.9999999999999978,0.9999999999999993,5,KG_TASK_ADDED
441,510,0.0,1.0000000000000002,0.9925273118594522,0.998131827964863,3,KG_TASK_ADDED
441,318,0.0,0.9622504486493763,0.9887531524227902,0.9877509002680416,9,KG_TASK_ADDED
443,559,0.0,1.0000000000000002,0.9848554937295954,0.9962138734323989,3,KG_TASK_ADDED
443,354,0.0,1.0000000000000002,0.9777893468816928,0.9944473367204232,3,KG_TASK_ADDED
443,376,0.0,1.0,0.9750138887653473,0.9937534721913368,6,KG_TASK_ADDED
444,630,0.0,0.9438798074485389,0.9999999999999959,0.9859699518621338,5,KG_TASK_ADDED
444,133,0.0,0.9438798074485389,0.9914861771826629,0.9838414961578005,5,KG_TASK_ADDED
444,502,0.0,0.9128709291752769,0.9999999999999959,0.9782177322938183,5,KG_TASK_ADDED
445,74,0.0,1.0,0.9901617806908622,0.9975404451727156,4,KG_TASK_ADDED
445,107,0.0,0.9381941874331419,0.9999999999999977,0.9845485468582849,7,KG_TASK_ADDED
445,564,0.0,0.9428090415820635,0.9849797556373027,0.9819471993048415,6,KG_TASK_ADDED
446,200,0.0,0.9486832980505138,0.9999999999999944,0.987170824512627,4,KG_TASK_ADDED
446,98,0.0,0.9486832980505138,0.9999999999999929,0.9871708245126267,6,KG_TASK_ADDED
446,595,0.0,0.944911182523068,0.9999999999999934,0.9862277956307653,4,KG_TASK_ADDED
447,42,0.0,1.0000000000000002,0.9897525153370692,0.9974381288342673,3,KG_TASK_ADDED
447,37,0.0,1.0,0.9864729377782254,0.9966182344445563,4,KG_TASK_ADDED
447,192,0.0,1.0000000000000002,0.9864729376173664,0.9966182344043416,3,KG_TASK_ADDED
448,528,0.0,0.9428090415820632,1.0000000000000002,0.9857022603955158,3,KG_TASK_ADDED
448,719,0.0,0.917662935482247,1.0000000000000002,0.9794157338705618,10,KG_TASK_ADDED
448,574,0.0,0.9142857142857143,1.0000000000000002,0.9785714285714285,14,KG_TASK_ADDED
450,681,0.0,0.9669875568304563,0.998256456890583,0.9913110034302599,5,KG_TASK_ADDED
450,225,0.0,0.944911182523068,0.9999999999999987,0.9862277956307667,8,KG_TASK_ADDED
450,598,0.0,0.9428090415820635,1.0000000000000004,0.985702260395516,3,KG_TASK_ADDED
451,285,0.0,1.0000000000000002,1.0000000000000002,1.0,3,KG_TASK_ADDED
451,191,0.0,1.0000000000000002,0.9999999999999931,0.9999999999999982,3,KG_TASK_ADDED
451,385,0.0,1.0000000000000002,0.9829824475527699,0.9957456118881924,3,KG_TASK_ADDED
452,162,0.0,0.9561828874675149,0.9811691162424162,0.9843380009274827,7,KG_TASK_ADDED
453,56,0.0,0.9296696802013681,1.0,0.982417420050342,8,KG_TASK_ADDED
453,94,0.0,0.8528028654224417,1.0,0.9632007163556104,11,KG_TASK_ADDED
453,20,0.0,0.8485281374238569,1.0,0.9621320343559643,7,KG_TASK_ADDED
454,318,0.0,0.9999999999999998,0.9999999999999999,1.0,7,KG_TASK_ADDED
454,341,0.0,0.9594032236002469,0.9999999999999999,0.9898508059000617,5,KG_TASK_ADDED
454,26,0.0,0.9583727150068314,0.9999999999999999,0.9895931787517078,8,KG_TASK_ADDED
455,170,0.0,0.9449111825230682,0.9999999999999944,0.9862277956307657,11,KG_TASK_ADDED
455,309,0.0,0.8944271909999159,0.9999999999999946,0.9736067977499776,7,KG_TASK_ADDED
455,519,0.0,0.8485281374238571,0.9999999999999949,0.962132034355963,12,KG_TASK_ADDED
456,239,0.0,0.944911182523068,0.9999999999999974,0.9862277956307663,4,KG_TASK_ADDED
456,654,0.0,0.6708203932499369,0.9999999999999966,0.9177050983124834,4,KG_TASK_ADDED
456,533,0.0,0.6301260378126045,0.9999999999999919,0.9075315094531491,11,KG_TASK_ADDED
457,622,0.0,1.0,0.999999999999997,0.9999999999999992,4,KG_TASK_ADDED
457,688,0.0,1.0,0.999999999999997,0.9999999999999992,4,KG_TASK_ADDED
457,121,0.0,0.9578414886923188,0.999999999999997,0.9894603721730789,18,KG_TASK_ADDED
458,53,0.0,0.9058216273156767,0.9999999999999952,0.976455406828918,7,KG_TASK_ADDED
458,46,0.0,0.8728715609439696,0.9999999999999962,0.9682178902359915,7,KG_TASK_ADDED
458,446,0.0,0.8616404368553293,0.9999999999999956,0.9654101092138312,6,KG_TASK_ADDED
459,15,0.0,0.9999999999999998,1.0,1.0,5,KG_TASK_ADDED
459,20,0.0,0.960768922830523,1.0,0.9901922307076307,4,KG_TASK_ADDED
459,17,0.0,0.9486832980505138,1.0,0.9871708245126285,6,KG_TASK_ADDED
460,679,0.0,1.0,0.9999999999999908,0.9999999999999977,4,KG_TASK_ADDED
460,160,0.0,1.0,0.9904578867530969,0.9976144716882742,4,KG_TASK_ADDED
460,346,0.0,1.0000000000000002,0.9904578865368566,0.9976144716342141,6,KG_TASK_ADDED
461,576,0.0,0.9999999999999998,0.9999999999999927,0.9999999999999981,5,KG_TASK_ADDED
461,259,0.0,0.9525793444156805,0.999999999999993,0.9881448361039183,6,KG_TASK_ADDED
461,494,0.0,0.9486832980505138,0.9999999999999951,0.9871708245126272,5,KG_TASK_ADDED
462,500,0.0,0.978231976089037,0.9999999999999993,0.9945579940222591,11,KG_TASK_ADDED
462,395,0.0,0.9759000729485332,0.9999999999999999,0.9939750182371333,6,KG_TASK_ADDED
462,192,0.0,0.9701425001453319,0.9999999999999999,0.992535625036333,5,KG_TASK_ADDED
463,576,0.0,1.0,0.9999999999999923,0.9999999999999981,4,KG_TASK_ADDED
463,259,0.0,0.944911182523068,0.9999999999999951,0.9862277956307658,4,KG_TASK_ADDED
463,360,0.0,0.944911182523068,0.9999999999999952,0.9862277956307658,4,KG_TASK_ADDED
464,364,0.0,1.0,0.9882265197040835,0.9970566299260208,4,KG_TASK_ADDED
464,259,0.0,0.9428090415820632,0.9882265241770896,0.9827588914397882,9,KG_TASK_ADDED
464,225,0.0,0.9354143466934852,0.9869839107514766,0.9805995643612404,8,KG_TASK_ADDED
465,344,0.0,0.9622504486493763,1.0000000000000004,0.9905626121623442,3,KG_TASK_ADDED
465,211,0.0,0.9561828874675149,0.9999999999999951,0.9890457218668776,5,KG_TASK_ADDED
465,18,0.0,0.96,0.9835250293369866,0.9858812573342466,7,KG_TASK_ADDED
466,534,0.0,1.0,0.9999999999999953,0.9999999999999989,4,KG_TASK_ADDED
466,483,0.0,0.9999999999999998,0.9999999999999939,0.9999999999999984,5,KG_TASK_ADDED
466,589,0.0,0.7171371656006361,0.9999999999999946,0.9292842914001577,5,KG_TASK_ADDED
467,702,0.0,1.0000000000000002,0.9999999999999988,0.9999999999999997,3,KG_TASK_ADDED
467,87,0.0,1.0000000000000002,0.9999999999999971,0.9999999999999993,3,KG_TASK_ADDED
467,433,0.0,0.9999999999999999,0.9835699848849749,0.9958924962212438,7,KG_TASK_ADDED
468,447,0.0,1.0000000000000002,0.9818660483062576,0.9954665120765644,3,KG_TASK_ADDED
468,516,0.0,0.9750168689498874,0.9810001705851661,0.9890042598837634,17,KG_TASK_ADDED
468,75,0.0,0.9622504486493763,0.9919144800232906,0.9885412321681668,3,KG_TASK_ADDED
470,753,0.0,1.0000000000000002,1.0000000000000002,1.0,3,KG_TASK_ADDED
470,235,0.0,0.9561828874675149,1.0000000000000002,0.9890457218668787,7,KG_TASK_ADDED
470,558,0.0,0.8944271909999159,1.0000000000000002,0.9736067977499789,5,KG_TASK_ADDED
471,455,0.0,0.5,0.9999999999999916,0.8749999999999979,8,KG_TASK_ADDED
471,106,0.0,0.4364357804719848,0.9999999999999913,0.8591089451179941,4,KG_TASK_ADDED
471,595,0.0,0.13900960937138318,0.9999999999999927,0.784752402342844,17,KG_TASK_ADDED
472,222,0.0,0.8660254037844387,0.9919144766160471,0.9644849701001215,3,KG_TASK_ADDED
472,239,0.0,0.5590169943749475,0.9906575488129269,0.8874186357969686,10,KG_TASK_ADDED
472,256,0.0,0.5345224838248488,0.9999999999999973,0.8836306209562115,19,KG_TASK_ADDED
473,66,0.0,1.0000000000000002,1.0,1.0,3,KG_TASK_ADDED
473,94,0.0,1.0,1.0,1.0,4,KG_TASK_ADDED
473,56,0.0,0.9428090415820635,1.0,0.9857022603955159,3,KG_TASK_ADDED
474,753,0.0,0.8660254037844387,1.0000000000000002,0.9665063509461097,4,KG_TASK_ADDED
474,724,0.0,0.8164965809277259,1.0000000000000002,0.9541241452319315,3,KG_TASK_ADDED
474,543,0.0,0.7745966692414834,1.0000000000000002,0.9436491673103709,5,KG_TASK_ADDED
475,46,0.0,0.9999999999999999,1.0000000000000002,1.0,7,KG_TASK_ADDED
475,106,0.0,1.0000000000000002,0.999999999999995,0.9999999999999988,3,KG_TASK_ADDED
475,53,0.0,0.9999999999999998,0.999999999999995,0.9999999999999987,5,KG_TASK_ADDED
476,176,0.0,1.0,1.0000000000000002,1.0,4,KG_TASK_ADDED
476,686,0.0,0.944911182523068,1.0000000000000002,0.986227795630767,4,KG_TASK_ADDED
476,52,0.0,0.9128709291752769,0.9999999999999962,0.9782177322938184,6,KG_TASK_ADDED
477,18,0.0,0.9761870601839528,0.9810955085842508,0.9893206421920508,5,KG_TASK_ADDED
477,322,0.0,0.9428090415820635,0.9883367228601238,0.9827864411105468,3,KG_TASK_ADDED
477,274,0.0,0.944911182523068,0.9810955085842508,0.9815016727768298,4,KG_TASK_ADDED
478,501,0.0,0.7071067811865476,0.9999999999999972,0.9267766952966362,6,KG_TASK_ADDED
478,500,0.0,0.6546536707079772,0.9999999999999974,0.9136634176769937,7,KG_TASK_ADDED
478,525,0.0,0.6324555320336759,0.9999999999999968,0.9081138830084182,5,KG_TASK_ADDED
479,424,0.0,0.9999999999999998,0.9999999999999972,0.9999999999999993,5,KG_TASK_ADDED
479,706,0.0,0.9486832980505138,0.9999999999999971,0.9871708245126277,7,KG_TASK_ADDED
479,416,0.0,0.9594032236002469,0.9890107683593783,0.9871034979899063,8,KG_TASK_ADDED
482,297,0.0,0.9296696802013682,0.9999999999999976,0.9824174200503415,11,KG_TASK_ADDED
482,202,0.0,0.9045340337332909,0.999999999999997,0.9761335084333219,9,KG_TASK_ADDED
482,174,0.0,0.8964214570007952,0.9999999999999972,0.9741053642501981,16,KG_TASK_ADDED
483,133,0.0,1.0,0.9999999999999972,0.9999999999999993,4,KG_TASK_ADDED
483,643,0.0,0.9761870601839528,0.999999999999997,0.9940467650459874,5,KG_TASK_ADDED
483,246,0.0,0.9723055853282466,1.0000000000000002,0.9930763963320617,5,KG_TASK_ADDED
485,94,0.0,0.9999999999999998,1.0,1.0,5,KG_TASK_ADDED
485,56,0.0,0.9707253433941511,1.0,0.9926813358485378,4,KG_TASK_ADDED
485,15,0.0,0.9525793444156805,1.0,0.9881448361039201,6,KG_TASK_ADDED
486,89,0.0,1.0,0.9999999999999941,0.9999999999999986,3,KG_TASK_ADDED
486,506,0.0,0.9622504486493763,0.9999999999999964,0.9905626121623432,3,KG_TASK_ADDED
486,259,0.0,0.9594032236002469,0.9924488210099234,0.9879630111525426,8,KG_TASK_ADDED
487,185,0.0,1.0000000000000002,0.9884787394677657,0.9971196848669415,3,KG_TASK_ADDED
487,168,0.0,1.0000000000000002,0.9854368921303155,0.9963592230325788,6,KG_TASK_ADDED
487,42,0.0,0.9561828874675149,0.9884787389897965,0.9861654066143279,7,KG_TASK_ADDED
488,320,0.0,1.0000000000000002,0.9999999999999936,0.9999999999999984,3,KG_TASK_ADDED
488,385,0.0,0.9999999999999999,0.9829824474127669,0.9957456118531918,7,KG_TASK_ADDED
488,383,0.0,0.944911182523068,0.9999999999999947,0.9862277956307657,8,KG_TASK_ADDED
490,287,0.0,1.0,0.9839076134524103,0.9959769033631025,4,KG_TASK_ADDED
490,173,0.0,1.0000000000000002,0.975227934612206,0.9938069836530515,3,KG_TASK_ADDED
490,266,0.0,1.0000000000000002,0.9752279301885199,0.99380698254713,3,KG_TASK_ADDED
491,66,0.0,1.0,1.0,1.0,4,KG_TASK_ADDED
491,94,0.0,0.9999999999999998,1.0,1.0,8,KG_TASK_ADDED
491,56,0.0,0.9561828874675149,1.0,0.9890457218668787,5,KG_TASK_ADDED
492,38,0.0,1.0000000000000002,0.9999999999999931,0.9999999999999982,3,KG_TASK_ADDED
492,231,0.0,0.9583333333333335,0.9999999999999971,0.9895833333333326,18,KG_TASK_ADDED
492,256,0.0,0.96087130110593,0.9906575469584693,0.9878822120160998,11,KG_TASK_ADDED
494,259,0.0,1.0000000000000002,0.9999999999999941,0.9999999999999986,3,KG_TASK_ADDED
494,360,0.0,0.9561828874675149,0.9999999999999947,0.9890457218668773,4,KG_TASK_ADDED
494,461,0.0,0.9486832980505138,0.9999999999999951,0.9871708245126272,5,KG_TASK_ADDED
495,37,0.0,1.0000000000000002,0.9999999999999993,0.9999999999999998,3,KG_TASK_ADDED
495,500,0.0,0.944911182523068,0.9999999999999993,0.9862277956307668,8,KG_TASK_ADDED
495,462,0.0,0.9429278356405683,0.9999999999999999,0.9857319589101421,10,KG_TASK_ADDED
496,373,0.0,0.9428090415820635,0.9866204914848742,0.9823573832667345,4,KG_TASK_ADDED
496,540,0.0,0.7071067811865475,0.9866204911526395,0.9234318180847967,5,KG_TASK_ADDED
496,262,0.0,0.48666426339228763,0.9999999999999919,0.8716660658480699,17,KG_TASK_ADDED
497,15,0.0,0.9544271444636666,0.9910692509124865,0.9863740988440384,13,KG_TASK_ADDED
497,56,0.0,0.944911182523068,0.9910692509124865,0.9839951083588887,7,KG_TASK_ADDED
497,17,0.0,0.9428327537849212,0.9910692509124865,0.9834755011743519,29,KG_TASK_ADDED
499,483,0.0,0.9827076298239908,0.9999999999999967,0.9956769074559968,7,KG_TASK_ADDED
499,643,0.0,0.9746794344808963,0.9999999999999961,0.9936698586202231,21,KG_TASK_ADDED
499,680,0.0,0.9698686309445845,0.9999999999999968,0.9924671577361454,10,KG_TASK_ADDED
500,41,0.0,0.9999999999999998,0.9999999999999993,0.9999999999999998,8,KG_TASK_ADDED
500,192,0.0,0.9999999999999998,0.9999999999999993,0.9999999999999998,5,KG_TASK_ADDED
500,395,0.0,0.9999999999999999,0.9999999999999993,0.9999999999999998,7,KG_TASK_ADDED
501,159,0.0,1.0,0.9999999999999997,0.9999999999999999,4,KG_TASK_ADDED
501,395,0.0,0.9999999999999998,0.9999999999999997,0.9999999999999998,5,KG_TASK_ADDED
501,439,0.0,1.0000000000000002,0.999999999999999,0.9999999999999998,3,KG_TASK_ADDED
502,444,0.0,0.9128709291752769,0.9999999999999959,0.9782177322938183,5,KG_TASK_ADDED
502,50,0.0,0.8838834764831843,0.9999999999999952,0.9709708691207949,5,KG_TASK_ADDED
502,244,0.0,0.8164965809277259,0.9999999999999943,0.95412414523193,5,KG_TASK_ADDED
503,559,0.0,0.9128709291752769,0.981087602668761,0.9734896329610095,3,KG_TASK_ADDED
503,31,0.0,0.6666666666666667,0.9999999999999998,0.9166666666666666,10,KG_TASK_ADDED
503,331,0.0,0.6804138174397718,0.976934582315764,0.914337099938884,3,KG_TASK_ADDED
504,431,0.0,0.9544271444636666,0.9999999999999954,0.9886067861159156,7,KG_TASK_ADDED
504,652,0.0,0.9525793444156805,0.9999999999999987,0.9881448361039198,3,KG_TASK_ADDED
504,225,0.0,0.9428090415820635,1.0000000000000007,0.9857022603955161,3,KG_TASK_ADDED
505,312,0.0,0.9561828874675149,0.9999999999999971,0.989045721866878,8,KG_TASK_ADDED
505,680,0.0,0.9499999999999998,0.9999999999999952,0.9874999999999987,8,KG_TASK_ADDED
505,154,0.0,0.9486832980505138,0.9999999999999982,0.987170824512628,4,KG_TASK_ADDED
506,49,0.0,1.0,1.0000000000000002,1.0,4,KG_TASK_ADDED
506,752,0.0,1.0,0.9999999999999964,0.9999999999999991,4,KG_TASK_ADDED
506,114,0.0,0.9999999999999998,0.9924488196688589,0.9981122049172146,5,KG_TASK_ADDED
507,234,0.0,1.0,0.9814275376859793,0.9953568844214948,4,KG_TASK_ADDED
507,267,0.0,1.0000000000000002,0.981427534638869,0.9953568836597173,3,KG_TASK_ADDED
507,555,0.0,1.0000000000000002,0.9796823034097383,0.9949205758524345,3,KG_TASK_ADDED
508,752,0.0,0.9999999999999998,1.0000000000000002,1.0,5,KG_TASK_ADDED
508,360,0.0,1.0000000000000002,0.9924488223374547,0.9981122055843636,6,KG_TASK_ADDED
508,538,0.0,0.9622504486493764,1.0000000000000002,0.9905626121623441,12,KG_TASK_ADDED
509,398,0.0,1.0000000000000002,0.9999999999999988,0.9999999999999997,6,KG_TASK_ADDED
509,305,0.0,0.9999999999999998,0.9905599381555426,0.9976399845388856,10,KG_TASK_ADDED
509,237,0.0,1.0,0.9905599379770487,0.9976399844942622,11,KG_TASK_ADDED
510,441,0.0,1.0000000000000002,0.9925273118594522,0.998131827964863,3,KG_TASK_ADDED
510,75,0.0,1.0,0.9826040992372992,0.9956510248093248,9,KG_TASK_ADDED
511,610,0.0,1.0,0.9999999999999931,0.9999999999999982,4,KG_TASK_ADDED
511,391,0.0,0.9561828874675149,0.9999999999999886,0.9890457218668758,7,KG_TASK_ADDED
511,492,0.0,0.9309493362512627,0.9999999999999931,0.982737334062814,13,KG_TASK_ADDED
512,606,0.0,0.6708203932499369,0.9953865939530141,0.9165517468007378,7,KG_TASK_ADDED
512,548,0.0,0.6666666666666667,0.9959060883338707,0.9156431887501344,5,KG_TASK_ADDED
512,429,0.0,0.6666666666666667,0.9953865941924738,0.9155133152147852,6,KG_TASK_ADDED
513,50,0.0,0.9999999999999999,0.999999999999996,0.999999999999999,4,KG_TASK_ADDED
513,218,0.0,0.9999999999999998,0.9915219453227108,0.9978804863306776,8,KG_TASK_ADDED
513,133,0.0,0.9561828874675149,0.9914861781848372,0.9869172664130881,5,KG_TASK_ADDED
515,398,0.0,1.0000000000000002,0.9999999999999978,0.9999999999999994,3,KG_TASK_ADDED
515,288,0.0,0.9561828874675149,0.9905599390345654,0.9866857066255201,7,KG_TASK_ADDED
515,433,0.0,0.9486832980505138,0.9942853790256513,0.9857421692690413,11,KG_TASK_ADDED
516,428,0.0,1.0,0.9849230075196443,0.9962307518799111,4,KG_TASK_ADDED
516,222,0.0,0.9999999999999998,0.9810001697800598,0.9952500424450148,8,KG_TASK_ADDED
516,468,0.0,0.9750168689498874,0.9810001705851661,0.9890042598837634,17,KG_TASK_ADDED
517,550,0.0,0.9622504486493763,0.9866204935499575,0.9872177355498335,3,KG_TASK_ADDED
517,29,0.0,0.9561828874675149,0.9866204906090082,0.9857008445191309,5,KG_TASK_ADDED
518,552,0.0,1.0000000000000002,0.9999999999999936,0.9999999999999984,3,KG_TASK_ADDED
518,237,0.0,1.0,0.9831732495032763,0.9957933123758191,4,KG_TASK_ADDED
518,430,0.0,0.9999999999999998,0.9831732481983663,0.9957933120495914,5,KG_TASK_ADDED
519,46,0.0,0.9622504486493764,0.999999999999998,0.9905626121623436,6,KG_TASK_ADDED
519,106,0.0,0.882522608121828,0.9999999999999959,0.970630652030456,5,KG_TASK_ADDED
519,98,0.0,0.8794410681383252,0.9999999999999915,0.9698602670345792,24,KG_TASK_ADDED
520,40,0.0,0.9999999999999999,0.9999999999999961,0.999999999999999,7,KG_TASK_ADDED
520,130,0.0,0.9999999999999998,0.9875987296759041,0.996899682418976,7,KG_TASK_ADDED
520,486,0.0,0.9999999999999999,0.986781510379273,0.9966953775948182,4,KG_TASK_ADDED
521,11,0.0,0.4364357804719848,1.0,0.8591089451179962,4,KG_TASK_ADDED
521,19,0.0,0.2886751345948129,1.0,0.8221687836487033,4,KG_TASK_ADDED
521,34,0.0,0.0,1.0,0.75,13,KG_TASK_ADDED
522,12,0.0,0.9438798074485389,1.0,0.9859699518621348,5,KG_TASK_ADDED
522,15,0.0,0.9428090415820635,1.0,0.9857022603955159,3,KG_TASK_ADDED
522,34,0.0,0.769800358919501,1.0,0.9424500897298753,6,KG_TASK_ADDED
523,215,0.0,1.0000000000000002,1.0,1.0,3,KG_TASK_ADDED
523,564,0.0,0.9999999999999998,1.0,1.0,8,KG_TASK_ADDED
524,318,0.0,0.9647638212377322,0.9999999999999957,0.9911909553094319,7,KG_TASK_ADDED
524,250,0.0,0.9496714704969829,0.9999999999999959,0.9874178676242447,18,KG_TASK_ADDED
524,202,0.0,0.9486832980505138,0.9999999999999962,0.9871708245126275,6,KG_TASK_ADDED
525,41,0.0,1.0000000000000002,0.9999999999999999,1.0,3,KG_TASK_ADDED
525,37,0.0,1.0000000000000002,0.9999999999999993,0.9999999999999998,3,KG_TASK_ADDED
525,500,0.0,0.9594032236002469,0.9999999999999993,0.9898508059000615,8,KG_TASK_ADDED
526,152,0.0,1.0000000000000002,1.0000000000000002,1.0,3,KG_TASK_ADDED
526,620,0.0,0.9999999999999998,0.999999999999999,0.9999999999999998,5,KG_TASK_ADDED
526,133,0.0,1.0,0.9999999999999972,0.9999999999999993,4,KG_TASK_ADDED
529,26,0.0,0.9847319278346618,0.9999999999999988,0.9961829819586652,9,KG_TASK_ADDED
529,202,0.0,0.9827076298239908,0.9999999999999996,0.9956769074559976,7,KG_TASK_ADDED
529,297,0.0,0.9827076298239908,0.9999999999999988,0.9956769074559974,7,KG_TASK_ADDED
530,12,0.0,0.9284766908852594,0.9956726838180858,0.9810373436758364,11,KG_TASK_ADDED
530,56,0.0,0.9258200997725514,0.9956726838180858,0.9803731958976594,9,KG_TASK_ADDED
530,17,0.0,0.9082951062292474,0.9956726838180858,0.9759919475118333,18,KG_TASK_ADDED
531,630,0.0,1.0000000000000002,0.999999999999997,0.9999999999999992,6,KG_TASK_ADDED
531,50,0.0,0.944911182523068,0.9999999999999952,0.9862277956307658,4,KG_TASK_ADDED
531,57,0.0,0.9185586535436917,0.9999999999999952,0.9796396633859217,9,KG_TASK_ADDED
532,90,0.0,1.0000000000000002,1.0,1.0,3,KG_TASK_ADDED
532,94,0.0,0.9999999999999998,1.0,1.0,10,KG_TASK_ADDED
532,9,0.0,0.9669875568304563,1.0,0.9917468892076141,7,KG_TASK_ADDED
533,391,0.0,0.9525793444156805,0.9999999999999907,0.9881448361039178,6,KG_TASK_ADDED
533,333,0.0,0.944911182523068,0.9999999999999922,0.986227795630765,9,KG_TASK_ADDED
533,123,0.0,0.821583836257749,0.999999999999995,0.9553959590644361,17,KG_TASK_ADDED
534,466,0.0,1.0,0.9999999999999953,0.9999999999999989,4,KG_TASK_ADDED
534,152,0.0,1.0000000000000002,0.9999999999999952,0.9999999999999988,3,KG_TASK_ADDED
534,483,0.0,1.0000000000000002,0.9999999999999952,0.9999999999999988,6,KG_TASK_ADDED
536,111,0.0,0.8944271909999159,0.991581564407664,0.9715021888518949,7,KG_TASK_ADDED
536,681,0.0,0.8944271909999159,0.9914251483418942,0.9714630848354525,3,KG_TASK_ADDED
536,329,0.0,0.8609460320922785,0.991581564407664,0.9631318991249855,13,KG_TASK_ADDED
537,80,0.0,0.9999999999999998,1.0,1.0,3,KG_TASK_ADDED
537,90,0.0,0.8660254037844387,1.0,0.9665063509461097,4,KG_TASK_ADDED
537,17,0.0,0.8624430703157185,1.0,0.9656107675789296,23,KG_TASK_ADDED
538,508,0.0,0.9622504486493764,1.0000000000000002,0.9905626121623441,12,KG_TASK_ADDED
538,752,0.0,0.9561828874675149,1.0000000000000002,0.9890457218668787,7,KG_TASK_ADDED
538,486,0.0,0.9444444444444446,0.9999999999999941,0.9861111111111097,9,KG_TASK_ADDED
539,19,0.0,0.9622504486493763,1.0,0.9905626121623441,3,KG_TASK_ADDED
539,34,0.0,0.4743416490252569,1.0,0.8685854122563142,8,KG_TASK_ADDED
539,12,0.0,0.36563621206356534,1.0,0.8414090530158913,5,KG_TASK_ADDED
540,517,0.0,0.7844645405527361,1.0000000000000002,0.946116135138184,4,KG_TASK_ADDED
540,496,0.0,0.7071067811865475,0.9866204911526395,0.9234318180847967,5,KG_TASK_ADDED
540,560,0.0,0.6666666666666666,0.9866204948108988,0.9133217903693913,3,KG_TASK_ADDED
541,19,0.0,0.9428090415820635,1.0,0.9857022603955159,3,KG_TASK_ADDED
541,11,0.0,0.8164965809277261,1.0,0.9541241452319316,4,KG_TASK_ADDED
541,15,0.0,0.4880935300919764,1.0,0.8720233825229942,11,KG_TASK_ADDED
542,17,0.0,0.9616783115081545,1.0,0.9904195778770386,14,KG_TASK_ADDED
542,94,0.0,0.9561828874675149,1.0,0.9890457218668787,7,KG_TASK_ADDED
542,66,0.0,0.944911182523068,1.0,0.986227795630767,5,KG_TASK_ADDED
543,670,0.0,1.0000000000000002,1.0000000000000002,1.0,4,KG_TASK_ADDED
543,753,0.0,0.9999999999999998,1.0000000000000002,1.0,5,KG_TASK_ADDED
543,754,0.0,1.0000000000000002,1.0000000000000002,1.0,3,KG_TASK_ADDED
544,583,0.0,0.8164965809277259,0.9824870142908558,0.9497458988046454,3,KG_TASK_ADDED
544,618,0.0,0.8043996665398437,0.9819431658466895,0.9465857080966333,11,KG_TASK_ADDED
544,635,0.0,0.7856742013183862,0.9848326664702751,0.9426267169471654,15,KG_TASK_ADDED
545,709,0.0,1.0,0.9999999999999972,0.9999999999999993,4,KG_TASK_ADDED
545,566,0.0,1.0,0.9872046719285151,0.9968011679821288,4,KG_TASK_ADDED
545,30,0.0,0.9428090415820635,0.9828880246157459,0.9814242665494524,3,KG_TASK_ADDED
546,26,0.0,0.9999999999999998,0.9887531524227902,0.9971882881056975,5,KG_TASK_ADDED
546,265,0.0,0.9999999999999998,0.9887531524227902,0.9971882881056975,5,KG_TASK_ADDED
546,297,0.0,1.0,0.9887531524227902,0.9971882881056975,4,KG_TASK_ADDED
547,56,0.0,0.33333333333333337,1.0,0.8333333333333334,3,KG_TASK_ADDED
548,202,0.0,0.9594032236002469,0.9946929241447022,0.9885240369362372,8,KG_TASK_ADDED
548,437,0.0,0.944911182523068,0.9972813902475987,0.9855481431926667,13,KG_TASK_ADDED
548,160,0.0,0.9354143466934852,0.9946929243619818,0.9825268177638667,8,KG_TASK_ADDED
550,682,0.0,1.0,0.9999999999999979,0.9999999999999994,6,KG_TASK_ADDED
550,355,0.0,0.9999999999999998,0.9866204935499575,0.9966551233874894,5,KG_TASK_ADDED
550,136,0.0,0.9622504486493763,0.9999999999999938,0.9905626121623425,3,KG_TASK_ADDED
551,12,0.0,1.0,1.0,1.0,3,KG_TASK_ADDED
551,20,0.0,1.0,1.0,1.0,3,KG_TASK_ADDED
551,17,0.0,0.9622504486493763,1.0,0.9905626121623441,3,KG_TASK_ADDED
552,518,0.0,1.0000000000000002,0.9999999999999936,0.9999999999999984,3,KG_TASK_ADDED
552,223,0.0,1.0000000000000002,0.9831732446818542,0.9957933111704635,3,KG_TASK_ADDED
552,237,0.0,1.0000000000000002,0.983173244171406,0.9957933110428515,3,KG_TASK_ADDED
554,694,0.0,0.8164965809277259,0.978850566668028,0.9488367868989385,3,KG_TASK_ADDED
554,396,0.0,0.8164965809277259,0.9765532419167362,0.9482624557111154,3,KG_TASK_ADDED
555,566,0.0,0.9999999999999998,0.9999999999999999,1.0,5,KG_TASK_ADDED
555,413,0.0,0.9761870601839528,0.9999999999999969,0.9940467650459874,5,KG_TASK_ADDED
555,30,0.0,0.9428090415820635,0.9808074302246136,0.9809041179516693,3,KG_TASK_ADDED
556,12,0.0,1.0000000000000002,1.0,1.0,3,KG_TASK_ADDED
556,15,0.0,0.9999999999999998,1.0,1.0,5,KG_TASK_ADDED
556,56,0.0,0.9622504486493763,1.0,0.9905626121623441,3,KG_TASK_ADDED
557,167,0.0,0.8017837257372731,0.9662023049709862,0.9419965076770649,4,KG_TASK_ADDED
557,67,0.0,0.6546536707079772,0.9662023045155226,0.905213993805875,7,KG_TASK_ADDED
557,559,0.0,0.6324555320336759,0.9810876041877409,0.9033857840553542,5,KG_TASK_ADDED
558,470,0.0,0.8944271909999159,1.0000000000000002,0.9736067977499789,5,KG_TASK_ADDED
558,565,0.0,0.8660254037844387,0.9999999999999974,0.966506350946109,7,KG_TASK_ADDED
558,235,0.0,0.7559289460184544,1.0000000000000002,0.9389822365046137,9,KG_TASK_ADDED
559,443,0.0,1.0000000000000002,0.9848554937295954,0.9962138734323989,3,KG_TASK_ADDED
559,354,0.0,1.0000000000000002,0.981087602668761,0.9952719006671903,3,KG_TASK_ADDED
559,418,0.0,0.9622504486493763,0.9810876012957882,0.9858345124862912,3,KG_TASK_ADDED
560,373,0.0,1.0,0.9866204951431329,0.9966551237857832,4,KG_TASK_ADDED
560,550,0.0,0.9561828874675149,0.9999999999999954,0.9890457218668776,5,KG_TASK_ADDED
560,624,0.0,0.9525793444156805,0.9999999999999963,0.9881448361039192,3,KG_TASK_ADDED
561,31,0.0,0.9428090415820635,0.9999999999999998,0.9857022603955159,3,KG_TASK_ADDED
561,141,0.0,0.9525793444156805,0.9845869175125336,0.9842915654820535,3,KG_TASK_ADDED
561,149,0.0,0.9428090415820635,0.981087600681754,0.9809741605659544,3,KG_TASK_ADDED
562,439,0.0,1.0,0.9948973280555173,0.9987243320138793,4,KG_TASK_ADDED
562,500,0.0,0.9575175804338618,0.994897328365987,0.9881037271999622,13,KG_TASK_ADDED
562,462,0.0,0.9486832980505138,0.9948973285792434,0.9858951566574392,21,KG_TASK_ADDED
563,370,0.0,1.0,0.9999999999999961,0.999999999999999,6,KG_TASK_ADDED
563,45,0.0,1.0,0.9887531531232688,0.9971882882808172,4,KG_TASK_ADDED
563,318,0.0,1.0000000000000002,0.9887531524843688,0.9971882881210922,3,KG_TASK_ADDED
564,523,0.0,0.9999999999999998,1.0,1.0,8,KG_TASK_ADDED
564,210,0.0,1.0000000000000002,0.9999999999999983,0.9999999999999996,3,KG_TASK_ADDED
564,602,0.0,0.9999999999999998,0.99033209061824,0.9975830226545599,5,KG_TASK_ADDED
565,268,0.0,0.9486832980505138,0.9999999999999974,0.9871708245126278,4,KG_TASK_ADDED
565,701,0.0,0.9486832980505138,0.9999999999999974,0.9871708245126278,4,KG_TASK_ADDED
565,558,0.0,0.8660254037844387,0.9999999999999974,0.966506350946109,7,KG_TASK_ADDED
566,263,0.0,1.0000000000000002,0.9999999999999999,1.0,3,KG_TASK_ADDED
566,555,0.0,0.9999999999999998,0.9999999999999999,1.0,5,KG_TASK_ADDED
566,545,0.0,1.0,0.9872046719285151,0.9968011679821288,4,KG_TASK_ADDED
567,111,0.0,1.0000000000000002,1.0000000000000004,1.0,3,KG_TASK_ADDED
567,329,0.0,1.0000000000000002,1.0000000000000004,1.0,6,KG_TASK_ADDED
567,652,0.0,1.0000000000000002,1.0000000000000004,1.0,3,KG_TASK_ADDED
568,636,0.0,0.9999999999999998,1.0,1.0,5,KG_TASK_ADDED
568,36,0.0,1.0000000000000002,0.9999999999999987,0.9999999999999997,6,KG_TASK_ADDED
568,363,0.0,1.0000000000000002,0.9999999999999987,0.9999999999999997,3,KG_TASK_ADDED
570,416,0.0,0.9999999999999999,0.9999999999999979,0.9999999999999994,7,KG_TASK_ADDED
570,268,0.0,1.0000000000000002,0.9999999999999968,0.9999999999999992,3,KG_TASK_ADDED
570,753,0.0,1.0000000000000002,0.9999999999999968,0.9999999999999992,3,KG_TASK_ADDED
571,279,0.0,1.0000000000000002,0.9999999999999973,0.9999999999999993,3,KG_TASK_ADDED
571,669,0.0,1.0,0.9884014947621633,0.9971003736905408,4,KG_TASK_ADDED
571,379,0.0,0.9723055853282466,0.9999999999999999,0.9930763963320617,11,KG_TASK_ADDED
573,431,0.0,0.9622504486493763,0.9999999999999949,0.9905626121623428,3,KG_TASK_ADDED
574,158,0.0,0.9750168689498874,1.0000000000000002,0.9937542172374718,7,KG_TASK_ADDED
574,483,0.0,0.9723055853282466,1.0000000000000002,0.9930763963320617,5,KG_TASK_ADDED
574,680,0.0,0.96087130110593,0.9999999999999978,0.9902178252764819,8,KG_TASK_ADDED
575,218,0.0,0.8164965809277259,0.9924975680414696,0.9522485372422989,3,KG_TASK_ADDED
575,146,0.0,0.7071067811865475,0.9999999999999999,0.9267766952966369,5,KG_TASK_ADDED
575,212,0.0,0.7071067811865476,0.9999999999999999,0.9267766952966369,6,KG_TASK_ADDED
576,461,0.0,0.9999999999999998,0.9999999999999927,0.9999999999999981,5,KG_TASK_ADDED
576,463,0.0,1.0,0.9999999999999923,0.9999999999999981,4,KG_TASK_ADDED
576,259,0.0,1.0000000000000002,0.99999999999999,0.9999999999999976,3,KG_TASK_ADDED
577,441,0.0,0.9999999999999998,0.9999999999999978,0.9999999999999993,5,KG_TASK_ADDED
577,297,0.0,1.0000000000000002,0.9887531525036798,0.99718828812592,3,KG_TASK_ADDED
577,370,0.0,0.9486832980505138,0.9999999999999963,0.9871708245126276,5,KG_TASK_ADDED
578,341,0.0,0.9486832980505138,0.9999999999999988,0.987170824512628,5,KG_TASK_ADDED
578,202,0.0,0.9434563530497265,0.9999999999999996,0.9858640882624315,7,KG_TASK_ADDED
578,174,0.0,0.9380831519646858,0.999999999999999,0.9845207879911713,14,KG_TASK_ADDED
579,726,0.0,1.0,0.999999999999995,0.9999999999999988,4,KG_TASK_ADDED
579,362,0.0,0.9578414886923188,0.9999999999999952,0.9894603721730785,15,KG_TASK_ADDED
579,634,0.0,0.9525793444156805,0.999999999999995,0.9881448361039189,3,KG_TASK_ADDED
580,188,0.0,0.8164965809277261,0.9928140858685305,0.9523276666990642,5,KG_TASK_ADDED
580,212,0.0,0.7745966692414834,0.9999999999999999,0.9436491673103709,5,KG_TASK_ADDED
580,196,0.0,0.7559289460184544,0.9999999999999999,0.9389822365046137,4,KG_TASK_ADDED
581,303,0.0,0.9622504486493763,0.9999999999999941,0.9905626121623426,3,KG_TASK_ADDED
581,687,0.0,0.9561828874675149,0.9999999999999951,0.9890457218668776,4,KG_TASK_ADDED
581,111,0.0,0.9525793444156805,0.9999999999999941,0.9881448361039187,3,KG_TASK_ADDED
582,66,0.0,1.0000000000000002,1.0,1.0,3,KG_TASK_ADDED
582,94,0.0,1.0000000000000002,1.0,1.0,6,KG_TASK_ADDED
582,12,0.0,0.9622504486493764,1.0,0.9905626121623441,6,KG_TASK_ADDED
583,121,0.0,0.9594032236002469,0.9924324535227974,0.9879589192807611,5,KG_TASK_ADDED
583,402,0.0,0.9561828874675149,0.9924324535227974,0.9871538352475782,4,KG_TASK_ADDED
583,167,0.0,0.9561828874675149,0.9924324533561579,0.9871538352059182,4,KG_TASK_ADDED
584,88,0.0,1.0000000000000002,0.9999999999999971,0.9999999999999993,3,KG_TASK_ADDED
584,470,0.0,0.9486832980505138,0.983108912230736,0.9829480525703125,4,KG_TASK_ADDED
585,632,0.0,1.0000000000000002,0.9999999999999969,0.9999999999999992,3,KG_TASK_ADDED
586,42,0.0,1.0000000000000002,0.9999999999999938,0.9999999999999984,3,KG_TASK_ADDED
586,428,0.0,1.0000000000000002,0.999999999999994,0.9999999999999984,3,KG_TASK_ADDED
586,75,0.0,0.9622504486493763,0.9874023640823824,0.9874132031829397,3,KG_TASK_ADDED
587,290,0.0,0.9622504486493763,0.988433097740728,0.9876708865975261,3,KG_TASK_ADDED
587,435,0.0,0.9428090415820635,0.9999999999999978,0.9857022603955153,3,KG_TASK_ADDED
587,713,0.0,0.9525793444156805,0.9884330974026863,0.9852531104545916,6,KG_TASK_ADDED
589,152,0.0,1.0000000000000002,0.999999999999996,0.999999999999999,3,KG_TASK_ADDED
589,246,0.0,0.9820927516479827,0.999999999999996,0.9955231879119947,9,KG_TASK_ADDED
589,158,0.0,0.9737289911202953,0.999999999999996,0.9934322477800728,6,KG_TASK_ADDED
590,633,0.0,0.9999999999999998,0.9833170737814092,0.9958292684453522,7,KG_TASK_ADDED
590,248,0.0,0.9128709291752769,1.0000000000000002,0.9782177322938193,4,KG_TASK_ADDED
590,362,0.0,0.8528028654224417,0.9765368601512209,0.9573349313934156,11,KG_TASK_ADDED
592,15,0.0,0.6666666666666666,1.0,0.9166666666666666,3,KG_TASK_ADDED
593,609,0.0,0.9750168689498874,0.9899169645345941,0.9912334583711203,10,KG_TASK_ADDED
593,385,0.0,0.9622504486493764,0.9829824482712616,0.9863082242301595,6,KG_TASK_ADDED
593,124,0.0,0.944911182523068,0.999999999999996,0.986227795630766,5,KG_TASK_ADDED
594,94,0.0,1.0000000000000002,1.0,1.0,3,KG_TASK_ADDED
594,20,0.0,0.9428090415820635,1.0,0.9857022603955159,3,KG_TASK_ADDED
595,446,0.0,0.944911182523068,0.9999999999999934,0.9862277956307653,4,KG_TASK_ADDED
595,327,0.0,0.936585811581694,0.9999999999999973,0.9841464528954228,11,KG_TASK_ADDED
595,98,0.0,0.8838834764831844,0.9999999999999912,0.9709708691207939,9,KG_TASK_ADDED
596,64,0.0,1.0000000000000002,1.0,1.0,3,KG_TASK_ADDED
596,94,0.0,0.944911182523068,1.0,0.986227795630767,4,KG_TASK_ADDED
596,17,0.0,0.9432422182837986,1.0,0.9858105545709497,8,KG_TASK_ADDED
597,20,0.0,1.0000000000000002,1.0,1.0,3,KG_TASK_ADDED
597,34,0.0,0.9761870601839528,1.0,0.9940467650459882,5,KG_TASK_ADDED
597,15,0.0,0.9622504486493763,1.0,0.9905626121623441,3,KG_TASK_ADDED
598,329,0.0,1.0000000000000002,1.0000000000000004,1.0,3,KG_TASK_ADDED
598,225,0.0,1.0000000000000002,0.9999999999999987,0.9999999999999997,3,KG_TASK_ADDED
598,173,0.0,1.0000000000000002,0.9905388424118478,0.9976347106029619,3,KG_TASK_ADDED
599,460,0.0,0.9707253433941511,0.9999999999999908,0.9926813358485355,4,KG_TASK_ADDED
599,276,0.0,0.9791300486523296,0.9904578901715184,0.9923969847059619,8,KG_TASK_ADDED
599,700,0.0,0.9723055853282466,0.990457891602258,0.9906908692326262,5,KG_TASK_ADDED
600,20,0.0,0.981432984131437,1.0,0.9953582460328593,8,KG_TASK_ADDED
600,64,0.0,0.9622504486493763,1.0,0.9905626121623441,3,KG_TASK_ADDED
600,17,0.0,0.9494740323391179,1.0,0.9873685080847795,11,KG_TASK_ADDED
601,636,0.0,1.0000000000000002,1.0,1.0,3,KG_TASK_ADDED
601,36,0.0,1.0000000000000002,0.9999999999999987,0.9999999999999997,3,KG_TASK_ADDED
602,30,0.0,1.0,0.9971672692247812,0.9992918173061953,4,KG_TASK_ADDED
602,20,0.0,0.9486832980505138,0.9971672690083863,0.9864626417647251,6,KG_TASK_ADDED
602,17,0.0,0.9485040136686709,0.9971672690083863,0.9864178206692643,13,KG_TASK_ADDED
603,513,0.0,0.8660254037844387,0.989676118326738,0.9639253805277942,4,KG_TASK_ADDED
603,57,0.0,0.8660254037844387,0.989676118231557,0.9639253805039989,4,KG_TASK_ADDED
603,678,0.0,0.7071067811865475,0.9999999999999964,0.926776695296636,3,KG_TASK_ADDED
605,227,0.0,1.0000000000000002,0.9999999999999971,0.9999999999999993,3,KG_TASK_ADDED
605,393,0.0,1.0000000000000002,0.9901617819524033,0.9975404454881008,3,KG_TASK_ADDED
605,564,0.0,1.0000000000000002,0.9849797545011899,0.9962449386252975,3,KG_TASK_ADDED
606,202,0.0,0.9707253433941511,0.9999999999999996,0.9926813358485377,4,KG_TASK_ADDED
606,325,0.0,0.9540989411743798,0.9999999999999988,0.9885247352935946,23,KG_TASK_ADDED
606,174,0.0,0.9486832980505138,0.999999999999999,0.9871708245126283,6,KG_TASK_ADDED
607,259,0.0,1.0,0.9882265236597634,0.9970566309149409,4,KG_TASK_ADDED
607,576,0.0,1.0,0.98822651968942,0.997056629922355,4,KG_TASK_ADDED
607,681,0.0,0.9434563530497265,0.9879651398456888,0.9828553732238539,4,KG_TASK_ADDED
608,737,0.0,0.5,0.9911325383628232,0.8727831345907058,20,KG_TASK_ADDED
608,205,0.0,0.42257712736425823,0.9886438739791541,0.8528052503358531,10,KG_TASK_ADDED
608,406,0.0,0.06262242910851494,0.9886438735440451,0.76281657566314,56,KG_TASK_ADDED
609,184,0.0,1.0,0.9933184704407927,0.9983296176101981,7,KG_TASK_ADDED
609,105,0.0,0.9525793444156805,0.9933184707240147,0.9864744537849238,9,KG_TASK_ADDED
609,518,0.0,0.9486832980505138,0.9933184710651243,0.9855004422789095,4,KG_TASK_ADDED
610,511,0.0,1.0,0.9999999999999931,0.9999999999999982,4,KG_TASK_ADDED
611,283,0.0,0.9999999999999998,0.9999999999999969,0.9999999999999991,10,KG_TASK_ADDED
611,466,0.0,1.0000000000000002,0.988441467191276,0.997110366797819,3,KG_TASK_ADDED
611,152,0.0,1.0000000000000002,0.988441465692495,0.9971103664231238,3,KG_TASK_ADDED
612,248,0.0,1.0000000000000002,0.9999999999999977,0.9999999999999994,3,KG_TASK_ADDED
612,135,0.0,0.9999999999999999,0.9766774325242376,0.9941693581310593,4,KG_TASK_ADDED
612,422,0.0,0.9506541513652698,0.9999999999999978,0.9876635378413169,5,KG_TASK_ADDED
613,36,0.0,0.9622504486493763,1.0000000000000002,0.9905626121623441,3,KG_TASK_ADDED
613,601,0.0,0.9622504486493763,0.9999999999999987,0.9905626121623438,3,KG_TASK_ADDED
613,636,0.0,0.9622504486493763,0.9999999999999987,0.9905626121623438,3,KG_TASK_ADDED
615,12,0.0,0.9647638212377322,1.0,0.991190955309433,4,KG_TASK_ADDED
615,56,0.0,0.9525793444156805,1.0,0.9881448361039201,3,KG_TASK_ADDED
615,94,0.0,0.9486832980505138,1.0,0.9871708245126285,4,KG_TASK_ADDED
616,17,0.0,1.0000000000000002,1.0,1.0,3,KG_TASK_ADDED
616,15,0.0,0.944911182523068,1.0,0.986227795630767,4,KG_TASK_ADDED
616,20,0.0,0.944911182523068,1.0,0.986227795630767,4,KG_TASK_ADDED
617,88,0.0,0.9438798074485389,0.9999999999999972,0.9859699518621341,7,KG_TASK_ADDED
617,268,0.0,0.8660254037844387,0.9831089119606835,0.9622835789362806,3,KG_TASK_ADDED
617,618,0.0,0.8164965809277259,0.9999999999999961,0.9541241452319305,3,KG_TASK_ADDED
618,570,0.0,0.9622504486493763,0.9831089158570057,0.9863398411265956,3,KG_TASK_ADDED
618,416,0.0,0.9594032236002469,0.983108915773708,0.9856280348434887,8,KG_TASK_ADDED
618,543,0.0,0.9438798074485389,0.9831089141592466,0.9817471804019464,5,KG_TASK_ADDED
619,20,0.0,1.0000000000000002,1.0,1.0,3,KG_TASK_ADDED
619,94,0.0,1.0000000000000002,1.0,1.0,3,KG_TASK_ADDED
619,12,0.0,0.9799578870122229,1.0,0.9949894717530557,6,KG_TASK_ADDED
620,526,0.0,0.9999999999999998,0.999999999999999,0.9999999999999998,5,KG_TASK_ADDED
621,306,0.0,1.0000000000000002,0.9898193269812737,0.9974548317453185,3,KG_TASK_ADDED
621,264,0.0,0.9486832980505138,0.9898193269812737,0.984625656257947,5,KG_TASK_ADDED
621,32,0.0,0.9428090415820635,0.989819326915512,0.983157092124394,3,KG_TASK_ADDED
622,350,0.0,1.0000000000000002,1.0000000000000002,1.0,3,KG_TASK_ADDED
622,424,0.0,1.0000000000000002,0.999999999999997,0.9999999999999992,3,KG_TASK_ADDED
622,457,0.0,1.0,0.999999999999997,0.9999999999999992,4,KG_TASK_ADDED
623,212,0.0,0.8164965809277261,0.9999999999999999,0.9541241452319316,6,KG_TASK_ADDED
623,372,0.0,0.7661308776828739,0.990735915816523,0.9392166983748492,8,KG_TASK_ADDED
624,62,0.0,0.9707253433941511,0.9999999999999947,0.9926813358485365,4,KG_TASK_ADDED
624,560,0.0,0.9525793444156805,0.9999999999999963,0.9881448361039192,3,KG_TASK_ADDED
624,136,0.0,0.9525793444156805,0.9999999999999943,0.9881448361039187,3,KG_TASK_ADDED
625,306,0.0,1.0,0.9999999999999999,1.0,4,KG_TASK_ADDED
625,32,0.0,1.0,0.9999999999999973,0.9999999999999993,4,KG_TASK_ADDED
625,260,0.0,1.0000000000000002,0.9999999999999973,0.9999999999999993,3,KG_TASK_ADDED
626,20,0.0,0.968962790249909,1.0,0.9922406975624772,6,KG_TASK_ADDED
626,94,0.0,0.9486832980505138,1.0,0.9871708245126285,4,KG_TASK_ADDED
626,17,0.0,0.9121593238215745,1.0,0.9780398309553936,15,KG_TASK_ADDED
627,56,0.0,0.9538209664765318,1.0,0.988455241619133,7,KG_TASK_ADDED
627,80,0.0,0.9486832980505138,1.0,0.9871708245126285,3,KG_TASK_ADDED
627,94,0.0,0.9428090415820632,1.0,0.9857022603955158,9,KG_TASK_ADDED
629,229,0.0,0.9999999999999998,0.9835250293369866,0.9958812573342466,5,KG_TASK_ADDED
629,186,0.0,1.0000000000000002,0.9835250284573366,0.9958812571143342,3,KG_TASK_ADDED
629,344,0.0,0.9428090415820635,0.9835250293369866,0.9815835177297625,3,KG_TASK_ADDED
630,531,0.0,1.0000000000000002,0.999999999999997,0.9999999999999992,6,KG_TASK_ADDED
630,440,0.0,1.0000000000000002,0.9999999999999957,0.9999999999999989,3,KG_TASK_ADDED
630,57,0.0,1.0,0.999999999999994,0.9999999999999984,4,KG_TASK_ADDED
632,585,0.0,1.0000000000000002,0.9999999999999969,0.9999999999999992,3,KG_TASK_ADDED
633,264,0.0,0.9999999999999998,0.9884181840652254,0.9971045460163064,5,KG_TASK_ADDED
633,279,0.0,1.0,0.9884181840652254,0.9971045460163064,4,KG_TASK_ADDED
633,306,0.0,0.9999999999999999,0.9884181840652254,0.9971045460163064,4,KG_TASK_ADDED
634,362,0.0,0.9761870601839528,0.9999999999999957,0.9940467650459871,5,KG_TASK_ADDED
634,647,0.0,0.9707253433941511,1.0000000000000002,0.9926813358485378,7,KG_TASK_ADDED
634,247,0.0,0.9622504486493763,1.0000000000000002,0.9905626121623441,3,KG_TASK_ADDED
635,424,0.0,0.9707253433941511,0.9999999999999972,0.9926813358485371,13,KG_TASK_ADDED
635,167,0.0,0.9594032236002469,0.9999999999999952,0.9898508059000605,5,KG_TASK_ADDED
635,416,0.0,0.9622504486493764,0.9890107683593783,0.9878153042521887,15,KG_TASK_ADDED
636,568,0.0,0.9999999999999998,1.0,1.0,5,KG_TASK_ADDED
636,601,0.0,1.0000000000000002,1.0,1.0,3,KG_TASK_ADDED
636,363,0.0,1.0,0.9999999999999987,0.9999999999999997,4,KG_TASK_ADDED
637,86,0.0,1.0000000000000002,0.9788505665464109,0.9947126416366028,4,KG_TASK_ADDED
637,396,0.0,1.0000000000000002,0.9768146045408492,0.9942036511352124,3,KG_TASK_ADDED
637,694,0.0,0.9438798074485389,0.9999999999999969,0.985969951862134,5,KG_TASK_ADDED
638,265,0.0,1.0000000000000002,0.9999999999999981,0.9999999999999996,3,KG_TASK_ADDED
638,705,0.0,0.9622504486493763,0.9999999999999981,0.9905626121623436,3,KG_TASK_ADDED
638,642,0.0,0.9525793444156805,0.9999999999999978,0.9881448361039196,3,KG_TASK_ADDED
639,12,0.0,1.0000000000000002,1.0,1.0,3,KG_TASK_ADDED
639,94,0.0,1.0000000000000002,1.0,1.0,3,KG_TASK_ADDED
639,17,0.0,0.9486832980505138,1.0,0.9871708245126285,4,KG_TASK_ADDED
640,307,0.0,0.6666666666666666,0.9754100775982364,0.9105191860662257,4,KG_TASK_ADDED
641,483,0.0,0.960768922830523,0.9999999999999939,0.9901922307076292,4,KG_TASK_ADDED
641,499,0.0,0.9036961141150639,0.9999999999999943,0.9759240285287645,6,KG_TASK_ADDED
641,312,0.0,0.8164965809277261,0.9999999999999962,0.9541241452319307,3,KG_TASK_ADDED
642,202,0.0,1.0,0.9999999999999971,0.9999999999999993,4,KG_TASK_ADDED
642,638,0.0,0.9525793444156805,0.9999999999999978,0.9881448361039196,3,KG_TASK_ADDED
642,265,0.0,0.6708203932499369,0.9999999999999976,0.9177050983124837,8,KG_TASK_ADDED
643,483,0.0,0.9761870601839528,0.999999999999997,0.9940467650459874,5,KG_TASK_ADDED
643,158,0.0,0.9723055853282466,0.999999999999997,0.9930763963320609,5,KG_TASK_ADDED
643,526,0.0,0.9525793444156805,0.999999999999997,0.9881448361039193,18,KG_TASK_ADDED
644,416,0.0,1.0000000000000002,0.9829602209152043,0.995740055228801,6,KG_TASK_ADDED
644,704,0.0,1.0,0.9829602208807271,0.9957400552201818,4,KG_TASK_ADDED
644,235,0.0,1.0,0.9829602203032116,0.9957400550758029,4,KG_TASK_ADDED
645,17,0.0,0.9432999601477862,1.0,0.9858249900369466,15,KG_TASK_ADDED
645,56,0.0,0.9431191251430151,1.0,0.9857797812857538,7,KG_TASK_ADDED
645,94,0.0,0.9431191251430151,1.0,0.9857797812857538,10,KG_TASK_ADDED
646,17,0.0,0.9434563530497265,1.0,0.9858640882624317,4,KG_TASK_ADDED
646,12,0.0,0.9428090415820635,1.0,0.9857022603955159,3,KG_TASK_ADDED
646,56,0.0,0.9428090415820635,1.0,0.9857022603955159,3,KG_TASK_ADDED
647,634,0.0,0.9707253433941511,1.0000000000000002,0.9926813358485378,7,KG_TASK_ADDED
647,669,0.0,0.9791300486523296,0.9814549344619322,0.9901462457785655,11,KG_TASK_ADDED
647,362,0.0,0.9438798074485389,0.9999999999999957,0.9859699518621337,15,KG_TASK_ADDED
648,457,0.0,0.9636241116594316,0.9887519084483344,0.9880940050269416,8,KG_TASK_ADDED
648,704,0.0,0.9594032236002469,0.9865861639551143,0.9864973468888403,5,KG_TASK_ADDED
648,167,0.0,0.9561828874675149,0.9887519071184554,0.9862336986464926,4,KG_TASK_ADDED
650,307,0.0,0.2721655269759087,0.9754100775982364,0.8118939011435362,6,KG_TASK_ADDED
650,25,0.0,0.0,0.9754100774245342,0.7438525193561336,5,KG_TASK_ADDED
650,229,0.0,-0.2857142857142857,0.9754100793461594,0.6724239484079685,4,KG_TASK_ADDED
651,18,0.0,0.9622504486493763,0.9999999999999997,0.990562612162344,3,KG_TASK_ADDED
652,567,0.0,1.0000000000000002,1.0000000000000004,1.0,3,KG_TASK_ADDED
652,225,0.0,1.0000000000000002,0.9999999999999987,0.9999999999999997,3,KG_TASK_ADDED
652,687,0.0,0.9561828874675149,0.9999999999999987,0.9890457218668784,4,KG_TASK_ADDED
653,287,0.0,0.944911182523068,1.0000000000000002,0.986227795630767,4,KG_TASK_ADDED
653,523,0.0,0.944911182523068,0.9902731845290565,0.9837960917630312,4,KG_TASK_ADDED
653,564,0.0,0.944911182523068,0.9902731845290565,0.9837960917630312,4,KG_TASK_ADDED
654,256,0.0,0.8333333333333335,0.9906575465576085,0.9559977199727355,4,KG_TASK_ADDED
654,239,0.0,0.8164965809277259,0.9999999999999986,0.9541241452319311,3,KG_TASK_ADDED
654,333,0.0,0.8164965809277261,0.999999999999997,0.9541241452319308,4,KG_TASK_ADDED
655,15,0.0,0.7071067811865475,1.0,0.9267766952966369,5,KG_TASK_ADDED
655,34,0.0,0.7071067811865475,1.0,0.9267766952966369,4,KG_TASK_ADDED
656,81,0.0,0.3779644730092272,0.9999999999999993,0.8444911182523067,5,KG_TASK_ADDED
657,66,0.0,0.9525793444156805,1.0,0.9881448361039201,6,KG_TASK_ADDED
657,94,0.0,0.9486832980505138,1.0,0.9871708245126285,5,KG_TASK_ADDED
657,17,0.0,0.9449111825230682,1.0,0.986227795630767,18,KG_TASK_ADDED
659,754,0.0,0.9428090415820635,1.0000000000000002,0.9857022603955159,3,KG_TASK_ADDED
659,558,0.0,0.7302967433402213,1.0000000000000002,0.9325741858350554,6,KG_TASK_ADDED
659,268,0.0,0.50709255283711,1.0000000000000002,0.8767731382092775,6,KG_TASK_ADDED
660,718,0.0,1.0000000000000002,0.9999999999999951,0.9999999999999988,3,KG_TASK_ADDED
660,158,0.0,0.9473729613780999,0.999999999999999,0.9868432403445248,8,KG_TASK_ADDED
660,574,0.0,0.6298438669252061,0.999999999999999,0.9074609667313013,14,KG_TASK_ADDED
661,58,0.0,0.8944271909999159,0.9897856316289831,0.9710532056572247,4,KG_TASK_ADDED
661,495,0.0,0.8660254037844387,0.9897856323019991,0.9639527590216095,3,KG_TASK_ADDED
661,41,0.0,0.8333333333333334,0.9897856323019991,0.9557797414088332,4,KG_TASK_ADDED
662,66,0.0,1.0000000000000002,1.0,1.0,3,KG_TASK_ADDED
662,94,0.0,0.9128709291752769,1.0,0.9782177322938193,6,KG_TASK_ADDED
662,12,0.0,0.8807048459279794,1.0,0.9701762114819948,8,KG_TASK_ADDED
663,216,0.0,0.0,0.9835250293369866,0.7458812573342466,3,KG_TASK_ADDED
666,20,0.0,1.0,1.0,1.0,3,KG_TASK_ADDED
666,12,0.0,0.9707253433941511,1.0,0.9926813358485378,4,KG_TASK_ADDED
666,17,0.0,0.95,1.0,0.9875,7,KG_TASK_ADDED
667,34,0.0,0.5773502691896258,1.0,0.8943375672974064,3,KG_TASK_ADDED
668,12,0.0,1.0,1.0,1.0,3,KG_TASK_ADDED
669,260,0.0,1.0000000000000002,0.9884014947621633,0.9971003736905408,6,KG_TASK_ADDED
669,571,0.0,1.0,0.9884014947621633,0.9971003736905408,4,KG_TASK_ADDED
669,530,0.0,0.9669875568304563,0.9896850223714019,0.9891681448004646,8,KG_TASK_ADDED
670,543,0.0,1.0000000000000002,1.0000000000000002,1.0,4,KG_TASK_ADDED
670,729,0.0,0.8164965809277259,1.0000000000000002,0.9541241452319315,3,KG_TASK_ADDED
671,66,0.0,1.0000000000000002,1.0,1.0,3,KG_TASK_ADDED
671,94,0.0,1.0000000000000002,1.0,1.0,6,KG_TASK_ADDED
671,17,0.0,0.9600014517991345,1.0,0.9900003629497837,14,KG_TASK_ADDED
672,248,0.0,0.9622504486493763,0.9838151387945194,0.9865163968609739,3,KG_TASK_ADDED
672,419,0.0,0.9578414886923188,0.9876345366156053,0.986369006326981,15,KG_TASK_ADDED
672,517,0.0,0.9561828874675149,0.9777320874553711,0.9834787437307215,10,KG_TASK_ADDED
673,323,0.0,0.9999999999999998,1.0000000000000002,1.0,5,KG_TASK_ADDED
673,42,0.0,0.944911182523068,1.0000000000000002,0.986227795630767,4,KG_TASK_ADDED
673,256,0.0,0.9354143466934853,0.9874023657094354,0.9807041781007302,14,KG_TASK_ADDED
674,630,0.0,1.0,0.9881761855944297,0.9970440463986074,4,KG_TASK_ADDED
674,57,0.0,0.9999999999999998,0.9881761832446941,0.9970440458111736,5,KG_TASK_ADDED
674,213,0.0,1.0,0.9845378264119944,0.9961344566029986,4,KG_TASK_ADDED
675,175,0.0,1.0,0.9999999999999974,0.9999999999999993,4,KG_TASK_ADDED
675,362,0.0,1.0000000000000002,0.9999999999999957,0.9999999999999989,3,KG_TASK_ADDED
676,710,0.0,1.0000000000000002,0.9838729080811521,0.9959682270202881,3,KG_TASK_ADDED
676,568,0.0,1.0,0.9838729071973229,0.9959682267993307,4,KG_TASK_ADDED
676,601,0.0,1.0,0.9838729071973229,0.9959682267993307,4,KG_TASK_ADDED
678,16,0.0,1.0000000000000002,0.9896761201537772,0.9974190300384442,3,KG_TASK_ADDED
678,531,0.0,0.9999999999999998,0.9896761201537772,0.9974190300384442,5,KG_TASK_ADDED
678,316,0.0,1.0,0.9896761190162272,0.9974190297540568,4,KG_TASK_ADDED
679,460,0.0,1.0,0.9999999999999908,0.9999999999999977,4,KG_TASK_ADDED
679,160,0.0,1.0000000000000002,0.9904578905307037,0.9976144726326759,3,KG_TASK_ADDED
679,346,0.0,0.9999999999999998,0.9904578903144644,0.997614472578616,5,KG_TASK_ADDED
680,689,0.0,1.0000000000000002,0.9999999999999978,0.9999999999999994,3,KG_TASK_ADDED
680,499,0.0,0.9698686309445845,0.9999999999999968,0.9924671577361454,10,KG_TASK_ADDED
680,483,0.0,0.9622504486493763,0.9999999999999978,0.9905626121623435,3,KG_TASK_ADDED
681,49,0.0,1.0000000000000002,0.9874301933716706,0.9968575483429176,3,KG_TASK_ADDED
681,225,0.0,0.9707253433941511,0.998256457181284,0.9922454501438588,4,KG_TASK_ADDED
681,450,0.0,0.9669875568304563,0.998256456890583,0.9913110034302599,5,KG_TASK_ADDED
682,550,0.0,1.0,0.9999999999999979,0.9999999999999994,6,KG_TASK_ADDED
683,20,0.0,1.0,1.0,1.0,4,KG_TASK_ADDED
683,17,0.0,0.9513029883089881,1.0,0.987825747077247,10,KG_TASK_ADDED
683,15,0.0,0.9116846116771036,1.0,0.977921152919276,8,KG_TASK_ADDED
684,523,0.0,1.0000000000000002,0.9902731845290565,0.9975682961322642,3,KG_TASK_ADDED
684,287,0.0,0.944911182523068,1.0000000000000002,0.986227795630767,7,KG_TASK_ADDED
684,85,0.0,0.9405399431259605,1.0000000000000002,0.9851349857814902,8,KG_TASK_ADDED
685,713,0.0,0.9635883018483242,0.9999999999999987,0.9908970754620807,24,KG_TASK_ADDED
685,601,0.0,0.9622504486493763,0.9999999999999987,0.9905626121623438,3,KG_TASK_ADDED
685,686,0.0,0.9467292624062573,1.0000000000000002,0.9866823156015643,6,KG_TASK_ADDED
686,394,0.0,1.0000000000000002,1.0000000000000002,1.0,3,KG_TASK_ADDED
686,568,0.0,1.0000000000000002,0.9999999999999987,0.9999999999999997,3,KG_TASK_ADDED
686,375,0.0,0.9999999999999998,0.9999999999999987,0.9999999999999996,5,KG_TASK_ADDED
687,652,0.0,0.9561828874675149,0.9999999999999987,0.9890457218668784,4,KG_TASK_ADDED
687,581,0.0,0.9561828874675149,0.9999999999999951,0.9890457218668776,4,KG_TASK_ADDED
687,266,0.0,0.9525793444156805,0.9905388406122575,0.9857795462569845,6,KG_TASK_ADDED
688,424,0.0,1.0000000000000002,0.999999999999997,0.9999999999999992,3,KG_TASK_ADDED
688,457,0.0,1.0,0.999999999999997,0.9999999999999992,4,KG_TASK_ADDED
689,152,0.0,1.0000000000000002,1.0000000000000002,1.0,3,KG_TASK_ADDED
689,680,0.0,1.0000000000000002,0.9999999999999978,0.9999999999999994,3,KG_TASK_ADDED
689,158,0.0,0.9622504486493763,1.0000000000000002,0.9905626121623441,3,KG_TASK_ADDED
690,678,0.0,0.9594032236002469,0.999999999999997,0.9898508059000609,7,KG_TASK_ADDED
690,208,0.0,0.9486832980505138,0.9999999999999941,0.9871708245126269,4,KG_TASK_ADDED
690,213,0.0,0.9428090415820635,0.999999999999997,0.9857022603955151,3,KG_TASK_ADDED
691,715,0.0,1.0000000000000002,1.0000000000000002,1.0,3,KG_TASK_ADDED
692,260,0.0,1.0000000000000002,0.9999999999999999,1.0,3,KG_TASK_ADDED
692,178,0.0,1.0,0.9818856869677577,0.9954714217419394,6,KG_TASK_ADDED
692,281,0.0,0.9561828874675149,0.9999999999999971,0.989045721866878,5,KG_TASK_ADDED
693,432,0.0,0.9058216273156767,0.9872046714665877,0.9732565746955661,4,KG_TASK_ADDED
693,93,0.0,0.8838834764831843,0.9999999999999972,0.9709708691207954,5,KG_TASK_ADDED
693,507,0.0,0.8944271909999159,0.988327463460605,0.9706886636151302,5,KG_TASK_ADDED
694,674,0.0,1.0,0.9819944016551323,0.9954986004137831,4,KG_TASK_ADDED
694,242,0.0,1.0000000000000002,0.978850569029718,0.9947126422574295,3,KG_TASK_ADDED
694,362,0.0,1.0,0.9768146086347966,0.9942036521586992,9,KG_TASK_ADDED
695,415,0.0,1.0000000000000002,0.9850472170217269,0.9962618042554318,3,KG_TASK_ADDED
698,186,0.0,1.0000000000000002,0.9798658487691252,0.9949664621922814,3,KG_TASK_ADDED
698,344,0.0,1.0000000000000002,0.9798658483889066,0.9949664620972266,3,KG_TASK_ADDED
698,717,0.0,1.0000000000000002,0.9798658483889066,0.9949664620972266,3,KG_TASK_ADDED
699,12,0.0,1.0000000000000002,1.0,1.0,3,KG_TASK_ADDED
700,297,0.0,0.9707253433941511,0.9999999999999978,0.9926813358485372,8,KG_TASK_ADDED
700,202,0.0,0.9707253433941511,0.9999999999999969,0.992681335848537,8,KG_TASK_ADDED
700,346,0.0,0.96312313730186,0.999999999999997,0.9907807843254642,20,KG_TASK_ADDED
701,729,0.0,0.9486832980505138,1.0000000000000002,0.9871708245126285,4,KG_TASK_ADDED
701,565,0.0,0.9486832980505138,0.9999999999999974,0.9871708245126278,4,KG_TASK_ADDED
702,467,0.0,1.0000000000000002,0.9999999999999988,0.9999999999999997,3,KG_TASK_ADDED
702,430,0.0,1.0000000000000002,0.9999999999999949,0.9999999999999987,3,KG_TASK_ADDED
702,433,0.0,1.0000000000000002,0.9835699845841749,0.9958924961460437,3,KG_TASK_ADDED
703,56,0.0,0.8528028654224417,1.0,0.9632007163556104,5,KG_TASK_ADDED
704,724,0.0,0.9561828874675149,0.9999999999999968,0.989045721866878,4,KG_TASK_ADDED
704,753,0.0,0.9486832980505138,0.9999999999999968,0.9871708245126276,4,KG_TASK_ADDED
704,416,0.0,0.9467292624062573,0.9999999999999979,0.9866823156015638,9,KG_TASK_ADDED
705,297,0.0,0.9999999999999998,0.9999999999999999,1.0,5,KG_TASK_ADDED
705,202,0.0,1.0000000000000002,0.9999999999999988,0.9999999999999997,3,KG_TASK_ADDED
705,26,0.0,0.9827076298239908,0.9999999999999999,0.9956769074559977,7,KG_TASK_ADDED
706,424,0.0,0.9611335548687104,0.999999999999997,0.9902833887171768,23,KG_TASK_ADDED
706,67,0.0,0.953820966476532,1.0000000000000002,0.988455241619133,20,KG_TASK_ADDED
706,416,0.0,0.9622504486493763,0.9890107698717084,0.9878153046302712,21,KG_TASK_ADDED
707,26,0.0,0.9999999999999998,0.9999999999999984,0.9999999999999996,8,KG_TASK_ADDED
707,297,0.0,0.9707253433941511,0.9999999999999984,0.9926813358485373,8,KG_TASK_ADDED
707,174,0.0,0.9538209664765318,0.999999999999998,0.9884552416191325,7,KG_TASK_ADDED
709,545,0.0,1.0,0.9999999999999972,0.9999999999999993,4,KG_TASK_ADDED
709,93,0.0,0.9428090415820635,0.9999999999999986,0.9857022603955156,3,KG_TASK_ADDED
709,30,0.0,0.9561828874675149,0.9828880251431318,0.9847677281526617,7,KG_TASK_ADDED
711,117,0.0,1.0000000000000002,0.9795659621130001,0.99489149052825,3,KG_TASK_ADDED
711,354,0.0,1.0000000000000002,0.9769345832366585,0.9942336458091646,3,KG_TASK_ADDED
711,76,0.0,0.9999999999999998,0.9676584936568836,0.9919146234142209,5,KG_TASK_ADDED
712,283,0.0,1.0,0.9999999999999979,0.9999999999999994,4,KG_TASK_ADDED
712,505,0.0,0.9707253433941511,0.988441466771145,0.9897917025413241,4,KG_TASK_ADDED
712,193,0.0,0.9622504486493763,0.9884414661650577,0.9876729787036085,3,KG_TASK_ADDED
713,280,0.0,0.9723055853282466,0.9999999999999966,0.9930763963320608,5,KG_TASK_ADDED
713,685,0.0,0.9635883018483242,0.9999999999999987,0.9908970754620807,24,KG_TASK_ADDED
713,601,0.0,0.9622504486493763,1.0,0.9905626121623441,3,KG_TASK_ADDED
714,15,0.0,1.0,1.0,1.0,6,KG_TASK_ADDED
714,20,0.0,0.9622504486493763,1.0,0.9905626121623441,3,KG_TASK_ADDED
714,56,0.0,0.9525793444156805,1.0,0.9881448361039201,3,KG_TASK_ADDED
715,691,0.0,1.0000000000000002,1.0000000000000002,1.0,3,KG_TASK_ADDED
715,448,0.0,0.9045340337332908,1.0000000000000002,0.9761335084333227,10,KG_TASK_ADDED
715,721,0.0,0.8660254037844387,1.0000000000000002,0.9665063509461097,5,KG_TASK_ADDED
717,371,0.0,1.0,1.0000000000000004,1.0,4,KG_TASK_ADDED
717,25,0.0,1.0,0.9999999999999968,0.9999999999999992,4,KG_TASK_ADDED
717,186,0.0,1.0,0.9999999999999947,0.9999999999999987,4,KG_TASK_ADDED
718,719,0.0,1.0000000000000002,0.9999999999999973,0.9999999999999993,3,KG_TASK_ADDED
719,718,0.0,1.0000000000000002,0.9999999999999973,0.9999999999999993,3,KG_TASK_ADDED
719,526,0.0,0.9486832980505138,1.0000000000000002,0.9871708245126285,10,KG_TASK_ADDED
719,574,0.0,0.9486832980505138,1.0000000000000002,0.9871708245126285,9,KG_TASK_ADDED
720,678,0.0,0.9578414886923188,0.9850472137312469,0.9857221756058914,6,KG_TASK_ADDED
720,76,0.0,0.9428090415820635,0.9999999999999974,0.9857022603955152,6,KG_TASK_ADDED
720,583,0.0,0.9428090415820635,0.9918084622578374,0.9836543759599752,3,KG_TASK_ADDED
721,483,0.0,0.9486832980505138,1.0000000000000002,0.9871708245126285,5,KG_TASK_ADDED
721,133,0.0,0.9486832980505138,0.9999999999999972,0.9871708245126278,5,KG_TASK_ADDED
721,680,0.0,0.9467292624062573,0.9999999999999978,0.9866823156015638,6,KG_TASK_ADDED
724,235,0.0,1.0,1.0000000000000002,1.0,4,KG_TASK_ADDED
724,268,0.0,0.9622504486493763,1.0000000000000002,0.9905626121623441,3,KG_TASK_ADDED
724,416,0.0,0.9518172686249524,0.9999999999999974,0.9879543171562375,8,KG_TASK_ADDED
725,34,0.0,0.8164965809277259,1.0,0.9541241452319315,3,KG_TASK_ADDED
726,396,0.0,1.0000000000000002,1.0000000000000002,1.0,3,KG_TASK_ADDED
726,362,0.0,0.9999999999999998,0.9999999999999957,0.9999999999999989,5,KG_TASK_ADDED
726,579,0.0,1.0,0.999999999999995,0.9999999999999988,4,KG_TASK_ADDED
728,15,0.0,0.5773502691896257,1.0,0.8943375672974064,3,KG_TASK_ADDED
729,268,0.0,1.0000000000000002,1.0000000000000002,1.0,3,KG_TASK_ADDED
729,701,0.0,0.9486832980505138,1.0000000000000002,0.9871708245126285,4,KG_TASK_ADDED
729,570,0.0,0.8944271909999159,0.9999999999999968,0.9736067977499782,5,KG_TASK_ADDED
730,17,0.0,0.9638094061735295,1.0,0.9909523515433823,20,KG_TASK_ADDED
730,56,0.0,0.9561828874675149,1.0,0.9890457218668787,8,KG_TASK_ADDED
730,94,0.0,0.9486832980505138,1.0,0.9871708245126285,8,KG_TASK_ADDED
731,15,0.0,0.9647638212377322,1.0,0.991190955309433,7,KG_TASK_ADDED
731,20,0.0,0.9622504486493763,1.0,0.9905626121623441,3,KG_TASK_ADDED
731,17,0.0,0.9434563530497265,1.0,0.9858640882624317,11,KG_TASK_ADDED
733,737,0.0,1.0,1.0,1.0,4,KG_TASK_ADDED
733,78,0.0,0.9707253433941511,0.990273184905845,0.990249632074999,4,KG_TASK_ADDED
733,147,0.0,0.9486832980505138,0.9902731845290565,0.9847391206448926,4,KG_TASK_ADDED
736,12,0.0,0.5773502691896258,1.0,0.8943375672974064,3,KG_TASK_ADDED
736,34,0.0,0.5773502691896258,1.0,0.8943375672974064,3,KG_TASK_ADDED
736,17,0.0,0.3333333333333333,1.0,0.8333333333333333,3,KG_TASK_ADDED
737,733,0.0,1.0,1.0,1.0,4,KG_TASK_ADDED
737,209,0.0,0.8164965809277259,0.9902731845290565,0.9516924413641956,3,KG_TASK_ADDED
737,602,0.0,0.7777777777777778,0.99033209061824,0.9420274670990044,9,KG_TASK_ADDED
738,12,0.0,1.0000000000000002,1.0,1.0,3,KG_TASK_ADDED
738,17,0.0,0.9561828874675149,1.0,0.9890457218668787,4,KG_TASK_ADDED
741,56,0.0,0.8944271909999159,1.0,0.9736067977499789,5,KG_TASK_ADDED
741,12,0.0,0.6804138174397718,1.0,0.9201034543599429,6,KG_TASK_ADDED
741,17,0.0,0.6616931598844269,1.0,0.9154232899711068,10,KG_TASK_ADDED
743,56,0.0,0.9525793444156805,1.0,0.9881448361039201,3,KG_TASK_ADDED
743,94,0.0,0.944911182523068,1.0,0.986227795630767,4,KG_TASK_ADDED
743,20,0.0,0.9428090415820635,1.0,0.9857022603955159,3,KG_TASK_ADDED
744,17,0.0,0.6499336836196814,1.0,0.9124834209049204,19,KG_TASK_ADDED
744,12,0.0,0.6286185570937122,1.0,0.907154639273428,13,KG_TASK_ADDED
744,20,0.0,0.6255432421712244,1.0,0.9063858105428061,11,KG_TASK_ADDED
747,11,0.0,1.0000000000000002,1.0,1.0,3,KG_TASK_ADDED
747,15,0.0,0.0,1.0,0.75,3,KG_TASK_ADDED
751,25,0.0,0.4999999999999999,0.9999999999999968,0.8749999999999992,3,KG_TASK_ADDED
752,508,0.0,0.9999999999999998,1.0000000000000002,1.0,5,KG_TASK_ADDED
752,506,0.0,1.0,0.9999999999999964,0.9999999999999991,4,KG_TASK_ADDED
752,114,0.0,0.9999999999999998,0.9924488212614292,0.9981122053153573,5,KG_TASK_ADDED
753,235,0.0,1.0,1.0000000000000002,1.0,4,KG_TASK_ADDED
753,470,0.0,1.0000000000000002,1.0000000000000002,1.0,3,KG_TASK_ADDED
753,543,0.0,0.9999999999999998,1.0000000000000002,1.0,5,KG_TASK_ADDED
754,543,0.0,1.0000000000000002,1.0000000000000002,1.0,3,KG_TASK_ADDED
754,416,0.0,1.0000000000000002,0.9999999999999974,0.9999999999999993,3,KG_TASK_ADDED
754,659,0.0,0.9428090415820635,1.0000000000000002,0.9857022603955159,3,KG_TASK_ADDED
