source_drug_index,target_drug_index,original_similarity,task_similarity,kg_similarity,combined_score,task_overlap_count,edge_origin
0,11,0.0,0.1889822365046136,1.0,,4,KG_ONLY_ADDED
0,12,0.0,,1.0,,2,KG_ONLY_ADDED
0,15,0.0,0.1889822365046136,1.0,,4,KG_ONLY_ADDED
1,11,0.0,0.8660254037844387,1.0,,4,KG_ONLY_ADDED
1,12,0.0,0.8801724588467041,1.0,,8,KG_ONLY_ADDED
1,15,0.0,0.8999999999999998,1.0,,7,KG_ONLY_ADDED
2,28,0.0,0.5477225575051661,0.9999999999999993,,11,KG_ONLY_ADDED
2,81,0.0,0.7559289460184544,0.9999999999999993,,4,KG_ONLY_ADDED
2,328,0.0,0.7453559924999299,0.9999999999999993,,3,KG_ONLY_ADDED
3,355,0.0,0.8320502943378437,1.0000000000000002,,18,KG_ONLY_ADDED
3,387,0.0,,1.0000000000000002,,2,KG_ONLY_ADDED
3,517,0.0,0.9199353193217104,1.0000000000000002,,16,KG_ONLY_ADDED
4,11,0.0,,1.0,,1,KG_ONLY_ADDED
4,12,0.0,0.9190074972809804,1.0,,10,KG_ONLY_ADDED
4,15,0.0,0.9467292624062573,1.0,,6,KG_ONLY_ADDED
5,11,0.0,,1.0,,1,KG_ONLY_ADDED
5,12,0.0,0.9302605094190635,1.0,,11,KG_ONLY_ADDED
5,15,0.0,0.4045199174779452,1.0,,10,KG_ONLY_ADDED
6,95,0.0,0.758287544405155,1.0,,16,KG_ONLY_ADDED
6,175,0.0,0.4082482904638631,1.0,,7,KG_ONLY_ADDED
6,247,0.0,0.8838834764831843,0.9999999999999974,,5,KG_ONLY_ADDED
7,11,0.0,,1.0,,0,KG_ONLY_ADDED
7,12,0.0,0.9434563530497265,1.0,,4,KG_ONLY_ADDED
7,15,0.0,0.9561828874675149,1.0,,7,KG_ONLY_ADDED
8,11,0.0,,1.0,,0,KG_ONLY_ADDED
8,12,0.0,0.9230769230769232,1.0,,4,KG_ONLY_ADDED
8,15,0.0,0.8775269089525567,1.0,,8,KG_ONLY_ADDED
9,11,0.0,-0.2357022603955158,1.0,,3,KG_ONLY_ADDED
9,12,0.0,1.0000000000000002,1.0,,3,KG_ONLY_ADDED
9,15,0.0,0.48304589153964794,1.0,,6,KG_ONLY_ADDED
11,12,0.0,,1.0,,2,KG_ONLY_ADDED
11,15,0.0,0.0,1.0,,3,KG_ONLY_ADDED
11,17,0.0,-0.8660254037844387,1.0,,3,KG_ONLY_ADDED
12,11,0.0,,1.0,,2,KG_ONLY_ADDED
12,15,0.0,0.9441175904999112,1.0,,12,KG_ONLY_ADDED
12,17,0.0,0.9251491492547037,1.0,,25,KG_ONLY_ADDED
14,205,0.0,0.33333333333333337,0.9999999999999966,,3,KG_ONLY_ADDED
14,349,0.0,0.8249579113843053,0.9999999999999966,,6,KG_ONLY_ADDED
14,406,0.0,0.5474375080153916,0.9999999999999957,,55,KG_ONLY_ADDED
15,11,0.0,0.0,1.0,,3,KG_ONLY_ADDED
15,12,0.0,0.9441175904999112,1.0,,12,KG_ONLY_ADDED
15,17,0.0,0.9428090415820634,1.0,,24,KG_ONLY_ADDED
16,347,0.0,0.8333333333333335,1.0,,3,KG_ONLY_ADDED
16,531,0.0,0.8485281374238569,1.0,,8,KG_ONLY_ADDED
16,502,0.0,0.753778361444409,0.9999999999999983,,5,KG_ONLY_ADDED
17,11,0.0,-0.8660254037844387,1.0,,3,KG_ONLY_ADDED
17,12,0.0,0.9251491492547037,1.0,,25,KG_ONLY_ADDED
17,15,0.0,0.9428090415820634,1.0,,24,KG_ONLY_ADDED
18,274,0.0,0.9486832980505138,0.9999999999999997,,4,KG_ONLY_ADDED
18,629,0.0,,0.9999999999999997,,1,KG_ONLY_ADDED
18,651,0.0,0.9622504486493763,0.9999999999999997,,3,KG_ONLY_ADDED
19,11,0.0,0.47809144373375745,1.0,,5,KG_ONLY_ADDED
19,12,0.0,-0.33333333333333337,1.0,,3,KG_ONLY_ADDED
19,15,0.0,0.0,1.0,,3,KG_ONLY_ADDED
20,11,0.0,,1.0,,0,KG_ONLY_ADDED
20,12,0.0,0.9163419338230352,1.0,,12,KG_ONLY_ADDED
20,15,0.0,0.9486832980505138,1.0,,8,KG_ONLY_ADDED
21,478,0.0,0.4803844614152615,0.9999999999999943,,7,KG_ONLY_ADDED
21,37,0.0,0.968962790249909,0.9999999999999938,,6,KG_ONLY_ADDED
21,500,0.0,0.9434563530497265,0.9999999999999938,,13,KG_ONLY_ADDED
22,436,0.0,,1.0000000000000002,,0,KG_ONLY_ADDED
22,105,0.0,,0.9999999999999986,,1,KG_ONLY_ADDED
22,184,0.0,,0.9999999999999973,,0,KG_ONLY_ADDED
23,393,0.0,0.545544725589981,0.9999999999999961,,13,KG_ONLY_ADDED
23,319,0.0,0.9438798074485389,0.9999999999999959,,5,KG_ONLY_ADDED
23,74,0.0,,0.9999999999999946,,2,KG_ONLY_ADDED
24,112,0.0,0.27524094128159016,0.9999999999999976,,36,KG_ONLY_ADDED
24,174,0.0,0.6666666666666666,0.9999999999999974,,13,KG_ONLY_ADDED
24,26,0.0,0.7092081432669752,0.9999999999999973,,20,KG_ONLY_ADDED
25,127,0.0,0.8660254037844387,0.9999999999999968,,4,KG_ONLY_ADDED
25,216,0.0,0.6210590034081188,0.9999999999999968,,9,KG_ONLY_ADDED
25,229,0.0,1.0000000000000002,0.9999999999999968,,3,KG_ONLY_ADDED
26,47,0.0,0.6531972647421808,0.9999999999999999,,13,KG_ONLY_ADDED
26,79,0.0,0.5345224838248488,0.9999999999999999,,18,KG_ONLY_ADDED
26,265,0.0,0.8864052604279183,0.9999999999999999,,12,KG_ONLY_ADDED
27,86,0.0,,1.0000000000000002,,2,KG_ONLY_ADDED
27,397,0.0,,1.0000000000000002,,0,KG_ONLY_ADDED
27,242,0.0,,0.9999999999999984,,2,KG_ONLY_ADDED
28,81,0.0,0.4714045207910316,0.9999999999999993,,10,KG_ONLY_ADDED
28,328,0.0,0.3826918985879519,0.9999999999999993,,18,KG_ONLY_ADDED
28,656,0.0,,0.9999999999999993,,0,KG_ONLY_ADDED
29,48,0.0,0.0,0.9999999999999946,,6,KG_ONLY_ADDED
29,550,0.0,,0.9999999999999944,,2,KG_ONLY_ADDED
29,624,0.0,,0.9999999999999942,,0,KG_ONLY_ADDED
30,11,0.0,,0.9999999999999963,,0,KG_ONLY_ADDED
30,12,0.0,0.9486832980505138,0.9999999999999963,,7,KG_ONLY_ADDED
30,15,0.0,0.9999999999999998,0.9999999999999963,,8,KG_ONLY_ADDED
31,140,0.0,0.6666666666666667,0.9999999999999998,,16,KG_ONLY_ADDED
31,269,0.0,0.7071067811865475,0.9999999999999998,,4,KG_ONLY_ADDED
31,354,0.0,0.8017837257372731,0.9999999999999998,,4,KG_ONLY_ADDED
32,260,0.0,,0.9999999999999999,,1,KG_ONLY_ADDED
32,378,0.0,1.0,0.9999999999999999,,4,KG_ONLY_ADDED
32,379,0.0,0.9622504486493764,0.9999999999999999,,6,KG_ONLY_ADDED
33,286,0.0,0.7082882469748284,0.9979523024873448,,19,KG_ONLY_ADDED
33,91,0.0,0.8273287946596167,0.9968692695166247,,18,KG_ONLY_ADDED
33,530,0.0,0.9064942077733621,0.9968692692808659,,16,KG_ONLY_ADDED
34,11,0.0,0.48507125007266594,1.0,,6,KG_ONLY_ADDED
34,12,0.0,0.587774686696516,1.0,,24,KG_ONLY_ADDED
34,15,0.0,0.5298404448604945,1.0,,31,KG_ONLY_ADDED
35,42,0.0,0.9999999999999998,1.0000000000000002,,5,KG_ONLY_ADDED
35,323,0.0,0.9428090415820635,1.0000000000000002,,3,KG_ONLY_ADDED
35,673,0.0,0.7171371656006361,1.0000000000000002,,9,KG_ONLY_ADDED
36,84,0.0,-0.5773502691896258,1.0000000000000002,,3,KG_ONLY_ADDED
36,92,0.0,0.6201736729460423,1.0000000000000002,,6,KG_ONLY_ADDED
36,176,0.0,0.9999999999999998,1.0000000000000002,,6,KG_ONLY_ADDED
37,500,0.0,0.9428090415820635,0.9999999999999998,,6,KG_ONLY_ADDED
37,501,0.0,0.9434563530497265,0.9999999999999994,,7,KG_ONLY_ADDED
37,41,0.0,1.0000000000000002,0.9999999999999993,,3,KG_ONLY_ADDED
38,123,0.0,,0.9999999999999953,,2,KG_ONLY_ADDED
38,511,0.0,0.7745966692414834,0.9999999999999938,,5,KG_ONLY_ADDED
38,239,0.0,,0.9999999999999931,,2,KG_ONLY_ADDED
39,112,0.0,0.2857738033247041,0.9999999999999968,,19,KG_ONLY_ADDED
39,429,0.0,0.5743796858006127,0.9999999999999964,,25,KG_ONLY_ADDED
39,160,0.0,0.8320502943378437,0.9999999999999963,,9,KG_ONLY_ADDED
40,51,0.0,0.944911182523068,1.0000000000000004,,4,KG_ONLY_ADDED
40,299,0.0,0.8164965809277259,1.0000000000000004,,5,KG_ONLY_ADDED
40,71,0.0,0.2857142857142857,0.9999999999999992,,4,KG_ONLY_ADDED
41,159,0.0,1.0000000000000002,0.9999999999999999,,3,KG_ONLY_ADDED
41,192,0.0,0.8164965809277259,0.9999999999999999,,3,KG_ONLY_ADDED
41,395,0.0,,0.9999999999999999,,2,KG_ONLY_ADDED
42,35,0.0,0.9999999999999998,1.0000000000000002,,5,KG_ONLY_ADDED
42,323,0.0,,1.0000000000000002,,2,KG_ONLY_ADDED
42,673,0.0,0.944911182523068,1.0000000000000002,,4,KG_ONLY_ADDED
43,355,0.0,,0.999999999999996,,2,KG_ONLY_ADDED
43,387,0.0,,0.999999999999996,,0,KG_ONLY_ADDED
43,517,0.0,,0.999999999999996,,1,KG_ONLY_ADDED
44,422,0.0,0.4082482904638631,0.9999999999999984,,3,KG_ONLY_ADDED
44,612,0.0,0.6172133998483676,0.9999999999999982,,4,KG_ONLY_ADDED
44,248,0.0,0.5477225575051661,0.999999999999998,,3,KG_ONLY_ADDED
45,26,0.0,0.18257418583505533,0.9999999999999992,,9,KG_ONLY_ADDED
45,47,0.0,0.17677669529663687,0.9999999999999992,,22,KG_ONLY_ADDED
45,79,0.0,-0.064888568452305,0.9999999999999992,,23,KG_ONLY_ADDED
46,327,0.0,0.7745966692414834,1.0000000000000002,,5,KG_ONLY_ADDED
46,475,0.0,0.9999999999999999,1.0000000000000002,,7,KG_ONLY_ADDED
46,519,0.0,0.9622504486493764,0.999999999999998,,6,KG_ONLY_ADDED
47,26,0.0,0.6531972647421808,0.9999999999999999,,13,KG_ONLY_ADDED
47,79,0.0,0.6265611300756749,0.9999999999999999,,141,KG_ONLY_ADDED
47,265,0.0,0.49377071987869403,0.9999999999999999,,52,KG_ONLY_ADDED
48,99,0.0,0.5230657809659415,0.9999999999999964,,82,KG_ONLY_ADDED
48,550,0.0,0.11952286093343936,0.9999999999999963,,11,KG_ONLY_ADDED
48,103,0.0,0.36490022459988086,0.9999999999999959,,39,KG_ONLY_ADDED
49,198,0.0,,1.0000000000000002,,2,KG_ONLY_ADDED
49,271,0.0,0.7999999999999998,1.0000000000000002,,6,KG_ONLY_ADDED
49,293,0.0,0.8164965809277259,1.0000000000000002,,3,KG_ONLY_ADDED
50,57,0.0,0.857142857142857,0.999999999999998,,4,KG_ONLY_ADDED
50,444,0.0,0.7826237921249264,0.9999999999999967,,5,KG_ONLY_ADDED
50,513,0.0,0.9999999999999999,0.999999999999996,,4,KG_ONLY_ADDED
51,40,0.0,0.944911182523068,1.0000000000000004,,4,KG_ONLY_ADDED
51,299,0.0,0.7453559924999299,1.0000000000000004,,5,KG_ONLY_ADDED
51,71,0.0,,0.9999999999999992,,2,KG_ONLY_ADDED
52,417,0.0,-0.31622776601683794,0.9999999999999966,,4,KG_ONLY_ADDED
52,280,0.0,0.8606629658238704,0.9999999999999964,,6,KG_ONLY_ADDED
52,224,0.0,0.8320502943378437,0.9999999999999963,,7,KG_ONLY_ADDED
53,200,0.0,0.9438798074485389,0.9999999999999963,,5,KG_ONLY_ADDED
53,241,0.0,0.9457324874869207,0.999999999999996,,8,KG_ONLY_ADDED
53,309,0.0,0.9296696802013681,0.999999999999996,,8,KG_ONLY_ADDED
54,413,0.0,0.6076436202501999,0.9893181145742935,,22,KG_ONLY_ADDED
54,102,0.0,0.07537783614444091,0.98931811417391,,18,KG_ONLY_ADDED
54,153,0.0,0.3689323936863109,0.98931811417391,,17,KG_ONLY_ADDED
55,31,0.0,1.0,0.9999999999999978,,3,KG_ONLY_ADDED
55,140,0.0,0.35355339059327373,0.9999999999999978,,5,KG_ONLY_ADDED
55,269,0.0,,0.9999999999999978,,0,KG_ONLY_ADDED
56,11,0.0,,1.0,,2,KG_ONLY_ADDED
56,12,0.0,0.944911182523068,1.0,,10,KG_ONLY_ADDED
56,15,0.0,0.9449111825230682,1.0,,9,KG_ONLY_ADDED
57,50,0.0,0.857142857142857,0.999999999999998,,4,KG_ONLY_ADDED
57,444,0.0,0.7130240959073808,0.9999999999999962,,14,KG_ONLY_ADDED
57,440,0.0,-0.3223291856101521,0.9999999999999956,,10,KG_ONLY_ADDED
58,439,0.0,0.7171371656006361,0.9999999999999973,,5,KG_ONLY_ADDED
58,501,0.0,0.837525686389569,0.9999999999999973,,18,KG_ONLY_ADDED
58,41,0.0,0.9293203772845852,0.9999999999999972,,14,KG_ONLY_ADDED
59,65,0.0,0.8164965809277259,0.9999999999999927,,6,KG_ONLY_ADDED
59,494,0.0,,0.9999999999999925,,2,KG_ONLY_ADDED
59,461,0.0,,0.9999999999999923,,0,KG_ONLY_ADDED
60,609,0.0,0.7337993857053429,0.9999999999999967,,10,KG_ONLY_ADDED
60,518,0.0,0.6681531047810609,0.9933184715367431,,10,KG_ONLY_ADDED
60,552,0.0,0.8660254037844387,0.993318471519547,,4,KG_ONLY_ADDED
61,109,0.0,0.4163331998932266,0.9999999999999949,,97,KG_ONLY_ADDED
61,310,0.0,0.0,0.9999999999999933,,6,KG_ONLY_ADDED
61,222,0.0,0.8164965809277261,0.9999999999999932,,6,KG_ONLY_ADDED
62,496,0.0,0.15075567228888181,0.9999999999999956,,17,KG_ONLY_ADDED
62,560,0.0,0.9114654303753,0.9999999999999954,,12,KG_ONLY_ADDED
62,99,0.0,0.0837707816583391,0.9999999999999948,,31,KG_ONLY_ADDED
63,282,0.0,,0.9999999999999956,,0,KG_ONLY_ADDED
63,416,0.0,0.9622504486493763,0.9999999999999956,,3,KG_ONLY_ADDED
63,565,0.0,,0.9999999999999956,,2,KG_ONLY_ADDED
64,11,0.0,,1.0,,0,KG_ONLY_ADDED
64,12,0.0,0.8081220356417685,1.0,,5,KG_ONLY_ADDED
64,15,0.0,1.0000000000000002,1.0,,3,KG_ONLY_ADDED
65,59,0.0,0.8164965809277259,0.9999999999999927,,6,KG_ONLY_ADDED
65,214,0.0,0.5520524474738833,0.999999999999992,,85,KG_ONLY_ADDED
65,494,0.0,0.8333333333333334,0.9999999999999907,,6,KG_ONLY_ADDED
66,11,0.0,,1.0,,2,KG_ONLY_ADDED
66,12,0.0,0.8017837257372732,1.0,,5,KG_ONLY_ADDED
66,15,0.0,0.3872983346207417,1.0,,7,KG_ONLY_ADDED
67,104,0.0,0.7669649888473704,1.0000000000000002,,41,KG_ONLY_ADDED
67,121,0.0,0.8693182879212227,1.0000000000000002,,13,KG_ONLY_ADDED
67,350,0.0,0.6471502289294341,1.0000000000000002,,18,KG_ONLY_ADDED
68,116,0.0,,0.9999999999999999,,2,KG_ONLY_ADDED
68,131,0.0,0.9428090415820635,0.9999999999999999,,3,KG_ONLY_ADDED
68,146,0.0,,0.9999999999999999,,2,KG_ONLY_ADDED
69,110,0.0,0.7745966692414834,0.9999999999999997,,10,KG_ONLY_ADDED
69,468,0.0,0.3530090432487313,0.9999999999999959,,21,KG_ONLY_ADDED
69,295,0.0,0.25337550864012875,0.9999999999999958,,45,KG_ONLY_ADDED
70,115,0.0,0.6344166391652173,0.9999999999999973,,30,KG_ONLY_ADDED
70,278,0.0,0.480754414848157,0.9999999999999973,,87,KG_ONLY_ADDED
70,320,0.0,0.5773502691896257,0.9999999999999973,,6,KG_ONLY_ADDED
71,40,0.0,0.2857142857142857,0.9999999999999992,,4,KG_ONLY_ADDED
71,51,0.0,,0.9999999999999992,,2,KG_ONLY_ADDED
71,299,0.0,-0.0944911182523068,0.9999999999999992,,8,KG_ONLY_ADDED
72,75,0.0,0.23570226039551587,0.9806080035970223,,6,KG_ONLY_ADDED
72,256,0.0,0.5445811486371709,0.9806080027339722,,36,KG_ONLY_ADDED
72,472,0.0,-0.2735942272227077,0.9806080013319457,,58,KG_ONLY_ADDED
74,172,0.0,,0.9999999999999999,,2,KG_ONLY_ADDED
74,393,0.0,,0.999999999999996,,2,KG_ONLY_ADDED
74,319,0.0,,0.9999999999999956,,1,KG_ONLY_ADDED
75,256,0.0,0.9428090415820635,0.9999999999999972,,3,KG_ONLY_ADDED
75,472,0.0,,0.9999999999999967,,1,KG_ONLY_ADDED
75,468,0.0,0.9622504486493763,0.9919144800232906,,3,KG_ONLY_ADDED
76,324,0.0,0.8999999999999998,1.0,,7,KG_ONLY_ADDED
76,695,0.0,,0.9999999999999986,,1,KG_ONLY_ADDED
76,720,0.0,0.9428090415820635,0.9999999999999974,,6,KG_ONLY_ADDED
77,40,0.0,,0.9999999999999951,,0,KG_ONLY_ADDED
77,51,0.0,,0.9999999999999951,,1,KG_ONLY_ADDED
77,299,0.0,,0.9999999999999951,,2,KG_ONLY_ADDED
78,85,0.0,0.8232998121250613,0.9999999999999989,,19,KG_ONLY_ADDED
78,147,0.0,0.5652806856077136,0.9999999999999989,,29,KG_ONLY_ADDED
78,209,0.0,1.0000000000000002,0.9999999999999989,,3,KG_ONLY_ADDED
79,26,0.0,0.5345224838248488,0.9999999999999999,,18,KG_ONLY_ADDED
79,47,0.0,0.6265611300756749,0.9999999999999999,,141,KG_ONLY_ADDED
79,265,0.0,0.4562105641233377,0.9999999999999999,,47,KG_ONLY_ADDED
80,11,0.0,,1.0,,0,KG_ONLY_ADDED
80,12,0.0,0.944911182523068,1.0,,4,KG_ONLY_ADDED
80,15,0.0,0.4767312946227962,1.0,,8,KG_ONLY_ADDED
81,28,0.0,0.4714045207910316,0.9999999999999993,,10,KG_ONLY_ADDED
81,328,0.0,0.5000000000000001,0.9999999999999993,,9,KG_ONLY_ADDED
81,656,0.0,0.3779644730092272,0.9999999999999993,,5,KG_ONLY_ADDED
82,376,0.0,0.8981462390204985,0.9999999999999959,,7,KG_ONLY_ADDED
82,166,0.0,0.7711356597650746,0.9999999999999953,,19,KG_ONLY_ADDED
82,536,0.0,0.5196152422706631,0.9923914774209205,,14,KG_ONLY_ADDED
84,36,0.0,-0.5773502691896258,1.0000000000000002,,3,KG_ONLY_ADDED
84,92,0.0,,1.0000000000000002,,1,KG_ONLY_ADDED
84,176,0.0,,1.0000000000000002,,0,KG_ONLY_ADDED
85,147,0.0,0.5544369932703277,1.0000000000000002,,16,KG_ONLY_ADDED
85,209,0.0,,1.0000000000000002,,2,KG_ONLY_ADDED
85,245,0.0,0.75,1.0000000000000002,,7,KG_ONLY_ADDED
86,27,0.0,,1.0000000000000002,,2,KG_ONLY_ADDED
86,397,0.0,,1.0000000000000002,,0,KG_ONLY_ADDED
86,242,0.0,,0.9999999999999984,,2,KG_ONLY_ADDED
87,467,0.0,1.0000000000000002,0.9999999999999971,,3,KG_ONLY_ADDED
87,702,0.0,,0.9999999999999962,,0,KG_ONLY_ADDED
87,326,0.0,0.4335549847620599,0.9999999999999961,,16,KG_ONLY_ADDED
88,618,0.0,0.753778361444409,0.9999999999999978,,8,KG_ONLY_ADDED
88,617,0.0,0.9438798074485389,0.9999999999999972,,7,KG_ONLY_ADDED
88,584,0.0,1.0000000000000002,0.9999999999999971,,3,KG_ONLY_ADDED
89,336,0.0,,1.0000000000000002,,0,KG_ONLY_ADDED
89,508,0.0,,1.0000000000000002,,2,KG_ONLY_ADDED
89,538,0.0,0.9230769230769232,1.0000000000000002,,7,KG_ONLY_ADDED
90,11,0.0,,1.0,,0,KG_ONLY_ADDED
90,12,0.0,0.35355339059327373,1.0,,6,KG_ONLY_ADDED
90,15,0.0,0.2886751345948129,1.0,,6,KG_ONLY_ADDED
91,530,0.0,0.8743856497851876,0.9999999999999971,,13,KG_ONLY_ADDED
91,33,0.0,0.8273287946596167,0.9968692695166247,,18,KG_ONLY_ADDED
91,11,0.0,,0.9956726838601369,,2,KG_ONLY_ADDED
92,36,0.0,0.6201736729460423,1.0000000000000002,,6,KG_ONLY_ADDED
92,84,0.0,,1.0000000000000002,,1,KG_ONLY_ADDED
92,176,0.0,0.6666666666666667,1.0000000000000002,,6,KG_ONLY_ADDED
93,180,0.0,,0.9999999999999993,,0,KG_ONLY_ADDED
93,709,0.0,0.9428090415820635,0.9999999999999986,,3,KG_ONLY_ADDED
93,545,0.0,,0.9999999999999977,,1,KG_ONLY_ADDED
94,11,0.0,,1.0,,2,KG_ONLY_ADDED
94,12,0.0,0.9457324874869207,1.0,,8,KG_ONLY_ADDED
94,15,0.0,0.9622504486493763,1.0,,9,KG_ONLY_ADDED
95,175,0.0,0.37509688670876046,1.0,,13,KG_ONLY_ADDED
95,247,0.0,0.867227382716513,0.9999999999999974,,13,KG_ONLY_ADDED
95,396,0.0,0.9799578870122229,0.9999999999999974,,6,KG_ONLY_ADDED
96,40,0.0,,0.9894754309001387,,2,KG_ONLY_ADDED
96,51,0.0,0.8164965809277259,0.9894754309001387,,3,KG_ONLY_ADDED
96,299,0.0,0.4999999999999999,0.9894754309001387,,10,KG_ONLY_ADDED
97,85,0.0,-0.6804138174397718,0.991703959595266,,9,KG_ONLY_ADDED
97,147,0.0,-0.05547001962252291,0.991703959595266,,13,KG_ONLY_ADDED
97,209,0.0,,0.991703959595266,,1,KG_ONLY_ADDED
98,438,0.0,0.9622504486493763,0.9999999999999942,,3,KG_ONLY_ADDED
98,277,0.0,,0.999999999999994,,0,KG_ONLY_ADDED
98,471,0.0,0.0826898230594723,0.9999999999999936,,15,KG_ONLY_ADDED
99,682,0.0,-0.10206207261596577,0.999999999999997,,13,KG_ONLY_ADDED
99,118,0.0,-0.5773502691896258,0.9999999999999969,,3,KG_ONLY_ADDED
99,262,0.0,0.536774032210737,0.9999999999999969,,70,KG_ONLY_ADDED
100,179,0.0,0.9561828874675149,0.9899687935647856,,7,KG_ONLY_ADDED
100,404,0.0,,0.9872080258007119,,0,KG_ONLY_ADDED
100,599,0.0,0.9799578870122229,0.9872080248512469,,6,KG_ONLY_ADDED
101,690,0.0,0.6933752452815365,0.9999999999999981,,10,KG_ONLY_ADDED
101,213,0.0,0.9486832980505138,0.9999999999999973,,6,KG_ONLY_ADDED
101,415,0.0,0.704469953676347,0.9999999999999973,,18,KG_ONLY_ADDED
102,153,0.0,0.6135719910778963,1.0000000000000007,,9,KG_ONLY_ADDED
102,199,0.0,,1.0000000000000007,,0,KG_ONLY_ADDED
102,340,0.0,,1.0000000000000007,,2,KG_ONLY_ADDED
103,118,0.0,,0.9999999999999981,,1,KG_ONLY_ADDED
103,262,0.0,0.6986956960477685,0.9999999999999981,,39,KG_ONLY_ADDED
103,560,0.0,0.4061811972299616,0.999999999999998,,12,KG_ONLY_ADDED
104,67,0.0,0.7669649888473704,1.0000000000000002,,41,KG_ONLY_ADDED
104,121,0.0,0.733358797622569,1.0000000000000002,,13,KG_ONLY_ADDED
104,350,0.0,0.6133956150821481,1.0000000000000002,,24,KG_ONLY_ADDED
105,22,0.0,,0.9999999999999986,,1,KG_ONLY_ADDED
105,436,0.0,,0.9999999999999986,,1,KG_ONLY_ADDED
105,184,0.0,0.9544271444636666,0.9999999999999984,,7,KG_ONLY_ADDED
106,519,0.0,0.882522608121828,0.9999999999999959,,5,KG_ONLY_ADDED
106,241,0.0,0.8838834764831843,0.9999999999999954,,5,KG_ONLY_ADDED
106,309,0.0,0.857142857142857,0.9999999999999954,,4,KG_ONLY_ADDED
107,445,0.0,0.9381941874331419,0.9999999999999977,,7,KG_ONLY_ADDED
107,338,0.0,,0.9999999999999972,,0,KG_ONLY_ADDED
107,449,0.0,,0.9999999999999972,,0,KG_ONLY_ADDED
108,11,0.0,0.5,1.0,,4,KG_ONLY_ADDED
108,12,0.0,0.7242068243779013,1.0,,12,KG_ONLY_ADDED
108,15,0.0,0.6957010852370434,1.0,,16,KG_ONLY_ADDED
109,468,0.0,0.5452752542346465,0.9999999999999951,,32,KG_ONLY_ADDED
109,61,0.0,0.4163331998932266,0.9999999999999949,,97,KG_ONLY_ADDED
109,222,0.0,0.9525793444156805,0.9999999999999946,,6,KG_ONLY_ADDED
110,69,0.0,0.7745966692414834,0.9999999999999997,,10,KG_ONLY_ADDED
110,468,0.0,0.9428090415820635,0.9999999999999959,,6,KG_ONLY_ADDED
110,295,0.0,0.48418202613504197,0.9999999999999958,,13,KG_ONLY_ADDED
111,329,0.0,0.8520128672302585,1.0000000000000004,,12,KG_ONLY_ADDED
111,450,0.0,0.8807048459279794,1.0000000000000004,,7,KG_ONLY_ADDED
111,493,0.0,-0.3779644730092272,1.0000000000000004,,6,KG_ONLY_ADDED
112,160,0.0,0.50709255283711,0.9999999999999988,,10,KG_ONLY_ADDED
112,429,0.0,0.07490058862731383,0.9999999999999988,,32,KG_ONLY_ADDED
112,202,0.0,0.8944271909999159,0.9999999999999982,,8,KG_ONLY_ADDED
113,345,0.0,,1.0,,2,KG_ONLY_ADDED
113,389,0.0,,1.0,,2,KG_ONLY_ADDED
113,18,0.0,,0.9875156441452223,,2,KG_ONLY_ADDED
114,494,0.0,0.903696114115064,0.9999999999999962,,7,KG_ONLY_ADDED
114,314,0.0,0.5477225575051661,0.999999999999996,,19,KG_ONLY_ADDED
114,364,0.0,,0.9999999999999953,,2,KG_ONLY_ADDED
115,278,0.0,0.3751832396884335,1.0000000000000002,,30,KG_ONLY_ADDED
115,320,0.0,0.5773502691896258,1.0000000000000002,,3,KG_ONLY_ADDED
115,593,0.0,0.8498365855987975,1.0000000000000002,,11,KG_ONLY_ADDED
116,68,0.0,,0.9999999999999999,,2,KG_ONLY_ADDED
116,131,0.0,,0.9999999999999999,,0,KG_ONLY_ADDED
116,146,0.0,,0.9999999999999999,,1,KG_ONLY_ADDED
117,55,0.0,0.8017837257372731,0.9833139197431636,,4,KG_ONLY_ADDED
117,31,0.0,0.6396021490668313,0.9833139190975458,,8,KG_ONLY_ADDED
117,140,0.0,0.5533985905294664,0.9833139190975458,,14,KG_ONLY_ADDED
118,262,0.0,,1.0,,0,KG_ONLY_ADDED
118,103,0.0,,0.9999999999999981,,1,KG_ONLY_ADDED
118,560,0.0,,0.9999999999999974,,1,KG_ONLY_ADDED
119,11,0.0,,1.0,,0,KG_ONLY_ADDED
119,12,0.0,,1.0,,2,KG_ONLY_ADDED
119,15,0.0,1.0000000000000002,1.0,,3,KG_ONLY_ADDED
120,486,0.0,,0.985152881208155,,1,KG_ONLY_ADDED
120,604,0.0,,0.985152880477221,,2,KG_ONLY_ADDED
120,49,0.0,,0.9851528801461585,,2,KG_ONLY_ADDED
121,67,0.0,0.8693182879212227,1.0000000000000002,,13,KG_ONLY_ADDED
121,104,0.0,0.733358797622569,1.0000000000000002,,13,KG_ONLY_ADDED
121,350,0.0,0.7171371656006361,1.0000000000000002,,8,KG_ONLY_ADDED
122,11,0.0,-0.22645540682891918,1.0,,4,KG_ONLY_ADDED
122,12,0.0,0.9406401658278406,1.0,,13,KG_ONLY_ADDED
122,15,0.0,0.5499999999999999,1.0,,14,KG_ONLY_ADDED
123,654,0.0,0.6154574548966638,0.9999999999999962,,5,KG_ONLY_ADDED
123,231,0.0,0.6643638388299198,0.9999999999999959,,24,KG_ONLY_ADDED
123,38,0.0,,0.9999999999999953,,2,KG_ONLY_ADDED
124,285,0.0,,0.9999999999999977,,0,KG_ONLY_ADDED
124,292,0.0,0.8339078479367938,0.9999999999999977,,12,KG_ONLY_ADDED
124,343,0.0,0.9622504486493763,0.9999999999999977,,3,KG_ONLY_ADDED
125,11,0.0,,1.0,,1,KG_ONLY_ADDED
125,12,0.0,0.9525793444156805,1.0,,9,KG_ONLY_ADDED
125,15,0.0,0.9486832980505138,1.0,,5,KG_ONLY_ADDED
126,231,0.0,0.6456639979721241,0.9999999999999963,,33,KG_ONLY_ADDED
126,239,0.0,0.6183469424008424,0.999999999999995,,20,KG_ONLY_ADDED
126,365,0.0,0.27888667551135854,0.999999999999995,,21,KG_ONLY_ADDED
127,216,0.0,0.8017837257372732,1.0000000000000004,,5,KG_ONLY_ADDED
127,229,0.0,0.8164965809277259,1.0000000000000004,,3,KG_ONLY_ADDED
127,344,0.0,,1.0000000000000004,,0,KG_ONLY_ADDED
128,315,0.0,0.8845379626717033,0.9939179419685219,,6,KG_ONLY_ADDED
128,509,0.0,0.7337993857053429,0.9939179409517538,,4,KG_ONLY_ADDED
128,515,0.0,,0.9939179405367415,,2,KG_ONLY_ADDED
129,264,0.0,0.7745966692414834,0.9999999999999999,,5,KG_ONLY_ADDED
129,279,0.0,0.7071067811865475,0.9999999999999999,,5,KG_ONLY_ADDED
129,306,0.0,0.8164965809277259,0.9999999999999999,,5,KG_ONLY_ADDED
130,361,0.0,0.7653837971759038,0.9875987337308049,,20,KG_ONLY_ADDED
130,40,0.0,0.9486832980505138,0.9875987319550888,,5,KG_ONLY_ADDED
130,51,0.0,0.9428090415820635,0.9875987319550888,,3,KG_ONLY_ADDED
131,68,0.0,0.9428090415820635,0.9999999999999999,,3,KG_ONLY_ADDED
131,116,0.0,,0.9999999999999999,,0,KG_ONLY_ADDED
131,146,0.0,0.9486832980505138,0.9999999999999999,,5,KG_ONLY_ADDED
132,520,0.0,0.9428090415820635,0.9999999999999953,,3,KG_ONLY_ADDED
132,77,0.0,,0.9999999999999949,,1,KG_ONLY_ADDED
132,139,0.0,,0.9999999999999948,,1,KG_ONLY_ADDED
133,680,0.0,0.9438798074485389,0.9999999999999977,,5,KG_ONLY_ADDED
133,718,0.0,,0.9999999999999977,,1,KG_ONLY_ADDED
133,152,0.0,1.0000000000000002,0.9999999999999972,,3,KG_ONLY_ADDED
134,357,0.0,,0.9848725961826783,,2,KG_ONLY_ADDED
134,185,0.0,,0.9848725953913049,,2,KG_ONLY_ADDED
134,183,0.0,,0.9848725949840994,,1,KG_ONLY_ADDED
135,637,0.0,,1.0000000000000002,,2,KG_ONLY_ADDED
135,321,0.0,,0.9999999999999969,,1,KG_ONLY_ADDED
135,694,0.0,,0.9999999999999969,,1,KG_ONLY_ADDED
136,99,0.0,0.2683281572999747,0.9999999999999956,,10,KG_ONLY_ADDED
136,560,0.0,0.9281909617845143,0.9999999999999951,,11,KG_ONLY_ADDED
136,118,0.0,,0.9999999999999943,,0,KG_ONLY_ADDED
137,24,0.0,0.36232865092627065,0.9999999999999962,,37,KG_ONLY_ADDED
137,160,0.0,0.8616404368553293,0.999999999999996,,6,KG_ONLY_ADDED
137,249,0.0,0.5940885257860046,0.9999999999999957,,9,KG_ONLY_ADDED
138,11,0.0,-0.7844645405527361,1.0,,5,KG_ONLY_ADDED
138,12,0.0,0.7417853457582385,1.0,,29,KG_ONLY_ADDED
138,15,0.0,0.7399400733959437,1.0,,22,KG_ONLY_ADDED
139,40,0.0,,0.9999999999999981,,2,KG_ONLY_ADDED
139,51,0.0,,0.9999999999999981,,2,KG_ONLY_ADDED
139,299,0.0,,0.9999999999999981,,2,KG_ONLY_ADDED
140,31,0.0,0.6666666666666667,0.9999999999999998,,16,KG_ONLY_ADDED
140,269,0.0,0.8660254037844387,0.9999999999999998,,8,KG_ONLY_ADDED
140,354,0.0,0.8333333333333334,0.9999999999999998,,6,KG_ONLY_ADDED
141,331,0.0,,0.9876814237079984,,2,KG_ONLY_ADDED
141,711,0.0,0.9561828874675149,0.9876814220353352,,5,KG_ONLY_ADDED
141,31,0.0,0.7715167498104596,0.9845869175125336,,9,KG_ONLY_ADDED
142,322,0.0,0.8366600265340756,0.9999999999999936,,4,KG_ONLY_ADDED
142,477,0.0,,0.988336723429554,,2,KG_ONLY_ADDED
142,126,0.0,0.8386278693775346,0.9854116995907362,,8,KG_ONLY_ADDED
143,11,0.0,,1.0,,1,KG_ONLY_ADDED
143,12,0.0,0.9486832980505138,1.0,,4,KG_ONLY_ADDED
143,15,0.0,0.9428090415820635,1.0,,3,KG_ONLY_ADDED
144,377,0.0,-0.2834733547569204,0.9999999999999968,,5,KG_ONLY_ADDED
144,702,0.0,,0.999999999999996,,1,KG_ONLY_ADDED
144,326,0.0,0.5773502691896258,0.9999999999999958,,5,KG_ONLY_ADDED
145,311,0.0,,0.9999999999999972,,1,KG_ONLY_ADDED
145,452,0.0,0.8618575020903775,0.9999999999999963,,12,KG_ONLY_ADDED
145,373,0.0,0.9622504486493763,0.9848572525935226,,3,KG_ONLY_ADDED
146,68,0.0,,0.9999999999999999,,2,KG_ONLY_ADDED
146,116,0.0,,0.9999999999999999,,1,KG_ONLY_ADDED
146,131,0.0,0.9486832980505138,0.9999999999999999,,5,KG_ONLY_ADDED
147,85,0.0,0.5544369932703277,1.0000000000000002,,16,KG_ONLY_ADDED
147,209,0.0,,1.0000000000000002,,0,KG_ONLY_ADDED
147,245,0.0,0.2519763153394848,1.0000000000000002,,6,KG_ONLY_ADDED
148,215,0.0,,1.0,,2,KG_ONLY_ADDED
148,220,0.0,,1.0,,1,KG_ONLY_ADDED
148,412,0.0,,1.0,,1,KG_ONLY_ADDED
149,559,0.0,0.8333333333333334,0.9999999999999968,,6,KG_ONLY_ADDED
149,443,0.0,0.046423834544262965,0.9848554945002033,,20,KG_ONLY_ADDED
149,681,0.0,0.9622504486493764,0.9819555248907871,,6,KG_ONLY_ADDED
150,235,0.0,0.5976143046671968,1.0000000000000002,,13,KG_ONLY_ADDED
150,268,0.0,,1.0000000000000002,,5,KG_ONLY_ADDED
150,352,0.0,,1.0000000000000002,,1,KG_ONLY_ADDED
151,11,0.0,,1.0,,1,KG_ONLY_ADDED
151,12,0.0,0.9622504486493763,1.0,,6,KG_ONLY_ADDED
151,15,0.0,0.9428090415820635,1.0,,3,KG_ONLY_ADDED
152,158,0.0,,1.0000000000000002,,2,KG_ONLY_ADDED
152,193,0.0,,1.0000000000000002,,2,KG_ONLY_ADDED
152,207,0.0,,1.0000000000000002,,0,KG_ONLY_ADDED
153,102,0.0,0.6135719910778963,1.0000000000000007,,9,KG_ONLY_ADDED
153,199,0.0,,1.0000000000000007,,0,KG_ONLY_ADDED
153,340,0.0,,1.0000000000000007,,0,KG_ONLY_ADDED
154,505,0.0,0.9486832980505138,0.9999999999999982,,4,KG_ONLY_ADDED
154,312,0.0,,0.9999999999999979,,2,KG_ONLY_ADDED
154,631,0.0,,0.9999999999999973,,1,KG_ONLY_ADDED
155,36,0.0,0.4557327151876499,0.9999999999999983,,15,KG_ONLY_ADDED
155,84,0.0,-0.9999999999999998,0.9999999999999983,,5,KG_ONLY_ADDED
155,92,0.0,0.8944271909999159,0.9999999999999983,,11,KG_ONLY_ADDED
156,351,0.0,,1.0,,8,KG_ONLY_ADDED
156,707,0.0,0.8860856623427403,1.0,,28,KG_ONLY_ADDED
156,392,0.0,0.9237604307034011,0.9999999999999986,,6,KG_ONLY_ADDED
157,11,0.0,,1.0,,1,KG_ONLY_ADDED
157,12,0.0,0.9431191251430151,1.0,,7,KG_ONLY_ADDED
157,15,0.0,0.8432740427115678,1.0,,7,KG_ONLY_ADDED
158,152,0.0,,1.0000000000000002,,2,KG_ONLY_ADDED
158,193,0.0,,1.0000000000000002,,2,KG_ONLY_ADDED
158,207,0.0,,1.0000000000000002,,1,KG_ONLY_ADDED
159,41,0.0,1.0000000000000002,0.9999999999999999,,3,KG_ONLY_ADDED
159,192,0.0,0.7844645405527361,0.9999999999999999,,4,KG_ONLY_ADDED
159,395,0.0,0.7071067811865475,0.9999999999999999,,3,KG_ONLY_ADDED
160,112,0.0,0.50709255283711,0.9999999999999988,,10,KG_ONLY_ADDED
160,392,0.0,0.8451542547285165,0.9999999999999986,,7,KG_ONLY_ADDED
160,429,0.0,0.9534625892455924,0.9999999999999984,,11,KG_ONLY_ADDED
161,239,0.0,,0.9999999999999963,,2,KG_ONLY_ADDED
161,365,0.0,0.9999999999999998,0.9999999999999963,,5,KG_ONLY_ADDED
161,388,0.0,0.8164965809277261,0.9999999999999963,,4,KG_ONLY_ADDED
162,477,0.0,0.903696114115064,0.9832875325799039,,7,KG_ONLY_ADDED
162,145,0.0,0.7999999999999999,0.9811691175904125,,12,KG_ONLY_ADDED
162,452,0.0,0.9561828874675149,0.9811691162424162,,7,KG_ONLY_ADDED
163,458,0.0,0.46767710248334665,0.9999999999999928,,32,KG_ONLY_ADDED
163,471,0.0,-0.04499212706658476,0.9999999999999923,,17,KG_ONLY_ADDED
163,169,0.0,0.5530100413375021,0.9999999999999912,,39,KG_ONLY_ADDED
164,514,0.0,,0.9877892249546099,,1,KG_ONLY_ADDED
164,87,0.0,1.0000000000000002,0.987789223992562,,3,KG_ONLY_ADDED
164,377,0.0,,0.9877892239338515,,1,KG_ONLY_ADDED
165,11,0.0,,1.0,,0,KG_ONLY_ADDED
165,12,0.0,0.5962847939999439,1.0,,6,KG_ONLY_ADDED
165,15,0.0,0.7071067811865475,1.0,,8,KG_ONLY_ADDED
166,82,0.0,0.7711356597650746,0.9999999999999953,,19,KG_ONLY_ADDED
166,376,0.0,0.9116846116771036,0.9999999999999934,,8,KG_ONLY_ADDED
166,536,0.0,0.7877263614433762,0.9923914765626514,,17,KG_ONLY_ADDED
167,424,0.0,0.944911182523068,0.9999999999999978,,7,KG_ONLY_ADDED
167,457,0.0,0.9074852129730302,0.9999999999999978,,8,KG_ONLY_ADDED
167,67,0.0,0.8864052604279183,0.9999999999999967,,5,KG_ONLY_ADDED
168,456,0.0,,1.0000000000000002,,2,KG_ONLY_ADDED
168,333,0.0,,0.9999999999999994,,1,KG_ONLY_ADDED
168,239,0.0,1.0,0.9999999999999974,,4,KG_ONLY_ADDED
169,458,0.0,0.6629699999089105,0.9999999999999966,,112,KG_ONLY_ADDED
169,438,0.0,0.1846372364689991,0.9999999999999954,,10,KG_ONLY_ADDED
169,241,0.0,0.3966281376000721,0.9999999999999951,,86,KG_ONLY_ADDED
170,595,0.0,0.7423218080230882,0.9999999999999982,,22,KG_ONLY_ADDED
170,46,0.0,0.9999999999999999,0.9999999999999966,,7,KG_ONLY_ADDED
170,327,0.0,0.7671412823766146,0.9999999999999966,,22,KG_ONLY_ADDED
171,11,0.0,,1.0,,0,KG_ONLY_ADDED
171,12,0.0,0.8728715609439696,1.0,,4,KG_ONLY_ADDED
171,15,0.0,0.8164965809277259,1.0,,3,KG_ONLY_ADDED
172,74,0.0,,0.9999999999999999,,2,KG_ONLY_ADDED
172,393,0.0,0.36155076303109357,0.999999999999996,,30,KG_ONLY_ADDED
172,319,0.0,0.816496580927726,0.9999999999999956,,9,KG_ONLY_ADDED
173,266,0.0,0.8846783746414657,0.9999999999999918,,26,KG_ONLY_ADDED
173,39,0.0,0.6315789473684209,0.9979692293299073,,14,KG_ONLY_ADDED
173,638,0.0,,0.9979692293280702,,2,KG_ONLY_ADDED
174,202,0.0,0.9486832980505138,0.999999999999999,,5,KG_ONLY_ADDED
174,529,0.0,0.9600014517991345,0.999999999999999,,11,KG_ONLY_ADDED
174,578,0.0,0.9380831519646858,0.999999999999999,,14,KG_ONLY_ADDED
175,95,0.0,0.37509688670876046,1.0,,13,KG_ONLY_ADDED
175,247,0.0,0.0,0.9999999999999974,,5,KG_ONLY_ADDED
175,396,0.0,0.5999999999999999,0.9999999999999974,,5,KG_ONLY_ADDED
176,36,0.0,0.9999999999999998,1.0000000000000002,,6,KG_ONLY_ADDED
176,84,0.0,,1.0000000000000002,,0,KG_ONLY_ADDED
176,92,0.0,0.6666666666666667,1.0000000000000002,,6,KG_ONLY_ADDED
177,11,0.0,,1.0,,0,KG_ONLY_ADDED
177,12,0.0,0.8528028654224417,1.0,,5,KG_ONLY_ADDED
177,15,0.0,,1.0,,2,KG_ONLY_ADDED
178,32,0.0,0.8888888888888888,0.9818856869677577,,6,KG_ONLY_ADDED
178,260,0.0,0.9999999999999998,0.9818856869677577,,5,KG_ONLY_ADDED
178,378,0.0,0.9258200997725516,0.9818856869677577,,15,KG_ONLY_ADDED
179,404,0.0,,0.9908591320857414,,2,KG_ONLY_ADDED
179,599,0.0,0.753778361444409,0.9908591305245708,,7,KG_ONLY_ADDED
179,679,0.0,,0.9908591305245708,,1,KG_ONLY_ADDED
180,93,0.0,,0.9999999999999993,,0,KG_ONLY_ADDED
180,709,0.0,,0.9999999999999986,,1,KG_ONLY_ADDED
180,545,0.0,,0.9999999999999977,,1,KG_ONLY_ADDED
181,372,0.0,0.5991712703227052,1.0,,14,KG_ONLY_ADDED
181,33,0.0,0.5897678246195885,0.9949151584916016,,14,KG_ONLY_ADDED
181,548,0.0,0.45818979495265694,0.9936549654187727,,20,KG_ONLY_ADDED
182,203,0.0,0.1956463952178074,0.9999999999999956,,22,KG_ONLY_ADDED
182,599,0.0,0.6859943405700353,0.9999999999999951,,6,KG_ONLY_ADDED
182,679,0.0,0.8911327886790069,0.9999999999999951,,6,KG_ONLY_ADDED
183,428,0.0,1.0,0.9999999999999999,,4,KG_ONLY_ADDED
183,35,0.0,0.8944271909999159,0.9999999999999982,,5,KG_ONLY_ADDED
183,42,0.0,0.9309493362512627,0.9999999999999982,,10,KG_ONLY_ADDED
184,105,0.0,0.9544271444636666,0.9999999999999984,,7,KG_ONLY_ADDED
184,22,0.0,,0.9999999999999973,,0,KG_ONLY_ADDED
184,436,0.0,,0.9999999999999973,,0,KG_ONLY_ADDED
185,183,0.0,0.7071067811865475,0.999999999999998,,3,KG_ONLY_ADDED
185,428,0.0,,0.999999999999998,,0,KG_ONLY_ADDED
185,357,0.0,,0.9999999999999978,,1,KG_ONLY_ADDED
186,307,0.0,0.6761234037828132,0.999999999999996,,10,KG_ONLY_ADDED
186,211,0.0,0.33333333333333337,0.9999999999999956,,3,KG_ONLY_ADDED
186,25,0.0,0.9999999999999998,0.9999999999999951,,5,KG_ONLY_ADDED
187,75,0.0,,0.9807309343727566,,1,KG_ONLY_ADDED
187,256,0.0,-0.8249579113843053,0.9807309332433332,,8,KG_ONLY_ADDED
187,472,0.0,-0.35355339059327373,0.9807309329622194,,8,KG_ONLY_ADDED
188,512,0.0,,0.9944846984846938,,0,KG_ONLY_ADDED
188,548,0.0,0.9141379262169076,0.9938959769283328,,16,KG_ONLY_ADDED
188,182,0.0,0.78742598543589,0.9931026456414476,,20,KG_ONLY_ADDED
189,190,0.0,,0.9999999999999989,,2,KG_ONLY_ADDED
189,218,0.0,,0.994045265874627,,0,KG_ONLY_ADDED
189,68,0.0,,0.9932010012820547,,2,KG_ONLY_ADDED
190,189,0.0,,0.9999999999999989,,2,KG_ONLY_ADDED
190,218,0.0,,0.9940452658827563,,0,KG_ONLY_ADDED
190,68,0.0,,0.9932010008006497,,2,KG_ONLY_ADDED
191,124,0.0,1.0000000000000002,0.9999999999999932,,3,KG_ONLY_ADDED
191,285,0.0,,0.9999999999999931,,1,KG_ONLY_ADDED
191,292,0.0,1.0,0.9999999999999931,,4,KG_ONLY_ADDED
192,41,0.0,0.8164965809277259,0.9999999999999999,,3,KG_ONLY_ADDED
192,159,0.0,0.7844645405527361,0.9999999999999999,,4,KG_ONLY_ADDED
192,395,0.0,1.0,0.9999999999999999,,5,KG_ONLY_ADDED
193,152,0.0,,1.0000000000000002,,2,KG_ONLY_ADDED
193,158,0.0,,1.0000000000000002,,2,KG_ONLY_ADDED
193,207,0.0,,1.0000000000000002,,2,KG_ONLY_ADDED
194,11,0.0,-0.9999999999999998,1.0,,3,KG_ONLY_ADDED
194,12,0.0,0.9346851681910674,1.0,,20,KG_ONLY_ADDED
194,15,0.0,0.3733643283161719,1.0,,19,KG_ONLY_ADDED
195,164,0.0,,0.9841539787744747,,2,KG_ONLY_ADDED
195,311,0.0,,0.9791655860728218,,1,KG_ONLY_ADDED
195,145,0.0,0.7071067811865476,0.9791655851713217,,7,KG_ONLY_ADDED
196,68,0.0,0.9428090415820635,0.9999999999999999,,3,KG_ONLY_ADDED
196,116,0.0,,0.9999999999999999,,0,KG_ONLY_ADDED
196,131,0.0,1.0000000000000002,0.9999999999999999,,3,KG_ONLY_ADDED
197,8,0.0,0.8528028654224417,1.0,,10,KG_ONLY_ADDED
197,9,0.0,0.8763560920082657,1.0,,12,KG_ONLY_ADDED
197,11,0.0,-0.8140915784106942,1.0,,6,KG_ONLY_ADDED
198,49,0.0,,1.0000000000000002,,2,KG_ONLY_ADDED
198,271,0.0,0.7071067811865475,1.0000000000000002,,4,KG_ONLY_ADDED
198,293,0.0,-0.6324555320336759,1.0000000000000002,,5,KG_ONLY_ADDED
199,102,0.0,,1.0000000000000007,,0,KG_ONLY_ADDED
199,153,0.0,,1.0000000000000007,,0,KG_ONLY_ADDED
199,340,0.0,,1.0000000000000007,,0,KG_ONLY_ADDED
200,277,0.0,,0.9999999999999972,,0,KG_ONLY_ADDED
200,241,0.0,0.8713298378194733,0.9999999999999964,,22,KG_ONLY_ADDED
200,309,0.0,0.8587538611150074,0.9999999999999964,,11,KG_ONLY_ADDED
201,11,0.0,,1.0,,0,KG_ONLY_ADDED
201,12,0.0,,1.0,,2,KG_ONLY_ADDED
201,15,0.0,,1.0,,1,KG_ONLY_ADDED
202,529,0.0,0.9827076298239908,0.9999999999999996,,7,KG_ONLY_ADDED
202,578,0.0,0.9434563530497265,0.9999999999999996,,7,KG_ONLY_ADDED
202,606,0.0,0.9707253433941511,0.9999999999999996,,4,KG_ONLY_ADDED
203,599,0.0,0.21320071635561041,0.9999999999999974,,9,KG_ONLY_ADDED
203,679,0.0,0.6324555320336759,0.9999999999999974,,6,KG_ONLY_ADDED
203,182,0.0,0.1956463952178074,0.9999999999999956,,22,KG_ONLY_ADDED
205,349,0.0,,1.0000000000000004,,1,KG_ONLY_ADDED
205,406,0.0,0.18333969940564224,0.999999999999997,,13,KG_ONLY_ADDED
205,14,0.0,0.33333333333333337,0.9999999999999966,,3,KG_ONLY_ADDED
206,11,0.0,0.5773502691896258,1.0,,3,KG_ONLY_ADDED
206,12,0.0,0.9438798074485388,1.0,,7,KG_ONLY_ADDED
206,15,0.0,0.9438798074485389,1.0,,5,KG_ONLY_ADDED
207,152,0.0,,1.0000000000000002,,0,KG_ONLY_ADDED
207,158,0.0,,1.0000000000000002,,1,KG_ONLY_ADDED
207,193,0.0,,1.0000000000000002,,2,KG_ONLY_ADDED
208,101,0.0,0.7071067811865475,0.9999999999999959,,3,KG_ONLY_ADDED
208,317,0.0,,0.9999999999999953,,1,KG_ONLY_ADDED
208,213,0.0,0.9428090415820635,0.9999999999999949,,3,KG_ONLY_ADDED
209,85,0.0,,1.0000000000000002,,2,KG_ONLY_ADDED
209,147,0.0,,1.0000000000000002,,0,KG_ONLY_ADDED
209,245,0.0,0.5773502691896258,1.0000000000000002,,3,KG_ONLY_ADDED
210,484,0.0,,0.9999999999999999,,2,KG_ONLY_ADDED
210,148,0.0,,0.9999999999999983,,0,KG_ONLY_ADDED
210,215,0.0,,0.9999999999999983,,0,KG_ONLY_ADDED
211,307,0.0,0.8660254037844387,0.9999999999999958,,4,KG_ONLY_ADDED
211,186,0.0,0.33333333333333337,0.9999999999999956,,3,KG_ONLY_ADDED
211,127,0.0,,0.9999999999999951,,2,KG_ONLY_ADDED
212,68,0.0,0.9460998335825321,0.9999999999999999,,8,KG_ONLY_ADDED
212,116,0.0,0.8006407690254358,0.9999999999999999,,4,KG_ONLY_ADDED
212,131,0.0,0.9438798074485389,0.9999999999999999,,5,KG_ONLY_ADDED
213,415,0.0,0.9574271077563381,0.9999999999999993,,12,KG_ONLY_ADDED
213,678,0.0,,0.9999999999999993,,1,KG_ONLY_ADDED
213,348,0.0,,0.9999999999999978,,0,KG_ONLY_ADDED
214,65,0.0,0.5520524474738833,0.999999999999992,,85,KG_ONLY_ADDED
214,114,0.0,0.7888106377466154,0.9999999999999918,,24,KG_ONLY_ADDED
214,461,0.0,0.6405126152203486,0.9999999999999917,,13,KG_ONLY_ADDED
215,148,0.0,,1.0,,2,KG_ONLY_ADDED
215,220,0.0,,1.0,,0,KG_ONLY_ADDED
215,412,0.0,,1.0,,0,KG_ONLY_ADDED
216,127,0.0,0.8017837257372732,1.0000000000000004,,5,KG_ONLY_ADDED
216,229,0.0,0.8783100656536798,1.0000000000000004,,7,KG_ONLY_ADDED
216,344,0.0,,1.0000000000000004,,0,KG_ONLY_ADDED
217,11,0.0,-0.5773502691896257,1.0,,4,KG_ONLY_ADDED
217,12,0.0,0.9335200560186733,1.0,,12,KG_ONLY_ADDED
217,15,0.0,0.8728715609439696,1.0,,15,KG_ONLY_ADDED
218,286,0.0,0.944911182523068,0.9973425664244593,,7,KG_ONLY_ADDED
218,33,0.0,1.0000000000000002,0.9948317099635149,,3,KG_ONLY_ADDED
218,643,0.0,0.9999999999999998,0.9942151901383441,,5,KG_ONLY_ADDED
219,132,0.0,0.7592566023652966,0.9999999999999941,,5,KG_ONLY_ADDED
219,77,0.0,,0.999999999999994,,2,KG_ONLY_ADDED
219,520,0.0,0.2656844656620286,0.999999999999994,,14,KG_ONLY_ADDED
220,148,0.0,,1.0,,1,KG_ONLY_ADDED
220,215,0.0,,1.0,,0,KG_ONLY_ADDED
220,412,0.0,,1.0,,0,KG_ONLY_ADDED
221,210,0.0,,0.9827073369854314,,2,KG_ONLY_ADDED
221,484,0.0,0.7302967433402214,0.9827073369854314,,4,KG_ONLY_ADDED
221,148,0.0,0.0,0.9827073367353174,,3,KG_ONLY_ADDED
222,69,0.0,0.7302967433402214,0.9999999999999949,,10,KG_ONLY_ADDED
222,110,0.0,1.0000000000000002,0.9999999999999949,,6,KG_ONLY_ADDED
222,468,0.0,0.9486832980505138,0.9999999999999947,,5,KG_ONLY_ADDED
223,326,0.0,-0.1307440900921227,0.9999999999999962,,14,KG_ONLY_ADDED
223,702,0.0,,0.9999999999999954,,1,KG_ONLY_ADDED
223,467,0.0,0.9128709291752769,0.9999999999999953,,4,KG_ONLY_ADDED
224,375,0.0,0.5940885257860046,0.9999999999999977,,16,KG_ONLY_ADDED
224,36,0.0,0.6614378277661476,0.9999999999999974,,15,KG_ONLY_ADDED
224,84,0.0,-0.5773502691896258,0.9999999999999974,,3,KG_ONLY_ADDED
225,504,0.0,0.9428090415820635,1.0000000000000007,,3,KG_ONLY_ADDED
225,687,0.0,,1.0000000000000007,,1,KG_ONLY_ADDED
225,111,0.0,0.9525793444156805,0.9999999999999987,,6,KG_ONLY_ADDED
226,282,0.0,,0.9999999999999961,,2,KG_ONLY_ADDED
226,416,0.0,0.7835507575310392,0.9999999999999961,,23,KG_ONLY_ADDED
226,565,0.0,0.6931032800836721,0.9999999999999961,,14,KG_ONLY_ADDED
227,338,0.0,,0.999999999999998,,0,KG_ONLY_ADDED
227,449,0.0,,0.999999999999998,,1,KG_ONLY_ADDED
227,445,0.0,0.8432740427115678,0.9999999999999972,,7,KG_ONLY_ADDED
228,252,0.0,0.8333333333333334,0.9898000079349817,,4,KG_ONLY_ADDED
228,189,0.0,,0.9829231392660556,,1,KG_ONLY_ADDED
228,190,0.0,,0.9829231386340438,,2,KG_ONLY_ADDED
229,127,0.0,0.8164965809277259,1.0000000000000004,,3,KG_ONLY_ADDED
229,216,0.0,0.8783100656536798,1.0000000000000004,,7,KG_ONLY_ADDED
229,344,0.0,,1.0000000000000004,,2,KG_ONLY_ADDED
230,213,0.0,0.5222329678670935,0.9999999999999948,,11,KG_ONLY_ADDED
230,415,0.0,0.6112159239257248,0.9999999999999948,,36,KG_ONLY_ADDED
230,678,0.0,0.7637626158259734,0.9999999999999948,,6,KG_ONLY_ADDED
231,654,0.0,0.6666666666666667,0.9999999999999977,,6,KG_ONLY_ADDED
231,239,0.0,0.502518907629606,0.9999999999999971,,16,KG_ONLY_ADDED
231,365,0.0,0.32539568672798425,0.9999999999999971,,17,KG_ONLY_ADDED
232,40,0.0,,0.9999999999999984,,0,KG_ONLY_ADDED
232,51,0.0,,0.9999999999999984,,0,KG_ONLY_ADDED
232,71,0.0,,0.9999999999999984,,0,KG_ONLY_ADDED
233,11,0.0,,1.0,,3,KG_ONLY_ADDED
233,12,0.0,-0.5930802526189113,1.0,,13,KG_ONLY_ADDED
233,15,0.0,-0.4999999999999999,1.0,,5,KG_ONLY_ADDED
234,698,0.0,0.7302967433402214,0.9999999999999954,,5,KG_ONLY_ADDED
234,267,0.0,0.9128709291752769,0.9999999999999953,,6,KG_ONLY_ADDED
234,633,0.0,0.9166666666666669,0.9859174574943805,,11,KG_ONLY_ADDED
235,150,0.0,0.5976143046671968,1.0000000000000002,,13,KG_ONLY_ADDED
235,268,0.0,0.9622504486493764,1.0000000000000002,,6,KG_ONLY_ADDED
235,352,0.0,,1.0000000000000002,,1,KG_ONLY_ADDED
236,11,0.0,,1.0,,2,KG_ONLY_ADDED
236,12,0.0,0.6537204504606134,1.0,,11,KG_ONLY_ADDED
236,15,0.0,0.7637626158259734,1.0,,9,KG_ONLY_ADDED
237,377,0.0,0.1889822365046136,0.9999999999999952,,5,KG_ONLY_ADDED
237,467,0.0,0.9091372900969896,0.9999999999999951,,8,KG_ONLY_ADDED
237,702,0.0,,0.9999999999999948,,1,KG_ONLY_ADDED
238,11,0.0,0.3333333333333333,1.0,,3,KG_ONLY_ADDED
238,12,0.0,0.363696483726654,1.0,,9,KG_ONLY_ADDED
238,15,0.0,0.35355339059327373,1.0,,8,KG_ONLY_ADDED
239,365,0.0,0.74535599249993,1.0,,10,KG_ONLY_ADDED
239,388,0.0,0.5962847939999439,1.0,,18,KG_ONLY_ADDED
239,492,0.0,0.9506541513652698,1.0,,11,KG_ONLY_ADDED
240,400,0.0,1.0,0.9999999999999981,,4,KG_ONLY_ADDED
240,439,0.0,,0.9999999999999977,,2,KG_ONLY_ADDED
240,41,0.0,,0.9999999999999976,,2,KG_ONLY_ADDED
241,309,0.0,0.8624575450871764,1.0,,32,KG_ONLY_ADDED
241,458,0.0,0.42496707510744064,0.9999999999999974,,74,KG_ONLY_ADDED
241,46,0.0,0.9622504486493764,0.9999999999999971,,6,KG_ONLY_ADDED
242,27,0.0,,0.9999999999999984,,2,KG_ONLY_ADDED
242,86,0.0,,0.9999999999999984,,2,KG_ONLY_ADDED
242,397,0.0,,0.9999999999999984,,0,KG_ONLY_ADDED
243,398,0.0,0.8660254037844387,0.9999999999999977,,4,KG_ONLY_ADDED
243,509,0.0,0.882522608121828,0.9999999999999973,,10,KG_ONLY_ADDED
243,515,0.0,0.7559289460184544,0.9999999999999967,,8,KG_ONLY_ADDED
244,316,0.0,0.5170876899950192,0.9999999999999959,,17,KG_ONLY_ADDED
244,444,0.0,0.766825781116149,0.9999999999999952,,20,KG_ONLY_ADDED
244,50,0.0,0.8366600265340756,0.999999999999995,,4,KG_ONLY_ADDED
245,85,0.0,0.75,1.0000000000000002,,7,KG_ONLY_ADDED
245,147,0.0,0.2519763153394848,1.0000000000000002,,6,KG_ONLY_ADDED
245,209,0.0,0.5773502691896258,1.0000000000000002,,3,KG_ONLY_ADDED
246,152,0.0,0.8574929257125441,1.0000000000000002,,5,KG_ONLY_ADDED
246,158,0.0,0.9594032236002469,1.0000000000000002,,7,KG_ONLY_ADDED
246,193,0.0,0.6864064729836442,1.0000000000000002,,8,KG_ONLY_ADDED
247,396,0.0,,1.0000000000000002,,0,KG_ONLY_ADDED
247,408,0.0,-0.2182178902359924,1.0000000000000002,,7,KG_ONLY_ADDED
247,527,0.0,,1.0000000000000002,,0,KG_ONLY_ADDED
248,590,0.0,0.9128709291752769,1.0000000000000002,,4,KG_ONLY_ADDED
248,422,0.0,0.9525793444156805,0.9999999999999982,,3,KG_ONLY_ADDED
248,44,0.0,0.5477225575051661,0.999999999999998,,3,KG_ONLY_ADDED
249,24,0.0,0.6928203230275508,0.9999999999999968,,18,KG_ONLY_ADDED
249,160,0.0,1.0000000000000002,0.9999999999999964,,6,KG_ONLY_ADDED
249,202,0.0,1.0,0.9999999999999963,,4,KG_ONLY_ADDED
250,174,0.0,0.7378647873726218,0.9999999999999984,,7,KG_ONLY_ADDED
250,26,0.0,0.903696114115064,0.9999999999999983,,7,KG_ONLY_ADDED
250,47,0.0,0.5752237416355278,0.9999999999999983,,23,KG_ONLY_ADDED
251,11,0.0,,1.0,,1,KG_ONLY_ADDED
251,12,0.0,0.9438798074485389,1.0,,5,KG_ONLY_ADDED
251,15,0.0,0.9737289911202953,1.0,,18,KG_ONLY_ADDED
252,709,0.0,0.7348469228349533,0.9926368718540599,,6,KG_ONLY_ADDED
252,93,0.0,0.6614378277661476,0.992636871064696,,7,KG_ONLY_ADDED
252,180,0.0,,0.992636871064696,,2,KG_ONLY_ADDED
253,11,0.0,,1.0,,1,KG_ONLY_ADDED
253,12,0.0,0.9820927516479827,1.0,,12,KG_ONLY_ADDED
253,15,0.0,0.9434563530497265,1.0,,7,KG_ONLY_ADDED
254,28,0.0,,0.9821175089343369,,1,KG_ONLY_ADDED
254,81,0.0,0.7559289460184544,0.9821175089343369,,7,KG_ONLY_ADDED
254,328,0.0,,0.9821175089343369,,1,KG_ONLY_ADDED
255,702,0.0,,0.9999999999999976,,2,KG_ONLY_ADDED
255,467,0.0,0.882522608121828,0.9999999999999972,,8,KG_ONLY_ADDED
255,326,0.0,0.7175473098524098,0.9999999999999967,,21,KG_ONLY_ADDED
256,472,0.0,0.5345224838248488,0.9999999999999973,,19,KG_ONLY_ADDED
256,75,0.0,0.9428090415820635,0.9999999999999972,,3,KG_ONLY_ADDED
256,468,0.0,0.847579379526013,0.9919144792255078,,24,KG_ONLY_ADDED
257,11,0.0,,1.0,,0,KG_ONLY_ADDED
257,12,0.0,0.9622504486493763,1.0,,6,KG_ONLY_ADDED
257,15,0.0,0.9434563530497265,1.0,,7,KG_ONLY_ADDED
258,477,0.0,0.76271276980969,0.989927293004045,,17,KG_ONLY_ADDED
258,113,0.0,0.7453559924999299,0.9803233574868003,,8,KG_ONLY_ADDED
258,345,0.0,1.0,0.9803233574868003,,4,KG_ONLY_ADDED
259,463,0.0,0.944911182523068,0.9999999999999951,,4,KG_ONLY_ADDED
259,360,0.0,0.808290376865476,0.9999999999999944,,6,KG_ONLY_ADDED
259,494,0.0,1.0000000000000002,0.9999999999999941,,3,KG_ONLY_ADDED
260,32,0.0,,0.9999999999999999,,1,KG_ONLY_ADDED
260,378,0.0,0.9438798074485389,0.9999999999999999,,5,KG_ONLY_ADDED
260,379,0.0,0.9274260335029677,0.9999999999999999,,16,KG_ONLY_ADDED
262,118,0.0,,1.0,,0,KG_ONLY_ADDED
262,103,0.0,0.6986956960477685,0.9999999999999981,,39,KG_ONLY_ADDED
262,560,0.0,0.16984155512168939,0.9999999999999974,,12,KG_ONLY_ADDED
263,555,0.0,,0.9999999999999999,,1,KG_ONLY_ADDED
263,566,0.0,1.0000000000000002,0.9999999999999999,,3,KG_ONLY_ADDED
263,102,0.0,,0.9999999999999989,,2,KG_ONLY_ADDED
264,129,0.0,0.7745966692414834,0.9999999999999999,,5,KG_ONLY_ADDED
264,279,0.0,0.7905694150420948,0.9999999999999999,,8,KG_ONLY_ADDED
264,306,0.0,0.9999999999999998,0.9999999999999999,,5,KG_ONLY_ADDED
265,26,0.0,0.8864052604279183,0.9999999999999999,,12,KG_ONLY_ADDED
265,47,0.0,0.49377071987869403,0.9999999999999999,,52,KG_ONLY_ADDED
265,79,0.0,0.4562105641233377,0.9999999999999999,,47,KG_ONLY_ADDED
266,173,0.0,0.8846783746414657,0.9999999999999918,,26,KG_ONLY_ADDED
266,39,0.0,0.8362420100070908,0.9979692298313395,,17,KG_ONLY_ADDED
266,638,0.0,0.9999999999999999,0.9979692298295042,,7,KG_ONLY_ADDED
267,698,0.0,0.9428090415820635,0.9999999999999962,,3,KG_ONLY_ADDED
267,234,0.0,0.9128709291752769,0.9999999999999953,,6,KG_ONLY_ADDED
267,633,0.0,,0.9859174570069695,,2,KG_ONLY_ADDED
268,150,0.0,,1.0000000000000002,,5,KG_ONLY_ADDED
268,235,0.0,0.9622504486493764,1.0000000000000002,,6,KG_ONLY_ADDED
268,352,0.0,,1.0000000000000002,,0,KG_ONLY_ADDED
269,31,0.0,0.7071067811865475,0.9999999999999998,,4,KG_ONLY_ADDED
269,140,0.0,0.8660254037844387,0.9999999999999998,,8,KG_ONLY_ADDED
269,354,0.0,0.9428090415820635,0.9999999999999998,,3,KG_ONLY_ADDED
270,11,0.0,0.5,1.0,,4,KG_ONLY_ADDED
270,12,0.0,0.8486684247915055,1.0,,14,KG_ONLY_ADDED
270,15,0.0,0.7324670207647144,1.0,,12,KG_ONLY_ADDED
271,49,0.0,0.7999999999999998,1.0000000000000002,,6,KG_ONLY_ADDED
271,198,0.0,0.7071067811865475,1.0000000000000002,,4,KG_ONLY_ADDED
271,293,0.0,0.2886751345948129,1.0000000000000002,,4,KG_ONLY_ADDED
274,18,0.0,0.9486832980505138,0.9999999999999997,,4,KG_ONLY_ADDED
274,629,0.0,0.4472135954999579,0.9999999999999997,,3,KG_ONLY_ADDED
274,651,0.0,,0.9999999999999997,,0,KG_ONLY_ADDED
276,392,0.0,0.944911182523068,0.9999999999999977,,7,KG_ONLY_ADDED
276,156,0.0,0.8465114486249203,0.9999999999999968,,23,KG_ONLY_ADDED
276,351,0.0,0.2581988897471611,0.9999999999999968,,6,KG_ONLY_ADDED
277,46,0.0,,0.9999999999999974,,0,KG_ONLY_ADDED
277,327,0.0,,0.9999999999999974,,0,KG_ONLY_ADDED
277,455,0.0,,0.9999999999999974,,0,KG_ONLY_ADDED
278,115,0.0,0.3751832396884335,1.0000000000000002,,30,KG_ONLY_ADDED
278,320,0.0,0.7071067811865475,1.0000000000000002,,4,KG_ONLY_ADDED
278,593,0.0,0.7745966692414833,1.0000000000000002,,15,KG_ONLY_ADDED
279,129,0.0,0.7071067811865475,0.9999999999999999,,5,KG_ONLY_ADDED
279,264,0.0,0.7905694150420948,0.9999999999999999,,8,KG_ONLY_ADDED
279,306,0.0,1.0,0.9999999999999999,,4,KG_ONLY_ADDED
280,155,0.0,-0.06622661785325219,0.9999999999999972,,7,KG_ONLY_ADDED
280,224,0.0,0.674199862463242,0.999999999999997,,8,KG_ONLY_ADDED
280,366,0.0,0.7826237921249264,0.9999999999999969,,7,KG_ONLY_ADDED
281,32,0.0,0.9999999999999998,0.9999999999999971,,5,KG_ONLY_ADDED
281,260,0.0,1.0000000000000002,0.9999999999999971,,3,KG_ONLY_ADDED
281,378,0.0,0.9561828874675149,0.9999999999999971,,7,KG_ONLY_ADDED
282,416,0.0,,0.9999999999999998,,1,KG_ONLY_ADDED
282,565,0.0,,0.9999999999999998,,1,KG_ONLY_ADDED
282,591,0.0,,0.9999999999999998,,0,KG_ONLY_ADDED
283,712,0.0,1.0,0.9999999999999979,,4,KG_ONLY_ADDED
283,611,0.0,0.9999999999999998,0.9999999999999969,,10,KG_ONLY_ADDED
283,589,0.0,0.9583727150068314,0.988441468218197,,8,KG_ONLY_ADDED
284,11,0.0,-0.894427190999916,1.0,,6,KG_ONLY_ADDED
284,12,0.0,0.7493633116627259,1.0,,23,KG_ONLY_ADDED
284,15,0.0,0.6880624620561868,1.0,,23,KG_ONLY_ADDED
285,292,0.0,1.0000000000000002,1.0000000000000002,,3,KG_ONLY_ADDED
285,343,0.0,,1.0000000000000002,,1,KG_ONLY_ADDED
285,358,0.0,,1.0000000000000002,,2,KG_ONLY_ADDED
286,33,0.0,0.7082882469748284,0.9979523024873448,,19,KG_ONLY_ADDED
286,218,0.0,0.944911182523068,0.9973425664244593,,7,KG_ONLY_ADDED
286,643,0.0,0.9629629629629629,0.9943259621253595,,12,KG_ONLY_ADDED
287,85,0.0,0.9438798074485388,1.0000000000000002,,10,KG_ONLY_ADDED
287,147,0.0,0.7492686492653552,1.0000000000000002,,19,KG_ONLY_ADDED
287,209,0.0,1.0000000000000002,1.0000000000000002,,3,KG_ONLY_ADDED
288,305,0.0,1.0,0.9999999999999947,,5,KG_ONLY_ADDED
288,144,0.0,,0.9999999999999936,,1,KG_ONLY_ADDED
288,326,0.0,,0.9999999999999926,,4,KG_ONLY_ADDED
289,137,0.0,0.23870495801314429,0.9999999999999925,,36,KG_ONLY_ADDED
289,276,0.0,0.7198903546511335,0.9999999999999925,,28,KG_ONLY_ADDED
289,429,0.0,0.4966812608316212,0.9999999999999922,,128,KG_ONLY_ADDED
290,36,0.0,0.7977240352174656,1.0000000000000002,,8,KG_ONLY_ADDED
290,84,0.0,,1.0000000000000002,,0,KG_ONLY_ADDED
290,92,0.0,,1.0000000000000002,,2,KG_ONLY_ADDED
291,11,0.0,0.15075567228888181,1.0,,8,KG_ONLY_ADDED
291,12,0.0,0.30338993810845893,1.0,,17,KG_ONLY_ADDED
291,15,0.0,0.8436614877321075,1.0,,14,KG_ONLY_ADDED
292,285,0.0,1.0000000000000002,1.0000000000000002,,3,KG_ONLY_ADDED
292,343,0.0,0.7071067811865476,1.0000000000000002,,6,KG_ONLY_ADDED
292,358,0.0,0.8017837257372731,1.0000000000000002,,9,KG_ONLY_ADDED
293,49,0.0,0.8164965809277259,1.0000000000000002,,3,KG_ONLY_ADDED
293,198,0.0,-0.6324555320336759,1.0000000000000002,,5,KG_ONLY_ADDED
293,271,0.0,0.2886751345948129,1.0000000000000002,,4,KG_ONLY_ADDED
294,364,0.0,1.0000000000000002,0.9999999999999956,,3,KG_ONLY_ADDED
294,442,0.0,,0.9999999999999956,,2,KG_ONLY_ADDED
294,114,0.0,0.28603877677367767,0.999999999999995,,12,KG_ONLY_ADDED
295,69,0.0,0.25337550864012875,0.9999999999999958,,45,KG_ONLY_ADDED
295,110,0.0,0.48418202613504197,0.9999999999999958,,13,KG_ONLY_ADDED
295,310,0.0,0.5962847939999439,0.9999999999999956,,9,KG_ONLY_ADDED
296,11,0.0,,1.0,,1,KG_ONLY_ADDED
296,12,0.0,0.5773502691896258,1.0,,3,KG_ONLY_ADDED
296,15,0.0,,1.0,,2,KG_ONLY_ADDED
297,26,0.0,0.9999999999999998,0.9999999999999999,,5,KG_ONLY_ADDED
297,47,0.0,0.8280786712108251,0.9999999999999999,,11,KG_ONLY_ADDED
297,79,0.0,0.8153742483272114,0.9999999999999999,,10,KG_ONLY_ADDED
299,40,0.0,0.8164965809277259,1.0000000000000004,,5,KG_ONLY_ADDED
299,51,0.0,0.7453559924999299,1.0000000000000004,,5,KG_ONLY_ADDED
299,71,0.0,-0.0944911182523068,0.9999999999999992,,8,KG_ONLY_ADDED
300,514,0.0,,0.9999999999999968,,0,KG_ONLY_ADDED
300,255,0.0,,0.9999999999999954,,1,KG_ONLY_ADDED
300,87,0.0,,0.9999999999999947,,2,KG_ONLY_ADDED
301,9,0.0,,1.0,,2,KG_ONLY_ADDED
301,11,0.0,,1.0,,0,KG_ONLY_ADDED
301,12,0.0,0.8017837257372732,1.0,,5,KG_ONLY_ADDED
302,11,0.0,,1.0,,0,KG_ONLY_ADDED
302,12,0.0,0.8164965809277259,1.0,,3,KG_ONLY_ADDED
302,15,0.0,,1.0,,2,KG_ONLY_ADDED
303,111,0.0,0.9428090415820635,0.9999999999999976,,3,KG_ONLY_ADDED
303,329,0.0,,0.9999999999999976,,2,KG_ONLY_ADDED
303,450,0.0,,0.9999999999999976,,1,KG_ONLY_ADDED
304,49,0.0,-0.2182178902359924,1.0000000000000002,,6,KG_ONLY_ADDED
304,198,0.0,-0.5499719409228703,1.0000000000000002,,6,KG_ONLY_ADDED
304,271,0.0,-0.2886751345948129,1.0000000000000002,,5,KG_ONLY_ADDED
305,467,0.0,0.9383431168171101,0.9999999999999957,,11,KG_ONLY_ADDED
305,377,0.0,-0.6933752452815365,0.999999999999995,,4,KG_ONLY_ADDED
305,288,0.0,1.0,0.9999999999999947,,5,KG_ONLY_ADDED
306,129,0.0,0.8164965809277259,0.9999999999999999,,5,KG_ONLY_ADDED
306,264,0.0,0.9999999999999998,0.9999999999999999,,5,KG_ONLY_ADDED
306,279,0.0,1.0,0.9999999999999999,,4,KG_ONLY_ADDED
307,127,0.0,0.0,0.9999999999999969,,3,KG_ONLY_ADDED
307,216,0.0,-0.3273268353539886,0.9999999999999969,,8,KG_ONLY_ADDED
307,229,0.0,0.0,0.9999999999999969,,4,KG_ONLY_ADDED
308,11,0.0,-0.5773502691896257,1.0,,3,KG_ONLY_ADDED
308,12,0.0,0.9561828874675149,1.0,,5,KG_ONLY_ADDED
308,15,0.0,1.0000000000000002,1.0,,3,KG_ONLY_ADDED
309,241,0.0,0.8624575450871764,1.0,,32,KG_ONLY_ADDED
309,458,0.0,0.6216965298164535,0.9999999999999974,,26,KG_ONLY_ADDED
309,46,0.0,1.0000000000000002,0.9999999999999971,,3,KG_ONLY_ADDED
310,468,0.0,0.4472135954999579,0.999999999999996,,5,KG_ONLY_ADDED
310,69,0.0,,0.9999999999999958,,4,KG_ONLY_ADDED
310,110,0.0,,0.9999999999999958,,2,KG_ONLY_ADDED
311,145,0.0,,0.9999999999999972,,1,KG_ONLY_ADDED
311,452,0.0,,0.9999999999999962,,0,KG_ONLY_ADDED
311,373,0.0,,0.9848572536919045,,0,KG_ONLY_ADDED
312,154,0.0,,0.9999999999999979,,2,KG_ONLY_ADDED
312,631,0.0,0.8660254037844387,0.9999999999999979,,3,KG_ONLY_ADDED
312,718,0.0,,0.9999999999999973,,1,KG_ONLY_ADDED
313,68,0.0,,0.9999999999999999,,0,KG_ONLY_ADDED
313,116,0.0,,0.9999999999999999,,0,KG_ONLY_ADDED
313,131,0.0,,0.9999999999999999,,2,KG_ONLY_ADDED
314,114,0.0,0.5477225575051661,0.999999999999996,,19,KG_ONLY_ADDED
314,494,0.0,0.5659164584181103,0.9999999999999958,,6,KG_ONLY_ADDED
314,360,0.0,0.7882407813680822,0.9999999999999957,,11,KG_ONLY_ADDED
315,509,0.0,0.9759000729485332,0.9999999999999962,,18,KG_ONLY_ADDED
315,398,0.0,1.0000000000000002,0.9999999999999961,,6,KG_ONLY_ADDED
315,515,0.0,0.9245003270420487,0.9999999999999949,,10,KG_ONLY_ADDED
316,440,0.0,0.7624437362098716,0.9999999999999962,,12,KG_ONLY_ADDED
316,244,0.0,0.5170876899950192,0.9999999999999959,,17,KG_ONLY_ADDED
316,502,0.0,0.22360679774997896,0.9999999999999954,,10,KG_ONLY_ADDED
317,213,0.0,,0.9999999999999964,,2,KG_ONLY_ADDED
317,415,0.0,,0.9999999999999964,,2,KG_ONLY_ADDED
317,678,0.0,,0.9999999999999964,,1,KG_ONLY_ADDED
318,26,0.0,0.8728715609439696,0.9999999999999999,,6,KG_ONLY_ADDED
318,47,0.0,0.7893522173763263,0.9999999999999999,,13,KG_ONLY_ADDED
318,79,0.0,0.858395075278952,0.9999999999999999,,15,KG_ONLY_ADDED
319,393,0.0,0.9128709291752769,0.999999999999996,,8,KG_ONLY_ADDED
319,23,0.0,0.9438798074485389,0.9999999999999959,,5,KG_ONLY_ADDED
319,74,0.0,,0.9999999999999956,,1,KG_ONLY_ADDED
320,115,0.0,0.5773502691896258,1.0000000000000002,,3,KG_ONLY_ADDED
320,278,0.0,0.7071067811865475,1.0000000000000002,,4,KG_ONLY_ADDED
320,593,0.0,,1.0000000000000002,,0,KG_ONLY_ADDED
321,694,0.0,0.9622504486493763,1.0000000000000007,,3,KG_ONLY_ADDED
321,135,0.0,,0.9999999999999969,,1,KG_ONLY_ADDED
321,637,0.0,0.9428090415820635,0.9999999999999969,,3,KG_ONLY_ADDED
322,142,0.0,0.8366600265340756,0.9999999999999936,,4,KG_ONLY_ADDED
322,477,0.0,0.9428090415820635,0.9883367228601238,,3,KG_ONLY_ADDED
322,126,0.0,0.8864052604279183,0.9854116983024415,,5,KG_ONLY_ADDED
323,35,0.0,0.9428090415820635,1.0000000000000002,,3,KG_ONLY_ADDED
323,42,0.0,,1.0000000000000002,,2,KG_ONLY_ADDED
323,673,0.0,0.9999999999999998,1.0000000000000002,,5,KG_ONLY_ADDED
324,76,0.0,0.8999999999999998,1.0,,7,KG_ONLY_ADDED
324,695,0.0,,0.9999999999999986,,2,KG_ONLY_ADDED
324,720,0.0,0.8749999999999998,0.9999999999999974,,5,KG_ONLY_ADDED
325,26,0.0,0.7844645405527361,0.9999999999999999,,16,KG_ONLY_ADDED
325,47,0.0,0.4490558013280633,0.9999999999999999,,107,KG_ONLY_ADDED
325,79,0.0,0.4331363979808477,0.9999999999999999,,117,KG_ONLY_ADDED
326,702,0.0,0.5773502691896258,0.9999999999999981,,3,KG_ONLY_ADDED
326,377,0.0,0.2545139051903111,0.9999999999999977,,10,KG_ONLY_ADDED
326,467,0.0,0.5715476066494082,0.9999999999999971,,13,KG_ONLY_ADDED
327,46,0.0,0.7745966692414834,1.0000000000000002,,5,KG_ONLY_ADDED
327,475,0.0,0.6592685147442634,1.0000000000000002,,28,KG_ONLY_ADDED
327,519,0.0,0.7258661863112978,0.999999999999998,,18,KG_ONLY_ADDED
328,28,0.0,0.3826918985879519,0.9999999999999993,,18,KG_ONLY_ADDED
328,81,0.0,0.5000000000000001,0.9999999999999993,,9,KG_ONLY_ADDED
328,656,0.0,,0.9999999999999993,,0,KG_ONLY_ADDED
329,111,0.0,0.8520128672302585,1.0000000000000004,,12,KG_ONLY_ADDED
329,450,0.0,0.9192547197409877,1.0000000000000004,,15,KG_ONLY_ADDED
329,493,0.0,-0.5773502691896258,1.0000000000000004,,3,KG_ONLY_ADDED
330,11,0.0,,1.0,,0,KG_ONLY_ADDED
330,12,0.0,0.9354143466934853,1.0,,5,KG_ONLY_ADDED
330,15,0.0,0.8838834764831843,1.0,,5,KG_ONLY_ADDED
331,711,0.0,,0.9999999999999925,,0,KG_ONLY_ADDED
331,141,0.0,,0.9876814237079984,,2,KG_ONLY_ADDED
331,117,0.0,1.0000000000000002,0.9795659601508659,,3,KG_ONLY_ADDED
332,11,0.0,,1.0,,0,KG_ONLY_ADDED
332,12,0.0,0.10482848367219183,1.0,,7,KG_ONLY_ADDED
332,15,0.0,0.19999999999999996,1.0,,5,KG_ONLY_ADDED
333,168,0.0,,0.9999999999999994,,1,KG_ONLY_ADDED
333,456,0.0,0.5270462766947299,0.9999999999999994,,6,KG_ONLY_ADDED
333,239,0.0,0.9467531164008041,0.9999999999999973,,12,KG_ONLY_ADDED
334,482,0.0,0.5455447255899809,0.9999999999999983,,112,KG_ONLY_ADDED
334,700,0.0,0.7844645405527361,0.9999999999999982,,33,KG_ONLY_ADDED
334,26,0.0,0.9230769230769232,0.999999999999998,,15,KG_ONLY_ADDED
335,536,0.0,0.6454972243679028,0.9999999999999987,,9,KG_ONLY_ADDED
335,339,0.0,0.9389710680668849,0.9999999999999952,,10,KG_ONLY_ADDED
335,82,0.0,0.8981462390204986,0.9923914761391373,,10,KG_ONLY_ADDED
336,89,0.0,,1.0000000000000002,,0,KG_ONLY_ADDED
336,508,0.0,,1.0000000000000002,,1,KG_ONLY_ADDED
336,538,0.0,,1.0000000000000002,,1,KG_ONLY_ADDED
337,11,0.0,0.4622501635210243,1.0,,5,KG_ONLY_ADDED
337,12,0.0,0.8478004216810043,1.0,,25,KG_ONLY_ADDED
337,15,0.0,0.7029594915666377,1.0,,29,KG_ONLY_ADDED
338,449,0.0,,1.0000000000000004,,0,KG_ONLY_ADDED
338,445,0.0,0.2357022603955158,0.9999999999999986,,4,KG_ONLY_ADDED
338,227,0.0,,0.999999999999998,,0,KG_ONLY_ADDED
339,335,0.0,0.9389710680668849,0.9999999999999952,,10,KG_ONLY_ADDED
339,536,0.0,0.8387421368293257,0.9999999999999951,,15,KG_ONLY_ADDED
339,82,0.0,0.7824607964359516,0.9923914768170994,,18,KG_ONLY_ADDED
340,102,0.0,,1.0000000000000007,,2,KG_ONLY_ADDED
340,153,0.0,,1.0000000000000007,,0,KG_ONLY_ADDED
340,199,0.0,,1.0000000000000007,,0,KG_ONLY_ADDED
341,26,0.0,0.9428090415820635,0.9999999999999999,,3,KG_ONLY_ADDED
341,47,0.0,0.8944271909999159,0.9999999999999999,,5,KG_ONLY_ADDED
341,79,0.0,0.9999999999999998,0.9999999999999999,,5,KG_ONLY_ADDED
342,11,0.0,-0.3442651863295481,1.0,,7,KG_ONLY_ADDED
342,12,0.0,0.931062998340234,1.0,,27,KG_ONLY_ADDED
342,15,0.0,0.6810815188364803,1.0,,28,KG_ONLY_ADDED
343,285,0.0,,1.0000000000000002,,1,KG_ONLY_ADDED
343,292,0.0,0.7071067811865476,1.0000000000000002,,6,KG_ONLY_ADDED
343,358,0.0,,1.0000000000000002,,1,KG_ONLY_ADDED
344,127,0.0,,1.0000000000000004,,0,KG_ONLY_ADDED
344,216,0.0,,1.0000000000000004,,0,KG_ONLY_ADDED
344,229,0.0,,1.0000000000000004,,2,KG_ONLY_ADDED
345,113,0.0,,1.0,,2,KG_ONLY_ADDED
345,389,0.0,,1.0,,2,KG_ONLY_ADDED
345,18,0.0,,0.9875156441452223,,1,KG_ONLY_ADDED
346,45,0.0,-0.07715167498104596,0.9999999999999991,,17,KG_ONLY_ADDED
346,26,0.0,1.0000000000000002,0.9999999999999989,,6,KG_ONLY_ADDED
346,47,0.0,0.5263613559678152,0.9999999999999989,,21,KG_ONLY_ADDED
347,16,0.0,0.8333333333333335,1.0,,3,KG_ONLY_ADDED
347,531,0.0,0.9058216273156767,1.0,,14,KG_ONLY_ADDED
347,502,0.0,0.6666666666666666,0.9999999999999983,,3,KG_ONLY_ADDED
348,213,0.0,,0.9999999999999978,,0,KG_ONLY_ADDED
348,415,0.0,,0.9999999999999978,,2,KG_ONLY_ADDED
348,678,0.0,,0.9999999999999978,,0,KG_ONLY_ADDED
349,205,0.0,,1.0000000000000004,,1,KG_ONLY_ADDED
349,406,0.0,0.7999999999999998,0.999999999999997,,7,KG_ONLY_ADDED
349,14,0.0,0.8249579113843053,0.9999999999999966,,6,KG_ONLY_ADDED
350,67,0.0,0.6471502289294341,1.0000000000000002,,18,KG_ONLY_ADDED
350,104,0.0,0.6133956150821481,1.0000000000000002,,24,KG_ONLY_ADDED
350,121,0.0,0.7171371656006361,1.0000000000000002,,8,KG_ONLY_ADDED
351,156,0.0,,1.0,,8,KG_ONLY_ADDED
351,707,0.0,0.4601789933084222,1.0,,10,KG_ONLY_ADDED
351,392,0.0,,0.9999999999999986,,2,KG_ONLY_ADDED
352,150,0.0,,1.0000000000000002,,1,KG_ONLY_ADDED
352,235,0.0,,1.0000000000000002,,1,KG_ONLY_ADDED
352,268,0.0,,1.0000000000000002,,0,KG_ONLY_ADDED
353,11,0.0,-0.4743416490252569,1.0,,5,KG_ONLY_ADDED
353,12,0.0,0.8399210511316161,1.0,,12,KG_ONLY_ADDED
353,15,0.0,0.8981462390204985,1.0,,10,KG_ONLY_ADDED
354,31,0.0,0.8017837257372731,0.9999999999999998,,4,KG_ONLY_ADDED
354,140,0.0,0.8333333333333334,0.9999999999999998,,6,KG_ONLY_ADDED
354,269,0.0,0.9428090415820635,0.9999999999999998,,3,KG_ONLY_ADDED
355,387,0.0,,1.0000000000000002,,0,KG_ONLY_ADDED
355,517,0.0,0.9206016138256,1.0000000000000002,,10,KG_ONLY_ADDED
355,540,0.0,0.6324555320336759,1.0000000000000002,,4,KG_ONLY_ADDED
356,74,0.0,,0.992608500694024,,0,KG_ONLY_ADDED
356,172,0.0,0.944911182523068,0.992608500694024,,5,KG_ONLY_ADDED
356,393,0.0,0.8164965809277259,0.992608500436528,,5,KG_ONLY_ADDED
357,185,0.0,,0.9999999999999978,,1,KG_ONLY_ADDED
357,183,0.0,0.7559289460184544,0.9999999999999968,,5,KG_ONLY_ADDED
357,428,0.0,0.8944271909999159,0.9999999999999968,,5,KG_ONLY_ADDED
358,285,0.0,,1.0000000000000002,,2,KG_ONLY_ADDED
358,292,0.0,0.8017837257372731,1.0000000000000002,,9,KG_ONLY_ADDED
358,343,0.0,,1.0000000000000002,,1,KG_ONLY_ADDED
359,67,0.0,0.8405946773073478,1.0000000000000002,,40,KG_ONLY_ADDED
359,104,0.0,0.6563924617405256,1.0000000000000002,,84,KG_ONLY_ADDED
359,121,0.0,0.7395739969534468,1.0000000000000002,,15,KG_ONLY_ADDED
360,314,0.0,0.7882407813680822,0.9999999999999957,,11,KG_ONLY_ADDED
360,114,0.0,0.9429903335828895,0.9999999999999952,,13,KG_ONLY_ADDED
360,463,0.0,0.944911182523068,0.9999999999999952,,4,KG_ONLY_ADDED
361,132,0.0,0.944911182523068,0.9999999999999948,,4,KG_ONLY_ADDED
361,520,0.0,0.8125,0.9999999999999937,,15,KG_ONLY_ADDED
361,40,0.0,0.82915619758885,0.999999999999993,,10,KG_ONLY_ADDED
362,247,0.0,0.9428090415820635,0.9999999999999957,,6,KG_ONLY_ADDED
362,396,0.0,1.0000000000000002,0.9999999999999957,,6,KG_ONLY_ADDED
362,408,0.0,0.08671099695241198,0.9999999999999957,,19,KG_ONLY_ADDED
363,36,0.0,0.5393598899705937,1.0000000000000002,,12,KG_ONLY_ADDED
363,84,0.0,,1.0000000000000002,,1,KG_ONLY_ADDED
363,92,0.0,,1.0000000000000002,,1,KG_ONLY_ADDED
364,442,0.0,,1.0000000000000002,,1,KG_ONLY_ADDED
364,461,0.0,,0.9999999999999966,,0,KG_ONLY_ADDED
364,494,0.0,,0.9999999999999966,,0,KG_ONLY_ADDED
365,239,0.0,0.74535599249993,1.0,,10,KG_ONLY_ADDED
365,388,0.0,0.6324555320336759,1.0,,11,KG_ONLY_ADDED
365,492,0.0,0.3779644730092272,1.0,,8,KG_ONLY_ADDED
366,710,0.0,,0.9999999999999989,,1,KG_ONLY_ADDED
366,280,0.0,0.7826237921249264,0.9999999999999969,,7,KG_ONLY_ADDED
366,155,0.0,-0.5785419118799024,0.9999999999999964,,10,KG_ONLY_ADDED
367,579,0.0,0.14433756729740646,0.9999999999999978,,9,KG_ONLY_ADDED
367,247,0.0,0.0,0.9999999999999954,,7,KG_ONLY_ADDED
367,396,0.0,-0.20412414523193148,0.9999999999999954,,8,KG_ONLY_ADDED
369,510,0.0,,0.9895576080670925,,0,KG_ONLY_ADDED
369,426,0.0,,0.9862283752800611,,0,KG_ONLY_ADDED
369,370,0.0,,0.9862283742335172,,0,KG_ONLY_ADDED
370,577,0.0,0.9486832980505138,0.9999999999999963,,5,KG_ONLY_ADDED
370,563,0.0,1.0,0.9999999999999961,,6,KG_ONLY_ADDED
370,426,0.0,0.6416889479197478,0.9999999999999956,,8,KG_ONLY_ADDED
371,127,0.0,,1.0000000000000004,,1,KG_ONLY_ADDED
371,216,0.0,0.6324555320336759,1.0000000000000004,,5,KG_ONLY_ADDED
371,229,0.0,0.9428090415820635,1.0000000000000004,,3,KG_ONLY_ADDED
372,181,0.0,0.5991712703227052,1.0,,14,KG_ONLY_ADDED
372,33,0.0,0.8621054497285194,0.9949151584916016,,30,KG_ONLY_ADDED
372,548,0.0,0.8479461097510954,0.9936549654187727,,29,KG_ONLY_ADDED
373,355,0.0,0.9438798074485389,0.9999999999999997,,5,KG_ONLY_ADDED
373,387,0.0,,0.9999999999999997,,0,KG_ONLY_ADDED
373,517,0.0,,0.9999999999999997,,2,KG_ONLY_ADDED
374,11,0.0,,1.0,,0,KG_ONLY_ADDED
374,12,0.0,0.9622504486493764,1.0,,6,KG_ONLY_ADDED
374,15,0.0,0.9561828874675149,1.0,,7,KG_ONLY_ADDED
375,36,0.0,0.7647191129018724,0.9999999999999987,,19,KG_ONLY_ADDED
375,84,0.0,,0.9999999999999987,,2,KG_ONLY_ADDED
375,92,0.0,-0.4950737714883372,0.9999999999999987,,7,KG_ONLY_ADDED
376,82,0.0,0.8981462390204985,0.9999999999999959,,7,KG_ONLY_ADDED
376,166,0.0,0.9116846116771036,0.9999999999999934,,8,KG_ONLY_ADDED
376,536,0.0,0.25819888974716115,0.9923914765113548,,6,KG_ONLY_ADDED
377,326,0.0,0.2545139051903111,0.9999999999999977,,10,KG_ONLY_ADDED
377,702,0.0,0.9428090415820635,0.9999999999999972,,3,KG_ONLY_ADDED
377,144,0.0,-0.2834733547569204,0.9999999999999968,,5,KG_ONLY_ADDED
378,32,0.0,1.0,0.9999999999999999,,4,KG_ONLY_ADDED
378,260,0.0,0.9438798074485389,0.9999999999999999,,5,KG_ONLY_ADDED
378,379,0.0,0.8268688657895648,0.9999999999999999,,13,KG_ONLY_ADDED
379,32,0.0,0.9622504486493764,0.9999999999999999,,6,KG_ONLY_ADDED
379,260,0.0,0.9274260335029677,0.9999999999999999,,16,KG_ONLY_ADDED
379,378,0.0,0.8268688657895648,0.9999999999999999,,13,KG_ONLY_ADDED
380,507,0.0,0.9428090415820635,0.9834034004901252,,3,KG_ONLY_ADDED
380,113,0.0,1.0000000000000002,0.9802765331675247,,6,KG_ONLY_ADDED
380,345,0.0,,0.9802765331675247,,2,KG_ONLY_ADDED
381,285,0.0,-0.7745966692414834,1.0000000000000002,,5,KG_ONLY_ADDED
381,292,0.0,0.07453559924999299,1.0000000000000002,,27,KG_ONLY_ADDED
381,343,0.0,0.5477225575051661,1.0000000000000002,,7,KG_ONLY_ADDED
382,285,0.0,-0.5,1.0000000000000002,,4,KG_ONLY_ADDED
382,292,0.0,0.08058229640253803,1.0000000000000002,,23,KG_ONLY_ADDED
382,343,0.0,0.6963106238227914,1.0000000000000002,,10,KG_ONLY_ADDED
383,285,0.0,,1.0000000000000002,,1,KG_ONLY_ADDED
383,292,0.0,0.8451542547285165,1.0000000000000002,,7,KG_ONLY_ADDED
383,343,0.0,0.9428090415820635,1.0000000000000002,,3,KG_ONLY_ADDED
384,11,0.0,0.5773502691896258,1.0,,3,KG_ONLY_ADDED
384,12,0.0,0.9061030445113443,1.0,,7,KG_ONLY_ADDED
384,15,0.0,0.3627381250550058,1.0,,7,KG_ONLY_ADDED
385,661,0.0,0.5773502691896258,0.9921271157522257,,3,KG_ONLY_ADDED
385,89,0.0,,0.9880179322924079,,2,KG_ONLY_ADDED
385,336,0.0,,0.9880179322924079,,0,KG_ONLY_ADDED
386,418,0.0,0.8804087784801333,0.9999999999999972,,14,KG_ONLY_ADDED
386,557,0.0,0.447213595499958,0.999999999999996,,19,KG_ONLY_ADDED
386,31,0.0,0.46188021535170054,0.9999999999999952,,18,KG_ONLY_ADDED
387,355,0.0,,1.0000000000000002,,0,KG_ONLY_ADDED
387,517,0.0,,1.0000000000000002,,0,KG_ONLY_ADDED
387,540,0.0,,1.0000000000000002,,0,KG_ONLY_ADDED
388,239,0.0,0.5962847939999439,1.0,,18,KG_ONLY_ADDED
388,365,0.0,0.6324555320336759,1.0,,11,KG_ONLY_ADDED
388,492,0.0,0.3450327796711771,1.0,,18,KG_ONLY_ADDED
389,113,0.0,,1.0,,2,KG_ONLY_ADDED
389,345,0.0,,1.0,,2,KG_ONLY_ADDED
389,18,0.0,,0.9875156441452223,,1,KG_ONLY_ADDED
390,32,0.0,0.5773502691896258,0.9999999999999999,,3,KG_ONLY_ADDED
390,260,0.0,0.13363062095621217,0.9999999999999999,,8,KG_ONLY_ADDED
390,378,0.0,0.2357022603955158,0.9999999999999999,,6,KG_ONLY_ADDED
391,654,0.0,,0.9999999999999961,,1,KG_ONLY_ADDED
391,231,0.0,0.9434563530497265,0.9999999999999946,,7,KG_ONLY_ADDED
391,239,0.0,1.0000000000000002,0.9999999999999944,,6,KG_ONLY_ADDED
392,156,0.0,0.9237604307034011,0.9999999999999986,,6,KG_ONLY_ADDED
392,160,0.0,0.8451542547285165,0.9999999999999986,,7,KG_ONLY_ADDED
392,351,0.0,,0.9999999999999986,,2,KG_ONLY_ADDED
393,23,0.0,0.545544725589981,0.9999999999999961,,13,KG_ONLY_ADDED
393,74,0.0,,0.999999999999996,,2,KG_ONLY_ADDED
393,172,0.0,0.36155076303109357,0.999999999999996,,30,KG_ONLY_ADDED
394,36,0.0,1.0000000000000002,1.0000000000000002,,6,KG_ONLY_ADDED
394,84,0.0,,1.0000000000000002,,0,KG_ONLY_ADDED
394,92,0.0,,1.0000000000000002,,1,KG_ONLY_ADDED
395,41,0.0,,0.9999999999999999,,2,KG_ONLY_ADDED
395,159,0.0,0.7071067811865475,0.9999999999999999,,3,KG_ONLY_ADDED
395,192,0.0,1.0,0.9999999999999999,,5,KG_ONLY_ADDED
396,247,0.0,,1.0000000000000002,,0,KG_ONLY_ADDED
396,408,0.0,-0.6324555320336759,1.0000000000000002,,5,KG_ONLY_ADDED
396,527,0.0,,1.0000000000000002,,1,KG_ONLY_ADDED
397,27,0.0,,1.0000000000000002,,0,KG_ONLY_ADDED
397,86,0.0,,1.0000000000000002,,0,KG_ONLY_ADDED
397,242,0.0,,0.9999999999999984,,0,KG_ONLY_ADDED
398,509,0.0,1.0000000000000002,0.9999999999999988,,6,KG_ONLY_ADDED
398,515,0.0,1.0000000000000002,0.9999999999999978,,3,KG_ONLY_ADDED
398,243,0.0,0.8660254037844387,0.9999999999999977,,4,KG_ONLY_ADDED
399,11,0.0,,1.0,,1,KG_ONLY_ADDED
399,12,0.0,0.8944271909999159,1.0,,4,KG_ONLY_ADDED
399,15,0.0,0.7071067811865475,1.0,,7,KG_ONLY_ADDED
400,240,0.0,1.0,0.9999999999999981,,4,KG_ONLY_ADDED
400,41,0.0,0.9192547197409877,0.9999999999999973,,11,KG_ONLY_ADDED
400,159,0.0,0.9486832980505138,0.9999999999999973,,6,KG_ONLY_ADDED
401,68,0.0,0.6475761258027334,0.9999999999999999,,25,KG_ONLY_ADDED
401,116,0.0,0.8164965809277259,0.9999999999999999,,5,KG_ONLY_ADDED
401,131,0.0,0.7727272727272727,0.9999999999999999,,14,KG_ONLY_ADDED
402,67,0.0,0.893582993368683,1.0000000000000002,,29,KG_ONLY_ADDED
402,104,0.0,0.7456011350793257,1.0000000000000002,,23,KG_ONLY_ADDED
402,121,0.0,0.9116846116771036,1.0000000000000002,,12,KG_ONLY_ADDED
403,11,0.0,,1.0,,0,KG_ONLY_ADDED
403,12,0.0,0.8366600265340756,1.0,,4,KG_ONLY_ADDED
403,15,0.0,,1.0,,1,KG_ONLY_ADDED
404,599,0.0,,0.9999999999999944,,0,KG_ONLY_ADDED
404,679,0.0,,0.9999999999999944,,0,KG_ONLY_ADDED
404,182,0.0,0.5714285714285714,0.9999999999999932,,4,KG_ONLY_ADDED
405,11,0.0,,1.0,,2,KG_ONLY_ADDED
405,12,0.0,0.9723055853282466,1.0,,5,KG_ONLY_ADDED
405,15,0.0,1.0,1.0,,4,KG_ONLY_ADDED
406,205,0.0,0.18333969940564224,0.999999999999997,,13,KG_ONLY_ADDED
406,349,0.0,0.7999999999999998,0.999999999999997,,7,KG_ONLY_ADDED
406,14,0.0,0.5474375080153916,0.9999999999999957,,55,KG_ONLY_ADDED
407,53,0.0,0.8783100656536798,0.9999999999999951,,9,KG_ONLY_ADDED
407,241,0.0,0.8563704153275828,0.999999999999995,,44,KG_ONLY_ADDED
407,309,0.0,0.9121485985920118,0.999999999999995,,29,KG_ONLY_ADDED
408,247,0.0,-0.2182178902359924,1.0000000000000002,,7,KG_ONLY_ADDED
408,396,0.0,-0.6324555320336759,1.0000000000000002,,5,KG_ONLY_ADDED
408,527,0.0,,1.0000000000000002,,0,KG_ONLY_ADDED
409,356,0.0,,0.9899158053642447,,1,KG_ONLY_ADDED
409,97,0.0,,0.9841967200775616,,1,KG_ONLY_ADDED
409,74,0.0,,0.9793208945812341,,0,KG_ONLY_ADDED
410,285,0.0,0.0,1.0000000000000002,,3,KG_ONLY_ADDED
410,292,0.0,0.6708203932499369,1.0000000000000002,,23,KG_ONLY_ADDED
410,343,0.0,0.8674723979493605,1.0000000000000002,,11,KG_ONLY_ADDED
411,49,0.0,0.7442084075352507,1.0000000000000002,,7,KG_ONLY_ADDED
411,198,0.0,0.31622776601683794,1.0000000000000002,,3,KG_ONLY_ADDED
411,271,0.0,0.8333333333333334,1.0000000000000002,,6,KG_ONLY_ADDED
412,148,0.0,,1.0,,1,KG_ONLY_ADDED
412,215,0.0,,1.0,,0,KG_ONLY_ADDED
412,220,0.0,,1.0,,0,KG_ONLY_ADDED
413,102,0.0,-0.33541019662496846,0.9999999999999979,,7,KG_ONLY_ADDED
413,153,0.0,0.0,0.9999999999999979,,7,KG_ONLY_ADDED
413,199,0.0,,0.9999999999999979,,2,KG_ONLY_ADDED
414,67,0.0,0.7071067811865475,1.0000000000000002,,5,KG_ONLY_ADDED
414,104,0.0,0.15811388300841897,1.0000000000000002,,7,KG_ONLY_ADDED
414,121,0.0,0.821583836257749,1.0000000000000002,,6,KG_ONLY_ADDED
415,213,0.0,0.9574271077563381,0.9999999999999993,,12,KG_ONLY_ADDED
415,678,0.0,0.7807200583588266,0.9999999999999993,,9,KG_ONLY_ADDED
415,348,0.0,,0.9999999999999978,,2,KG_ONLY_ADDED
416,282,0.0,,0.9999999999999998,,1,KG_ONLY_ADDED
416,565,0.0,0.8164965809277261,0.9999999999999998,,12,KG_ONLY_ADDED
416,591,0.0,,0.9999999999999998,,0,KG_ONLY_ADDED
417,568,0.0,0.0,0.9999999999999972,,4,KG_ONLY_ADDED
417,601,0.0,,0.9999999999999972,,2,KG_ONLY_ADDED
417,636,0.0,0.19999999999999996,0.9999999999999972,,5,KG_ONLY_ADDED
418,386,0.0,0.8804087784801333,0.9999999999999972,,14,KG_ONLY_ADDED
418,557,0.0,0.5773502691896258,0.9999999999999948,,3,KG_ONLY_ADDED
418,55,0.0,,0.9999999999999946,,2,KG_ONLY_ADDED
419,28,0.0,0.657951694959769,0.9876345366156053,,12,KG_ONLY_ADDED
419,81,0.0,0.7559289460184544,0.9876345366156053,,4,KG_ONLY_ADDED
419,328,0.0,0.8320502943378437,0.9876345366156053,,10,KG_ONLY_ADDED
420,11,0.0,0.40824829046386296,1.0,,4,KG_ONLY_ADDED
420,12,0.0,-0.46206885338911463,1.0,,12,KG_ONLY_ADDED
420,15,0.0,0.8908708063747479,1.0,,5,KG_ONLY_ADDED
421,605,0.0,0.5773502691896258,0.9999999999999969,,3,KG_ONLY_ADDED
421,338,0.0,,0.9999999999999967,,2,KG_ONLY_ADDED
421,449,0.0,,0.9999999999999967,,1,KG_ONLY_ADDED
422,44,0.0,0.4082482904638631,0.9999999999999984,,3,KG_ONLY_ADDED
422,248,0.0,0.9525793444156805,0.9999999999999982,,3,KG_ONLY_ADDED
422,590,0.0,,0.9999999999999982,,2,KG_ONLY_ADDED
423,181,0.0,0.19245008972987526,0.9873122001755661,,3,KG_ONLY_ADDED
423,372,0.0,-0.13608276348795434,0.9873122001755661,,3,KG_ONLY_ADDED
423,548,0.0,0.16666666666666669,0.98673536335293,,3,KG_ONLY_ADDED
424,457,0.0,0.8980265101338746,1.0,,31,KG_ONLY_ADDED
424,167,0.0,0.944911182523068,0.9999999999999978,,7,KG_ONLY_ADDED
424,479,0.0,0.9999999999999998,0.9999999999999972,,5,KG_ONLY_ADDED
425,148,0.0,,1.0,,0,KG_ONLY_ADDED
425,215,0.0,,1.0,,0,KG_ONLY_ADDED
425,220,0.0,,1.0,,0,KG_ONLY_ADDED
426,441,0.0,0.5809475019311126,0.9999999999999971,,18,KG_ONLY_ADDED
426,546,0.0,0.8249579113843053,0.9999999999999971,,8,KG_ONLY_ADDED
426,563,0.0,0.6123724356957945,0.999999999999997,,6,KG_ONLY_ADDED
427,26,0.0,0.9238697708743119,0.9999999999999999,,10,KG_ONLY_ADDED
427,47,0.0,0.6164414002968975,0.9999999999999999,,20,KG_ONLY_ADDED
427,79,0.0,0.5488604301969737,0.9999999999999999,,30,KG_ONLY_ADDED
428,183,0.0,1.0,0.9999999999999999,,4,KG_ONLY_ADDED
428,35,0.0,1.0000000000000002,0.9999999999999982,,3,KG_ONLY_ADDED
428,42,0.0,0.9999999999999998,0.9999999999999982,,5,KG_ONLY_ADDED
429,112,0.0,0.07490058862731383,0.9999999999999988,,32,KG_ONLY_ADDED
429,160,0.0,0.9534625892455924,0.9999999999999984,,11,KG_ONLY_ADDED
429,174,0.0,0.8981462390204985,0.9999999999999979,,12,KG_ONLY_ADDED
430,87,0.0,1.0,0.9999999999999959,,4,KG_ONLY_ADDED
430,467,0.0,0.9354143466934852,0.9999999999999958,,8,KG_ONLY_ADDED
430,144,0.0,,0.9999999999999949,,2,KG_ONLY_ADDED
431,303,0.0,0.8944271909999159,0.9999999999999966,,6,KG_ONLY_ADDED
431,225,0.0,0.9428090415820635,0.9999999999999954,,3,KG_ONLY_ADDED
431,504,0.0,0.9544271444636666,0.9999999999999954,,7,KG_ONLY_ADDED
432,102,0.0,-0.41602514716892186,1.0000000000000007,,7,KG_ONLY_ADDED
432,153,0.0,-0.1889822365046136,1.0000000000000007,,6,KG_ONLY_ADDED
432,199,0.0,,1.0000000000000007,,1,KG_ONLY_ADDED
433,243,0.0,0.7302967433402214,0.9942853791121591,,18,KG_ONLY_ADDED
433,515,0.0,0.9486832980505138,0.9942853790256513,,11,KG_ONLY_ADDED
433,398,0.0,1.0,0.9942853789245688,,4,KG_ONLY_ADDED
434,583,0.0,,1.0000000000000002,,0,KG_ONLY_ADDED
434,67,0.0,,0.9924324535227974,,1,KG_ONLY_ADDED
434,104,0.0,,0.9924324535227974,,1,KG_ONLY_ADDED
435,587,0.0,0.9428090415820635,0.9999999999999978,,3,KG_ONLY_ADDED
435,375,0.0,0.9574271077563381,0.988433095643902,,9,KG_ONLY_ADDED
435,224,0.0,0.8703882797784892,0.9884330956053207,,8,KG_ONLY_ADDED
436,22,0.0,,1.0000000000000002,,0,KG_ONLY_ADDED
436,105,0.0,,0.9999999999999986,,1,KG_ONLY_ADDED
436,184,0.0,,0.9999999999999973,,0,KG_ONLY_ADDED
437,548,0.0,0.944911182523068,0.9972813902475987,,13,KG_ONLY_ADDED
437,512,0.0,,0.9963693607864917,,1,KG_ONLY_ADDED
437,562,0.0,0.8329931278350429,0.9956894837285625,,16,KG_ONLY_ADDED
438,458,0.0,0.21380899352993948,0.9999999999999972,,11,KG_ONLY_ADDED
438,277,0.0,,0.9999999999999971,,1,KG_ONLY_ADDED
438,519,0.0,0.7647058823529411,0.9999999999999964,,9,KG_ONLY_ADDED
439,501,0.0,1.0000000000000002,0.999999999999999,,3,KG_ONLY_ADDED
439,41,0.0,,0.9999999999999987,,2,KG_ONLY_ADDED
439,159,0.0,,0.9999999999999987,,1,KG_ONLY_ADDED
440,16,0.0,0.0,0.9999999999999976,,3,KG_ONLY_ADDED
440,347,0.0,0.0,0.9999999999999976,,8,KG_ONLY_ADDED
440,531,0.0,0.36927447293799825,0.9999999999999976,,8,KG_ONLY_ADDED
441,546,0.0,0.9258200997725514,1.0000000000000002,,7,KG_ONLY_ADDED
441,577,0.0,0.9999999999999998,0.9999999999999978,,5,KG_ONLY_ADDED
441,563,0.0,0.8249579113843053,0.9999999999999976,,8,KG_ONLY_ADDED
442,364,0.0,,1.0000000000000002,,1,KG_ONLY_ADDED
442,461,0.0,,0.9999999999999966,,1,KG_ONLY_ADDED
442,494,0.0,,0.9999999999999966,,1,KG_ONLY_ADDED
443,149,0.0,0.046423834544262965,0.9848554945002033,,20,KG_ONLY_ADDED
443,559,0.0,1.0000000000000002,0.9848554937295954,,3,KG_ONLY_ADDED
443,141,0.0,0.8874119674649422,0.9821544796545251,,14,KG_ONLY_ADDED
444,513,0.0,0.5539117094069973,0.999999999999998,,28,KG_ONLY_ADDED
444,50,0.0,0.7826237921249264,0.9999999999999967,,5,KG_ONLY_ADDED
444,57,0.0,0.7130240959073808,0.9999999999999962,,14,KG_ONLY_ADDED
445,338,0.0,0.2357022603955158,0.9999999999999986,,4,KG_ONLY_ADDED
445,449,0.0,,0.9999999999999986,,1,KG_ONLY_ADDED
445,107,0.0,0.9381941874331419,0.9999999999999977,,7,KG_ONLY_ADDED
446,241,0.0,0.9013878188659974,0.9999999999999966,,9,KG_ONLY_ADDED
446,309,0.0,0.9438798074485389,0.9999999999999966,,5,KG_ONLY_ADDED
446,46,0.0,,0.9999999999999956,,2,KG_ONLY_ADDED
447,586,0.0,0.9486832980505138,0.9897525182632594,,5,KG_ONLY_ADDED
447,185,0.0,0.944911182523068,0.9897525157066237,,4,KG_ONLY_ADDED
447,357,0.0,0.7071067811865476,0.9897525155078382,,4,KG_ONLY_ADDED
448,152,0.0,,1.0000000000000002,,2,KG_ONLY_ADDED
448,158,0.0,0.8333333333333335,1.0000000000000002,,3,KG_ONLY_ADDED
448,193,0.0,0.7745966692414834,1.0000000000000002,,9,KG_ONLY_ADDED
449,338,0.0,,1.0000000000000004,,0,KG_ONLY_ADDED
449,445,0.0,,0.9999999999999986,,1,KG_ONLY_ADDED
449,227,0.0,,0.999999999999998,,1,KG_ONLY_ADDED
450,111,0.0,0.8807048459279794,1.0000000000000004,,7,KG_ONLY_ADDED
450,329,0.0,0.9192547197409877,1.0000000000000004,,15,KG_ONLY_ADDED
450,493,0.0,,1.0000000000000004,,1,KG_ONLY_ADDED
451,285,0.0,1.0000000000000002,1.0000000000000002,,3,KG_ONLY_ADDED
451,292,0.0,0.674199862463242,1.0000000000000002,,8,KG_ONLY_ADDED
451,343,0.0,0.944911182523068,1.0000000000000002,,4,KG_ONLY_ADDED
452,145,0.0,0.8618575020903775,0.9999999999999963,,12,KG_ONLY_ADDED
452,311,0.0,,0.9999999999999962,,0,KG_ONLY_ADDED
452,373,0.0,0.9128709291752769,0.9848572519394835,,4,KG_ONLY_ADDED
453,11,0.0,0.5773502691896258,1.0,,3,KG_ONLY_ADDED
453,12,0.0,0.7592566023652966,1.0,,8,KG_ONLY_ADDED
453,15,0.0,0.8359173188630293,1.0,,14,KG_ONLY_ADDED
454,26,0.0,0.9583727150068314,0.9999999999999999,,8,KG_ONLY_ADDED
454,47,0.0,0.6788828577642427,0.9999999999999999,,26,KG_ONLY_ADDED
454,79,0.0,0.6735753140545634,0.9999999999999999,,35,KG_ONLY_ADDED
455,277,0.0,,0.9999999999999974,,0,KG_ONLY_ADDED
455,46,0.0,0.8164965809277259,0.9999999999999961,,3,KG_ONLY_ADDED
455,327,0.0,0.40824829046386296,0.9999999999999961,,4,KG_ONLY_ADDED
456,168,0.0,,1.0000000000000002,,2,KG_ONLY_ADDED
456,333,0.0,0.5270462766947299,0.9999999999999994,,6,KG_ONLY_ADDED
456,239,0.0,0.944911182523068,0.9999999999999974,,4,KG_ONLY_ADDED
457,424,0.0,0.8980265101338746,1.0,,31,KG_ONLY_ADDED
457,167,0.0,0.9074852129730302,0.9999999999999978,,8,KG_ONLY_ADDED
457,479,0.0,0.9258200997725515,0.9999999999999972,,9,KG_ONLY_ADDED
458,241,0.0,0.42496707510744064,0.9999999999999974,,74,KG_ONLY_ADDED
458,309,0.0,0.6216965298164535,0.9999999999999974,,26,KG_ONLY_ADDED
458,438,0.0,0.21380899352993948,0.9999999999999972,,11,KG_ONLY_ADDED
459,11,0.0,,1.0,,2,KG_ONLY_ADDED
459,12,0.0,0.9128709291752769,1.0,,8,KG_ONLY_ADDED
459,15,0.0,0.9999999999999998,1.0,,5,KG_ONLY_ADDED
460,203,0.0,-0.15811388300841897,0.9999999999999928,,8,KG_ONLY_ADDED
460,182,0.0,0.8944271909999159,0.9999999999999916,,9,KG_ONLY_ADDED
460,599,0.0,0.9707253433941511,0.9999999999999908,,4,KG_ONLY_ADDED
461,364,0.0,,0.9999999999999966,,0,KG_ONLY_ADDED
461,442,0.0,,0.9999999999999966,,1,KG_ONLY_ADDED
461,114,0.0,0.9381941874331419,0.9999999999999953,,13,KG_ONLY_ADDED
462,41,0.0,0.9525793444156805,0.9999999999999999,,9,KG_ONLY_ADDED
462,159,0.0,0.8804087784801331,0.9999999999999999,,7,KG_ONLY_ADDED
462,192,0.0,0.9701425001453319,0.9999999999999999,,5,KG_ONLY_ADDED
463,360,0.0,0.944911182523068,0.9999999999999952,,4,KG_ONLY_ADDED
463,259,0.0,0.944911182523068,0.9999999999999951,,4,KG_ONLY_ADDED
463,314,0.0,-0.253546276418555,0.9999999999999936,,7,KG_ONLY_ADDED
464,607,0.0,0.8333333333333334,0.9999999999999977,,6,KG_ONLY_ADDED
464,259,0.0,0.9428090415820632,0.9882265241770896,,9,KG_ONLY_ADDED
464,314,0.0,0.4272046005593395,0.988226523688163,,18,KG_ONLY_ADDED
465,127,0.0,0.9258200997725514,1.0000000000000004,,4,KG_ONLY_ADDED
465,216,0.0,0.6933752452815365,1.0000000000000004,,8,KG_ONLY_ADDED
465,229,0.0,0.8660254037844387,1.0000000000000004,,6,KG_ONLY_ADDED
466,641,0.0,,1.0000000000000002,,2,KG_ONLY_ADDED
466,631,0.0,,0.9999999999999978,,0,KG_ONLY_ADDED
466,505,0.0,0.47140452079103173,0.9999999999999977,,6,KG_ONLY_ADDED
467,702,0.0,1.0000000000000002,0.9999999999999988,,3,KG_ONLY_ADDED
467,255,0.0,0.882522608121828,0.9999999999999972,,8,KG_ONLY_ADDED
467,87,0.0,1.0000000000000002,0.9999999999999971,,3,KG_ONLY_ADDED
468,310,0.0,0.4472135954999579,0.999999999999996,,5,KG_ONLY_ADDED
468,69,0.0,0.3530090432487313,0.9999999999999959,,21,KG_ONLY_ADDED
468,110,0.0,0.9428090415820635,0.9999999999999959,,6,KG_ONLY_ADDED
469,11,0.0,,1.0,,0,KG_ONLY_ADDED
469,12,0.0,,1.0,,2,KG_ONLY_ADDED
469,15,0.0,,1.0,,1,KG_ONLY_ADDED
470,150,0.0,-0.625,1.0000000000000002,,7,KG_ONLY_ADDED
470,235,0.0,0.9561828874675149,1.0000000000000002,,7,KG_ONLY_ADDED
470,268,0.0,0.8504200642707612,1.0000000000000002,,5,KG_ONLY_ADDED
471,458,0.0,0.02599376224550182,0.9999999999999954,,47,KG_ONLY_ADDED
471,438,0.0,0.0,0.9999999999999946,,5,KG_ONLY_ADDED
471,46,0.0,0.0,0.9999999999999944,,6,KG_ONLY_ADDED
472,256,0.0,0.5345224838248488,0.9999999999999973,,19,KG_ONLY_ADDED
472,75,0.0,,0.9999999999999967,,1,KG_ONLY_ADDED
472,468,0.0,0.5270462766947299,0.991914478605895,,16,KG_ONLY_ADDED
473,11,0.0,,1.0,,2,KG_ONLY_ADDED
473,12,0.0,0.9237604307034011,1.0,,6,KG_ONLY_ADDED
473,15,0.0,0.8944271909999159,1.0,,5,KG_ONLY_ADDED
474,150,0.0,0.40824829046386296,1.0000000000000002,,6,KG_ONLY_ADDED
474,235,0.0,0.7071067811865476,1.0000000000000002,,6,KG_ONLY_ADDED
474,268,0.0,0.5773502691896258,1.0000000000000002,,3,KG_ONLY_ADDED
475,46,0.0,0.9999999999999999,1.0000000000000002,,7,KG_ONLY_ADDED
475,327,0.0,0.6592685147442634,1.0000000000000002,,28,KG_ONLY_ADDED
475,519,0.0,0.5735458856308215,0.999999999999998,,86,KG_ONLY_ADDED
476,36,0.0,0.8944271909999159,1.0000000000000002,,7,KG_ONLY_ADDED
476,84,0.0,,1.0000000000000002,,1,KG_ONLY_ADDED
476,92,0.0,-0.8017837257372731,1.0000000000000002,,4,KG_ONLY_ADDED
477,258,0.0,0.76271276980969,0.989927293004045,,17,KG_ONLY_ADDED
477,142,0.0,,0.988336723429554,,2,KG_ONLY_ADDED
477,322,0.0,0.9428090415820635,0.9883367228601238,,3,KG_ONLY_ADDED
478,37,0.0,,0.9999999999999974,,2,KG_ONLY_ADDED
478,500,0.0,0.6546536707079772,0.9999999999999974,,7,KG_ONLY_ADDED
478,501,0.0,0.7071067811865476,0.9999999999999972,,6,KG_ONLY_ADDED
479,635,0.0,,1.0,,2,KG_ONLY_ADDED
479,424,0.0,0.9999999999999998,0.9999999999999972,,5,KG_ONLY_ADDED
479,457,0.0,0.9258200997725515,0.9999999999999972,,9,KG_ONLY_ADDED
482,700,0.0,0.781126577552403,0.9999999999999984,,30,KG_ONLY_ADDED
482,334,0.0,0.5455447255899809,0.9999999999999983,,112,KG_ONLY_ADDED
482,26,0.0,0.649519052838329,0.9999999999999976,,18,KG_ONLY_ADDED
483,152,0.0,,1.0000000000000002,,2,KG_ONLY_ADDED
483,158,0.0,0.9635460822563594,1.0000000000000002,,7,KG_ONLY_ADDED
483,193,0.0,0.5773502691896258,1.0000000000000002,,3,KG_ONLY_ADDED
484,210,0.0,,0.9999999999999999,,2,KG_ONLY_ADDED
484,148,0.0,,0.9999999999999983,,0,KG_ONLY_ADDED
484,215,0.0,,0.9999999999999983,,2,KG_ONLY_ADDED
485,11,0.0,,1.0,,0,KG_ONLY_ADDED
485,12,0.0,,1.0,,2,KG_ONLY_ADDED
485,15,0.0,0.9525793444156805,1.0,,6,KG_ONLY_ADDED
486,49,0.0,0.8703882797784892,0.9999999999999964,,5,KG_ONLY_ADDED
486,198,0.0,0.0,0.9999999999999964,,4,KG_ONLY_ADDED
486,271,0.0,0.9486832980505138,0.9999999999999964,,4,KG_ONLY_ADDED
487,183,0.0,0.8819171036881969,0.9884787397630259,,7,KG_ONLY_ADDED
487,428,0.0,0.9128709291752769,0.9884787397630259,,6,KG_ONLY_ADDED
487,185,0.0,1.0000000000000002,0.9884787394677657,,3,KG_ONLY_ADDED
488,70,0.0,0.5317945372643964,0.9999999999999947,,137,KG_ONLY_ADDED
488,285,0.0,0.9128709291752769,0.9999999999999947,,6,KG_ONLY_ADDED
488,292,0.0,0.47336463120312877,0.9999999999999947,,39,KG_ONLY_ADDED
489,148,0.0,,1.0,,0,KG_ONLY_ADDED
489,215,0.0,,1.0,,0,KG_ONLY_ADDED
489,220,0.0,,1.0,,0,KG_ONLY_ADDED
490,97,0.0,-0.5,0.9845151212330584,,4,KG_ONLY_ADDED
490,78,0.0,0.8728715609439696,0.9839076137581091,,6,KG_ONLY_ADDED
490,85,0.0,0.9428090415820635,0.9839076134524103,,3,KG_ONLY_ADDED
491,11,0.0,-0.6933752452815365,1.0,,4,KG_ONLY_ADDED
491,12,0.0,0.6459751934999393,1.0,,9,KG_ONLY_ADDED
491,15,0.0,0.9166666666666669,1.0,,9,KG_ONLY_ADDED
492,239,0.0,0.9506541513652698,1.0,,11,KG_ONLY_ADDED
492,365,0.0,0.3779644730092272,1.0,,8,KG_ONLY_ADDED
492,388,0.0,0.3450327796711771,1.0,,18,KG_ONLY_ADDED
493,111,0.0,-0.3779644730092272,1.0000000000000004,,6,KG_ONLY_ADDED
493,329,0.0,-0.5773502691896258,1.0000000000000004,,3,KG_ONLY_ADDED
493,450,0.0,,1.0000000000000004,,1,KG_ONLY_ADDED
494,364,0.0,,0.9999999999999966,,0,KG_ONLY_ADDED
494,442,0.0,,0.9999999999999966,,1,KG_ONLY_ADDED
494,114,0.0,0.903696114115064,0.9999999999999962,,7,KG_ONLY_ADDED
495,41,0.0,0.8944271909999159,0.9999999999999999,,8,KG_ONLY_ADDED
495,159,0.0,0.8744746321952063,0.9999999999999999,,8,KG_ONLY_ADDED
495,192,0.0,0.8838834764831843,0.9999999999999999,,5,KG_ONLY_ADDED
496,62,0.0,0.15075567228888181,0.9999999999999956,,17,KG_ONLY_ADDED
496,99,0.0,0.10660035817780521,0.9999999999999941,,17,KG_ONLY_ADDED
496,48,0.0,-0.09999999999999998,0.9999999999999939,,16,KG_ONLY_ADDED
497,602,0.0,0.9166666666666666,0.9915905934481074,,10,KG_ONLY_ADDED
497,748,0.0,,0.9915905934481074,,0,KG_ONLY_ADDED
497,30,0.0,0.8520128672302585,0.9910692518800063,,9,KG_ONLY_ADDED
499,620,0.0,0.9486832980505138,0.9999999999999968,,5,KG_ONLY_ADDED
499,660,0.0,0.36753833509901335,0.9999999999999968,,14,KG_ONLY_ADDED
499,680,0.0,0.9698686309445845,0.9999999999999968,,10,KG_ONLY_ADDED
500,37,0.0,0.9428090415820635,0.9999999999999998,,6,KG_ONLY_ADDED
500,501,0.0,0.9574271077563381,0.9999999999999994,,12,KG_ONLY_ADDED
500,41,0.0,0.9999999999999998,0.9999999999999993,,8,KG_ONLY_ADDED
501,41,0.0,0.8581163303210331,0.9999999999999997,,12,KG_ONLY_ADDED
501,159,0.0,1.0,0.9999999999999997,,4,KG_ONLY_ADDED
501,192,0.0,0.8944271909999159,0.9999999999999997,,5,KG_ONLY_ADDED
502,630,0.0,0.5773502691896258,0.9999999999999986,,3,KG_ONLY_ADDED
502,16,0.0,0.753778361444409,0.9999999999999983,,5,KG_ONLY_ADDED
502,347,0.0,0.6666666666666666,0.9999999999999983,,3,KG_ONLY_ADDED
503,31,0.0,0.6666666666666667,0.9999999999999998,,10,KG_ONLY_ADDED
503,140,0.0,0.22941573387056174,0.9999999999999998,,40,KG_ONLY_ADDED
503,269,0.0,0.4472135954999579,0.9999999999999998,,5,KG_ONLY_ADDED
504,225,0.0,0.9428090415820635,1.0000000000000007,,3,KG_ONLY_ADDED
504,687,0.0,,1.0000000000000007,,0,KG_ONLY_ADDED
504,111,0.0,0.8660254037844387,0.9999999999999987,,4,KG_ONLY_ADDED
505,631,0.0,0.7745966692414834,0.9999999999999987,,5,KG_ONLY_ADDED
505,154,0.0,0.9486832980505138,0.9999999999999982,,4,KG_ONLY_ADDED
505,649,0.0,,0.9999999999999978,,2,KG_ONLY_ADDED
506,49,0.0,1.0,1.0000000000000002,,4,KG_ONLY_ADDED
506,198,0.0,,1.0000000000000002,,2,KG_ONLY_ADDED
506,271,0.0,0.8451542547285165,1.0000000000000002,,7,KG_ONLY_ADDED
507,545,0.0,,0.9883274639864071,,2,KG_ONLY_ADDED
507,693,0.0,0.8944271909999159,0.988327463460605,,5,KG_ONLY_ADDED
507,93,0.0,,0.9883274630803744,,2,KG_ONLY_ADDED
508,89,0.0,,1.0000000000000002,,2,KG_ONLY_ADDED
508,336,0.0,,1.0000000000000002,,1,KG_ONLY_ADDED
508,538,0.0,0.9622504486493764,1.0000000000000002,,12,KG_ONLY_ADDED
509,398,0.0,1.0000000000000002,0.9999999999999988,,6,KG_ONLY_ADDED
509,515,0.0,0.903696114115064,0.9999999999999978,,7,KG_ONLY_ADDED
509,243,0.0,0.882522608121828,0.9999999999999973,,10,KG_ONLY_ADDED
510,426,0.0,0.5,0.9925273119413983,,4,KG_ONLY_ADDED
510,441,0.0,1.0000000000000002,0.9925273118594522,,3,KG_ONLY_ADDED
510,546,0.0,,0.9925273118594522,,0,KG_ONLY_ADDED
511,123,0.0,0.8055555555555556,0.9999999999999951,,30,KG_ONLY_ADDED
511,126,0.0,0.4688072309384954,0.9999999999999939,,100,KG_ONLY_ADDED
511,38,0.0,0.7745966692414834,0.9999999999999938,,5,KG_ONLY_ADDED
512,562,0.0,0.5000000000000001,0.996962543657497,,6,KG_ONLY_ADDED
512,602,0.0,,0.9967489300383782,,0,KG_ONLY_ADDED
512,748,0.0,,0.9967489300383782,,0,KG_ONLY_ADDED
513,444,0.0,0.5539117094069973,0.999999999999998,,28,KG_ONLY_ADDED
513,50,0.0,0.9999999999999999,0.999999999999996,,4,KG_ONLY_ADDED
513,440,0.0,0.19611613513818402,0.999999999999996,,13,KG_ONLY_ADDED
514,300,0.0,,0.9999999999999968,,0,KG_ONLY_ADDED
514,255,0.0,,0.9999999999999946,,1,KG_ONLY_ADDED
514,377,0.0,,0.9999999999999944,,2,KG_ONLY_ADDED
515,398,0.0,1.0000000000000002,0.9999999999999978,,3,KG_ONLY_ADDED
515,509,0.0,0.903696114115064,0.9999999999999978,,7,KG_ONLY_ADDED
515,243,0.0,0.7559289460184544,0.9999999999999967,,8,KG_ONLY_ADDED
516,426,0.0,0.36980013081681945,0.9890575752990921,,23,KG_ONLY_ADDED
516,370,0.0,0.9219544457292888,0.9890575752579969,,11,KG_ONLY_ADDED
516,577,0.0,0.9091372900969896,0.9890575747006156,,8,KG_ONLY_ADDED
517,355,0.0,0.9206016138256,1.0000000000000002,,10,KG_ONLY_ADDED
517,387,0.0,,1.0000000000000002,,0,KG_ONLY_ADDED
517,540,0.0,0.7844645405527361,1.0000000000000002,,4,KG_ONLY_ADDED
518,105,0.0,0.9438798074485389,0.9999999999999946,,5,KG_ONLY_ADDED
518,184,0.0,0.9707253433941511,0.9999999999999943,,4,KG_ONLY_ADDED
518,22,0.0,,0.9999999999999936,,0,KG_ONLY_ADDED
519,46,0.0,0.9622504486493764,0.999999999999998,,6,KG_ONLY_ADDED
519,327,0.0,0.7258661863112978,0.999999999999998,,18,KG_ONLY_ADDED
519,475,0.0,0.5735458856308215,0.999999999999998,,86,KG_ONLY_ADDED
520,232,0.0,,0.999999999999997,,0,KG_ONLY_ADDED
520,139,0.0,,0.9999999999999969,,1,KG_ONLY_ADDED
520,71,0.0,,0.9999999999999962,,1,KG_ONLY_ADDED
521,11,0.0,0.4364357804719848,1.0,,4,KG_ONLY_ADDED
521,12,0.0,-0.19802950859533489,1.0,,8,KG_ONLY_ADDED
521,15,0.0,-0.10660035817780521,1.0,,8,KG_ONLY_ADDED
522,11,0.0,,1.0,,1,KG_ONLY_ADDED
522,12,0.0,0.9438798074485389,1.0,,5,KG_ONLY_ADDED
522,15,0.0,0.9428090415820635,1.0,,3,KG_ONLY_ADDED
523,148,0.0,,1.0,,1,KG_ONLY_ADDED
523,215,0.0,1.0000000000000002,1.0,,3,KG_ONLY_ADDED
523,220,0.0,,1.0,,1,KG_ONLY_ADDED
524,482,0.0,0.5194624816493197,0.9999999999999969,,45,KG_ONLY_ADDED
524,700,0.0,0.9315516419063741,0.9999999999999966,,27,KG_ONLY_ADDED
524,202,0.0,0.9486832980505138,0.9999999999999962,,6,KG_ONLY_ADDED
525,41,0.0,1.0000000000000002,0.9999999999999999,,3,KG_ONLY_ADDED
525,159,0.0,0.9428090415820635,0.9999999999999999,,3,KG_ONLY_ADDED
525,192,0.0,0.8164965809277259,0.9999999999999999,,3,KG_ONLY_ADDED
526,152,0.0,1.0000000000000002,1.0000000000000002,,3,KG_ONLY_ADDED
526,158,0.0,0.8314971796756813,1.0000000000000002,,7,KG_ONLY_ADDED
526,193,0.0,0.7071067811865475,1.0000000000000002,,8,KG_ONLY_ADDED
527,247,0.0,,1.0000000000000002,,0,KG_ONLY_ADDED
527,396,0.0,,1.0000000000000002,,1,KG_ONLY_ADDED
527,408,0.0,,1.0000000000000002,,0,KG_ONLY_ADDED
528,152,0.0,,1.0000000000000002,,0,KG_ONLY_ADDED
528,158,0.0,,1.0000000000000002,,0,KG_ONLY_ADDED
528,193,0.0,,1.0000000000000002,,1,KG_ONLY_ADDED
529,202,0.0,0.9827076298239908,0.9999999999999996,,7,KG_ONLY_ADDED
529,578,0.0,0.8034474181990732,0.9999999999999996,,54,KG_ONLY_ADDED
529,606,0.0,0.9478946531678895,0.9999999999999996,,24,KG_ONLY_ADDED
530,91,0.0,0.8743856497851876,0.9999999999999971,,13,KG_ONLY_ADDED
530,33,0.0,0.9064942077733621,0.9968692692808659,,16,KG_ONLY_ADDED
530,11,0.0,,0.9956726838180858,,1,KG_ONLY_ADDED
531,16,0.0,0.8485281374238569,1.0,,8,KG_ONLY_ADDED
531,347,0.0,0.9058216273156767,1.0,,14,KG_ONLY_ADDED
531,502,0.0,0.7071067811865476,0.9999999999999983,,6,KG_ONLY_ADDED
532,8,0.0,0.9438798074485389,1.0,,5,KG_ONLY_ADDED
532,9,0.0,0.9669875568304563,1.0,,7,KG_ONLY_ADDED
532,11,0.0,,1.0,,2,KG_ONLY_ADDED
533,123,0.0,0.821583836257749,0.999999999999995,,17,KG_ONLY_ADDED
533,126,0.0,0.5146749286021823,0.999999999999995,,22,KG_ONLY_ADDED
533,239,0.0,0.8164965809277259,0.9999999999999943,,10,KG_ONLY_ADDED
534,718,0.0,,0.9999999999999963,,0,KG_ONLY_ADDED
534,631,0.0,0.4082482904638631,0.9999999999999962,,3,KG_ONLY_ADDED
534,643,0.0,0.9007546982220901,0.9999999999999961,,11,KG_ONLY_ADDED
536,335,0.0,0.6454972243679028,0.9999999999999987,,9,KG_ONLY_ADDED
536,339,0.0,0.8387421368293257,0.9999999999999951,,15,KG_ONLY_ADDED
536,82,0.0,0.5196152422706631,0.9923914774209205,,14,KG_ONLY_ADDED
537,11,0.0,,1.0,,1,KG_ONLY_ADDED
537,12,0.0,0.6363961030678927,1.0,,10,KG_ONLY_ADDED
537,15,0.0,0.8366600265340756,1.0,,21,KG_ONLY_ADDED
538,89,0.0,0.9230769230769232,1.0000000000000002,,7,KG_ONLY_ADDED
538,336,0.0,,1.0000000000000002,,1,KG_ONLY_ADDED
538,508,0.0,0.9622504486493764,1.0000000000000002,,12,KG_ONLY_ADDED
539,11,0.0,,1.0,,2,KG_ONLY_ADDED
539,12,0.0,0.36563621206356534,1.0,,5,KG_ONLY_ADDED
539,15,0.0,-0.32539568672798425,1.0,,5,KG_ONLY_ADDED
540,355,0.0,0.6324555320336759,1.0000000000000002,,4,KG_ONLY_ADDED
540,387,0.0,,1.0000000000000002,,0,KG_ONLY_ADDED
540,517,0.0,0.7844645405527361,1.0000000000000002,,4,KG_ONLY_ADDED
541,11,0.0,0.8164965809277261,1.0,,4,KG_ONLY_ADDED
541,12,0.0,0.408248290463863,1.0,,7,KG_ONLY_ADDED
541,15,0.0,0.4880935300919764,1.0,,11,KG_ONLY_ADDED
542,11,0.0,,1.0,,0,KG_ONLY_ADDED
542,12,0.0,0.8451542547285165,1.0,,8,KG_ONLY_ADDED
542,15,0.0,0.8902638145194514,1.0,,16,KG_ONLY_ADDED
543,150,0.0,0.6546536707079772,1.0000000000000002,,9,KG_ONLY_ADDED
543,235,0.0,0.8333333333333335,1.0000000000000002,,7,KG_ONLY_ADDED
543,268,0.0,0.8164965809277259,1.0000000000000002,,3,KG_ONLY_ADDED
544,167,0.0,0.6454972243679028,0.9848326678393449,,9,KG_ONLY_ADDED
544,67,0.0,0.4919349550499537,0.984832667803279,,35,KG_ONLY_ADDED
544,104,0.0,0.45643546458763845,0.984832667803279,,54,KG_ONLY_ADDED
545,93,0.0,,0.9999999999999977,,1,KG_ONLY_ADDED
545,180,0.0,,0.9999999999999977,,1,KG_ONLY_ADDED
545,693,0.0,0.7745966692414834,0.9999999999999976,,5,KG_ONLY_ADDED
546,441,0.0,0.9258200997725514,1.0000000000000002,,7,KG_ONLY_ADDED
546,577,0.0,0.9128709291752769,0.9999999999999978,,6,KG_ONLY_ADDED
546,563,0.0,0.8944271909999159,0.9999999999999976,,5,KG_ONLY_ADDED
547,11,0.0,,1.0,,0,KG_ONLY_ADDED
547,12,0.0,,1.0,,0,KG_ONLY_ADDED
547,15,0.0,,1.0,,0,KG_ONLY_ADDED
548,437,0.0,0.944911182523068,0.9972813902475987,,13,KG_ONLY_ADDED
548,173,0.0,0.7298004491997617,0.9960434613152607,,25,KG_ONLY_ADDED
548,266,0.0,0.7417470453229207,0.9960434611021416,,29,KG_ONLY_ADDED
550,682,0.0,1.0,0.9999999999999979,,6,KG_ONLY_ADDED
550,103,0.0,0.0,0.999999999999997,,7,KG_ONLY_ADDED
550,624,0.0,,0.9999999999999969,,1,KG_ONLY_ADDED
551,9,0.0,,1.0,,2,KG_ONLY_ADDED
551,11,0.0,,1.0,,0,KG_ONLY_ADDED
551,12,0.0,1.0,1.0,,3,KG_ONLY_ADDED
552,22,0.0,,0.9999999999999972,,0,KG_ONLY_ADDED
552,436,0.0,,0.9999999999999972,,0,KG_ONLY_ADDED
552,105,0.0,0.9428090415820635,0.9999999999999966,,3,KG_ONLY_ADDED
553,11,0.0,,1.0,,1,KG_ONLY_ADDED
553,12,0.0,,1.0,,2,KG_ONLY_ADDED
553,15,0.0,0.9486832980505138,1.0,,5,KG_ONLY_ADDED
554,27,0.0,0.4082482904638631,0.9999999999999979,,3,KG_ONLY_ADDED
554,86,0.0,,0.9999999999999979,,3,KG_ONLY_ADDED
554,397,0.0,,0.9999999999999979,,2,KG_ONLY_ADDED
555,263,0.0,,0.9999999999999999,,1,KG_ONLY_ADDED
555,566,0.0,0.9999999999999998,0.9999999999999999,,5,KG_ONLY_ADDED
555,102,0.0,0.7071067811865475,0.9999999999999989,,4,KG_ONLY_ADDED
556,11,0.0,,1.0,,2,KG_ONLY_ADDED
556,12,0.0,1.0000000000000002,1.0,,3,KG_ONLY_ADDED
556,15,0.0,0.9999999999999998,1.0,,5,KG_ONLY_ADDED
557,31,0.0,0.5345224838248487,0.9999999999999977,,7,KG_ONLY_ADDED
557,140,0.0,0.3418817293789138,0.9999999999999977,,15,KG_ONLY_ADDED
557,269,0.0,0.0,0.9999999999999977,,5,KG_ONLY_ADDED
558,150,0.0,0.0,1.0000000000000002,,10,KG_ONLY_ADDED
558,235,0.0,0.7559289460184544,1.0000000000000002,,9,KG_ONLY_ADDED
558,268,0.0,0.7302967433402213,1.0000000000000002,,6,KG_ONLY_ADDED
559,149,0.0,0.8333333333333334,0.9999999999999968,,6,KG_ONLY_ADDED
559,443,0.0,1.0000000000000002,0.9848554937295954,,3,KG_ONLY_ADDED
559,681,0.0,,0.9819555261510323,,2,KG_ONLY_ADDED
560,103,0.0,0.4061811972299616,0.999999999999998,,12,KG_ONLY_ADDED
560,118,0.0,,0.9999999999999974,,1,KG_ONLY_ADDED
560,262,0.0,0.16984155512168939,0.9999999999999974,,12,KG_ONLY_ADDED
561,31,0.0,0.9428090415820635,0.9999999999999998,,3,KG_ONLY_ADDED
561,140,0.0,0.8333333333333335,0.9999999999999998,,3,KG_ONLY_ADDED
561,269,0.0,,0.9999999999999998,,1,KG_ONLY_ADDED
562,602,0.0,0.8240856434303292,0.9972881981055839,,15,KG_ONLY_ADDED
562,748,0.0,,0.9972881981055839,,0,KG_ONLY_ADDED
562,512,0.0,0.5000000000000001,0.996962543657497,,6,KG_ONLY_ADDED
563,577,0.0,0.8944271909999159,0.9999999999999993,,5,KG_ONLY_ADDED
563,441,0.0,0.8249579113843053,0.9999999999999976,,8,KG_ONLY_ADDED
563,546,0.0,0.8944271909999159,0.9999999999999976,,5,KG_ONLY_ADDED
564,148,0.0,,1.0,,0,KG_ONLY_ADDED
564,215,0.0,,1.0,,1,KG_ONLY_ADDED
564,220,0.0,,1.0,,2,KG_ONLY_ADDED
565,282,0.0,,0.9999999999999998,,1,KG_ONLY_ADDED
565,416,0.0,0.8164965809277261,0.9999999999999998,,12,KG_ONLY_ADDED
565,591,0.0,,0.9999999999999998,,0,KG_ONLY_ADDED
566,263,0.0,1.0000000000000002,0.9999999999999999,,3,KG_ONLY_ADDED
566,555,0.0,0.9999999999999998,0.9999999999999999,,5,KG_ONLY_ADDED
566,102,0.0,0.0,0.9999999999999989,,10,KG_ONLY_ADDED
567,111,0.0,1.0000000000000002,1.0000000000000004,,3,KG_ONLY_ADDED
567,329,0.0,1.0000000000000002,1.0000000000000004,,6,KG_ONLY_ADDED
567,450,0.0,0.8451542547285165,1.0000000000000004,,5,KG_ONLY_ADDED
568,601,0.0,,1.0,,2,KG_ONLY_ADDED
568,636,0.0,0.9999999999999998,1.0,,5,KG_ONLY_ADDED
568,713,0.0,,1.0,,2,KG_ONLY_ADDED
569,11,0.0,,1.0,,0,KG_ONLY_ADDED
569,12,0.0,,1.0,,2,KG_ONLY_ADDED
569,15,0.0,,1.0,,2,KG_ONLY_ADDED
570,704,0.0,0.944911182523068,0.9999999999999994,,4,KG_ONLY_ADDED
570,282,0.0,,0.9999999999999979,,1,KG_ONLY_ADDED
570,416,0.0,0.9999999999999999,0.9999999999999979,,7,KG_ONLY_ADDED
571,32,0.0,,0.9999999999999999,,1,KG_ONLY_ADDED
571,260,0.0,0.944911182523068,0.9999999999999999,,4,KG_ONLY_ADDED
571,378,0.0,0.9486832980505138,0.9999999999999999,,5,KG_ONLY_ADDED
572,11,0.0,,1.0,,0,KG_ONLY_ADDED
572,12,0.0,,1.0,,0,KG_ONLY_ADDED
572,15,0.0,,1.0,,1,KG_ONLY_ADDED
573,111,0.0,,1.0000000000000004,,0,KG_ONLY_ADDED
573,329,0.0,,1.0000000000000004,,2,KG_ONLY_ADDED
573,450,0.0,,1.0000000000000004,,2,KG_ONLY_ADDED
574,152,0.0,,1.0000000000000002,,2,KG_ONLY_ADDED
574,158,0.0,0.9750168689498874,1.0000000000000002,,7,KG_ONLY_ADDED
574,193,0.0,0.5773502691896258,1.0000000000000002,,7,KG_ONLY_ADDED
575,68,0.0,,0.9999999999999999,,2,KG_ONLY_ADDED
575,116,0.0,,0.9999999999999999,,0,KG_ONLY_ADDED
575,131,0.0,,0.9999999999999999,,0,KG_ONLY_ADDED
576,364,0.0,,0.9999999999999934,,1,KG_ONLY_ADDED
576,442,0.0,,0.9999999999999934,,1,KG_ONLY_ADDED
576,494,0.0,,0.9999999999999928,,2,KG_ONLY_ADDED
577,563,0.0,0.8944271909999159,0.9999999999999993,,5,KG_ONLY_ADDED
577,441,0.0,0.9999999999999998,0.9999999999999978,,5,KG_ONLY_ADDED
577,546,0.0,0.9128709291752769,0.9999999999999978,,6,KG_ONLY_ADDED
578,202,0.0,0.9434563530497265,0.9999999999999996,,7,KG_ONLY_ADDED
578,529,0.0,0.8034474181990732,0.9999999999999996,,54,KG_ONLY_ADDED
578,606,0.0,0.9072184232530289,0.9999999999999996,,24,KG_ONLY_ADDED
579,367,0.0,0.14433756729740646,0.9999999999999978,,9,KG_ONLY_ADDED
579,362,0.0,0.9578414886923188,0.9999999999999952,,15,KG_ONLY_ADDED
579,247,0.0,0.8749999999999998,0.999999999999995,,5,KG_ONLY_ADDED
580,68,0.0,,0.9999999999999999,,1,KG_ONLY_ADDED
580,116,0.0,,0.9999999999999999,,0,KG_ONLY_ADDED
580,131,0.0,,0.9999999999999999,,1,KG_ONLY_ADDED
581,225,0.0,0.9438798074485389,0.9999999999999951,,5,KG_ONLY_ADDED
581,504,0.0,,0.9999999999999951,,1,KG_ONLY_ADDED
581,687,0.0,0.9561828874675149,0.9999999999999951,,4,KG_ONLY_ADDED
582,11,0.0,-0.2721655269759087,1.0,,3,KG_ONLY_ADDED
582,12,0.0,0.9622504486493764,1.0,,6,KG_ONLY_ADDED
582,15,0.0,0.9486832980505138,1.0,,5,KG_ONLY_ADDED
583,434,0.0,,1.0000000000000002,,0,KG_ONLY_ADDED
583,67,0.0,0.9428090415820635,0.9924324535227974,,3,KG_ONLY_ADDED
583,104,0.0,0.8249579113843053,0.9924324535227974,,5,KG_ONLY_ADDED
584,88,0.0,1.0000000000000002,0.9999999999999971,,3,KG_ONLY_ADDED
584,617,0.0,,0.9999999999999962,,1,KG_ONLY_ADDED
584,618,0.0,,0.9999999999999956,,1,KG_ONLY_ADDED
585,632,0.0,1.0000000000000002,0.9999999999999969,,3,KG_ONLY_ADDED
585,226,0.0,,0.9911627103744395,,0,KG_ONLY_ADDED
585,63,0.0,,0.9911627091964109,,0,KG_ONLY_ADDED
586,185,0.0,0.944911182523068,0.9999999999999951,,4,KG_ONLY_ADDED
586,183,0.0,0.944911182523068,0.999999999999994,,4,KG_ONLY_ADDED
586,428,0.0,1.0000000000000002,0.999999999999994,,3,KG_ONLY_ADDED
587,435,0.0,0.9428090415820635,0.9999999999999978,,3,KG_ONLY_ADDED
587,375,0.0,0.5773502691896258,0.9884330983540645,,3,KG_ONLY_ADDED
587,224,0.0,-0.11396057645963795,0.9884330983154823,,7,KG_ONLY_ADDED
589,649,0.0,,0.9999999999999971,,2,KG_ONLY_ADDED
589,643,0.0,0.9503819266229829,0.9999999999999969,,10,KG_ONLY_ADDED
589,680,0.0,0.9647638212377322,0.9999999999999968,,8,KG_ONLY_ADDED
590,248,0.0,0.9128709291752769,1.0000000000000002,,4,KG_ONLY_ADDED
590,422,0.0,,0.9999999999999982,,2,KG_ONLY_ADDED
590,44,0.0,0.30151134457776363,0.999999999999998,,5,KG_ONLY_ADDED
591,282,0.0,,0.9999999999999998,,0,KG_ONLY_ADDED
591,416,0.0,,0.9999999999999998,,0,KG_ONLY_ADDED
591,565,0.0,,0.9999999999999998,,0,KG_ONLY_ADDED
592,11,0.0,,1.0,,0,KG_ONLY_ADDED
592,12,0.0,,1.0,,0,KG_ONLY_ADDED
592,15,0.0,0.6666666666666666,1.0,,3,KG_ONLY_ADDED
593,115,0.0,0.8498365855987975,1.0000000000000002,,11,KG_ONLY_ADDED
593,278,0.0,0.7745966692414833,1.0000000000000002,,15,KG_ONLY_ADDED
593,320,0.0,,1.0000000000000002,,0,KG_ONLY_ADDED
594,11,0.0,0.8164965809277259,1.0,,3,KG_ONLY_ADDED
594,12,0.0,0.8660254037844386,1.0,,6,KG_ONLY_ADDED
594,15,0.0,,1.0,,2,KG_ONLY_ADDED
595,170,0.0,0.7423218080230882,0.9999999999999982,,22,KG_ONLY_ADDED
595,46,0.0,,0.9999999999999973,,1,KG_ONLY_ADDED
595,327,0.0,0.936585811581694,0.9999999999999973,,11,KG_ONLY_ADDED
596,11,0.0,,1.0,,0,KG_ONLY_ADDED
596,12,0.0,0.8603090020146066,1.0,,7,KG_ONLY_ADDED
596,15,0.0,0.894427190999916,1.0,,6,KG_ONLY_ADDED
597,11,0.0,,1.0,,0,KG_ONLY_ADDED
597,12,0.0,,1.0,,2,KG_ONLY_ADDED
597,15,0.0,0.9622504486493763,1.0,,3,KG_ONLY_ADDED
598,111,0.0,,1.0000000000000004,,2,KG_ONLY_ADDED
598,329,0.0,1.0000000000000002,1.0000000000000004,,3,KG_ONLY_ADDED
598,450,0.0,0.9428090415820635,1.0000000000000004,,3,KG_ONLY_ADDED
599,679,0.0,0.9622504486493763,1.0000000000000002,,3,KG_ONLY_ADDED
599,203,0.0,0.21320071635561041,0.9999999999999974,,9,KG_ONLY_ADDED
599,182,0.0,0.6859943405700353,0.9999999999999951,,6,KG_ONLY_ADDED
600,11,0.0,,1.0,,0,KG_ONLY_ADDED
600,12,0.0,0.8392543274162825,1.0,,8,KG_ONLY_ADDED
600,15,0.0,0.9428090415820635,1.0,,9,KG_ONLY_ADDED
601,568,0.0,,1.0,,2,KG_ONLY_ADDED
601,636,0.0,1.0000000000000002,1.0,,3,KG_ONLY_ADDED
601,713,0.0,0.9622504486493763,1.0,,3,KG_ONLY_ADDED
602,748,0.0,,1.0,,2,KG_ONLY_ADDED
602,562,0.0,0.8240856434303292,0.9972881981055839,,15,KG_ONLY_ADDED
602,30,0.0,1.0,0.9971672692247812,,4,KG_ONLY_ADDED
603,690,0.0,0.4999999999999999,0.9999999999999968,,5,KG_ONLY_ADDED
603,348,0.0,,0.9999999999999967,,1,KG_ONLY_ADDED
603,213,0.0,,0.9999999999999964,,1,KG_ONLY_ADDED
604,486,0.0,,0.9999999999999946,,0,KG_ONLY_ADDED
604,49,0.0,,0.9999999999999939,,1,KG_ONLY_ADDED
604,198,0.0,,0.9999999999999939,,1,KG_ONLY_ADDED
605,445,0.0,0.7071067811865475,0.9999999999999976,,3,KG_ONLY_ADDED
605,338,0.0,,0.9999999999999972,,1,KG_ONLY_ADDED
605,449,0.0,,0.9999999999999972,,0,KG_ONLY_ADDED
606,202,0.0,0.9707253433941511,0.9999999999999996,,4,KG_ONLY_ADDED
606,529,0.0,0.9478946531678895,0.9999999999999996,,24,KG_ONLY_ADDED
606,578,0.0,0.9072184232530289,0.9999999999999996,,24,KG_ONLY_ADDED
607,464,0.0,0.8333333333333334,0.9999999999999977,,6,KG_ONLY_ADDED
607,259,0.0,1.0,0.9882265236597634,,4,KG_ONLY_ADDED
607,314,0.0,0.7492686492653552,0.9882265231708351,,19,KG_ONLY_ADDED
608,210,0.0,-0.8164965809277259,0.9911325412521955,,3,KG_ONLY_ADDED
608,484,0.0,-0.6963106238227914,0.9911325412521955,,5,KG_ONLY_ADDED
608,148,0.0,,0.9911325383628232,,2,KG_ONLY_ADDED
609,60,0.0,0.7337993857053429,0.9999999999999967,,10,KG_ONLY_ADDED
609,518,0.0,0.9486832980505138,0.9933184710651243,,4,KG_ONLY_ADDED
609,552,0.0,,0.9933184710479283,,2,KG_ONLY_ADDED
610,239,0.0,,1.0,,2,KG_ONLY_ADDED
610,365,0.0,,1.0,,1,KG_ONLY_ADDED
610,388,0.0,,1.0,,1,KG_ONLY_ADDED
611,712,0.0,,0.999999999999998,,1,KG_ONLY_ADDED
611,283,0.0,0.9999999999999998,0.9999999999999969,,10,KG_ONLY_ADDED
611,589,0.0,0.9561828874675149,0.9884414683211424,,10,KG_ONLY_ADDED
612,44,0.0,0.6172133998483676,0.9999999999999982,,4,KG_ONLY_ADDED
612,422,0.0,0.9506541513652698,0.9999999999999978,,5,KG_ONLY_ADDED
612,248,0.0,1.0000000000000002,0.9999999999999977,,3,KG_ONLY_ADDED
613,36,0.0,0.9622504486493763,1.0000000000000002,,3,KG_ONLY_ADDED
613,84,0.0,,1.0000000000000002,,0,KG_ONLY_ADDED
613,92,0.0,,1.0000000000000002,,1,KG_ONLY_ADDED
615,11,0.0,,1.0,,0,KG_ONLY_ADDED
615,12,0.0,0.9647638212377322,1.0,,4,KG_ONLY_ADDED
615,15,0.0,,1.0,,2,KG_ONLY_ADDED
616,11,0.0,,1.0,,0,KG_ONLY_ADDED
616,12,0.0,0.8749999999999998,1.0,,5,KG_ONLY_ADDED
616,15,0.0,0.944911182523068,1.0,,4,KG_ONLY_ADDED
617,88,0.0,0.9438798074485389,0.9999999999999972,,7,KG_ONLY_ADDED
617,584,0.0,,0.9999999999999962,,1,KG_ONLY_ADDED
617,618,0.0,0.8164965809277259,0.9999999999999961,,3,KG_ONLY_ADDED
618,88,0.0,0.753778361444409,0.9999999999999978,,8,KG_ONLY_ADDED
618,617,0.0,0.8164965809277259,0.9999999999999961,,3,KG_ONLY_ADDED
618,584,0.0,,0.9999999999999956,,1,KG_ONLY_ADDED
619,11,0.0,,1.0,,1,KG_ONLY_ADDED
619,12,0.0,0.9799578870122229,1.0,,6,KG_ONLY_ADDED
619,15,0.0,0.9428090415820635,1.0,,3,KG_ONLY_ADDED
620,660,0.0,0.1889822365046136,1.0000000000000004,,4,KG_ONLY_ADDED
620,152,0.0,,0.999999999999999,,0,KG_ONLY_ADDED
620,158,0.0,,0.999999999999999,,0,KG_ONLY_ADDED
621,129,0.0,,0.9898193269812737,,0,KG_ONLY_ADDED
621,264,0.0,0.9486832980505138,0.9898193269812737,,5,KG_ONLY_ADDED
621,279,0.0,0.8660254037844387,0.9898193269812737,,3,KG_ONLY_ADDED
622,67,0.0,,1.0000000000000002,,2,KG_ONLY_ADDED
622,104,0.0,,1.0000000000000002,,2,KG_ONLY_ADDED
622,121,0.0,,1.0000000000000002,,1,KG_ONLY_ADDED
623,68,0.0,,0.9999999999999999,,1,KG_ONLY_ADDED
623,116,0.0,,0.9999999999999999,,1,KG_ONLY_ADDED
623,131,0.0,,0.9999999999999999,,1,KG_ONLY_ADDED
624,103,0.0,,0.9999999999999969,,1,KG_ONLY_ADDED
624,550,0.0,,0.9999999999999969,,1,KG_ONLY_ADDED
624,682,0.0,,0.9999999999999964,,1,KG_ONLY_ADDED
625,129,0.0,0.7745966692414834,0.9999999999999999,,5,KG_ONLY_ADDED
625,264,0.0,0.9486832980505138,0.9999999999999999,,10,KG_ONLY_ADDED
625,279,0.0,0.8451542547285165,0.9999999999999999,,7,KG_ONLY_ADDED
626,11,0.0,,1.0,,0,KG_ONLY_ADDED
626,12,0.0,0.8819171036881969,1.0,,9,KG_ONLY_ADDED
626,15,0.0,0.521749194749951,1.0,,7,KG_ONLY_ADDED
627,11,0.0,0.0,1.0,,5,KG_ONLY_ADDED
627,12,0.0,0.6390096504226936,1.0,,14,KG_ONLY_ADDED
627,15,0.0,0.9258200997725515,1.0,,12,KG_ONLY_ADDED
628,41,0.0,,0.9999999999999999,,0,KG_ONLY_ADDED
628,159,0.0,,0.9999999999999999,,0,KG_ONLY_ADDED
628,192,0.0,,0.9999999999999999,,0,KG_ONLY_ADDED
629,18,0.0,,0.9999999999999997,,1,KG_ONLY_ADDED
629,274,0.0,0.4472135954999579,0.9999999999999997,,3,KG_ONLY_ADDED
629,651,0.0,0.8660254037844387,0.9999999999999997,,3,KG_ONLY_ADDED
630,502,0.0,0.5773502691896258,0.9999999999999986,,3,KG_ONLY_ADDED
630,16,0.0,,0.999999999999997,,1,KG_ONLY_ADDED
630,347,0.0,0.9438798074485389,0.999999999999997,,5,KG_ONLY_ADDED
631,505,0.0,0.7745966692414834,0.9999999999999987,,5,KG_ONLY_ADDED
631,312,0.0,0.8660254037844387,0.9999999999999979,,3,KG_ONLY_ADDED
631,466,0.0,,0.9999999999999978,,0,KG_ONLY_ADDED
632,585,0.0,1.0000000000000002,0.9999999999999969,,3,KG_ONLY_ADDED
632,226,0.0,-0.5773502691896258,0.991162709535396,,3,KG_ONLY_ADDED
632,63,0.0,,0.9911627083573669,,0,KG_ONLY_ADDED
633,669,0.0,0.8749999999999998,0.994095008228592,,5,KG_ONLY_ADDED
633,129,0.0,0.8164965809277259,0.9884181840652254,,5,KG_ONLY_ADDED
633,264,0.0,0.9999999999999998,0.9884181840652254,,5,KG_ONLY_ADDED
634,247,0.0,0.9622504486493763,1.0000000000000002,,3,KG_ONLY_ADDED
634,396,0.0,,1.0000000000000002,,2,KG_ONLY_ADDED
634,408,0.0,-0.3779644730092272,1.0000000000000002,,4,KG_ONLY_ADDED
635,479,0.0,,1.0,,2,KG_ONLY_ADDED
635,424,0.0,0.9707253433941511,0.9999999999999972,,13,KG_ONLY_ADDED
635,457,0.0,0.917662935482247,0.9999999999999972,,16,KG_ONLY_ADDED
636,568,0.0,0.9999999999999998,1.0,,5,KG_ONLY_ADDED
636,601,0.0,1.0000000000000002,1.0,,3,KG_ONLY_ADDED
636,713,0.0,,1.0,,2,KG_ONLY_ADDED
637,135,0.0,,1.0000000000000002,,2,KG_ONLY_ADDED
637,321,0.0,0.9428090415820635,0.9999999999999969,,3,KG_ONLY_ADDED
637,694,0.0,0.9438798074485389,0.9999999999999969,,5,KG_ONLY_ADDED
638,26,0.0,,0.9999999999999981,,2,KG_ONLY_ADDED
638,47,0.0,0.40555355282690625,0.9999999999999981,,10,KG_ONLY_ADDED
638,79,0.0,0.24494897427831777,0.9999999999999981,,9,KG_ONLY_ADDED
639,11,0.0,,1.0,,1,KG_ONLY_ADDED
639,12,0.0,1.0000000000000002,1.0,,3,KG_ONLY_ADDED
639,15,0.0,,1.0,,2,KG_ONLY_ADDED
640,650,0.0,,0.9999999999999996,,0,KG_ONLY_ADDED
640,621,0.0,,0.9809035042489274,,0,KG_ONLY_ADDED
640,612,0.0,,0.9758305414847185,,1,KG_ONLY_ADDED
641,466,0.0,,1.0000000000000002,,2,KG_ONLY_ADDED
641,631,0.0,,0.9999999999999978,,1,KG_ONLY_ADDED
641,505,0.0,0.7559289460184544,0.9999999999999977,,4,KG_ONLY_ADDED
642,45,0.0,0.30151134457776363,0.9999999999999979,,9,KG_ONLY_ADDED
642,429,0.0,0.09622504486493763,0.9999999999999978,,12,KG_ONLY_ADDED
642,638,0.0,0.9525793444156805,0.9999999999999978,,3,KG_ONLY_ADDED
643,680,0.0,0.9279607271383371,0.9999999999999983,,13,KG_ONLY_ADDED
643,649,0.0,,0.9999999999999976,,5,KG_ONLY_ADDED
643,152,0.0,0.9486832980505138,0.999999999999997,,4,KG_ONLY_ADDED
644,587,0.0,0.9486832980505138,0.9845533658649201,,5,KG_ONLY_ADDED
644,435,0.0,0.944911182523068,0.9845533651392554,,4,KG_ONLY_ADDED
644,63,0.0,,0.9829602255252187,,1,KG_ONLY_ADDED
645,11,0.0,-0.5773502691896257,1.0,,3,KG_ONLY_ADDED
645,12,0.0,0.9206343289100009,1.0,,13,KG_ONLY_ADDED
645,15,0.0,0.8770580193070293,1.0,,7,KG_ONLY_ADDED
646,11,0.0,,1.0,,0,KG_ONLY_ADDED
646,12,0.0,0.9428090415820635,1.0,,3,KG_ONLY_ADDED
646,15,0.0,,1.0,,2,KG_ONLY_ADDED
647,247,0.0,0.8571428571428571,1.0000000000000002,,8,KG_ONLY_ADDED
647,396,0.0,0.9428090415820635,1.0000000000000002,,6,KG_ONLY_ADDED
647,408,0.0,0.09901475429766744,1.0000000000000002,,11,KG_ONLY_ADDED
648,424,0.0,0.9486832980505138,0.9887519084483344,,5,KG_ONLY_ADDED
648,457,0.0,0.9636241116594316,0.9887519084483344,,8,KG_ONLY_ADDED
648,167,0.0,0.9561828874675149,0.9887519071184554,,4,KG_ONLY_ADDED
649,505,0.0,,0.9999999999999978,,2,KG_ONLY_ADDED
649,643,0.0,,0.9999999999999976,,5,KG_ONLY_ADDED
649,680,0.0,,0.9999999999999972,,1,KG_ONLY_ADDED
650,640,0.0,,0.9999999999999996,,0,KG_ONLY_ADDED
650,621,0.0,,0.9809035042489274,,1,KG_ONLY_ADDED
650,612,0.0,-0.6546536707079771,0.9758305414847185,,6,KG_ONLY_ADDED
651,18,0.0,0.9622504486493763,0.9999999999999997,,3,KG_ONLY_ADDED
651,274,0.0,,0.9999999999999997,,0,KG_ONLY_ADDED
651,629,0.0,0.8660254037844387,0.9999999999999997,,3,KG_ONLY_ADDED
652,111,0.0,,1.0000000000000004,,2,KG_ONLY_ADDED
652,329,0.0,0.9428090415820635,1.0000000000000004,,9,KG_ONLY_ADDED
652,450,0.0,0.625,1.0000000000000004,,7,KG_ONLY_ADDED
653,85,0.0,0.8366600265340756,1.0000000000000002,,4,KG_ONLY_ADDED
653,147,0.0,0.8996469021204839,1.0000000000000002,,11,KG_ONLY_ADDED
653,209,0.0,,1.0000000000000002,,0,KG_ONLY_ADDED
654,239,0.0,0.8164965809277259,0.9999999999999986,,3,KG_ONLY_ADDED
654,365,0.0,0.25819888974716115,0.9999999999999986,,7,KG_ONLY_ADDED
654,388,0.0,,0.9999999999999986,,5,KG_ONLY_ADDED
655,11,0.0,,1.0,,2,KG_ONLY_ADDED
655,12,0.0,0.48507125007266594,1.0,,5,KG_ONLY_ADDED
655,15,0.0,0.7071067811865475,1.0,,5,KG_ONLY_ADDED
656,28,0.0,,0.9999999999999993,,0,KG_ONLY_ADDED
656,81,0.0,0.3779644730092272,0.9999999999999993,,5,KG_ONLY_ADDED
656,328,0.0,,0.9999999999999993,,0,KG_ONLY_ADDED
657,11,0.0,,1.0,,1,KG_ONLY_ADDED
657,12,0.0,0.917662935482247,1.0,,10,KG_ONLY_ADDED
657,15,0.0,0.9112995284026161,1.0,,16,KG_ONLY_ADDED
658,8,0.0,,1.0,,1,KG_ONLY_ADDED
658,9,0.0,,1.0,,2,KG_ONLY_ADDED
658,11,0.0,,1.0,,1,KG_ONLY_ADDED
659,150,0.0,-0.4383972994809528,1.0000000000000002,,13,KG_ONLY_ADDED
659,235,0.0,0.29740895825796587,1.0000000000000002,,13,KG_ONLY_ADDED
659,268,0.0,0.50709255283711,1.0000000000000002,,6,KG_ONLY_ADDED
660,620,0.0,0.1889822365046136,1.0000000000000004,,4,KG_ONLY_ADDED
660,152,0.0,,0.999999999999999,,2,KG_ONLY_ADDED
660,158,0.0,0.9473729613780999,0.999999999999999,,8,KG_ONLY_ADDED
661,385,0.0,0.5773502691896258,0.9921271157522257,,3,KG_ONLY_ADDED
661,21,0.0,,0.9897856329483006,,2,KG_ONLY_ADDED
661,400,0.0,0.6172133998483676,0.9897856326649616,,6,KG_ONLY_ADDED
662,11,0.0,,1.0,,2,KG_ONLY_ADDED
662,12,0.0,0.8807048459279794,1.0,,8,KG_ONLY_ADDED
662,15,0.0,0.6666666666666666,1.0,,9,KG_ONLY_ADDED
663,18,0.0,,0.9999999999999997,,1,KG_ONLY_ADDED
663,274,0.0,,0.9999999999999997,,1,KG_ONLY_ADDED
663,629,0.0,,0.9999999999999997,,1,KG_ONLY_ADDED
666,11,0.0,,1.0,,1,KG_ONLY_ADDED
666,12,0.0,0.9707253433941511,1.0,,4,KG_ONLY_ADDED
666,15,0.0,0.8749999999999998,1.0,,5,KG_ONLY_ADDED
667,11,0.0,,1.0,,0,KG_ONLY_ADDED
667,12,0.0,,1.0,,2,KG_ONLY_ADDED
667,15,0.0,,1.0,,1,KG_ONLY_ADDED
668,11,0.0,,1.0,,0,KG_ONLY_ADDED
668,12,0.0,1.0,1.0,,3,KG_ONLY_ADDED
668,15,0.0,0.8642416214502248,1.0,,6,KG_ONLY_ADDED
669,633,0.0,0.8749999999999998,0.994095008228592,,5,KG_ONLY_ADDED
669,530,0.0,0.9669875568304563,0.9896850223714019,,8,KG_ONLY_ADDED
669,91,0.0,0.917662935482247,0.9896850220030473,,10,KG_ONLY_ADDED
670,150,0.0,,1.0000000000000002,,1,KG_ONLY_ADDED
670,235,0.0,,1.0000000000000002,,1,KG_ONLY_ADDED
670,268,0.0,,1.0000000000000002,,0,KG_ONLY_ADDED
671,11,0.0,-0.8164965809277259,1.0,,3,KG_ONLY_ADDED
671,12,0.0,0.9238697708743119,1.0,,10,KG_ONLY_ADDED
671,15,0.0,0.9525793444156805,1.0,,6,KG_ONLY_ADDED
672,28,0.0,0.6531972647421808,0.9999999999999993,,15,KG_ONLY_ADDED
672,81,0.0,0.6324555320336759,0.9999999999999993,,10,KG_ONLY_ADDED
672,328,0.0,0.6674238124719146,0.9999999999999993,,10,KG_ONLY_ADDED
673,35,0.0,0.7171371656006361,1.0000000000000002,,9,KG_ONLY_ADDED
673,42,0.0,0.944911182523068,1.0000000000000002,,4,KG_ONLY_ADDED
673,323,0.0,0.9999999999999998,1.0000000000000002,,5,KG_ONLY_ADDED
674,244,0.0,0.9525793444156805,0.9881761864182342,,6,KG_ONLY_ADDED
674,316,0.0,0.4082482904638631,0.9881761863511221,,6,KG_ONLY_ADDED
674,630,0.0,1.0,0.9881761855944297,,4,KG_ONLY_ADDED
675,247,0.0,,1.0000000000000002,,0,KG_ONLY_ADDED
675,396,0.0,,1.0000000000000002,,0,KG_ONLY_ADDED
675,408,0.0,,1.0000000000000002,,1,KG_ONLY_ADDED
676,710,0.0,1.0000000000000002,0.9838729080811521,,3,KG_ONLY_ADDED
676,280,0.0,0.9622504486493763,0.9838729078291542,,3,KG_ONLY_ADDED
676,366,0.0,0.41602514716892186,0.9838729072681789,,8,KG_ONLY_ADDED
677,102,0.0,,1.0000000000000007,,0,KG_ONLY_ADDED
677,153,0.0,,1.0000000000000007,,3,KG_ONLY_ADDED
677,199,0.0,,1.0000000000000007,,0,KG_ONLY_ADDED
678,213,0.0,,0.9999999999999993,,1,KG_ONLY_ADDED
678,415,0.0,0.7807200583588266,0.9999999999999993,,9,KG_ONLY_ADDED
678,348,0.0,,0.9999999999999978,,0,KG_ONLY_ADDED
679,599,0.0,0.9622504486493763,1.0000000000000002,,3,KG_ONLY_ADDED
679,203,0.0,0.6324555320336759,0.9999999999999974,,6,KG_ONLY_ADDED
679,182,0.0,0.8911327886790069,0.9999999999999951,,6,KG_ONLY_ADDED
680,643,0.0,0.9279607271383371,0.9999999999999983,,13,KG_ONLY_ADDED
680,152,0.0,0.9428090415820635,0.9999999999999978,,3,KG_ONLY_ADDED
680,158,0.0,0.9525793444156805,0.9999999999999978,,3,KG_ONLY_ADDED
681,581,0.0,0.9074852129730302,0.9982564573327218,,5,KG_ONLY_ADDED
681,431,0.0,0.8770580193070293,0.9982564571834192,,4,KG_ONLY_ADDED
681,225,0.0,0.9707253433941511,0.998256457181284,,4,KG_ONLY_ADDED
682,550,0.0,1.0,0.9999999999999979,,6,KG_ONLY_ADDED
682,103,0.0,0.16666666666666666,0.9999999999999973,,6,KG_ONLY_ADDED
682,99,0.0,-0.10206207261596577,0.999999999999997,,13,KG_ONLY_ADDED
683,11,0.0,-0.8164965809277259,1.0,,3,KG_ONLY_ADDED
683,12,0.0,0.8801724588467041,1.0,,8,KG_ONLY_ADDED
683,15,0.0,0.9116846116771036,1.0,,8,KG_ONLY_ADDED
684,85,0.0,0.9405399431259605,1.0000000000000002,,8,KG_ONLY_ADDED
684,147,0.0,0.42491829279939874,1.0000000000000002,,12,KG_ONLY_ADDED
684,209,0.0,,1.0000000000000002,,2,KG_ONLY_ADDED
685,36,0.0,0.6622661785325219,1.0000000000000002,,23,KG_ONLY_ADDED
685,84,0.0,0.9428090415820635,1.0000000000000002,,3,KG_ONLY_ADDED
685,92,0.0,-0.6120563724821229,1.0000000000000002,,8,KG_ONLY_ADDED
686,36,0.0,0.944911182523068,1.0000000000000002,,4,KG_ONLY_ADDED
686,84,0.0,,1.0000000000000002,,0,KG_ONLY_ADDED
686,92,0.0,,1.0000000000000002,,1,KG_ONLY_ADDED
687,225,0.0,,1.0000000000000007,,1,KG_ONLY_ADDED
687,504,0.0,,1.0000000000000007,,0,KG_ONLY_ADDED
687,111,0.0,,0.9999999999999987,,1,KG_ONLY_ADDED
688,67,0.0,0.8933250005738373,1.0000000000000002,,8,KG_ONLY_ADDED
688,104,0.0,0.3481553119113957,1.0000000000000002,,9,KG_ONLY_ADDED
688,121,0.0,0.9428090415820635,1.0000000000000002,,3,KG_ONLY_ADDED
689,152,0.0,1.0000000000000002,1.0000000000000002,,3,KG_ONLY_ADDED
689,158,0.0,0.9622504486493763,1.0000000000000002,,3,KG_ONLY_ADDED
689,193,0.0,0.769800358919501,1.0000000000000002,,6,KG_ONLY_ADDED
690,101,0.0,0.6933752452815365,0.9999999999999981,,10,KG_ONLY_ADDED
690,213,0.0,0.9428090415820635,0.999999999999997,,3,KG_ONLY_ADDED
690,415,0.0,0.5695214286468868,0.999999999999997,,15,KG_ONLY_ADDED
691,152,0.0,,1.0000000000000002,,0,KG_ONLY_ADDED
691,158,0.0,,1.0000000000000002,,1,KG_ONLY_ADDED
691,193,0.0,,1.0000000000000002,,2,KG_ONLY_ADDED
692,32,0.0,,0.9999999999999999,,2,KG_ONLY_ADDED
692,260,0.0,1.0000000000000002,0.9999999999999999,,3,KG_ONLY_ADDED
692,378,0.0,0.9285714285714286,0.9999999999999999,,8,KG_ONLY_ADDED
693,545,0.0,0.7745966692414834,0.9999999999999976,,5,KG_ONLY_ADDED
693,709,0.0,0.6831300510639732,0.9999999999999976,,12,KG_ONLY_ADDED
693,93,0.0,0.8838834764831843,0.9999999999999972,,5,KG_ONLY_ADDED
694,321,0.0,0.9622504486493763,1.0000000000000007,,3,KG_ONLY_ADDED
694,135,0.0,,0.9999999999999969,,1,KG_ONLY_ADDED
694,637,0.0,0.9438798074485389,0.9999999999999969,,5,KG_ONLY_ADDED
695,76,0.0,,0.9999999999999986,,1,KG_ONLY_ADDED
695,324,0.0,,0.9999999999999986,,2,KG_ONLY_ADDED
695,720,0.0,,0.9999999999999974,,2,KG_ONLY_ADDED
696,649,0.0,,0.9999999999999958,,0,KG_ONLY_ADDED
696,589,0.0,,0.9999999999999954,,0,KG_ONLY_ADDED
696,152,0.0,,0.9999999999999949,,0,KG_ONLY_ADDED
697,11,0.0,,1.0,,0,KG_ONLY_ADDED
697,12,0.0,,1.0,,1,KG_ONLY_ADDED
697,15,0.0,,1.0,,1,KG_ONLY_ADDED
698,267,0.0,0.9428090415820635,0.9999999999999962,,3,KG_ONLY_ADDED
698,234,0.0,0.7302967433402214,0.9999999999999954,,5,KG_ONLY_ADDED
698,633,0.0,,0.9859174551648053,,2,KG_ONLY_ADDED
699,11,0.0,,1.0,,0,KG_ONLY_ADDED
699,12,0.0,1.0000000000000002,1.0,,3,KG_ONLY_ADDED
699,15,0.0,,1.0,,2,KG_ONLY_ADDED
700,482,0.0,0.781126577552403,0.9999999999999984,,30,KG_ONLY_ADDED
700,334,0.0,0.7844645405527361,0.9999999999999982,,33,KG_ONLY_ADDED
700,26,0.0,0.884537962671703,0.9999999999999978,,9,KG_ONLY_ADDED
701,150,0.0,,1.0000000000000002,,3,KG_ONLY_ADDED
701,235,0.0,0.9428090415820635,1.0000000000000002,,3,KG_ONLY_ADDED
701,268,0.0,0.9428090415820635,1.0000000000000002,,3,KG_ONLY_ADDED
702,467,0.0,1.0000000000000002,0.9999999999999988,,3,KG_ONLY_ADDED
702,326,0.0,0.5773502691896258,0.9999999999999981,,3,KG_ONLY_ADDED
702,255,0.0,,0.9999999999999976,,2,KG_ONLY_ADDED
703,11,0.0,,1.0,,3,KG_ONLY_ADDED
703,12,0.0,0.6666666666666666,1.0,,3,KG_ONLY_ADDED
703,15,0.0,0.6324555320336759,1.0,,5,KG_ONLY_ADDED
704,570,0.0,0.944911182523068,0.9999999999999994,,4,KG_ONLY_ADDED
704,282,0.0,,0.9999999999999979,,0,KG_ONLY_ADDED
704,416,0.0,0.9467292624062573,0.9999999999999979,,9,KG_ONLY_ADDED
705,26,0.0,0.9827076298239908,0.9999999999999999,,7,KG_ONLY_ADDED
705,47,0.0,0.7144957674337002,0.9999999999999999,,23,KG_ONLY_ADDED
705,79,0.0,0.47075654176200427,0.9999999999999999,,28,KG_ONLY_ADDED
706,67,0.0,0.953820966476532,1.0000000000000002,,20,KG_ONLY_ADDED
706,104,0.0,0.7317274774221444,1.0000000000000002,,19,KG_ONLY_ADDED
706,121,0.0,0.9445009854081414,1.0000000000000002,,16,KG_ONLY_ADDED
707,156,0.0,0.8860856623427403,1.0,,28,KG_ONLY_ADDED
707,351,0.0,0.4601789933084222,1.0,,10,KG_ONLY_ADDED
707,392,0.0,0.8703882797784892,0.9999999999999986,,7,KG_ONLY_ADDED
709,93,0.0,0.9428090415820635,0.9999999999999986,,3,KG_ONLY_ADDED
709,180,0.0,,0.9999999999999986,,1,KG_ONLY_ADDED
709,693,0.0,0.6831300510639732,0.9999999999999976,,12,KG_ONLY_ADDED
710,366,0.0,,0.9999999999999989,,1,KG_ONLY_ADDED
710,375,0.0,0.6681531047810609,0.9999999999999958,,5,KG_ONLY_ADDED
710,224,0.0,0.9622504486493763,0.999999999999995,,3,KG_ONLY_ADDED
711,331,0.0,,0.9999999999999925,,0,KG_ONLY_ADDED
711,141,0.0,0.9561828874675149,0.9876814220353352,,5,KG_ONLY_ADDED
711,117,0.0,1.0000000000000002,0.9795659621130001,,3,KG_ONLY_ADDED
712,611,0.0,,0.999999999999998,,1,KG_ONLY_ADDED
712,283,0.0,1.0,0.9999999999999979,,4,KG_ONLY_ADDED
712,589,0.0,,0.9884414687937044,,1,KG_ONLY_ADDED
713,568,0.0,,1.0,,2,KG_ONLY_ADDED
713,601,0.0,0.9622504486493763,1.0,,3,KG_ONLY_ADDED
713,636,0.0,,1.0,,2,KG_ONLY_ADDED
714,11,0.0,,1.0,,1,KG_ONLY_ADDED
714,12,0.0,0.9434563530497265,1.0,,4,KG_ONLY_ADDED
714,15,0.0,1.0,1.0,,6,KG_ONLY_ADDED
715,152,0.0,,1.0000000000000002,,2,KG_ONLY_ADDED
715,158,0.0,0.26726124191242434,1.0000000000000002,,4,KG_ONLY_ADDED
715,193,0.0,0.5477225575051661,1.0000000000000002,,9,KG_ONLY_ADDED
716,127,0.0,,1.0000000000000004,,0,KG_ONLY_ADDED
716,216,0.0,,1.0000000000000004,,2,KG_ONLY_ADDED
716,229,0.0,,1.0000000000000004,,0,KG_ONLY_ADDED
717,127,0.0,,1.0000000000000004,,1,KG_ONLY_ADDED
717,216,0.0,0.8164965809277259,1.0000000000000004,,3,KG_ONLY_ADDED
717,229,0.0,0.944911182523068,1.0000000000000004,,4,KG_ONLY_ADDED
718,133,0.0,,0.9999999999999977,,1,KG_ONLY_ADDED
718,152,0.0,,0.9999999999999973,,1,KG_ONLY_ADDED
718,158,0.0,,0.9999999999999973,,0,KG_ONLY_ADDED
719,152,0.0,0.9428090415820635,1.0000000000000002,,3,KG_ONLY_ADDED
719,158,0.0,,1.0000000000000002,,2,KG_ONLY_ADDED
719,193,0.0,0.4714045207910316,1.0000000000000002,,6,KG_ONLY_ADDED
720,76,0.0,0.9428090415820635,0.9999999999999974,,6,KG_ONLY_ADDED
720,324,0.0,0.8749999999999998,0.9999999999999974,,5,KG_ONLY_ADDED
720,695,0.0,,0.9999999999999974,,2,KG_ONLY_ADDED
721,152,0.0,,1.0000000000000002,,2,KG_ONLY_ADDED
721,158,0.0,0.9428090415820632,1.0000000000000002,,3,KG_ONLY_ADDED
721,193,0.0,0.4999999999999999,1.0000000000000002,,6,KG_ONLY_ADDED
722,516,0.0,1.0000000000000002,0.975770573207275,,3,KG_ONLY_ADDED
722,136,0.0,,0.9744222600649861,,2,KG_ONLY_ADDED
722,103,0.0,0.8164965809277259,0.9744222586511675,,3,KG_ONLY_ADDED
723,247,0.0,,1.0000000000000002,,0,KG_ONLY_ADDED
723,396,0.0,,1.0000000000000002,,1,KG_ONLY_ADDED
723,408,0.0,,1.0000000000000002,,0,KG_ONLY_ADDED
724,150,0.0,0.6546536707079772,1.0000000000000002,,7,KG_ONLY_ADDED
724,235,0.0,1.0,1.0000000000000002,,4,KG_ONLY_ADDED
724,268,0.0,0.9622504486493763,1.0000000000000002,,3,KG_ONLY_ADDED
725,11,0.0,,1.0,,0,KG_ONLY_ADDED
725,12,0.0,,1.0,,1,KG_ONLY_ADDED
725,15,0.0,,1.0,,0,KG_ONLY_ADDED
726,247,0.0,,1.0000000000000002,,0,KG_ONLY_ADDED
726,396,0.0,1.0000000000000002,1.0000000000000002,,3,KG_ONLY_ADDED
726,408,0.0,0.0,1.0000000000000002,,3,KG_ONLY_ADDED
727,49,0.0,,1.0000000000000002,,3,KG_ONLY_ADDED
727,198,0.0,,1.0000000000000002,,1,KG_ONLY_ADDED
727,271,0.0,,1.0000000000000002,,2,KG_ONLY_ADDED
728,11,0.0,,1.0,,1,KG_ONLY_ADDED
728,12,0.0,,1.0,,2,KG_ONLY_ADDED
728,15,0.0,0.5773502691896257,1.0,,3,KG_ONLY_ADDED
729,150,0.0,0.5000000000000001,1.0000000000000002,,11,KG_ONLY_ADDED
729,235,0.0,0.8451542547285165,1.0000000000000002,,8,KG_ONLY_ADDED
729,268,0.0,1.0000000000000002,1.0000000000000002,,3,KG_ONLY_ADDED
730,11,0.0,,1.0,,1,KG_ONLY_ADDED
730,12,0.0,0.926302172234155,1.0,,14,KG_ONLY_ADDED
730,15,0.0,0.9007546982220901,1.0,,11,KG_ONLY_ADDED
731,11,0.0,,1.0,,1,KG_ONLY_ADDED
731,12,0.0,0.9429541672723838,1.0,,8,KG_ONLY_ADDED
731,15,0.0,0.9647638212377322,1.0,,7,KG_ONLY_ADDED
732,148,0.0,,1.0,,1,KG_ONLY_ADDED
732,215,0.0,,1.0,,1,KG_ONLY_ADDED
732,220,0.0,,1.0,,0,KG_ONLY_ADDED
733,148,0.0,,1.0,,2,KG_ONLY_ADDED
733,215,0.0,,1.0,,1,KG_ONLY_ADDED
733,220,0.0,,1.0,,1,KG_ONLY_ADDED
734,11,0.0,,1.0,,2,KG_ONLY_ADDED
734,12,0.0,,1.0,,7,KG_ONLY_ADDED
734,15,0.0,,1.0,,3,KG_ONLY_ADDED
736,11,0.0,,1.0,,0,KG_ONLY_ADDED
736,12,0.0,0.5773502691896258,1.0,,3,KG_ONLY_ADDED
736,15,0.0,,1.0,,1,KG_ONLY_ADDED
737,148,0.0,-0.5773502691896258,1.0,,6,KG_ONLY_ADDED
737,215,0.0,0.7071067811865475,1.0,,4,KG_ONLY_ADDED
737,220,0.0,,1.0,,2,KG_ONLY_ADDED
738,11,0.0,-0.9428090415820632,1.0,,3,KG_ONLY_ADDED
738,12,0.0,1.0000000000000002,1.0,,3,KG_ONLY_ADDED
738,15,0.0,,1.0,,2,KG_ONLY_ADDED
741,11,0.0,0.3333333333333333,1.0,,3,KG_ONLY_ADDED
741,12,0.0,0.6804138174397718,1.0,,6,KG_ONLY_ADDED
741,15,0.0,0.6324555320336759,1.0,,10,KG_ONLY_ADDED
742,11,0.0,,1.0,,1,KG_ONLY_ADDED
742,12,0.0,,1.0,,2,KG_ONLY_ADDED
742,15,0.0,,1.0,,0,KG_ONLY_ADDED
743,11,0.0,,1.0,,1,KG_ONLY_ADDED
743,12,0.0,0.8642416214502248,1.0,,6,KG_ONLY_ADDED
743,15,0.0,0.8528028654224417,1.0,,5,KG_ONLY_ADDED
744,11,0.0,,1.0,,3,KG_ONLY_ADDED
744,12,0.0,0.6286185570937122,1.0,,13,KG_ONLY_ADDED
744,15,0.0,0.6236095644623235,1.0,,15,KG_ONLY_ADDED
745,18,0.0,,0.9999999999999997,,2,KG_ONLY_ADDED
745,274,0.0,,0.9999999999999997,,1,KG_ONLY_ADDED
745,629,0.0,,0.9999999999999997,,0,KG_ONLY_ADDED
746,150,0.0,,1.0000000000000002,,0,KG_ONLY_ADDED
746,235,0.0,,1.0000000000000002,,0,KG_ONLY_ADDED
746,268,0.0,,1.0000000000000002,,0,KG_ONLY_ADDED
747,11,0.0,1.0000000000000002,1.0,,3,KG_ONLY_ADDED
747,12,0.0,,1.0,,2,KG_ONLY_ADDED
747,15,0.0,0.0,1.0,,3,KG_ONLY_ADDED
748,602,0.0,,1.0,,2,KG_ONLY_ADDED
748,562,0.0,,0.9972881981055839,,0,KG_ONLY_ADDED
748,30,0.0,,0.9971672692247812,,0,KG_ONLY_ADDED
751,127,0.0,,1.0000000000000004,,1,KG_ONLY_ADDED
751,216,0.0,,1.0000000000000004,,1,KG_ONLY_ADDED
751,229,0.0,,1.0000000000000004,,2,KG_ONLY_ADDED
752,89,0.0,,1.0000000000000002,,1,KG_ONLY_ADDED
752,336,0.0,,1.0000000000000002,,0,KG_ONLY_ADDED
752,508,0.0,0.9999999999999998,1.0000000000000002,,5,KG_ONLY_ADDED
753,150,0.0,0.5,1.0000000000000002,,4,KG_ONLY_ADDED
753,235,0.0,1.0,1.0000000000000002,,4,KG_ONLY_ADDED
753,268,0.0,,1.0000000000000002,,2,KG_ONLY_ADDED
754,150,0.0,-0.26726124191242434,1.0000000000000002,,4,KG_ONLY_ADDED
754,235,0.0,0.8164965809277259,1.0000000000000002,,3,KG_ONLY_ADDED
754,268,0.0,,1.0000000000000002,,1,KG_ONLY_ADDED
755,89,0.0,,1.0000000000000002,,1,KG_ONLY_ADDED
755,336,0.0,,1.0000000000000002,,0,KG_ONLY_ADDED
755,508,0.0,,1.0000000000000002,,1,KG_ONLY_ADDED
