source_drug_index,target_drug_index,original_similarity,task_similarity,kg_similarity,combined_score,task_overlap_count,edge_origin
0,1,0.0,0.8728715609439696,1.0,,4,ORIGINAL
0,2,0.0,0.9428090415820635,0.9633150259944552,,3,ORIGINAL
0,3,0.0,0.8581163303210331,0.9478675140998328,,8,ORIGINAL
0,4,0.0,,1.0,,0,ORIGINAL
0,5,0.0,,1.0,,2,ORIGINAL
0,6,0.0,,0.9646784562203947,,0,ORIGINAL
0,7,0.0,,1.0,,0,ORIGINAL
0,8,0.0,,1.0,,1,ORIGINAL
0,9,0.0,1.0000000000000002,1.0,,3,ORIGINAL
0,10,0.0,,,,2,ORIGINAL
1,0,0.0,0.8728715609439696,1.0,,4,ORIGINAL
1,2,0.0,0.9525793444156805,0.9633150259944552,,3,ORIGINAL
1,3,0.0,0.8970852271450606,0.9478675140998328,,11,ORIGINAL
1,4,0.0,1.0000000000000002,1.0,,3,ORIGINAL
1,5,0.0,1.0,1.0,,4,ORIGINAL
1,6,0.0,0.6092717958449424,0.9646784562203947,,8,ORIGINAL
1,7,0.0,0.9428090415820635,1.0,,3,ORIGINAL
1,8,0.0,,1.0,,2,ORIGINAL
1,9,0.0,0.9799578870122229,1.0,,6,ORIGINAL
1,10,0.0,-0.16903085094570328,,,7,ORIGINAL
2,0,0.0,0.9428090415820635,0.9633150259944552,,3,ORIGINAL
2,1,0.0,0.9525793444156805,0.9633150259944552,,3,ORIGINAL
2,3,0.0,0.9325048082403137,0.9777320874553711,,22,ORIGINAL
2,4,0.0,0.944911182523068,0.9633150259944552,,5,ORIGINAL
2,5,0.0,0.9438798074485389,0.9633150259944552,,5,ORIGINAL
2,6,0.0,0.29814239699997197,0.9658346052796958,,6,ORIGINAL
2,7,0.0,1.0000000000000002,0.9633150259944552,,3,ORIGINAL
2,8,0.0,0.8999999999999998,0.9633150259944552,,4,ORIGINAL
2,9,0.0,0.9525793444156805,0.9633150259944552,,3,ORIGINAL
2,10,0.0,-0.5773502691896257,,,6,ORIGINAL
3,0,0.0,0.8581163303210331,0.9478675140998328,,8,ORIGINAL
3,1,0.0,0.8970852271450606,0.9478675140998328,,11,ORIGINAL
3,2,0.0,0.9325048082403137,0.9777320874553711,,22,ORIGINAL
3,4,0.0,0.9237604307034013,0.9478675140998328,,10,ORIGINAL
3,5,0.0,0.9525793444156805,0.9478675140998328,,13,ORIGINAL
3,6,0.0,0.5263613559678152,0.9413488731479989,,9,ORIGINAL
3,7,0.0,0.944911182523068,0.9478675140998328,,7,ORIGINAL
3,8,0.0,0.8944271909999159,0.9478675140998328,,9,ORIGINAL
3,9,0.0,0.9090909090909091,0.9478675140998328,,5,ORIGINAL
3,10,0.0,-0.4472135954999579,,,14,ORIGINAL
4,0,0.0,,1.0,,0,ORIGINAL
4,1,0.0,1.0000000000000002,1.0,,3,ORIGINAL
4,2,0.0,0.944911182523068,0.9633150259944552,,5,ORIGINAL
4,3,0.0,0.9237604307034013,0.9478675140998328,,10,ORIGINAL
4,5,0.0,0.9574271077563381,1.0,,7,ORIGINAL
4,6,0.0,0.8563488385776753,0.9646784562203947,,6,ORIGINAL
4,7,0.0,,1.0,,2,ORIGINAL
4,8,0.0,0.8571428571428571,1.0,,5,ORIGINAL
4,9,0.0,,1.0,,2,ORIGINAL
4,10,0.0,-0.223606797749979,,,9,ORIGINAL
5,0,0.0,,1.0,,2,ORIGINAL
5,1,0.0,1.0,1.0,,4,ORIGINAL
5,2,0.0,0.9438798074485389,0.9633150259944552,,5,ORIGINAL
5,3,0.0,0.9525793444156805,0.9478675140998328,,13,ORIGINAL
5,4,0.0,0.9574271077563381,1.0,,7,ORIGINAL
5,6,0.0,0.5773502691896258,0.9646784562203947,,6,ORIGINAL
5,7,0.0,0.9561828874675149,1.0,,5,ORIGINAL
5,8,0.0,0.9464574146347642,1.0,,10,ORIGINAL
5,9,0.0,0.8728715609439696,1.0,,6,ORIGINAL
5,10,0.0,-0.12309149097933275,,,12,ORIGINAL
6,0,0.0,,0.9646784562203947,,0,ORIGINAL
6,1,0.0,0.6092717958449424,0.9646784562203947,,8,ORIGINAL
6,2,0.0,0.29814239699997197,0.9658346052796958,,6,ORIGINAL
6,3,0.0,0.5263613559678152,0.9413488731479989,,9,ORIGINAL
6,4,0.0,0.8563488385776753,0.9646784562203947,,6,ORIGINAL
6,5,0.0,0.5773502691896258,0.9646784562203947,,6,ORIGINAL
6,7,0.0,0.8749999999999998,0.9646784562203947,,5,ORIGINAL
6,8,0.0,0.8606629658238704,0.9646784562203947,,6,ORIGINAL
6,9,0.0,0.4743416490252569,0.9646784562203947,,6,ORIGINAL
6,10,0.0,0.1336306209562122,,,9,ORIGINAL
7,0,0.0,,1.0,,0,ORIGINAL
7,1,0.0,0.9428090415820635,1.0,,3,ORIGINAL
7,2,0.0,1.0000000000000002,0.9633150259944552,,3,ORIGINAL
7,3,0.0,0.944911182523068,0.9478675140998328,,7,ORIGINAL
7,4,0.0,,1.0,,2,ORIGINAL
7,5,0.0,0.9561828874675149,1.0,,5,ORIGINAL
7,6,0.0,0.8749999999999998,0.9646784562203947,,5,ORIGINAL
7,8,0.0,0.8125,1.0,,7,ORIGINAL
7,9,0.0,0.7302967433402214,1.0,,4,ORIGINAL
7,10,0.0,-0.769800358919501,,,6,ORIGINAL
8,0,0.0,,1.0,,1,ORIGINAL
8,1,0.0,,1.0,,2,ORIGINAL
8,2,0.0,0.8999999999999998,0.9633150259944552,,4,ORIGINAL
8,3,0.0,0.8944271909999159,0.9478675140998328,,9,ORIGINAL
8,4,0.0,0.8571428571428571,1.0,,5,ORIGINAL
8,5,0.0,0.9464574146347642,1.0,,10,ORIGINAL
8,6,0.0,0.8606629658238704,0.9646784562203947,,6,ORIGINAL
8,7,0.0,0.8125,1.0,,7,ORIGINAL
8,9,0.0,0.7302967433402214,1.0,,3,ORIGINAL
8,10,0.0,-0.33333333333333337,,,6,ORIGINAL
9,0,0.0,1.0000000000000002,1.0,,3,ORIGINAL
9,1,0.0,0.9799578870122229,1.0,,6,ORIGINAL
9,2,0.0,0.9525793444156805,0.9633150259944552,,3,ORIGINAL
9,3,0.0,0.9090909090909091,0.9478675140998328,,5,ORIGINAL
9,4,0.0,,1.0,,2,ORIGINAL
9,5,0.0,0.8728715609439696,1.0,,6,ORIGINAL
9,6,0.0,0.4743416490252569,0.9646784562203947,,6,ORIGINAL
9,7,0.0,0.7302967433402214,1.0,,4,ORIGINAL
9,8,0.0,0.7302967433402214,1.0,,3,ORIGINAL
9,10,0.0,0.4082482904638631,,,6,ORIGINAL
10,0,0.0,,,,2,ORIGINAL
10,1,0.0,-0.16903085094570328,,,7,ORIGINAL
10,2,0.0,-0.5773502691896257,,,6,ORIGINAL
10,3,0.0,-0.4472135954999579,,,14,ORIGINAL
10,4,0.0,-0.223606797749979,,,9,ORIGINAL
10,5,0.0,-0.12309149097933275,,,12,ORIGINAL
10,6,0.0,0.1336306209562122,,,9,ORIGINAL
10,7,0.0,-0.769800358919501,,,6,ORIGINAL
10,8,0.0,-0.33333333333333337,,,6,ORIGINAL
10,9,0.0,0.4082482904638631,,,6,ORIGINAL
11,0,0.0,0.1889822365046136,1.0,,4,ORIGINAL
11,1,0.0,0.8660254037844387,1.0,,4,ORIGINAL
11,2,0.0,-0.5773502691896257,0.9633150259944552,,3,ORIGINAL
11,3,0.0,-0.13483997249264842,0.9478675140998328,,5,ORIGINAL
11,4,0.0,,1.0,,1,ORIGINAL
11,5,0.0,,1.0,,1,ORIGINAL
11,6,0.0,,0.9646784562203947,,0,ORIGINAL
11,7,0.0,,1.0,,0,ORIGINAL
11,8,0.0,,1.0,,0,ORIGINAL
11,9,0.0,-0.2357022603955158,1.0,,3,ORIGINAL
12,0,0.0,,1.0,,2,ORIGINAL
12,1,0.0,0.8801724588467041,1.0,,8,ORIGINAL
12,2,0.0,0.917662935482247,0.9633150259944552,,10,ORIGINAL
12,3,0.0,0.9096744465929526,0.9478675140998328,,23,ORIGINAL
12,4,0.0,0.9190074972809804,1.0,,10,ORIGINAL
12,5,0.0,0.9302605094190635,1.0,,11,ORIGINAL
12,6,0.0,0.7576144084141581,0.9646784562203947,,10,ORIGINAL
12,7,0.0,0.9434563530497265,1.0,,4,ORIGINAL
12,8,0.0,0.9230769230769232,1.0,,4,ORIGINAL
12,9,0.0,1.0000000000000002,1.0,,3,ORIGINAL
13,0,0.0,0.9525793444156805,,,6,ORIGINAL
13,1,0.0,1.0,,,11,ORIGINAL
13,2,0.0,0.9197090092274486,,,13,ORIGINAL
13,3,0.0,0.8553372034476997,,,25,ORIGINAL
13,4,0.0,0.8398387664337815,,,11,ORIGINAL
13,5,0.0,0.894427190999916,,,14,ORIGINAL
13,6,0.0,0.5400617248673217,,,13,ORIGINAL
13,7,0.0,0.9525793444156805,,,9,ORIGINAL
13,8,0.0,0.9430419201928973,,,8,ORIGINAL
13,9,0.0,0.8910421112136306,,,11,ORIGINAL
14,0,0.0,0.944911182523068,0.9688240436981679,,4,ORIGINAL
14,1,0.0,0.8486684247915056,0.9688240436981679,,9,ORIGINAL
14,2,0.0,0.8189230248533257,0.9416600178977113,,12,ORIGINAL
14,3,0.0,0.9276125895432155,0.9640273215868559,,30,ORIGINAL
14,4,0.0,0.8488746876271654,0.9688240436981679,,15,ORIGINAL
14,5,0.0,0.9296696802013682,0.9688240436981679,,11,ORIGINAL
14,6,0.0,0.8902638145194514,0.9506001616253588,,13,ORIGINAL
14,7,0.0,0.8976656233969146,0.9688240436981679,,13,ORIGINAL
14,8,0.0,0.8736977528572243,0.9688240436981679,,12,ORIGINAL
14,9,0.0,0.8892972917998876,0.9688240436981679,,6,ORIGINAL
15,0,0.0,0.1889822365046136,1.0,,4,ORIGINAL
15,1,0.0,0.8999999999999998,1.0,,7,ORIGINAL
15,2,0.0,0.909154827298409,0.9633150259944552,,17,ORIGINAL
15,3,0.0,0.9428713287054149,0.9478675140998328,,19,ORIGINAL
15,4,0.0,0.9467292624062573,1.0,,6,ORIGINAL
15,5,0.0,0.4045199174779452,1.0,,10,ORIGINAL
15,6,0.0,0.6308932681440448,0.9646784562203947,,13,ORIGINAL
15,7,0.0,0.9561828874675149,1.0,,7,ORIGINAL
15,8,0.0,0.8775269089525567,1.0,,8,ORIGINAL
15,9,0.0,0.48304589153964794,1.0,,6,ORIGINAL
16,0,0.0,,0.9639813098116331,,1,ORIGINAL
16,1,0.0,0.9999999999999999,0.9639813098116331,,4,ORIGINAL
16,2,0.0,0.9999999999999998,0.9054516351274056,,5,ORIGINAL
16,3,0.0,0.9534625892455924,0.8676103609921769,,8,ORIGINAL
16,4,0.0,0.8333333333333335,0.9639813098116331,,3,ORIGINAL
16,5,0.0,,0.9639813098116331,,2,ORIGINAL
16,6,0.0,0.8728715609439696,0.9485264300328381,,4,ORIGINAL
16,7,0.0,,0.9639813098116331,,1,ORIGINAL
16,8,0.0,,0.9639813098116331,,1,ORIGINAL
16,9,0.0,,0.9639813098116331,,2,ORIGINAL
17,0,0.0,0.9428090415820635,1.0,,3,ORIGINAL
17,1,0.0,0.9444444444444444,1.0,,9,ORIGINAL
17,2,0.0,0.9103585242672971,0.9633150259944552,,13,ORIGINAL
17,3,0.0,0.8671531082505228,0.9478675140998328,,25,ORIGINAL
17,4,0.0,0.9463399022160672,1.0,,11,ORIGINAL
17,5,0.0,0.9727963492069713,1.0,,13,ORIGINAL
17,6,0.0,0.6736330697086078,0.9646784562203947,,12,ORIGINAL
17,7,0.0,0.8875203139603666,1.0,,7,ORIGINAL
17,8,0.0,0.9325048082403138,1.0,,8,ORIGINAL
17,9,0.0,0.96,1.0,,7,ORIGINAL
18,0,0.0,,0.9471904310983514,,0,ORIGINAL
18,1,0.0,0.9561828874675149,0.9471904310983514,,4,ORIGINAL
18,2,0.0,0.9258200997725516,0.9744499134770355,,6,ORIGINAL
18,3,0.0,0.9636241116594315,0.9590620043917518,,10,ORIGINAL
18,4,0.0,,0.9471904310983514,,2,ORIGINAL
18,5,0.0,0.9486832980505138,0.9471904310983514,,6,ORIGINAL
18,6,0.0,0.7717436331412897,0.9287918814548854,,5,ORIGINAL
18,7,0.0,,0.9471904310983514,,1,ORIGINAL
18,8,0.0,0.9428090415820635,0.9471904310983514,,3,ORIGINAL
18,9,0.0,0.8888888888888888,0.9471904310983514,,3,ORIGINAL
19,0,0.0,,1.0,,2,ORIGINAL
19,1,0.0,,1.0,,2,ORIGINAL
19,2,0.0,-1.0000000000000002,0.9633150259944552,,3,ORIGINAL
19,3,0.0,-1.0000000000000002,0.9478675140998328,,3,ORIGINAL
19,4,0.0,,1.0,,1,ORIGINAL
19,5,0.0,,1.0,,2,ORIGINAL
19,6,0.0,,0.9646784562203947,,1,ORIGINAL
19,7,0.0,,1.0,,0,ORIGINAL
19,8,0.0,,1.0,,0,ORIGINAL
19,9,0.0,0.0,1.0,,4,ORIGINAL
20,0,0.0,,1.0,,1,ORIGINAL
20,1,0.0,,1.0,,2,ORIGINAL
20,2,0.0,1.0000000000000002,0.9633150259944552,,6,ORIGINAL
20,3,0.0,0.8613567692141091,0.9478675140998328,,16,ORIGINAL
20,4,0.0,0.9434563530497265,1.0,,4,ORIGINAL
20,5,0.0,0.9333333333333333,1.0,,10,ORIGINAL
20,6,0.0,0.6324555320336759,0.9646784562203947,,4,ORIGINAL
20,7,0.0,0.9090909090909091,1.0,,5,ORIGINAL
20,8,0.0,0.8869685939836239,1.0,,7,ORIGINAL
20,9,0.0,,1.0,,2,ORIGINAL
21,549,0.9,0.9523809523809523,,,6,ORIGINAL
21,739,0.9,0.9761870601839528,,,5,ORIGINAL
21,0,0.0,,0.9787128308504259,,2,ORIGINAL
21,1,0.0,0.9438798074485388,0.9787128308504259,,7,ORIGINAL
21,2,0.0,0.9622504486493764,0.9352165916551258,,9,ORIGINAL
21,3,0.0,0.9140905301589133,0.9507984159514022,,16,ORIGINAL
21,4,0.0,0.9503819266229829,0.9787128308504259,,10,ORIGINAL
21,5,0.0,0.9428090415820635,0.9787128308504259,,12,ORIGINAL
21,6,0.0,0.7089175569585667,0.9503441962871676,,11,ORIGINAL
21,7,0.0,0.8421052631578946,0.9787128308504259,,7,ORIGINAL
22,0,0.0,,0.9464225387447485,,0,ORIGINAL
22,1,0.0,,0.9464225387447485,,0,ORIGINAL
22,2,0.0,,0.9364023515847217,,0,ORIGINAL
22,3,0.0,,0.946063815064017,,1,ORIGINAL
22,4,0.0,,0.9464225387447485,,1,ORIGINAL
22,5,0.0,,0.9464225387447485,,1,ORIGINAL
22,6,0.0,,0.9660329857432681,,0,ORIGINAL
22,7,0.0,,0.9464225387447485,,0,ORIGINAL
22,8,0.0,,0.9464225387447485,,0,ORIGINAL
22,9,0.0,,0.9464225387447485,,0,ORIGINAL
23,0,0.0,,0.9738458758990994,,1,ORIGINAL
23,1,0.0,0.944911182523068,0.9738458758990994,,4,ORIGINAL
23,2,0.0,0.9594032236002469,0.9545809525599896,,8,ORIGINAL
23,3,0.0,0.8997354108424374,0.9713391354286336,,17,ORIGINAL
23,4,0.0,0.9486832980505138,0.9738458758990994,,8,ORIGINAL
23,5,0.0,0.9999999999999999,0.9738458758990994,,7,ORIGINAL
23,6,0.0,0.9594032236002469,0.9212287384896999,,8,ORIGINAL
23,7,0.0,0.944911182523068,0.9738458758990994,,8,ORIGINAL
23,8,0.0,0.9622504486493764,0.9738458758990994,,6,ORIGINAL
23,9,0.0,0.9486832980505138,0.9738458758990994,,4,ORIGINAL
24,0,0.0,-0.447213595499958,0.9806790826880305,,12,ORIGINAL
24,1,0.0,0.5855400437691199,0.9806790826880305,,17,ORIGINAL
24,2,0.0,0.6199304198780667,0.9341955269643447,,21,ORIGINAL
24,3,0.0,0.42092222111001554,0.9453174429785006,,66,ORIGINAL
24,4,0.0,0.4536323543632774,0.9806790826880305,,18,ORIGINAL
24,5,0.0,0.4588314677411235,0.9806790826880305,,19,ORIGINAL
24,6,0.0,0.5714285714285714,0.9561958130021706,,18,ORIGINAL
24,7,0.0,0.7092081432669752,0.9806790826880305,,13,ORIGINAL
24,8,0.0,0.44543540318737396,0.9806790826880305,,15,ORIGINAL
24,9,0.0,0.8838834764831844,0.9806790826880305,,9,ORIGINAL
25,0,0.0,,0.9317824658482984,,2,ORIGINAL
25,1,0.0,0.8164965809277259,0.9317824658482984,,3,ORIGINAL
25,2,0.0,0.4364357804719848,0.9481723036225334,,4,ORIGINAL
25,3,0.0,0.7071067811865475,0.9184882791854332,,10,ORIGINAL
25,4,0.0,0.9428090415820635,0.9317824658482984,,3,ORIGINAL
25,5,0.0,0.5330017908890261,0.9317824658482984,,8,ORIGINAL
25,6,0.0,0.6666666666666667,0.9277148474475789,,7,ORIGINAL
25,7,0.0,0.9486832980505138,0.9317824658482984,,6,ORIGINAL
25,8,0.0,0.9486832980505138,0.9317824658482984,,4,ORIGINAL
25,9,0.0,0.2834733547569204,0.9317824658482984,,5,ORIGINAL
26,0,0.0,,0.9806790815403282,,2,ORIGINAL
26,1,0.0,1.0,0.9806790815403282,,4,ORIGINAL
26,2,0.0,0.9058216273156767,0.9341955258135484,,7,ORIGINAL
26,3,0.0,0.8333333333333334,0.9453174438792368,,12,ORIGINAL
26,4,0.0,0.9622504486493763,0.9806790815403282,,3,ORIGINAL
26,5,0.0,0.9999999999999999,0.9806790815403282,,7,ORIGINAL
26,6,0.0,0.4629100498862757,0.9561958137126199,,6,ORIGINAL
26,7,0.0,,0.9806790815403282,,2,ORIGINAL
26,8,0.0,0.9622504486493763,0.9806790815403282,,3,ORIGINAL
26,9,0.0,0.9561828874675149,0.9806790815403282,,5,ORIGINAL
27,0,0.0,,0.9472315702303523,,1,ORIGINAL
27,1,0.0,,0.9472315702303523,,1,ORIGINAL
27,2,0.0,,0.9299349183050548,,1,ORIGINAL
27,3,0.0,,0.900893001940777,,2,ORIGINAL
27,4,0.0,,0.9472315702303523,,0,ORIGINAL
27,5,0.0,0.9428090415820635,0.9472315702303523,,3,ORIGINAL
27,6,0.0,,0.9765532417861429,,0,ORIGINAL
27,7,0.0,0.9525793444156805,0.9472315702303523,,3,ORIGINAL
27,8,0.0,0.9428090415820635,0.9472315702303523,,3,ORIGINAL
27,9,0.0,,0.9472315702303523,,1,ORIGINAL
28,0,0.0,0.0,0.9633150259944552,,5,ORIGINAL
28,1,0.0,0.882522608121828,0.9633150259944552,,10,ORIGINAL
28,2,0.0,0.5477225575051661,0.9999999999999993,,11,ORIGINAL
28,3,0.0,0.4654746681256313,0.9777320874553711,,28,ORIGINAL
28,4,0.0,0.9128709291752769,0.9633150259944552,,8,ORIGINAL
28,5,0.0,0.6999999999999998,0.9633150259944552,,13,ORIGINAL
28,6,0.0,0.1690308509457033,0.9658346052796958,,14,ORIGINAL
28,7,0.0,0.5163977794943222,0.9633150259944552,,6,ORIGINAL
28,8,0.0,0.6622661785325219,0.9633150259944552,,7,ORIGINAL
28,9,0.0,0.6172133998483676,0.9633150259944552,,9,ORIGINAL
29,0,0.0,,0.9547094717688748,,1,ORIGINAL
29,1,0.0,,0.9547094717688748,,1,ORIGINAL
29,2,0.0,0.9428090415820635,0.9773974148095274,,3,ORIGINAL
29,3,0.0,0.9438798074485389,0.9866204906090082,,5,ORIGINAL
29,4,0.0,,0.9547094717688748,,1,ORIGINAL
29,5,0.0,,0.9547094717688748,,2,ORIGINAL
29,6,0.0,,0.9639000526449375,,1,ORIGINAL
29,7,0.0,,0.9547094717688748,,0,ORIGINAL
29,8,0.0,,0.9547094717688748,,1,ORIGINAL
29,9,0.0,,0.9547094717688748,,1,ORIGINAL
30,0,0.0,,0.9999999999999963,,0,ORIGINAL
30,1,0.0,0.9486832980505138,0.9999999999999963,,5,ORIGINAL
30,2,0.0,0.9467292624062573,0.963315030649272,,6,ORIGINAL
30,3,0.0,0.9293203772845849,0.9478675182060994,,13,ORIGINAL
30,4,0.0,0.9561828874675149,0.9999999999999963,,5,ORIGINAL
30,5,0.0,0.9428090415820634,0.9999999999999963,,9,ORIGINAL
30,6,0.0,0.4364357804719848,0.9646784581218443,,9,ORIGINAL
30,7,0.0,0.9723055853282466,0.9999999999999963,,8,ORIGINAL
30,8,0.0,0.9013878188659974,0.9999999999999963,,7,ORIGINAL
30,9,0.0,0.7745966692414834,0.9999999999999963,,6,ORIGINAL
31,0,0.0,,0.9265269144557784,,0,ORIGINAL
31,1,0.0,0.5,0.9265269144557784,,4,ORIGINAL
31,2,0.0,0.4082482904638631,0.8674344100157444,,3,ORIGINAL
31,3,0.0,0.5303300858899106,0.8508475952763901,,7,ORIGINAL
31,4,0.0,0.8660254037844387,0.9265269144557784,,3,ORIGINAL
31,5,0.0,0.7071067811865475,0.9265269144557784,,4,ORIGINAL
31,6,0.0,0.35355339059327373,0.9305804524064215,,6,ORIGINAL
31,7,0.0,,0.9265269144557784,,2,ORIGINAL
31,8,0.0,,0.9265269144557784,,2,ORIGINAL
31,9,0.0,0.6666666666666666,0.9265269144557784,,3,ORIGINAL
32,0,0.0,,0.961120586841919,,0,ORIGINAL
32,1,0.0,0.944911182523068,0.961120586841919,,4,ORIGINAL
32,2,0.0,,0.9521660180930676,,1,ORIGINAL
32,3,0.0,,0.9352301584940231,,2,ORIGINAL
32,4,0.0,0.9622504486493763,0.961120586841919,,3,ORIGINAL
32,5,0.0,1.0000000000000002,0.961120586841919,,3,ORIGINAL
32,6,0.0,0.3651483716701107,0.9665349418267045,,5,ORIGINAL
32,7,0.0,,0.961120586841919,,1,ORIGINAL
32,8,0.0,,0.961120586841919,,0,ORIGINAL
32,9,0.0,,0.961120586841919,,2,ORIGINAL
33,0,0.0,0.9999999999999998,0.9949147262909888,,7,ORIGINAL
33,1,0.0,0.9434563530497265,0.9949147262909888,,13,ORIGINAL
33,2,0.0,0.9061030445113443,0.9513045252701238,,10,ORIGINAL
33,3,0.0,0.8890008890013334,0.9266304177681179,,29,ORIGINAL
33,4,0.0,0.8804087784801331,0.9949147262909888,,10,ORIGINAL
33,5,0.0,0.9315516419063741,0.9949147262909888,,14,ORIGINAL
33,6,0.0,0.4803844614152614,0.9703037312415322,,12,ORIGINAL
33,7,0.0,0.968962790249909,0.9949147262909888,,6,ORIGINAL
33,8,0.0,0.8677218312746247,0.9949147262909888,,8,ORIGINAL
33,9,0.0,0.9429541672723838,0.9949147262909888,,11,ORIGINAL
34,0,0.0,,1.0,,7,ORIGINAL
34,1,0.0,0.75,1.0,,15,ORIGINAL
34,2,0.0,0.37796447300922725,0.9633150259944552,,13,ORIGINAL
34,3,0.0,0.4615930911724977,0.9478675140998328,,42,ORIGINAL
34,4,0.0,0.7071067811865476,1.0,,9,ORIGINAL
34,5,0.0,0.5477225575051661,1.0,,18,ORIGINAL
34,6,0.0,0.47673129462279606,0.9646784562203947,,19,ORIGINAL
34,7,0.0,0.5892556509887896,1.0,,9,ORIGINAL
34,8,0.0,0.6187184335382291,1.0,,11,ORIGINAL
34,9,0.0,0.6885303726590962,1.0,,10,ORIGINAL
35,0,0.0,,0.9420432252655582,,1,ORIGINAL
35,1,0.0,1.0000000000000002,0.9420432252655582,,6,ORIGINAL
35,2,0.0,0.8333333333333334,0.935694190065955,,6,ORIGINAL
35,3,0.0,0.9197090092274486,0.9599929196111939,,16,ORIGINAL
35,4,0.0,0.9761870601839528,0.9420432252655582,,5,ORIGINAL
35,5,0.0,0.9999999999999998,0.9420432252655582,,8,ORIGINAL
35,6,0.0,0.5070925528371099,0.9403748526765583,,5,ORIGINAL
35,7,0.0,0.9486832980505138,0.9420432252655582,,4,ORIGINAL
35,8,0.0,0.9561828874675149,0.9420432252655582,,5,ORIGINAL
35,9,0.0,0.769800358919501,0.9420432252655582,,4,ORIGINAL
36,0,0.0,,0.9824636481796526,,1,ORIGINAL
36,1,0.0,0.6454972243679028,0.9824636481796526,,9,ORIGINAL
36,2,0.0,0.46188021535170054,0.9373812375584477,,9,ORIGINAL
36,3,0.0,0.6092717958449424,0.9051753866614726,,17,ORIGINAL
36,4,0.0,0.6804138174397718,0.9824636481796526,,6,ORIGINAL
36,5,0.0,0.6666666666666666,0.9824636481796526,,9,ORIGINAL
36,6,0.0,0.6324555320336759,0.9655410100448671,,11,ORIGINAL
36,7,0.0,0.6933752452815365,0.9824636481796526,,7,ORIGINAL
36,8,0.0,0.6708203932499369,0.9824636481796526,,4,ORIGINAL
36,9,0.0,0.9072647087265548,0.9824636481796526,,7,ORIGINAL
37,0,0.0,,0.9787128258238049,,0,ORIGINAL
37,1,0.0,0.944911182523068,0.9787128258238049,,4,ORIGINAL
37,2,0.0,,0.9352165812195476,,2,ORIGINAL
37,3,0.0,0.944911182523068,0.9507984080426413,,4,ORIGINAL
37,4,0.0,0.9622504486493763,0.9787128258238049,,3,ORIGINAL
37,5,0.0,1.0000000000000002,0.9787128258238049,,3,ORIGINAL
37,6,0.0,0.8164965809277259,0.9503441917874439,,6,ORIGINAL
37,7,0.0,0.9622504486493763,0.9787128258238049,,3,ORIGINAL
37,8,0.0,,0.9787128258238049,,2,ORIGINAL
37,9,0.0,0.9486832980505138,0.9787128258238049,,4,ORIGINAL
38,551,0.9,,0.9246351769434363,,0,ORIGINAL
38,0,0.0,0.9999999999999998,0.9246351769434363,,5,ORIGINAL
38,1,0.0,,0.9246351769434363,,2,ORIGINAL
38,2,0.0,1.0000000000000002,0.9390073894927917,,3,ORIGINAL
38,3,0.0,1.0000000000000002,0.9530605263464157,,6,ORIGINAL
38,4,0.0,,0.9246351769434363,,0,ORIGINAL
38,5,0.0,,0.9246351769434363,,1,ORIGINAL
38,6,0.0,,0.9144329271717845,,0,ORIGINAL
38,7,0.0,,0.9246351769434363,,1,ORIGINAL
38,8,0.0,,0.9246351769434363,,1,ORIGINAL
39,0,0.0,-0.2886751345948129,0.9806790805725801,,4,ORIGINAL
39,1,0.0,0.629940788348712,0.9806790805725801,,7,ORIGINAL
39,2,0.0,0.8944271909999159,0.9341955204820873,,6,ORIGINAL
39,3,0.0,0.8176298175326768,0.9453174394304682,,19,ORIGINAL
39,4,0.0,0.8528028654224419,0.9806790805725801,,6,ORIGINAL
39,5,0.0,0.7468160448149386,0.9806790805725801,,18,ORIGINAL
39,6,0.0,0.7692307692307694,0.9561958104880408,,10,ORIGINAL
39,7,0.0,0.8964214570007952,0.9806790805725801,,8,ORIGINAL
39,8,0.0,0.890870806374748,0.9806790805725801,,9,ORIGINAL
39,9,0.0,0.5345224838248488,0.9806790805725801,,6,ORIGINAL
40,0,0.0,,0.9487238660456732,,0,ORIGINAL
40,1,0.0,0.9428090415820635,0.9487238660456732,,3,ORIGINAL
40,2,0.0,1.0,0.8891044140773785,,4,ORIGINAL
40,3,0.0,1.0,0.9153603163718335,,6,ORIGINAL
40,4,0.0,,0.9487238660456732,,2,ORIGINAL
40,5,0.0,0.9486832980505138,0.9487238660456732,,5,ORIGINAL
40,6,0.0,0.9428090415820632,0.9216289035166967,,6,ORIGINAL
40,7,0.0,0.944911182523068,0.9487238660456732,,4,ORIGINAL
40,8,0.0,0.8528028654224417,0.9487238660456732,,5,ORIGINAL
40,9,0.0,0.9428090415820635,0.9487238660456732,,3,ORIGINAL
41,0,0.0,,0.9787128262576937,,0,ORIGINAL
41,1,0.0,0.9486832980505138,0.9787128262576937,,5,ORIGINAL
41,2,0.0,0.8660254037844386,0.9352165820534446,,6,ORIGINAL
41,3,0.0,0.9058216273156767,0.9507984093464296,,12,ORIGINAL
41,4,0.0,0.9999999999999998,0.9787128262576937,,5,ORIGINAL
41,5,0.0,1.0000000000000002,0.9787128262576937,,6,ORIGINAL
41,6,0.0,0.6154574548966638,0.9503441910853968,,6,ORIGINAL
41,7,0.0,,0.9787128262576937,,2,ORIGINAL
41,8,0.0,0.9428090415820635,0.9787128262576937,,3,ORIGINAL
41,9,0.0,,0.9787128262576937,,2,ORIGINAL
42,0,0.0,,0.9420432252655582,,0,ORIGINAL
42,1,0.0,0.9999999999999998,0.9420432252655582,,5,ORIGINAL
42,2,0.0,0.9428090415820635,0.935694190065955,,3,ORIGINAL
42,3,0.0,0.8486684247915056,0.9599929196111939,,9,ORIGINAL
42,4,0.0,,0.9420432252655582,,1,ORIGINAL
42,5,0.0,0.9999999999999998,0.9420432252655582,,5,ORIGINAL
42,6,0.0,0.6324555320336759,0.9403748526765583,,5,ORIGINAL
42,7,0.0,0.944911182523068,0.9420432252655582,,4,ORIGINAL
42,8,0.0,0.9428090415820635,0.9420432252655582,,3,ORIGINAL
42,9,0.0,1.0,0.9420432252655582,,4,ORIGINAL
43,0,0.0,,0.9478675152236234,,0,ORIGINAL
43,1,0.0,,0.9478675152236234,,1,ORIGINAL
43,2,0.0,,0.9777320864904733,,1,ORIGINAL
43,3,0.0,,0.999999999999996,,2,ORIGINAL
43,4,0.0,,0.9478675152236234,,1,ORIGINAL
43,5,0.0,,0.9478675152236234,,2,ORIGINAL
43,6,0.0,,0.941348872505469,,1,ORIGINAL
43,7,0.0,,0.9478675152236234,,0,ORIGINAL
43,8,0.0,,0.9478675152236234,,0,ORIGINAL
43,9,0.0,,0.9478675152236234,,0,ORIGINAL
44,0,0.0,,0.959400934511315,,1,ORIGINAL
44,1,0.0,0.8333333333333334,0.959400934511315,,6,ORIGINAL
44,2,0.0,0.9622504486493763,0.9838151382869627,,3,ORIGINAL
44,3,0.0,0.5039526306789697,0.9455680632095379,,10,ORIGINAL
44,4,0.0,0.7453559924999299,0.959400934511315,,3,ORIGINAL
44,5,0.0,0.7745966692414834,0.959400934511315,,3,ORIGINAL
44,6,0.0,0.6546536707079772,0.9765368568814966,,4,ORIGINAL
44,7,0.0,,0.959400934511315,,1,ORIGINAL
44,8,0.0,,0.959400934511315,,2,ORIGINAL
44,9,0.0,0.7071067811865475,0.959400934511315,,3,ORIGINAL
45,0,0.0,0.0,0.9806790809612916,,3,ORIGINAL
45,1,0.0,0.17541160386140586,0.9806790809612916,,7,ORIGINAL
45,2,0.0,-0.2727272727272727,0.9341955262974632,,10,ORIGINAL
45,3,0.0,-0.24019223070763074,0.9453174448106192,,14,ORIGINAL
45,4,0.0,0.0,0.9806790809612916,,10,ORIGINAL
45,5,0.0,0.19999999999999996,0.9806790809612916,,10,ORIGINAL
45,6,0.0,0.44543540318737396,0.9561958124077936,,8,ORIGINAL
45,7,0.0,0.47140452079103173,0.9806790809612916,,3,ORIGINAL
45,8,0.0,0.19245008972987526,0.9806790809612916,,3,ORIGINAL
45,9,0.0,0.15294382258037448,0.9806790809612916,,7,ORIGINAL
46,0,0.0,,0.9557478104089453,,0,ORIGINAL
46,1,0.0,,0.9557478104089453,,2,ORIGINAL
46,2,0.0,,0.8993093781459607,,2,ORIGINAL
46,3,0.0,0.9999999999999999,0.8997410461184958,,7,ORIGINAL
46,4,0.0,1.0000000000000002,0.9557478104089453,,3,ORIGINAL
46,5,0.0,1.0000000000000002,0.9557478104089453,,6,ORIGINAL
46,6,0.0,0.33333333333333337,0.9319636192814553,,3,ORIGINAL
46,7,0.0,0.9428090415820635,0.9557478104089453,,3,ORIGINAL
46,8,0.0,0.9622504486493763,0.9557478104089453,,3,ORIGINAL
46,9,0.0,,0.9557478104089453,,1,ORIGINAL
47,0,0.0,-0.13608276348795434,0.9806790815403282,,12,ORIGINAL
47,1,0.0,0.6363636363636364,0.9806790815403282,,11,ORIGINAL
47,2,0.0,0.7071067811865476,0.9341955258135484,,18,ORIGINAL
47,3,0.0,0.4674263524428027,0.9453174438792368,,53,ORIGINAL
47,4,0.0,0.7144345083117603,0.9806790815403282,,14,ORIGINAL
47,5,0.0,0.43259045634870014,0.9806790815403282,,17,ORIGINAL
47,6,0.0,0.5590169943749475,0.9561958137126199,,17,ORIGINAL
47,7,0.0,0.9028938981432691,0.9806790815403282,,11,ORIGINAL
47,8,0.0,0.41344911529736156,0.9806790815403282,,15,ORIGINAL
47,9,0.0,0.6415330278717848,0.9806790815403282,,10,ORIGINAL
48,0,0.0,-0.8838834764831843,0.9547094764030233,,5,ORIGINAL
48,1,0.0,0.0,0.9547094764030233,,10,ORIGINAL
48,2,0.0,-0.4999999999999999,0.9773974158313353,,17,ORIGINAL
48,3,0.0,0.030386856273138193,0.9866204930985656,,40,ORIGINAL
48,4,0.0,-0.15811388300841897,0.9547094764030233,,11,ORIGINAL
48,5,0.0,-0.24174688920761409,0.9547094764030233,,16,ORIGINAL
48,6,0.0,0.27386127875258304,0.9639000552479016,,16,ORIGINAL
48,7,0.0,-0.1649572197684645,0.9547094764030233,,9,ORIGINAL
48,8,0.0,-0.45184805705753195,0.9547094764030233,,12,ORIGINAL
48,9,0.0,0.5735393346764044,0.9547094764030233,,8,ORIGINAL
49,0,0.0,,0.9623825726019074,,0,ORIGINAL
49,1,0.0,0.8451542547285165,0.9623825726019074,,7,ORIGINAL
49,2,0.0,0.8660254037844387,0.9039457242238322,,3,ORIGINAL
49,3,0.0,0.8333333333333334,0.9255037799035835,,6,ORIGINAL
49,4,0.0,0.8006407690254358,0.9623825726019074,,4,ORIGINAL
49,5,0.0,0.9999999999999998,0.9623825726019074,,5,ORIGINAL
49,6,0.0,0.6324555320336759,0.9443964430495274,,5,ORIGINAL
49,7,0.0,0.8728715609439696,0.9623825726019074,,4,ORIGINAL
49,8,0.0,,0.9623825726019074,,2,ORIGINAL
49,9,0.0,0.9701425001453319,0.9623825726019074,,5,ORIGINAL
50,0,0.0,,0.963981308086907,,2,ORIGINAL
50,1,0.0,,0.963981308086907,,2,ORIGINAL
50,2,0.0,1.0,0.9054516341796085,,4,ORIGINAL
50,3,0.0,0.9525793444156805,0.8676103614366972,,6,ORIGINAL
50,4,0.0,,0.963981308086907,,2,ORIGINAL
50,5,0.0,,0.963981308086907,,2,ORIGINAL
50,6,0.0,,0.9485264285066358,,2,ORIGINAL
50,7,0.0,,0.963981308086907,,2,ORIGINAL
50,8,0.0,,0.963981308086907,,1,ORIGINAL
50,9,0.0,,0.963981308086907,,2,ORIGINAL
51,0,0.0,,0.9487238660456732,,0,ORIGINAL
51,1,0.0,,0.9487238660456732,,2,ORIGINAL
51,2,0.0,,0.8891044140773785,,2,ORIGINAL
51,3,0.0,0.944911182523068,0.9153603163718335,,4,ORIGINAL
51,4,0.0,,0.9487238660456732,,2,ORIGINAL
51,5,0.0,1.0,0.9487238660456732,,4,ORIGINAL
51,6,0.0,0.47140452079103173,0.9216289035166967,,3,ORIGINAL
51,7,0.0,,0.9487238660456732,,2,ORIGINAL
51,8,0.0,0.9428090415820635,0.9487238660456732,,3,ORIGINAL
51,9,0.0,,0.9487238660456732,,2,ORIGINAL
52,0,0.0,,0.9824636488246707,,2,ORIGINAL
52,1,0.0,0.944911182523068,0.9824636488246707,,4,ORIGINAL
52,2,0.0,0.9999999999999998,0.9373812348760907,,5,ORIGINAL
52,3,0.0,1.0000000000000002,0.9051753836650187,,14,ORIGINAL
52,4,0.0,0.9622504486493763,0.9824636488246707,,3,ORIGINAL
52,5,0.0,0.9999999999999998,0.9824636488246707,,5,ORIGINAL
52,6,0.0,0.5976143046671968,0.9655410090056596,,8,ORIGINAL
52,7,0.0,0.8366600265340756,0.9824636488246707,,4,ORIGINAL
52,8,0.0,0.9428090415820635,0.9824636488246707,,3,ORIGINAL
52,9,0.0,0.9647638212377322,0.9824636488246707,,4,ORIGINAL
53,0,0.0,,0.9557478088171908,,1,ORIGINAL
53,1,0.0,,0.9557478088171908,,1,ORIGINAL
53,2,0.0,0.8944271909999159,0.8993093836154078,,5,ORIGINAL
53,3,0.0,0.903696114115064,0.8997410506907818,,7,ORIGINAL
53,4,0.0,0.8164965809277261,0.9557478088171908,,3,ORIGINAL
53,5,0.0,,0.9557478088171908,,2,ORIGINAL
53,6,0.0,0.5477225575051661,0.9319636230993582,,6,ORIGINAL
53,7,0.0,1.0000000000000002,0.9557478088171908,,3,ORIGINAL
53,8,0.0,,0.9557478088171908,,1,ORIGINAL
53,9,0.0,0.9622504486493763,0.9557478088171908,,3,ORIGINAL
54,0,0.0,0.0,0.9742492755433215,,12,ORIGINAL
54,1,0.0,0.6546536707079772,0.9742492755433215,,12,ORIGINAL
54,2,0.0,0.09901475429766744,0.9795683863070662,,19,ORIGINAL
54,3,0.0,0.44263520637871306,0.9598205480642865,,62,ORIGINAL
54,4,0.0,0.37282185960072,0.9742492755433215,,16,ORIGINAL
54,5,0.0,0.6324555320336759,0.9742492755433215,,22,ORIGINAL
54,6,0.0,0.6481812160876687,0.9389299221777888,,17,ORIGINAL
54,7,0.0,0.6831300510639733,0.9742492755433215,,9,ORIGINAL
54,8,0.0,0.6024640760767093,0.9742492755433215,,18,ORIGINAL
54,9,0.0,0.6943650748294136,0.9742492755433215,,10,ORIGINAL
55,0,0.0,,0.9265269148420459,,0,ORIGINAL
55,1,0.0,,0.9265269148420459,,0,ORIGINAL
55,2,0.0,,0.8674344130317274,,1,ORIGINAL
55,3,0.0,,0.8508475978985416,,2,ORIGINAL
55,4,0.0,,0.9265269148420459,,1,ORIGINAL
55,5,0.0,,0.9265269148420459,,1,ORIGINAL
55,6,0.0,,0.9305804550117657,,2,ORIGINAL
55,7,0.0,,0.9265269148420459,,1,ORIGINAL
55,8,0.0,,0.9265269148420459,,1,ORIGINAL
55,9,0.0,,0.9265269148420459,,0,ORIGINAL
56,0,0.0,,1.0,,1,ORIGINAL
56,1,0.0,0.9428090415820634,1.0,,9,ORIGINAL
56,2,0.0,0.9486832980505138,0.9633150259944552,,7,ORIGINAL
56,3,0.0,0.9036519915598482,0.9478675140998328,,20,ORIGINAL
56,4,0.0,0.9999999999999999,1.0,,4,ORIGINAL
56,5,0.0,,1.0,,2,ORIGINAL
56,6,0.0,0.7071067811865475,0.9646784562203947,,8,ORIGINAL
56,7,0.0,,1.0,,1,ORIGINAL
56,8,0.0,,1.0,,2,ORIGINAL
56,9,0.0,0.9669875568304563,1.0,,5,ORIGINAL
57,0,0.0,,0.9639813057502855,,2,ORIGINAL
57,1,0.0,1.0,0.9639813057502855,,4,ORIGINAL
57,2,0.0,0.8017837257372731,0.9054516273867759,,5,ORIGINAL
57,3,0.0,0.9090909090909091,0.8676103525548391,,8,ORIGINAL
57,4,0.0,0.9759000729485332,0.9639813057502855,,6,ORIGINAL
57,5,0.0,0.9999999999999998,0.9639813057502855,,9,ORIGINAL
57,6,0.0,0.7071067811865476,0.94852642475433,,6,ORIGINAL
57,7,0.0,0.9525793444156805,0.9639813057502855,,6,ORIGINAL
57,8,0.0,0.9622504486493763,0.9639813057502855,,3,ORIGINAL
57,9,0.0,0.8300573566392896,0.9639813057502855,,8,ORIGINAL
58,0,0.0,0.9594032236002469,0.9787128239948248,,5,ORIGINAL
58,1,0.0,0.810679228399881,0.9787128239948248,,14,ORIGINAL
58,2,0.0,0.831974200296408,0.9352165777787051,,18,ORIGINAL
58,3,0.0,0.858829815785566,0.9507984063620669,,35,ORIGINAL
58,4,0.0,0.7714285714285715,0.9787128239948248,,14,ORIGINAL
58,5,0.0,0.8979991308594849,0.9787128239948248,,18,ORIGINAL
58,6,0.0,0.6449169275100167,0.950344188060066,,15,ORIGINAL
58,7,0.0,0.8355044182110839,0.9787128239948248,,9,ORIGINAL
58,8,0.0,0.8858795678282981,0.9787128239948248,,8,ORIGINAL
58,9,0.0,0.9190074972809804,0.9787128239948248,,10,ORIGINAL
59,0,0.0,,0.9567031301265733,,1,ORIGINAL
59,1,0.0,,0.9567031301265733,,1,ORIGINAL
59,2,0.0,,0.8856912355799222,,2,ORIGINAL
59,3,0.0,,0.9004262919620052,,2,ORIGINAL
59,4,0.0,,0.9567031301265733,,2,ORIGINAL
59,5,0.0,,0.9567031301265733,,1,ORIGINAL
59,6,0.0,0.9428090415820635,0.931148514466289,,3,ORIGINAL
59,7,0.0,,0.9567031301265733,,0,ORIGINAL
59,8,0.0,,0.9567031301265733,,1,ORIGINAL
59,9,0.0,,0.9567031301265733,,1,ORIGINAL
60,0,0.0,0.0,0.9456603582648467,,6,ORIGINAL
60,1,0.0,0.24999999999999994,0.9456603582648467,,8,ORIGINAL
60,2,0.0,0.7807200583588264,0.9446835785522979,,9,ORIGINAL
60,3,0.0,0.8017837257372731,0.960305499656942,,31,ORIGINAL
60,4,0.0,0.0,0.9456603582648467,,5,ORIGINAL
60,5,0.0,0.563621480190678,0.9456603582648467,,17,ORIGINAL
60,6,0.0,0.4472135954999579,0.9683544892601538,,10,ORIGINAL
60,7,0.0,0.7236272269866327,0.9456603582648467,,10,ORIGINAL
60,8,0.0,0.46188021535170054,0.9456603582648467,,8,ORIGINAL
60,9,0.0,0.19364916731037085,0.9456603582648467,,9,ORIGINAL
61,0,0.0,0.35355339059327373,0.954790438869377,,5,ORIGINAL
61,1,0.0,0.7171371656006361,0.954790438869377,,11,ORIGINAL
61,2,0.0,0.5897678246195885,0.9499077752060535,,14,ORIGINAL
61,3,0.0,0.3984095364447979,0.9601427199486495,,34,ORIGINAL
61,4,0.0,0.5163977794943222,0.954790438869377,,12,ORIGINAL
61,5,0.0,0.447213595499958,0.954790438869377,,18,ORIGINAL
61,6,0.0,0.2773500981126146,0.9376399335293109,,12,ORIGINAL
61,7,0.0,0.8864052604279183,0.954790438869377,,10,ORIGINAL
61,8,0.0,0.39477101697586137,0.954790438869377,,12,ORIGINAL
61,9,0.0,0.8660254037844388,0.954790438869377,,7,ORIGINAL
62,0,0.0,,0.9547094758106197,,2,ORIGINAL
62,1,0.0,0.9594032236002469,0.9547094758106197,,8,ORIGINAL
62,2,0.0,0.8164965809277259,0.9773974153388738,,9,ORIGINAL
62,3,0.0,0.8199200616907878,0.9866204932488438,,21,ORIGINAL
62,4,0.0,0.5962847939999439,0.9547094758106197,,3,ORIGINAL
62,5,0.0,0.8749999999999998,0.9547094758106197,,9,ORIGINAL
62,6,0.0,0.5345224838248488,0.9639000528033324,,11,ORIGINAL
62,7,0.0,0.9258200997725514,0.9547094758106197,,7,ORIGINAL
62,8,0.0,0.8703882797784892,0.9547094758106197,,7,ORIGINAL
62,9,0.0,0.9622504486493764,0.9547094758106197,,6,ORIGINAL
63,0,0.0,,0.9699713587592962,,0,ORIGINAL
63,1,0.0,,0.9699713587592962,,2,ORIGINAL
63,2,0.0,,0.905982510957973,,0,ORIGINAL
63,3,0.0,0.857142857142857,0.8860247141839579,,4,ORIGINAL
63,4,0.0,,0.9699713587592962,,2,ORIGINAL
63,5,0.0,0.9999999999999998,0.9699713587592962,,5,ORIGINAL
63,6,0.0,,0.9660512378164053,,2,ORIGINAL
63,7,0.0,,0.9699713587592962,,2,ORIGINAL
63,8,0.0,0.9486832980505138,0.9699713587592962,,4,ORIGINAL
63,9,0.0,,0.9699713587592962,,1,ORIGINAL
64,0,0.0,,1.0,,0,ORIGINAL
64,1,0.0,0.8333333333333335,1.0,,3,ORIGINAL
64,2,0.0,,0.9633150259944552,,1,ORIGINAL
64,3,0.0,0.903696114115064,0.9478675140998328,,4,ORIGINAL
64,4,0.0,0.9058216273156767,1.0,,4,ORIGINAL
64,5,0.0,,1.0,,2,ORIGINAL
64,6,0.0,0.903696114115064,0.9646784562203947,,4,ORIGINAL
64,7,0.0,,1.0,,1,ORIGINAL
64,8,0.0,,1.0,,1,ORIGINAL
64,9,0.0,,1.0,,1,ORIGINAL
65,0,0.0,0.4714045207910316,0.95670313098527,,6,ORIGINAL
65,1,0.0,0.7071067811865475,0.95670313098527,,11,ORIGINAL
65,2,0.0,0.6556100681071858,0.8856912382551831,,16,ORIGINAL
65,3,0.0,0.5927489783638192,0.9004262932688133,,31,ORIGINAL
65,4,0.0,0.5916079783099615,0.95670313098527,,13,ORIGINAL
65,5,0.0,0.5669467095138409,0.95670313098527,,18,ORIGINAL
65,6,0.0,0.35856858280031806,0.9311485178330615,,10,ORIGINAL
65,7,0.0,0.692820323027551,0.95670313098527,,7,ORIGINAL
65,8,0.0,0.5039526306789697,0.95670313098527,,9,ORIGINAL
65,9,0.0,0.9486832980505138,0.95670313098527,,5,ORIGINAL
66,0,0.0,,1.0,,2,ORIGINAL
66,1,0.0,0.8660254037844387,1.0,,4,ORIGINAL
66,2,0.0,0.9594032236002469,0.9633150259944552,,8,ORIGINAL
66,3,0.0,0.9622504486493763,0.9478675140998328,,9,ORIGINAL
66,4,0.0,,1.0,,2,ORIGINAL
66,5,0.0,0.9428090415820635,1.0,,6,ORIGINAL
66,6,0.0,0.6324555320336759,0.9646784562203947,,3,ORIGINAL
66,7,0.0,0.944911182523068,1.0,,5,ORIGINAL
66,8,0.0,0.5962847939999439,1.0,,3,ORIGINAL
66,9,0.0,0.6172133998483676,1.0,,4,ORIGINAL
67,0,0.0,0.9561828874675149,0.9528772578999964,,7,ORIGINAL
67,1,0.0,0.9544271444636666,0.9528772578999964,,10,ORIGINAL
67,2,0.0,0.9293203772845849,0.8862136982368001,,10,ORIGINAL
67,3,0.0,0.893205911948113,0.8652361823140664,,34,ORIGINAL
67,4,0.0,0.8838834764831844,0.9528772578999964,,9,ORIGINAL
67,5,0.0,0.9231861823449956,0.9528772578999964,,12,ORIGINAL
67,6,0.0,0.643267520902677,0.950676317163076,,11,ORIGINAL
67,7,0.0,0.8636363636363636,0.9528772578999964,,10,ORIGINAL
67,8,0.0,0.9431191251430151,0.9528772578999964,,7,ORIGINAL
67,9,0.0,0.9723055853282466,0.9528772578999964,,5,ORIGINAL
68,0,0.0,0.9486832980505138,0.9865432291009868,,5,ORIGINAL
68,1,0.0,0.9999999999999999,0.9865432291009868,,7,ORIGINAL
68,2,0.0,1.0000000000000002,0.946452462077083,,3,ORIGINAL
68,3,0.0,0.9116846116771036,0.9288382417506102,,8,ORIGINAL
68,4,0.0,0.8606629658238704,0.9865432291009868,,6,ORIGINAL
68,5,0.0,0.9428090415820635,0.9865432291009868,,3,ORIGINAL
68,6,0.0,0.13608276348795434,0.9560412601772939,,6,ORIGINAL
68,7,0.0,1.0000000000000002,0.9865432291009868,,3,ORIGINAL
68,8,0.0,0.9434563530497265,0.9865432291009868,,4,ORIGINAL
68,9,0.0,0.9561828874675149,0.9865432291009868,,5,ORIGINAL
69,0,0.0,,0.9547904356008247,,2,ORIGINAL
69,1,0.0,0.24494897427831777,0.9547904356008247,,10,ORIGINAL
69,2,0.0,0.5590169943749475,0.949907779692503,,10,ORIGINAL
69,3,0.0,0.0,0.9601427262286477,,25,ORIGINAL
69,4,0.0,0.6454972243679028,0.9547904356008247,,8,ORIGINAL
69,5,0.0,0.7893522173763263,0.9547904356008247,,11,ORIGINAL
69,6,0.0,0.2519763153394848,0.9376399348472774,,10,ORIGINAL
69,7,0.0,0.8164965809277259,0.9547904356008247,,5,ORIGINAL
69,8,0.0,0.5,0.9547904356008247,,4,ORIGINAL
69,9,0.0,0.5934424260562083,0.9547904356008247,,8,ORIGINAL
70,0,0.0,0.7216878364870323,0.952820551009658,,9,ORIGINAL
70,1,0.0,0.9198662110078,0.952820551009658,,12,ORIGINAL
70,2,0.0,0.8992288030258971,0.9555396390167056,,23,ORIGINAL
70,3,0.0,0.6748111045311853,0.9747204185401228,,59,ORIGINAL
70,4,0.0,0.7348094335140691,0.952820551009658,,15,ORIGINAL
70,5,0.0,0.9428090415820635,0.952820551009658,,19,ORIGINAL
70,6,0.0,0.3999999999999999,0.9738170119085172,,17,ORIGINAL
70,7,0.0,0.9231861823449954,0.952820551009658,,10,ORIGINAL
70,8,0.0,0.9307578419910345,0.952820551009658,,13,ORIGINAL
70,9,0.0,0.8743856497851875,0.952820551009658,,13,ORIGINAL
71,0,0.0,,0.9487238655654072,,1,ORIGINAL
71,1,0.0,,0.9487238655654072,,2,ORIGINAL
71,2,0.0,-0.13483997249264842,0.8891044141448092,,5,ORIGINAL
71,3,0.0,-0.08574929257125441,0.9153603159512167,,8,ORIGINAL
71,4,0.0,-0.6471502289294341,0.9487238655654072,,4,ORIGINAL
71,5,0.0,-0.2927700218845599,0.9487238655654072,,7,ORIGINAL
71,6,0.0,0.0,0.9216289027546981,,3,ORIGINAL
71,7,0.0,,0.9487238655654072,,1,ORIGINAL
71,8,0.0,-0.9622504486493763,0.9487238655654072,,3,ORIGINAL
71,9,0.0,0.4082482904638631,0.9487238655654072,,3,ORIGINAL
72,0,0.0,0.8386278693775346,0.9080203346452346,,10,ORIGINAL
72,1,0.0,0.7106690545187015,0.9080203346452346,,15,ORIGINAL
72,2,0.0,0.810679228399881,0.8948584381044734,,20,ORIGINAL
72,3,0.0,0.7441611006409121,0.9115539263086506,,47,ORIGINAL
72,4,0.0,0.5111656508223583,0.9080203346452346,,16,ORIGINAL
72,5,0.0,0.5883484054145522,0.9080203346452346,,15,ORIGINAL
72,6,0.0,0.34655164004183603,0.8996317568729006,,22,ORIGINAL
72,7,0.0,0.890870806374748,0.9080203346452346,,9,ORIGINAL
72,8,0.0,0.7835467939002064,0.9080203346452346,,15,ORIGINAL
72,9,0.0,0.4364357804719848,0.9080203346452346,,10,ORIGINAL
73,0,0.0,,,,3,ORIGINAL
73,1,0.0,0.8333333333333334,,,6,ORIGINAL
73,2,0.0,0.7181848464596078,,,10,ORIGINAL
73,3,0.0,0.8257228238447705,,,19,ORIGINAL
73,4,0.0,0.8429272304235246,,,7,ORIGINAL
73,5,0.0,0.960768922830523,,,13,ORIGINAL
73,6,0.0,0.7302967433402214,,,10,ORIGINAL
73,7,0.0,0.7844645405527362,,,11,ORIGINAL
73,8,0.0,0.9284141650970551,,,12,ORIGINAL
73,9,0.0,0.7881104062391007,,,9,ORIGINAL
74,0,0.0,,0.9738458762311102,,1,ORIGINAL
74,1,0.0,,0.9738458762311102,,1,ORIGINAL
74,2,0.0,,0.9545809542852356,,1,ORIGINAL
74,3,0.0,0.9428090415820635,0.971339134360267,,3,ORIGINAL
74,4,0.0,,0.9738458762311102,,2,ORIGINAL
74,5,0.0,,0.9738458762311102,,2,ORIGINAL
74,6,0.0,,0.9212287398664367,,2,ORIGINAL
74,7,0.0,,0.9738458762311102,,0,ORIGINAL
74,8,0.0,,0.9738458762311102,,1,ORIGINAL
74,9,0.0,,0.9738458762311102,,2,ORIGINAL
75,0,0.0,,0.9422220987169725,,0,ORIGINAL
75,1,0.0,,0.9422220987169725,,2,ORIGINAL
75,2,0.0,,0.9481176782242603,,0,ORIGINAL
75,3,0.0,,0.9620152200530349,,2,ORIGINAL
75,4,0.0,,0.9422220987169725,,2,ORIGINAL
75,5,0.0,,0.9422220987169725,,1,ORIGINAL
75,6,0.0,0.9622504486493763,0.9297149427985862,,3,ORIGINAL
75,7,0.0,0.9622504486493763,0.9422220987169725,,3,ORIGINAL
75,8,0.0,,0.9422220987169725,,1,ORIGINAL
75,9,0.0,0.9622504486493763,0.9422220987169725,,3,ORIGINAL
76,0,0.0,0.7559289460184544,0.9132528984426408,,7,ORIGINAL
76,1,0.0,0.9622504486493763,0.9132528984426408,,12,ORIGINAL
76,2,0.0,0.8864052604279183,0.8396355169755443,,8,ORIGINAL
76,3,0.0,0.8134892168199607,0.8109206201871121,,18,ORIGINAL
76,4,0.0,0.8528028654224417,0.9132528984426408,,5,ORIGINAL
76,5,0.0,0.8944271909999159,0.9132528984426408,,6,ORIGINAL
76,6,0.0,0.8366600265340756,0.909209495872516,,8,ORIGINAL
76,7,0.0,0.944911182523068,0.9132528984426408,,7,ORIGINAL
76,8,0.0,0.857142857142857,0.9132528984426408,,4,ORIGINAL
76,9,0.0,0.9561828874675149,0.9132528984426408,,5,ORIGINAL
77,0,0.0,,0.948723862817226,,0,ORIGINAL
77,1,0.0,,0.948723862817226,,1,ORIGINAL
77,2,0.0,,0.8891044072638926,,1,ORIGINAL
77,3,0.0,,0.9153603103579822,,1,ORIGINAL
77,4,0.0,,0.948723862817226,,0,ORIGINAL
77,5,0.0,,0.948723862817226,,1,ORIGINAL
77,6,0.0,,0.9216288980902918,,0,ORIGINAL
77,7,0.0,,0.948723862817226,,1,ORIGINAL
77,8,0.0,,0.948723862817226,,0,ORIGINAL
77,9,0.0,,0.948723862817226,,1,ORIGINAL
78,0,0.0,0.4082482904638631,0.9734363229809143,,6,ORIGINAL
78,1,0.0,0.9176629354822472,0.9734363229809143,,15,ORIGINAL
78,2,0.0,0.7778174593052022,0.9372873929934409,,14,ORIGINAL
78,3,0.0,0.7164185699284198,0.9593459957627567,,34,ORIGINAL
78,4,0.0,0.8774535953713309,0.9734363229809143,,14,ORIGINAL
78,5,0.0,0.8907337387831413,0.9734363229809143,,13,ORIGINAL
78,6,0.0,0.7144345083117604,0.9352360608798272,,15,ORIGINAL
78,7,0.0,0.9112995284026161,0.9734363229809143,,10,ORIGINAL
78,8,0.0,0.9061030445113443,0.9734363229809143,,7,ORIGINAL
78,9,0.0,0.9139076937674137,0.9734363229809143,,10,ORIGINAL
79,0,0.0,-0.47140452079103173,0.9806790815403282,,12,ORIGINAL
79,1,0.0,0.5345224838248488,0.9806790815403282,,16,ORIGINAL
79,2,0.0,0.3265986323710904,0.9341955258135484,,18,ORIGINAL
79,3,0.0,0.4091585441924857,0.9453174438792368,,63,ORIGINAL
79,4,0.0,0.5848976518656018,0.9806790815403282,,17,ORIGINAL
79,5,0.0,0.76271276980969,0.9806790815403282,,15,ORIGINAL
79,6,0.0,0.27820744203732856,0.9561958137126199,,14,ORIGINAL
79,7,0.0,0.9238697708743119,0.9806790815403282,,10,ORIGINAL
79,8,0.0,0.66332495807108,0.9806790815403282,,10,ORIGINAL
79,9,0.0,0.6361464251628643,0.9806790815403282,,9,ORIGINAL
80,0,0.0,,1.0,,1,ORIGINAL
80,1,0.0,0.9428090415820635,1.0,,3,ORIGINAL
80,2,0.0,0.9486832980505138,0.9633150259944552,,5,ORIGINAL
80,3,0.0,0.9354143466934853,0.9478675140998328,,6,ORIGINAL
80,4,0.0,0.9428090415820632,1.0,,3,ORIGINAL
80,5,0.0,,1.0,,2,ORIGINAL
80,6,0.0,,0.9646784562203947,,2,ORIGINAL
80,7,0.0,,1.0,,0,ORIGINAL
80,8,0.0,,1.0,,1,ORIGINAL
80,9,0.0,,1.0,,1,ORIGINAL
81,0,0.0,,0.9633150259944552,,2,ORIGINAL
81,1,0.0,0.7499999999999999,0.9633150259944552,,5,ORIGINAL
81,2,0.0,0.7559289460184544,0.9999999999999993,,4,ORIGINAL
81,3,0.0,0.4472135954999579,0.9777320874553711,,12,ORIGINAL
81,4,0.0,,0.9633150259944552,,2,ORIGINAL
81,5,0.0,0.5773502691896258,0.9633150259944552,,7,ORIGINAL
81,6,0.0,0.7071067811865475,0.9658346052796958,,6,ORIGINAL
81,7,0.0,,0.9633150259944552,,2,ORIGINAL
81,8,0.0,0.31622776601683794,0.9633150259944552,,4,ORIGINAL
81,9,0.0,0.7559289460184544,0.9633150259944552,,4,ORIGINAL
82,0,0.0,,0.9235132152842885,,1,ORIGINAL
82,1,0.0,0.9486832980505138,0.9235132152842885,,8,ORIGINAL
82,2,0.0,0.8959786703810408,0.8568316575034316,,12,ORIGINAL
82,3,0.0,0.8427953808926898,0.8615105433622461,,22,ORIGINAL
82,4,0.0,0.9238697708743119,0.9235132152842885,,7,ORIGINAL
82,5,0.0,0.944911182523068,0.9235132152842885,,8,ORIGINAL
82,6,0.0,0.20225995873897262,0.9112126577215666,,10,ORIGINAL
82,7,0.0,0.9544271444636666,0.9235132152842885,,7,ORIGINAL
82,8,0.0,0.8164965809277261,0.9235132152842885,,3,ORIGINAL
82,9,0.0,1.0,0.9235132152842885,,5,ORIGINAL
83,0,0.0,,,,1,ORIGINAL
83,1,0.0,,,,1,ORIGINAL
83,2,0.0,,,,0,ORIGINAL
83,3,0.0,,,,1,ORIGINAL
83,4,0.0,,,,1,ORIGINAL
83,5,0.0,,,,1,ORIGINAL
83,6,0.0,,,,1,ORIGINAL
83,7,0.0,,,,1,ORIGINAL
83,8,0.0,,,,0,ORIGINAL
83,9,0.0,,,,0,ORIGINAL
84,0,0.0,,0.9824636481796526,,0,ORIGINAL
84,1,0.0,,0.9824636481796526,,1,ORIGINAL
84,2,0.0,,0.9373812375584477,,0,ORIGINAL
84,3,0.0,,0.9051753866614726,,0,ORIGINAL
84,4,0.0,,0.9824636481796526,,1,ORIGINAL
84,5,0.0,,0.9824636481796526,,0,ORIGINAL
84,6,0.0,,0.9655410100448671,,1,ORIGINAL
84,7,0.0,,0.9824636481796526,,1,ORIGINAL
84,8,0.0,,0.9824636481796526,,0,ORIGINAL
84,9,0.0,,0.9824636481796526,,0,ORIGINAL
85,0,0.0,,0.9734363214507032,,1,ORIGINAL
85,1,0.0,0.9486832980505138,0.9734363214507032,,6,ORIGINAL
85,2,0.0,0.944911182523068,0.9372873897695143,,5,ORIGINAL
85,3,0.0,0.8642416214502248,0.9593459940786431,,15,ORIGINAL
85,4,0.0,0.9,0.9734363214507032,,7,ORIGINAL
85,5,0.0,0.944911182523068,0.9734363214507032,,7,ORIGINAL
85,6,0.0,0.807207352795575,0.9352360575243936,,8,ORIGINAL
85,7,0.0,0.9013878188659974,0.9734363214507032,,7,ORIGINAL
85,8,0.0,0.9561828874675149,0.9734363214507032,,4,ORIGINAL
85,9,0.0,0.9449111825230682,0.9734363214507032,,6,ORIGINAL
86,0,0.0,0.8366600265340756,0.9472315702303523,,4,ORIGINAL
86,1,0.0,0.9622504486493764,0.9472315702303523,,6,ORIGINAL
86,2,0.0,0.9525793444156805,0.9299349183050548,,6,ORIGINAL
86,3,0.0,0.8999999999999998,0.900893001940777,,8,ORIGINAL
86,4,0.0,1.0000000000000002,0.9472315702303523,,3,ORIGINAL
86,5,0.0,0.8485281374238569,0.9472315702303523,,5,ORIGINAL
86,6,0.0,0.6024640760767093,0.9765532417861429,,6,ORIGINAL
86,7,0.0,0.9434563530497265,0.9472315702303523,,4,ORIGINAL
86,8,0.0,0.8333333333333335,0.9472315702303523,,3,ORIGINAL
86,9,0.0,1.0000000000000002,0.9472315702303523,,4,ORIGINAL
87,0,0.0,,0.9616716928623402,,2,ORIGINAL
87,1,0.0,0.9486832980505138,0.9616716928623402,,5,ORIGINAL
87,2,0.0,0.8775269089525567,0.9692984716891562,,8,ORIGINAL
87,3,0.0,0.9486832980505138,0.9711647492370729,,12,ORIGINAL
87,4,0.0,,0.9616716928623402,,2,ORIGINAL
87,5,0.0,0.9999999999999998,0.9616716928623402,,5,ORIGINAL
87,6,0.0,0.36927447293799825,0.9700823588710892,,8,ORIGINAL
87,7,0.0,0.9486832980505138,0.9616716928623402,,4,ORIGINAL
87,8,0.0,0.9622504486493763,0.9616716928623402,,3,ORIGINAL
87,9,0.0,0.9622504486493764,0.9616716928623402,,6,ORIGINAL
88,0,0.0,0.8728715609439696,0.9351398079168451,,4,ORIGINAL
88,1,0.0,0.8189230248533257,0.9351398079168451,,11,ORIGINAL
88,2,0.0,0.8090398349558904,0.8567595611332847,,13,ORIGINAL
88,3,0.0,0.7177070005460101,0.852217301321378,,24,ORIGINAL
88,4,0.0,0.8017837257372731,0.9351398079168451,,10,ORIGINAL
88,5,0.0,0.8181818181818182,0.9351398079168451,,11,ORIGINAL
88,6,0.0,0.7856742013183862,0.9311348229410946,,14,ORIGINAL
88,7,0.0,0.899954085146515,0.9351398079168451,,10,ORIGINAL
88,8,0.0,0.6236095644623236,0.9351398079168451,,9,ORIGINAL
88,9,0.0,0.7444375004781978,0.9351398079168451,,12,ORIGINAL
89,0,0.0,,0.9623825744921536,,1,ORIGINAL
89,1,0.0,0.9622504486493763,0.9623825744921536,,3,ORIGINAL
89,2,0.0,,0.9039457247248888,,2,ORIGINAL
89,3,0.0,0.9428090415820635,0.9255037785690072,,3,ORIGINAL
89,4,0.0,,0.9623825744921536,,2,ORIGINAL
89,5,0.0,,0.9623825744921536,,2,ORIGINAL
89,6,0.0,0.4082482904638631,0.9443964442816921,,3,ORIGINAL
89,7,0.0,,0.9623825744921536,,2,ORIGINAL
89,8,0.0,,0.9623825744921536,,0,ORIGINAL
89,9,0.0,1.0,0.9623825744921536,,3,ORIGINAL
90,0,0.0,,1.0,,1,ORIGINAL
90,1,0.0,,1.0,,1,ORIGINAL
90,2,0.0,,0.9633150259944552,,2,ORIGINAL
90,3,0.0,0.0,0.9478675140998328,,7,ORIGINAL
90,4,0.0,,1.0,,2,ORIGINAL
90,5,0.0,1.0000000000000002,1.0,,3,ORIGINAL
90,6,0.0,-0.47140452079103173,0.9646784562203947,,3,ORIGINAL
90,7,0.0,,1.0,,2,ORIGINAL
90,8,0.0,,1.0,,1,ORIGINAL
90,9,0.0,,1.0,,0,ORIGINAL
91,0,0.0,0.9428090415820635,0.9956726838601369,,3,ORIGINAL
91,1,0.0,0.8770580193070293,0.9956726838601369,,7,ORIGINAL
91,2,0.0,0.9014978717104176,0.9546407661653675,,9,ORIGINAL
91,3,0.0,0.8375256863895691,0.9307724805942568,,15,ORIGINAL
91,4,0.0,0.8946300779688404,0.9956726838601369,,11,ORIGINAL
91,5,0.0,0.9302605094190635,0.9956726838601369,,11,ORIGINAL
91,6,0.0,0.7190924955066749,0.969364913784642,,9,ORIGINAL
91,7,0.0,0.9594032236002469,0.9956726838601369,,5,ORIGINAL
91,8,0.0,0.9431191251430151,0.9956726838601369,,7,ORIGINAL
91,9,0.0,0.9128709291752769,0.9956726838601369,,6,ORIGINAL
92,0,0.0,,0.9824636481796526,,1,ORIGINAL
92,1,0.0,,0.9824636481796526,,2,ORIGINAL
92,2,0.0,-0.7071067811865475,0.9373812375584477,,4,ORIGINAL
92,3,0.0,-0.5661385170722979,0.9051753866614726,,6,ORIGINAL
92,4,0.0,-0.960768922830523,0.9824636481796526,,4,ORIGINAL
92,5,0.0,-0.9999999999999998,0.9824636481796526,,3,ORIGINAL
92,6,0.0,,0.9655410100448671,,1,ORIGINAL
92,7,0.0,,0.9824636481796526,,1,ORIGINAL
92,8,0.0,,0.9824636481796526,,1,ORIGINAL
92,9,0.0,,0.9824636481796526,,1,ORIGINAL
93,0,0.0,,0.9828880247457558,,1,ORIGINAL
93,1,0.0,,0.9828880247457558,,2,ORIGINAL
93,2,0.0,,0.9652308224183486,,2,ORIGINAL
93,3,0.0,0.9486832980505138,0.9370246141133267,,8,ORIGINAL
93,4,0.0,0.9091372900969896,0.9828880247457558,,5,ORIGINAL
93,5,0.0,0.9438798074485389,0.9828880247457558,,5,ORIGINAL
93,6,0.0,0.7337993857053429,0.9391354050079499,,4,ORIGINAL
93,7,0.0,0.9622504486493763,0.9828880247457558,,3,ORIGINAL
93,8,0.0,0.8164965809277261,0.9828880247457558,,3,ORIGINAL
93,9,0.0,1.0000000000000002,0.9828880247457558,,3,ORIGINAL
94,0,0.0,0.8660254037844387,1.0,,4,ORIGINAL
94,1,0.0,1.0,1.0,,4,ORIGINAL
94,2,0.0,0.9622504486493763,0.9633150259944552,,9,ORIGINAL
94,3,0.0,0.8682431421244593,0.9478675140998328,,13,ORIGINAL
94,4,0.0,0.9486832980505138,1.0,,4,ORIGINAL
94,5,0.0,0.9128709291752769,1.0,,6,ORIGINAL
94,6,0.0,0.8728715609439696,0.9646784562203947,,7,ORIGINAL
94,7,0.0,0.9438798074485389,1.0,,5,ORIGINAL
94,8,0.0,0.944911182523068,1.0,,4,ORIGINAL
94,9,0.0,0.9707253433941511,1.0,,4,ORIGINAL
95,0,0.0,0.778498944161523,0.9646784562203947,,8,ORIGINAL
95,1,0.0,0.8333333333333334,0.9646784562203947,,14,ORIGINAL
95,2,0.0,0.9435641951204965,0.9658346052796958,,12,ORIGINAL
95,3,0.0,0.8396742695628601,0.9413488731479989,,40,ORIGINAL
95,4,0.0,0.9153651166903976,0.9646784562203947,,13,ORIGINAL
95,5,0.0,0.949157995752499,0.9646784562203947,,13,ORIGINAL
95,6,0.0,0.758287544405155,1.0,,16,ORIGINAL
95,7,0.0,0.9190074972809804,0.9646784562203947,,10,ORIGINAL
95,8,0.0,0.8846153846153847,0.9646784562203947,,11,ORIGINAL
95,9,0.0,0.8755950357709132,0.9646784562203947,,9,ORIGINAL
96,0,0.0,,0.9491930669201585,,0,ORIGINAL
96,1,0.0,0.9999999999999998,0.9491930669201585,,5,ORIGINAL
96,2,0.0,0.8164965809277261,0.898208499593919,,3,ORIGINAL
96,3,0.0,0.8728715609439696,0.9347576607169601,,4,ORIGINAL
96,4,0.0,,0.9491930669201585,,2,ORIGINAL
96,5,0.0,,0.9491930669201585,,2,ORIGINAL
96,6,0.0,0.8660254037844387,0.9108329883177162,,3,ORIGINAL
96,7,0.0,,0.9491930669201585,,1,ORIGINAL
96,8,0.0,,0.9491930669201585,,2,ORIGINAL
96,9,0.0,0.9622504486493763,0.9491930669201585,,3,ORIGINAL
97,0,0.0,,0.9698241226066039,,1,ORIGINAL
97,1,0.0,-1.0,0.9698241226066039,,4,ORIGINAL
97,2,0.0,0.13608276348795434,0.9262816005453854,,6,ORIGINAL
97,3,0.0,-0.45226701686664544,0.9415317566001257,,11,ORIGINAL
97,4,0.0,-0.09622504486493763,0.9698241226066039,,6,ORIGINAL
97,5,0.0,-1.0,0.9698241226066039,,4,ORIGINAL
97,6,0.0,-0.3779644730092272,0.9304604919609447,,7,ORIGINAL
97,7,0.0,-0.9428090415820635,0.9698241226066039,,3,ORIGINAL
97,8,0.0,,0.9698241226066039,,2,ORIGINAL
97,9,0.0,-0.7592566023652966,0.9698241226066039,,5,ORIGINAL
98,0,0.0,,0.95574781007702,,1,ORIGINAL
98,1,0.0,0.9430419201928973,0.95574781007702,,8,ORIGINAL
98,2,0.0,0.9486832980505138,0.8993093807497172,,9,ORIGINAL
98,3,0.0,0.9428090415820635,0.8997410434634698,,15,ORIGINAL
98,4,0.0,0.9090909090909091,0.95574781007702,,5,ORIGINAL
98,5,0.0,0.9827076298239908,0.95574781007702,,7,ORIGINAL
98,6,0.0,0.45596075258755325,0.93196361949731,,13,ORIGINAL
98,7,0.0,0.9411764705882353,0.95574781007702,,8,ORIGINAL
98,8,0.0,0.9506541513652698,0.95574781007702,,5,ORIGINAL
98,9,0.0,0.9101820546182064,0.95574781007702,,6,ORIGINAL
99,0,0.0,-0.5773502691896258,0.9547094736086935,,6,ORIGINAL
99,1,0.0,-0.20203050891044214,0.9547094736086935,,11,ORIGINAL
99,2,0.0,0.0890870806374748,0.9773974139104082,,12,ORIGINAL
99,3,0.0,0.031497039417435604,0.9866204929669522,,41,ORIGINAL
99,4,0.0,-0.06900655593423542,0.9547094736086935,,12,ORIGINAL
99,5,0.0,0.0,0.9547094736086935,,19,ORIGINAL
99,6,0.0,0.0,0.9639000516792832,,13,ORIGINAL
99,7,0.0,-0.12909944487358055,0.9547094736086935,,8,ORIGINAL
99,8,0.0,-0.24494897427831777,0.9547094736086935,,12,ORIGINAL
99,9,0.0,-0.7499999999999999,0.9547094736086935,,6,ORIGINAL
100,739,0.9,,,,2,ORIGINAL
100,0,0.0,,0.9632457831579975,,0,ORIGINAL
100,1,0.0,1.0,0.9632457831579975,,4,ORIGINAL
100,2,0.0,0.944911182523068,0.9237231560918671,,4,ORIGINAL
100,3,0.0,0.7777777777777778,0.9222332351262317,,9,ORIGINAL
100,4,0.0,0.9438798074485389,0.9632457831579975,,5,ORIGINAL
100,5,0.0,0.9999999999999999,0.9632457831579975,,7,ORIGINAL
100,6,0.0,0.3779644730092272,0.951116158232317,,7,ORIGINAL
100,7,0.0,0.9622504486493763,0.9632457831579975,,3,ORIGINAL
100,8,0.0,,0.9632457831579975,,2,ORIGINAL
101,200,0.9,0.7778444682625973,0.9729823259532788,,9,ORIGINAL
101,526,0.9,0.8332380897952963,0.9794398703810774,,13,ORIGINAL
101,595,0.9,0.7239227659930269,0.9729823247439796,,14,ORIGINAL
101,709,0.9,0.9415130835240085,0.9378440202172561,,13,ORIGINAL
101,0,0.0,0.16903085094570328,0.9409512498424089,,5,ORIGINAL
101,1,0.0,0.7999999999999998,0.9409512498424089,,6,ORIGINAL
101,2,0.0,0.7526178090063818,0.8805955253733145,,7,ORIGINAL
101,3,0.0,0.871812750115739,0.8425549403359452,,16,ORIGINAL
101,4,0.0,0.82502864732539,0.9409512498424089,,5,ORIGINAL
101,5,0.0,0.45643546458763834,0.9409512498424089,,9,ORIGINAL
102,0,0.0,,0.9808074286486422,,1,ORIGINAL
102,1,0.0,0.0,0.9808074286486422,,5,ORIGINAL
102,2,0.0,0.2581988897471611,0.9704064446070771,,5,ORIGINAL
102,3,0.0,0.0,0.9434388031421846,,7,ORIGINAL
102,4,0.0,-0.23094010767585033,0.9808074286486422,,7,ORIGINAL
102,5,0.0,-0.2581988897471611,0.9808074286486422,,6,ORIGINAL
102,6,0.0,-0.2886751345948129,0.9385487604084403,,4,ORIGINAL
102,7,0.0,-0.8164965809277259,0.9808074286486422,,3,ORIGINAL
102,8,0.0,,0.9808074286486422,,1,ORIGINAL
102,9,0.0,0.17407765595569785,0.9808074286486422,,5,ORIGINAL
103,0,0.0,,0.9547094753707397,,0,ORIGINAL
103,1,0.0,0.1259881576697424,0.9547094753707397,,9,ORIGINAL
103,2,0.0,0.3418817293789138,0.9773974163429734,,8,ORIGINAL
103,3,0.0,0.09656090991705353,0.9866204943224548,,26,ORIGINAL
103,4,0.0,0.23570226039551587,0.9547094753707397,,9,ORIGINAL
103,5,0.0,0.7016464154456235,0.9547094753707397,,11,ORIGINAL
103,6,0.0,0.3380617018914066,0.9639000544243691,,14,ORIGINAL
103,7,0.0,0.7106690545187015,0.9547094753707397,,9,ORIGINAL
103,8,0.0,0.19802950859533489,0.9547094753707397,,5,ORIGINAL
103,9,0.0,0.1973855084879307,0.9547094753707397,,7,ORIGINAL
104,0,0.0,0.5477225575051661,0.9528772578999964,,7,ORIGINAL
104,1,0.0,0.50709255283711,0.9528772578999964,,11,ORIGINAL
104,2,0.0,0.6067798762169179,0.8862136982368001,,14,ORIGINAL
104,3,0.0,0.5570860145311556,0.8652361823140664,,46,ORIGINAL
104,4,0.0,0.3535533905932738,0.9528772578999964,,9,ORIGINAL
104,5,0.0,0.7893522173763263,0.9528772578999964,,11,ORIGINAL
104,6,0.0,0.5368754921931592,0.950676317163076,,11,ORIGINAL
104,7,0.0,0.8262364471909156,0.9528772578999964,,10,ORIGINAL
104,8,0.0,0.8682431421244593,0.9528772578999964,,11,ORIGINAL
104,9,0.0,0.9128709291752767,0.9528772578999964,,6,ORIGINAL
105,0,0.0,,0.9464225410113238,,1,ORIGINAL
105,1,0.0,0.8888888888888888,0.9464225410113238,,6,ORIGINAL
105,2,0.0,0.9285714285714286,0.9364023518443337,,8,ORIGINAL
105,3,0.0,0.917662935482247,0.9460638155065588,,13,ORIGINAL
105,4,0.0,0.9538209664765318,0.9464225410113238,,7,ORIGINAL
105,5,0.0,0.8944271909999159,0.9464225410113238,,6,ORIGINAL
105,6,0.0,0.8006407690254358,0.9660329855729665,,9,ORIGINAL
105,7,0.0,0.9999999999999999,0.9464225410113238,,4,ORIGINAL
105,8,0.0,0.9622504486493763,0.9464225410113238,,3,ORIGINAL
105,9,0.0,0.9432422182837986,0.9464225410113238,,5,ORIGINAL
106,0,0.0,,0.9557478135849817,,0,ORIGINAL
106,1,0.0,,0.9557478135849817,,1,ORIGINAL
106,2,0.0,,0.8993093869564993,,1,ORIGINAL
106,3,0.0,0.9999999999999999,0.8997410539663842,,4,ORIGINAL
106,4,0.0,,0.9557478135849817,,2,ORIGINAL
106,5,0.0,0.9428090415820635,0.9557478135849817,,3,ORIGINAL
106,6,0.0,0.9128709291752769,0.9319636241539118,,3,ORIGINAL
106,7,0.0,,0.9557478135849817,,1,ORIGINAL
106,8,0.0,,0.9557478135849817,,2,ORIGINAL
106,9,0.0,,0.9557478135849817,,1,ORIGINAL
107,186,0.9,0.8616404368553293,0.9335964732233221,,6,ORIGINAL
107,197,0.9,0.8081901942077094,0.968115055201854,,12,ORIGINAL
107,0,0.0,,0.968115055201854,,1,ORIGINAL
107,1,0.0,0.944911182523068,0.968115055201854,,4,ORIGINAL
107,2,0.0,0.8249579113843053,0.9538641600757117,,5,ORIGINAL
107,3,0.0,0.7745966692414834,0.9731287407812872,,9,ORIGINAL
107,4,0.0,,0.968115055201854,,1,ORIGINAL
107,5,0.0,0.9594032236002469,0.968115055201854,,5,ORIGINAL
107,6,0.0,0.6999999999999998,0.9156195890381985,,7,ORIGINAL
107,7,0.0,0.9669875568304563,0.968115055201854,,5,ORIGINAL
108,0,0.0,,1.0,,2,ORIGINAL
108,1,0.0,0.9185586535436917,1.0,,9,ORIGINAL
108,2,0.0,0.808290376865476,0.9633150259944552,,9,ORIGINAL
108,3,0.0,0.6270894413356966,0.9478675140998328,,20,ORIGINAL
108,4,0.0,0.3651483716701107,1.0,,4,ORIGINAL
108,5,0.0,0.8999999999999998,1.0,,11,ORIGINAL
108,6,0.0,0.7637626158259734,0.9646784562203947,,9,ORIGINAL
108,7,0.0,0.8705715001320139,1.0,,7,ORIGINAL
108,8,0.0,0.9486832980505138,1.0,,7,ORIGINAL
108,9,0.0,0.8703882797784892,1.0,,6,ORIGINAL
109,0,0.0,-0.12403473458920847,0.9547904360855624,,10,ORIGINAL
109,1,0.0,0.4666666666666666,0.9547904360855624,,16,ORIGINAL
109,2,0.0,0.8257228238447704,0.9499077739499013,,16,ORIGINAL
109,3,0.0,0.4615057839859456,0.9601427198512205,,52,ORIGINAL
109,4,0.0,0.5716619504750293,0.9547904360855624,,13,ORIGINAL
109,5,0.0,0.6350852961085883,0.9547904360855624,,17,ORIGINAL
109,6,0.0,0.34156502553198664,0.9376399333602845,,17,ORIGINAL
109,7,0.0,0.9185586535436918,0.9547904360855624,,7,ORIGINAL
109,8,0.0,0.7950463919999252,0.9547904360855624,,12,ORIGINAL
109,9,0.0,0.6324555320336759,0.9547904360855624,,10,ORIGINAL
110,0,0.0,,0.9547904356008247,,0,ORIGINAL
110,1,0.0,0.9707253433941511,0.9547904356008247,,4,ORIGINAL
110,2,0.0,,0.949907779692503,,1,ORIGINAL
110,3,0.0,0.8944271909999159,0.9601427262286477,,5,ORIGINAL
110,4,0.0,,0.9547904356008247,,1,ORIGINAL
110,5,0.0,1.0,0.9547904356008247,,4,ORIGINAL
110,6,0.0,0.0,0.9376399348472774,,3,ORIGINAL
110,7,0.0,,0.9547904356008247,,2,ORIGINAL
110,8,0.0,1.0000000000000002,0.9547904356008247,,3,ORIGINAL
110,9,0.0,0.8333333333333335,0.9547904356008247,,3,ORIGINAL
111,0,0.0,,0.9545005813135693,,2,ORIGINAL
111,1,0.0,0.8164965809277261,0.9545005813135693,,4,ORIGINAL
111,2,0.0,0.8660254037844387,0.8965726495809305,,3,ORIGINAL
111,3,0.0,0.8767140075192092,0.911733525129955,,14,ORIGINAL
111,4,0.0,0.8451542547285166,0.9545005813135693,,5,ORIGINAL
111,5,0.0,0.8603090020146066,0.9545005813135693,,18,ORIGINAL
111,6,0.0,0.9230769230769232,0.9422929887194212,,7,ORIGINAL
111,7,0.0,0.9432422182837986,0.9545005813135693,,8,ORIGINAL
111,8,0.0,0.8783100656536798,0.9545005813135693,,10,ORIGINAL
111,9,0.0,0.9434563530497265,0.9545005813135693,,4,ORIGINAL
112,0,0.0,0.0,0.9806790812734095,,3,ORIGINAL
112,1,0.0,0.3086066999241838,0.9806790812734095,,7,ORIGINAL
112,2,0.0,-0.33541019662496846,0.9341955215509145,,11,ORIGINAL
112,3,0.0,0.0,0.9453174386658196,,23,ORIGINAL
112,4,0.0,-0.42426406871192845,0.9806790812734095,,8,ORIGINAL
112,5,0.0,0.2614881801842454,0.9806790812734095,,14,ORIGINAL
112,6,0.0,0.2760262237369417,0.9561958098115363,,11,ORIGINAL
112,7,0.0,0.629940788348712,0.9806790812734095,,9,ORIGINAL
112,8,0.0,0.5353033790313106,0.9806790812734095,,7,ORIGINAL
112,9,0.0,0.6324555320336759,0.9806790812734095,,10,ORIGINAL
113,0,0.0,,0.9042739755922512,,1,ORIGINAL
113,1,0.0,,0.9042739755922512,,2,ORIGINAL
113,2,0.0,,0.9507593724578529,,0,ORIGINAL
113,3,0.0,1.0,0.9250982384792658,,4,ORIGINAL
113,4,0.0,,0.9042739755922512,,1,ORIGINAL
113,5,0.0,0.9999999999999998,0.9042739755922512,,5,ORIGINAL
113,6,0.0,0.4082482904638631,0.8814523319675303,,4,ORIGINAL
113,7,0.0,0.9486832980505138,0.9042739755922512,,4,ORIGINAL
113,8,0.0,,0.9042739755922512,,2,ORIGINAL
113,9,0.0,,0.9042739755922512,,0,ORIGINAL
114,0,0.0,,0.9567031274595816,,2,ORIGINAL
114,1,0.0,0.8728715609439696,0.9567031274595816,,9,ORIGINAL
114,2,0.0,0.8970852271450606,0.885691233372357,,12,ORIGINAL
114,3,0.0,0.900937462695559,0.9004262942989839,,26,ORIGINAL
114,4,0.0,0.9622504486493764,0.9567031274595816,,6,ORIGINAL
114,5,0.0,0.9574271077563381,0.9567031274595816,,12,ORIGINAL
114,6,0.0,0.629940788348712,0.93114851439623,,8,ORIGINAL
114,7,0.0,0.9486832980505138,0.9567031274595816,,4,ORIGINAL
114,8,0.0,0.9622504486493764,0.9567031274595816,,6,ORIGINAL
114,9,0.0,0.9185586535436918,0.9567031274595816,,7,ORIGINAL
115,0,0.0,,0.9528205462346803,,1,ORIGINAL
115,1,0.0,-0.12309149097933275,0.9528205462346803,,6,ORIGINAL
115,2,0.0,0.8333333333333334,0.9555396379349221,,6,ORIGINAL
115,3,0.0,0.40249223594996214,0.9747204209657291,,20,ORIGINAL
115,4,0.0,0.5163977794943222,0.9528205462346803,,6,ORIGINAL
115,5,0.0,0.7893522173763263,0.9528205462346803,,11,ORIGINAL
115,6,0.0,0.6681531047810609,0.9738170082873187,,9,ORIGINAL
115,7,0.0,0.9258200997725514,0.9528205462346803,,9,ORIGINAL
115,8,0.0,0.8488746876271654,0.9528205462346803,,5,ORIGINAL
115,9,0.0,0.8017837257372732,0.9528205462346803,,6,ORIGINAL
116,0,0.0,,0.9865432291009868,,0,ORIGINAL
116,1,0.0,,0.9865432291009868,,1,ORIGINAL
116,2,0.0,,0.946452462077083,,0,ORIGINAL
116,3,0.0,,0.9288382417506102,,1,ORIGINAL
116,4,0.0,,0.9865432291009868,,2,ORIGINAL
116,5,0.0,,0.9865432291009868,,1,ORIGINAL
116,6,0.0,,0.9560412601772939,,1,ORIGINAL
116,7,0.0,,0.9865432291009868,,0,ORIGINAL
116,8,0.0,,0.9865432291009868,,0,ORIGINAL
116,9,0.0,,0.9865432291009868,,0,ORIGINAL
117,0,0.0,,0.9678645053361953,,2,ORIGINAL
117,1,0.0,0.944911182523068,0.9678645053361953,,4,ORIGINAL
117,2,0.0,0.9486832980505138,0.9266964862268295,,5,ORIGINAL
117,3,0.0,0.8819171036881969,0.895909603695121,,12,ORIGINAL
117,4,0.0,0.9525793444156805,0.9678645053361953,,3,ORIGINAL
117,5,0.0,0.8944271909999159,0.9678645053361953,,6,ORIGINAL
117,6,0.0,0.6002450479987809,0.9607367453123162,,8,ORIGINAL
117,7,0.0,0.857142857142857,0.9678645053361953,,4,ORIGINAL
117,8,0.0,0.944911182523068,0.9678645053361953,,4,ORIGINAL
117,9,0.0,0.9428090415820635,0.9678645053361953,,3,ORIGINAL
118,0,0.0,,0.9547094736283407,,0,ORIGINAL
118,1,0.0,,0.9547094736283407,,2,ORIGINAL
118,2,0.0,,0.9773974144232005,,2,ORIGINAL
118,3,0.0,,0.9866204937711875,,2,ORIGINAL
118,4,0.0,,0.9547094736283407,,1,ORIGINAL
118,5,0.0,,0.9547094736283407,,0,ORIGINAL
118,6,0.0,,0.9639000502246567,,2,ORIGINAL
118,7,0.0,,0.9547094736283407,,0,ORIGINAL
118,8,0.0,,0.9547094736283407,,1,ORIGINAL
118,9,0.0,,0.9547094736283407,,0,ORIGINAL
119,0,0.0,,1.0,,1,ORIGINAL
119,1,0.0,1.0000000000000002,1.0,,3,ORIGINAL
119,2,0.0,,0.9633150259944552,,1,ORIGINAL
119,3,0.0,,0.9478675140998328,,1,ORIGINAL
119,4,0.0,,1.0,,2,ORIGINAL
119,5,0.0,0.8164965809277259,1.0,,3,ORIGINAL
119,6,0.0,0.8944271909999159,0.9646784562203947,,5,ORIGINAL
119,7,0.0,0.9999999999999999,1.0,,4,ORIGINAL
119,8,0.0,,1.0,,1,ORIGINAL
119,9,0.0,0.8606629658238704,1.0,,6,ORIGINAL
120,0,0.0,,0.9523793853329676,,0,ORIGINAL
120,1,0.0,,0.9523793853329676,,1,ORIGINAL
120,2,0.0,,0.879671832210195,,0,ORIGINAL
120,3,0.0,1.0000000000000002,0.9082083042804908,,3,ORIGINAL
120,4,0.0,,0.9523793853329676,,1,ORIGINAL
120,5,0.0,,0.9523793853329676,,2,ORIGINAL
120,6,0.0,0.9525793444156805,0.906811281604233,,3,ORIGINAL
120,7,0.0,,0.9523793853329676,,2,ORIGINAL
120,8,0.0,0.8333333333333335,0.9523793853329676,,3,ORIGINAL
120,9,0.0,,0.9523793853329676,,2,ORIGINAL
121,0,0.0,,0.9528772578999964,,2,ORIGINAL
121,1,0.0,0.944911182523068,0.9528772578999964,,4,ORIGINAL
121,2,0.0,0.9285714285714286,0.8862136982368001,,8,ORIGINAL
121,3,0.0,0.8660254037844388,0.8652361823140664,,12,ORIGINAL
121,4,0.0,0.8869685939836239,0.9528772578999964,,8,ORIGINAL
121,5,0.0,0.944911182523068,0.9528772578999964,,8,ORIGINAL
121,6,0.0,0.7071067811865476,0.950676317163076,,6,ORIGINAL
121,7,0.0,0.9999999999999999,0.9528772578999964,,4,ORIGINAL
121,8,0.0,0.9438798074485389,0.9528772578999964,,5,ORIGINAL
121,9,0.0,,0.9528772578999964,,2,ORIGINAL
122,0,0.0,0.9428090415820635,1.0,,3,ORIGINAL
122,1,0.0,0.944911182523068,1.0,,8,ORIGINAL
122,2,0.0,0.8651809126974003,0.9633150259944552,,10,ORIGINAL
122,3,0.0,0.8928571428571428,0.9478675140998328,,16,ORIGINAL
122,4,0.0,0.8911327886790069,1.0,,8,ORIGINAL
122,5,0.0,0.9090909090909091,1.0,,9,ORIGINAL
122,6,0.0,0.7126966450997984,0.9646784562203947,,8,ORIGINAL
122,7,0.0,0.894427190999916,1.0,,6,ORIGINAL
122,8,0.0,0.8959786703810408,1.0,,9,ORIGINAL
122,9,0.0,0.8451542547285166,1.0,,9,ORIGINAL
123,0,0.0,,0.9246351727109446,,1,ORIGINAL
123,1,0.0,0.9486832980505138,0.9246351727109446,,8,ORIGINAL
123,2,0.0,0.9428090415820635,0.9390073888752621,,9,ORIGINAL
123,3,0.0,0.8981462390204985,0.9530605296011393,,15,ORIGINAL
123,4,0.0,0.894427190999916,0.9246351727109446,,6,ORIGINAL
123,5,0.0,0.9434563530497265,0.9246351727109446,,7,ORIGINAL
123,6,0.0,0.47140452079103173,0.9144329247651204,,9,ORIGINAL
123,7,0.0,1.0000000000000002,0.9246351727109446,,3,ORIGINAL
123,8,0.0,,0.9246351727109446,,2,ORIGINAL
123,9,0.0,0.9230769230769232,0.9246351727109446,,4,ORIGINAL
124,0,0.0,,0.9528205436652187,,2,ORIGINAL
124,1,0.0,0.8869685939836239,0.9528205436652187,,8,ORIGINAL
124,2,0.0,0.9669875568304563,0.9555396369374671,,5,ORIGINAL
124,3,0.0,0.8598551696529507,0.9747204201491051,,14,ORIGINAL
124,4,0.0,0.9525793444156805,0.9528205436652187,,3,ORIGINAL
124,5,0.0,0.8908708063747479,0.9528205436652187,,7,ORIGINAL
124,6,0.0,0.4949747468305832,0.9738170083123195,,8,ORIGINAL
124,7,0.0,0.944911182523068,0.9528205436652187,,5,ORIGINAL
124,8,0.0,0.5962847939999439,0.9528205436652187,,3,ORIGINAL
124,9,0.0,0.9761870601839528,0.9528205436652187,,5,ORIGINAL
125,0,0.0,,1.0,,2,ORIGINAL
125,1,0.0,0.944911182523068,1.0,,4,ORIGINAL
125,2,0.0,0.9428090415820635,0.9633150259944552,,6,ORIGINAL
125,3,0.0,0.9525793444156805,0.9478675140998328,,12,ORIGINAL
125,4,0.0,0.9622504486493763,1.0,,3,ORIGINAL
125,5,0.0,1.0,1.0,,4,ORIGINAL
125,6,0.0,0.674199862463242,0.9646784562203947,,5,ORIGINAL
125,7,0.0,0.9707253433941511,1.0,,4,ORIGINAL
125,8,0.0,,1.0,,2,ORIGINAL
125,9,0.0,0.9622504486493763,1.0,,3,ORIGINAL
126,0,0.0,-0.24999999999999994,0.9246351756299831,,5,ORIGINAL
126,1,0.0,0.4472135954999579,0.9246351756299831,,9,ORIGINAL
126,2,0.0,0.6218743352054218,0.9390073919060465,,17,ORIGINAL
126,3,0.0,0.4217019235375514,0.9530605338182425,,41,ORIGINAL
126,4,0.0,0.37962830118264823,0.9246351756299831,,13,ORIGINAL
126,5,0.0,0.8703882797784892,0.9246351756299831,,14,ORIGINAL
126,6,0.0,0.2666666666666666,0.9144329317735659,,14,ORIGINAL
126,7,0.0,0.8728715609439696,0.9246351756299831,,8,ORIGINAL
126,8,0.0,0.9538209664765318,0.9246351756299831,,7,ORIGINAL
126,9,0.0,0.7803989725717079,0.9246351756299831,,7,ORIGINAL
127,0,0.0,,0.9317824697544982,,1,ORIGINAL
127,1,0.0,1.0000000000000002,0.9317824697544982,,3,ORIGINAL
127,2,0.0,1.0000000000000002,0.948172308948168,,3,ORIGINAL
127,3,0.0,0.760638829255665,0.9184882850144845,,9,ORIGINAL
127,4,0.0,,0.9317824697544982,,2,ORIGINAL
127,5,0.0,1.0,0.9317824697544982,,4,ORIGINAL
127,6,0.0,0.5669467095138409,0.9277148497305662,,4,ORIGINAL
127,7,0.0,,0.9317824697544982,,0,ORIGINAL
127,8,0.0,,0.9317824697544982,,0,ORIGINAL
127,9,0.0,,0.9317824697544982,,2,ORIGINAL
128,0,0.0,,0.9871144567707992,,1,ORIGINAL
128,1,0.0,0.47140452079103173,0.9871144567707992,,3,ORIGINAL
128,2,0.0,0.6324555320336759,0.9707639418575956,,4,ORIGINAL
128,3,0.0,0.6324555320336759,0.9733867936448207,,7,ORIGINAL
128,4,0.0,0.9561828874675149,0.9871144567707992,,4,ORIGINAL
128,5,0.0,0.47140452079103173,0.9871144567707992,,3,ORIGINAL
128,6,0.0,,0.9810577315737754,,2,ORIGINAL
128,7,0.0,,0.9871144567707992,,0,ORIGINAL
128,8,0.0,,0.9871144567707992,,2,ORIGINAL
128,9,0.0,0.9434563530497265,0.9871144567707992,,4,ORIGINAL
129,0,0.0,,0.9611205894334732,,0,ORIGINAL
129,1,0.0,0.5773502691896258,0.9611205894334732,,3,ORIGINAL
129,2,0.0,0.8164965809277259,0.9521660201148179,,3,ORIGINAL
129,3,0.0,0.8703882797784892,0.9352301620915747,,5,ORIGINAL
129,4,0.0,,0.9611205894334732,,2,ORIGINAL
129,5,0.0,0.8164965809277259,0.9611205894334732,,3,ORIGINAL
129,6,0.0,0.7905694150420948,0.9665349424714982,,8,ORIGINAL
129,7,0.0,0.5773502691896258,0.9611205894334732,,3,ORIGINAL
129,8,0.0,,0.9611205894334732,,2,ORIGINAL
129,9,0.0,0.5773502691896258,0.9611205894334732,,3,ORIGINAL
130,0,0.0,,0.9236633702949337,,1,ORIGINAL
130,1,0.0,0.8528028654224417,0.9236633702949337,,5,ORIGINAL
130,2,0.0,0.9622504486493763,0.8518305095057916,,6,ORIGINAL
130,3,0.0,0.917662935482247,0.8804093053982304,,16,ORIGINAL
130,4,0.0,0.9428090415820634,0.9236633702949337,,6,ORIGINAL
130,5,0.0,0.944911182523068,0.9236633702949337,,8,ORIGINAL
130,6,0.0,0.5720775535473553,0.9084623543286139,,8,ORIGINAL
130,7,0.0,0.9999999999999998,0.9236633702949337,,5,ORIGINAL
130,8,0.0,0.9707253433941511,0.9236633702949337,,4,ORIGINAL
130,9,0.0,0.9449111825230682,0.9236633702949337,,6,ORIGINAL
131,0,0.0,0.9428090415820635,0.9865432291009868,,3,ORIGINAL
131,1,0.0,0.9561828874675149,0.9865432291009868,,4,ORIGINAL
131,2,0.0,1.0000000000000002,0.946452462077083,,3,ORIGINAL
131,3,0.0,0.9464574146347642,0.9288382417506102,,10,ORIGINAL
131,4,0.0,,0.9865432291009868,,1,ORIGINAL
131,5,0.0,,0.9865432291009868,,2,ORIGINAL
131,6,0.0,0.9428090415820635,0.9560412601772939,,3,ORIGINAL
131,7,0.0,0.9428090415820635,0.9865432291009868,,3,ORIGINAL
131,8,0.0,,0.9865432291009868,,1,ORIGINAL
131,9,0.0,,0.9865432291009868,,1,ORIGINAL
132,0,0.0,,0.9487238626033769,,0,ORIGINAL
132,1,0.0,,0.9487238626033769,,2,ORIGINAL
132,2,0.0,,0.889104409129361,,1,ORIGINAL
132,3,0.0,,0.9153603126251838,,2,ORIGINAL
132,4,0.0,,0.9487238626033769,,0,ORIGINAL
132,5,0.0,1.0000000000000002,0.9487238626033769,,3,ORIGINAL
132,6,0.0,0.0,0.921628900653479,,3,ORIGINAL
132,7,0.0,,0.9487238626033769,,2,ORIGINAL
132,8,0.0,,0.9487238626033769,,0,ORIGINAL
132,9,0.0,,0.9487238626033769,,2,ORIGINAL
133,0,0.0,,0.9794193459409338,,0,ORIGINAL
133,1,0.0,1.0000000000000002,0.9794193459409338,,3,ORIGINAL
133,2,0.0,0.9428090415820635,0.9292376128978144,,3,ORIGINAL
133,3,0.0,0.9486832980505138,0.8954618915995061,,5,ORIGINAL
133,4,0.0,0.9622504486493763,0.9794193459409338,,3,ORIGINAL
133,5,0.0,1.0,0.9794193459409338,,4,ORIGINAL
133,6,0.0,0.8164965809277261,0.9659286552606716,,4,ORIGINAL
133,7,0.0,,0.9794193459409338,,2,ORIGINAL
133,8,0.0,,0.9794193459409338,,2,ORIGINAL
133,9,0.0,1.0000000000000002,0.9794193459409338,,3,ORIGINAL
134,0,0.0,,0.9129282570602943,,1,ORIGINAL
134,1,0.0,,0.9129282570602943,,2,ORIGINAL
134,2,0.0,0.9428090415820635,0.8887865404094552,,3,ORIGINAL
134,3,0.0,0.944911182523068,0.9229057310469914,,4,ORIGINAL
134,4,0.0,,0.9129282570602943,,1,ORIGINAL
134,5,0.0,1.0000000000000002,0.9129282570602943,,3,ORIGINAL
134,6,0.0,,0.9105792825525866,,2,ORIGINAL
134,7,0.0,,0.9129282570602943,,1,ORIGINAL
134,8,0.0,,0.9129282570602943,,1,ORIGINAL
134,9,0.0,0.9622504486493763,0.9129282570602943,,3,ORIGINAL
135,0,0.0,,0.962720391122974,,0,ORIGINAL
135,1,0.0,0.857142857142857,0.962720391122974,,4,ORIGINAL
135,2,0.0,,0.9658798425192888,,2,ORIGINAL
135,3,0.0,0.9561828874675149,0.9222827436858662,,4,ORIGINAL
135,4,0.0,,0.962720391122974,,1,ORIGINAL
135,5,0.0,0.9486832980505138,0.962720391122974,,5,ORIGINAL
135,6,0.0,1.0000000000000002,0.976814604128465,,3,ORIGINAL
135,7,0.0,,0.962720391122974,,2,ORIGINAL
135,8,0.0,,0.962720391122974,,2,ORIGINAL
135,9,0.0,,0.962720391122974,,2,ORIGINAL
136,754,0.9,,0.9118027549841331,,2,ORIGINAL
136,0,0.0,,0.954709469581179,,0,ORIGINAL
136,1,0.0,0.944911182523068,0.954709469581179,,5,ORIGINAL
136,2,0.0,0.9128709291752769,0.9773974115596312,,9,ORIGINAL
136,3,0.0,0.9166666666666669,0.9866204902357685,,12,ORIGINAL
136,4,0.0,0.9578414886923188,0.954709469581179,,6,ORIGINAL
136,5,0.0,0.9432422182837986,0.954709469581179,,8,ORIGINAL
136,6,0.0,0.5465943944999485,0.9639000530740643,,12,ORIGINAL
136,7,0.0,0.8320502943378437,0.954709469581179,,7,ORIGINAL
136,8,0.0,0.917662935482247,0.954709469581179,,7,ORIGINAL
137,0,0.0,0.7016464154456235,0.9806790799232703,,7,ORIGINAL
137,1,0.0,0.9449111825230682,0.9806790799232703,,9,ORIGINAL
137,2,0.0,0.9072184232530289,0.9341955252978887,,12,ORIGINAL
137,3,0.0,0.8984394226804693,0.9453174433227729,,24,ORIGINAL
137,4,0.0,0.9060606745389329,0.9806790799232703,,13,ORIGINAL
137,5,0.0,0.9073928715621605,0.9806790799232703,,15,ORIGINAL
137,6,0.0,0.5960395606792697,0.956195813793295,,7,ORIGINAL
137,7,0.0,0.8386278693775346,0.9806790799232703,,4,ORIGINAL
137,8,0.0,1.0,0.9806790799232703,,3,ORIGINAL
137,9,0.0,0.8333333333333334,0.9806790799232703,,7,ORIGINAL
138,0,0.0,0.7905694150420948,1.0,,5,ORIGINAL
138,1,0.0,0.8922178162191937,1.0,,8,ORIGINAL
138,2,0.0,0.8548504142651103,0.9633150259944552,,13,ORIGINAL
138,3,0.0,0.7783765290425712,0.9478675140998328,,30,ORIGINAL
138,4,0.0,0.8304547985373997,1.0,,11,ORIGINAL
138,5,0.0,0.7892051872524705,1.0,,16,ORIGINAL
138,6,0.0,0.48420012470625223,0.9646784562203947,,11,ORIGINAL
138,7,0.0,0.917662935482247,1.0,,7,ORIGINAL
138,8,0.0,0.8463272660560107,1.0,,9,ORIGINAL
138,9,0.0,0.9185586535436918,1.0,,10,ORIGINAL
139,0,0.0,,0.9487238642068888,,1,ORIGINAL
139,1,0.0,,0.9487238642068888,,2,ORIGINAL
139,2,0.0,0.9428090415820635,0.889104412470999,,3,ORIGINAL
139,3,0.0,0.9999999999999999,0.9153603154130996,,4,ORIGINAL
139,4,0.0,,0.9487238642068888,,1,ORIGINAL
139,5,0.0,0.9428090415820635,0.9487238642068888,,3,ORIGINAL
139,6,0.0,,0.9216289007311725,,1,ORIGINAL
139,7,0.0,,0.9487238642068888,,2,ORIGINAL
139,8,0.0,,0.9487238642068888,,1,ORIGINAL
139,9,0.0,0.9525793444156805,0.9487238642068888,,3,ORIGINAL
140,0,0.0,0.3779644730092272,0.9265269144557784,,4,ORIGINAL
140,1,0.0,0.7396002616336389,0.9265269144557784,,10,ORIGINAL
140,2,0.0,0.6363961030678927,0.8674344100157444,,16,ORIGINAL
140,3,0.0,0.4257997168527447,0.8508475952763901,,38,ORIGINAL
140,4,0.0,0.6,0.9265269144557784,,10,ORIGINAL
140,5,0.0,0.6681531047810609,0.9265269144557784,,9,ORIGINAL
140,6,0.0,0.4303314829119352,0.9305804524064215,,12,ORIGINAL
140,7,0.0,0.8660254037844387,0.9265269144557784,,6,ORIGINAL
140,8,0.0,0.3903600291794132,0.9265269144557784,,6,ORIGINAL
140,9,0.0,0.9166666666666666,0.9265269144557784,,6,ORIGINAL
141,0,0.0,1.0000000000000002,0.9005372427410698,,3,ORIGINAL
141,1,0.0,0.8333333333333334,0.9005372427410698,,9,ORIGINAL
141,2,0.0,0.8593378488473195,0.8362922612945057,,10,ORIGINAL
141,3,0.0,0.8381163549234939,0.8121820605349885,,28,ORIGINAL
141,4,0.0,0.8104408984731079,0.9005372427410698,,11,ORIGINAL
141,5,0.0,0.8436614877321075,0.9005372427410698,,12,ORIGINAL
141,6,0.0,0.5345224838248488,0.9040113333802967,,13,ORIGINAL
141,7,0.0,0.8451542547285165,0.9005372427410698,,5,ORIGINAL
141,8,0.0,0.9128709291752769,0.9005372427410698,,6,ORIGINAL
141,9,0.0,0.9486832980505138,0.9005372427410698,,9,ORIGINAL
142,0,0.0,,0.9280662252848603,,0,ORIGINAL
142,1,0.0,,0.9280662252848603,,1,ORIGINAL
142,2,0.0,,0.948066170952678,,2,ORIGINAL
142,3,0.0,0.8164965809277259,0.9766154061313334,,3,ORIGINAL
142,4,0.0,,0.9280662252848603,,1,ORIGINAL
142,5,0.0,0.8164965809277259,0.9280662252848603,,3,ORIGINAL
142,6,0.0,0.0,0.9012193114046023,,3,ORIGINAL
142,7,0.0,,0.9280662252848603,,0,ORIGINAL
142,8,0.0,,0.9280662252848603,,0,ORIGINAL
142,9,0.0,,0.9280662252848603,,1,ORIGINAL
143,0,0.0,,1.0,,0,ORIGINAL
143,1,0.0,0.9428090415820635,1.0,,3,ORIGINAL
143,2,0.0,,0.9633150259944552,,2,ORIGINAL
143,3,0.0,0.9438798074485389,0.9478675140998328,,5,ORIGINAL
143,4,0.0,0.2721655269759087,1.0,,3,ORIGINAL
143,5,0.0,0.6804138174397718,1.0,,7,ORIGINAL
143,6,0.0,0.9428090415820635,0.9646784562203947,,3,ORIGINAL
143,7,0.0,1.0,1.0,,4,ORIGINAL
143,8,0.0,1.0000000000000002,1.0,,3,ORIGINAL
143,9,0.0,0.8164965809277259,1.0,,3,ORIGINAL
144,467,0.9,-0.12499999999999997,0.9999999999999948,,5,ORIGINAL
144,0,0.0,,0.9616716916386817,,2,ORIGINAL
144,1,0.0,1.0000000000000002,0.9616716916386817,,3,ORIGINAL
144,2,0.0,-0.40451991747794525,0.9692984658212646,,5,ORIGINAL
144,3,0.0,-0.23717082451262844,0.9711647467442004,,7,ORIGINAL
144,4,0.0,-0.08058229640253803,0.9616716916386817,,5,ORIGINAL
144,5,0.0,0.30618621784789724,0.9616716916386817,,6,ORIGINAL
144,6,0.0,,0.9700823592954746,,2,ORIGINAL
144,7,0.0,,0.9616716916386817,,1,ORIGINAL
144,8,0.0,0.9561828874675149,0.9616716916386817,,5,ORIGINAL
145,0,0.0,0.5,0.9264884290024824,,4,ORIGINAL
145,1,0.0,0.8696263565463043,0.9264884290024824,,7,ORIGINAL
145,2,0.0,0.8790490729915326,0.9749979885981271,,13,ORIGINAL
145,3,0.0,0.8743856497851875,0.9848572516471273,,30,ORIGINAL
145,4,0.0,0.9434563530497265,0.9264884290024824,,10,ORIGINAL
145,5,0.0,0.9014978717104176,0.9264884290024824,,16,ORIGINAL
145,6,0.0,0.65,0.909912094993466,,13,ORIGINAL
145,7,0.0,0.9473729613780999,0.9264884290024824,,8,ORIGINAL
145,8,0.0,0.865578422901097,0.9264884290024824,,13,ORIGINAL
145,9,0.0,0.8660254037844387,0.9264884290024824,,8,ORIGINAL
146,0,0.0,,0.9865432291009868,,0,ORIGINAL
146,1,0.0,0.8770580193070293,0.9865432291009868,,7,ORIGINAL
146,2,0.0,0.9090909090909091,0.946452462077083,,5,ORIGINAL
146,3,0.0,0.9166666666666669,0.9288382417506102,,15,ORIGINAL
146,4,0.0,0.894427190999916,0.9865432291009868,,6,ORIGINAL
146,5,0.0,0.9486832980505138,0.9865432291009868,,6,ORIGINAL
146,6,0.0,0.7669649888473704,0.9560412601772939,,8,ORIGINAL
146,7,0.0,,0.9865432291009868,,2,ORIGINAL
146,8,0.0,0.9525793444156805,0.9865432291009868,,3,ORIGINAL
146,9,0.0,0.9622504486493763,0.9865432291009868,,3,ORIGINAL
147,0,0.0,-0.6804138174397718,0.9734363214507032,,3,ORIGINAL
147,1,0.0,0.5321811563901744,0.9734363214507032,,10,ORIGINAL
147,2,0.0,0.6420578831241025,0.9372873897695143,,15,ORIGINAL
147,3,0.0,0.7214530267080864,0.9593459940786431,,33,ORIGINAL
147,4,0.0,0.7001400420140049,0.9734363214507032,,12,ORIGINAL
147,5,0.0,0.67700320038633,0.9734363214507032,,13,ORIGINAL
147,6,0.0,0.6676978608895885,0.9352360575243936,,15,ORIGINAL
147,7,0.0,0.9467292624062573,0.9734363214507032,,6,ORIGINAL
147,8,0.0,0.8504200642707612,0.9734363214507032,,5,ORIGINAL
147,9,0.0,0.6370220572706062,0.9734363214507032,,9,ORIGINAL
148,0,0.0,,0.9770930333460692,,0,ORIGINAL
148,1,0.0,,0.9770930333460692,,2,ORIGINAL
148,2,0.0,,0.9426950542058579,,1,ORIGINAL
148,3,0.0,,0.9697879072350232,,1,ORIGINAL
148,4,0.0,,0.9770930333460692,,2,ORIGINAL
148,5,0.0,,0.9770930333460692,,2,ORIGINAL
148,6,0.0,-0.9428090415820635,0.9343338179348393,,3,ORIGINAL
148,7,0.0,,0.9770930333460692,,1,ORIGINAL
148,8,0.0,,0.9770930333460692,,0,ORIGINAL
148,9,0.0,,0.9770930333460692,,1,ORIGINAL
149,0,0.0,-0.8728715609439696,0.9277359409909008,,4,ORIGINAL
149,1,0.0,0.07905694150420949,0.9277359409909008,,13,ORIGINAL
149,2,0.0,-0.09600307214746388,0.8743475505791171,,19,ORIGINAL
149,3,0.0,-0.0562543950463012,0.890581023389894,,48,ORIGINAL
149,4,0.0,0.36740471675703457,0.9277359409909008,,15,ORIGINAL
149,5,0.0,0.7514691493021793,0.9277359409909008,,19,ORIGINAL
149,6,0.0,0.3034330424545042,0.9225706286143928,,20,ORIGINAL
149,7,0.0,0.9231326627541018,0.9277359409909008,,11,ORIGINAL
149,8,0.0,0.7239227659930269,0.9277359409909008,,13,ORIGINAL
149,9,0.0,0.6546536707079771,0.9277359409909008,,10,ORIGINAL
150,0,0.0,,0.9699713572266225,,2,ORIGINAL
150,1,0.0,0.5,0.9699713572266225,,4,ORIGINAL
150,2,0.0,0.0,0.9059825079395406,,8,ORIGINAL
150,3,0.0,0.44539933408304444,0.8860247116862109,,13,ORIGINAL
150,4,0.0,-0.2581988897471611,0.9699713572266225,,6,ORIGINAL
150,5,0.0,0.7071067811865475,0.9699713572266225,,9,ORIGINAL
150,6,0.0,0.4082482904638631,0.9660512382337655,,9,ORIGINAL
150,7,0.0,0.5773502691896258,0.9699713572266225,,3,ORIGINAL
150,8,0.0,,0.9699713572266225,,2,ORIGINAL
150,9,0.0,0.2672612419124244,0.9699713572266225,,5,ORIGINAL
151,0,0.0,,1.0,,0,ORIGINAL
151,1,0.0,,1.0,,2,ORIGINAL
151,2,0.0,,0.9633150259944552,,0,ORIGINAL
151,3,0.0,,0.9478675140998328,,2,ORIGINAL
151,4,0.0,,1.0,,1,ORIGINAL
151,5,0.0,,1.0,,1,ORIGINAL
151,6,0.0,,0.9646784562203947,,2,ORIGINAL
151,7,0.0,,1.0,,2,ORIGINAL
151,8,0.0,,1.0,,1,ORIGINAL
151,9,0.0,,1.0,,0,ORIGINAL
152,0,0.0,,0.9794193485015635,,1,ORIGINAL
152,1,0.0,,0.9794193485015635,,2,ORIGINAL
152,2,0.0,0.9428090415820635,0.9292376140178872,,3,ORIGINAL
152,3,0.0,1.0000000000000002,0.8954618946154363,,3,ORIGINAL
152,4,0.0,,0.9794193485015635,,1,ORIGINAL
152,5,0.0,,0.9794193485015635,,2,ORIGINAL
152,6,0.0,,0.9659286563039695,,1,ORIGINAL
152,7,0.0,,0.9794193485015635,,1,ORIGINAL
152,8,0.0,,0.9794193485015635,,0,ORIGINAL
152,9,0.0,0.9622504486493763,0.9794193485015635,,3,ORIGINAL
153,0,0.0,,0.9808074286486422,,0,ORIGINAL
153,1,0.0,0.0,0.9808074286486422,,6,ORIGINAL
153,2,0.0,0.12309149097933275,0.9704064446070771,,5,ORIGINAL
153,3,0.0,0.11785113019775793,0.9434388031421846,,6,ORIGINAL
153,4,0.0,0.2773500981126146,0.9808074286486422,,4,ORIGINAL
153,5,0.0,0.35355339059327373,0.9808074286486422,,5,ORIGINAL
153,6,0.0,0.5345224838248487,0.9385487604084403,,5,ORIGINAL
153,7,0.0,0.3779644730092272,0.9808074286486422,,4,ORIGINAL
153,8,0.0,,0.9808074286486422,,1,ORIGINAL
153,9,0.0,-0.3086066999241839,0.9808074286486422,,6,ORIGINAL
154,0,0.0,,0.9794193456256931,,0,ORIGINAL
154,1,0.0,,0.9794193456256931,,0,ORIGINAL
154,2,0.0,,0.9292376073489026,,2,ORIGINAL
154,3,0.0,0.944911182523068,0.8954618860082575,,4,ORIGINAL
154,4,0.0,,0.9794193456256931,,2,ORIGINAL
154,5,0.0,,0.9794193456256931,,2,ORIGINAL
154,6,0.0,,0.9659286513903859,,2,ORIGINAL
154,7,0.0,,0.9794193456256931,,0,ORIGINAL
154,8,0.0,,0.9794193456256931,,0,ORIGINAL
154,9,0.0,,0.9794193456256931,,0,ORIGINAL
155,0,0.0,-0.5773502691896257,0.9824636485876855,,3,ORIGINAL
155,1,0.0,-0.31622776601683794,0.9824636485876855,,8,ORIGINAL
155,2,0.0,-0.498135481386718,0.937381235082717,,10,ORIGINAL
155,3,0.0,-0.5984437489312765,0.9051753863812726,,15,ORIGINAL
155,4,0.0,-0.6274950199005567,0.9824636485876855,,11,ORIGINAL
155,5,0.0,-0.600099198148979,0.9824636485876855,,10,ORIGINAL
155,6,0.0,-0.20203050891044214,0.9655410079174136,,10,ORIGINAL
155,7,0.0,-0.29814239699997197,0.9824636485876855,,6,ORIGINAL
155,8,0.0,-0.8451542547285166,0.9824636485876855,,6,ORIGINAL
155,9,0.0,0.44271887242357305,0.9824636485876855,,7,ORIGINAL
156,0,0.0,0.9647638212377322,0.9806790815765236,,7,ORIGINAL
156,1,0.0,0.8922178162191937,0.9806790815765236,,8,ORIGINAL
156,2,0.0,0.764093177458341,0.9341955275454015,,12,ORIGINAL
156,3,0.0,0.8539864924534399,0.9453174450175371,,25,ORIGINAL
156,4,0.0,0.9534625892455922,0.9806790815765236,,9,ORIGINAL
156,5,0.0,0.909610971830841,0.9806790815765236,,14,ORIGINAL
156,6,0.0,0.5393598899705937,0.9561958124327689,,8,ORIGINAL
156,7,0.0,0.8181818181818182,0.9806790815765236,,5,ORIGINAL
156,8,0.0,0.9074852129730302,0.9806790815765236,,5,ORIGINAL
156,9,0.0,0.9354143466934853,0.9806790815765236,,8,ORIGINAL
157,0,0.0,,1.0,,2,ORIGINAL
157,1,0.0,0.9486832980505138,1.0,,5,ORIGINAL
157,2,0.0,0.9116846116771036,0.9633150259944552,,5,ORIGINAL
157,3,0.0,0.9296696802013682,0.9478675140998328,,8,ORIGINAL
157,4,0.0,0.9561828874675149,1.0,,4,ORIGINAL
157,5,0.0,0.9486832980505138,1.0,,5,ORIGINAL
157,6,0.0,0.8581163303210331,0.9646784562203947,,7,ORIGINAL
157,7,0.0,0.8333333333333335,1.0,,3,ORIGINAL
157,8,0.0,0.9525793444156805,1.0,,3,ORIGINAL
157,9,0.0,0.7745966692414834,1.0,,4,ORIGINAL
158,0,0.0,0.9999999999999999,0.9794193485015635,,4,ORIGINAL
158,1,0.0,0.9428090415820635,0.9794193485015635,,6,ORIGINAL
158,2,0.0,0.9428090415820635,0.9292376140178872,,3,ORIGINAL
158,3,0.0,0.944911182523068,0.8954618946154363,,7,ORIGINAL
158,4,0.0,0.8888888888888888,0.9794193485015635,,3,ORIGINAL
158,5,0.0,0.9622504486493763,0.9794193485015635,,3,ORIGINAL
158,6,0.0,0.5962847939999439,0.9659286563039695,,3,ORIGINAL
158,7,0.0,0.9525793444156805,0.9794193485015635,,3,ORIGINAL
158,8,0.0,,0.9794193485015635,,1,ORIGINAL
158,9,0.0,0.9999999999999998,0.9794193485015635,,4,ORIGINAL
159,0,0.0,,0.9787128262576937,,1,ORIGINAL
159,1,0.0,0.9428090415820635,0.9787128262576937,,3,ORIGINAL
159,2,0.0,0.8864052604279183,0.9352165820534446,,5,ORIGINAL
159,3,0.0,0.8764598212022147,0.9507984093464296,,8,ORIGINAL
159,4,0.0,,0.9787128262576937,,2,ORIGINAL
159,5,0.0,0.9622504486493763,0.9787128262576937,,3,ORIGINAL
159,6,0.0,0.9428090415820635,0.9503441910853968,,3,ORIGINAL
159,7,0.0,0.9999999999999998,0.9787128262576937,,4,ORIGINAL
159,8,0.0,,0.9787128262576937,,1,ORIGINAL
159,9,0.0,,0.9787128262576937,,1,ORIGINAL
160,0,0.0,,0.9806790825098123,,0,ORIGINAL
160,1,0.0,,0.9806790825098123,,1,ORIGINAL
160,2,0.0,0.944911182523068,0.9341955221861229,,4,ORIGINAL
160,3,0.0,0.9438798074485389,0.9453174381264416,,5,ORIGINAL
160,4,0.0,0.9622504486493763,0.9806790825098123,,3,ORIGINAL
160,5,0.0,1.0000000000000002,0.9806790825098123,,6,ORIGINAL
160,6,0.0,0.7171371656006361,0.9561958101545694,,7,ORIGINAL
160,7,0.0,0.9486832980505138,0.9806790825098123,,4,ORIGINAL
160,8,0.0,0.944911182523068,0.9806790825098123,,4,ORIGINAL
160,9,0.0,0.8333333333333334,0.9806790825098123,,4,ORIGINAL
161,0,0.0,,0.924635169633216,,0,ORIGINAL
161,1,0.0,,0.924635169633216,,2,ORIGINAL
161,2,0.0,,0.9390073865970422,,0,ORIGINAL
161,3,0.0,0.9486832980505138,0.9530605257077901,,5,ORIGINAL
161,4,0.0,,0.924635169633216,,1,ORIGINAL
161,5,0.0,,0.924635169633216,,2,ORIGINAL
161,6,0.0,,0.9144329233831301,,2,ORIGINAL
161,7,0.0,,0.924635169633216,,0,ORIGINAL
161,8,0.0,,0.924635169633216,,1,ORIGINAL
161,9,0.0,,0.924635169633216,,1,ORIGINAL
162,0,0.0,,0.9265750960401569,,1,ORIGINAL
162,1,0.0,1.0000000000000002,0.9265750960401569,,3,ORIGINAL
162,2,0.0,0.944911182523068,0.9501157978717382,,4,ORIGINAL
162,3,0.0,0.9647638212377322,0.962966190940858,,10,ORIGINAL
162,4,0.0,0.9622504486493763,0.9265750960401569,,3,ORIGINAL
162,5,0.0,0.9999999999999998,0.9265750960401569,,5,ORIGINAL
162,6,0.0,0.4629100498862757,0.8885938333782119,,6,ORIGINAL
162,7,0.0,,0.9265750960401569,,1,ORIGINAL
162,8,0.0,,0.9265750960401569,,0,ORIGINAL
162,9,0.0,,0.9265750960401569,,2,ORIGINAL
163,0,0.0,,0.9557478134173839,,1,ORIGINAL
163,1,0.0,-0.1889822365046136,0.9557478134173839,,7,ORIGINAL
163,2,0.0,0.9258200997725516,0.8993093811766517,,9,ORIGINAL
163,3,0.0,0.639148369549569,0.8997410455540623,,17,ORIGINAL
163,4,0.0,-0.41666666666666674,0.9557478134173839,,9,ORIGINAL
163,5,0.0,0.16666666666666666,0.9557478134173839,,6,ORIGINAL
163,6,0.0,-0.12598815766974242,0.9319636204489933,,9,ORIGINAL
163,7,0.0,,0.9557478134173839,,2,ORIGINAL
163,8,0.0,,0.9557478134173839,,1,ORIGINAL
163,9,0.0,0.727606875108999,0.9557478134173839,,6,ORIGINAL
164,0,0.0,,0.9494930852238481,,0,ORIGINAL
164,1,0.0,1.0000000000000002,0.9494930852238481,,3,ORIGINAL
164,2,0.0,0.9428090415820635,0.9668185410364865,,3,ORIGINAL
164,3,0.0,0.9486832980505138,0.979995514746923,,10,ORIGINAL
164,4,0.0,,0.9494930852238481,,1,ORIGINAL
164,5,0.0,0.9486832980505138,0.9494930852238481,,5,ORIGINAL
164,6,0.0,,0.9431585471469207,,2,ORIGINAL
164,7,0.0,,0.9494930852238481,,1,ORIGINAL
164,8,0.0,,0.9494930852238481,,1,ORIGINAL
164,9,0.0,,0.9494930852238481,,1,ORIGINAL
165,0,0.0,,1.0,,1,ORIGINAL
165,1,0.0,0.3779644730092272,1.0,,4,ORIGINAL
165,2,0.0,0.8006407690254358,0.9633150259944552,,4,ORIGINAL
165,3,0.0,0.5773502691896258,0.9478675140998328,,3,ORIGINAL
165,4,0.0,,1.0,,2,ORIGINAL
165,5,0.0,,1.0,,2,ORIGINAL
165,6,0.0,-0.3779644730092272,0.9646784562203947,,4,ORIGINAL
165,7,0.0,,1.0,,2,ORIGINAL
165,8,0.0,0.4082482904638631,1.0,,3,ORIGINAL
165,9,0.0,,1.0,,1,ORIGINAL
166,0,0.0,0.3333333333333333,0.9235132152421626,,6,ORIGINAL
166,1,0.0,0.8660254037844387,0.9235132152421626,,6,ORIGINAL
166,2,0.0,0.8090398349558905,0.8568316555249683,,8,ORIGINAL
166,3,0.0,0.6431196942844081,0.861510541950822,,23,ORIGINAL
166,4,0.0,0.7,0.9235132152421626,,10,ORIGINAL
166,5,0.0,0.9045340337332909,0.9235132152421626,,10,ORIGINAL
166,6,0.0,0.5333333333333332,0.9112126529302156,,11,ORIGINAL
166,7,0.0,0.7559289460184544,0.9235132152421626,,4,ORIGINAL
166,8,0.0,0.903696114115064,0.9235132152421626,,4,ORIGINAL
166,9,0.0,0.8892972917998876,0.9235132152421626,,6,ORIGINAL
167,0,0.0,,0.9528772583816012,,1,ORIGINAL
167,1,0.0,0.9561828874675149,0.9528772583816012,,5,ORIGINAL
167,2,0.0,0.9999999999999999,0.8862137015677181,,4,ORIGINAL
167,3,0.0,0.9486832980505138,0.8652361873562038,,7,ORIGINAL
167,4,0.0,,0.9528772583816012,,2,ORIGINAL
167,5,0.0,0.9486832980505138,0.9528772583816012,,4,ORIGINAL
167,6,0.0,0.9428090415820632,0.9506763185846232,,6,ORIGINAL
167,7,0.0,0.9525793444156805,0.9528772583816012,,3,ORIGINAL
167,8,0.0,0.8366600265340756,0.9528772583816012,,4,ORIGINAL
167,9,0.0,0.9486832980505138,0.9528772583816012,,4,ORIGINAL
168,0,0.0,,0.9246351719344974,,2,ORIGINAL
168,1,0.0,,0.9246351719344974,,2,ORIGINAL
168,2,0.0,,0.9390073885652511,,2,ORIGINAL
168,3,0.0,0.9999999999999998,0.9530605269532944,,5,ORIGINAL
168,4,0.0,,0.9246351719344974,,1,ORIGINAL
168,5,0.0,1.0000000000000002,0.9246351719344974,,3,ORIGINAL
168,6,0.0,,0.9144329247767675,,2,ORIGINAL
168,7,0.0,,0.9246351719344974,,2,ORIGINAL
168,8,0.0,,0.9246351719344974,,2,ORIGINAL
168,9,0.0,,0.9246351719344974,,2,ORIGINAL
169,0,0.0,0.2721655269759087,0.9557478145760775,,9,ORIGINAL
169,1,0.0,0.6405126152203486,0.9557478145760775,,13,ORIGINAL
169,2,0.0,0.447213595499958,0.8993093847680496,,15,ORIGINAL
169,3,0.0,0.3508232077228117,0.8997410520696569,,58,ORIGINAL
169,4,0.0,0.47628967220784013,0.9557478145760775,,12,ORIGINAL
169,5,0.0,0.8183170883849714,0.9557478145760775,,15,ORIGINAL
169,6,0.0,0.2503130871608794,0.9319636237904523,,15,ORIGINAL
169,7,0.0,0.8682431421244593,0.9557478145760775,,8,ORIGINAL
169,8,0.0,0.7190924955066749,0.9557478145760775,,11,ORIGINAL
169,9,0.0,0.294174202707276,0.9557478145760775,,8,ORIGINAL
170,0,0.0,-0.6030226891555273,0.9557478090298973,,8,ORIGINAL
170,1,0.0,0.4307055216465324,0.9557478090298973,,12,ORIGINAL
170,2,0.0,0.5163977794943223,0.8993093790448997,,16,ORIGINAL
170,3,0.0,0.5111656508223583,0.8997410456675484,,43,ORIGINAL
170,4,0.0,0.6527912098338668,0.9557478090298973,,12,ORIGINAL
170,5,0.0,0.6599663291074445,0.9557478090298973,,15,ORIGINAL
170,6,0.0,0.4181210050035454,0.9319636219317,,18,ORIGINAL
170,7,0.0,0.9647638212377322,0.9557478090298973,,7,ORIGINAL
170,8,0.0,0.7453559924999299,0.9557478090298973,,8,ORIGINAL
170,9,0.0,0.6078306738548309,0.9557478090298973,,12,ORIGINAL
171,0,0.0,,1.0,,0,ORIGINAL
171,1,0.0,1.0000000000000002,1.0,,3,ORIGINAL
171,2,0.0,,0.9633150259944552,,2,ORIGINAL
171,3,0.0,0.8944271909999159,0.9478675140998328,,5,ORIGINAL
171,4,0.0,,1.0,,2,ORIGINAL
171,5,0.0,,1.0,,2,ORIGINAL
171,6,0.0,0.5773502691896258,0.9646784562203947,,5,ORIGINAL
171,7,0.0,,1.0,,2,ORIGINAL
171,8,0.0,,1.0,,1,ORIGINAL
171,9,0.0,1.0000000000000002,1.0,,3,ORIGINAL
172,0,0.0,0.8181818181818182,0.9738458762311102,,8,ORIGINAL
172,1,0.0,0.7844645405527363,0.9738458762311102,,10,ORIGINAL
172,2,0.0,0.7378647873726218,0.9545809542852356,,11,ORIGINAL
172,3,0.0,0.75125313370595,0.971339134360267,,39,ORIGINAL
172,4,0.0,0.903712849693167,0.9738458762311102,,14,ORIGINAL
172,5,0.0,0.8332051183416778,0.9738458762311102,,15,ORIGINAL
172,6,0.0,0.49852724275079074,0.9212287398664367,,15,ORIGINAL
172,7,0.0,0.8131249357707346,0.9738458762311102,,9,ORIGINAL
172,8,0.0,0.8882347881956881,0.9738458762311102,,12,ORIGINAL
172,9,0.0,0.9036961141150639,0.9738458762311102,,8,ORIGINAL
173,0,0.0,1.0,0.9781648201245466,,4,ORIGINAL
173,1,0.0,0.8249579113843053,0.9781648201245466,,6,ORIGINAL
173,2,0.0,0.9135468796041984,0.9355328345830375,,15,ORIGINAL
173,3,0.0,0.8791278938007466,0.9490453965302365,,28,ORIGINAL
173,4,0.0,0.9271726499455306,0.9781648201245466,,7,ORIGINAL
173,5,0.0,0.9176629354822469,0.9781648201245466,,10,ORIGINAL
173,6,0.0,0.9091372900969896,0.9599059833242818,,8,ORIGINAL
173,7,0.0,0.8333333333333335,0.9781648201245466,,9,ORIGINAL
173,8,0.0,0.9429278356405683,0.9781648201245466,,10,ORIGINAL
173,9,0.0,0.9525793444156805,0.9781648201245466,,6,ORIGINAL
174,0,0.0,,0.9806790819464253,,0,ORIGINAL
174,1,0.0,0.8451542547285165,0.9806790819464253,,5,ORIGINAL
174,2,0.0,,0.9341955266031029,,1,ORIGINAL
174,3,0.0,0.903696114115064,0.9453174448114805,,9,ORIGINAL
174,4,0.0,0.9707253433941511,0.9806790819464253,,4,ORIGINAL
174,5,0.0,1.0,0.9806790819464253,,9,ORIGINAL
174,6,0.0,0.8581163303210331,0.9561958128819127,,8,ORIGINAL
174,7,0.0,0.944911182523068,0.9806790819464253,,7,ORIGINAL
174,8,0.0,0.9561828874675149,0.9806790819464253,,5,ORIGINAL
174,9,0.0,0.8660254037844387,0.9806790819464253,,4,ORIGINAL
175,0,0.0,,0.9646784562203947,,2,ORIGINAL
175,1,0.0,0.2886751345948129,0.9646784562203947,,3,ORIGINAL
175,2,0.0,0.4743416490252569,0.9658346052796958,,5,ORIGINAL
175,3,0.0,0.5345224838248488,0.9413488731479989,,10,ORIGINAL
175,4,0.0,0.8164965809277261,0.9646784562203947,,3,ORIGINAL
175,5,0.0,0.686406472983644,0.9646784562203947,,8,ORIGINAL
175,6,0.0,0.4082482904638631,1.0,,7,ORIGINAL
175,7,0.0,,0.9646784562203947,,2,ORIGINAL
175,8,0.0,,0.9646784562203947,,2,ORIGINAL
175,9,0.0,-0.2886751345948129,0.9646784562203947,,3,ORIGINAL
176,0,0.0,-0.5773502691896257,0.9824636481796526,,3,ORIGINAL
176,1,0.0,0.5773502691896258,0.9824636481796526,,3,ORIGINAL
176,2,0.0,0.5345224838248487,0.9373812375584477,,4,ORIGINAL
176,3,0.0,0.7453559924999299,0.9051753866614726,,6,ORIGINAL
176,4,0.0,0.9622504486493763,0.9824636481796526,,3,ORIGINAL
176,5,0.0,0.17677669529663687,0.9824636481796526,,5,ORIGINAL
176,6,0.0,0.6666666666666667,0.9655410100448671,,4,ORIGINAL
176,7,0.0,,0.9824636481796526,,1,ORIGINAL
176,8,0.0,,0.9824636481796526,,1,ORIGINAL
176,9,0.0,0.16666666666666669,0.9824636481796526,,3,ORIGINAL
177,0,0.0,,1.0,,0,ORIGINAL
177,1,0.0,,1.0,,2,ORIGINAL
177,2,0.0,,0.9633150259944552,,2,ORIGINAL
177,3,0.0,0.944911182523068,0.9478675140998328,,4,ORIGINAL
177,4,0.0,,1.0,,1,ORIGINAL
177,5,0.0,1.0000000000000002,1.0,,3,ORIGINAL
177,6,0.0,0.18257418583505536,0.9646784562203947,,3,ORIGINAL
177,7,0.0,,1.0,,1,ORIGINAL
177,8,0.0,,1.0,,1,ORIGINAL
177,9,0.0,,1.0,,2,ORIGINAL
178,0,0.0,1.0,0.9370425221964798,,4,ORIGINAL
178,1,0.0,0.9999999999999998,0.9370425221964798,,10,ORIGINAL
178,2,0.0,0.9561828874675149,0.9097531749055396,,7,ORIGINAL
178,3,0.0,0.9511897312113418,0.9079964992982816,,19,ORIGINAL
178,4,0.0,0.9438798074485389,0.9370425221964798,,5,ORIGINAL
178,5,0.0,0.9622504486493763,0.9370425221964798,,9,ORIGINAL
178,6,0.0,0.28603877677367767,0.9413299927104251,,10,ORIGINAL
178,7,0.0,0.9486832980505138,0.9370425221964798,,6,ORIGINAL
178,8,0.0,0.9669875568304563,0.9370425221964798,,7,ORIGINAL
178,9,0.0,0.9622504486493764,0.9370425221964798,,6,ORIGINAL
179,0,0.0,0.0,0.9665598505723254,,4,ORIGINAL
179,1,0.0,0.20965696734438366,0.9665598505723254,,10,ORIGINAL
179,2,0.0,0.5163977794943222,0.9318523962214718,,9,ORIGINAL
179,3,0.0,0.3630540990914472,0.9352067012898234,,32,ORIGINAL
179,4,0.0,0.24618298195866545,0.9665598505723254,,10,ORIGINAL
179,5,0.0,0.4743416490252569,0.9665598505723254,,8,ORIGINAL
179,6,0.0,0.6225430174794672,0.9616183257565963,,11,ORIGINAL
179,7,0.0,0.5773502691896258,0.9665598505723254,,3,ORIGINAL
179,8,0.0,0.588348405414552,0.9665598505723254,,4,ORIGINAL
179,9,0.0,0.8660254037844387,0.9665598505723254,,3,ORIGINAL
180,0,0.0,,0.9828880247457558,,2,ORIGINAL
180,1,0.0,,0.9828880247457558,,1,ORIGINAL
180,2,0.0,,0.9652308224183486,,2,ORIGINAL
180,3,0.0,0.8164965809277261,0.9370246141133267,,4,ORIGINAL
180,4,0.0,,0.9828880247457558,,0,ORIGINAL
180,5,0.0,,0.9828880247457558,,0,ORIGINAL
180,6,0.0,,0.9391354050079499,,0,ORIGINAL
180,7,0.0,,0.9828880247457558,,0,ORIGINAL
180,8,0.0,,0.9828880247457558,,0,ORIGINAL
180,9,0.0,,0.9828880247457558,,1,ORIGINAL
181,0,0.0,,0.9876676963764429,,0,ORIGINAL
181,1,0.0,0.8888888888888888,0.9876676963764429,,6,ORIGINAL
181,2,0.0,0.5833333333333334,0.9350706547427207,,6,ORIGINAL
181,3,0.0,0.6308932681440448,0.9165836970349228,,10,ORIGINAL
181,4,0.0,-0.11952286093343936,0.9876676963764429,,4,ORIGINAL
181,5,0.0,0.7745966692414834,0.9876676963764429,,6,ORIGINAL
181,6,0.0,0.6396021490668313,0.9690158156746808,,11,ORIGINAL
181,7,0.0,0.9999999999999999,0.9876676963764429,,4,ORIGINAL
181,8,0.0,,0.9876676963764429,,1,ORIGINAL
181,9,0.0,0.944911182523068,0.9876676963764429,,4,ORIGINAL
182,0,0.0,,0.9738004465607708,,1,ORIGINAL
182,1,0.0,0.521749194749951,0.9738004465607708,,9,ORIGINAL
182,2,0.0,0.7348469228349533,0.9197888026392069,,9,ORIGINAL
182,3,0.0,0.6885303726590962,0.9244952754327906,,18,ORIGINAL
182,4,0.0,0.7587869106393281,0.9738004465607708,,12,ORIGINAL
182,5,0.0,0.8606629658238704,0.9738004465607708,,10,ORIGINAL
182,6,0.0,0.6460582824697986,0.9476127990619025,,12,ORIGINAL
182,7,0.0,0.8320502943378437,0.9738004465607708,,7,ORIGINAL
182,8,0.0,0.857142857142857,0.9738004465607708,,4,ORIGINAL
182,9,0.0,0.7800134951599099,0.9738004465607708,,7,ORIGINAL
183,0,0.0,,0.9420432248706846,,1,ORIGINAL
183,1,0.0,0.7071067811865476,0.9420432248706846,,6,ORIGINAL
183,2,0.0,0.628970902033151,0.9356941861565748,,7,ORIGINAL
183,3,0.0,0.7190924955066749,0.9599929166594483,,13,ORIGINAL
183,4,0.0,,0.9420432248706846,,1,ORIGINAL
183,5,0.0,0.8660254037844387,0.9420432248706846,,4,ORIGINAL
183,6,0.0,0.629940788348712,0.9403748508842826,,8,ORIGINAL
183,7,0.0,0.9428090415820635,0.9420432248706846,,6,ORIGINAL
183,8,0.0,0.6172133998483678,0.9420432248706846,,5,ORIGINAL
183,9,0.0,0.9258200997725515,0.9420432248706846,,5,ORIGINAL
184,0,0.0,,0.9464225432249294,,0,ORIGINAL
184,1,0.0,0.9622504486493763,0.9464225432249294,,3,ORIGINAL
184,2,0.0,0.9434563530497265,0.936402350780788,,4,ORIGINAL
184,3,0.0,0.9166666666666669,0.9460638143794715,,6,ORIGINAL
184,4,0.0,,0.9464225432249294,,2,ORIGINAL
184,5,0.0,0.9622504486493763,0.9464225432249294,,3,ORIGINAL
184,6,0.0,0.4082482904638631,0.9660329857347986,,6,ORIGINAL
184,7,0.0,,0.9464225432249294,,1,ORIGINAL
184,8,0.0,,0.9464225432249294,,0,ORIGINAL
184,9,0.0,,0.9464225432249294,,2,ORIGINAL
185,0,0.0,,0.9420432268977327,,2,ORIGINAL
185,1,0.0,,0.9420432268977327,,1,ORIGINAL
185,2,0.0,0.9561828874675149,0.9356941887542991,,4,ORIGINAL
185,3,0.0,0.9772545497599155,0.9599929183523925,,9,ORIGINAL
185,4,0.0,,0.9420432268977327,,0,ORIGINAL
185,5,0.0,,0.9420432268977327,,2,ORIGINAL
185,6,0.0,,0.9403748528195763,,1,ORIGINAL
185,7,0.0,,0.9420432268977327,,2,ORIGINAL
185,8,0.0,,0.9420432268977327,,1,ORIGINAL
185,9,0.0,,0.9420432268977327,,2,ORIGINAL
186,107,0.9,0.8616404368553293,0.9335964732233221,,6,ORIGINAL
186,197,0.9,0.5707817929853929,0.9317824657590655,,13,ORIGINAL
186,316,0.9,0.7526178090063818,0.8863643074660453,,11,ORIGINAL
186,0,0.0,,0.9317824657590655,,0,ORIGINAL
186,1,0.0,0.5,0.9317824657590655,,4,ORIGINAL
186,2,0.0,0.944911182523068,0.9481723080713255,,4,ORIGINAL
186,3,0.0,0.7337993857053429,0.9184882843541967,,7,ORIGINAL
186,4,0.0,0.41602514716892186,0.9317824657590655,,4,ORIGINAL
186,5,0.0,1.0000000000000002,0.9317824657590655,,6,ORIGINAL
186,6,0.0,0.20412414523193148,0.9277148539796627,,8,ORIGINAL
187,0,0.0,,0.9197532190055877,,1,ORIGINAL
187,1,0.0,-0.9999999999999998,0.9197532190055877,,5,ORIGINAL
187,2,0.0,,0.906690563120478,,2,ORIGINAL
187,3,0.0,-0.8616404368553293,0.90680680365062,,6,ORIGINAL
187,4,0.0,-0.9432422182837986,0.9197532190055877,,8,ORIGINAL
187,5,0.0,-0.8944271909999159,0.9197532190055877,,5,ORIGINAL
187,6,0.0,-0.8333333333333334,0.8967909650188401,,4,ORIGINAL
187,7,0.0,,0.9197532190055877,,1,ORIGINAL
187,8,0.0,,0.9197532190055877,,2,ORIGINAL
187,9,0.0,-0.9486832980505138,0.9197532190055877,,4,ORIGINAL
188,0,0.0,,0.9884224013979345,,1,ORIGINAL
188,1,0.0,0.9434563530497265,0.9884224013979345,,7,ORIGINAL
188,2,0.0,0.9534625892455924,0.9411378809885597,,8,ORIGINAL
188,3,0.0,0.7905694150420948,0.9337064295489298,,14,ORIGINAL
188,4,0.0,0.8666666666666667,0.9884224013979345,,7,ORIGINAL
188,5,0.0,0.8081220356417685,0.9884224013979345,,7,ORIGINAL
188,6,0.0,0.25087260300212727,0.9586524260199483,,8,ORIGINAL
188,7,0.0,0.7977240352174656,0.9884224013979345,,5,ORIGINAL
188,8,0.0,0.9622504486493763,0.9884224013979345,,3,ORIGINAL
188,9,0.0,0.9486832980505138,0.9884224013979345,,4,ORIGINAL
189,0,0.0,,0.9771853370611884,,0,ORIGINAL
189,1,0.0,1.0000000000000002,0.9771853370611884,,3,ORIGINAL
189,2,0.0,,0.9309811016970425,,1,ORIGINAL
189,3,0.0,,0.9077727269777323,,2,ORIGINAL
189,4,0.0,,0.9771853370611884,,1,ORIGINAL
189,5,0.0,,0.9771853370611884,,2,ORIGINAL
189,6,0.0,0.9428090415820635,0.9450597426654841,,3,ORIGINAL
189,7,0.0,0.9428090415820635,0.9771853370611884,,3,ORIGINAL
189,8,0.0,,0.9771853370611884,,1,ORIGINAL
189,9,0.0,1.0,0.9771853370611884,,4,ORIGINAL
190,0,0.0,,0.9771853369023255,,0,ORIGINAL
190,1,0.0,0.9428090415820635,0.9771853369023255,,3,ORIGINAL
190,2,0.0,,0.9309811005956449,,1,ORIGINAL
190,3,0.0,,0.9077727260298036,,2,ORIGINAL
190,4,0.0,,0.9771853369023255,,2,ORIGINAL
190,5,0.0,,0.9771853369023255,,2,ORIGINAL
190,6,0.0,0.9428090415820632,0.9450597421234882,,3,ORIGINAL
190,7,0.0,0.8164965809277261,0.9771853369023255,,3,ORIGINAL
190,8,0.0,,0.9771853369023255,,0,ORIGINAL
190,9,0.0,0.9428090415820635,0.9771853369023255,,3,ORIGINAL
191,0,0.0,,0.9528205470013668,,0,ORIGINAL
191,1,0.0,,0.9528205470013668,,1,ORIGINAL
191,2,0.0,,0.9555396416255699,,2,ORIGINAL
191,3,0.0,,0.9747204241534707,,2,ORIGINAL
191,4,0.0,,0.9528205470013668,,1,ORIGINAL
191,5,0.0,1.0000000000000002,0.9528205470013668,,3,ORIGINAL
191,6,0.0,0.2182178902359924,0.9738170100034905,,4,ORIGINAL
191,7,0.0,,0.9528205470013668,,1,ORIGINAL
191,8,0.0,,0.9528205470013668,,0,ORIGINAL
191,9,0.0,,0.9528205470013668,,1,ORIGINAL
192,0,0.0,,0.9787128262576937,,0,ORIGINAL
192,1,0.0,0.8944271909999159,0.9787128262576937,,5,ORIGINAL
192,2,0.0,,0.9352165820534446,,1,ORIGINAL
192,3,0.0,0.9428090415820635,0.9507984093464296,,3,ORIGINAL
192,4,0.0,0.7844645405527361,0.9787128262576937,,4,ORIGINAL
192,5,0.0,1.0000000000000002,0.9787128262576937,,3,ORIGINAL
192,6,0.0,0.6324555320336759,0.9503441910853968,,5,ORIGINAL
192,7,0.0,0.8728715609439696,0.9787128262576937,,4,ORIGINAL
192,8,0.0,,0.9787128262576937,,1,ORIGINAL
192,9,0.0,0.9999999999999998,0.9787128262576937,,5,ORIGINAL
193,0,0.0,,0.9794193485015635,,1,ORIGINAL
193,1,0.0,0.7745966692414834,0.9794193485015635,,5,ORIGINAL
193,2,0.0,,0.9292376140178872,,3,ORIGINAL
193,3,0.0,0.6614378277661476,0.8954618946154363,,14,ORIGINAL
193,4,0.0,0.7071067811865475,0.9794193485015635,,3,ORIGINAL
193,5,0.0,0.7071067811865476,0.9794193485015635,,6,ORIGINAL
193,6,0.0,0.5,0.9659286563039695,,6,ORIGINAL
193,7,0.0,0.6123724356957945,0.9794193485015635,,6,ORIGINAL
193,8,0.0,0.7745966692414834,0.9794193485015635,,6,ORIGINAL
193,9,0.0,0.5773502691896258,0.9794193485015635,,3,ORIGINAL
194,0,0.0,1.0000000000000002,1.0,,3,ORIGINAL
194,1,0.0,0.8581163303210331,1.0,,8,ORIGINAL
194,2,0.0,0.9333333333333332,0.9633150259944552,,9,ORIGINAL
194,3,0.0,0.8970852271450604,0.9478675140998328,,19,ORIGINAL
194,4,0.0,0.8907986681660889,1.0,,7,ORIGINAL
194,5,0.0,0.9296696802013682,1.0,,11,ORIGINAL
194,6,0.0,0.7756315349925288,0.9646784562203947,,13,ORIGINAL
194,7,0.0,0.9090909090909091,1.0,,5,ORIGINAL
194,8,0.0,0.9594032236002469,1.0,,5,ORIGINAL
194,9,0.0,0.8164965809277261,1.0,,10,ORIGINAL
195,0,0.0,0.8164965809277261,0.93423278769351,,4,ORIGINAL
195,1,0.0,,0.93423278769351,,2,ORIGINAL
195,2,0.0,0.7559289460184544,0.9706162323255848,,4,ORIGINAL
195,3,0.0,0.8696263565463043,0.9762346959498835,,7,ORIGINAL
195,4,0.0,,0.93423278769351,,1,ORIGINAL
195,5,0.0,0.8485281374238569,0.93423278769351,,5,ORIGINAL
195,6,0.0,,0.9160911624183175,,0,ORIGINAL
195,7,0.0,,0.93423278769351,,0,ORIGINAL
195,8,0.0,,0.93423278769351,,1,ORIGINAL
195,9,0.0,0.7745966692414834,0.93423278769351,,3,ORIGINAL
196,0,0.0,,0.9865432291009868,,0,ORIGINAL
196,1,0.0,,0.9865432291009868,,0,ORIGINAL
196,2,0.0,,0.946452462077083,,2,ORIGINAL
196,3,0.0,1.0000000000000002,0.9288382417506102,,6,ORIGINAL
196,4,0.0,0.8366600265340756,0.9865432291009868,,4,ORIGINAL
196,5,0.0,0.9999999999999998,0.9865432291009868,,5,ORIGINAL
196,6,0.0,,0.9560412601772939,,2,ORIGINAL
196,7,0.0,,0.9865432291009868,,1,ORIGINAL
196,8,0.0,,0.9865432291009868,,1,ORIGINAL
196,9,0.0,,0.9865432291009868,,0,ORIGINAL
197,107,0.9,0.8081901942077094,0.968115055201854,,12,ORIGINAL
197,186,0.9,0.5707817929853929,0.9317824657590655,,13,ORIGINAL
197,0,0.0,0.944911182523068,1.0,,4,ORIGINAL
197,1,0.0,0.9429541672723838,1.0,,11,ORIGINAL
197,2,0.0,0.9152086306448589,0.9633150259944552,,15,ORIGINAL
197,3,0.0,0.8525831180624469,0.9478675140998328,,26,ORIGINAL
197,4,0.0,0.9239364353597956,1.0,,14,ORIGINAL
197,5,0.0,0.9205746178983235,1.0,,20,ORIGINAL
197,6,0.0,0.6993996651406948,0.9646784562203947,,14,ORIGINAL
197,7,0.0,0.9260923597695477,1.0,,10,ORIGINAL
198,0,0.0,,0.9623825726019074,,2,ORIGINAL
198,1,0.0,,0.9623825726019074,,2,ORIGINAL
198,2,0.0,0.2581988897471611,0.9039457242238322,,9,ORIGINAL
198,3,0.0,0.492365963917331,0.9255037799035835,,17,ORIGINAL
198,4,0.0,-0.1336306209562122,0.9623825726019074,,5,ORIGINAL
198,5,0.0,0.7071067811865475,0.9623825726019074,,7,ORIGINAL
198,6,0.0,0.47140452079103173,0.9443964430495274,,3,ORIGINAL
198,7,0.0,,0.9623825726019074,,1,ORIGINAL
198,8,0.0,0.6454972243679029,0.9623825726019074,,4,ORIGINAL
198,9,0.0,0.8660254037844387,0.9623825726019074,,3,ORIGINAL
199,739,0.9,,,,0,ORIGINAL
199,0,0.0,,0.9808074286486422,,1,ORIGINAL
199,1,0.0,,0.9808074286486422,,0,ORIGINAL
199,2,0.0,,0.9704064446070771,,1,ORIGINAL
199,3,0.0,,0.9434388031421846,,2,ORIGINAL
199,4,0.0,,0.9808074286486422,,1,ORIGINAL
199,5,0.0,,0.9808074286486422,,0,ORIGINAL
199,6,0.0,,0.9385487604084403,,0,ORIGINAL
199,7,0.0,,0.9808074286486422,,1,ORIGINAL
199,8,0.0,,0.9808074286486422,,0,ORIGINAL
200,101,0.9,0.7778444682625973,0.9729823259532788,,9,ORIGINAL
200,526,0.9,0.944911182523068,0.9650727927020335,,14,ORIGINAL
200,595,0.9,0.7777777777777779,0.9999999999999952,,9,ORIGINAL
200,709,0.9,0.9074852129730302,0.9400009539971351,,9,ORIGINAL
200,0,0.0,,0.9557478084281137,,2,ORIGINAL
200,1,0.0,0.9561828874675149,0.9557478084281137,,5,ORIGINAL
200,2,0.0,0.8606629658238704,0.899309378753388,,6,ORIGINAL
200,3,0.0,0.9434563530497265,0.8997410447487373,,11,ORIGINAL
200,4,0.0,0.8770580193070293,0.9557478084281137,,4,ORIGINAL
200,5,0.0,0.9456108576893003,0.9557478084281137,,9,ORIGINAL
201,0,0.0,,1.0,,0,ORIGINAL
201,1,0.0,,1.0,,0,ORIGINAL
201,2,0.0,,0.9633150259944552,,2,ORIGINAL
201,3,0.0,,0.9478675140998328,,1,ORIGINAL
201,4,0.0,,1.0,,1,ORIGINAL
201,5,0.0,,1.0,,0,ORIGINAL
201,6,0.0,,0.9646784562203947,,1,ORIGINAL
201,7,0.0,,1.0,,0,ORIGINAL
201,8,0.0,,1.0,,1,ORIGINAL
201,9,0.0,,1.0,,0,ORIGINAL
202,0,0.0,,0.9806790827122713,,0,ORIGINAL
202,1,0.0,1.0,0.9806790827122713,,4,ORIGINAL
202,2,0.0,,0.9341955275642331,,1,ORIGINAL
202,3,0.0,0.9999999999999998,0.9453174449713314,,5,ORIGINAL
202,4,0.0,,0.9806790827122713,,1,ORIGINAL
202,5,0.0,1.0000000000000002,0.9806790827122713,,6,ORIGINAL
202,6,0.0,0.6666666666666667,0.9561958125198223,,6,ORIGINAL
202,7,0.0,0.944911182523068,0.9806790827122713,,4,ORIGINAL
202,8,0.0,0.9707253433941511,0.9806790827122713,,4,ORIGINAL
202,9,0.0,1.0000000000000002,0.9806790827122713,,3,ORIGINAL
203,0,0.0,-0.8164965809277259,0.9738004462591998,,5,ORIGINAL
203,1,0.0,0.30151134457776363,0.9738004462591998,,8,ORIGINAL
203,2,0.0,0.3077935056255462,0.9197887980084796,,10,ORIGINAL
203,3,0.0,0.06085806194501844,0.92449527133247,,21,ORIGINAL
203,4,0.0,0.15713484026367722,0.9738004462591998,,9,ORIGINAL
203,5,0.0,0.0,0.9738004462591998,,11,ORIGINAL
203,6,0.0,-0.1889822365046136,0.947612799170234,,8,ORIGINAL
203,7,0.0,0.0,0.9738004462591998,,6,ORIGINAL
203,8,0.0,-0.3086066999241839,0.9738004462591998,,5,ORIGINAL
203,9,0.0,0.09325048082403138,0.9738004462591998,,9,ORIGINAL
204,0,0.0,,,,1,ORIGINAL
204,1,0.0,0.8660254037844387,,,3,ORIGINAL
204,2,0.0,0.9036961141150639,,,6,ORIGINAL
204,3,0.0,0.7826237921249264,,,7,ORIGINAL
204,4,0.0,,,,1,ORIGINAL
204,5,0.0,1.0,,,4,ORIGINAL
204,6,0.0,1.0,,,4,ORIGINAL
204,7,0.0,0.9622504486493763,,,3,ORIGINAL
204,8,0.0,,,,2,ORIGINAL
204,9,0.0,0.6324555320336759,,,3,ORIGINAL
205,0,0.0,,0.9688240455412486,,1,ORIGINAL
205,1,0.0,,0.9688240455412486,,2,ORIGINAL
205,2,0.0,0.9750168689498874,0.9416600184948395,,7,ORIGINAL
205,3,0.0,0.9723055853282466,0.9640273209028699,,8,ORIGINAL
205,4,0.0,0.8164965809277259,0.9688240455412486,,3,ORIGINAL
205,5,0.0,,0.9688240455412486,,1,ORIGINAL
205,6,0.0,,0.9506001637622323,,1,ORIGINAL
205,7,0.0,,0.9688240455412486,,1,ORIGINAL
205,8,0.0,,0.9688240455412486,,1,ORIGINAL
205,9,0.0,,0.9688240455412486,,1,ORIGINAL
206,0,0.0,,1.0,,2,ORIGINAL
206,1,0.0,0.8528028654224417,1.0,,5,ORIGINAL
206,2,0.0,0.8775269089525567,0.9633150259944552,,5,ORIGINAL
206,3,0.0,0.8783100656536798,0.9478675140998328,,10,ORIGINAL
206,4,0.0,,1.0,,0,ORIGINAL
206,5,0.0,0.9428090415820632,1.0,,3,ORIGINAL
206,6,0.0,0.5270462766947299,0.9646784562203947,,6,ORIGINAL
206,7,0.0,0.9999999999999998,1.0,,4,ORIGINAL
206,8,0.0,,1.0,,1,ORIGINAL
206,9,0.0,0.9434563530497265,1.0,,4,ORIGINAL
207,0,0.0,,0.9794193485015635,,0,ORIGINAL
207,1,0.0,,0.9794193485015635,,1,ORIGINAL
207,2,0.0,,0.9292376140178872,,0,ORIGINAL
207,3,0.0,,0.8954618946154363,,0,ORIGINAL
207,4,0.0,,0.9794193485015635,,0,ORIGINAL
207,5,0.0,,0.9794193485015635,,0,ORIGINAL
207,6,0.0,,0.9659286563039695,,0,ORIGINAL
207,7,0.0,,0.9794193485015635,,0,ORIGINAL
207,8,0.0,,0.9794193485015635,,0,ORIGINAL
207,9,0.0,,0.9794193485015635,,1,ORIGINAL
208,739,0.8,,,,1,ORIGINAL
208,0,0.0,,0.9409512502436345,,0,ORIGINAL
208,1,0.0,0.9486832980505138,0.9409512502436345,,4,ORIGINAL
208,2,0.0,0.8164965809277261,0.8805955334094908,,3,ORIGINAL
208,3,0.0,0.7071067811865475,0.8425549511191418,,5,ORIGINAL
208,4,0.0,0.6708203932499369,0.9409512502436345,,4,ORIGINAL
208,5,0.0,0.8485281374238569,0.9409512502436345,,5,ORIGINAL
208,6,0.0,0.4082482904638631,0.9260773581134877,,3,ORIGINAL
208,7,0.0,,0.9409512502436345,,2,ORIGINAL
208,8,0.0,0.7071067811865475,0.9409512502436345,,3,ORIGINAL
209,0,0.0,,0.9734363214507032,,0,ORIGINAL
209,1,0.0,,0.9734363214507032,,0,ORIGINAL
209,2,0.0,,0.9372873897695143,,2,ORIGINAL
209,3,0.0,1.0000000000000002,0.9593459940786431,,3,ORIGINAL
209,4,0.0,,0.9734363214507032,,2,ORIGINAL
209,5,0.0,,0.9734363214507032,,2,ORIGINAL
209,6,0.0,,0.9352360575243936,,1,ORIGINAL
209,7,0.0,,0.9734363214507032,,2,ORIGINAL
209,8,0.0,,0.9734363214507032,,2,ORIGINAL
209,9,0.0,,0.9734363214507032,,0,ORIGINAL
210,0,0.0,,0.9770930325106809,,0,ORIGINAL
210,1,0.0,,0.9770930325106809,,1,ORIGINAL
210,2,0.0,,0.9426950569161515,,2,ORIGINAL
210,3,0.0,0.9438798074485389,0.9697879102911497,,5,ORIGINAL
210,4,0.0,,0.9770930325106809,,1,ORIGINAL
210,5,0.0,,0.9770930325106809,,2,ORIGINAL
210,6,0.0,,0.9343338201073141,,1,ORIGINAL
210,7,0.0,,0.9770930325106809,,0,ORIGINAL
210,8,0.0,,0.9770930325106809,,0,ORIGINAL
210,9,0.0,,0.9770930325106809,,0,ORIGINAL
211,0,0.0,,0.931782465990047,,0,ORIGINAL
211,1,0.0,0.9486832980505138,0.931782465990047,,5,ORIGINAL
211,2,0.0,0.9622504486493763,0.9481723044676227,,3,ORIGINAL
211,3,0.0,0.9525793444156805,0.9184882803529835,,6,ORIGINAL
211,4,0.0,,0.931782465990047,,2,ORIGINAL
211,5,0.0,,0.931782465990047,,2,ORIGINAL
211,6,0.0,0.6324555320336759,0.9277148519986899,,5,ORIGINAL
211,7,0.0,0.9438798074485389,0.931782465990047,,5,ORIGINAL
211,8,0.0,,0.931782465990047,,0,ORIGINAL
211,9,0.0,1.0000000000000002,0.931782465990047,,3,ORIGINAL
212,0,0.0,0.8749999999999998,0.9865432291009868,,5,ORIGINAL
212,1,0.0,0.9561828874675149,0.9865432291009868,,7,ORIGINAL
212,2,0.0,0.9432422182837986,0.946452462077083,,10,ORIGINAL
212,3,0.0,0.9304842103984707,0.9288382417506102,,21,ORIGINAL
212,4,0.0,0.9622504486493763,0.9865432291009868,,9,ORIGINAL
212,5,0.0,0.9770084209183943,0.9865432291009868,,12,ORIGINAL
212,6,0.0,0.7216098119626152,0.9560412601772939,,10,ORIGINAL
212,7,0.0,0.9163419338230352,0.9865432291009868,,9,ORIGINAL
212,8,0.0,0.9506541513652698,0.9865432291009868,,5,ORIGINAL
212,9,0.0,0.981432984131437,0.9865432291009868,,8,ORIGINAL
213,0,0.0,,0.9409512556659316,,1,ORIGINAL
213,1,0.0,1.0,0.9409512556659316,,4,ORIGINAL
213,2,0.0,0.944911182523068,0.8805955348311173,,4,ORIGINAL
213,3,0.0,0.9594032236002469,0.8425549511708728,,8,ORIGINAL
213,4,0.0,0.9707253433941511,0.9409512556659316,,4,ORIGINAL
213,5,0.0,1.0,0.9409512556659316,,4,ORIGINAL
213,6,0.0,0.8660254037844387,0.9260773592122862,,6,ORIGINAL
213,7,0.0,0.944911182523068,0.9409512556659316,,4,ORIGINAL
213,8,0.0,,0.9409512556659316,,2,ORIGINAL
213,9,0.0,0.9761870601839528,0.9409512556659316,,5,ORIGINAL
214,0,0.0,0.17407765595569785,0.956703127077904,,8,ORIGINAL
214,1,0.0,0.3442651863295481,0.956703127077904,,12,ORIGINAL
214,2,0.0,0.6614378277661476,0.8856912288722915,,20,ORIGINAL
214,3,0.0,0.5412658773652742,0.9004262845449462,,50,ORIGINAL
214,4,0.0,0.6788442333021307,0.956703127077904,,13,ORIGINAL
214,5,0.0,0.9309493362512627,0.956703127077904,,16,ORIGINAL
214,6,0.0,-0.09128709291752768,0.9311485121085034,,12,ORIGINAL
214,7,0.0,0.944911182523068,0.956703127077904,,7,ORIGINAL
214,8,0.0,0.6172133998483676,0.956703127077904,,9,ORIGINAL
214,9,0.0,0.7144345083117604,0.956703127077904,,7,ORIGINAL
215,0,0.0,,0.9770930333460692,,2,ORIGINAL
215,1,0.0,,0.9770930333460692,,2,ORIGINAL
215,2,0.0,,0.9426950542058579,,1,ORIGINAL
215,3,0.0,0.9999999999999998,0.9697879072350232,,5,ORIGINAL
215,4,0.0,,0.9770930333460692,,2,ORIGINAL
215,5,0.0,1.0,0.9770930333460692,,4,ORIGINAL
215,6,0.0,,0.9343338179348393,,2,ORIGINAL
215,7,0.0,,0.9770930333460692,,2,ORIGINAL
215,8,0.0,1.0000000000000002,0.9770930333460692,,3,ORIGINAL
215,9,0.0,,0.9770930333460692,,0,ORIGINAL
216,0,0.0,0.8164965809277259,0.9317824697544982,,5,ORIGINAL
216,1,0.0,,0.9317824697544982,,2,ORIGINAL
216,2,0.0,0.8164965809277261,0.948172308948168,,4,ORIGINAL
216,3,0.0,0.7833494518006403,0.9184882850144845,,14,ORIGINAL
216,4,0.0,0.7106690545187015,0.9317824697544982,,6,ORIGINAL
216,5,0.0,0.7396002616336389,0.9317824697544982,,10,ORIGINAL
216,6,0.0,0.7071067811865475,0.9277148497305662,,5,ORIGINAL
216,7,0.0,0.8451542547285165,0.9317824697544982,,4,ORIGINAL
216,8,0.0,0.8164965809277261,0.9317824697544982,,4,ORIGINAL
216,9,0.0,0.21320071635561041,0.9317824697544982,,6,ORIGINAL
217,0,0.0,0.9999999999999998,1.0,,5,ORIGINAL
217,1,0.0,0.8703882797784892,1.0,,9,ORIGINAL
217,2,0.0,0.8356716504931925,0.9633150259944552,,13,ORIGINAL
217,3,0.0,0.8753762190648171,0.9478675140998328,,15,ORIGINAL
217,4,0.0,0.8571946154145231,1.0,,8,ORIGINAL
217,5,0.0,0.8563488385776753,1.0,,9,ORIGINAL
217,6,0.0,0.7514691493021793,0.9646784562203947,,11,ORIGINAL
217,7,0.0,0.8749999999999998,1.0,,5,ORIGINAL
217,8,0.0,0.9166666666666666,1.0,,7,ORIGINAL
217,9,0.0,0.9449111825230682,1.0,,9,ORIGINAL
218,739,0.9,,,,0,ORIGINAL
218,0,0.0,,0.9852485776222936,,1,ORIGINAL
218,1,0.0,,0.9852485776222936,,0,ORIGINAL
218,2,0.0,0.9999999999999998,0.9360452062211253,,5,ORIGINAL
218,3,0.0,0.9354143466934852,0.908943534839849,,8,ORIGINAL
218,4,0.0,0.9622504486493763,0.9852485776222936,,3,ORIGINAL
218,5,0.0,,0.9852485776222936,,1,ORIGINAL
218,6,0.0,,0.9597279595939826,,1,ORIGINAL
218,7,0.0,,0.9852485776222936,,1,ORIGINAL
218,8,0.0,,0.9852485776222936,,1,ORIGINAL
219,0,0.0,-0.7337993857053429,0.9487238644352136,,4,ORIGINAL
219,1,0.0,0.22645540682891918,0.9487238644352136,,9,ORIGINAL
219,2,0.0,0.04356068418690322,0.8891044095711875,,11,ORIGINAL
219,3,0.0,0.07593263966019992,0.9153603129910003,,25,ORIGINAL
219,4,0.0,0.4622501635210243,0.9487238644352136,,6,ORIGINAL
219,5,0.0,0.3944053188733077,0.9487238644352136,,11,ORIGINAL
219,6,0.0,0.11547005383792516,0.9216289003364204,,11,ORIGINAL
219,7,0.0,0.6363636363636364,0.9487238644352136,,5,ORIGINAL
219,8,0.0,0.6396021490668313,0.9487238644352136,,5,ORIGINAL
219,9,0.0,0.23570226039551587,0.9487238644352136,,7,ORIGINAL
220,0,0.0,,0.9770930333460692,,1,ORIGINAL
220,1,0.0,,0.9770930333460692,,1,ORIGINAL
220,2,0.0,,0.9426950542058579,,2,ORIGINAL
220,3,0.0,,0.9697879072350232,,2,ORIGINAL
220,4,0.0,,0.9770930333460692,,0,ORIGINAL
220,5,0.0,,0.9770930333460692,,0,ORIGINAL
220,6,0.0,,0.9343338179348393,,0,ORIGINAL
220,7,0.0,,0.9770930333460692,,0,ORIGINAL
220,8,0.0,,0.9770930333460692,,0,ORIGINAL
220,9,0.0,,0.9770930333460692,,2,ORIGINAL
221,0,0.0,0.5669467095138409,0.9516793331612367,,8,ORIGINAL
221,1,0.0,0.7276068751089989,0.9516793331612367,,16,ORIGINAL
221,2,0.0,0.4950737714883372,0.9038354839116866,,8,ORIGINAL
221,3,0.0,0.492365963917331,0.9378772049356991,,16,ORIGINAL
221,4,0.0,0.7844645405527361,0.9516793331612367,,4,ORIGINAL
221,5,0.0,0.8164965809277261,0.9516793331612367,,6,ORIGINAL
221,6,0.0,0.5669467095138409,0.8806191639365999,,6,ORIGINAL
221,7,0.0,0.6708203932499369,0.9516793331612367,,4,ORIGINAL
221,8,0.0,0.4082482904638631,0.9516793331612367,,3,ORIGINAL
221,9,0.0,0.6933752452815365,0.9516793331612367,,5,ORIGINAL
222,0,0.0,,0.9547904314767204,,0,ORIGINAL
222,1,0.0,,0.9547904314767204,,1,ORIGINAL
222,2,0.0,1.0000000000000002,0.9499077699877394,,3,ORIGINAL
222,3,0.0,0.8749999999999998,0.9601427185818374,,5,ORIGINAL
222,4,0.0,,0.9547904314767204,,1,ORIGINAL
222,5,0.0,1.0000000000000002,0.9547904314767204,,3,ORIGINAL
222,6,0.0,0.6172133998483676,0.9376399287227152,,7,ORIGINAL
222,7,0.0,0.944911182523068,0.9547904314767204,,4,ORIGINAL
222,8,0.0,,0.9547904314767204,,2,ORIGINAL
222,9,0.0,,0.9547904314767204,,2,ORIGINAL
223,0,0.0,,0.9616716913116158,,1,ORIGINAL
223,1,0.0,0.9486832980505138,0.9616716913116158,,5,ORIGINAL
223,2,0.0,0.9525793444156805,0.9692984658699926,,6,ORIGINAL
223,3,0.0,0.8888888888888891,0.9711647463675521,,12,ORIGINAL
223,4,0.0,,0.9616716913116158,,2,ORIGINAL
223,5,0.0,0.944911182523068,0.9616716913116158,,8,ORIGINAL
223,6,0.0,0.27386127875258304,0.9700823589699592,,9,ORIGINAL
223,7,0.0,,0.9616716913116158,,2,ORIGINAL
223,8,0.0,0.8164965809277261,0.9616716913116158,,3,ORIGINAL
223,9,0.0,0.8366600265340756,0.9616716913116158,,4,ORIGINAL
224,0,0.0,,0.9824636481807236,,1,ORIGINAL
224,1,0.0,0.6123724356957945,0.9824636481807236,,8,ORIGINAL
224,2,0.0,0.9574271077563381,0.9373812340330052,,6,ORIGINAL
224,3,0.0,0.4579218831544977,0.9051753847125737,,21,ORIGINAL
224,4,0.0,0.3227486121839514,0.9824636481807236,,8,ORIGINAL
224,5,0.0,0.7095748751868991,0.9824636481807236,,14,ORIGINAL
224,6,0.0,0.8888888888888888,0.9655410074942835,,8,ORIGINAL
224,7,0.0,0.9295160030897801,0.9824636481807236,,10,ORIGINAL
224,8,0.0,0.8347300123683029,0.9824636481807236,,10,ORIGINAL
224,9,0.0,0.7888106377466154,0.9824636481807236,,7,ORIGINAL
225,0,0.0,,0.9545005798441111,,1,ORIGINAL
225,1,0.0,0.9428090415820635,0.9545005798441111,,3,ORIGINAL
225,2,0.0,0.9438798074485389,0.896572649604279,,5,ORIGINAL
225,3,0.0,0.8999999999999998,0.9117335255779871,,7,ORIGINAL
225,4,0.0,0.9428090415820635,0.9545005798441111,,3,ORIGINAL
225,5,0.0,0.9999999999999998,0.9545005798441111,,5,ORIGINAL
225,6,0.0,0.9999999999999998,0.9422929880042143,,5,ORIGINAL
225,7,0.0,0.944911182523068,0.9545005798441111,,4,ORIGINAL
225,8,0.0,1.0,0.9545005798441111,,4,ORIGINAL
225,9,0.0,0.9561828874675149,0.9545005798441111,,5,ORIGINAL
226,0,0.0,0.7559289460184544,0.9699713558441899,,6,ORIGINAL
226,1,0.0,0.7453559924999299,0.9699713558441899,,9,ORIGINAL
226,2,0.0,0.6123724356957945,0.9059825077080851,,8,ORIGINAL
226,3,0.0,0.6999999999999998,0.8860247103742077,,14,ORIGINAL
226,4,0.0,0.9772545497599155,0.9699713558441899,,9,ORIGINAL
226,5,0.0,0.8908708063747479,0.9699713558441899,,10,ORIGINAL
226,6,0.0,0.6067880364121376,0.9660512377577112,,14,ORIGINAL
226,7,0.0,1.0000000000000002,0.9699713558441899,,3,ORIGINAL
226,8,0.0,0.7115124735378853,0.9699713558441899,,7,ORIGINAL
226,9,0.0,0.9363821838346237,0.9699713558441899,,10,ORIGINAL
227,0,0.0,,0.9681150547974688,,2,ORIGINAL
227,1,0.0,0.9622504486493763,0.9681150547974688,,3,ORIGINAL
227,2,0.0,0.9525793444156805,0.9538641588284185,,6,ORIGINAL
227,3,0.0,0.9723055853282466,0.9731287392007654,,11,ORIGINAL
227,4,0.0,,0.9681150547974688,,1,ORIGINAL
227,5,0.0,0.9428090415820635,0.9681150547974688,,3,ORIGINAL
227,6,0.0,0.7171371656006361,0.9156195843198824,,4,ORIGINAL
227,7,0.0,,0.9681150547974688,,1,ORIGINAL
227,8,0.0,0.8770580193070293,0.9681150547974688,,4,ORIGINAL
227,9,0.0,1.0000000000000002,0.9681150547974688,,3,ORIGINAL
228,0,0.0,,0.9519691743590629,,1,ORIGINAL
228,1,0.0,1.0000000000000002,0.9519691743590629,,3,ORIGINAL
228,2,0.0,0.9428090415820635,0.9247435645838629,,3,ORIGINAL
228,3,0.0,1.0000000000000002,0.8922040980980664,,6,ORIGINAL
228,4,0.0,,0.9519691743590629,,2,ORIGINAL
228,5,0.0,1.0000000000000002,0.9519691743590629,,6,ORIGINAL
228,6,0.0,0.2886751345948129,0.9085384464949312,,4,ORIGINAL
228,7,0.0,0.9486832980505138,0.9519691743590629,,4,ORIGINAL
228,8,0.0,0.9622504486493763,0.9519691743590629,,3,ORIGINAL
228,9,0.0,0.9622504486493763,0.9519691743590629,,3,ORIGINAL
229,0,0.0,,0.9317824697544982,,0,ORIGINAL
229,1,0.0,0.944911182523068,0.9317824697544982,,4,ORIGINAL
229,2,0.0,1.0000000000000002,0.948172308948168,,3,ORIGINAL
229,3,0.0,1.0000000000000002,0.9184882850144845,,9,ORIGINAL
229,4,0.0,0.9456108576893003,0.9317824697544982,,6,ORIGINAL
229,5,0.0,0.9525793444156805,0.9317824697544982,,6,ORIGINAL
229,6,0.0,0.629940788348712,0.9277148497305662,,6,ORIGINAL
229,7,0.0,0.9707253433941511,0.9317824697544982,,4,ORIGINAL
229,8,0.0,0.8528028654224417,0.9317824697544982,,5,ORIGINAL
229,9,0.0,0.8728715609439696,0.9317824697544982,,4,ORIGINAL
230,0,0.0,-0.5262348115842176,0.9409512491468389,,10,ORIGINAL
230,1,0.0,0.18394180184548972,0.9409512491468389,,11,ORIGINAL
230,2,0.0,0.4151682458530185,0.8805955317035952,,17,ORIGINAL
230,3,0.0,0.3703985987435961,0.8425549482523794,,33,ORIGINAL
230,4,0.0,0.30935921676911454,0.9409512491468389,,11,ORIGINAL
230,5,0.0,0.8563488385776753,0.9409512491468389,,16,ORIGINAL
230,6,0.0,0.6308932681440448,0.92607735489845,,16,ORIGINAL
230,7,0.0,0.9486832980505138,0.9409512491468389,,10,ORIGINAL
230,8,0.0,0.8814089405208616,0.9409512491468389,,13,ORIGINAL
230,9,0.0,0.8846517369293828,0.9409512491468389,,9,ORIGINAL
231,0,0.0,0.8164965809277259,0.9246351750265557,,3,ORIGINAL
231,1,0.0,0.6324555320336759,0.9246351750265557,,10,ORIGINAL
231,2,0.0,0.9166666666666669,0.9390073910457523,,9,ORIGINAL
231,3,0.0,0.9032106474595009,0.9530605296620339,,28,ORIGINAL
231,4,0.0,0.49690399499995325,0.9246351750265557,,9,ORIGINAL
231,5,0.0,0.6581451817144176,0.9246351750265557,,11,ORIGINAL
231,6,0.0,0.47193990372426947,0.9144329284301718,,11,ORIGINAL
231,7,0.0,0.9486832980505138,0.9246351750265557,,4,ORIGINAL
231,8,0.0,0.9428090415820634,0.9246351750265557,,6,ORIGINAL
231,9,0.0,0.29814239699997197,0.9246351750265557,,7,ORIGINAL
232,549,0.9,,,,0,ORIGINAL
232,0,0.0,,0.948723868259692,,0,ORIGINAL
232,1,0.0,,0.948723868259692,,0,ORIGINAL
232,2,0.0,,0.8891044170136088,,0,ORIGINAL
232,3,0.0,,0.9153603180872991,,0,ORIGINAL
232,4,0.0,,0.948723868259692,,0,ORIGINAL
232,5,0.0,,0.948723868259692,,0,ORIGINAL
232,6,0.0,,0.9216289050319578,,0,ORIGINAL
232,7,0.0,,0.948723868259692,,0,ORIGINAL
232,8,0.0,,0.948723868259692,,0,ORIGINAL
233,0,0.0,,1.0,,0,ORIGINAL
233,1,0.0,0.0,1.0,,6,ORIGINAL
233,2,0.0,0.26726124191242434,0.9633150259944552,,4,ORIGINAL
233,3,0.0,-0.30151134457776363,0.9478675140998328,,8,ORIGINAL
233,4,0.0,-0.47140452079103173,1.0,,6,ORIGINAL
233,5,0.0,-0.35355339059327373,1.0,,9,ORIGINAL
233,6,0.0,-0.6123724356957945,0.9646784562203947,,7,ORIGINAL
233,7,0.0,-0.2672612419124244,1.0,,5,ORIGINAL
233,8,0.0,-0.8017837257372731,1.0,,4,ORIGINAL
233,9,0.0,0.48507125007266594,1.0,,6,ORIGINAL
234,0,0.0,,0.9574558862683877,,1,ORIGINAL
234,1,0.0,0.9594032236002469,0.9574558862683877,,8,ORIGINAL
234,2,0.0,0.8017837257372732,0.9509252876760155,,8,ORIGINAL
234,3,0.0,0.7302967433402214,0.9152557015873959,,20,ORIGINAL
234,4,0.0,0.6454972243679029,0.9574558862683877,,4,ORIGINAL
234,5,0.0,0.9486832980505138,0.9574558862683877,,10,ORIGINAL
234,6,0.0,0.74535599249993,0.9455570272653139,,9,ORIGINAL
234,7,0.0,0.944911182523068,0.9574558862683877,,4,ORIGINAL
234,8,0.0,,0.9574558862683877,,2,ORIGINAL
234,9,0.0,0.9701425001453319,0.9574558862683877,,5,ORIGINAL
235,0,0.0,0.9486832980505138,0.9699713572266225,,5,ORIGINAL
235,1,0.0,0.9525793444156805,0.9699713572266225,,6,ORIGINAL
235,2,0.0,0.944911182523068,0.9059825079395406,,8,ORIGINAL
235,3,0.0,0.8845379626717033,0.8860247116862109,,13,ORIGINAL
235,4,0.0,0.808290376865476,0.9699713572266225,,6,ORIGINAL
235,5,0.0,0.8333333333333335,0.9699713572266225,,7,ORIGINAL
235,6,0.0,0.8432740427115678,0.9660512382337655,,9,ORIGINAL
235,7,0.0,0.9538209664765318,0.9699713572266225,,7,ORIGINAL
235,8,0.0,0.9486832980505138,0.9699713572266225,,4,ORIGINAL
235,9,0.0,0.8728715609439696,0.9699713572266225,,6,ORIGINAL
236,0,0.0,,1.0,,1,ORIGINAL
236,1,0.0,0.5773502691896258,1.0,,3,ORIGINAL
236,2,0.0,0.7071067811865475,0.9633150259944552,,6,ORIGINAL
236,3,0.0,0.7778174593052022,0.9478675140998328,,11,ORIGINAL
236,4,0.0,0.82502864732539,1.0,,5,ORIGINAL
236,5,0.0,0.8660254037844387,1.0,,6,ORIGINAL
236,6,0.0,0.8164965809277261,0.9646784562203947,,8,ORIGINAL
236,7,0.0,0.8017837257372731,1.0,,4,ORIGINAL
236,8,0.0,0.8366600265340756,1.0,,4,ORIGINAL
236,9,0.0,0.5270462766947299,1.0,,6,ORIGINAL
237,0,0.0,,0.9616716953891138,,2,ORIGINAL
237,1,0.0,0.9438798074485389,0.9616716953891138,,5,ORIGINAL
237,2,0.0,0.9525793444156805,0.9692984663279992,,12,ORIGINAL
237,3,0.0,0.8864052604279183,0.9711647451849044,,21,ORIGINAL
237,4,0.0,0.9467292624062573,0.9616716953891138,,6,ORIGINAL
237,5,0.0,0.9561828874675149,0.9616716953891138,,7,ORIGINAL
237,6,0.0,0.6172133998483676,0.9700823583219915,,4,ORIGINAL
237,7,0.0,0.9428090415820635,0.9616716953891138,,3,ORIGINAL
237,8,0.0,0.8366600265340756,0.9616716953891138,,4,ORIGINAL
237,9,0.0,0.9525793444156805,0.9616716953891138,,3,ORIGINAL
238,0,0.0,,1.0,,1,ORIGINAL
238,1,0.0,0.7071067811865475,1.0,,4,ORIGINAL
238,2,0.0,0.5999999999999999,0.9633150259944552,,5,ORIGINAL
238,3,0.0,0.2672612419124244,0.9478675140998328,,8,ORIGINAL
238,4,0.0,,1.0,,2,ORIGINAL
238,5,0.0,,1.0,,3,ORIGINAL
238,6,0.0,0.38138503569823695,0.9646784562203947,,7,ORIGINAL
238,7,0.0,,1.0,,6,ORIGINAL
238,8,0.0,,1.0,,3,ORIGINAL
238,9,0.0,0.31622776601683794,1.0,,4,ORIGINAL
239,0,0.0,,0.9246351728232438,,1,ORIGINAL
239,1,0.0,0.9594032236002469,0.9246351728232438,,8,ORIGINAL
239,2,0.0,0.9432422182837986,0.9390073854089582,,8,ORIGINAL
239,3,0.0,0.7064172571013566,0.9530605252878185,,16,ORIGINAL
239,4,0.0,1.0000000000000002,0.9246351728232438,,6,ORIGINAL
239,5,0.0,0.8666666666666666,0.9246351728232438,,15,ORIGINAL
239,6,0.0,0.46770717334674267,0.9144329239460168,,11,ORIGINAL
239,7,0.0,0.9460998335825321,0.9246351728232438,,11,ORIGINAL
239,8,0.0,0.9525793444156805,0.9246351728232438,,9,ORIGINAL
239,9,0.0,0.6454972243679029,0.9246351728232438,,10,ORIGINAL
240,0,0.0,,0.9787128258071633,,0,ORIGINAL
240,1,0.0,1.0,0.9787128258071633,,4,ORIGINAL
240,2,0.0,,0.9352165813369476,,2,ORIGINAL
240,3,0.0,1.0000000000000002,0.9507984092316284,,3,ORIGINAL
240,4,0.0,0.8164965809277261,0.9787128258071633,,3,ORIGINAL
240,5,0.0,,0.9787128258071633,,2,ORIGINAL
240,6,0.0,0.8164965809277259,0.9503441912932002,,3,ORIGINAL
240,7,0.0,0.9428090415820635,0.9787128258071633,,3,ORIGINAL
240,8,0.0,,0.9787128258071633,,0,ORIGINAL
240,9,0.0,1.0,0.9787128258071633,,4,ORIGINAL
241,0,0.0,0.6288281455225324,0.9557478114262787,,12,ORIGINAL
241,1,0.0,0.6969709469904515,0.9557478114262787,,14,ORIGINAL
241,2,0.0,0.6667948594698258,0.8993093818735528,,16,ORIGINAL
241,3,0.0,0.7161605961902957,0.8997410501761314,,45,ORIGINAL
241,4,0.0,0.9415838181383994,0.9557478114262787,,17,ORIGINAL
241,5,0.0,0.8711871219403557,0.9557478114262787,,18,ORIGINAL
241,6,0.0,0.5669467095138407,0.9319636211208066,,17,ORIGINAL
241,7,0.0,0.9036961141150639,0.9557478114262787,,6,ORIGINAL
241,8,0.0,0.6564879518897745,0.9557478114262787,,12,ORIGINAL
241,9,0.0,0.8486684247915055,0.9557478114262787,,10,ORIGINAL
242,0,0.0,,0.9472315717267107,,0,ORIGINAL
242,1,0.0,0.9999999999999998,0.9472315717267107,,5,ORIGINAL
242,2,0.0,0.9428090415820635,0.9299349214834518,,3,ORIGINAL
242,3,0.0,0.9999999999999999,0.9008930051881497,,7,ORIGINAL
242,4,0.0,1.0,0.9472315717267107,,4,ORIGINAL
242,5,0.0,0.9999999999999998,0.9472315717267107,,10,ORIGINAL
242,6,0.0,0.7745966692414834,0.9765532426947613,,3,ORIGINAL
242,7,0.0,0.9486832980505138,0.9472315717267107,,6,ORIGINAL
242,8,0.0,0.9561828874675149,0.9472315717267107,,5,ORIGINAL
242,9,0.0,0.8164965809277259,0.9472315717267107,,3,ORIGINAL
243,315,0.9,0.8359173188630293,0.9999999999999958,,19,ORIGINAL
243,754,0.9,,0.9610774652676896,,2,ORIGINAL
243,0,0.0,0.8164965809277259,0.9901813487602136,,3,ORIGINAL
243,1,0.0,0.6666666666666666,0.9901813487602136,,6,ORIGINAL
243,2,0.0,0.6804138174397716,0.9757308532245528,,12,ORIGINAL
243,3,0.0,0.7668115805072325,0.9689598378111569,,24,ORIGINAL
243,4,0.0,0.9761870601839528,0.9901813487602136,,5,ORIGINAL
243,5,0.0,0.9999999999999999,0.9901813487602136,,7,ORIGINAL
243,6,0.0,0.11180339887498948,0.9768098587512328,,9,ORIGINAL
243,7,0.0,,0.9901813487602136,,2,ORIGINAL
244,0,0.0,0.9622504486493763,0.9639813078534831,,3,ORIGINAL
244,1,0.0,0.9166666666666669,0.9639813078534831,,9,ORIGINAL
244,2,0.0,0.727606875108999,0.9054516365091918,,8,ORIGINAL
244,3,0.0,0.7881104062391007,0.8676103595953648,,16,ORIGINAL
244,4,0.0,0.9432422182837986,0.9639813078534831,,5,ORIGINAL
244,5,0.0,0.9999999999999998,0.9639813078534831,,8,ORIGINAL
244,6,0.0,0.5188745216627709,0.9485264321448462,,11,ORIGINAL
244,7,0.0,0.9090909090909091,0.9639813078534831,,5,ORIGINAL
244,8,0.0,0.8366600265340756,0.9639813078534831,,4,ORIGINAL
244,9,0.0,0.8728715609439694,0.9639813078534831,,6,ORIGINAL
245,0,0.0,,0.9734363214507032,,0,ORIGINAL
245,1,0.0,0.8660254037844387,0.9734363214507032,,4,ORIGINAL
245,2,0.0,0.0,0.9372873897695143,,5,ORIGINAL
245,3,0.0,0.5773502691896257,0.9593459940786431,,6,ORIGINAL
245,4,0.0,-0.2773500981126146,0.9734363214507032,,4,ORIGINAL
245,5,0.0,0.7071067811865475,0.9734363214507032,,4,ORIGINAL
245,6,0.0,0.16903085094570328,0.9352360575243936,,6,ORIGINAL
245,7,0.0,0.8838834764831843,0.9734363214507032,,5,ORIGINAL
245,8,0.0,,0.9734363214507032,,2,ORIGINAL
245,9,0.0,0.8660254037844387,0.9734363214507032,,4,ORIGINAL
246,0,0.0,0.894427190999916,0.9794193485015635,,6,ORIGINAL
246,1,0.0,0.8838834764831844,0.9794193485015635,,9,ORIGINAL
246,2,0.0,0.8964214570007952,0.9292376140178872,,8,ORIGINAL
246,3,0.0,0.8703882797784892,0.8954618946154363,,20,ORIGINAL
246,4,0.0,0.9360565811300742,0.9794193485015635,,11,ORIGINAL
246,5,0.0,0.9518172686249524,0.9794193485015635,,11,ORIGINAL
246,6,0.0,0.39629696195060854,0.9659286563039695,,9,ORIGINAL
246,7,0.0,0.9090909090909091,0.9794193485015635,,5,ORIGINAL
246,8,0.0,0.8660254037844386,0.9794193485015635,,6,ORIGINAL
246,9,0.0,0.9428090415820634,0.9794193485015635,,9,ORIGINAL
247,0,0.0,,0.964678458555335,,2,ORIGINAL
247,1,0.0,0.8864052604279183,0.964678458555335,,8,ORIGINAL
247,2,0.0,0.9486832980505138,0.965834604492053,,4,ORIGINAL
247,3,0.0,0.944911182523068,0.9413488713238006,,8,ORIGINAL
247,4,0.0,0.857142857142857,0.964678458555335,,4,ORIGINAL
247,5,0.0,0.9428090415820635,0.964678458555335,,3,ORIGINAL
247,6,0.0,0.8838834764831843,0.9999999999999974,,5,ORIGINAL
247,7,0.0,,0.964678458555335,,1,ORIGINAL
247,8,0.0,,0.964678458555335,,2,ORIGINAL
247,9,0.0,0.8164965809277261,0.964678458555335,,3,ORIGINAL
248,0,0.0,,0.9594009331406151,,0,ORIGINAL
248,1,0.0,0.9428090415820635,0.9594009331406151,,3,ORIGINAL
248,2,0.0,,0.9838151387945194,,2,ORIGINAL
248,3,0.0,0.9594032236002469,0.9455680622862827,,5,ORIGINAL
248,4,0.0,,0.9594009331406151,,2,ORIGINAL
248,5,0.0,0.7071067811865475,0.9594009331406151,,3,ORIGINAL
248,6,0.0,,0.9765368585167499,,2,ORIGINAL
248,7,0.0,,0.9594009331406151,,1,ORIGINAL
248,8,0.0,,0.9594009331406151,,1,ORIGINAL
248,9,0.0,0.9525793444156805,0.9594009331406151,,3,ORIGINAL
249,0,0.0,,0.9806790833734617,,1,ORIGINAL
249,1,0.0,1.0,0.9806790833734617,,4,ORIGINAL
249,2,0.0,0.8838834764831843,0.9341955269245966,,5,ORIGINAL
249,3,0.0,0.8300573566392896,0.9453174423557605,,14,ORIGINAL
249,4,0.0,0.7001400420140049,0.9806790833734617,,5,ORIGINAL
249,5,0.0,0.8451542547285165,0.9806790833734617,,7,ORIGINAL
249,6,0.0,0.5773502691896258,0.956195813986907,,6,ORIGINAL
249,7,0.0,0.9486832980505138,0.9806790833734617,,4,ORIGINAL
249,8,0.0,0.9707253433941511,0.9806790833734617,,4,ORIGINAL
249,9,0.0,0.960768922830523,0.9806790833734617,,4,ORIGINAL
250,0,0.0,0.9428090415820635,0.9806790825198632,,3,ORIGINAL
250,1,0.0,0.8164965809277261,0.9806790825198632,,4,ORIGINAL
250,2,0.0,0.9737289911202953,0.9341955277719309,,12,ORIGINAL
250,3,0.0,0.8897565210026093,0.9453174446541351,,16,ORIGINAL
250,4,0.0,0.9799578870122229,0.9806790825198632,,6,ORIGINAL
250,5,0.0,0.9432422182837986,0.9806790825198632,,8,ORIGINAL
250,6,0.0,0.5477225575051661,0.9561958143459883,,6,ORIGINAL
250,7,0.0,0.9707253433941511,0.9806790825198632,,7,ORIGINAL
250,8,0.0,0.9622504486493763,0.9806790825198632,,3,ORIGINAL
250,9,0.0,0.9432422182837986,0.9806790825198632,,5,ORIGINAL
251,0,0.0,,1.0,,1,ORIGINAL
251,1,0.0,0.9428090415820635,1.0,,3,ORIGINAL
251,2,0.0,0.9428090415820635,0.9633150259944552,,3,ORIGINAL
251,3,0.0,0.9486832980505138,0.9478675140998328,,4,ORIGINAL
251,4,0.0,,1.0,,1,ORIGINAL
251,5,0.0,0.4082482904638631,1.0,,6,ORIGINAL
251,6,0.0,0.5477225575051661,0.9646784562203947,,6,ORIGINAL
251,7,0.0,1.0000000000000002,1.0,,3,ORIGINAL
251,8,0.0,,1.0,,1,ORIGINAL
251,9,0.0,0.21081851067789195,1.0,,4,ORIGINAL
252,0,0.0,,0.9715986772880906,,2,ORIGINAL
252,1,0.0,0.48795003647426655,0.9715986772880906,,7,ORIGINAL
252,2,0.0,0.5853694070049636,0.9509536883643512,,8,ORIGINAL
252,3,0.0,0.5916079783099615,0.918504030602357,,15,ORIGINAL
252,4,0.0,0.7126966450997985,0.9715986772880906,,6,ORIGINAL
252,5,0.0,0.7559289460184544,0.9715986772880906,,9,ORIGINAL
252,6,0.0,0.447213595499958,0.9279966262890427,,10,ORIGINAL
252,7,0.0,0.8944271909999159,0.9715986772880906,,5,ORIGINAL
252,8,0.0,0.7302967433402214,0.9715986772880906,,4,ORIGINAL
252,9,0.0,0.8262364471909156,0.9715986772880906,,7,ORIGINAL
253,0,0.0,,1.0,,0,ORIGINAL
253,1,0.0,,1.0,,2,ORIGINAL
253,2,0.0,0.9561828874675149,0.9633150259944552,,4,ORIGINAL
253,3,0.0,0.8916451401205646,0.9478675140998328,,11,ORIGINAL
253,4,0.0,0.9622504486493763,1.0,,3,ORIGINAL
253,5,0.0,0.9561828874675149,1.0,,5,ORIGINAL
253,6,0.0,0.3651483716701107,0.9646784562203947,,4,ORIGINAL
253,7,0.0,0.8888888888888888,1.0,,3,ORIGINAL
253,8,0.0,,1.0,,1,ORIGINAL
253,9,0.0,,1.0,,2,ORIGINAL
254,0,0.0,,0.9237021316044798,,2,ORIGINAL
254,1,0.0,,0.9237021316044798,,0,ORIGINAL
254,2,0.0,,0.9821175089343369,,2,ORIGINAL
254,3,0.0,0.7745966692414834,0.9486730256404106,,5,ORIGINAL
254,4,0.0,,0.9237021316044798,,2,ORIGINAL
254,5,0.0,,0.9237021316044798,,2,ORIGINAL
254,6,0.0,,0.9151195495450919,,2,ORIGINAL
254,7,0.0,,0.9237021316044798,,1,ORIGINAL
254,8,0.0,,0.9237021316044798,,2,ORIGINAL
254,9,0.0,,0.9237021316044798,,1,ORIGINAL
255,739,0.9,0.8944271909999159,,,5,ORIGINAL
255,0,0.0,,0.9616716980521702,,2,ORIGINAL
255,1,0.0,0.33333333333333337,0.9616716980521702,,6,ORIGINAL
255,2,0.0,0.5222329678670935,0.9692984730397534,,9,ORIGINAL
255,3,0.0,0.8247860988423226,0.9711647503631874,,21,ORIGINAL
255,4,0.0,0.5916079783099615,0.9616716980521702,,8,ORIGINAL
255,5,0.0,0.6301260378126045,0.9616716980521702,,12,ORIGINAL
255,6,0.0,0.5976143046671968,0.9700823629027093,,8,ORIGINAL
255,7,0.0,0.9058216273156767,0.9616716980521702,,7,ORIGINAL
255,8,0.0,0.8916451401205646,0.9616716980521702,,8,ORIGINAL
256,0,0.0,,0.942222098639508,,2,ORIGINAL
256,1,0.0,0.8696263565463043,0.942222098639508,,7,ORIGINAL
256,2,0.0,0.9166666666666669,0.9481176789508283,,6,ORIGINAL
256,3,0.0,0.8391463916782737,0.9620152218507199,,18,ORIGINAL
256,4,0.0,0.8999999999999998,0.942222098639508,,4,ORIGINAL
256,5,0.0,0.8944271909999159,0.942222098639508,,9,ORIGINAL
256,6,0.0,0.29999999999999993,0.9297149398107365,,8,ORIGINAL
256,7,0.0,,0.942222098639508,,2,ORIGINAL
256,8,0.0,0.9622504486493763,0.942222098639508,,3,ORIGINAL
256,9,0.0,0.9486832980505138,0.942222098639508,,4,ORIGINAL
257,0,0.0,,1.0,,0,ORIGINAL
257,1,0.0,0.9428090415820635,1.0,,3,ORIGINAL
257,2,0.0,0.9428090415820635,0.9633150259944552,,3,ORIGINAL
257,3,0.0,0.9434563530497265,0.9478675140998328,,7,ORIGINAL
257,4,0.0,,1.0,,2,ORIGINAL
257,5,0.0,0.9486832980505138,1.0,,5,ORIGINAL
257,6,0.0,0.5669467095138409,0.9646784562203947,,4,ORIGINAL
257,7,0.0,0.8749999999999998,1.0,,5,ORIGINAL
257,8,0.0,,1.0,,2,ORIGINAL
257,9,0.0,1.0000000000000002,1.0,,3,ORIGINAL
258,0,0.0,0.0,0.8702169657000697,,10,ORIGINAL
258,1,0.0,0.7071067811865475,0.8702169657000697,,10,ORIGINAL
258,2,0.0,0.8728715609439696,0.9210118098610537,,9,ORIGINAL
258,3,0.0,0.628970902033151,0.9267730559799439,,38,ORIGINAL
258,4,0.0,0.3952847075210474,0.8702169657000697,,11,ORIGINAL
258,5,0.0,0.7349684152591671,0.8702169657000697,,16,ORIGINAL
258,6,0.0,0.5384615384615385,0.8556006689869021,,11,ORIGINAL
258,7,0.0,0.8801724588467041,0.8702169657000697,,8,ORIGINAL
258,8,0.0,0.923869770874312,0.8702169657000697,,9,ORIGINAL
258,9,0.0,0.5533715710928597,0.8702169657000697,,9,ORIGINAL
259,0,0.0,,0.9567031271545803,,1,ORIGINAL
259,1,0.0,0.9486832980505138,0.9567031271545803,,5,ORIGINAL
259,2,0.0,0.9438798074485389,0.8856912333000991,,5,ORIGINAL
259,3,0.0,0.9525793444156805,0.9004262931558409,,12,ORIGINAL
259,4,0.0,,0.9567031271545803,,1,ORIGINAL
259,5,0.0,0.9999999999999999,0.9567031271545803,,7,ORIGINAL
259,6,0.0,1.0000000000000002,0.9311485159614413,,6,ORIGINAL
259,7,0.0,0.9799578870122229,0.9567031271545803,,6,ORIGINAL
259,8,0.0,0.9669875568304563,0.9567031271545803,,7,ORIGINAL
259,9,0.0,0.8164965809277261,0.9567031271545803,,4,ORIGINAL
260,0,0.0,,0.961120586841919,,1,ORIGINAL
260,1,0.0,1.0,0.961120586841919,,4,ORIGINAL
260,2,0.0,0.9669875568304563,0.9521660180930676,,5,ORIGINAL
260,3,0.0,0.9233805168766386,0.9352301584940231,,13,ORIGINAL
260,4,0.0,0.9486832980505138,0.961120586841919,,5,ORIGINAL
260,5,0.0,1.0000000000000002,0.961120586841919,,3,ORIGINAL
260,6,0.0,0.9999999999999998,0.9665349418267045,,5,ORIGINAL
260,7,0.0,1.0000000000000002,0.961120586841919,,3,ORIGINAL
260,8,0.0,0.9486832980505138,0.961120586841919,,4,ORIGINAL
260,9,0.0,0.7745966692414834,0.961120586841919,,3,ORIGINAL
261,0,0.0,,,,1,ORIGINAL
261,1,0.0,,,,1,ORIGINAL
261,2,0.0,0.9525793444156805,,,6,ORIGINAL
261,3,0.0,0.9090909090909091,,,7,ORIGINAL
261,4,0.0,1.0000000000000002,,,3,ORIGINAL
261,5,0.0,,,,2,ORIGINAL
261,6,0.0,,,,1,ORIGINAL
261,7,0.0,,,,1,ORIGINAL
261,8,0.0,,,,2,ORIGINAL
261,9,0.0,,,,1,ORIGINAL
262,0,0.0,-0.3265986323710904,0.9547094736283407,,9,ORIGINAL
262,1,0.0,0.36363636363636365,0.9547094736283407,,8,ORIGINAL
262,2,0.0,0.5244044240850757,0.9773974144232005,,13,ORIGINAL
262,3,0.0,-0.0914991421995628,0.9866204937711875,,30,ORIGINAL
262,4,0.0,0.5555555555555556,0.9547094736283407,,9,ORIGINAL
262,5,0.0,0.560112033611204,0.9547094736283407,,19,ORIGINAL
262,6,0.0,-0.24019223070763074,0.9639000502246567,,12,ORIGINAL
262,7,0.0,0.15713484026367722,0.9547094736283407,,9,ORIGINAL
262,8,0.0,0.0450377349111045,0.9547094736283407,,11,ORIGINAL
262,9,0.0,0.5163977794943222,0.9547094736283407,,6,ORIGINAL
263,0,0.0,,0.9808074276549021,,0,ORIGINAL
263,1,0.0,1.0000000000000002,0.9808074276549021,,3,ORIGINAL
263,2,0.0,,0.9704064442287548,,1,ORIGINAL
263,3,0.0,0.9428090415820635,0.9434388010650644,,3,ORIGINAL
263,4,0.0,,0.9808074276549021,,0,ORIGINAL
263,5,0.0,,0.9808074276549021,,2,ORIGINAL
263,6,0.0,0.9428090415820635,0.9385487595062291,,3,ORIGINAL
263,7,0.0,0.857142857142857,0.9808074276549021,,4,ORIGINAL
263,8,0.0,,0.9808074276549021,,1,ORIGINAL
263,9,0.0,1.0000000000000002,0.9808074276549021,,3,ORIGINAL
264,0,0.0,,0.9611205894334732,,1,ORIGINAL
264,1,0.0,0.9354143466934852,0.9611205894334732,,8,ORIGINAL
264,2,0.0,0.9428090415820634,0.9521660201148179,,9,ORIGINAL
264,3,0.0,0.9061030445113443,0.9352301620915747,,13,ORIGINAL
264,4,0.0,0.9707253433941511,0.9611205894334732,,4,ORIGINAL
264,5,0.0,1.0000000000000002,0.9611205894334732,,6,ORIGINAL
264,6,0.0,0.5590169943749475,0.9665349424714982,,9,ORIGINAL
264,7,0.0,0.944911182523068,0.9611205894334732,,4,ORIGINAL
264,8,0.0,0.9622504486493763,0.9611205894334732,,3,ORIGINAL
264,9,0.0,0.808290376865476,0.9611205894334732,,6,ORIGINAL
265,0,0.0,0.769800358919501,0.9806790815403282,,6,ORIGINAL
265,1,0.0,0.7006490497453707,0.9806790815403282,,15,ORIGINAL
265,2,0.0,0.9999999999999998,0.9341955258135484,,5,ORIGINAL
265,3,0.0,0.5272196186749782,0.9453174438792368,,23,ORIGINAL
265,4,0.0,0.9036961141150639,0.9806790815403282,,6,ORIGINAL
265,5,0.0,0.8660254037844387,0.9806790815403282,,6,ORIGINAL
265,6,0.0,0.8017837257372732,0.9561958137126199,,11,ORIGINAL
265,7,0.0,0.9594032236002469,0.9806790815403282,,5,ORIGINAL
265,8,0.0,0.8838834764831843,0.9806790815403282,,5,ORIGINAL
265,9,0.0,0.8944271909999159,0.9806790815403282,,6,ORIGINAL
266,0,0.0,0.8888888888888888,0.9781648212739634,,6,ORIGINAL
266,1,0.0,0.9561828874675149,0.9781648212739634,,7,ORIGINAL
266,2,0.0,0.9260923597695477,0.9355328357619582,,19,ORIGINAL
266,3,0.0,0.9021342216356465,0.9490453957413996,,33,ORIGINAL
266,4,0.0,0.8385254915624211,0.9781648212739634,,8,ORIGINAL
266,5,0.0,0.9166666666666666,0.9781648212739634,,10,ORIGINAL
266,6,0.0,0.4003203845127179,0.9599059849640706,,10,ORIGINAL
266,7,0.0,0.8775269089525567,0.9781648212739634,,8,ORIGINAL
266,8,0.0,0.8719775384642696,0.9781648212739634,,11,ORIGINAL
266,9,0.0,0.8642416214502248,0.9781648212739634,,6,ORIGINAL
267,0,0.0,,0.9574558834095567,,1,ORIGINAL
267,1,0.0,0.9486832980505138,0.9574558834095567,,5,ORIGINAL
267,2,0.0,0.8528028654224417,0.9509252812894391,,5,ORIGINAL
267,3,0.0,0.8964214570007952,0.9152556961502667,,11,ORIGINAL
267,4,0.0,0.9622504486493763,0.9574558834095567,,3,ORIGINAL
267,5,0.0,0.9999999999999999,0.9574558834095567,,4,ORIGINAL
267,6,0.0,0.5656854249492379,0.9455570208803238,,5,ORIGINAL
267,7,0.0,0.8181818181818182,0.9574558834095567,,5,ORIGINAL
267,8,0.0,0.9285714285714286,0.9574558834095567,,5,ORIGINAL
267,9,0.0,,0.9574558834095567,,1,ORIGINAL
268,0,0.0,,0.9699713572266225,,2,ORIGINAL
268,1,0.0,0.9707253433941511,0.9699713572266225,,4,ORIGINAL
268,2,0.0,0.9432422182837986,0.9059825079395406,,5,ORIGINAL
268,3,0.0,0.9669875568304563,0.8860247116862109,,7,ORIGINAL
268,4,0.0,,0.9699713572266225,,2,ORIGINAL
268,5,0.0,0.9486832980505138,0.9699713572266225,,4,ORIGINAL
268,6,0.0,,0.9660512382337655,,2,ORIGINAL
268,7,0.0,,0.9699713572266225,,2,ORIGINAL
268,8,0.0,,0.9699713572266225,,2,ORIGINAL
268,9,0.0,0.9647638212377322,0.9699713572266225,,4,ORIGINAL
269,0,0.0,,0.9265269144557784,,1,ORIGINAL
269,1,0.0,0.944911182523068,0.9265269144557784,,4,ORIGINAL
269,2,0.0,0.9237604307034011,0.8674344100157444,,6,ORIGINAL
269,3,0.0,0.944911182523068,0.8508475952763901,,4,ORIGINAL
269,4,0.0,,0.9265269144557784,,2,ORIGINAL
269,5,0.0,0.8660254037844387,0.9265269144557784,,4,ORIGINAL
269,6,0.0,0.5773502691896258,0.9305804524064215,,3,ORIGINAL
269,7,0.0,,0.9265269144557784,,1,ORIGINAL
269,8,0.0,,0.9265269144557784,,1,ORIGINAL
269,9,0.0,0.9622504486493763,0.9265269144557784,,3,ORIGINAL
270,0,0.0,,1.0,,2,ORIGINAL
270,1,0.0,0.821583836257749,1.0,,6,ORIGINAL
270,2,0.0,0.8017837257372731,0.9633150259944552,,4,ORIGINAL
270,3,0.0,0.8421052631578946,0.9478675140998328,,13,ORIGINAL
270,4,0.0,0.8017837257372732,1.0,,6,ORIGINAL
270,5,0.0,0.819891591749923,1.0,,12,ORIGINAL
270,6,0.0,0.8488746876271654,0.9646784562203947,,8,ORIGINAL
270,7,0.0,0.9669875568304563,1.0,,5,ORIGINAL
270,8,0.0,0.819891591749923,1.0,,6,ORIGINAL
270,9,0.0,0.5773502691896257,1.0,,8,ORIGINAL
271,0,0.0,,0.9623825726019074,,1,ORIGINAL
271,1,0.0,0.8660254037844387,0.9623825726019074,,4,ORIGINAL
271,2,0.0,0.9486832980505138,0.9039457242238322,,5,ORIGINAL
271,3,0.0,0.9434563530497265,0.9255037799035835,,7,ORIGINAL
271,4,0.0,0.9707253433941511,0.9623825726019074,,4,ORIGINAL
271,5,0.0,0.9999999999999998,0.9623825726019074,,5,ORIGINAL
271,6,0.0,0.7071067811865475,0.9443964430495274,,6,ORIGINAL
271,7,0.0,0.8017837257372731,0.9623825726019074,,4,ORIGINAL
271,8,0.0,,0.9623825726019074,,2,ORIGINAL
271,9,0.0,0.7637626158259734,0.9623825726019074,,6,ORIGINAL
272,0,0.0,,,,0,ORIGINAL
272,1,0.0,,,,2,ORIGINAL
272,2,0.0,0.9428090415820635,,,3,ORIGINAL
272,3,0.0,0.9486832980505138,,,4,ORIGINAL
272,4,0.0,,,,0,ORIGINAL
272,5,0.0,,,,1,ORIGINAL
272,6,0.0,0.0,,,4,ORIGINAL
272,7,0.0,0.9428090415820635,,,3,ORIGINAL
272,8,0.0,,,,0,ORIGINAL
272,9,0.0,1.0000000000000002,,,3,ORIGINAL
273,0,0.0,,,,1,ORIGINAL
273,1,0.0,,,,0,ORIGINAL
273,2,0.0,1.0,,,4,ORIGINAL
273,3,0.0,0.9999999999999999,,,7,ORIGINAL
273,4,0.0,0.9622504486493763,,,3,ORIGINAL
273,5,0.0,1.0000000000000002,,,6,ORIGINAL
273,6,0.0,0.33333333333333337,,,3,ORIGINAL
273,7,0.0,0.9486832980505138,,,4,ORIGINAL
273,8,0.0,0.9707253433941511,,,4,ORIGINAL
273,9,0.0,,,,1,ORIGINAL
274,0,0.0,,0.9471904310983514,,0,ORIGINAL
274,1,0.0,0.8164965809277261,0.9471904310983514,,6,ORIGINAL
274,2,0.0,0.9622504486493763,0.9744499134770355,,3,ORIGINAL
274,3,0.0,0.8838834764831843,0.9590620043917518,,6,ORIGINAL
274,4,0.0,0.9707253433941511,0.9471904310983514,,4,ORIGINAL
274,5,0.0,0.9999999999999998,0.9471904310983514,,5,ORIGINAL
274,6,0.0,0.5773502691896258,0.9287918814548854,,6,ORIGINAL
274,7,0.0,0.9428090415820635,0.9471904310983514,,3,ORIGINAL
274,8,0.0,0.9428090415820635,0.9471904310983514,,3,ORIGINAL
274,9,0.0,1.0,0.9471904310983514,,4,ORIGINAL
275,0,0.0,,,,0,ORIGINAL
275,1,0.0,-0.16116459280507606,,,8,ORIGINAL
275,2,0.0,-0.2858309752375147,,,6,ORIGINAL
275,3,0.0,-0.46709936649691375,,,11,ORIGINAL
275,4,0.0,0.8017837257372732,,,5,ORIGINAL
275,5,0.0,0.26967994498529685,,,6,ORIGINAL
275,6,0.0,-0.33968311024337877,,,8,ORIGINAL
275,7,0.0,0.28284271247461895,,,4,ORIGINAL
275,8,0.0,,,,2,ORIGINAL
275,9,0.0,0.3223291856101521,,,7,ORIGINAL
276,0,0.0,,0.980679081407238,,1,ORIGINAL
276,1,0.0,0.9999999999999998,0.980679081407238,,5,ORIGINAL
276,2,0.0,0.9486832980505138,0.9341955231636891,,7,ORIGINAL
276,3,0.0,0.8893517313513327,0.9453174417790929,,18,ORIGINAL
276,4,0.0,0.9163795899053139,0.980679081407238,,11,ORIGINAL
276,5,0.0,0.953820966476532,0.980679081407238,,14,ORIGINAL
276,6,0.0,0.6956083436402525,0.9561958103294204,,10,ORIGINAL
276,7,0.0,0.9061030445113443,0.980679081407238,,7,ORIGINAL
276,8,0.0,0.8571428571428571,0.980679081407238,,9,ORIGINAL
276,9,0.0,0.9526610232449336,0.980679081407238,,6,ORIGINAL
277,0,0.0,,0.9557478119065012,,0,ORIGINAL
277,1,0.0,,0.9557478119065012,,1,ORIGINAL
277,2,0.0,,0.8993093801608274,,0,ORIGINAL
277,3,0.0,,0.899741046171174,,2,ORIGINAL
277,4,0.0,,0.9557478119065012,,1,ORIGINAL
277,5,0.0,,0.9557478119065012,,0,ORIGINAL
277,6,0.0,,0.9319636232845895,,0,ORIGINAL
277,7,0.0,,0.9557478119065012,,0,ORIGINAL
277,8,0.0,,0.9557478119065012,,0,ORIGINAL
277,9,0.0,,0.9557478119065012,,0,ORIGINAL
278,0,0.0,0.0,0.9528205462346803,,8,ORIGINAL
278,1,0.0,0.5384615384615385,0.9528205462346803,,13,ORIGINAL
278,2,0.0,0.4472135954999579,0.9555396379349221,,9,ORIGINAL
278,3,0.0,0.4769722505616701,0.9747204209657291,,34,ORIGINAL
278,4,0.0,0.3481553119113957,0.9528205462346803,,10,ORIGINAL
278,5,0.0,0.6172133998483678,0.9528205462346803,,14,ORIGINAL
278,6,0.0,0.24343224778007383,0.9738170082873187,,14,ORIGINAL
278,7,0.0,0.9166984970282112,0.9528205462346803,,8,ORIGINAL
278,8,0.0,0.3086066999241838,0.9528205462346803,,9,ORIGINAL
278,9,0.0,0.7895420339517228,0.9528205462346803,,10,ORIGINAL
279,0,0.0,,0.9611205894334732,,0,ORIGINAL
279,1,0.0,0.7071067811865476,0.9611205894334732,,6,ORIGINAL
279,2,0.0,0.8660254037844387,0.9521660201148179,,3,ORIGINAL
279,3,0.0,0.5163977794943222,0.9352301620915747,,10,ORIGINAL
279,4,0.0,,0.9611205894334732,,2,ORIGINAL
279,5,0.0,0.7745966692414834,0.9611205894334732,,5,ORIGINAL
279,6,0.0,0.8944271909999159,0.9665349424714982,,7,ORIGINAL
279,7,0.0,0.9438798074485389,0.9611205894334732,,5,ORIGINAL
279,8,0.0,,0.9611205894334732,,2,ORIGINAL
279,9,0.0,0.8488746876271654,0.9611205894334732,,5,ORIGINAL
280,0,0.0,,0.9824636474186641,,0,ORIGINAL
280,1,0.0,0.9622504486493763,0.9824636474186641,,3,ORIGINAL
280,2,0.0,0.6666666666666667,0.9373812311488623,,3,ORIGINAL
280,3,0.0,0.9707253433941511,0.9051753805491874,,4,ORIGINAL
280,4,0.0,1.0000000000000002,0.9824636474186641,,3,ORIGINAL
280,5,0.0,1.0,0.9824636474186641,,4,ORIGINAL
280,6,0.0,0.2672612419124244,0.9655410042692694,,5,ORIGINAL
280,7,0.0,0.9525793444156805,0.9824636474186641,,3,ORIGINAL
280,8,0.0,,0.9824636474186641,,2,ORIGINAL
280,9,0.0,0.9622504486493763,0.9824636474186641,,3,ORIGINAL
281,0,0.0,,0.9611205903434257,,0,ORIGINAL
281,1,0.0,1.0000000000000002,0.9611205903434257,,6,ORIGINAL
281,2,0.0,0.944911182523068,0.9521660197075147,,4,ORIGINAL
281,3,0.0,0.9525793444156805,0.9352301586517596,,6,ORIGINAL
281,4,0.0,0.9622504486493763,0.9611205903434257,,3,ORIGINAL
281,5,0.0,1.0000000000000002,0.9611205903434257,,6,ORIGINAL
281,6,0.0,0.14285714285714285,0.9665349430237354,,7,ORIGINAL
281,7,0.0,,0.9611205903434257,,1,ORIGINAL
281,8,0.0,,0.9611205903434257,,1,ORIGINAL
281,9,0.0,1.0,0.9611205903434257,,4,ORIGINAL
282,0,0.0,,0.969971356750688,,1,ORIGINAL
282,1,0.0,,0.969971356750688,,1,ORIGINAL
282,2,0.0,,0.9059825054241087,,1,ORIGINAL
282,3,0.0,,0.8860247084563049,,1,ORIGINAL
282,4,0.0,,0.969971356750688,,0,ORIGINAL
282,5,0.0,,0.969971356750688,,0,ORIGINAL
282,6,0.0,,0.9660512358711693,,0,ORIGINAL
282,7,0.0,,0.969971356750688,,0,ORIGINAL
282,8,0.0,,0.969971356750688,,0,ORIGINAL
282,9,0.0,,0.969971356750688,,1,ORIGINAL
283,0,0.0,,0.9711339619879596,,1,ORIGINAL
283,1,0.0,0.9428090415820635,0.9711339619879596,,3,ORIGINAL
283,2,0.0,0.9561828874675149,0.9418732670478862,,7,ORIGINAL
283,3,0.0,0.9449111825230682,0.9184574404657228,,12,ORIGINAL
283,4,0.0,0.9128709291752769,0.9711339619879596,,4,ORIGINAL
283,5,0.0,0.9999999999999998,0.9711339619879596,,9,ORIGINAL
283,6,0.0,0.6324555320336759,0.973151866537578,,9,ORIGINAL
283,7,0.0,0.9707253433941511,0.9711339619879596,,4,ORIGINAL
283,8,0.0,0.9438798074485389,0.9711339619879596,,5,ORIGINAL
283,9,0.0,,0.9711339619879596,,2,ORIGINAL
284,0,0.0,0.5,1.0,,4,ORIGINAL
284,1,0.0,0.6859943405700354,1.0,,16,ORIGINAL
284,2,0.0,0.6957010852370434,0.9633150259944552,,10,ORIGINAL
284,3,0.0,0.6390096504226938,0.9478675140998328,,24,ORIGINAL
284,4,0.0,0.8981462390204985,1.0,,6,ORIGINAL
284,5,0.0,0.8696263565463043,1.0,,12,ORIGINAL
284,6,0.0,0.3450327796711771,0.9646784562203947,,11,ORIGINAL
284,7,0.0,0.9090909090909091,1.0,,5,ORIGINAL
284,8,0.0,0.588348405414552,1.0,,4,ORIGINAL
284,9,0.0,0.923869770874312,1.0,,6,ORIGINAL
285,0,0.0,,0.9528205427326275,,0,ORIGINAL
285,1,0.0,1.0,0.9528205427326275,,4,ORIGINAL
285,2,0.0,,0.9555396358746835,,2,ORIGINAL
285,3,0.0,,0.9747204207284491,,2,ORIGINAL
285,4,0.0,0.9486832980505138,0.9528205427326275,,4,ORIGINAL
285,5,0.0,,0.9528205427326275,,0,ORIGINAL
285,6,0.0,0.944911182523068,0.9738170064477849,,4,ORIGINAL
285,7,0.0,,0.9528205427326275,,1,ORIGINAL
285,8,0.0,,0.9528205427326275,,2,ORIGINAL
285,9,0.0,,0.9528205427326275,,1,ORIGINAL
286,0,0.0,,0.991304923522449,,1,ORIGINAL
286,1,0.0,0.8728715609439696,0.991304923522449,,6,ORIGINAL
286,2,0.0,1.0,0.9434780885582554,,6,ORIGINAL
286,3,0.0,0.7635417155709334,0.9168101393534747,,17,ORIGINAL
286,4,0.0,0.9473729613780999,0.991304923522449,,8,ORIGINAL
286,5,0.0,0.9655351182200101,0.991304923522449,,10,ORIGINAL
286,6,0.0,0.6030226891555273,0.9654889000095769,,7,ORIGINAL
286,7,0.0,0.9669875568304563,0.991304923522449,,5,ORIGINAL
286,8,0.0,0.8058229640253802,0.991304923522449,,5,ORIGINAL
286,9,0.0,0.9506541513652698,0.991304923522449,,5,ORIGINAL
287,0,0.0,,0.9734363214507032,,2,ORIGINAL
287,1,0.0,0.9999999999999998,0.9734363214507032,,5,ORIGINAL
287,2,0.0,0.9561828874675149,0.9372873897695143,,7,ORIGINAL
287,3,0.0,0.9185586535436918,0.9593459940786431,,16,ORIGINAL
287,4,0.0,0.9538209664765318,0.9734363214507032,,7,ORIGINAL
287,5,0.0,0.960768922830523,0.9734363214507032,,13,ORIGINAL
287,6,0.0,0.629940788348712,0.9352360575243936,,9,ORIGINAL
287,7,0.0,0.944911182523068,0.9734363214507032,,7,ORIGINAL
287,8,0.0,0.9999999999999998,0.9734363214507032,,5,ORIGINAL
287,9,0.0,0.9761870601839528,0.9734363214507032,,5,ORIGINAL
288,0,0.0,,0.9616716983719,,0,ORIGINAL
288,1,0.0,,0.9616716983719,,2,ORIGINAL
288,2,0.0,,0.9692984740413295,,2,ORIGINAL
288,3,0.0,0.9622504486493763,0.9711647487408165,,3,ORIGINAL
288,4,0.0,0.8888888888888888,0.9616716983719,,3,ORIGINAL
288,5,0.0,0.9761870601839528,0.9616716983719,,5,ORIGINAL
288,6,0.0,,0.9700823626667497,,2,ORIGINAL
288,7,0.0,,0.9616716983719,,1,ORIGINAL
288,8,0.0,,0.9616716983719,,0,ORIGINAL
288,9,0.0,,0.9616716983719,,2,ORIGINAL
289,0,0.0,0.0,0.9806790824777463,,13,ORIGINAL
289,1,0.0,0.42600643361512924,0.9806790824777463,,16,ORIGINAL
289,2,0.0,0.2982100259896135,0.9341955209411457,,23,ORIGINAL
289,3,0.0,0.29475317237328164,0.9453174374117236,,63,ORIGINAL
289,4,0.0,0.1982726388386439,0.9806790824777463,,16,ORIGINAL
289,5,0.0,0.1517165212272521,0.9806790824777463,,22,ORIGINAL
289,6,0.0,0.2870189239409639,0.9561958085308774,,20,ORIGINAL
289,7,0.0,0.9152086306448589,0.9806790824777463,,11,ORIGINAL
289,8,0.0,0.147087101353638,0.9806790824777463,,14,ORIGINAL
289,9,0.0,0.5439282932204212,0.9806790824777463,,12,ORIGINAL
290,0,0.0,,0.9824636481796526,,2,ORIGINAL
290,1,0.0,1.0,0.9824636481796526,,4,ORIGINAL
290,2,0.0,,0.9373812375584477,,2,ORIGINAL
290,3,0.0,0.9434563530497265,0.9051753866614726,,7,ORIGINAL
290,4,0.0,,0.9824636481796526,,2,ORIGINAL
290,5,0.0,0.9486832980505138,0.9824636481796526,,5,ORIGINAL
290,6,0.0,0.17677669529663687,0.9655410100448671,,5,ORIGINAL
290,7,0.0,0.944911182523068,0.9824636481796526,,4,ORIGINAL
290,8,0.0,,0.9824636481796526,,1,ORIGINAL
290,9,0.0,0.9761870601839528,0.9824636481796526,,5,ORIGINAL
291,0,0.0,-0.33333333333333337,1.0,,3,ORIGINAL
291,1,0.0,0.4472135954999579,1.0,,8,ORIGINAL
291,2,0.0,-0.10660035817780521,0.9633150259944552,,8,ORIGINAL
291,3,0.0,0.3319700011034929,0.9478675140998328,,26,ORIGINAL
291,4,0.0,0.15811388300841897,1.0,,8,ORIGINAL
291,5,0.0,0.12524485821702988,1.0,,13,ORIGINAL
291,6,0.0,0.44543540318737396,0.9646784562203947,,11,ORIGINAL
291,7,0.0,0.9185586535436918,1.0,,7,ORIGINAL
291,8,0.0,-0.11322770341445959,1.0,,9,ORIGINAL
291,9,0.0,0.521749194749951,1.0,,7,ORIGINAL
292,0,0.0,0.7071067811865475,0.9528205427326275,,4,ORIGINAL
292,1,0.0,0.8606629658238704,0.9528205427326275,,12,ORIGINAL
292,2,0.0,0.7592566023652966,0.9555396358746835,,11,ORIGINAL
292,3,0.0,0.6546536707079772,0.9747204207284491,,31,ORIGINAL
292,4,0.0,0.8703882797784892,0.9528205427326275,,12,ORIGINAL
292,5,0.0,0.7669649888473704,0.9528205427326275,,18,ORIGINAL
292,6,0.0,0.4629100498862757,0.9738170064477849,,14,ORIGINAL
292,7,0.0,0.6546536707079772,0.9528205427326275,,9,ORIGINAL
292,8,0.0,0.6804138174397718,0.9528205427326275,,12,ORIGINAL
292,9,0.0,0.7223151185146154,0.9528205427326275,,9,ORIGINAL
293,0,0.0,,0.9623825726019074,,1,ORIGINAL
293,1,0.0,0.8164965809277259,0.9623825726019074,,3,ORIGINAL
293,2,0.0,,0.9039457242238322,,2,ORIGINAL
293,3,0.0,0.0,0.9255037799035835,,3,ORIGINAL
293,4,0.0,0.2357022603955158,0.9623825726019074,,3,ORIGINAL
293,5,0.0,0.7071067811865475,0.9623825726019074,,5,ORIGINAL
293,6,0.0,-0.31622776601683794,0.9443964430495274,,3,ORIGINAL
293,7,0.0,,0.9623825726019074,,1,ORIGINAL
293,8,0.0,,0.9623825726019074,,1,ORIGINAL
293,9,0.0,0.7844645405527361,0.9623825726019074,,4,ORIGINAL
294,0,0.0,,0.9567031251510678,,2,ORIGINAL
294,1,0.0,,0.9567031251510678,,2,ORIGINAL
294,2,0.0,0.1889822365046136,0.8856912272605074,,4,ORIGINAL
294,3,0.0,0.4803844614152615,0.9004262888190422,,13,ORIGINAL
294,4,0.0,0.0,0.9567031251510678,,3,ORIGINAL
294,5,0.0,0.40089186286863654,0.9567031251510678,,8,ORIGINAL
294,6,0.0,0.8944271909999159,0.9311485113804097,,5,ORIGINAL
294,7,0.0,0.9438798074485389,0.9567031251510678,,5,ORIGINAL
294,8,0.0,0.9622504486493764,0.9567031251510678,,6,ORIGINAL
294,9,0.0,0.31622776601683794,0.9567031251510678,,4,ORIGINAL
295,0,0.0,0.0,0.9547904355013279,,13,ORIGINAL
295,1,0.0,0.45501575519329013,0.9547904355013279,,19,ORIGINAL
295,2,0.0,0.80860754006264,0.9499077753808751,,20,ORIGINAL
295,3,0.0,0.5665015593979469,0.9601427196384108,,57,ORIGINAL
295,4,0.0,0.7035264706814485,0.9547904355013279,,15,ORIGINAL
295,5,0.0,0.5499999999999999,0.9547904355013279,,20,ORIGINAL
295,6,0.0,0.4351941398892446,0.9376399353372399,,19,ORIGINAL
295,7,0.0,0.9166984970282112,0.9547904355013279,,8,ORIGINAL
295,8,0.0,0.570781792985393,0.9547904355013279,,11,ORIGINAL
295,9,0.0,0.7472647177570734,0.9547904355013279,,13,ORIGINAL
296,0,0.0,,1.0,,0,ORIGINAL
296,1,0.0,,1.0,,1,ORIGINAL
296,2,0.0,,0.9633150259944552,,2,ORIGINAL
296,3,0.0,0.8660254037844387,0.9478675140998328,,3,ORIGINAL
296,4,0.0,,1.0,,1,ORIGINAL
296,5,0.0,,1.0,,2,ORIGINAL
296,6,0.0,,0.9646784562203947,,1,ORIGINAL
296,7,0.0,,1.0,,0,ORIGINAL
296,8,0.0,,1.0,,0,ORIGINAL
296,9,0.0,,1.0,,0,ORIGINAL
297,0,0.0,,0.9806790815403282,,0,ORIGINAL
297,1,0.0,,0.9806790815403282,,2,ORIGINAL
297,2,0.0,1.0000000000000002,0.9341955258135484,,3,ORIGINAL
297,3,0.0,0.9428090415820635,0.9453174438792368,,6,ORIGINAL
297,4,0.0,0.9622504486493763,0.9806790815403282,,3,ORIGINAL
297,5,0.0,1.0,0.9806790815403282,,4,ORIGINAL
297,6,0.0,0.8819171036881969,0.9561958137126199,,7,ORIGINAL
297,7,0.0,0.944911182523068,0.9806790815403282,,4,ORIGINAL
297,8,0.0,0.9428090415820635,0.9806790815403282,,3,ORIGINAL
297,9,0.0,0.9707253433941511,0.9806790815403282,,4,ORIGINAL
298,0,0.0,,,,0,ORIGINAL
298,1,0.0,,,,1,ORIGINAL
298,2,0.0,1.0000000000000002,,,3,ORIGINAL
298,3,0.0,0.9999999999999998,,,5,ORIGINAL
298,4,0.0,,,,2,ORIGINAL
298,5,0.0,1.0000000000000002,,,3,ORIGINAL
298,6,0.0,0.47140452079103173,,,3,ORIGINAL
298,7,0.0,0.9622504486493763,,,3,ORIGINAL
298,8,0.0,,,,1,ORIGINAL
298,9,0.0,,,,0,ORIGINAL
299,0,0.0,-0.31622776601683794,0.9487238660456732,,7,ORIGINAL
299,1,0.0,0.18257418583505536,0.9487238660456732,,13,ORIGINAL
299,2,0.0,0.2927700218845599,0.8891044140773785,,12,ORIGINAL
299,3,0.0,0.24122532033850386,0.9153603163718335,,42,ORIGINAL
299,4,0.0,0.7205766921228922,0.9487238660456732,,11,ORIGINAL
299,5,0.0,0.6445033866354896,0.9487238660456732,,14,ORIGINAL
299,6,0.0,0.27386127875258304,0.9216289035166967,,9,ORIGINAL
299,7,0.0,0.8411910241920597,0.9487238660456732,,7,ORIGINAL
299,8,0.0,0.4242640687119285,0.9487238660456732,,10,ORIGINAL
299,9,0.0,0.6024640760767093,0.9487238660456732,,8,ORIGINAL
300,0,0.0,,0.9616716968792609,,1,ORIGINAL
300,1,0.0,,0.9616716968792609,,1,ORIGINAL
300,2,0.0,0.8660254037844387,0.9692984708838988,,3,ORIGINAL
300,3,0.0,0.7302967433402214,0.9711647503877763,,4,ORIGINAL
300,4,0.0,,0.9616716968792609,,1,ORIGINAL
300,5,0.0,,0.9616716968792609,,2,ORIGINAL
300,6,0.0,,0.970082358394099,,2,ORIGINAL
300,7,0.0,,0.9616716968792609,,0,ORIGINAL
300,8,0.0,,0.9616716968792609,,0,ORIGINAL
300,9,0.0,,0.9616716968792609,,0,ORIGINAL
301,739,0.9,,,,1,ORIGINAL
301,0,0.0,,1.0,,0,ORIGINAL
301,1,0.0,,1.0,,1,ORIGINAL
301,2,0.0,0.5773502691896258,0.9633150259944552,,3,ORIGINAL
301,3,0.0,0.8164965809277259,0.9478675140998328,,3,ORIGINAL
301,4,0.0,,1.0,,1,ORIGINAL
301,5,0.0,0.5773502691896258,1.0,,3,ORIGINAL
301,6,0.0,,0.9646784562203947,,1,ORIGINAL
301,7,0.0,,1.0,,2,ORIGINAL
301,8,0.0,,1.0,,1,ORIGINAL
302,0,0.0,,1.0,,1,ORIGINAL
302,1,0.0,0.8164965809277259,1.0,,3,ORIGINAL
302,2,0.0,,0.9633150259944552,,1,ORIGINAL
302,3,0.0,0.7071067811865475,0.9478675140998328,,3,ORIGINAL
302,4,0.0,,1.0,,2,ORIGINAL
302,5,0.0,0.8164965809277259,1.0,,3,ORIGINAL
302,6,0.0,,0.9646784562203947,,2,ORIGINAL
302,7,0.0,,1.0,,1,ORIGINAL
302,8,0.0,,1.0,,2,ORIGINAL
302,9,0.0,0.8164965809277259,1.0,,3,ORIGINAL
303,0,0.0,,0.954500584269406,,0,ORIGINAL
303,1,0.0,1.0000000000000002,0.954500584269406,,3,ORIGINAL
303,2,0.0,,0.8965726540063051,,2,ORIGINAL
303,3,0.0,0.6507913734559685,0.9117335278063102,,8,ORIGINAL
303,4,0.0,,0.954500584269406,,2,ORIGINAL
303,5,0.0,1.0000000000000002,0.954500584269406,,3,ORIGINAL
303,6,0.0,,0.9422929917647715,,2,ORIGINAL
303,7,0.0,,0.954500584269406,,1,ORIGINAL
303,8,0.0,,0.954500584269406,,1,ORIGINAL
303,9,0.0,,0.954500584269406,,2,ORIGINAL
304,0,0.0,,0.9623825726019074,,0,ORIGINAL
304,1,0.0,0.22360679774997896,0.9623825726019074,,5,ORIGINAL
304,2,0.0,0.363696483726654,0.9039457242238322,,6,ORIGINAL
304,3,0.0,0.13181243254912406,0.9255037799035835,,11,ORIGINAL
304,4,0.0,0.5661385170722979,0.9623825726019074,,9,ORIGINAL
304,5,0.0,0.404145188432738,0.9623825726019074,,11,ORIGINAL
304,6,0.0,0.0,0.9443964430495274,,6,ORIGINAL
304,7,0.0,-0.294174202707276,0.9623825726019074,,5,ORIGINAL
304,8,0.0,-0.19245008972987526,0.9623825726019074,,3,ORIGINAL
304,9,0.0,-0.14907119849998599,0.9623825726019074,,4,ORIGINAL
305,0,0.0,1.0000000000000002,0.9616716957450109,,3,ORIGINAL
305,1,0.0,0.9594032236002469,0.9616716957450109,,8,ORIGINAL
305,2,0.0,0.9561828874675149,0.9692984703039891,,14,ORIGINAL
305,3,0.0,0.9233805168766387,0.9711647457048506,,26,ORIGINAL
305,4,0.0,0.9292837111948398,0.9616716957450109,,8,ORIGINAL
305,5,0.0,0.8488746876271654,0.9616716957450109,,10,ORIGINAL
305,6,0.0,0.8660254037844387,0.9700823599154343,,12,ORIGINAL
305,7,0.0,0.9999999999999998,0.9616716957450109,,5,ORIGINAL
305,8,0.0,1.0000000000000002,0.9616716957450109,,3,ORIGINAL
305,9,0.0,0.9538209664765318,0.9616716957450109,,7,ORIGINAL
306,0,0.0,,0.9611205894334732,,0,ORIGINAL
306,1,0.0,0.9486832980505138,0.9611205894334732,,5,ORIGINAL
306,2,0.0,,0.9521660201148179,,1,ORIGINAL
306,3,0.0,0.9999999999999998,0.9352301620915747,,5,ORIGINAL
306,4,0.0,0.9561828874675149,0.9611205894334732,,4,ORIGINAL
306,5,0.0,0.9428090415820635,0.9611205894334732,,3,ORIGINAL
306,6,0.0,0.9647638212377322,0.9665349424714982,,7,ORIGINAL
306,7,0.0,1.0,0.9611205894334732,,4,ORIGINAL
306,8,0.0,,0.9611205894334732,,2,ORIGINAL
306,9,0.0,0.9428090415820635,0.9611205894334732,,3,ORIGINAL
307,0,0.0,-0.8894991799933215,0.9317824627855039,,7,ORIGINAL
307,1,0.0,-0.29814239699997197,0.9317824627855039,,12,ORIGINAL
307,2,0.0,-0.15811388300841897,0.948172301184151,,5,ORIGINAL
307,3,0.0,-0.43915503282683993,0.9184882769329118,,14,ORIGINAL
307,4,0.0,-0.5078333750770081,0.9317824627855039,,7,ORIGINAL
307,5,0.0,-0.40406101782088427,0.9317824627855039,,8,ORIGINAL
307,6,0.0,0.6666666666666666,0.9277148432335083,,7,ORIGINAL
307,7,0.0,0.6546536707079772,0.9317824627855039,,4,ORIGINAL
307,8,0.0,,0.9317824627855039,,2,ORIGINAL
307,9,0.0,0.6172133998483676,0.9317824627855039,,6,ORIGINAL
308,0,0.0,0.8728715609439696,1.0,,4,ORIGINAL
308,1,0.0,,1.0,,2,ORIGINAL
308,2,0.0,0.944911182523068,0.9633150259944552,,4,ORIGINAL
308,3,0.0,0.9258200997725514,0.9478675140998328,,7,ORIGINAL
308,4,0.0,,1.0,,1,ORIGINAL
308,5,0.0,0.8660254037844387,1.0,,4,ORIGINAL
308,6,0.0,,0.9646784562203947,,1,ORIGINAL
308,7,0.0,,1.0,,2,ORIGINAL
308,8,0.0,,1.0,,1,ORIGINAL
308,9,0.0,,1.0,,2,ORIGINAL
309,0,0.0,1.0000000000000002,0.9557478114262787,,3,ORIGINAL
309,1,0.0,0.9473729613780999,0.9557478114262787,,11,ORIGINAL
309,2,0.0,1.0000000000000002,0.8993093818735528,,9,ORIGINAL
309,3,0.0,0.8975274678557508,0.8997410501761314,,18,ORIGINAL
309,4,0.0,0.8907986681660889,0.9557478114262787,,7,ORIGINAL
309,5,0.0,0.9185586535436918,0.9557478114262787,,7,ORIGINAL
309,6,0.0,0.5837172315870185,0.9319636211208066,,13,ORIGINAL
309,7,0.0,0.8504200642707612,0.9557478114262787,,5,ORIGINAL
309,8,0.0,0.9999999999999999,0.9557478114262787,,4,ORIGINAL
309,9,0.0,0.9594032236002469,0.9557478114262787,,7,ORIGINAL
310,0,0.0,,0.9547904331293198,,1,ORIGINAL
310,1,0.0,1.0000000000000002,0.9547904331293198,,3,ORIGINAL
310,2,0.0,,0.9499077724601235,,3,ORIGINAL
310,3,0.0,0.6123724356957945,0.9601427202173838,,9,ORIGINAL
310,4,0.0,,0.9547904331293198,,2,ORIGINAL
310,5,0.0,0.6324555320336759,0.9547904331293198,,5,ORIGINAL
310,6,0.0,0.9428090415820632,0.937639929509396,,4,ORIGINAL
310,7,0.0,0.4082482904638631,0.9547904331293198,,3,ORIGINAL
310,8,0.0,0.3779644730092272,0.9547904331293198,,4,ORIGINAL
310,9,0.0,0.8660254037844387,0.9547904331293198,,3,ORIGINAL
311,0,0.0,,0.9264884283426499,,1,ORIGINAL
311,1,0.0,,0.9264884283426499,,0,ORIGINAL
311,2,0.0,,0.974997989694242,,0,ORIGINAL
311,3,0.0,,0.9848572527455088,,2,ORIGINAL
311,4,0.0,,0.9264884283426499,,1,ORIGINAL
311,5,0.0,,0.9264884283426499,,0,ORIGINAL
311,6,0.0,,0.9099120966941667,,0,ORIGINAL
311,7,0.0,,0.9264884283426499,,0,ORIGINAL
311,8,0.0,,0.9264884283426499,,0,ORIGINAL
311,9,0.0,,0.9264884283426499,,1,ORIGINAL
312,0,0.0,,0.9794193454726551,,1,ORIGINAL
312,1,0.0,0.9486832980505138,0.9794193454726551,,4,ORIGINAL
312,2,0.0,0.9594032236002469,0.9292376093451206,,5,ORIGINAL
312,3,0.0,0.8854377448471461,0.8954618889258041,,7,ORIGINAL
312,4,0.0,0.8999999999999998,0.9794193454726551,,4,ORIGINAL
312,5,0.0,0.9707253433941511,0.9794193454726551,,4,ORIGINAL
312,6,0.0,0.2581988897471611,0.965928654354475,,6,ORIGINAL
312,7,0.0,1.0000000000000002,0.9794193454726551,,3,ORIGINAL
312,8,0.0,,0.9794193454726551,,0,ORIGINAL
312,9,0.0,0.9594032236002469,0.9794193454726551,,7,ORIGINAL
313,0,0.0,,0.9865432291009868,,0,ORIGINAL
313,1,0.0,0.9428090415820635,0.9865432291009868,,3,ORIGINAL
313,2,0.0,,0.946452462077083,,2,ORIGINAL
313,3,0.0,1.0000000000000002,0.9288382417506102,,3,ORIGINAL
313,4,0.0,0.9622504486493763,0.9865432291009868,,3,ORIGINAL
313,5,0.0,,0.9865432291009868,,2,ORIGINAL
313,6,0.0,0.9486832980505138,0.9560412601772939,,4,ORIGINAL
313,7,0.0,,0.9865432291009868,,1,ORIGINAL
313,8,0.0,,0.9865432291009868,,1,ORIGINAL
313,9,0.0,,0.9865432291009868,,1,ORIGINAL
314,0,0.0,0.5773502691896258,0.9567031239733925,,3,ORIGINAL
314,1,0.0,0.3692744729379982,0.9567031239733925,,12,ORIGINAL
314,2,0.0,0.18208926018230745,0.8856912278400381,,17,ORIGINAL
314,3,0.0,0.5920141630322447,0.9004262905259159,,28,ORIGINAL
314,4,0.0,-0.05716619504750295,0.9567031239733925,,6,ORIGINAL
314,5,0.0,0.21757131728816848,0.9567031239733925,,13,ORIGINAL
314,6,0.0,0.26261286571944514,0.9311485102803493,,13,ORIGINAL
314,7,0.0,0.5007733956671914,0.9567031239733925,,10,ORIGINAL
314,8,0.0,0.21677749238102995,0.9567031239733925,,10,ORIGINAL
314,9,0.0,0.5838403593598094,0.9567031239733925,,11,ORIGINAL
315,243,0.9,0.8359173188630293,0.9999999999999958,,19,ORIGINAL
315,739,0.9,1.0000000000000002,,,3,ORIGINAL
315,0,0.0,,0.9901813498334862,,2,ORIGINAL
315,1,0.0,0.9090909090909091,0.9901813498334862,,8,ORIGINAL
315,2,0.0,0.9467292624062575,0.9757308535055583,,15,ORIGINAL
315,3,0.0,0.83795709729612,0.968959838869782,,33,ORIGINAL
315,4,0.0,0.9203579866168444,0.9901813498334862,,8,ORIGINAL
315,5,0.0,0.9707253433941511,0.9901813498334862,,13,ORIGINAL
315,6,0.0,0.6900655593423543,0.9768098599542961,,12,ORIGINAL
315,7,0.0,0.9432422182837986,0.9901813498334862,,8,ORIGINAL
316,186,0.9,0.7526178090063818,0.8863643074660453,,11,ORIGINAL
316,0,0.0,,0.9639813066001433,,2,ORIGINAL
316,1,0.0,0.37499999999999994,0.9639813066001433,,5,ORIGINAL
316,2,0.0,0.3508232077228117,0.905451634955296,,7,ORIGINAL
316,3,0.0,0.42857142857142855,0.8676103575558289,,12,ORIGINAL
316,4,0.0,0.45643546458763834,0.9639813066001433,,6,ORIGINAL
316,5,0.0,0.7142857142857142,0.9639813066001433,,8,ORIGINAL
316,6,0.0,0.629940788348712,0.9485264299534014,,8,ORIGINAL
316,7,0.0,0.944911182523068,0.9639813066001433,,4,ORIGINAL
316,8,0.0,,0.9639813066001433,,1,ORIGINAL
317,0,0.0,,0.9409512511334096,,0,ORIGINAL
317,1,0.0,0.9622504486493763,0.9409512511334096,,3,ORIGINAL
317,2,0.0,,0.8805955290471816,,0,ORIGINAL
317,3,0.0,0.944911182523068,0.8425549461834863,,5,ORIGINAL
317,4,0.0,,0.9409512511334096,,2,ORIGINAL
317,5,0.0,0.9622504486493763,0.9409512511334096,,3,ORIGINAL
317,6,0.0,0.6804138174397718,0.9260773545062556,,3,ORIGINAL
317,7,0.0,,0.9409512511334096,,2,ORIGINAL
317,8,0.0,,0.9409512511334096,,2,ORIGINAL
317,9,0.0,,0.9409512511334096,,1,ORIGINAL
318,0,0.0,,0.9806790815403282,,0,ORIGINAL
318,1,0.0,0.8164965809277261,0.9806790815403282,,4,ORIGINAL
318,2,0.0,,0.9341955258135484,,1,ORIGINAL
318,3,0.0,1.0,0.9453174438792368,,9,ORIGINAL
318,4,0.0,0.7453559924999299,0.9806790815403282,,3,ORIGINAL
318,5,0.0,0.9486832980505138,0.9806790815403282,,5,ORIGINAL
318,6,0.0,0.6123724356957945,0.9561958137126199,,6,ORIGINAL
318,7,0.0,0.9036961141150639,0.9806790815403282,,6,ORIGINAL
318,8,0.0,0.8749999999999998,0.9806790815403282,,5,ORIGINAL
318,9,0.0,0.9428090415820635,0.9806790815403282,,3,ORIGINAL
319,0,0.0,,0.9738458768163214,,1,ORIGINAL
319,1,0.0,0.9434563530497265,0.9738458768163214,,7,ORIGINAL
319,2,0.0,0.9428090415820635,0.9545809504748346,,3,ORIGINAL
319,3,0.0,0.8642416214502248,0.9713391337985414,,6,ORIGINAL
319,4,0.0,0.9761870601839528,0.9738458768163214,,5,ORIGINAL
319,5,0.0,0.944911182523068,0.9738458768163214,,4,ORIGINAL
319,6,0.0,0.8485281374238569,0.9212287395625672,,5,ORIGINAL
319,7,0.0,0.9999999999999999,0.9738458768163214,,4,ORIGINAL
319,8,0.0,,0.9738458768163214,,1,ORIGINAL
319,9,0.0,0.8819171036881969,0.9738458768163214,,6,ORIGINAL
320,0,0.0,,0.9528205462346803,,1,ORIGINAL
320,1,0.0,,0.9528205462346803,,1,ORIGINAL
320,2,0.0,0.944911182523068,0.9555396379349221,,4,ORIGINAL
320,3,0.0,0.9438798074485389,0.9747204209657291,,5,ORIGINAL
320,4,0.0,,0.9528205462346803,,1,ORIGINAL
320,5,0.0,,0.9528205462346803,,2,ORIGINAL
320,6,0.0,,0.9738170082873187,,1,ORIGINAL
320,7,0.0,,0.9528205462346803,,0,ORIGINAL
320,8,0.0,,0.9528205462346803,,0,ORIGINAL
320,9,0.0,,0.9528205462346803,,1,ORIGINAL
321,0,0.0,,0.962720392922269,,0,ORIGINAL
321,1,0.0,0.9999999999999998,0.962720392922269,,5,ORIGINAL
321,2,0.0,,0.9658798425144149,,2,ORIGINAL
321,3,0.0,0.9486832980505138,0.9222827441977814,,4,ORIGINAL
321,4,0.0,0.9525793444156805,0.962720392922269,,3,ORIGINAL
321,5,0.0,0.9486832980505138,0.962720392922269,,4,ORIGINAL
321,6,0.0,0.3651483716701107,0.9768146069083574,,4,ORIGINAL
321,7,0.0,,0.962720392922269,,1,ORIGINAL
321,8,0.0,,0.962720392922269,,2,ORIGINAL
321,9,0.0,0.9622504486493763,0.962720392922269,,3,ORIGINAL
322,0,0.0,,0.9280662185308055,,0,ORIGINAL
322,1,0.0,,0.9280662185308055,,2,ORIGINAL
322,2,0.0,,0.9480661642035789,,2,ORIGINAL
322,3,0.0,0.9438798074485389,0.9766154033143565,,5,ORIGINAL
322,4,0.0,,0.9280662185308055,,1,ORIGINAL
322,5,0.0,,0.9280662185308055,,2,ORIGINAL
322,6,0.0,0.2886751345948129,0.9012193025242882,,3,ORIGINAL
322,7,0.0,,0.9280662185308055,,1,ORIGINAL
322,8,0.0,,0.9280662185308055,,0,ORIGINAL
322,9,0.0,,0.9280662185308055,,1,ORIGINAL
323,0,0.0,,0.9420432252655582,,0,ORIGINAL
323,1,0.0,0.944911182523068,0.9420432252655582,,4,ORIGINAL
323,2,0.0,,0.935694190065955,,2,ORIGINAL
323,3,0.0,0.857142857142857,0.9599929196111939,,4,ORIGINAL
323,4,0.0,0.9622504486493763,0.9420432252655582,,3,ORIGINAL
323,5,0.0,0.9428090415820635,0.9420432252655582,,3,ORIGINAL
323,6,0.0,0.7745966692414834,0.9403748526765583,,3,ORIGINAL
323,7,0.0,,0.9420432252655582,,1,ORIGINAL
323,8,0.0,,0.9420432252655582,,1,ORIGINAL
323,9,0.0,0.9428090415820635,0.9420432252655582,,3,ORIGINAL
324,0,0.0,,0.9132528984426408,,0,ORIGINAL
324,1,0.0,0.857142857142857,0.9132528984426408,,4,ORIGINAL
324,2,0.0,0.9428090415820635,0.8396355169755443,,3,ORIGINAL
324,3,0.0,0.9325048082403138,0.8109206201871121,,14,ORIGINAL
324,4,0.0,0.47809144373375745,0.9132528984426408,,4,ORIGINAL
324,5,0.0,0.7925939239012171,0.9132528984426408,,7,ORIGINAL
324,6,0.0,0.9999999999999998,0.909209495872516,,7,ORIGINAL
324,7,0.0,0.9434563530497265,0.9132528984426408,,4,ORIGINAL
324,8,0.0,0.8696263565463043,0.9132528984426408,,7,ORIGINAL
324,9,0.0,,0.9132528984426408,,2,ORIGINAL
325,0,0.0,0.26967994498529685,0.9806790815403282,,8,ORIGINAL
325,1,0.0,0.6024640760767093,0.9806790815403282,,12,ORIGINAL
325,2,0.0,0.8278596896728931,0.9341955258135484,,19,ORIGINAL
325,3,0.0,0.7399956641006085,0.9453174438792368,,47,ORIGINAL
325,4,0.0,0.9370425713316364,0.9806790815403282,,15,ORIGINAL
325,5,0.0,0.9241377067782294,0.9806790815403282,,22,ORIGINAL
325,6,0.0,0.5294143019465852,0.9561958137126199,,20,ORIGINAL
325,7,0.0,0.9185586535436918,0.9806790815403282,,12,ORIGINAL
325,8,0.0,0.8907986681660891,0.9806790815403282,,14,ORIGINAL
325,9,0.0,0.9601587170383665,0.9806790815403282,,10,ORIGINAL
326,0,0.0,0.9258200997725514,0.9616716958035149,,4,ORIGINAL
326,1,0.0,-0.19069251784911848,0.9616716958035149,,11,ORIGINAL
326,2,0.0,0.5103103630798288,0.9692984702961247,,10,ORIGINAL
326,3,0.0,0.17496355305594127,0.9711647495310693,,29,ORIGINAL
326,4,0.0,0.6761234037828131,0.9616716958035149,,10,ORIGINAL
326,5,0.0,0.6546536707079772,0.9616716958035149,,13,ORIGINAL
326,6,0.0,0.2672612419124244,0.9700823601229248,,11,ORIGINAL
326,7,0.0,0.75,0.9616716958035149,,7,ORIGINAL
326,8,0.0,0.6999999999999998,0.9616716958035149,,8,ORIGINAL
326,9,0.0,0.31524416249564025,0.9616716958035149,,9,ORIGINAL
327,0,0.0,0.8164965809277261,0.9557478104089453,,3,ORIGINAL
327,1,0.0,0.944911182523068,0.9557478104089453,,4,ORIGINAL
327,2,0.0,0.8320502943378437,0.8993093781459607,,7,ORIGINAL
327,3,0.0,0.7222222222222222,0.8997410461184958,,21,ORIGINAL
327,4,0.0,0.6396021490668313,0.9557478104089453,,7,ORIGINAL
327,5,0.0,0.8944271909999159,0.9557478104089453,,10,ORIGINAL
327,6,0.0,0.8944271909999159,0.9319636192814553,,6,ORIGINAL
327,7,0.0,0.9363821838346237,0.9557478104089453,,8,ORIGINAL
327,8,0.0,0.6396021490668313,0.9557478104089453,,7,ORIGINAL
327,9,0.0,0.8164965809277259,0.9557478104089453,,3,ORIGINAL
328,0,0.0,,0.9633150259944552,,1,ORIGINAL
328,1,0.0,0.7348469228349533,0.9633150259944552,,7,ORIGINAL
328,2,0.0,0.7453559924999299,0.9999999999999993,,3,ORIGINAL
328,3,0.0,0.6255432421712244,0.9777320874553711,,14,ORIGINAL
328,4,0.0,0.8696263565463043,0.9633150259944552,,8,ORIGINAL
328,5,0.0,0.882522608121828,0.9633150259944552,,9,ORIGINAL
328,6,0.0,0.6446583712203042,0.9658346052796958,,10,ORIGINAL
328,7,0.0,0.7745966692414834,0.9633150259944552,,4,ORIGINAL
328,8,0.0,0.6546536707079772,0.9633150259944552,,5,ORIGINAL
328,9,0.0,0.9622504486493763,0.9633150259944552,,3,ORIGINAL
329,0,0.0,,0.9545005813135693,,1,ORIGINAL
329,1,0.0,0.944911182523068,0.9545005813135693,,8,ORIGINAL
329,2,0.0,0.9544271444636666,0.8965726495809305,,10,ORIGINAL
329,3,0.0,0.9339475705392295,0.911733525129955,,19,ORIGINAL
329,4,0.0,0.9428090415820634,0.9545005813135693,,6,ORIGINAL
329,5,0.0,0.9486832980505138,0.9545005813135693,,10,ORIGINAL
329,6,0.0,0.7745966692414834,0.9422929887194212,,12,ORIGINAL
329,7,0.0,1.0,0.9545005813135693,,6,ORIGINAL
329,8,0.0,0.8959786703810408,0.9545005813135693,,9,ORIGINAL
329,9,0.0,0.9449111825230682,0.9545005813135693,,6,ORIGINAL
330,0,0.0,,1.0,,0,ORIGINAL
330,1,0.0,1.0000000000000002,1.0,,3,ORIGINAL
330,2,0.0,,0.9633150259944552,,2,ORIGINAL
330,3,0.0,0.8838834764831843,0.9478675140998328,,5,ORIGINAL
330,4,0.0,,1.0,,2,ORIGINAL
330,5,0.0,0.8660254037844387,1.0,,4,ORIGINAL
330,6,0.0,0.8728715609439696,0.9646784562203947,,4,ORIGINAL
330,7,0.0,,1.0,,2,ORIGINAL
330,8,0.0,,1.0,,2,ORIGINAL
330,9,0.0,,1.0,,2,ORIGINAL
331,0,0.0,,0.9379204676429388,,0,ORIGINAL
331,1,0.0,,0.9379204676429388,,0,ORIGINAL
331,2,0.0,,0.8824477311102815,,0,ORIGINAL
331,3,0.0,,0.84627451671196,,1,ORIGINAL
331,4,0.0,,0.9379204676429388,,0,ORIGINAL
331,5,0.0,,0.9379204676429388,,1,ORIGINAL
331,6,0.0,,0.9261694487432705,,2,ORIGINAL
331,7,0.0,,0.9379204676429388,,0,ORIGINAL
331,8,0.0,,0.9379204676429388,,0,ORIGINAL
331,9,0.0,,0.9379204676429388,,0,ORIGINAL
332,0,0.0,,1.0,,0,ORIGINAL
332,1,0.0,0.31622776601683794,1.0,,5,ORIGINAL
332,2,0.0,0.40451991747794525,0.9633150259944552,,5,ORIGINAL
332,3,0.0,0.3779644730092272,0.9478675140998328,,8,ORIGINAL
332,4,0.0,,1.0,,1,ORIGINAL
332,5,0.0,1.0000000000000002,1.0,,3,ORIGINAL
332,6,0.0,0.4472135954999579,0.9646784562203947,,5,ORIGINAL
332,7,0.0,0.9428090415820635,1.0,,3,ORIGINAL
332,8,0.0,,1.0,,1,ORIGINAL
332,9,0.0,,1.0,,2,ORIGINAL
333,0,0.0,,0.9246351741960835,,0,ORIGINAL
333,1,0.0,0.8944271909999159,0.9246351741960835,,6,ORIGINAL
333,2,0.0,0.9428090415820635,0.9390073912447577,,6,ORIGINAL
333,3,0.0,0.9471141280884339,0.95306052864534,,11,ORIGINAL
333,4,0.0,0.9411764705882353,0.9246351741960835,,5,ORIGINAL
333,5,0.0,0.9864400504156211,0.9246351741960835,,9,ORIGINAL
333,6,0.0,0.4767312946227962,0.9144329275100189,,10,ORIGINAL
333,7,0.0,,0.9246351741960835,,2,ORIGINAL
333,8,0.0,0.9669875568304563,0.9246351741960835,,7,ORIGINAL
333,9,0.0,0.9354143466934853,0.9246351741960835,,5,ORIGINAL
334,0,0.0,0.8504200642707612,0.9806790842263925,,11,ORIGINAL
334,1,0.0,0.9197090092274486,0.9806790842263925,,17,ORIGINAL
334,2,0.0,0.8468303183574205,0.9341955261964597,,19,ORIGINAL
334,3,0.0,0.7297691588509917,0.945317442503052,,53,ORIGINAL
334,4,0.0,0.5595028849441883,0.9806790842263925,,11,ORIGINAL
334,5,0.0,0.6821910402406466,0.9806790842263925,,19,ORIGINAL
334,6,0.0,0.4036036763977875,0.9561958135781816,,16,ORIGINAL
334,7,0.0,0.8540168202937981,0.9806790842263925,,12,ORIGINAL
334,8,0.0,0.8124999999999998,0.9806790842263925,,11,ORIGINAL
334,9,0.0,0.9128709291752769,0.9806790842263925,,9,ORIGINAL
335,739,0.9,0.9428090415820635,,,3,ORIGINAL
335,0,0.0,,0.9462238230576936,,1,ORIGINAL
335,1,0.0,0.8728715609439696,0.9462238230576936,,6,ORIGINAL
335,2,0.0,0.9561828874675149,0.8791092415754306,,4,ORIGINAL
335,3,0.0,0.806225774829855,0.8884161119777194,,10,ORIGINAL
335,4,0.0,0.9245003270420487,0.9462238230576936,,4,ORIGINAL
335,5,0.0,0.9707253433941511,0.9462238230576936,,4,ORIGINAL
335,6,0.0,0.778498944161523,0.9304565217173556,,7,ORIGINAL
335,7,0.0,0.944911182523068,0.9462238230576936,,5,ORIGINAL
335,8,0.0,,0.9462238230576936,,2,ORIGINAL
336,0,0.0,,0.9623825744921536,,0,ORIGINAL
336,1,0.0,,0.9623825744921536,,1,ORIGINAL
336,2,0.0,,0.9039457247248888,,0,ORIGINAL
336,3,0.0,0.944911182523068,0.9255037785690072,,4,ORIGINAL
336,4,0.0,,0.9623825744921536,,1,ORIGINAL
336,5,0.0,,0.9623825744921536,,2,ORIGINAL
336,6,0.0,,0.9443964442816921,,2,ORIGINAL
336,7,0.0,,0.9623825744921536,,1,ORIGINAL
336,8,0.0,,0.9623825744921536,,2,ORIGINAL
336,9,0.0,,0.9623825744921536,,2,ORIGINAL
337,0,0.0,0.769800358919501,1.0,,6,ORIGINAL
337,1,0.0,0.8359173188630293,1.0,,12,ORIGINAL
337,2,0.0,0.5918640302493726,0.9633150259944552,,18,ORIGINAL
337,3,0.0,0.7325896743930082,0.9478675140998328,,32,ORIGINAL
337,4,0.0,0.9434563530497264,1.0,,15,ORIGINAL
337,5,0.0,0.9114654303753,1.0,,15,ORIGINAL
337,6,0.0,0.5965587590013045,0.9646784562203947,,14,ORIGINAL
337,7,0.0,0.9203579866168444,1.0,,8,ORIGINAL
337,8,0.0,0.7610423906471905,1.0,,13,ORIGINAL
337,9,0.0,0.8215838362577491,1.0,,10,ORIGINAL
338,0,0.0,1.0000000000000002,0.9681150542899442,,3,ORIGINAL
338,1,0.0,0.5773502691896258,0.9681150542899442,,3,ORIGINAL
338,2,0.0,,0.9538641598043284,,1,ORIGINAL
338,3,0.0,0.5773502691896258,0.9731287408354515,,5,ORIGINAL
338,4,0.0,,0.9681150542899442,,1,ORIGINAL
338,5,0.0,,0.9681150542899442,,1,ORIGINAL
338,6,0.0,,0.9156195846268943,,1,ORIGINAL
338,7,0.0,,0.9681150542899442,,0,ORIGINAL
338,8,0.0,,0.9681150542899442,,0,ORIGINAL
338,9,0.0,,0.9681150542899442,,1,ORIGINAL
339,0,0.0,,0.9462238196970443,,2,ORIGINAL
339,1,0.0,0.48420012470625223,0.9462238196970443,,8,ORIGINAL
339,2,0.0,0.7399400733959438,0.8791092324436277,,7,ORIGINAL
339,3,0.0,0.6900655593423543,0.8884161019391814,,18,ORIGINAL
339,4,0.0,0.9659092088013584,0.9462238196970443,,9,ORIGINAL
339,5,0.0,0.7354355067681901,0.9462238196970443,,14,ORIGINAL
339,6,0.0,0.6859943405700354,0.930456515128288,,10,ORIGINAL
339,7,0.0,0.8907986681660889,0.9462238196970443,,7,ORIGINAL
339,8,0.0,0.8616404368553291,0.9462238196970443,,7,ORIGINAL
339,9,0.0,0.933138949631687,0.9462238196970443,,6,ORIGINAL
340,0,0.0,,0.9808074286486422,,1,ORIGINAL
340,1,0.0,,0.9808074286486422,,1,ORIGINAL
340,2,0.0,,0.9704064446070771,,2,ORIGINAL
340,3,0.0,,0.9434388031421846,,2,ORIGINAL
340,4,0.0,,0.9808074286486422,,0,ORIGINAL
340,5,0.0,,0.9808074286486422,,0,ORIGINAL
340,6,0.0,,0.9385487604084403,,0,ORIGINAL
340,7,0.0,,0.9808074286486422,,0,ORIGINAL
340,8,0.0,,0.9808074286486422,,0,ORIGINAL
340,9,0.0,,0.9808074286486422,,1,ORIGINAL
341,0,0.0,,0.9806790815403282,,0,ORIGINAL
341,1,0.0,0.9428090415820635,0.9806790815403282,,3,ORIGINAL
341,2,0.0,,0.9341955258135484,,2,ORIGINAL
341,3,0.0,0.9999999999999999,0.9453174438792368,,4,ORIGINAL
341,4,0.0,,0.9806790815403282,,2,ORIGINAL
341,5,0.0,0.9525793444156805,0.9806790815403282,,6,ORIGINAL
341,6,0.0,0.9561828874675149,0.9561958137126199,,4,ORIGINAL
341,7,0.0,1.0000000000000002,0.9806790815403282,,3,ORIGINAL
341,8,0.0,0.8660254037844386,0.9806790815403282,,6,ORIGINAL
341,9,0.0,0.8660254037844387,0.9806790815403282,,3,ORIGINAL
342,0,0.0,0.9534625892455924,1.0,,8,ORIGINAL
342,1,0.0,0.9594032236002469,1.0,,11,ORIGINAL
342,2,0.0,0.7416198487095662,0.9633150259944552,,16,ORIGINAL
342,3,0.0,0.7560153527108575,0.9478675140998328,,40,ORIGINAL
342,4,0.0,0.8299275201966066,1.0,,16,ORIGINAL
342,5,0.0,0.929758101807797,1.0,,20,ORIGINAL
342,6,0.0,0.6486493048989729,0.9646784562203947,,15,ORIGINAL
342,7,0.0,0.8485552916276634,1.0,,13,ORIGINAL
342,8,0.0,0.8793040102298588,1.0,,15,ORIGINAL
342,9,0.0,0.9104463009115372,1.0,,12,ORIGINAL
343,0,0.0,,0.9528205427326275,,0,ORIGINAL
343,1,0.0,0.944911182523068,0.9528205427326275,,4,ORIGINAL
343,2,0.0,0.9622504486493763,0.9555396358746835,,3,ORIGINAL
343,3,0.0,0.8864052604279183,0.9747204207284491,,8,ORIGINAL
343,4,0.0,,0.9528205427326275,,2,ORIGINAL
343,5,0.0,0.8944271909999159,0.9528205427326275,,5,ORIGINAL
343,6,0.0,-0.7071067811865475,0.9738170064477849,,4,ORIGINAL
343,7,0.0,,0.9528205427326275,,1,ORIGINAL
343,8,0.0,,0.9528205427326275,,1,ORIGINAL
343,9,0.0,1.0000000000000002,0.9528205427326275,,3,ORIGINAL
344,0,0.0,,0.9317824697544982,,0,ORIGINAL
344,1,0.0,1.0,0.9317824697544982,,4,ORIGINAL
344,2,0.0,0.9428090415820635,0.948172308948168,,3,ORIGINAL
344,3,0.0,0.9561828874675149,0.9184882850144845,,5,ORIGINAL
344,4,0.0,,0.9317824697544982,,2,ORIGINAL
344,5,0.0,1.0000000000000002,0.9317824697544982,,3,ORIGINAL
344,6,0.0,0.8485281374238569,0.9277148497305662,,5,ORIGINAL
344,7,0.0,,0.9317824697544982,,1,ORIGINAL
344,8,0.0,,0.9317824697544982,,2,ORIGINAL
344,9,0.0,,0.9317824697544982,,2,ORIGINAL
345,0,0.0,,0.9042739755922512,,0,ORIGINAL
345,1,0.0,,0.9042739755922512,,1,ORIGINAL
345,2,0.0,,0.9507593724578529,,2,ORIGINAL
345,3,0.0,1.0,0.9250982384792658,,4,ORIGINAL
345,4,0.0,0.9622504486493763,0.9042739755922512,,3,ORIGINAL
345,5,0.0,0.9999999999999998,0.9042739755922512,,5,ORIGINAL
345,6,0.0,0.5,0.8814523319675303,,4,ORIGINAL
345,7,0.0,0.9428090415820635,0.9042739755922512,,6,ORIGINAL
345,8,0.0,0.9486832980505138,0.9042739755922512,,4,ORIGINAL
345,9,0.0,0.8164965809277259,0.9042739755922512,,3,ORIGINAL
346,0,0.0,0.7745966692414833,0.9806790824013687,,6,ORIGINAL
346,1,0.0,0.9547859244962514,0.9806790824013687,,9,ORIGINAL
346,2,0.0,0.9431191251430151,0.9341955271108662,,10,ORIGINAL
346,3,0.0,0.8921722983855179,0.9453174447798184,,18,ORIGINAL
346,4,0.0,0.923869770874312,0.9806790824013687,,9,ORIGINAL
346,5,0.0,0.8164965809277259,0.9806790824013687,,9,ORIGINAL
346,6,0.0,0.9045340337332909,0.9561958127211324,,9,ORIGINAL
346,7,0.0,0.9561828874675149,0.9806790824013687,,7,ORIGINAL
346,8,0.0,0.9772545497599155,0.9806790824013687,,6,ORIGINAL
346,9,0.0,0.8765009801785554,0.9806790824013687,,9,ORIGINAL
347,0,0.0,,0.9639813098116331,,2,ORIGINAL
347,1,0.0,0.9707253433941511,0.9639813098116331,,4,ORIGINAL
347,2,0.0,0.9561828874675149,0.9054516351274056,,4,ORIGINAL
347,3,0.0,0.9434563530497265,0.8676103609921769,,7,ORIGINAL
347,4,0.0,0.9647638212377322,0.9639813098116331,,7,ORIGINAL
347,5,0.0,0.9166666666666666,0.9639813098116331,,10,ORIGINAL
347,6,0.0,0.8000946913656629,0.9485264300328381,,9,ORIGINAL
347,7,0.0,0.9438798074485389,0.9639813098116331,,5,ORIGINAL
347,8,0.0,0.8058229640253802,0.9639813098116331,,5,ORIGINAL
347,9,0.0,0.8819171036881969,0.9639813098116331,,6,ORIGINAL
348,0,0.0,,0.9409512547067033,,0,ORIGINAL
348,1,0.0,,0.9409512547067033,,0,ORIGINAL
348,2,0.0,,0.8805955318001024,,0,ORIGINAL
348,3,0.0,,0.8425549494195083,,0,ORIGINAL
348,4,0.0,,0.9409512547067033,,0,ORIGINAL
348,5,0.0,,0.9409512547067033,,1,ORIGINAL
348,6,0.0,,0.9260773574344731,,0,ORIGINAL
348,7,0.0,,0.9409512547067033,,0,ORIGINAL
348,8,0.0,,0.9409512547067033,,1,ORIGINAL
348,9,0.0,,0.9409512547067033,,0,ORIGINAL
349,0,0.0,,0.9688240455412486,,0,ORIGINAL
349,1,0.0,1.0000000000000002,0.9688240455412486,,3,ORIGINAL
349,2,0.0,0.8728715609439696,0.9416600184948395,,4,ORIGINAL
349,3,0.0,0.7499999999999999,0.9640273209028699,,5,ORIGINAL
349,4,0.0,0.9622504486493763,0.9688240455412486,,3,ORIGINAL
349,5,0.0,0.9999999999999998,0.9688240455412486,,3,ORIGINAL
349,6,0.0,0.6708203932499369,0.9506001637622323,,4,ORIGINAL
349,7,0.0,,0.9688240455412486,,0,ORIGINAL
349,8,0.0,,0.9688240455412486,,1,ORIGINAL
349,9,0.0,,0.9688240455412486,,2,ORIGINAL
350,0,0.0,,0.9528772578999964,,0,ORIGINAL
350,1,0.0,0.8616404368553293,0.9528772578999964,,8,ORIGINAL
350,2,0.0,0.7216878364870323,0.8862136982368001,,6,ORIGINAL
350,3,0.0,0.8386278693775346,0.8652361823140664,,16,ORIGINAL
350,4,0.0,0.7803989725717079,0.9528772578999964,,7,ORIGINAL
350,5,0.0,0.8703882797784892,0.9528772578999964,,13,ORIGINAL
350,6,0.0,0.5345224838248488,0.950676317163076,,13,ORIGINAL
350,7,0.0,0.8,0.9528772578999964,,10,ORIGINAL
350,8,0.0,0.8413341412630905,0.9528772578999964,,13,ORIGINAL
350,9,0.0,0.6123724356957946,0.9528772578999964,,7,ORIGINAL
351,0,0.0,,0.9806790815765236,,1,ORIGINAL
351,1,0.0,,0.9806790815765236,,4,ORIGINAL
351,2,0.0,0.5773502691896258,0.9341955275454015,,3,ORIGINAL
351,3,0.0,,0.9453174450175371,,5,ORIGINAL
351,4,0.0,0.4082482904638631,0.9806790815765236,,7,ORIGINAL
351,5,0.0,,0.9806790815765236,,5,ORIGINAL
351,6,0.0,0.5773502691896258,0.9561958124327689,,4,ORIGINAL
351,7,0.0,,0.9806790815765236,,1,ORIGINAL
351,8,0.0,,0.9806790815765236,,0,ORIGINAL
351,9,0.0,,0.9806790815765236,,4,ORIGINAL
352,0,0.0,,0.9699713572266225,,0,ORIGINAL
352,1,0.0,,0.9699713572266225,,0,ORIGINAL
352,2,0.0,,0.9059825079395406,,0,ORIGINAL
352,3,0.0,,0.8860247116862109,,1,ORIGINAL
352,4,0.0,,0.9699713572266225,,1,ORIGINAL
352,5,0.0,,0.9699713572266225,,1,ORIGINAL
352,6,0.0,,0.9660512382337655,,0,ORIGINAL
352,7,0.0,,0.9699713572266225,,0,ORIGINAL
352,8,0.0,,0.9699713572266225,,0,ORIGINAL
352,9,0.0,,0.9699713572266225,,0,ORIGINAL
353,0,0.0,,1.0,,2,ORIGINAL
353,1,0.0,0.5728918992315464,1.0,,10,ORIGINAL
353,2,0.0,0.9230769230769232,0.9633150259944552,,7,ORIGINAL
353,3,0.0,0.8040302522073697,0.9478675140998328,,13,ORIGINAL
353,4,0.0,1.0000000000000002,1.0,,3,ORIGINAL
353,5,0.0,0.9707253433941511,1.0,,4,ORIGINAL
353,6,0.0,0.4082482904638631,0.9646784562203947,,7,ORIGINAL
353,7,0.0,0.9525793444156805,1.0,,3,ORIGINAL
353,8,0.0,0.9622504486493763,1.0,,3,ORIGINAL
353,9,0.0,0.9999999999999998,1.0,,4,ORIGINAL
354,0,0.0,,0.9265269144557784,,0,ORIGINAL
354,1,0.0,,0.9265269144557784,,2,ORIGINAL
354,2,0.0,,0.8674344100157444,,2,ORIGINAL
354,3,0.0,,0.8508475952763901,,1,ORIGINAL
354,4,0.0,,0.9265269144557784,,2,ORIGINAL
354,5,0.0,,0.9265269144557784,,2,ORIGINAL
354,6,0.0,0.4082482904638631,0.9305804524064215,,3,ORIGINAL
354,7,0.0,,0.9265269144557784,,1,ORIGINAL
354,8,0.0,,0.9265269144557784,,0,ORIGINAL
354,9,0.0,,0.9265269144557784,,2,ORIGINAL
355,0,0.0,0.5962847939999439,0.9478675140998328,,6,ORIGINAL
355,1,0.0,0.8728715609439696,0.9478675140998328,,14,ORIGINAL
355,2,0.0,0.9185586535436917,0.9777320874553711,,6,ORIGINAL
355,3,0.0,0.8320502943378437,1.0000000000000002,,18,ORIGINAL
355,4,0.0,0.9176629354822469,0.9478675140998328,,7,ORIGINAL
355,5,0.0,0.6614378277661476,0.9478675140998328,,9,ORIGINAL
355,6,0.0,0.6210590034081188,0.9413488731479989,,11,ORIGINAL
355,7,0.0,0.944911182523068,0.9478675140998328,,5,ORIGINAL
355,8,0.0,0.9486832980505138,0.9478675140998328,,4,ORIGINAL
355,9,0.0,0.7456011350793257,0.9478675140998328,,8,ORIGINAL
356,0,0.0,,0.9705116872099708,,1,ORIGINAL
356,1,0.0,,0.9705116872099708,,1,ORIGINAL
356,2,0.0,,0.9473868360154306,,2,ORIGINAL
356,3,0.0,0.944911182523068,0.9579810645485438,,4,ORIGINAL
356,4,0.0,,0.9705116872099708,,1,ORIGINAL
356,5,0.0,,0.9705116872099708,,2,ORIGINAL
356,6,0.0,0.9428090415820635,0.9180309959058616,,3,ORIGINAL
356,7,0.0,0.9428090415820635,0.9705116872099708,,3,ORIGINAL
356,8,0.0,,0.9705116872099708,,1,ORIGINAL
356,9,0.0,0.9622504486493763,0.9705116872099708,,3,ORIGINAL
357,0,0.0,,0.942043227076223,,0,ORIGINAL
357,1,0.0,0.8888888888888888,0.942043227076223,,6,ORIGINAL
357,2,0.0,0.8660254037844387,0.9356941880721562,,3,ORIGINAL
357,3,0.0,0.8486684247915056,0.9599929173118431,,10,ORIGINAL
357,4,0.0,0.9058216273156767,0.942043227076223,,4,ORIGINAL
357,5,0.0,0.9525793444156805,0.942043227076223,,6,ORIGINAL
357,6,0.0,0.5547001962252291,0.9403748531152251,,7,ORIGINAL
357,7,0.0,,0.942043227076223,,2,ORIGINAL
357,8,0.0,,0.942043227076223,,2,ORIGINAL
357,9,0.0,0.903696114115064,0.942043227076223,,4,ORIGINAL
358,0,0.0,,0.9528205427326275,,0,ORIGINAL
358,1,0.0,0.9428090415820635,0.9528205427326275,,3,ORIGINAL
358,2,0.0,,0.9555396358746835,,2,ORIGINAL
358,3,0.0,0.795495128834866,0.9747204207284491,,7,ORIGINAL
358,4,0.0,0.8090398349558905,0.9528205427326275,,5,ORIGINAL
358,5,0.0,0.7302967433402214,0.9528205427326275,,5,ORIGINAL
358,6,0.0,0.5,0.9738170064477849,,6,ORIGINAL
358,7,0.0,,0.9528205427326275,,1,ORIGINAL
358,8,0.0,0.7001400420140049,0.9528205427326275,,5,ORIGINAL
358,9,0.0,,0.9528205427326275,,1,ORIGINAL
359,0,0.0,0.5,0.9528772578999964,,13,ORIGINAL
359,1,0.0,0.6929348671835833,0.9528772578999964,,15,ORIGINAL
359,2,0.0,0.8183170883849714,0.8862136982368001,,15,ORIGINAL
359,3,0.0,0.5739440431835514,0.8652361823140664,,44,ORIGINAL
359,4,0.0,0.8442317648177382,0.9528772578999964,,10,ORIGINAL
359,5,0.0,0.79115480528524,0.9528772578999964,,13,ORIGINAL
359,6,0.0,0.29814239699997197,0.950676317163076,,12,ORIGINAL
359,7,0.0,0.968962790249909,0.9528772578999964,,9,ORIGINAL
359,8,0.0,0.8970852271450604,0.9528772578999964,,9,ORIGINAL
359,9,0.0,0.8944271909999159,0.9528772578999964,,8,ORIGINAL
360,0,0.0,,0.956703126436246,,1,ORIGINAL
360,1,0.0,1.0,0.956703126436246,,6,ORIGINAL
360,2,0.0,0.9090909090909091,0.8856912324255661,,5,ORIGINAL
360,3,0.0,0.9375,0.9004262956197402,,10,ORIGINAL
360,4,0.0,0.8386278693775346,0.956703126436246,,4,ORIGINAL
360,5,0.0,0.9428090415820635,0.956703126436246,,6,ORIGINAL
360,6,0.0,0.649519052838329,0.9311485132528816,,7,ORIGINAL
360,7,0.0,0.8333333333333335,0.956703126436246,,3,ORIGINAL
360,8,0.0,,0.956703126436246,,2,ORIGINAL
360,9,0.0,0.9707253433941511,0.956703126436246,,4,ORIGINAL
361,0,0.0,0.0,0.9487238649631617,,8,ORIGINAL
361,1,0.0,0.6092717958449424,0.9487238649631617,,12,ORIGINAL
361,2,0.0,0.6936879756192958,0.8891044054038652,,13,ORIGINAL
361,3,0.0,0.4953090647358552,0.9153603065689945,,42,ORIGINAL
361,4,0.0,0.4123930494211613,0.9487238649631617,,9,ORIGINAL
361,5,0.0,0.7378647873726218,0.9487238649631617,,11,ORIGINAL
361,6,0.0,0.5009794328681195,0.9216289021670787,,14,ORIGINAL
361,7,0.0,0.9583727150068314,0.9487238649631617,,8,ORIGINAL
361,8,0.0,0.6396021490668313,0.9487238649631617,,10,ORIGINAL
361,9,0.0,0.7385489458759965,0.9487238649631617,,10,ORIGINAL
362,0,0.0,0.9999999999999998,0.9646784588864321,,5,ORIGINAL
362,1,0.0,0.9999999999999998,0.9646784588864321,,8,ORIGINAL
362,2,0.0,0.9467292624062573,0.9658346056261651,,9,ORIGINAL
362,3,0.0,0.9513029883089883,0.9413488733162432,,17,ORIGINAL
362,4,0.0,0.9538209664765318,0.9646784588864321,,7,ORIGINAL
362,5,0.0,1.0000000000000002,0.9646784588864321,,13,ORIGINAL
362,6,0.0,0.50709255283711,0.9999999999999941,,10,ORIGINAL
362,7,0.0,0.9438798074485389,0.9646784588864321,,5,ORIGINAL
362,8,0.0,0.9525793444156805,0.9646784588864321,,9,ORIGINAL
362,9,0.0,0.9438798074485388,0.9646784588864321,,10,ORIGINAL
363,0,0.0,,0.9824636481796526,,0,ORIGINAL
363,1,0.0,1.0,0.9824636481796526,,4,ORIGINAL
363,2,0.0,0.8017837257372731,0.9373812375584477,,4,ORIGINAL
363,3,0.0,0.821583836257749,0.9051753866614726,,9,ORIGINAL
363,4,0.0,0.9128709291752769,0.9824636481796526,,4,ORIGINAL
363,5,0.0,0.9999999999999998,0.9824636481796526,,5,ORIGINAL
363,6,0.0,0.2182178902359924,0.9655410100448671,,5,ORIGINAL
363,7,0.0,,0.9824636481796526,,1,ORIGINAL
363,8,0.0,,0.9824636481796526,,1,ORIGINAL
363,9,0.0,1.0000000000000002,0.9824636481796526,,3,ORIGINAL
364,0,0.0,,0.9567031284378285,,0,ORIGINAL
364,1,0.0,,0.9567031284378285,,0,ORIGINAL
364,2,0.0,,0.8856912346116564,,1,ORIGINAL
364,3,0.0,1.0000000000000002,0.9004262964154992,,3,ORIGINAL
364,4,0.0,,0.9567031284378285,,0,ORIGINAL
364,5,0.0,0.9999999999999999,0.9567031284378285,,4,ORIGINAL
364,6,0.0,,0.9311485153454642,,2,ORIGINAL
364,7,0.0,0.944911182523068,0.9567031284378285,,4,ORIGINAL
364,8,0.0,0.9467292624062573,0.9567031284378285,,6,ORIGINAL
364,9,0.0,,0.9567031284378285,,1,ORIGINAL
365,0,0.0,,0.9246351728232438,,1,ORIGINAL
365,1,0.0,0.6666666666666667,0.9246351728232438,,6,ORIGINAL
365,2,0.0,0.2666666666666666,0.9390073854089582,,9,ORIGINAL
365,3,0.0,0.3795360576382948,0.9530605252878185,,20,ORIGINAL
365,4,0.0,,0.9246351728232438,,2,ORIGINAL
365,5,0.0,0.6804138174397718,0.9246351728232438,,6,ORIGINAL
365,6,0.0,0.16903085094570328,0.9144329239460168,,5,ORIGINAL
365,7,0.0,,0.9246351728232438,,1,ORIGINAL
365,8,0.0,,0.9246351728232438,,2,ORIGINAL
365,9,0.0,0.6614378277661476,0.9246351728232438,,5,ORIGINAL
366,0,0.0,,0.9824636475033198,,2,ORIGINAL
366,1,0.0,0.8451542547285165,0.9824636475033198,,4,ORIGINAL
366,2,0.0,0.7627700713964739,0.9373812322884155,,8,ORIGINAL
366,3,0.0,0.6825236327899352,0.9051753816233743,,15,ORIGINAL
366,4,0.0,0.40824829046386296,0.9824636475033198,,6,ORIGINAL
366,5,0.0,0.6923076923076924,0.9824636475033198,,14,ORIGINAL
366,6,0.0,0.5188745216627709,0.9655410055095568,,12,ORIGINAL
366,7,0.0,0.8574929257125441,0.9824636475033198,,8,ORIGINAL
366,8,0.0,0.6255432421712244,0.9824636475033198,,8,ORIGINAL
366,9,0.0,0.3779644730092272,0.9824636475033198,,6,ORIGINAL
367,0,0.0,,0.9646784549013525,,0,ORIGINAL
367,1,0.0,-0.2357022603955158,0.9646784549013525,,9,ORIGINAL
367,2,0.0,0.2357022603955158,0.9658346049865095,,6,ORIGINAL
367,3,0.0,-0.07216878364870323,0.941348873187476,,18,ORIGINAL
367,4,0.0,0.0,0.9646784549013525,,10,ORIGINAL
367,5,0.0,0.0,0.9646784549013525,,15,ORIGINAL
367,6,0.0,-0.18333969940564224,0.9999999999999946,,14,ORIGINAL
367,7,0.0,0.1889822365046136,0.9646784549013525,,8,ORIGINAL
367,8,0.0,-0.14744195615489714,0.9646784549013525,,8,ORIGINAL
367,9,0.0,0.7745966692414834,0.9646784549013525,,5,ORIGINAL
368,0,0.0,,,,1,ORIGINAL
368,1,0.0,0.9438798074485389,,,8,ORIGINAL
368,2,0.0,0.9411764705882353,,,8,ORIGINAL
368,3,0.0,0.9355285539274978,,,18,ORIGINAL
368,4,0.0,0.8775269089525567,,,5,ORIGINAL
368,5,0.0,0.9486832980505138,,,8,ORIGINAL
368,6,0.0,0.43528575006600695,,,7,ORIGINAL
368,7,0.0,0.9647638212377322,,,4,ORIGINAL
368,8,0.0,0.8666666666666666,,,6,ORIGINAL
368,9,0.0,0.9669875568304563,,,5,ORIGINAL
369,0,0.0,,0.9671953187865059,,0,ORIGINAL
369,1,0.0,,0.9671953187865059,,0,ORIGINAL
369,2,0.0,,0.9452282258217886,,0,ORIGINAL
369,3,0.0,,0.9659325908777749,,0,ORIGINAL
369,4,0.0,,0.9671953187865059,,0,ORIGINAL
369,5,0.0,,0.9671953187865059,,0,ORIGINAL
369,6,0.0,,0.9370839363307184,,1,ORIGINAL
369,7,0.0,,0.9671953187865059,,0,ORIGINAL
369,8,0.0,,0.9671953187865059,,0,ORIGINAL
369,9,0.0,,0.9671953187865059,,0,ORIGINAL
370,0,0.0,,0.958993073587774,,0,ORIGINAL
370,1,0.0,0.9428090415820635,0.958993073587774,,3,ORIGINAL
370,2,0.0,0.944911182523068,0.9359693037339532,,4,ORIGINAL
370,3,0.0,0.9013878188659974,0.9543194256954457,,7,ORIGINAL
370,4,0.0,,0.958993073587774,,2,ORIGINAL
370,5,0.0,0.944911182523068,0.958993073587774,,4,ORIGINAL
370,6,0.0,0.5698028822981898,0.9542943631851091,,5,ORIGINAL
370,7,0.0,,0.958993073587774,,1,ORIGINAL
370,8,0.0,,0.958993073587774,,1,ORIGINAL
370,9,0.0,,0.958993073587774,,2,ORIGINAL
371,0,0.0,,0.9317824697544982,,1,ORIGINAL
371,1,0.0,1.0000000000000002,0.9317824697544982,,3,ORIGINAL
371,2,0.0,0.9486832980505138,0.948172308948168,,5,ORIGINAL
371,3,0.0,0.9434563530497265,0.9184882850144845,,7,ORIGINAL
371,4,0.0,0.9486832980505138,0.9317824697544982,,4,ORIGINAL
371,5,0.0,1.0000000000000002,0.9317824697544982,,6,ORIGINAL
371,6,0.0,0.8660254037844387,0.9277148497305662,,6,ORIGINAL
371,7,0.0,,0.9317824697544982,,2,ORIGINAL
371,8,0.0,0.9486832980505138,0.9317824697544982,,4,ORIGINAL
371,9,0.0,0.9707253433941511,0.9317824697544982,,4,ORIGINAL
372,0,0.0,0.9074852129730302,0.9876676963764429,,8,ORIGINAL
372,1,0.0,0.8980265101338746,0.9876676963764429,,13,ORIGINAL
372,2,0.0,0.9152086306448589,0.9350706547427207,,12,ORIGINAL
372,3,0.0,0.8876253645985944,0.9165836970349228,,30,ORIGINAL
372,4,0.0,0.9499999999999998,0.9876676963764429,,16,ORIGINAL
372,5,0.0,0.9539590550898286,0.9876676963764429,,18,ORIGINAL
372,6,0.0,0.6527912098338668,0.9690158156746808,,12,ORIGINAL
372,7,0.0,0.9486832980505138,0.9876676963764429,,6,ORIGINAL
372,8,0.0,0.8642416214502248,0.9876676963764429,,9,ORIGINAL
372,9,0.0,0.968962790249909,0.9876676963764429,,9,ORIGINAL
373,0,0.0,,0.9478675139284609,,0,ORIGINAL
373,1,0.0,1.0,0.9478675139284609,,4,ORIGINAL
373,2,0.0,,0.9777320875701658,,2,ORIGINAL
373,3,0.0,0.9045340337332909,0.9999999999999997,,5,ORIGINAL
373,4,0.0,0.9428090415820632,0.9478675139284609,,3,ORIGINAL
373,5,0.0,1.0000000000000002,0.9478675139284609,,3,ORIGINAL
373,6,0.0,0.7745966692414834,0.9413488723669898,,3,ORIGINAL
373,7,0.0,,0.9478675139284609,,1,ORIGINAL
373,8,0.0,,0.9478675139284609,,1,ORIGINAL
373,9,0.0,1.0000000000000002,0.9478675139284609,,3,ORIGINAL
374,0,0.0,,1.0,,0,ORIGINAL
374,1,0.0,1.0,1.0,,4,ORIGINAL
374,2,0.0,,0.9633150259944552,,2,ORIGINAL
374,3,0.0,0.9428090415820635,0.9478675140998328,,6,ORIGINAL
374,4,0.0,0.9622504486493763,1.0,,3,ORIGINAL
374,5,0.0,0.9647638212377322,1.0,,10,ORIGINAL
374,6,0.0,0.5773502691896258,0.9646784562203947,,6,ORIGINAL
374,7,0.0,1.0000000000000002,1.0,,3,ORIGINAL
374,8,0.0,0.9622504486493764,1.0,,6,ORIGINAL
374,9,0.0,1.0000000000000002,1.0,,3,ORIGINAL
375,0,0.0,0.8017837257372731,0.982463648281261,,4,ORIGINAL
375,1,0.0,0.9561828874675149,0.982463648281261,,8,ORIGINAL
375,2,0.0,0.960768922830523,0.9373812375085916,,10,ORIGINAL
375,3,0.0,0.8374357893586237,0.9051753880872844,,20,ORIGINAL
375,4,0.0,0.9166666666666669,0.982463648281261,,9,ORIGINAL
375,5,0.0,0.8451542547285166,0.982463648281261,,10,ORIGINAL
375,6,0.0,0.35714285714285715,0.9655410105849694,,10,ORIGINAL
375,7,0.0,0.8006407690254358,0.982463648281261,,7,ORIGINAL
375,8,0.0,0.5454545454545454,0.982463648281261,,5,ORIGINAL
375,9,0.0,0.9176629354822469,0.982463648281261,,7,ORIGINAL
376,0,0.0,,0.9235132131129709,,0,ORIGINAL
376,1,0.0,0.9999999999999998,0.9235132131129709,,5,ORIGINAL
376,2,0.0,0.944911182523068,0.8568316550474888,,4,ORIGINAL
376,3,0.0,0.8864052604279183,0.8615105422768239,,8,ORIGINAL
376,4,0.0,,0.9235132131129709,,2,ORIGINAL
376,5,0.0,1.0,0.9235132131129709,,4,ORIGINAL
376,6,0.0,0.22360679774997896,0.911212653198652,,7,ORIGINAL
376,7,0.0,,0.9235132131129709,,1,ORIGINAL
376,8,0.0,,0.9235132131129709,,1,ORIGINAL
376,9,0.0,1.0000000000000002,0.9235132131129709,,3,ORIGINAL
377,0,0.0,,0.9616716950709164,,1,ORIGINAL
377,1,0.0,0.19245008972987526,0.9616716950709164,,3,ORIGINAL
377,2,0.0,,0.9692984699031453,,2,ORIGINAL
377,3,0.0,0.07254762501100116,0.971164749500081,,7,ORIGINAL
377,4,0.0,0.07453559924999299,0.9616716950709164,,6,ORIGINAL
377,5,0.0,0.5050762722761054,0.9616716950709164,,8,ORIGINAL
377,6,0.0,0.9999999999999999,0.9700823615911623,,4,ORIGINAL
377,7,0.0,0.4193139346887673,0.9616716950709164,,4,ORIGINAL
377,8,0.0,0.29814239699997197,0.9616716950709164,,6,ORIGINAL
377,9,0.0,0.3273268353539886,0.9616716950709164,,5,ORIGINAL
378,0,0.0,,0.961120586841919,,2,ORIGINAL
378,1,0.0,0.9486832980505138,0.961120586841919,,7,ORIGINAL
378,2,0.0,0.9163419338230352,0.9521660180930676,,15,ORIGINAL
378,3,0.0,0.930175433694397,0.9352301584940231,,18,ORIGINAL
378,4,0.0,0.8916451401205646,0.961120586841919,,8,ORIGINAL
378,5,0.0,0.9431191251430151,0.961120586841919,,10,ORIGINAL
378,6,0.0,0.5659164584181103,0.9665349418267045,,8,ORIGINAL
378,7,0.0,0.9561828874675149,0.961120586841919,,4,ORIGINAL
378,8,0.0,0.8366600265340756,0.961120586841919,,8,ORIGINAL
378,9,0.0,0.9525793444156805,0.961120586841919,,6,ORIGINAL
379,0,0.0,1.0000000000000002,0.961120586841919,,3,ORIGINAL
379,1,0.0,0.8614110432930648,0.961120586841919,,12,ORIGINAL
379,2,0.0,0.7715167498104597,0.9521660180930676,,12,ORIGINAL
379,3,0.0,0.8787878787878788,0.9352301584940231,,21,ORIGINAL
379,4,0.0,0.9095085938862486,0.961120586841919,,8,ORIGINAL
379,5,0.0,0.9594032236002469,0.961120586841919,,9,ORIGINAL
379,6,0.0,0.3592106040535498,0.9665349418267045,,17,ORIGINAL
379,7,0.0,0.8764598212022147,0.961120586841919,,8,ORIGINAL
379,8,0.0,0.9561828874675149,0.961120586841919,,5,ORIGINAL
379,9,0.0,0.8553372034476998,0.961120586841919,,8,ORIGINAL
380,0,0.0,,0.9305341920889911,,0,ORIGINAL
380,1,0.0,,0.9305341920889911,,0,ORIGINAL
380,2,0.0,1.0000000000000002,0.9587064864960666,,3,ORIGINAL
380,3,0.0,1.0000000000000002,0.9299513450236446,,6,ORIGINAL
380,4,0.0,0.9486832980505138,0.9305341920889911,,4,ORIGINAL
380,5,0.0,1.0000000000000002,0.9305341920889911,,6,ORIGINAL
380,6,0.0,0.4472135954999579,0.8987033411193259,,5,ORIGINAL
380,7,0.0,0.944911182523068,0.9305341920889911,,4,ORIGINAL
380,8,0.0,0.9622504486493764,0.9305341920889911,,6,ORIGINAL
380,9,0.0,,0.9305341920889911,,0,ORIGINAL
381,0,0.0,-0.7302967433402214,0.9528205427326275,,7,ORIGINAL
381,1,0.0,-0.09805806756909201,0.9528205427326275,,10,ORIGINAL
381,2,0.0,-0.17149858514250882,0.9555396358746835,,8,ORIGINAL
381,3,0.0,-0.08559209850218258,0.9747204207284491,,26,ORIGINAL
381,4,0.0,0.0,0.9528205427326275,,11,ORIGINAL
381,5,0.0,0.2279211529192759,0.9528205427326275,,14,ORIGINAL
381,6,0.0,0.0,0.9738170064477849,,9,ORIGINAL
381,7,0.0,0.9428090415820632,0.9528205427326275,,3,ORIGINAL
381,8,0.0,-0.2672612419124244,0.9528205427326275,,5,ORIGINAL
381,9,0.0,0.3872983346207417,0.9528205427326275,,7,ORIGINAL
382,0,0.0,,0.9528205427326275,,1,ORIGINAL
382,1,0.0,0.47809144373375745,0.9528205427326275,,11,ORIGINAL
382,2,0.0,-0.09325048082403138,0.9555396358746835,,11,ORIGINAL
382,3,0.0,0.0,0.9747204207284491,,25,ORIGINAL
382,4,0.0,0.2222222222222222,0.9528205427326275,,9,ORIGINAL
382,5,0.0,0.3273268353539886,0.9528205427326275,,13,ORIGINAL
382,6,0.0,0.2182178902359924,0.9738170064477849,,11,ORIGINAL
382,7,0.0,0.3481553119113957,0.9528205427326275,,5,ORIGINAL
382,8,0.0,0.5144957554275265,0.9528205427326275,,5,ORIGINAL
382,9,0.0,1.0000000000000002,0.9528205427326275,,3,ORIGINAL
383,0,0.0,,0.9528205427326275,,0,ORIGINAL
383,1,0.0,,0.9528205427326275,,2,ORIGINAL
383,2,0.0,0.9428090415820635,0.9555396358746835,,3,ORIGINAL
383,3,0.0,0.9486832980505138,0.9747204207284491,,6,ORIGINAL
383,4,0.0,0.9486832980505138,0.9528205427326275,,4,ORIGINAL
383,5,0.0,0.9999999999999998,0.9528205427326275,,5,ORIGINAL
383,6,0.0,0.8819171036881969,0.9738170064477849,,7,ORIGINAL
383,7,0.0,,0.9528205427326275,,2,ORIGINAL
383,8,0.0,0.9622504486493763,0.9528205427326275,,3,ORIGINAL
383,9,0.0,0.9707253433941511,0.9528205427326275,,4,ORIGINAL
384,0,0.0,0.9428090415820635,1.0,,3,ORIGINAL
384,1,0.0,0.9438798074485388,1.0,,7,ORIGINAL
384,2,0.0,,0.9633150259944552,,2,ORIGINAL
384,3,0.0,0.9647638212377322,0.9478675140998328,,7,ORIGINAL
384,4,0.0,,1.0,,2,ORIGINAL
384,5,0.0,0.9561828874675149,1.0,,5,ORIGINAL
384,6,0.0,0.6963106238227914,0.9646784562203947,,7,ORIGINAL
384,7,0.0,0.9434563530497265,1.0,,4,ORIGINAL
384,8,0.0,,1.0,,2,ORIGINAL
384,9,0.0,0.9523809523809523,1.0,,6,ORIGINAL
385,0,0.0,,0.9501215672810559,,0,ORIGINAL
385,1,0.0,,0.9501215672810559,,1,ORIGINAL
385,2,0.0,0.944911182523068,0.9159957097383485,,4,ORIGINAL
385,3,0.0,0.9999999999999998,0.9360949860221608,,8,ORIGINAL
385,4,0.0,0.9622504486493764,0.9501215672810559,,6,ORIGINAL
385,5,0.0,1.0000000000000002,0.9501215672810559,,6,ORIGINAL
385,6,0.0,,0.9594246072819005,,2,ORIGINAL
385,7,0.0,,0.9501215672810559,,2,ORIGINAL
385,8,0.0,,0.9501215672810559,,1,ORIGINAL
385,9,0.0,,0.9501215672810559,,1,ORIGINAL
386,0,0.0,0.0,0.9265269130239643,,7,ORIGINAL
386,1,0.0,0.50709255283711,0.9265269130239643,,11,ORIGINAL
386,2,0.0,0.472455591261534,0.8674344135233522,,13,ORIGINAL
386,3,0.0,0.5486301348591981,0.8508475968279561,,44,ORIGINAL
386,4,0.0,0.5270462766947299,0.9265269130239643,,12,ORIGINAL
386,5,0.0,0.5555555555555556,0.9265269130239643,,11,ORIGINAL
386,6,0.0,0.558156305651438,0.9305804534971766,,15,ORIGINAL
386,7,0.0,0.9999999999999998,0.9265269130239643,,5,ORIGINAL
386,8,0.0,0.17677669529663687,0.9265269130239643,,7,ORIGINAL
386,9,0.0,0.7484551991837489,0.9265269130239643,,7,ORIGINAL
387,0,0.0,,0.9478675140998328,,0,ORIGINAL
387,1,0.0,,0.9478675140998328,,0,ORIGINAL
387,2,0.0,,0.9777320874553711,,0,ORIGINAL
387,3,0.0,,1.0000000000000002,,2,ORIGINAL
387,4,0.0,,0.9478675140998328,,0,ORIGINAL
387,5,0.0,,0.9478675140998328,,0,ORIGINAL
387,6,0.0,,0.9413488731479989,,0,ORIGINAL
387,7,0.0,,0.9478675140998328,,0,ORIGINAL
387,8,0.0,,0.9478675140998328,,0,ORIGINAL
387,9,0.0,,0.9478675140998328,,0,ORIGINAL
388,0,0.0,-0.7071067811865475,0.9246351728232438,,4,ORIGINAL
388,1,0.0,0.36514837167011066,0.9246351728232438,,12,ORIGINAL
388,2,0.0,0.6123724356957945,0.9390073854089582,,6,ORIGINAL
388,3,0.0,0.2988812888320308,0.9530605252878185,,20,ORIGINAL
388,4,0.0,0.468292905790847,0.9246351728232438,,7,ORIGINAL
388,5,0.0,0.15811388300841897,0.9246351728232438,,14,ORIGINAL
388,6,0.0,0.5241424183609592,0.9144329239460168,,12,ORIGINAL
388,7,0.0,0.7223151185146154,0.9246351728232438,,8,ORIGINAL
388,8,0.0,0.31249999999999994,0.9246351728232438,,11,ORIGINAL
388,9,0.0,0.29488391230979427,0.9246351728232438,,9,ORIGINAL
389,0,0.0,,0.9042739755922512,,0,ORIGINAL
389,1,0.0,,0.9042739755922512,,1,ORIGINAL
389,2,0.0,,0.9507593724578529,,2,ORIGINAL
389,3,0.0,0.944911182523068,0.9250982384792658,,4,ORIGINAL
389,4,0.0,1.0000000000000002,0.9042739755922512,,3,ORIGINAL
389,5,0.0,1.0000000000000002,0.9042739755922512,,3,ORIGINAL
389,6,0.0,0.6324555320336759,0.8814523319675303,,3,ORIGINAL
389,7,0.0,0.9486832980505138,0.9042739755922512,,4,ORIGINAL
389,8,0.0,,0.9042739755922512,,2,ORIGINAL
389,9,0.0,,0.9042739755922512,,1,ORIGINAL
390,0,0.0,-1.0000000000000002,0.961120586841919,,3,ORIGINAL
390,1,0.0,0.17677669529663687,0.961120586841919,,5,ORIGINAL
390,2,0.0,0.5976143046671968,0.9521660180930676,,4,ORIGINAL
390,3,0.0,-0.1797866299901979,0.9352301584940231,,18,ORIGINAL
390,4,0.0,-0.8164965809277261,0.961120586841919,,3,ORIGINAL
390,5,0.0,-0.5,0.961120586841919,,7,ORIGINAL
390,6,0.0,0.3651483716701107,0.9665349418267045,,5,ORIGINAL
390,7,0.0,-0.41602514716892186,0.961120586841919,,4,ORIGINAL
390,8,0.0,-0.9486832980505138,0.961120586841919,,4,ORIGINAL
390,9,0.0,0.2357022603955158,0.961120586841919,,3,ORIGINAL
391,0,0.0,,0.9246351648989052,,0,ORIGINAL
391,1,0.0,,0.9246351648989052,,2,ORIGINAL
391,2,0.0,0.9428090415820635,0.9390073831700856,,3,ORIGINAL
391,3,0.0,1.0000000000000002,0.9530605225715109,,6,ORIGINAL
391,4,0.0,,0.9246351648989052,,2,ORIGINAL
391,5,0.0,0.9999999999999998,0.9246351648989052,,8,ORIGINAL
391,6,0.0,0.5477225575051661,0.9144329202590238,,6,ORIGINAL
391,7,0.0,1.0000000000000002,0.9246351648989052,,3,ORIGINAL
391,8,0.0,0.9622504486493763,0.9246351648989052,,3,ORIGINAL
391,9,0.0,,0.9246351648989052,,2,ORIGINAL
392,0,0.0,,0.9806790819733259,,0,ORIGINAL
392,1,0.0,,0.9806790819733259,,1,ORIGINAL
392,2,0.0,,0.9341955235428436,,2,ORIGINAL
392,3,0.0,0.8944271909999159,0.9453174417246171,,6,ORIGINAL
392,4,0.0,0.9622504486493763,0.9806790819733259,,3,ORIGINAL
392,5,0.0,1.0000000000000002,0.9806790819733259,,6,ORIGINAL
392,6,0.0,0.6324555320336759,0.956195810395889,,5,ORIGINAL
392,7,0.0,,0.9806790819733259,,2,ORIGINAL
392,8,0.0,0.9622504486493763,0.9806790819733259,,3,ORIGINAL
392,9,0.0,0.9428090415820632,0.9806790819733259,,3,ORIGINAL
393,0,0.0,,0.9738458761092826,,2,ORIGINAL
393,1,0.0,0.7925939239012171,0.9738458761092826,,10,ORIGINAL
393,2,0.0,0.7592566023652966,0.9545809514871652,,8,ORIGINAL
393,3,0.0,0.5270462766947299,0.9713391325250479,,21,ORIGINAL
393,4,0.0,0.33968311024337877,0.9738458761092826,,8,ORIGINAL
393,5,0.0,0.7385489458759965,0.9738458761092826,,11,ORIGINAL
393,6,0.0,0.6201736729460423,0.9212287364878176,,11,ORIGINAL
393,7,0.0,0.6123724356957945,0.9738458761092826,,6,ORIGINAL
393,8,0.0,0.7216878364870323,0.9738458761092826,,7,ORIGINAL
393,9,0.0,0.6240377207533828,0.9738458761092826,,9,ORIGINAL
394,0,0.0,,0.9824636481796526,,0,ORIGINAL
394,1,0.0,1.0000000000000002,0.9824636481796526,,3,ORIGINAL
394,2,0.0,,0.9373812375584477,,1,ORIGINAL
394,3,0.0,,0.9051753866614726,,2,ORIGINAL
394,4,0.0,,0.9824636481796526,,2,ORIGINAL
394,5,0.0,,0.9824636481796526,,2,ORIGINAL
394,6,0.0,0.8944271909999159,0.9655410100448671,,5,ORIGINAL
394,7,0.0,1.0000000000000002,0.9824636481796526,,3,ORIGINAL
394,8,0.0,,0.9824636481796526,,1,ORIGINAL
394,9,0.0,1.0000000000000002,0.9824636481796526,,3,ORIGINAL
395,0,0.0,,0.9787128262576937,,0,ORIGINAL
395,1,0.0,1.0000000000000002,0.9787128262576937,,3,ORIGINAL
395,2,0.0,,0.9352165820534446,,2,ORIGINAL
395,3,0.0,0.9428090415820635,0.9507984093464296,,3,ORIGINAL
395,4,0.0,0.8660254037844387,0.9787128262576937,,3,ORIGINAL
395,5,0.0,1.0000000000000002,0.9787128262576937,,3,ORIGINAL
395,6,0.0,0.9486832980505138,0.9503441910853968,,5,ORIGINAL
395,7,0.0,0.944911182523068,0.9787128262576937,,4,ORIGINAL
395,8,0.0,,0.9787128262576937,,2,ORIGINAL
395,9,0.0,1.0,0.9787128262576937,,4,ORIGINAL
396,0,0.0,,0.964678458555335,,0,ORIGINAL
396,1,0.0,,0.964678458555335,,0,ORIGINAL
396,2,0.0,1.0000000000000002,0.965834604492053,,3,ORIGINAL
396,3,0.0,1.0000000000000002,0.9413488713238006,,6,ORIGINAL
396,4,0.0,0.9486832980505138,0.964678458555335,,6,ORIGINAL
396,5,0.0,1.0000000000000002,0.964678458555335,,6,ORIGINAL
396,6,0.0,0.2886751345948129,0.9999999999999974,,4,ORIGINAL
396,7,0.0,,0.964678458555335,,1,ORIGINAL
396,8,0.0,1.0,0.964678458555335,,4,ORIGINAL
396,9,0.0,,0.964678458555335,,0,ORIGINAL
397,0,0.0,,0.9472315702303523,,0,ORIGINAL
397,1,0.0,,0.9472315702303523,,0,ORIGINAL
397,2,0.0,,0.9299349183050548,,1,ORIGINAL
397,3,0.0,1.0000000000000002,0.900893001940777,,3,ORIGINAL
397,4,0.0,,0.9472315702303523,,1,ORIGINAL
397,5,0.0,,0.9472315702303523,,1,ORIGINAL
397,6,0.0,,0.9765532417861429,,1,ORIGINAL
397,7,0.0,,0.9472315702303523,,0,ORIGINAL
397,8,0.0,,0.9472315702303523,,0,ORIGINAL
397,9,0.0,,0.9472315702303523,,0,ORIGINAL
398,0,0.0,,0.9901813487797706,,1,ORIGINAL
398,1,0.0,,0.9901813487797706,,1,ORIGINAL
398,2,0.0,0.9438798074485389,0.975730853836764,,5,ORIGINAL
398,3,0.0,0.9428090415820635,0.9689598391870078,,6,ORIGINAL
398,4,0.0,,0.9901813487797706,,0,ORIGINAL
398,5,0.0,1.0,0.9901813487797706,,4,ORIGINAL
398,6,0.0,,0.9768098559105068,,2,ORIGINAL
398,7,0.0,,0.9901813487797706,,1,ORIGINAL
398,8,0.0,1.0000000000000002,0.9901813487797706,,3,ORIGINAL
398,9,0.0,,0.9901813487797706,,2,ORIGINAL
399,0,0.0,,1.0,,1,ORIGINAL
399,1,0.0,0.7171371656006361,1.0,,7,ORIGINAL
399,2,0.0,0.8164965809277259,0.9633150259944552,,3,ORIGINAL
399,3,0.0,0.5533715710928597,0.9478675140998328,,12,ORIGINAL
399,4,0.0,0.9428090415820632,1.0,,3,ORIGINAL
399,5,0.0,0.6471502289294341,1.0,,9,ORIGINAL
399,6,0.0,0.7016464154456235,0.9646784562203947,,6,ORIGINAL
399,7,0.0,,1.0,,2,ORIGINAL
399,8,0.0,0.7035264706814485,1.0,,5,ORIGINAL
399,9,0.0,0.9428090415820632,1.0,,4,ORIGINAL
400,0,0.0,1.0000000000000002,0.9787128264812415,,3,ORIGINAL
400,1,0.0,0.9464574146347642,0.9787128264812415,,10,ORIGINAL
400,2,0.0,0.9431191251430151,0.9352165792678638,,10,ORIGINAL
400,3,0.0,0.9269962426559802,0.9507984052097082,,20,ORIGINAL
400,4,0.0,0.9486832980505138,0.9787128264812415,,9,ORIGINAL
400,5,0.0,0.9770084209183943,0.9787128264812415,,12,ORIGINAL
400,6,0.0,0.6680990011245667,0.9503441922113821,,16,ORIGINAL
400,7,0.0,0.8933250005738373,0.9787128264812415,,8,ORIGINAL
400,8,0.0,0.9416472308615167,0.9787128264812415,,11,ORIGINAL
400,9,0.0,0.9468641529479987,0.9787128264812415,,8,ORIGINAL
401,0,0.0,0.6236095644623235,0.9865432291009868,,12,ORIGINAL
401,1,0.0,0.8432740427115678,0.9865432291009868,,21,ORIGINAL
401,2,0.0,0.6978631577988531,0.946452462077083,,21,ORIGINAL
401,3,0.0,0.5750080677718349,0.9288382417506102,,62,ORIGINAL
401,4,0.0,0.7825855808712296,0.9865432291009868,,17,ORIGINAL
401,5,0.0,0.7735267838285932,0.9865432291009868,,23,ORIGINAL
401,6,0.0,0.5406205059012896,0.9560412601772939,,21,ORIGINAL
401,7,0.0,0.8101914936669333,0.9865432291009868,,11,ORIGINAL
401,8,0.0,0.8031157077540443,0.9865432291009868,,18,ORIGINAL
401,9,0.0,0.6822882392210131,0.9865432291009868,,11,ORIGINAL
402,0,0.0,,0.9528772578999964,,2,ORIGINAL
402,1,0.0,0.8819171036881969,0.9528772578999964,,9,ORIGINAL
402,2,0.0,0.9240616554505462,0.8862136982368001,,16,ORIGINAL
402,3,0.0,0.9145491423778285,0.8652361823140664,,28,ORIGINAL
402,4,0.0,0.9583727150068314,0.9528772578999964,,11,ORIGINAL
402,5,0.0,0.9452941770058044,0.9528772578999964,,16,ORIGINAL
402,6,0.0,0.48566186425718266,0.950676317163076,,15,ORIGINAL
402,7,0.0,0.9037378388935389,0.9528772578999964,,11,ORIGINAL
402,8,0.0,0.8905635565617214,0.9528772578999964,,11,ORIGINAL
402,9,0.0,0.9245003270420487,0.9528772578999964,,9,ORIGINAL
403,0,0.0,,1.0,,0,ORIGINAL
403,1,0.0,,1.0,,1,ORIGINAL
403,2,0.0,,0.9633150259944552,,1,ORIGINAL
403,3,0.0,0.9561828874675149,0.9478675140998328,,4,ORIGINAL
403,4,0.0,,1.0,,1,ORIGINAL
403,5,0.0,,1.0,,2,ORIGINAL
403,6,0.0,,0.9646784562203947,,1,ORIGINAL
403,7,0.0,,1.0,,0,ORIGINAL
403,8,0.0,,1.0,,0,ORIGINAL
403,9,0.0,,1.0,,0,ORIGINAL
404,0,0.0,,0.9738004446010414,,2,ORIGINAL
404,1,0.0,,0.9738004446010414,,1,ORIGINAL
404,2,0.0,,0.9197887996365689,,2,ORIGINAL
404,3,0.0,-0.31622776601683794,0.9244952761793918,,3,ORIGINAL
404,4,0.0,,0.9738004446010414,,1,ORIGINAL
404,5,0.0,,0.9738004446010414,,1,ORIGINAL
404,6,0.0,,0.9476127945857207,,0,ORIGINAL
404,7,0.0,,0.9738004446010414,,0,ORIGINAL
404,8,0.0,,0.9738004446010414,,0,ORIGINAL
404,9,0.0,,0.9738004446010414,,0,ORIGINAL
405,0,0.0,,1.0,,2,ORIGINAL
405,1,0.0,,1.0,,1,ORIGINAL
405,2,0.0,0.9622504486493763,0.9633150259944552,,3,ORIGINAL
405,3,0.0,0.9761870601839528,0.9478675140998328,,5,ORIGINAL
405,4,0.0,1.0000000000000002,1.0,,3,ORIGINAL
405,5,0.0,1.0000000000000002,1.0,,3,ORIGINAL
405,6,0.0,0.8164965809277259,0.9646784562203947,,3,ORIGINAL
405,7,0.0,,1.0,,2,ORIGINAL
405,8,0.0,,1.0,,1,ORIGINAL
405,9,0.0,0.9622504486493763,1.0,,3,ORIGINAL
406,0,0.0,0.0,0.9688240483155426,,9,ORIGINAL
406,1,0.0,0.27668578554642986,0.9688240483155426,,18,ORIGINAL
406,2,0.0,0.6333004963811236,0.9416600208857853,,24,ORIGINAL
406,3,0.0,0.41012619718235793,0.964027321990704,,60,ORIGINAL
406,4,0.0,0.5669467095138409,0.9688240483155426,,15,ORIGINAL
406,5,0.0,0.5863019699779287,0.9688240483155426,,21,ORIGINAL
406,6,0.0,0.3418817293789138,0.9506001649159471,,19,ORIGINAL
406,7,0.0,0.9395523512235255,0.9688240483155426,,11,ORIGINAL
406,8,0.0,0.778498944161523,0.9688240483155426,,17,ORIGINAL
406,9,0.0,0.4558423058385518,0.9688240483155426,,11,ORIGINAL
407,0,0.0,0.944911182523068,0.955747812206928,,4,ORIGINAL
407,1,0.0,0.9230769230769232,0.955747812206928,,10,ORIGINAL
407,2,0.0,0.6929023281557339,0.8993093867210961,,13,ORIGINAL
407,3,0.0,0.8533103351879245,0.8997410516594709,,26,ORIGINAL
407,4,0.0,0.8919017444789034,0.955747812206928,,14,ORIGINAL
407,5,0.0,0.9707253433941511,0.955747812206928,,13,ORIGINAL
407,6,0.0,0.7647058823529411,0.9319636252501803,,14,ORIGINAL
407,7,0.0,0.9434563530497265,0.955747812206928,,7,ORIGINAL
407,8,0.0,0.9525793444156805,0.955747812206928,,9,ORIGINAL
407,9,0.0,0.8959786703810408,0.955747812206928,,9,ORIGINAL
408,0,0.0,,0.964678458555335,,1,ORIGINAL
408,1,0.0,0.5393598899705937,0.964678458555335,,8,ORIGINAL
408,2,0.0,0.2581988897471611,0.965834604492053,,11,ORIGINAL
408,3,0.0,0.22291128503014113,0.9413488713238006,,25,ORIGINAL
408,4,0.0,-0.3273268353539886,0.964678458555335,,9,ORIGINAL
408,5,0.0,0.1386750490563073,0.964678458555335,,10,ORIGINAL
408,6,0.0,0.25724787771376323,0.9999999999999974,,15,ORIGINAL
408,7,0.0,0.7216878364870323,0.964678458555335,,6,ORIGINAL
408,8,0.0,-0.08703882797784893,0.964678458555335,,7,ORIGINAL
408,9,0.0,0.8660254037844387,0.964678458555335,,4,ORIGINAL
409,0,0.0,,0.9556038152687779,,0,ORIGINAL
409,1,0.0,,0.9556038152687779,,0,ORIGINAL
409,2,0.0,,0.9298541299027492,,0,ORIGINAL
409,3,0.0,,0.9358749713017445,,2,ORIGINAL
409,4,0.0,,0.9556038152687779,,0,ORIGINAL
409,5,0.0,,0.9556038152687779,,2,ORIGINAL
409,6,0.0,,0.9069914375614023,,1,ORIGINAL
409,7,0.0,,0.9556038152687779,,2,ORIGINAL
409,8,0.0,0.9428090415820635,0.9556038152687779,,3,ORIGINAL
409,9,0.0,,0.9556038152687779,,1,ORIGINAL
410,0,0.0,,0.9528205427326275,,1,ORIGINAL
410,1,0.0,0.5330017908890261,0.9528205427326275,,8,ORIGINAL
410,2,0.0,0.9647638212377322,0.9555396358746835,,10,ORIGINAL
410,3,0.0,0.8914849883204187,0.9747204207284491,,24,ORIGINAL
410,4,0.0,0.7144345083117604,0.9528205427326275,,7,ORIGINAL
410,5,0.0,0.9534625892455924,0.9528205427326275,,12,ORIGINAL
410,6,0.0,0.48304589153964794,0.9738170064477849,,14,ORIGINAL
410,7,0.0,0.8451542547285165,0.9528205427326275,,8,ORIGINAL
410,8,0.0,0.9583727150068314,0.9528205427326275,,8,ORIGINAL
410,9,0.0,0.4303314829119352,0.9528205427326275,,7,ORIGINAL
411,0,0.0,,0.9623825726019074,,1,ORIGINAL
411,1,0.0,0.9467292624062573,0.9623825726019074,,9,ORIGINAL
411,2,0.0,0.9258200997725514,0.9039457242238322,,4,ORIGINAL
411,3,0.0,0.8486684247915056,0.9255037799035835,,11,ORIGINAL
411,4,0.0,0.9707253433941511,0.9623825726019074,,4,ORIGINAL
411,5,0.0,0.9486832980505138,0.9623825726019074,,5,ORIGINAL
411,6,0.0,0.6674238124719146,0.9443964430495274,,10,ORIGINAL
411,7,0.0,0.7844645405527361,0.9623825726019074,,7,ORIGINAL
411,8,0.0,0.8703882797784892,0.9623825726019074,,5,ORIGINAL
411,9,0.0,0.8819171036881969,0.9623825726019074,,6,ORIGINAL
412,0,0.0,,0.9770930333460692,,0,ORIGINAL
412,1,0.0,,0.9770930333460692,,2,ORIGINAL
412,2,0.0,,0.9426950542058579,,2,ORIGINAL
412,3,0.0,,0.9697879072350232,,2,ORIGINAL
412,4,0.0,,0.9770930333460692,,1,ORIGINAL
412,5,0.0,,0.9770930333460692,,2,ORIGINAL
412,6,0.0,0.47140452079103173,0.9343338179348393,,3,ORIGINAL
412,7,0.0,0.8017837257372732,0.9770930333460692,,5,ORIGINAL
412,8,0.0,,0.9770930333460692,,1,ORIGINAL
412,9,0.0,,0.9770930333460692,,2,ORIGINAL
413,0,0.0,,0.980807427371381,,1,ORIGINAL
413,1,0.0,0.9583727150068314,0.980807427371381,,8,ORIGINAL
413,2,0.0,0.9434563530497265,0.9704064437988398,,4,ORIGINAL
413,3,0.0,0.8386278693775346,0.9434388033244059,,13,ORIGINAL
413,4,0.0,0.9506541513652698,0.980807427371381,,5,ORIGINAL
413,5,0.0,0.8783100656536798,0.980807427371381,,7,ORIGINAL
413,6,0.0,0.5934424260562083,0.9385487582713399,,9,ORIGINAL
413,7,0.0,0.96087130110593,0.980807427371381,,8,ORIGINAL
413,8,0.0,0.9285714285714286,0.980807427371381,,5,ORIGINAL
413,9,0.0,0.9438798074485389,0.980807427371381,,5,ORIGINAL
414,0,0.0,,0.9528772578999964,,2,ORIGINAL
414,1,0.0,0.8164965809277259,0.9528772578999964,,3,ORIGINAL
414,2,0.0,0.5345224838248487,0.8862136982368001,,4,ORIGINAL
414,3,0.0,0.7745966692414834,0.8652361823140664,,7,ORIGINAL
414,4,0.0,,0.9528772578999964,,1,ORIGINAL
414,5,0.0,,0.9528772578999964,,2,ORIGINAL
414,6,0.0,,0.950676317163076,,2,ORIGINAL
414,7,0.0,,0.9528772578999964,,1,ORIGINAL
414,8,0.0,,0.9528772578999964,,1,ORIGINAL
414,9,0.0,0.7844645405527361,0.9528772578999964,,4,ORIGINAL
415,0,0.0,,0.9409512556659316,,2,ORIGINAL
415,1,0.0,0.8728715609439696,0.9409512556659316,,9,ORIGINAL
415,2,0.0,0.7647748927656913,0.8805955348311173,,17,ORIGINAL
415,3,0.0,0.8971651128347827,0.8425549511708728,,30,ORIGINAL
415,4,0.0,0.7633225336137934,0.9409512556659316,,13,ORIGINAL
415,5,0.0,0.9486832980505138,0.9409512556659316,,11,ORIGINAL
415,6,0.0,0.7877263614433762,0.9260773592122862,,13,ORIGINAL
415,7,0.0,0.8775269089525567,0.9409512556659316,,8,ORIGINAL
415,8,0.0,0.9434563530497265,0.9409512556659316,,10,ORIGINAL
415,9,0.0,0.7095748751868991,0.9409512556659316,,9,ORIGINAL
416,0,0.0,,0.969971356750688,,2,ORIGINAL
416,1,0.0,0.9354143466934853,0.969971356750688,,12,ORIGINAL
416,2,0.0,0.9486832980505138,0.9059825054241087,,12,ORIGINAL
416,3,0.0,0.9467292624062575,0.8860247084563049,,21,ORIGINAL
416,4,0.0,0.9432422182837986,0.969971356750688,,8,ORIGINAL
416,5,0.0,0.9799578870122228,0.969971356750688,,12,ORIGINAL
416,6,0.0,0.7205766921228922,0.9660512358711693,,12,ORIGINAL
416,7,0.0,0.9583727150068314,0.969971356750688,,8,ORIGINAL
416,8,0.0,0.917662935482247,0.969971356750688,,7,ORIGINAL
416,9,0.0,0.9045340337332908,0.969971356750688,,8,ORIGINAL
417,0,0.0,,0.9824636490580189,,0,ORIGINAL
417,1,0.0,0.5999999999999999,0.9824636490580189,,5,ORIGINAL
417,2,0.0,,0.9373812335845043,,2,ORIGINAL
417,3,0.0,0.19245008972987526,0.9051753818464223,,3,ORIGINAL
417,4,0.0,0.9622504486493763,0.9824636490580189,,3,ORIGINAL
417,5,0.0,0.8660254037844387,0.9824636490580189,,4,ORIGINAL
417,6,0.0,0.16903085094570328,0.965541007201596,,5,ORIGINAL
417,7,0.0,0.0,0.9824636490580189,,3,ORIGINAL
417,8,0.0,,0.9824636490580189,,1,ORIGINAL
417,9,0.0,0.2672612419124244,0.9824636490580189,,6,ORIGINAL
418,0,0.0,0.9128709291752769,0.9265269099393134,,3,ORIGINAL
418,1,0.0,0.9438798074485389,0.9265269099393134,,5,ORIGINAL
418,2,0.0,0.9486832980505138,0.8674344123467884,,9,ORIGINAL
418,3,0.0,0.9469425238482128,0.8508475957755641,,14,ORIGINAL
418,4,0.0,0.9622504486493764,0.9265269099393134,,6,ORIGINAL
418,5,0.0,0.9072647087265548,0.9265269099393134,,7,ORIGINAL
418,6,0.0,0.4216370213557839,0.9305804545684973,,6,ORIGINAL
418,7,0.0,0.8999999999999998,0.9265269099393134,,4,ORIGINAL
418,8,0.0,0.9486832980505138,0.9265269099393134,,4,ORIGINAL
418,9,0.0,0.9534625892455924,0.9265269099393134,,5,ORIGINAL
419,0,0.0,,0.9633957940752508,,1,ORIGINAL
419,1,0.0,0.9428090415820635,0.9633957940752508,,6,ORIGINAL
419,2,0.0,0.9594032236002469,0.9876345366156053,,8,ORIGINAL
419,3,0.0,0.9782319760890368,0.9660433100323395,,16,ORIGINAL
419,4,0.0,0.9429541672723838,0.9633957940752508,,8,ORIGINAL
419,5,0.0,0.9525793444156805,0.9633957940752508,,12,ORIGINAL
419,6,0.0,0.6537204504606136,0.9664183213005141,,9,ORIGINAL
419,7,0.0,0.8869685939836239,0.9633957940752508,,10,ORIGINAL
419,8,0.0,0.8696263565463043,0.9633957940752508,,7,ORIGINAL
419,9,0.0,0.9393364366277241,0.9633957940752508,,6,ORIGINAL
420,0,0.0,-0.8164965809277259,1.0,,3,ORIGINAL
420,1,0.0,0.0,1.0,,4,ORIGINAL
420,2,0.0,-0.4601789933084222,0.9633150259944552,,7,ORIGINAL
420,3,0.0,-0.39629696195060854,0.9478675140998328,,10,ORIGINAL
420,4,0.0,-0.5716619504750294,1.0,,6,ORIGINAL
420,5,0.0,-0.5913123959890826,1.0,,9,ORIGINAL
420,6,0.0,0.0,0.9646784562203947,,3,ORIGINAL
420,7,0.0,-0.4444444444444444,1.0,,3,ORIGINAL
420,8,0.0,-0.8451542547285166,1.0,,6,ORIGINAL
420,9,0.0,0.1690308509457033,1.0,,6,ORIGINAL
421,0,0.0,,0.9681150545447644,,2,ORIGINAL
421,1,0.0,0.8660254037844387,0.9681150545447644,,3,ORIGINAL
421,2,0.0,0.8333333333333334,0.9538641587038572,,6,ORIGINAL
421,3,0.0,0.9045340337332909,0.9731287387365747,,13,ORIGINAL
421,4,0.0,0.9999999999999998,0.9681150545447644,,5,ORIGINAL
421,5,0.0,0.9999999999999998,0.9681150545447644,,10,ORIGINAL
421,6,0.0,0.26726124191242434,0.9156195832727162,,9,ORIGINAL
421,7,0.0,0.8911327886790069,0.9681150545447644,,8,ORIGINAL
421,8,0.0,0.9707253433941511,0.9681150545447644,,8,ORIGINAL
421,9,0.0,0.22360679774997896,0.9681150545447644,,5,ORIGINAL
422,0,0.0,,0.9594009341145097,,0,ORIGINAL
422,1,0.0,0.9438798074485389,0.9594009341145097,,5,ORIGINAL
422,2,0.0,0.9428090415820635,0.9838151399477282,,3,ORIGINAL
422,3,0.0,0.9622504486493763,0.9455680649159587,,6,ORIGINAL
422,4,0.0,,0.9594009341145097,,2,ORIGINAL
422,5,0.0,0.944911182523068,0.9594009341145097,,4,ORIGINAL
422,6,0.0,0.8111071056538125,0.9765368572559424,,7,ORIGINAL
422,7,0.0,0.8366600265340756,0.9594009341145097,,4,ORIGINAL
422,8,0.0,,0.9594009341145097,,2,ORIGINAL
422,9,0.0,0.9707253433941511,0.9594009341145097,,4,ORIGINAL
423,0,0.0,,0.9689386220713082,,0,ORIGINAL
423,1,0.0,,0.9689386220713082,,2,ORIGINAL
423,2,0.0,0.16666666666666669,0.8899296798801214,,3,ORIGINAL
423,3,0.0,0.0,0.883450211979888,,3,ORIGINAL
423,4,0.0,,0.9689386220713082,,1,ORIGINAL
423,5,0.0,,0.9689386220713082,,2,ORIGINAL
423,6,0.0,,0.9317538145975044,,1,ORIGINAL
423,7,0.0,,0.9689386220713082,,2,ORIGINAL
423,8,0.0,,0.9689386220713082,,1,ORIGINAL
423,9,0.0,,0.9689386220713082,,2,ORIGINAL
424,0,0.0,0.9428090415820635,0.9528772601001511,,3,ORIGINAL
424,1,0.0,0.9622504486493763,0.9528772601001511,,9,ORIGINAL
424,2,0.0,0.9438798074485389,0.8862137043938959,,11,ORIGINAL
424,3,0.0,0.9496714704969829,0.8652361902367374,,21,ORIGINAL
424,4,0.0,0.9525793444156805,0.9528772601001511,,9,ORIGINAL
424,5,0.0,1.0000000000000002,0.9528772601001511,,12,ORIGINAL
424,6,0.0,0.5715476066494082,0.9506763218842788,,10,ORIGINAL
424,7,0.0,0.944911182523068,0.9528772601001511,,7,ORIGINAL
424,8,0.0,0.9525793444156805,0.9528772601001511,,9,ORIGINAL
424,9,0.0,0.9583727150068314,0.9528772601001511,,8,ORIGINAL
425,0,0.0,,0.9770930333460692,,0,ORIGINAL
425,1,0.0,,0.9770930333460692,,2,ORIGINAL
425,2,0.0,,0.9426950542058579,,2,ORIGINAL
425,3,0.0,,0.9697879072350232,,2,ORIGINAL
425,4,0.0,,0.9770930333460692,,1,ORIGINAL
425,5,0.0,,0.9770930333460692,,2,ORIGINAL
425,6,0.0,,0.9343338179348393,,1,ORIGINAL
425,7,0.0,,0.9770930333460692,,1,ORIGINAL
425,8,0.0,,0.9770930333460692,,0,ORIGINAL
425,9,0.0,,0.9770930333460692,,1,ORIGINAL
426,0,0.0,,0.9589930757272332,,0,ORIGINAL
426,1,0.0,0.8660254037844387,0.9589930757272332,,6,ORIGINAL
426,2,0.0,-0.6172133998483678,0.9359693077373458,,8,ORIGINAL
426,3,0.0,0.1301200097264711,0.954319426047429,,28,ORIGINAL
426,4,0.0,0.44543540318737396,0.9589930757272332,,6,ORIGINAL
426,5,0.0,0.5270462766947299,0.9589930757272332,,10,ORIGINAL
426,6,0.0,0.5892556509887895,0.9542943672621953,,8,ORIGINAL
426,7,0.0,0.674199862463242,0.9589930757272332,,5,ORIGINAL
426,8,0.0,0.36514837167011066,0.9589930757272332,,6,ORIGINAL
426,9,0.0,0.9091372900969896,0.9589930757272332,,5,ORIGINAL
427,0,0.0,0.9999999999999998,0.9806790815403282,,5,ORIGINAL
427,1,0.0,0.8764598212022147,0.9806790815403282,,8,ORIGINAL
427,2,0.0,0.9013878188659974,0.9341955258135484,,7,ORIGINAL
427,3,0.0,0.8824418982027675,0.9453174438792368,,19,ORIGINAL
427,4,0.0,0.8528028654224417,0.9806790815403282,,7,ORIGINAL
427,5,0.0,0.9192388155425117,0.9806790815403282,,10,ORIGINAL
427,6,0.0,0.6492344540642356,0.9561958137126199,,10,ORIGINAL
427,7,0.0,0.9014978717104176,0.9806790815403282,,6,ORIGINAL
427,8,0.0,0.9999999999999999,0.9806790815403282,,4,ORIGINAL
427,9,0.0,0.9555330859059092,0.9806790815403282,,9,ORIGINAL
428,0,0.0,,0.9420432248706846,,0,ORIGINAL
428,1,0.0,,0.9420432248706846,,2,ORIGINAL
428,2,0.0,,0.9356941861565748,,1,ORIGINAL
428,3,0.0,0.8944271909999159,0.9599929166594483,,5,ORIGINAL
428,4,0.0,,0.9420432248706846,,0,ORIGINAL
428,5,0.0,,0.9420432248706846,,2,ORIGINAL
428,6,0.0,0.33333333333333337,0.9403748508842826,,3,ORIGINAL
428,7,0.0,1.0000000000000002,0.9420432248706846,,3,ORIGINAL
428,8,0.0,,0.9420432248706846,,1,ORIGINAL
428,9,0.0,,0.9420432248706846,,2,ORIGINAL
429,0,0.0,-0.40824829046386296,0.9806790832004564,,5,ORIGINAL
429,1,0.0,0.8606629658238704,0.9806790832004564,,12,ORIGINAL
429,2,0.0,0.7385489458759964,0.9341955233709065,,16,ORIGINAL
429,3,0.0,0.5146140167221416,0.9453174402583435,,43,ORIGINAL
429,4,0.0,0.7302967433402214,0.9806790832004564,,16,ORIGINAL
429,5,0.0,0.6030226891555273,0.9806790832004564,,15,ORIGINAL
429,6,0.0,0.5572782125753529,0.9561958100644015,,20,ORIGINAL
429,7,0.0,0.8340576562282991,0.9806790832004564,,11,ORIGINAL
429,8,0.0,0.7593263966019992,0.9806790832004564,,13,ORIGINAL
429,9,0.0,0.8846517369293828,0.9806790832004564,,9,ORIGINAL
430,0,0.0,,0.9616716908173933,,1,ORIGINAL
430,1,0.0,,0.9616716908173933,,2,ORIGINAL
430,2,0.0,,0.9692984697906258,,2,ORIGINAL
430,3,0.0,0.472455591261534,0.9711647487278353,,11,ORIGINAL
430,4,0.0,0.9428090415820635,0.9616716908173933,,6,ORIGINAL
430,5,0.0,0.6446583712203042,0.9616716908173933,,11,ORIGINAL
430,6,0.0,0.9128709291752769,0.9700823599146141,,6,ORIGINAL
430,7,0.0,0.9561828874675149,0.9616716908173933,,5,ORIGINAL
430,8,0.0,0.9486832980505138,0.9616716908173933,,4,ORIGINAL
430,9,0.0,0.8660254037844387,0.9616716908173933,,4,ORIGINAL
431,0,0.0,0.9428090415820635,0.9545005818807696,,3,ORIGINAL
431,1,0.0,0.9467292624062573,0.9545005818807696,,9,ORIGINAL
431,2,0.0,0.9074852129730302,0.8965726504084753,,11,ORIGINAL
431,3,0.0,0.894959429780133,0.911733525601517,,23,ORIGINAL
431,4,0.0,0.8863184218031273,0.9545005818807696,,14,ORIGINAL
431,5,0.0,0.9431191251430151,0.9545005818807696,,10,ORIGINAL
431,6,0.0,0.6614378277661476,0.942292989302741,,11,ORIGINAL
431,7,0.0,0.8642416214502248,0.9545005818807696,,6,ORIGINAL
431,8,0.0,0.8660254037844386,0.9545005818807696,,6,ORIGINAL
431,9,0.0,0.9434563530497265,0.9545005818807696,,4,ORIGINAL
432,0,0.0,0.33333333333333337,0.9808074286486422,,3,ORIGINAL
432,1,0.0,,0.9808074286486422,,1,ORIGINAL
432,2,0.0,0.5773502691896258,0.9704064446070771,,6,ORIGINAL
432,3,0.0,0.44271887242357305,0.9434388031421846,,10,ORIGINAL
432,4,0.0,0.5,0.9808074286486422,,5,ORIGINAL
432,5,0.0,0.3872983346207417,0.9808074286486422,,6,ORIGINAL
432,6,0.0,,0.9385487604084403,,1,ORIGINAL
432,7,0.0,,0.9808074286486422,,2,ORIGINAL
432,8,0.0,0.9525793444156805,0.9808074286486422,,3,ORIGINAL
432,9,0.0,-0.9999999999999998,0.9808074286486422,,3,ORIGINAL
433,0,0.0,0.7905694150420948,0.9858784739915964,,7,ORIGINAL
433,1,0.0,0.7071067811865475,0.9858784739915964,,10,ORIGINAL
433,2,0.0,0.8838834764831843,0.9667942270502267,,10,ORIGINAL
433,3,0.0,0.6431196942844081,0.9683661078263929,,29,ORIGINAL
433,4,0.0,0.816496580927726,0.9858784739915964,,10,ORIGINAL
433,5,0.0,0.8807048459279794,0.9858784739915964,,15,ORIGINAL
433,6,0.0,0.4225771273642583,0.9653317414531664,,13,ORIGINAL
433,7,0.0,0.9428090415820635,0.9858784739915964,,6,ORIGINAL
433,8,0.0,0.9381941874331419,0.9858784739915964,,9,ORIGINAL
433,9,0.0,0.9707253433941511,0.9858784739915964,,8,ORIGINAL
434,0,0.0,,0.9398226041729166,,0,ORIGINAL
434,1,0.0,,0.9398226041729166,,0,ORIGINAL
434,2,0.0,,0.8646694139096448,,1,ORIGINAL
434,3,0.0,,0.8378768583197207,,2,ORIGINAL
434,4,0.0,,0.9398226041729166,,0,ORIGINAL
434,5,0.0,,0.9398226041729166,,2,ORIGINAL
434,6,0.0,,0.9343365156619177,,1,ORIGINAL
434,7,0.0,,0.9398226041729166,,0,ORIGINAL
434,8,0.0,,0.9398226041729166,,0,ORIGINAL
434,9,0.0,,0.9398226041729166,,0,ORIGINAL
435,0,0.0,,0.9663057375641665,,0,ORIGINAL
435,1,0.0,0.8749999999999998,0.9663057375641665,,5,ORIGINAL
435,2,0.0,0.9561828874675149,0.924195873516058,,4,ORIGINAL
435,3,0.0,0.8888888888888888,0.8997950201399613,,6,ORIGINAL
435,4,0.0,,0.9663057375641665,,2,ORIGINAL
435,5,0.0,0.8838834764831843,0.9663057375641665,,5,ORIGINAL
435,6,0.0,0.5477225575051661,0.9719080976488638,,6,ORIGINAL
435,7,0.0,1.0000000000000002,0.9663057375641665,,3,ORIGINAL
435,8,0.0,,0.9663057375641665,,0,ORIGINAL
435,9,0.0,0.944911182523068,0.9663057375641665,,4,ORIGINAL
436,0,0.0,,0.9464225387447485,,0,ORIGINAL
436,1,0.0,,0.9464225387447485,,1,ORIGINAL
436,2,0.0,,0.9364023515847217,,0,ORIGINAL
436,3,0.0,,0.946063815064017,,1,ORIGINAL
436,4,0.0,,0.9464225387447485,,1,ORIGINAL
436,5,0.0,,0.9464225387447485,,1,ORIGINAL
436,6,0.0,,0.9660329857432681,,2,ORIGINAL
436,7,0.0,,0.9464225387447485,,0,ORIGINAL
436,8,0.0,,0.9464225387447485,,1,ORIGINAL
436,9,0.0,,0.9464225387447485,,1,ORIGINAL
437,0,0.0,,0.9896714307388721,,1,ORIGINAL
437,1,0.0,0.8606629658238704,0.9896714307388721,,6,ORIGINAL
437,2,0.0,0.9230769230769232,0.9411607970814657,,7,ORIGINAL
437,3,0.0,0.909154827298409,0.9450919329436983,,14,ORIGINAL
437,4,0.0,0.9772545497599155,0.9896714307388721,,6,ORIGINAL
437,5,0.0,0.9669875568304563,0.9896714307388721,,7,ORIGINAL
437,6,0.0,0.6030226891555273,0.9631591088935101,,7,ORIGINAL
437,7,0.0,0.8999999999999998,0.9896714307388721,,4,ORIGINAL
437,8,0.0,0.9090909090909091,0.9896714307388721,,5,ORIGINAL
437,9,0.0,1.0000000000000002,0.9896714307388721,,4,ORIGINAL
438,0,0.0,,0.9557478126299763,,0,ORIGINAL
438,1,0.0,,0.9557478126299763,,2,ORIGINAL
438,2,0.0,,0.8993093823191571,,2,ORIGINAL
438,3,0.0,0.8581163303210331,0.8997410488020401,,8,ORIGINAL
438,4,0.0,,0.9557478126299763,,1,ORIGINAL
438,5,0.0,0.9561828874675149,0.9557478126299763,,4,ORIGINAL
438,6,0.0,0.8660254037844387,0.931963624011027,,4,ORIGINAL
438,7,0.0,0.8333333333333335,0.9557478126299763,,3,ORIGINAL
438,8,0.0,0.9669875568304563,0.9557478126299763,,5,ORIGINAL
438,9,0.0,,0.9557478126299763,,1,ORIGINAL
439,0,0.0,,0.9787128251920248,,0,ORIGINAL
439,1,0.0,,0.9787128251920248,,2,ORIGINAL
439,2,0.0,,0.9352165806822208,,1,ORIGINAL
439,3,0.0,0.9428090415820635,0.9507984081541839,,3,ORIGINAL
439,4,0.0,,0.9787128251920248,,1,ORIGINAL
439,5,0.0,1.0000000000000002,0.9787128251920248,,3,ORIGINAL
439,6,0.0,0.47140452079103173,0.9503441910203951,,3,ORIGINAL
439,7,0.0,,0.9787128251920248,,2,ORIGINAL
439,8,0.0,,0.9787128251920248,,1,ORIGINAL
439,9,0.0,1.0000000000000002,0.9787128251920248,,3,ORIGINAL
440,0,0.0,,0.9639813089083938,,0,ORIGINAL
440,1,0.0,0.8660254037844387,0.9639813089083938,,4,ORIGINAL
440,2,0.0,-0.11952286093343936,0.9054516334367996,,4,ORIGINAL
440,3,0.0,0.8728715609439696,0.8676103586731755,,4,ORIGINAL
440,4,0.0,0.0,0.9639813089083938,,6,ORIGINAL
440,5,0.0,0.8660254037844387,0.9639813089083938,,5,ORIGINAL
440,6,0.0,0.0,0.9485264271720019,,5,ORIGINAL
440,7,0.0,0.8164965809277261,0.9639813089083938,,3,ORIGINAL
440,8,0.0,,0.9639813089083938,,1,ORIGINAL
440,9,0.0,0.5070925528371099,0.9639813089083938,,6,ORIGINAL
441,0,0.0,,0.9589930753622198,,0,ORIGINAL
441,1,0.0,0.9594032236002469,0.9589930753622198,,8,ORIGINAL
441,2,0.0,0.8429272304235246,0.9359693075961526,,7,ORIGINAL
441,3,0.0,0.8498365855987975,0.9543194274255904,,22,ORIGINAL
441,4,0.0,0.9176629354822469,0.9589930753622198,,7,ORIGINAL
441,5,0.0,0.9354143466934853,0.9589930753622198,,15,ORIGINAL
441,6,0.0,0.7882407813680822,0.9542943671072828,,14,ORIGINAL
441,7,0.0,0.7423074889580903,0.9589930753622198,,9,ORIGINAL
441,8,0.0,0.9365858115816941,0.9589930753622198,,14,ORIGINAL
441,9,0.0,0.9583727150068314,0.9589930753622198,,9,ORIGINAL
442,0,0.0,,0.9567031284378285,,0,ORIGINAL
442,1,0.0,,0.9567031284378285,,1,ORIGINAL
442,2,0.0,,0.8856912346116564,,1,ORIGINAL
442,3,0.0,1.0000000000000002,0.9004262964154992,,3,ORIGINAL
442,4,0.0,,0.9567031284378285,,1,ORIGINAL
442,5,0.0,,0.9567031284378285,,1,ORIGINAL
442,6,0.0,,0.9311485153454642,,2,ORIGINAL
442,7,0.0,,0.9567031284378285,,1,ORIGINAL
442,8,0.0,,0.9567031284378285,,1,ORIGINAL
442,9,0.0,,0.9567031284378285,,0,ORIGINAL
443,0,0.0,,0.9059101866045475,,1,ORIGINAL
443,1,0.0,,0.9059101866045475,,0,ORIGINAL
443,2,0.0,1.0000000000000002,0.8443813936691481,,3,ORIGINAL
443,3,0.0,0.9467292624062573,0.8506125961258509,,9,ORIGINAL
443,4,0.0,1.0000000000000002,0.9059101866045475,,3,ORIGINAL
443,5,0.0,0.9999999999999999,0.9059101866045475,,7,ORIGINAL
443,6,0.0,0.2182178902359924,0.8986304118979546,,4,ORIGINAL
443,7,0.0,0.9428090415820635,0.9059101866045475,,3,ORIGINAL
443,8,0.0,0.9761870601839528,0.9059101866045475,,5,ORIGINAL
443,9,0.0,,0.9059101866045475,,1,ORIGINAL
444,0,0.0,0.22360679774997896,0.9639813091709714,,4,ORIGINAL
444,1,0.0,0.7715167498104595,0.9639813091709714,,6,ORIGINAL
444,2,0.0,0.6761234037828132,0.905451634670715,,12,ORIGINAL
444,3,0.0,0.5345224838248488,0.8676103616057412,,22,ORIGINAL
444,4,0.0,0.6,0.9639813091709714,,10,ORIGINAL
444,5,0.0,0.7833494518006403,0.9639813091709714,,13,ORIGINAL
444,6,0.0,0.5669467095138409,0.9485264281433826,,11,ORIGINAL
444,7,0.0,0.9574271077563381,0.9639813091709714,,6,ORIGINAL
444,8,0.0,0.7071067811865475,0.9639813091709714,,7,ORIGINAL
444,9,0.0,0.760885910252682,0.9639813091709714,,7,ORIGINAL
445,0,0.0,0.8164965809277261,0.9681150538317717,,4,ORIGINAL
445,1,0.0,0.8705715001320139,0.9681150538317717,,8,ORIGINAL
445,2,0.0,0.9444444444444446,0.9538641588613358,,9,ORIGINAL
445,3,0.0,0.802076721809811,0.9731287409526317,,31,ORIGINAL
445,4,0.0,0.848528137423857,0.9681150538317717,,11,ORIGINAL
445,5,0.0,0.8574929257125441,0.9681150538317717,,17,ORIGINAL
445,6,0.0,0.6343350474165464,0.9156195856034863,,10,ORIGINAL
445,7,0.0,0.9209109202723808,0.9681150538317717,,11,ORIGINAL
445,8,0.0,0.9438798074485389,0.9681150538317717,,12,ORIGINAL
445,9,0.0,0.9078412990032038,0.9681150538317717,,8,ORIGINAL
446,0,0.0,,0.9557478100609698,,1,ORIGINAL
446,1,0.0,,0.9557478100609698,,1,ORIGINAL
446,2,0.0,0.9999999999999998,0.8993093791080461,,5,ORIGINAL
446,3,0.0,0.9999999999999998,0.8997410445511991,,8,ORIGINAL
446,4,0.0,,0.9557478100609698,,2,ORIGINAL
446,5,0.0,1.0,0.9557478100609698,,4,ORIGINAL
446,6,0.0,0.0,0.9319636201029343,,3,ORIGINAL
446,7,0.0,0.9428090415820635,0.9557478100609698,,3,ORIGINAL
446,8,0.0,0.9707253433941511,0.9557478100609698,,4,ORIGINAL
446,9,0.0,0.8728715609439696,0.9557478100609698,,4,ORIGINAL
447,0,0.0,,0.9588095033839692,,1,ORIGINAL
447,1,0.0,1.0,0.9588095033839692,,4,ORIGINAL
447,2,0.0,0.9525793444156805,0.9428030689242938,,6,ORIGINAL
447,3,0.0,0.9245003270420487,0.9526615039428928,,10,ORIGINAL
447,4,0.0,0.8006407690254358,0.9588095033839692,,4,ORIGINAL
447,5,0.0,0.9128709291752769,0.9588095033839692,,6,ORIGINAL
447,6,0.0,0.7302967433402214,0.9587929360531359,,5,ORIGINAL
447,7,0.0,0.9438798074485389,0.9588095033839692,,5,ORIGINAL
447,8,0.0,0.9438798074485389,0.9588095033839692,,5,ORIGINAL
447,9,0.0,0.9707253433941511,0.9588095033839692,,4,ORIGINAL
448,0,0.0,0.8333333333333335,0.9794193485015635,,3,ORIGINAL
448,1,0.0,0.9438798074485389,0.9794193485015635,,5,ORIGINAL
448,2,0.0,0.8717797887081347,0.9292376140178872,,13,ORIGINAL
448,3,0.0,0.8602325267042628,0.8954618946154363,,29,ORIGINAL
448,4,0.0,0.8461141122266493,0.9794193485015635,,10,ORIGINAL
448,5,0.0,0.8790490729915326,0.9794193485015635,,13,ORIGINAL
448,6,0.0,0.5879747322073337,0.9659286563039695,,10,ORIGINAL
448,7,0.0,0.8770580193070293,0.9794193485015635,,7,ORIGINAL
448,8,0.0,0.9467292624062575,0.9794193485015635,,9,ORIGINAL
448,9,0.0,0.8528028654224417,0.9794193485015635,,5,ORIGINAL
449,0,0.0,,0.9681150542899442,,0,ORIGINAL
449,1,0.0,,0.9681150542899442,,0,ORIGINAL
449,2,0.0,,0.9538641598043284,,0,ORIGINAL
449,3,0.0,,0.9731287408354515,,0,ORIGINAL
449,4,0.0,,0.9681150542899442,,0,ORIGINAL
449,5,0.0,,0.9681150542899442,,0,ORIGINAL
449,6,0.0,,0.9156195846268943,,0,ORIGINAL
449,7,0.0,,0.9681150542899442,,0,ORIGINAL
449,8,0.0,,0.9681150542899442,,0,ORIGINAL
449,9,0.0,,0.9681150542899442,,0,ORIGINAL
450,0,0.0,0.5773502691896258,0.9545005813135693,,3,ORIGINAL
450,1,0.0,0.8040302522073697,0.9545005813135693,,6,ORIGINAL
450,2,0.0,0.9091372900969896,0.8965726495809305,,8,ORIGINAL
450,3,0.0,0.8081220356417685,0.911733525129955,,16,ORIGINAL
450,4,0.0,0.9176629354822469,0.9545005813135693,,7,ORIGINAL
450,5,0.0,0.7833494518006403,0.9545005813135693,,9,ORIGINAL
450,6,0.0,0.6227991553292184,0.9422929887194212,,10,ORIGINAL
450,7,0.0,0.9428090415820635,0.9545005813135693,,3,ORIGINAL
450,8,0.0,0.7817359599705717,0.9545005813135693,,7,ORIGINAL
450,9,0.0,0.9460998335825321,0.9545005813135693,,7,ORIGINAL
451,0,0.0,,0.9528205427326275,,0,ORIGINAL
451,1,0.0,1.0,0.9528205427326275,,4,ORIGINAL
451,2,0.0,,0.9555396358746835,,2,ORIGINAL
451,3,0.0,0.9999999999999998,0.9747204207284491,,5,ORIGINAL
451,4,0.0,0.9428090415820635,0.9528205427326275,,3,ORIGINAL
451,5,0.0,1.0000000000000002,0.9528205427326275,,3,ORIGINAL
451,6,0.0,0.4472135954999579,0.9738170064477849,,5,ORIGINAL
451,7,0.0,,0.9528205427326275,,1,ORIGINAL
451,8,0.0,,0.9528205427326275,,1,ORIGINAL
451,9,0.0,,0.9528205427326275,,2,ORIGINAL
452,0,0.0,,0.9264884275825542,,2,ORIGINAL
452,1,0.0,0.9237604307034011,0.9264884275825542,,6,ORIGINAL
452,2,0.0,1.0000000000000002,0.9749979872189103,,3,ORIGINAL
452,3,0.0,0.9128709291752767,0.9848572509930883,,6,ORIGINAL
452,4,0.0,0.9561828874675149,0.9264884275825542,,4,ORIGINAL
452,5,0.0,0.9128709291752769,0.9264884275825542,,4,ORIGINAL
452,6,0.0,0.8451542547285165,0.909912092838112,,4,ORIGINAL
452,7,0.0,,0.9264884275825542,,2,ORIGINAL
452,8,0.0,,0.9264884275825542,,2,ORIGINAL
452,9,0.0,0.9230769230769232,0.9264884275825542,,4,ORIGINAL
453,0,0.0,,1.0,,2,ORIGINAL
453,1,0.0,0.9999999999999998,1.0,,5,ORIGINAL
453,2,0.0,0.753778361444409,0.9633150259944552,,8,ORIGINAL
453,3,0.0,0.6351073488299558,0.9478675140998328,,18,ORIGINAL
453,4,0.0,0.7071067811865476,1.0,,6,ORIGINAL
453,5,0.0,0.8819171036881969,1.0,,9,ORIGINAL
453,6,0.0,0.629940788348712,0.9646784562203947,,7,ORIGINAL
453,7,0.0,0.9258200997725514,1.0,,9,ORIGINAL
453,8,0.0,0.8429272304235246,1.0,,7,ORIGINAL
453,9,0.0,0.6666666666666666,1.0,,7,ORIGINAL
454,0,0.0,0.4714045207910316,0.9806790815403282,,6,ORIGINAL
454,1,0.0,0.7977240352174656,0.9806790815403282,,7,ORIGINAL
454,2,0.0,0.5962847939999439,0.9341955258135484,,7,ORIGINAL
454,3,0.0,0.7791937224739796,0.9453174438792368,,15,ORIGINAL
454,4,0.0,0.8892972917998876,0.9806790815403282,,8,ORIGINAL
454,5,0.0,0.9166666666666666,0.9806790815403282,,10,ORIGINAL
454,6,0.0,0.74535599249993,0.9561958137126199,,10,ORIGINAL
454,7,0.0,0.7938566201357354,0.9806790815403282,,7,ORIGINAL
454,8,0.0,0.8894991799933215,0.9806790815403282,,8,ORIGINAL
454,9,0.0,0.6719368409052928,0.9806790815403282,,10,ORIGINAL
455,0,0.0,,0.9557478121656473,,1,ORIGINAL
455,1,0.0,,0.9557478121656473,,1,ORIGINAL
455,2,0.0,-0.1259881576697424,0.8993093864668164,,6,ORIGINAL
455,3,0.0,0.2279211529192759,0.8997410520937013,,8,ORIGINAL
455,4,0.0,0.588348405414552,0.9557478121656473,,4,ORIGINAL
455,5,0.0,0.5773502691896258,0.9557478121656473,,3,ORIGINAL
455,6,0.0,0.5999999999999999,0.9319636272420826,,5,ORIGINAL
455,7,0.0,,0.9557478121656473,,2,ORIGINAL
455,8,0.0,,0.9557478121656473,,0,ORIGINAL
455,9,0.0,0.9428090415820632,0.9557478121656473,,3,ORIGINAL
456,0,0.0,,0.9246351719344974,,1,ORIGINAL
456,1,0.0,,0.9246351719344974,,1,ORIGINAL
456,2,0.0,0.4082482904638631,0.9390073885652511,,6,ORIGINAL
456,3,0.0,0.9090909090909091,0.9530605269532944,,8,ORIGINAL
456,4,0.0,,0.9246351719344974,,2,ORIGINAL
456,5,0.0,,0.9246351719344974,,1,ORIGINAL
456,6,0.0,-0.46291004988627577,0.9144329247767675,,5,ORIGINAL
456,7,0.0,,0.9246351719344974,,0,ORIGINAL
456,8,0.0,,0.9246351719344974,,0,ORIGINAL
456,9,0.0,,0.9246351719344974,,1,ORIGINAL
457,0,0.0,0.8164965809277259,0.9528772601001511,,5,ORIGINAL
457,1,0.0,0.8703882797784892,0.9528772601001511,,9,ORIGINAL
457,2,0.0,0.9750168689498874,0.8862137043938959,,13,ORIGINAL
457,3,0.0,0.8827348295047495,0.8652361902367374,,28,ORIGINAL
457,4,0.0,0.8466675133346035,0.9528772601001511,,13,ORIGINAL
457,5,0.0,0.9152492334988814,0.9528772601001511,,16,ORIGINAL
457,6,0.0,0.6288281455225324,0.9506763218842788,,12,ORIGINAL
457,7,0.0,0.9285714285714286,0.9528772601001511,,8,ORIGINAL
457,8,0.0,0.9211323729436767,0.9528772601001511,,9,ORIGINAL
457,9,0.0,0.8922178162191937,0.9528772601001511,,7,ORIGINAL
458,0,0.0,-0.6933752452815365,0.9557478116344914,,7,ORIGINAL
458,1,0.0,0.4146442144313646,0.9557478116344914,,17,ORIGINAL
458,2,0.0,0.5488604301969738,0.8993093817502036,,18,ORIGINAL
458,3,0.0,0.3610758031590881,0.8997410490524452,,49,ORIGINAL
458,4,0.0,0.6047431568147635,0.9557478116344914,,10,ORIGINAL
458,5,0.0,0.43259045634870014,0.9557478116344914,,16,ORIGINAL
458,6,0.0,0.4351941398892446,0.9319636221487353,,18,ORIGINAL
458,7,0.0,0.642824346533225,0.9557478116344914,,10,ORIGINAL
458,8,0.0,0.1270001270001905,0.9557478116344914,,10,ORIGINAL
458,9,0.0,0.681005224606999,0.9557478116344914,,10,ORIGINAL
459,0,0.0,0.8164965809277261,1.0,,6,ORIGINAL
459,1,0.0,0.8944271909999159,1.0,,6,ORIGINAL
459,2,0.0,1.0000000000000002,0.9633150259944552,,3,ORIGINAL
459,3,0.0,0.9561828874675149,0.9478675140998328,,9,ORIGINAL
459,4,0.0,,1.0,,2,ORIGINAL
459,5,0.0,1.0000000000000002,1.0,,4,ORIGINAL
459,6,0.0,,0.9646784562203947,,2,ORIGINAL
459,7,0.0,0.9428090415820635,1.0,,3,ORIGINAL
459,8,0.0,0.9486832980505138,1.0,,4,ORIGINAL
459,9,0.0,,1.0,,2,ORIGINAL
460,0,0.0,,0.9738004388467784,,1,ORIGINAL
460,1,0.0,0.9486832980505138,0.9738004388467784,,5,ORIGINAL
460,2,0.0,0.9622504486493763,0.9197887863753913,,3,ORIGINAL
460,3,0.0,0.9013878188659974,0.92449526011165,,10,ORIGINAL
460,4,0.0,0.9486832980505138,0.9738004388467784,,4,ORIGINAL
460,5,0.0,1.0000000000000002,0.9738004388467784,,6,ORIGINAL
460,6,0.0,0.6963106238227914,0.947612791729006,,9,ORIGINAL
460,7,0.0,0.944911182523068,0.9738004388467784,,5,ORIGINAL
460,8,0.0,0.944911182523068,0.9738004388467784,,4,ORIGINAL
460,9,0.0,0.9999999999999998,0.9738004388467784,,5,ORIGINAL
461,0,0.0,,0.9567031244482369,,1,ORIGINAL
461,1,0.0,0.9486832980505138,0.9567031244482369,,5,ORIGINAL
461,2,0.0,0.944911182523068,0.8856912257131846,,7,ORIGINAL
461,3,0.0,0.8902638145194514,0.9004262872776387,,14,ORIGINAL
461,4,0.0,,0.9567031244482369,,2,ORIGINAL
461,5,0.0,1.0,0.9567031244482369,,4,ORIGINAL
461,6,0.0,0.7745966692414834,0.9311485078562698,,5,ORIGINAL
461,7,0.0,0.9486832980505138,0.9567031244482369,,4,ORIGINAL
461,8,0.0,,0.9567031244482369,,2,ORIGINAL
461,9,0.0,0.9561828874675149,0.9567031244482369,,5,ORIGINAL
462,0,0.0,0.857142857142857,0.9787128262576937,,4,ORIGINAL
462,1,0.0,0.8764598212022146,0.9787128262576937,,7,ORIGINAL
462,2,0.0,0.8976656233969146,0.9352165820534446,,10,ORIGINAL
462,3,0.0,0.8819171036881969,0.9507984093464296,,15,ORIGINAL
462,4,0.0,0.9128709291752769,0.9787128262576937,,6,ORIGINAL
462,5,0.0,0.9464574146347642,0.9787128262576937,,10,ORIGINAL
462,6,0.0,0.8122955416108235,0.9503441910853968,,10,ORIGINAL
462,7,0.0,0.9622504486493764,0.9787128262576937,,6,ORIGINAL
462,8,0.0,0.9014978717104176,0.9787128262576937,,6,ORIGINAL
462,9,0.0,0.8998425413316951,0.9787128262576937,,8,ORIGINAL
463,0,0.0,,0.9567031249176902,,2,ORIGINAL
463,1,0.0,0.9525793444156805,0.9567031249176902,,6,ORIGINAL
463,2,0.0,,0.8856912306934965,,2,ORIGINAL
463,3,0.0,1.0000000000000002,0.9004262930210217,,3,ORIGINAL
463,4,0.0,,0.9567031249176902,,2,ORIGINAL
463,5,0.0,1.0000000000000002,0.9567031249176902,,3,ORIGINAL
463,6,0.0,0.7745966692414834,0.9311485114604979,,3,ORIGINAL
463,7,0.0,0.9428090415820635,0.9567031249176902,,3,ORIGINAL
463,8,0.0,,0.9567031249176902,,1,ORIGINAL
463,9,0.0,0.8366600265340756,0.9567031249176902,,4,ORIGINAL
464,0,0.0,,0.9217813027828158,,2,ORIGINAL
464,1,0.0,0.9128709291752769,0.9217813027828158,,6,ORIGINAL
464,2,0.0,0.7977240352174656,0.8440423922293022,,8,ORIGINAL
464,3,0.0,0.8520128672302585,0.8596753018500423,,17,ORIGINAL
464,4,0.0,0.8669214468630108,0.9217813027828158,,8,ORIGINAL
464,5,0.0,0.8581163303210331,0.9217813027828158,,12,ORIGINAL
464,6,0.0,0.7016464154456235,0.9099308174192862,,11,ORIGINAL
464,7,0.0,0.8666666666666667,0.9217813027828158,,10,ORIGINAL
464,8,0.0,0.9444444444444444,0.9217813027828158,,12,ORIGINAL
464,9,0.0,0.7592566023652966,0.9217813027828158,,6,ORIGINAL
465,0,0.0,,0.9317824697544982,,2,ORIGINAL
465,1,0.0,0.8981462390204985,0.9317824697544982,,7,ORIGINAL
465,2,0.0,0.9548637106322311,0.948172308948168,,13,ORIGINAL
465,3,0.0,0.9151007705656548,0.9184882850144845,,22,ORIGINAL
465,4,0.0,0.6546536707079772,0.9317824697544982,,4,ORIGINAL
465,5,0.0,0.8911327886790069,0.9317824697544982,,6,ORIGINAL
465,6,0.0,0.9185586535436918,0.9277148497305662,,8,ORIGINAL
465,7,0.0,0.9669875568304563,0.9317824697544982,,5,ORIGINAL
465,8,0.0,0.9285714285714286,0.9317824697544982,,5,ORIGINAL
465,9,0.0,0.760638829255665,0.9317824697544982,,5,ORIGINAL
466,0,0.0,,0.9794193462367038,,2,ORIGINAL
466,1,0.0,1.0,0.9794193462367038,,4,ORIGINAL
466,2,0.0,-0.1889822365046136,0.9292376091175674,,4,ORIGINAL
466,3,0.0,0.0,0.8954618908937972,,8,ORIGINAL
466,4,0.0,0.5773502691896257,0.9794193462367038,,3,ORIGINAL
466,5,0.0,1.0,0.9794193462367038,,4,ORIGINAL
466,6,0.0,0.8451542547285165,0.9659286568155373,,5,ORIGINAL
466,7,0.0,0.944911182523068,0.9794193462367038,,4,ORIGINAL
466,8,0.0,,0.9794193462367038,,2,ORIGINAL
466,9,0.0,0.9999999999999998,0.9794193462367038,,5,ORIGINAL
467,144,0.9,-0.12499999999999997,0.9999999999999948,,5,ORIGINAL
467,0,0.0,,0.9616716964977853,,0,ORIGINAL
467,1,0.0,-0.2581988897471611,0.9616716964977853,,3,ORIGINAL
467,2,0.0,0.18490006540840973,0.9692984715742177,,7,ORIGINAL
467,3,0.0,0.8907986681660889,0.9711647500981064,,14,ORIGINAL
467,4,0.0,0.9707253433941511,0.9616716964977853,,4,ORIGINAL
467,5,0.0,0.9999999999999999,0.9616716964977853,,7,ORIGINAL
467,6,0.0,0.16666666666666669,0.9700823603111213,,4,ORIGINAL
467,7,0.0,0.9438798074485389,0.9616716964977853,,5,ORIGINAL
467,8,0.0,0.5843065474681431,0.9616716964977853,,12,ORIGINAL
468,0,0.0,0.944911182523068,0.9547904346799684,,4,ORIGINAL
468,1,0.0,0.903696114115064,0.9547904346799684,,7,ORIGINAL
468,2,0.0,0.8461538461538463,0.949907777581555,,7,ORIGINAL
468,3,0.0,0.8996469021204839,0.9601427237513149,,17,ORIGINAL
468,4,0.0,0.9538209664765318,0.9547904346799684,,7,ORIGINAL
468,5,0.0,0.9622504486493763,0.9547904346799684,,9,ORIGINAL
468,6,0.0,0.588348405414552,0.9376399343420446,,9,ORIGINAL
468,7,0.0,0.944911182523068,0.9547904346799684,,4,ORIGINAL
468,8,0.0,0.9799578870122229,0.9547904346799684,,6,ORIGINAL
468,9,0.0,0.9486832980505138,0.9547904346799684,,5,ORIGINAL
469,0,0.0,,1.0,,0,ORIGINAL
469,1,0.0,,1.0,,2,ORIGINAL
469,2,0.0,,0.9633150259944552,,1,ORIGINAL
469,3,0.0,,0.9478675140998328,,2,ORIGINAL
469,4,0.0,,1.0,,1,ORIGINAL
469,5,0.0,,1.0,,2,ORIGINAL
469,6,0.0,,0.9646784562203947,,1,ORIGINAL
469,7,0.0,,1.0,,1,ORIGINAL
469,8,0.0,,1.0,,1,ORIGINAL
469,9,0.0,,1.0,,2,ORIGINAL
470,0,0.0,,0.9699713572266225,,1,ORIGINAL
470,1,0.0,0.9999999999999998,0.9699713572266225,,10,ORIGINAL
470,2,0.0,0.42640143271122083,0.9059825079395406,,5,ORIGINAL
470,3,0.0,0.1690308509457033,0.8860247116862109,,9,ORIGINAL
470,4,0.0,0.48349377841522817,0.9699713572266225,,5,ORIGINAL
470,5,0.0,0.0,0.9699713572266225,,6,ORIGINAL
470,6,0.0,0.5518254055364691,0.9660512382337655,,10,ORIGINAL
470,7,0.0,0.9594032236002469,0.9699713572266225,,5,ORIGINAL
470,8,0.0,0.9622504486493763,0.9699713572266225,,3,ORIGINAL
470,9,0.0,0.9583727150068314,0.9699713572266225,,8,ORIGINAL
471,0,0.0,-0.5163977794943222,0.9557478096171156,,6,ORIGINAL
471,1,0.0,0.18257418583505536,0.9557478096171156,,9,ORIGINAL
471,2,0.0,0.09128709291752767,0.8993093782096258,,9,ORIGINAL
471,3,0.0,-0.262445329583912,0.8997410448042128,,31,ORIGINAL
471,4,0.0,0.08164965809277261,0.9557478096171156,,10,ORIGINAL
471,5,0.0,0.10206207261596574,0.9557478096171156,,13,ORIGINAL
471,6,0.0,0.420084025208403,0.9319636153710091,,12,ORIGINAL
471,7,0.0,-0.7071067811865475,0.9557478096171156,,5,ORIGINAL
471,8,0.0,0.22742941307367104,0.9557478096171156,,11,ORIGINAL
471,9,0.0,-0.21693045781865616,0.9557478096171156,,8,ORIGINAL
472,0,0.0,-0.4803844614152615,0.9422220965332367,,10,ORIGINAL
472,1,0.0,-0.23570226039551587,0.9422220965332367,,6,ORIGINAL
472,2,0.0,0.4472135954999579,0.9481176801494363,,5,ORIGINAL
472,3,0.0,0.10675210253672475,0.9620152231449326,,25,ORIGINAL
472,4,0.0,,0.9422220965332367,,4,ORIGINAL
472,5,0.0,0.0,0.9422220965332367,,8,ORIGINAL
472,6,0.0,0.0,0.9297149392729288,,4,ORIGINAL
472,7,0.0,,0.9422220965332367,,1,ORIGINAL
472,8,0.0,0.19245008972987526,0.9422220965332367,,3,ORIGINAL
472,9,0.0,,0.9422220965332367,,1,ORIGINAL
473,0,0.0,,1.0,,1,ORIGINAL
473,1,0.0,0.8728715609439696,1.0,,4,ORIGINAL
473,2,0.0,0.9438798074485389,0.9633150259944552,,5,ORIGINAL
473,3,0.0,0.9036961141150639,0.9478675140998328,,6,ORIGINAL
473,4,0.0,0.3651483716701107,1.0,,4,ORIGINAL
473,5,0.0,0.6708203932499369,1.0,,6,ORIGINAL
473,6,0.0,0.75,0.9646784562203947,,5,ORIGINAL
473,7,0.0,0.8660254037844387,1.0,,3,ORIGINAL
473,8,0.0,,1.0,,1,ORIGINAL
473,9,0.0,0.8006407690254358,1.0,,4,ORIGINAL
474,0,0.0,,0.9699713572266225,,0,ORIGINAL
474,1,0.0,0.5773502691896258,0.9699713572266225,,3,ORIGINAL
474,2,0.0,0.8660254037844387,0.9059825079395406,,3,ORIGINAL
474,3,0.0,0.8164965809277259,0.8860247116862109,,3,ORIGINAL
474,4,0.0,0.4082482904638631,0.9699713572266225,,3,ORIGINAL
474,5,0.0,0.8164965809277259,0.9699713572266225,,4,ORIGINAL
474,6,0.0,0.6324555320336759,0.9660512382337655,,6,ORIGINAL
474,7,0.0,0.8017837257372731,0.9699713572266225,,4,ORIGINAL
474,8,0.0,,0.9699713572266225,,1,ORIGINAL
474,9,0.0,0.5144957554275265,0.9699713572266225,,5,ORIGINAL
475,0,0.0,0.0,0.9557478104089453,,6,ORIGINAL
475,1,0.0,0.7882407813680822,0.9557478104089453,,13,ORIGINAL
475,2,0.0,0.5437149461664321,0.8993093781459607,,21,ORIGINAL
475,3,0.0,0.5278179407634592,0.8997410461184958,,54,ORIGINAL
475,4,0.0,0.8504200642707612,0.9557478104089453,,11,ORIGINAL
475,5,0.0,0.8728715609439696,0.9557478104089453,,17,ORIGINAL
475,6,0.0,0.5506887917539347,0.9319636192814553,,15,ORIGINAL
475,7,0.0,0.8333333333333335,0.9557478104089453,,9,ORIGINAL
475,8,0.0,0.7610423906471905,0.9557478104089453,,13,ORIGINAL
475,9,0.0,0.8764598212022147,0.9557478104089453,,9,ORIGINAL
476,0,0.0,,0.9824636481796526,,2,ORIGINAL
476,1,0.0,0.9428090415820635,0.9824636481796526,,3,ORIGINAL
476,2,0.0,0.944911182523068,0.9373812375584477,,4,ORIGINAL
476,3,0.0,0.9128709291752769,0.9051753866614726,,6,ORIGINAL
476,4,0.0,,0.9824636481796526,,2,ORIGINAL
476,5,0.0,0.7745966692414834,0.9824636481796526,,5,ORIGINAL
476,6,0.0,,0.9655410100448671,,2,ORIGINAL
476,7,0.0,,0.9824636481796526,,1,ORIGINAL
476,8,0.0,,0.9824636481796526,,0,ORIGINAL
476,9,0.0,0.9486832980505138,0.9824636481796526,,4,ORIGINAL
477,0,0.0,,0.9034558476425495,,1,ORIGINAL
477,1,0.0,0.8838834764831843,0.9034558476425495,,5,ORIGINAL
477,2,0.0,0.9486832980505138,0.9418462427153992,,5,ORIGINAL
477,3,0.0,0.7385489458759965,0.9564048631847675,,13,ORIGINAL
477,4,0.0,0.7071067811865475,0.9034558476425495,,3,ORIGINAL
477,5,0.0,1.0000000000000002,0.9034558476425495,,6,ORIGINAL
477,6,0.0,0.82502864732539,0.8732410246033594,,8,ORIGINAL
477,7,0.0,0.8728715609439696,0.9034558476425495,,4,ORIGINAL
477,8,0.0,0.9538209664765318,0.9034558476425495,,7,ORIGINAL
477,9,0.0,0.8485281374238569,0.9034558476425495,,5,ORIGINAL
478,0,0.0,,0.9787128266154301,,1,ORIGINAL
478,1,0.0,,0.9787128266154301,,3,ORIGINAL
478,2,0.0,0.5773502691896258,0.9352165835415231,,3,ORIGINAL
478,3,0.0,0.6454972243679028,0.9507984106920162,,9,ORIGINAL
478,4,0.0,0.5773502691896258,0.9787128266154301,,3,ORIGINAL
478,5,0.0,0.5,0.9787128266154301,,4,ORIGINAL
478,6,0.0,,0.9503441903107913,,3,ORIGINAL
478,7,0.0,,0.9787128266154301,,3,ORIGINAL
478,8,0.0,,0.9787128266154301,,2,ORIGINAL
478,9,0.0,0.3333333333333333,0.9787128266154301,,3,ORIGINAL
479,0,0.0,,0.9528772567385477,,0,ORIGINAL
479,1,0.0,1.0000000000000002,0.9528772567385477,,3,ORIGINAL
479,2,0.0,0.9428090415820635,0.8862137006668358,,3,ORIGINAL
479,3,0.0,0.9486832980505138,0.865236184293315,,5,ORIGINAL
479,4,0.0,,0.9528772567385477,,2,ORIGINAL
479,5,0.0,0.9525793444156805,0.9528772567385477,,6,ORIGINAL
479,6,0.0,0.9486832980505138,0.9506763180030859,,5,ORIGINAL
479,7,0.0,0.8696263565463043,0.9528772567385477,,7,ORIGINAL
479,8,0.0,0.9561828874675149,0.9528772567385477,,4,ORIGINAL
479,9,0.0,0.8660254037844387,0.9528772567385477,,4,ORIGINAL
480,0,0.0,,,,2,ORIGINAL
480,1,0.0,0.9486832980505138,,,5,ORIGINAL
480,2,0.0,0.944911182523068,,,8,ORIGINAL
480,3,0.0,0.9176629354822469,,,19,ORIGINAL
480,4,0.0,0.9525793444156805,,,9,ORIGINAL
480,5,0.0,0.9128709291752769,,,12,ORIGINAL
480,6,0.0,0.7905694150420948,,,10,ORIGINAL
480,7,0.0,0.944911182523068,,,8,ORIGINAL
480,8,0.0,0.9538209664765318,,,7,ORIGINAL
480,9,0.0,0.9622504486493764,,,6,ORIGINAL
481,0,0.0,,,,1,ORIGINAL
481,1,0.0,0.8888888888888888,,,6,ORIGINAL
481,2,0.0,0.8888888888888888,,,6,ORIGINAL
481,3,0.0,0.917662935482247,,,10,ORIGINAL
481,4,0.0,0.8392543274162825,,,8,ORIGINAL
481,5,0.0,0.9525793444156805,,,6,ORIGINAL
481,6,0.0,0.9166666666666669,,,6,ORIGINAL
481,7,0.0,1.0,,,4,ORIGINAL
481,8,0.0,0.8164965809277261,,,3,ORIGINAL
481,9,0.0,0.9561828874675149,,,4,ORIGINAL
482,0,0.0,0.42640143271122083,0.980679084881354,,8,ORIGINAL
482,1,0.0,0.5833333333333334,0.980679084881354,,13,ORIGINAL
482,2,0.0,0.686406472983644,0.9341955259706234,,20,ORIGINAL
482,3,0.0,0.5520560535739333,0.9453174411894198,,57,ORIGINAL
482,4,0.0,0.8001322641986387,0.980679084881354,,12,ORIGINAL
482,5,0.0,0.6240377207533828,0.980679084881354,,20,ORIGINAL
482,6,0.0,0.6308932681440448,0.9561958123527217,,19,ORIGINAL
482,7,0.0,0.7559289460184544,0.980679084881354,,14,ORIGINAL
482,8,0.0,0.8520128672302585,0.980679084881354,,12,ORIGINAL
482,9,0.0,0.8705715001320139,0.980679084881354,,9,ORIGINAL
483,0,0.0,0.9622504486493763,0.9794193485015635,,3,ORIGINAL
483,1,0.0,0.9999999999999998,0.9794193485015635,,5,ORIGINAL
483,2,0.0,,0.9292376140178872,,1,ORIGINAL
483,3,0.0,0.9525793444156805,0.8954618946154363,,6,ORIGINAL
483,4,0.0,,0.9794193485015635,,2,ORIGINAL
483,5,0.0,0.9761870601839528,0.9794193485015635,,5,ORIGINAL
483,6,0.0,0.8164965809277261,0.9659286563039695,,4,ORIGINAL
483,7,0.0,0.9486832980505138,0.9794193485015635,,4,ORIGINAL
483,8,0.0,,0.9794193485015635,,2,ORIGINAL
483,9,0.0,1.0,0.9794193485015635,,6,ORIGINAL
484,0,0.0,,0.9770930325106809,,2,ORIGINAL
484,1,0.0,0.9999999999999999,0.9770930325106809,,4,ORIGINAL
484,2,0.0,,0.9426950569161515,,1,ORIGINAL
484,3,0.0,0.9090909090909091,0.9697879102911497,,5,ORIGINAL
484,4,0.0,,0.9770930325106809,,2,ORIGINAL
484,5,0.0,,0.9770930325106809,,2,ORIGINAL
484,6,0.0,,0.9343338201073141,,2,ORIGINAL
484,7,0.0,,0.9770930325106809,,0,ORIGINAL
484,8,0.0,,0.9770930325106809,,1,ORIGINAL
484,9,0.0,,0.9770930325106809,,1,ORIGINAL
485,0,0.0,,1.0,,0,ORIGINAL
485,1,0.0,0.9999999999999998,1.0,,5,ORIGINAL
485,2,0.0,1.0000000000000002,0.9633150259944552,,3,ORIGINAL
485,3,0.0,0.8215838362577491,0.9478675140998328,,7,ORIGINAL
485,4,0.0,,1.0,,1,ORIGINAL
485,5,0.0,0.9486832980505138,1.0,,5,ORIGINAL
485,6,0.0,0.8819171036881969,0.9646784562203947,,7,ORIGINAL
485,7,0.0,0.9561828874675149,1.0,,5,ORIGINAL
485,8,0.0,0.9525793444156805,1.0,,9,ORIGINAL
485,9,0.0,0.8164965809277259,1.0,,3,ORIGINAL
486,0,0.0,,0.9623825727186329,,2,ORIGINAL
486,1,0.0,0.9561828874675149,0.9623825727186329,,5,ORIGINAL
486,2,0.0,0.9999999999999998,0.9039457219792041,,5,ORIGINAL
486,3,0.0,0.8907986681660889,0.9255037796908177,,10,ORIGINAL
486,4,0.0,,0.9623825727186329,,2,ORIGINAL
486,5,0.0,0.9438798074485389,0.9623825727186329,,5,ORIGINAL
486,6,0.0,0.6546536707079772,0.9443964387512392,,4,ORIGINAL
486,7,0.0,0.9525793444156805,0.9623825727186329,,3,ORIGINAL
486,8,0.0,0.9622504486493763,0.9623825727186329,,3,ORIGINAL
486,9,0.0,0.9999999999999998,0.9623825727186329,,4,ORIGINAL
487,0,0.0,,0.9104393201110875,,2,ORIGINAL
487,1,0.0,0.9486832980505138,0.9104393201110875,,10,ORIGINAL
487,2,0.0,0.9116846116771036,0.9058226523595226,,8,ORIGINAL
487,3,0.0,0.8257228238447704,0.9316261825269136,,17,ORIGINAL
487,4,0.0,0.9185586535436918,0.9104393201110875,,7,ORIGINAL
487,5,0.0,0.9999999999999999,0.9104393201110875,,7,ORIGINAL
487,6,0.0,0.50709255283711,0.8994849015952677,,11,ORIGINAL
487,7,0.0,0.9428090415820635,0.9104393201110875,,3,ORIGINAL
487,8,0.0,0.7302967433402214,0.9104393201110875,,4,ORIGINAL
487,9,0.0,0.9574271077563381,0.9104393201110875,,7,ORIGINAL
488,0,0.0,0.8944271909999159,0.9528205448026255,,5,ORIGINAL
488,1,0.0,0.8682431421244593,0.9528205448026255,,18,ORIGINAL
488,2,0.0,0.7440697862050946,0.9555396405110097,,20,ORIGINAL
488,3,0.0,0.6381935536670476,0.9747204211856244,,56,ORIGINAL
488,4,0.0,0.8890008890013334,0.9528205448026255,,13,ORIGINAL
488,5,0.0,0.8685990362153793,0.9528205448026255,,15,ORIGINAL
488,6,0.0,0.5128776445321725,0.9738170120180061,,17,ORIGINAL
488,7,0.0,0.9434563530497265,0.9528205448026255,,11,ORIGINAL
488,8,0.0,0.8000946913656629,0.9528205448026255,,9,ORIGINAL
488,9,0.0,0.8006407690254357,0.9528205448026255,,10,ORIGINAL
489,0,0.0,,0.9770930333460692,,1,ORIGINAL
489,1,0.0,,0.9770930333460692,,0,ORIGINAL
489,2,0.0,,0.9426950542058579,,0,ORIGINAL
489,3,0.0,,0.9697879072350232,,2,ORIGINAL
489,4,0.0,,0.9770930333460692,,1,ORIGINAL
489,5,0.0,,0.9770930333460692,,2,ORIGINAL
489,6,0.0,,0.9343338179348393,,0,ORIGINAL
489,7,0.0,,0.9770930333460692,,0,ORIGINAL
489,8,0.0,,0.9770930333460692,,0,ORIGINAL
489,9,0.0,,0.9770930333460692,,0,ORIGINAL
490,0,0.0,,0.9609169513296263,,0,ORIGINAL
490,1,0.0,0.9999999999999998,0.9609169513296263,,5,ORIGINAL
490,2,0.0,,0.9324156941116174,,1,ORIGINAL
490,3,0.0,0.944911182523068,0.9447827161558504,,4,ORIGINAL
490,4,0.0,0.9622504486493763,0.9609169513296263,,3,ORIGINAL
490,5,0.0,1.0,0.9609169513296263,,4,ORIGINAL
490,6,0.0,0.8164965809277261,0.9346285509812342,,4,ORIGINAL
490,7,0.0,,0.9609169513296263,,2,ORIGINAL
490,8,0.0,0.9428090415820635,0.9609169513296263,,3,ORIGINAL
490,9,0.0,0.9622504486493763,0.9609169513296263,,3,ORIGINAL
491,0,0.0,,1.0,,1,ORIGINAL
491,1,0.0,0.9999999999999998,1.0,,5,ORIGINAL
491,2,0.0,0.8999999999999998,0.9633150259944552,,7,ORIGINAL
491,3,0.0,0.9354143466934854,0.9478675140998328,,12,ORIGINAL
491,4,0.0,0.9432422182837986,1.0,,5,ORIGINAL
491,5,0.0,0.9091372900969896,1.0,,8,ORIGINAL
491,6,0.0,0.8333333333333334,0.9646784562203947,,4,ORIGINAL
491,7,0.0,0.9428090415820635,1.0,,3,ORIGINAL
491,8,0.0,1.0000000000000002,1.0,,3,ORIGINAL
491,9,0.0,0.9561828874675149,1.0,,5,ORIGINAL
492,0,0.0,,0.9246351728232438,,1,ORIGINAL
492,1,0.0,0.9999999999999998,0.9246351728232438,,5,ORIGINAL
492,2,0.0,0.9561828874675149,0.9390073854089582,,7,ORIGINAL
492,3,0.0,0.9333333333333332,0.9530605252878185,,12,ORIGINAL
492,4,0.0,0.9561828874675149,0.9246351728232438,,5,ORIGINAL
492,5,0.0,0.944911182523068,0.9246351728232438,,8,ORIGINAL
492,6,0.0,0.4216370213557839,0.9144329239460168,,7,ORIGINAL
492,7,0.0,0.9561828874675149,0.9246351728232438,,5,ORIGINAL
492,8,0.0,0.9486832980505138,0.9246351728232438,,6,ORIGINAL
492,9,0.0,0.8485281374238569,0.9246351728232438,,5,ORIGINAL
493,0,0.0,,0.9545005813135693,,0,ORIGINAL
493,1,0.0,,0.9545005813135693,,1,ORIGINAL
493,2,0.0,,0.8965726495809305,,1,ORIGINAL
493,3,0.0,0.2182178902359924,0.911733525129955,,4,ORIGINAL
493,4,0.0,,0.9545005813135693,,1,ORIGINAL
493,5,0.0,0.5773502691896258,0.9545005813135693,,3,ORIGINAL
493,6,0.0,,0.9422929887194212,,2,ORIGINAL
493,7,0.0,,0.9545005813135693,,1,ORIGINAL
493,8,0.0,,0.9545005813135693,,2,ORIGINAL
493,9,0.0,,0.9545005813135693,,1,ORIGINAL
494,0,0.0,,0.9567031257473052,,0,ORIGINAL
494,1,0.0,,0.9567031257473052,,2,ORIGINAL
494,2,0.0,0.857142857142857,0.8856912333301156,,4,ORIGINAL
494,3,0.0,0.9486832980505138,0.9004262954240551,,5,ORIGINAL
494,4,0.0,,0.9567031257473052,,1,ORIGINAL
494,5,0.0,1.0,0.9567031257473052,,4,ORIGINAL
494,6,0.0,0.5669467095138409,0.9311485142117597,,4,ORIGINAL
494,7,0.0,,0.9567031257473052,,2,ORIGINAL
494,8,0.0,,0.9567031257473052,,0,ORIGINAL
494,9,0.0,,0.9567031257473052,,2,ORIGINAL
495,0,0.0,,0.9787128262576937,,2,ORIGINAL
495,1,0.0,0.8451542547285165,0.9787128262576937,,5,ORIGINAL
495,2,0.0,0.727606875108999,0.9352165820534446,,8,ORIGINAL
495,3,0.0,0.7703288865196434,0.9507984093464296,,14,ORIGINAL
495,4,0.0,0.9486832980505138,0.9787128262576937,,6,ORIGINAL
495,5,0.0,0.9428090415820635,0.9787128262576937,,6,ORIGINAL
495,6,0.0,0.4285714285714285,0.9503441910853968,,5,ORIGINAL
495,7,0.0,,0.9787128262576937,,2,ORIGINAL
495,8,0.0,0.9525793444156805,0.9787128262576937,,3,ORIGINAL
495,9,0.0,0.82502864732539,0.9787128262576937,,5,ORIGINAL
496,0,0.0,,0.9547094729000742,,2,ORIGINAL
496,1,0.0,0.1259881576697424,0.9547094729000742,,7,ORIGINAL
496,2,0.0,0.10660035817780521,0.9773974106307879,,5,ORIGINAL
496,3,0.0,-0.13453455879926252,0.9866204911526395,,14,ORIGINAL
496,4,0.0,,0.9547094729000742,,2,ORIGINAL
496,5,0.0,0.3779644730092272,0.9547094729000742,,7,ORIGINAL
496,6,0.0,0.0,0.9639000495079136,,6,ORIGINAL
496,7,0.0,0.5477225575051661,0.9547094729000742,,3,ORIGINAL
496,8,0.0,,0.9547094729000742,,2,ORIGINAL
496,9,0.0,0.30304576336566325,0.9547094729000742,,5,ORIGINAL
497,0,0.0,,0.9910692509124865,,1,ORIGINAL
497,1,0.0,0.944911182523068,0.9910692509124865,,4,ORIGINAL
497,2,0.0,0.9467292624062573,0.9654738498160915,,9,ORIGINAL
497,3,0.0,0.890870806374748,0.9553739601692997,,15,ORIGINAL
497,4,0.0,0.9486832980505138,0.9910692509124865,,4,ORIGINAL
497,5,0.0,0.9467292624062573,0.9910692509124865,,9,ORIGINAL
497,6,0.0,0.23094010767585027,0.9568319989381695,,14,ORIGINAL
497,7,0.0,0.9434563530497265,0.9910692509124865,,8,ORIGINAL
497,8,0.0,0.8801724588467041,0.9910692509124865,,8,ORIGINAL
497,9,0.0,0.8333333333333334,0.9910692509124865,,4,ORIGINAL
498,0,0.0,,,,0,ORIGINAL
498,1,0.0,,,,2,ORIGINAL
498,2,0.0,,,,1,ORIGINAL
498,3,0.0,,,,1,ORIGINAL
498,4,0.0,,,,1,ORIGINAL
498,5,0.0,,,,2,ORIGINAL
498,6,0.0,,,,2,ORIGINAL
498,7,0.0,,,,0,ORIGINAL
498,8,0.0,,,,0,ORIGINAL
498,9,0.0,,,,1,ORIGINAL
499,0,0.0,0.8504200642707612,0.9794193464625086,,5,ORIGINAL
499,1,0.0,0.9428090415820635,0.9794193464625086,,9,ORIGINAL
499,2,0.0,0.9473729613780999,0.929237609790877,,8,ORIGINAL
499,3,0.0,0.9139076937674137,0.8954618915082851,,22,ORIGINAL
499,4,0.0,0.9061030445113443,0.9794193464625086,,7,ORIGINAL
499,5,0.0,0.9395523512235255,0.9794193464625086,,11,ORIGINAL
499,6,0.0,0.5855400437691199,0.9659286575529046,,12,ORIGINAL
499,7,0.0,0.9354143466934854,0.9794193464625086,,9,ORIGINAL
499,8,0.0,0.9428090415820634,0.9794193464625086,,6,ORIGINAL
499,9,0.0,0.9209109202723808,0.9794193464625086,,8,ORIGINAL
500,0,0.0,,0.9787128258238049,,1,ORIGINAL
500,1,0.0,1.0000000000000002,0.9787128258238049,,6,ORIGINAL
500,2,0.0,0.9486832980505138,0.9352165812195476,,5,ORIGINAL
500,3,0.0,0.9647638212377322,0.9507984080426413,,10,ORIGINAL
500,4,0.0,0.9707253433941511,0.9787128258238049,,4,ORIGINAL
500,5,0.0,1.0000000000000002,0.9787128258238049,,6,ORIGINAL
500,6,0.0,0.5555555555555556,0.9503441917874439,,9,ORIGINAL
500,7,0.0,0.944911182523068,0.9787128258238049,,4,ORIGINAL
500,8,0.0,,0.9787128258238049,,2,ORIGINAL
500,9,0.0,0.9799578870122229,0.9787128258238049,,6,ORIGINAL
501,0,0.0,,0.978712826024429,,1,ORIGINAL
501,1,0.0,0.7453559924999299,0.978712826024429,,6,ORIGINAL
501,2,0.0,0.6546536707079772,0.935216581851943,,4,ORIGINAL
501,3,0.0,0.7647191129018724,0.9507984092028162,,13,ORIGINAL
501,4,0.0,0.9761870601839528,0.978712826024429,,5,ORIGINAL
501,5,0.0,0.8944271909999159,0.978712826024429,,10,ORIGINAL
501,6,0.0,0.7130240959073808,0.9503441912880422,,12,ORIGINAL
501,7,0.0,0.8451542547285165,0.978712826024429,,8,ORIGINAL
501,8,0.0,0.6933752452815365,0.978712826024429,,7,ORIGINAL
501,9,0.0,0.8908708063747479,0.978712826024429,,7,ORIGINAL
502,0,0.0,,0.9639813096194855,,2,ORIGINAL
502,1,0.0,,0.9639813096194855,,2,ORIGINAL
502,2,0.0,0.8164965809277259,0.905451634656699,,5,ORIGINAL
502,3,0.0,0.5892556509887896,0.867610360799182,,9,ORIGINAL
502,4,0.0,0.2773500981126146,0.9639813096194855,,4,ORIGINAL
502,5,0.0,0.5773502691896258,0.9639813096194855,,3,ORIGINAL
502,6,0.0,0.5345224838248487,0.9485264292869353,,4,ORIGINAL
502,7,0.0,,0.9639813096194855,,2,ORIGINAL
502,8,0.0,,0.9639813096194855,,2,ORIGINAL
502,9,0.0,0.3333333333333333,0.9639813096194855,,4,ORIGINAL
503,0,0.0,-0.7071067811865475,0.9265269144557784,,4,ORIGINAL
503,1,0.0,0.0,0.9265269144557784,,3,ORIGINAL
503,2,0.0,0.0,0.8674344100157444,,11,ORIGINAL
503,3,0.0,-0.15936381457791915,0.8508475952763901,,25,ORIGINAL
503,4,0.0,-0.19611613513818404,0.9265269144557784,,11,ORIGINAL
503,5,0.0,0.11952286093343936,0.9265269144557784,,11,ORIGINAL
503,6,0.0,-0.19069251784911848,0.9305804524064215,,9,ORIGINAL
503,7,0.0,,0.9265269144557784,,5,ORIGINAL
503,8,0.0,0.5345224838248488,0.9265269144557784,,5,ORIGINAL
503,9,0.0,0.8164965809277261,0.9265269144557784,,4,ORIGINAL
504,0,0.0,,0.9545005798441111,,0,ORIGINAL
504,1,0.0,,0.9545005798441111,,2,ORIGINAL
504,2,0.0,0.8333333333333334,0.896572649604279,,7,ORIGINAL
504,3,0.0,0.8528028654224419,0.9117335255779871,,9,ORIGINAL
504,4,0.0,,0.9545005798441111,,1,ORIGINAL
504,5,0.0,0.9525793444156805,0.9545005798441111,,6,ORIGINAL
504,6,0.0,0.30151134457776363,0.9422929880042143,,5,ORIGINAL
504,7,0.0,0.9622504486493763,0.9545005798441111,,3,ORIGINAL
504,8,0.0,0.9707253433941511,0.9545005798441111,,4,ORIGINAL
504,9,0.0,0.8164965809277259,0.9545005798441111,,3,ORIGINAL
505,0,0.0,,0.9794193459027657,,2,ORIGINAL
505,1,0.0,0.9561828874675149,0.9794193459027657,,7,ORIGINAL
505,2,0.0,0.9322944450820391,0.9292376084187401,,20,ORIGINAL
505,3,0.0,0.9076506967077382,0.89546188772477,,29,ORIGINAL
505,4,0.0,0.9430419201928973,0.9794193459027657,,8,ORIGINAL
505,5,0.0,0.9438798074485388,0.9794193459027657,,10,ORIGINAL
505,6,0.0,0.19364916731037085,0.9659286528352268,,11,ORIGINAL
505,7,0.0,0.9428090415820635,0.9794193459027657,,9,ORIGINAL
505,8,0.0,0.9525793444156805,0.9794193459027657,,9,ORIGINAL
505,9,0.0,0.9460998335825321,0.9794193459027657,,8,ORIGINAL
506,0,0.0,,0.9623825726019074,,0,ORIGINAL
506,1,0.0,1.0,0.9623825726019074,,4,ORIGINAL
506,2,0.0,0.944911182523068,0.9039457242238322,,4,ORIGINAL
506,3,0.0,0.9486832980505138,0.9255037799035835,,5,ORIGINAL
506,4,0.0,0.9761870601839528,0.9623825726019074,,5,ORIGINAL
506,5,0.0,0.9999999999999998,0.9623825726019074,,5,ORIGINAL
506,6,0.0,0.8451542547285165,0.9443964430495274,,5,ORIGINAL
506,7,0.0,0.944911182523068,0.9623825726019074,,4,ORIGINAL
506,8,0.0,,0.9623825726019074,,2,ORIGINAL
506,9,0.0,0.9999999999999998,0.9623825726019074,,5,ORIGINAL
507,0,0.0,,0.9703477080034715,,0,ORIGINAL
507,1,0.0,1.0000000000000002,0.9703477080034715,,3,ORIGINAL
507,2,0.0,,0.9752684761821245,,1,ORIGINAL
507,3,0.0,0.944911182523068,0.9550011820352644,,4,ORIGINAL
507,4,0.0,,0.9703477080034715,,2,ORIGINAL
507,5,0.0,1.0,0.9703477080034715,,4,ORIGINAL
507,6,0.0,0.16903085094570328,0.9438233952810736,,4,ORIGINAL
507,7,0.0,,0.9703477080034715,,1,ORIGINAL
507,8,0.0,,0.9703477080034715,,2,ORIGINAL
507,9,0.0,1.0000000000000002,0.9703477080034715,,3,ORIGINAL
508,0,0.0,,0.9623825744921536,,2,ORIGINAL
508,1,0.0,1.0,0.9623825744921536,,4,ORIGINAL
508,2,0.0,0.9669875568304563,0.9039457247248888,,8,ORIGINAL
508,3,0.0,0.9561828874675149,0.9255037785690072,,11,ORIGINAL
508,4,0.0,0.8801724588467041,0.9623825744921536,,8,ORIGINAL
508,5,0.0,0.9467292624062573,0.9623825744921536,,9,ORIGINAL
508,6,0.0,0.7378647873726218,0.9443964442816921,,6,ORIGINAL
508,7,0.0,0.9428090415820635,0.9623825744921536,,3,ORIGINAL
508,8,0.0,0.9467292624062573,0.9623825744921536,,6,ORIGINAL
508,9,0.0,0.8366600265340756,0.9623825744921536,,4,ORIGINAL
509,0,0.0,,0.9901813488947748,,1,ORIGINAL
509,1,0.0,0.8749999999999998,0.9901813488947748,,5,ORIGINAL
509,2,0.0,0.9449111825230682,0.9757308546538777,,12,ORIGINAL
509,3,0.0,0.9442673704375604,0.9689598403706235,,16,ORIGINAL
509,4,0.0,0.9434563530497265,0.9901813488947748,,4,ORIGINAL
509,5,0.0,0.923869770874312,0.9901813488947748,,12,ORIGINAL
509,6,0.0,0.6454972243679028,0.9768098580919811,,10,ORIGINAL
509,7,0.0,0.9431191251430151,0.9901813488947748,,7,ORIGINAL
509,8,0.0,0.8528028654224417,0.9901813488947748,,10,ORIGINAL
509,9,0.0,0.7833494518006403,0.9901813488947748,,6,ORIGINAL
510,0,0.0,,0.9455158006087612,,1,ORIGINAL
510,1,0.0,0.9707253433941511,0.9455158006087612,,4,ORIGINAL
510,2,0.0,,0.9324283666411476,,0,ORIGINAL
510,3,0.0,,0.9569646934540764,,2,ORIGINAL
510,4,0.0,,0.9455158006087612,,1,ORIGINAL
510,5,0.0,,0.9455158006087612,,0,ORIGINAL
510,6,0.0,,0.943888036299754,,2,ORIGINAL
510,7,0.0,,0.9455158006087612,,2,ORIGINAL
510,8,0.0,,0.9455158006087612,,0,ORIGINAL
510,9,0.0,0.9622504486493763,0.9455158006087612,,3,ORIGINAL
511,0,0.0,0.6201736729460423,0.9246351820614569,,10,ORIGINAL
511,1,0.0,0.5378528742004771,0.9246351820614569,,17,ORIGINAL
511,2,0.0,0.34848547349522574,0.9390073941689911,,19,ORIGINAL
511,3,0.0,0.4550910273091032,0.95306053403227,,56,ORIGINAL
511,4,0.0,0.7191465199607916,0.9246351820614569,,15,ORIGINAL
511,5,0.0,0.7947194142390263,0.9246351820614569,,17,ORIGINAL
511,6,0.0,0.858116330321033,0.9144329297789808,,18,ORIGINAL
511,7,0.0,0.9176629354822469,0.9246351820614569,,10,ORIGINAL
511,8,0.0,0.8703882797784892,0.9246351820614569,,14,ORIGINAL
511,9,0.0,0.9296696802013681,0.9246351820614569,,8,ORIGINAL
512,0,0.0,,0.9949239910306324,,1,ORIGINAL
512,1,0.0,,0.9949239910306324,,1,ORIGINAL
512,2,0.0,,0.9530205423438095,,0,ORIGINAL
512,3,0.0,,0.9511654733196353,,1,ORIGINAL
512,4,0.0,,0.9949239910306324,,2,ORIGINAL
512,5,0.0,,0.9949239910306324,,2,ORIGINAL
512,6,0.0,,0.9650052685183078,,1,ORIGINAL
512,7,0.0,,0.9949239910306324,,1,ORIGINAL
512,8,0.0,,0.9949239910306324,,2,ORIGINAL
512,9,0.0,,0.9949239910306324,,1,ORIGINAL
513,0,0.0,1.0000000000000002,0.9639813109219794,,3,ORIGINAL
513,1,0.0,0.9486832980505138,0.9639813109219794,,4,ORIGINAL
513,2,0.0,0.9486832980505138,0.9054516378012256,,7,ORIGINAL
513,3,0.0,0.8839599998785473,0.8676103665531647,,16,ORIGINAL
513,4,0.0,1.0000000000000002,0.9639813109219794,,3,ORIGINAL
513,5,0.0,0.7717436331412897,0.9639813109219794,,8,ORIGINAL
513,6,0.0,0.5163977794943222,0.9485264305968566,,7,ORIGINAL
513,7,0.0,0.9561828874675149,0.9639813109219794,,4,ORIGINAL
513,8,0.0,,0.9639813109219794,,2,ORIGINAL
513,9,0.0,0.9525793444156805,0.9639813109219794,,6,ORIGINAL
514,0,0.0,,0.9616716985580459,,0,ORIGINAL
514,1,0.0,,0.9616716985580459,,2,ORIGINAL
514,2,0.0,,0.9692984724252183,,0,ORIGINAL
514,3,0.0,,0.971164751087794,,1,ORIGINAL
514,4,0.0,,0.9616716985580459,,1,ORIGINAL
514,5,0.0,,0.9616716985580459,,1,ORIGINAL
514,6,0.0,0.9428090415820635,0.9700823595532821,,3,ORIGINAL
514,7,0.0,,0.9616716985580459,,0,ORIGINAL
514,8,0.0,0.9622504486493763,0.9616716985580459,,3,ORIGINAL
514,9,0.0,,0.9616716985580459,,1,ORIGINAL
515,0,0.0,,0.9901813493374386,,0,ORIGINAL
515,1,0.0,1.0,0.9901813493374386,,4,ORIGINAL
515,2,0.0,0.8944271909999159,0.9757308540007238,,6,ORIGINAL
515,3,0.0,0.795495128834866,0.9689598395447232,,10,ORIGINAL
515,4,0.0,0.9486832980505138,0.9901813493374386,,4,ORIGINAL
515,5,0.0,0.9999999999999999,0.9901813493374386,,7,ORIGINAL
515,6,0.0,0.7216878364870323,0.9768098564304222,,7,ORIGINAL
515,7,0.0,0.9428090415820635,0.9901813493374386,,3,ORIGINAL
515,8,0.0,0.9438798074485389,0.9901813493374386,,5,ORIGINAL
515,9,0.0,1.0000000000000002,0.9901813493374386,,3,ORIGINAL
516,0,0.0,,0.930748962014319,,0,ORIGINAL
516,1,0.0,0.8473185457363235,0.930748962014319,,10,ORIGINAL
516,2,0.0,0.9141379262169076,0.9290537085483622,,12,ORIGINAL
516,3,0.0,0.9240616554505462,0.9461908086193563,,22,ORIGINAL
516,4,0.0,0.9315516419063741,0.930748962014319,,11,ORIGINAL
516,5,0.0,0.9506541513652698,0.930748962014319,,11,ORIGINAL
516,6,0.0,0.5345224838248488,0.9485190287333574,,15,ORIGINAL
516,7,0.0,0.9431191251430151,0.930748962014319,,7,ORIGINAL
516,8,0.0,0.8933250005738373,0.930748962014319,,11,ORIGINAL
516,9,0.0,0.9393364366277241,0.930748962014319,,6,ORIGINAL
517,560,0.9,0.8693182879212227,0.9866204948108988,,10,ORIGINAL
517,739,0.9,0.9428090415820635,,,3,ORIGINAL
517,0,0.0,1.0000000000000002,0.9478675140998328,,3,ORIGINAL
517,1,0.0,0.9431191251430151,0.9478675140998328,,7,ORIGINAL
517,2,0.0,0.9428090415820635,0.9777320874553711,,6,ORIGINAL
517,3,0.0,0.9199353193217104,1.0000000000000002,,16,ORIGINAL
517,4,0.0,0.9622504486493764,0.9478675140998328,,6,ORIGINAL
517,5,0.0,0.8783100656536799,0.9478675140998328,,6,ORIGINAL
517,6,0.0,0.9428090415820634,0.9413488731479989,,6,ORIGINAL
517,7,0.0,0.9428090415820634,0.9478675140998328,,6,ORIGINAL
518,0,0.0,,0.9464225470148862,,2,ORIGINAL
518,1,0.0,0.8660254037844387,0.9464225470148862,,4,ORIGINAL
518,2,0.0,0.944911182523068,0.9364023572975462,,4,ORIGINAL
518,3,0.0,0.8485281374238569,0.9460638188260363,,7,ORIGINAL
518,4,0.0,,0.9464225470148862,,2,ORIGINAL
518,5,0.0,1.0,0.9464225470148862,,5,ORIGINAL
518,6,0.0,0.4472135954999579,0.9660329917582505,,5,ORIGINAL
518,7,0.0,0.9428090415820635,0.9464225470148862,,3,ORIGINAL
518,8,0.0,,0.9464225470148862,,0,ORIGINAL
518,9,0.0,0.9761870601839528,0.9464225470148862,,5,ORIGINAL
519,0,0.0,0.0,0.9557478128967588,,7,ORIGINAL
519,1,0.0,0.45643546458763834,0.9557478128967588,,13,ORIGINAL
519,2,0.0,0.6893587725135434,0.8993093831661833,,17,ORIGINAL
519,3,0.0,0.646755504751857,0.8997410506621284,,47,ORIGINAL
519,4,0.0,0.6254627916220946,0.9557478128967588,,12,ORIGINAL
519,5,0.0,0.8981004187394178,0.9557478128967588,,12,ORIGINAL
519,6,0.0,0.5563486402641867,0.9319636236861367,,15,ORIGINAL
519,7,0.0,0.8908708063747479,0.9557478128967588,,6,ORIGINAL
519,8,0.0,0.7817359599705717,0.9557478128967588,,6,ORIGINAL
519,9,0.0,0.6521739130434784,0.9557478128967588,,9,ORIGINAL
520,0,0.0,,0.9487238645016982,,1,ORIGINAL
520,1,0.0,0.9486832980505138,0.9487238645016982,,5,ORIGINAL
520,2,0.0,0.9999999999999998,0.8891044081948138,,5,ORIGINAL
520,3,0.0,0.8362420100070909,0.9153603101324461,,10,ORIGINAL
520,4,0.0,,0.9487238645016982,,1,ORIGINAL
520,5,0.0,0.9428090415820635,0.9487238645016982,,3,ORIGINAL
520,6,0.0,0.8451542547285165,0.9216288987331467,,7,ORIGINAL
520,7,0.0,0.9999999999999999,0.9487238645016982,,4,ORIGINAL
520,8,0.0,,0.9487238645016982,,2,ORIGINAL
520,9,0.0,0.9428090415820635,0.9487238645016982,,3,ORIGINAL
521,0,0.0,,1.0,,2,ORIGINAL
521,1,0.0,0.31622776601683794,1.0,,5,ORIGINAL
521,2,0.0,-0.2519763153394848,0.9633150259944552,,6,ORIGINAL
521,3,0.0,-0.10206207261596574,0.9478675140998328,,8,ORIGINAL
521,4,0.0,,1.0,,2,ORIGINAL
521,5,0.0,,1.0,,1,ORIGINAL
521,6,0.0,-0.4285714285714285,0.9646784562203947,,7,ORIGINAL
521,7,0.0,,1.0,,2,ORIGINAL
521,8,0.0,,1.0,,1,ORIGINAL
521,9,0.0,-0.5,1.0,,4,ORIGINAL
522,0,0.0,,1.0,,1,ORIGINAL
522,1,0.0,,1.0,,1,ORIGINAL
522,2,0.0,,0.9633150259944552,,1,ORIGINAL
522,3,0.0,0.0,0.9478675140998328,,5,ORIGINAL
522,4,0.0,,1.0,,2,ORIGINAL
522,5,0.0,,1.0,,2,ORIGINAL
522,6,0.0,,0.9646784562203947,,1,ORIGINAL
522,7,0.0,,1.0,,0,ORIGINAL
522,8,0.0,,1.0,,1,ORIGINAL
522,9,0.0,,1.0,,2,ORIGINAL
523,0,0.0,,0.9770930333460692,,1,ORIGINAL
523,1,0.0,1.0000000000000002,0.9770930333460692,,3,ORIGINAL
523,2,0.0,1.0000000000000002,0.9426950542058579,,3,ORIGINAL
523,3,0.0,0.894427190999916,0.9697879072350232,,9,ORIGINAL
523,4,0.0,0.8910421112136306,0.9770930333460692,,10,ORIGINAL
523,5,0.0,0.9999999999999999,0.9770930333460692,,7,ORIGINAL
523,6,0.0,0.8819171036881969,0.9343338179348393,,7,ORIGINAL
523,7,0.0,1.0,0.9770930333460692,,4,ORIGINAL
523,8,0.0,0.9761870601839528,0.9770930333460692,,5,ORIGINAL
523,9,0.0,1.0,0.9770930333460692,,4,ORIGINAL
524,0,0.0,0.9354143466934852,0.9806790848327507,,5,ORIGINAL
524,1,0.0,0.82915619758885,0.9806790848327507,,8,ORIGINAL
524,2,0.0,0.7745966692414834,0.9341955254927595,,10,ORIGINAL
524,3,0.0,0.8513143063906891,0.9453174396320317,,27,ORIGINAL
524,4,0.0,0.9457924331331946,0.9806790848327507,,11,ORIGINAL
524,5,0.0,0.8854377448471461,0.9806790848327507,,11,ORIGINAL
524,6,0.0,0.545544725589981,0.9561958136478158,,12,ORIGINAL
524,7,0.0,0.8660254037844386,0.9806790848327507,,6,ORIGINAL
524,8,0.0,0.894427190999916,0.9806790848327507,,6,ORIGINAL
524,9,0.0,0.9036961141150639,0.9806790848327507,,8,ORIGINAL
525,0,0.0,,0.9787128262576937,,1,ORIGINAL
525,1,0.0,0.9486832980505138,0.9787128262576937,,5,ORIGINAL
525,2,0.0,0.8999999999999998,0.9352165820534446,,7,ORIGINAL
525,3,0.0,0.894427190999916,0.9507984093464296,,9,ORIGINAL
525,4,0.0,0.9622504486493763,0.9787128262576937,,3,ORIGINAL
525,5,0.0,1.0000000000000002,0.9787128262576937,,3,ORIGINAL
525,6,0.0,0.2834733547569204,0.9503441910853968,,8,ORIGINAL
525,7,0.0,,0.9787128262576937,,2,ORIGINAL
525,8,0.0,,0.9787128262576937,,0,ORIGINAL
525,9,0.0,0.9707253433941511,0.9787128262576937,,4,ORIGINAL
526,101,0.9,0.8332380897952963,0.9794398703810774,,13,ORIGINAL
526,200,0.9,0.944911182523068,0.9650727927020335,,14,ORIGINAL
526,595,0.9,0.847822751996795,0.9650727940117362,,13,ORIGINAL
526,709,0.9,0.9429903335828895,0.9659079211995982,,13,ORIGINAL
526,0,0.0,0.4629100498862757,0.9794193485015635,,4,ORIGINAL
526,1,0.0,0.9999999999999998,0.9794193485015635,,5,ORIGINAL
526,2,0.0,0.9469425238482128,0.9292376140178872,,11,ORIGINAL
526,3,0.0,0.9459544766274562,0.8954618946154363,,20,ORIGINAL
526,4,0.0,1.0000000000000002,0.9794193485015635,,6,ORIGINAL
526,5,0.0,0.8946750577612211,0.9794193485015635,,12,ORIGINAL
527,0,0.0,,0.964678458555335,,0,ORIGINAL
527,1,0.0,,0.964678458555335,,1,ORIGINAL
527,2,0.0,,0.965834604492053,,0,ORIGINAL
527,3,0.0,0.8749999999999998,0.9413488713238006,,5,ORIGINAL
527,4,0.0,,0.964678458555335,,2,ORIGINAL
527,5,0.0,0.8164965809277259,0.964678458555335,,3,ORIGINAL
527,6,0.0,,0.9999999999999974,,2,ORIGINAL
527,7,0.0,,0.964678458555335,,2,ORIGINAL
527,8,0.0,0.9428090415820635,0.964678458555335,,3,ORIGINAL
527,9,0.0,,0.964678458555335,,1,ORIGINAL
528,0,0.0,,0.9794193485015635,,0,ORIGINAL
528,1,0.0,,0.9794193485015635,,0,ORIGINAL
528,2,0.0,,0.9292376140178872,,1,ORIGINAL
528,3,0.0,,0.8954618946154363,,2,ORIGINAL
528,4,0.0,,0.9794193485015635,,1,ORIGINAL
528,5,0.0,0.9428090415820635,0.9794193485015635,,3,ORIGINAL
528,6,0.0,,0.9659286563039695,,2,ORIGINAL
528,7,0.0,,0.9794193485015635,,0,ORIGINAL
528,8,0.0,,0.9794193485015635,,2,ORIGINAL
528,9,0.0,,0.9794193485015635,,0,ORIGINAL
529,0,0.0,0.9090909090909091,0.9806790827122713,,5,ORIGINAL
529,1,0.0,0.9090648228942843,0.9806790827122713,,14,ORIGINAL
529,2,0.0,0.9118054526361706,0.9341955275642331,,14,ORIGINAL
529,3,0.0,0.8968183566268406,0.9453174449713314,,31,ORIGINAL
529,4,0.0,0.9182191382286217,0.9806790827122713,,17,ORIGINAL
529,5,0.0,0.9177788727679405,0.9806790827122713,,17,ORIGINAL
529,6,0.0,0.8486684247915055,0.9561958125198223,,12,ORIGINAL
529,7,0.0,0.95,0.9806790827122713,,7,ORIGINAL
529,8,0.0,0.9135468796041984,0.9806790827122713,,9,ORIGINAL
529,9,0.0,0.9545454545454546,0.9806790827122713,,7,ORIGINAL
530,0,0.0,1.0000000000000002,0.9956726838180858,,3,ORIGINAL
530,1,0.0,0.7071067811865475,0.9956726838180858,,6,ORIGINAL
530,2,0.0,0.7071067811865475,0.9546407674187839,,5,ORIGINAL
530,3,0.0,0.7637626158259734,0.9307724813744811,,14,ORIGINAL
530,4,0.0,0.9128709291752767,0.9956726838180858,,6,ORIGINAL
530,5,0.0,0.903696114115064,0.9956726838180858,,7,ORIGINAL
530,6,0.0,0.6900655593423543,0.9693649147303984,,10,ORIGINAL
530,7,0.0,0.8528028654224417,0.9956726838180858,,5,ORIGINAL
530,8,0.0,1.0000000000000002,0.9956726838180858,,3,ORIGINAL
530,9,0.0,0.9761870601839528,0.9956726838180858,,5,ORIGINAL
531,0,0.0,,0.9639813098116331,,2,ORIGINAL
531,1,0.0,0.7559289460184544,0.9639813098116331,,7,ORIGINAL
531,2,0.0,0.7378647873726218,0.9054516351274056,,9,ORIGINAL
531,3,0.0,0.7745966692414834,0.8676103609921769,,19,ORIGINAL
531,4,0.0,0.9128709291752769,0.9639813098116331,,4,ORIGINAL
531,5,0.0,0.9116846116771036,0.9639813098116331,,8,ORIGINAL
531,6,0.0,0.545544725589981,0.9485264300328381,,10,ORIGINAL
531,7,0.0,0.944911182523068,0.9639813098116331,,4,ORIGINAL
531,8,0.0,0.8006407690254358,0.9639813098116331,,4,ORIGINAL
531,9,0.0,0.9486832980505138,0.9639813098116331,,6,ORIGINAL
532,549,0.9,0.9707253433941511,,,4,ORIGINAL
532,739,0.9,1.0000000000000002,,,3,ORIGINAL
532,0,0.0,,1.0,,1,ORIGINAL
532,1,0.0,0.9999999999999999,1.0,,7,ORIGINAL
532,2,0.0,0.9561828874675149,0.9633150259944552,,7,ORIGINAL
532,3,0.0,0.9411764705882353,0.9478675140998328,,14,ORIGINAL
532,4,0.0,0.9847982464479191,1.0,,8,ORIGINAL
532,5,0.0,1.0,1.0,,11,ORIGINAL
532,6,0.0,0.6471502289294341,0.9646784562203947,,9,ORIGINAL
532,7,0.0,0.9434563530497265,1.0,,7,ORIGINAL
533,0,0.0,,0.9246351711452081,,1,ORIGINAL
533,1,0.0,0.0975900072948533,0.9246351711452081,,7,ORIGINAL
533,2,0.0,0.9486832980505138,0.9390073863570617,,5,ORIGINAL
533,3,0.0,0.6975184488828855,0.9530605271704613,,16,ORIGINAL
533,4,0.0,0.5454545454545454,0.9246351711452081,,5,ORIGINAL
533,5,0.0,0.3223291856101521,0.9246351711452081,,8,ORIGINAL
533,6,0.0,0.8164965809277259,0.9144329263272255,,6,ORIGINAL
533,7,0.0,,0.9246351711452081,,1,ORIGINAL
533,8,0.0,0.18181818181818182,0.9246351711452081,,5,ORIGINAL
533,9,0.0,0.7999999999999998,0.9246351711452081,,3,ORIGINAL
534,0,0.0,0.944911182523068,0.9794193453009999,,4,ORIGINAL
534,1,0.0,1.0000000000000002,0.9794193453009999,,6,ORIGINAL
534,2,0.0,0.9486832980505138,0.9292376106655201,,5,ORIGINAL
534,3,0.0,0.9999999999999998,0.8954618914220107,,8,ORIGINAL
534,4,0.0,0.8333333333333335,0.9794193453009999,,3,ORIGINAL
534,5,0.0,0.9999999999999998,0.9794193453009999,,5,ORIGINAL
534,6,0.0,0.6454972243679029,0.965928658737586,,7,ORIGINAL
534,7,0.0,1.0000000000000002,0.9794193453009999,,3,ORIGINAL
534,8,0.0,0.8333333333333335,0.9794193453009999,,3,ORIGINAL
534,9,0.0,0.9761870601839528,0.9794193453009999,,5,ORIGINAL
535,0,0.0,,,,3,ORIGINAL
535,1,0.0,0.44474958999666075,,,13,ORIGINAL
535,2,0.0,0.8000946913656627,,,16,ORIGINAL
535,3,0.0,0.6813851438692469,,,38,ORIGINAL
535,4,0.0,0.6115766297251507,,,14,ORIGINAL
535,5,0.0,0.5457051563317492,,,15,ORIGINAL
535,6,0.0,0.5443310539518174,,,15,ORIGINAL
535,7,0.0,0.7337993857053429,,,7,ORIGINAL
535,8,0.0,0.48686449556014766,,,9,ORIGINAL
535,9,0.0,0.894427190999916,,,6,ORIGINAL
536,0,0.0,,0.946223821174646,,3,ORIGINAL
536,1,0.0,0.4622501635210243,0.946223821174646,,9,ORIGINAL
536,2,0.0,0.7442084075352507,0.8791092376242975,,10,ORIGINAL
536,3,0.0,0.6825236327899352,0.8884161084142073,,19,ORIGINAL
536,4,0.0,0.9045340337332908,0.946223821174646,,7,ORIGINAL
536,5,0.0,0.9525793444156805,0.946223821174646,,6,ORIGINAL
536,6,0.0,0.6614378277661476,0.9304565195638744,,9,ORIGINAL
536,7,0.0,0.9428090415820635,0.946223821174646,,3,ORIGINAL
536,8,0.0,0.3999999999999999,0.946223821174646,,4,ORIGINAL
536,9,0.0,0.8017837257372732,0.946223821174646,,6,ORIGINAL
537,0,0.0,,1.0,,0,ORIGINAL
537,1,0.0,0.8660254037844387,1.0,,8,ORIGINAL
537,2,0.0,0.242535625036333,0.9633150259944552,,8,ORIGINAL
537,3,0.0,0.8492077756084468,0.9478675140998328,,17,ORIGINAL
537,4,0.0,0.680336051416609,1.0,,10,ORIGINAL
537,5,0.0,0.9197090092274486,1.0,,16,ORIGINAL
537,6,0.0,0.5262348115842176,0.9646784562203947,,13,ORIGINAL
537,7,0.0,0.9036961141150639,1.0,,6,ORIGINAL
537,8,0.0,0.8911327886790069,1.0,,13,ORIGINAL
537,9,0.0,0.6804138174397718,1.0,,7,ORIGINAL
538,0,0.0,1.0000000000000002,0.9623825744921536,,3,ORIGINAL
538,1,0.0,0.894427190999916,0.9623825744921536,,9,ORIGINAL
538,2,0.0,0.9128709291752769,0.9039457247248888,,9,ORIGINAL
538,3,0.0,0.8946300779688404,0.9255037785690072,,17,ORIGINAL
538,4,0.0,0.85,0.9623825744921536,,10,ORIGINAL
538,5,0.0,0.9203579866168444,0.9623825744921536,,11,ORIGINAL
538,6,0.0,0.5773502691896257,0.9443964442816921,,9,ORIGINAL
538,7,0.0,0.968962790249909,0.9623825744921536,,6,ORIGINAL
538,8,0.0,0.8705715001320139,0.9623825744921536,,7,ORIGINAL
538,9,0.0,0.9434563530497265,0.9623825744921536,,4,ORIGINAL
539,0,0.0,,1.0,,1,ORIGINAL
539,1,0.0,0.9428090415820635,1.0,,3,ORIGINAL
539,2,0.0,-0.6933752452815365,0.9633150259944552,,4,ORIGINAL
539,3,0.0,-0.42874646285627205,0.9478675140998328,,5,ORIGINAL
539,4,0.0,,1.0,,2,ORIGINAL
539,5,0.0,,1.0,,1,ORIGINAL
539,6,0.0,0.7559289460184544,0.9646784562203947,,4,ORIGINAL
539,7,0.0,,1.0,,2,ORIGINAL
539,8,0.0,,1.0,,1,ORIGINAL
539,9,0.0,,1.0,,2,ORIGINAL
540,0,0.0,,0.9478675140998328,,1,ORIGINAL
540,1,0.0,,0.9478675140998328,,2,ORIGINAL
540,2,0.0,0.8164965809277261,0.9777320874553711,,3,ORIGINAL
540,3,0.0,0.7071067811865475,1.0000000000000002,,4,ORIGINAL
540,4,0.0,,0.9478675140998328,,2,ORIGINAL
540,5,0.0,0.4472135954999579,0.9478675140998328,,5,ORIGINAL
540,6,0.0,,0.9413488731479989,,5,ORIGINAL
540,7,0.0,,0.9478675140998328,,1,ORIGINAL
540,8,0.0,,0.9478675140998328,,1,ORIGINAL
540,9,0.0,0.6666666666666666,0.9478675140998328,,3,ORIGINAL
541,0,0.0,,1.0,,2,ORIGINAL
541,1,0.0,,1.0,,2,ORIGINAL
541,2,0.0,0.0,0.9633150259944552,,3,ORIGINAL
541,3,0.0,-0.1556997888323046,0.9478675140998328,,9,ORIGINAL
541,4,0.0,0.18257418583505536,1.0,,4,ORIGINAL
541,5,0.0,0.6172133998483678,1.0,,12,ORIGINAL
541,6,0.0,0.944911182523068,0.9646784562203947,,4,ORIGINAL
541,7,0.0,0.9561828874675149,1.0,,5,ORIGINAL
541,8,0.0,0.9185586535436917,1.0,,6,ORIGINAL
541,9,0.0,0.3380617018914066,1.0,,7,ORIGINAL
542,0,0.0,,1.0,,0,ORIGINAL
542,1,0.0,0.8944271909999159,1.0,,5,ORIGINAL
542,2,0.0,0.7745966692414834,0.9633150259944552,,6,ORIGINAL
542,3,0.0,0.9647638212377322,0.9478675140998328,,10,ORIGINAL
542,4,0.0,0.75,1.0,,6,ORIGINAL
542,5,0.0,0.9285714285714286,1.0,,11,ORIGINAL
542,6,0.0,0.6943650748294137,0.9646784562203947,,11,ORIGINAL
542,7,0.0,0.9430419201928973,1.0,,11,ORIGINAL
542,8,0.0,0.8608284620211167,1.0,,12,ORIGINAL
542,9,0.0,0.8660254037844387,1.0,,4,ORIGINAL
543,0,0.0,,0.9699713572266225,,1,ORIGINAL
543,1,0.0,1.0000000000000002,0.9699713572266225,,3,ORIGINAL
543,2,0.0,0.4364357804719848,0.9059825079395406,,4,ORIGINAL
543,3,0.0,0.8838834764831843,0.8860247116862109,,5,ORIGINAL
543,4,0.0,0.9707253433941511,0.9699713572266225,,4,ORIGINAL
543,5,0.0,1.0000000000000002,0.9699713572266225,,6,ORIGINAL
543,6,0.0,0.8660254037844387,0.9660512382337655,,6,ORIGINAL
543,7,0.0,0.9428090415820635,0.9699713572266225,,3,ORIGINAL
543,8,0.0,,0.9699713572266225,,2,ORIGINAL
543,9,0.0,0.9701425001453319,0.9699713572266225,,5,ORIGINAL
544,0,0.0,0.35355339059327373,0.9176874781888023,,5,ORIGINAL
544,1,0.0,0.674199862463242,0.9176874781888023,,12,ORIGINAL
544,2,0.0,0.6735753140545635,0.8304229185905243,,15,ORIGINAL
544,3,0.0,0.5909090909090909,0.8163846632350169,,33,ORIGINAL
544,4,0.0,0.7027642214999339,0.9176874781888023,,14,ORIGINAL
544,5,0.0,0.447213595499958,0.9176874781888023,,16,ORIGINAL
544,6,0.0,0.7826237921249264,0.9148904443328377,,11,ORIGINAL
544,7,0.0,0.5892556509887896,0.9176874781888023,,9,ORIGINAL
544,8,0.0,0.33968311024337877,0.9176874781888023,,11,ORIGINAL
544,9,0.0,0.8728715609439696,0.9176874781888023,,5,ORIGINAL
545,0,0.0,,0.9828880236485676,,0,ORIGINAL
545,1,0.0,1.0000000000000002,0.9828880236485676,,3,ORIGINAL
545,2,0.0,,0.9652308227704157,,2,ORIGINAL
545,3,0.0,1.0000000000000002,0.9370246146599239,,3,ORIGINAL
545,4,0.0,,0.9828880236485676,,1,ORIGINAL
545,5,0.0,,0.9828880236485676,,2,ORIGINAL
545,6,0.0,0.33333333333333337,0.9391354019417469,,3,ORIGINAL
545,7,0.0,,0.9828880236485676,,2,ORIGINAL
545,8,0.0,,0.9828880236485676,,2,ORIGINAL
545,9,0.0,,0.9828880236485676,,2,ORIGINAL
546,0,0.0,,0.9589930753622198,,0,ORIGINAL
546,1,0.0,1.0000000000000002,0.9589930753622198,,3,ORIGINAL
546,2,0.0,1.0000000000000002,0.9359693075961526,,3,ORIGINAL
546,3,0.0,0.9467292624062573,0.9543194274255904,,9,ORIGINAL
546,4,0.0,0.8728715609439696,0.9589930753622198,,4,ORIGINAL
546,5,0.0,1.0000000000000002,0.9589930753622198,,6,ORIGINAL
546,6,0.0,0.5773502691896258,0.9542943671072828,,6,ORIGINAL
546,7,0.0,,0.9589930753622198,,2,ORIGINAL
546,8,0.0,0.8017837257372732,0.9589930753622198,,5,ORIGINAL
546,9,0.0,,0.9589930753622198,,1,ORIGINAL
547,0,0.0,,1.0,,0,ORIGINAL
547,1,0.0,,1.0,,0,ORIGINAL
547,2,0.0,,0.9633150259944552,,0,ORIGINAL
547,3,0.0,,0.9478675140998328,,1,ORIGINAL
547,4,0.0,,1.0,,0,ORIGINAL
547,5,0.0,,1.0,,1,ORIGINAL
547,6,0.0,,0.9646784562203947,,1,ORIGINAL
547,7,0.0,,1.0,,0,ORIGINAL
547,8,0.0,,1.0,,0,ORIGINAL
547,9,0.0,,1.0,,0,ORIGINAL
548,0,0.0,0.8660254037844387,0.9873047524038164,,8,ORIGINAL
548,1,0.0,0.9561828874675149,0.9873047524038164,,7,ORIGINAL
548,2,0.0,0.5204834387696163,0.9388822308849072,,14,ORIGINAL
548,3,0.0,0.5520176648479173,0.9395601517545812,,36,ORIGINAL
548,4,0.0,0.8783100656536798,0.9873047524038164,,9,ORIGINAL
548,5,0.0,0.9669875568304563,0.9873047524038164,,12,ORIGINAL
548,6,0.0,0.5384615384615385,0.9638856067052094,,15,ORIGINAL
548,7,0.0,0.9438798074485389,0.9873047524038164,,8,ORIGINAL
548,8,0.0,0.9561828874675149,0.9873047524038164,,10,ORIGINAL
548,9,0.0,0.9028938981432691,0.9873047524038164,,9,ORIGINAL
549,21,0.9,0.9523809523809523,,,6,ORIGINAL
549,232,0.9,,,,0,ORIGINAL
549,532,0.9,0.9707253433941511,,,4,ORIGINAL
549,560,0.9,1.0000000000000002,,,3,ORIGINAL
549,658,0.9,,,,2,ORIGINAL
549,739,0.9,0.9999999999999998,,,5,ORIGINAL
549,0,0.0,,,,0,ORIGINAL
549,1,0.0,0.9622504486493763,,,3,ORIGINAL
549,2,0.0,,,,1,ORIGINAL
549,3,0.0,,,,1,ORIGINAL
550,0,0.0,0.9428090415820635,0.9547094735382771,,3,ORIGINAL
550,1,0.0,1.0000000000000002,0.9547094735382771,,3,ORIGINAL
550,2,0.0,1.0,0.9773974142291777,,4,ORIGINAL
550,3,0.0,0.9561828874675149,0.9866204935499575,,7,ORIGINAL
550,4,0.0,0.9622504486493763,0.9547094735382771,,3,ORIGINAL
550,5,0.0,1.0000000000000002,0.9547094735382771,,3,ORIGINAL
550,6,0.0,0.7745966692414834,0.9639000527745771,,3,ORIGINAL
550,7,0.0,,0.9547094735382771,,2,ORIGINAL
550,8,0.0,,0.9547094735382771,,2,ORIGINAL
550,9,0.0,,0.9547094735382771,,2,ORIGINAL
551,38,0.9,,0.9246351769434363,,0,ORIGINAL
551,0,0.0,,1.0,,0,ORIGINAL
551,1,0.0,,1.0,,1,ORIGINAL
551,2,0.0,,0.9633150259944552,,1,ORIGINAL
551,3,0.0,0.9622504486493763,0.9478675140998328,,3,ORIGINAL
551,4,0.0,,1.0,,0,ORIGINAL
551,5,0.0,0.9622504486493763,1.0,,3,ORIGINAL
551,6,0.0,0.5773502691896257,0.9646784562203947,,3,ORIGINAL
551,7,0.0,,1.0,,2,ORIGINAL
551,8,0.0,,1.0,,1,ORIGINAL
552,0,0.0,,0.946422542604079,,1,ORIGINAL
552,1,0.0,,0.946422542604079,,1,ORIGINAL
552,2,0.0,0.9428090415820635,0.9364023538492415,,3,ORIGINAL
552,3,0.0,0.9486832980505138,0.946063816953565,,6,ORIGINAL
552,4,0.0,,0.946422542604079,,0,ORIGINAL
552,5,0.0,,0.946422542604079,,1,ORIGINAL
552,6,0.0,,0.9660329880199567,,0,ORIGINAL
552,7,0.0,,0.946422542604079,,1,ORIGINAL
552,8,0.0,,0.946422542604079,,0,ORIGINAL
552,9,0.0,,0.946422542604079,,2,ORIGINAL
553,0,0.0,,1.0,,0,ORIGINAL
553,1,0.0,,1.0,,2,ORIGINAL
553,2,0.0,1.0000000000000002,0.9633150259944552,,3,ORIGINAL
553,3,0.0,0.8749999999999998,0.9478675140998328,,5,ORIGINAL
553,4,0.0,,1.0,,2,ORIGINAL
553,5,0.0,0.9428090415820635,1.0,,3,ORIGINAL
553,6,0.0,0.944911182523068,0.9646784562203947,,4,ORIGINAL
553,7,0.0,1.0000000000000002,1.0,,3,ORIGINAL
553,8,0.0,,1.0,,2,ORIGINAL
553,9,0.0,,1.0,,2,ORIGINAL
554,0,0.0,,0.9472315698006006,,1,ORIGINAL
554,1,0.0,,0.9472315698006006,,2,ORIGINAL
554,2,0.0,0.3333333333333333,0.9299349164979868,,6,ORIGINAL
554,3,0.0,0.5345224838248487,0.9008930007330432,,7,ORIGINAL
554,4,0.0,0.9428090415820632,0.9472315698006006,,3,ORIGINAL
554,5,0.0,0.7559289460184544,0.9472315698006006,,7,ORIGINAL
554,6,0.0,0.8017837257372731,0.9765532425873952,,4,ORIGINAL
554,7,0.0,0.2773500981126146,0.9472315698006006,,4,ORIGINAL
554,8,0.0,0.960768922830523,0.9472315698006006,,4,ORIGINAL
554,9,0.0,,0.9472315698006006,,4,ORIGINAL
555,0,0.0,,0.9808074276549021,,2,ORIGINAL
555,1,0.0,1.0,0.9808074276549021,,4,ORIGINAL
555,2,0.0,,0.9704064442287548,,2,ORIGINAL
555,3,0.0,0.8819171036881969,0.9434388010650644,,7,ORIGINAL
555,4,0.0,1.0,0.9808074276549021,,4,ORIGINAL
555,5,0.0,0.8944271909999159,0.9808074276549021,,5,ORIGINAL
555,6,0.0,0.8164965809277259,0.9385487595062291,,3,ORIGINAL
555,7,0.0,0.9486832980505138,0.9808074276549021,,4,ORIGINAL
555,8,0.0,,0.9808074276549021,,2,ORIGINAL
555,9,0.0,0.9707253433941511,0.9808074276549021,,4,ORIGINAL
556,0,0.0,,1.0,,2,ORIGINAL
556,1,0.0,0.9999999999999998,1.0,,5,ORIGINAL
556,2,0.0,,0.9633150259944552,,2,ORIGINAL
556,3,0.0,0.9525793444156805,0.9478675140998328,,6,ORIGINAL
556,4,0.0,,1.0,,1,ORIGINAL
556,5,0.0,1.0000000000000002,1.0,,3,ORIGINAL
556,6,0.0,0.8164965809277259,0.9646784562203947,,3,ORIGINAL
556,7,0.0,,1.0,,2,ORIGINAL
556,8,0.0,,1.0,,1,ORIGINAL
556,9,0.0,,1.0,,2,ORIGINAL
557,0,0.0,,0.9265269117556914,,1,ORIGINAL
557,1,0.0,0.33333333333333337,0.9265269117556914,,3,ORIGINAL
557,2,0.0,,0.8674344094137334,,2,ORIGINAL
557,3,0.0,0.588348405414552,0.8508475957054924,,7,ORIGINAL
557,4,0.0,,0.9265269117556914,,1,ORIGINAL
557,5,0.0,,0.9265269117556914,,2,ORIGINAL
557,6,0.0,0.7745966692414834,0.930580453129016,,3,ORIGINAL
557,7,0.0,,0.9265269117556914,,0,ORIGINAL
557,8,0.0,,0.9265269117556914,,1,ORIGINAL
557,9,0.0,0.18257418583505536,0.9265269117556914,,4,ORIGINAL
558,0,0.0,,0.9699713572266225,,1,ORIGINAL
558,1,0.0,0.7745966692414834,0.9699713572266225,,5,ORIGINAL
558,2,0.0,0.6708203932499369,0.9059825079395406,,7,ORIGINAL
558,3,0.0,0.6172133998483678,0.8860247116862109,,9,ORIGINAL
558,4,0.0,0.6324555320336759,0.9699713572266225,,4,ORIGINAL
558,5,0.0,0.6324555320336759,0.9699713572266225,,6,ORIGINAL
558,6,0.0,0.5070925528371099,0.9660512382337655,,9,ORIGINAL
558,7,0.0,0.8728715609439696,0.9699713572266225,,4,ORIGINAL
558,8,0.0,,0.9699713572266225,,1,ORIGINAL
558,9,0.0,0.9428090415820635,0.9699713572266225,,6,ORIGINAL
559,0,0.0,,0.9277359444864142,,0,ORIGINAL
559,1,0.0,1.0,0.9277359444864142,,4,ORIGINAL
559,2,0.0,,0.8743475530778493,,1,ORIGINAL
559,3,0.0,0.9428090415820635,0.890581024710849,,3,ORIGINAL
559,4,0.0,,0.9277359444864142,,2,ORIGINAL
559,5,0.0,1.0000000000000002,0.9277359444864142,,3,ORIGINAL
559,6,0.0,0.5070925528371099,0.9225706335733073,,4,ORIGINAL
559,7,0.0,,0.9277359444864142,,1,ORIGINAL
559,8,0.0,,0.9277359444864142,,1,ORIGINAL
559,9,0.0,1.0000000000000002,0.9277359444864142,,3,ORIGINAL
560,517,0.9,0.8693182879212227,0.9866204948108988,,10,ORIGINAL
560,549,0.9,1.0000000000000002,,,3,ORIGINAL
560,739,0.9,1.0000000000000002,,,3,ORIGINAL
560,0,0.0,,0.9547094735321136,,1,ORIGINAL
560,1,0.0,0.9761870601839528,0.9547094735321136,,5,ORIGINAL
560,2,0.0,0.894427190999916,0.9773974148987788,,6,ORIGINAL
560,3,0.0,0.9163795899053139,0.9866204948108988,,14,ORIGINAL
560,4,0.0,0.8571428571428571,0.9547094735321136,,5,ORIGINAL
560,5,0.0,0.9438798074485388,0.9547094735321136,,10,ORIGINAL
560,6,0.0,0.9486832980505138,0.963900050036881,,9,ORIGINAL
561,0,0.0,,0.9265269144557784,,0,ORIGINAL
561,1,0.0,,0.9265269144557784,,1,ORIGINAL
561,2,0.0,,0.8674344100157444,,1,ORIGINAL
561,3,0.0,,0.8508475952763901,,1,ORIGINAL
561,4,0.0,,0.9265269144557784,,2,ORIGINAL
561,5,0.0,,0.9265269144557784,,1,ORIGINAL
561,6,0.0,0.5477225575051661,0.9305804524064215,,3,ORIGINAL
561,7,0.0,,0.9265269144557784,,0,ORIGINAL
561,8,0.0,,0.9265269144557784,,1,ORIGINAL
561,9,0.0,,0.9265269144557784,,1,ORIGINAL
562,0,0.0,0.9258200997725515,0.9944254074268432,,9,ORIGINAL
562,1,0.0,0.9486832980505138,0.9944254074268432,,14,ORIGINAL
562,2,0.0,0.9463495102642552,0.954044720345239,,16,ORIGINAL
562,3,0.0,0.8569592084617097,0.9544564213899864,,36,ORIGINAL
562,4,0.0,0.9207509207513811,0.9944254074268432,,14,ORIGINAL
562,5,0.0,0.9406401658278406,0.9944254074268432,,13,ORIGINAL
562,6,0.0,0.6612035107624793,0.9624858850401476,,19,ORIGINAL
562,7,0.0,0.9434563530497265,0.9944254074268432,,8,ORIGINAL
562,8,0.0,0.9071147352221454,0.9944254074268432,,10,ORIGINAL
562,9,0.0,0.9359709753334591,0.9944254074268432,,12,ORIGINAL
563,0,0.0,,0.9589930743997879,,0,ORIGINAL
563,1,0.0,0.7071067811865475,0.9589930743997879,,4,ORIGINAL
563,2,0.0,0.7302967433402214,0.9359693053925601,,4,ORIGINAL
563,3,0.0,0.7378647873726218,0.9543194247012607,,8,ORIGINAL
563,4,0.0,,0.9589930743997879,,2,ORIGINAL
563,5,0.0,0.8944271909999159,0.9589930743997879,,5,ORIGINAL
563,6,0.0,0.0,0.9542943652531698,,3,ORIGINAL
563,7,0.0,,0.9589930743997879,,2,ORIGINAL
563,8,0.0,0.7001400420140049,0.9589930743997879,,5,ORIGINAL
563,9,0.0,,0.9589930743997879,,2,ORIGINAL
564,0,0.0,,0.9770930333460692,,1,ORIGINAL
564,1,0.0,0.8944271909999159,0.9770930333460692,,5,ORIGINAL
564,2,0.0,0.9486832980505138,0.9426950542058579,,4,ORIGINAL
564,3,0.0,0.9166666666666666,0.9697879072350232,,10,ORIGINAL
564,4,0.0,0.9622504486493763,0.9770930333460692,,3,ORIGINAL
564,5,0.0,0.9128709291752769,0.9770930333460692,,6,ORIGINAL
564,6,0.0,0.8451542547285165,0.9343338179348393,,5,ORIGINAL
564,7,0.0,0.944911182523068,0.9770930333460692,,4,ORIGINAL
564,8,0.0,0.9622504486493763,0.9770930333460692,,3,ORIGINAL
564,9,0.0,0.9761870601839528,0.9770930333460692,,5,ORIGINAL
565,0,0.0,,0.969971356750688,,2,ORIGINAL
565,1,0.0,0.7977240352174656,0.969971356750688,,7,ORIGINAL
565,2,0.0,0.8728715609439696,0.9059825054241087,,4,ORIGINAL
565,3,0.0,0.8728715609439696,0.8860247084563049,,8,ORIGINAL
565,4,0.0,0.7442084075352507,0.969971356750688,,4,ORIGINAL
565,5,0.0,0.7715167498104595,0.969971356750688,,6,ORIGINAL
565,6,0.0,0.48349377841522817,0.9660512358711693,,9,ORIGINAL
565,7,0.0,0.7715167498104595,0.969971356750688,,4,ORIGINAL
565,8,0.0,0.7071067811865475,0.969971356750688,,3,ORIGINAL
565,9,0.0,0.8356716504931925,0.969971356750688,,7,ORIGINAL
566,0,0.0,1.0000000000000002,0.9808074276549021,,3,ORIGINAL
566,1,0.0,0.9090909090909091,0.9808074276549021,,8,ORIGINAL
566,2,0.0,0.9141379262169076,0.9704064442287548,,12,ORIGINAL
566,3,0.0,0.9231861823449954,0.9434388010650644,,21,ORIGINAL
566,4,0.0,0.8916451401205646,0.9808074276549021,,11,ORIGINAL
566,5,0.0,0.9271726499455306,0.9808074276549021,,13,ORIGINAL
566,6,0.0,0.6030226891555273,0.9385487595062291,,10,ORIGINAL
566,7,0.0,0.9434563530497265,0.9808074276549021,,7,ORIGINAL
566,8,0.0,0.8959786703810408,0.9808074276549021,,9,ORIGINAL
566,9,0.0,0.8504200642707612,0.9808074276549021,,5,ORIGINAL
567,0,0.0,,0.9545005813135693,,0,ORIGINAL
567,1,0.0,,0.9545005813135693,,2,ORIGINAL
567,2,0.0,,0.8965726495809305,,2,ORIGINAL
567,3,0.0,1.0000000000000002,0.911733525129955,,3,ORIGINAL
567,4,0.0,,0.9545005813135693,,1,ORIGINAL
567,5,0.0,,0.9545005813135693,,2,ORIGINAL
567,6,0.0,0.8944271909999159,0.9422929887194212,,5,ORIGINAL
567,7,0.0,1.0000000000000002,0.9545005813135693,,3,ORIGINAL
567,8,0.0,,0.9545005813135693,,2,ORIGINAL
567,9,0.0,,0.9545005813135693,,2,ORIGINAL
568,739,0.9,1.0000000000000002,,,3,ORIGINAL
568,0,0.0,,0.9824636492987208,,0,ORIGINAL
568,1,0.0,1.0,0.9824636492987208,,4,ORIGINAL
568,2,0.0,,0.9373812376983589,,0,ORIGINAL
568,3,0.0,0.944911182523068,0.9051753863583857,,4,ORIGINAL
568,4,0.0,0.9622504486493763,0.9824636492987208,,3,ORIGINAL
568,5,0.0,0.8660254037844387,0.9824636492987208,,4,ORIGINAL
568,6,0.0,0.8451542547285165,0.9655410097462167,,5,ORIGINAL
568,7,0.0,1.0000000000000002,0.9824636492987208,,3,ORIGINAL
568,8,0.0,,0.9824636492987208,,2,ORIGINAL
569,0,0.0,,1.0,,0,ORIGINAL
569,1,0.0,,1.0,,2,ORIGINAL
569,2,0.0,,0.9633150259944552,,1,ORIGINAL
569,3,0.0,,0.9478675140998328,,1,ORIGINAL
569,4,0.0,,1.0,,1,ORIGINAL
569,5,0.0,,1.0,,2,ORIGINAL
569,6,0.0,,0.9646784562203947,,2,ORIGINAL
569,7,0.0,,1.0,,1,ORIGINAL
569,8,0.0,,1.0,,0,ORIGINAL
569,9,0.0,,1.0,,0,ORIGINAL
570,0,0.0,,0.9699713551191103,,2,ORIGINAL
570,1,0.0,1.0,0.9699713551191103,,4,ORIGINAL
570,2,0.0,1.0,0.9059825036494301,,4,ORIGINAL
570,3,0.0,0.8728715609439696,0.8860247085843699,,7,ORIGINAL
570,4,0.0,0.9561828874675149,0.9699713551191103,,5,ORIGINAL
570,5,0.0,0.8944271909999159,0.9699713551191103,,5,ORIGINAL
570,6,0.0,0.8485281374238569,0.9660512365050365,,5,ORIGINAL
570,7,0.0,,0.9699713551191103,,1,ORIGINAL
570,8,0.0,,0.9699713551191103,,1,ORIGINAL
570,9,0.0,0.9486832980505138,0.9699713551191103,,4,ORIGINAL
571,0,0.0,,0.961120586841919,,0,ORIGINAL
571,1,0.0,0.9428090415820635,0.961120586841919,,3,ORIGINAL
571,2,0.0,1.0000000000000002,0.9521660180930676,,3,ORIGINAL
571,3,0.0,0.894427190999916,0.9352301584940231,,9,ORIGINAL
571,4,0.0,0.8845379626717033,0.961120586841919,,6,ORIGINAL
571,5,0.0,0.6804138174397718,0.961120586841919,,6,ORIGINAL
571,6,0.0,0.7857142857142857,0.9665349418267045,,8,ORIGINAL
571,7,0.0,0.9594032236002469,0.961120586841919,,5,ORIGINAL
571,8,0.0,0.8869685939836239,0.961120586841919,,7,ORIGINAL
571,9,0.0,0.9707253433941511,0.961120586841919,,4,ORIGINAL
572,0,0.0,,1.0,,0,ORIGINAL
572,1,0.0,,1.0,,0,ORIGINAL
572,2,0.0,,0.9633150259944552,,1,ORIGINAL
572,3,0.0,,0.9478675140998328,,1,ORIGINAL
572,4,0.0,,1.0,,0,ORIGINAL
572,5,0.0,,1.0,,0,ORIGINAL
572,6,0.0,,0.9646784562203947,,0,ORIGINAL
572,7,0.0,,1.0,,0,ORIGINAL
572,8,0.0,,1.0,,0,ORIGINAL
572,9,0.0,,1.0,,0,ORIGINAL
573,0,0.0,,0.9545005813135693,,0,ORIGINAL
573,1,0.0,,0.9545005813135693,,1,ORIGINAL
573,2,0.0,,0.8965726495809305,,1,ORIGINAL
573,3,0.0,,0.911733525129955,,2,ORIGINAL
573,4,0.0,,0.9545005813135693,,0,ORIGINAL
573,5,0.0,,0.9545005813135693,,1,ORIGINAL
573,6,0.0,-0.5773502691896258,0.9422929887194212,,3,ORIGINAL
573,7,0.0,,0.9545005813135693,,0,ORIGINAL
573,8,0.0,,0.9545005813135693,,0,ORIGINAL
573,9,0.0,,0.9545005813135693,,0,ORIGINAL
574,0,0.0,,0.9794193485015635,,2,ORIGINAL
574,1,0.0,0.857142857142857,0.9794193485015635,,4,ORIGINAL
574,2,0.0,0.8499999999999999,0.9292376140178872,,11,ORIGINAL
574,3,0.0,0.8413753371192062,0.8954618946154363,,18,ORIGINAL
574,4,0.0,0.9339475705392295,0.9794193485015635,,10,ORIGINAL
574,5,0.0,0.9486832980505138,0.9794193485015635,,10,ORIGINAL
574,6,0.0,0.6396021490668313,0.9659286563039695,,10,ORIGINAL
574,7,0.0,0.9761870601839528,0.9794193485015635,,5,ORIGINAL
574,8,0.0,0.9647638212377322,0.9794193485015635,,4,ORIGINAL
574,9,0.0,0.9737289911202953,0.9794193485015635,,6,ORIGINAL
575,0,0.0,,0.9865432291009868,,1,ORIGINAL
575,1,0.0,0.5773502691896258,0.9865432291009868,,3,ORIGINAL
575,2,0.0,0.8164965809277259,0.946452462077083,,5,ORIGINAL
575,3,0.0,0.5222329678670935,0.9288382417506102,,8,ORIGINAL
575,4,0.0,,0.9865432291009868,,3,ORIGINAL
575,5,0.0,0.5,0.9865432291009868,,4,ORIGINAL
575,6,0.0,,0.9560412601772939,,3,ORIGINAL
575,7,0.0,0.8164965809277261,0.9865432291009868,,3,ORIGINAL
575,8,0.0,,0.9865432291009868,,1,ORIGINAL
575,9,0.0,0.588348405414552,0.9865432291009868,,4,ORIGINAL
576,0,0.0,,0.9567031275773458,,1,ORIGINAL
576,1,0.0,1.0,0.9567031275773458,,4,ORIGINAL
576,2,0.0,,0.8856912312434111,,2,ORIGINAL
576,3,0.0,1.0,0.9004262902871312,,4,ORIGINAL
576,4,0.0,,0.9567031275773458,,2,ORIGINAL
576,5,0.0,0.8944271909999159,0.9567031275773458,,5,ORIGINAL
576,6,0.0,0.8660254037844387,0.931148513746866,,4,ORIGINAL
576,7,0.0,0.944911182523068,0.9567031275773458,,4,ORIGINAL
576,8,0.0,,0.9567031275773458,,1,ORIGINAL
576,9,0.0,1.0,0.9567031275773458,,4,ORIGINAL
577,0,0.0,,0.9589930743581244,,0,ORIGINAL
577,1,0.0,0.8164965809277259,0.9589930743581244,,3,ORIGINAL
577,2,0.0,0.8703882797784892,0.9359693065154513,,5,ORIGINAL
577,3,0.0,0.8682431421244593,0.9543194263435196,,7,ORIGINAL
577,4,0.0,,0.9589930743581244,,2,ORIGINAL
577,5,0.0,0.9258200997725514,0.9589930743581244,,7,ORIGINAL
577,6,0.0,0.5669467095138409,0.9542943651967457,,4,ORIGINAL
577,7,0.0,,0.9589930743581244,,2,ORIGINAL
577,8,0.0,0.9622504486493763,0.9589930743581244,,3,ORIGINAL
577,9,0.0,0.9622504486493763,0.9589930743581244,,3,ORIGINAL
578,0,0.0,0.5661385170722979,0.9806790827122713,,10,ORIGINAL
578,1,0.0,0.9341987329938275,0.9806790827122713,,14,ORIGINAL
578,2,0.0,0.7416198487095663,0.9341955275642331,,11,ORIGINAL
578,3,0.0,0.721178860387891,0.9453174449713314,,37,ORIGINAL
578,4,0.0,0.9120291854009068,0.9806790827122713,,13,ORIGINAL
578,5,0.0,0.7715167498104597,0.9806790827122713,,18,ORIGINAL
578,6,0.0,0.5714285714285714,0.9561958125198223,,16,ORIGINAL
578,7,0.0,0.923869770874312,0.9806790827122713,,9,ORIGINAL
578,8,0.0,0.8255008255012383,0.9806790827122713,,10,ORIGINAL
578,9,0.0,0.8000946913656629,0.9806790827122713,,10,ORIGINAL
579,0,0.0,,0.9646784575040955,,1,ORIGINAL
579,1,0.0,0.9486832980505138,0.9646784575040955,,5,ORIGINAL
579,2,0.0,1.0000000000000002,0.9658346093695405,,6,ORIGINAL
579,3,0.0,0.9428090415820635,0.9413488761945782,,13,ORIGINAL
579,4,0.0,0.9561828874675149,0.9646784575040955,,4,ORIGINAL
579,5,0.0,0.9506541513652698,0.9646784575040955,,8,ORIGINAL
579,6,0.0,0.5477225575051661,0.9999999999999946,,9,ORIGINAL
579,7,0.0,0.9428090415820635,0.9646784575040955,,3,ORIGINAL
579,8,0.0,0.9014978717104176,0.9646784575040955,,9,ORIGINAL
579,9,0.0,0.9434563530497265,0.9646784575040955,,4,ORIGINAL
580,0,0.0,,0.9865432291009868,,0,ORIGINAL
580,1,0.0,,0.9865432291009868,,1,ORIGINAL
580,2,0.0,0.8703882797784892,0.946452462077083,,5,ORIGINAL
580,3,0.0,0.7276068751089989,0.9288382417506102,,8,ORIGINAL
580,4,0.0,0.4472135954999579,0.9865432291009868,,4,ORIGINAL
580,5,0.0,0.0,0.9865432291009868,,7,ORIGINAL
580,6,0.0,0.7071067811865475,0.9560412601772939,,4,ORIGINAL
580,7,0.0,0.8164965809277261,0.9865432291009868,,3,ORIGINAL
580,8,0.0,0.5773502691896258,0.9865432291009868,,3,ORIGINAL
580,9,0.0,,0.9865432291009868,,2,ORIGINAL
581,0,0.0,,0.9545005820153565,,1,ORIGINAL
581,1,0.0,0.9486832980505138,0.9545005820153565,,6,ORIGINAL
581,2,0.0,0.9513029883089883,0.8965726563327592,,8,ORIGINAL
581,3,0.0,0.9503819266229829,0.9117335320207649,,13,ORIGINAL
581,4,0.0,0.8770580193070293,0.9545005820153565,,4,ORIGINAL
581,5,0.0,0.9045340337332909,0.9545005820153565,,5,ORIGINAL
581,6,0.0,0.8198915917499229,0.9422929909120505,,8,ORIGINAL
581,7,0.0,1.0000000000000002,0.9545005820153565,,3,ORIGINAL
581,8,0.0,,0.9545005820153565,,2,ORIGINAL
581,9,0.0,0.9449111825230682,0.9545005820153565,,6,ORIGINAL
582,0,0.0,,1.0,,1,ORIGINAL
582,1,0.0,0.944911182523068,1.0,,4,ORIGINAL
582,2,0.0,0.944911182523068,0.9633150259944552,,4,ORIGINAL
582,3,0.0,0.9428090415820635,0.9478675140998328,,6,ORIGINAL
582,4,0.0,0.9707253433941511,1.0,,4,ORIGINAL
582,5,0.0,0.9999999999999998,1.0,,5,ORIGINAL
582,6,0.0,0.7745966692414834,0.9646784562203947,,3,ORIGINAL
582,7,0.0,,1.0,,1,ORIGINAL
582,8,0.0,,1.0,,2,ORIGINAL
582,9,0.0,0.8504200642707612,1.0,,5,ORIGINAL
583,0,0.0,,0.9398226041729166,,1,ORIGINAL
583,1,0.0,,0.9398226041729166,,2,ORIGINAL
583,2,0.0,1.0000000000000002,0.8646694139096448,,3,ORIGINAL
583,3,0.0,0.857142857142857,0.8378768583197207,,4,ORIGINAL
583,4,0.0,,0.9398226041729166,,2,ORIGINAL
583,5,0.0,0.9428090415820635,0.9398226041729166,,3,ORIGINAL
583,6,0.0,0.9428090415820635,0.9343365156619177,,3,ORIGINAL
583,7,0.0,,0.9398226041729166,,2,ORIGINAL
583,8,0.0,,0.9398226041729166,,2,ORIGINAL
583,9,0.0,0.9525793444156805,0.9398226041729166,,3,ORIGINAL
584,0,0.0,,0.9351398075296958,,0,ORIGINAL
584,1,0.0,0.9486832980505138,0.9351398075296958,,4,ORIGINAL
584,2,0.0,,0.8567595585400767,,1,ORIGINAL
584,3,0.0,,0.8522172973577464,,2,ORIGINAL
584,4,0.0,,0.9351398075296958,,2,ORIGINAL
584,5,0.0,0.9428090415820635,0.9351398075296958,,3,ORIGINAL
584,6,0.0,,0.93113482071013,,2,ORIGINAL
584,7,0.0,,0.9351398075296958,,1,ORIGINAL
584,8,0.0,,0.9351398075296958,,1,ORIGINAL
584,9,0.0,0.9428090415820635,0.9351398075296958,,3,ORIGINAL
585,0,0.0,,0.967374230957358,,0,ORIGINAL
585,1,0.0,,0.967374230957358,,0,ORIGINAL
585,2,0.0,,0.9184183520074105,,2,ORIGINAL
585,3,0.0,0.9707253433941511,0.9081496921288182,,4,ORIGINAL
585,4,0.0,,0.967374230957358,,1,ORIGINAL
585,5,0.0,,0.967374230957358,,0,ORIGINAL
585,6,0.0,,0.971639207558404,,0,ORIGINAL
585,7,0.0,,0.967374230957358,,0,ORIGINAL
585,8,0.0,,0.967374230957358,,0,ORIGINAL
585,9,0.0,,0.967374230957358,,0,ORIGINAL
586,0,0.0,,0.9420432324198635,,1,ORIGINAL
586,1,0.0,,0.9420432324198635,,1,ORIGINAL
586,2,0.0,0.8888888888888888,0.9356941912126854,,6,ORIGINAL
586,3,0.0,0.9999999999999998,0.9599929174366216,,10,ORIGINAL
586,4,0.0,0.8528028654224417,0.9420432324198635,,5,ORIGINAL
586,5,0.0,0.9999999999999998,0.9420432324198635,,8,ORIGINAL
586,6,0.0,0.45226701686664544,0.9403748607176723,,5,ORIGINAL
586,7,0.0,0.9428090415820635,0.9420432324198635,,3,ORIGINAL
586,8,0.0,1.0000000000000002,0.9420432324198635,,3,ORIGINAL
586,9,0.0,,0.9420432324198635,,2,ORIGINAL
587,0,0.0,,0.9663057389099544,,1,ORIGINAL
587,1,0.0,,0.9663057389099544,,2,ORIGINAL
587,2,0.0,0.9428090415820635,0.9241958745414058,,3,ORIGINAL
587,3,0.0,0.9045340337332909,0.8997950185386407,,9,ORIGINAL
587,4,0.0,,0.9663057389099544,,1,ORIGINAL
587,5,0.0,0.9428090415820635,0.9663057389099544,,3,ORIGINAL
587,6,0.0,0.1889822365046136,0.9719080969836214,,4,ORIGINAL
587,7,0.0,,0.9663057389099544,,0,ORIGINAL
587,8,0.0,,0.9663057389099544,,1,ORIGINAL
587,9,0.0,,0.9663057389099544,,1,ORIGINAL
588,0,0.0,,,,0,ORIGINAL
588,1,0.0,,,,1,ORIGINAL
588,2,0.0,,,,0,ORIGINAL
588,3,0.0,,,,1,ORIGINAL
588,4,0.0,,,,1,ORIGINAL
588,5,0.0,0.9428090415820635,,,3,ORIGINAL
588,6,0.0,,,,1,ORIGINAL
588,7,0.0,,,,0,ORIGINAL
588,8,0.0,,,,1,ORIGINAL
588,9,0.0,,,,1,ORIGINAL
589,0,0.0,,0.9794193471546584,,1,ORIGINAL
589,1,0.0,0.9622504486493764,0.9794193471546584,,6,ORIGINAL
589,2,0.0,0.9473729613780999,0.9292376108186485,,8,ORIGINAL
589,3,0.0,0.909154827298409,0.8954618926735984,,11,ORIGINAL
589,4,0.0,0.9669875568304563,0.9794193471546584,,5,ORIGINAL
589,5,0.0,0.9827076298239908,0.9794193471546584,,7,ORIGINAL
589,6,0.0,0.5783149319662404,0.9659286558888504,,8,ORIGINAL
589,7,0.0,0.8770580193070293,0.9794193471546584,,4,ORIGINAL
589,8,0.0,0.9999999999999998,0.9794193471546584,,4,ORIGINAL
589,9,0.0,0.9128709291752769,0.9794193471546584,,6,ORIGINAL
590,0,0.0,,0.9594009331406151,,1,ORIGINAL
590,1,0.0,,0.9594009331406151,,2,ORIGINAL
590,2,0.0,0.8703882797784892,0.9838151387945194,,5,ORIGINAL
590,3,0.0,0.6546536707079772,0.9455680622862827,,9,ORIGINAL
590,4,0.0,0.6681531047810609,0.9594009331406151,,5,ORIGINAL
590,5,0.0,0.8819171036881969,0.9594009331406151,,7,ORIGINAL
590,6,0.0,0.9428090415820635,0.9765368585167499,,3,ORIGINAL
590,7,0.0,,0.9594009331406151,,1,ORIGINAL
590,8,0.0,0.9428090415820635,0.9594009331406151,,3,ORIGINAL
590,9,0.0,0.8660254037844387,0.9594009331406151,,3,ORIGINAL
591,0,0.0,,0.969971356750688,,0,ORIGINAL
591,1,0.0,,0.969971356750688,,0,ORIGINAL
591,2,0.0,,0.9059825054241087,,0,ORIGINAL
591,3,0.0,,0.8860247084563049,,1,ORIGINAL
591,4,0.0,,0.969971356750688,,1,ORIGINAL
591,5,0.0,,0.969971356750688,,0,ORIGINAL
591,6,0.0,,0.9660512358711693,,0,ORIGINAL
591,7,0.0,,0.969971356750688,,0,ORIGINAL
591,8,0.0,,0.969971356750688,,0,ORIGINAL
591,9,0.0,,0.969971356750688,,0,ORIGINAL
592,0,0.0,,1.0,,0,ORIGINAL
592,1,0.0,,1.0,,0,ORIGINAL
592,2,0.0,,0.9633150259944552,,2,ORIGINAL
592,3,0.0,,0.9478675140998328,,3,ORIGINAL
592,4,0.0,,1.0,,0,ORIGINAL
592,5,0.0,,1.0,,1,ORIGINAL
592,6,0.0,,0.9646784562203947,,0,ORIGINAL
592,7,0.0,,1.0,,0,ORIGINAL
592,8,0.0,,1.0,,0,ORIGINAL
592,9,0.0,,1.0,,0,ORIGINAL
593,0,0.0,,0.9528205462346803,,0,ORIGINAL
593,1,0.0,0.944911182523068,0.9528205462346803,,4,ORIGINAL
593,2,0.0,0.8603090020146066,0.9555396379349221,,7,ORIGINAL
593,3,0.0,0.8587538611150074,0.9747204209657291,,14,ORIGINAL
593,4,0.0,0.9333333333333332,0.9528205462346803,,6,ORIGINAL
593,5,0.0,0.9431191251430151,0.9528205462346803,,10,ORIGINAL
593,6,0.0,0.545544725589981,0.9738170082873187,,8,ORIGINAL
593,7,0.0,0.8999999999999998,0.9528205462346803,,4,ORIGINAL
593,8,0.0,0.9518172686249524,0.9528205462346803,,8,ORIGINAL
593,9,0.0,0.9525793444156805,0.9528205462346803,,3,ORIGINAL
594,0,0.0,0.9486832980505138,1.0,,4,ORIGINAL
594,1,0.0,0.9561828874675149,1.0,,5,ORIGINAL
594,2,0.0,,0.9633150259944552,,1,ORIGINAL
594,3,0.0,0.8922178162191937,0.9478675140998328,,10,ORIGINAL
594,4,0.0,,1.0,,2,ORIGINAL
594,5,0.0,,1.0,,2,ORIGINAL
594,6,0.0,,0.9646784562203947,,2,ORIGINAL
594,7,0.0,0.9525793444156805,1.0,,3,ORIGINAL
594,8,0.0,0.9622504486493763,1.0,,3,ORIGINAL
594,9,0.0,,1.0,,0,ORIGINAL
595,101,0.9,0.7239227659930269,0.9729823247439796,,14,ORIGINAL
595,200,0.9,0.7777777777777779,0.9999999999999952,,9,ORIGINAL
595,526,0.9,0.847822751996795,0.9650727940117362,,13,ORIGINAL
595,709,0.9,0.8743856497851875,0.940000951909002,,12,ORIGINAL
595,0,0.0,,0.9557478095166194,,2,ORIGINAL
595,1,0.0,0.821583836257749,0.9557478095166194,,9,ORIGINAL
595,2,0.0,0.8892972917998876,0.8993093788782726,,6,ORIGINAL
595,3,0.0,0.835710894037345,0.8997410449176667,,16,ORIGINAL
595,4,0.0,0.7514691493021793,0.9557478095166194,,8,ORIGINAL
595,5,0.0,0.6708203932499369,0.9557478095166194,,8,ORIGINAL
596,0,0.0,,1.0,,0,ORIGINAL
596,1,0.0,0.9428090415820635,1.0,,3,ORIGINAL
596,2,0.0,,0.9633150259944552,,2,ORIGINAL
596,3,0.0,0.9594032236002469,0.9478675140998328,,5,ORIGINAL
596,4,0.0,0.9428090415820635,1.0,,3,ORIGINAL
596,5,0.0,0.9432422182837986,1.0,,8,ORIGINAL
596,6,0.0,0.4999999999999999,0.9646784562203947,,4,ORIGINAL
596,7,0.0,0.9428090415820635,1.0,,3,ORIGINAL
596,8,0.0,,1.0,,2,ORIGINAL
596,9,0.0,,1.0,,2,ORIGINAL
597,0,0.0,,1.0,,0,ORIGINAL
597,1,0.0,0.9622504486493763,1.0,,3,ORIGINAL
597,2,0.0,,0.9633150259944552,,2,ORIGINAL
597,3,0.0,0.9561828874675149,0.9478675140998328,,5,ORIGINAL
597,4,0.0,,1.0,,2,ORIGINAL
597,5,0.0,,1.0,,2,ORIGINAL
597,6,0.0,0.8164965809277259,0.9646784562203947,,3,ORIGINAL
597,7,0.0,1.0000000000000002,1.0,,3,ORIGINAL
597,8,0.0,,1.0,,2,ORIGINAL
597,9,0.0,,1.0,,2,ORIGINAL
598,0,0.0,,0.9545005813135693,,0,ORIGINAL
598,1,0.0,,0.9545005813135693,,1,ORIGINAL
598,2,0.0,,0.8965726495809305,,0,ORIGINAL
598,3,0.0,,0.911733525129955,,2,ORIGINAL
598,4,0.0,,0.9545005813135693,,2,ORIGINAL
598,5,0.0,1.0000000000000002,0.9545005813135693,,3,ORIGINAL
598,6,0.0,0.8164965809277259,0.9422929887194212,,3,ORIGINAL
598,7,0.0,,0.9545005813135693,,1,ORIGINAL
598,8,0.0,,0.9545005813135693,,2,ORIGINAL
598,9,0.0,,0.9545005813135693,,1,ORIGINAL
599,0,0.0,0.8164965809277261,0.9738004445197691,,4,ORIGINAL
599,1,0.0,,0.9738004445197691,,1,ORIGINAL
599,2,0.0,0.7526178090063818,0.9197887974458956,,5,ORIGINAL
599,3,0.0,0.6123724356957946,0.9244952730112307,,10,ORIGINAL
599,4,0.0,0.9128709291752769,0.9738004445197691,,3,ORIGINAL
599,5,0.0,0.9128709291752769,0.9738004445197691,,7,ORIGINAL
599,6,0.0,0.19245008972987526,0.9476127965444712,,3,ORIGINAL
599,7,0.0,,0.9738004445197691,,2,ORIGINAL
599,8,0.0,,0.9738004445197691,,2,ORIGINAL
599,9,0.0,0.8660254037844387,0.9738004445197691,,3,ORIGINAL
600,0,0.0,,1.0,,0,ORIGINAL
600,1,0.0,0.9669875568304563,1.0,,8,ORIGINAL
600,2,0.0,0.9285714285714286,0.9633150259944552,,5,ORIGINAL
600,3,0.0,0.8609460320922785,0.9478675140998328,,7,ORIGINAL
600,4,0.0,0.9428090415820635,1.0,,3,ORIGINAL
600,5,0.0,0.9737289911202953,1.0,,9,ORIGINAL
600,6,0.0,0.521749194749951,0.9646784562203947,,9,ORIGINAL
600,7,0.0,0.9999999999999999,1.0,,4,ORIGINAL
600,8,0.0,1.0000000000000002,1.0,,3,ORIGINAL
600,9,0.0,0.9428090415820634,1.0,,6,ORIGINAL
601,0,0.0,,0.9824636492987208,,0,ORIGINAL
601,1,0.0,,0.9824636492987208,,2,ORIGINAL
601,2,0.0,,0.9373812376983589,,1,ORIGINAL
601,3,0.0,0.944911182523068,0.9051753863583857,,4,ORIGINAL
601,4,0.0,,0.9824636492987208,,2,ORIGINAL
601,5,0.0,0.9999999999999998,0.9824636492987208,,5,ORIGINAL
601,6,0.0,0.9428090415820635,0.9655410097462167,,3,ORIGINAL
601,7,0.0,,0.9824636492987208,,2,ORIGINAL
601,8,0.0,0.9622504486493763,0.9824636492987208,,3,ORIGINAL
601,9,0.0,,0.9824636492987208,,2,ORIGINAL
602,0,0.0,,0.9971672690083863,,2,ORIGINAL
602,1,0.0,,0.9971672690083863,,2,ORIGINAL
602,2,0.0,0.8944271909999159,0.9610979396495216,,6,ORIGINAL
602,3,0.0,0.8807048459279794,0.9606043368570277,,10,ORIGINAL
602,4,0.0,0.8910421112136306,0.9971672690083863,,10,ORIGINAL
602,5,0.0,0.82915619758885,0.9971672690083863,,12,ORIGINAL
602,6,0.0,0.6735753140545634,0.9590303082819112,,6,ORIGINAL
602,7,0.0,,0.9971672690083863,,2,ORIGINAL
602,8,0.0,0.9428090415820634,0.9971672690083863,,6,ORIGINAL
602,9,0.0,0.8164965809277261,0.9971672690083863,,4,ORIGINAL
603,0,0.0,,0.940951251985196,,0,ORIGINAL
603,1,0.0,0.5,0.940951251985196,,4,ORIGINAL
603,2,0.0,0.4803844614152615,0.8805955286494573,,7,ORIGINAL
603,3,0.0,0.25712973861328997,0.8425549475183908,,14,ORIGINAL
603,4,0.0,0.22645540682891918,0.940951251985196,,4,ORIGINAL
603,5,0.0,-0.13483997249264842,0.940951251985196,,6,ORIGINAL
603,6,0.0,-0.2886751345948129,0.9260773544759858,,6,ORIGINAL
603,7,0.0,0.4082482904638631,0.940951251985196,,3,ORIGINAL
603,8,0.0,0.0,0.940951251985196,,4,ORIGINAL
603,9,0.0,,0.940951251985196,,0,ORIGINAL
604,0,0.0,,0.9623825793689229,,0,ORIGINAL
604,1,0.0,,0.9623825793689229,,2,ORIGINAL
604,2,0.0,,0.9039457309445813,,0,ORIGINAL
604,3,0.0,,0.9255037832781221,,1,ORIGINAL
604,4,0.0,,0.9623825793689229,,1,ORIGINAL
604,5,0.0,,0.9623825793689229,,1,ORIGINAL
604,6,0.0,,0.9443964472196353,,2,ORIGINAL
604,7,0.0,,0.9623825793689229,,0,ORIGINAL
604,8,0.0,,0.9623825793689229,,1,ORIGINAL
604,9,0.0,,0.9623825793689229,,1,ORIGINAL
605,0,0.0,,0.9681150543298018,,1,ORIGINAL
605,1,0.0,,0.9681150543298018,,1,ORIGINAL
605,2,0.0,,0.9538641585353345,,2,ORIGINAL
605,3,0.0,1.0,0.9731287385973549,,4,ORIGINAL
605,4,0.0,,0.9681150543298018,,2,ORIGINAL
605,5,0.0,0.40824829046386296,0.9681150543298018,,4,ORIGINAL
605,6,0.0,,0.9156195849886445,,0,ORIGINAL
605,7,0.0,,0.9681150543298018,,1,ORIGINAL
605,8,0.0,,0.9681150543298018,,0,ORIGINAL
605,9,0.0,0.7071067811865475,0.9681150543298018,,3,ORIGINAL
606,0,0.0,,0.9806790827122713,,2,ORIGINAL
606,1,0.0,0.9486832980505138,0.9806790827122713,,4,ORIGINAL
606,2,0.0,0.8660254037844386,0.9341955275642331,,6,ORIGINAL
606,3,0.0,0.8528028654224419,0.9453174449713314,,15,ORIGINAL
606,4,0.0,0.9428090415820635,0.9806790827122713,,9,ORIGINAL
606,5,0.0,0.9432422182837986,0.9806790827122713,,8,ORIGINAL
606,6,0.0,0.629940788348712,0.9561958125198223,,9,ORIGINAL
606,7,0.0,0.9506541513652698,0.9806790827122713,,5,ORIGINAL
606,8,0.0,0.8999999999999998,0.9806790827122713,,4,ORIGINAL
606,9,0.0,0.9707253433941511,0.9806790827122713,,4,ORIGINAL
607,0,0.0,,0.921781301480306,,1,ORIGINAL
607,1,0.0,0.8660254037844387,0.921781301480306,,6,ORIGINAL
607,2,0.0,0.9428090415820635,0.8440423910790914,,3,ORIGINAL
607,3,0.0,0.8164965809277259,0.8596753009315394,,11,ORIGINAL
607,4,0.0,0.9058216273156767,0.921781301480306,,4,ORIGINAL
607,5,0.0,0.9594032236002469,0.921781301480306,,8,ORIGINAL
607,6,0.0,0.40451991747794525,0.9099308155494368,,5,ORIGINAL
607,7,0.0,,0.921781301480306,,1,ORIGINAL
607,8,0.0,0.8333333333333335,0.921781301480306,,3,ORIGINAL
607,9,0.0,0.944911182523068,0.921781301480306,,4,ORIGINAL
608,0,0.0,-0.45226701686664544,0.9583167096761601,,5,ORIGINAL
608,1,0.0,-0.7071067811865476,0.9583167096761601,,6,ORIGINAL
608,2,0.0,0.25354627641855493,0.937786023836969,,11,ORIGINAL
608,3,0.0,-0.08058229640253803,0.972838427285778,,26,ORIGINAL
608,4,0.0,-0.5962847939999439,0.9583167096761601,,6,ORIGINAL
608,5,0.0,-0.2581988897471611,0.9583167096761601,,7,ORIGINAL
608,6,0.0,0.3779644730092272,0.9258790277634055,,4,ORIGINAL
608,7,0.0,-0.4999999999999999,0.9583167096761601,,5,ORIGINAL
608,8,0.0,-0.6666666666666666,0.9583167096761601,,6,ORIGINAL
608,9,0.0,,0.9583167096761601,,5,ORIGINAL
609,0,0.0,,0.9456603529213958,,0,ORIGINAL
609,1,0.0,0.9486832980505138,0.9456603529213958,,6,ORIGINAL
609,2,0.0,0.9166666666666669,0.9446835750235598,,6,ORIGINAL
609,3,0.0,0.9354143466934854,0.9603054975371861,,15,ORIGINAL
609,4,0.0,0.9230769230769232,0.9456603529213958,,4,ORIGINAL
609,5,0.0,0.9432422182837986,0.9456603529213958,,8,ORIGINAL
609,6,0.0,0.5855400437691198,0.9683544851511817,,6,ORIGINAL
609,7,0.0,,0.9456603529213958,,2,ORIGINAL
609,8,0.0,,0.9456603529213958,,2,ORIGINAL
609,9,0.0,1.0000000000000002,0.9456603529213958,,3,ORIGINAL
610,0,0.0,,0.9246351728232438,,0,ORIGINAL
610,1,0.0,,0.9246351728232438,,0,ORIGINAL
610,2,0.0,,0.9390073854089582,,0,ORIGINAL
610,3,0.0,,0.9530605252878185,,1,ORIGINAL
610,4,0.0,,0.9246351728232438,,0,ORIGINAL
610,5,0.0,,0.9246351728232438,,2,ORIGINAL
610,6,0.0,,0.9144329239460168,,2,ORIGINAL
610,7,0.0,,0.9246351728232438,,1,ORIGINAL
610,8,0.0,,0.9246351728232438,,1,ORIGINAL
610,9,0.0,,0.9246351728232438,,0,ORIGINAL
611,0,0.0,0.8164965809277259,0.9711339617538268,,3,ORIGINAL
611,1,0.0,0.9999999999999999,0.9711339617538268,,8,ORIGINAL
611,2,0.0,0.9428090415820635,0.9418732652446242,,6,ORIGINAL
611,3,0.0,0.9045340337332909,0.9184574392903175,,11,ORIGINAL
611,4,0.0,0.9428090415820635,0.9711339617538268,,3,ORIGINAL
611,5,0.0,0.9999999999999998,0.9711339617538268,,8,ORIGINAL
611,6,0.0,0.6324555320336759,0.9731518655736487,,5,ORIGINAL
611,7,0.0,0.9622504486493763,0.9711339617538268,,3,ORIGINAL
611,8,0.0,0.9538209664765318,0.9711339617538268,,7,ORIGINAL
611,9,0.0,0.9438798074485389,0.9711339617538268,,5,ORIGINAL
612,0,0.0,,0.9594009328812378,,2,ORIGINAL
612,1,0.0,0.9428090415820635,0.9594009328812378,,3,ORIGINAL
612,2,0.0,0.8888888888888888,0.9838151393703386,,6,ORIGINAL
612,3,0.0,0.9432422182837986,0.9455680645783914,,14,ORIGINAL
612,4,0.0,0.9449111825230682,0.9594009328812378,,6,ORIGINAL
612,5,0.0,0.9467292624062573,0.9594009328812378,,15,ORIGINAL
612,6,0.0,0.5833333333333334,0.9765368565225633,,6,ORIGINAL
612,7,0.0,0.8666666666666666,0.9594009328812378,,6,ORIGINAL
612,8,0.0,0.8819171036881969,0.9594009328812378,,9,ORIGINAL
612,9,0.0,0.9525793444156805,0.9594009328812378,,6,ORIGINAL
613,0,0.0,,0.9824636481796526,,0,ORIGINAL
613,1,0.0,,0.9824636481796526,,2,ORIGINAL
613,2,0.0,,0.9373812375584477,,1,ORIGINAL
613,3,0.0,0.9594032236002469,0.9051753866614726,,5,ORIGINAL
613,4,0.0,,0.9824636481796526,,2,ORIGINAL
613,5,0.0,0.9486832980505138,0.9824636481796526,,4,ORIGINAL
613,6,0.0,,0.9655410100448671,,2,ORIGINAL
613,7,0.0,0.8164965809277261,0.9824636481796526,,3,ORIGINAL
613,8,0.0,,0.9824636481796526,,2,ORIGINAL
613,9,0.0,,0.9824636481796526,,2,ORIGINAL
614,0,0.0,,,,2,ORIGINAL
614,1,0.0,,,,2,ORIGINAL
614,2,0.0,1.0000000000000002,,,3,ORIGINAL
614,3,0.0,0.944911182523068,,,8,ORIGINAL
614,4,0.0,0.9561828874675149,,,5,ORIGINAL
614,5,0.0,0.944911182523068,,,4,ORIGINAL
614,6,0.0,0.674199862463242,,,5,ORIGINAL
614,7,0.0,,,,1,ORIGINAL
614,8,0.0,,,,2,ORIGINAL
614,9,0.0,,,,2,ORIGINAL
615,0,0.0,,1.0,,0,ORIGINAL
615,1,0.0,0.9622504486493763,1.0,,3,ORIGINAL
615,2,0.0,0.8333333333333335,0.9633150259944552,,3,ORIGINAL
615,3,0.0,0.7925939239012171,0.9478675140998328,,4,ORIGINAL
615,4,0.0,,1.0,,2,ORIGINAL
615,5,0.0,0.8006407690254358,1.0,,4,ORIGINAL
615,6,0.0,,0.9646784562203947,,2,ORIGINAL
615,7,0.0,,1.0,,1,ORIGINAL
615,8,0.0,,1.0,,1,ORIGINAL
615,9,0.0,,1.0,,2,ORIGINAL
616,0,0.0,,1.0,,0,ORIGINAL
616,1,0.0,,1.0,,0,ORIGINAL
616,2,0.0,,0.9633150259944552,,2,ORIGINAL
616,3,0.0,0.944911182523068,0.9478675140998328,,4,ORIGINAL
616,4,0.0,,1.0,,1,ORIGINAL
616,5,0.0,,1.0,,2,ORIGINAL
616,6,0.0,0.0,0.9646784562203947,,3,ORIGINAL
616,7,0.0,,1.0,,0,ORIGINAL
616,8,0.0,,1.0,,0,ORIGINAL
616,9,0.0,,1.0,,1,ORIGINAL
617,0,0.0,,0.9351398090863341,,0,ORIGINAL
617,1,0.0,,0.9351398090863341,,2,ORIGINAL
617,2,0.0,,0.8567595659020111,,2,ORIGINAL
617,3,0.0,0.8164965809277261,0.8522173063432165,,6,ORIGINAL
617,4,0.0,,0.9351398090863341,,1,ORIGINAL
617,5,0.0,0.7071067811865475,0.9351398090863341,,4,ORIGINAL
617,6,0.0,,0.931134825102887,,1,ORIGINAL
617,7,0.0,0.9428090415820632,0.9351398090863341,,3,ORIGINAL
617,8,0.0,0.3333333333333333,0.9351398090863341,,3,ORIGINAL
617,9,0.0,,0.9351398090863341,,1,ORIGINAL
618,0,0.0,,0.9351398082922026,,0,ORIGINAL
618,1,0.0,,0.9351398082922026,,1,ORIGINAL
618,2,0.0,,0.8567595595876645,,1,ORIGINAL
618,3,0.0,0.9561828874675149,0.8522172981651709,,7,ORIGINAL
618,4,0.0,0.8366600265340756,0.9351398082922026,,4,ORIGINAL
618,5,0.0,0.8660254037844387,0.9351398082922026,,6,ORIGINAL
618,6,0.0,0.40824829046386296,0.9311348229638604,,5,ORIGINAL
618,7,0.0,,0.9351398082922026,,1,ORIGINAL
618,8,0.0,,0.9351398082922026,,2,ORIGINAL
618,9,0.0,,0.9351398082922026,,1,ORIGINAL
619,0,0.0,,1.0,,0,ORIGINAL
619,1,0.0,1.0000000000000002,1.0,,3,ORIGINAL
619,2,0.0,,0.9633150259944552,,2,ORIGINAL
619,3,0.0,0.9486832980505138,0.9478675140998328,,5,ORIGINAL
619,4,0.0,1.0000000000000002,1.0,,3,ORIGINAL
619,5,0.0,0.9999999999999998,1.0,,5,ORIGINAL
619,6,0.0,0.7745966692414834,0.9646784562203947,,3,ORIGINAL
619,7,0.0,,1.0,,2,ORIGINAL
619,8,0.0,,1.0,,2,ORIGINAL
619,9,0.0,1.0000000000000002,1.0,,3,ORIGINAL
620,0,0.0,,0.9794193477973404,,1,ORIGINAL
620,1,0.0,,0.9794193477973404,,1,ORIGINAL
620,2,0.0,,0.929237611972798,,2,ORIGINAL
620,3,0.0,1.0,0.8954618932272974,,4,ORIGINAL
620,4,0.0,,0.9794193477973404,,2,ORIGINAL
620,5,0.0,0.9999999999999998,0.9794193477973404,,5,ORIGINAL
620,6,0.0,,0.9659286553171109,,2,ORIGINAL
620,7,0.0,,0.9794193477973404,,1,ORIGINAL
620,8,0.0,0.9486832980505138,0.9794193477973404,,4,ORIGINAL
620,9,0.0,,0.9794193477973404,,0,ORIGINAL
621,0,0.0,,0.9217009214987615,,0,ORIGINAL
621,1,0.0,0.9486832980505138,0.9217009214987615,,5,ORIGINAL
621,2,0.0,,0.9351703439385569,,1,ORIGINAL
621,3,0.0,0.9428090415820635,0.9163374809476683,,3,ORIGINAL
621,4,0.0,0.9622504486493763,0.9217009214987615,,3,ORIGINAL
621,5,0.0,,0.9217009214987615,,2,ORIGINAL
621,6,0.0,0.8164965809277261,0.9448535572450507,,4,ORIGINAL
621,7,0.0,,0.9217009214987615,,2,ORIGINAL
621,8,0.0,,0.9217009214987615,,1,ORIGINAL
621,9,0.0,0.9525793444156805,0.9217009214987615,,3,ORIGINAL
622,0,0.0,,0.9528772578999964,,0,ORIGINAL
622,1,0.0,,0.9528772578999964,,0,ORIGINAL
622,2,0.0,,0.8862136982368001,,1,ORIGINAL
622,3,0.0,,0.8652361823140664,,1,ORIGINAL
622,4,0.0,,0.9528772578999964,,2,ORIGINAL
622,5,0.0,1.0000000000000002,0.9528772578999964,,3,ORIGINAL
622,6,0.0,0.9428090415820635,0.950676317163076,,3,ORIGINAL
622,7,0.0,,0.9528772578999964,,0,ORIGINAL
622,8,0.0,,0.9528772578999964,,2,ORIGINAL
622,9,0.0,,0.9528772578999964,,0,ORIGINAL
623,0,0.0,,0.9865432291009868,,1,ORIGINAL
623,1,0.0,0.8164965809277259,0.9865432291009868,,3,ORIGINAL
623,2,0.0,0.6172133998483676,0.946452462077083,,4,ORIGINAL
623,3,0.0,0.9045340337332909,0.9288382417506102,,10,ORIGINAL
623,4,0.0,,0.9865432291009868,,2,ORIGINAL
623,5,0.0,0.7071067811865475,0.9865432291009868,,4,ORIGINAL
623,6,0.0,,0.9560412601772939,,2,ORIGINAL
623,7,0.0,,0.9865432291009868,,1,ORIGINAL
623,8,0.0,,0.9865432291009868,,1,ORIGINAL
623,9,0.0,0.7071067811865475,0.9865432291009868,,3,ORIGINAL
624,0,0.0,,0.9547094745276156,,0,ORIGINAL
624,1,0.0,0.9428090415820635,0.9547094745276156,,3,ORIGINAL
624,2,0.0,,0.9773974150166507,,2,ORIGINAL
624,3,0.0,0.9525793444156805,0.9866204943948284,,3,ORIGINAL
624,4,0.0,,0.9547094745276156,,1,ORIGINAL
624,5,0.0,,0.9547094745276156,,2,ORIGINAL
624,6,0.0,,0.963900051850893,,2,ORIGINAL
624,7,0.0,,0.9547094745276156,,2,ORIGINAL
624,8,0.0,0.8164965809277261,0.9547094745276156,,3,ORIGINAL
624,9,0.0,,0.9547094745276156,,2,ORIGINAL
625,0,0.0,0.28867513459481287,0.9611205894334732,,6,ORIGINAL
625,1,0.0,0.8386278693775346,0.9611205894334732,,8,ORIGINAL
625,2,0.0,0.48795003647426655,0.9521660201148179,,9,ORIGINAL
625,3,0.0,0.6668859288553501,0.9352301620915747,,14,ORIGINAL
625,4,0.0,0.9428090415820635,0.9611205894334732,,3,ORIGINAL
625,5,0.0,1.0000000000000002,0.9611205894334732,,6,ORIGINAL
625,6,0.0,0.5345224838248487,0.9665349424714982,,7,ORIGINAL
625,7,0.0,,0.9611205894334732,,2,ORIGINAL
625,8,0.0,,0.9611205894334732,,2,ORIGINAL
625,9,0.0,0.6324555320336759,0.9611205894334732,,4,ORIGINAL
626,0,0.0,,1.0,,1,ORIGINAL
626,1,0.0,0.944911182523068,1.0,,4,ORIGINAL
626,2,0.0,,0.9633150259944552,,2,ORIGINAL
626,3,0.0,0.7637626158259734,0.9478675140998328,,7,ORIGINAL
626,4,0.0,,1.0,,2,ORIGINAL
626,5,0.0,0.9707253433941511,1.0,,4,ORIGINAL
626,6,0.0,0.2672612419124244,0.9646784562203947,,6,ORIGINAL
626,7,0.0,0.9525793444156805,1.0,,3,ORIGINAL
626,8,0.0,0.9428090415820635,1.0,,3,ORIGINAL
626,9,0.0,0.8944271909999159,1.0,,3,ORIGINAL
627,0,0.0,1.0,1.0,,4,ORIGINAL
627,1,0.0,0.9999999999999998,1.0,,7,ORIGINAL
627,2,0.0,0.9045340337332909,0.9633150259944552,,8,ORIGINAL
627,3,0.0,0.7648661601319408,0.9478675140998328,,19,ORIGINAL
627,4,0.0,0.6390096504226938,1.0,,8,ORIGINAL
627,5,0.0,0.8703882797784892,1.0,,13,ORIGINAL
627,6,0.0,0.686406472983644,0.9646784562203947,,10,ORIGINAL
627,7,0.0,0.9707253433941511,1.0,,4,ORIGINAL
627,8,0.0,0.9561828874675149,1.0,,5,ORIGINAL
627,9,0.0,0.7745966692414834,1.0,,3,ORIGINAL
628,0,0.0,1.0000000000000002,0.9787128262576937,,3,ORIGINAL
628,1,0.0,,0.9787128262576937,,0,ORIGINAL
628,2,0.0,,0.9352165820534446,,0,ORIGINAL
628,3,0.0,0.7745966692414834,0.9507984093464296,,3,ORIGINAL
628,4,0.0,,0.9787128262576937,,0,ORIGINAL
628,5,0.0,,0.9787128262576937,,1,ORIGINAL
628,6,0.0,,0.9503441910853968,,0,ORIGINAL
628,7,0.0,,0.9787128262576937,,0,ORIGINAL
628,8,0.0,,0.9787128262576937,,0,ORIGINAL
628,9,0.0,,0.9787128262576937,,2,ORIGINAL
629,0,0.0,,0.9471904310983514,,1,ORIGINAL
629,1,0.0,0.7499999999999999,0.9471904310983514,,8,ORIGINAL
629,2,0.0,0.944911182523068,0.9744499134770355,,4,ORIGINAL
629,3,0.0,0.8528028654224419,0.9590620043917518,,9,ORIGINAL
629,4,0.0,0.8728715609439696,0.9471904310983514,,4,ORIGINAL
629,5,0.0,,0.9471904310983514,,2,ORIGINAL
629,6,0.0,0.16666666666666666,0.9287918814548854,,7,ORIGINAL
629,7,0.0,,0.9471904310983514,,0,ORIGINAL
629,8,0.0,,0.9471904310983514,,2,ORIGINAL
629,9,0.0,0.9128709291752769,0.9471904310983514,,4,ORIGINAL
630,0,0.0,,0.9639813090602825,,1,ORIGINAL
630,1,0.0,1.0000000000000002,0.9639813090602825,,3,ORIGINAL
630,2,0.0,0.944911182523068,0.9054516358322072,,4,ORIGINAL
630,3,0.0,0.9525793444156805,0.8676103618583129,,6,ORIGINAL
630,4,0.0,,0.9639813090602825,,1,ORIGINAL
630,5,0.0,1.0,0.9639813090602825,,4,ORIGINAL
630,6,0.0,0.2581988897471611,0.9485264289890388,,3,ORIGINAL
630,7,0.0,,0.9639813090602825,,1,ORIGINAL
630,8,0.0,,0.9639813090602825,,1,ORIGINAL
630,9,0.0,,0.9639813090602825,,2,ORIGINAL
631,0,0.0,,0.9794193452299179,,0,ORIGINAL
631,1,0.0,,0.9794193452299179,,0,ORIGINAL
631,2,0.0,0.7071067811865475,0.9292376079930936,,4,ORIGINAL
631,3,0.0,0.8838834764831843,0.8954618878103693,,5,ORIGINAL
631,4,0.0,,0.9794193452299179,,1,ORIGINAL
631,5,0.0,1.0000000000000002,0.9794193452299179,,3,ORIGINAL
631,6,0.0,,0.9659286532579697,,2,ORIGINAL
631,7,0.0,,0.9794193452299179,,1,ORIGINAL
631,8,0.0,0.9486832980505138,0.9794193452299179,,4,ORIGINAL
631,9,0.0,,0.9794193452299179,,0,ORIGINAL
632,0,0.0,,0.967374227367874,,1,ORIGINAL
632,1,0.0,,0.967374227367874,,0,ORIGINAL
632,2,0.0,0.9622504486493763,0.9184183488281173,,3,ORIGINAL
632,3,0.0,0.9285714285714286,0.9081496881593558,,6,ORIGINAL
632,4,0.0,0.7745966692414834,0.967374227367874,,3,ORIGINAL
632,5,0.0,0.8164965809277259,0.967374227367874,,3,ORIGINAL
632,6,0.0,,0.9716392067023052,,2,ORIGINAL
632,7,0.0,,0.967374227367874,,0,ORIGINAL
632,8,0.0,,0.967374227367874,,1,ORIGINAL
632,9,0.0,,0.967374227367874,,2,ORIGINAL
633,0,0.0,,0.9818253477149664,,1,ORIGINAL
633,1,0.0,0.9428090415820635,0.9818253477149664,,3,ORIGINAL
633,2,0.0,0.8333333333333334,0.9722461298503079,,6,ORIGINAL
633,3,0.0,0.8908708063747479,0.9490861264360255,,8,ORIGINAL
633,4,0.0,,0.9818253477149664,,2,ORIGINAL
633,5,0.0,0.9561828874675149,0.9818253477149664,,7,ORIGINAL
633,6,0.0,0.769800358919501,0.9622221217114552,,6,ORIGINAL
633,7,0.0,0.9622504486493763,0.9818253477149664,,3,ORIGINAL
633,8,0.0,0.8333333333333335,0.9818253477149664,,3,ORIGINAL
633,9,0.0,0.9058216273156767,0.9818253477149664,,4,ORIGINAL
634,0,0.0,,0.964678458555335,,0,ORIGINAL
634,1,0.0,0.9561828874675149,0.964678458555335,,5,ORIGINAL
634,2,0.0,0.9622504486493763,0.965834604492053,,6,ORIGINAL
634,3,0.0,0.9460998335825321,0.9413488713238006,,10,ORIGINAL
634,4,0.0,0.9438798074485389,0.964678458555335,,5,ORIGINAL
634,5,0.0,0.9538209664765318,0.964678458555335,,7,ORIGINAL
634,6,0.0,,0.9999999999999974,,2,ORIGINAL
634,7,0.0,,0.964678458555335,,2,ORIGINAL
634,8,0.0,,0.964678458555335,,2,ORIGINAL
634,9,0.0,1.0000000000000002,0.964678458555335,,3,ORIGINAL
635,0,0.0,,0.9528772567385477,,1,ORIGINAL
635,1,0.0,0.8888888888888888,0.9528772567385477,,6,ORIGINAL
635,2,0.0,0.944911182523068,0.8862137006668358,,8,ORIGINAL
635,3,0.0,0.9538209664765318,0.865236184293315,,16,ORIGINAL
635,4,0.0,0.9525793444156805,0.9528772567385477,,3,ORIGINAL
635,5,0.0,0.9525793444156805,0.9528772567385477,,6,ORIGINAL
635,6,0.0,0.7302967433402214,0.9506763180030859,,7,ORIGINAL
635,7,0.0,0.9428090415820635,0.9528772567385477,,3,ORIGINAL
635,8,0.0,0.8164965809277261,0.9528772567385477,,3,ORIGINAL
635,9,0.0,0.9525793444156805,0.9528772567385477,,3,ORIGINAL
636,0,0.0,,0.9824636492987208,,1,ORIGINAL
636,1,0.0,1.0,0.9824636492987208,,4,ORIGINAL
636,2,0.0,0.8164965809277261,0.9373812376983589,,3,ORIGINAL
636,3,0.0,0.8528028654224417,0.9051753863583857,,5,ORIGINAL
636,4,0.0,,0.9824636492987208,,2,ORIGINAL
636,5,0.0,0.9999999999999998,0.9824636492987208,,5,ORIGINAL
636,6,0.0,0.8451542547285165,0.9655410097462167,,5,ORIGINAL
636,7,0.0,0.944911182523068,0.9824636492987208,,4,ORIGINAL
636,8,0.0,0.9428090415820635,0.9824636492987208,,3,ORIGINAL
636,9,0.0,0.8728715609439694,0.9824636492987208,,6,ORIGINAL
637,0,0.0,,0.962720391122974,,0,ORIGINAL
637,1,0.0,0.8485281374238569,0.962720391122974,,5,ORIGINAL
637,2,0.0,0.8660254037844387,0.9658798425192888,,3,ORIGINAL
637,3,0.0,0.9045340337332909,0.9222827436858662,,8,ORIGINAL
637,4,0.0,0.7453559924999299,0.962720391122974,,3,ORIGINAL
637,5,0.0,0.9486832980505138,0.962720391122974,,5,ORIGINAL
637,6,0.0,0.6210590034081188,0.976814604128465,,8,ORIGINAL
637,7,0.0,0.7826237921249264,0.962720391122974,,5,ORIGINAL
637,8,0.0,,0.962720391122974,,2,ORIGINAL
637,9,0.0,0.9707253433941511,0.962720391122974,,4,ORIGINAL
638,0,0.0,,0.9806790827661879,,1,ORIGINAL
638,1,0.0,,0.9806790827661879,,2,ORIGINAL
638,2,0.0,,0.9341955267774809,,1,ORIGINAL
638,3,0.0,0.944911182523068,0.9453174431026593,,4,ORIGINAL
638,4,0.0,,0.9806790827661879,,2,ORIGINAL
638,5,0.0,,0.9806790827661879,,2,ORIGINAL
638,6,0.0,0.9428090415820635,0.9561958142172547,,3,ORIGINAL
638,7,0.0,,0.9806790827661879,,2,ORIGINAL
638,8,0.0,,0.9806790827661879,,2,ORIGINAL
638,9,0.0,0.8164965809277261,0.9806790827661879,,3,ORIGINAL
639,0,0.0,,1.0,,0,ORIGINAL
639,1,0.0,,1.0,,2,ORIGINAL
639,2,0.0,0.9428090415820635,0.9633150259944552,,3,ORIGINAL
639,3,0.0,0.9428090415820635,0.9478675140998328,,3,ORIGINAL
639,4,0.0,,1.0,,2,ORIGINAL
639,5,0.0,,1.0,,2,ORIGINAL
639,6,0.0,,0.9646784562203947,,2,ORIGINAL
639,7,0.0,,1.0,,1,ORIGINAL
639,8,0.0,,1.0,,0,ORIGINAL
639,9,0.0,,1.0,,2,ORIGINAL
640,0,0.0,,0.9120722197783447,,1,ORIGINAL
640,1,0.0,,0.9120722197783447,,0,ORIGINAL
640,2,0.0,,0.9653767795556012,,0,ORIGINAL
640,3,0.0,,0.9428024710607594,,2,ORIGINAL
640,4,0.0,,0.9120722197783447,,2,ORIGINAL
640,5,0.0,,0.9120722197783447,,2,ORIGINAL
640,6,0.0,,0.9455824369590816,,0,ORIGINAL
640,7,0.0,,0.9120722197783447,,0,ORIGINAL
640,8,0.0,,0.9120722197783447,,0,ORIGINAL
640,9,0.0,,0.9120722197783447,,0,ORIGINAL
641,0,0.0,0.7826237921249264,0.9794193462367038,,10,ORIGINAL
641,1,0.0,0.7715167498104595,0.9794193462367038,,9,ORIGINAL
641,2,0.0,0.7499999999999999,0.9292376091175674,,5,ORIGINAL
641,3,0.0,0.6154574548966638,0.8954618908937972,,9,ORIGINAL
641,4,0.0,,0.9794193462367038,,0,ORIGINAL
641,5,0.0,0.8164965809277259,0.9794193462367038,,3,ORIGINAL
641,6,0.0,,0.9659286568155373,,0,ORIGINAL
641,7,0.0,,0.9794193462367038,,1,ORIGINAL
641,8,0.0,,0.9794193462367038,,0,ORIGINAL
641,9,0.0,0.7499999999999999,0.9794193462367038,,6,ORIGINAL
642,0,0.0,0.9525793444156805,0.9806790833971396,,3,ORIGINAL
642,1,0.0,1.0,0.9806790833971396,,4,ORIGINAL
642,2,0.0,0.4082482904638631,0.9341955283107599,,6,ORIGINAL
642,3,0.0,0.24999999999999994,0.9453174455349815,,8,ORIGINAL
642,4,0.0,-0.10846522890932808,0.9806790833971396,,5,ORIGINAL
642,5,0.0,0.14285714285714285,0.9806790833971396,,7,ORIGINAL
642,6,0.0,0.5070925528371099,0.9561958140464701,,5,ORIGINAL
642,7,0.0,0.23570226039551587,0.9806790833971396,,6,ORIGINAL
642,8,0.0,-0.19245008972987526,0.9806790833971396,,3,ORIGINAL
642,9,0.0,0.9561828874675149,0.9806790833971396,,5,ORIGINAL
643,0,0.0,,0.9794193496069241,,2,ORIGINAL
643,1,0.0,0.9036961141150639,0.9794193496069241,,6,ORIGINAL
643,2,0.0,0.9101820546182064,0.9292376125602791,,9,ORIGINAL
643,3,0.0,0.900937462695559,0.8954618939681076,,17,ORIGINAL
643,4,0.0,0.8563488385776753,0.9794193496069241,,12,ORIGINAL
643,5,0.0,0.8944271909999159,0.9794193496069241,,12,ORIGINAL
643,6,0.0,0.45883146774112343,0.9659286556665522,,7,ORIGINAL
643,7,0.0,0.9647638212377322,0.9794193496069241,,4,ORIGINAL
643,8,0.0,0.9128709291752769,0.9794193496069241,,6,ORIGINAL
643,9,0.0,0.9737289911202953,0.9794193496069241,,6,ORIGINAL
644,0,0.0,,0.964233471141914,,0,ORIGINAL
644,1,0.0,1.0000000000000002,0.964233471141914,,3,ORIGINAL
644,2,0.0,0.944911182523068,0.899975665983202,,4,ORIGINAL
644,3,0.0,0.9525793444156805,0.8844950997023633,,6,ORIGINAL
644,4,0.0,,0.964233471141914,,1,ORIGINAL
644,5,0.0,1.0,0.964233471141914,,4,ORIGINAL
644,6,0.0,0.2886751345948129,0.9477819166900081,,4,ORIGINAL
644,7,0.0,,0.964233471141914,,1,ORIGINAL
644,8,0.0,,0.964233471141914,,1,ORIGINAL
644,9,0.0,,0.964233471141914,,2,ORIGINAL
645,0,0.0,,1.0,,2,ORIGINAL
645,1,0.0,0.9428090415820635,1.0,,6,ORIGINAL
645,2,0.0,0.9622504486493763,0.9633150259944552,,6,ORIGINAL
645,3,0.0,0.7833494518006403,0.9478675140998328,,15,ORIGINAL
645,4,0.0,0.9431191251430151,1.0,,7,ORIGINAL
645,5,0.0,0.8280786712108251,1.0,,12,ORIGINAL
645,6,0.0,0.8703882797784892,0.9646784562203947,,6,ORIGINAL
645,7,0.0,0.8864052604279183,1.0,,5,ORIGINAL
645,8,0.0,0.9431191251430151,1.0,,7,ORIGINAL
645,9,0.0,0.9594032236002469,1.0,,5,ORIGINAL
646,0,0.0,,1.0,,0,ORIGINAL
646,1,0.0,0.9428090415820635,1.0,,3,ORIGINAL
646,2,0.0,,0.9633150259944552,,2,ORIGINAL
646,3,0.0,0.8164965809277261,0.9478675140998328,,3,ORIGINAL
646,4,0.0,,1.0,,2,ORIGINAL
646,5,0.0,0.9428090415820635,1.0,,3,ORIGINAL
646,6,0.0,0.7745966692414834,0.9646784562203947,,3,ORIGINAL
646,7,0.0,,1.0,,1,ORIGINAL
646,8,0.0,,1.0,,1,ORIGINAL
646,9,0.0,0.9428090415820635,1.0,,3,ORIGINAL
647,0,0.0,0.9428090415820635,0.964678458555335,,3,ORIGINAL
647,1,0.0,0.9428090415820635,0.964678458555335,,6,ORIGINAL
647,2,0.0,0.9737289911202953,0.965834604492053,,9,ORIGINAL
647,3,0.0,0.9215122259681071,0.9413488713238006,,14,ORIGINAL
647,4,0.0,0.8916451401205646,0.964678458555335,,8,ORIGINAL
647,5,0.0,0.9049228966693288,0.964678458555335,,14,ORIGINAL
647,6,0.0,0.447213595499958,0.9999999999999974,,9,ORIGINAL
647,7,0.0,0.9525793444156805,0.964678458555335,,3,ORIGINAL
647,8,0.0,0.9007546982220901,0.964678458555335,,8,ORIGINAL
647,9,0.0,0.8888888888888891,0.964678458555335,,6,ORIGINAL
648,0,0.0,,0.9483767879281998,,0,ORIGINAL
648,1,0.0,,0.9483767879281998,,2,ORIGINAL
648,2,0.0,0.9999999999999998,0.9031681516848659,,5,ORIGINAL
648,3,0.0,0.8717797887081347,0.8805111908441153,,13,ORIGINAL
648,4,0.0,,0.9483767879281998,,1,ORIGINAL
648,5,0.0,0.9622504486493763,0.9483767879281998,,3,ORIGINAL
648,6,0.0,0.40824829046386296,0.9710555762410492,,5,ORIGINAL
648,7,0.0,,0.9483767879281998,,2,ORIGINAL
648,8,0.0,,0.9483767879281998,,2,ORIGINAL
648,9,0.0,,0.9483767879281998,,1,ORIGINAL
649,0,0.0,-0.3333333333333333,0.9794193475588376,,6,ORIGINAL
649,1,0.0,,0.9794193475588376,,5,ORIGINAL
649,2,0.0,,0.9292376085131075,,2,ORIGINAL
649,3,0.0,,0.8954618886099074,,6,ORIGINAL
649,4,0.0,,0.9794193475588376,,2,ORIGINAL
649,5,0.0,,0.9794193475588376,,2,ORIGINAL
649,6,0.0,,0.9659286521937986,,0,ORIGINAL
649,7,0.0,,0.9794193475588376,,0,ORIGINAL
649,8,0.0,,0.9794193475588376,,1,ORIGINAL
649,9,0.0,,0.9794193475588376,,2,ORIGINAL
650,0,0.0,,0.9120722197783447,,1,ORIGINAL
650,1,0.0,,0.9120722197783447,,2,ORIGINAL
650,2,0.0,,0.9653767795556012,,2,ORIGINAL
650,3,0.0,-0.37499999999999994,0.9428024710607594,,5,ORIGINAL
650,4,0.0,-0.19245008972987526,0.9120722197783447,,3,ORIGINAL
650,5,0.0,-0.7717436331412897,0.9120722197783447,,8,ORIGINAL
650,6,0.0,0.1259881576697424,0.9455824369590816,,6,ORIGINAL
650,7,0.0,,0.9120722197783447,,1,ORIGINAL
650,8,0.0,,0.9120722197783447,,2,ORIGINAL
650,9,0.0,-0.3999999999999999,0.9120722197783447,,4,ORIGINAL
651,0,0.0,,0.9471904310983514,,0,ORIGINAL
651,1,0.0,,0.9471904310983514,,1,ORIGINAL
651,2,0.0,0.9561828874675149,0.9744499134770355,,4,ORIGINAL
651,3,0.0,0.9166666666666669,0.9590620043917518,,6,ORIGINAL
651,4,0.0,0.9622504486493763,0.9471904310983514,,3,ORIGINAL
651,5,0.0,0.9525793444156805,0.9471904310983514,,6,ORIGINAL
651,6,0.0,1.0000000000000002,0.9287918814548854,,3,ORIGINAL
651,7,0.0,,0.9471904310983514,,1,ORIGINAL
651,8,0.0,0.9622504486493763,0.9471904310983514,,3,ORIGINAL
651,9,0.0,,0.9471904310983514,,0,ORIGINAL
652,0,0.0,,0.9545005813135693,,0,ORIGINAL
652,1,0.0,0.9438798074485389,0.9545005813135693,,5,ORIGINAL
652,2,0.0,0.8677218312746247,0.8965726495809305,,8,ORIGINAL
652,3,0.0,0.8666666666666667,0.911733525129955,,15,ORIGINAL
652,4,0.0,0.857142857142857,0.9545005813135693,,4,ORIGINAL
652,5,0.0,0.9561828874675149,0.9545005813135693,,5,ORIGINAL
652,6,0.0,0.45643546458763845,0.9422929887194212,,8,ORIGINAL
652,7,0.0,,0.9545005813135693,,2,ORIGINAL
652,8,0.0,,0.9545005813135693,,1,ORIGINAL
652,9,0.0,0.9428090415820635,0.9545005813135693,,3,ORIGINAL
653,0,0.0,,0.9734363214507032,,0,ORIGINAL
653,1,0.0,0.9486832980505138,0.9734363214507032,,5,ORIGINAL
653,2,0.0,,0.9372873897695143,,2,ORIGINAL
653,3,0.0,1.0,0.9593459940786431,,6,ORIGINAL
653,4,0.0,0.9434563530497265,0.9734363214507032,,4,ORIGINAL
653,5,0.0,0.9428090415820635,0.9734363214507032,,3,ORIGINAL
653,6,0.0,0.6390096504226938,0.9352360575243936,,6,ORIGINAL
653,7,0.0,,0.9734363214507032,,0,ORIGINAL
653,8,0.0,,0.9734363214507032,,2,ORIGINAL
653,9,0.0,0.9434563530497265,0.9734363214507032,,4,ORIGINAL
654,0,0.0,,0.9246351710412715,,1,ORIGINAL
654,1,0.0,0.8164965809277259,0.9246351710412715,,3,ORIGINAL
654,2,0.0,0.4714045207910316,0.9390073849741115,,6,ORIGINAL
654,3,0.0,0.5715476066494082,0.9530605257253851,,11,ORIGINAL
654,4,0.0,,0.9246351710412715,,0,ORIGINAL
654,5,0.0,,0.9246351710412715,,2,ORIGINAL
654,6,0.0,,0.9144329226503536,,2,ORIGINAL
654,7,0.0,,0.9246351710412715,,2,ORIGINAL
654,8,0.0,0.6546536707079772,0.9246351710412715,,4,ORIGINAL
654,9,0.0,,0.9246351710412715,,2,ORIGINAL
655,0,0.0,,1.0,,1,ORIGINAL
655,1,0.0,,1.0,,2,ORIGINAL
655,2,0.0,,0.9633150259944552,,6,ORIGINAL
655,3,0.0,0.7071067811865475,0.9478675140998328,,5,ORIGINAL
655,4,0.0,0.6666666666666666,1.0,,3,ORIGINAL
655,5,0.0,0.5773502691896258,1.0,,3,ORIGINAL
655,6,0.0,,0.9646784562203947,,2,ORIGINAL
655,7,0.0,,1.0,,1,ORIGINAL
655,8,0.0,,1.0,,2,ORIGINAL
655,9,0.0,0.6666666666666666,1.0,,3,ORIGINAL
656,0,0.0,,0.9633150259944552,,0,ORIGINAL
656,1,0.0,,0.9633150259944552,,0,ORIGINAL
656,2,0.0,,0.9999999999999993,,0,ORIGINAL
656,3,0.0,,0.9777320874553711,,0,ORIGINAL
656,4,0.0,,0.9633150259944552,,0,ORIGINAL
656,5,0.0,,0.9633150259944552,,0,ORIGINAL
656,6,0.0,,0.9658346052796958,,0,ORIGINAL
656,7,0.0,,0.9633150259944552,,0,ORIGINAL
656,8,0.0,,0.9633150259944552,,0,ORIGINAL
656,9,0.0,,0.9633150259944552,,0,ORIGINAL
657,0,0.0,,1.0,,0,ORIGINAL
657,1,0.0,0.8749999999999998,1.0,,5,ORIGINAL
657,2,0.0,0.9045340337332908,0.9633150259944552,,15,ORIGINAL
657,3,0.0,0.9237604307034012,0.9478675140998328,,24,ORIGINAL
657,4,0.0,0.9431191251430151,1.0,,7,ORIGINAL
657,5,0.0,0.9091372900969896,1.0,,8,ORIGINAL
657,6,0.0,0.16317848796612636,0.9646784562203947,,11,ORIGINAL
657,7,0.0,,1.0,,2,ORIGINAL
657,8,0.0,0.8504200642707612,1.0,,5,ORIGINAL
657,9,0.0,0.8660254037844387,1.0,,3,ORIGINAL
658,549,0.9,,,,2,ORIGINAL
658,739,0.9,,,,1,ORIGINAL
658,0,0.0,,1.0,,0,ORIGINAL
658,1,0.0,,1.0,,2,ORIGINAL
658,2,0.0,,0.9633150259944552,,2,ORIGINAL
658,3,0.0,,0.9478675140998328,,5,ORIGINAL
658,4,0.0,,1.0,,2,ORIGINAL
658,5,0.0,,1.0,,4,ORIGINAL
658,6,0.0,,0.9646784562203947,,2,ORIGINAL
658,7,0.0,,1.0,,2,ORIGINAL
659,0,0.0,1.0000000000000002,0.9699713572266225,,3,ORIGINAL
659,1,0.0,0.19999999999999996,0.9699713572266225,,5,ORIGINAL
659,2,0.0,0.1348399724926484,0.9059825079395406,,7,ORIGINAL
659,3,0.0,-0.30743773095067284,0.8860247116862109,,17,ORIGINAL
659,4,0.0,-0.34341479757995447,0.9699713572266225,,12,ORIGINAL
659,5,0.0,-0.10660035817780521,0.9699713572266225,,11,ORIGINAL
659,6,0.0,-0.5439282932204212,0.9660512382337655,,9,ORIGINAL
659,7,0.0,0.5640760748177662,0.9699713572266225,,5,ORIGINAL
659,8,0.0,-0.6818181818181818,0.9699713572266225,,7,ORIGINAL
659,9,0.0,0.42857142857142855,0.9699713572266225,,5,ORIGINAL
660,0,0.0,,0.9794193477973404,,1,ORIGINAL
660,1,0.0,0.10482848367219183,0.9794193477973404,,7,ORIGINAL
660,2,0.0,0.8888888888888888,0.929237611972798,,6,ORIGINAL
660,3,0.0,-0.037267799624996496,0.8954618932272974,,15,ORIGINAL
660,4,0.0,0.11846977555181847,0.9794193477973404,,7,ORIGINAL
660,5,0.0,0.5330017908890261,0.9794193477973404,,8,ORIGINAL
660,6,0.0,-0.22360679774997896,0.9659286553171109,,5,ORIGINAL
660,7,0.0,0.0,0.9794193477973404,,4,ORIGINAL
660,8,0.0,-0.13483997249264842,0.9794193477973404,,5,ORIGINAL
660,9,0.0,0.25724787771376323,0.9794193477973404,,5,ORIGINAL
661,0,0.0,,0.9586603578412521,,0,ORIGINAL
661,1,0.0,,0.9586603578412521,,2,ORIGINAL
661,2,0.0,,0.9196070000613208,,2,ORIGINAL
661,3,0.0,0.4714045207910316,0.9380603678845636,,6,ORIGINAL
661,4,0.0,,0.9586603578412521,,2,ORIGINAL
661,5,0.0,0.8944271909999159,0.9586603578412521,,5,ORIGINAL
661,6,0.0,,0.9511655553061549,,1,ORIGINAL
661,7,0.0,,0.9586603578412521,,2,ORIGINAL
661,8,0.0,0.7071067811865475,0.9586603578412521,,4,ORIGINAL
661,9,0.0,0.9428090415820632,0.9586603578412521,,3,ORIGINAL
662,0,0.0,0.4082482904638631,1.0,,3,ORIGINAL
662,1,0.0,0.8838834764831843,1.0,,5,ORIGINAL
662,2,0.0,0.9058216273156767,0.9633150259944552,,7,ORIGINAL
662,3,0.0,0.795495128834866,0.9478675140998328,,11,ORIGINAL
662,4,0.0,,1.0,,2,ORIGINAL
662,5,0.0,0.8164965809277261,1.0,,6,ORIGINAL
662,6,0.0,0.5163977794943222,0.9646784562203947,,6,ORIGINAL
662,7,0.0,0.7559289460184544,1.0,,4,ORIGINAL
662,8,0.0,,1.0,,2,ORIGINAL
662,9,0.0,0.7001400420140049,1.0,,5,ORIGINAL
663,0,0.0,,0.9471904310983514,,2,ORIGINAL
663,1,0.0,,0.9471904310983514,,1,ORIGINAL
663,2,0.0,,0.9744499134770355,,2,ORIGINAL
663,3,0.0,-0.4999999999999999,0.9590620043917518,,5,ORIGINAL
663,4,0.0,,0.9471904310983514,,1,ORIGINAL
663,5,0.0,0.2886751345948129,0.9471904310983514,,4,ORIGINAL
663,6,0.0,,0.9287918814548854,,1,ORIGINAL
663,7,0.0,,0.9471904310983514,,0,ORIGINAL
663,8,0.0,,0.9471904310983514,,1,ORIGINAL
663,9,0.0,-0.5773502691896258,0.9471904310983514,,3,ORIGINAL
664,0,0.0,,,,0,ORIGINAL
664,1,0.0,,,,0,ORIGINAL
664,2,0.0,,,,0,ORIGINAL
664,3,0.0,,,,1,ORIGINAL
664,4,0.0,,,,0,ORIGINAL
664,5,0.0,,,,2,ORIGINAL
664,6,0.0,,,,1,ORIGINAL
664,7,0.0,,,,0,ORIGINAL
664,8,0.0,,,,0,ORIGINAL
664,9,0.0,,,,0,ORIGINAL
665,0,0.0,,,,1,ORIGINAL
665,1,0.0,,,,2,ORIGINAL
665,2,0.0,0.9525793444156805,,,3,ORIGINAL
665,3,0.0,0.9525793444156805,,,3,ORIGINAL
665,4,0.0,,,,2,ORIGINAL
665,5,0.0,,,,1,ORIGINAL
665,6,0.0,0.9622504486493763,,,3,ORIGINAL
665,7,0.0,,,,2,ORIGINAL
665,8,0.0,,,,2,ORIGINAL
665,9,0.0,,,,1,ORIGINAL
666,0,0.0,,1.0,,0,ORIGINAL
666,1,0.0,0.9438798074485389,1.0,,5,ORIGINAL
666,2,0.0,,0.9633150259944552,,2,ORIGINAL
666,3,0.0,0.8181818181818182,0.9478675140998328,,5,ORIGINAL
666,4,0.0,,1.0,,2,ORIGINAL
666,5,0.0,0.9561828874675149,1.0,,5,ORIGINAL
666,6,0.0,0.7396002616336389,0.9646784562203947,,7,ORIGINAL
666,7,0.0,0.9166666666666669,1.0,,6,ORIGINAL
666,8,0.0,0.9561828874675149,1.0,,4,ORIGINAL
666,9,0.0,0.9078412990032038,1.0,,7,ORIGINAL
667,0,0.0,,1.0,,0,ORIGINAL
667,1,0.0,,1.0,,1,ORIGINAL
667,2,0.0,,0.9633150259944552,,0,ORIGINAL
667,3,0.0,,0.9478675140998328,,2,ORIGINAL
667,4,0.0,,1.0,,2,ORIGINAL
667,5,0.0,,1.0,,2,ORIGINAL
667,6,0.0,,0.9646784562203947,,1,ORIGINAL
667,7,0.0,,1.0,,0,ORIGINAL
667,8,0.0,,1.0,,1,ORIGINAL
667,9,0.0,,1.0,,1,ORIGINAL
668,0,0.0,,1.0,,0,ORIGINAL
668,1,0.0,,1.0,,2,ORIGINAL
668,2,0.0,1.0000000000000002,0.9633150259944552,,3,ORIGINAL
668,3,0.0,,0.9478675140998328,,2,ORIGINAL
668,4,0.0,,1.0,,1,ORIGINAL
668,5,0.0,0.9622504486493763,1.0,,3,ORIGINAL
668,6,0.0,0.9707253433941511,0.9646784562203947,,4,ORIGINAL
668,7,0.0,0.944911182523068,1.0,,4,ORIGINAL
668,8,0.0,,1.0,,1,ORIGINAL
668,9,0.0,1.0000000000000002,1.0,,3,ORIGINAL
669,0,0.0,,0.9853041597713569,,0,ORIGINAL
669,1,0.0,1.0,0.9853041597713569,,4,ORIGINAL
669,2,0.0,0.9486832980505138,0.976353289271609,,5,ORIGINAL
669,3,0.0,0.8845379626717033,0.9557788136459758,,9,ORIGINAL
669,4,0.0,0.9761870601839528,0.9853041597713569,,5,ORIGINAL
669,5,0.0,0.9432422182837986,0.9853041597713569,,8,ORIGINAL
669,6,0.0,0.8040302522073697,0.9814549322456585,,8,ORIGINAL
669,7,0.0,0.944911182523068,0.9853041597713569,,4,ORIGINAL
669,8,0.0,0.9525793444156805,0.9853041597713569,,3,ORIGINAL
669,9,0.0,1.0,0.9853041597713569,,4,ORIGINAL
670,0,0.0,,0.9699713572266225,,0,ORIGINAL
670,1,0.0,,0.9699713572266225,,1,ORIGINAL
670,2,0.0,,0.9059825079395406,,0,ORIGINAL
670,3,0.0,0.8017837257372731,0.8860247116862109,,4,ORIGINAL
670,4,0.0,,0.9699713572266225,,1,ORIGINAL
670,5,0.0,,0.9699713572266225,,2,ORIGINAL
670,6,0.0,,0.9660512382337655,,2,ORIGINAL
670,7,0.0,,0.9699713572266225,,1,ORIGINAL
670,8,0.0,,0.9699713572266225,,2,ORIGINAL
670,9,0.0,,0.9699713572266225,,1,ORIGINAL
671,0,0.0,0.8660254037844387,1.0,,3,ORIGINAL
671,1,0.0,1.0,1.0,,4,ORIGINAL
671,2,0.0,0.9525793444156805,0.9633150259944552,,6,ORIGINAL
671,3,0.0,0.8427009716003846,0.9478675140998328,,11,ORIGINAL
671,4,0.0,0.9428090415820635,1.0,,3,ORIGINAL
671,5,0.0,,1.0,,2,ORIGINAL
671,6,0.0,0.944911182523068,0.9646784562203947,,4,ORIGINAL
671,7,0.0,0.9428090415820635,1.0,,3,ORIGINAL
671,8,0.0,,1.0,,2,ORIGINAL
671,9,0.0,0.9761870601839528,1.0,,5,ORIGINAL
672,0,0.0,,0.9633150259944552,,1,ORIGINAL
672,1,0.0,0.9561828874675149,0.9633150259944552,,7,ORIGINAL
672,2,0.0,0.9476984899448786,0.9999999999999993,,16,ORIGINAL
672,3,0.0,0.8864052604279183,0.9777320874553711,,27,ORIGINAL
672,4,0.0,0.8838834764831844,0.9633150259944552,,9,ORIGINAL
672,5,0.0,0.9999999999999998,0.9633150259944552,,10,ORIGINAL
672,6,0.0,0.5477225575051661,0.9658346052796958,,10,ORIGINAL
672,7,0.0,0.9432422182837986,0.9633150259944552,,8,ORIGINAL
672,8,0.0,0.9456108576893003,0.9633150259944552,,9,ORIGINAL
672,9,0.0,0.9761870601839528,0.9633150259944552,,5,ORIGINAL
673,0,0.0,,0.9420432252655582,,2,ORIGINAL
673,1,0.0,0.8660254037844387,0.9420432252655582,,6,ORIGINAL
673,2,0.0,0.8006407690254358,0.935694190065955,,10,ORIGINAL
673,3,0.0,0.5292377467571571,0.9599929196111939,,20,ORIGINAL
673,4,0.0,0.6324555320336759,0.9420432252655582,,4,ORIGINAL
673,5,0.0,0.9561828874675149,0.9420432252655582,,7,ORIGINAL
673,6,0.0,0.31622776601683794,0.9403748526765583,,7,ORIGINAL
673,7,0.0,0.9258200997725514,0.9420432252655582,,4,ORIGINAL
673,8,0.0,0.9486832980505138,0.9420432252655582,,4,ORIGINAL
673,9,0.0,0.9525793444156805,0.9420432252655582,,3,ORIGINAL
674,0,0.0,,0.951640056752823,,2,ORIGINAL
674,1,0.0,1.0000000000000002,0.951640056752823,,6,ORIGINAL
674,2,0.0,0.8333333333333335,0.9182580824321018,,3,ORIGINAL
674,3,0.0,0.9090909090909091,0.8690890125621994,,8,ORIGINAL
674,4,0.0,,0.951640056752823,,2,ORIGINAL
674,5,0.0,0.9561828874675149,0.951640056752823,,7,ORIGINAL
674,6,0.0,0.5669467095138409,0.941335558692549,,4,ORIGINAL
674,7,0.0,0.9622504486493763,0.951640056752823,,3,ORIGINAL
674,8,0.0,0.944911182523068,0.951640056752823,,4,ORIGINAL
674,9,0.0,0.9622504486493763,0.951640056752823,,3,ORIGINAL
675,0,0.0,,0.964678458555335,,0,ORIGINAL
675,1,0.0,,0.964678458555335,,0,ORIGINAL
675,2,0.0,,0.965834604492053,,1,ORIGINAL
675,3,0.0,,0.9413488713238006,,2,ORIGINAL
675,4,0.0,,0.964678458555335,,0,ORIGINAL
675,5,0.0,,0.964678458555335,,1,ORIGINAL
675,6,0.0,,0.9999999999999974,,0,ORIGINAL
675,7,0.0,,0.964678458555335,,2,ORIGINAL
675,8,0.0,0.9428090415820635,0.964678458555335,,3,ORIGINAL
675,9,0.0,,0.964678458555335,,0,ORIGINAL
676,0,0.0,,0.9522684276090986,,1,ORIGINAL
676,1,0.0,1.0000000000000002,0.9522684276090986,,3,ORIGINAL
676,2,0.0,0.944911182523068,0.9081347757446782,,5,ORIGINAL
676,3,0.0,0.9438798074485388,0.8632969565966576,,7,ORIGINAL
676,4,0.0,0.9434563530497265,0.9522684276090986,,4,ORIGINAL
676,5,0.0,0.9583727150068314,0.9522684276090986,,8,ORIGINAL
676,6,0.0,0.9460998335825321,0.9413593990528872,,7,ORIGINAL
676,7,0.0,0.8845379626717033,0.9522684276090986,,6,ORIGINAL
676,8,0.0,0.8999999999999998,0.9522684276090986,,4,ORIGINAL
676,9,0.0,0.9526610232449336,0.9522684276090986,,6,ORIGINAL
677,0,0.0,,0.9808074286486422,,0,ORIGINAL
677,1,0.0,,0.9808074286486422,,2,ORIGINAL
677,2,0.0,,0.9704064446070771,,1,ORIGINAL
677,3,0.0,0.6666666666666666,0.9434388031421846,,3,ORIGINAL
677,4,0.0,,0.9808074286486422,,1,ORIGINAL
677,5,0.0,,0.9808074286486422,,1,ORIGINAL
677,6,0.0,,0.9385487604084403,,2,ORIGINAL
677,7,0.0,,0.9808074286486422,,0,ORIGINAL
677,8,0.0,,0.9808074286486422,,2,ORIGINAL
677,9,0.0,,0.9808074286486422,,1,ORIGINAL
678,0,0.0,,0.9409512556659316,,0,ORIGINAL
678,1,0.0,,0.9409512556659316,,1,ORIGINAL
678,2,0.0,0.9622504486493763,0.8805955348311173,,3,ORIGINAL
678,3,0.0,0.9438798074485388,0.8425549511708728,,7,ORIGINAL
678,4,0.0,0.8571428571428571,0.9409512556659316,,5,ORIGINAL
678,5,0.0,0.9622504486493764,0.9409512556659316,,6,ORIGINAL
678,6,0.0,0.2886751345948129,0.9260773592122862,,4,ORIGINAL
678,7,0.0,,0.9409512556659316,,2,ORIGINAL
678,8,0.0,,0.9409512556659316,,2,ORIGINAL
678,9,0.0,,0.9409512556659316,,1,ORIGINAL
679,0,0.0,,0.9738004445197691,,1,ORIGINAL
679,1,0.0,1.0,0.9738004445197691,,4,ORIGINAL
679,2,0.0,0.944911182523068,0.9197887974458956,,4,ORIGINAL
679,3,0.0,1.0000000000000002,0.9244952730112307,,3,ORIGINAL
679,4,0.0,0.9428090415820635,0.9738004445197691,,3,ORIGINAL
679,5,0.0,,0.9738004445197691,,2,ORIGINAL
679,6,0.0,0.7745966692414834,0.9476127965444712,,5,ORIGINAL
679,7,0.0,0.9428090415820635,0.9738004445197691,,3,ORIGINAL
679,8,0.0,,0.9738004445197691,,1,ORIGINAL
679,9,0.0,0.9761870601839528,0.9738004445197691,,5,ORIGINAL
680,0,0.0,,0.9794193475422314,,2,ORIGINAL
680,1,0.0,0.944911182523068,0.9794193475422314,,4,ORIGINAL
680,2,0.0,0.9594032236002469,0.9292376112310496,,5,ORIGINAL
680,3,0.0,0.924678098474716,0.895461892039994,,11,ORIGINAL
680,4,0.0,0.944911182523068,0.9794193475422314,,4,ORIGINAL
680,5,0.0,0.936585811581694,0.9794193475422314,,7,ORIGINAL
680,6,0.0,0.4008918628686366,0.9659286556074309,,5,ORIGINAL
680,7,0.0,,0.9794193475422314,,2,ORIGINAL
680,8,0.0,,0.9794193475422314,,1,ORIGINAL
680,9,0.0,,0.9794193475422314,,2,ORIGINAL
681,0,0.0,,0.9475129514935641,,0,ORIGINAL
681,1,0.0,1.0000000000000002,0.9475129514935641,,3,ORIGINAL
681,2,0.0,,0.8940743960988177,,2,ORIGINAL
681,3,0.0,0.9525793444156805,0.9107024782062967,,3,ORIGINAL
681,4,0.0,,0.9475129514935641,,2,ORIGINAL
681,5,0.0,0.9486832980505138,0.9475129514935641,,4,ORIGINAL
681,6,0.0,0.7559289460184544,0.9414770674789598,,5,ORIGINAL
681,7,0.0,0.9434563530497265,0.9475129514935641,,4,ORIGINAL
681,8,0.0,,0.9475129514935641,,1,ORIGINAL
681,9,0.0,1.0,0.9475129514935641,,4,ORIGINAL
682,0,0.0,0.7745966692414834,0.9547094745633414,,3,ORIGINAL
682,1,0.0,,0.9547094745633414,,2,ORIGINAL
682,2,0.0,,0.977397412941537,,2,ORIGINAL
682,3,0.0,0.9538209664765318,0.9866204933337177,,8,ORIGINAL
682,4,0.0,0.944911182523068,0.9547094745633414,,4,ORIGINAL
682,5,0.0,0.9486832980505138,0.9547094745633414,,7,ORIGINAL
682,6,0.0,0.944911182523068,0.9639000531468919,,4,ORIGINAL
682,7,0.0,0.9647638212377322,0.9547094745633414,,4,ORIGINAL
682,8,0.0,0.8819171036881969,0.9547094745633414,,9,ORIGINAL
682,9,0.0,,0.9547094745633414,,1,ORIGINAL
683,0,0.0,,1.0,,1,ORIGINAL
683,1,0.0,0.8944271909999159,1.0,,6,ORIGINAL
683,2,0.0,0.7921180343813395,0.9633150259944552,,8,ORIGINAL
683,3,0.0,0.753778361444409,0.9478675140998328,,10,ORIGINAL
683,4,0.0,0.9091372900969896,1.0,,5,ORIGINAL
683,5,0.0,0.9486832980505138,1.0,,6,ORIGINAL
683,6,0.0,0.8660254037844387,0.9646784562203947,,5,ORIGINAL
683,7,0.0,,1.0,,1,ORIGINAL
683,8,0.0,,1.0,,2,ORIGINAL
683,9,0.0,0.9622504486493763,1.0,,3,ORIGINAL
684,0,0.0,,0.9734363214507032,,1,ORIGINAL
684,1,0.0,0.9622504486493763,0.9734363214507032,,3,ORIGINAL
684,2,0.0,0.9456108576893003,0.9372873897695143,,6,ORIGINAL
684,3,0.0,0.944911182523068,0.9593459940786431,,11,ORIGINAL
684,4,0.0,0.8907986681660889,0.9734363214507032,,7,ORIGINAL
684,5,0.0,0.944911182523068,0.9734363214507032,,7,ORIGINAL
684,6,0.0,0.5050762722761054,0.9352360575243936,,5,ORIGINAL
684,7,0.0,0.9525793444156805,0.9734363214507032,,3,ORIGINAL
684,8,0.0,0.9428090415820635,0.9734363214507032,,3,ORIGINAL
684,9,0.0,0.9434563530497265,0.9734363214507032,,4,ORIGINAL
685,0,0.0,0.7035264706814485,0.9824636481796526,,6,ORIGINAL
685,1,0.0,0.7905694150420948,0.9824636481796526,,12,ORIGINAL
685,2,0.0,0.8609460320922786,0.9373812375584477,,15,ORIGINAL
685,3,0.0,0.7309879850882874,0.9051753866614726,,39,ORIGINAL
685,4,0.0,0.8975382514923729,0.9824636481796526,,17,ORIGINAL
685,5,0.0,0.8872442622820285,0.9824636481796526,,19,ORIGINAL
685,6,0.0,0.34900503044826653,0.9655410100448671,,18,ORIGINAL
685,7,0.0,0.6842105263157894,0.9824636481796526,,10,ORIGINAL
685,8,0.0,0.894427190999916,0.9824636481796526,,13,ORIGINAL
685,9,0.0,0.8463272660560107,0.9824636481796526,,10,ORIGINAL
686,0,0.0,,0.9824636481796526,,2,ORIGINAL
686,1,0.0,0.9428090415820635,0.9824636481796526,,3,ORIGINAL
686,2,0.0,1.0000000000000002,0.9373812375584477,,3,ORIGINAL
686,3,0.0,0.8333333333333335,0.9051753866614726,,3,ORIGINAL
686,4,0.0,,0.9824636481796526,,1,ORIGINAL
686,5,0.0,,0.9824636481796526,,2,ORIGINAL
686,6,0.0,0.8660254037844387,0.9655410100448671,,4,ORIGINAL
686,7,0.0,1.0000000000000002,0.9824636481796526,,3,ORIGINAL
686,8,0.0,,0.9824636481796526,,0,ORIGINAL
686,9,0.0,0.944911182523068,0.9824636481796526,,4,ORIGINAL
687,0,0.0,,0.9545005798441111,,0,ORIGINAL
687,1,0.0,1.0,0.9545005798441111,,4,ORIGINAL
687,2,0.0,,0.896572649604279,,1,ORIGINAL
687,3,0.0,0.9622504486493763,0.9117335255779871,,6,ORIGINAL
687,4,0.0,,0.9545005798441111,,2,ORIGINAL
687,5,0.0,,0.9545005798441111,,1,ORIGINAL
687,6,0.0,0.5714285714285714,0.9422929880042143,,4,ORIGINAL
687,7,0.0,,0.9545005798441111,,0,ORIGINAL
687,8,0.0,0.9428090415820635,0.9545005798441111,,3,ORIGINAL
687,9,0.0,,0.9545005798441111,,2,ORIGINAL
688,0,0.0,0.9486832980505138,0.9528772578999964,,5,ORIGINAL
688,1,0.0,1.0000000000000002,0.9528772578999964,,3,ORIGINAL
688,2,0.0,,0.8862136982368001,,2,ORIGINAL
688,3,0.0,1.0,0.8652361823140664,,4,ORIGINAL
688,4,0.0,,0.9528772578999964,,1,ORIGINAL
688,5,0.0,,0.9528772578999964,,0,ORIGINAL
688,6,0.0,,0.950676317163076,,1,ORIGINAL
688,7,0.0,,0.9528772578999964,,0,ORIGINAL
688,8,0.0,,0.9528772578999964,,0,ORIGINAL
688,9,0.0,,0.9528772578999964,,1,ORIGINAL
689,0,0.0,,0.9794193485015635,,2,ORIGINAL
689,1,0.0,0.8749999999999998,0.9794193485015635,,5,ORIGINAL
689,2,0.0,0.9486832980505138,0.9292376140178872,,5,ORIGINAL
689,3,0.0,0.9035253315161441,0.8954618946154363,,15,ORIGINAL
689,4,0.0,0.9428090415820635,0.9794193485015635,,9,ORIGINAL
689,5,0.0,0.944911182523068,0.9794193485015635,,8,ORIGINAL
689,6,0.0,0.7627700713964739,0.9659286563039695,,8,ORIGINAL
689,7,0.0,0.9428090415820635,0.9794193485015635,,3,ORIGINAL
689,8,0.0,0.8980265101338746,0.9794193485015635,,10,ORIGINAL
689,9,0.0,0.882522608121828,0.9794193485015635,,5,ORIGINAL
690,0,0.0,,0.9409512515917362,,0,ORIGINAL
690,1,0.0,0.9622504486493763,0.9409512515917362,,3,ORIGINAL
690,2,0.0,0.9230769230769232,0.8805955270623828,,7,ORIGINAL
690,3,0.0,0.9333333333333332,0.8425549425750889,,9,ORIGINAL
690,4,0.0,0.9456108576893003,0.9409512515917362,,6,ORIGINAL
690,5,0.0,0.9428090415820634,0.9409512515917362,,9,ORIGINAL
690,6,0.0,0.4558423058385518,0.9260773524400784,,5,ORIGINAL
690,7,0.0,0.9561828874675149,0.9409512515917362,,4,ORIGINAL
690,8,0.0,0.9561828874675149,0.9409512515917362,,5,ORIGINAL
690,9,0.0,1.0,0.9409512515917362,,3,ORIGINAL
691,0,0.0,,0.9794193485015635,,0,ORIGINAL
691,1,0.0,,0.9794193485015635,,0,ORIGINAL
691,2,0.0,,0.9292376140178872,,0,ORIGINAL
691,3,0.0,,0.8954618946154363,,2,ORIGINAL
691,4,0.0,,0.9794193485015635,,0,ORIGINAL
691,5,0.0,,0.9794193485015635,,2,ORIGINAL
691,6,0.0,,0.9659286563039695,,1,ORIGINAL
691,7,0.0,,0.9794193485015635,,2,ORIGINAL
691,8,0.0,,0.9794193485015635,,2,ORIGINAL
691,9,0.0,,0.9794193485015635,,0,ORIGINAL
692,0,0.0,,0.961120586841919,,0,ORIGINAL
692,1,0.0,0.9428090415820635,0.961120586841919,,3,ORIGINAL
692,2,0.0,0.9438798074485389,0.9521660180930676,,5,ORIGINAL
692,3,0.0,0.9486832980505138,0.9352301584940231,,7,ORIGINAL
692,4,0.0,0.9525793444156805,0.961120586841919,,3,ORIGINAL
692,5,0.0,0.944911182523068,0.961120586841919,,8,ORIGINAL
692,6,0.0,0.5698028822981898,0.9665349418267045,,5,ORIGINAL
692,7,0.0,,0.961120586841919,,2,ORIGINAL
692,8,0.0,0.8642416214502248,0.961120586841919,,6,ORIGINAL
692,9,0.0,0.9434563530497265,0.961120586841919,,4,ORIGINAL
693,0,0.0,,0.9828880246133912,,2,ORIGINAL
693,1,0.0,0.8581163303210331,0.9828880246133912,,8,ORIGINAL
693,2,0.0,0.8432740427115678,0.9652308230119085,,9,ORIGINAL
693,3,0.0,0.7100469468046932,0.9370246155617213,,16,ORIGINAL
693,4,0.0,0.8153742483272113,0.9828880246133912,,11,ORIGINAL
693,5,0.0,0.8249579113843053,0.9828880246133912,,10,ORIGINAL
693,6,0.0,0.5669467095138409,0.9391354050282328,,12,ORIGINAL
693,7,0.0,0.6963106238227914,0.9828880246133912,,5,ORIGINAL
693,8,0.0,0.8249579113843055,0.9828880246133912,,6,ORIGINAL
693,9,0.0,0.8164965809277259,0.9828880246133912,,3,ORIGINAL
694,0,0.0,,0.962720392922269,,0,ORIGINAL
694,1,0.0,,0.962720392922269,,2,ORIGINAL
694,2,0.0,1.0,0.9658798425144149,,4,ORIGINAL
694,3,0.0,0.9431191251430151,0.9222827441977814,,10,ORIGINAL
694,4,0.0,0.9428090415820635,0.962720392922269,,3,ORIGINAL
694,5,0.0,0.9999999999999999,0.962720392922269,,7,ORIGINAL
694,6,0.0,0.9999999999999999,0.9768146069083574,,7,ORIGINAL
694,7,0.0,0.9999999999999998,0.962720392922269,,5,ORIGINAL
694,8,0.0,0.9669875568304563,0.962720392922269,,7,ORIGINAL
694,9,0.0,,0.962720392922269,,2,ORIGINAL
695,0,0.0,,0.9132528969545898,,0,ORIGINAL
695,1,0.0,,0.9132528969545898,,2,ORIGINAL
695,2,0.0,,0.8396355160596608,,0,ORIGINAL
695,3,0.0,0.9428090415820635,0.8109206190033167,,3,ORIGINAL
695,4,0.0,,0.9132528969545898,,2,ORIGINAL
695,5,0.0,1.0,0.9132528969545898,,4,ORIGINAL
695,6,0.0,0.944911182523068,0.9092094943601058,,4,ORIGINAL
695,7,0.0,,0.9132528969545898,,1,ORIGINAL
695,8,0.0,0.9707253433941511,0.9132528969545898,,4,ORIGINAL
695,9,0.0,,0.9132528969545898,,1,ORIGINAL
696,0,0.0,,0.9794193426476939,,2,ORIGINAL
696,1,0.0,,0.9794193426476939,,0,ORIGINAL
696,2,0.0,,0.9292376002583637,,1,ORIGINAL
696,3,0.0,1.0,0.8954618800407073,,4,ORIGINAL
696,4,0.0,,0.9794193426476939,,1,ORIGINAL
696,5,0.0,,0.9794193426476939,,0,ORIGINAL
696,6,0.0,,0.9659286488819201,,1,ORIGINAL
696,7,0.0,,0.9794193426476939,,1,ORIGINAL
696,8,0.0,,0.9794193426476939,,0,ORIGINAL
696,9,0.0,,0.9794193426476939,,1,ORIGINAL
697,0,0.0,,1.0,,0,ORIGINAL
697,1,0.0,,1.0,,1,ORIGINAL
697,2,0.0,,0.9633150259944552,,0,ORIGINAL
697,3,0.0,,0.9478675140998328,,2,ORIGINAL
697,4,0.0,,1.0,,1,ORIGINAL
697,5,0.0,1.0,1.0,,4,ORIGINAL
697,6,0.0,,0.9646784562203947,,2,ORIGINAL
697,7,0.0,,1.0,,2,ORIGINAL
697,8,0.0,0.944911182523068,1.0,,4,ORIGINAL
697,9,0.0,,1.0,,2,ORIGINAL
698,0,0.0,,0.9574558822952542,,0,ORIGINAL
698,1,0.0,0.9999999999999998,0.9574558822952542,,5,ORIGINAL
698,2,0.0,0.9090909090909091,0.9509252835834949,,5,ORIGINAL
698,3,0.0,0.8947368421052629,0.9152556984988159,,10,ORIGINAL
698,4,0.0,0.9525793444156805,0.9574558822952542,,6,ORIGINAL
698,5,0.0,0.9432422182837986,0.9574558822952542,,8,ORIGINAL
698,6,0.0,0.5773502691896258,0.9455570204745576,,6,ORIGINAL
698,7,0.0,,0.9574558822952542,,1,ORIGINAL
698,8,0.0,0.8845379626717033,0.9574558822952542,,6,ORIGINAL
698,9,0.0,0.9622504486493763,0.9574558822952542,,3,ORIGINAL
699,0,0.0,,1.0,,0,ORIGINAL
699,1,0.0,1.0000000000000002,1.0,,3,ORIGINAL
699,2,0.0,,0.9633150259944552,,2,ORIGINAL
699,3,0.0,,0.9478675140998328,,2,ORIGINAL
699,4,0.0,,1.0,,2,ORIGINAL
699,5,0.0,1.0,1.0,,4,ORIGINAL
699,6,0.0,,0.9646784562203947,,2,ORIGINAL
699,7,0.0,,1.0,,1,ORIGINAL
699,8,0.0,,1.0,,1,ORIGINAL
699,9,0.0,1.0000000000000002,1.0,,3,ORIGINAL
700,0,0.0,0.9622504486493763,0.9806790831908886,,6,ORIGINAL
700,1,0.0,0.8888888888888888,0.9806790831908886,,9,ORIGINAL
700,2,0.0,0.8765009801785554,0.9341955253860719,,12,ORIGINAL
700,3,0.0,0.9120291854009068,0.9453174423971629,,23,ORIGINAL
700,4,0.0,0.9677419354838711,0.9806790831908886,,13,ORIGINAL
700,5,0.0,0.9503288904374105,0.9806790831908886,,11,ORIGINAL
700,6,0.0,0.6882472016116852,0.9561958125136849,,15,ORIGINAL
700,7,0.0,0.9141379262169076,0.9806790831908886,,9,ORIGINAL
700,8,0.0,0.8750000000000001,0.9806790831908886,,9,ORIGINAL
700,9,0.0,0.9486832980505138,0.9806790831908886,,9,ORIGINAL
701,0,0.0,,0.9699713572266225,,1,ORIGINAL
701,1,0.0,0.8164965809277259,0.9699713572266225,,3,ORIGINAL
701,2,0.0,0.9561828874675149,0.9059825079395406,,4,ORIGINAL
701,3,0.0,0.944911182523068,0.8860247116862109,,5,ORIGINAL
701,4,0.0,,0.9699713572266225,,2,ORIGINAL
701,5,0.0,1.0000000000000002,0.9699713572266225,,3,ORIGINAL
701,6,0.0,,0.9660512382337655,,1,ORIGINAL
701,7,0.0,,0.9699713572266225,,2,ORIGINAL
701,8,0.0,,0.9699713572266225,,2,ORIGINAL
701,9,0.0,1.0,0.9699713572266225,,3,ORIGINAL
702,0,0.0,,0.9616716962556596,,0,ORIGINAL
702,1,0.0,0.9428090415820635,0.9616716962556596,,3,ORIGINAL
702,2,0.0,,0.9692984714444245,,0,ORIGINAL
702,3,0.0,0.857142857142857,0.9711647503296523,,4,ORIGINAL
702,4,0.0,,0.9616716962556596,,2,ORIGINAL
702,5,0.0,0.944911182523068,0.9616716962556596,,4,ORIGINAL
702,6,0.0,0.9128709291752769,0.9700823616819909,,4,ORIGINAL
702,7,0.0,0.9486832980505138,0.9616716962556596,,4,ORIGINAL
702,8,0.0,0.9428090415820635,0.9616716962556596,,3,ORIGINAL
702,9,0.0,,0.9616716962556596,,2,ORIGINAL
703,0,0.0,,1.0,,1,ORIGINAL
703,1,0.0,,1.0,,2,ORIGINAL
703,2,0.0,0.769800358919501,0.9633150259944552,,6,ORIGINAL
703,3,0.0,0.8164965809277259,0.9478675140998328,,5,ORIGINAL
703,4,0.0,,1.0,,1,ORIGINAL
703,5,0.0,,1.0,,1,ORIGINAL
703,6,0.0,,0.9646784562203947,,2,ORIGINAL
703,7,0.0,,1.0,,2,ORIGINAL
703,8,0.0,,1.0,,1,ORIGINAL
703,9,0.0,0.8164965809277261,1.0,,3,ORIGINAL
704,0,0.0,,0.9699713551191103,,0,ORIGINAL
704,1,0.0,0.944911182523068,0.9699713551191103,,4,ORIGINAL
704,2,0.0,0.9428090415820635,0.9059825036494301,,3,ORIGINAL
704,3,0.0,0.9622504486493763,0.8860247085843699,,6,ORIGINAL
704,4,0.0,,0.9699713551191103,,2,ORIGINAL
704,5,0.0,0.9438798074485389,0.9699713551191103,,5,ORIGINAL
704,6,0.0,0.769800358919501,0.9660512365050365,,6,ORIGINAL
704,7,0.0,0.857142857142857,0.9699713551191103,,4,ORIGINAL
704,8,0.0,,0.9699713551191103,,2,ORIGINAL
704,9,0.0,0.944911182523068,0.9699713551191103,,4,ORIGINAL
705,0,0.0,0.9525793444156805,0.9806790815403282,,3,ORIGINAL
705,1,0.0,0.8801724588467041,0.9806790815403282,,8,ORIGINAL
705,2,0.0,0.8910421112136306,0.9341955258135484,,10,ORIGINAL
705,3,0.0,0.9189365834726815,0.9453174438792368,,18,ORIGINAL
705,4,0.0,0.9460998335825321,0.9806790815403282,,11,ORIGINAL
705,5,0.0,0.9864400504156211,0.9806790815403282,,9,ORIGINAL
705,6,0.0,0.7970533969860857,0.9561958137126199,,10,ORIGINAL
705,7,0.0,0.9432422182837986,0.9806790815403282,,5,ORIGINAL
705,8,0.0,0.9239131562447777,0.9806790815403282,,9,ORIGINAL
705,9,0.0,0.9285714285714286,0.9806790815403282,,5,ORIGINAL
706,0,0.0,0.944911182523068,0.9528772578999964,,5,ORIGINAL
706,1,0.0,0.9428090415820634,0.9528772578999964,,9,ORIGINAL
706,2,0.0,0.9442673704375605,0.8862136982368001,,11,ORIGINAL
706,3,0.0,0.9430895977678839,0.8652361823140664,,21,ORIGINAL
706,4,0.0,0.8948381385019566,0.9528772578999964,,13,ORIGINAL
706,5,0.0,0.9622504486493763,0.9528772578999964,,12,ORIGINAL
706,6,0.0,0.7378988555115865,0.950676317163076,,12,ORIGINAL
706,7,0.0,0.9434563530497265,0.9528772578999964,,8,ORIGINAL
706,8,0.0,0.9428090415820634,0.9528772578999964,,9,ORIGINAL
706,9,0.0,0.9538209664765318,0.9528772578999964,,7,ORIGINAL
707,0,0.0,0.8528028654224417,0.9806790815765236,,5,ORIGINAL
707,1,0.0,0.9456108576893003,0.9806790815765236,,9,ORIGINAL
707,2,0.0,0.9429080709444059,0.9341955275454015,,11,ORIGINAL
707,3,0.0,0.9433332612731564,0.9453174450175371,,20,ORIGINAL
707,4,0.0,0.9639603730060448,0.9806790815765236,,11,ORIGINAL
707,5,0.0,0.9594032236002469,0.9806790815765236,,11,ORIGINAL
707,6,0.0,0.6982972487551755,0.9561958124327689,,11,ORIGINAL
707,7,0.0,0.968962790249909,0.9806790815765236,,6,ORIGINAL
707,8,0.0,0.9525793444156805,0.9806790815765236,,6,ORIGINAL
707,9,0.0,0.8996469021204839,0.9806790815765236,,8,ORIGINAL
708,0,0.0,,,,0,ORIGINAL
708,1,0.0,,,,1,ORIGINAL
708,2,0.0,,,,2,ORIGINAL
708,3,0.0,0.8164965809277261,,,3,ORIGINAL
708,4,0.0,,,,1,ORIGINAL
708,5,0.0,0.9622504486493763,,,3,ORIGINAL
708,6,0.0,,,,1,ORIGINAL
708,7,0.0,,,,2,ORIGINAL
708,8,0.0,,,,2,ORIGINAL
708,9,0.0,,,,2,ORIGINAL
709,101,0.9,0.9415130835240085,0.9378440202172561,,13,ORIGINAL
709,200,0.9,0.9074852129730302,0.9400009539971351,,9,ORIGINAL
709,526,0.9,0.9429903335828895,0.9659079211995982,,13,ORIGINAL
709,595,0.9,0.8743856497851875,0.940000951909002,,12,ORIGINAL
709,0,0.0,,0.9828880241759523,,2,ORIGINAL
709,1,0.0,1.0000000000000002,0.9828880241759523,,3,ORIGINAL
709,2,0.0,0.8660254037844386,0.9652308221772619,,6,ORIGINAL
709,3,0.0,0.8512565307587487,0.9370246151154543,,15,ORIGINAL
709,4,0.0,1.0000000000000002,0.9828880241759523,,6,ORIGINAL
709,5,0.0,0.9561828874675149,0.9828880241759523,,7,ORIGINAL
710,0,0.0,,0.9824636462246567,,0,ORIGINAL
710,1,0.0,1.0000000000000002,0.9824636462246567,,3,ORIGINAL
710,2,0.0,0.9428090415820635,0.9373812324340507,,3,ORIGINAL
710,3,0.0,0.944911182523068,0.9051753807982442,,4,ORIGINAL
710,4,0.0,,0.9824636462246567,,2,ORIGINAL
710,5,0.0,,0.9824636462246567,,2,ORIGINAL
710,6,0.0,,0.9655410065423763,,2,ORIGINAL
710,7,0.0,,0.9824636462246567,,1,ORIGINAL
710,8,0.0,,0.9824636462246567,,1,ORIGINAL
710,9,0.0,,0.9824636462246567,,2,ORIGINAL
711,0,0.0,,0.9379204678326464,,1,ORIGINAL
711,1,0.0,0.9999999999999998,0.9379204678326464,,5,ORIGINAL
711,2,0.0,0.9525793444156805,0.8824477293890609,,3,ORIGINAL
711,3,0.0,0.9432422182837986,0.8462745121222383,,5,ORIGINAL
711,4,0.0,0.9622504486493763,0.9379204678326464,,3,ORIGINAL
711,5,0.0,1.0,0.9379204678326464,,4,ORIGINAL
711,6,0.0,0.8164965809277261,0.9261694467957815,,4,ORIGINAL
711,7,0.0,,0.9379204678326464,,2,ORIGINAL
711,8,0.0,,0.9379204678326464,,2,ORIGINAL
711,9,0.0,0.9707253433941511,0.9379204678326464,,4,ORIGINAL
712,0,0.0,,0.9711339633954151,,1,ORIGINAL
712,1,0.0,,0.9711339633954151,,1,ORIGINAL
712,2,0.0,,0.941873267334642,,1,ORIGINAL
712,3,0.0,0.9434563530497265,0.9184574410036944,,4,ORIGINAL
712,4,0.0,,0.9711339633954151,,1,ORIGINAL
712,5,0.0,0.9707253433941511,0.9711339633954151,,4,ORIGINAL
712,6,0.0,,0.9731518680547706,,1,ORIGINAL
712,7,0.0,,0.9711339633954151,,2,ORIGINAL
712,8,0.0,,0.9711339633954151,,2,ORIGINAL
712,9,0.0,,0.9711339633954151,,1,ORIGINAL
713,0,0.0,,0.9824636492987208,,1,ORIGINAL
713,1,0.0,0.9428090415820634,0.9824636492987208,,6,ORIGINAL
713,2,0.0,0.9429541672723838,0.9373812376983589,,8,ORIGINAL
713,3,0.0,0.9195090507493323,0.9051753863583857,,17,ORIGINAL
713,4,0.0,0.9782319760890368,0.9824636492987208,,7,ORIGINAL
713,5,0.0,0.9707253433941511,0.9824636492987208,,8,ORIGINAL
713,6,0.0,0.49613893835683387,0.9655410097462167,,8,ORIGINAL
713,7,0.0,0.9486832980505138,0.9824636492987208,,4,ORIGINAL
713,8,0.0,0.9525793444156805,0.9824636492987208,,3,ORIGINAL
713,9,0.0,,0.9824636492987208,,2,ORIGINAL
714,0,0.0,,1.0,,0,ORIGINAL
714,1,0.0,0.8749999999999998,1.0,,5,ORIGINAL
714,2,0.0,1.0,0.9633150259944552,,4,ORIGINAL
714,3,0.0,0.9432422182837986,0.9478675140998328,,5,ORIGINAL
714,4,0.0,,1.0,,2,ORIGINAL
714,5,0.0,0.944911182523068,1.0,,4,ORIGINAL
714,6,0.0,0.9128709291752769,0.9646784562203947,,3,ORIGINAL
714,7,0.0,,1.0,,1,ORIGINAL
714,8,0.0,0.8333333333333335,1.0,,3,ORIGINAL
714,9,0.0,0.9434563530497265,1.0,,4,ORIGINAL
715,0,0.0,,0.9794193485015635,,2,ORIGINAL
715,1,0.0,,0.9794193485015635,,2,ORIGINAL
715,2,0.0,0.769800358919501,0.9292376140178872,,6,ORIGINAL
715,3,0.0,0.8504200642707612,0.8954618946154363,,10,ORIGINAL
715,4,0.0,0.8249579113843055,0.9794193485015635,,6,ORIGINAL
715,5,0.0,0.7071067811865475,0.9794193485015635,,10,ORIGINAL
715,6,0.0,0.9428090415820635,0.9659286563039695,,3,ORIGINAL
715,7,0.0,0.944911182523068,0.9794193485015635,,4,ORIGINAL
715,8,0.0,0.9538209664765318,0.9794193485015635,,7,ORIGINAL
715,9,0.0,0.40824829046386296,0.9794193485015635,,5,ORIGINAL
716,0,0.0,0.8528028654224417,0.9317824697544982,,5,ORIGINAL
716,1,0.0,,0.9317824697544982,,2,ORIGINAL
716,2,0.0,1.0000000000000002,0.948172308948168,,3,ORIGINAL
716,3,0.0,0.9438798074485389,0.9184882850144845,,5,ORIGINAL
716,4,0.0,,0.9317824697544982,,1,ORIGINAL
716,5,0.0,,0.9317824697544982,,0,ORIGINAL
716,6,0.0,,0.9277148497305662,,0,ORIGINAL
716,7,0.0,,0.9317824697544982,,0,ORIGINAL
716,8,0.0,,0.9317824697544982,,1,ORIGINAL
716,9,0.0,,0.9317824697544982,,1,ORIGINAL
717,0,0.0,,0.9317824697544982,,0,ORIGINAL
717,1,0.0,,0.9317824697544982,,1,ORIGINAL
717,2,0.0,,0.948172308948168,,1,ORIGINAL
717,3,0.0,0.944911182523068,0.9184882850144845,,4,ORIGINAL
717,4,0.0,0.9428090415820635,0.9317824697544982,,3,ORIGINAL
717,5,0.0,1.0000000000000002,0.9317824697544982,,3,ORIGINAL
717,6,0.0,0.8451542547285165,0.9277148497305662,,5,ORIGINAL
717,7,0.0,,0.9317824697544982,,2,ORIGINAL
717,8,0.0,0.9486832980505138,0.9317824697544982,,4,ORIGINAL
717,9,0.0,,0.9317824697544982,,1,ORIGINAL
718,0,0.0,,0.9794193464770968,,0,ORIGINAL
718,1,0.0,,0.9794193464770968,,1,ORIGINAL
718,2,0.0,0.9428090415820635,0.9292376099169455,,3,ORIGINAL
718,3,0.0,1.0,0.8954618887294593,,4,ORIGINAL
718,4,0.0,,0.9794193464770968,,2,ORIGINAL
718,5,0.0,1.0000000000000002,0.9794193464770968,,3,ORIGINAL
718,6,0.0,,0.9659286547322722,,0,ORIGINAL
718,7,0.0,0.9428090415820635,0.9794193464770968,,3,ORIGINAL
718,8,0.0,,0.9794193464770968,,2,ORIGINAL
718,9,0.0,,0.9794193464770968,,1,ORIGINAL
719,0,0.0,,0.9794193485015635,,1,ORIGINAL
719,1,0.0,,0.9794193485015635,,2,ORIGINAL
719,2,0.0,0.9594032236002469,0.9292376140178872,,5,ORIGINAL
719,3,0.0,0.9432422182837986,0.8954618946154363,,8,ORIGINAL
719,4,0.0,1.0,0.9794193485015635,,3,ORIGINAL
719,5,0.0,0.9486832980505138,0.9794193485015635,,8,ORIGINAL
719,6,0.0,0.33333333333333337,0.9659286563039695,,3,ORIGINAL
719,7,0.0,0.9525793444156805,0.9794193485015635,,3,ORIGINAL
719,8,0.0,0.9434563530497265,0.9794193485015635,,4,ORIGINAL
719,9,0.0,,0.9794193485015635,,2,ORIGINAL
720,0,0.0,,0.9132528919513496,,2,ORIGINAL
720,1,0.0,,0.9132528919513496,,2,ORIGINAL
720,2,0.0,1.0,0.8396355093745782,,4,ORIGINAL
720,3,0.0,0.7399400733959438,0.810920614852835,,8,ORIGINAL
720,4,0.0,0.9761870601839528,0.9132528919513496,,5,ORIGINAL
720,5,0.0,0.8451542547285165,0.9132528919513496,,8,ORIGINAL
720,6,0.0,0.40824829046386296,0.9092094908439895,,6,ORIGINAL
720,7,0.0,,0.9132528919513496,,2,ORIGINAL
720,8,0.0,0.9561828874675149,0.9132528919513496,,4,ORIGINAL
720,9,0.0,0.9622504486493763,0.9132528919513496,,3,ORIGINAL
721,0,0.0,,0.9794193485015635,,0,ORIGINAL
721,1,0.0,0.8819171036881969,0.9794193485015635,,7,ORIGINAL
721,2,0.0,0.8660254037844387,0.9292376140178872,,5,ORIGINAL
721,3,0.0,0.769800358919501,0.8954618946154363,,9,ORIGINAL
721,4,0.0,0.5773502691896258,0.9794193485015635,,7,ORIGINAL
721,5,0.0,0.8017837257372731,0.9794193485015635,,7,ORIGINAL
721,6,0.0,0.6546536707079772,0.9659286563039695,,8,ORIGINAL
721,7,0.0,0.8819171036881969,0.9794193485015635,,6,ORIGINAL
721,8,0.0,0.7071067811865475,0.9794193485015635,,3,ORIGINAL
721,9,0.0,0.9486832980505138,0.9794193485015635,,5,ORIGINAL
722,0,0.0,,0.906341719871642,,0,ORIGINAL
722,1,0.0,,0.906341719871642,,1,ORIGINAL
722,2,0.0,,0.9502272829031738,,0,ORIGINAL
722,3,0.0,1.0000000000000002,0.9701357956671444,,3,ORIGINAL
722,4,0.0,,0.906341719871642,,2,ORIGINAL
722,5,0.0,1.0000000000000002,0.906341719871642,,3,ORIGINAL
722,6,0.0,,0.9376634621435429,,2,ORIGINAL
722,7,0.0,,0.906341719871642,,1,ORIGINAL
722,8,0.0,,0.906341719871642,,1,ORIGINAL
722,9,0.0,,0.906341719871642,,1,ORIGINAL
723,0,0.0,,0.964678458555335,,0,ORIGINAL
723,1,0.0,,0.964678458555335,,1,ORIGINAL
723,2,0.0,,0.965834604492053,,0,ORIGINAL
723,3,0.0,,0.9413488713238006,,2,ORIGINAL
723,4,0.0,,0.964678458555335,,2,ORIGINAL
723,5,0.0,,0.964678458555335,,2,ORIGINAL
723,6,0.0,,0.9999999999999974,,2,ORIGINAL
723,7,0.0,,0.964678458555335,,0,ORIGINAL
723,8,0.0,,0.964678458555335,,2,ORIGINAL
723,9,0.0,,0.964678458555335,,2,ORIGINAL
724,0,0.0,,0.9699713572266225,,2,ORIGINAL
724,1,0.0,0.8333333333333335,0.9699713572266225,,3,ORIGINAL
724,2,0.0,0.9622504486493763,0.9059825079395406,,3,ORIGINAL
724,3,0.0,0.9109802728222299,0.8860247116862109,,12,ORIGINAL
724,4,0.0,0.9525793444156805,0.9699713572266225,,3,ORIGINAL
724,5,0.0,0.9486832980505138,0.9699713572266225,,5,ORIGINAL
724,6,0.0,0.7071067811865475,0.9660512382337655,,6,ORIGINAL
724,7,0.0,,0.9699713572266225,,2,ORIGINAL
724,8,0.0,0.8386278693775346,0.9699713572266225,,4,ORIGINAL
724,9,0.0,0.9525793444156805,0.9699713572266225,,3,ORIGINAL
725,0,0.0,,1.0,,0,ORIGINAL
725,1,0.0,,1.0,,0,ORIGINAL
725,2,0.0,,0.9633150259944552,,0,ORIGINAL
725,3,0.0,,0.9478675140998328,,2,ORIGINAL
725,4,0.0,,1.0,,1,ORIGINAL
725,5,0.0,,1.0,,2,ORIGINAL
725,6,0.0,,0.9646784562203947,,0,ORIGINAL
725,7,0.0,,1.0,,1,ORIGINAL
725,8,0.0,,1.0,,1,ORIGINAL
725,9,0.0,,1.0,,0,ORIGINAL
726,0,0.0,,0.964678458555335,,1,ORIGINAL
726,1,0.0,,0.964678458555335,,0,ORIGINAL
726,2,0.0,1.0,0.965834604492053,,4,ORIGINAL
726,3,0.0,1.0000000000000002,0.9413488713238006,,6,ORIGINAL
726,4,0.0,0.9428090415820635,0.964678458555335,,3,ORIGINAL
726,5,0.0,1.0,0.964678458555335,,4,ORIGINAL
726,6,0.0,1.0000000000000002,0.9999999999999974,,3,ORIGINAL
726,7,0.0,1.0,0.964678458555335,,4,ORIGINAL
726,8,0.0,0.9622504486493764,0.964678458555335,,6,ORIGINAL
726,9,0.0,,0.964678458555335,,1,ORIGINAL
727,0,0.0,,0.9623825726019074,,0,ORIGINAL
727,1,0.0,,0.9623825726019074,,2,ORIGINAL
727,2,0.0,,0.9039457242238322,,1,ORIGINAL
727,3,0.0,,0.9255037799035835,,4,ORIGINAL
727,4,0.0,,0.9623825726019074,,1,ORIGINAL
727,5,0.0,,0.9623825726019074,,2,ORIGINAL
727,6,0.0,,0.9443964430495274,,4,ORIGINAL
727,7,0.0,,0.9623825726019074,,1,ORIGINAL
727,8,0.0,,0.9623825726019074,,2,ORIGINAL
727,9,0.0,,0.9623825726019074,,1,ORIGINAL
728,0,0.0,,1.0,,1,ORIGINAL
728,1,0.0,,1.0,,1,ORIGINAL
728,2,0.0,,0.9633150259944552,,1,ORIGINAL
728,3,0.0,,0.9478675140998328,,2,ORIGINAL
728,4,0.0,,1.0,,1,ORIGINAL
728,5,0.0,,1.0,,2,ORIGINAL
728,6,0.0,,0.9646784562203947,,1,ORIGINAL
728,7,0.0,,1.0,,0,ORIGINAL
728,8,0.0,,1.0,,0,ORIGINAL
728,9,0.0,,1.0,,2,ORIGINAL
729,0,0.0,,0.9699713572266225,,1,ORIGINAL
729,1,0.0,0.7745966692414834,0.9699713572266225,,5,ORIGINAL
729,2,0.0,0.8164965809277259,0.9059825079395406,,5,ORIGINAL
729,3,0.0,0.8249579113843055,0.8860247116862109,,9,ORIGINAL
729,4,0.0,,0.9699713572266225,,2,ORIGINAL
729,5,0.0,0.9999999999999998,0.9699713572266225,,5,ORIGINAL
729,6,0.0,0.5962847939999439,0.9660512382337655,,8,ORIGINAL
729,7,0.0,0.944911182523068,0.9699713572266225,,4,ORIGINAL
729,8,0.0,,0.9699713572266225,,2,ORIGINAL
729,9,0.0,0.9761870601839528,0.9699713572266225,,5,ORIGINAL
730,0,0.0,,1.0,,1,ORIGINAL
730,1,0.0,0.8696263565463043,1.0,,7,ORIGINAL
730,2,0.0,0.9013878188659974,0.9633150259944552,,7,ORIGINAL
730,3,0.0,0.848528137423857,0.9478675140998328,,14,ORIGINAL
730,4,0.0,1.0000000000000002,1.0,,3,ORIGINAL
730,5,0.0,0.9525793444156803,1.0,,9,ORIGINAL
730,6,0.0,0.5539117094069974,0.9646784562203947,,9,ORIGINAL
730,7,0.0,0.8775269089525567,1.0,,5,ORIGINAL
730,8,0.0,0.9285714285714286,1.0,,5,ORIGINAL
730,9,0.0,0.9782319760890368,1.0,,7,ORIGINAL
731,0,0.0,,1.0,,0,ORIGINAL
731,1,0.0,0.9438798074485389,1.0,,5,ORIGINAL
731,2,0.0,0.9622504486493763,0.9633150259944552,,3,ORIGINAL
731,3,0.0,0.9013878188659974,0.9478675140998328,,7,ORIGINAL
731,4,0.0,0.8775269089525567,1.0,,5,ORIGINAL
731,5,0.0,0.9525793444156805,1.0,,6,ORIGINAL
731,6,0.0,0.9354143466934852,0.9646784562203947,,5,ORIGINAL
731,7,0.0,,1.0,,2,ORIGINAL
731,8,0.0,0.8606629658238704,1.0,,6,ORIGINAL
731,9,0.0,0.8770580193070293,1.0,,4,ORIGINAL
732,0,0.0,,0.9770930333460692,,0,ORIGINAL
732,1,0.0,0.5,0.9770930333460692,,4,ORIGINAL
732,2,0.0,,0.9426950542058579,,4,ORIGINAL
732,3,0.0,0.7559289460184544,0.9697879072350232,,4,ORIGINAL
732,4,0.0,,0.9770930333460692,,2,ORIGINAL
732,5,0.0,0.4472135954999579,0.9770930333460692,,5,ORIGINAL
732,6,0.0,0.7559289460184544,0.9343338179348393,,5,ORIGINAL
732,7,0.0,,0.9770930333460692,,1,ORIGINAL
732,8,0.0,,0.9770930333460692,,2,ORIGINAL
732,9,0.0,0.5773502691896258,0.9770930333460692,,3,ORIGINAL
733,0,0.0,,0.9770930333460692,,0,ORIGINAL
733,1,0.0,,0.9770930333460692,,2,ORIGINAL
733,2,0.0,,0.9426950542058579,,2,ORIGINAL
733,3,0.0,,0.9697879072350232,,2,ORIGINAL
733,4,0.0,,0.9770930333460692,,2,ORIGINAL
733,5,0.0,,0.9770930333460692,,2,ORIGINAL
733,6,0.0,,0.9343338179348393,,2,ORIGINAL
733,7,0.0,,0.9770930333460692,,1,ORIGINAL
733,8,0.0,,0.9770930333460692,,1,ORIGINAL
733,9,0.0,,0.9770930333460692,,2,ORIGINAL
734,0,0.0,,1.0,,1,ORIGINAL
734,1,0.0,,1.0,,5,ORIGINAL
734,2,0.0,,0.9633150259944552,,2,ORIGINAL
734,3,0.0,,0.9478675140998328,,8,ORIGINAL
734,4,0.0,,1.0,,4,ORIGINAL
734,5,0.0,,1.0,,2,ORIGINAL
734,6,0.0,,0.9646784562203947,,5,ORIGINAL
734,7,0.0,,1.0,,0,ORIGINAL
734,8,0.0,,1.0,,1,ORIGINAL
734,9,0.0,,1.0,,4,ORIGINAL
735,0,0.0,,,,0,ORIGINAL
735,1,0.0,0.9428090415820635,,,3,ORIGINAL
735,2,0.0,0.8366600265340756,,,4,ORIGINAL
735,3,0.0,0.8333333333333335,,,3,ORIGINAL
735,4,0.0,,,,1,ORIGINAL
735,5,0.0,,,,2,ORIGINAL
735,6,0.0,0.9428090415820635,,,3,ORIGINAL
735,7,0.0,,,,2,ORIGINAL
735,8,0.0,,,,0,ORIGINAL
735,9,0.0,0.9525793444156805,,,3,ORIGINAL
736,0,0.0,,1.0,,0,ORIGINAL
736,1,0.0,0.5773502691896258,1.0,,3,ORIGINAL
736,2,0.0,,0.9633150259944552,,1,ORIGINAL
736,3,0.0,0.0,0.9478675140998328,,3,ORIGINAL
736,4,0.0,,1.0,,1,ORIGINAL
736,5,0.0,,1.0,,2,ORIGINAL
736,6,0.0,,0.9646784562203947,,1,ORIGINAL
736,7,0.0,,1.0,,1,ORIGINAL
736,8,0.0,,1.0,,1,ORIGINAL
736,9,0.0,,1.0,,2,ORIGINAL
737,0,0.0,,0.9770930333460692,,2,ORIGINAL
737,1,0.0,0.7637626158259734,0.9770930333460692,,12,ORIGINAL
737,2,0.0,0.6931032800836721,0.9426950542058579,,11,ORIGINAL
737,3,0.0,0.5129891760425771,0.9697879072350232,,27,ORIGINAL
737,4,0.0,0.5306686305052324,0.9770930333460692,,8,ORIGINAL
737,5,0.0,0.7977240352174656,0.9770930333460692,,11,ORIGINAL
737,6,0.0,0.4216370213557839,0.9343338179348393,,12,ORIGINAL
737,7,0.0,0.8682431421244593,0.9770930333460692,,7,ORIGINAL
737,8,0.0,0.7016464154456235,0.9770930333460692,,8,ORIGINAL
737,9,0.0,0.917662935482247,0.9770930333460692,,7,ORIGINAL
738,0,0.0,,1.0,,1,ORIGINAL
738,1,0.0,,1.0,,1,ORIGINAL
738,2,0.0,,0.9633150259944552,,2,ORIGINAL
738,3,0.0,,0.9478675140998328,,2,ORIGINAL
738,4,0.0,,1.0,,1,ORIGINAL
738,5,0.0,,1.0,,0,ORIGINAL
738,6,0.0,,0.9646784562203947,,0,ORIGINAL
738,7,0.0,,1.0,,0,ORIGINAL
738,8,0.0,,1.0,,0,ORIGINAL
738,9,0.0,,1.0,,1,ORIGINAL
739,21,0.9,0.9761870601839528,,,5,ORIGINAL
739,100,0.9,,,,2,ORIGINAL
739,199,0.9,,,,0,ORIGINAL
739,218,0.9,,,,0,ORIGINAL
739,255,0.9,0.8944271909999159,,,5,ORIGINAL
739,301,0.9,,,,1,ORIGINAL
739,315,0.9,1.0000000000000002,,,3,ORIGINAL
739,335,0.9,0.9428090415820635,,,3,ORIGINAL
739,517,0.9,0.9428090415820635,,,3,ORIGINAL
739,532,0.9,1.0000000000000002,,,3,ORIGINAL
740,0,0.0,,,,0,ORIGINAL
740,1,0.0,0.857142857142857,,,4,ORIGINAL
740,2,0.0,0.9622504486493763,,,3,ORIGINAL
740,3,0.0,0.9434563530497265,,,4,ORIGINAL
740,4,0.0,0.9525793444156805,,,3,ORIGINAL
740,5,0.0,0.944911182523068,,,4,ORIGINAL
740,6,0.0,0.9258200997725514,,,4,ORIGINAL
740,7,0.0,,,,1,ORIGINAL
740,8,0.0,,,,2,ORIGINAL
740,9,0.0,0.9428090415820635,,,3,ORIGINAL
741,0,0.0,,1.0,,1,ORIGINAL
741,1,0.0,0.9128709291752769,1.0,,6,ORIGINAL
741,2,0.0,,0.9633150259944552,,2,ORIGINAL
741,3,0.0,0.5,0.9478675140998328,,4,ORIGINAL
741,4,0.0,0.6708203932499369,1.0,,4,ORIGINAL
741,5,0.0,0.5773502691896258,1.0,,4,ORIGINAL
741,6,0.0,0.28284271247461895,0.9646784562203947,,8,ORIGINAL
741,7,0.0,0.7071067811865475,1.0,,4,ORIGINAL
741,8,0.0,,1.0,,1,ORIGINAL
741,9,0.0,0.9486832980505138,1.0,,6,ORIGINAL
742,0,0.0,,1.0,,2,ORIGINAL
742,1,0.0,,1.0,,2,ORIGINAL
742,2,0.0,,0.9633150259944552,,2,ORIGINAL
742,3,0.0,1.0000000000000002,0.9478675140998328,,3,ORIGINAL
742,4,0.0,,1.0,,0,ORIGINAL
742,5,0.0,,1.0,,1,ORIGINAL
742,6,0.0,,0.9646784562203947,,0,ORIGINAL
742,7,0.0,,1.0,,1,ORIGINAL
742,8,0.0,,1.0,,0,ORIGINAL
742,9,0.0,,1.0,,1,ORIGINAL
743,0,0.0,,1.0,,1,ORIGINAL
743,1,0.0,0.9594032236002469,1.0,,5,ORIGINAL
743,2,0.0,0.9090909090909091,0.9633150259944552,,5,ORIGINAL
743,3,0.0,0.9669875568304563,0.9478675140998328,,5,ORIGINAL
743,4,0.0,0.9622504486493763,1.0,,3,ORIGINAL
743,5,0.0,1.0,1.0,,4,ORIGINAL
743,6,0.0,0.7977240352174656,0.9646784562203947,,5,ORIGINAL
743,7,0.0,,1.0,,2,ORIGINAL
743,8,0.0,,1.0,,0,ORIGINAL
743,9,0.0,,1.0,,2,ORIGINAL
744,0,0.0,,1.0,,2,ORIGINAL
744,1,0.0,0.5773502691896258,1.0,,9,ORIGINAL
744,2,0.0,0.5962847939999439,0.9633150259944552,,9,ORIGINAL
744,3,0.0,0.5366563145999494,0.9478675140998328,,16,ORIGINAL
744,4,0.0,0.42640143271122083,1.0,,7,ORIGINAL
744,5,0.0,0.5,1.0,,10,ORIGINAL
744,6,0.0,0.5393598899705937,0.9646784562203947,,10,ORIGINAL
744,7,0.0,0.8838834764831843,1.0,,5,ORIGINAL
744,8,0.0,0.6324555320336759,1.0,,4,ORIGINAL
744,9,0.0,0.6527533657682196,1.0,,8,ORIGINAL
745,0,0.0,,0.9471904310983514,,0,ORIGINAL
745,1,0.0,,0.9471904310983514,,0,ORIGINAL
745,2,0.0,,0.9744499134770355,,0,ORIGINAL
745,3,0.0,,0.9590620043917518,,1,ORIGINAL
745,4,0.0,,0.9471904310983514,,1,ORIGINAL
745,5,0.0,0.9999999999999998,0.9471904310983514,,3,ORIGINAL
745,6,0.0,,0.9287918814548854,,1,ORIGINAL
745,7,0.0,,0.9471904310983514,,0,ORIGINAL
745,8,0.0,,0.9471904310983514,,0,ORIGINAL
745,9,0.0,,0.9471904310983514,,1,ORIGINAL
746,0,0.0,,0.9699713572266225,,0,ORIGINAL
746,1,0.0,,0.9699713572266225,,0,ORIGINAL
746,2,0.0,,0.9059825079395406,,0,ORIGINAL
746,3,0.0,,0.8860247116862109,,0,ORIGINAL
746,4,0.0,,0.9699713572266225,,0,ORIGINAL
746,5,0.0,,0.9699713572266225,,0,ORIGINAL
746,6,0.0,,0.9660512382337655,,0,ORIGINAL
746,7,0.0,,0.9699713572266225,,0,ORIGINAL
746,8,0.0,,0.9699713572266225,,1,ORIGINAL
746,9,0.0,,0.9699713572266225,,0,ORIGINAL
747,0,0.0,,1.0,,2,ORIGINAL
747,1,0.0,,1.0,,0,ORIGINAL
747,2,0.0,,0.9633150259944552,,2,ORIGINAL
747,3,0.0,-1.0000000000000002,0.9478675140998328,,3,ORIGINAL
747,4,0.0,,1.0,,2,ORIGINAL
747,5,0.0,-0.8164965809277259,1.0,,3,ORIGINAL
747,6,0.0,,0.9646784562203947,,0,ORIGINAL
747,7,0.0,,1.0,,0,ORIGINAL
747,8,0.0,,1.0,,0,ORIGINAL
747,9,0.0,,1.0,,2,ORIGINAL
748,0,0.0,,0.9971672690083863,,0,ORIGINAL
748,1,0.0,,0.9971672690083863,,0,ORIGINAL
748,2,0.0,,0.9610979396495216,,0,ORIGINAL
748,3,0.0,,0.9606043368570277,,1,ORIGINAL
748,4,0.0,,0.9971672690083863,,2,ORIGINAL
748,5,0.0,,0.9971672690083863,,2,ORIGINAL
748,6,0.0,,0.9590303082819112,,0,ORIGINAL
748,7,0.0,,0.9971672690083863,,0,ORIGINAL
748,8,0.0,,0.9971672690083863,,0,ORIGINAL
748,9,0.0,,0.9971672690083863,,0,ORIGINAL
749,0,0.0,1.0000000000000002,,,3,ORIGINAL
749,1,0.0,0.9354143466934853,,,12,ORIGINAL
749,2,0.0,0.9049228966693287,,,10,ORIGINAL
749,3,0.0,0.9156498425415369,,,31,ORIGINAL
749,4,0.0,0.9696969696969697,,,12,ORIGINAL
749,5,0.0,0.9449990771497893,,,16,ORIGINAL
749,6,0.0,0.7842934903910446,,,13,ORIGINAL
749,7,0.0,0.903696114115064,,,9,ORIGINAL
749,8,0.0,0.9135468796041984,,,9,ORIGINAL
749,9,0.0,0.9642857142857142,,,10,ORIGINAL
750,0,0.0,,,,2,ORIGINAL
750,1,0.0,0.9486832980505138,,,5,ORIGINAL
750,2,0.0,0.8164965809277261,,,3,ORIGINAL
750,3,0.0,0.8432740427115678,,,10,ORIGINAL
750,4,0.0,0.9707253433941511,,,4,ORIGINAL
750,5,0.0,0.8432740427115678,,,12,ORIGINAL
750,6,0.0,0.9058216273156767,,,7,ORIGINAL
750,7,0.0,0.9036961141150639,,,6,ORIGINAL
750,8,0.0,0.808290376865476,,,6,ORIGINAL
750,9,0.0,0.960768922830523,,,4,ORIGINAL
751,0,0.0,,0.9317824697544982,,0,ORIGINAL
751,1,0.0,,0.9317824697544982,,1,ORIGINAL
751,2,0.0,,0.948172308948168,,1,ORIGINAL
751,3,0.0,,0.9184882850144845,,1,ORIGINAL
751,4,0.0,,0.9317824697544982,,2,ORIGINAL
751,5,0.0,,0.9317824697544982,,1,ORIGINAL
751,6,0.0,,0.9277148497305662,,2,ORIGINAL
751,7,0.0,,0.9317824697544982,,0,ORIGINAL
751,8,0.0,,0.9317824697544982,,1,ORIGINAL
751,9,0.0,,0.9317824697544982,,1,ORIGINAL
752,0,0.0,,0.9623825744921536,,0,ORIGINAL
752,1,0.0,0.9486832980505138,0.9623825744921536,,5,ORIGINAL
752,2,0.0,1.0000000000000002,0.9039457247248888,,3,ORIGINAL
752,3,0.0,0.9525793444156805,0.9255037785690072,,6,ORIGINAL
752,4,0.0,1.0,0.9623825744921536,,4,ORIGINAL
752,5,0.0,0.9428090415820635,0.9623825744921536,,6,ORIGINAL
752,6,0.0,0.8164965809277261,0.9443964442816921,,4,ORIGINAL
752,7,0.0,1.0,0.9623825744921536,,8,ORIGINAL
752,8,0.0,0.9486832980505138,0.9623825744921536,,4,ORIGINAL
752,9,0.0,1.0000000000000002,0.9623825744921536,,3,ORIGINAL
753,0,0.0,,0.9699713572266225,,0,ORIGINAL
753,1,0.0,1.0000000000000002,0.9699713572266225,,3,ORIGINAL
753,2,0.0,,0.9059825079395406,,2,ORIGINAL
753,3,0.0,0.9428090415820635,0.8860247116862109,,3,ORIGINAL
753,4,0.0,0.9622504486493763,0.9699713572266225,,3,ORIGINAL
753,5,0.0,1.0,0.9699713572266225,,4,ORIGINAL
753,6,0.0,0.8164965809277261,0.9660512382337655,,4,ORIGINAL
753,7,0.0,,0.9699713572266225,,2,ORIGINAL
753,8,0.0,,0.9699713572266225,,2,ORIGINAL
753,9,0.0,1.0000000000000002,0.9699713572266225,,3,ORIGINAL
754,136,0.9,,0.9118027549841331,,2,ORIGINAL
754,243,0.9,,0.9610774652676896,,2,ORIGINAL
754,0,0.0,,0.9699713572266225,,0,ORIGINAL
754,1,0.0,,0.9699713572266225,,1,ORIGINAL
754,2,0.0,0.8888888888888888,0.9059825079395406,,3,ORIGINAL
754,3,0.0,1.0000000000000002,0.8860247116862109,,3,ORIGINAL
754,4,0.0,0.8888888888888888,0.9699713572266225,,3,ORIGINAL
754,5,0.0,0.6546536707079772,0.9699713572266225,,4,ORIGINAL
754,6,0.0,,0.9660512382337655,,1,ORIGINAL
754,7,0.0,,0.9699713572266225,,2,ORIGINAL
755,0,0.0,,0.9623825744921536,,0,ORIGINAL
755,1,0.0,,0.9623825744921536,,0,ORIGINAL
755,2,0.0,,0.9039457247248888,,1,ORIGINAL
755,3,0.0,1.0000000000000002,0.9255037785690072,,3,ORIGINAL
755,4,0.0,,0.9623825744921536,,0,ORIGINAL
755,5,0.0,,0.9623825744921536,,0,ORIGINAL
755,6,0.0,,0.9443964442816921,,1,ORIGINAL
755,7,0.0,0.9622504486493763,0.9623825744921536,,3,ORIGINAL
755,8,0.0,,0.9623825744921536,,2,ORIGINAL
755,9,0.0,,0.9623825744921536,,0,ORIGINAL
756,0,0.0,,,,2,ORIGINAL
756,1,0.0,1.0000000000000002,,,3,ORIGINAL
756,2,0.0,0.8164965809277261,,,3,ORIGINAL
756,3,0.0,0.8164965809277259,,,5,ORIGINAL
756,4,0.0,,,,2,ORIGINAL
756,5,0.0,0.8944271909999159,,,5,ORIGINAL
756,6,0.0,0.7071067811865476,,,4,ORIGINAL
756,7,0.0,,,,2,ORIGINAL
756,8,0.0,,,,2,ORIGINAL
756,9,0.0,0.9258200997725515,,,5,ORIGINAL
0,11,0.0,0.1889822365046136,1.0,,4,KG_ONLY_ADDED
0,12,0.0,,1.0,,2,KG_ONLY_ADDED
0,15,0.0,0.1889822365046136,1.0,,4,KG_ONLY_ADDED
1,11,0.0,0.8660254037844387,1.0,,4,KG_ONLY_ADDED
1,12,0.0,0.8801724588467041,1.0,,8,KG_ONLY_ADDED
1,15,0.0,0.8999999999999998,1.0,,7,KG_ONLY_ADDED
2,28,0.0,0.5477225575051661,0.9999999999999993,,11,KG_ONLY_ADDED
2,81,0.0,0.7559289460184544,0.9999999999999993,,4,KG_ONLY_ADDED
2,328,0.0,0.7453559924999299,0.9999999999999993,,3,KG_ONLY_ADDED
3,355,0.0,0.8320502943378437,1.0000000000000002,,18,KG_ONLY_ADDED
3,387,0.0,,1.0000000000000002,,2,KG_ONLY_ADDED
3,517,0.0,0.9199353193217104,1.0000000000000002,,16,KG_ONLY_ADDED
4,11,0.0,,1.0,,1,KG_ONLY_ADDED
4,12,0.0,0.9190074972809804,1.0,,10,KG_ONLY_ADDED
4,15,0.0,0.9467292624062573,1.0,,6,KG_ONLY_ADDED
5,11,0.0,,1.0,,1,KG_ONLY_ADDED
5,12,0.0,0.9302605094190635,1.0,,11,KG_ONLY_ADDED
5,15,0.0,0.4045199174779452,1.0,,10,KG_ONLY_ADDED
6,95,0.0,0.758287544405155,1.0,,16,KG_ONLY_ADDED
6,175,0.0,0.4082482904638631,1.0,,7,KG_ONLY_ADDED
6,247,0.0,0.8838834764831843,0.9999999999999974,,5,KG_ONLY_ADDED
7,11,0.0,,1.0,,0,KG_ONLY_ADDED
7,12,0.0,0.9434563530497265,1.0,,4,KG_ONLY_ADDED
7,15,0.0,0.9561828874675149,1.0,,7,KG_ONLY_ADDED
8,11,0.0,,1.0,,0,KG_ONLY_ADDED
8,12,0.0,0.9230769230769232,1.0,,4,KG_ONLY_ADDED
8,15,0.0,0.8775269089525567,1.0,,8,KG_ONLY_ADDED
9,11,0.0,-0.2357022603955158,1.0,,3,KG_ONLY_ADDED
9,12,0.0,1.0000000000000002,1.0,,3,KG_ONLY_ADDED
9,15,0.0,0.48304589153964794,1.0,,6,KG_ONLY_ADDED
11,12,0.0,,1.0,,2,KG_ONLY_ADDED
11,15,0.0,0.0,1.0,,3,KG_ONLY_ADDED
11,17,0.0,-0.8660254037844387,1.0,,3,KG_ONLY_ADDED
12,11,0.0,,1.0,,2,KG_ONLY_ADDED
12,15,0.0,0.9441175904999112,1.0,,12,KG_ONLY_ADDED
12,17,0.0,0.9251491492547037,1.0,,25,KG_ONLY_ADDED
14,205,0.0,0.33333333333333337,0.9999999999999966,,3,KG_ONLY_ADDED
14,349,0.0,0.8249579113843053,0.9999999999999966,,6,KG_ONLY_ADDED
14,406,0.0,0.5474375080153916,0.9999999999999957,,55,KG_ONLY_ADDED
15,11,0.0,0.0,1.0,,3,KG_ONLY_ADDED
15,12,0.0,0.9441175904999112,1.0,,12,KG_ONLY_ADDED
15,17,0.0,0.9428090415820634,1.0,,24,KG_ONLY_ADDED
16,347,0.0,0.8333333333333335,1.0,,3,KG_ONLY_ADDED
16,531,0.0,0.8485281374238569,1.0,,8,KG_ONLY_ADDED
16,502,0.0,0.753778361444409,0.9999999999999983,,5,KG_ONLY_ADDED
17,11,0.0,-0.8660254037844387,1.0,,3,KG_ONLY_ADDED
17,12,0.0,0.9251491492547037,1.0,,25,KG_ONLY_ADDED
17,15,0.0,0.9428090415820634,1.0,,24,KG_ONLY_ADDED
18,274,0.0,0.9486832980505138,0.9999999999999997,,4,KG_ONLY_ADDED
18,629,0.0,,0.9999999999999997,,1,KG_ONLY_ADDED
18,651,0.0,0.9622504486493763,0.9999999999999997,,3,KG_ONLY_ADDED
19,11,0.0,0.47809144373375745,1.0,,5,KG_ONLY_ADDED
19,12,0.0,-0.33333333333333337,1.0,,3,KG_ONLY_ADDED
19,15,0.0,0.0,1.0,,3,KG_ONLY_ADDED
20,11,0.0,,1.0,,0,KG_ONLY_ADDED
20,12,0.0,0.9163419338230352,1.0,,12,KG_ONLY_ADDED
20,15,0.0,0.9486832980505138,1.0,,8,KG_ONLY_ADDED
21,478,0.0,0.4803844614152615,0.9999999999999943,,7,KG_ONLY_ADDED
21,37,0.0,0.968962790249909,0.9999999999999938,,6,KG_ONLY_ADDED
21,500,0.0,0.9434563530497265,0.9999999999999938,,13,KG_ONLY_ADDED
22,436,0.0,,1.0000000000000002,,0,KG_ONLY_ADDED
22,105,0.0,,0.9999999999999986,,1,KG_ONLY_ADDED
22,184,0.0,,0.9999999999999973,,0,KG_ONLY_ADDED
23,393,0.0,0.545544725589981,0.9999999999999961,,13,KG_ONLY_ADDED
23,319,0.0,0.9438798074485389,0.9999999999999959,,5,KG_ONLY_ADDED
23,74,0.0,,0.9999999999999946,,2,KG_ONLY_ADDED
24,112,0.0,0.27524094128159016,0.9999999999999976,,36,KG_ONLY_ADDED
24,174,0.0,0.6666666666666666,0.9999999999999974,,13,KG_ONLY_ADDED
24,26,0.0,0.7092081432669752,0.9999999999999973,,20,KG_ONLY_ADDED
25,127,0.0,0.8660254037844387,0.9999999999999968,,4,KG_ONLY_ADDED
25,216,0.0,0.6210590034081188,0.9999999999999968,,9,KG_ONLY_ADDED
25,229,0.0,1.0000000000000002,0.9999999999999968,,3,KG_ONLY_ADDED
26,47,0.0,0.6531972647421808,0.9999999999999999,,13,KG_ONLY_ADDED
26,79,0.0,0.5345224838248488,0.9999999999999999,,18,KG_ONLY_ADDED
26,265,0.0,0.8864052604279183,0.9999999999999999,,12,KG_ONLY_ADDED
27,86,0.0,,1.0000000000000002,,2,KG_ONLY_ADDED
27,397,0.0,,1.0000000000000002,,0,KG_ONLY_ADDED
27,242,0.0,,0.9999999999999984,,2,KG_ONLY_ADDED
28,81,0.0,0.4714045207910316,0.9999999999999993,,10,KG_ONLY_ADDED
28,328,0.0,0.3826918985879519,0.9999999999999993,,18,KG_ONLY_ADDED
28,656,0.0,,0.9999999999999993,,0,KG_ONLY_ADDED
29,48,0.0,0.0,0.9999999999999946,,6,KG_ONLY_ADDED
29,550,0.0,,0.9999999999999944,,2,KG_ONLY_ADDED
29,624,0.0,,0.9999999999999942,,0,KG_ONLY_ADDED
30,11,0.0,,0.9999999999999963,,0,KG_ONLY_ADDED
30,12,0.0,0.9486832980505138,0.9999999999999963,,7,KG_ONLY_ADDED
30,15,0.0,0.9999999999999998,0.9999999999999963,,8,KG_ONLY_ADDED
31,140,0.0,0.6666666666666667,0.9999999999999998,,16,KG_ONLY_ADDED
31,269,0.0,0.7071067811865475,0.9999999999999998,,4,KG_ONLY_ADDED
31,354,0.0,0.8017837257372731,0.9999999999999998,,4,KG_ONLY_ADDED
32,260,0.0,,0.9999999999999999,,1,KG_ONLY_ADDED
32,378,0.0,1.0,0.9999999999999999,,4,KG_ONLY_ADDED
32,379,0.0,0.9622504486493764,0.9999999999999999,,6,KG_ONLY_ADDED
33,286,0.0,0.7082882469748284,0.9979523024873448,,19,KG_ONLY_ADDED
33,91,0.0,0.8273287946596167,0.9968692695166247,,18,KG_ONLY_ADDED
33,530,0.0,0.9064942077733621,0.9968692692808659,,16,KG_ONLY_ADDED
34,11,0.0,0.48507125007266594,1.0,,6,KG_ONLY_ADDED
34,12,0.0,0.587774686696516,1.0,,24,KG_ONLY_ADDED
34,15,0.0,0.5298404448604945,1.0,,31,KG_ONLY_ADDED
35,42,0.0,0.9999999999999998,1.0000000000000002,,5,KG_ONLY_ADDED
35,323,0.0,0.9428090415820635,1.0000000000000002,,3,KG_ONLY_ADDED
35,673,0.0,0.7171371656006361,1.0000000000000002,,9,KG_ONLY_ADDED
36,84,0.0,-0.5773502691896258,1.0000000000000002,,3,KG_ONLY_ADDED
36,92,0.0,0.6201736729460423,1.0000000000000002,,6,KG_ONLY_ADDED
36,176,0.0,0.9999999999999998,1.0000000000000002,,6,KG_ONLY_ADDED
37,500,0.0,0.9428090415820635,0.9999999999999998,,6,KG_ONLY_ADDED
37,501,0.0,0.9434563530497265,0.9999999999999994,,7,KG_ONLY_ADDED
37,41,0.0,1.0000000000000002,0.9999999999999993,,3,KG_ONLY_ADDED
38,123,0.0,,0.9999999999999953,,2,KG_ONLY_ADDED
38,511,0.0,0.7745966692414834,0.9999999999999938,,5,KG_ONLY_ADDED
38,239,0.0,,0.9999999999999931,,2,KG_ONLY_ADDED
39,112,0.0,0.2857738033247041,0.9999999999999968,,19,KG_ONLY_ADDED
39,429,0.0,0.5743796858006127,0.9999999999999964,,25,KG_ONLY_ADDED
39,160,0.0,0.8320502943378437,0.9999999999999963,,9,KG_ONLY_ADDED
40,51,0.0,0.944911182523068,1.0000000000000004,,4,KG_ONLY_ADDED
40,299,0.0,0.8164965809277259,1.0000000000000004,,5,KG_ONLY_ADDED
40,71,0.0,0.2857142857142857,0.9999999999999992,,4,KG_ONLY_ADDED
41,159,0.0,1.0000000000000002,0.9999999999999999,,3,KG_ONLY_ADDED
41,192,0.0,0.8164965809277259,0.9999999999999999,,3,KG_ONLY_ADDED
41,395,0.0,,0.9999999999999999,,2,KG_ONLY_ADDED
42,35,0.0,0.9999999999999998,1.0000000000000002,,5,KG_ONLY_ADDED
42,323,0.0,,1.0000000000000002,,2,KG_ONLY_ADDED
42,673,0.0,0.944911182523068,1.0000000000000002,,4,KG_ONLY_ADDED
43,355,0.0,,0.999999999999996,,2,KG_ONLY_ADDED
43,387,0.0,,0.999999999999996,,0,KG_ONLY_ADDED
43,517,0.0,,0.999999999999996,,1,KG_ONLY_ADDED
44,422,0.0,0.4082482904638631,0.9999999999999984,,3,KG_ONLY_ADDED
44,612,0.0,0.6172133998483676,0.9999999999999982,,4,KG_ONLY_ADDED
44,248,0.0,0.5477225575051661,0.999999999999998,,3,KG_ONLY_ADDED
45,26,0.0,0.18257418583505533,0.9999999999999992,,9,KG_ONLY_ADDED
45,47,0.0,0.17677669529663687,0.9999999999999992,,22,KG_ONLY_ADDED
45,79,0.0,-0.064888568452305,0.9999999999999992,,23,KG_ONLY_ADDED
46,327,0.0,0.7745966692414834,1.0000000000000002,,5,KG_ONLY_ADDED
46,475,0.0,0.9999999999999999,1.0000000000000002,,7,KG_ONLY_ADDED
46,519,0.0,0.9622504486493764,0.999999999999998,,6,KG_ONLY_ADDED
47,26,0.0,0.6531972647421808,0.9999999999999999,,13,KG_ONLY_ADDED
47,79,0.0,0.6265611300756749,0.9999999999999999,,141,KG_ONLY_ADDED
47,265,0.0,0.49377071987869403,0.9999999999999999,,52,KG_ONLY_ADDED
48,99,0.0,0.5230657809659415,0.9999999999999964,,82,KG_ONLY_ADDED
48,550,0.0,0.11952286093343936,0.9999999999999963,,11,KG_ONLY_ADDED
48,103,0.0,0.36490022459988086,0.9999999999999959,,39,KG_ONLY_ADDED
49,198,0.0,,1.0000000000000002,,2,KG_ONLY_ADDED
49,271,0.0,0.7999999999999998,1.0000000000000002,,6,KG_ONLY_ADDED
49,293,0.0,0.8164965809277259,1.0000000000000002,,3,KG_ONLY_ADDED
50,57,0.0,0.857142857142857,0.999999999999998,,4,KG_ONLY_ADDED
50,444,0.0,0.7826237921249264,0.9999999999999967,,5,KG_ONLY_ADDED
50,513,0.0,0.9999999999999999,0.999999999999996,,4,KG_ONLY_ADDED
51,40,0.0,0.944911182523068,1.0000000000000004,,4,KG_ONLY_ADDED
51,299,0.0,0.7453559924999299,1.0000000000000004,,5,KG_ONLY_ADDED
51,71,0.0,,0.9999999999999992,,2,KG_ONLY_ADDED
52,417,0.0,-0.31622776601683794,0.9999999999999966,,4,KG_ONLY_ADDED
52,280,0.0,0.8606629658238704,0.9999999999999964,,6,KG_ONLY_ADDED
52,224,0.0,0.8320502943378437,0.9999999999999963,,7,KG_ONLY_ADDED
53,200,0.0,0.9438798074485389,0.9999999999999963,,5,KG_ONLY_ADDED
53,241,0.0,0.9457324874869207,0.999999999999996,,8,KG_ONLY_ADDED
53,309,0.0,0.9296696802013681,0.999999999999996,,8,KG_ONLY_ADDED
54,413,0.0,0.6076436202501999,0.9893181145742935,,22,KG_ONLY_ADDED
54,102,0.0,0.07537783614444091,0.98931811417391,,18,KG_ONLY_ADDED
54,153,0.0,0.3689323936863109,0.98931811417391,,17,KG_ONLY_ADDED
55,31,0.0,1.0,0.9999999999999978,,3,KG_ONLY_ADDED
55,140,0.0,0.35355339059327373,0.9999999999999978,,5,KG_ONLY_ADDED
55,269,0.0,,0.9999999999999978,,0,KG_ONLY_ADDED
56,11,0.0,,1.0,,2,KG_ONLY_ADDED
56,12,0.0,0.944911182523068,1.0,,10,KG_ONLY_ADDED
56,15,0.0,0.9449111825230682,1.0,,9,KG_ONLY_ADDED
57,50,0.0,0.857142857142857,0.999999999999998,,4,KG_ONLY_ADDED
57,444,0.0,0.7130240959073808,0.9999999999999962,,14,KG_ONLY_ADDED
57,440,0.0,-0.3223291856101521,0.9999999999999956,,10,KG_ONLY_ADDED
58,439,0.0,0.7171371656006361,0.9999999999999973,,5,KG_ONLY_ADDED
58,501,0.0,0.837525686389569,0.9999999999999973,,18,KG_ONLY_ADDED
58,41,0.0,0.9293203772845852,0.9999999999999972,,14,KG_ONLY_ADDED
59,65,0.0,0.8164965809277259,0.9999999999999927,,6,KG_ONLY_ADDED
59,494,0.0,,0.9999999999999925,,2,KG_ONLY_ADDED
59,461,0.0,,0.9999999999999923,,0,KG_ONLY_ADDED
60,609,0.0,0.7337993857053429,0.9999999999999967,,10,KG_ONLY_ADDED
60,518,0.0,0.6681531047810609,0.9933184715367431,,10,KG_ONLY_ADDED
60,552,0.0,0.8660254037844387,0.993318471519547,,4,KG_ONLY_ADDED
61,109,0.0,0.4163331998932266,0.9999999999999949,,97,KG_ONLY_ADDED
61,310,0.0,0.0,0.9999999999999933,,6,KG_ONLY_ADDED
61,222,0.0,0.8164965809277261,0.9999999999999932,,6,KG_ONLY_ADDED
62,496,0.0,0.15075567228888181,0.9999999999999956,,17,KG_ONLY_ADDED
62,560,0.0,0.9114654303753,0.9999999999999954,,12,KG_ONLY_ADDED
62,99,0.0,0.0837707816583391,0.9999999999999948,,31,KG_ONLY_ADDED
63,282,0.0,,0.9999999999999956,,0,KG_ONLY_ADDED
63,416,0.0,0.9622504486493763,0.9999999999999956,,3,KG_ONLY_ADDED
63,565,0.0,,0.9999999999999956,,2,KG_ONLY_ADDED
64,11,0.0,,1.0,,0,KG_ONLY_ADDED
64,12,0.0,0.8081220356417685,1.0,,5,KG_ONLY_ADDED
64,15,0.0,1.0000000000000002,1.0,,3,KG_ONLY_ADDED
65,59,0.0,0.8164965809277259,0.9999999999999927,,6,KG_ONLY_ADDED
65,214,0.0,0.5520524474738833,0.999999999999992,,85,KG_ONLY_ADDED
65,494,0.0,0.8333333333333334,0.9999999999999907,,6,KG_ONLY_ADDED
66,11,0.0,,1.0,,2,KG_ONLY_ADDED
66,12,0.0,0.8017837257372732,1.0,,5,KG_ONLY_ADDED
66,15,0.0,0.3872983346207417,1.0,,7,KG_ONLY_ADDED
67,104,0.0,0.7669649888473704,1.0000000000000002,,41,KG_ONLY_ADDED
67,121,0.0,0.8693182879212227,1.0000000000000002,,13,KG_ONLY_ADDED
67,350,0.0,0.6471502289294341,1.0000000000000002,,18,KG_ONLY_ADDED
68,116,0.0,,0.9999999999999999,,2,KG_ONLY_ADDED
68,131,0.0,0.9428090415820635,0.9999999999999999,,3,KG_ONLY_ADDED
68,146,0.0,,0.9999999999999999,,2,KG_ONLY_ADDED
69,110,0.0,0.7745966692414834,0.9999999999999997,,10,KG_ONLY_ADDED
69,468,0.0,0.3530090432487313,0.9999999999999959,,21,KG_ONLY_ADDED
69,295,0.0,0.25337550864012875,0.9999999999999958,,45,KG_ONLY_ADDED
70,115,0.0,0.6344166391652173,0.9999999999999973,,30,KG_ONLY_ADDED
70,278,0.0,0.480754414848157,0.9999999999999973,,87,KG_ONLY_ADDED
70,320,0.0,0.5773502691896257,0.9999999999999973,,6,KG_ONLY_ADDED
71,40,0.0,0.2857142857142857,0.9999999999999992,,4,KG_ONLY_ADDED
71,51,0.0,,0.9999999999999992,,2,KG_ONLY_ADDED
71,299,0.0,-0.0944911182523068,0.9999999999999992,,8,KG_ONLY_ADDED
72,75,0.0,0.23570226039551587,0.9806080035970223,,6,KG_ONLY_ADDED
72,256,0.0,0.5445811486371709,0.9806080027339722,,36,KG_ONLY_ADDED
72,472,0.0,-0.2735942272227077,0.9806080013319457,,58,KG_ONLY_ADDED
74,172,0.0,,0.9999999999999999,,2,KG_ONLY_ADDED
74,393,0.0,,0.999999999999996,,2,KG_ONLY_ADDED
74,319,0.0,,0.9999999999999956,,1,KG_ONLY_ADDED
75,256,0.0,0.9428090415820635,0.9999999999999972,,3,KG_ONLY_ADDED
75,472,0.0,,0.9999999999999967,,1,KG_ONLY_ADDED
75,468,0.0,0.9622504486493763,0.9919144800232906,,3,KG_ONLY_ADDED
76,324,0.0,0.8999999999999998,1.0,,7,KG_ONLY_ADDED
76,695,0.0,,0.9999999999999986,,1,KG_ONLY_ADDED
76,720,0.0,0.9428090415820635,0.9999999999999974,,6,KG_ONLY_ADDED
77,40,0.0,,0.9999999999999951,,0,KG_ONLY_ADDED
77,51,0.0,,0.9999999999999951,,1,KG_ONLY_ADDED
77,299,0.0,,0.9999999999999951,,2,KG_ONLY_ADDED
78,85,0.0,0.8232998121250613,0.9999999999999989,,19,KG_ONLY_ADDED
78,147,0.0,0.5652806856077136,0.9999999999999989,,29,KG_ONLY_ADDED
78,209,0.0,1.0000000000000002,0.9999999999999989,,3,KG_ONLY_ADDED
79,26,0.0,0.5345224838248488,0.9999999999999999,,18,KG_ONLY_ADDED
79,47,0.0,0.6265611300756749,0.9999999999999999,,141,KG_ONLY_ADDED
79,265,0.0,0.4562105641233377,0.9999999999999999,,47,KG_ONLY_ADDED
80,11,0.0,,1.0,,0,KG_ONLY_ADDED
80,12,0.0,0.944911182523068,1.0,,4,KG_ONLY_ADDED
80,15,0.0,0.4767312946227962,1.0,,8,KG_ONLY_ADDED
81,28,0.0,0.4714045207910316,0.9999999999999993,,10,KG_ONLY_ADDED
81,328,0.0,0.5000000000000001,0.9999999999999993,,9,KG_ONLY_ADDED
81,656,0.0,0.3779644730092272,0.9999999999999993,,5,KG_ONLY_ADDED
82,376,0.0,0.8981462390204985,0.9999999999999959,,7,KG_ONLY_ADDED
82,166,0.0,0.7711356597650746,0.9999999999999953,,19,KG_ONLY_ADDED
82,536,0.0,0.5196152422706631,0.9923914774209205,,14,KG_ONLY_ADDED
84,36,0.0,-0.5773502691896258,1.0000000000000002,,3,KG_ONLY_ADDED
84,92,0.0,,1.0000000000000002,,1,KG_ONLY_ADDED
84,176,0.0,,1.0000000000000002,,0,KG_ONLY_ADDED
85,147,0.0,0.5544369932703277,1.0000000000000002,,16,KG_ONLY_ADDED
85,209,0.0,,1.0000000000000002,,2,KG_ONLY_ADDED
85,245,0.0,0.75,1.0000000000000002,,7,KG_ONLY_ADDED
86,27,0.0,,1.0000000000000002,,2,KG_ONLY_ADDED
86,397,0.0,,1.0000000000000002,,0,KG_ONLY_ADDED
86,242,0.0,,0.9999999999999984,,2,KG_ONLY_ADDED
87,467,0.0,1.0000000000000002,0.9999999999999971,,3,KG_ONLY_ADDED
87,702,0.0,,0.9999999999999962,,0,KG_ONLY_ADDED
87,326,0.0,0.4335549847620599,0.9999999999999961,,16,KG_ONLY_ADDED
88,618,0.0,0.753778361444409,0.9999999999999978,,8,KG_ONLY_ADDED
88,617,0.0,0.9438798074485389,0.9999999999999972,,7,KG_ONLY_ADDED
88,584,0.0,1.0000000000000002,0.9999999999999971,,3,KG_ONLY_ADDED
89,336,0.0,,1.0000000000000002,,0,KG_ONLY_ADDED
89,508,0.0,,1.0000000000000002,,2,KG_ONLY_ADDED
89,538,0.0,0.9230769230769232,1.0000000000000002,,7,KG_ONLY_ADDED
90,11,0.0,,1.0,,0,KG_ONLY_ADDED
90,12,0.0,0.35355339059327373,1.0,,6,KG_ONLY_ADDED
90,15,0.0,0.2886751345948129,1.0,,6,KG_ONLY_ADDED
91,530,0.0,0.8743856497851876,0.9999999999999971,,13,KG_ONLY_ADDED
91,33,0.0,0.8273287946596167,0.9968692695166247,,18,KG_ONLY_ADDED
91,11,0.0,,0.9956726838601369,,2,KG_ONLY_ADDED
92,36,0.0,0.6201736729460423,1.0000000000000002,,6,KG_ONLY_ADDED
92,84,0.0,,1.0000000000000002,,1,KG_ONLY_ADDED
92,176,0.0,0.6666666666666667,1.0000000000000002,,6,KG_ONLY_ADDED
93,180,0.0,,0.9999999999999993,,0,KG_ONLY_ADDED
93,709,0.0,0.9428090415820635,0.9999999999999986,,3,KG_ONLY_ADDED
93,545,0.0,,0.9999999999999977,,1,KG_ONLY_ADDED
94,11,0.0,,1.0,,2,KG_ONLY_ADDED
94,12,0.0,0.9457324874869207,1.0,,8,KG_ONLY_ADDED
94,15,0.0,0.9622504486493763,1.0,,9,KG_ONLY_ADDED
95,175,0.0,0.37509688670876046,1.0,,13,KG_ONLY_ADDED
95,247,0.0,0.867227382716513,0.9999999999999974,,13,KG_ONLY_ADDED
95,396,0.0,0.9799578870122229,0.9999999999999974,,6,KG_ONLY_ADDED
96,40,0.0,,0.9894754309001387,,2,KG_ONLY_ADDED
96,51,0.0,0.8164965809277259,0.9894754309001387,,3,KG_ONLY_ADDED
96,299,0.0,0.4999999999999999,0.9894754309001387,,10,KG_ONLY_ADDED
97,85,0.0,-0.6804138174397718,0.991703959595266,,9,KG_ONLY_ADDED
97,147,0.0,-0.05547001962252291,0.991703959595266,,13,KG_ONLY_ADDED
97,209,0.0,,0.991703959595266,,1,KG_ONLY_ADDED
98,438,0.0,0.9622504486493763,0.9999999999999942,,3,KG_ONLY_ADDED
98,277,0.0,,0.999999999999994,,0,KG_ONLY_ADDED
98,471,0.0,0.0826898230594723,0.9999999999999936,,15,KG_ONLY_ADDED
99,682,0.0,-0.10206207261596577,0.999999999999997,,13,KG_ONLY_ADDED
99,118,0.0,-0.5773502691896258,0.9999999999999969,,3,KG_ONLY_ADDED
99,262,0.0,0.536774032210737,0.9999999999999969,,70,KG_ONLY_ADDED
100,179,0.0,0.9561828874675149,0.9899687935647856,,7,KG_ONLY_ADDED
100,404,0.0,,0.9872080258007119,,0,KG_ONLY_ADDED
100,599,0.0,0.9799578870122229,0.9872080248512469,,6,KG_ONLY_ADDED
101,690,0.0,0.6933752452815365,0.9999999999999981,,10,KG_ONLY_ADDED
101,213,0.0,0.9486832980505138,0.9999999999999973,,6,KG_ONLY_ADDED
101,415,0.0,0.704469953676347,0.9999999999999973,,18,KG_ONLY_ADDED
102,153,0.0,0.6135719910778963,1.0000000000000007,,9,KG_ONLY_ADDED
102,199,0.0,,1.0000000000000007,,0,KG_ONLY_ADDED
102,340,0.0,,1.0000000000000007,,2,KG_ONLY_ADDED
103,118,0.0,,0.9999999999999981,,1,KG_ONLY_ADDED
103,262,0.0,0.6986956960477685,0.9999999999999981,,39,KG_ONLY_ADDED
103,560,0.0,0.4061811972299616,0.999999999999998,,12,KG_ONLY_ADDED
104,67,0.0,0.7669649888473704,1.0000000000000002,,41,KG_ONLY_ADDED
104,121,0.0,0.733358797622569,1.0000000000000002,,13,KG_ONLY_ADDED
104,350,0.0,0.6133956150821481,1.0000000000000002,,24,KG_ONLY_ADDED
105,22,0.0,,0.9999999999999986,,1,KG_ONLY_ADDED
105,436,0.0,,0.9999999999999986,,1,KG_ONLY_ADDED
105,184,0.0,0.9544271444636666,0.9999999999999984,,7,KG_ONLY_ADDED
106,519,0.0,0.882522608121828,0.9999999999999959,,5,KG_ONLY_ADDED
106,241,0.0,0.8838834764831843,0.9999999999999954,,5,KG_ONLY_ADDED
106,309,0.0,0.857142857142857,0.9999999999999954,,4,KG_ONLY_ADDED
107,445,0.0,0.9381941874331419,0.9999999999999977,,7,KG_ONLY_ADDED
107,338,0.0,,0.9999999999999972,,0,KG_ONLY_ADDED
107,449,0.0,,0.9999999999999972,,0,KG_ONLY_ADDED
108,11,0.0,0.5,1.0,,4,KG_ONLY_ADDED
108,12,0.0,0.7242068243779013,1.0,,12,KG_ONLY_ADDED
108,15,0.0,0.6957010852370434,1.0,,16,KG_ONLY_ADDED
109,468,0.0,0.5452752542346465,0.9999999999999951,,32,KG_ONLY_ADDED
109,61,0.0,0.4163331998932266,0.9999999999999949,,97,KG_ONLY_ADDED
109,222,0.0,0.9525793444156805,0.9999999999999946,,6,KG_ONLY_ADDED
110,69,0.0,0.7745966692414834,0.9999999999999997,,10,KG_ONLY_ADDED
110,468,0.0,0.9428090415820635,0.9999999999999959,,6,KG_ONLY_ADDED
110,295,0.0,0.48418202613504197,0.9999999999999958,,13,KG_ONLY_ADDED
111,329,0.0,0.8520128672302585,1.0000000000000004,,12,KG_ONLY_ADDED
111,450,0.0,0.8807048459279794,1.0000000000000004,,7,KG_ONLY_ADDED
111,493,0.0,-0.3779644730092272,1.0000000000000004,,6,KG_ONLY_ADDED
112,160,0.0,0.50709255283711,0.9999999999999988,,10,KG_ONLY_ADDED
112,429,0.0,0.07490058862731383,0.9999999999999988,,32,KG_ONLY_ADDED
112,202,0.0,0.8944271909999159,0.9999999999999982,,8,KG_ONLY_ADDED
113,345,0.0,,1.0,,2,KG_ONLY_ADDED
113,389,0.0,,1.0,,2,KG_ONLY_ADDED
113,18,0.0,,0.9875156441452223,,2,KG_ONLY_ADDED
114,494,0.0,0.903696114115064,0.9999999999999962,,7,KG_ONLY_ADDED
114,314,0.0,0.5477225575051661,0.999999999999996,,19,KG_ONLY_ADDED
114,364,0.0,,0.9999999999999953,,2,KG_ONLY_ADDED
115,278,0.0,0.3751832396884335,1.0000000000000002,,30,KG_ONLY_ADDED
115,320,0.0,0.5773502691896258,1.0000000000000002,,3,KG_ONLY_ADDED
115,593,0.0,0.8498365855987975,1.0000000000000002,,11,KG_ONLY_ADDED
116,68,0.0,,0.9999999999999999,,2,KG_ONLY_ADDED
116,131,0.0,,0.9999999999999999,,0,KG_ONLY_ADDED
116,146,0.0,,0.9999999999999999,,1,KG_ONLY_ADDED
117,55,0.0,0.8017837257372731,0.9833139197431636,,4,KG_ONLY_ADDED
117,31,0.0,0.6396021490668313,0.9833139190975458,,8,KG_ONLY_ADDED
117,140,0.0,0.5533985905294664,0.9833139190975458,,14,KG_ONLY_ADDED
118,262,0.0,,1.0,,0,KG_ONLY_ADDED
118,103,0.0,,0.9999999999999981,,1,KG_ONLY_ADDED
118,560,0.0,,0.9999999999999974,,1,KG_ONLY_ADDED
119,11,0.0,,1.0,,0,KG_ONLY_ADDED
119,12,0.0,,1.0,,2,KG_ONLY_ADDED
119,15,0.0,1.0000000000000002,1.0,,3,KG_ONLY_ADDED
120,486,0.0,,0.985152881208155,,1,KG_ONLY_ADDED
120,604,0.0,,0.985152880477221,,2,KG_ONLY_ADDED
120,49,0.0,,0.9851528801461585,,2,KG_ONLY_ADDED
121,67,0.0,0.8693182879212227,1.0000000000000002,,13,KG_ONLY_ADDED
121,104,0.0,0.733358797622569,1.0000000000000002,,13,KG_ONLY_ADDED
121,350,0.0,0.7171371656006361,1.0000000000000002,,8,KG_ONLY_ADDED
122,11,0.0,-0.22645540682891918,1.0,,4,KG_ONLY_ADDED
122,12,0.0,0.9406401658278406,1.0,,13,KG_ONLY_ADDED
122,15,0.0,0.5499999999999999,1.0,,14,KG_ONLY_ADDED
123,654,0.0,0.6154574548966638,0.9999999999999962,,5,KG_ONLY_ADDED
123,231,0.0,0.6643638388299198,0.9999999999999959,,24,KG_ONLY_ADDED
123,38,0.0,,0.9999999999999953,,2,KG_ONLY_ADDED
124,285,0.0,,0.9999999999999977,,0,KG_ONLY_ADDED
124,292,0.0,0.8339078479367938,0.9999999999999977,,12,KG_ONLY_ADDED
124,343,0.0,0.9622504486493763,0.9999999999999977,,3,KG_ONLY_ADDED
125,11,0.0,,1.0,,1,KG_ONLY_ADDED
125,12,0.0,0.9525793444156805,1.0,,9,KG_ONLY_ADDED
125,15,0.0,0.9486832980505138,1.0,,5,KG_ONLY_ADDED
126,231,0.0,0.6456639979721241,0.9999999999999963,,33,KG_ONLY_ADDED
126,239,0.0,0.6183469424008424,0.999999999999995,,20,KG_ONLY_ADDED
126,365,0.0,0.27888667551135854,0.999999999999995,,21,KG_ONLY_ADDED
127,216,0.0,0.8017837257372732,1.0000000000000004,,5,KG_ONLY_ADDED
127,229,0.0,0.8164965809277259,1.0000000000000004,,3,KG_ONLY_ADDED
127,344,0.0,,1.0000000000000004,,0,KG_ONLY_ADDED
128,315,0.0,0.8845379626717033,0.9939179419685219,,6,KG_ONLY_ADDED
128,509,0.0,0.7337993857053429,0.9939179409517538,,4,KG_ONLY_ADDED
128,515,0.0,,0.9939179405367415,,2,KG_ONLY_ADDED
129,264,0.0,0.7745966692414834,0.9999999999999999,,5,KG_ONLY_ADDED
129,279,0.0,0.7071067811865475,0.9999999999999999,,5,KG_ONLY_ADDED
129,306,0.0,0.8164965809277259,0.9999999999999999,,5,KG_ONLY_ADDED
130,361,0.0,0.7653837971759038,0.9875987337308049,,20,KG_ONLY_ADDED
130,40,0.0,0.9486832980505138,0.9875987319550888,,5,KG_ONLY_ADDED
130,51,0.0,0.9428090415820635,0.9875987319550888,,3,KG_ONLY_ADDED
131,68,0.0,0.9428090415820635,0.9999999999999999,,3,KG_ONLY_ADDED
131,116,0.0,,0.9999999999999999,,0,KG_ONLY_ADDED
131,146,0.0,0.9486832980505138,0.9999999999999999,,5,KG_ONLY_ADDED
132,520,0.0,0.9428090415820635,0.9999999999999953,,3,KG_ONLY_ADDED
132,77,0.0,,0.9999999999999949,,1,KG_ONLY_ADDED
132,139,0.0,,0.9999999999999948,,1,KG_ONLY_ADDED
133,680,0.0,0.9438798074485389,0.9999999999999977,,5,KG_ONLY_ADDED
133,718,0.0,,0.9999999999999977,,1,KG_ONLY_ADDED
133,152,0.0,1.0000000000000002,0.9999999999999972,,3,KG_ONLY_ADDED
134,357,0.0,,0.9848725961826783,,2,KG_ONLY_ADDED
134,185,0.0,,0.9848725953913049,,2,KG_ONLY_ADDED
134,183,0.0,,0.9848725949840994,,1,KG_ONLY_ADDED
135,637,0.0,,1.0000000000000002,,2,KG_ONLY_ADDED
135,321,0.0,,0.9999999999999969,,1,KG_ONLY_ADDED
135,694,0.0,,0.9999999999999969,,1,KG_ONLY_ADDED
136,99,0.0,0.2683281572999747,0.9999999999999956,,10,KG_ONLY_ADDED
136,560,0.0,0.9281909617845143,0.9999999999999951,,11,KG_ONLY_ADDED
136,118,0.0,,0.9999999999999943,,0,KG_ONLY_ADDED
137,24,0.0,0.36232865092627065,0.9999999999999962,,37,KG_ONLY_ADDED
137,160,0.0,0.8616404368553293,0.999999999999996,,6,KG_ONLY_ADDED
137,249,0.0,0.5940885257860046,0.9999999999999957,,9,KG_ONLY_ADDED
138,11,0.0,-0.7844645405527361,1.0,,5,KG_ONLY_ADDED
138,12,0.0,0.7417853457582385,1.0,,29,KG_ONLY_ADDED
138,15,0.0,0.7399400733959437,1.0,,22,KG_ONLY_ADDED
139,40,0.0,,0.9999999999999981,,2,KG_ONLY_ADDED
139,51,0.0,,0.9999999999999981,,2,KG_ONLY_ADDED
139,299,0.0,,0.9999999999999981,,2,KG_ONLY_ADDED
140,31,0.0,0.6666666666666667,0.9999999999999998,,16,KG_ONLY_ADDED
140,269,0.0,0.8660254037844387,0.9999999999999998,,8,KG_ONLY_ADDED
140,354,0.0,0.8333333333333334,0.9999999999999998,,6,KG_ONLY_ADDED
141,331,0.0,,0.9876814237079984,,2,KG_ONLY_ADDED
141,711,0.0,0.9561828874675149,0.9876814220353352,,5,KG_ONLY_ADDED
141,31,0.0,0.7715167498104596,0.9845869175125336,,9,KG_ONLY_ADDED
142,322,0.0,0.8366600265340756,0.9999999999999936,,4,KG_ONLY_ADDED
142,477,0.0,,0.988336723429554,,2,KG_ONLY_ADDED
142,126,0.0,0.8386278693775346,0.9854116995907362,,8,KG_ONLY_ADDED
143,11,0.0,,1.0,,1,KG_ONLY_ADDED
143,12,0.0,0.9486832980505138,1.0,,4,KG_ONLY_ADDED
143,15,0.0,0.9428090415820635,1.0,,3,KG_ONLY_ADDED
144,377,0.0,-0.2834733547569204,0.9999999999999968,,5,KG_ONLY_ADDED
144,702,0.0,,0.999999999999996,,1,KG_ONLY_ADDED
144,326,0.0,0.5773502691896258,0.9999999999999958,,5,KG_ONLY_ADDED
145,311,0.0,,0.9999999999999972,,1,KG_ONLY_ADDED
145,452,0.0,0.8618575020903775,0.9999999999999963,,12,KG_ONLY_ADDED
145,373,0.0,0.9622504486493763,0.9848572525935226,,3,KG_ONLY_ADDED
146,68,0.0,,0.9999999999999999,,2,KG_ONLY_ADDED
146,116,0.0,,0.9999999999999999,,1,KG_ONLY_ADDED
146,131,0.0,0.9486832980505138,0.9999999999999999,,5,KG_ONLY_ADDED
147,85,0.0,0.5544369932703277,1.0000000000000002,,16,KG_ONLY_ADDED
147,209,0.0,,1.0000000000000002,,0,KG_ONLY_ADDED
147,245,0.0,0.2519763153394848,1.0000000000000002,,6,KG_ONLY_ADDED
148,215,0.0,,1.0,,2,KG_ONLY_ADDED
148,220,0.0,,1.0,,1,KG_ONLY_ADDED
148,412,0.0,,1.0,,1,KG_ONLY_ADDED
149,559,0.0,0.8333333333333334,0.9999999999999968,,6,KG_ONLY_ADDED
149,443,0.0,0.046423834544262965,0.9848554945002033,,20,KG_ONLY_ADDED
149,681,0.0,0.9622504486493764,0.9819555248907871,,6,KG_ONLY_ADDED
150,235,0.0,0.5976143046671968,1.0000000000000002,,13,KG_ONLY_ADDED
150,268,0.0,,1.0000000000000002,,5,KG_ONLY_ADDED
150,352,0.0,,1.0000000000000002,,1,KG_ONLY_ADDED
151,11,0.0,,1.0,,1,KG_ONLY_ADDED
151,12,0.0,0.9622504486493763,1.0,,6,KG_ONLY_ADDED
151,15,0.0,0.9428090415820635,1.0,,3,KG_ONLY_ADDED
152,158,0.0,,1.0000000000000002,,2,KG_ONLY_ADDED
152,193,0.0,,1.0000000000000002,,2,KG_ONLY_ADDED
152,207,0.0,,1.0000000000000002,,0,KG_ONLY_ADDED
153,102,0.0,0.6135719910778963,1.0000000000000007,,9,KG_ONLY_ADDED
153,199,0.0,,1.0000000000000007,,0,KG_ONLY_ADDED
153,340,0.0,,1.0000000000000007,,0,KG_ONLY_ADDED
154,505,0.0,0.9486832980505138,0.9999999999999982,,4,KG_ONLY_ADDED
154,312,0.0,,0.9999999999999979,,2,KG_ONLY_ADDED
154,631,0.0,,0.9999999999999973,,1,KG_ONLY_ADDED
155,36,0.0,0.4557327151876499,0.9999999999999983,,15,KG_ONLY_ADDED
155,84,0.0,-0.9999999999999998,0.9999999999999983,,5,KG_ONLY_ADDED
155,92,0.0,0.8944271909999159,0.9999999999999983,,11,KG_ONLY_ADDED
156,351,0.0,,1.0,,8,KG_ONLY_ADDED
156,707,0.0,0.8860856623427403,1.0,,28,KG_ONLY_ADDED
156,392,0.0,0.9237604307034011,0.9999999999999986,,6,KG_ONLY_ADDED
157,11,0.0,,1.0,,1,KG_ONLY_ADDED
157,12,0.0,0.9431191251430151,1.0,,7,KG_ONLY_ADDED
157,15,0.0,0.8432740427115678,1.0,,7,KG_ONLY_ADDED
158,152,0.0,,1.0000000000000002,,2,KG_ONLY_ADDED
158,193,0.0,,1.0000000000000002,,2,KG_ONLY_ADDED
158,207,0.0,,1.0000000000000002,,1,KG_ONLY_ADDED
159,41,0.0,1.0000000000000002,0.9999999999999999,,3,KG_ONLY_ADDED
159,192,0.0,0.7844645405527361,0.9999999999999999,,4,KG_ONLY_ADDED
159,395,0.0,0.7071067811865475,0.9999999999999999,,3,KG_ONLY_ADDED
160,112,0.0,0.50709255283711,0.9999999999999988,,10,KG_ONLY_ADDED
160,392,0.0,0.8451542547285165,0.9999999999999986,,7,KG_ONLY_ADDED
160,429,0.0,0.9534625892455924,0.9999999999999984,,11,KG_ONLY_ADDED
161,239,0.0,,0.9999999999999963,,2,KG_ONLY_ADDED
161,365,0.0,0.9999999999999998,0.9999999999999963,,5,KG_ONLY_ADDED
161,388,0.0,0.8164965809277261,0.9999999999999963,,4,KG_ONLY_ADDED
162,477,0.0,0.903696114115064,0.9832875325799039,,7,KG_ONLY_ADDED
162,145,0.0,0.7999999999999999,0.9811691175904125,,12,KG_ONLY_ADDED
162,452,0.0,0.9561828874675149,0.9811691162424162,,7,KG_ONLY_ADDED
163,458,0.0,0.46767710248334665,0.9999999999999928,,32,KG_ONLY_ADDED
163,471,0.0,-0.04499212706658476,0.9999999999999923,,17,KG_ONLY_ADDED
163,169,0.0,0.5530100413375021,0.9999999999999912,,39,KG_ONLY_ADDED
164,514,0.0,,0.9877892249546099,,1,KG_ONLY_ADDED
164,87,0.0,1.0000000000000002,0.987789223992562,,3,KG_ONLY_ADDED
164,377,0.0,,0.9877892239338515,,1,KG_ONLY_ADDED
165,11,0.0,,1.0,,0,KG_ONLY_ADDED
165,12,0.0,0.5962847939999439,1.0,,6,KG_ONLY_ADDED
165,15,0.0,0.7071067811865475,1.0,,8,KG_ONLY_ADDED
166,82,0.0,0.7711356597650746,0.9999999999999953,,19,KG_ONLY_ADDED
166,376,0.0,0.9116846116771036,0.9999999999999934,,8,KG_ONLY_ADDED
166,536,0.0,0.7877263614433762,0.9923914765626514,,17,KG_ONLY_ADDED
167,424,0.0,0.944911182523068,0.9999999999999978,,7,KG_ONLY_ADDED
167,457,0.0,0.9074852129730302,0.9999999999999978,,8,KG_ONLY_ADDED
167,67,0.0,0.8864052604279183,0.9999999999999967,,5,KG_ONLY_ADDED
168,456,0.0,,1.0000000000000002,,2,KG_ONLY_ADDED
168,333,0.0,,0.9999999999999994,,1,KG_ONLY_ADDED
168,239,0.0,1.0,0.9999999999999974,,4,KG_ONLY_ADDED
169,458,0.0,0.6629699999089105,0.9999999999999966,,112,KG_ONLY_ADDED
169,438,0.0,0.1846372364689991,0.9999999999999954,,10,KG_ONLY_ADDED
169,241,0.0,0.3966281376000721,0.9999999999999951,,86,KG_ONLY_ADDED
170,595,0.0,0.7423218080230882,0.9999999999999982,,22,KG_ONLY_ADDED
170,46,0.0,0.9999999999999999,0.9999999999999966,,7,KG_ONLY_ADDED
170,327,0.0,0.7671412823766146,0.9999999999999966,,22,KG_ONLY_ADDED
171,11,0.0,,1.0,,0,KG_ONLY_ADDED
171,12,0.0,0.8728715609439696,1.0,,4,KG_ONLY_ADDED
171,15,0.0,0.8164965809277259,1.0,,3,KG_ONLY_ADDED
172,74,0.0,,0.9999999999999999,,2,KG_ONLY_ADDED
172,393,0.0,0.36155076303109357,0.999999999999996,,30,KG_ONLY_ADDED
172,319,0.0,0.816496580927726,0.9999999999999956,,9,KG_ONLY_ADDED
173,266,0.0,0.8846783746414657,0.9999999999999918,,26,KG_ONLY_ADDED
173,39,0.0,0.6315789473684209,0.9979692293299073,,14,KG_ONLY_ADDED
173,638,0.0,,0.9979692293280702,,2,KG_ONLY_ADDED
174,202,0.0,0.9486832980505138,0.999999999999999,,5,KG_ONLY_ADDED
174,529,0.0,0.9600014517991345,0.999999999999999,,11,KG_ONLY_ADDED
174,578,0.0,0.9380831519646858,0.999999999999999,,14,KG_ONLY_ADDED
175,95,0.0,0.37509688670876046,1.0,,13,KG_ONLY_ADDED
175,247,0.0,0.0,0.9999999999999974,,5,KG_ONLY_ADDED
175,396,0.0,0.5999999999999999,0.9999999999999974,,5,KG_ONLY_ADDED
176,36,0.0,0.9999999999999998,1.0000000000000002,,6,KG_ONLY_ADDED
176,84,0.0,,1.0000000000000002,,0,KG_ONLY_ADDED
176,92,0.0,0.6666666666666667,1.0000000000000002,,6,KG_ONLY_ADDED
177,11,0.0,,1.0,,0,KG_ONLY_ADDED
177,12,0.0,0.8528028654224417,1.0,,5,KG_ONLY_ADDED
177,15,0.0,,1.0,,2,KG_ONLY_ADDED
178,32,0.0,0.8888888888888888,0.9818856869677577,,6,KG_ONLY_ADDED
178,260,0.0,0.9999999999999998,0.9818856869677577,,5,KG_ONLY_ADDED
178,378,0.0,0.9258200997725516,0.9818856869677577,,15,KG_ONLY_ADDED
179,404,0.0,,0.9908591320857414,,2,KG_ONLY_ADDED
179,599,0.0,0.753778361444409,0.9908591305245708,,7,KG_ONLY_ADDED
179,679,0.0,,0.9908591305245708,,1,KG_ONLY_ADDED
180,93,0.0,,0.9999999999999993,,0,KG_ONLY_ADDED
180,709,0.0,,0.9999999999999986,,1,KG_ONLY_ADDED
180,545,0.0,,0.9999999999999977,,1,KG_ONLY_ADDED
181,372,0.0,0.5991712703227052,1.0,,14,KG_ONLY_ADDED
181,33,0.0,0.5897678246195885,0.9949151584916016,,14,KG_ONLY_ADDED
181,548,0.0,0.45818979495265694,0.9936549654187727,,20,KG_ONLY_ADDED
182,203,0.0,0.1956463952178074,0.9999999999999956,,22,KG_ONLY_ADDED
182,599,0.0,0.6859943405700353,0.9999999999999951,,6,KG_ONLY_ADDED
182,679,0.0,0.8911327886790069,0.9999999999999951,,6,KG_ONLY_ADDED
183,428,0.0,1.0,0.9999999999999999,,4,KG_ONLY_ADDED
183,35,0.0,0.8944271909999159,0.9999999999999982,,5,KG_ONLY_ADDED
183,42,0.0,0.9309493362512627,0.9999999999999982,,10,KG_ONLY_ADDED
184,105,0.0,0.9544271444636666,0.9999999999999984,,7,KG_ONLY_ADDED
184,22,0.0,,0.9999999999999973,,0,KG_ONLY_ADDED
184,436,0.0,,0.9999999999999973,,0,KG_ONLY_ADDED
185,183,0.0,0.7071067811865475,0.999999999999998,,3,KG_ONLY_ADDED
185,428,0.0,,0.999999999999998,,0,KG_ONLY_ADDED
185,357,0.0,,0.9999999999999978,,1,KG_ONLY_ADDED
186,307,0.0,0.6761234037828132,0.999999999999996,,10,KG_ONLY_ADDED
186,211,0.0,0.33333333333333337,0.9999999999999956,,3,KG_ONLY_ADDED
186,25,0.0,0.9999999999999998,0.9999999999999951,,5,KG_ONLY_ADDED
187,75,0.0,,0.9807309343727566,,1,KG_ONLY_ADDED
187,256,0.0,-0.8249579113843053,0.9807309332433332,,8,KG_ONLY_ADDED
187,472,0.0,-0.35355339059327373,0.9807309329622194,,8,KG_ONLY_ADDED
188,512,0.0,,0.9944846984846938,,0,KG_ONLY_ADDED
188,548,0.0,0.9141379262169076,0.9938959769283328,,16,KG_ONLY_ADDED
188,182,0.0,0.78742598543589,0.9931026456414476,,20,KG_ONLY_ADDED
189,190,0.0,,0.9999999999999989,,2,KG_ONLY_ADDED
189,218,0.0,,0.994045265874627,,0,KG_ONLY_ADDED
189,68,0.0,,0.9932010012820547,,2,KG_ONLY_ADDED
190,189,0.0,,0.9999999999999989,,2,KG_ONLY_ADDED
190,218,0.0,,0.9940452658827563,,0,KG_ONLY_ADDED
190,68,0.0,,0.9932010008006497,,2,KG_ONLY_ADDED
191,124,0.0,1.0000000000000002,0.9999999999999932,,3,KG_ONLY_ADDED
191,285,0.0,,0.9999999999999931,,1,KG_ONLY_ADDED
191,292,0.0,1.0,0.9999999999999931,,4,KG_ONLY_ADDED
192,41,0.0,0.8164965809277259,0.9999999999999999,,3,KG_ONLY_ADDED
192,159,0.0,0.7844645405527361,0.9999999999999999,,4,KG_ONLY_ADDED
192,395,0.0,1.0,0.9999999999999999,,5,KG_ONLY_ADDED
193,152,0.0,,1.0000000000000002,,2,KG_ONLY_ADDED
193,158,0.0,,1.0000000000000002,,2,KG_ONLY_ADDED
193,207,0.0,,1.0000000000000002,,2,KG_ONLY_ADDED
194,11,0.0,-0.9999999999999998,1.0,,3,KG_ONLY_ADDED
194,12,0.0,0.9346851681910674,1.0,,20,KG_ONLY_ADDED
194,15,0.0,0.3733643283161719,1.0,,19,KG_ONLY_ADDED
195,164,0.0,,0.9841539787744747,,2,KG_ONLY_ADDED
195,311,0.0,,0.9791655860728218,,1,KG_ONLY_ADDED
195,145,0.0,0.7071067811865476,0.9791655851713217,,7,KG_ONLY_ADDED
196,68,0.0,0.9428090415820635,0.9999999999999999,,3,KG_ONLY_ADDED
196,116,0.0,,0.9999999999999999,,0,KG_ONLY_ADDED
196,131,0.0,1.0000000000000002,0.9999999999999999,,3,KG_ONLY_ADDED
197,8,0.0,0.8528028654224417,1.0,,10,KG_ONLY_ADDED
197,9,0.0,0.8763560920082657,1.0,,12,KG_ONLY_ADDED
197,11,0.0,-0.8140915784106942,1.0,,6,KG_ONLY_ADDED
198,49,0.0,,1.0000000000000002,,2,KG_ONLY_ADDED
198,271,0.0,0.7071067811865475,1.0000000000000002,,4,KG_ONLY_ADDED
198,293,0.0,-0.6324555320336759,1.0000000000000002,,5,KG_ONLY_ADDED
199,102,0.0,,1.0000000000000007,,0,KG_ONLY_ADDED
199,153,0.0,,1.0000000000000007,,0,KG_ONLY_ADDED
199,340,0.0,,1.0000000000000007,,0,KG_ONLY_ADDED
200,277,0.0,,0.9999999999999972,,0,KG_ONLY_ADDED
200,241,0.0,0.8713298378194733,0.9999999999999964,,22,KG_ONLY_ADDED
200,309,0.0,0.8587538611150074,0.9999999999999964,,11,KG_ONLY_ADDED
201,11,0.0,,1.0,,0,KG_ONLY_ADDED
201,12,0.0,,1.0,,2,KG_ONLY_ADDED
201,15,0.0,,1.0,,1,KG_ONLY_ADDED
202,529,0.0,0.9827076298239908,0.9999999999999996,,7,KG_ONLY_ADDED
202,578,0.0,0.9434563530497265,0.9999999999999996,,7,KG_ONLY_ADDED
202,606,0.0,0.9707253433941511,0.9999999999999996,,4,KG_ONLY_ADDED
203,599,0.0,0.21320071635561041,0.9999999999999974,,9,KG_ONLY_ADDED
203,679,0.0,0.6324555320336759,0.9999999999999974,,6,KG_ONLY_ADDED
203,182,0.0,0.1956463952178074,0.9999999999999956,,22,KG_ONLY_ADDED
205,349,0.0,,1.0000000000000004,,1,KG_ONLY_ADDED
205,406,0.0,0.18333969940564224,0.999999999999997,,13,KG_ONLY_ADDED
205,14,0.0,0.33333333333333337,0.9999999999999966,,3,KG_ONLY_ADDED
206,11,0.0,0.5773502691896258,1.0,,3,KG_ONLY_ADDED
206,12,0.0,0.9438798074485388,1.0,,7,KG_ONLY_ADDED
206,15,0.0,0.9438798074485389,1.0,,5,KG_ONLY_ADDED
207,152,0.0,,1.0000000000000002,,0,KG_ONLY_ADDED
207,158,0.0,,1.0000000000000002,,1,KG_ONLY_ADDED
207,193,0.0,,1.0000000000000002,,2,KG_ONLY_ADDED
208,101,0.0,0.7071067811865475,0.9999999999999959,,3,KG_ONLY_ADDED
208,317,0.0,,0.9999999999999953,,1,KG_ONLY_ADDED
208,213,0.0,0.9428090415820635,0.9999999999999949,,3,KG_ONLY_ADDED
209,85,0.0,,1.0000000000000002,,2,KG_ONLY_ADDED
209,147,0.0,,1.0000000000000002,,0,KG_ONLY_ADDED
209,245,0.0,0.5773502691896258,1.0000000000000002,,3,KG_ONLY_ADDED
210,484,0.0,,0.9999999999999999,,2,KG_ONLY_ADDED
210,148,0.0,,0.9999999999999983,,0,KG_ONLY_ADDED
210,215,0.0,,0.9999999999999983,,0,KG_ONLY_ADDED
211,307,0.0,0.8660254037844387,0.9999999999999958,,4,KG_ONLY_ADDED
211,186,0.0,0.33333333333333337,0.9999999999999956,,3,KG_ONLY_ADDED
211,127,0.0,,0.9999999999999951,,2,KG_ONLY_ADDED
212,68,0.0,0.9460998335825321,0.9999999999999999,,8,KG_ONLY_ADDED
212,116,0.0,0.8006407690254358,0.9999999999999999,,4,KG_ONLY_ADDED
212,131,0.0,0.9438798074485389,0.9999999999999999,,5,KG_ONLY_ADDED
213,415,0.0,0.9574271077563381,0.9999999999999993,,12,KG_ONLY_ADDED
213,678,0.0,,0.9999999999999993,,1,KG_ONLY_ADDED
213,348,0.0,,0.9999999999999978,,0,KG_ONLY_ADDED
214,65,0.0,0.5520524474738833,0.999999999999992,,85,KG_ONLY_ADDED
214,114,0.0,0.7888106377466154,0.9999999999999918,,24,KG_ONLY_ADDED
214,461,0.0,0.6405126152203486,0.9999999999999917,,13,KG_ONLY_ADDED
215,148,0.0,,1.0,,2,KG_ONLY_ADDED
215,220,0.0,,1.0,,0,KG_ONLY_ADDED
215,412,0.0,,1.0,,0,KG_ONLY_ADDED
216,127,0.0,0.8017837257372732,1.0000000000000004,,5,KG_ONLY_ADDED
216,229,0.0,0.8783100656536798,1.0000000000000004,,7,KG_ONLY_ADDED
216,344,0.0,,1.0000000000000004,,0,KG_ONLY_ADDED
217,11,0.0,-0.5773502691896257,1.0,,4,KG_ONLY_ADDED
217,12,0.0,0.9335200560186733,1.0,,12,KG_ONLY_ADDED
217,15,0.0,0.8728715609439696,1.0,,15,KG_ONLY_ADDED
218,286,0.0,0.944911182523068,0.9973425664244593,,7,KG_ONLY_ADDED
218,33,0.0,1.0000000000000002,0.9948317099635149,,3,KG_ONLY_ADDED
218,643,0.0,0.9999999999999998,0.9942151901383441,,5,KG_ONLY_ADDED
219,132,0.0,0.7592566023652966,0.9999999999999941,,5,KG_ONLY_ADDED
219,77,0.0,,0.999999999999994,,2,KG_ONLY_ADDED
219,520,0.0,0.2656844656620286,0.999999999999994,,14,KG_ONLY_ADDED
220,148,0.0,,1.0,,1,KG_ONLY_ADDED
220,215,0.0,,1.0,,0,KG_ONLY_ADDED
220,412,0.0,,1.0,,0,KG_ONLY_ADDED
221,210,0.0,,0.9827073369854314,,2,KG_ONLY_ADDED
221,484,0.0,0.7302967433402214,0.9827073369854314,,4,KG_ONLY_ADDED
221,148,0.0,0.0,0.9827073367353174,,3,KG_ONLY_ADDED
222,69,0.0,0.7302967433402214,0.9999999999999949,,10,KG_ONLY_ADDED
222,110,0.0,1.0000000000000002,0.9999999999999949,,6,KG_ONLY_ADDED
222,468,0.0,0.9486832980505138,0.9999999999999947,,5,KG_ONLY_ADDED
223,326,0.0,-0.1307440900921227,0.9999999999999962,,14,KG_ONLY_ADDED
223,702,0.0,,0.9999999999999954,,1,KG_ONLY_ADDED
223,467,0.0,0.9128709291752769,0.9999999999999953,,4,KG_ONLY_ADDED
224,375,0.0,0.5940885257860046,0.9999999999999977,,16,KG_ONLY_ADDED
224,36,0.0,0.6614378277661476,0.9999999999999974,,15,KG_ONLY_ADDED
224,84,0.0,-0.5773502691896258,0.9999999999999974,,3,KG_ONLY_ADDED
225,504,0.0,0.9428090415820635,1.0000000000000007,,3,KG_ONLY_ADDED
225,687,0.0,,1.0000000000000007,,1,KG_ONLY_ADDED
225,111,0.0,0.9525793444156805,0.9999999999999987,,6,KG_ONLY_ADDED
226,282,0.0,,0.9999999999999961,,2,KG_ONLY_ADDED
226,416,0.0,0.7835507575310392,0.9999999999999961,,23,KG_ONLY_ADDED
226,565,0.0,0.6931032800836721,0.9999999999999961,,14,KG_ONLY_ADDED
227,338,0.0,,0.999999999999998,,0,KG_ONLY_ADDED
227,449,0.0,,0.999999999999998,,1,KG_ONLY_ADDED
227,445,0.0,0.8432740427115678,0.9999999999999972,,7,KG_ONLY_ADDED
228,252,0.0,0.8333333333333334,0.9898000079349817,,4,KG_ONLY_ADDED
228,189,0.0,,0.9829231392660556,,1,KG_ONLY_ADDED
228,190,0.0,,0.9829231386340438,,2,KG_ONLY_ADDED
229,127,0.0,0.8164965809277259,1.0000000000000004,,3,KG_ONLY_ADDED
229,216,0.0,0.8783100656536798,1.0000000000000004,,7,KG_ONLY_ADDED
229,344,0.0,,1.0000000000000004,,2,KG_ONLY_ADDED
230,213,0.0,0.5222329678670935,0.9999999999999948,,11,KG_ONLY_ADDED
230,415,0.0,0.6112159239257248,0.9999999999999948,,36,KG_ONLY_ADDED
230,678,0.0,0.7637626158259734,0.9999999999999948,,6,KG_ONLY_ADDED
231,654,0.0,0.6666666666666667,0.9999999999999977,,6,KG_ONLY_ADDED
231,239,0.0,0.502518907629606,0.9999999999999971,,16,KG_ONLY_ADDED
231,365,0.0,0.32539568672798425,0.9999999999999971,,17,KG_ONLY_ADDED
232,40,0.0,,0.9999999999999984,,0,KG_ONLY_ADDED
232,51,0.0,,0.9999999999999984,,0,KG_ONLY_ADDED
232,71,0.0,,0.9999999999999984,,0,KG_ONLY_ADDED
233,11,0.0,,1.0,,3,KG_ONLY_ADDED
233,12,0.0,-0.5930802526189113,1.0,,13,KG_ONLY_ADDED
233,15,0.0,-0.4999999999999999,1.0,,5,KG_ONLY_ADDED
234,698,0.0,0.7302967433402214,0.9999999999999954,,5,KG_ONLY_ADDED
234,267,0.0,0.9128709291752769,0.9999999999999953,,6,KG_ONLY_ADDED
234,633,0.0,0.9166666666666669,0.9859174574943805,,11,KG_ONLY_ADDED
235,150,0.0,0.5976143046671968,1.0000000000000002,,13,KG_ONLY_ADDED
235,268,0.0,0.9622504486493764,1.0000000000000002,,6,KG_ONLY_ADDED
235,352,0.0,,1.0000000000000002,,1,KG_ONLY_ADDED
236,11,0.0,,1.0,,2,KG_ONLY_ADDED
236,12,0.0,0.6537204504606134,1.0,,11,KG_ONLY_ADDED
236,15,0.0,0.7637626158259734,1.0,,9,KG_ONLY_ADDED
237,377,0.0,0.1889822365046136,0.9999999999999952,,5,KG_ONLY_ADDED
237,467,0.0,0.9091372900969896,0.9999999999999951,,8,KG_ONLY_ADDED
237,702,0.0,,0.9999999999999948,,1,KG_ONLY_ADDED
238,11,0.0,0.3333333333333333,1.0,,3,KG_ONLY_ADDED
238,12,0.0,0.363696483726654,1.0,,9,KG_ONLY_ADDED
238,15,0.0,0.35355339059327373,1.0,,8,KG_ONLY_ADDED
239,365,0.0,0.74535599249993,1.0,,10,KG_ONLY_ADDED
239,388,0.0,0.5962847939999439,1.0,,18,KG_ONLY_ADDED
239,492,0.0,0.9506541513652698,1.0,,11,KG_ONLY_ADDED
240,400,0.0,1.0,0.9999999999999981,,4,KG_ONLY_ADDED
240,439,0.0,,0.9999999999999977,,2,KG_ONLY_ADDED
240,41,0.0,,0.9999999999999976,,2,KG_ONLY_ADDED
241,309,0.0,0.8624575450871764,1.0,,32,KG_ONLY_ADDED
241,458,0.0,0.42496707510744064,0.9999999999999974,,74,KG_ONLY_ADDED
241,46,0.0,0.9622504486493764,0.9999999999999971,,6,KG_ONLY_ADDED
242,27,0.0,,0.9999999999999984,,2,KG_ONLY_ADDED
242,86,0.0,,0.9999999999999984,,2,KG_ONLY_ADDED
242,397,0.0,,0.9999999999999984,,0,KG_ONLY_ADDED
243,398,0.0,0.8660254037844387,0.9999999999999977,,4,KG_ONLY_ADDED
243,509,0.0,0.882522608121828,0.9999999999999973,,10,KG_ONLY_ADDED
243,515,0.0,0.7559289460184544,0.9999999999999967,,8,KG_ONLY_ADDED
244,316,0.0,0.5170876899950192,0.9999999999999959,,17,KG_ONLY_ADDED
244,444,0.0,0.766825781116149,0.9999999999999952,,20,KG_ONLY_ADDED
244,50,0.0,0.8366600265340756,0.999999999999995,,4,KG_ONLY_ADDED
245,85,0.0,0.75,1.0000000000000002,,7,KG_ONLY_ADDED
245,147,0.0,0.2519763153394848,1.0000000000000002,,6,KG_ONLY_ADDED
245,209,0.0,0.5773502691896258,1.0000000000000002,,3,KG_ONLY_ADDED
246,152,0.0,0.8574929257125441,1.0000000000000002,,5,KG_ONLY_ADDED
246,158,0.0,0.9594032236002469,1.0000000000000002,,7,KG_ONLY_ADDED
246,193,0.0,0.6864064729836442,1.0000000000000002,,8,KG_ONLY_ADDED
247,396,0.0,,1.0000000000000002,,0,KG_ONLY_ADDED
247,408,0.0,-0.2182178902359924,1.0000000000000002,,7,KG_ONLY_ADDED
247,527,0.0,,1.0000000000000002,,0,KG_ONLY_ADDED
248,590,0.0,0.9128709291752769,1.0000000000000002,,4,KG_ONLY_ADDED
248,422,0.0,0.9525793444156805,0.9999999999999982,,3,KG_ONLY_ADDED
248,44,0.0,0.5477225575051661,0.999999999999998,,3,KG_ONLY_ADDED
249,24,0.0,0.6928203230275508,0.9999999999999968,,18,KG_ONLY_ADDED
249,160,0.0,1.0000000000000002,0.9999999999999964,,6,KG_ONLY_ADDED
249,202,0.0,1.0,0.9999999999999963,,4,KG_ONLY_ADDED
250,174,0.0,0.7378647873726218,0.9999999999999984,,7,KG_ONLY_ADDED
250,26,0.0,0.903696114115064,0.9999999999999983,,7,KG_ONLY_ADDED
250,47,0.0,0.5752237416355278,0.9999999999999983,,23,KG_ONLY_ADDED
251,11,0.0,,1.0,,1,KG_ONLY_ADDED
251,12,0.0,0.9438798074485389,1.0,,5,KG_ONLY_ADDED
251,15,0.0,0.9737289911202953,1.0,,18,KG_ONLY_ADDED
252,709,0.0,0.7348469228349533,0.9926368718540599,,6,KG_ONLY_ADDED
252,93,0.0,0.6614378277661476,0.992636871064696,,7,KG_ONLY_ADDED
252,180,0.0,,0.992636871064696,,2,KG_ONLY_ADDED
253,11,0.0,,1.0,,1,KG_ONLY_ADDED
253,12,0.0,0.9820927516479827,1.0,,12,KG_ONLY_ADDED
253,15,0.0,0.9434563530497265,1.0,,7,KG_ONLY_ADDED
254,28,0.0,,0.9821175089343369,,1,KG_ONLY_ADDED
254,81,0.0,0.7559289460184544,0.9821175089343369,,7,KG_ONLY_ADDED
254,328,0.0,,0.9821175089343369,,1,KG_ONLY_ADDED
255,702,0.0,,0.9999999999999976,,2,KG_ONLY_ADDED
255,467,0.0,0.882522608121828,0.9999999999999972,,8,KG_ONLY_ADDED
255,326,0.0,0.7175473098524098,0.9999999999999967,,21,KG_ONLY_ADDED
256,472,0.0,0.5345224838248488,0.9999999999999973,,19,KG_ONLY_ADDED
256,75,0.0,0.9428090415820635,0.9999999999999972,,3,KG_ONLY_ADDED
256,468,0.0,0.847579379526013,0.9919144792255078,,24,KG_ONLY_ADDED
257,11,0.0,,1.0,,0,KG_ONLY_ADDED
257,12,0.0,0.9622504486493763,1.0,,6,KG_ONLY_ADDED
257,15,0.0,0.9434563530497265,1.0,,7,KG_ONLY_ADDED
258,477,0.0,0.76271276980969,0.989927293004045,,17,KG_ONLY_ADDED
258,113,0.0,0.7453559924999299,0.9803233574868003,,8,KG_ONLY_ADDED
258,345,0.0,1.0,0.9803233574868003,,4,KG_ONLY_ADDED
259,463,0.0,0.944911182523068,0.9999999999999951,,4,KG_ONLY_ADDED
259,360,0.0,0.808290376865476,0.9999999999999944,,6,KG_ONLY_ADDED
259,494,0.0,1.0000000000000002,0.9999999999999941,,3,KG_ONLY_ADDED
260,32,0.0,,0.9999999999999999,,1,KG_ONLY_ADDED
260,378,0.0,0.9438798074485389,0.9999999999999999,,5,KG_ONLY_ADDED
260,379,0.0,0.9274260335029677,0.9999999999999999,,16,KG_ONLY_ADDED
262,118,0.0,,1.0,,0,KG_ONLY_ADDED
262,103,0.0,0.6986956960477685,0.9999999999999981,,39,KG_ONLY_ADDED
262,560,0.0,0.16984155512168939,0.9999999999999974,,12,KG_ONLY_ADDED
263,555,0.0,,0.9999999999999999,,1,KG_ONLY_ADDED
263,566,0.0,1.0000000000000002,0.9999999999999999,,3,KG_ONLY_ADDED
263,102,0.0,,0.9999999999999989,,2,KG_ONLY_ADDED
264,129,0.0,0.7745966692414834,0.9999999999999999,,5,KG_ONLY_ADDED
264,279,0.0,0.7905694150420948,0.9999999999999999,,8,KG_ONLY_ADDED
264,306,0.0,0.9999999999999998,0.9999999999999999,,5,KG_ONLY_ADDED
265,26,0.0,0.8864052604279183,0.9999999999999999,,12,KG_ONLY_ADDED
265,47,0.0,0.49377071987869403,0.9999999999999999,,52,KG_ONLY_ADDED
265,79,0.0,0.4562105641233377,0.9999999999999999,,47,KG_ONLY_ADDED
266,173,0.0,0.8846783746414657,0.9999999999999918,,26,KG_ONLY_ADDED
266,39,0.0,0.8362420100070908,0.9979692298313395,,17,KG_ONLY_ADDED
266,638,0.0,0.9999999999999999,0.9979692298295042,,7,KG_ONLY_ADDED
267,698,0.0,0.9428090415820635,0.9999999999999962,,3,KG_ONLY_ADDED
267,234,0.0,0.9128709291752769,0.9999999999999953,,6,KG_ONLY_ADDED
267,633,0.0,,0.9859174570069695,,2,KG_ONLY_ADDED
268,150,0.0,,1.0000000000000002,,5,KG_ONLY_ADDED
268,235,0.0,0.9622504486493764,1.0000000000000002,,6,KG_ONLY_ADDED
268,352,0.0,,1.0000000000000002,,0,KG_ONLY_ADDED
269,31,0.0,0.7071067811865475,0.9999999999999998,,4,KG_ONLY_ADDED
269,140,0.0,0.8660254037844387,0.9999999999999998,,8,KG_ONLY_ADDED
269,354,0.0,0.9428090415820635,0.9999999999999998,,3,KG_ONLY_ADDED
270,11,0.0,0.5,1.0,,4,KG_ONLY_ADDED
270,12,0.0,0.8486684247915055,1.0,,14,KG_ONLY_ADDED
270,15,0.0,0.7324670207647144,1.0,,12,KG_ONLY_ADDED
271,49,0.0,0.7999999999999998,1.0000000000000002,,6,KG_ONLY_ADDED
271,198,0.0,0.7071067811865475,1.0000000000000002,,4,KG_ONLY_ADDED
271,293,0.0,0.2886751345948129,1.0000000000000002,,4,KG_ONLY_ADDED
274,18,0.0,0.9486832980505138,0.9999999999999997,,4,KG_ONLY_ADDED
274,629,0.0,0.4472135954999579,0.9999999999999997,,3,KG_ONLY_ADDED
274,651,0.0,,0.9999999999999997,,0,KG_ONLY_ADDED
276,392,0.0,0.944911182523068,0.9999999999999977,,7,KG_ONLY_ADDED
276,156,0.0,0.8465114486249203,0.9999999999999968,,23,KG_ONLY_ADDED
276,351,0.0,0.2581988897471611,0.9999999999999968,,6,KG_ONLY_ADDED
277,46,0.0,,0.9999999999999974,,0,KG_ONLY_ADDED
277,327,0.0,,0.9999999999999974,,0,KG_ONLY_ADDED
277,455,0.0,,0.9999999999999974,,0,KG_ONLY_ADDED
278,115,0.0,0.3751832396884335,1.0000000000000002,,30,KG_ONLY_ADDED
278,320,0.0,0.7071067811865475,1.0000000000000002,,4,KG_ONLY_ADDED
278,593,0.0,0.7745966692414833,1.0000000000000002,,15,KG_ONLY_ADDED
279,129,0.0,0.7071067811865475,0.9999999999999999,,5,KG_ONLY_ADDED
279,264,0.0,0.7905694150420948,0.9999999999999999,,8,KG_ONLY_ADDED
279,306,0.0,1.0,0.9999999999999999,,4,KG_ONLY_ADDED
280,155,0.0,-0.06622661785325219,0.9999999999999972,,7,KG_ONLY_ADDED
280,224,0.0,0.674199862463242,0.999999999999997,,8,KG_ONLY_ADDED
280,366,0.0,0.7826237921249264,0.9999999999999969,,7,KG_ONLY_ADDED
281,32,0.0,0.9999999999999998,0.9999999999999971,,5,KG_ONLY_ADDED
281,260,0.0,1.0000000000000002,0.9999999999999971,,3,KG_ONLY_ADDED
281,378,0.0,0.9561828874675149,0.9999999999999971,,7,KG_ONLY_ADDED
282,416,0.0,,0.9999999999999998,,1,KG_ONLY_ADDED
282,565,0.0,,0.9999999999999998,,1,KG_ONLY_ADDED
282,591,0.0,,0.9999999999999998,,0,KG_ONLY_ADDED
283,712,0.0,1.0,0.9999999999999979,,4,KG_ONLY_ADDED
283,611,0.0,0.9999999999999998,0.9999999999999969,,10,KG_ONLY_ADDED
283,589,0.0,0.9583727150068314,0.988441468218197,,8,KG_ONLY_ADDED
284,11,0.0,-0.894427190999916,1.0,,6,KG_ONLY_ADDED
284,12,0.0,0.7493633116627259,1.0,,23,KG_ONLY_ADDED
284,15,0.0,0.6880624620561868,1.0,,23,KG_ONLY_ADDED
285,292,0.0,1.0000000000000002,1.0000000000000002,,3,KG_ONLY_ADDED
285,343,0.0,,1.0000000000000002,,1,KG_ONLY_ADDED
285,358,0.0,,1.0000000000000002,,2,KG_ONLY_ADDED
286,33,0.0,0.7082882469748284,0.9979523024873448,,19,KG_ONLY_ADDED
286,218,0.0,0.944911182523068,0.9973425664244593,,7,KG_ONLY_ADDED
286,643,0.0,0.9629629629629629,0.9943259621253595,,12,KG_ONLY_ADDED
287,85,0.0,0.9438798074485388,1.0000000000000002,,10,KG_ONLY_ADDED
287,147,0.0,0.7492686492653552,1.0000000000000002,,19,KG_ONLY_ADDED
287,209,0.0,1.0000000000000002,1.0000000000000002,,3,KG_ONLY_ADDED
288,305,0.0,1.0,0.9999999999999947,,5,KG_ONLY_ADDED
288,144,0.0,,0.9999999999999936,,1,KG_ONLY_ADDED
288,326,0.0,,0.9999999999999926,,4,KG_ONLY_ADDED
289,137,0.0,0.23870495801314429,0.9999999999999925,,36,KG_ONLY_ADDED
289,276,0.0,0.7198903546511335,0.9999999999999925,,28,KG_ONLY_ADDED
289,429,0.0,0.4966812608316212,0.9999999999999922,,128,KG_ONLY_ADDED
290,36,0.0,0.7977240352174656,1.0000000000000002,,8,KG_ONLY_ADDED
290,84,0.0,,1.0000000000000002,,0,KG_ONLY_ADDED
290,92,0.0,,1.0000000000000002,,2,KG_ONLY_ADDED
291,11,0.0,0.15075567228888181,1.0,,8,KG_ONLY_ADDED
291,12,0.0,0.30338993810845893,1.0,,17,KG_ONLY_ADDED
291,15,0.0,0.8436614877321075,1.0,,14,KG_ONLY_ADDED
292,285,0.0,1.0000000000000002,1.0000000000000002,,3,KG_ONLY_ADDED
292,343,0.0,0.7071067811865476,1.0000000000000002,,6,KG_ONLY_ADDED
292,358,0.0,0.8017837257372731,1.0000000000000002,,9,KG_ONLY_ADDED
293,49,0.0,0.8164965809277259,1.0000000000000002,,3,KG_ONLY_ADDED
293,198,0.0,-0.6324555320336759,1.0000000000000002,,5,KG_ONLY_ADDED
293,271,0.0,0.2886751345948129,1.0000000000000002,,4,KG_ONLY_ADDED
294,364,0.0,1.0000000000000002,0.9999999999999956,,3,KG_ONLY_ADDED
294,442,0.0,,0.9999999999999956,,2,KG_ONLY_ADDED
294,114,0.0,0.28603877677367767,0.999999999999995,,12,KG_ONLY_ADDED
295,69,0.0,0.25337550864012875,0.9999999999999958,,45,KG_ONLY_ADDED
295,110,0.0,0.48418202613504197,0.9999999999999958,,13,KG_ONLY_ADDED
295,310,0.0,0.5962847939999439,0.9999999999999956,,9,KG_ONLY_ADDED
296,11,0.0,,1.0,,1,KG_ONLY_ADDED
296,12,0.0,0.5773502691896258,1.0,,3,KG_ONLY_ADDED
296,15,0.0,,1.0,,2,KG_ONLY_ADDED
297,26,0.0,0.9999999999999998,0.9999999999999999,,5,KG_ONLY_ADDED
297,47,0.0,0.8280786712108251,0.9999999999999999,,11,KG_ONLY_ADDED
297,79,0.0,0.8153742483272114,0.9999999999999999,,10,KG_ONLY_ADDED
299,40,0.0,0.8164965809277259,1.0000000000000004,,5,KG_ONLY_ADDED
299,51,0.0,0.7453559924999299,1.0000000000000004,,5,KG_ONLY_ADDED
299,71,0.0,-0.0944911182523068,0.9999999999999992,,8,KG_ONLY_ADDED
300,514,0.0,,0.9999999999999968,,0,KG_ONLY_ADDED
300,255,0.0,,0.9999999999999954,,1,KG_ONLY_ADDED
300,87,0.0,,0.9999999999999947,,2,KG_ONLY_ADDED
301,9,0.0,,1.0,,2,KG_ONLY_ADDED
301,11,0.0,,1.0,,0,KG_ONLY_ADDED
301,12,0.0,0.8017837257372732,1.0,,5,KG_ONLY_ADDED
302,11,0.0,,1.0,,0,KG_ONLY_ADDED
302,12,0.0,0.8164965809277259,1.0,,3,KG_ONLY_ADDED
302,15,0.0,,1.0,,2,KG_ONLY_ADDED
303,111,0.0,0.9428090415820635,0.9999999999999976,,3,KG_ONLY_ADDED
303,329,0.0,,0.9999999999999976,,2,KG_ONLY_ADDED
303,450,0.0,,0.9999999999999976,,1,KG_ONLY_ADDED
304,49,0.0,-0.2182178902359924,1.0000000000000002,,6,KG_ONLY_ADDED
304,198,0.0,-0.5499719409228703,1.0000000000000002,,6,KG_ONLY_ADDED
304,271,0.0,-0.2886751345948129,1.0000000000000002,,5,KG_ONLY_ADDED
305,467,0.0,0.9383431168171101,0.9999999999999957,,11,KG_ONLY_ADDED
305,377,0.0,-0.6933752452815365,0.999999999999995,,4,KG_ONLY_ADDED
305,288,0.0,1.0,0.9999999999999947,,5,KG_ONLY_ADDED
306,129,0.0,0.8164965809277259,0.9999999999999999,,5,KG_ONLY_ADDED
306,264,0.0,0.9999999999999998,0.9999999999999999,,5,KG_ONLY_ADDED
306,279,0.0,1.0,0.9999999999999999,,4,KG_ONLY_ADDED
307,127,0.0,0.0,0.9999999999999969,,3,KG_ONLY_ADDED
307,216,0.0,-0.3273268353539886,0.9999999999999969,,8,KG_ONLY_ADDED
307,229,0.0,0.0,0.9999999999999969,,4,KG_ONLY_ADDED
308,11,0.0,-0.5773502691896257,1.0,,3,KG_ONLY_ADDED
308,12,0.0,0.9561828874675149,1.0,,5,KG_ONLY_ADDED
308,15,0.0,1.0000000000000002,1.0,,3,KG_ONLY_ADDED
309,241,0.0,0.8624575450871764,1.0,,32,KG_ONLY_ADDED
309,458,0.0,0.6216965298164535,0.9999999999999974,,26,KG_ONLY_ADDED
309,46,0.0,1.0000000000000002,0.9999999999999971,,3,KG_ONLY_ADDED
310,468,0.0,0.4472135954999579,0.999999999999996,,5,KG_ONLY_ADDED
310,69,0.0,,0.9999999999999958,,4,KG_ONLY_ADDED
310,110,0.0,,0.9999999999999958,,2,KG_ONLY_ADDED
311,145,0.0,,0.9999999999999972,,1,KG_ONLY_ADDED
311,452,0.0,,0.9999999999999962,,0,KG_ONLY_ADDED
311,373,0.0,,0.9848572536919045,,0,KG_ONLY_ADDED
312,154,0.0,,0.9999999999999979,,2,KG_ONLY_ADDED
312,631,0.0,0.8660254037844387,0.9999999999999979,,3,KG_ONLY_ADDED
312,718,0.0,,0.9999999999999973,,1,KG_ONLY_ADDED
313,68,0.0,,0.9999999999999999,,0,KG_ONLY_ADDED
313,116,0.0,,0.9999999999999999,,0,KG_ONLY_ADDED
313,131,0.0,,0.9999999999999999,,2,KG_ONLY_ADDED
314,114,0.0,0.5477225575051661,0.999999999999996,,19,KG_ONLY_ADDED
314,494,0.0,0.5659164584181103,0.9999999999999958,,6,KG_ONLY_ADDED
314,360,0.0,0.7882407813680822,0.9999999999999957,,11,KG_ONLY_ADDED
315,509,0.0,0.9759000729485332,0.9999999999999962,,18,KG_ONLY_ADDED
315,398,0.0,1.0000000000000002,0.9999999999999961,,6,KG_ONLY_ADDED
315,515,0.0,0.9245003270420487,0.9999999999999949,,10,KG_ONLY_ADDED
316,440,0.0,0.7624437362098716,0.9999999999999962,,12,KG_ONLY_ADDED
316,244,0.0,0.5170876899950192,0.9999999999999959,,17,KG_ONLY_ADDED
316,502,0.0,0.22360679774997896,0.9999999999999954,,10,KG_ONLY_ADDED
317,213,0.0,,0.9999999999999964,,2,KG_ONLY_ADDED
317,415,0.0,,0.9999999999999964,,2,KG_ONLY_ADDED
317,678,0.0,,0.9999999999999964,,1,KG_ONLY_ADDED
318,26,0.0,0.8728715609439696,0.9999999999999999,,6,KG_ONLY_ADDED
318,47,0.0,0.7893522173763263,0.9999999999999999,,13,KG_ONLY_ADDED
318,79,0.0,0.858395075278952,0.9999999999999999,,15,KG_ONLY_ADDED
319,393,0.0,0.9128709291752769,0.999999999999996,,8,KG_ONLY_ADDED
319,23,0.0,0.9438798074485389,0.9999999999999959,,5,KG_ONLY_ADDED
319,74,0.0,,0.9999999999999956,,1,KG_ONLY_ADDED
320,115,0.0,0.5773502691896258,1.0000000000000002,,3,KG_ONLY_ADDED
320,278,0.0,0.7071067811865475,1.0000000000000002,,4,KG_ONLY_ADDED
320,593,0.0,,1.0000000000000002,,0,KG_ONLY_ADDED
321,694,0.0,0.9622504486493763,1.0000000000000007,,3,KG_ONLY_ADDED
321,135,0.0,,0.9999999999999969,,1,KG_ONLY_ADDED
321,637,0.0,0.9428090415820635,0.9999999999999969,,3,KG_ONLY_ADDED
322,142,0.0,0.8366600265340756,0.9999999999999936,,4,KG_ONLY_ADDED
322,477,0.0,0.9428090415820635,0.9883367228601238,,3,KG_ONLY_ADDED
322,126,0.0,0.8864052604279183,0.9854116983024415,,5,KG_ONLY_ADDED
323,35,0.0,0.9428090415820635,1.0000000000000002,,3,KG_ONLY_ADDED
323,42,0.0,,1.0000000000000002,,2,KG_ONLY_ADDED
323,673,0.0,0.9999999999999998,1.0000000000000002,,5,KG_ONLY_ADDED
324,76,0.0,0.8999999999999998,1.0,,7,KG_ONLY_ADDED
324,695,0.0,,0.9999999999999986,,2,KG_ONLY_ADDED
324,720,0.0,0.8749999999999998,0.9999999999999974,,5,KG_ONLY_ADDED
325,26,0.0,0.7844645405527361,0.9999999999999999,,16,KG_ONLY_ADDED
325,47,0.0,0.4490558013280633,0.9999999999999999,,107,KG_ONLY_ADDED
325,79,0.0,0.4331363979808477,0.9999999999999999,,117,KG_ONLY_ADDED
326,702,0.0,0.5773502691896258,0.9999999999999981,,3,KG_ONLY_ADDED
326,377,0.0,0.2545139051903111,0.9999999999999977,,10,KG_ONLY_ADDED
326,467,0.0,0.5715476066494082,0.9999999999999971,,13,KG_ONLY_ADDED
327,46,0.0,0.7745966692414834,1.0000000000000002,,5,KG_ONLY_ADDED
327,475,0.0,0.6592685147442634,1.0000000000000002,,28,KG_ONLY_ADDED
327,519,0.0,0.7258661863112978,0.999999999999998,,18,KG_ONLY_ADDED
328,28,0.0,0.3826918985879519,0.9999999999999993,,18,KG_ONLY_ADDED
328,81,0.0,0.5000000000000001,0.9999999999999993,,9,KG_ONLY_ADDED
328,656,0.0,,0.9999999999999993,,0,KG_ONLY_ADDED
329,111,0.0,0.8520128672302585,1.0000000000000004,,12,KG_ONLY_ADDED
329,450,0.0,0.9192547197409877,1.0000000000000004,,15,KG_ONLY_ADDED
329,493,0.0,-0.5773502691896258,1.0000000000000004,,3,KG_ONLY_ADDED
330,11,0.0,,1.0,,0,KG_ONLY_ADDED
330,12,0.0,0.9354143466934853,1.0,,5,KG_ONLY_ADDED
330,15,0.0,0.8838834764831843,1.0,,5,KG_ONLY_ADDED
331,711,0.0,,0.9999999999999925,,0,KG_ONLY_ADDED
331,141,0.0,,0.9876814237079984,,2,KG_ONLY_ADDED
331,117,0.0,1.0000000000000002,0.9795659601508659,,3,KG_ONLY_ADDED
332,11,0.0,,1.0,,0,KG_ONLY_ADDED
332,12,0.0,0.10482848367219183,1.0,,7,KG_ONLY_ADDED
332,15,0.0,0.19999999999999996,1.0,,5,KG_ONLY_ADDED
333,168,0.0,,0.9999999999999994,,1,KG_ONLY_ADDED
333,456,0.0,0.5270462766947299,0.9999999999999994,,6,KG_ONLY_ADDED
333,239,0.0,0.9467531164008041,0.9999999999999973,,12,KG_ONLY_ADDED
334,482,0.0,0.5455447255899809,0.9999999999999983,,112,KG_ONLY_ADDED
334,700,0.0,0.7844645405527361,0.9999999999999982,,33,KG_ONLY_ADDED
334,26,0.0,0.9230769230769232,0.999999999999998,,15,KG_ONLY_ADDED
335,536,0.0,0.6454972243679028,0.9999999999999987,,9,KG_ONLY_ADDED
335,339,0.0,0.9389710680668849,0.9999999999999952,,10,KG_ONLY_ADDED
335,82,0.0,0.8981462390204986,0.9923914761391373,,10,KG_ONLY_ADDED
336,89,0.0,,1.0000000000000002,,0,KG_ONLY_ADDED
336,508,0.0,,1.0000000000000002,,1,KG_ONLY_ADDED
336,538,0.0,,1.0000000000000002,,1,KG_ONLY_ADDED
337,11,0.0,0.4622501635210243,1.0,,5,KG_ONLY_ADDED
337,12,0.0,0.8478004216810043,1.0,,25,KG_ONLY_ADDED
337,15,0.0,0.7029594915666377,1.0,,29,KG_ONLY_ADDED
338,449,0.0,,1.0000000000000004,,0,KG_ONLY_ADDED
338,445,0.0,0.2357022603955158,0.9999999999999986,,4,KG_ONLY_ADDED
338,227,0.0,,0.999999999999998,,0,KG_ONLY_ADDED
339,335,0.0,0.9389710680668849,0.9999999999999952,,10,KG_ONLY_ADDED
339,536,0.0,0.8387421368293257,0.9999999999999951,,15,KG_ONLY_ADDED
339,82,0.0,0.7824607964359516,0.9923914768170994,,18,KG_ONLY_ADDED
340,102,0.0,,1.0000000000000007,,2,KG_ONLY_ADDED
340,153,0.0,,1.0000000000000007,,0,KG_ONLY_ADDED
340,199,0.0,,1.0000000000000007,,0,KG_ONLY_ADDED
341,26,0.0,0.9428090415820635,0.9999999999999999,,3,KG_ONLY_ADDED
341,47,0.0,0.8944271909999159,0.9999999999999999,,5,KG_ONLY_ADDED
341,79,0.0,0.9999999999999998,0.9999999999999999,,5,KG_ONLY_ADDED
342,11,0.0,-0.3442651863295481,1.0,,7,KG_ONLY_ADDED
342,12,0.0,0.931062998340234,1.0,,27,KG_ONLY_ADDED
342,15,0.0,0.6810815188364803,1.0,,28,KG_ONLY_ADDED
343,285,0.0,,1.0000000000000002,,1,KG_ONLY_ADDED
343,292,0.0,0.7071067811865476,1.0000000000000002,,6,KG_ONLY_ADDED
343,358,0.0,,1.0000000000000002,,1,KG_ONLY_ADDED
344,127,0.0,,1.0000000000000004,,0,KG_ONLY_ADDED
344,216,0.0,,1.0000000000000004,,0,KG_ONLY_ADDED
344,229,0.0,,1.0000000000000004,,2,KG_ONLY_ADDED
345,113,0.0,,1.0,,2,KG_ONLY_ADDED
345,389,0.0,,1.0,,2,KG_ONLY_ADDED
345,18,0.0,,0.9875156441452223,,1,KG_ONLY_ADDED
346,45,0.0,-0.07715167498104596,0.9999999999999991,,17,KG_ONLY_ADDED
346,26,0.0,1.0000000000000002,0.9999999999999989,,6,KG_ONLY_ADDED
346,47,0.0,0.5263613559678152,0.9999999999999989,,21,KG_ONLY_ADDED
347,16,0.0,0.8333333333333335,1.0,,3,KG_ONLY_ADDED
347,531,0.0,0.9058216273156767,1.0,,14,KG_ONLY_ADDED
347,502,0.0,0.6666666666666666,0.9999999999999983,,3,KG_ONLY_ADDED
348,213,0.0,,0.9999999999999978,,0,KG_ONLY_ADDED
348,415,0.0,,0.9999999999999978,,2,KG_ONLY_ADDED
348,678,0.0,,0.9999999999999978,,0,KG_ONLY_ADDED
349,205,0.0,,1.0000000000000004,,1,KG_ONLY_ADDED
349,406,0.0,0.7999999999999998,0.999999999999997,,7,KG_ONLY_ADDED
349,14,0.0,0.8249579113843053,0.9999999999999966,,6,KG_ONLY_ADDED
350,67,0.0,0.6471502289294341,1.0000000000000002,,18,KG_ONLY_ADDED
350,104,0.0,0.6133956150821481,1.0000000000000002,,24,KG_ONLY_ADDED
350,121,0.0,0.7171371656006361,1.0000000000000002,,8,KG_ONLY_ADDED
351,156,0.0,,1.0,,8,KG_ONLY_ADDED
351,707,0.0,0.4601789933084222,1.0,,10,KG_ONLY_ADDED
351,392,0.0,,0.9999999999999986,,2,KG_ONLY_ADDED
352,150,0.0,,1.0000000000000002,,1,KG_ONLY_ADDED
352,235,0.0,,1.0000000000000002,,1,KG_ONLY_ADDED
352,268,0.0,,1.0000000000000002,,0,KG_ONLY_ADDED
353,11,0.0,-0.4743416490252569,1.0,,5,KG_ONLY_ADDED
353,12,0.0,0.8399210511316161,1.0,,12,KG_ONLY_ADDED
353,15,0.0,0.8981462390204985,1.0,,10,KG_ONLY_ADDED
354,31,0.0,0.8017837257372731,0.9999999999999998,,4,KG_ONLY_ADDED
354,140,0.0,0.8333333333333334,0.9999999999999998,,6,KG_ONLY_ADDED
354,269,0.0,0.9428090415820635,0.9999999999999998,,3,KG_ONLY_ADDED
355,387,0.0,,1.0000000000000002,,0,KG_ONLY_ADDED
355,517,0.0,0.9206016138256,1.0000000000000002,,10,KG_ONLY_ADDED
355,540,0.0,0.6324555320336759,1.0000000000000002,,4,KG_ONLY_ADDED
356,74,0.0,,0.992608500694024,,0,KG_ONLY_ADDED
356,172,0.0,0.944911182523068,0.992608500694024,,5,KG_ONLY_ADDED
356,393,0.0,0.8164965809277259,0.992608500436528,,5,KG_ONLY_ADDED
357,185,0.0,,0.9999999999999978,,1,KG_ONLY_ADDED
357,183,0.0,0.7559289460184544,0.9999999999999968,,5,KG_ONLY_ADDED
357,428,0.0,0.8944271909999159,0.9999999999999968,,5,KG_ONLY_ADDED
358,285,0.0,,1.0000000000000002,,2,KG_ONLY_ADDED
358,292,0.0,0.8017837257372731,1.0000000000000002,,9,KG_ONLY_ADDED
358,343,0.0,,1.0000000000000002,,1,KG_ONLY_ADDED
359,67,0.0,0.8405946773073478,1.0000000000000002,,40,KG_ONLY_ADDED
359,104,0.0,0.6563924617405256,1.0000000000000002,,84,KG_ONLY_ADDED
359,121,0.0,0.7395739969534468,1.0000000000000002,,15,KG_ONLY_ADDED
360,314,0.0,0.7882407813680822,0.9999999999999957,,11,KG_ONLY_ADDED
360,114,0.0,0.9429903335828895,0.9999999999999952,,13,KG_ONLY_ADDED
360,463,0.0,0.944911182523068,0.9999999999999952,,4,KG_ONLY_ADDED
361,132,0.0,0.944911182523068,0.9999999999999948,,4,KG_ONLY_ADDED
361,520,0.0,0.8125,0.9999999999999937,,15,KG_ONLY_ADDED
361,40,0.0,0.82915619758885,0.999999999999993,,10,KG_ONLY_ADDED
362,247,0.0,0.9428090415820635,0.9999999999999957,,6,KG_ONLY_ADDED
362,396,0.0,1.0000000000000002,0.9999999999999957,,6,KG_ONLY_ADDED
362,408,0.0,0.08671099695241198,0.9999999999999957,,19,KG_ONLY_ADDED
363,36,0.0,0.5393598899705937,1.0000000000000002,,12,KG_ONLY_ADDED
363,84,0.0,,1.0000000000000002,,1,KG_ONLY_ADDED
363,92,0.0,,1.0000000000000002,,1,KG_ONLY_ADDED
364,442,0.0,,1.0000000000000002,,1,KG_ONLY_ADDED
364,461,0.0,,0.9999999999999966,,0,KG_ONLY_ADDED
364,494,0.0,,0.9999999999999966,,0,KG_ONLY_ADDED
365,239,0.0,0.74535599249993,1.0,,10,KG_ONLY_ADDED
365,388,0.0,0.6324555320336759,1.0,,11,KG_ONLY_ADDED
365,492,0.0,0.3779644730092272,1.0,,8,KG_ONLY_ADDED
366,710,0.0,,0.9999999999999989,,1,KG_ONLY_ADDED
366,280,0.0,0.7826237921249264,0.9999999999999969,,7,KG_ONLY_ADDED
366,155,0.0,-0.5785419118799024,0.9999999999999964,,10,KG_ONLY_ADDED
367,579,0.0,0.14433756729740646,0.9999999999999978,,9,KG_ONLY_ADDED
367,247,0.0,0.0,0.9999999999999954,,7,KG_ONLY_ADDED
367,396,0.0,-0.20412414523193148,0.9999999999999954,,8,KG_ONLY_ADDED
369,510,0.0,,0.9895576080670925,,0,KG_ONLY_ADDED
369,426,0.0,,0.9862283752800611,,0,KG_ONLY_ADDED
369,370,0.0,,0.9862283742335172,,0,KG_ONLY_ADDED
370,577,0.0,0.9486832980505138,0.9999999999999963,,5,KG_ONLY_ADDED
370,563,0.0,1.0,0.9999999999999961,,6,KG_ONLY_ADDED
370,426,0.0,0.6416889479197478,0.9999999999999956,,8,KG_ONLY_ADDED
371,127,0.0,,1.0000000000000004,,1,KG_ONLY_ADDED
371,216,0.0,0.6324555320336759,1.0000000000000004,,5,KG_ONLY_ADDED
371,229,0.0,0.9428090415820635,1.0000000000000004,,3,KG_ONLY_ADDED
372,181,0.0,0.5991712703227052,1.0,,14,KG_ONLY_ADDED
372,33,0.0,0.8621054497285194,0.9949151584916016,,30,KG_ONLY_ADDED
372,548,0.0,0.8479461097510954,0.9936549654187727,,29,KG_ONLY_ADDED
373,355,0.0,0.9438798074485389,0.9999999999999997,,5,KG_ONLY_ADDED
373,387,0.0,,0.9999999999999997,,0,KG_ONLY_ADDED
373,517,0.0,,0.9999999999999997,,2,KG_ONLY_ADDED
374,11,0.0,,1.0,,0,KG_ONLY_ADDED
374,12,0.0,0.9622504486493764,1.0,,6,KG_ONLY_ADDED
374,15,0.0,0.9561828874675149,1.0,,7,KG_ONLY_ADDED
375,36,0.0,0.7647191129018724,0.9999999999999987,,19,KG_ONLY_ADDED
375,84,0.0,,0.9999999999999987,,2,KG_ONLY_ADDED
375,92,0.0,-0.4950737714883372,0.9999999999999987,,7,KG_ONLY_ADDED
376,82,0.0,0.8981462390204985,0.9999999999999959,,7,KG_ONLY_ADDED
376,166,0.0,0.9116846116771036,0.9999999999999934,,8,KG_ONLY_ADDED
376,536,0.0,0.25819888974716115,0.9923914765113548,,6,KG_ONLY_ADDED
377,326,0.0,0.2545139051903111,0.9999999999999977,,10,KG_ONLY_ADDED
377,702,0.0,0.9428090415820635,0.9999999999999972,,3,KG_ONLY_ADDED
377,144,0.0,-0.2834733547569204,0.9999999999999968,,5,KG_ONLY_ADDED
378,32,0.0,1.0,0.9999999999999999,,4,KG_ONLY_ADDED
378,260,0.0,0.9438798074485389,0.9999999999999999,,5,KG_ONLY_ADDED
378,379,0.0,0.8268688657895648,0.9999999999999999,,13,KG_ONLY_ADDED
379,32,0.0,0.9622504486493764,0.9999999999999999,,6,KG_ONLY_ADDED
379,260,0.0,0.9274260335029677,0.9999999999999999,,16,KG_ONLY_ADDED
379,378,0.0,0.8268688657895648,0.9999999999999999,,13,KG_ONLY_ADDED
380,507,0.0,0.9428090415820635,0.9834034004901252,,3,KG_ONLY_ADDED
380,113,0.0,1.0000000000000002,0.9802765331675247,,6,KG_ONLY_ADDED
380,345,0.0,,0.9802765331675247,,2,KG_ONLY_ADDED
381,285,0.0,-0.7745966692414834,1.0000000000000002,,5,KG_ONLY_ADDED
381,292,0.0,0.07453559924999299,1.0000000000000002,,27,KG_ONLY_ADDED
381,343,0.0,0.5477225575051661,1.0000000000000002,,7,KG_ONLY_ADDED
382,285,0.0,-0.5,1.0000000000000002,,4,KG_ONLY_ADDED
382,292,0.0,0.08058229640253803,1.0000000000000002,,23,KG_ONLY_ADDED
382,343,0.0,0.6963106238227914,1.0000000000000002,,10,KG_ONLY_ADDED
383,285,0.0,,1.0000000000000002,,1,KG_ONLY_ADDED
383,292,0.0,0.8451542547285165,1.0000000000000002,,7,KG_ONLY_ADDED
383,343,0.0,0.9428090415820635,1.0000000000000002,,3,KG_ONLY_ADDED
384,11,0.0,0.5773502691896258,1.0,,3,KG_ONLY_ADDED
384,12,0.0,0.9061030445113443,1.0,,7,KG_ONLY_ADDED
384,15,0.0,0.3627381250550058,1.0,,7,KG_ONLY_ADDED
385,661,0.0,0.5773502691896258,0.9921271157522257,,3,KG_ONLY_ADDED
385,89,0.0,,0.9880179322924079,,2,KG_ONLY_ADDED
385,336,0.0,,0.9880179322924079,,0,KG_ONLY_ADDED
386,418,0.0,0.8804087784801333,0.9999999999999972,,14,KG_ONLY_ADDED
386,557,0.0,0.447213595499958,0.999999999999996,,19,KG_ONLY_ADDED
386,31,0.0,0.46188021535170054,0.9999999999999952,,18,KG_ONLY_ADDED
387,355,0.0,,1.0000000000000002,,0,KG_ONLY_ADDED
387,517,0.0,,1.0000000000000002,,0,KG_ONLY_ADDED
387,540,0.0,,1.0000000000000002,,0,KG_ONLY_ADDED
388,239,0.0,0.5962847939999439,1.0,,18,KG_ONLY_ADDED
388,365,0.0,0.6324555320336759,1.0,,11,KG_ONLY_ADDED
388,492,0.0,0.3450327796711771,1.0,,18,KG_ONLY_ADDED
389,113,0.0,,1.0,,2,KG_ONLY_ADDED
389,345,0.0,,1.0,,2,KG_ONLY_ADDED
389,18,0.0,,0.9875156441452223,,1,KG_ONLY_ADDED
390,32,0.0,0.5773502691896258,0.9999999999999999,,3,KG_ONLY_ADDED
390,260,0.0,0.13363062095621217,0.9999999999999999,,8,KG_ONLY_ADDED
390,378,0.0,0.2357022603955158,0.9999999999999999,,6,KG_ONLY_ADDED
391,654,0.0,,0.9999999999999961,,1,KG_ONLY_ADDED
391,231,0.0,0.9434563530497265,0.9999999999999946,,7,KG_ONLY_ADDED
391,239,0.0,1.0000000000000002,0.9999999999999944,,6,KG_ONLY_ADDED
392,156,0.0,0.9237604307034011,0.9999999999999986,,6,KG_ONLY_ADDED
392,160,0.0,0.8451542547285165,0.9999999999999986,,7,KG_ONLY_ADDED
392,351,0.0,,0.9999999999999986,,2,KG_ONLY_ADDED
393,23,0.0,0.545544725589981,0.9999999999999961,,13,KG_ONLY_ADDED
393,74,0.0,,0.999999999999996,,2,KG_ONLY_ADDED
393,172,0.0,0.36155076303109357,0.999999999999996,,30,KG_ONLY_ADDED
394,36,0.0,1.0000000000000002,1.0000000000000002,,6,KG_ONLY_ADDED
394,84,0.0,,1.0000000000000002,,0,KG_ONLY_ADDED
394,92,0.0,,1.0000000000000002,,1,KG_ONLY_ADDED
395,41,0.0,,0.9999999999999999,,2,KG_ONLY_ADDED
395,159,0.0,0.7071067811865475,0.9999999999999999,,3,KG_ONLY_ADDED
395,192,0.0,1.0,0.9999999999999999,,5,KG_ONLY_ADDED
396,247,0.0,,1.0000000000000002,,0,KG_ONLY_ADDED
396,408,0.0,-0.6324555320336759,1.0000000000000002,,5,KG_ONLY_ADDED
396,527,0.0,,1.0000000000000002,,1,KG_ONLY_ADDED
397,27,0.0,,1.0000000000000002,,0,KG_ONLY_ADDED
397,86,0.0,,1.0000000000000002,,0,KG_ONLY_ADDED
397,242,0.0,,0.9999999999999984,,0,KG_ONLY_ADDED
398,509,0.0,1.0000000000000002,0.9999999999999988,,6,KG_ONLY_ADDED
398,515,0.0,1.0000000000000002,0.9999999999999978,,3,KG_ONLY_ADDED
398,243,0.0,0.8660254037844387,0.9999999999999977,,4,KG_ONLY_ADDED
399,11,0.0,,1.0,,1,KG_ONLY_ADDED
399,12,0.0,0.8944271909999159,1.0,,4,KG_ONLY_ADDED
399,15,0.0,0.7071067811865475,1.0,,7,KG_ONLY_ADDED
400,240,0.0,1.0,0.9999999999999981,,4,KG_ONLY_ADDED
400,41,0.0,0.9192547197409877,0.9999999999999973,,11,KG_ONLY_ADDED
400,159,0.0,0.9486832980505138,0.9999999999999973,,6,KG_ONLY_ADDED
401,68,0.0,0.6475761258027334,0.9999999999999999,,25,KG_ONLY_ADDED
401,116,0.0,0.8164965809277259,0.9999999999999999,,5,KG_ONLY_ADDED
401,131,0.0,0.7727272727272727,0.9999999999999999,,14,KG_ONLY_ADDED
402,67,0.0,0.893582993368683,1.0000000000000002,,29,KG_ONLY_ADDED
402,104,0.0,0.7456011350793257,1.0000000000000002,,23,KG_ONLY_ADDED
402,121,0.0,0.9116846116771036,1.0000000000000002,,12,KG_ONLY_ADDED
403,11,0.0,,1.0,,0,KG_ONLY_ADDED
403,12,0.0,0.8366600265340756,1.0,,4,KG_ONLY_ADDED
403,15,0.0,,1.0,,1,KG_ONLY_ADDED
404,599,0.0,,0.9999999999999944,,0,KG_ONLY_ADDED
404,679,0.0,,0.9999999999999944,,0,KG_ONLY_ADDED
404,182,0.0,0.5714285714285714,0.9999999999999932,,4,KG_ONLY_ADDED
405,11,0.0,,1.0,,2,KG_ONLY_ADDED
405,12,0.0,0.9723055853282466,1.0,,5,KG_ONLY_ADDED
405,15,0.0,1.0,1.0,,4,KG_ONLY_ADDED
406,205,0.0,0.18333969940564224,0.999999999999997,,13,KG_ONLY_ADDED
406,349,0.0,0.7999999999999998,0.999999999999997,,7,KG_ONLY_ADDED
406,14,0.0,0.5474375080153916,0.9999999999999957,,55,KG_ONLY_ADDED
407,53,0.0,0.8783100656536798,0.9999999999999951,,9,KG_ONLY_ADDED
407,241,0.0,0.8563704153275828,0.999999999999995,,44,KG_ONLY_ADDED
407,309,0.0,0.9121485985920118,0.999999999999995,,29,KG_ONLY_ADDED
408,247,0.0,-0.2182178902359924,1.0000000000000002,,7,KG_ONLY_ADDED
408,396,0.0,-0.6324555320336759,1.0000000000000002,,5,KG_ONLY_ADDED
408,527,0.0,,1.0000000000000002,,0,KG_ONLY_ADDED
409,356,0.0,,0.9899158053642447,,1,KG_ONLY_ADDED
409,97,0.0,,0.9841967200775616,,1,KG_ONLY_ADDED
409,74,0.0,,0.9793208945812341,,0,KG_ONLY_ADDED
410,285,0.0,0.0,1.0000000000000002,,3,KG_ONLY_ADDED
410,292,0.0,0.6708203932499369,1.0000000000000002,,23,KG_ONLY_ADDED
410,343,0.0,0.8674723979493605,1.0000000000000002,,11,KG_ONLY_ADDED
411,49,0.0,0.7442084075352507,1.0000000000000002,,7,KG_ONLY_ADDED
411,198,0.0,0.31622776601683794,1.0000000000000002,,3,KG_ONLY_ADDED
411,271,0.0,0.8333333333333334,1.0000000000000002,,6,KG_ONLY_ADDED
412,148,0.0,,1.0,,1,KG_ONLY_ADDED
412,215,0.0,,1.0,,0,KG_ONLY_ADDED
412,220,0.0,,1.0,,0,KG_ONLY_ADDED
413,102,0.0,-0.33541019662496846,0.9999999999999979,,7,KG_ONLY_ADDED
413,153,0.0,0.0,0.9999999999999979,,7,KG_ONLY_ADDED
413,199,0.0,,0.9999999999999979,,2,KG_ONLY_ADDED
414,67,0.0,0.7071067811865475,1.0000000000000002,,5,KG_ONLY_ADDED
414,104,0.0,0.15811388300841897,1.0000000000000002,,7,KG_ONLY_ADDED
414,121,0.0,0.821583836257749,1.0000000000000002,,6,KG_ONLY_ADDED
415,213,0.0,0.9574271077563381,0.9999999999999993,,12,KG_ONLY_ADDED
415,678,0.0,0.7807200583588266,0.9999999999999993,,9,KG_ONLY_ADDED
415,348,0.0,,0.9999999999999978,,2,KG_ONLY_ADDED
416,282,0.0,,0.9999999999999998,,1,KG_ONLY_ADDED
416,565,0.0,0.8164965809277261,0.9999999999999998,,12,KG_ONLY_ADDED
416,591,0.0,,0.9999999999999998,,0,KG_ONLY_ADDED
417,568,0.0,0.0,0.9999999999999972,,4,KG_ONLY_ADDED
417,601,0.0,,0.9999999999999972,,2,KG_ONLY_ADDED
417,636,0.0,0.19999999999999996,0.9999999999999972,,5,KG_ONLY_ADDED
418,386,0.0,0.8804087784801333,0.9999999999999972,,14,KG_ONLY_ADDED
418,557,0.0,0.5773502691896258,0.9999999999999948,,3,KG_ONLY_ADDED
418,55,0.0,,0.9999999999999946,,2,KG_ONLY_ADDED
419,28,0.0,0.657951694959769,0.9876345366156053,,12,KG_ONLY_ADDED
419,81,0.0,0.7559289460184544,0.9876345366156053,,4,KG_ONLY_ADDED
419,328,0.0,0.8320502943378437,0.9876345366156053,,10,KG_ONLY_ADDED
420,11,0.0,0.40824829046386296,1.0,,4,KG_ONLY_ADDED
420,12,0.0,-0.46206885338911463,1.0,,12,KG_ONLY_ADDED
420,15,0.0,0.8908708063747479,1.0,,5,KG_ONLY_ADDED
421,605,0.0,0.5773502691896258,0.9999999999999969,,3,KG_ONLY_ADDED
421,338,0.0,,0.9999999999999967,,2,KG_ONLY_ADDED
421,449,0.0,,0.9999999999999967,,1,KG_ONLY_ADDED
422,44,0.0,0.4082482904638631,0.9999999999999984,,3,KG_ONLY_ADDED
422,248,0.0,0.9525793444156805,0.9999999999999982,,3,KG_ONLY_ADDED
422,590,0.0,,0.9999999999999982,,2,KG_ONLY_ADDED
423,181,0.0,0.19245008972987526,0.9873122001755661,,3,KG_ONLY_ADDED
423,372,0.0,-0.13608276348795434,0.9873122001755661,,3,KG_ONLY_ADDED
423,548,0.0,0.16666666666666669,0.98673536335293,,3,KG_ONLY_ADDED
424,457,0.0,0.8980265101338746,1.0,,31,KG_ONLY_ADDED
424,167,0.0,0.944911182523068,0.9999999999999978,,7,KG_ONLY_ADDED
424,479,0.0,0.9999999999999998,0.9999999999999972,,5,KG_ONLY_ADDED
425,148,0.0,,1.0,,0,KG_ONLY_ADDED
425,215,0.0,,1.0,,0,KG_ONLY_ADDED
425,220,0.0,,1.0,,0,KG_ONLY_ADDED
426,441,0.0,0.5809475019311126,0.9999999999999971,,18,KG_ONLY_ADDED
426,546,0.0,0.8249579113843053,0.9999999999999971,,8,KG_ONLY_ADDED
426,563,0.0,0.6123724356957945,0.999999999999997,,6,KG_ONLY_ADDED
427,26,0.0,0.9238697708743119,0.9999999999999999,,10,KG_ONLY_ADDED
427,47,0.0,0.6164414002968975,0.9999999999999999,,20,KG_ONLY_ADDED
427,79,0.0,0.5488604301969737,0.9999999999999999,,30,KG_ONLY_ADDED
428,183,0.0,1.0,0.9999999999999999,,4,KG_ONLY_ADDED
428,35,0.0,1.0000000000000002,0.9999999999999982,,3,KG_ONLY_ADDED
428,42,0.0,0.9999999999999998,0.9999999999999982,,5,KG_ONLY_ADDED
429,112,0.0,0.07490058862731383,0.9999999999999988,,32,KG_ONLY_ADDED
429,160,0.0,0.9534625892455924,0.9999999999999984,,11,KG_ONLY_ADDED
429,174,0.0,0.8981462390204985,0.9999999999999979,,12,KG_ONLY_ADDED
430,87,0.0,1.0,0.9999999999999959,,4,KG_ONLY_ADDED
430,467,0.0,0.9354143466934852,0.9999999999999958,,8,KG_ONLY_ADDED
430,144,0.0,,0.9999999999999949,,2,KG_ONLY_ADDED
431,303,0.0,0.8944271909999159,0.9999999999999966,,6,KG_ONLY_ADDED
431,225,0.0,0.9428090415820635,0.9999999999999954,,3,KG_ONLY_ADDED
431,504,0.0,0.9544271444636666,0.9999999999999954,,7,KG_ONLY_ADDED
432,102,0.0,-0.41602514716892186,1.0000000000000007,,7,KG_ONLY_ADDED
432,153,0.0,-0.1889822365046136,1.0000000000000007,,6,KG_ONLY_ADDED
432,199,0.0,,1.0000000000000007,,1,KG_ONLY_ADDED
433,243,0.0,0.7302967433402214,0.9942853791121591,,18,KG_ONLY_ADDED
433,515,0.0,0.9486832980505138,0.9942853790256513,,11,KG_ONLY_ADDED
433,398,0.0,1.0,0.9942853789245688,,4,KG_ONLY_ADDED
434,583,0.0,,1.0000000000000002,,0,KG_ONLY_ADDED
434,67,0.0,,0.9924324535227974,,1,KG_ONLY_ADDED
434,104,0.0,,0.9924324535227974,,1,KG_ONLY_ADDED
435,587,0.0,0.9428090415820635,0.9999999999999978,,3,KG_ONLY_ADDED
435,375,0.0,0.9574271077563381,0.988433095643902,,9,KG_ONLY_ADDED
435,224,0.0,0.8703882797784892,0.9884330956053207,,8,KG_ONLY_ADDED
436,22,0.0,,1.0000000000000002,,0,KG_ONLY_ADDED
436,105,0.0,,0.9999999999999986,,1,KG_ONLY_ADDED
436,184,0.0,,0.9999999999999973,,0,KG_ONLY_ADDED
437,548,0.0,0.944911182523068,0.9972813902475987,,13,KG_ONLY_ADDED
437,512,0.0,,0.9963693607864917,,1,KG_ONLY_ADDED
437,562,0.0,0.8329931278350429,0.9956894837285625,,16,KG_ONLY_ADDED
438,458,0.0,0.21380899352993948,0.9999999999999972,,11,KG_ONLY_ADDED
438,277,0.0,,0.9999999999999971,,1,KG_ONLY_ADDED
438,519,0.0,0.7647058823529411,0.9999999999999964,,9,KG_ONLY_ADDED
439,501,0.0,1.0000000000000002,0.999999999999999,,3,KG_ONLY_ADDED
439,41,0.0,,0.9999999999999987,,2,KG_ONLY_ADDED
439,159,0.0,,0.9999999999999987,,1,KG_ONLY_ADDED
440,16,0.0,0.0,0.9999999999999976,,3,KG_ONLY_ADDED
440,347,0.0,0.0,0.9999999999999976,,8,KG_ONLY_ADDED
440,531,0.0,0.36927447293799825,0.9999999999999976,,8,KG_ONLY_ADDED
441,546,0.0,0.9258200997725514,1.0000000000000002,,7,KG_ONLY_ADDED
441,577,0.0,0.9999999999999998,0.9999999999999978,,5,KG_ONLY_ADDED
441,563,0.0,0.8249579113843053,0.9999999999999976,,8,KG_ONLY_ADDED
442,364,0.0,,1.0000000000000002,,1,KG_ONLY_ADDED
442,461,0.0,,0.9999999999999966,,1,KG_ONLY_ADDED
442,494,0.0,,0.9999999999999966,,1,KG_ONLY_ADDED
443,149,0.0,0.046423834544262965,0.9848554945002033,,20,KG_ONLY_ADDED
443,559,0.0,1.0000000000000002,0.9848554937295954,,3,KG_ONLY_ADDED
443,141,0.0,0.8874119674649422,0.9821544796545251,,14,KG_ONLY_ADDED
444,513,0.0,0.5539117094069973,0.999999999999998,,28,KG_ONLY_ADDED
444,50,0.0,0.7826237921249264,0.9999999999999967,,5,KG_ONLY_ADDED
444,57,0.0,0.7130240959073808,0.9999999999999962,,14,KG_ONLY_ADDED
445,338,0.0,0.2357022603955158,0.9999999999999986,,4,KG_ONLY_ADDED
445,449,0.0,,0.9999999999999986,,1,KG_ONLY_ADDED
445,107,0.0,0.9381941874331419,0.9999999999999977,,7,KG_ONLY_ADDED
446,241,0.0,0.9013878188659974,0.9999999999999966,,9,KG_ONLY_ADDED
446,309,0.0,0.9438798074485389,0.9999999999999966,,5,KG_ONLY_ADDED
446,46,0.0,,0.9999999999999956,,2,KG_ONLY_ADDED
447,586,0.0,0.9486832980505138,0.9897525182632594,,5,KG_ONLY_ADDED
447,185,0.0,0.944911182523068,0.9897525157066237,,4,KG_ONLY_ADDED
447,357,0.0,0.7071067811865476,0.9897525155078382,,4,KG_ONLY_ADDED
448,152,0.0,,1.0000000000000002,,2,KG_ONLY_ADDED
448,158,0.0,0.8333333333333335,1.0000000000000002,,3,KG_ONLY_ADDED
448,193,0.0,0.7745966692414834,1.0000000000000002,,9,KG_ONLY_ADDED
449,338,0.0,,1.0000000000000004,,0,KG_ONLY_ADDED
449,445,0.0,,0.9999999999999986,,1,KG_ONLY_ADDED
449,227,0.0,,0.999999999999998,,1,KG_ONLY_ADDED
450,111,0.0,0.8807048459279794,1.0000000000000004,,7,KG_ONLY_ADDED
450,329,0.0,0.9192547197409877,1.0000000000000004,,15,KG_ONLY_ADDED
450,493,0.0,,1.0000000000000004,,1,KG_ONLY_ADDED
451,285,0.0,1.0000000000000002,1.0000000000000002,,3,KG_ONLY_ADDED
451,292,0.0,0.674199862463242,1.0000000000000002,,8,KG_ONLY_ADDED
451,343,0.0,0.944911182523068,1.0000000000000002,,4,KG_ONLY_ADDED
452,145,0.0,0.8618575020903775,0.9999999999999963,,12,KG_ONLY_ADDED
452,311,0.0,,0.9999999999999962,,0,KG_ONLY_ADDED
452,373,0.0,0.9128709291752769,0.9848572519394835,,4,KG_ONLY_ADDED
453,11,0.0,0.5773502691896258,1.0,,3,KG_ONLY_ADDED
453,12,0.0,0.7592566023652966,1.0,,8,KG_ONLY_ADDED
453,15,0.0,0.8359173188630293,1.0,,14,KG_ONLY_ADDED
454,26,0.0,0.9583727150068314,0.9999999999999999,,8,KG_ONLY_ADDED
454,47,0.0,0.6788828577642427,0.9999999999999999,,26,KG_ONLY_ADDED
454,79,0.0,0.6735753140545634,0.9999999999999999,,35,KG_ONLY_ADDED
455,277,0.0,,0.9999999999999974,,0,KG_ONLY_ADDED
455,46,0.0,0.8164965809277259,0.9999999999999961,,3,KG_ONLY_ADDED
455,327,0.0,0.40824829046386296,0.9999999999999961,,4,KG_ONLY_ADDED
456,168,0.0,,1.0000000000000002,,2,KG_ONLY_ADDED
456,333,0.0,0.5270462766947299,0.9999999999999994,,6,KG_ONLY_ADDED
456,239,0.0,0.944911182523068,0.9999999999999974,,4,KG_ONLY_ADDED
457,424,0.0,0.8980265101338746,1.0,,31,KG_ONLY_ADDED
457,167,0.0,0.9074852129730302,0.9999999999999978,,8,KG_ONLY_ADDED
457,479,0.0,0.9258200997725515,0.9999999999999972,,9,KG_ONLY_ADDED
458,241,0.0,0.42496707510744064,0.9999999999999974,,74,KG_ONLY_ADDED
458,309,0.0,0.6216965298164535,0.9999999999999974,,26,KG_ONLY_ADDED
458,438,0.0,0.21380899352993948,0.9999999999999972,,11,KG_ONLY_ADDED
459,11,0.0,,1.0,,2,KG_ONLY_ADDED
459,12,0.0,0.9128709291752769,1.0,,8,KG_ONLY_ADDED
459,15,0.0,0.9999999999999998,1.0,,5,KG_ONLY_ADDED
460,203,0.0,-0.15811388300841897,0.9999999999999928,,8,KG_ONLY_ADDED
460,182,0.0,0.8944271909999159,0.9999999999999916,,9,KG_ONLY_ADDED
460,599,0.0,0.9707253433941511,0.9999999999999908,,4,KG_ONLY_ADDED
461,364,0.0,,0.9999999999999966,,0,KG_ONLY_ADDED
461,442,0.0,,0.9999999999999966,,1,KG_ONLY_ADDED
461,114,0.0,0.9381941874331419,0.9999999999999953,,13,KG_ONLY_ADDED
462,41,0.0,0.9525793444156805,0.9999999999999999,,9,KG_ONLY_ADDED
462,159,0.0,0.8804087784801331,0.9999999999999999,,7,KG_ONLY_ADDED
462,192,0.0,0.9701425001453319,0.9999999999999999,,5,KG_ONLY_ADDED
463,360,0.0,0.944911182523068,0.9999999999999952,,4,KG_ONLY_ADDED
463,259,0.0,0.944911182523068,0.9999999999999951,,4,KG_ONLY_ADDED
463,314,0.0,-0.253546276418555,0.9999999999999936,,7,KG_ONLY_ADDED
464,607,0.0,0.8333333333333334,0.9999999999999977,,6,KG_ONLY_ADDED
464,259,0.0,0.9428090415820632,0.9882265241770896,,9,KG_ONLY_ADDED
464,314,0.0,0.4272046005593395,0.988226523688163,,18,KG_ONLY_ADDED
465,127,0.0,0.9258200997725514,1.0000000000000004,,4,KG_ONLY_ADDED
465,216,0.0,0.6933752452815365,1.0000000000000004,,8,KG_ONLY_ADDED
465,229,0.0,0.8660254037844387,1.0000000000000004,,6,KG_ONLY_ADDED
466,641,0.0,,1.0000000000000002,,2,KG_ONLY_ADDED
466,631,0.0,,0.9999999999999978,,0,KG_ONLY_ADDED
466,505,0.0,0.47140452079103173,0.9999999999999977,,6,KG_ONLY_ADDED
467,702,0.0,1.0000000000000002,0.9999999999999988,,3,KG_ONLY_ADDED
467,255,0.0,0.882522608121828,0.9999999999999972,,8,KG_ONLY_ADDED
467,87,0.0,1.0000000000000002,0.9999999999999971,,3,KG_ONLY_ADDED
468,310,0.0,0.4472135954999579,0.999999999999996,,5,KG_ONLY_ADDED
468,69,0.0,0.3530090432487313,0.9999999999999959,,21,KG_ONLY_ADDED
468,110,0.0,0.9428090415820635,0.9999999999999959,,6,KG_ONLY_ADDED
469,11,0.0,,1.0,,0,KG_ONLY_ADDED
469,12,0.0,,1.0,,2,KG_ONLY_ADDED
469,15,0.0,,1.0,,1,KG_ONLY_ADDED
470,150,0.0,-0.625,1.0000000000000002,,7,KG_ONLY_ADDED
470,235,0.0,0.9561828874675149,1.0000000000000002,,7,KG_ONLY_ADDED
470,268,0.0,0.8504200642707612,1.0000000000000002,,5,KG_ONLY_ADDED
471,458,0.0,0.02599376224550182,0.9999999999999954,,47,KG_ONLY_ADDED
471,438,0.0,0.0,0.9999999999999946,,5,KG_ONLY_ADDED
471,46,0.0,0.0,0.9999999999999944,,6,KG_ONLY_ADDED
472,256,0.0,0.5345224838248488,0.9999999999999973,,19,KG_ONLY_ADDED
472,75,0.0,,0.9999999999999967,,1,KG_ONLY_ADDED
472,468,0.0,0.5270462766947299,0.991914478605895,,16,KG_ONLY_ADDED
473,11,0.0,,1.0,,2,KG_ONLY_ADDED
473,12,0.0,0.9237604307034011,1.0,,6,KG_ONLY_ADDED
473,15,0.0,0.8944271909999159,1.0,,5,KG_ONLY_ADDED
474,150,0.0,0.40824829046386296,1.0000000000000002,,6,KG_ONLY_ADDED
474,235,0.0,0.7071067811865476,1.0000000000000002,,6,KG_ONLY_ADDED
474,268,0.0,0.5773502691896258,1.0000000000000002,,3,KG_ONLY_ADDED
475,46,0.0,0.9999999999999999,1.0000000000000002,,7,KG_ONLY_ADDED
475,327,0.0,0.6592685147442634,1.0000000000000002,,28,KG_ONLY_ADDED
475,519,0.0,0.5735458856308215,0.999999999999998,,86,KG_ONLY_ADDED
476,36,0.0,0.8944271909999159,1.0000000000000002,,7,KG_ONLY_ADDED
476,84,0.0,,1.0000000000000002,,1,KG_ONLY_ADDED
476,92,0.0,-0.8017837257372731,1.0000000000000002,,4,KG_ONLY_ADDED
477,258,0.0,0.76271276980969,0.989927293004045,,17,KG_ONLY_ADDED
477,142,0.0,,0.988336723429554,,2,KG_ONLY_ADDED
477,322,0.0,0.9428090415820635,0.9883367228601238,,3,KG_ONLY_ADDED
478,37,0.0,,0.9999999999999974,,2,KG_ONLY_ADDED
478,500,0.0,0.6546536707079772,0.9999999999999974,,7,KG_ONLY_ADDED
478,501,0.0,0.7071067811865476,0.9999999999999972,,6,KG_ONLY_ADDED
479,635,0.0,,1.0,,2,KG_ONLY_ADDED
479,424,0.0,0.9999999999999998,0.9999999999999972,,5,KG_ONLY_ADDED
479,457,0.0,0.9258200997725515,0.9999999999999972,,9,KG_ONLY_ADDED
482,700,0.0,0.781126577552403,0.9999999999999984,,30,KG_ONLY_ADDED
482,334,0.0,0.5455447255899809,0.9999999999999983,,112,KG_ONLY_ADDED
482,26,0.0,0.649519052838329,0.9999999999999976,,18,KG_ONLY_ADDED
483,152,0.0,,1.0000000000000002,,2,KG_ONLY_ADDED
483,158,0.0,0.9635460822563594,1.0000000000000002,,7,KG_ONLY_ADDED
483,193,0.0,0.5773502691896258,1.0000000000000002,,3,KG_ONLY_ADDED
484,210,0.0,,0.9999999999999999,,2,KG_ONLY_ADDED
484,148,0.0,,0.9999999999999983,,0,KG_ONLY_ADDED
484,215,0.0,,0.9999999999999983,,2,KG_ONLY_ADDED
485,11,0.0,,1.0,,0,KG_ONLY_ADDED
485,12,0.0,,1.0,,2,KG_ONLY_ADDED
485,15,0.0,0.9525793444156805,1.0,,6,KG_ONLY_ADDED
486,49,0.0,0.8703882797784892,0.9999999999999964,,5,KG_ONLY_ADDED
486,198,0.0,0.0,0.9999999999999964,,4,KG_ONLY_ADDED
486,271,0.0,0.9486832980505138,0.9999999999999964,,4,KG_ONLY_ADDED
487,183,0.0,0.8819171036881969,0.9884787397630259,,7,KG_ONLY_ADDED
487,428,0.0,0.9128709291752769,0.9884787397630259,,6,KG_ONLY_ADDED
487,185,0.0,1.0000000000000002,0.9884787394677657,,3,KG_ONLY_ADDED
488,70,0.0,0.5317945372643964,0.9999999999999947,,137,KG_ONLY_ADDED
488,285,0.0,0.9128709291752769,0.9999999999999947,,6,KG_ONLY_ADDED
488,292,0.0,0.47336463120312877,0.9999999999999947,,39,KG_ONLY_ADDED
489,148,0.0,,1.0,,0,KG_ONLY_ADDED
489,215,0.0,,1.0,,0,KG_ONLY_ADDED
489,220,0.0,,1.0,,0,KG_ONLY_ADDED
490,97,0.0,-0.5,0.9845151212330584,,4,KG_ONLY_ADDED
490,78,0.0,0.8728715609439696,0.9839076137581091,,6,KG_ONLY_ADDED
490,85,0.0,0.9428090415820635,0.9839076134524103,,3,KG_ONLY_ADDED
491,11,0.0,-0.6933752452815365,1.0,,4,KG_ONLY_ADDED
491,12,0.0,0.6459751934999393,1.0,,9,KG_ONLY_ADDED
491,15,0.0,0.9166666666666669,1.0,,9,KG_ONLY_ADDED
492,239,0.0,0.9506541513652698,1.0,,11,KG_ONLY_ADDED
492,365,0.0,0.3779644730092272,1.0,,8,KG_ONLY_ADDED
492,388,0.0,0.3450327796711771,1.0,,18,KG_ONLY_ADDED
493,111,0.0,-0.3779644730092272,1.0000000000000004,,6,KG_ONLY_ADDED
493,329,0.0,-0.5773502691896258,1.0000000000000004,,3,KG_ONLY_ADDED
493,450,0.0,,1.0000000000000004,,1,KG_ONLY_ADDED
494,364,0.0,,0.9999999999999966,,0,KG_ONLY_ADDED
494,442,0.0,,0.9999999999999966,,1,KG_ONLY_ADDED
494,114,0.0,0.903696114115064,0.9999999999999962,,7,KG_ONLY_ADDED
495,41,0.0,0.8944271909999159,0.9999999999999999,,8,KG_ONLY_ADDED
495,159,0.0,0.8744746321952063,0.9999999999999999,,8,KG_ONLY_ADDED
495,192,0.0,0.8838834764831843,0.9999999999999999,,5,KG_ONLY_ADDED
496,62,0.0,0.15075567228888181,0.9999999999999956,,17,KG_ONLY_ADDED
496,99,0.0,0.10660035817780521,0.9999999999999941,,17,KG_ONLY_ADDED
496,48,0.0,-0.09999999999999998,0.9999999999999939,,16,KG_ONLY_ADDED
497,602,0.0,0.9166666666666666,0.9915905934481074,,10,KG_ONLY_ADDED
497,748,0.0,,0.9915905934481074,,0,KG_ONLY_ADDED
497,30,0.0,0.8520128672302585,0.9910692518800063,,9,KG_ONLY_ADDED
499,620,0.0,0.9486832980505138,0.9999999999999968,,5,KG_ONLY_ADDED
499,660,0.0,0.36753833509901335,0.9999999999999968,,14,KG_ONLY_ADDED
499,680,0.0,0.9698686309445845,0.9999999999999968,,10,KG_ONLY_ADDED
500,37,0.0,0.9428090415820635,0.9999999999999998,,6,KG_ONLY_ADDED
500,501,0.0,0.9574271077563381,0.9999999999999994,,12,KG_ONLY_ADDED
500,41,0.0,0.9999999999999998,0.9999999999999993,,8,KG_ONLY_ADDED
501,41,0.0,0.8581163303210331,0.9999999999999997,,12,KG_ONLY_ADDED
501,159,0.0,1.0,0.9999999999999997,,4,KG_ONLY_ADDED
501,192,0.0,0.8944271909999159,0.9999999999999997,,5,KG_ONLY_ADDED
502,630,0.0,0.5773502691896258,0.9999999999999986,,3,KG_ONLY_ADDED
502,16,0.0,0.753778361444409,0.9999999999999983,,5,KG_ONLY_ADDED
502,347,0.0,0.6666666666666666,0.9999999999999983,,3,KG_ONLY_ADDED
503,31,0.0,0.6666666666666667,0.9999999999999998,,10,KG_ONLY_ADDED
503,140,0.0,0.22941573387056174,0.9999999999999998,,40,KG_ONLY_ADDED
503,269,0.0,0.4472135954999579,0.9999999999999998,,5,KG_ONLY_ADDED
504,225,0.0,0.9428090415820635,1.0000000000000007,,3,KG_ONLY_ADDED
504,687,0.0,,1.0000000000000007,,0,KG_ONLY_ADDED
504,111,0.0,0.8660254037844387,0.9999999999999987,,4,KG_ONLY_ADDED
505,631,0.0,0.7745966692414834,0.9999999999999987,,5,KG_ONLY_ADDED
505,154,0.0,0.9486832980505138,0.9999999999999982,,4,KG_ONLY_ADDED
505,649,0.0,,0.9999999999999978,,2,KG_ONLY_ADDED
506,49,0.0,1.0,1.0000000000000002,,4,KG_ONLY_ADDED
506,198,0.0,,1.0000000000000002,,2,KG_ONLY_ADDED
506,271,0.0,0.8451542547285165,1.0000000000000002,,7,KG_ONLY_ADDED
507,545,0.0,,0.9883274639864071,,2,KG_ONLY_ADDED
507,693,0.0,0.8944271909999159,0.988327463460605,,5,KG_ONLY_ADDED
507,93,0.0,,0.9883274630803744,,2,KG_ONLY_ADDED
508,89,0.0,,1.0000000000000002,,2,KG_ONLY_ADDED
508,336,0.0,,1.0000000000000002,,1,KG_ONLY_ADDED
508,538,0.0,0.9622504486493764,1.0000000000000002,,12,KG_ONLY_ADDED
509,398,0.0,1.0000000000000002,0.9999999999999988,,6,KG_ONLY_ADDED
509,515,0.0,0.903696114115064,0.9999999999999978,,7,KG_ONLY_ADDED
509,243,0.0,0.882522608121828,0.9999999999999973,,10,KG_ONLY_ADDED
510,426,0.0,0.5,0.9925273119413983,,4,KG_ONLY_ADDED
510,441,0.0,1.0000000000000002,0.9925273118594522,,3,KG_ONLY_ADDED
510,546,0.0,,0.9925273118594522,,0,KG_ONLY_ADDED
511,123,0.0,0.8055555555555556,0.9999999999999951,,30,KG_ONLY_ADDED
511,126,0.0,0.4688072309384954,0.9999999999999939,,100,KG_ONLY_ADDED
511,38,0.0,0.7745966692414834,0.9999999999999938,,5,KG_ONLY_ADDED
512,562,0.0,0.5000000000000001,0.996962543657497,,6,KG_ONLY_ADDED
512,602,0.0,,0.9967489300383782,,0,KG_ONLY_ADDED
512,748,0.0,,0.9967489300383782,,0,KG_ONLY_ADDED
513,444,0.0,0.5539117094069973,0.999999999999998,,28,KG_ONLY_ADDED
513,50,0.0,0.9999999999999999,0.999999999999996,,4,KG_ONLY_ADDED
513,440,0.0,0.19611613513818402,0.999999999999996,,13,KG_ONLY_ADDED
514,300,0.0,,0.9999999999999968,,0,KG_ONLY_ADDED
514,255,0.0,,0.9999999999999946,,1,KG_ONLY_ADDED
514,377,0.0,,0.9999999999999944,,2,KG_ONLY_ADDED
515,398,0.0,1.0000000000000002,0.9999999999999978,,3,KG_ONLY_ADDED
515,509,0.0,0.903696114115064,0.9999999999999978,,7,KG_ONLY_ADDED
515,243,0.0,0.7559289460184544,0.9999999999999967,,8,KG_ONLY_ADDED
516,426,0.0,0.36980013081681945,0.9890575752990921,,23,KG_ONLY_ADDED
516,370,0.0,0.9219544457292888,0.9890575752579969,,11,KG_ONLY_ADDED
516,577,0.0,0.9091372900969896,0.9890575747006156,,8,KG_ONLY_ADDED
517,355,0.0,0.9206016138256,1.0000000000000002,,10,KG_ONLY_ADDED
517,387,0.0,,1.0000000000000002,,0,KG_ONLY_ADDED
517,540,0.0,0.7844645405527361,1.0000000000000002,,4,KG_ONLY_ADDED
518,105,0.0,0.9438798074485389,0.9999999999999946,,5,KG_ONLY_ADDED
518,184,0.0,0.9707253433941511,0.9999999999999943,,4,KG_ONLY_ADDED
518,22,0.0,,0.9999999999999936,,0,KG_ONLY_ADDED
519,46,0.0,0.9622504486493764,0.999999999999998,,6,KG_ONLY_ADDED
519,327,0.0,0.7258661863112978,0.999999999999998,,18,KG_ONLY_ADDED
519,475,0.0,0.5735458856308215,0.999999999999998,,86,KG_ONLY_ADDED
520,232,0.0,,0.999999999999997,,0,KG_ONLY_ADDED
520,139,0.0,,0.9999999999999969,,1,KG_ONLY_ADDED
520,71,0.0,,0.9999999999999962,,1,KG_ONLY_ADDED
521,11,0.0,0.4364357804719848,1.0,,4,KG_ONLY_ADDED
521,12,0.0,-0.19802950859533489,1.0,,8,KG_ONLY_ADDED
521,15,0.0,-0.10660035817780521,1.0,,8,KG_ONLY_ADDED
522,11,0.0,,1.0,,1,KG_ONLY_ADDED
522,12,0.0,0.9438798074485389,1.0,,5,KG_ONLY_ADDED
522,15,0.0,0.9428090415820635,1.0,,3,KG_ONLY_ADDED
523,148,0.0,,1.0,,1,KG_ONLY_ADDED
523,215,0.0,1.0000000000000002,1.0,,3,KG_ONLY_ADDED
523,220,0.0,,1.0,,1,KG_ONLY_ADDED
524,482,0.0,0.5194624816493197,0.9999999999999969,,45,KG_ONLY_ADDED
524,700,0.0,0.9315516419063741,0.9999999999999966,,27,KG_ONLY_ADDED
524,202,0.0,0.9486832980505138,0.9999999999999962,,6,KG_ONLY_ADDED
525,41,0.0,1.0000000000000002,0.9999999999999999,,3,KG_ONLY_ADDED
525,159,0.0,0.9428090415820635,0.9999999999999999,,3,KG_ONLY_ADDED
525,192,0.0,0.8164965809277259,0.9999999999999999,,3,KG_ONLY_ADDED
526,152,0.0,1.0000000000000002,1.0000000000000002,,3,KG_ONLY_ADDED
526,158,0.0,0.8314971796756813,1.0000000000000002,,7,KG_ONLY_ADDED
526,193,0.0,0.7071067811865475,1.0000000000000002,,8,KG_ONLY_ADDED
527,247,0.0,,1.0000000000000002,,0,KG_ONLY_ADDED
527,396,0.0,,1.0000000000000002,,1,KG_ONLY_ADDED
527,408,0.0,,1.0000000000000002,,0,KG_ONLY_ADDED
528,152,0.0,,1.0000000000000002,,0,KG_ONLY_ADDED
528,158,0.0,,1.0000000000000002,,0,KG_ONLY_ADDED
528,193,0.0,,1.0000000000000002,,1,KG_ONLY_ADDED
529,202,0.0,0.9827076298239908,0.9999999999999996,,7,KG_ONLY_ADDED
529,578,0.0,0.8034474181990732,0.9999999999999996,,54,KG_ONLY_ADDED
529,606,0.0,0.9478946531678895,0.9999999999999996,,24,KG_ONLY_ADDED
530,91,0.0,0.8743856497851876,0.9999999999999971,,13,KG_ONLY_ADDED
530,33,0.0,0.9064942077733621,0.9968692692808659,,16,KG_ONLY_ADDED
530,11,0.0,,0.9956726838180858,,1,KG_ONLY_ADDED
531,16,0.0,0.8485281374238569,1.0,,8,KG_ONLY_ADDED
531,347,0.0,0.9058216273156767,1.0,,14,KG_ONLY_ADDED
531,502,0.0,0.7071067811865476,0.9999999999999983,,6,KG_ONLY_ADDED
532,8,0.0,0.9438798074485389,1.0,,5,KG_ONLY_ADDED
532,9,0.0,0.9669875568304563,1.0,,7,KG_ONLY_ADDED
532,11,0.0,,1.0,,2,KG_ONLY_ADDED
533,123,0.0,0.821583836257749,0.999999999999995,,17,KG_ONLY_ADDED
533,126,0.0,0.5146749286021823,0.999999999999995,,22,KG_ONLY_ADDED
533,239,0.0,0.8164965809277259,0.9999999999999943,,10,KG_ONLY_ADDED
534,718,0.0,,0.9999999999999963,,0,KG_ONLY_ADDED
534,631,0.0,0.4082482904638631,0.9999999999999962,,3,KG_ONLY_ADDED
534,643,0.0,0.9007546982220901,0.9999999999999961,,11,KG_ONLY_ADDED
536,335,0.0,0.6454972243679028,0.9999999999999987,,9,KG_ONLY_ADDED
536,339,0.0,0.8387421368293257,0.9999999999999951,,15,KG_ONLY_ADDED
536,82,0.0,0.5196152422706631,0.9923914774209205,,14,KG_ONLY_ADDED
537,11,0.0,,1.0,,1,KG_ONLY_ADDED
537,12,0.0,0.6363961030678927,1.0,,10,KG_ONLY_ADDED
537,15,0.0,0.8366600265340756,1.0,,21,KG_ONLY_ADDED
538,89,0.0,0.9230769230769232,1.0000000000000002,,7,KG_ONLY_ADDED
538,336,0.0,,1.0000000000000002,,1,KG_ONLY_ADDED
538,508,0.0,0.9622504486493764,1.0000000000000002,,12,KG_ONLY_ADDED
539,11,0.0,,1.0,,2,KG_ONLY_ADDED
539,12,0.0,0.36563621206356534,1.0,,5,KG_ONLY_ADDED
539,15,0.0,-0.32539568672798425,1.0,,5,KG_ONLY_ADDED
540,355,0.0,0.6324555320336759,1.0000000000000002,,4,KG_ONLY_ADDED
540,387,0.0,,1.0000000000000002,,0,KG_ONLY_ADDED
540,517,0.0,0.7844645405527361,1.0000000000000002,,4,KG_ONLY_ADDED
541,11,0.0,0.8164965809277261,1.0,,4,KG_ONLY_ADDED
541,12,0.0,0.408248290463863,1.0,,7,KG_ONLY_ADDED
541,15,0.0,0.4880935300919764,1.0,,11,KG_ONLY_ADDED
542,11,0.0,,1.0,,0,KG_ONLY_ADDED
542,12,0.0,0.8451542547285165,1.0,,8,KG_ONLY_ADDED
542,15,0.0,0.8902638145194514,1.0,,16,KG_ONLY_ADDED
543,150,0.0,0.6546536707079772,1.0000000000000002,,9,KG_ONLY_ADDED
543,235,0.0,0.8333333333333335,1.0000000000000002,,7,KG_ONLY_ADDED
543,268,0.0,0.8164965809277259,1.0000000000000002,,3,KG_ONLY_ADDED
544,167,0.0,0.6454972243679028,0.9848326678393449,,9,KG_ONLY_ADDED
544,67,0.0,0.4919349550499537,0.984832667803279,,35,KG_ONLY_ADDED
544,104,0.0,0.45643546458763845,0.984832667803279,,54,KG_ONLY_ADDED
545,93,0.0,,0.9999999999999977,,1,KG_ONLY_ADDED
545,180,0.0,,0.9999999999999977,,1,KG_ONLY_ADDED
545,693,0.0,0.7745966692414834,0.9999999999999976,,5,KG_ONLY_ADDED
546,441,0.0,0.9258200997725514,1.0000000000000002,,7,KG_ONLY_ADDED
546,577,0.0,0.9128709291752769,0.9999999999999978,,6,KG_ONLY_ADDED
546,563,0.0,0.8944271909999159,0.9999999999999976,,5,KG_ONLY_ADDED
547,11,0.0,,1.0,,0,KG_ONLY_ADDED
547,12,0.0,,1.0,,0,KG_ONLY_ADDED
547,15,0.0,,1.0,,0,KG_ONLY_ADDED
548,437,0.0,0.944911182523068,0.9972813902475987,,13,KG_ONLY_ADDED
548,173,0.0,0.7298004491997617,0.9960434613152607,,25,KG_ONLY_ADDED
548,266,0.0,0.7417470453229207,0.9960434611021416,,29,KG_ONLY_ADDED
550,682,0.0,1.0,0.9999999999999979,,6,KG_ONLY_ADDED
550,103,0.0,0.0,0.999999999999997,,7,KG_ONLY_ADDED
550,624,0.0,,0.9999999999999969,,1,KG_ONLY_ADDED
551,9,0.0,,1.0,,2,KG_ONLY_ADDED
551,11,0.0,,1.0,,0,KG_ONLY_ADDED
551,12,0.0,1.0,1.0,,3,KG_ONLY_ADDED
552,22,0.0,,0.9999999999999972,,0,KG_ONLY_ADDED
552,436,0.0,,0.9999999999999972,,0,KG_ONLY_ADDED
552,105,0.0,0.9428090415820635,0.9999999999999966,,3,KG_ONLY_ADDED
553,11,0.0,,1.0,,1,KG_ONLY_ADDED
553,12,0.0,,1.0,,2,KG_ONLY_ADDED
553,15,0.0,0.9486832980505138,1.0,,5,KG_ONLY_ADDED
554,27,0.0,0.4082482904638631,0.9999999999999979,,3,KG_ONLY_ADDED
554,86,0.0,,0.9999999999999979,,3,KG_ONLY_ADDED
554,397,0.0,,0.9999999999999979,,2,KG_ONLY_ADDED
555,263,0.0,,0.9999999999999999,,1,KG_ONLY_ADDED
555,566,0.0,0.9999999999999998,0.9999999999999999,,5,KG_ONLY_ADDED
555,102,0.0,0.7071067811865475,0.9999999999999989,,4,KG_ONLY_ADDED
556,11,0.0,,1.0,,2,KG_ONLY_ADDED
556,12,0.0,1.0000000000000002,1.0,,3,KG_ONLY_ADDED
556,15,0.0,0.9999999999999998,1.0,,5,KG_ONLY_ADDED
557,31,0.0,0.5345224838248487,0.9999999999999977,,7,KG_ONLY_ADDED
557,140,0.0,0.3418817293789138,0.9999999999999977,,15,KG_ONLY_ADDED
557,269,0.0,0.0,0.9999999999999977,,5,KG_ONLY_ADDED
558,150,0.0,0.0,1.0000000000000002,,10,KG_ONLY_ADDED
558,235,0.0,0.7559289460184544,1.0000000000000002,,9,KG_ONLY_ADDED
558,268,0.0,0.7302967433402213,1.0000000000000002,,6,KG_ONLY_ADDED
559,149,0.0,0.8333333333333334,0.9999999999999968,,6,KG_ONLY_ADDED
559,443,0.0,1.0000000000000002,0.9848554937295954,,3,KG_ONLY_ADDED
559,681,0.0,,0.9819555261510323,,2,KG_ONLY_ADDED
560,103,0.0,0.4061811972299616,0.999999999999998,,12,KG_ONLY_ADDED
560,118,0.0,,0.9999999999999974,,1,KG_ONLY_ADDED
560,262,0.0,0.16984155512168939,0.9999999999999974,,12,KG_ONLY_ADDED
561,31,0.0,0.9428090415820635,0.9999999999999998,,3,KG_ONLY_ADDED
561,140,0.0,0.8333333333333335,0.9999999999999998,,3,KG_ONLY_ADDED
561,269,0.0,,0.9999999999999998,,1,KG_ONLY_ADDED
562,602,0.0,0.8240856434303292,0.9972881981055839,,15,KG_ONLY_ADDED
562,748,0.0,,0.9972881981055839,,0,KG_ONLY_ADDED
562,512,0.0,0.5000000000000001,0.996962543657497,,6,KG_ONLY_ADDED
563,577,0.0,0.8944271909999159,0.9999999999999993,,5,KG_ONLY_ADDED
563,441,0.0,0.8249579113843053,0.9999999999999976,,8,KG_ONLY_ADDED
563,546,0.0,0.8944271909999159,0.9999999999999976,,5,KG_ONLY_ADDED
564,148,0.0,,1.0,,0,KG_ONLY_ADDED
564,215,0.0,,1.0,,1,KG_ONLY_ADDED
564,220,0.0,,1.0,,2,KG_ONLY_ADDED
565,282,0.0,,0.9999999999999998,,1,KG_ONLY_ADDED
565,416,0.0,0.8164965809277261,0.9999999999999998,,12,KG_ONLY_ADDED
565,591,0.0,,0.9999999999999998,,0,KG_ONLY_ADDED
566,263,0.0,1.0000000000000002,0.9999999999999999,,3,KG_ONLY_ADDED
566,555,0.0,0.9999999999999998,0.9999999999999999,,5,KG_ONLY_ADDED
566,102,0.0,0.0,0.9999999999999989,,10,KG_ONLY_ADDED
567,111,0.0,1.0000000000000002,1.0000000000000004,,3,KG_ONLY_ADDED
567,329,0.0,1.0000000000000002,1.0000000000000004,,6,KG_ONLY_ADDED
567,450,0.0,0.8451542547285165,1.0000000000000004,,5,KG_ONLY_ADDED
568,601,0.0,,1.0,,2,KG_ONLY_ADDED
568,636,0.0,0.9999999999999998,1.0,,5,KG_ONLY_ADDED
568,713,0.0,,1.0,,2,KG_ONLY_ADDED
569,11,0.0,,1.0,,0,KG_ONLY_ADDED
569,12,0.0,,1.0,,2,KG_ONLY_ADDED
569,15,0.0,,1.0,,2,KG_ONLY_ADDED
570,704,0.0,0.944911182523068,0.9999999999999994,,4,KG_ONLY_ADDED
570,282,0.0,,0.9999999999999979,,1,KG_ONLY_ADDED
570,416,0.0,0.9999999999999999,0.9999999999999979,,7,KG_ONLY_ADDED
571,32,0.0,,0.9999999999999999,,1,KG_ONLY_ADDED
571,260,0.0,0.944911182523068,0.9999999999999999,,4,KG_ONLY_ADDED
571,378,0.0,0.9486832980505138,0.9999999999999999,,5,KG_ONLY_ADDED
572,11,0.0,,1.0,,0,KG_ONLY_ADDED
572,12,0.0,,1.0,,0,KG_ONLY_ADDED
572,15,0.0,,1.0,,1,KG_ONLY_ADDED
573,111,0.0,,1.0000000000000004,,0,KG_ONLY_ADDED
573,329,0.0,,1.0000000000000004,,2,KG_ONLY_ADDED
573,450,0.0,,1.0000000000000004,,2,KG_ONLY_ADDED
574,152,0.0,,1.0000000000000002,,2,KG_ONLY_ADDED
574,158,0.0,0.9750168689498874,1.0000000000000002,,7,KG_ONLY_ADDED
574,193,0.0,0.5773502691896258,1.0000000000000002,,7,KG_ONLY_ADDED
575,68,0.0,,0.9999999999999999,,2,KG_ONLY_ADDED
575,116,0.0,,0.9999999999999999,,0,KG_ONLY_ADDED
575,131,0.0,,0.9999999999999999,,0,KG_ONLY_ADDED
576,364,0.0,,0.9999999999999934,,1,KG_ONLY_ADDED
576,442,0.0,,0.9999999999999934,,1,KG_ONLY_ADDED
576,494,0.0,,0.9999999999999928,,2,KG_ONLY_ADDED
577,563,0.0,0.8944271909999159,0.9999999999999993,,5,KG_ONLY_ADDED
577,441,0.0,0.9999999999999998,0.9999999999999978,,5,KG_ONLY_ADDED
577,546,0.0,0.9128709291752769,0.9999999999999978,,6,KG_ONLY_ADDED
578,202,0.0,0.9434563530497265,0.9999999999999996,,7,KG_ONLY_ADDED
578,529,0.0,0.8034474181990732,0.9999999999999996,,54,KG_ONLY_ADDED
578,606,0.0,0.9072184232530289,0.9999999999999996,,24,KG_ONLY_ADDED
579,367,0.0,0.14433756729740646,0.9999999999999978,,9,KG_ONLY_ADDED
579,362,0.0,0.9578414886923188,0.9999999999999952,,15,KG_ONLY_ADDED
579,247,0.0,0.8749999999999998,0.999999999999995,,5,KG_ONLY_ADDED
580,68,0.0,,0.9999999999999999,,1,KG_ONLY_ADDED
580,116,0.0,,0.9999999999999999,,0,KG_ONLY_ADDED
580,131,0.0,,0.9999999999999999,,1,KG_ONLY_ADDED
581,225,0.0,0.9438798074485389,0.9999999999999951,,5,KG_ONLY_ADDED
581,504,0.0,,0.9999999999999951,,1,KG_ONLY_ADDED
581,687,0.0,0.9561828874675149,0.9999999999999951,,4,KG_ONLY_ADDED
582,11,0.0,-0.2721655269759087,1.0,,3,KG_ONLY_ADDED
582,12,0.0,0.9622504486493764,1.0,,6,KG_ONLY_ADDED
582,15,0.0,0.9486832980505138,1.0,,5,KG_ONLY_ADDED
583,434,0.0,,1.0000000000000002,,0,KG_ONLY_ADDED
583,67,0.0,0.9428090415820635,0.9924324535227974,,3,KG_ONLY_ADDED
583,104,0.0,0.8249579113843053,0.9924324535227974,,5,KG_ONLY_ADDED
584,88,0.0,1.0000000000000002,0.9999999999999971,,3,KG_ONLY_ADDED
584,617,0.0,,0.9999999999999962,,1,KG_ONLY_ADDED
584,618,0.0,,0.9999999999999956,,1,KG_ONLY_ADDED
585,632,0.0,1.0000000000000002,0.9999999999999969,,3,KG_ONLY_ADDED
585,226,0.0,,0.9911627103744395,,0,KG_ONLY_ADDED
585,63,0.0,,0.9911627091964109,,0,KG_ONLY_ADDED
586,185,0.0,0.944911182523068,0.9999999999999951,,4,KG_ONLY_ADDED
586,183,0.0,0.944911182523068,0.999999999999994,,4,KG_ONLY_ADDED
586,428,0.0,1.0000000000000002,0.999999999999994,,3,KG_ONLY_ADDED
587,435,0.0,0.9428090415820635,0.9999999999999978,,3,KG_ONLY_ADDED
587,375,0.0,0.5773502691896258,0.9884330983540645,,3,KG_ONLY_ADDED
587,224,0.0,-0.11396057645963795,0.9884330983154823,,7,KG_ONLY_ADDED
589,649,0.0,,0.9999999999999971,,2,KG_ONLY_ADDED
589,643,0.0,0.9503819266229829,0.9999999999999969,,10,KG_ONLY_ADDED
589,680,0.0,0.9647638212377322,0.9999999999999968,,8,KG_ONLY_ADDED
590,248,0.0,0.9128709291752769,1.0000000000000002,,4,KG_ONLY_ADDED
590,422,0.0,,0.9999999999999982,,2,KG_ONLY_ADDED
590,44,0.0,0.30151134457776363,0.999999999999998,,5,KG_ONLY_ADDED
591,282,0.0,,0.9999999999999998,,0,KG_ONLY_ADDED
591,416,0.0,,0.9999999999999998,,0,KG_ONLY_ADDED
591,565,0.0,,0.9999999999999998,,0,KG_ONLY_ADDED
592,11,0.0,,1.0,,0,KG_ONLY_ADDED
592,12,0.0,,1.0,,0,KG_ONLY_ADDED
592,15,0.0,0.6666666666666666,1.0,,3,KG_ONLY_ADDED
593,115,0.0,0.8498365855987975,1.0000000000000002,,11,KG_ONLY_ADDED
593,278,0.0,0.7745966692414833,1.0000000000000002,,15,KG_ONLY_ADDED
593,320,0.0,,1.0000000000000002,,0,KG_ONLY_ADDED
594,11,0.0,0.8164965809277259,1.0,,3,KG_ONLY_ADDED
594,12,0.0,0.8660254037844386,1.0,,6,KG_ONLY_ADDED
594,15,0.0,,1.0,,2,KG_ONLY_ADDED
595,170,0.0,0.7423218080230882,0.9999999999999982,,22,KG_ONLY_ADDED
595,46,0.0,,0.9999999999999973,,1,KG_ONLY_ADDED
595,327,0.0,0.936585811581694,0.9999999999999973,,11,KG_ONLY_ADDED
596,11,0.0,,1.0,,0,KG_ONLY_ADDED
596,12,0.0,0.8603090020146066,1.0,,7,KG_ONLY_ADDED
596,15,0.0,0.894427190999916,1.0,,6,KG_ONLY_ADDED
597,11,0.0,,1.0,,0,KG_ONLY_ADDED
597,12,0.0,,1.0,,2,KG_ONLY_ADDED
597,15,0.0,0.9622504486493763,1.0,,3,KG_ONLY_ADDED
598,111,0.0,,1.0000000000000004,,2,KG_ONLY_ADDED
598,329,0.0,1.0000000000000002,1.0000000000000004,,3,KG_ONLY_ADDED
598,450,0.0,0.9428090415820635,1.0000000000000004,,3,KG_ONLY_ADDED
599,679,0.0,0.9622504486493763,1.0000000000000002,,3,KG_ONLY_ADDED
599,203,0.0,0.21320071635561041,0.9999999999999974,,9,KG_ONLY_ADDED
599,182,0.0,0.6859943405700353,0.9999999999999951,,6,KG_ONLY_ADDED
600,11,0.0,,1.0,,0,KG_ONLY_ADDED
600,12,0.0,0.8392543274162825,1.0,,8,KG_ONLY_ADDED
600,15,0.0,0.9428090415820635,1.0,,9,KG_ONLY_ADDED
601,568,0.0,,1.0,,2,KG_ONLY_ADDED
601,636,0.0,1.0000000000000002,1.0,,3,KG_ONLY_ADDED
601,713,0.0,0.9622504486493763,1.0,,3,KG_ONLY_ADDED
602,748,0.0,,1.0,,2,KG_ONLY_ADDED
602,562,0.0,0.8240856434303292,0.9972881981055839,,15,KG_ONLY_ADDED
602,30,0.0,1.0,0.9971672692247812,,4,KG_ONLY_ADDED
603,690,0.0,0.4999999999999999,0.9999999999999968,,5,KG_ONLY_ADDED
603,348,0.0,,0.9999999999999967,,1,KG_ONLY_ADDED
603,213,0.0,,0.9999999999999964,,1,KG_ONLY_ADDED
604,486,0.0,,0.9999999999999946,,0,KG_ONLY_ADDED
604,49,0.0,,0.9999999999999939,,1,KG_ONLY_ADDED
604,198,0.0,,0.9999999999999939,,1,KG_ONLY_ADDED
605,445,0.0,0.7071067811865475,0.9999999999999976,,3,KG_ONLY_ADDED
605,338,0.0,,0.9999999999999972,,1,KG_ONLY_ADDED
605,449,0.0,,0.9999999999999972,,0,KG_ONLY_ADDED
606,202,0.0,0.9707253433941511,0.9999999999999996,,4,KG_ONLY_ADDED
606,529,0.0,0.9478946531678895,0.9999999999999996,,24,KG_ONLY_ADDED
606,578,0.0,0.9072184232530289,0.9999999999999996,,24,KG_ONLY_ADDED
607,464,0.0,0.8333333333333334,0.9999999999999977,,6,KG_ONLY_ADDED
607,259,0.0,1.0,0.9882265236597634,,4,KG_ONLY_ADDED
607,314,0.0,0.7492686492653552,0.9882265231708351,,19,KG_ONLY_ADDED
608,210,0.0,-0.8164965809277259,0.9911325412521955,,3,KG_ONLY_ADDED
608,484,0.0,-0.6963106238227914,0.9911325412521955,,5,KG_ONLY_ADDED
608,148,0.0,,0.9911325383628232,,2,KG_ONLY_ADDED
609,60,0.0,0.7337993857053429,0.9999999999999967,,10,KG_ONLY_ADDED
609,518,0.0,0.9486832980505138,0.9933184710651243,,4,KG_ONLY_ADDED
609,552,0.0,,0.9933184710479283,,2,KG_ONLY_ADDED
610,239,0.0,,1.0,,2,KG_ONLY_ADDED
610,365,0.0,,1.0,,1,KG_ONLY_ADDED
610,388,0.0,,1.0,,1,KG_ONLY_ADDED
611,712,0.0,,0.999999999999998,,1,KG_ONLY_ADDED
611,283,0.0,0.9999999999999998,0.9999999999999969,,10,KG_ONLY_ADDED
611,589,0.0,0.9561828874675149,0.9884414683211424,,10,KG_ONLY_ADDED
612,44,0.0,0.6172133998483676,0.9999999999999982,,4,KG_ONLY_ADDED
612,422,0.0,0.9506541513652698,0.9999999999999978,,5,KG_ONLY_ADDED
612,248,0.0,1.0000000000000002,0.9999999999999977,,3,KG_ONLY_ADDED
613,36,0.0,0.9622504486493763,1.0000000000000002,,3,KG_ONLY_ADDED
613,84,0.0,,1.0000000000000002,,0,KG_ONLY_ADDED
613,92,0.0,,1.0000000000000002,,1,KG_ONLY_ADDED
615,11,0.0,,1.0,,0,KG_ONLY_ADDED
615,12,0.0,0.9647638212377322,1.0,,4,KG_ONLY_ADDED
615,15,0.0,,1.0,,2,KG_ONLY_ADDED
616,11,0.0,,1.0,,0,KG_ONLY_ADDED
616,12,0.0,0.8749999999999998,1.0,,5,KG_ONLY_ADDED
616,15,0.0,0.944911182523068,1.0,,4,KG_ONLY_ADDED
617,88,0.0,0.9438798074485389,0.9999999999999972,,7,KG_ONLY_ADDED
617,584,0.0,,0.9999999999999962,,1,KG_ONLY_ADDED
617,618,0.0,0.8164965809277259,0.9999999999999961,,3,KG_ONLY_ADDED
618,88,0.0,0.753778361444409,0.9999999999999978,,8,KG_ONLY_ADDED
618,617,0.0,0.8164965809277259,0.9999999999999961,,3,KG_ONLY_ADDED
618,584,0.0,,0.9999999999999956,,1,KG_ONLY_ADDED
619,11,0.0,,1.0,,1,KG_ONLY_ADDED
619,12,0.0,0.9799578870122229,1.0,,6,KG_ONLY_ADDED
619,15,0.0,0.9428090415820635,1.0,,3,KG_ONLY_ADDED
620,660,0.0,0.1889822365046136,1.0000000000000004,,4,KG_ONLY_ADDED
620,152,0.0,,0.999999999999999,,0,KG_ONLY_ADDED
620,158,0.0,,0.999999999999999,,0,KG_ONLY_ADDED
621,129,0.0,,0.9898193269812737,,0,KG_ONLY_ADDED
621,264,0.0,0.9486832980505138,0.9898193269812737,,5,KG_ONLY_ADDED
621,279,0.0,0.8660254037844387,0.9898193269812737,,3,KG_ONLY_ADDED
622,67,0.0,,1.0000000000000002,,2,KG_ONLY_ADDED
622,104,0.0,,1.0000000000000002,,2,KG_ONLY_ADDED
622,121,0.0,,1.0000000000000002,,1,KG_ONLY_ADDED
623,68,0.0,,0.9999999999999999,,1,KG_ONLY_ADDED
623,116,0.0,,0.9999999999999999,,1,KG_ONLY_ADDED
623,131,0.0,,0.9999999999999999,,1,KG_ONLY_ADDED
624,103,0.0,,0.9999999999999969,,1,KG_ONLY_ADDED
624,550,0.0,,0.9999999999999969,,1,KG_ONLY_ADDED
624,682,0.0,,0.9999999999999964,,1,KG_ONLY_ADDED
625,129,0.0,0.7745966692414834,0.9999999999999999,,5,KG_ONLY_ADDED
625,264,0.0,0.9486832980505138,0.9999999999999999,,10,KG_ONLY_ADDED
625,279,0.0,0.8451542547285165,0.9999999999999999,,7,KG_ONLY_ADDED
626,11,0.0,,1.0,,0,KG_ONLY_ADDED
626,12,0.0,0.8819171036881969,1.0,,9,KG_ONLY_ADDED
626,15,0.0,0.521749194749951,1.0,,7,KG_ONLY_ADDED
627,11,0.0,0.0,1.0,,5,KG_ONLY_ADDED
627,12,0.0,0.6390096504226936,1.0,,14,KG_ONLY_ADDED
627,15,0.0,0.9258200997725515,1.0,,12,KG_ONLY_ADDED
628,41,0.0,,0.9999999999999999,,0,KG_ONLY_ADDED
628,159,0.0,,0.9999999999999999,,0,KG_ONLY_ADDED
628,192,0.0,,0.9999999999999999,,0,KG_ONLY_ADDED
629,18,0.0,,0.9999999999999997,,1,KG_ONLY_ADDED
629,274,0.0,0.4472135954999579,0.9999999999999997,,3,KG_ONLY_ADDED
629,651,0.0,0.8660254037844387,0.9999999999999997,,3,KG_ONLY_ADDED
630,502,0.0,0.5773502691896258,0.9999999999999986,,3,KG_ONLY_ADDED
630,16,0.0,,0.999999999999997,,1,KG_ONLY_ADDED
630,347,0.0,0.9438798074485389,0.999999999999997,,5,KG_ONLY_ADDED
631,505,0.0,0.7745966692414834,0.9999999999999987,,5,KG_ONLY_ADDED
631,312,0.0,0.8660254037844387,0.9999999999999979,,3,KG_ONLY_ADDED
631,466,0.0,,0.9999999999999978,,0,KG_ONLY_ADDED
632,585,0.0,1.0000000000000002,0.9999999999999969,,3,KG_ONLY_ADDED
632,226,0.0,-0.5773502691896258,0.991162709535396,,3,KG_ONLY_ADDED
632,63,0.0,,0.9911627083573669,,0,KG_ONLY_ADDED
633,669,0.0,0.8749999999999998,0.994095008228592,,5,KG_ONLY_ADDED
633,129,0.0,0.8164965809277259,0.9884181840652254,,5,KG_ONLY_ADDED
633,264,0.0,0.9999999999999998,0.9884181840652254,,5,KG_ONLY_ADDED
634,247,0.0,0.9622504486493763,1.0000000000000002,,3,KG_ONLY_ADDED
634,396,0.0,,1.0000000000000002,,2,KG_ONLY_ADDED
634,408,0.0,-0.3779644730092272,1.0000000000000002,,4,KG_ONLY_ADDED
635,479,0.0,,1.0,,2,KG_ONLY_ADDED
635,424,0.0,0.9707253433941511,0.9999999999999972,,13,KG_ONLY_ADDED
635,457,0.0,0.917662935482247,0.9999999999999972,,16,KG_ONLY_ADDED
636,568,0.0,0.9999999999999998,1.0,,5,KG_ONLY_ADDED
636,601,0.0,1.0000000000000002,1.0,,3,KG_ONLY_ADDED
636,713,0.0,,1.0,,2,KG_ONLY_ADDED
637,135,0.0,,1.0000000000000002,,2,KG_ONLY_ADDED
637,321,0.0,0.9428090415820635,0.9999999999999969,,3,KG_ONLY_ADDED
637,694,0.0,0.9438798074485389,0.9999999999999969,,5,KG_ONLY_ADDED
638,26,0.0,,0.9999999999999981,,2,KG_ONLY_ADDED
638,47,0.0,0.40555355282690625,0.9999999999999981,,10,KG_ONLY_ADDED
638,79,0.0,0.24494897427831777,0.9999999999999981,,9,KG_ONLY_ADDED
639,11,0.0,,1.0,,1,KG_ONLY_ADDED
639,12,0.0,1.0000000000000002,1.0,,3,KG_ONLY_ADDED
639,15,0.0,,1.0,,2,KG_ONLY_ADDED
640,650,0.0,,0.9999999999999996,,0,KG_ONLY_ADDED
640,621,0.0,,0.9809035042489274,,0,KG_ONLY_ADDED
640,612,0.0,,0.9758305414847185,,1,KG_ONLY_ADDED
641,466,0.0,,1.0000000000000002,,2,KG_ONLY_ADDED
641,631,0.0,,0.9999999999999978,,1,KG_ONLY_ADDED
641,505,0.0,0.7559289460184544,0.9999999999999977,,4,KG_ONLY_ADDED
642,45,0.0,0.30151134457776363,0.9999999999999979,,9,KG_ONLY_ADDED
642,429,0.0,0.09622504486493763,0.9999999999999978,,12,KG_ONLY_ADDED
642,638,0.0,0.9525793444156805,0.9999999999999978,,3,KG_ONLY_ADDED
643,680,0.0,0.9279607271383371,0.9999999999999983,,13,KG_ONLY_ADDED
643,649,0.0,,0.9999999999999976,,5,KG_ONLY_ADDED
643,152,0.0,0.9486832980505138,0.999999999999997,,4,KG_ONLY_ADDED
644,587,0.0,0.9486832980505138,0.9845533658649201,,5,KG_ONLY_ADDED
644,435,0.0,0.944911182523068,0.9845533651392554,,4,KG_ONLY_ADDED
644,63,0.0,,0.9829602255252187,,1,KG_ONLY_ADDED
645,11,0.0,-0.5773502691896257,1.0,,3,KG_ONLY_ADDED
645,12,0.0,0.9206343289100009,1.0,,13,KG_ONLY_ADDED
645,15,0.0,0.8770580193070293,1.0,,7,KG_ONLY_ADDED
646,11,0.0,,1.0,,0,KG_ONLY_ADDED
646,12,0.0,0.9428090415820635,1.0,,3,KG_ONLY_ADDED
646,15,0.0,,1.0,,2,KG_ONLY_ADDED
647,247,0.0,0.8571428571428571,1.0000000000000002,,8,KG_ONLY_ADDED
647,396,0.0,0.9428090415820635,1.0000000000000002,,6,KG_ONLY_ADDED
647,408,0.0,0.09901475429766744,1.0000000000000002,,11,KG_ONLY_ADDED
648,424,0.0,0.9486832980505138,0.9887519084483344,,5,KG_ONLY_ADDED
648,457,0.0,0.9636241116594316,0.9887519084483344,,8,KG_ONLY_ADDED
648,167,0.0,0.9561828874675149,0.9887519071184554,,4,KG_ONLY_ADDED
649,505,0.0,,0.9999999999999978,,2,KG_ONLY_ADDED
649,643,0.0,,0.9999999999999976,,5,KG_ONLY_ADDED
649,680,0.0,,0.9999999999999972,,1,KG_ONLY_ADDED
650,640,0.0,,0.9999999999999996,,0,KG_ONLY_ADDED
650,621,0.0,,0.9809035042489274,,1,KG_ONLY_ADDED
650,612,0.0,-0.6546536707079771,0.9758305414847185,,6,KG_ONLY_ADDED
651,18,0.0,0.9622504486493763,0.9999999999999997,,3,KG_ONLY_ADDED
651,274,0.0,,0.9999999999999997,,0,KG_ONLY_ADDED
651,629,0.0,0.8660254037844387,0.9999999999999997,,3,KG_ONLY_ADDED
652,111,0.0,,1.0000000000000004,,2,KG_ONLY_ADDED
652,329,0.0,0.9428090415820635,1.0000000000000004,,9,KG_ONLY_ADDED
652,450,0.0,0.625,1.0000000000000004,,7,KG_ONLY_ADDED
653,85,0.0,0.8366600265340756,1.0000000000000002,,4,KG_ONLY_ADDED
653,147,0.0,0.8996469021204839,1.0000000000000002,,11,KG_ONLY_ADDED
653,209,0.0,,1.0000000000000002,,0,KG_ONLY_ADDED
654,239,0.0,0.8164965809277259,0.9999999999999986,,3,KG_ONLY_ADDED
654,365,0.0,0.25819888974716115,0.9999999999999986,,7,KG_ONLY_ADDED
654,388,0.0,,0.9999999999999986,,5,KG_ONLY_ADDED
655,11,0.0,,1.0,,2,KG_ONLY_ADDED
655,12,0.0,0.48507125007266594,1.0,,5,KG_ONLY_ADDED
655,15,0.0,0.7071067811865475,1.0,,5,KG_ONLY_ADDED
656,28,0.0,,0.9999999999999993,,0,KG_ONLY_ADDED
656,81,0.0,0.3779644730092272,0.9999999999999993,,5,KG_ONLY_ADDED
656,328,0.0,,0.9999999999999993,,0,KG_ONLY_ADDED
657,11,0.0,,1.0,,1,KG_ONLY_ADDED
657,12,0.0,0.917662935482247,1.0,,10,KG_ONLY_ADDED
657,15,0.0,0.9112995284026161,1.0,,16,KG_ONLY_ADDED
658,8,0.0,,1.0,,1,KG_ONLY_ADDED
658,9,0.0,,1.0,,2,KG_ONLY_ADDED
658,11,0.0,,1.0,,1,KG_ONLY_ADDED
659,150,0.0,-0.4383972994809528,1.0000000000000002,,13,KG_ONLY_ADDED
659,235,0.0,0.29740895825796587,1.0000000000000002,,13,KG_ONLY_ADDED
659,268,0.0,0.50709255283711,1.0000000000000002,,6,KG_ONLY_ADDED
660,620,0.0,0.1889822365046136,1.0000000000000004,,4,KG_ONLY_ADDED
660,152,0.0,,0.999999999999999,,2,KG_ONLY_ADDED
660,158,0.0,0.9473729613780999,0.999999999999999,,8,KG_ONLY_ADDED
661,385,0.0,0.5773502691896258,0.9921271157522257,,3,KG_ONLY_ADDED
661,21,0.0,,0.9897856329483006,,2,KG_ONLY_ADDED
661,400,0.0,0.6172133998483676,0.9897856326649616,,6,KG_ONLY_ADDED
662,11,0.0,,1.0,,2,KG_ONLY_ADDED
662,12,0.0,0.8807048459279794,1.0,,8,KG_ONLY_ADDED
662,15,0.0,0.6666666666666666,1.0,,9,KG_ONLY_ADDED
663,18,0.0,,0.9999999999999997,,1,KG_ONLY_ADDED
663,274,0.0,,0.9999999999999997,,1,KG_ONLY_ADDED
663,629,0.0,,0.9999999999999997,,1,KG_ONLY_ADDED
666,11,0.0,,1.0,,1,KG_ONLY_ADDED
666,12,0.0,0.9707253433941511,1.0,,4,KG_ONLY_ADDED
666,15,0.0,0.8749999999999998,1.0,,5,KG_ONLY_ADDED
667,11,0.0,,1.0,,0,KG_ONLY_ADDED
667,12,0.0,,1.0,,2,KG_ONLY_ADDED
667,15,0.0,,1.0,,1,KG_ONLY_ADDED
668,11,0.0,,1.0,,0,KG_ONLY_ADDED
668,12,0.0,1.0,1.0,,3,KG_ONLY_ADDED
668,15,0.0,0.8642416214502248,1.0,,6,KG_ONLY_ADDED
669,633,0.0,0.8749999999999998,0.994095008228592,,5,KG_ONLY_ADDED
669,530,0.0,0.9669875568304563,0.9896850223714019,,8,KG_ONLY_ADDED
669,91,0.0,0.917662935482247,0.9896850220030473,,10,KG_ONLY_ADDED
670,150,0.0,,1.0000000000000002,,1,KG_ONLY_ADDED
670,235,0.0,,1.0000000000000002,,1,KG_ONLY_ADDED
670,268,0.0,,1.0000000000000002,,0,KG_ONLY_ADDED
671,11,0.0,-0.8164965809277259,1.0,,3,KG_ONLY_ADDED
671,12,0.0,0.9238697708743119,1.0,,10,KG_ONLY_ADDED
671,15,0.0,0.9525793444156805,1.0,,6,KG_ONLY_ADDED
672,28,0.0,0.6531972647421808,0.9999999999999993,,15,KG_ONLY_ADDED
672,81,0.0,0.6324555320336759,0.9999999999999993,,10,KG_ONLY_ADDED
672,328,0.0,0.6674238124719146,0.9999999999999993,,10,KG_ONLY_ADDED
673,35,0.0,0.7171371656006361,1.0000000000000002,,9,KG_ONLY_ADDED
673,42,0.0,0.944911182523068,1.0000000000000002,,4,KG_ONLY_ADDED
673,323,0.0,0.9999999999999998,1.0000000000000002,,5,KG_ONLY_ADDED
674,244,0.0,0.9525793444156805,0.9881761864182342,,6,KG_ONLY_ADDED
674,316,0.0,0.4082482904638631,0.9881761863511221,,6,KG_ONLY_ADDED
674,630,0.0,1.0,0.9881761855944297,,4,KG_ONLY_ADDED
675,247,0.0,,1.0000000000000002,,0,KG_ONLY_ADDED
675,396,0.0,,1.0000000000000002,,0,KG_ONLY_ADDED
675,408,0.0,,1.0000000000000002,,1,KG_ONLY_ADDED
676,710,0.0,1.0000000000000002,0.9838729080811521,,3,KG_ONLY_ADDED
676,280,0.0,0.9622504486493763,0.9838729078291542,,3,KG_ONLY_ADDED
676,366,0.0,0.41602514716892186,0.9838729072681789,,8,KG_ONLY_ADDED
677,102,0.0,,1.0000000000000007,,0,KG_ONLY_ADDED
677,153,0.0,,1.0000000000000007,,3,KG_ONLY_ADDED
677,199,0.0,,1.0000000000000007,,0,KG_ONLY_ADDED
678,213,0.0,,0.9999999999999993,,1,KG_ONLY_ADDED
678,415,0.0,0.7807200583588266,0.9999999999999993,,9,KG_ONLY_ADDED
678,348,0.0,,0.9999999999999978,,0,KG_ONLY_ADDED
679,599,0.0,0.9622504486493763,1.0000000000000002,,3,KG_ONLY_ADDED
679,203,0.0,0.6324555320336759,0.9999999999999974,,6,KG_ONLY_ADDED
679,182,0.0,0.8911327886790069,0.9999999999999951,,6,KG_ONLY_ADDED
680,643,0.0,0.9279607271383371,0.9999999999999983,,13,KG_ONLY_ADDED
680,152,0.0,0.9428090415820635,0.9999999999999978,,3,KG_ONLY_ADDED
680,158,0.0,0.9525793444156805,0.9999999999999978,,3,KG_ONLY_ADDED
681,581,0.0,0.9074852129730302,0.9982564573327218,,5,KG_ONLY_ADDED
681,431,0.0,0.8770580193070293,0.9982564571834192,,4,KG_ONLY_ADDED
681,225,0.0,0.9707253433941511,0.998256457181284,,4,KG_ONLY_ADDED
682,550,0.0,1.0,0.9999999999999979,,6,KG_ONLY_ADDED
682,103,0.0,0.16666666666666666,0.9999999999999973,,6,KG_ONLY_ADDED
682,99,0.0,-0.10206207261596577,0.999999999999997,,13,KG_ONLY_ADDED
683,11,0.0,-0.8164965809277259,1.0,,3,KG_ONLY_ADDED
683,12,0.0,0.8801724588467041,1.0,,8,KG_ONLY_ADDED
683,15,0.0,0.9116846116771036,1.0,,8,KG_ONLY_ADDED
684,85,0.0,0.9405399431259605,1.0000000000000002,,8,KG_ONLY_ADDED
684,147,0.0,0.42491829279939874,1.0000000000000002,,12,KG_ONLY_ADDED
684,209,0.0,,1.0000000000000002,,2,KG_ONLY_ADDED
685,36,0.0,0.6622661785325219,1.0000000000000002,,23,KG_ONLY_ADDED
685,84,0.0,0.9428090415820635,1.0000000000000002,,3,KG_ONLY_ADDED
685,92,0.0,-0.6120563724821229,1.0000000000000002,,8,KG_ONLY_ADDED
686,36,0.0,0.944911182523068,1.0000000000000002,,4,KG_ONLY_ADDED
686,84,0.0,,1.0000000000000002,,0,KG_ONLY_ADDED
686,92,0.0,,1.0000000000000002,,1,KG_ONLY_ADDED
687,225,0.0,,1.0000000000000007,,1,KG_ONLY_ADDED
687,504,0.0,,1.0000000000000007,,0,KG_ONLY_ADDED
687,111,0.0,,0.9999999999999987,,1,KG_ONLY_ADDED
688,67,0.0,0.8933250005738373,1.0000000000000002,,8,KG_ONLY_ADDED
688,104,0.0,0.3481553119113957,1.0000000000000002,,9,KG_ONLY_ADDED
688,121,0.0,0.9428090415820635,1.0000000000000002,,3,KG_ONLY_ADDED
689,152,0.0,1.0000000000000002,1.0000000000000002,,3,KG_ONLY_ADDED
689,158,0.0,0.9622504486493763,1.0000000000000002,,3,KG_ONLY_ADDED
689,193,0.0,0.769800358919501,1.0000000000000002,,6,KG_ONLY_ADDED
690,101,0.0,0.6933752452815365,0.9999999999999981,,10,KG_ONLY_ADDED
690,213,0.0,0.9428090415820635,0.999999999999997,,3,KG_ONLY_ADDED
690,415,0.0,0.5695214286468868,0.999999999999997,,15,KG_ONLY_ADDED
691,152,0.0,,1.0000000000000002,,0,KG_ONLY_ADDED
691,158,0.0,,1.0000000000000002,,1,KG_ONLY_ADDED
691,193,0.0,,1.0000000000000002,,2,KG_ONLY_ADDED
692,32,0.0,,0.9999999999999999,,2,KG_ONLY_ADDED
692,260,0.0,1.0000000000000002,0.9999999999999999,,3,KG_ONLY_ADDED
692,378,0.0,0.9285714285714286,0.9999999999999999,,8,KG_ONLY_ADDED
693,545,0.0,0.7745966692414834,0.9999999999999976,,5,KG_ONLY_ADDED
693,709,0.0,0.6831300510639732,0.9999999999999976,,12,KG_ONLY_ADDED
693,93,0.0,0.8838834764831843,0.9999999999999972,,5,KG_ONLY_ADDED
694,321,0.0,0.9622504486493763,1.0000000000000007,,3,KG_ONLY_ADDED
694,135,0.0,,0.9999999999999969,,1,KG_ONLY_ADDED
694,637,0.0,0.9438798074485389,0.9999999999999969,,5,KG_ONLY_ADDED
695,76,0.0,,0.9999999999999986,,1,KG_ONLY_ADDED
695,324,0.0,,0.9999999999999986,,2,KG_ONLY_ADDED
695,720,0.0,,0.9999999999999974,,2,KG_ONLY_ADDED
696,649,0.0,,0.9999999999999958,,0,KG_ONLY_ADDED
696,589,0.0,,0.9999999999999954,,0,KG_ONLY_ADDED
696,152,0.0,,0.9999999999999949,,0,KG_ONLY_ADDED
697,11,0.0,,1.0,,0,KG_ONLY_ADDED
697,12,0.0,,1.0,,1,KG_ONLY_ADDED
697,15,0.0,,1.0,,1,KG_ONLY_ADDED
698,267,0.0,0.9428090415820635,0.9999999999999962,,3,KG_ONLY_ADDED
698,234,0.0,0.7302967433402214,0.9999999999999954,,5,KG_ONLY_ADDED
698,633,0.0,,0.9859174551648053,,2,KG_ONLY_ADDED
699,11,0.0,,1.0,,0,KG_ONLY_ADDED
699,12,0.0,1.0000000000000002,1.0,,3,KG_ONLY_ADDED
699,15,0.0,,1.0,,2,KG_ONLY_ADDED
700,482,0.0,0.781126577552403,0.9999999999999984,,30,KG_ONLY_ADDED
700,334,0.0,0.7844645405527361,0.9999999999999982,,33,KG_ONLY_ADDED
700,26,0.0,0.884537962671703,0.9999999999999978,,9,KG_ONLY_ADDED
701,150,0.0,,1.0000000000000002,,3,KG_ONLY_ADDED
701,235,0.0,0.9428090415820635,1.0000000000000002,,3,KG_ONLY_ADDED
701,268,0.0,0.9428090415820635,1.0000000000000002,,3,KG_ONLY_ADDED
702,467,0.0,1.0000000000000002,0.9999999999999988,,3,KG_ONLY_ADDED
702,326,0.0,0.5773502691896258,0.9999999999999981,,3,KG_ONLY_ADDED
702,255,0.0,,0.9999999999999976,,2,KG_ONLY_ADDED
703,11,0.0,,1.0,,3,KG_ONLY_ADDED
703,12,0.0,0.6666666666666666,1.0,,3,KG_ONLY_ADDED
703,15,0.0,0.6324555320336759,1.0,,5,KG_ONLY_ADDED
704,570,0.0,0.944911182523068,0.9999999999999994,,4,KG_ONLY_ADDED
704,282,0.0,,0.9999999999999979,,0,KG_ONLY_ADDED
704,416,0.0,0.9467292624062573,0.9999999999999979,,9,KG_ONLY_ADDED
705,26,0.0,0.9827076298239908,0.9999999999999999,,7,KG_ONLY_ADDED
705,47,0.0,0.7144957674337002,0.9999999999999999,,23,KG_ONLY_ADDED
705,79,0.0,0.47075654176200427,0.9999999999999999,,28,KG_ONLY_ADDED
706,67,0.0,0.953820966476532,1.0000000000000002,,20,KG_ONLY_ADDED
706,104,0.0,0.7317274774221444,1.0000000000000002,,19,KG_ONLY_ADDED
706,121,0.0,0.9445009854081414,1.0000000000000002,,16,KG_ONLY_ADDED
707,156,0.0,0.8860856623427403,1.0,,28,KG_ONLY_ADDED
707,351,0.0,0.4601789933084222,1.0,,10,KG_ONLY_ADDED
707,392,0.0,0.8703882797784892,0.9999999999999986,,7,KG_ONLY_ADDED
709,93,0.0,0.9428090415820635,0.9999999999999986,,3,KG_ONLY_ADDED
709,180,0.0,,0.9999999999999986,,1,KG_ONLY_ADDED
709,693,0.0,0.6831300510639732,0.9999999999999976,,12,KG_ONLY_ADDED
710,366,0.0,,0.9999999999999989,,1,KG_ONLY_ADDED
710,375,0.0,0.6681531047810609,0.9999999999999958,,5,KG_ONLY_ADDED
710,224,0.0,0.9622504486493763,0.999999999999995,,3,KG_ONLY_ADDED
711,331,0.0,,0.9999999999999925,,0,KG_ONLY_ADDED
711,141,0.0,0.9561828874675149,0.9876814220353352,,5,KG_ONLY_ADDED
711,117,0.0,1.0000000000000002,0.9795659621130001,,3,KG_ONLY_ADDED
712,611,0.0,,0.999999999999998,,1,KG_ONLY_ADDED
712,283,0.0,1.0,0.9999999999999979,,4,KG_ONLY_ADDED
712,589,0.0,,0.9884414687937044,,1,KG_ONLY_ADDED
713,568,0.0,,1.0,,2,KG_ONLY_ADDED
713,601,0.0,0.9622504486493763,1.0,,3,KG_ONLY_ADDED
713,636,0.0,,1.0,,2,KG_ONLY_ADDED
714,11,0.0,,1.0,,1,KG_ONLY_ADDED
714,12,0.0,0.9434563530497265,1.0,,4,KG_ONLY_ADDED
714,15,0.0,1.0,1.0,,6,KG_ONLY_ADDED
715,152,0.0,,1.0000000000000002,,2,KG_ONLY_ADDED
715,158,0.0,0.26726124191242434,1.0000000000000002,,4,KG_ONLY_ADDED
715,193,0.0,0.5477225575051661,1.0000000000000002,,9,KG_ONLY_ADDED
716,127,0.0,,1.0000000000000004,,0,KG_ONLY_ADDED
716,216,0.0,,1.0000000000000004,,2,KG_ONLY_ADDED
716,229,0.0,,1.0000000000000004,,0,KG_ONLY_ADDED
717,127,0.0,,1.0000000000000004,,1,KG_ONLY_ADDED
717,216,0.0,0.8164965809277259,1.0000000000000004,,3,KG_ONLY_ADDED
717,229,0.0,0.944911182523068,1.0000000000000004,,4,KG_ONLY_ADDED
718,133,0.0,,0.9999999999999977,,1,KG_ONLY_ADDED
718,152,0.0,,0.9999999999999973,,1,KG_ONLY_ADDED
718,158,0.0,,0.9999999999999973,,0,KG_ONLY_ADDED
719,152,0.0,0.9428090415820635,1.0000000000000002,,3,KG_ONLY_ADDED
719,158,0.0,,1.0000000000000002,,2,KG_ONLY_ADDED
719,193,0.0,0.4714045207910316,1.0000000000000002,,6,KG_ONLY_ADDED
720,76,0.0,0.9428090415820635,0.9999999999999974,,6,KG_ONLY_ADDED
720,324,0.0,0.8749999999999998,0.9999999999999974,,5,KG_ONLY_ADDED
720,695,0.0,,0.9999999999999974,,2,KG_ONLY_ADDED
721,152,0.0,,1.0000000000000002,,2,KG_ONLY_ADDED
721,158,0.0,0.9428090415820632,1.0000000000000002,,3,KG_ONLY_ADDED
721,193,0.0,0.4999999999999999,1.0000000000000002,,6,KG_ONLY_ADDED
722,516,0.0,1.0000000000000002,0.975770573207275,,3,KG_ONLY_ADDED
722,136,0.0,,0.9744222600649861,,2,KG_ONLY_ADDED
722,103,0.0,0.8164965809277259,0.9744222586511675,,3,KG_ONLY_ADDED
723,247,0.0,,1.0000000000000002,,0,KG_ONLY_ADDED
723,396,0.0,,1.0000000000000002,,1,KG_ONLY_ADDED
723,408,0.0,,1.0000000000000002,,0,KG_ONLY_ADDED
724,150,0.0,0.6546536707079772,1.0000000000000002,,7,KG_ONLY_ADDED
724,235,0.0,1.0,1.0000000000000002,,4,KG_ONLY_ADDED
724,268,0.0,0.9622504486493763,1.0000000000000002,,3,KG_ONLY_ADDED
725,11,0.0,,1.0,,0,KG_ONLY_ADDED
725,12,0.0,,1.0,,1,KG_ONLY_ADDED
725,15,0.0,,1.0,,0,KG_ONLY_ADDED
726,247,0.0,,1.0000000000000002,,0,KG_ONLY_ADDED
726,396,0.0,1.0000000000000002,1.0000000000000002,,3,KG_ONLY_ADDED
726,408,0.0,0.0,1.0000000000000002,,3,KG_ONLY_ADDED
727,49,0.0,,1.0000000000000002,,3,KG_ONLY_ADDED
727,198,0.0,,1.0000000000000002,,1,KG_ONLY_ADDED
727,271,0.0,,1.0000000000000002,,2,KG_ONLY_ADDED
728,11,0.0,,1.0,,1,KG_ONLY_ADDED
728,12,0.0,,1.0,,2,KG_ONLY_ADDED
728,15,0.0,0.5773502691896257,1.0,,3,KG_ONLY_ADDED
729,150,0.0,0.5000000000000001,1.0000000000000002,,11,KG_ONLY_ADDED
729,235,0.0,0.8451542547285165,1.0000000000000002,,8,KG_ONLY_ADDED
729,268,0.0,1.0000000000000002,1.0000000000000002,,3,KG_ONLY_ADDED
730,11,0.0,,1.0,,1,KG_ONLY_ADDED
730,12,0.0,0.926302172234155,1.0,,14,KG_ONLY_ADDED
730,15,0.0,0.9007546982220901,1.0,,11,KG_ONLY_ADDED
731,11,0.0,,1.0,,1,KG_ONLY_ADDED
731,12,0.0,0.9429541672723838,1.0,,8,KG_ONLY_ADDED
731,15,0.0,0.9647638212377322,1.0,,7,KG_ONLY_ADDED
732,148,0.0,,1.0,,1,KG_ONLY_ADDED
732,215,0.0,,1.0,,1,KG_ONLY_ADDED
732,220,0.0,,1.0,,0,KG_ONLY_ADDED
733,148,0.0,,1.0,,2,KG_ONLY_ADDED
733,215,0.0,,1.0,,1,KG_ONLY_ADDED
733,220,0.0,,1.0,,1,KG_ONLY_ADDED
734,11,0.0,,1.0,,2,KG_ONLY_ADDED
734,12,0.0,,1.0,,7,KG_ONLY_ADDED
734,15,0.0,,1.0,,3,KG_ONLY_ADDED
736,11,0.0,,1.0,,0,KG_ONLY_ADDED
736,12,0.0,0.5773502691896258,1.0,,3,KG_ONLY_ADDED
736,15,0.0,,1.0,,1,KG_ONLY_ADDED
737,148,0.0,-0.5773502691896258,1.0,,6,KG_ONLY_ADDED
737,215,0.0,0.7071067811865475,1.0,,4,KG_ONLY_ADDED
737,220,0.0,,1.0,,2,KG_ONLY_ADDED
738,11,0.0,-0.9428090415820632,1.0,,3,KG_ONLY_ADDED
738,12,0.0,1.0000000000000002,1.0,,3,KG_ONLY_ADDED
738,15,0.0,,1.0,,2,KG_ONLY_ADDED
741,11,0.0,0.3333333333333333,1.0,,3,KG_ONLY_ADDED
741,12,0.0,0.6804138174397718,1.0,,6,KG_ONLY_ADDED
741,15,0.0,0.6324555320336759,1.0,,10,KG_ONLY_ADDED
742,11,0.0,,1.0,,1,KG_ONLY_ADDED
742,12,0.0,,1.0,,2,KG_ONLY_ADDED
742,15,0.0,,1.0,,0,KG_ONLY_ADDED
743,11,0.0,,1.0,,1,KG_ONLY_ADDED
743,12,0.0,0.8642416214502248,1.0,,6,KG_ONLY_ADDED
743,15,0.0,0.8528028654224417,1.0,,5,KG_ONLY_ADDED
744,11,0.0,,1.0,,3,KG_ONLY_ADDED
744,12,0.0,0.6286185570937122,1.0,,13,KG_ONLY_ADDED
744,15,0.0,0.6236095644623235,1.0,,15,KG_ONLY_ADDED
745,18,0.0,,0.9999999999999997,,2,KG_ONLY_ADDED
745,274,0.0,,0.9999999999999997,,1,KG_ONLY_ADDED
745,629,0.0,,0.9999999999999997,,0,KG_ONLY_ADDED
746,150,0.0,,1.0000000000000002,,0,KG_ONLY_ADDED
746,235,0.0,,1.0000000000000002,,0,KG_ONLY_ADDED
746,268,0.0,,1.0000000000000002,,0,KG_ONLY_ADDED
747,11,0.0,1.0000000000000002,1.0,,3,KG_ONLY_ADDED
747,12,0.0,,1.0,,2,KG_ONLY_ADDED
747,15,0.0,0.0,1.0,,3,KG_ONLY_ADDED
748,602,0.0,,1.0,,2,KG_ONLY_ADDED
748,562,0.0,,0.9972881981055839,,0,KG_ONLY_ADDED
748,30,0.0,,0.9971672692247812,,0,KG_ONLY_ADDED
751,127,0.0,,1.0000000000000004,,1,KG_ONLY_ADDED
751,216,0.0,,1.0000000000000004,,1,KG_ONLY_ADDED
751,229,0.0,,1.0000000000000004,,2,KG_ONLY_ADDED
752,89,0.0,,1.0000000000000002,,1,KG_ONLY_ADDED
752,336,0.0,,1.0000000000000002,,0,KG_ONLY_ADDED
752,508,0.0,0.9999999999999998,1.0000000000000002,,5,KG_ONLY_ADDED
753,150,0.0,0.5,1.0000000000000002,,4,KG_ONLY_ADDED
753,235,0.0,1.0,1.0000000000000002,,4,KG_ONLY_ADDED
753,268,0.0,,1.0000000000000002,,2,KG_ONLY_ADDED
754,150,0.0,-0.26726124191242434,1.0000000000000002,,4,KG_ONLY_ADDED
754,235,0.0,0.8164965809277259,1.0000000000000002,,3,KG_ONLY_ADDED
754,268,0.0,,1.0000000000000002,,1,KG_ONLY_ADDED
755,89,0.0,,1.0000000000000002,,1,KG_ONLY_ADDED
755,336,0.0,,1.0000000000000002,,0,KG_ONLY_ADDED
755,508,0.0,,1.0000000000000002,,1,KG_ONLY_ADDED
