source_drug_index,target_drug_index,original_similarity,task_similarity,kg_similarity,edge_origin
0,1,0.0,0.8728715609439696,1.0,ORIGINAL
0,2,0.0,0.9428090415820635,0.9633150259944552,ORIGINAL
0,3,0.0,0.8581163303210331,0.9478675140998328,ORIGINAL
0,4,0.0,,1.0,ORIGINAL
0,5,0.0,,1.0,ORIGINAL
0,6,0.0,,0.9646784562203947,ORIGINAL
0,7,0.0,,1.0,ORIGINAL
0,8,0.0,,1.0,ORIGINAL
0,9,0.0,1.0000000000000002,1.0,ORIGINAL
0,10,0.0,,,ORIGINAL
1,0,0.0,0.8728715609439696,1.0,ORIGINAL
1,2,0.0,0.9525793444156805,0.9633150259944552,ORIGINAL
1,3,0.0,0.8970852271450606,0.9478675140998328,ORIGINAL
1,4,0.0,1.0000000000000002,1.0,ORIGINAL
1,5,0.0,1.0,1.0,ORIGINAL
1,6,0.0,0.6092717958449424,0.9646784562203947,ORIGINAL
1,7,0.0,0.9428090415820635,1.0,ORIGINAL
1,8,0.0,,1.0,ORIGINAL
1,9,0.0,0.9799578870122229,1.0,ORIGINAL
1,10,0.0,-0.16903085094570328,,ORIGINAL
2,0,0.0,0.9428090415820635,0.9633150259944552,ORIGINAL
2,1,0.0,0.9525793444156805,0.9633150259944552,ORIGINAL
2,3,0.0,0.9325048082403137,0.9777320874553711,ORIGINAL
2,4,0.0,0.944911182523068,0.9633150259944552,ORIGINAL
2,5,0.0,0.9438798074485389,0.9633150259944552,ORIGINAL
2,6,0.0,0.29814239699997197,0.9658346052796958,ORIGINAL
2,7,0.0,1.0000000000000002,0.9633150259944552,ORIGINAL
2,8,0.0,0.8999999999999998,0.9633150259944552,ORIGINAL
2,9,0.0,0.9525793444156805,0.9633150259944552,ORIGINAL
2,10,0.0,-0.5773502691896257,,ORIGINAL
3,0,0.0,0.8581163303210331,0.9478675140998328,ORIGINAL
3,1,0.0,0.8970852271450606,0.9478675140998328,ORIGINAL
3,2,0.0,0.9325048082403137,0.9777320874553711,ORIGINAL
3,4,0.0,0.9237604307034013,0.9478675140998328,ORIGINAL
3,5,0.0,0.9525793444156805,0.9478675140998328,ORIGINAL
3,6,0.0,0.5263613559678152,0.9413488731479989,ORIGINAL
3,7,0.0,0.944911182523068,0.9478675140998328,ORIGINAL
3,8,0.0,0.8944271909999159,0.9478675140998328,ORIGINAL
3,9,0.0,0.9090909090909091,0.9478675140998328,ORIGINAL
3,10,0.0,-0.4472135954999579,,ORIGINAL
4,0,0.0,,1.0,ORIGINAL
4,1,0.0,1.0000000000000002,1.0,ORIGINAL
4,2,0.0,0.944911182523068,0.9633150259944552,ORIGINAL
4,3,0.0,0.9237604307034013,0.9478675140998328,ORIGINAL
4,5,0.0,0.9574271077563381,1.0,ORIGINAL
4,6,0.0,0.8563488385776753,0.9646784562203947,ORIGINAL
4,7,0.0,,1.0,ORIGINAL
4,8,0.0,0.8571428571428571,1.0,ORIGINAL
4,9,0.0,,1.0,ORIGINAL
4,10,0.0,-0.223606797749979,,ORIGINAL
5,0,0.0,,1.0,ORIGINAL
5,1,0.0,1.0,1.0,ORIGINAL
5,2,0.0,0.9438798074485389,0.9633150259944552,ORIGINAL
5,3,0.0,0.9525793444156805,0.9478675140998328,ORIGINAL
5,4,0.0,0.9574271077563381,1.0,ORIGINAL
5,6,0.0,0.5773502691896258,0.9646784562203947,ORIGINAL
5,7,0.0,0.9561828874675149,1.0,ORIGINAL
5,8,0.0,0.9464574146347642,1.0,ORIGINAL
5,9,0.0,0.8728715609439696,1.0,ORIGINAL
5,10,0.0,-0.12309149097933275,,ORIGINAL
6,0,0.0,,0.9646784562203947,ORIGINAL
6,1,0.0,0.6092717958449424,0.9646784562203947,ORIGINAL
6,2,0.0,0.29814239699997197,0.9658346052796958,ORIGINAL
6,3,0.0,0.5263613559678152,0.9413488731479989,ORIGINAL
6,4,0.0,0.8563488385776753,0.9646784562203947,ORIGINAL
6,5,0.0,0.5773502691896258,0.9646784562203947,ORIGINAL
6,7,0.0,0.8749999999999998,0.9646784562203947,ORIGINAL
6,8,0.0,0.8606629658238704,0.9646784562203947,ORIGINAL
6,9,0.0,0.4743416490252569,0.9646784562203947,ORIGINAL
6,10,0.0,0.1336306209562122,,ORIGINAL
7,0,0.0,,1.0,ORIGINAL
7,1,0.0,0.9428090415820635,1.0,ORIGINAL
7,2,0.0,1.0000000000000002,0.9633150259944552,ORIGINAL
7,3,0.0,0.944911182523068,0.9478675140998328,ORIGINAL
7,4,0.0,,1.0,ORIGINAL
7,5,0.0,0.9561828874675149,1.0,ORIGINAL
7,6,0.0,0.8749999999999998,0.9646784562203947,ORIGINAL
7,8,0.0,0.8125,1.0,ORIGINAL
7,9,0.0,0.7302967433402214,1.0,ORIGINAL
7,10,0.0,-0.769800358919501,,ORIGINAL
8,0,0.0,,1.0,ORIGINAL
8,1,0.0,,1.0,ORIGINAL
8,2,0.0,0.8999999999999998,0.9633150259944552,ORIGINAL
8,3,0.0,0.8944271909999159,0.9478675140998328,ORIGINAL
8,4,0.0,0.8571428571428571,1.0,ORIGINAL
8,5,0.0,0.9464574146347642,1.0,ORIGINAL
8,6,0.0,0.8606629658238704,0.9646784562203947,ORIGINAL
8,7,0.0,0.8125,1.0,ORIGINAL
8,9,0.0,0.7302967433402214,1.0,ORIGINAL
8,10,0.0,-0.33333333333333337,,ORIGINAL
9,0,0.0,1.0000000000000002,1.0,ORIGINAL
9,1,0.0,0.9799578870122229,1.0,ORIGINAL
9,2,0.0,0.9525793444156805,0.9633150259944552,ORIGINAL
9,3,0.0,0.9090909090909091,0.9478675140998328,ORIGINAL
9,4,0.0,,1.0,ORIGINAL
9,5,0.0,0.8728715609439696,1.0,ORIGINAL
9,6,0.0,0.4743416490252569,0.9646784562203947,ORIGINAL
9,7,0.0,0.7302967433402214,1.0,ORIGINAL
9,8,0.0,0.7302967433402214,1.0,ORIGINAL
9,10,0.0,0.4082482904638631,,ORIGINAL
10,0,0.0,,,ORIGINAL
10,1,0.0,-0.16903085094570328,,ORIGINAL
10,2,0.0,-0.5773502691896257,,ORIGINAL
10,3,0.0,-0.4472135954999579,,ORIGINAL
10,4,0.0,-0.223606797749979,,ORIGINAL
10,5,0.0,-0.12309149097933275,,ORIGINAL
10,6,0.0,0.1336306209562122,,ORIGINAL
10,7,0.0,-0.769800358919501,,ORIGINAL
10,8,0.0,-0.33333333333333337,,ORIGINAL
10,9,0.0,0.4082482904638631,,ORIGINAL
11,0,0.0,0.1889822365046136,1.0,ORIGINAL
11,1,0.0,0.8660254037844387,1.0,ORIGINAL
11,2,0.0,-0.5773502691896257,0.9633150259944552,ORIGINAL
11,3,0.0,-0.13483997249264842,0.9478675140998328,ORIGINAL
11,4,0.0,,1.0,ORIGINAL
11,5,0.0,,1.0,ORIGINAL
11,6,0.0,,0.9646784562203947,ORIGINAL
11,7,0.0,,1.0,ORIGINAL
11,8,0.0,,1.0,ORIGINAL
11,9,0.0,-0.2357022603955158,1.0,ORIGINAL
12,0,0.0,,1.0,ORIGINAL
12,1,0.0,0.8801724588467041,1.0,ORIGINAL
12,2,0.0,0.917662935482247,0.9633150259944552,ORIGINAL
12,3,0.0,0.9096744465929526,0.9478675140998328,ORIGINAL
12,4,0.0,0.9190074972809804,1.0,ORIGINAL
12,5,0.0,0.9302605094190635,1.0,ORIGINAL
12,6,0.0,0.7576144084141581,0.9646784562203947,ORIGINAL
12,7,0.0,0.9434563530497265,1.0,ORIGINAL
12,8,0.0,0.9230769230769232,1.0,ORIGINAL
12,9,0.0,1.0000000000000002,1.0,ORIGINAL
13,0,0.0,0.9525793444156805,,ORIGINAL
13,1,0.0,1.0,,ORIGINAL
13,2,0.0,0.9197090092274486,,ORIGINAL
13,3,0.0,0.8553372034476997,,ORIGINAL
13,4,0.0,0.8398387664337815,,ORIGINAL
13,5,0.0,0.894427190999916,,ORIGINAL
13,6,0.0,0.5400617248673217,,ORIGINAL
13,7,0.0,0.9525793444156805,,ORIGINAL
13,8,0.0,0.9430419201928973,,ORIGINAL
13,9,0.0,0.8910421112136306,,ORIGINAL
14,0,0.0,0.944911182523068,0.9688240436981679,ORIGINAL
14,1,0.0,0.8486684247915056,0.9688240436981679,ORIGINAL
14,2,0.0,0.8189230248533257,0.9416600178977113,ORIGINAL
14,3,0.0,0.9276125895432155,0.9640273215868559,ORIGINAL
14,4,0.0,0.8488746876271654,0.9688240436981679,ORIGINAL
14,5,0.0,0.9296696802013682,0.9688240436981679,ORIGINAL
14,6,0.0,0.8902638145194514,0.9506001616253588,ORIGINAL
14,7,0.0,0.8976656233969146,0.9688240436981679,ORIGINAL
14,8,0.0,0.8736977528572243,0.9688240436981679,ORIGINAL
14,9,0.0,0.8892972917998876,0.9688240436981679,ORIGINAL
15,0,0.0,0.1889822365046136,1.0,ORIGINAL
15,1,0.0,0.8999999999999998,1.0,ORIGINAL
15,2,0.0,0.909154827298409,0.9633150259944552,ORIGINAL
15,3,0.0,0.9428713287054149,0.9478675140998328,ORIGINAL
15,4,0.0,0.9467292624062573,1.0,ORIGINAL
15,5,0.0,0.4045199174779452,1.0,ORIGINAL
15,6,0.0,0.6308932681440448,0.9646784562203947,ORIGINAL
15,7,0.0,0.9561828874675149,1.0,ORIGINAL
15,8,0.0,0.8775269089525567,1.0,ORIGINAL
15,9,0.0,0.48304589153964794,1.0,ORIGINAL
16,0,0.0,,0.9639813098116331,ORIGINAL
16,1,0.0,0.9999999999999999,0.9639813098116331,ORIGINAL
16,2,0.0,0.9999999999999998,0.9054516351274056,ORIGINAL
16,3,0.0,0.9534625892455924,0.8676103609921769,ORIGINAL
16,4,0.0,0.8333333333333335,0.9639813098116331,ORIGINAL
16,5,0.0,,0.9639813098116331,ORIGINAL
16,6,0.0,0.8728715609439696,0.9485264300328381,ORIGINAL
16,7,0.0,,0.9639813098116331,ORIGINAL
16,8,0.0,,0.9639813098116331,ORIGINAL
16,9,0.0,,0.9639813098116331,ORIGINAL
17,0,0.0,0.9428090415820635,1.0,ORIGINAL
17,1,0.0,0.9444444444444444,1.0,ORIGINAL
17,2,0.0,0.9103585242672971,0.9633150259944552,ORIGINAL
17,3,0.0,0.8671531082505228,0.9478675140998328,ORIGINAL
17,4,0.0,0.9463399022160672,1.0,ORIGINAL
17,5,0.0,0.9727963492069713,1.0,ORIGINAL
17,6,0.0,0.6736330697086078,0.9646784562203947,ORIGINAL
17,7,0.0,0.8875203139603666,1.0,ORIGINAL
17,8,0.0,0.9325048082403138,1.0,ORIGINAL
17,9,0.0,0.96,1.0,ORIGINAL
18,0,0.0,,0.9471904310983514,ORIGINAL
18,1,0.0,0.9561828874675149,0.9471904310983514,ORIGINAL
18,2,0.0,0.9258200997725516,0.9744499134770355,ORIGINAL
18,3,0.0,0.9636241116594315,0.9590620043917518,ORIGINAL
18,4,0.0,,0.9471904310983514,ORIGINAL
18,5,0.0,0.9486832980505138,0.9471904310983514,ORIGINAL
18,6,0.0,0.7717436331412897,0.9287918814548854,ORIGINAL
18,7,0.0,,0.9471904310983514,ORIGINAL
18,8,0.0,0.9428090415820635,0.9471904310983514,ORIGINAL
18,9,0.0,0.8888888888888888,0.9471904310983514,ORIGINAL
19,0,0.0,,1.0,ORIGINAL
19,1,0.0,,1.0,ORIGINAL
19,2,0.0,-1.0000000000000002,0.9633150259944552,ORIGINAL
19,3,0.0,-1.0000000000000002,0.9478675140998328,ORIGINAL
19,4,0.0,,1.0,ORIGINAL
19,5,0.0,,1.0,ORIGINAL
19,6,0.0,,0.9646784562203947,ORIGINAL
19,7,0.0,,1.0,ORIGINAL
19,8,0.0,,1.0,ORIGINAL
19,9,0.0,0.0,1.0,ORIGINAL
20,0,0.0,,1.0,ORIGINAL
20,1,0.0,,1.0,ORIGINAL
20,2,0.0,1.0000000000000002,0.9633150259944552,ORIGINAL
20,3,0.0,0.8613567692141091,0.9478675140998328,ORIGINAL
20,4,0.0,0.9434563530497265,1.0,ORIGINAL
20,5,0.0,0.9333333333333333,1.0,ORIGINAL
20,6,0.0,0.6324555320336759,0.9646784562203947,ORIGINAL
20,7,0.0,0.9090909090909091,1.0,ORIGINAL
20,8,0.0,0.8869685939836239,1.0,ORIGINAL
20,9,0.0,,1.0,ORIGINAL
21,549,0.9,0.9523809523809523,,ORIGINAL
21,739,0.9,0.9761870601839528,,ORIGINAL
21,0,0.0,,0.9787128308504259,ORIGINAL
21,1,0.0,0.9438798074485388,0.9787128308504259,ORIGINAL
21,2,0.0,0.9622504486493764,0.9352165916551258,ORIGINAL
21,3,0.0,0.9140905301589133,0.9507984159514022,ORIGINAL
21,4,0.0,0.9503819266229829,0.9787128308504259,ORIGINAL
21,5,0.0,0.9428090415820635,0.9787128308504259,ORIGINAL
21,6,0.0,0.7089175569585667,0.9503441962871676,ORIGINAL
21,7,0.0,0.8421052631578946,0.9787128308504259,ORIGINAL
22,0,0.0,,0.9464225387447485,ORIGINAL
22,1,0.0,,0.9464225387447485,ORIGINAL
22,2,0.0,,0.9364023515847217,ORIGINAL
22,3,0.0,,0.946063815064017,ORIGINAL
22,4,0.0,,0.9464225387447485,ORIGINAL
22,5,0.0,,0.9464225387447485,ORIGINAL
22,6,0.0,,0.9660329857432681,ORIGINAL
22,7,0.0,,0.9464225387447485,ORIGINAL
22,8,0.0,,0.9464225387447485,ORIGINAL
22,9,0.0,,0.9464225387447485,ORIGINAL
23,0,0.0,,0.9738458758990994,ORIGINAL
23,1,0.0,0.944911182523068,0.9738458758990994,ORIGINAL
23,2,0.0,0.9594032236002469,0.9545809525599896,ORIGINAL
23,3,0.0,0.8997354108424374,0.9713391354286336,ORIGINAL
23,4,0.0,0.9486832980505138,0.9738458758990994,ORIGINAL
23,5,0.0,0.9999999999999999,0.9738458758990994,ORIGINAL
23,6,0.0,0.9594032236002469,0.9212287384896999,ORIGINAL
23,7,0.0,0.944911182523068,0.9738458758990994,ORIGINAL
23,8,0.0,0.9622504486493764,0.9738458758990994,ORIGINAL
23,9,0.0,0.9486832980505138,0.9738458758990994,ORIGINAL
24,0,0.0,-0.447213595499958,0.9806790826880305,ORIGINAL
24,1,0.0,0.5855400437691199,0.9806790826880305,ORIGINAL
24,2,0.0,0.6199304198780667,0.9341955269643447,ORIGINAL
24,3,0.0,0.42092222111001554,0.9453174429785006,ORIGINAL
24,4,0.0,0.4536323543632774,0.9806790826880305,ORIGINAL
24,5,0.0,0.4588314677411235,0.9806790826880305,ORIGINAL
24,6,0.0,0.5714285714285714,0.9561958130021706,ORIGINAL
24,7,0.0,0.7092081432669752,0.9806790826880305,ORIGINAL
24,8,0.0,0.44543540318737396,0.9806790826880305,ORIGINAL
24,9,0.0,0.8838834764831844,0.9806790826880305,ORIGINAL
25,0,0.0,,0.9317824658482984,ORIGINAL
25,1,0.0,0.8164965809277259,0.9317824658482984,ORIGINAL
25,2,0.0,0.4364357804719848,0.9481723036225334,ORIGINAL
25,3,0.0,0.7071067811865475,0.9184882791854332,ORIGINAL
25,4,0.0,0.9428090415820635,0.9317824658482984,ORIGINAL
25,5,0.0,0.5330017908890261,0.9317824658482984,ORIGINAL
25,6,0.0,0.6666666666666667,0.9277148474475789,ORIGINAL
25,7,0.0,0.9486832980505138,0.9317824658482984,ORIGINAL
25,8,0.0,0.9486832980505138,0.9317824658482984,ORIGINAL
25,9,0.0,0.2834733547569204,0.9317824658482984,ORIGINAL
26,0,0.0,,0.9806790815403282,ORIGINAL
26,1,0.0,1.0,0.9806790815403282,ORIGINAL
26,2,0.0,0.9058216273156767,0.9341955258135484,ORIGINAL
26,3,0.0,0.8333333333333334,0.9453174438792368,ORIGINAL
26,4,0.0,0.9622504486493763,0.9806790815403282,ORIGINAL
26,5,0.0,0.9999999999999999,0.9806790815403282,ORIGINAL
26,6,0.0,0.4629100498862757,0.9561958137126199,ORIGINAL
26,7,0.0,,0.9806790815403282,ORIGINAL
26,8,0.0,0.9622504486493763,0.9806790815403282,ORIGINAL
26,9,0.0,0.9561828874675149,0.9806790815403282,ORIGINAL
27,0,0.0,,0.9472315702303523,ORIGINAL
27,1,0.0,,0.9472315702303523,ORIGINAL
27,2,0.0,,0.9299349183050548,ORIGINAL
27,3,0.0,,0.900893001940777,ORIGINAL
27,4,0.0,,0.9472315702303523,ORIGINAL
27,5,0.0,0.9428090415820635,0.9472315702303523,ORIGINAL
27,6,0.0,,0.9765532417861429,ORIGINAL
27,7,0.0,0.9525793444156805,0.9472315702303523,ORIGINAL
27,8,0.0,0.9428090415820635,0.9472315702303523,ORIGINAL
27,9,0.0,,0.9472315702303523,ORIGINAL
28,0,0.0,0.0,0.9633150259944552,ORIGINAL
28,1,0.0,0.882522608121828,0.9633150259944552,ORIGINAL
28,2,0.0,0.5477225575051661,0.9999999999999993,ORIGINAL
28,3,0.0,0.4654746681256313,0.9777320874553711,ORIGINAL
28,4,0.0,0.9128709291752769,0.9633150259944552,ORIGINAL
28,5,0.0,0.6999999999999998,0.9633150259944552,ORIGINAL
28,6,0.0,0.1690308509457033,0.9658346052796958,ORIGINAL
28,7,0.0,0.5163977794943222,0.9633150259944552,ORIGINAL
28,8,0.0,0.6622661785325219,0.9633150259944552,ORIGINAL
28,9,0.0,0.6172133998483676,0.9633150259944552,ORIGINAL
29,0,0.0,,0.9547094717688748,ORIGINAL
29,1,0.0,,0.9547094717688748,ORIGINAL
29,2,0.0,0.9428090415820635,0.9773974148095274,ORIGINAL
29,3,0.0,0.9438798074485389,0.9866204906090082,ORIGINAL
29,4,0.0,,0.9547094717688748,ORIGINAL
29,5,0.0,,0.9547094717688748,ORIGINAL
29,6,0.0,,0.9639000526449375,ORIGINAL
29,7,0.0,,0.9547094717688748,ORIGINAL
29,8,0.0,,0.9547094717688748,ORIGINAL
29,9,0.0,,0.9547094717688748,ORIGINAL
30,0,0.0,,0.9999999999999963,ORIGINAL
30,1,0.0,0.9486832980505138,0.9999999999999963,ORIGINAL
30,2,0.0,0.9467292624062573,0.963315030649272,ORIGINAL
30,3,0.0,0.9293203772845849,0.9478675182060994,ORIGINAL
30,4,0.0,0.9561828874675149,0.9999999999999963,ORIGINAL
30,5,0.0,0.9428090415820634,0.9999999999999963,ORIGINAL
30,6,0.0,0.4364357804719848,0.9646784581218443,ORIGINAL
30,7,0.0,0.9723055853282466,0.9999999999999963,ORIGINAL
30,8,0.0,0.9013878188659974,0.9999999999999963,ORIGINAL
30,9,0.0,0.7745966692414834,0.9999999999999963,ORIGINAL
31,0,0.0,,0.9265269144557784,ORIGINAL
31,1,0.0,0.5,0.9265269144557784,ORIGINAL
31,2,0.0,0.4082482904638631,0.8674344100157444,ORIGINAL
31,3,0.0,0.5303300858899106,0.8508475952763901,ORIGINAL
31,4,0.0,0.8660254037844387,0.9265269144557784,ORIGINAL
31,5,0.0,0.7071067811865475,0.9265269144557784,ORIGINAL
31,6,0.0,0.35355339059327373,0.9305804524064215,ORIGINAL
31,7,0.0,,0.9265269144557784,ORIGINAL
31,8,0.0,,0.9265269144557784,ORIGINAL
31,9,0.0,0.6666666666666666,0.9265269144557784,ORIGINAL
32,0,0.0,,0.961120586841919,ORIGINAL
32,1,0.0,0.944911182523068,0.961120586841919,ORIGINAL
32,2,0.0,,0.9521660180930676,ORIGINAL
32,3,0.0,,0.9352301584940231,ORIGINAL
32,4,0.0,0.9622504486493763,0.961120586841919,ORIGINAL
32,5,0.0,1.0000000000000002,0.961120586841919,ORIGINAL
32,6,0.0,0.3651483716701107,0.9665349418267045,ORIGINAL
32,7,0.0,,0.961120586841919,ORIGINAL
32,8,0.0,,0.961120586841919,ORIGINAL
32,9,0.0,,0.961120586841919,ORIGINAL
33,0,0.0,0.9999999999999998,0.9949147262909888,ORIGINAL
33,1,0.0,0.9434563530497265,0.9949147262909888,ORIGINAL
33,2,0.0,0.9061030445113443,0.9513045252701238,ORIGINAL
33,3,0.0,0.8890008890013334,0.9266304177681179,ORIGINAL
33,4,0.0,0.8804087784801331,0.9949147262909888,ORIGINAL
33,5,0.0,0.9315516419063741,0.9949147262909888,ORIGINAL
33,6,0.0,0.4803844614152614,0.9703037312415322,ORIGINAL
33,7,0.0,0.968962790249909,0.9949147262909888,ORIGINAL
33,8,0.0,0.8677218312746247,0.9949147262909888,ORIGINAL
33,9,0.0,0.9429541672723838,0.9949147262909888,ORIGINAL
34,0,0.0,,1.0,ORIGINAL
34,1,0.0,0.75,1.0,ORIGINAL
34,2,0.0,0.37796447300922725,0.9633150259944552,ORIGINAL
34,3,0.0,0.4615930911724977,0.9478675140998328,ORIGINAL
34,4,0.0,0.7071067811865476,1.0,ORIGINAL
34,5,0.0,0.5477225575051661,1.0,ORIGINAL
34,6,0.0,0.47673129462279606,0.9646784562203947,ORIGINAL
34,7,0.0,0.5892556509887896,1.0,ORIGINAL
34,8,0.0,0.6187184335382291,1.0,ORIGINAL
34,9,0.0,0.6885303726590962,1.0,ORIGINAL
35,0,0.0,,0.9420432252655582,ORIGINAL
35,1,0.0,1.0000000000000002,0.9420432252655582,ORIGINAL
35,2,0.0,0.8333333333333334,0.935694190065955,ORIGINAL
35,3,0.0,0.9197090092274486,0.9599929196111939,ORIGINAL
35,4,0.0,0.9761870601839528,0.9420432252655582,ORIGINAL
35,5,0.0,0.9999999999999998,0.9420432252655582,ORIGINAL
35,6,0.0,0.5070925528371099,0.9403748526765583,ORIGINAL
35,7,0.0,0.9486832980505138,0.9420432252655582,ORIGINAL
35,8,0.0,0.9561828874675149,0.9420432252655582,ORIGINAL
35,9,0.0,0.769800358919501,0.9420432252655582,ORIGINAL
36,0,0.0,,0.9824636481796526,ORIGINAL
36,1,0.0,0.6454972243679028,0.9824636481796526,ORIGINAL
36,2,0.0,0.46188021535170054,0.9373812375584477,ORIGINAL
36,3,0.0,0.6092717958449424,0.9051753866614726,ORIGINAL
36,4,0.0,0.6804138174397718,0.9824636481796526,ORIGINAL
36,5,0.0,0.6666666666666666,0.9824636481796526,ORIGINAL
36,6,0.0,0.6324555320336759,0.9655410100448671,ORIGINAL
36,7,0.0,0.6933752452815365,0.9824636481796526,ORIGINAL
36,8,0.0,0.6708203932499369,0.9824636481796526,ORIGINAL
36,9,0.0,0.9072647087265548,0.9824636481796526,ORIGINAL
37,0,0.0,,0.9787128258238049,ORIGINAL
37,1,0.0,0.944911182523068,0.9787128258238049,ORIGINAL
37,2,0.0,,0.9352165812195476,ORIGINAL
37,3,0.0,0.944911182523068,0.9507984080426413,ORIGINAL
37,4,0.0,0.9622504486493763,0.9787128258238049,ORIGINAL
37,5,0.0,1.0000000000000002,0.9787128258238049,ORIGINAL
37,6,0.0,0.8164965809277259,0.9503441917874439,ORIGINAL
37,7,0.0,0.9622504486493763,0.9787128258238049,ORIGINAL
37,8,0.0,,0.9787128258238049,ORIGINAL
37,9,0.0,0.9486832980505138,0.9787128258238049,ORIGINAL
38,551,0.9,,0.9246351769434363,ORIGINAL
38,0,0.0,0.9999999999999998,0.9246351769434363,ORIGINAL
38,1,0.0,,0.9246351769434363,ORIGINAL
38,2,0.0,1.0000000000000002,0.9390073894927917,ORIGINAL
38,3,0.0,1.0000000000000002,0.9530605263464157,ORIGINAL
38,4,0.0,,0.9246351769434363,ORIGINAL
38,5,0.0,,0.9246351769434363,ORIGINAL
38,6,0.0,,0.9144329271717845,ORIGINAL
38,7,0.0,,0.9246351769434363,ORIGINAL
38,8,0.0,,0.9246351769434363,ORIGINAL
39,0,0.0,-0.2886751345948129,0.9806790805725801,ORIGINAL
39,1,0.0,0.629940788348712,0.9806790805725801,ORIGINAL
39,2,0.0,0.8944271909999159,0.9341955204820873,ORIGINAL
39,3,0.0,0.8176298175326768,0.9453174394304682,ORIGINAL
39,4,0.0,0.8528028654224419,0.9806790805725801,ORIGINAL
39,5,0.0,0.7468160448149386,0.9806790805725801,ORIGINAL
39,6,0.0,0.7692307692307694,0.9561958104880408,ORIGINAL
39,7,0.0,0.8964214570007952,0.9806790805725801,ORIGINAL
39,8,0.0,0.890870806374748,0.9806790805725801,ORIGINAL
39,9,0.0,0.5345224838248488,0.9806790805725801,ORIGINAL
40,0,0.0,,0.9487238660456732,ORIGINAL
40,1,0.0,0.9428090415820635,0.9487238660456732,ORIGINAL
40,2,0.0,1.0,0.8891044140773785,ORIGINAL
40,3,0.0,1.0,0.9153603163718335,ORIGINAL
40,4,0.0,,0.9487238660456732,ORIGINAL
40,5,0.0,0.9486832980505138,0.9487238660456732,ORIGINAL
40,6,0.0,0.9428090415820632,0.9216289035166967,ORIGINAL
40,7,0.0,0.944911182523068,0.9487238660456732,ORIGINAL
40,8,0.0,0.8528028654224417,0.9487238660456732,ORIGINAL
40,9,0.0,0.9428090415820635,0.9487238660456732,ORIGINAL
41,0,0.0,,0.9787128262576937,ORIGINAL
41,1,0.0,0.9486832980505138,0.9787128262576937,ORIGINAL
41,2,0.0,0.8660254037844386,0.9352165820534446,ORIGINAL
41,3,0.0,0.9058216273156767,0.9507984093464296,ORIGINAL
41,4,0.0,0.9999999999999998,0.9787128262576937,ORIGINAL
41,5,0.0,1.0000000000000002,0.9787128262576937,ORIGINAL
41,6,0.0,0.6154574548966638,0.9503441910853968,ORIGINAL
41,7,0.0,,0.9787128262576937,ORIGINAL
41,8,0.0,0.9428090415820635,0.9787128262576937,ORIGINAL
41,9,0.0,,0.9787128262576937,ORIGINAL
42,0,0.0,,0.9420432252655582,ORIGINAL
42,1,0.0,0.9999999999999998,0.9420432252655582,ORIGINAL
42,2,0.0,0.9428090415820635,0.935694190065955,ORIGINAL
42,3,0.0,0.8486684247915056,0.9599929196111939,ORIGINAL
42,4,0.0,,0.9420432252655582,ORIGINAL
42,5,0.0,0.9999999999999998,0.9420432252655582,ORIGINAL
42,6,0.0,0.6324555320336759,0.9403748526765583,ORIGINAL
42,7,0.0,0.944911182523068,0.9420432252655582,ORIGINAL
42,8,0.0,0.9428090415820635,0.9420432252655582,ORIGINAL
42,9,0.0,1.0,0.9420432252655582,ORIGINAL
43,0,0.0,,0.9478675152236234,ORIGINAL
43,1,0.0,,0.9478675152236234,ORIGINAL
43,2,0.0,,0.9777320864904733,ORIGINAL
43,3,0.0,,0.999999999999996,ORIGINAL
43,4,0.0,,0.9478675152236234,ORIGINAL
43,5,0.0,,0.9478675152236234,ORIGINAL
43,6,0.0,,0.941348872505469,ORIGINAL
43,7,0.0,,0.9478675152236234,ORIGINAL
43,8,0.0,,0.9478675152236234,ORIGINAL
43,9,0.0,,0.9478675152236234,ORIGINAL
44,0,0.0,,0.959400934511315,ORIGINAL
44,1,0.0,0.8333333333333334,0.959400934511315,ORIGINAL
44,2,0.0,0.9622504486493763,0.9838151382869627,ORIGINAL
44,3,0.0,0.5039526306789697,0.9455680632095379,ORIGINAL
44,4,0.0,0.7453559924999299,0.959400934511315,ORIGINAL
44,5,0.0,0.7745966692414834,0.959400934511315,ORIGINAL
44,6,0.0,0.6546536707079772,0.9765368568814966,ORIGINAL
44,7,0.0,,0.959400934511315,ORIGINAL
44,8,0.0,,0.959400934511315,ORIGINAL
44,9,0.0,0.7071067811865475,0.959400934511315,ORIGINAL
45,0,0.0,0.0,0.9806790809612916,ORIGINAL
45,1,0.0,0.17541160386140586,0.9806790809612916,ORIGINAL
45,2,0.0,-0.2727272727272727,0.9341955262974632,ORIGINAL
45,3,0.0,-0.24019223070763074,0.9453174448106192,ORIGINAL
45,4,0.0,0.0,0.9806790809612916,ORIGINAL
45,5,0.0,0.19999999999999996,0.9806790809612916,ORIGINAL
45,6,0.0,0.44543540318737396,0.9561958124077936,ORIGINAL
45,7,0.0,0.47140452079103173,0.9806790809612916,ORIGINAL
45,8,0.0,0.19245008972987526,0.9806790809612916,ORIGINAL
45,9,0.0,0.15294382258037448,0.9806790809612916,ORIGINAL
46,0,0.0,,0.9557478104089453,ORIGINAL
46,1,0.0,,0.9557478104089453,ORIGINAL
46,2,0.0,,0.8993093781459607,ORIGINAL
46,3,0.0,0.9999999999999999,0.8997410461184958,ORIGINAL
46,4,0.0,1.0000000000000002,0.9557478104089453,ORIGINAL
46,5,0.0,1.0000000000000002,0.9557478104089453,ORIGINAL
46,6,0.0,0.33333333333333337,0.9319636192814553,ORIGINAL
46,7,0.0,0.9428090415820635,0.9557478104089453,ORIGINAL
46,8,0.0,0.9622504486493763,0.9557478104089453,ORIGINAL
46,9,0.0,,0.9557478104089453,ORIGINAL
47,0,0.0,-0.13608276348795434,0.9806790815403282,ORIGINAL
47,1,0.0,0.6363636363636364,0.9806790815403282,ORIGINAL
47,2,0.0,0.7071067811865476,0.9341955258135484,ORIGINAL
47,3,0.0,0.4674263524428027,0.9453174438792368,ORIGINAL
47,4,0.0,0.7144345083117603,0.9806790815403282,ORIGINAL
47,5,0.0,0.43259045634870014,0.9806790815403282,ORIGINAL
47,6,0.0,0.5590169943749475,0.9561958137126199,ORIGINAL
47,7,0.0,0.9028938981432691,0.9806790815403282,ORIGINAL
47,8,0.0,0.41344911529736156,0.9806790815403282,ORIGINAL
47,9,0.0,0.6415330278717848,0.9806790815403282,ORIGINAL
48,0,0.0,-0.8838834764831843,0.9547094764030233,ORIGINAL
48,1,0.0,0.0,0.9547094764030233,ORIGINAL
48,2,0.0,-0.4999999999999999,0.9773974158313353,ORIGINAL
48,3,0.0,0.030386856273138193,0.9866204930985656,ORIGINAL
48,4,0.0,-0.15811388300841897,0.9547094764030233,ORIGINAL
48,5,0.0,-0.24174688920761409,0.9547094764030233,ORIGINAL
48,6,0.0,0.27386127875258304,0.9639000552479016,ORIGINAL
48,7,0.0,-0.1649572197684645,0.9547094764030233,ORIGINAL
48,8,0.0,-0.45184805705753195,0.9547094764030233,ORIGINAL
48,9,0.0,0.5735393346764044,0.9547094764030233,ORIGINAL
49,0,0.0,,0.9623825726019074,ORIGINAL
49,1,0.0,0.8451542547285165,0.9623825726019074,ORIGINAL
49,2,0.0,0.8660254037844387,0.9039457242238322,ORIGINAL
49,3,0.0,0.8333333333333334,0.9255037799035835,ORIGINAL
49,4,0.0,0.8006407690254358,0.9623825726019074,ORIGINAL
49,5,0.0,0.9999999999999998,0.9623825726019074,ORIGINAL
49,6,0.0,0.6324555320336759,0.9443964430495274,ORIGINAL
49,7,0.0,0.8728715609439696,0.9623825726019074,ORIGINAL
49,8,0.0,,0.9623825726019074,ORIGINAL
49,9,0.0,0.9701425001453319,0.9623825726019074,ORIGINAL
50,0,0.0,,0.963981308086907,ORIGINAL
50,1,0.0,,0.963981308086907,ORIGINAL
50,2,0.0,1.0,0.9054516341796085,ORIGINAL
50,3,0.0,0.9525793444156805,0.8676103614366972,ORIGINAL
50,4,0.0,,0.963981308086907,ORIGINAL
50,5,0.0,,0.963981308086907,ORIGINAL
50,6,0.0,,0.9485264285066358,ORIGINAL
50,7,0.0,,0.963981308086907,ORIGINAL
50,8,0.0,,0.963981308086907,ORIGINAL
50,9,0.0,,0.963981308086907,ORIGINAL
51,0,0.0,,0.9487238660456732,ORIGINAL
51,1,0.0,,0.9487238660456732,ORIGINAL
51,2,0.0,,0.8891044140773785,ORIGINAL
51,3,0.0,0.944911182523068,0.9153603163718335,ORIGINAL
51,4,0.0,,0.9487238660456732,ORIGINAL
51,5,0.0,1.0,0.9487238660456732,ORIGINAL
51,6,0.0,0.47140452079103173,0.9216289035166967,ORIGINAL
51,7,0.0,,0.9487238660456732,ORIGINAL
51,8,0.0,0.9428090415820635,0.9487238660456732,ORIGINAL
51,9,0.0,,0.9487238660456732,ORIGINAL
52,0,0.0,,0.9824636488246707,ORIGINAL
52,1,0.0,0.944911182523068,0.9824636488246707,ORIGINAL
52,2,0.0,0.9999999999999998,0.9373812348760907,ORIGINAL
52,3,0.0,1.0000000000000002,0.9051753836650187,ORIGINAL
52,4,0.0,0.9622504486493763,0.9824636488246707,ORIGINAL
52,5,0.0,0.9999999999999998,0.9824636488246707,ORIGINAL
52,6,0.0,0.5976143046671968,0.9655410090056596,ORIGINAL
52,7,0.0,0.8366600265340756,0.9824636488246707,ORIGINAL
52,8,0.0,0.9428090415820635,0.9824636488246707,ORIGINAL
52,9,0.0,0.9647638212377322,0.9824636488246707,ORIGINAL
53,0,0.0,,0.9557478088171908,ORIGINAL
53,1,0.0,,0.9557478088171908,ORIGINAL
53,2,0.0,0.8944271909999159,0.8993093836154078,ORIGINAL
53,3,0.0,0.903696114115064,0.8997410506907818,ORIGINAL
53,4,0.0,0.8164965809277261,0.9557478088171908,ORIGINAL
53,5,0.0,,0.9557478088171908,ORIGINAL
53,6,0.0,0.5477225575051661,0.9319636230993582,ORIGINAL
53,7,0.0,1.0000000000000002,0.9557478088171908,ORIGINAL
53,8,0.0,,0.9557478088171908,ORIGINAL
53,9,0.0,0.9622504486493763,0.9557478088171908,ORIGINAL
54,0,0.0,0.0,0.9742492755433215,ORIGINAL
54,1,0.0,0.6546536707079772,0.9742492755433215,ORIGINAL
54,2,0.0,0.09901475429766744,0.9795683863070662,ORIGINAL
54,3,0.0,0.44263520637871306,0.9598205480642865,ORIGINAL
54,4,0.0,0.37282185960072,0.9742492755433215,ORIGINAL
54,5,0.0,0.6324555320336759,0.9742492755433215,ORIGINAL
54,6,0.0,0.6481812160876687,0.9389299221777888,ORIGINAL
54,7,0.0,0.6831300510639733,0.9742492755433215,ORIGINAL
54,8,0.0,0.6024640760767093,0.9742492755433215,ORIGINAL
54,9,0.0,0.6943650748294136,0.9742492755433215,ORIGINAL
55,0,0.0,,0.9265269148420459,ORIGINAL
55,1,0.0,,0.9265269148420459,ORIGINAL
55,2,0.0,,0.8674344130317274,ORIGINAL
55,3,0.0,,0.8508475978985416,ORIGINAL
55,4,0.0,,0.9265269148420459,ORIGINAL
55,5,0.0,,0.9265269148420459,ORIGINAL
55,6,0.0,,0.9305804550117657,ORIGINAL
55,7,0.0,,0.9265269148420459,ORIGINAL
55,8,0.0,,0.9265269148420459,ORIGINAL
55,9,0.0,,0.9265269148420459,ORIGINAL
56,0,0.0,,1.0,ORIGINAL
56,1,0.0,0.9428090415820634,1.0,ORIGINAL
56,2,0.0,0.9486832980505138,0.9633150259944552,ORIGINAL
56,3,0.0,0.9036519915598482,0.9478675140998328,ORIGINAL
56,4,0.0,0.9999999999999999,1.0,ORIGINAL
56,5,0.0,,1.0,ORIGINAL
56,6,0.0,0.7071067811865475,0.9646784562203947,ORIGINAL
56,7,0.0,,1.0,ORIGINAL
56,8,0.0,,1.0,ORIGINAL
56,9,0.0,0.9669875568304563,1.0,ORIGINAL
57,0,0.0,,0.9639813057502855,ORIGINAL
57,1,0.0,1.0,0.9639813057502855,ORIGINAL
57,2,0.0,0.8017837257372731,0.9054516273867759,ORIGINAL
57,3,0.0,0.9090909090909091,0.8676103525548391,ORIGINAL
57,4,0.0,0.9759000729485332,0.9639813057502855,ORIGINAL
57,5,0.0,0.9999999999999998,0.9639813057502855,ORIGINAL
57,6,0.0,0.7071067811865476,0.94852642475433,ORIGINAL
57,7,0.0,0.9525793444156805,0.9639813057502855,ORIGINAL
57,8,0.0,0.9622504486493763,0.9639813057502855,ORIGINAL
57,9,0.0,0.8300573566392896,0.9639813057502855,ORIGINAL
58,0,0.0,0.9594032236002469,0.9787128239948248,ORIGINAL
58,1,0.0,0.810679228399881,0.9787128239948248,ORIGINAL
58,2,0.0,0.831974200296408,0.9352165777787051,ORIGINAL
58,3,0.0,0.858829815785566,0.9507984063620669,ORIGINAL
58,4,0.0,0.7714285714285715,0.9787128239948248,ORIGINAL
58,5,0.0,0.8979991308594849,0.9787128239948248,ORIGINAL
58,6,0.0,0.6449169275100167,0.950344188060066,ORIGINAL
58,7,0.0,0.8355044182110839,0.9787128239948248,ORIGINAL
58,8,0.0,0.8858795678282981,0.9787128239948248,ORIGINAL
58,9,0.0,0.9190074972809804,0.9787128239948248,ORIGINAL
59,0,0.0,,0.9567031301265733,ORIGINAL
59,1,0.0,,0.9567031301265733,ORIGINAL
59,2,0.0,,0.8856912355799222,ORIGINAL
59,3,0.0,,0.9004262919620052,ORIGINAL
59,4,0.0,,0.9567031301265733,ORIGINAL
59,5,0.0,,0.9567031301265733,ORIGINAL
59,6,0.0,0.9428090415820635,0.931148514466289,ORIGINAL
59,7,0.0,,0.9567031301265733,ORIGINAL
59,8,0.0,,0.9567031301265733,ORIGINAL
59,9,0.0,,0.9567031301265733,ORIGINAL
60,0,0.0,0.0,0.9456603582648467,ORIGINAL
60,1,0.0,0.24999999999999994,0.9456603582648467,ORIGINAL
60,2,0.0,0.7807200583588264,0.9446835785522979,ORIGINAL
60,3,0.0,0.8017837257372731,0.960305499656942,ORIGINAL
60,4,0.0,0.0,0.9456603582648467,ORIGINAL
60,5,0.0,0.563621480190678,0.9456603582648467,ORIGINAL
60,6,0.0,0.4472135954999579,0.9683544892601538,ORIGINAL
60,7,0.0,0.7236272269866327,0.9456603582648467,ORIGINAL
60,8,0.0,0.46188021535170054,0.9456603582648467,ORIGINAL
60,9,0.0,0.19364916731037085,0.9456603582648467,ORIGINAL
61,0,0.0,0.35355339059327373,0.954790438869377,ORIGINAL
61,1,0.0,0.7171371656006361,0.954790438869377,ORIGINAL
61,2,0.0,0.5897678246195885,0.9499077752060535,ORIGINAL
61,3,0.0,0.3984095364447979,0.9601427199486495,ORIGINAL
61,4,0.0,0.5163977794943222,0.954790438869377,ORIGINAL
61,5,0.0,0.447213595499958,0.954790438869377,ORIGINAL
61,6,0.0,0.2773500981126146,0.9376399335293109,ORIGINAL
61,7,0.0,0.8864052604279183,0.954790438869377,ORIGINAL
61,8,0.0,0.39477101697586137,0.954790438869377,ORIGINAL
61,9,0.0,0.8660254037844388,0.954790438869377,ORIGINAL
62,0,0.0,,0.9547094758106197,ORIGINAL
62,1,0.0,0.9594032236002469,0.9547094758106197,ORIGINAL
62,2,0.0,0.8164965809277259,0.9773974153388738,ORIGINAL
62,3,0.0,0.8199200616907878,0.9866204932488438,ORIGINAL
62,4,0.0,0.5962847939999439,0.9547094758106197,ORIGINAL
62,5,0.0,0.8749999999999998,0.9547094758106197,ORIGINAL
62,6,0.0,0.5345224838248488,0.9639000528033324,ORIGINAL
62,7,0.0,0.9258200997725514,0.9547094758106197,ORIGINAL
62,8,0.0,0.8703882797784892,0.9547094758106197,ORIGINAL
62,9,0.0,0.9622504486493764,0.9547094758106197,ORIGINAL
63,0,0.0,,0.9699713587592962,ORIGINAL
63,1,0.0,,0.9699713587592962,ORIGINAL
63,2,0.0,,0.905982510957973,ORIGINAL
63,3,0.0,0.857142857142857,0.8860247141839579,ORIGINAL
63,4,0.0,,0.9699713587592962,ORIGINAL
63,5,0.0,0.9999999999999998,0.9699713587592962,ORIGINAL
63,6,0.0,,0.9660512378164053,ORIGINAL
63,7,0.0,,0.9699713587592962,ORIGINAL
63,8,0.0,0.9486832980505138,0.9699713587592962,ORIGINAL
63,9,0.0,,0.9699713587592962,ORIGINAL
64,0,0.0,,1.0,ORIGINAL
64,1,0.0,0.8333333333333335,1.0,ORIGINAL
64,2,0.0,,0.9633150259944552,ORIGINAL
64,3,0.0,0.903696114115064,0.9478675140998328,ORIGINAL
64,4,0.0,0.9058216273156767,1.0,ORIGINAL
64,5,0.0,,1.0,ORIGINAL
64,6,0.0,0.903696114115064,0.9646784562203947,ORIGINAL
64,7,0.0,,1.0,ORIGINAL
64,8,0.0,,1.0,ORIGINAL
64,9,0.0,,1.0,ORIGINAL
65,0,0.0,0.4714045207910316,0.95670313098527,ORIGINAL
65,1,0.0,0.7071067811865475,0.95670313098527,ORIGINAL
65,2,0.0,0.6556100681071858,0.8856912382551831,ORIGINAL
65,3,0.0,0.5927489783638192,0.9004262932688133,ORIGINAL
65,4,0.0,0.5916079783099615,0.95670313098527,ORIGINAL
65,5,0.0,0.5669467095138409,0.95670313098527,ORIGINAL
65,6,0.0,0.35856858280031806,0.9311485178330615,ORIGINAL
65,7,0.0,0.692820323027551,0.95670313098527,ORIGINAL
65,8,0.0,0.5039526306789697,0.95670313098527,ORIGINAL
65,9,0.0,0.9486832980505138,0.95670313098527,ORIGINAL
66,0,0.0,,1.0,ORIGINAL
66,1,0.0,0.8660254037844387,1.0,ORIGINAL
66,2,0.0,0.9594032236002469,0.9633150259944552,ORIGINAL
66,3,0.0,0.9622504486493763,0.9478675140998328,ORIGINAL
66,4,0.0,,1.0,ORIGINAL
66,5,0.0,0.9428090415820635,1.0,ORIGINAL
66,6,0.0,0.6324555320336759,0.9646784562203947,ORIGINAL
66,7,0.0,0.944911182523068,1.0,ORIGINAL
66,8,0.0,0.5962847939999439,1.0,ORIGINAL
66,9,0.0,0.6172133998483676,1.0,ORIGINAL
67,0,0.0,0.9561828874675149,0.9528772578999964,ORIGINAL
67,1,0.0,0.9544271444636666,0.9528772578999964,ORIGINAL
67,2,0.0,0.9293203772845849,0.8862136982368001,ORIGINAL
67,3,0.0,0.893205911948113,0.8652361823140664,ORIGINAL
67,4,0.0,0.8838834764831844,0.9528772578999964,ORIGINAL
67,5,0.0,0.9231861823449956,0.9528772578999964,ORIGINAL
67,6,0.0,0.643267520902677,0.950676317163076,ORIGINAL
67,7,0.0,0.8636363636363636,0.9528772578999964,ORIGINAL
67,8,0.0,0.9431191251430151,0.9528772578999964,ORIGINAL
67,9,0.0,0.9723055853282466,0.9528772578999964,ORIGINAL
68,0,0.0,0.9486832980505138,0.9865432291009868,ORIGINAL
68,1,0.0,0.9999999999999999,0.9865432291009868,ORIGINAL
68,2,0.0,1.0000000000000002,0.946452462077083,ORIGINAL
68,3,0.0,0.9116846116771036,0.9288382417506102,ORIGINAL
68,4,0.0,0.8606629658238704,0.9865432291009868,ORIGINAL
68,5,0.0,0.9428090415820635,0.9865432291009868,ORIGINAL
68,6,0.0,0.13608276348795434,0.9560412601772939,ORIGINAL
68,7,0.0,1.0000000000000002,0.9865432291009868,ORIGINAL
68,8,0.0,0.9434563530497265,0.9865432291009868,ORIGINAL
68,9,0.0,0.9561828874675149,0.9865432291009868,ORIGINAL
69,0,0.0,,0.9547904356008247,ORIGINAL
69,1,0.0,0.24494897427831777,0.9547904356008247,ORIGINAL
69,2,0.0,0.5590169943749475,0.949907779692503,ORIGINAL
69,3,0.0,0.0,0.9601427262286477,ORIGINAL
69,4,0.0,0.6454972243679028,0.9547904356008247,ORIGINAL
69,5,0.0,0.7893522173763263,0.9547904356008247,ORIGINAL
69,6,0.0,0.2519763153394848,0.9376399348472774,ORIGINAL
69,7,0.0,0.8164965809277259,0.9547904356008247,ORIGINAL
69,8,0.0,0.5,0.9547904356008247,ORIGINAL
69,9,0.0,0.5934424260562083,0.9547904356008247,ORIGINAL
70,0,0.0,0.7216878364870323,0.952820551009658,ORIGINAL
70,1,0.0,0.9198662110078,0.952820551009658,ORIGINAL
70,2,0.0,0.8992288030258971,0.9555396390167056,ORIGINAL
70,3,0.0,0.6748111045311853,0.9747204185401228,ORIGINAL
70,4,0.0,0.7348094335140691,0.952820551009658,ORIGINAL
70,5,0.0,0.9428090415820635,0.952820551009658,ORIGINAL
70,6,0.0,0.3999999999999999,0.9738170119085172,ORIGINAL
70,7,0.0,0.9231861823449954,0.952820551009658,ORIGINAL
70,8,0.0,0.9307578419910345,0.952820551009658,ORIGINAL
70,9,0.0,0.8743856497851875,0.952820551009658,ORIGINAL
71,0,0.0,,0.9487238655654072,ORIGINAL
71,1,0.0,,0.9487238655654072,ORIGINAL
71,2,0.0,-0.13483997249264842,0.8891044141448092,ORIGINAL
71,3,0.0,-0.08574929257125441,0.9153603159512167,ORIGINAL
71,4,0.0,-0.6471502289294341,0.9487238655654072,ORIGINAL
71,5,0.0,-0.2927700218845599,0.9487238655654072,ORIGINAL
71,6,0.0,0.0,0.9216289027546981,ORIGINAL
71,7,0.0,,0.9487238655654072,ORIGINAL
71,8,0.0,-0.9622504486493763,0.9487238655654072,ORIGINAL
71,9,0.0,0.4082482904638631,0.9487238655654072,ORIGINAL
72,0,0.0,0.8386278693775346,0.9080203346452346,ORIGINAL
72,1,0.0,0.7106690545187015,0.9080203346452346,ORIGINAL
72,2,0.0,0.810679228399881,0.8948584381044734,ORIGINAL
72,3,0.0,0.7441611006409121,0.9115539263086506,ORIGINAL
72,4,0.0,0.5111656508223583,0.9080203346452346,ORIGINAL
72,5,0.0,0.5883484054145522,0.9080203346452346,ORIGINAL
72,6,0.0,0.34655164004183603,0.8996317568729006,ORIGINAL
72,7,0.0,0.890870806374748,0.9080203346452346,ORIGINAL
72,8,0.0,0.7835467939002064,0.9080203346452346,ORIGINAL
72,9,0.0,0.4364357804719848,0.9080203346452346,ORIGINAL
73,0,0.0,,,ORIGINAL
73,1,0.0,0.8333333333333334,,ORIGINAL
73,2,0.0,0.7181848464596078,,ORIGINAL
73,3,0.0,0.8257228238447705,,ORIGINAL
73,4,0.0,0.8429272304235246,,ORIGINAL
73,5,0.0,0.960768922830523,,ORIGINAL
73,6,0.0,0.7302967433402214,,ORIGINAL
73,7,0.0,0.7844645405527362,,ORIGINAL
73,8,0.0,0.9284141650970551,,ORIGINAL
73,9,0.0,0.7881104062391007,,ORIGINAL
74,0,0.0,,0.9738458762311102,ORIGINAL
74,1,0.0,,0.9738458762311102,ORIGINAL
74,2,0.0,,0.9545809542852356,ORIGINAL
74,3,0.0,0.9428090415820635,0.971339134360267,ORIGINAL
74,4,0.0,,0.9738458762311102,ORIGINAL
74,5,0.0,,0.9738458762311102,ORIGINAL
74,6,0.0,,0.9212287398664367,ORIGINAL
74,7,0.0,,0.9738458762311102,ORIGINAL
74,8,0.0,,0.9738458762311102,ORIGINAL
74,9,0.0,,0.9738458762311102,ORIGINAL
75,0,0.0,,0.9422220987169725,ORIGINAL
75,1,0.0,,0.9422220987169725,ORIGINAL
75,2,0.0,,0.9481176782242603,ORIGINAL
75,3,0.0,,0.9620152200530349,ORIGINAL
75,4,0.0,,0.9422220987169725,ORIGINAL
75,5,0.0,,0.9422220987169725,ORIGINAL
75,6,0.0,0.9622504486493763,0.9297149427985862,ORIGINAL
75,7,0.0,0.9622504486493763,0.9422220987169725,ORIGINAL
75,8,0.0,,0.9422220987169725,ORIGINAL
75,9,0.0,0.9622504486493763,0.9422220987169725,ORIGINAL
76,0,0.0,0.7559289460184544,0.9132528984426408,ORIGINAL
76,1,0.0,0.9622504486493763,0.9132528984426408,ORIGINAL
76,2,0.0,0.8864052604279183,0.8396355169755443,ORIGINAL
76,3,0.0,0.8134892168199607,0.8109206201871121,ORIGINAL
76,4,0.0,0.8528028654224417,0.9132528984426408,ORIGINAL
76,5,0.0,0.8944271909999159,0.9132528984426408,ORIGINAL
76,6,0.0,0.8366600265340756,0.909209495872516,ORIGINAL
76,7,0.0,0.944911182523068,0.9132528984426408,ORIGINAL
76,8,0.0,0.857142857142857,0.9132528984426408,ORIGINAL
76,9,0.0,0.9561828874675149,0.9132528984426408,ORIGINAL
77,0,0.0,,0.948723862817226,ORIGINAL
77,1,0.0,,0.948723862817226,ORIGINAL
77,2,0.0,,0.8891044072638926,ORIGINAL
77,3,0.0,,0.9153603103579822,ORIGINAL
77,4,0.0,,0.948723862817226,ORIGINAL
77,5,0.0,,0.948723862817226,ORIGINAL
77,6,0.0,,0.9216288980902918,ORIGINAL
77,7,0.0,,0.948723862817226,ORIGINAL
77,8,0.0,,0.948723862817226,ORIGINAL
77,9,0.0,,0.948723862817226,ORIGINAL
78,0,0.0,0.4082482904638631,0.9734363229809143,ORIGINAL
78,1,0.0,0.9176629354822472,0.9734363229809143,ORIGINAL
78,2,0.0,0.7778174593052022,0.9372873929934409,ORIGINAL
78,3,0.0,0.7164185699284198,0.9593459957627567,ORIGINAL
78,4,0.0,0.8774535953713309,0.9734363229809143,ORIGINAL
78,5,0.0,0.8907337387831413,0.9734363229809143,ORIGINAL
78,6,0.0,0.7144345083117604,0.9352360608798272,ORIGINAL
78,7,0.0,0.9112995284026161,0.9734363229809143,ORIGINAL
78,8,0.0,0.9061030445113443,0.9734363229809143,ORIGINAL
78,9,0.0,0.9139076937674137,0.9734363229809143,ORIGINAL
79,0,0.0,-0.47140452079103173,0.9806790815403282,ORIGINAL
79,1,0.0,0.5345224838248488,0.9806790815403282,ORIGINAL
79,2,0.0,0.3265986323710904,0.9341955258135484,ORIGINAL
79,3,0.0,0.4091585441924857,0.9453174438792368,ORIGINAL
79,4,0.0,0.5848976518656018,0.9806790815403282,ORIGINAL
79,5,0.0,0.76271276980969,0.9806790815403282,ORIGINAL
79,6,0.0,0.27820744203732856,0.9561958137126199,ORIGINAL
79,7,0.0,0.9238697708743119,0.9806790815403282,ORIGINAL
79,8,0.0,0.66332495807108,0.9806790815403282,ORIGINAL
79,9,0.0,0.6361464251628643,0.9806790815403282,ORIGINAL
80,0,0.0,,1.0,ORIGINAL
80,1,0.0,0.9428090415820635,1.0,ORIGINAL
80,2,0.0,0.9486832980505138,0.9633150259944552,ORIGINAL
80,3,0.0,0.9354143466934853,0.9478675140998328,ORIGINAL
80,4,0.0,0.9428090415820632,1.0,ORIGINAL
80,5,0.0,,1.0,ORIGINAL
80,6,0.0,,0.9646784562203947,ORIGINAL
80,7,0.0,,1.0,ORIGINAL
80,8,0.0,,1.0,ORIGINAL
80,9,0.0,,1.0,ORIGINAL
81,0,0.0,,0.9633150259944552,ORIGINAL
81,1,0.0,0.7499999999999999,0.9633150259944552,ORIGINAL
81,2,0.0,0.7559289460184544,0.9999999999999993,ORIGINAL
81,3,0.0,0.4472135954999579,0.9777320874553711,ORIGINAL
81,4,0.0,,0.9633150259944552,ORIGINAL
81,5,0.0,0.5773502691896258,0.9633150259944552,ORIGINAL
81,6,0.0,0.7071067811865475,0.9658346052796958,ORIGINAL
81,7,0.0,,0.9633150259944552,ORIGINAL
81,8,0.0,0.31622776601683794,0.9633150259944552,ORIGINAL
81,9,0.0,0.7559289460184544,0.9633150259944552,ORIGINAL
82,0,0.0,,0.9235132152842885,ORIGINAL
82,1,0.0,0.9486832980505138,0.9235132152842885,ORIGINAL
82,2,0.0,0.8959786703810408,0.8568316575034316,ORIGINAL
82,3,0.0,0.8427953808926898,0.8615105433622461,ORIGINAL
82,4,0.0,0.9238697708743119,0.9235132152842885,ORIGINAL
82,5,0.0,0.944911182523068,0.9235132152842885,ORIGINAL
82,6,0.0,0.20225995873897262,0.9112126577215666,ORIGINAL
82,7,0.0,0.9544271444636666,0.9235132152842885,ORIGINAL
82,8,0.0,0.8164965809277261,0.9235132152842885,ORIGINAL
82,9,0.0,1.0,0.9235132152842885,ORIGINAL
83,0,0.0,,,ORIGINAL
83,1,0.0,,,ORIGINAL
83,2,0.0,,,ORIGINAL
83,3,0.0,,,ORIGINAL
83,4,0.0,,,ORIGINAL
83,5,0.0,,,ORIGINAL
83,6,0.0,,,ORIGINAL
83,7,0.0,,,ORIGINAL
83,8,0.0,,,ORIGINAL
83,9,0.0,,,ORIGINAL
84,0,0.0,,0.9824636481796526,ORIGINAL
84,1,0.0,,0.9824636481796526,ORIGINAL
84,2,0.0,,0.9373812375584477,ORIGINAL
84,3,0.0,,0.9051753866614726,ORIGINAL
84,4,0.0,,0.9824636481796526,ORIGINAL
84,5,0.0,,0.9824636481796526,ORIGINAL
84,6,0.0,,0.9655410100448671,ORIGINAL
84,7,0.0,,0.9824636481796526,ORIGINAL
84,8,0.0,,0.9824636481796526,ORIGINAL
84,9,0.0,,0.9824636481796526,ORIGINAL
85,0,0.0,,0.9734363214507032,ORIGINAL
85,1,0.0,0.9486832980505138,0.9734363214507032,ORIGINAL
85,2,0.0,0.944911182523068,0.9372873897695143,ORIGINAL
85,3,0.0,0.8642416214502248,0.9593459940786431,ORIGINAL
85,4,0.0,0.9,0.9734363214507032,ORIGINAL
85,5,0.0,0.944911182523068,0.9734363214507032,ORIGINAL
85,6,0.0,0.807207352795575,0.9352360575243936,ORIGINAL
85,7,0.0,0.9013878188659974,0.9734363214507032,ORIGINAL
85,8,0.0,0.9561828874675149,0.9734363214507032,ORIGINAL
85,9,0.0,0.9449111825230682,0.9734363214507032,ORIGINAL
86,0,0.0,0.8366600265340756,0.9472315702303523,ORIGINAL
86,1,0.0,0.9622504486493764,0.9472315702303523,ORIGINAL
86,2,0.0,0.9525793444156805,0.9299349183050548,ORIGINAL
86,3,0.0,0.8999999999999998,0.900893001940777,ORIGINAL
86,4,0.0,1.0000000000000002,0.9472315702303523,ORIGINAL
86,5,0.0,0.8485281374238569,0.9472315702303523,ORIGINAL
86,6,0.0,0.6024640760767093,0.9765532417861429,ORIGINAL
86,7,0.0,0.9434563530497265,0.9472315702303523,ORIGINAL
86,8,0.0,0.8333333333333335,0.9472315702303523,ORIGINAL
86,9,0.0,1.0000000000000002,0.9472315702303523,ORIGINAL
87,0,0.0,,0.9616716928623402,ORIGINAL
87,1,0.0,0.9486832980505138,0.9616716928623402,ORIGINAL
87,2,0.0,0.8775269089525567,0.9692984716891562,ORIGINAL
87,3,0.0,0.9486832980505138,0.9711647492370729,ORIGINAL
87,4,0.0,,0.9616716928623402,ORIGINAL
87,5,0.0,0.9999999999999998,0.9616716928623402,ORIGINAL
87,6,0.0,0.36927447293799825,0.9700823588710892,ORIGINAL
87,7,0.0,0.9486832980505138,0.9616716928623402,ORIGINAL
87,8,0.0,0.9622504486493763,0.9616716928623402,ORIGINAL
87,9,0.0,0.9622504486493764,0.9616716928623402,ORIGINAL
88,0,0.0,0.8728715609439696,0.9351398079168451,ORIGINAL
88,1,0.0,0.8189230248533257,0.9351398079168451,ORIGINAL
88,2,0.0,0.8090398349558904,0.8567595611332847,ORIGINAL
88,3,0.0,0.7177070005460101,0.852217301321378,ORIGINAL
88,4,0.0,0.8017837257372731,0.9351398079168451,ORIGINAL
88,5,0.0,0.8181818181818182,0.9351398079168451,ORIGINAL
88,6,0.0,0.7856742013183862,0.9311348229410946,ORIGINAL
88,7,0.0,0.899954085146515,0.9351398079168451,ORIGINAL
88,8,0.0,0.6236095644623236,0.9351398079168451,ORIGINAL
88,9,0.0,0.7444375004781978,0.9351398079168451,ORIGINAL
89,0,0.0,,0.9623825744921536,ORIGINAL
89,1,0.0,0.9622504486493763,0.9623825744921536,ORIGINAL
89,2,0.0,,0.9039457247248888,ORIGINAL
89,3,0.0,0.9428090415820635,0.9255037785690072,ORIGINAL
89,4,0.0,,0.9623825744921536,ORIGINAL
89,5,0.0,,0.9623825744921536,ORIGINAL
89,6,0.0,0.4082482904638631,0.9443964442816921,ORIGINAL
89,7,0.0,,0.9623825744921536,ORIGINAL
89,8,0.0,,0.9623825744921536,ORIGINAL
89,9,0.0,1.0,0.9623825744921536,ORIGINAL
90,0,0.0,,1.0,ORIGINAL
90,1,0.0,,1.0,ORIGINAL
90,2,0.0,,0.9633150259944552,ORIGINAL
90,3,0.0,0.0,0.9478675140998328,ORIGINAL
90,4,0.0,,1.0,ORIGINAL
90,5,0.0,1.0000000000000002,1.0,ORIGINAL
90,6,0.0,-0.47140452079103173,0.9646784562203947,ORIGINAL
90,7,0.0,,1.0,ORIGINAL
90,8,0.0,,1.0,ORIGINAL
90,9,0.0,,1.0,ORIGINAL
91,0,0.0,0.9428090415820635,0.9956726838601369,ORIGINAL
91,1,0.0,0.8770580193070293,0.9956726838601369,ORIGINAL
91,2,0.0,0.9014978717104176,0.9546407661653675,ORIGINAL
91,3,0.0,0.8375256863895691,0.9307724805942568,ORIGINAL
91,4,0.0,0.8946300779688404,0.9956726838601369,ORIGINAL
91,5,0.0,0.9302605094190635,0.9956726838601369,ORIGINAL
91,6,0.0,0.7190924955066749,0.969364913784642,ORIGINAL
91,7,0.0,0.9594032236002469,0.9956726838601369,ORIGINAL
91,8,0.0,0.9431191251430151,0.9956726838601369,ORIGINAL
91,9,0.0,0.9128709291752769,0.9956726838601369,ORIGINAL
92,0,0.0,,0.9824636481796526,ORIGINAL
92,1,0.0,,0.9824636481796526,ORIGINAL
92,2,0.0,-0.7071067811865475,0.9373812375584477,ORIGINAL
92,3,0.0,-0.5661385170722979,0.9051753866614726,ORIGINAL
92,4,0.0,-0.960768922830523,0.9824636481796526,ORIGINAL
92,5,0.0,-0.9999999999999998,0.9824636481796526,ORIGINAL
92,6,0.0,,0.9655410100448671,ORIGINAL
92,7,0.0,,0.9824636481796526,ORIGINAL
92,8,0.0,,0.9824636481796526,ORIGINAL
92,9,0.0,,0.9824636481796526,ORIGINAL
93,0,0.0,,0.9828880247457558,ORIGINAL
93,1,0.0,,0.9828880247457558,ORIGINAL
93,2,0.0,,0.9652308224183486,ORIGINAL
93,3,0.0,0.9486832980505138,0.9370246141133267,ORIGINAL
93,4,0.0,0.9091372900969896,0.9828880247457558,ORIGINAL
93,5,0.0,0.9438798074485389,0.9828880247457558,ORIGINAL
93,6,0.0,0.7337993857053429,0.9391354050079499,ORIGINAL
93,7,0.0,0.9622504486493763,0.9828880247457558,ORIGINAL
93,8,0.0,0.8164965809277261,0.9828880247457558,ORIGINAL
93,9,0.0,1.0000000000000002,0.9828880247457558,ORIGINAL
94,0,0.0,0.8660254037844387,1.0,ORIGINAL
94,1,0.0,1.0,1.0,ORIGINAL
94,2,0.0,0.9622504486493763,0.9633150259944552,ORIGINAL
94,3,0.0,0.8682431421244593,0.9478675140998328,ORIGINAL
94,4,0.0,0.9486832980505138,1.0,ORIGINAL
94,5,0.0,0.9128709291752769,1.0,ORIGINAL
94,6,0.0,0.8728715609439696,0.9646784562203947,ORIGINAL
94,7,0.0,0.9438798074485389,1.0,ORIGINAL
94,8,0.0,0.944911182523068,1.0,ORIGINAL
94,9,0.0,0.9707253433941511,1.0,ORIGINAL
95,0,0.0,0.778498944161523,0.9646784562203947,ORIGINAL
95,1,0.0,0.8333333333333334,0.9646784562203947,ORIGINAL
95,2,0.0,0.9435641951204965,0.9658346052796958,ORIGINAL
95,3,0.0,0.8396742695628601,0.9413488731479989,ORIGINAL
95,4,0.0,0.9153651166903976,0.9646784562203947,ORIGINAL
95,5,0.0,0.949157995752499,0.9646784562203947,ORIGINAL
95,6,0.0,0.758287544405155,1.0,ORIGINAL
95,7,0.0,0.9190074972809804,0.9646784562203947,ORIGINAL
95,8,0.0,0.8846153846153847,0.9646784562203947,ORIGINAL
95,9,0.0,0.8755950357709132,0.9646784562203947,ORIGINAL
96,0,0.0,,0.9491930669201585,ORIGINAL
96,1,0.0,0.9999999999999998,0.9491930669201585,ORIGINAL
96,2,0.0,0.8164965809277261,0.898208499593919,ORIGINAL
96,3,0.0,0.8728715609439696,0.9347576607169601,ORIGINAL
96,4,0.0,,0.9491930669201585,ORIGINAL
96,5,0.0,,0.9491930669201585,ORIGINAL
96,6,0.0,0.8660254037844387,0.9108329883177162,ORIGINAL
96,7,0.0,,0.9491930669201585,ORIGINAL
96,8,0.0,,0.9491930669201585,ORIGINAL
96,9,0.0,0.9622504486493763,0.9491930669201585,ORIGINAL
97,0,0.0,,0.9698241226066039,ORIGINAL
97,1,0.0,-1.0,0.9698241226066039,ORIGINAL
97,2,0.0,0.13608276348795434,0.9262816005453854,ORIGINAL
97,3,0.0,-0.45226701686664544,0.9415317566001257,ORIGINAL
97,4,0.0,-0.09622504486493763,0.9698241226066039,ORIGINAL
97,5,0.0,-1.0,0.9698241226066039,ORIGINAL
97,6,0.0,-0.3779644730092272,0.9304604919609447,ORIGINAL
97,7,0.0,-0.9428090415820635,0.9698241226066039,ORIGINAL
97,8,0.0,,0.9698241226066039,ORIGINAL
97,9,0.0,-0.7592566023652966,0.9698241226066039,ORIGINAL
98,0,0.0,,0.95574781007702,ORIGINAL
98,1,0.0,0.9430419201928973,0.95574781007702,ORIGINAL
98,2,0.0,0.9486832980505138,0.8993093807497172,ORIGINAL
98,3,0.0,0.9428090415820635,0.8997410434634698,ORIGINAL
98,4,0.0,0.9090909090909091,0.95574781007702,ORIGINAL
98,5,0.0,0.9827076298239908,0.95574781007702,ORIGINAL
98,6,0.0,0.45596075258755325,0.93196361949731,ORIGINAL
98,7,0.0,0.9411764705882353,0.95574781007702,ORIGINAL
98,8,0.0,0.9506541513652698,0.95574781007702,ORIGINAL
98,9,0.0,0.9101820546182064,0.95574781007702,ORIGINAL
99,0,0.0,-0.5773502691896258,0.9547094736086935,ORIGINAL
99,1,0.0,-0.20203050891044214,0.9547094736086935,ORIGINAL
99,2,0.0,0.0890870806374748,0.9773974139104082,ORIGINAL
99,3,0.0,0.031497039417435604,0.9866204929669522,ORIGINAL
99,4,0.0,-0.06900655593423542,0.9547094736086935,ORIGINAL
99,5,0.0,0.0,0.9547094736086935,ORIGINAL
99,6,0.0,0.0,0.9639000516792832,ORIGINAL
99,7,0.0,-0.12909944487358055,0.9547094736086935,ORIGINAL
99,8,0.0,-0.24494897427831777,0.9547094736086935,ORIGINAL
99,9,0.0,-0.7499999999999999,0.9547094736086935,ORIGINAL
100,739,0.9,,,ORIGINAL
100,0,0.0,,0.9632457831579975,ORIGINAL
100,1,0.0,1.0,0.9632457831579975,ORIGINAL
100,2,0.0,0.944911182523068,0.9237231560918671,ORIGINAL
100,3,0.0,0.7777777777777778,0.9222332351262317,ORIGINAL
100,4,0.0,0.9438798074485389,0.9632457831579975,ORIGINAL
100,5,0.0,0.9999999999999999,0.9632457831579975,ORIGINAL
100,6,0.0,0.3779644730092272,0.951116158232317,ORIGINAL
100,7,0.0,0.9622504486493763,0.9632457831579975,ORIGINAL
100,8,0.0,,0.9632457831579975,ORIGINAL
101,200,0.9,0.7778444682625973,0.9729823259532788,ORIGINAL
101,526,0.9,0.8332380897952963,0.9794398703810774,ORIGINAL
101,595,0.9,0.7239227659930269,0.9729823247439796,ORIGINAL
101,709,0.9,0.9415130835240085,0.9378440202172561,ORIGINAL
101,0,0.0,0.16903085094570328,0.9409512498424089,ORIGINAL
101,1,0.0,0.7999999999999998,0.9409512498424089,ORIGINAL
101,2,0.0,0.7526178090063818,0.8805955253733145,ORIGINAL
101,3,0.0,0.871812750115739,0.8425549403359452,ORIGINAL
101,4,0.0,0.82502864732539,0.9409512498424089,ORIGINAL
101,5,0.0,0.45643546458763834,0.9409512498424089,ORIGINAL
102,0,0.0,,0.9808074286486422,ORIGINAL
102,1,0.0,0.0,0.9808074286486422,ORIGINAL
102,2,0.0,0.2581988897471611,0.9704064446070771,ORIGINAL
102,3,0.0,0.0,0.9434388031421846,ORIGINAL
102,4,0.0,-0.23094010767585033,0.9808074286486422,ORIGINAL
102,5,0.0,-0.2581988897471611,0.9808074286486422,ORIGINAL
102,6,0.0,-0.2886751345948129,0.9385487604084403,ORIGINAL
102,7,0.0,-0.8164965809277259,0.9808074286486422,ORIGINAL
102,8,0.0,,0.9808074286486422,ORIGINAL
102,9,0.0,0.17407765595569785,0.9808074286486422,ORIGINAL
103,0,0.0,,0.9547094753707397,ORIGINAL
103,1,0.0,0.1259881576697424,0.9547094753707397,ORIGINAL
103,2,0.0,0.3418817293789138,0.9773974163429734,ORIGINAL
103,3,0.0,0.09656090991705353,0.9866204943224548,ORIGINAL
103,4,0.0,0.23570226039551587,0.9547094753707397,ORIGINAL
103,5,0.0,0.7016464154456235,0.9547094753707397,ORIGINAL
103,6,0.0,0.3380617018914066,0.9639000544243691,ORIGINAL
103,7,0.0,0.7106690545187015,0.9547094753707397,ORIGINAL
103,8,0.0,0.19802950859533489,0.9547094753707397,ORIGINAL
103,9,0.0,0.1973855084879307,0.9547094753707397,ORIGINAL
104,0,0.0,0.5477225575051661,0.9528772578999964,ORIGINAL
104,1,0.0,0.50709255283711,0.9528772578999964,ORIGINAL
104,2,0.0,0.6067798762169179,0.8862136982368001,ORIGINAL
104,3,0.0,0.5570860145311556,0.8652361823140664,ORIGINAL
104,4,0.0,0.3535533905932738,0.9528772578999964,ORIGINAL
104,5,0.0,0.7893522173763263,0.9528772578999964,ORIGINAL
104,6,0.0,0.5368754921931592,0.950676317163076,ORIGINAL
104,7,0.0,0.8262364471909156,0.9528772578999964,ORIGINAL
104,8,0.0,0.8682431421244593,0.9528772578999964,ORIGINAL
104,9,0.0,0.9128709291752767,0.9528772578999964,ORIGINAL
105,0,0.0,,0.9464225410113238,ORIGINAL
105,1,0.0,0.8888888888888888,0.9464225410113238,ORIGINAL
105,2,0.0,0.9285714285714286,0.9364023518443337,ORIGINAL
105,3,0.0,0.917662935482247,0.9460638155065588,ORIGINAL
105,4,0.0,0.9538209664765318,0.9464225410113238,ORIGINAL
105,5,0.0,0.8944271909999159,0.9464225410113238,ORIGINAL
105,6,0.0,0.8006407690254358,0.9660329855729665,ORIGINAL
105,7,0.0,0.9999999999999999,0.9464225410113238,ORIGINAL
105,8,0.0,0.9622504486493763,0.9464225410113238,ORIGINAL
105,9,0.0,0.9432422182837986,0.9464225410113238,ORIGINAL
106,0,0.0,,0.9557478135849817,ORIGINAL
106,1,0.0,,0.9557478135849817,ORIGINAL
106,2,0.0,,0.8993093869564993,ORIGINAL
106,3,0.0,0.9999999999999999,0.8997410539663842,ORIGINAL
106,4,0.0,,0.9557478135849817,ORIGINAL
106,5,0.0,0.9428090415820635,0.9557478135849817,ORIGINAL
106,6,0.0,0.9128709291752769,0.9319636241539118,ORIGINAL
106,7,0.0,,0.9557478135849817,ORIGINAL
106,8,0.0,,0.9557478135849817,ORIGINAL
106,9,0.0,,0.9557478135849817,ORIGINAL
107,186,0.9,0.8616404368553293,0.9335964732233221,ORIGINAL
107,197,0.9,0.8081901942077094,0.968115055201854,ORIGINAL
107,0,0.0,,0.968115055201854,ORIGINAL
107,1,0.0,0.944911182523068,0.968115055201854,ORIGINAL
107,2,0.0,0.8249579113843053,0.9538641600757117,ORIGINAL
107,3,0.0,0.7745966692414834,0.9731287407812872,ORIGINAL
107,4,0.0,,0.968115055201854,ORIGINAL
107,5,0.0,0.9594032236002469,0.968115055201854,ORIGINAL
107,6,0.0,0.6999999999999998,0.9156195890381985,ORIGINAL
107,7,0.0,0.9669875568304563,0.968115055201854,ORIGINAL
108,0,0.0,,1.0,ORIGINAL
108,1,0.0,0.9185586535436917,1.0,ORIGINAL
108,2,0.0,0.808290376865476,0.9633150259944552,ORIGINAL
108,3,0.0,0.6270894413356966,0.9478675140998328,ORIGINAL
108,4,0.0,0.3651483716701107,1.0,ORIGINAL
108,5,0.0,0.8999999999999998,1.0,ORIGINAL
108,6,0.0,0.7637626158259734,0.9646784562203947,ORIGINAL
108,7,0.0,0.8705715001320139,1.0,ORIGINAL
108,8,0.0,0.9486832980505138,1.0,ORIGINAL
108,9,0.0,0.8703882797784892,1.0,ORIGINAL
109,0,0.0,-0.12403473458920847,0.9547904360855624,ORIGINAL
109,1,0.0,0.4666666666666666,0.9547904360855624,ORIGINAL
109,2,0.0,0.8257228238447704,0.9499077739499013,ORIGINAL
109,3,0.0,0.4615057839859456,0.9601427198512205,ORIGINAL
109,4,0.0,0.5716619504750293,0.9547904360855624,ORIGINAL
109,5,0.0,0.6350852961085883,0.9547904360855624,ORIGINAL
109,6,0.0,0.34156502553198664,0.9376399333602845,ORIGINAL
109,7,0.0,0.9185586535436918,0.9547904360855624,ORIGINAL
109,8,0.0,0.7950463919999252,0.9547904360855624,ORIGINAL
109,9,0.0,0.6324555320336759,0.9547904360855624,ORIGINAL
110,0,0.0,,0.9547904356008247,ORIGINAL
110,1,0.0,0.9707253433941511,0.9547904356008247,ORIGINAL
110,2,0.0,,0.949907779692503,ORIGINAL
110,3,0.0,0.8944271909999159,0.9601427262286477,ORIGINAL
110,4,0.0,,0.9547904356008247,ORIGINAL
110,5,0.0,1.0,0.9547904356008247,ORIGINAL
110,6,0.0,0.0,0.9376399348472774,ORIGINAL
110,7,0.0,,0.9547904356008247,ORIGINAL
110,8,0.0,1.0000000000000002,0.9547904356008247,ORIGINAL
110,9,0.0,0.8333333333333335,0.9547904356008247,ORIGINAL
111,0,0.0,,0.9545005813135693,ORIGINAL
111,1,0.0,0.8164965809277261,0.9545005813135693,ORIGINAL
111,2,0.0,0.8660254037844387,0.8965726495809305,ORIGINAL
111,3,0.0,0.8767140075192092,0.911733525129955,ORIGINAL
111,4,0.0,0.8451542547285166,0.9545005813135693,ORIGINAL
111,5,0.0,0.8603090020146066,0.9545005813135693,ORIGINAL
111,6,0.0,0.9230769230769232,0.9422929887194212,ORIGINAL
111,7,0.0,0.9432422182837986,0.9545005813135693,ORIGINAL
111,8,0.0,0.8783100656536798,0.9545005813135693,ORIGINAL
111,9,0.0,0.9434563530497265,0.9545005813135693,ORIGINAL
112,0,0.0,0.0,0.9806790812734095,ORIGINAL
112,1,0.0,0.3086066999241838,0.9806790812734095,ORIGINAL
112,2,0.0,-0.33541019662496846,0.9341955215509145,ORIGINAL
112,3,0.0,0.0,0.9453174386658196,ORIGINAL
112,4,0.0,-0.42426406871192845,0.9806790812734095,ORIGINAL
112,5,0.0,0.2614881801842454,0.9806790812734095,ORIGINAL
112,6,0.0,0.2760262237369417,0.9561958098115363,ORIGINAL
112,7,0.0,0.629940788348712,0.9806790812734095,ORIGINAL
112,8,0.0,0.5353033790313106,0.9806790812734095,ORIGINAL
112,9,0.0,0.6324555320336759,0.9806790812734095,ORIGINAL
113,0,0.0,,0.9042739755922512,ORIGINAL
113,1,0.0,,0.9042739755922512,ORIGINAL
113,2,0.0,,0.9507593724578529,ORIGINAL
113,3,0.0,1.0,0.9250982384792658,ORIGINAL
113,4,0.0,,0.9042739755922512,ORIGINAL
113,5,0.0,0.9999999999999998,0.9042739755922512,ORIGINAL
113,6,0.0,0.4082482904638631,0.8814523319675303,ORIGINAL
113,7,0.0,0.9486832980505138,0.9042739755922512,ORIGINAL
113,8,0.0,,0.9042739755922512,ORIGINAL
113,9,0.0,,0.9042739755922512,ORIGINAL
114,0,0.0,,0.9567031274595816,ORIGINAL
114,1,0.0,0.8728715609439696,0.9567031274595816,ORIGINAL
114,2,0.0,0.8970852271450606,0.885691233372357,ORIGINAL
114,3,0.0,0.900937462695559,0.9004262942989839,ORIGINAL
114,4,0.0,0.9622504486493764,0.9567031274595816,ORIGINAL
114,5,0.0,0.9574271077563381,0.9567031274595816,ORIGINAL
114,6,0.0,0.629940788348712,0.93114851439623,ORIGINAL
114,7,0.0,0.9486832980505138,0.9567031274595816,ORIGINAL
114,8,0.0,0.9622504486493764,0.9567031274595816,ORIGINAL
114,9,0.0,0.9185586535436918,0.9567031274595816,ORIGINAL
115,0,0.0,,0.9528205462346803,ORIGINAL
115,1,0.0,-0.12309149097933275,0.9528205462346803,ORIGINAL
115,2,0.0,0.8333333333333334,0.9555396379349221,ORIGINAL
115,3,0.0,0.40249223594996214,0.9747204209657291,ORIGINAL
115,4,0.0,0.5163977794943222,0.9528205462346803,ORIGINAL
115,5,0.0,0.7893522173763263,0.9528205462346803,ORIGINAL
115,6,0.0,0.6681531047810609,0.9738170082873187,ORIGINAL
115,7,0.0,0.9258200997725514,0.9528205462346803,ORIGINAL
115,8,0.0,0.8488746876271654,0.9528205462346803,ORIGINAL
115,9,0.0,0.8017837257372732,0.9528205462346803,ORIGINAL
116,0,0.0,,0.9865432291009868,ORIGINAL
116,1,0.0,,0.9865432291009868,ORIGINAL
116,2,0.0,,0.946452462077083,ORIGINAL
116,3,0.0,,0.9288382417506102,ORIGINAL
116,4,0.0,,0.9865432291009868,ORIGINAL
116,5,0.0,,0.9865432291009868,ORIGINAL
116,6,0.0,,0.9560412601772939,ORIGINAL
116,7,0.0,,0.9865432291009868,ORIGINAL
116,8,0.0,,0.9865432291009868,ORIGINAL
116,9,0.0,,0.9865432291009868,ORIGINAL
117,0,0.0,,0.9678645053361953,ORIGINAL
117,1,0.0,0.944911182523068,0.9678645053361953,ORIGINAL
117,2,0.0,0.9486832980505138,0.9266964862268295,ORIGINAL
117,3,0.0,0.8819171036881969,0.895909603695121,ORIGINAL
117,4,0.0,0.9525793444156805,0.9678645053361953,ORIGINAL
117,5,0.0,0.8944271909999159,0.9678645053361953,ORIGINAL
117,6,0.0,0.6002450479987809,0.9607367453123162,ORIGINAL
117,7,0.0,0.857142857142857,0.9678645053361953,ORIGINAL
117,8,0.0,0.944911182523068,0.9678645053361953,ORIGINAL
117,9,0.0,0.9428090415820635,0.9678645053361953,ORIGINAL
118,0,0.0,,0.9547094736283407,ORIGINAL
118,1,0.0,,0.9547094736283407,ORIGINAL
118,2,0.0,,0.9773974144232005,ORIGINAL
118,3,0.0,,0.9866204937711875,ORIGINAL
118,4,0.0,,0.9547094736283407,ORIGINAL
118,5,0.0,,0.9547094736283407,ORIGINAL
118,6,0.0,,0.9639000502246567,ORIGINAL
118,7,0.0,,0.9547094736283407,ORIGINAL
118,8,0.0,,0.9547094736283407,ORIGINAL
118,9,0.0,,0.9547094736283407,ORIGINAL
119,0,0.0,,1.0,ORIGINAL
119,1,0.0,1.0000000000000002,1.0,ORIGINAL
119,2,0.0,,0.9633150259944552,ORIGINAL
119,3,0.0,,0.9478675140998328,ORIGINAL
119,4,0.0,,1.0,ORIGINAL
119,5,0.0,0.8164965809277259,1.0,ORIGINAL
119,6,0.0,0.8944271909999159,0.9646784562203947,ORIGINAL
119,7,0.0,0.9999999999999999,1.0,ORIGINAL
119,8,0.0,,1.0,ORIGINAL
119,9,0.0,0.8606629658238704,1.0,ORIGINAL
120,0,0.0,,0.9523793853329676,ORIGINAL
120,1,0.0,,0.9523793853329676,ORIGINAL
120,2,0.0,,0.879671832210195,ORIGINAL
120,3,0.0,1.0000000000000002,0.9082083042804908,ORIGINAL
120,4,0.0,,0.9523793853329676,ORIGINAL
120,5,0.0,,0.9523793853329676,ORIGINAL
120,6,0.0,0.9525793444156805,0.906811281604233,ORIGINAL
120,7,0.0,,0.9523793853329676,ORIGINAL
120,8,0.0,0.8333333333333335,0.9523793853329676,ORIGINAL
120,9,0.0,,0.9523793853329676,ORIGINAL
121,0,0.0,,0.9528772578999964,ORIGINAL
121,1,0.0,0.944911182523068,0.9528772578999964,ORIGINAL
121,2,0.0,0.9285714285714286,0.8862136982368001,ORIGINAL
121,3,0.0,0.8660254037844388,0.8652361823140664,ORIGINAL
121,4,0.0,0.8869685939836239,0.9528772578999964,ORIGINAL
121,5,0.0,0.944911182523068,0.9528772578999964,ORIGINAL
121,6,0.0,0.7071067811865476,0.950676317163076,ORIGINAL
121,7,0.0,0.9999999999999999,0.9528772578999964,ORIGINAL
121,8,0.0,0.9438798074485389,0.9528772578999964,ORIGINAL
121,9,0.0,,0.9528772578999964,ORIGINAL
122,0,0.0,0.9428090415820635,1.0,ORIGINAL
122,1,0.0,0.944911182523068,1.0,ORIGINAL
122,2,0.0,0.8651809126974003,0.9633150259944552,ORIGINAL
122,3,0.0,0.8928571428571428,0.9478675140998328,ORIGINAL
122,4,0.0,0.8911327886790069,1.0,ORIGINAL
122,5,0.0,0.9090909090909091,1.0,ORIGINAL
122,6,0.0,0.7126966450997984,0.9646784562203947,ORIGINAL
122,7,0.0,0.894427190999916,1.0,ORIGINAL
122,8,0.0,0.8959786703810408,1.0,ORIGINAL
122,9,0.0,0.8451542547285166,1.0,ORIGINAL
123,0,0.0,,0.9246351727109446,ORIGINAL
123,1,0.0,0.9486832980505138,0.9246351727109446,ORIGINAL
123,2,0.0,0.9428090415820635,0.9390073888752621,ORIGINAL
123,3,0.0,0.8981462390204985,0.9530605296011393,ORIGINAL
123,4,0.0,0.894427190999916,0.9246351727109446,ORIGINAL
123,5,0.0,0.9434563530497265,0.9246351727109446,ORIGINAL
123,6,0.0,0.47140452079103173,0.9144329247651204,ORIGINAL
123,7,0.0,1.0000000000000002,0.9246351727109446,ORIGINAL
123,8,0.0,,0.9246351727109446,ORIGINAL
123,9,0.0,0.9230769230769232,0.9246351727109446,ORIGINAL
124,0,0.0,,0.9528205436652187,ORIGINAL
124,1,0.0,0.8869685939836239,0.9528205436652187,ORIGINAL
124,2,0.0,0.9669875568304563,0.9555396369374671,ORIGINAL
124,3,0.0,0.8598551696529507,0.9747204201491051,ORIGINAL
124,4,0.0,0.9525793444156805,0.9528205436652187,ORIGINAL
124,5,0.0,0.8908708063747479,0.9528205436652187,ORIGINAL
124,6,0.0,0.4949747468305832,0.9738170083123195,ORIGINAL
124,7,0.0,0.944911182523068,0.9528205436652187,ORIGINAL
124,8,0.0,0.5962847939999439,0.9528205436652187,ORIGINAL
124,9,0.0,0.9761870601839528,0.9528205436652187,ORIGINAL
125,0,0.0,,1.0,ORIGINAL
125,1,0.0,0.944911182523068,1.0,ORIGINAL
125,2,0.0,0.9428090415820635,0.9633150259944552,ORIGINAL
125,3,0.0,0.9525793444156805,0.9478675140998328,ORIGINAL
125,4,0.0,0.9622504486493763,1.0,ORIGINAL
125,5,0.0,1.0,1.0,ORIGINAL
125,6,0.0,0.674199862463242,0.9646784562203947,ORIGINAL
125,7,0.0,0.9707253433941511,1.0,ORIGINAL
125,8,0.0,,1.0,ORIGINAL
125,9,0.0,0.9622504486493763,1.0,ORIGINAL
126,0,0.0,-0.24999999999999994,0.9246351756299831,ORIGINAL
126,1,0.0,0.4472135954999579,0.9246351756299831,ORIGINAL
126,2,0.0,0.6218743352054218,0.9390073919060465,ORIGINAL
126,3,0.0,0.4217019235375514,0.9530605338182425,ORIGINAL
126,4,0.0,0.37962830118264823,0.9246351756299831,ORIGINAL
126,5,0.0,0.8703882797784892,0.9246351756299831,ORIGINAL
126,6,0.0,0.2666666666666666,0.9144329317735659,ORIGINAL
126,7,0.0,0.8728715609439696,0.9246351756299831,ORIGINAL
126,8,0.0,0.9538209664765318,0.9246351756299831,ORIGINAL
126,9,0.0,0.7803989725717079,0.9246351756299831,ORIGINAL
127,0,0.0,,0.9317824697544982,ORIGINAL
127,1,0.0,1.0000000000000002,0.9317824697544982,ORIGINAL
127,2,0.0,1.0000000000000002,0.948172308948168,ORIGINAL
127,3,0.0,0.760638829255665,0.9184882850144845,ORIGINAL
127,4,0.0,,0.9317824697544982,ORIGINAL
127,5,0.0,1.0,0.9317824697544982,ORIGINAL
127,6,0.0,0.5669467095138409,0.9277148497305662,ORIGINAL
127,7,0.0,,0.9317824697544982,ORIGINAL
127,8,0.0,,0.9317824697544982,ORIGINAL
127,9,0.0,,0.9317824697544982,ORIGINAL
128,0,0.0,,0.9871144567707992,ORIGINAL
128,1,0.0,0.47140452079103173,0.9871144567707992,ORIGINAL
128,2,0.0,0.6324555320336759,0.9707639418575956,ORIGINAL
128,3,0.0,0.6324555320336759,0.9733867936448207,ORIGINAL
128,4,0.0,0.9561828874675149,0.9871144567707992,ORIGINAL
128,5,0.0,0.47140452079103173,0.9871144567707992,ORIGINAL
128,6,0.0,,0.9810577315737754,ORIGINAL
128,7,0.0,,0.9871144567707992,ORIGINAL
128,8,0.0,,0.9871144567707992,ORIGINAL
128,9,0.0,0.9434563530497265,0.9871144567707992,ORIGINAL
129,0,0.0,,0.9611205894334732,ORIGINAL
129,1,0.0,0.5773502691896258,0.9611205894334732,ORIGINAL
129,2,0.0,0.8164965809277259,0.9521660201148179,ORIGINAL
129,3,0.0,0.8703882797784892,0.9352301620915747,ORIGINAL
129,4,0.0,,0.9611205894334732,ORIGINAL
129,5,0.0,0.8164965809277259,0.9611205894334732,ORIGINAL
129,6,0.0,0.7905694150420948,0.9665349424714982,ORIGINAL
129,7,0.0,0.5773502691896258,0.9611205894334732,ORIGINAL
129,8,0.0,,0.9611205894334732,ORIGINAL
129,9,0.0,0.5773502691896258,0.9611205894334732,ORIGINAL
130,0,0.0,,0.9236633702949337,ORIGINAL
130,1,0.0,0.8528028654224417,0.9236633702949337,ORIGINAL
130,2,0.0,0.9622504486493763,0.8518305095057916,ORIGINAL
130,3,0.0,0.917662935482247,0.8804093053982304,ORIGINAL
130,4,0.0,0.9428090415820634,0.9236633702949337,ORIGINAL
130,5,0.0,0.944911182523068,0.9236633702949337,ORIGINAL
130,6,0.0,0.5720775535473553,0.9084623543286139,ORIGINAL
130,7,0.0,0.9999999999999998,0.9236633702949337,ORIGINAL
130,8,0.0,0.9707253433941511,0.9236633702949337,ORIGINAL
130,9,0.0,0.9449111825230682,0.9236633702949337,ORIGINAL
131,0,0.0,0.9428090415820635,0.9865432291009868,ORIGINAL
131,1,0.0,0.9561828874675149,0.9865432291009868,ORIGINAL
131,2,0.0,1.0000000000000002,0.946452462077083,ORIGINAL
131,3,0.0,0.9464574146347642,0.9288382417506102,ORIGINAL
131,4,0.0,,0.9865432291009868,ORIGINAL
131,5,0.0,,0.9865432291009868,ORIGINAL
131,6,0.0,0.9428090415820635,0.9560412601772939,ORIGINAL
131,7,0.0,0.9428090415820635,0.9865432291009868,ORIGINAL
131,8,0.0,,0.9865432291009868,ORIGINAL
131,9,0.0,,0.9865432291009868,ORIGINAL
132,0,0.0,,0.9487238626033769,ORIGINAL
132,1,0.0,,0.9487238626033769,ORIGINAL
132,2,0.0,,0.889104409129361,ORIGINAL
132,3,0.0,,0.9153603126251838,ORIGINAL
132,4,0.0,,0.9487238626033769,ORIGINAL
132,5,0.0,1.0000000000000002,0.9487238626033769,ORIGINAL
132,6,0.0,0.0,0.921628900653479,ORIGINAL
132,7,0.0,,0.9487238626033769,ORIGINAL
132,8,0.0,,0.9487238626033769,ORIGINAL
132,9,0.0,,0.9487238626033769,ORIGINAL
133,0,0.0,,0.9794193459409338,ORIGINAL
133,1,0.0,1.0000000000000002,0.9794193459409338,ORIGINAL
133,2,0.0,0.9428090415820635,0.9292376128978144,ORIGINAL
133,3,0.0,0.9486832980505138,0.8954618915995061,ORIGINAL
133,4,0.0,0.9622504486493763,0.9794193459409338,ORIGINAL
133,5,0.0,1.0,0.9794193459409338,ORIGINAL
133,6,0.0,0.8164965809277261,0.9659286552606716,ORIGINAL
133,7,0.0,,0.9794193459409338,ORIGINAL
133,8,0.0,,0.9794193459409338,ORIGINAL
133,9,0.0,1.0000000000000002,0.9794193459409338,ORIGINAL
134,0,0.0,,0.9129282570602943,ORIGINAL
134,1,0.0,,0.9129282570602943,ORIGINAL
134,2,0.0,0.9428090415820635,0.8887865404094552,ORIGINAL
134,3,0.0,0.944911182523068,0.9229057310469914,ORIGINAL
134,4,0.0,,0.9129282570602943,ORIGINAL
134,5,0.0,1.0000000000000002,0.9129282570602943,ORIGINAL
134,6,0.0,,0.9105792825525866,ORIGINAL
134,7,0.0,,0.9129282570602943,ORIGINAL
134,8,0.0,,0.9129282570602943,ORIGINAL
134,9,0.0,0.9622504486493763,0.9129282570602943,ORIGINAL
135,0,0.0,,0.962720391122974,ORIGINAL
135,1,0.0,0.857142857142857,0.962720391122974,ORIGINAL
135,2,0.0,,0.9658798425192888,ORIGINAL
135,3,0.0,0.9561828874675149,0.9222827436858662,ORIGINAL
135,4,0.0,,0.962720391122974,ORIGINAL
135,5,0.0,0.9486832980505138,0.962720391122974,ORIGINAL
135,6,0.0,1.0000000000000002,0.976814604128465,ORIGINAL
135,7,0.0,,0.962720391122974,ORIGINAL
135,8,0.0,,0.962720391122974,ORIGINAL
135,9,0.0,,0.962720391122974,ORIGINAL
136,754,0.9,,0.9118027549841331,ORIGINAL
136,0,0.0,,0.954709469581179,ORIGINAL
136,1,0.0,0.944911182523068,0.954709469581179,ORIGINAL
136,2,0.0,0.9128709291752769,0.9773974115596312,ORIGINAL
136,3,0.0,0.9166666666666669,0.9866204902357685,ORIGINAL
136,4,0.0,0.9578414886923188,0.954709469581179,ORIGINAL
136,5,0.0,0.9432422182837986,0.954709469581179,ORIGINAL
136,6,0.0,0.5465943944999485,0.9639000530740643,ORIGINAL
136,7,0.0,0.8320502943378437,0.954709469581179,ORIGINAL
136,8,0.0,0.917662935482247,0.954709469581179,ORIGINAL
137,0,0.0,0.7016464154456235,0.9806790799232703,ORIGINAL
137,1,0.0,0.9449111825230682,0.9806790799232703,ORIGINAL
137,2,0.0,0.9072184232530289,0.9341955252978887,ORIGINAL
137,3,0.0,0.8984394226804693,0.9453174433227729,ORIGINAL
137,4,0.0,0.9060606745389329,0.9806790799232703,ORIGINAL
137,5,0.0,0.9073928715621605,0.9806790799232703,ORIGINAL
137,6,0.0,0.5960395606792697,0.956195813793295,ORIGINAL
137,7,0.0,0.8386278693775346,0.9806790799232703,ORIGINAL
137,8,0.0,1.0,0.9806790799232703,ORIGINAL
137,9,0.0,0.8333333333333334,0.9806790799232703,ORIGINAL
138,0,0.0,0.7905694150420948,1.0,ORIGINAL
138,1,0.0,0.8922178162191937,1.0,ORIGINAL
138,2,0.0,0.8548504142651103,0.9633150259944552,ORIGINAL
138,3,0.0,0.7783765290425712,0.9478675140998328,ORIGINAL
138,4,0.0,0.8304547985373997,1.0,ORIGINAL
138,5,0.0,0.7892051872524705,1.0,ORIGINAL
138,6,0.0,0.48420012470625223,0.9646784562203947,ORIGINAL
138,7,0.0,0.917662935482247,1.0,ORIGINAL
138,8,0.0,0.8463272660560107,1.0,ORIGINAL
138,9,0.0,0.9185586535436918,1.0,ORIGINAL
139,0,0.0,,0.9487238642068888,ORIGINAL
139,1,0.0,,0.9487238642068888,ORIGINAL
139,2,0.0,0.9428090415820635,0.889104412470999,ORIGINAL
139,3,0.0,0.9999999999999999,0.9153603154130996,ORIGINAL
139,4,0.0,,0.9487238642068888,ORIGINAL
139,5,0.0,0.9428090415820635,0.9487238642068888,ORIGINAL
139,6,0.0,,0.9216289007311725,ORIGINAL
139,7,0.0,,0.9487238642068888,ORIGINAL
139,8,0.0,,0.9487238642068888,ORIGINAL
139,9,0.0,0.9525793444156805,0.9487238642068888,ORIGINAL
140,0,0.0,0.3779644730092272,0.9265269144557784,ORIGINAL
140,1,0.0,0.7396002616336389,0.9265269144557784,ORIGINAL
140,2,0.0,0.6363961030678927,0.8674344100157444,ORIGINAL
140,3,0.0,0.4257997168527447,0.8508475952763901,ORIGINAL
140,4,0.0,0.6,0.9265269144557784,ORIGINAL
140,5,0.0,0.6681531047810609,0.9265269144557784,ORIGINAL
140,6,0.0,0.4303314829119352,0.9305804524064215,ORIGINAL
140,7,0.0,0.8660254037844387,0.9265269144557784,ORIGINAL
140,8,0.0,0.3903600291794132,0.9265269144557784,ORIGINAL
140,9,0.0,0.9166666666666666,0.9265269144557784,ORIGINAL
141,0,0.0,1.0000000000000002,0.9005372427410698,ORIGINAL
141,1,0.0,0.8333333333333334,0.9005372427410698,ORIGINAL
141,2,0.0,0.8593378488473195,0.8362922612945057,ORIGINAL
141,3,0.0,0.8381163549234939,0.8121820605349885,ORIGINAL
141,4,0.0,0.8104408984731079,0.9005372427410698,ORIGINAL
141,5,0.0,0.8436614877321075,0.9005372427410698,ORIGINAL
141,6,0.0,0.5345224838248488,0.9040113333802967,ORIGINAL
141,7,0.0,0.8451542547285165,0.9005372427410698,ORIGINAL
141,8,0.0,0.9128709291752769,0.9005372427410698,ORIGINAL
141,9,0.0,0.9486832980505138,0.9005372427410698,ORIGINAL
142,0,0.0,,0.9280662252848603,ORIGINAL
142,1,0.0,,0.9280662252848603,ORIGINAL
142,2,0.0,,0.948066170952678,ORIGINAL
142,3,0.0,0.8164965809277259,0.9766154061313334,ORIGINAL
142,4,0.0,,0.9280662252848603,ORIGINAL
142,5,0.0,0.8164965809277259,0.9280662252848603,ORIGINAL
142,6,0.0,0.0,0.9012193114046023,ORIGINAL
142,7,0.0,,0.9280662252848603,ORIGINAL
142,8,0.0,,0.9280662252848603,ORIGINAL
142,9,0.0,,0.9280662252848603,ORIGINAL
143,0,0.0,,1.0,ORIGINAL
143,1,0.0,0.9428090415820635,1.0,ORIGINAL
143,2,0.0,,0.9633150259944552,ORIGINAL
143,3,0.0,0.9438798074485389,0.9478675140998328,ORIGINAL
143,4,0.0,0.2721655269759087,1.0,ORIGINAL
143,5,0.0,0.6804138174397718,1.0,ORIGINAL
143,6,0.0,0.9428090415820635,0.9646784562203947,ORIGINAL
143,7,0.0,1.0,1.0,ORIGINAL
143,8,0.0,1.0000000000000002,1.0,ORIGINAL
143,9,0.0,0.8164965809277259,1.0,ORIGINAL
144,467,0.9,-0.12499999999999997,0.9999999999999948,ORIGINAL
144,0,0.0,,0.9616716916386817,ORIGINAL
144,1,0.0,1.0000000000000002,0.9616716916386817,ORIGINAL
144,2,0.0,-0.40451991747794525,0.9692984658212646,ORIGINAL
144,3,0.0,-0.23717082451262844,0.9711647467442004,ORIGINAL
144,4,0.0,-0.08058229640253803,0.9616716916386817,ORIGINAL
144,5,0.0,0.30618621784789724,0.9616716916386817,ORIGINAL
144,6,0.0,,0.9700823592954746,ORIGINAL
144,7,0.0,,0.9616716916386817,ORIGINAL
144,8,0.0,0.9561828874675149,0.9616716916386817,ORIGINAL
145,0,0.0,0.5,0.9264884290024824,ORIGINAL
145,1,0.0,0.8696263565463043,0.9264884290024824,ORIGINAL
145,2,0.0,0.8790490729915326,0.9749979885981271,ORIGINAL
145,3,0.0,0.8743856497851875,0.9848572516471273,ORIGINAL
145,4,0.0,0.9434563530497265,0.9264884290024824,ORIGINAL
145,5,0.0,0.9014978717104176,0.9264884290024824,ORIGINAL
145,6,0.0,0.65,0.909912094993466,ORIGINAL
145,7,0.0,0.9473729613780999,0.9264884290024824,ORIGINAL
145,8,0.0,0.865578422901097,0.9264884290024824,ORIGINAL
145,9,0.0,0.8660254037844387,0.9264884290024824,ORIGINAL
146,0,0.0,,0.9865432291009868,ORIGINAL
146,1,0.0,0.8770580193070293,0.9865432291009868,ORIGINAL
146,2,0.0,0.9090909090909091,0.946452462077083,ORIGINAL
146,3,0.0,0.9166666666666669,0.9288382417506102,ORIGINAL
146,4,0.0,0.894427190999916,0.9865432291009868,ORIGINAL
146,5,0.0,0.9486832980505138,0.9865432291009868,ORIGINAL
146,6,0.0,0.7669649888473704,0.9560412601772939,ORIGINAL
146,7,0.0,,0.9865432291009868,ORIGINAL
146,8,0.0,0.9525793444156805,0.9865432291009868,ORIGINAL
146,9,0.0,0.9622504486493763,0.9865432291009868,ORIGINAL
147,0,0.0,-0.6804138174397718,0.9734363214507032,ORIGINAL
147,1,0.0,0.5321811563901744,0.9734363214507032,ORIGINAL
147,2,0.0,0.6420578831241025,0.9372873897695143,ORIGINAL
147,3,0.0,0.7214530267080864,0.9593459940786431,ORIGINAL
147,4,0.0,0.7001400420140049,0.9734363214507032,ORIGINAL
147,5,0.0,0.67700320038633,0.9734363214507032,ORIGINAL
147,6,0.0,0.6676978608895885,0.9352360575243936,ORIGINAL
147,7,0.0,0.9467292624062573,0.9734363214507032,ORIGINAL
147,8,0.0,0.8504200642707612,0.9734363214507032,ORIGINAL
147,9,0.0,0.6370220572706062,0.9734363214507032,ORIGINAL
148,0,0.0,,0.9770930333460692,ORIGINAL
148,1,0.0,,0.9770930333460692,ORIGINAL
148,2,0.0,,0.9426950542058579,ORIGINAL
148,3,0.0,,0.9697879072350232,ORIGINAL
148,4,0.0,,0.9770930333460692,ORIGINAL
148,5,0.0,,0.9770930333460692,ORIGINAL
148,6,0.0,-0.9428090415820635,0.9343338179348393,ORIGINAL
148,7,0.0,,0.9770930333460692,ORIGINAL
148,8,0.0,,0.9770930333460692,ORIGINAL
148,9,0.0,,0.9770930333460692,ORIGINAL
149,0,0.0,-0.8728715609439696,0.9277359409909008,ORIGINAL
149,1,0.0,0.07905694150420949,0.9277359409909008,ORIGINAL
149,2,0.0,-0.09600307214746388,0.8743475505791171,ORIGINAL
149,3,0.0,-0.0562543950463012,0.890581023389894,ORIGINAL
149,4,0.0,0.36740471675703457,0.9277359409909008,ORIGINAL
149,5,0.0,0.7514691493021793,0.9277359409909008,ORIGINAL
149,6,0.0,0.3034330424545042,0.9225706286143928,ORIGINAL
149,7,0.0,0.9231326627541018,0.9277359409909008,ORIGINAL
149,8,0.0,0.7239227659930269,0.9277359409909008,ORIGINAL
149,9,0.0,0.6546536707079771,0.9277359409909008,ORIGINAL
150,0,0.0,,0.9699713572266225,ORIGINAL
150,1,0.0,0.5,0.9699713572266225,ORIGINAL
150,2,0.0,0.0,0.9059825079395406,ORIGINAL
150,3,0.0,0.44539933408304444,0.8860247116862109,ORIGINAL
150,4,0.0,-0.2581988897471611,0.9699713572266225,ORIGINAL
150,5,0.0,0.7071067811865475,0.9699713572266225,ORIGINAL
150,6,0.0,0.4082482904638631,0.9660512382337655,ORIGINAL
150,7,0.0,0.5773502691896258,0.9699713572266225,ORIGINAL
150,8,0.0,,0.9699713572266225,ORIGINAL
150,9,0.0,0.2672612419124244,0.9699713572266225,ORIGINAL
151,0,0.0,,1.0,ORIGINAL
151,1,0.0,,1.0,ORIGINAL
151,2,0.0,,0.9633150259944552,ORIGINAL
151,3,0.0,,0.9478675140998328,ORIGINAL
151,4,0.0,,1.0,ORIGINAL
151,5,0.0,,1.0,ORIGINAL
151,6,0.0,,0.9646784562203947,ORIGINAL
151,7,0.0,,1.0,ORIGINAL
151,8,0.0,,1.0,ORIGINAL
151,9,0.0,,1.0,ORIGINAL
152,0,0.0,,0.9794193485015635,ORIGINAL
152,1,0.0,,0.9794193485015635,ORIGINAL
152,2,0.0,0.9428090415820635,0.9292376140178872,ORIGINAL
152,3,0.0,1.0000000000000002,0.8954618946154363,ORIGINAL
152,4,0.0,,0.9794193485015635,ORIGINAL
152,5,0.0,,0.9794193485015635,ORIGINAL
152,6,0.0,,0.9659286563039695,ORIGINAL
152,7,0.0,,0.9794193485015635,ORIGINAL
152,8,0.0,,0.9794193485015635,ORIGINAL
152,9,0.0,0.9622504486493763,0.9794193485015635,ORIGINAL
153,0,0.0,,0.9808074286486422,ORIGINAL
153,1,0.0,0.0,0.9808074286486422,ORIGINAL
153,2,0.0,0.12309149097933275,0.9704064446070771,ORIGINAL
153,3,0.0,0.11785113019775793,0.9434388031421846,ORIGINAL
153,4,0.0,0.2773500981126146,0.9808074286486422,ORIGINAL
153,5,0.0,0.35355339059327373,0.9808074286486422,ORIGINAL
153,6,0.0,0.5345224838248487,0.9385487604084403,ORIGINAL
153,7,0.0,0.3779644730092272,0.9808074286486422,ORIGINAL
153,8,0.0,,0.9808074286486422,ORIGINAL
153,9,0.0,-0.3086066999241839,0.9808074286486422,ORIGINAL
154,0,0.0,,0.9794193456256931,ORIGINAL
154,1,0.0,,0.9794193456256931,ORIGINAL
154,2,0.0,,0.9292376073489026,ORIGINAL
154,3,0.0,0.944911182523068,0.8954618860082575,ORIGINAL
154,4,0.0,,0.9794193456256931,ORIGINAL
154,5,0.0,,0.9794193456256931,ORIGINAL
154,6,0.0,,0.9659286513903859,ORIGINAL
154,7,0.0,,0.9794193456256931,ORIGINAL
154,8,0.0,,0.9794193456256931,ORIGINAL
154,9,0.0,,0.9794193456256931,ORIGINAL
155,0,0.0,-0.5773502691896257,0.9824636485876855,ORIGINAL
155,1,0.0,-0.31622776601683794,0.9824636485876855,ORIGINAL
155,2,0.0,-0.498135481386718,0.937381235082717,ORIGINAL
155,3,0.0,-0.5984437489312765,0.9051753863812726,ORIGINAL
155,4,0.0,-0.6274950199005567,0.9824636485876855,ORIGINAL
155,5,0.0,-0.600099198148979,0.9824636485876855,ORIGINAL
155,6,0.0,-0.20203050891044214,0.9655410079174136,ORIGINAL
155,7,0.0,-0.29814239699997197,0.9824636485876855,ORIGINAL
155,8,0.0,-0.8451542547285166,0.9824636485876855,ORIGINAL
155,9,0.0,0.44271887242357305,0.9824636485876855,ORIGINAL
156,0,0.0,0.9647638212377322,0.9806790815765236,ORIGINAL
156,1,0.0,0.8922178162191937,0.9806790815765236,ORIGINAL
156,2,0.0,0.764093177458341,0.9341955275454015,ORIGINAL
156,3,0.0,0.8539864924534399,0.9453174450175371,ORIGINAL
156,4,0.0,0.9534625892455922,0.9806790815765236,ORIGINAL
156,5,0.0,0.909610971830841,0.9806790815765236,ORIGINAL
156,6,0.0,0.5393598899705937,0.9561958124327689,ORIGINAL
156,7,0.0,0.8181818181818182,0.9806790815765236,ORIGINAL
156,8,0.0,0.9074852129730302,0.9806790815765236,ORIGINAL
156,9,0.0,0.9354143466934853,0.9806790815765236,ORIGINAL
157,0,0.0,,1.0,ORIGINAL
157,1,0.0,0.9486832980505138,1.0,ORIGINAL
157,2,0.0,0.9116846116771036,0.9633150259944552,ORIGINAL
157,3,0.0,0.9296696802013682,0.9478675140998328,ORIGINAL
157,4,0.0,0.9561828874675149,1.0,ORIGINAL
157,5,0.0,0.9486832980505138,1.0,ORIGINAL
157,6,0.0,0.8581163303210331,0.9646784562203947,ORIGINAL
157,7,0.0,0.8333333333333335,1.0,ORIGINAL
157,8,0.0,0.9525793444156805,1.0,ORIGINAL
157,9,0.0,0.7745966692414834,1.0,ORIGINAL
158,0,0.0,0.9999999999999999,0.9794193485015635,ORIGINAL
158,1,0.0,0.9428090415820635,0.9794193485015635,ORIGINAL
158,2,0.0,0.9428090415820635,0.9292376140178872,ORIGINAL
158,3,0.0,0.944911182523068,0.8954618946154363,ORIGINAL
158,4,0.0,0.8888888888888888,0.9794193485015635,ORIGINAL
158,5,0.0,0.9622504486493763,0.9794193485015635,ORIGINAL
158,6,0.0,0.5962847939999439,0.9659286563039695,ORIGINAL
158,7,0.0,0.9525793444156805,0.9794193485015635,ORIGINAL
158,8,0.0,,0.9794193485015635,ORIGINAL
158,9,0.0,0.9999999999999998,0.9794193485015635,ORIGINAL
159,0,0.0,,0.9787128262576937,ORIGINAL
159,1,0.0,0.9428090415820635,0.9787128262576937,ORIGINAL
159,2,0.0,0.8864052604279183,0.9352165820534446,ORIGINAL
159,3,0.0,0.8764598212022147,0.9507984093464296,ORIGINAL
159,4,0.0,,0.9787128262576937,ORIGINAL
159,5,0.0,0.9622504486493763,0.9787128262576937,ORIGINAL
159,6,0.0,0.9428090415820635,0.9503441910853968,ORIGINAL
159,7,0.0,0.9999999999999998,0.9787128262576937,ORIGINAL
159,8,0.0,,0.9787128262576937,ORIGINAL
159,9,0.0,,0.9787128262576937,ORIGINAL
160,0,0.0,,0.9806790825098123,ORIGINAL
160,1,0.0,,0.9806790825098123,ORIGINAL
160,2,0.0,0.944911182523068,0.9341955221861229,ORIGINAL
160,3,0.0,0.9438798074485389,0.9453174381264416,ORIGINAL
160,4,0.0,0.9622504486493763,0.9806790825098123,ORIGINAL
160,5,0.0,1.0000000000000002,0.9806790825098123,ORIGINAL
160,6,0.0,0.7171371656006361,0.9561958101545694,ORIGINAL
160,7,0.0,0.9486832980505138,0.9806790825098123,ORIGINAL
160,8,0.0,0.944911182523068,0.9806790825098123,ORIGINAL
160,9,0.0,0.8333333333333334,0.9806790825098123,ORIGINAL
161,0,0.0,,0.924635169633216,ORIGINAL
161,1,0.0,,0.924635169633216,ORIGINAL
161,2,0.0,,0.9390073865970422,ORIGINAL
161,3,0.0,0.9486832980505138,0.9530605257077901,ORIGINAL
161,4,0.0,,0.924635169633216,ORIGINAL
161,5,0.0,,0.924635169633216,ORIGINAL
161,6,0.0,,0.9144329233831301,ORIGINAL
161,7,0.0,,0.924635169633216,ORIGINAL
161,8,0.0,,0.924635169633216,ORIGINAL
161,9,0.0,,0.924635169633216,ORIGINAL
162,0,0.0,,0.9265750960401569,ORIGINAL
162,1,0.0,1.0000000000000002,0.9265750960401569,ORIGINAL
162,2,0.0,0.944911182523068,0.9501157978717382,ORIGINAL
162,3,0.0,0.9647638212377322,0.962966190940858,ORIGINAL
162,4,0.0,0.9622504486493763,0.9265750960401569,ORIGINAL
162,5,0.0,0.9999999999999998,0.9265750960401569,ORIGINAL
162,6,0.0,0.4629100498862757,0.8885938333782119,ORIGINAL
162,7,0.0,,0.9265750960401569,ORIGINAL
162,8,0.0,,0.9265750960401569,ORIGINAL
162,9,0.0,,0.9265750960401569,ORIGINAL
163,0,0.0,,0.9557478134173839,ORIGINAL
163,1,0.0,-0.1889822365046136,0.9557478134173839,ORIGINAL
163,2,0.0,0.9258200997725516,0.8993093811766517,ORIGINAL
163,3,0.0,0.639148369549569,0.8997410455540623,ORIGINAL
163,4,0.0,-0.41666666666666674,0.9557478134173839,ORIGINAL
163,5,0.0,0.16666666666666666,0.9557478134173839,ORIGINAL
163,6,0.0,-0.12598815766974242,0.9319636204489933,ORIGINAL
163,7,0.0,,0.9557478134173839,ORIGINAL
163,8,0.0,,0.9557478134173839,ORIGINAL
163,9,0.0,0.727606875108999,0.9557478134173839,ORIGINAL
164,0,0.0,,0.9494930852238481,ORIGINAL
164,1,0.0,1.0000000000000002,0.9494930852238481,ORIGINAL
164,2,0.0,0.9428090415820635,0.9668185410364865,ORIGINAL
164,3,0.0,0.9486832980505138,0.979995514746923,ORIGINAL
164,4,0.0,,0.9494930852238481,ORIGINAL
164,5,0.0,0.9486832980505138,0.9494930852238481,ORIGINAL
164,6,0.0,,0.9431585471469207,ORIGINAL
164,7,0.0,,0.9494930852238481,ORIGINAL
164,8,0.0,,0.9494930852238481,ORIGINAL
164,9,0.0,,0.9494930852238481,ORIGINAL
165,0,0.0,,1.0,ORIGINAL
165,1,0.0,0.3779644730092272,1.0,ORIGINAL
165,2,0.0,0.8006407690254358,0.9633150259944552,ORIGINAL
165,3,0.0,0.5773502691896258,0.9478675140998328,ORIGINAL
165,4,0.0,,1.0,ORIGINAL
165,5,0.0,,1.0,ORIGINAL
165,6,0.0,-0.3779644730092272,0.9646784562203947,ORIGINAL
165,7,0.0,,1.0,ORIGINAL
165,8,0.0,0.4082482904638631,1.0,ORIGINAL
165,9,0.0,,1.0,ORIGINAL
166,0,0.0,0.3333333333333333,0.9235132152421626,ORIGINAL
166,1,0.0,0.8660254037844387,0.9235132152421626,ORIGINAL
166,2,0.0,0.8090398349558905,0.8568316555249683,ORIGINAL
166,3,0.0,0.6431196942844081,0.861510541950822,ORIGINAL
166,4,0.0,0.7,0.9235132152421626,ORIGINAL
166,5,0.0,0.9045340337332909,0.9235132152421626,ORIGINAL
166,6,0.0,0.5333333333333332,0.9112126529302156,ORIGINAL
166,7,0.0,0.7559289460184544,0.9235132152421626,ORIGINAL
166,8,0.0,0.903696114115064,0.9235132152421626,ORIGINAL
166,9,0.0,0.8892972917998876,0.9235132152421626,ORIGINAL
167,0,0.0,,0.9528772583816012,ORIGINAL
167,1,0.0,0.9561828874675149,0.9528772583816012,ORIGINAL
167,2,0.0,0.9999999999999999,0.8862137015677181,ORIGINAL
167,3,0.0,0.9486832980505138,0.8652361873562038,ORIGINAL
167,4,0.0,,0.9528772583816012,ORIGINAL
167,5,0.0,0.9486832980505138,0.9528772583816012,ORIGINAL
167,6,0.0,0.9428090415820632,0.9506763185846232,ORIGINAL
167,7,0.0,0.9525793444156805,0.9528772583816012,ORIGINAL
167,8,0.0,0.8366600265340756,0.9528772583816012,ORIGINAL
167,9,0.0,0.9486832980505138,0.9528772583816012,ORIGINAL
168,0,0.0,,0.9246351719344974,ORIGINAL
168,1,0.0,,0.9246351719344974,ORIGINAL
168,2,0.0,,0.9390073885652511,ORIGINAL
168,3,0.0,0.9999999999999998,0.9530605269532944,ORIGINAL
168,4,0.0,,0.9246351719344974,ORIGINAL
168,5,0.0,1.0000000000000002,0.9246351719344974,ORIGINAL
168,6,0.0,,0.9144329247767675,ORIGINAL
168,7,0.0,,0.9246351719344974,ORIGINAL
168,8,0.0,,0.9246351719344974,ORIGINAL
168,9,0.0,,0.9246351719344974,ORIGINAL
169,0,0.0,0.2721655269759087,0.9557478145760775,ORIGINAL
169,1,0.0,0.6405126152203486,0.9557478145760775,ORIGINAL
169,2,0.0,0.447213595499958,0.8993093847680496,ORIGINAL
169,3,0.0,0.3508232077228117,0.8997410520696569,ORIGINAL
169,4,0.0,0.47628967220784013,0.9557478145760775,ORIGINAL
169,5,0.0,0.8183170883849714,0.9557478145760775,ORIGINAL
169,6,0.0,0.2503130871608794,0.9319636237904523,ORIGINAL
169,7,0.0,0.8682431421244593,0.9557478145760775,ORIGINAL
169,8,0.0,0.7190924955066749,0.9557478145760775,ORIGINAL
169,9,0.0,0.294174202707276,0.9557478145760775,ORIGINAL
170,0,0.0,-0.6030226891555273,0.9557478090298973,ORIGINAL
170,1,0.0,0.4307055216465324,0.9557478090298973,ORIGINAL
170,2,0.0,0.5163977794943223,0.8993093790448997,ORIGINAL
170,3,0.0,0.5111656508223583,0.8997410456675484,ORIGINAL
170,4,0.0,0.6527912098338668,0.9557478090298973,ORIGINAL
170,5,0.0,0.6599663291074445,0.9557478090298973,ORIGINAL
170,6,0.0,0.4181210050035454,0.9319636219317,ORIGINAL
170,7,0.0,0.9647638212377322,0.9557478090298973,ORIGINAL
170,8,0.0,0.7453559924999299,0.9557478090298973,ORIGINAL
170,9,0.0,0.6078306738548309,0.9557478090298973,ORIGINAL
171,0,0.0,,1.0,ORIGINAL
171,1,0.0,1.0000000000000002,1.0,ORIGINAL
171,2,0.0,,0.9633150259944552,ORIGINAL
171,3,0.0,0.8944271909999159,0.9478675140998328,ORIGINAL
171,4,0.0,,1.0,ORIGINAL
171,5,0.0,,1.0,ORIGINAL
171,6,0.0,0.5773502691896258,0.9646784562203947,ORIGINAL
171,7,0.0,,1.0,ORIGINAL
171,8,0.0,,1.0,ORIGINAL
171,9,0.0,1.0000000000000002,1.0,ORIGINAL
172,0,0.0,0.8181818181818182,0.9738458762311102,ORIGINAL
172,1,0.0,0.7844645405527363,0.9738458762311102,ORIGINAL
172,2,0.0,0.7378647873726218,0.9545809542852356,ORIGINAL
172,3,0.0,0.75125313370595,0.971339134360267,ORIGINAL
172,4,0.0,0.903712849693167,0.9738458762311102,ORIGINAL
172,5,0.0,0.8332051183416778,0.9738458762311102,ORIGINAL
172,6,0.0,0.49852724275079074,0.9212287398664367,ORIGINAL
172,7,0.0,0.8131249357707346,0.9738458762311102,ORIGINAL
172,8,0.0,0.8882347881956881,0.9738458762311102,ORIGINAL
172,9,0.0,0.9036961141150639,0.9738458762311102,ORIGINAL
173,0,0.0,1.0,0.9781648201245466,ORIGINAL
173,1,0.0,0.8249579113843053,0.9781648201245466,ORIGINAL
173,2,0.0,0.9135468796041984,0.9355328345830375,ORIGINAL
173,3,0.0,0.8791278938007466,0.9490453965302365,ORIGINAL
173,4,0.0,0.9271726499455306,0.9781648201245466,ORIGINAL
173,5,0.0,0.9176629354822469,0.9781648201245466,ORIGINAL
173,6,0.0,0.9091372900969896,0.9599059833242818,ORIGINAL
173,7,0.0,0.8333333333333335,0.9781648201245466,ORIGINAL
173,8,0.0,0.9429278356405683,0.9781648201245466,ORIGINAL
173,9,0.0,0.9525793444156805,0.9781648201245466,ORIGINAL
174,0,0.0,,0.9806790819464253,ORIGINAL
174,1,0.0,0.8451542547285165,0.9806790819464253,ORIGINAL
174,2,0.0,,0.9341955266031029,ORIGINAL
174,3,0.0,0.903696114115064,0.9453174448114805,ORIGINAL
174,4,0.0,0.9707253433941511,0.9806790819464253,ORIGINAL
174,5,0.0,1.0,0.9806790819464253,ORIGINAL
174,6,0.0,0.8581163303210331,0.9561958128819127,ORIGINAL
174,7,0.0,0.944911182523068,0.9806790819464253,ORIGINAL
174,8,0.0,0.9561828874675149,0.9806790819464253,ORIGINAL
174,9,0.0,0.8660254037844387,0.9806790819464253,ORIGINAL
175,0,0.0,,0.9646784562203947,ORIGINAL
175,1,0.0,0.2886751345948129,0.9646784562203947,ORIGINAL
175,2,0.0,0.4743416490252569,0.9658346052796958,ORIGINAL
175,3,0.0,0.5345224838248488,0.9413488731479989,ORIGINAL
175,4,0.0,0.8164965809277261,0.9646784562203947,ORIGINAL
175,5,0.0,0.686406472983644,0.9646784562203947,ORIGINAL
175,6,0.0,0.4082482904638631,1.0,ORIGINAL
175,7,0.0,,0.9646784562203947,ORIGINAL
175,8,0.0,,0.9646784562203947,ORIGINAL
175,9,0.0,-0.2886751345948129,0.9646784562203947,ORIGINAL
176,0,0.0,-0.5773502691896257,0.9824636481796526,ORIGINAL
176,1,0.0,0.5773502691896258,0.9824636481796526,ORIGINAL
176,2,0.0,0.5345224838248487,0.9373812375584477,ORIGINAL
176,3,0.0,0.7453559924999299,0.9051753866614726,ORIGINAL
176,4,0.0,0.9622504486493763,0.9824636481796526,ORIGINAL
176,5,0.0,0.17677669529663687,0.9824636481796526,ORIGINAL
176,6,0.0,0.6666666666666667,0.9655410100448671,ORIGINAL
176,7,0.0,,0.9824636481796526,ORIGINAL
176,8,0.0,,0.9824636481796526,ORIGINAL
176,9,0.0,0.16666666666666669,0.9824636481796526,ORIGINAL
177,0,0.0,,1.0,ORIGINAL
177,1,0.0,,1.0,ORIGINAL
177,2,0.0,,0.9633150259944552,ORIGINAL
177,3,0.0,0.944911182523068,0.9478675140998328,ORIGINAL
177,4,0.0,,1.0,ORIGINAL
177,5,0.0,1.0000000000000002,1.0,ORIGINAL
177,6,0.0,0.18257418583505536,0.9646784562203947,ORIGINAL
177,7,0.0,,1.0,ORIGINAL
177,8,0.0,,1.0,ORIGINAL
177,9,0.0,,1.0,ORIGINAL
178,0,0.0,1.0,0.9370425221964798,ORIGINAL
178,1,0.0,0.9999999999999998,0.9370425221964798,ORIGINAL
178,2,0.0,0.9561828874675149,0.9097531749055396,ORIGINAL
178,3,0.0,0.9511897312113418,0.9079964992982816,ORIGINAL
178,4,0.0,0.9438798074485389,0.9370425221964798,ORIGINAL
178,5,0.0,0.9622504486493763,0.9370425221964798,ORIGINAL
178,6,0.0,0.28603877677367767,0.9413299927104251,ORIGINAL
178,7,0.0,0.9486832980505138,0.9370425221964798,ORIGINAL
178,8,0.0,0.9669875568304563,0.9370425221964798,ORIGINAL
178,9,0.0,0.9622504486493764,0.9370425221964798,ORIGINAL
179,0,0.0,0.0,0.9665598505723254,ORIGINAL
179,1,0.0,0.20965696734438366,0.9665598505723254,ORIGINAL
179,2,0.0,0.5163977794943222,0.9318523962214718,ORIGINAL
179,3,0.0,0.3630540990914472,0.9352067012898234,ORIGINAL
179,4,0.0,0.24618298195866545,0.9665598505723254,ORIGINAL
179,5,0.0,0.4743416490252569,0.9665598505723254,ORIGINAL
179,6,0.0,0.6225430174794672,0.9616183257565963,ORIGINAL
179,7,0.0,0.5773502691896258,0.9665598505723254,ORIGINAL
179,8,0.0,0.588348405414552,0.9665598505723254,ORIGINAL
179,9,0.0,0.8660254037844387,0.9665598505723254,ORIGINAL
180,0,0.0,,0.9828880247457558,ORIGINAL
180,1,0.0,,0.9828880247457558,ORIGINAL
180,2,0.0,,0.9652308224183486,ORIGINAL
180,3,0.0,0.8164965809277261,0.9370246141133267,ORIGINAL
180,4,0.0,,0.9828880247457558,ORIGINAL
180,5,0.0,,0.9828880247457558,ORIGINAL
180,6,0.0,,0.9391354050079499,ORIGINAL
180,7,0.0,,0.9828880247457558,ORIGINAL
180,8,0.0,,0.9828880247457558,ORIGINAL
180,9,0.0,,0.9828880247457558,ORIGINAL
181,0,0.0,,0.9876676963764429,ORIGINAL
181,1,0.0,0.8888888888888888,0.9876676963764429,ORIGINAL
181,2,0.0,0.5833333333333334,0.9350706547427207,ORIGINAL
181,3,0.0,0.6308932681440448,0.9165836970349228,ORIGINAL
181,4,0.0,-0.11952286093343936,0.9876676963764429,ORIGINAL
181,5,0.0,0.7745966692414834,0.9876676963764429,ORIGINAL
181,6,0.0,0.6396021490668313,0.9690158156746808,ORIGINAL
181,7,0.0,0.9999999999999999,0.9876676963764429,ORIGINAL
181,8,0.0,,0.9876676963764429,ORIGINAL
181,9,0.0,0.944911182523068,0.9876676963764429,ORIGINAL
182,0,0.0,,0.9738004465607708,ORIGINAL
182,1,0.0,0.521749194749951,0.9738004465607708,ORIGINAL
182,2,0.0,0.7348469228349533,0.9197888026392069,ORIGINAL
182,3,0.0,0.6885303726590962,0.9244952754327906,ORIGINAL
182,4,0.0,0.7587869106393281,0.9738004465607708,ORIGINAL
182,5,0.0,0.8606629658238704,0.9738004465607708,ORIGINAL
182,6,0.0,0.6460582824697986,0.9476127990619025,ORIGINAL
182,7,0.0,0.8320502943378437,0.9738004465607708,ORIGINAL
182,8,0.0,0.857142857142857,0.9738004465607708,ORIGINAL
182,9,0.0,0.7800134951599099,0.9738004465607708,ORIGINAL
183,0,0.0,,0.9420432248706846,ORIGINAL
183,1,0.0,0.7071067811865476,0.9420432248706846,ORIGINAL
183,2,0.0,0.628970902033151,0.9356941861565748,ORIGINAL
183,3,0.0,0.7190924955066749,0.9599929166594483,ORIGINAL
183,4,0.0,,0.9420432248706846,ORIGINAL
183,5,0.0,0.8660254037844387,0.9420432248706846,ORIGINAL
183,6,0.0,0.629940788348712,0.9403748508842826,ORIGINAL
183,7,0.0,0.9428090415820635,0.9420432248706846,ORIGINAL
183,8,0.0,0.6172133998483678,0.9420432248706846,ORIGINAL
183,9,0.0,0.9258200997725515,0.9420432248706846,ORIGINAL
184,0,0.0,,0.9464225432249294,ORIGINAL
184,1,0.0,0.9622504486493763,0.9464225432249294,ORIGINAL
184,2,0.0,0.9434563530497265,0.936402350780788,ORIGINAL
184,3,0.0,0.9166666666666669,0.9460638143794715,ORIGINAL
184,4,0.0,,0.9464225432249294,ORIGINAL
184,5,0.0,0.9622504486493763,0.9464225432249294,ORIGINAL
184,6,0.0,0.4082482904638631,0.9660329857347986,ORIGINAL
184,7,0.0,,0.9464225432249294,ORIGINAL
184,8,0.0,,0.9464225432249294,ORIGINAL
184,9,0.0,,0.9464225432249294,ORIGINAL
185,0,0.0,,0.9420432268977327,ORIGINAL
185,1,0.0,,0.9420432268977327,ORIGINAL
185,2,0.0,0.9561828874675149,0.9356941887542991,ORIGINAL
185,3,0.0,0.9772545497599155,0.9599929183523925,ORIGINAL
185,4,0.0,,0.9420432268977327,ORIGINAL
185,5,0.0,,0.9420432268977327,ORIGINAL
185,6,0.0,,0.9403748528195763,ORIGINAL
185,7,0.0,,0.9420432268977327,ORIGINAL
185,8,0.0,,0.9420432268977327,ORIGINAL
185,9,0.0,,0.9420432268977327,ORIGINAL
186,107,0.9,0.8616404368553293,0.9335964732233221,ORIGINAL
186,197,0.9,0.5707817929853929,0.9317824657590655,ORIGINAL
186,316,0.9,0.7526178090063818,0.8863643074660453,ORIGINAL
186,0,0.0,,0.9317824657590655,ORIGINAL
186,1,0.0,0.5,0.9317824657590655,ORIGINAL
186,2,0.0,0.944911182523068,0.9481723080713255,ORIGINAL
186,3,0.0,0.7337993857053429,0.9184882843541967,ORIGINAL
186,4,0.0,0.41602514716892186,0.9317824657590655,ORIGINAL
186,5,0.0,1.0000000000000002,0.9317824657590655,ORIGINAL
186,6,0.0,0.20412414523193148,0.9277148539796627,ORIGINAL
187,0,0.0,,0.9197532190055877,ORIGINAL
187,1,0.0,-0.9999999999999998,0.9197532190055877,ORIGINAL
187,2,0.0,,0.906690563120478,ORIGINAL
187,3,0.0,-0.8616404368553293,0.90680680365062,ORIGINAL
187,4,0.0,-0.9432422182837986,0.9197532190055877,ORIGINAL
187,5,0.0,-0.8944271909999159,0.9197532190055877,ORIGINAL
187,6,0.0,-0.8333333333333334,0.8967909650188401,ORIGINAL
187,7,0.0,,0.9197532190055877,ORIGINAL
187,8,0.0,,0.9197532190055877,ORIGINAL
187,9,0.0,-0.9486832980505138,0.9197532190055877,ORIGINAL
188,0,0.0,,0.9884224013979345,ORIGINAL
188,1,0.0,0.9434563530497265,0.9884224013979345,ORIGINAL
188,2,0.0,0.9534625892455924,0.9411378809885597,ORIGINAL
188,3,0.0,0.7905694150420948,0.9337064295489298,ORIGINAL
188,4,0.0,0.8666666666666667,0.9884224013979345,ORIGINAL
188,5,0.0,0.8081220356417685,0.9884224013979345,ORIGINAL
188,6,0.0,0.25087260300212727,0.9586524260199483,ORIGINAL
188,7,0.0,0.7977240352174656,0.9884224013979345,ORIGINAL
188,8,0.0,0.9622504486493763,0.9884224013979345,ORIGINAL
188,9,0.0,0.9486832980505138,0.9884224013979345,ORIGINAL
189,0,0.0,,0.9771853370611884,ORIGINAL
189,1,0.0,1.0000000000000002,0.9771853370611884,ORIGINAL
189,2,0.0,,0.9309811016970425,ORIGINAL
189,3,0.0,,0.9077727269777323,ORIGINAL
189,4,0.0,,0.9771853370611884,ORIGINAL
189,5,0.0,,0.9771853370611884,ORIGINAL
189,6,0.0,0.9428090415820635,0.9450597426654841,ORIGINAL
189,7,0.0,0.9428090415820635,0.9771853370611884,ORIGINAL
189,8,0.0,,0.9771853370611884,ORIGINAL
189,9,0.0,1.0,0.9771853370611884,ORIGINAL
190,0,0.0,,0.9771853369023255,ORIGINAL
190,1,0.0,0.9428090415820635,0.9771853369023255,ORIGINAL
190,2,0.0,,0.9309811005956449,ORIGINAL
190,3,0.0,,0.9077727260298036,ORIGINAL
190,4,0.0,,0.9771853369023255,ORIGINAL
190,5,0.0,,0.9771853369023255,ORIGINAL
190,6,0.0,0.9428090415820632,0.9450597421234882,ORIGINAL
190,7,0.0,0.8164965809277261,0.9771853369023255,ORIGINAL
190,8,0.0,,0.9771853369023255,ORIGINAL
190,9,0.0,0.9428090415820635,0.9771853369023255,ORIGINAL
191,0,0.0,,0.9528205470013668,ORIGINAL
191,1,0.0,,0.9528205470013668,ORIGINAL
191,2,0.0,,0.9555396416255699,ORIGINAL
191,3,0.0,,0.9747204241534707,ORIGINAL
191,4,0.0,,0.9528205470013668,ORIGINAL
191,5,0.0,1.0000000000000002,0.9528205470013668,ORIGINAL
191,6,0.0,0.2182178902359924,0.9738170100034905,ORIGINAL
191,7,0.0,,0.9528205470013668,ORIGINAL
191,8,0.0,,0.9528205470013668,ORIGINAL
191,9,0.0,,0.9528205470013668,ORIGINAL
192,0,0.0,,0.9787128262576937,ORIGINAL
192,1,0.0,0.8944271909999159,0.9787128262576937,ORIGINAL
192,2,0.0,,0.9352165820534446,ORIGINAL
192,3,0.0,0.9428090415820635,0.9507984093464296,ORIGINAL
192,4,0.0,0.7844645405527361,0.9787128262576937,ORIGINAL
192,5,0.0,1.0000000000000002,0.9787128262576937,ORIGINAL
192,6,0.0,0.6324555320336759,0.9503441910853968,ORIGINAL
192,7,0.0,0.8728715609439696,0.9787128262576937,ORIGINAL
192,8,0.0,,0.9787128262576937,ORIGINAL
192,9,0.0,0.9999999999999998,0.9787128262576937,ORIGINAL
193,0,0.0,,0.9794193485015635,ORIGINAL
193,1,0.0,0.7745966692414834,0.9794193485015635,ORIGINAL
193,2,0.0,,0.9292376140178872,ORIGINAL
193,3,0.0,0.6614378277661476,0.8954618946154363,ORIGINAL
193,4,0.0,0.7071067811865475,0.9794193485015635,ORIGINAL
193,5,0.0,0.7071067811865476,0.9794193485015635,ORIGINAL
193,6,0.0,0.5,0.9659286563039695,ORIGINAL
193,7,0.0,0.6123724356957945,0.9794193485015635,ORIGINAL
193,8,0.0,0.7745966692414834,0.9794193485015635,ORIGINAL
193,9,0.0,0.5773502691896258,0.9794193485015635,ORIGINAL
194,0,0.0,1.0000000000000002,1.0,ORIGINAL
194,1,0.0,0.8581163303210331,1.0,ORIGINAL
194,2,0.0,0.9333333333333332,0.9633150259944552,ORIGINAL
194,3,0.0,0.8970852271450604,0.9478675140998328,ORIGINAL
194,4,0.0,0.8907986681660889,1.0,ORIGINAL
194,5,0.0,0.9296696802013682,1.0,ORIGINAL
194,6,0.0,0.7756315349925288,0.9646784562203947,ORIGINAL
194,7,0.0,0.9090909090909091,1.0,ORIGINAL
194,8,0.0,0.9594032236002469,1.0,ORIGINAL
194,9,0.0,0.8164965809277261,1.0,ORIGINAL
195,0,0.0,0.8164965809277261,0.93423278769351,ORIGINAL
195,1,0.0,,0.93423278769351,ORIGINAL
195,2,0.0,0.7559289460184544,0.9706162323255848,ORIGINAL
195,3,0.0,0.8696263565463043,0.9762346959498835,ORIGINAL
195,4,0.0,,0.93423278769351,ORIGINAL
195,5,0.0,0.8485281374238569,0.93423278769351,ORIGINAL
195,6,0.0,,0.9160911624183175,ORIGINAL
195,7,0.0,,0.93423278769351,ORIGINAL
195,8,0.0,,0.93423278769351,ORIGINAL
195,9,0.0,0.7745966692414834,0.93423278769351,ORIGINAL
196,0,0.0,,0.9865432291009868,ORIGINAL
196,1,0.0,,0.9865432291009868,ORIGINAL
196,2,0.0,,0.946452462077083,ORIGINAL
196,3,0.0,1.0000000000000002,0.9288382417506102,ORIGINAL
196,4,0.0,0.8366600265340756,0.9865432291009868,ORIGINAL
196,5,0.0,0.9999999999999998,0.9865432291009868,ORIGINAL
196,6,0.0,,0.9560412601772939,ORIGINAL
196,7,0.0,,0.9865432291009868,ORIGINAL
196,8,0.0,,0.9865432291009868,ORIGINAL
196,9,0.0,,0.9865432291009868,ORIGINAL
197,107,0.9,0.8081901942077094,0.968115055201854,ORIGINAL
197,186,0.9,0.5707817929853929,0.9317824657590655,ORIGINAL
197,0,0.0,0.944911182523068,1.0,ORIGINAL
197,1,0.0,0.9429541672723838,1.0,ORIGINAL
197,2,0.0,0.9152086306448589,0.9633150259944552,ORIGINAL
197,3,0.0,0.8525831180624469,0.9478675140998328,ORIGINAL
197,4,0.0,0.9239364353597956,1.0,ORIGINAL
197,5,0.0,0.9205746178983235,1.0,ORIGINAL
197,6,0.0,0.6993996651406948,0.9646784562203947,ORIGINAL
197,7,0.0,0.9260923597695477,1.0,ORIGINAL
198,0,0.0,,0.9623825726019074,ORIGINAL
198,1,0.0,,0.9623825726019074,ORIGINAL
198,2,0.0,0.2581988897471611,0.9039457242238322,ORIGINAL
198,3,0.0,0.492365963917331,0.9255037799035835,ORIGINAL
198,4,0.0,-0.1336306209562122,0.9623825726019074,ORIGINAL
198,5,0.0,0.7071067811865475,0.9623825726019074,ORIGINAL
198,6,0.0,0.47140452079103173,0.9443964430495274,ORIGINAL
198,7,0.0,,0.9623825726019074,ORIGINAL
198,8,0.0,0.6454972243679029,0.9623825726019074,ORIGINAL
198,9,0.0,0.8660254037844387,0.9623825726019074,ORIGINAL
199,739,0.9,,,ORIGINAL
199,0,0.0,,0.9808074286486422,ORIGINAL
199,1,0.0,,0.9808074286486422,ORIGINAL
199,2,0.0,,0.9704064446070771,ORIGINAL
199,3,0.0,,0.9434388031421846,ORIGINAL
199,4,0.0,,0.9808074286486422,ORIGINAL
199,5,0.0,,0.9808074286486422,ORIGINAL
199,6,0.0,,0.9385487604084403,ORIGINAL
199,7,0.0,,0.9808074286486422,ORIGINAL
199,8,0.0,,0.9808074286486422,ORIGINAL
200,101,0.9,0.7778444682625973,0.9729823259532788,ORIGINAL
200,526,0.9,0.944911182523068,0.9650727927020335,ORIGINAL
200,595,0.9,0.7777777777777779,0.9999999999999952,ORIGINAL
200,709,0.9,0.9074852129730302,0.9400009539971351,ORIGINAL
200,0,0.0,,0.9557478084281137,ORIGINAL
200,1,0.0,0.9561828874675149,0.9557478084281137,ORIGINAL
200,2,0.0,0.8606629658238704,0.899309378753388,ORIGINAL
200,3,0.0,0.9434563530497265,0.8997410447487373,ORIGINAL
200,4,0.0,0.8770580193070293,0.9557478084281137,ORIGINAL
200,5,0.0,0.9456108576893003,0.9557478084281137,ORIGINAL
201,0,0.0,,1.0,ORIGINAL
201,1,0.0,,1.0,ORIGINAL
201,2,0.0,,0.9633150259944552,ORIGINAL
201,3,0.0,,0.9478675140998328,ORIGINAL
201,4,0.0,,1.0,ORIGINAL
201,5,0.0,,1.0,ORIGINAL
201,6,0.0,,0.9646784562203947,ORIGINAL
201,7,0.0,,1.0,ORIGINAL
201,8,0.0,,1.0,ORIGINAL
201,9,0.0,,1.0,ORIGINAL
202,0,0.0,,0.9806790827122713,ORIGINAL
202,1,0.0,1.0,0.9806790827122713,ORIGINAL
202,2,0.0,,0.9341955275642331,ORIGINAL
202,3,0.0,0.9999999999999998,0.9453174449713314,ORIGINAL
202,4,0.0,,0.9806790827122713,ORIGINAL
202,5,0.0,1.0000000000000002,0.9806790827122713,ORIGINAL
202,6,0.0,0.6666666666666667,0.9561958125198223,ORIGINAL
202,7,0.0,0.944911182523068,0.9806790827122713,ORIGINAL
202,8,0.0,0.9707253433941511,0.9806790827122713,ORIGINAL
202,9,0.0,1.0000000000000002,0.9806790827122713,ORIGINAL
203,0,0.0,-0.8164965809277259,0.9738004462591998,ORIGINAL
203,1,0.0,0.30151134457776363,0.9738004462591998,ORIGINAL
203,2,0.0,0.3077935056255462,0.9197887980084796,ORIGINAL
203,3,0.0,0.06085806194501844,0.92449527133247,ORIGINAL
203,4,0.0,0.15713484026367722,0.9738004462591998,ORIGINAL
203,5,0.0,0.0,0.9738004462591998,ORIGINAL
203,6,0.0,-0.1889822365046136,0.947612799170234,ORIGINAL
203,7,0.0,0.0,0.9738004462591998,ORIGINAL
203,8,0.0,-0.3086066999241839,0.9738004462591998,ORIGINAL
203,9,0.0,0.09325048082403138,0.9738004462591998,ORIGINAL
204,0,0.0,,,ORIGINAL
204,1,0.0,0.8660254037844387,,ORIGINAL
204,2,0.0,0.9036961141150639,,ORIGINAL
204,3,0.0,0.7826237921249264,,ORIGINAL
204,4,0.0,,,ORIGINAL
204,5,0.0,1.0,,ORIGINAL
204,6,0.0,1.0,,ORIGINAL
204,7,0.0,0.9622504486493763,,ORIGINAL
204,8,0.0,,,ORIGINAL
204,9,0.0,0.6324555320336759,,ORIGINAL
205,0,0.0,,0.9688240455412486,ORIGINAL
205,1,0.0,,0.9688240455412486,ORIGINAL
205,2,0.0,0.9750168689498874,0.9416600184948395,ORIGINAL
205,3,0.0,0.9723055853282466,0.9640273209028699,ORIGINAL
205,4,0.0,0.8164965809277259,0.9688240455412486,ORIGINAL
205,5,0.0,,0.9688240455412486,ORIGINAL
205,6,0.0,,0.9506001637622323,ORIGINAL
205,7,0.0,,0.9688240455412486,ORIGINAL
205,8,0.0,,0.9688240455412486,ORIGINAL
205,9,0.0,,0.9688240455412486,ORIGINAL
206,0,0.0,,1.0,ORIGINAL
206,1,0.0,0.8528028654224417,1.0,ORIGINAL
206,2,0.0,0.8775269089525567,0.9633150259944552,ORIGINAL
206,3,0.0,0.8783100656536798,0.9478675140998328,ORIGINAL
206,4,0.0,,1.0,ORIGINAL
206,5,0.0,0.9428090415820632,1.0,ORIGINAL
206,6,0.0,0.5270462766947299,0.9646784562203947,ORIGINAL
206,7,0.0,0.9999999999999998,1.0,ORIGINAL
206,8,0.0,,1.0,ORIGINAL
206,9,0.0,0.9434563530497265,1.0,ORIGINAL
207,0,0.0,,0.9794193485015635,ORIGINAL
207,1,0.0,,0.9794193485015635,ORIGINAL
207,2,0.0,,0.9292376140178872,ORIGINAL
207,3,0.0,,0.8954618946154363,ORIGINAL
207,4,0.0,,0.9794193485015635,ORIGINAL
207,5,0.0,,0.9794193485015635,ORIGINAL
207,6,0.0,,0.9659286563039695,ORIGINAL
207,7,0.0,,0.9794193485015635,ORIGINAL
207,8,0.0,,0.9794193485015635,ORIGINAL
207,9,0.0,,0.9794193485015635,ORIGINAL
208,739,0.8,,,ORIGINAL
208,0,0.0,,0.9409512502436345,ORIGINAL
208,1,0.0,0.9486832980505138,0.9409512502436345,ORIGINAL
208,2,0.0,0.8164965809277261,0.8805955334094908,ORIGINAL
208,3,0.0,0.7071067811865475,0.8425549511191418,ORIGINAL
208,4,0.0,0.6708203932499369,0.9409512502436345,ORIGINAL
208,5,0.0,0.8485281374238569,0.9409512502436345,ORIGINAL
208,6,0.0,0.4082482904638631,0.9260773581134877,ORIGINAL
208,7,0.0,,0.9409512502436345,ORIGINAL
208,8,0.0,0.7071067811865475,0.9409512502436345,ORIGINAL
209,0,0.0,,0.9734363214507032,ORIGINAL
209,1,0.0,,0.9734363214507032,ORIGINAL
209,2,0.0,,0.9372873897695143,ORIGINAL
209,3,0.0,1.0000000000000002,0.9593459940786431,ORIGINAL
209,4,0.0,,0.9734363214507032,ORIGINAL
209,5,0.0,,0.9734363214507032,ORIGINAL
209,6,0.0,,0.9352360575243936,ORIGINAL
209,7,0.0,,0.9734363214507032,ORIGINAL
209,8,0.0,,0.9734363214507032,ORIGINAL
209,9,0.0,,0.9734363214507032,ORIGINAL
210,0,0.0,,0.9770930325106809,ORIGINAL
210,1,0.0,,0.9770930325106809,ORIGINAL
210,2,0.0,,0.9426950569161515,ORIGINAL
210,3,0.0,0.9438798074485389,0.9697879102911497,ORIGINAL
210,4,0.0,,0.9770930325106809,ORIGINAL
210,5,0.0,,0.9770930325106809,ORIGINAL
210,6,0.0,,0.9343338201073141,ORIGINAL
210,7,0.0,,0.9770930325106809,ORIGINAL
210,8,0.0,,0.9770930325106809,ORIGINAL
210,9,0.0,,0.9770930325106809,ORIGINAL
211,0,0.0,,0.931782465990047,ORIGINAL
211,1,0.0,0.9486832980505138,0.931782465990047,ORIGINAL
211,2,0.0,0.9622504486493763,0.9481723044676227,ORIGINAL
211,3,0.0,0.9525793444156805,0.9184882803529835,ORIGINAL
211,4,0.0,,0.931782465990047,ORIGINAL
211,5,0.0,,0.931782465990047,ORIGINAL
211,6,0.0,0.6324555320336759,0.9277148519986899,ORIGINAL
211,7,0.0,0.9438798074485389,0.931782465990047,ORIGINAL
211,8,0.0,,0.931782465990047,ORIGINAL
211,9,0.0,1.0000000000000002,0.931782465990047,ORIGINAL
212,0,0.0,0.8749999999999998,0.9865432291009868,ORIGINAL
212,1,0.0,0.9561828874675149,0.9865432291009868,ORIGINAL
212,2,0.0,0.9432422182837986,0.946452462077083,ORIGINAL
212,3,0.0,0.9304842103984707,0.9288382417506102,ORIGINAL
212,4,0.0,0.9622504486493763,0.9865432291009868,ORIGINAL
212,5,0.0,0.9770084209183943,0.9865432291009868,ORIGINAL
212,6,0.0,0.7216098119626152,0.9560412601772939,ORIGINAL
212,7,0.0,0.9163419338230352,0.9865432291009868,ORIGINAL
212,8,0.0,0.9506541513652698,0.9865432291009868,ORIGINAL
212,9,0.0,0.981432984131437,0.9865432291009868,ORIGINAL
213,0,0.0,,0.9409512556659316,ORIGINAL
213,1,0.0,1.0,0.9409512556659316,ORIGINAL
213,2,0.0,0.944911182523068,0.8805955348311173,ORIGINAL
213,3,0.0,0.9594032236002469,0.8425549511708728,ORIGINAL
213,4,0.0,0.9707253433941511,0.9409512556659316,ORIGINAL
213,5,0.0,1.0,0.9409512556659316,ORIGINAL
213,6,0.0,0.8660254037844387,0.9260773592122862,ORIGINAL
213,7,0.0,0.944911182523068,0.9409512556659316,ORIGINAL
213,8,0.0,,0.9409512556659316,ORIGINAL
213,9,0.0,0.9761870601839528,0.9409512556659316,ORIGINAL
214,0,0.0,0.17407765595569785,0.956703127077904,ORIGINAL
214,1,0.0,0.3442651863295481,0.956703127077904,ORIGINAL
214,2,0.0,0.6614378277661476,0.8856912288722915,ORIGINAL
214,3,0.0,0.5412658773652742,0.9004262845449462,ORIGINAL
214,4,0.0,0.6788442333021307,0.956703127077904,ORIGINAL
214,5,0.0,0.9309493362512627,0.956703127077904,ORIGINAL
214,6,0.0,-0.09128709291752768,0.9311485121085034,ORIGINAL
214,7,0.0,0.944911182523068,0.956703127077904,ORIGINAL
214,8,0.0,0.6172133998483676,0.956703127077904,ORIGINAL
214,9,0.0,0.7144345083117604,0.956703127077904,ORIGINAL
215,0,0.0,,0.9770930333460692,ORIGINAL
215,1,0.0,,0.9770930333460692,ORIGINAL
215,2,0.0,,0.9426950542058579,ORIGINAL
215,3,0.0,0.9999999999999998,0.9697879072350232,ORIGINAL
215,4,0.0,,0.9770930333460692,ORIGINAL
215,5,0.0,1.0,0.9770930333460692,ORIGINAL
215,6,0.0,,0.9343338179348393,ORIGINAL
215,7,0.0,,0.9770930333460692,ORIGINAL
215,8,0.0,1.0000000000000002,0.9770930333460692,ORIGINAL
215,9,0.0,,0.9770930333460692,ORIGINAL
216,0,0.0,0.8164965809277259,0.9317824697544982,ORIGINAL
216,1,0.0,,0.9317824697544982,ORIGINAL
216,2,0.0,0.8164965809277261,0.948172308948168,ORIGINAL
216,3,0.0,0.7833494518006403,0.9184882850144845,ORIGINAL
216,4,0.0,0.7106690545187015,0.9317824697544982,ORIGINAL
216,5,0.0,0.7396002616336389,0.9317824697544982,ORIGINAL
216,6,0.0,0.7071067811865475,0.9277148497305662,ORIGINAL
216,7,0.0,0.8451542547285165,0.9317824697544982,ORIGINAL
216,8,0.0,0.8164965809277261,0.9317824697544982,ORIGINAL
216,9,0.0,0.21320071635561041,0.9317824697544982,ORIGINAL
217,0,0.0,0.9999999999999998,1.0,ORIGINAL
217,1,0.0,0.8703882797784892,1.0,ORIGINAL
217,2,0.0,0.8356716504931925,0.9633150259944552,ORIGINAL
217,3,0.0,0.8753762190648171,0.9478675140998328,ORIGINAL
217,4,0.0,0.8571946154145231,1.0,ORIGINAL
217,5,0.0,0.8563488385776753,1.0,ORIGINAL
217,6,0.0,0.7514691493021793,0.9646784562203947,ORIGINAL
217,7,0.0,0.8749999999999998,1.0,ORIGINAL
217,8,0.0,0.9166666666666666,1.0,ORIGINAL
217,9,0.0,0.9449111825230682,1.0,ORIGINAL
218,739,0.9,,,ORIGINAL
218,0,0.0,,0.9852485776222936,ORIGINAL
218,1,0.0,,0.9852485776222936,ORIGINAL
218,2,0.0,0.9999999999999998,0.9360452062211253,ORIGINAL
218,3,0.0,0.9354143466934852,0.908943534839849,ORIGINAL
218,4,0.0,0.9622504486493763,0.9852485776222936,ORIGINAL
218,5,0.0,,0.9852485776222936,ORIGINAL
218,6,0.0,,0.9597279595939826,ORIGINAL
218,7,0.0,,0.9852485776222936,ORIGINAL
218,8,0.0,,0.9852485776222936,ORIGINAL
219,0,0.0,-0.7337993857053429,0.9487238644352136,ORIGINAL
219,1,0.0,0.22645540682891918,0.9487238644352136,ORIGINAL
219,2,0.0,0.04356068418690322,0.8891044095711875,ORIGINAL
219,3,0.0,0.07593263966019992,0.9153603129910003,ORIGINAL
219,4,0.0,0.4622501635210243,0.9487238644352136,ORIGINAL
219,5,0.0,0.3944053188733077,0.9487238644352136,ORIGINAL
219,6,0.0,0.11547005383792516,0.9216289003364204,ORIGINAL
219,7,0.0,0.6363636363636364,0.9487238644352136,ORIGINAL
219,8,0.0,0.6396021490668313,0.9487238644352136,ORIGINAL
219,9,0.0,0.23570226039551587,0.9487238644352136,ORIGINAL
220,0,0.0,,0.9770930333460692,ORIGINAL
220,1,0.0,,0.9770930333460692,ORIGINAL
220,2,0.0,,0.9426950542058579,ORIGINAL
220,3,0.0,,0.9697879072350232,ORIGINAL
220,4,0.0,,0.9770930333460692,ORIGINAL
220,5,0.0,,0.9770930333460692,ORIGINAL
220,6,0.0,,0.9343338179348393,ORIGINAL
220,7,0.0,,0.9770930333460692,ORIGINAL
220,8,0.0,,0.9770930333460692,ORIGINAL
220,9,0.0,,0.9770930333460692,ORIGINAL
221,0,0.0,0.5669467095138409,0.9516793331612367,ORIGINAL
221,1,0.0,0.7276068751089989,0.9516793331612367,ORIGINAL
221,2,0.0,0.4950737714883372,0.9038354839116866,ORIGINAL
221,3,0.0,0.492365963917331,0.9378772049356991,ORIGINAL
221,4,0.0,0.7844645405527361,0.9516793331612367,ORIGINAL
221,5,0.0,0.8164965809277261,0.9516793331612367,ORIGINAL
221,6,0.0,0.5669467095138409,0.8806191639365999,ORIGINAL
221,7,0.0,0.6708203932499369,0.9516793331612367,ORIGINAL
221,8,0.0,0.4082482904638631,0.9516793331612367,ORIGINAL
221,9,0.0,0.6933752452815365,0.9516793331612367,ORIGINAL
222,0,0.0,,0.9547904314767204,ORIGINAL
222,1,0.0,,0.9547904314767204,ORIGINAL
222,2,0.0,1.0000000000000002,0.9499077699877394,ORIGINAL
222,3,0.0,0.8749999999999998,0.9601427185818374,ORIGINAL
222,4,0.0,,0.9547904314767204,ORIGINAL
222,5,0.0,1.0000000000000002,0.9547904314767204,ORIGINAL
222,6,0.0,0.6172133998483676,0.9376399287227152,ORIGINAL
222,7,0.0,0.944911182523068,0.9547904314767204,ORIGINAL
222,8,0.0,,0.9547904314767204,ORIGINAL
222,9,0.0,,0.9547904314767204,ORIGINAL
223,0,0.0,,0.9616716913116158,ORIGINAL
223,1,0.0,0.9486832980505138,0.9616716913116158,ORIGINAL
223,2,0.0,0.9525793444156805,0.9692984658699926,ORIGINAL
223,3,0.0,0.8888888888888891,0.9711647463675521,ORIGINAL
223,4,0.0,,0.9616716913116158,ORIGINAL
223,5,0.0,0.944911182523068,0.9616716913116158,ORIGINAL
223,6,0.0,0.27386127875258304,0.9700823589699592,ORIGINAL
223,7,0.0,,0.9616716913116158,ORIGINAL
223,8,0.0,0.8164965809277261,0.9616716913116158,ORIGINAL
223,9,0.0,0.8366600265340756,0.9616716913116158,ORIGINAL
224,0,0.0,,0.9824636481807236,ORIGINAL
224,1,0.0,0.6123724356957945,0.9824636481807236,ORIGINAL
224,2,0.0,0.9574271077563381,0.9373812340330052,ORIGINAL
224,3,0.0,0.4579218831544977,0.9051753847125737,ORIGINAL
224,4,0.0,0.3227486121839514,0.9824636481807236,ORIGINAL
224,5,0.0,0.7095748751868991,0.9824636481807236,ORIGINAL
224,6,0.0,0.8888888888888888,0.9655410074942835,ORIGINAL
224,7,0.0,0.9295160030897801,0.9824636481807236,ORIGINAL
224,8,0.0,0.8347300123683029,0.9824636481807236,ORIGINAL
224,9,0.0,0.7888106377466154,0.9824636481807236,ORIGINAL
225,0,0.0,,0.9545005798441111,ORIGINAL
225,1,0.0,0.9428090415820635,0.9545005798441111,ORIGINAL
225,2,0.0,0.9438798074485389,0.896572649604279,ORIGINAL
225,3,0.0,0.8999999999999998,0.9117335255779871,ORIGINAL
225,4,0.0,0.9428090415820635,0.9545005798441111,ORIGINAL
225,5,0.0,0.9999999999999998,0.9545005798441111,ORIGINAL
225,6,0.0,0.9999999999999998,0.9422929880042143,ORIGINAL
225,7,0.0,0.944911182523068,0.9545005798441111,ORIGINAL
225,8,0.0,1.0,0.9545005798441111,ORIGINAL
225,9,0.0,0.9561828874675149,0.9545005798441111,ORIGINAL
226,0,0.0,0.7559289460184544,0.9699713558441899,ORIGINAL
226,1,0.0,0.7453559924999299,0.9699713558441899,ORIGINAL
226,2,0.0,0.6123724356957945,0.9059825077080851,ORIGINAL
226,3,0.0,0.6999999999999998,0.8860247103742077,ORIGINAL
226,4,0.0,0.9772545497599155,0.9699713558441899,ORIGINAL
226,5,0.0,0.8908708063747479,0.9699713558441899,ORIGINAL
226,6,0.0,0.6067880364121376,0.9660512377577112,ORIGINAL
226,7,0.0,1.0000000000000002,0.9699713558441899,ORIGINAL
226,8,0.0,0.7115124735378853,0.9699713558441899,ORIGINAL
226,9,0.0,0.9363821838346237,0.9699713558441899,ORIGINAL
227,0,0.0,,0.9681150547974688,ORIGINAL
227,1,0.0,0.9622504486493763,0.9681150547974688,ORIGINAL
227,2,0.0,0.9525793444156805,0.9538641588284185,ORIGINAL
227,3,0.0,0.9723055853282466,0.9731287392007654,ORIGINAL
227,4,0.0,,0.9681150547974688,ORIGINAL
227,5,0.0,0.9428090415820635,0.9681150547974688,ORIGINAL
227,6,0.0,0.7171371656006361,0.9156195843198824,ORIGINAL
227,7,0.0,,0.9681150547974688,ORIGINAL
227,8,0.0,0.8770580193070293,0.9681150547974688,ORIGINAL
227,9,0.0,1.0000000000000002,0.9681150547974688,ORIGINAL
228,0,0.0,,0.9519691743590629,ORIGINAL
228,1,0.0,1.0000000000000002,0.9519691743590629,ORIGINAL
228,2,0.0,0.9428090415820635,0.9247435645838629,ORIGINAL
228,3,0.0,1.0000000000000002,0.8922040980980664,ORIGINAL
228,4,0.0,,0.9519691743590629,ORIGINAL
228,5,0.0,1.0000000000000002,0.9519691743590629,ORIGINAL
228,6,0.0,0.2886751345948129,0.9085384464949312,ORIGINAL
228,7,0.0,0.9486832980505138,0.9519691743590629,ORIGINAL
228,8,0.0,0.9622504486493763,0.9519691743590629,ORIGINAL
228,9,0.0,0.9622504486493763,0.9519691743590629,ORIGINAL
229,0,0.0,,0.9317824697544982,ORIGINAL
229,1,0.0,0.944911182523068,0.9317824697544982,ORIGINAL
229,2,0.0,1.0000000000000002,0.948172308948168,ORIGINAL
229,3,0.0,1.0000000000000002,0.9184882850144845,ORIGINAL
229,4,0.0,0.9456108576893003,0.9317824697544982,ORIGINAL
229,5,0.0,0.9525793444156805,0.9317824697544982,ORIGINAL
229,6,0.0,0.629940788348712,0.9277148497305662,ORIGINAL
229,7,0.0,0.9707253433941511,0.9317824697544982,ORIGINAL
229,8,0.0,0.8528028654224417,0.9317824697544982,ORIGINAL
229,9,0.0,0.8728715609439696,0.9317824697544982,ORIGINAL
230,0,0.0,-0.5262348115842176,0.9409512491468389,ORIGINAL
230,1,0.0,0.18394180184548972,0.9409512491468389,ORIGINAL
230,2,0.0,0.4151682458530185,0.8805955317035952,ORIGINAL
230,3,0.0,0.3703985987435961,0.8425549482523794,ORIGINAL
230,4,0.0,0.30935921676911454,0.9409512491468389,ORIGINAL
230,5,0.0,0.8563488385776753,0.9409512491468389,ORIGINAL
230,6,0.0,0.6308932681440448,0.92607735489845,ORIGINAL
230,7,0.0,0.9486832980505138,0.9409512491468389,ORIGINAL
230,8,0.0,0.8814089405208616,0.9409512491468389,ORIGINAL
230,9,0.0,0.8846517369293828,0.9409512491468389,ORIGINAL
231,0,0.0,0.8164965809277259,0.9246351750265557,ORIGINAL
231,1,0.0,0.6324555320336759,0.9246351750265557,ORIGINAL
231,2,0.0,0.9166666666666669,0.9390073910457523,ORIGINAL
231,3,0.0,0.9032106474595009,0.9530605296620339,ORIGINAL
231,4,0.0,0.49690399499995325,0.9246351750265557,ORIGINAL
231,5,0.0,0.6581451817144176,0.9246351750265557,ORIGINAL
231,6,0.0,0.47193990372426947,0.9144329284301718,ORIGINAL
231,7,0.0,0.9486832980505138,0.9246351750265557,ORIGINAL
231,8,0.0,0.9428090415820634,0.9246351750265557,ORIGINAL
231,9,0.0,0.29814239699997197,0.9246351750265557,ORIGINAL
232,549,0.9,,,ORIGINAL
232,0,0.0,,0.948723868259692,ORIGINAL
232,1,0.0,,0.948723868259692,ORIGINAL
232,2,0.0,,0.8891044170136088,ORIGINAL
232,3,0.0,,0.9153603180872991,ORIGINAL
232,4,0.0,,0.948723868259692,ORIGINAL
232,5,0.0,,0.948723868259692,ORIGINAL
232,6,0.0,,0.9216289050319578,ORIGINAL
232,7,0.0,,0.948723868259692,ORIGINAL
232,8,0.0,,0.948723868259692,ORIGINAL
233,0,0.0,,1.0,ORIGINAL
233,1,0.0,0.0,1.0,ORIGINAL
233,2,0.0,0.26726124191242434,0.9633150259944552,ORIGINAL
233,3,0.0,-0.30151134457776363,0.9478675140998328,ORIGINAL
233,4,0.0,-0.47140452079103173,1.0,ORIGINAL
233,5,0.0,-0.35355339059327373,1.0,ORIGINAL
233,6,0.0,-0.6123724356957945,0.9646784562203947,ORIGINAL
233,7,0.0,-0.2672612419124244,1.0,ORIGINAL
233,8,0.0,-0.8017837257372731,1.0,ORIGINAL
233,9,0.0,0.48507125007266594,1.0,ORIGINAL
234,0,0.0,,0.9574558862683877,ORIGINAL
234,1,0.0,0.9594032236002469,0.9574558862683877,ORIGINAL
234,2,0.0,0.8017837257372732,0.9509252876760155,ORIGINAL
234,3,0.0,0.7302967433402214,0.9152557015873959,ORIGINAL
234,4,0.0,0.6454972243679029,0.9574558862683877,ORIGINAL
234,5,0.0,0.9486832980505138,0.9574558862683877,ORIGINAL
234,6,0.0,0.74535599249993,0.9455570272653139,ORIGINAL
234,7,0.0,0.944911182523068,0.9574558862683877,ORIGINAL
234,8,0.0,,0.9574558862683877,ORIGINAL
234,9,0.0,0.9701425001453319,0.9574558862683877,ORIGINAL
235,0,0.0,0.9486832980505138,0.9699713572266225,ORIGINAL
235,1,0.0,0.9525793444156805,0.9699713572266225,ORIGINAL
235,2,0.0,0.944911182523068,0.9059825079395406,ORIGINAL
235,3,0.0,0.8845379626717033,0.8860247116862109,ORIGINAL
235,4,0.0,0.808290376865476,0.9699713572266225,ORIGINAL
235,5,0.0,0.8333333333333335,0.9699713572266225,ORIGINAL
235,6,0.0,0.8432740427115678,0.9660512382337655,ORIGINAL
235,7,0.0,0.9538209664765318,0.9699713572266225,ORIGINAL
235,8,0.0,0.9486832980505138,0.9699713572266225,ORIGINAL
235,9,0.0,0.8728715609439696,0.9699713572266225,ORIGINAL
236,0,0.0,,1.0,ORIGINAL
236,1,0.0,0.5773502691896258,1.0,ORIGINAL
236,2,0.0,0.7071067811865475,0.9633150259944552,ORIGINAL
236,3,0.0,0.7778174593052022,0.9478675140998328,ORIGINAL
236,4,0.0,0.82502864732539,1.0,ORIGINAL
236,5,0.0,0.8660254037844387,1.0,ORIGINAL
236,6,0.0,0.8164965809277261,0.9646784562203947,ORIGINAL
236,7,0.0,0.8017837257372731,1.0,ORIGINAL
236,8,0.0,0.8366600265340756,1.0,ORIGINAL
236,9,0.0,0.5270462766947299,1.0,ORIGINAL
237,0,0.0,,0.9616716953891138,ORIGINAL
237,1,0.0,0.9438798074485389,0.9616716953891138,ORIGINAL
237,2,0.0,0.9525793444156805,0.9692984663279992,ORIGINAL
237,3,0.0,0.8864052604279183,0.9711647451849044,ORIGINAL
237,4,0.0,0.9467292624062573,0.9616716953891138,ORIGINAL
237,5,0.0,0.9561828874675149,0.9616716953891138,ORIGINAL
237,6,0.0,0.6172133998483676,0.9700823583219915,ORIGINAL
237,7,0.0,0.9428090415820635,0.9616716953891138,ORIGINAL
237,8,0.0,0.8366600265340756,0.9616716953891138,ORIGINAL
237,9,0.0,0.9525793444156805,0.9616716953891138,ORIGINAL
238,0,0.0,,1.0,ORIGINAL
238,1,0.0,0.7071067811865475,1.0,ORIGINAL
238,2,0.0,0.5999999999999999,0.9633150259944552,ORIGINAL
238,3,0.0,0.2672612419124244,0.9478675140998328,ORIGINAL
238,4,0.0,,1.0,ORIGINAL
238,5,0.0,,1.0,ORIGINAL
238,6,0.0,0.38138503569823695,0.9646784562203947,ORIGINAL
238,7,0.0,,1.0,ORIGINAL
238,8,0.0,,1.0,ORIGINAL
238,9,0.0,0.31622776601683794,1.0,ORIGINAL
239,0,0.0,,0.9246351728232438,ORIGINAL
239,1,0.0,0.9594032236002469,0.9246351728232438,ORIGINAL
239,2,0.0,0.9432422182837986,0.9390073854089582,ORIGINAL
239,3,0.0,0.7064172571013566,0.9530605252878185,ORIGINAL
239,4,0.0,1.0000000000000002,0.9246351728232438,ORIGINAL
239,5,0.0,0.8666666666666666,0.9246351728232438,ORIGINAL
239,6,0.0,0.46770717334674267,0.9144329239460168,ORIGINAL
239,7,0.0,0.9460998335825321,0.9246351728232438,ORIGINAL
239,8,0.0,0.9525793444156805,0.9246351728232438,ORIGINAL
239,9,0.0,0.6454972243679029,0.9246351728232438,ORIGINAL
240,0,0.0,,0.9787128258071633,ORIGINAL
240,1,0.0,1.0,0.9787128258071633,ORIGINAL
240,2,0.0,,0.9352165813369476,ORIGINAL
240,3,0.0,1.0000000000000002,0.9507984092316284,ORIGINAL
240,4,0.0,0.8164965809277261,0.9787128258071633,ORIGINAL
240,5,0.0,,0.9787128258071633,ORIGINAL
240,6,0.0,0.8164965809277259,0.9503441912932002,ORIGINAL
240,7,0.0,0.9428090415820635,0.9787128258071633,ORIGINAL
240,8,0.0,,0.9787128258071633,ORIGINAL
240,9,0.0,1.0,0.9787128258071633,ORIGINAL
241,0,0.0,0.6288281455225324,0.9557478114262787,ORIGINAL
241,1,0.0,0.6969709469904515,0.9557478114262787,ORIGINAL
241,2,0.0,0.6667948594698258,0.8993093818735528,ORIGINAL
241,3,0.0,0.7161605961902957,0.8997410501761314,ORIGINAL
241,4,0.0,0.9415838181383994,0.9557478114262787,ORIGINAL
241,5,0.0,0.8711871219403557,0.9557478114262787,ORIGINAL
241,6,0.0,0.5669467095138407,0.9319636211208066,ORIGINAL
241,7,0.0,0.9036961141150639,0.9557478114262787,ORIGINAL
241,8,0.0,0.6564879518897745,0.9557478114262787,ORIGINAL
241,9,0.0,0.8486684247915055,0.9557478114262787,ORIGINAL
242,0,0.0,,0.9472315717267107,ORIGINAL
242,1,0.0,0.9999999999999998,0.9472315717267107,ORIGINAL
242,2,0.0,0.9428090415820635,0.9299349214834518,ORIGINAL
242,3,0.0,0.9999999999999999,0.9008930051881497,ORIGINAL
242,4,0.0,1.0,0.9472315717267107,ORIGINAL
242,5,0.0,0.9999999999999998,0.9472315717267107,ORIGINAL
242,6,0.0,0.7745966692414834,0.9765532426947613,ORIGINAL
242,7,0.0,0.9486832980505138,0.9472315717267107,ORIGINAL
242,8,0.0,0.9561828874675149,0.9472315717267107,ORIGINAL
242,9,0.0,0.8164965809277259,0.9472315717267107,ORIGINAL
243,315,0.9,0.8359173188630293,0.9999999999999958,ORIGINAL
243,754,0.9,,0.9610774652676896,ORIGINAL
243,0,0.0,0.8164965809277259,0.9901813487602136,ORIGINAL
243,1,0.0,0.6666666666666666,0.9901813487602136,ORIGINAL
243,2,0.0,0.6804138174397716,0.9757308532245528,ORIGINAL
243,3,0.0,0.7668115805072325,0.9689598378111569,ORIGINAL
243,4,0.0,0.9761870601839528,0.9901813487602136,ORIGINAL
243,5,0.0,0.9999999999999999,0.9901813487602136,ORIGINAL
243,6,0.0,0.11180339887498948,0.9768098587512328,ORIGINAL
243,7,0.0,,0.9901813487602136,ORIGINAL
244,0,0.0,0.9622504486493763,0.9639813078534831,ORIGINAL
244,1,0.0,0.9166666666666669,0.9639813078534831,ORIGINAL
244,2,0.0,0.727606875108999,0.9054516365091918,ORIGINAL
244,3,0.0,0.7881104062391007,0.8676103595953648,ORIGINAL
244,4,0.0,0.9432422182837986,0.9639813078534831,ORIGINAL
244,5,0.0,0.9999999999999998,0.9639813078534831,ORIGINAL
244,6,0.0,0.5188745216627709,0.9485264321448462,ORIGINAL
244,7,0.0,0.9090909090909091,0.9639813078534831,ORIGINAL
244,8,0.0,0.8366600265340756,0.9639813078534831,ORIGINAL
244,9,0.0,0.8728715609439694,0.9639813078534831,ORIGINAL
245,0,0.0,,0.9734363214507032,ORIGINAL
245,1,0.0,0.8660254037844387,0.9734363214507032,ORIGINAL
245,2,0.0,0.0,0.9372873897695143,ORIGINAL
245,3,0.0,0.5773502691896257,0.9593459940786431,ORIGINAL
245,4,0.0,-0.2773500981126146,0.9734363214507032,ORIGINAL
245,5,0.0,0.7071067811865475,0.9734363214507032,ORIGINAL
245,6,0.0,0.16903085094570328,0.9352360575243936,ORIGINAL
245,7,0.0,0.8838834764831843,0.9734363214507032,ORIGINAL
245,8,0.0,,0.9734363214507032,ORIGINAL
245,9,0.0,0.8660254037844387,0.9734363214507032,ORIGINAL
246,0,0.0,0.894427190999916,0.9794193485015635,ORIGINAL
246,1,0.0,0.8838834764831844,0.9794193485015635,ORIGINAL
246,2,0.0,0.8964214570007952,0.9292376140178872,ORIGINAL
246,3,0.0,0.8703882797784892,0.8954618946154363,ORIGINAL
246,4,0.0,0.9360565811300742,0.9794193485015635,ORIGINAL
246,5,0.0,0.9518172686249524,0.9794193485015635,ORIGINAL
246,6,0.0,0.39629696195060854,0.9659286563039695,ORIGINAL
246,7,0.0,0.9090909090909091,0.9794193485015635,ORIGINAL
246,8,0.0,0.8660254037844386,0.9794193485015635,ORIGINAL
246,9,0.0,0.9428090415820634,0.9794193485015635,ORIGINAL
247,0,0.0,,0.964678458555335,ORIGINAL
247,1,0.0,0.8864052604279183,0.964678458555335,ORIGINAL
247,2,0.0,0.9486832980505138,0.965834604492053,ORIGINAL
247,3,0.0,0.944911182523068,0.9413488713238006,ORIGINAL
247,4,0.0,0.857142857142857,0.964678458555335,ORIGINAL
247,5,0.0,0.9428090415820635,0.964678458555335,ORIGINAL
247,6,0.0,0.8838834764831843,0.9999999999999974,ORIGINAL
247,7,0.0,,0.964678458555335,ORIGINAL
247,8,0.0,,0.964678458555335,ORIGINAL
247,9,0.0,0.8164965809277261,0.964678458555335,ORIGINAL
248,0,0.0,,0.9594009331406151,ORIGINAL
248,1,0.0,0.9428090415820635,0.9594009331406151,ORIGINAL
248,2,0.0,,0.9838151387945194,ORIGINAL
248,3,0.0,0.9594032236002469,0.9455680622862827,ORIGINAL
248,4,0.0,,0.9594009331406151,ORIGINAL
248,5,0.0,0.7071067811865475,0.9594009331406151,ORIGINAL
248,6,0.0,,0.9765368585167499,ORIGINAL
248,7,0.0,,0.9594009331406151,ORIGINAL
248,8,0.0,,0.9594009331406151,ORIGINAL
248,9,0.0,0.9525793444156805,0.9594009331406151,ORIGINAL
249,0,0.0,,0.9806790833734617,ORIGINAL
249,1,0.0,1.0,0.9806790833734617,ORIGINAL
249,2,0.0,0.8838834764831843,0.9341955269245966,ORIGINAL
249,3,0.0,0.8300573566392896,0.9453174423557605,ORIGINAL
249,4,0.0,0.7001400420140049,0.9806790833734617,ORIGINAL
249,5,0.0,0.8451542547285165,0.9806790833734617,ORIGINAL
249,6,0.0,0.5773502691896258,0.956195813986907,ORIGINAL
249,7,0.0,0.9486832980505138,0.9806790833734617,ORIGINAL
249,8,0.0,0.9707253433941511,0.9806790833734617,ORIGINAL
249,9,0.0,0.960768922830523,0.9806790833734617,ORIGINAL
250,0,0.0,0.9428090415820635,0.9806790825198632,ORIGINAL
250,1,0.0,0.8164965809277261,0.9806790825198632,ORIGINAL
250,2,0.0,0.9737289911202953,0.9341955277719309,ORIGINAL
250,3,0.0,0.8897565210026093,0.9453174446541351,ORIGINAL
250,4,0.0,0.9799578870122229,0.9806790825198632,ORIGINAL
250,5,0.0,0.9432422182837986,0.9806790825198632,ORIGINAL
250,6,0.0,0.5477225575051661,0.9561958143459883,ORIGINAL
250,7,0.0,0.9707253433941511,0.9806790825198632,ORIGINAL
250,8,0.0,0.9622504486493763,0.9806790825198632,ORIGINAL
250,9,0.0,0.9432422182837986,0.9806790825198632,ORIGINAL
251,0,0.0,,1.0,ORIGINAL
251,1,0.0,0.9428090415820635,1.0,ORIGINAL
251,2,0.0,0.9428090415820635,0.9633150259944552,ORIGINAL
251,3,0.0,0.9486832980505138,0.9478675140998328,ORIGINAL
251,4,0.0,,1.0,ORIGINAL
251,5,0.0,0.4082482904638631,1.0,ORIGINAL
251,6,0.0,0.5477225575051661,0.9646784562203947,ORIGINAL
251,7,0.0,1.0000000000000002,1.0,ORIGINAL
251,8,0.0,,1.0,ORIGINAL
251,9,0.0,0.21081851067789195,1.0,ORIGINAL
252,0,0.0,,0.9715986772880906,ORIGINAL
252,1,0.0,0.48795003647426655,0.9715986772880906,ORIGINAL
252,2,0.0,0.5853694070049636,0.9509536883643512,ORIGINAL
252,3,0.0,0.5916079783099615,0.918504030602357,ORIGINAL
252,4,0.0,0.7126966450997985,0.9715986772880906,ORIGINAL
252,5,0.0,0.7559289460184544,0.9715986772880906,ORIGINAL
252,6,0.0,0.447213595499958,0.9279966262890427,ORIGINAL
252,7,0.0,0.8944271909999159,0.9715986772880906,ORIGINAL
252,8,0.0,0.7302967433402214,0.9715986772880906,ORIGINAL
252,9,0.0,0.8262364471909156,0.9715986772880906,ORIGINAL
253,0,0.0,,1.0,ORIGINAL
253,1,0.0,,1.0,ORIGINAL
253,2,0.0,0.9561828874675149,0.9633150259944552,ORIGINAL
253,3,0.0,0.8916451401205646,0.9478675140998328,ORIGINAL
253,4,0.0,0.9622504486493763,1.0,ORIGINAL
253,5,0.0,0.9561828874675149,1.0,ORIGINAL
253,6,0.0,0.3651483716701107,0.9646784562203947,ORIGINAL
253,7,0.0,0.8888888888888888,1.0,ORIGINAL
253,8,0.0,,1.0,ORIGINAL
253,9,0.0,,1.0,ORIGINAL
254,0,0.0,,0.9237021316044798,ORIGINAL
254,1,0.0,,0.9237021316044798,ORIGINAL
254,2,0.0,,0.9821175089343369,ORIGINAL
254,3,0.0,0.7745966692414834,0.9486730256404106,ORIGINAL
254,4,0.0,,0.9237021316044798,ORIGINAL
254,5,0.0,,0.9237021316044798,ORIGINAL
254,6,0.0,,0.9151195495450919,ORIGINAL
254,7,0.0,,0.9237021316044798,ORIGINAL
254,8,0.0,,0.9237021316044798,ORIGINAL
254,9,0.0,,0.9237021316044798,ORIGINAL
255,739,0.9,0.8944271909999159,,ORIGINAL
255,0,0.0,,0.9616716980521702,ORIGINAL
255,1,0.0,0.33333333333333337,0.9616716980521702,ORIGINAL
255,2,0.0,0.5222329678670935,0.9692984730397534,ORIGINAL
255,3,0.0,0.8247860988423226,0.9711647503631874,ORIGINAL
255,4,0.0,0.5916079783099615,0.9616716980521702,ORIGINAL
255,5,0.0,0.6301260378126045,0.9616716980521702,ORIGINAL
255,6,0.0,0.5976143046671968,0.9700823629027093,ORIGINAL
255,7,0.0,0.9058216273156767,0.9616716980521702,ORIGINAL
255,8,0.0,0.8916451401205646,0.9616716980521702,ORIGINAL
256,0,0.0,,0.942222098639508,ORIGINAL
256,1,0.0,0.8696263565463043,0.942222098639508,ORIGINAL
256,2,0.0,0.9166666666666669,0.9481176789508283,ORIGINAL
256,3,0.0,0.8391463916782737,0.9620152218507199,ORIGINAL
256,4,0.0,0.8999999999999998,0.942222098639508,ORIGINAL
256,5,0.0,0.8944271909999159,0.942222098639508,ORIGINAL
256,6,0.0,0.29999999999999993,0.9297149398107365,ORIGINAL
256,7,0.0,,0.942222098639508,ORIGINAL
256,8,0.0,0.9622504486493763,0.942222098639508,ORIGINAL
256,9,0.0,0.9486832980505138,0.942222098639508,ORIGINAL
257,0,0.0,,1.0,ORIGINAL
257,1,0.0,0.9428090415820635,1.0,ORIGINAL
257,2,0.0,0.9428090415820635,0.9633150259944552,ORIGINAL
257,3,0.0,0.9434563530497265,0.9478675140998328,ORIGINAL
257,4,0.0,,1.0,ORIGINAL
257,5,0.0,0.9486832980505138,1.0,ORIGINAL
257,6,0.0,0.5669467095138409,0.9646784562203947,ORIGINAL
257,7,0.0,0.8749999999999998,1.0,ORIGINAL
257,8,0.0,,1.0,ORIGINAL
257,9,0.0,1.0000000000000002,1.0,ORIGINAL
258,0,0.0,0.0,0.8702169657000697,ORIGINAL
258,1,0.0,0.7071067811865475,0.8702169657000697,ORIGINAL
258,2,0.0,0.8728715609439696,0.9210118098610537,ORIGINAL
258,3,0.0,0.628970902033151,0.9267730559799439,ORIGINAL
258,4,0.0,0.3952847075210474,0.8702169657000697,ORIGINAL
258,5,0.0,0.7349684152591671,0.8702169657000697,ORIGINAL
258,6,0.0,0.5384615384615385,0.8556006689869021,ORIGINAL
258,7,0.0,0.8801724588467041,0.8702169657000697,ORIGINAL
258,8,0.0,0.923869770874312,0.8702169657000697,ORIGINAL
258,9,0.0,0.5533715710928597,0.8702169657000697,ORIGINAL
259,0,0.0,,0.9567031271545803,ORIGINAL
259,1,0.0,0.9486832980505138,0.9567031271545803,ORIGINAL
259,2,0.0,0.9438798074485389,0.8856912333000991,ORIGINAL
259,3,0.0,0.9525793444156805,0.9004262931558409,ORIGINAL
259,4,0.0,,0.9567031271545803,ORIGINAL
259,5,0.0,0.9999999999999999,0.9567031271545803,ORIGINAL
259,6,0.0,1.0000000000000002,0.9311485159614413,ORIGINAL
259,7,0.0,0.9799578870122229,0.9567031271545803,ORIGINAL
259,8,0.0,0.9669875568304563,0.9567031271545803,ORIGINAL
259,9,0.0,0.8164965809277261,0.9567031271545803,ORIGINAL
260,0,0.0,,0.961120586841919,ORIGINAL
260,1,0.0,1.0,0.961120586841919,ORIGINAL
260,2,0.0,0.9669875568304563,0.9521660180930676,ORIGINAL
260,3,0.0,0.9233805168766386,0.9352301584940231,ORIGINAL
260,4,0.0,0.9486832980505138,0.961120586841919,ORIGINAL
260,5,0.0,1.0000000000000002,0.961120586841919,ORIGINAL
260,6,0.0,0.9999999999999998,0.9665349418267045,ORIGINAL
260,7,0.0,1.0000000000000002,0.961120586841919,ORIGINAL
260,8,0.0,0.9486832980505138,0.961120586841919,ORIGINAL
260,9,0.0,0.7745966692414834,0.961120586841919,ORIGINAL
261,0,0.0,,,ORIGINAL
261,1,0.0,,,ORIGINAL
261,2,0.0,0.9525793444156805,,ORIGINAL
261,3,0.0,0.9090909090909091,,ORIGINAL
261,4,0.0,1.0000000000000002,,ORIGINAL
261,5,0.0,,,ORIGINAL
261,6,0.0,,,ORIGINAL
261,7,0.0,,,ORIGINAL
261,8,0.0,,,ORIGINAL
261,9,0.0,,,ORIGINAL
262,0,0.0,-0.3265986323710904,0.9547094736283407,ORIGINAL
262,1,0.0,0.36363636363636365,0.9547094736283407,ORIGINAL
262,2,0.0,0.5244044240850757,0.9773974144232005,ORIGINAL
262,3,0.0,-0.0914991421995628,0.9866204937711875,ORIGINAL
262,4,0.0,0.5555555555555556,0.9547094736283407,ORIGINAL
262,5,0.0,0.560112033611204,0.9547094736283407,ORIGINAL
262,6,0.0,-0.24019223070763074,0.9639000502246567,ORIGINAL
262,7,0.0,0.15713484026367722,0.9547094736283407,ORIGINAL
262,8,0.0,0.0450377349111045,0.9547094736283407,ORIGINAL
262,9,0.0,0.5163977794943222,0.9547094736283407,ORIGINAL
263,0,0.0,,0.9808074276549021,ORIGINAL
263,1,0.0,1.0000000000000002,0.9808074276549021,ORIGINAL
263,2,0.0,,0.9704064442287548,ORIGINAL
263,3,0.0,0.9428090415820635,0.9434388010650644,ORIGINAL
263,4,0.0,,0.9808074276549021,ORIGINAL
263,5,0.0,,0.9808074276549021,ORIGINAL
263,6,0.0,0.9428090415820635,0.9385487595062291,ORIGINAL
263,7,0.0,0.857142857142857,0.9808074276549021,ORIGINAL
263,8,0.0,,0.9808074276549021,ORIGINAL
263,9,0.0,1.0000000000000002,0.9808074276549021,ORIGINAL
264,0,0.0,,0.9611205894334732,ORIGINAL
264,1,0.0,0.9354143466934852,0.9611205894334732,ORIGINAL
264,2,0.0,0.9428090415820634,0.9521660201148179,ORIGINAL
264,3,0.0,0.9061030445113443,0.9352301620915747,ORIGINAL
264,4,0.0,0.9707253433941511,0.9611205894334732,ORIGINAL
264,5,0.0,1.0000000000000002,0.9611205894334732,ORIGINAL
264,6,0.0,0.5590169943749475,0.9665349424714982,ORIGINAL
264,7,0.0,0.944911182523068,0.9611205894334732,ORIGINAL
264,8,0.0,0.9622504486493763,0.9611205894334732,ORIGINAL
264,9,0.0,0.808290376865476,0.9611205894334732,ORIGINAL
265,0,0.0,0.769800358919501,0.9806790815403282,ORIGINAL
265,1,0.0,0.7006490497453707,0.9806790815403282,ORIGINAL
265,2,0.0,0.9999999999999998,0.9341955258135484,ORIGINAL
265,3,0.0,0.5272196186749782,0.9453174438792368,ORIGINAL
265,4,0.0,0.9036961141150639,0.9806790815403282,ORIGINAL
265,5,0.0,0.8660254037844387,0.9806790815403282,ORIGINAL
265,6,0.0,0.8017837257372732,0.9561958137126199,ORIGINAL
265,7,0.0,0.9594032236002469,0.9806790815403282,ORIGINAL
265,8,0.0,0.8838834764831843,0.9806790815403282,ORIGINAL
265,9,0.0,0.8944271909999159,0.9806790815403282,ORIGINAL
266,0,0.0,0.8888888888888888,0.9781648212739634,ORIGINAL
266,1,0.0,0.9561828874675149,0.9781648212739634,ORIGINAL
266,2,0.0,0.9260923597695477,0.9355328357619582,ORIGINAL
266,3,0.0,0.9021342216356465,0.9490453957413996,ORIGINAL
266,4,0.0,0.8385254915624211,0.9781648212739634,ORIGINAL
266,5,0.0,0.9166666666666666,0.9781648212739634,ORIGINAL
266,6,0.0,0.4003203845127179,0.9599059849640706,ORIGINAL
266,7,0.0,0.8775269089525567,0.9781648212739634,ORIGINAL
266,8,0.0,0.8719775384642696,0.9781648212739634,ORIGINAL
266,9,0.0,0.8642416214502248,0.9781648212739634,ORIGINAL
267,0,0.0,,0.9574558834095567,ORIGINAL
267,1,0.0,0.9486832980505138,0.9574558834095567,ORIGINAL
267,2,0.0,0.8528028654224417,0.9509252812894391,ORIGINAL
267,3,0.0,0.8964214570007952,0.9152556961502667,ORIGINAL
267,4,0.0,0.9622504486493763,0.9574558834095567,ORIGINAL
267,5,0.0,0.9999999999999999,0.9574558834095567,ORIGINAL
267,6,0.0,0.5656854249492379,0.9455570208803238,ORIGINAL
267,7,0.0,0.8181818181818182,0.9574558834095567,ORIGINAL
267,8,0.0,0.9285714285714286,0.9574558834095567,ORIGINAL
267,9,0.0,,0.9574558834095567,ORIGINAL
268,0,0.0,,0.9699713572266225,ORIGINAL
268,1,0.0,0.9707253433941511,0.9699713572266225,ORIGINAL
268,2,0.0,0.9432422182837986,0.9059825079395406,ORIGINAL
268,3,0.0,0.9669875568304563,0.8860247116862109,ORIGINAL
268,4,0.0,,0.9699713572266225,ORIGINAL
268,5,0.0,0.9486832980505138,0.9699713572266225,ORIGINAL
268,6,0.0,,0.9660512382337655,ORIGINAL
268,7,0.0,,0.9699713572266225,ORIGINAL
268,8,0.0,,0.9699713572266225,ORIGINAL
268,9,0.0,0.9647638212377322,0.9699713572266225,ORIGINAL
269,0,0.0,,0.9265269144557784,ORIGINAL
269,1,0.0,0.944911182523068,0.9265269144557784,ORIGINAL
269,2,0.0,0.9237604307034011,0.8674344100157444,ORIGINAL
269,3,0.0,0.944911182523068,0.8508475952763901,ORIGINAL
269,4,0.0,,0.9265269144557784,ORIGINAL
269,5,0.0,0.8660254037844387,0.9265269144557784,ORIGINAL
269,6,0.0,0.5773502691896258,0.9305804524064215,ORIGINAL
269,7,0.0,,0.9265269144557784,ORIGINAL
269,8,0.0,,0.9265269144557784,ORIGINAL
269,9,0.0,0.9622504486493763,0.9265269144557784,ORIGINAL
270,0,0.0,,1.0,ORIGINAL
270,1,0.0,0.821583836257749,1.0,ORIGINAL
270,2,0.0,0.8017837257372731,0.9633150259944552,ORIGINAL
270,3,0.0,0.8421052631578946,0.9478675140998328,ORIGINAL
270,4,0.0,0.8017837257372732,1.0,ORIGINAL
270,5,0.0,0.819891591749923,1.0,ORIGINAL
270,6,0.0,0.8488746876271654,0.9646784562203947,ORIGINAL
270,7,0.0,0.9669875568304563,1.0,ORIGINAL
270,8,0.0,0.819891591749923,1.0,ORIGINAL
270,9,0.0,0.5773502691896257,1.0,ORIGINAL
271,0,0.0,,0.9623825726019074,ORIGINAL
271,1,0.0,0.8660254037844387,0.9623825726019074,ORIGINAL
271,2,0.0,0.9486832980505138,0.9039457242238322,ORIGINAL
271,3,0.0,0.9434563530497265,0.9255037799035835,ORIGINAL
271,4,0.0,0.9707253433941511,0.9623825726019074,ORIGINAL
271,5,0.0,0.9999999999999998,0.9623825726019074,ORIGINAL
271,6,0.0,0.7071067811865475,0.9443964430495274,ORIGINAL
271,7,0.0,0.8017837257372731,0.9623825726019074,ORIGINAL
271,8,0.0,,0.9623825726019074,ORIGINAL
271,9,0.0,0.7637626158259734,0.9623825726019074,ORIGINAL
272,0,0.0,,,ORIGINAL
272,1,0.0,,,ORIGINAL
272,2,0.0,0.9428090415820635,,ORIGINAL
272,3,0.0,0.9486832980505138,,ORIGINAL
272,4,0.0,,,ORIGINAL
272,5,0.0,,,ORIGINAL
272,6,0.0,0.0,,ORIGINAL
272,7,0.0,0.9428090415820635,,ORIGINAL
272,8,0.0,,,ORIGINAL
272,9,0.0,1.0000000000000002,,ORIGINAL
273,0,0.0,,,ORIGINAL
273,1,0.0,,,ORIGINAL
273,2,0.0,1.0,,ORIGINAL
273,3,0.0,0.9999999999999999,,ORIGINAL
273,4,0.0,0.9622504486493763,,ORIGINAL
273,5,0.0,1.0000000000000002,,ORIGINAL
273,6,0.0,0.33333333333333337,,ORIGINAL
273,7,0.0,0.9486832980505138,,ORIGINAL
273,8,0.0,0.9707253433941511,,ORIGINAL
273,9,0.0,,,ORIGINAL
274,0,0.0,,0.9471904310983514,ORIGINAL
274,1,0.0,0.8164965809277261,0.9471904310983514,ORIGINAL
274,2,0.0,0.9622504486493763,0.9744499134770355,ORIGINAL
274,3,0.0,0.8838834764831843,0.9590620043917518,ORIGINAL
274,4,0.0,0.9707253433941511,0.9471904310983514,ORIGINAL
274,5,0.0,0.9999999999999998,0.9471904310983514,ORIGINAL
274,6,0.0,0.5773502691896258,0.9287918814548854,ORIGINAL
274,7,0.0,0.9428090415820635,0.9471904310983514,ORIGINAL
274,8,0.0,0.9428090415820635,0.9471904310983514,ORIGINAL
274,9,0.0,1.0,0.9471904310983514,ORIGINAL
275,0,0.0,,,ORIGINAL
275,1,0.0,-0.16116459280507606,,ORIGINAL
275,2,0.0,-0.2858309752375147,,ORIGINAL
275,3,0.0,-0.46709936649691375,,ORIGINAL
275,4,0.0,0.8017837257372732,,ORIGINAL
275,5,0.0,0.26967994498529685,,ORIGINAL
275,6,0.0,-0.33968311024337877,,ORIGINAL
275,7,0.0,0.28284271247461895,,ORIGINAL
275,8,0.0,,,ORIGINAL
275,9,0.0,0.3223291856101521,,ORIGINAL
276,0,0.0,,0.980679081407238,ORIGINAL
276,1,0.0,0.9999999999999998,0.980679081407238,ORIGINAL
276,2,0.0,0.9486832980505138,0.9341955231636891,ORIGINAL
276,3,0.0,0.8893517313513327,0.9453174417790929,ORIGINAL
276,4,0.0,0.9163795899053139,0.980679081407238,ORIGINAL
276,5,0.0,0.953820966476532,0.980679081407238,ORIGINAL
276,6,0.0,0.6956083436402525,0.9561958103294204,ORIGINAL
276,7,0.0,0.9061030445113443,0.980679081407238,ORIGINAL
276,8,0.0,0.8571428571428571,0.980679081407238,ORIGINAL
276,9,0.0,0.9526610232449336,0.980679081407238,ORIGINAL
277,0,0.0,,0.9557478119065012,ORIGINAL
277,1,0.0,,0.9557478119065012,ORIGINAL
277,2,0.0,,0.8993093801608274,ORIGINAL
277,3,0.0,,0.899741046171174,ORIGINAL
277,4,0.0,,0.9557478119065012,ORIGINAL
277,5,0.0,,0.9557478119065012,ORIGINAL
277,6,0.0,,0.9319636232845895,ORIGINAL
277,7,0.0,,0.9557478119065012,ORIGINAL
277,8,0.0,,0.9557478119065012,ORIGINAL
277,9,0.0,,0.9557478119065012,ORIGINAL
278,0,0.0,0.0,0.9528205462346803,ORIGINAL
278,1,0.0,0.5384615384615385,0.9528205462346803,ORIGINAL
278,2,0.0,0.4472135954999579,0.9555396379349221,ORIGINAL
278,3,0.0,0.4769722505616701,0.9747204209657291,ORIGINAL
278,4,0.0,0.3481553119113957,0.9528205462346803,ORIGINAL
278,5,0.0,0.6172133998483678,0.9528205462346803,ORIGINAL
278,6,0.0,0.24343224778007383,0.9738170082873187,ORIGINAL
278,7,0.0,0.9166984970282112,0.9528205462346803,ORIGINAL
278,8,0.0,0.3086066999241838,0.9528205462346803,ORIGINAL
278,9,0.0,0.7895420339517228,0.9528205462346803,ORIGINAL
279,0,0.0,,0.9611205894334732,ORIGINAL
279,1,0.0,0.7071067811865476,0.9611205894334732,ORIGINAL
279,2,0.0,0.8660254037844387,0.9521660201148179,ORIGINAL
279,3,0.0,0.5163977794943222,0.9352301620915747,ORIGINAL
279,4,0.0,,0.9611205894334732,ORIGINAL
279,5,0.0,0.7745966692414834,0.9611205894334732,ORIGINAL
279,6,0.0,0.8944271909999159,0.9665349424714982,ORIGINAL
279,7,0.0,0.9438798074485389,0.9611205894334732,ORIGINAL
279,8,0.0,,0.9611205894334732,ORIGINAL
279,9,0.0,0.8488746876271654,0.9611205894334732,ORIGINAL
280,0,0.0,,0.9824636474186641,ORIGINAL
280,1,0.0,0.9622504486493763,0.9824636474186641,ORIGINAL
280,2,0.0,0.6666666666666667,0.9373812311488623,ORIGINAL
280,3,0.0,0.9707253433941511,0.9051753805491874,ORIGINAL
280,4,0.0,1.0000000000000002,0.9824636474186641,ORIGINAL
280,5,0.0,1.0,0.9824636474186641,ORIGINAL
280,6,0.0,0.2672612419124244,0.9655410042692694,ORIGINAL
280,7,0.0,0.9525793444156805,0.9824636474186641,ORIGINAL
280,8,0.0,,0.9824636474186641,ORIGINAL
280,9,0.0,0.9622504486493763,0.9824636474186641,ORIGINAL
281,0,0.0,,0.9611205903434257,ORIGINAL
281,1,0.0,1.0000000000000002,0.9611205903434257,ORIGINAL
281,2,0.0,0.944911182523068,0.9521660197075147,ORIGINAL
281,3,0.0,0.9525793444156805,0.9352301586517596,ORIGINAL
281,4,0.0,0.9622504486493763,0.9611205903434257,ORIGINAL
281,5,0.0,1.0000000000000002,0.9611205903434257,ORIGINAL
281,6,0.0,0.14285714285714285,0.9665349430237354,ORIGINAL
281,7,0.0,,0.9611205903434257,ORIGINAL
281,8,0.0,,0.9611205903434257,ORIGINAL
281,9,0.0,1.0,0.9611205903434257,ORIGINAL
282,0,0.0,,0.969971356750688,ORIGINAL
282,1,0.0,,0.969971356750688,ORIGINAL
282,2,0.0,,0.9059825054241087,ORIGINAL
282,3,0.0,,0.8860247084563049,ORIGINAL
282,4,0.0,,0.969971356750688,ORIGINAL
282,5,0.0,,0.969971356750688,ORIGINAL
282,6,0.0,,0.9660512358711693,ORIGINAL
282,7,0.0,,0.969971356750688,ORIGINAL
282,8,0.0,,0.969971356750688,ORIGINAL
282,9,0.0,,0.969971356750688,ORIGINAL
283,0,0.0,,0.9711339619879596,ORIGINAL
283,1,0.0,0.9428090415820635,0.9711339619879596,ORIGINAL
283,2,0.0,0.9561828874675149,0.9418732670478862,ORIGINAL
283,3,0.0,0.9449111825230682,0.9184574404657228,ORIGINAL
283,4,0.0,0.9128709291752769,0.9711339619879596,ORIGINAL
283,5,0.0,0.9999999999999998,0.9711339619879596,ORIGINAL
283,6,0.0,0.6324555320336759,0.973151866537578,ORIGINAL
283,7,0.0,0.9707253433941511,0.9711339619879596,ORIGINAL
283,8,0.0,0.9438798074485389,0.9711339619879596,ORIGINAL
283,9,0.0,,0.9711339619879596,ORIGINAL
284,0,0.0,0.5,1.0,ORIGINAL
284,1,0.0,0.6859943405700354,1.0,ORIGINAL
284,2,0.0,0.6957010852370434,0.9633150259944552,ORIGINAL
284,3,0.0,0.6390096504226938,0.9478675140998328,ORIGINAL
284,4,0.0,0.8981462390204985,1.0,ORIGINAL
284,5,0.0,0.8696263565463043,1.0,ORIGINAL
284,6,0.0,0.3450327796711771,0.9646784562203947,ORIGINAL
284,7,0.0,0.9090909090909091,1.0,ORIGINAL
284,8,0.0,0.588348405414552,1.0,ORIGINAL
284,9,0.0,0.923869770874312,1.0,ORIGINAL
285,0,0.0,,0.9528205427326275,ORIGINAL
285,1,0.0,1.0,0.9528205427326275,ORIGINAL
285,2,0.0,,0.9555396358746835,ORIGINAL
285,3,0.0,,0.9747204207284491,ORIGINAL
285,4,0.0,0.9486832980505138,0.9528205427326275,ORIGINAL
285,5,0.0,,0.9528205427326275,ORIGINAL
285,6,0.0,0.944911182523068,0.9738170064477849,ORIGINAL
285,7,0.0,,0.9528205427326275,ORIGINAL
285,8,0.0,,0.9528205427326275,ORIGINAL
285,9,0.0,,0.9528205427326275,ORIGINAL
286,0,0.0,,0.991304923522449,ORIGINAL
286,1,0.0,0.8728715609439696,0.991304923522449,ORIGINAL
286,2,0.0,1.0,0.9434780885582554,ORIGINAL
286,3,0.0,0.7635417155709334,0.9168101393534747,ORIGINAL
286,4,0.0,0.9473729613780999,0.991304923522449,ORIGINAL
286,5,0.0,0.9655351182200101,0.991304923522449,ORIGINAL
286,6,0.0,0.6030226891555273,0.9654889000095769,ORIGINAL
286,7,0.0,0.9669875568304563,0.991304923522449,ORIGINAL
286,8,0.0,0.8058229640253802,0.991304923522449,ORIGINAL
286,9,0.0,0.9506541513652698,0.991304923522449,ORIGINAL
287,0,0.0,,0.9734363214507032,ORIGINAL
287,1,0.0,0.9999999999999998,0.9734363214507032,ORIGINAL
287,2,0.0,0.9561828874675149,0.9372873897695143,ORIGINAL
287,3,0.0,0.9185586535436918,0.9593459940786431,ORIGINAL
287,4,0.0,0.9538209664765318,0.9734363214507032,ORIGINAL
287,5,0.0,0.960768922830523,0.9734363214507032,ORIGINAL
287,6,0.0,0.629940788348712,0.9352360575243936,ORIGINAL
287,7,0.0,0.944911182523068,0.9734363214507032,ORIGINAL
287,8,0.0,0.9999999999999998,0.9734363214507032,ORIGINAL
287,9,0.0,0.9761870601839528,0.9734363214507032,ORIGINAL
288,0,0.0,,0.9616716983719,ORIGINAL
288,1,0.0,,0.9616716983719,ORIGINAL
288,2,0.0,,0.9692984740413295,ORIGINAL
288,3,0.0,0.9622504486493763,0.9711647487408165,ORIGINAL
288,4,0.0,0.8888888888888888,0.9616716983719,ORIGINAL
288,5,0.0,0.9761870601839528,0.9616716983719,ORIGINAL
288,6,0.0,,0.9700823626667497,ORIGINAL
288,7,0.0,,0.9616716983719,ORIGINAL
288,8,0.0,,0.9616716983719,ORIGINAL
288,9,0.0,,0.9616716983719,ORIGINAL
289,0,0.0,0.0,0.9806790824777463,ORIGINAL
289,1,0.0,0.42600643361512924,0.9806790824777463,ORIGINAL
289,2,0.0,0.2982100259896135,0.9341955209411457,ORIGINAL
289,3,0.0,0.29475317237328164,0.9453174374117236,ORIGINAL
289,4,0.0,0.1982726388386439,0.9806790824777463,ORIGINAL
289,5,0.0,0.1517165212272521,0.9806790824777463,ORIGINAL
289,6,0.0,0.2870189239409639,0.9561958085308774,ORIGINAL
289,7,0.0,0.9152086306448589,0.9806790824777463,ORIGINAL
289,8,0.0,0.147087101353638,0.9806790824777463,ORIGINAL
289,9,0.0,0.5439282932204212,0.9806790824777463,ORIGINAL
290,0,0.0,,0.9824636481796526,ORIGINAL
290,1,0.0,1.0,0.9824636481796526,ORIGINAL
290,2,0.0,,0.9373812375584477,ORIGINAL
290,3,0.0,0.9434563530497265,0.9051753866614726,ORIGINAL
290,4,0.0,,0.9824636481796526,ORIGINAL
290,5,0.0,0.9486832980505138,0.9824636481796526,ORIGINAL
290,6,0.0,0.17677669529663687,0.9655410100448671,ORIGINAL
290,7,0.0,0.944911182523068,0.9824636481796526,ORIGINAL
290,8,0.0,,0.9824636481796526,ORIGINAL
290,9,0.0,0.9761870601839528,0.9824636481796526,ORIGINAL
291,0,0.0,-0.33333333333333337,1.0,ORIGINAL
291,1,0.0,0.4472135954999579,1.0,ORIGINAL
291,2,0.0,-0.10660035817780521,0.9633150259944552,ORIGINAL
291,3,0.0,0.3319700011034929,0.9478675140998328,ORIGINAL
291,4,0.0,0.15811388300841897,1.0,ORIGINAL
291,5,0.0,0.12524485821702988,1.0,ORIGINAL
291,6,0.0,0.44543540318737396,0.9646784562203947,ORIGINAL
291,7,0.0,0.9185586535436918,1.0,ORIGINAL
291,8,0.0,-0.11322770341445959,1.0,ORIGINAL
291,9,0.0,0.521749194749951,1.0,ORIGINAL
292,0,0.0,0.7071067811865475,0.9528205427326275,ORIGINAL
292,1,0.0,0.8606629658238704,0.9528205427326275,ORIGINAL
292,2,0.0,0.7592566023652966,0.9555396358746835,ORIGINAL
292,3,0.0,0.6546536707079772,0.9747204207284491,ORIGINAL
292,4,0.0,0.8703882797784892,0.9528205427326275,ORIGINAL
292,5,0.0,0.7669649888473704,0.9528205427326275,ORIGINAL
292,6,0.0,0.4629100498862757,0.9738170064477849,ORIGINAL
292,7,0.0,0.6546536707079772,0.9528205427326275,ORIGINAL
292,8,0.0,0.6804138174397718,0.9528205427326275,ORIGINAL
292,9,0.0,0.7223151185146154,0.9528205427326275,ORIGINAL
293,0,0.0,,0.9623825726019074,ORIGINAL
293,1,0.0,0.8164965809277259,0.9623825726019074,ORIGINAL
293,2,0.0,,0.9039457242238322,ORIGINAL
293,3,0.0,0.0,0.9255037799035835,ORIGINAL
293,4,0.0,0.2357022603955158,0.9623825726019074,ORIGINAL
293,5,0.0,0.7071067811865475,0.9623825726019074,ORIGINAL
293,6,0.0,-0.31622776601683794,0.9443964430495274,ORIGINAL
293,7,0.0,,0.9623825726019074,ORIGINAL
293,8,0.0,,0.9623825726019074,ORIGINAL
293,9,0.0,0.7844645405527361,0.9623825726019074,ORIGINAL
294,0,0.0,,0.9567031251510678,ORIGINAL
294,1,0.0,,0.9567031251510678,ORIGINAL
294,2,0.0,0.1889822365046136,0.8856912272605074,ORIGINAL
294,3,0.0,0.4803844614152615,0.9004262888190422,ORIGINAL
294,4,0.0,0.0,0.9567031251510678,ORIGINAL
294,5,0.0,0.40089186286863654,0.9567031251510678,ORIGINAL
294,6,0.0,0.8944271909999159,0.9311485113804097,ORIGINAL
294,7,0.0,0.9438798074485389,0.9567031251510678,ORIGINAL
294,8,0.0,0.9622504486493764,0.9567031251510678,ORIGINAL
294,9,0.0,0.31622776601683794,0.9567031251510678,ORIGINAL
295,0,0.0,0.0,0.9547904355013279,ORIGINAL
295,1,0.0,0.45501575519329013,0.9547904355013279,ORIGINAL
295,2,0.0,0.80860754006264,0.9499077753808751,ORIGINAL
295,3,0.0,0.5665015593979469,0.9601427196384108,ORIGINAL
295,4,0.0,0.7035264706814485,0.9547904355013279,ORIGINAL
295,5,0.0,0.5499999999999999,0.9547904355013279,ORIGINAL
295,6,0.0,0.4351941398892446,0.9376399353372399,ORIGINAL
295,7,0.0,0.9166984970282112,0.9547904355013279,ORIGINAL
295,8,0.0,0.570781792985393,0.9547904355013279,ORIGINAL
295,9,0.0,0.7472647177570734,0.9547904355013279,ORIGINAL
296,0,0.0,,1.0,ORIGINAL
296,1,0.0,,1.0,ORIGINAL
296,2,0.0,,0.9633150259944552,ORIGINAL
296,3,0.0,0.8660254037844387,0.9478675140998328,ORIGINAL
296,4,0.0,,1.0,ORIGINAL
296,5,0.0,,1.0,ORIGINAL
296,6,0.0,,0.9646784562203947,ORIGINAL
296,7,0.0,,1.0,ORIGINAL
296,8,0.0,,1.0,ORIGINAL
296,9,0.0,,1.0,ORIGINAL
297,0,0.0,,0.9806790815403282,ORIGINAL
297,1,0.0,,0.9806790815403282,ORIGINAL
297,2,0.0,1.0000000000000002,0.9341955258135484,ORIGINAL
297,3,0.0,0.9428090415820635,0.9453174438792368,ORIGINAL
297,4,0.0,0.9622504486493763,0.9806790815403282,ORIGINAL
297,5,0.0,1.0,0.9806790815403282,ORIGINAL
297,6,0.0,0.8819171036881969,0.9561958137126199,ORIGINAL
297,7,0.0,0.944911182523068,0.9806790815403282,ORIGINAL
297,8,0.0,0.9428090415820635,0.9806790815403282,ORIGINAL
297,9,0.0,0.9707253433941511,0.9806790815403282,ORIGINAL
298,0,0.0,,,ORIGINAL
298,1,0.0,,,ORIGINAL
298,2,0.0,1.0000000000000002,,ORIGINAL
298,3,0.0,0.9999999999999998,,ORIGINAL
298,4,0.0,,,ORIGINAL
298,5,0.0,1.0000000000000002,,ORIGINAL
298,6,0.0,0.47140452079103173,,ORIGINAL
298,7,0.0,0.9622504486493763,,ORIGINAL
298,8,0.0,,,ORIGINAL
298,9,0.0,,,ORIGINAL
299,0,0.0,-0.31622776601683794,0.9487238660456732,ORIGINAL
299,1,0.0,0.18257418583505536,0.9487238660456732,ORIGINAL
299,2,0.0,0.2927700218845599,0.8891044140773785,ORIGINAL
299,3,0.0,0.24122532033850386,0.9153603163718335,ORIGINAL
299,4,0.0,0.7205766921228922,0.9487238660456732,ORIGINAL
299,5,0.0,0.6445033866354896,0.9487238660456732,ORIGINAL
299,6,0.0,0.27386127875258304,0.9216289035166967,ORIGINAL
299,7,0.0,0.8411910241920597,0.9487238660456732,ORIGINAL
299,8,0.0,0.4242640687119285,0.9487238660456732,ORIGINAL
299,9,0.0,0.6024640760767093,0.9487238660456732,ORIGINAL
300,0,0.0,,0.9616716968792609,ORIGINAL
300,1,0.0,,0.9616716968792609,ORIGINAL
300,2,0.0,0.8660254037844387,0.9692984708838988,ORIGINAL
300,3,0.0,0.7302967433402214,0.9711647503877763,ORIGINAL
300,4,0.0,,0.9616716968792609,ORIGINAL
300,5,0.0,,0.9616716968792609,ORIGINAL
300,6,0.0,,0.970082358394099,ORIGINAL
300,7,0.0,,0.9616716968792609,ORIGINAL
300,8,0.0,,0.9616716968792609,ORIGINAL
300,9,0.0,,0.9616716968792609,ORIGINAL
301,739,0.9,,,ORIGINAL
301,0,0.0,,1.0,ORIGINAL
301,1,0.0,,1.0,ORIGINAL
301,2,0.0,0.5773502691896258,0.9633150259944552,ORIGINAL
301,3,0.0,0.8164965809277259,0.9478675140998328,ORIGINAL
301,4,0.0,,1.0,ORIGINAL
301,5,0.0,0.5773502691896258,1.0,ORIGINAL
301,6,0.0,,0.9646784562203947,ORIGINAL
301,7,0.0,,1.0,ORIGINAL
301,8,0.0,,1.0,ORIGINAL
302,0,0.0,,1.0,ORIGINAL
302,1,0.0,0.8164965809277259,1.0,ORIGINAL
302,2,0.0,,0.9633150259944552,ORIGINAL
302,3,0.0,0.7071067811865475,0.9478675140998328,ORIGINAL
302,4,0.0,,1.0,ORIGINAL
302,5,0.0,0.8164965809277259,1.0,ORIGINAL
302,6,0.0,,0.9646784562203947,ORIGINAL
302,7,0.0,,1.0,ORIGINAL
302,8,0.0,,1.0,ORIGINAL
302,9,0.0,0.8164965809277259,1.0,ORIGINAL
303,0,0.0,,0.954500584269406,ORIGINAL
303,1,0.0,1.0000000000000002,0.954500584269406,ORIGINAL
303,2,0.0,,0.8965726540063051,ORIGINAL
303,3,0.0,0.6507913734559685,0.9117335278063102,ORIGINAL
303,4,0.0,,0.954500584269406,ORIGINAL
303,5,0.0,1.0000000000000002,0.954500584269406,ORIGINAL
303,6,0.0,,0.9422929917647715,ORIGINAL
303,7,0.0,,0.954500584269406,ORIGINAL
303,8,0.0,,0.954500584269406,ORIGINAL
303,9,0.0,,0.954500584269406,ORIGINAL
304,0,0.0,,0.9623825726019074,ORIGINAL
304,1,0.0,0.22360679774997896,0.9623825726019074,ORIGINAL
304,2,0.0,0.363696483726654,0.9039457242238322,ORIGINAL
304,3,0.0,0.13181243254912406,0.9255037799035835,ORIGINAL
304,4,0.0,0.5661385170722979,0.9623825726019074,ORIGINAL
304,5,0.0,0.404145188432738,0.9623825726019074,ORIGINAL
304,6,0.0,0.0,0.9443964430495274,ORIGINAL
304,7,0.0,-0.294174202707276,0.9623825726019074,ORIGINAL
304,8,0.0,-0.19245008972987526,0.9623825726019074,ORIGINAL
304,9,0.0,-0.14907119849998599,0.9623825726019074,ORIGINAL
305,0,0.0,1.0000000000000002,0.9616716957450109,ORIGINAL
305,1,0.0,0.9594032236002469,0.9616716957450109,ORIGINAL
305,2,0.0,0.9561828874675149,0.9692984703039891,ORIGINAL
305,3,0.0,0.9233805168766387,0.9711647457048506,ORIGINAL
305,4,0.0,0.9292837111948398,0.9616716957450109,ORIGINAL
305,5,0.0,0.8488746876271654,0.9616716957450109,ORIGINAL
305,6,0.0,0.8660254037844387,0.9700823599154343,ORIGINAL
305,7,0.0,0.9999999999999998,0.9616716957450109,ORIGINAL
305,8,0.0,1.0000000000000002,0.9616716957450109,ORIGINAL
305,9,0.0,0.9538209664765318,0.9616716957450109,ORIGINAL
306,0,0.0,,0.9611205894334732,ORIGINAL
306,1,0.0,0.9486832980505138,0.9611205894334732,ORIGINAL
306,2,0.0,,0.9521660201148179,ORIGINAL
306,3,0.0,0.9999999999999998,0.9352301620915747,ORIGINAL
306,4,0.0,0.9561828874675149,0.9611205894334732,ORIGINAL
306,5,0.0,0.9428090415820635,0.9611205894334732,ORIGINAL
306,6,0.0,0.9647638212377322,0.9665349424714982,ORIGINAL
306,7,0.0,1.0,0.9611205894334732,ORIGINAL
306,8,0.0,,0.9611205894334732,ORIGINAL
306,9,0.0,0.9428090415820635,0.9611205894334732,ORIGINAL
307,0,0.0,-0.8894991799933215,0.9317824627855039,ORIGINAL
307,1,0.0,-0.29814239699997197,0.9317824627855039,ORIGINAL
307,2,0.0,-0.15811388300841897,0.948172301184151,ORIGINAL
307,3,0.0,-0.43915503282683993,0.9184882769329118,ORIGINAL
307,4,0.0,-0.5078333750770081,0.9317824627855039,ORIGINAL
307,5,0.0,-0.40406101782088427,0.9317824627855039,ORIGINAL
307,6,0.0,0.6666666666666666,0.9277148432335083,ORIGINAL
307,7,0.0,0.6546536707079772,0.9317824627855039,ORIGINAL
307,8,0.0,,0.9317824627855039,ORIGINAL
307,9,0.0,0.6172133998483676,0.9317824627855039,ORIGINAL
308,0,0.0,0.8728715609439696,1.0,ORIGINAL
308,1,0.0,,1.0,ORIGINAL
308,2,0.0,0.944911182523068,0.9633150259944552,ORIGINAL
308,3,0.0,0.9258200997725514,0.9478675140998328,ORIGINAL
308,4,0.0,,1.0,ORIGINAL
308,5,0.0,0.8660254037844387,1.0,ORIGINAL
308,6,0.0,,0.9646784562203947,ORIGINAL
308,7,0.0,,1.0,ORIGINAL
308,8,0.0,,1.0,ORIGINAL
308,9,0.0,,1.0,ORIGINAL
309,0,0.0,1.0000000000000002,0.9557478114262787,ORIGINAL
309,1,0.0,0.9473729613780999,0.9557478114262787,ORIGINAL
309,2,0.0,1.0000000000000002,0.8993093818735528,ORIGINAL
309,3,0.0,0.8975274678557508,0.8997410501761314,ORIGINAL
309,4,0.0,0.8907986681660889,0.9557478114262787,ORIGINAL
309,5,0.0,0.9185586535436918,0.9557478114262787,ORIGINAL
309,6,0.0,0.5837172315870185,0.9319636211208066,ORIGINAL
309,7,0.0,0.8504200642707612,0.9557478114262787,ORIGINAL
309,8,0.0,0.9999999999999999,0.9557478114262787,ORIGINAL
309,9,0.0,0.9594032236002469,0.9557478114262787,ORIGINAL
310,0,0.0,,0.9547904331293198,ORIGINAL
310,1,0.0,1.0000000000000002,0.9547904331293198,ORIGINAL
310,2,0.0,,0.9499077724601235,ORIGINAL
310,3,0.0,0.6123724356957945,0.9601427202173838,ORIGINAL
310,4,0.0,,0.9547904331293198,ORIGINAL
310,5,0.0,0.6324555320336759,0.9547904331293198,ORIGINAL
310,6,0.0,0.9428090415820632,0.937639929509396,ORIGINAL
310,7,0.0,0.4082482904638631,0.9547904331293198,ORIGINAL
310,8,0.0,0.3779644730092272,0.9547904331293198,ORIGINAL
310,9,0.0,0.8660254037844387,0.9547904331293198,ORIGINAL
311,0,0.0,,0.9264884283426499,ORIGINAL
311,1,0.0,,0.9264884283426499,ORIGINAL
311,2,0.0,,0.974997989694242,ORIGINAL
311,3,0.0,,0.9848572527455088,ORIGINAL
311,4,0.0,,0.9264884283426499,ORIGINAL
311,5,0.0,,0.9264884283426499,ORIGINAL
311,6,0.0,,0.9099120966941667,ORIGINAL
311,7,0.0,,0.9264884283426499,ORIGINAL
311,8,0.0,,0.9264884283426499,ORIGINAL
311,9,0.0,,0.9264884283426499,ORIGINAL
312,0,0.0,,0.9794193454726551,ORIGINAL
312,1,0.0,0.9486832980505138,0.9794193454726551,ORIGINAL
312,2,0.0,0.9594032236002469,0.9292376093451206,ORIGINAL
312,3,0.0,0.8854377448471461,0.8954618889258041,ORIGINAL
312,4,0.0,0.8999999999999998,0.9794193454726551,ORIGINAL
312,5,0.0,0.9707253433941511,0.9794193454726551,ORIGINAL
312,6,0.0,0.2581988897471611,0.965928654354475,ORIGINAL
312,7,0.0,1.0000000000000002,0.9794193454726551,ORIGINAL
312,8,0.0,,0.9794193454726551,ORIGINAL
312,9,0.0,0.9594032236002469,0.9794193454726551,ORIGINAL
313,0,0.0,,0.9865432291009868,ORIGINAL
313,1,0.0,0.9428090415820635,0.9865432291009868,ORIGINAL
313,2,0.0,,0.946452462077083,ORIGINAL
313,3,0.0,1.0000000000000002,0.9288382417506102,ORIGINAL
313,4,0.0,0.9622504486493763,0.9865432291009868,ORIGINAL
313,5,0.0,,0.9865432291009868,ORIGINAL
313,6,0.0,0.9486832980505138,0.9560412601772939,ORIGINAL
313,7,0.0,,0.9865432291009868,ORIGINAL
313,8,0.0,,0.9865432291009868,ORIGINAL
313,9,0.0,,0.9865432291009868,ORIGINAL
314,0,0.0,0.5773502691896258,0.9567031239733925,ORIGINAL
314,1,0.0,0.3692744729379982,0.9567031239733925,ORIGINAL
314,2,0.0,0.18208926018230745,0.8856912278400381,ORIGINAL
314,3,0.0,0.5920141630322447,0.9004262905259159,ORIGINAL
314,4,0.0,-0.05716619504750295,0.9567031239733925,ORIGINAL
314,5,0.0,0.21757131728816848,0.9567031239733925,ORIGINAL
314,6,0.0,0.26261286571944514,0.9311485102803493,ORIGINAL
314,7,0.0,0.5007733956671914,0.9567031239733925,ORIGINAL
314,8,0.0,0.21677749238102995,0.9567031239733925,ORIGINAL
314,9,0.0,0.5838403593598094,0.9567031239733925,ORIGINAL
315,243,0.9,0.8359173188630293,0.9999999999999958,ORIGINAL
315,739,0.9,1.0000000000000002,,ORIGINAL
315,0,0.0,,0.9901813498334862,ORIGINAL
315,1,0.0,0.9090909090909091,0.9901813498334862,ORIGINAL
315,2,0.0,0.9467292624062575,0.9757308535055583,ORIGINAL
315,3,0.0,0.83795709729612,0.968959838869782,ORIGINAL
315,4,0.0,0.9203579866168444,0.9901813498334862,ORIGINAL
315,5,0.0,0.9707253433941511,0.9901813498334862,ORIGINAL
315,6,0.0,0.6900655593423543,0.9768098599542961,ORIGINAL
315,7,0.0,0.9432422182837986,0.9901813498334862,ORIGINAL
316,186,0.9,0.7526178090063818,0.8863643074660453,ORIGINAL
316,0,0.0,,0.9639813066001433,ORIGINAL
316,1,0.0,0.37499999999999994,0.9639813066001433,ORIGINAL
316,2,0.0,0.3508232077228117,0.905451634955296,ORIGINAL
316,3,0.0,0.42857142857142855,0.8676103575558289,ORIGINAL
316,4,0.0,0.45643546458763834,0.9639813066001433,ORIGINAL
316,5,0.0,0.7142857142857142,0.9639813066001433,ORIGINAL
316,6,0.0,0.629940788348712,0.9485264299534014,ORIGINAL
316,7,0.0,0.944911182523068,0.9639813066001433,ORIGINAL
316,8,0.0,,0.9639813066001433,ORIGINAL
317,0,0.0,,0.9409512511334096,ORIGINAL
317,1,0.0,0.9622504486493763,0.9409512511334096,ORIGINAL
317,2,0.0,,0.8805955290471816,ORIGINAL
317,3,0.0,0.944911182523068,0.8425549461834863,ORIGINAL
317,4,0.0,,0.9409512511334096,ORIGINAL
317,5,0.0,0.9622504486493763,0.9409512511334096,ORIGINAL
317,6,0.0,0.6804138174397718,0.9260773545062556,ORIGINAL
317,7,0.0,,0.9409512511334096,ORIGINAL
317,8,0.0,,0.9409512511334096,ORIGINAL
317,9,0.0,,0.9409512511334096,ORIGINAL
318,0,0.0,,0.9806790815403282,ORIGINAL
318,1,0.0,0.8164965809277261,0.9806790815403282,ORIGINAL
318,2,0.0,,0.9341955258135484,ORIGINAL
318,3,0.0,1.0,0.9453174438792368,ORIGINAL
318,4,0.0,0.7453559924999299,0.9806790815403282,ORIGINAL
318,5,0.0,0.9486832980505138,0.9806790815403282,ORIGINAL
318,6,0.0,0.6123724356957945,0.9561958137126199,ORIGINAL
318,7,0.0,0.9036961141150639,0.9806790815403282,ORIGINAL
318,8,0.0,0.8749999999999998,0.9806790815403282,ORIGINAL
318,9,0.0,0.9428090415820635,0.9806790815403282,ORIGINAL
319,0,0.0,,0.9738458768163214,ORIGINAL
319,1,0.0,0.9434563530497265,0.9738458768163214,ORIGINAL
319,2,0.0,0.9428090415820635,0.9545809504748346,ORIGINAL
319,3,0.0,0.8642416214502248,0.9713391337985414,ORIGINAL
319,4,0.0,0.9761870601839528,0.9738458768163214,ORIGINAL
319,5,0.0,0.944911182523068,0.9738458768163214,ORIGINAL
319,6,0.0,0.8485281374238569,0.9212287395625672,ORIGINAL
319,7,0.0,0.9999999999999999,0.9738458768163214,ORIGINAL
319,8,0.0,,0.9738458768163214,ORIGINAL
319,9,0.0,0.8819171036881969,0.9738458768163214,ORIGINAL
320,0,0.0,,0.9528205462346803,ORIGINAL
320,1,0.0,,0.9528205462346803,ORIGINAL
320,2,0.0,0.944911182523068,0.9555396379349221,ORIGINAL
320,3,0.0,0.9438798074485389,0.9747204209657291,ORIGINAL
320,4,0.0,,0.9528205462346803,ORIGINAL
320,5,0.0,,0.9528205462346803,ORIGINAL
320,6,0.0,,0.9738170082873187,ORIGINAL
320,7,0.0,,0.9528205462346803,ORIGINAL
320,8,0.0,,0.9528205462346803,ORIGINAL
320,9,0.0,,0.9528205462346803,ORIGINAL
321,0,0.0,,0.962720392922269,ORIGINAL
321,1,0.0,0.9999999999999998,0.962720392922269,ORIGINAL
321,2,0.0,,0.9658798425144149,ORIGINAL
321,3,0.0,0.9486832980505138,0.9222827441977814,ORIGINAL
321,4,0.0,0.9525793444156805,0.962720392922269,ORIGINAL
321,5,0.0,0.9486832980505138,0.962720392922269,ORIGINAL
321,6,0.0,0.3651483716701107,0.9768146069083574,ORIGINAL
321,7,0.0,,0.962720392922269,ORIGINAL
321,8,0.0,,0.962720392922269,ORIGINAL
321,9,0.0,0.9622504486493763,0.962720392922269,ORIGINAL
322,0,0.0,,0.9280662185308055,ORIGINAL
322,1,0.0,,0.9280662185308055,ORIGINAL
322,2,0.0,,0.9480661642035789,ORIGINAL
322,3,0.0,0.9438798074485389,0.9766154033143565,ORIGINAL
322,4,0.0,,0.9280662185308055,ORIGINAL
322,5,0.0,,0.9280662185308055,ORIGINAL
322,6,0.0,0.2886751345948129,0.9012193025242882,ORIGINAL
322,7,0.0,,0.9280662185308055,ORIGINAL
322,8,0.0,,0.9280662185308055,ORIGINAL
322,9,0.0,,0.9280662185308055,ORIGINAL
323,0,0.0,,0.9420432252655582,ORIGINAL
323,1,0.0,0.944911182523068,0.9420432252655582,ORIGINAL
323,2,0.0,,0.935694190065955,ORIGINAL
323,3,0.0,0.857142857142857,0.9599929196111939,ORIGINAL
323,4,0.0,0.9622504486493763,0.9420432252655582,ORIGINAL
323,5,0.0,0.9428090415820635,0.9420432252655582,ORIGINAL
323,6,0.0,0.7745966692414834,0.9403748526765583,ORIGINAL
323,7,0.0,,0.9420432252655582,ORIGINAL
323,8,0.0,,0.9420432252655582,ORIGINAL
323,9,0.0,0.9428090415820635,0.9420432252655582,ORIGINAL
324,0,0.0,,0.9132528984426408,ORIGINAL
324,1,0.0,0.857142857142857,0.9132528984426408,ORIGINAL
324,2,0.0,0.9428090415820635,0.8396355169755443,ORIGINAL
324,3,0.0,0.9325048082403138,0.8109206201871121,ORIGINAL
324,4,0.0,0.47809144373375745,0.9132528984426408,ORIGINAL
324,5,0.0,0.7925939239012171,0.9132528984426408,ORIGINAL
324,6,0.0,0.9999999999999998,0.909209495872516,ORIGINAL
324,7,0.0,0.9434563530497265,0.9132528984426408,ORIGINAL
324,8,0.0,0.8696263565463043,0.9132528984426408,ORIGINAL
324,9,0.0,,0.9132528984426408,ORIGINAL
325,0,0.0,0.26967994498529685,0.9806790815403282,ORIGINAL
325,1,0.0,0.6024640760767093,0.9806790815403282,ORIGINAL
325,2,0.0,0.8278596896728931,0.9341955258135484,ORIGINAL
325,3,0.0,0.7399956641006085,0.9453174438792368,ORIGINAL
325,4,0.0,0.9370425713316364,0.9806790815403282,ORIGINAL
325,5,0.0,0.9241377067782294,0.9806790815403282,ORIGINAL
325,6,0.0,0.5294143019465852,0.9561958137126199,ORIGINAL
325,7,0.0,0.9185586535436918,0.9806790815403282,ORIGINAL
325,8,0.0,0.8907986681660891,0.9806790815403282,ORIGINAL
325,9,0.0,0.9601587170383665,0.9806790815403282,ORIGINAL
326,0,0.0,0.9258200997725514,0.9616716958035149,ORIGINAL
326,1,0.0,-0.19069251784911848,0.9616716958035149,ORIGINAL
326,2,0.0,0.5103103630798288,0.9692984702961247,ORIGINAL
326,3,0.0,0.17496355305594127,0.9711647495310693,ORIGINAL
326,4,0.0,0.6761234037828131,0.9616716958035149,ORIGINAL
326,5,0.0,0.6546536707079772,0.9616716958035149,ORIGINAL
326,6,0.0,0.2672612419124244,0.9700823601229248,ORIGINAL
326,7,0.0,0.75,0.9616716958035149,ORIGINAL
326,8,0.0,0.6999999999999998,0.9616716958035149,ORIGINAL
326,9,0.0,0.31524416249564025,0.9616716958035149,ORIGINAL
327,0,0.0,0.8164965809277261,0.9557478104089453,ORIGINAL
327,1,0.0,0.944911182523068,0.9557478104089453,ORIGINAL
327,2,0.0,0.8320502943378437,0.8993093781459607,ORIGINAL
327,3,0.0,0.7222222222222222,0.8997410461184958,ORIGINAL
327,4,0.0,0.6396021490668313,0.9557478104089453,ORIGINAL
327,5,0.0,0.8944271909999159,0.9557478104089453,ORIGINAL
327,6,0.0,0.8944271909999159,0.9319636192814553,ORIGINAL
327,7,0.0,0.9363821838346237,0.9557478104089453,ORIGINAL
327,8,0.0,0.6396021490668313,0.9557478104089453,ORIGINAL
327,9,0.0,0.8164965809277259,0.9557478104089453,ORIGINAL
328,0,0.0,,0.9633150259944552,ORIGINAL
328,1,0.0,0.7348469228349533,0.9633150259944552,ORIGINAL
328,2,0.0,0.7453559924999299,0.9999999999999993,ORIGINAL
328,3,0.0,0.6255432421712244,0.9777320874553711,ORIGINAL
328,4,0.0,0.8696263565463043,0.9633150259944552,ORIGINAL
328,5,0.0,0.882522608121828,0.9633150259944552,ORIGINAL
328,6,0.0,0.6446583712203042,0.9658346052796958,ORIGINAL
328,7,0.0,0.7745966692414834,0.9633150259944552,ORIGINAL
328,8,0.0,0.6546536707079772,0.9633150259944552,ORIGINAL
328,9,0.0,0.9622504486493763,0.9633150259944552,ORIGINAL
329,0,0.0,,0.9545005813135693,ORIGINAL
329,1,0.0,0.944911182523068,0.9545005813135693,ORIGINAL
329,2,0.0,0.9544271444636666,0.8965726495809305,ORIGINAL
329,3,0.0,0.9339475705392295,0.911733525129955,ORIGINAL
329,4,0.0,0.9428090415820634,0.9545005813135693,ORIGINAL
329,5,0.0,0.9486832980505138,0.9545005813135693,ORIGINAL
329,6,0.0,0.7745966692414834,0.9422929887194212,ORIGINAL
329,7,0.0,1.0,0.9545005813135693,ORIGINAL
329,8,0.0,0.8959786703810408,0.9545005813135693,ORIGINAL
329,9,0.0,0.9449111825230682,0.9545005813135693,ORIGINAL
330,0,0.0,,1.0,ORIGINAL
330,1,0.0,1.0000000000000002,1.0,ORIGINAL
330,2,0.0,,0.9633150259944552,ORIGINAL
330,3,0.0,0.8838834764831843,0.9478675140998328,ORIGINAL
330,4,0.0,,1.0,ORIGINAL
330,5,0.0,0.8660254037844387,1.0,ORIGINAL
330,6,0.0,0.8728715609439696,0.9646784562203947,ORIGINAL
330,7,0.0,,1.0,ORIGINAL
330,8,0.0,,1.0,ORIGINAL
330,9,0.0,,1.0,ORIGINAL
331,0,0.0,,0.9379204676429388,ORIGINAL
331,1,0.0,,0.9379204676429388,ORIGINAL
331,2,0.0,,0.8824477311102815,ORIGINAL
331,3,0.0,,0.84627451671196,ORIGINAL
331,4,0.0,,0.9379204676429388,ORIGINAL
331,5,0.0,,0.9379204676429388,ORIGINAL
331,6,0.0,,0.9261694487432705,ORIGINAL
331,7,0.0,,0.9379204676429388,ORIGINAL
331,8,0.0,,0.9379204676429388,ORIGINAL
331,9,0.0,,0.9379204676429388,ORIGINAL
332,0,0.0,,1.0,ORIGINAL
332,1,0.0,0.31622776601683794,1.0,ORIGINAL
332,2,0.0,0.40451991747794525,0.9633150259944552,ORIGINAL
332,3,0.0,0.3779644730092272,0.9478675140998328,ORIGINAL
332,4,0.0,,1.0,ORIGINAL
332,5,0.0,1.0000000000000002,1.0,ORIGINAL
332,6,0.0,0.4472135954999579,0.9646784562203947,ORIGINAL
332,7,0.0,0.9428090415820635,1.0,ORIGINAL
332,8,0.0,,1.0,ORIGINAL
332,9,0.0,,1.0,ORIGINAL
333,0,0.0,,0.9246351741960835,ORIGINAL
333,1,0.0,0.8944271909999159,0.9246351741960835,ORIGINAL
333,2,0.0,0.9428090415820635,0.9390073912447577,ORIGINAL
333,3,0.0,0.9471141280884339,0.95306052864534,ORIGINAL
333,4,0.0,0.9411764705882353,0.9246351741960835,ORIGINAL
333,5,0.0,0.9864400504156211,0.9246351741960835,ORIGINAL
333,6,0.0,0.4767312946227962,0.9144329275100189,ORIGINAL
333,7,0.0,,0.9246351741960835,ORIGINAL
333,8,0.0,0.9669875568304563,0.9246351741960835,ORIGINAL
333,9,0.0,0.9354143466934853,0.9246351741960835,ORIGINAL
334,0,0.0,0.8504200642707612,0.9806790842263925,ORIGINAL
334,1,0.0,0.9197090092274486,0.9806790842263925,ORIGINAL
334,2,0.0,0.8468303183574205,0.9341955261964597,ORIGINAL
334,3,0.0,0.7297691588509917,0.945317442503052,ORIGINAL
334,4,0.0,0.5595028849441883,0.9806790842263925,ORIGINAL
334,5,0.0,0.6821910402406466,0.9806790842263925,ORIGINAL
334,6,0.0,0.4036036763977875,0.9561958135781816,ORIGINAL
334,7,0.0,0.8540168202937981,0.9806790842263925,ORIGINAL
334,8,0.0,0.8124999999999998,0.9806790842263925,ORIGINAL
334,9,0.0,0.9128709291752769,0.9806790842263925,ORIGINAL
335,739,0.9,0.9428090415820635,,ORIGINAL
335,0,0.0,,0.9462238230576936,ORIGINAL
335,1,0.0,0.8728715609439696,0.9462238230576936,ORIGINAL
335,2,0.0,0.9561828874675149,0.8791092415754306,ORIGINAL
335,3,0.0,0.806225774829855,0.8884161119777194,ORIGINAL
335,4,0.0,0.9245003270420487,0.9462238230576936,ORIGINAL
335,5,0.0,0.9707253433941511,0.9462238230576936,ORIGINAL
335,6,0.0,0.778498944161523,0.9304565217173556,ORIGINAL
335,7,0.0,0.944911182523068,0.9462238230576936,ORIGINAL
335,8,0.0,,0.9462238230576936,ORIGINAL
336,0,0.0,,0.9623825744921536,ORIGINAL
336,1,0.0,,0.9623825744921536,ORIGINAL
336,2,0.0,,0.9039457247248888,ORIGINAL
336,3,0.0,0.944911182523068,0.9255037785690072,ORIGINAL
336,4,0.0,,0.9623825744921536,ORIGINAL
336,5,0.0,,0.9623825744921536,ORIGINAL
336,6,0.0,,0.9443964442816921,ORIGINAL
336,7,0.0,,0.9623825744921536,ORIGINAL
336,8,0.0,,0.9623825744921536,ORIGINAL
336,9,0.0,,0.9623825744921536,ORIGINAL
337,0,0.0,0.769800358919501,1.0,ORIGINAL
337,1,0.0,0.8359173188630293,1.0,ORIGINAL
337,2,0.0,0.5918640302493726,0.9633150259944552,ORIGINAL
337,3,0.0,0.7325896743930082,0.9478675140998328,ORIGINAL
337,4,0.0,0.9434563530497264,1.0,ORIGINAL
337,5,0.0,0.9114654303753,1.0,ORIGINAL
337,6,0.0,0.5965587590013045,0.9646784562203947,ORIGINAL
337,7,0.0,0.9203579866168444,1.0,ORIGINAL
337,8,0.0,0.7610423906471905,1.0,ORIGINAL
337,9,0.0,0.8215838362577491,1.0,ORIGINAL
338,0,0.0,1.0000000000000002,0.9681150542899442,ORIGINAL
338,1,0.0,0.5773502691896258,0.9681150542899442,ORIGINAL
338,2,0.0,,0.9538641598043284,ORIGINAL
338,3,0.0,0.5773502691896258,0.9731287408354515,ORIGINAL
338,4,0.0,,0.9681150542899442,ORIGINAL
338,5,0.0,,0.9681150542899442,ORIGINAL
338,6,0.0,,0.9156195846268943,ORIGINAL
338,7,0.0,,0.9681150542899442,ORIGINAL
338,8,0.0,,0.9681150542899442,ORIGINAL
338,9,0.0,,0.9681150542899442,ORIGINAL
339,0,0.0,,0.9462238196970443,ORIGINAL
339,1,0.0,0.48420012470625223,0.9462238196970443,ORIGINAL
339,2,0.0,0.7399400733959438,0.8791092324436277,ORIGINAL
339,3,0.0,0.6900655593423543,0.8884161019391814,ORIGINAL
339,4,0.0,0.9659092088013584,0.9462238196970443,ORIGINAL
339,5,0.0,0.7354355067681901,0.9462238196970443,ORIGINAL
339,6,0.0,0.6859943405700354,0.930456515128288,ORIGINAL
339,7,0.0,0.8907986681660889,0.9462238196970443,ORIGINAL
339,8,0.0,0.8616404368553291,0.9462238196970443,ORIGINAL
339,9,0.0,0.933138949631687,0.9462238196970443,ORIGINAL
340,0,0.0,,0.9808074286486422,ORIGINAL
340,1,0.0,,0.9808074286486422,ORIGINAL
340,2,0.0,,0.9704064446070771,ORIGINAL
340,3,0.0,,0.9434388031421846,ORIGINAL
340,4,0.0,,0.9808074286486422,ORIGINAL
340,5,0.0,,0.9808074286486422,ORIGINAL
340,6,0.0,,0.9385487604084403,ORIGINAL
340,7,0.0,,0.9808074286486422,ORIGINAL
340,8,0.0,,0.9808074286486422,ORIGINAL
340,9,0.0,,0.9808074286486422,ORIGINAL
341,0,0.0,,0.9806790815403282,ORIGINAL
341,1,0.0,0.9428090415820635,0.9806790815403282,ORIGINAL
341,2,0.0,,0.9341955258135484,ORIGINAL
341,3,0.0,0.9999999999999999,0.9453174438792368,ORIGINAL
341,4,0.0,,0.9806790815403282,ORIGINAL
341,5,0.0,0.9525793444156805,0.9806790815403282,ORIGINAL
341,6,0.0,0.9561828874675149,0.9561958137126199,ORIGINAL
341,7,0.0,1.0000000000000002,0.9806790815403282,ORIGINAL
341,8,0.0,0.8660254037844386,0.9806790815403282,ORIGINAL
341,9,0.0,0.8660254037844387,0.9806790815403282,ORIGINAL
342,0,0.0,0.9534625892455924,1.0,ORIGINAL
342,1,0.0,0.9594032236002469,1.0,ORIGINAL
342,2,0.0,0.7416198487095662,0.9633150259944552,ORIGINAL
342,3,0.0,0.7560153527108575,0.9478675140998328,ORIGINAL
342,4,0.0,0.8299275201966066,1.0,ORIGINAL
342,5,0.0,0.929758101807797,1.0,ORIGINAL
342,6,0.0,0.6486493048989729,0.9646784562203947,ORIGINAL
342,7,0.0,0.8485552916276634,1.0,ORIGINAL
342,8,0.0,0.8793040102298588,1.0,ORIGINAL
342,9,0.0,0.9104463009115372,1.0,ORIGINAL
343,0,0.0,,0.9528205427326275,ORIGINAL
343,1,0.0,0.944911182523068,0.9528205427326275,ORIGINAL
343,2,0.0,0.9622504486493763,0.9555396358746835,ORIGINAL
343,3,0.0,0.8864052604279183,0.9747204207284491,ORIGINAL
343,4,0.0,,0.9528205427326275,ORIGINAL
343,5,0.0,0.8944271909999159,0.9528205427326275,ORIGINAL
343,6,0.0,-0.7071067811865475,0.9738170064477849,ORIGINAL
343,7,0.0,,0.9528205427326275,ORIGINAL
343,8,0.0,,0.9528205427326275,ORIGINAL
343,9,0.0,1.0000000000000002,0.9528205427326275,ORIGINAL
344,0,0.0,,0.9317824697544982,ORIGINAL
344,1,0.0,1.0,0.9317824697544982,ORIGINAL
344,2,0.0,0.9428090415820635,0.948172308948168,ORIGINAL
344,3,0.0,0.9561828874675149,0.9184882850144845,ORIGINAL
344,4,0.0,,0.9317824697544982,ORIGINAL
344,5,0.0,1.0000000000000002,0.9317824697544982,ORIGINAL
344,6,0.0,0.8485281374238569,0.9277148497305662,ORIGINAL
344,7,0.0,,0.9317824697544982,ORIGINAL
344,8,0.0,,0.9317824697544982,ORIGINAL
344,9,0.0,,0.9317824697544982,ORIGINAL
345,0,0.0,,0.9042739755922512,ORIGINAL
345,1,0.0,,0.9042739755922512,ORIGINAL
345,2,0.0,,0.9507593724578529,ORIGINAL
345,3,0.0,1.0,0.9250982384792658,ORIGINAL
345,4,0.0,0.9622504486493763,0.9042739755922512,ORIGINAL
345,5,0.0,0.9999999999999998,0.9042739755922512,ORIGINAL
345,6,0.0,0.5,0.8814523319675303,ORIGINAL
345,7,0.0,0.9428090415820635,0.9042739755922512,ORIGINAL
345,8,0.0,0.9486832980505138,0.9042739755922512,ORIGINAL
345,9,0.0,0.8164965809277259,0.9042739755922512,ORIGINAL
346,0,0.0,0.7745966692414833,0.9806790824013687,ORIGINAL
346,1,0.0,0.9547859244962514,0.9806790824013687,ORIGINAL
346,2,0.0,0.9431191251430151,0.9341955271108662,ORIGINAL
346,3,0.0,0.8921722983855179,0.9453174447798184,ORIGINAL
346,4,0.0,0.923869770874312,0.9806790824013687,ORIGINAL
346,5,0.0,0.8164965809277259,0.9806790824013687,ORIGINAL
346,6,0.0,0.9045340337332909,0.9561958127211324,ORIGINAL
346,7,0.0,0.9561828874675149,0.9806790824013687,ORIGINAL
346,8,0.0,0.9772545497599155,0.9806790824013687,ORIGINAL
346,9,0.0,0.8765009801785554,0.9806790824013687,ORIGINAL
347,0,0.0,,0.9639813098116331,ORIGINAL
347,1,0.0,0.9707253433941511,0.9639813098116331,ORIGINAL
347,2,0.0,0.9561828874675149,0.9054516351274056,ORIGINAL
347,3,0.0,0.9434563530497265,0.8676103609921769,ORIGINAL
347,4,0.0,0.9647638212377322,0.9639813098116331,ORIGINAL
347,5,0.0,0.9166666666666666,0.9639813098116331,ORIGINAL
347,6,0.0,0.8000946913656629,0.9485264300328381,ORIGINAL
347,7,0.0,0.9438798074485389,0.9639813098116331,ORIGINAL
347,8,0.0,0.8058229640253802,0.9639813098116331,ORIGINAL
347,9,0.0,0.8819171036881969,0.9639813098116331,ORIGINAL
348,0,0.0,,0.9409512547067033,ORIGINAL
348,1,0.0,,0.9409512547067033,ORIGINAL
348,2,0.0,,0.8805955318001024,ORIGINAL
348,3,0.0,,0.8425549494195083,ORIGINAL
348,4,0.0,,0.9409512547067033,ORIGINAL
348,5,0.0,,0.9409512547067033,ORIGINAL
348,6,0.0,,0.9260773574344731,ORIGINAL
348,7,0.0,,0.9409512547067033,ORIGINAL
348,8,0.0,,0.9409512547067033,ORIGINAL
348,9,0.0,,0.9409512547067033,ORIGINAL
349,0,0.0,,0.9688240455412486,ORIGINAL
349,1,0.0,1.0000000000000002,0.9688240455412486,ORIGINAL
349,2,0.0,0.8728715609439696,0.9416600184948395,ORIGINAL
349,3,0.0,0.7499999999999999,0.9640273209028699,ORIGINAL
349,4,0.0,0.9622504486493763,0.9688240455412486,ORIGINAL
349,5,0.0,0.9999999999999998,0.9688240455412486,ORIGINAL
349,6,0.0,0.6708203932499369,0.9506001637622323,ORIGINAL
349,7,0.0,,0.9688240455412486,ORIGINAL
349,8,0.0,,0.9688240455412486,ORIGINAL
349,9,0.0,,0.9688240455412486,ORIGINAL
350,0,0.0,,0.9528772578999964,ORIGINAL
350,1,0.0,0.8616404368553293,0.9528772578999964,ORIGINAL
350,2,0.0,0.7216878364870323,0.8862136982368001,ORIGINAL
350,3,0.0,0.8386278693775346,0.8652361823140664,ORIGINAL
350,4,0.0,0.7803989725717079,0.9528772578999964,ORIGINAL
350,5,0.0,0.8703882797784892,0.9528772578999964,ORIGINAL
350,6,0.0,0.5345224838248488,0.950676317163076,ORIGINAL
350,7,0.0,0.8,0.9528772578999964,ORIGINAL
350,8,0.0,0.8413341412630905,0.9528772578999964,ORIGINAL
350,9,0.0,0.6123724356957946,0.9528772578999964,ORIGINAL
351,0,0.0,,0.9806790815765236,ORIGINAL
351,1,0.0,,0.9806790815765236,ORIGINAL
351,2,0.0,0.5773502691896258,0.9341955275454015,ORIGINAL
351,3,0.0,,0.9453174450175371,ORIGINAL
351,4,0.0,0.4082482904638631,0.9806790815765236,ORIGINAL
351,5,0.0,,0.9806790815765236,ORIGINAL
351,6,0.0,0.5773502691896258,0.9561958124327689,ORIGINAL
351,7,0.0,,0.9806790815765236,ORIGINAL
351,8,0.0,,0.9806790815765236,ORIGINAL
351,9,0.0,,0.9806790815765236,ORIGINAL
352,0,0.0,,0.9699713572266225,ORIGINAL
352,1,0.0,,0.9699713572266225,ORIGINAL
352,2,0.0,,0.9059825079395406,ORIGINAL
352,3,0.0,,0.8860247116862109,ORIGINAL
352,4,0.0,,0.9699713572266225,ORIGINAL
352,5,0.0,,0.9699713572266225,ORIGINAL
352,6,0.0,,0.9660512382337655,ORIGINAL
352,7,0.0,,0.9699713572266225,ORIGINAL
352,8,0.0,,0.9699713572266225,ORIGINAL
352,9,0.0,,0.9699713572266225,ORIGINAL
353,0,0.0,,1.0,ORIGINAL
353,1,0.0,0.5728918992315464,1.0,ORIGINAL
353,2,0.0,0.9230769230769232,0.9633150259944552,ORIGINAL
353,3,0.0,0.8040302522073697,0.9478675140998328,ORIGINAL
353,4,0.0,1.0000000000000002,1.0,ORIGINAL
353,5,0.0,0.9707253433941511,1.0,ORIGINAL
353,6,0.0,0.4082482904638631,0.9646784562203947,ORIGINAL
353,7,0.0,0.9525793444156805,1.0,ORIGINAL
353,8,0.0,0.9622504486493763,1.0,ORIGINAL
353,9,0.0,0.9999999999999998,1.0,ORIGINAL
354,0,0.0,,0.9265269144557784,ORIGINAL
354,1,0.0,,0.9265269144557784,ORIGINAL
354,2,0.0,,0.8674344100157444,ORIGINAL
354,3,0.0,,0.8508475952763901,ORIGINAL
354,4,0.0,,0.9265269144557784,ORIGINAL
354,5,0.0,,0.9265269144557784,ORIGINAL
354,6,0.0,0.4082482904638631,0.9305804524064215,ORIGINAL
354,7,0.0,,0.9265269144557784,ORIGINAL
354,8,0.0,,0.9265269144557784,ORIGINAL
354,9,0.0,,0.9265269144557784,ORIGINAL
355,0,0.0,0.5962847939999439,0.9478675140998328,ORIGINAL
355,1,0.0,0.8728715609439696,0.9478675140998328,ORIGINAL
355,2,0.0,0.9185586535436917,0.9777320874553711,ORIGINAL
355,3,0.0,0.8320502943378437,1.0000000000000002,ORIGINAL
355,4,0.0,0.9176629354822469,0.9478675140998328,ORIGINAL
355,5,0.0,0.6614378277661476,0.9478675140998328,ORIGINAL
355,6,0.0,0.6210590034081188,0.9413488731479989,ORIGINAL
355,7,0.0,0.944911182523068,0.9478675140998328,ORIGINAL
355,8,0.0,0.9486832980505138,0.9478675140998328,ORIGINAL
355,9,0.0,0.7456011350793257,0.9478675140998328,ORIGINAL
356,0,0.0,,0.9705116872099708,ORIGINAL
356,1,0.0,,0.9705116872099708,ORIGINAL
356,2,0.0,,0.9473868360154306,ORIGINAL
356,3,0.0,0.944911182523068,0.9579810645485438,ORIGINAL
356,4,0.0,,0.9705116872099708,ORIGINAL
356,5,0.0,,0.9705116872099708,ORIGINAL
356,6,0.0,0.9428090415820635,0.9180309959058616,ORIGINAL
356,7,0.0,0.9428090415820635,0.9705116872099708,ORIGINAL
356,8,0.0,,0.9705116872099708,ORIGINAL
356,9,0.0,0.9622504486493763,0.9705116872099708,ORIGINAL
357,0,0.0,,0.942043227076223,ORIGINAL
357,1,0.0,0.8888888888888888,0.942043227076223,ORIGINAL
357,2,0.0,0.8660254037844387,0.9356941880721562,ORIGINAL
357,3,0.0,0.8486684247915056,0.9599929173118431,ORIGINAL
357,4,0.0,0.9058216273156767,0.942043227076223,ORIGINAL
357,5,0.0,0.9525793444156805,0.942043227076223,ORIGINAL
357,6,0.0,0.5547001962252291,0.9403748531152251,ORIGINAL
357,7,0.0,,0.942043227076223,ORIGINAL
357,8,0.0,,0.942043227076223,ORIGINAL
357,9,0.0,0.903696114115064,0.942043227076223,ORIGINAL
358,0,0.0,,0.9528205427326275,ORIGINAL
358,1,0.0,0.9428090415820635,0.9528205427326275,ORIGINAL
358,2,0.0,,0.9555396358746835,ORIGINAL
358,3,0.0,0.795495128834866,0.9747204207284491,ORIGINAL
358,4,0.0,0.8090398349558905,0.9528205427326275,ORIGINAL
358,5,0.0,0.7302967433402214,0.9528205427326275,ORIGINAL
358,6,0.0,0.5,0.9738170064477849,ORIGINAL
358,7,0.0,,0.9528205427326275,ORIGINAL
358,8,0.0,0.7001400420140049,0.9528205427326275,ORIGINAL
358,9,0.0,,0.9528205427326275,ORIGINAL
359,0,0.0,0.5,0.9528772578999964,ORIGINAL
359,1,0.0,0.6929348671835833,0.9528772578999964,ORIGINAL
359,2,0.0,0.8183170883849714,0.8862136982368001,ORIGINAL
359,3,0.0,0.5739440431835514,0.8652361823140664,ORIGINAL
359,4,0.0,0.8442317648177382,0.9528772578999964,ORIGINAL
359,5,0.0,0.79115480528524,0.9528772578999964,ORIGINAL
359,6,0.0,0.29814239699997197,0.950676317163076,ORIGINAL
359,7,0.0,0.968962790249909,0.9528772578999964,ORIGINAL
359,8,0.0,0.8970852271450604,0.9528772578999964,ORIGINAL
359,9,0.0,0.8944271909999159,0.9528772578999964,ORIGINAL
360,0,0.0,,0.956703126436246,ORIGINAL
360,1,0.0,1.0,0.956703126436246,ORIGINAL
360,2,0.0,0.9090909090909091,0.8856912324255661,ORIGINAL
360,3,0.0,0.9375,0.9004262956197402,ORIGINAL
360,4,0.0,0.8386278693775346,0.956703126436246,ORIGINAL
360,5,0.0,0.9428090415820635,0.956703126436246,ORIGINAL
360,6,0.0,0.649519052838329,0.9311485132528816,ORIGINAL
360,7,0.0,0.8333333333333335,0.956703126436246,ORIGINAL
360,8,0.0,,0.956703126436246,ORIGINAL
360,9,0.0,0.9707253433941511,0.956703126436246,ORIGINAL
361,0,0.0,0.0,0.9487238649631617,ORIGINAL
361,1,0.0,0.6092717958449424,0.9487238649631617,ORIGINAL
361,2,0.0,0.6936879756192958,0.8891044054038652,ORIGINAL
361,3,0.0,0.4953090647358552,0.9153603065689945,ORIGINAL
361,4,0.0,0.4123930494211613,0.9487238649631617,ORIGINAL
361,5,0.0,0.7378647873726218,0.9487238649631617,ORIGINAL
361,6,0.0,0.5009794328681195,0.9216289021670787,ORIGINAL
361,7,0.0,0.9583727150068314,0.9487238649631617,ORIGINAL
361,8,0.0,0.6396021490668313,0.9487238649631617,ORIGINAL
361,9,0.0,0.7385489458759965,0.9487238649631617,ORIGINAL
362,0,0.0,0.9999999999999998,0.9646784588864321,ORIGINAL
362,1,0.0,0.9999999999999998,0.9646784588864321,ORIGINAL
362,2,0.0,0.9467292624062573,0.9658346056261651,ORIGINAL
362,3,0.0,0.9513029883089883,0.9413488733162432,ORIGINAL
362,4,0.0,0.9538209664765318,0.9646784588864321,ORIGINAL
362,5,0.0,1.0000000000000002,0.9646784588864321,ORIGINAL
362,6,0.0,0.50709255283711,0.9999999999999941,ORIGINAL
362,7,0.0,0.9438798074485389,0.9646784588864321,ORIGINAL
362,8,0.0,0.9525793444156805,0.9646784588864321,ORIGINAL
362,9,0.0,0.9438798074485388,0.9646784588864321,ORIGINAL
363,0,0.0,,0.9824636481796526,ORIGINAL
363,1,0.0,1.0,0.9824636481796526,ORIGINAL
363,2,0.0,0.8017837257372731,0.9373812375584477,ORIGINAL
363,3,0.0,0.821583836257749,0.9051753866614726,ORIGINAL
363,4,0.0,0.9128709291752769,0.9824636481796526,ORIGINAL
363,5,0.0,0.9999999999999998,0.9824636481796526,ORIGINAL
363,6,0.0,0.2182178902359924,0.9655410100448671,ORIGINAL
363,7,0.0,,0.9824636481796526,ORIGINAL
363,8,0.0,,0.9824636481796526,ORIGINAL
363,9,0.0,1.0000000000000002,0.9824636481796526,ORIGINAL
364,0,0.0,,0.9567031284378285,ORIGINAL
364,1,0.0,,0.9567031284378285,ORIGINAL
364,2,0.0,,0.8856912346116564,ORIGINAL
364,3,0.0,1.0000000000000002,0.9004262964154992,ORIGINAL
364,4,0.0,,0.9567031284378285,ORIGINAL
364,5,0.0,0.9999999999999999,0.9567031284378285,ORIGINAL
364,6,0.0,,0.9311485153454642,ORIGINAL
364,7,0.0,0.944911182523068,0.9567031284378285,ORIGINAL
364,8,0.0,0.9467292624062573,0.9567031284378285,ORIGINAL
364,9,0.0,,0.9567031284378285,ORIGINAL
365,0,0.0,,0.9246351728232438,ORIGINAL
365,1,0.0,0.6666666666666667,0.9246351728232438,ORIGINAL
365,2,0.0,0.2666666666666666,0.9390073854089582,ORIGINAL
365,3,0.0,0.3795360576382948,0.9530605252878185,ORIGINAL
365,4,0.0,,0.9246351728232438,ORIGINAL
365,5,0.0,0.6804138174397718,0.9246351728232438,ORIGINAL
365,6,0.0,0.16903085094570328,0.9144329239460168,ORIGINAL
365,7,0.0,,0.9246351728232438,ORIGINAL
365,8,0.0,,0.9246351728232438,ORIGINAL
365,9,0.0,0.6614378277661476,0.9246351728232438,ORIGINAL
366,0,0.0,,0.9824636475033198,ORIGINAL
366,1,0.0,0.8451542547285165,0.9824636475033198,ORIGINAL
366,2,0.0,0.7627700713964739,0.9373812322884155,ORIGINAL
366,3,0.0,0.6825236327899352,0.9051753816233743,ORIGINAL
366,4,0.0,0.40824829046386296,0.9824636475033198,ORIGINAL
366,5,0.0,0.6923076923076924,0.9824636475033198,ORIGINAL
366,6,0.0,0.5188745216627709,0.9655410055095568,ORIGINAL
366,7,0.0,0.8574929257125441,0.9824636475033198,ORIGINAL
366,8,0.0,0.6255432421712244,0.9824636475033198,ORIGINAL
366,9,0.0,0.3779644730092272,0.9824636475033198,ORIGINAL
367,0,0.0,,0.9646784549013525,ORIGINAL
367,1,0.0,-0.2357022603955158,0.9646784549013525,ORIGINAL
367,2,0.0,0.2357022603955158,0.9658346049865095,ORIGINAL
367,3,0.0,-0.07216878364870323,0.941348873187476,ORIGINAL
367,4,0.0,0.0,0.9646784549013525,ORIGINAL
367,5,0.0,0.0,0.9646784549013525,ORIGINAL
367,6,0.0,-0.18333969940564224,0.9999999999999946,ORIGINAL
367,7,0.0,0.1889822365046136,0.9646784549013525,ORIGINAL
367,8,0.0,-0.14744195615489714,0.9646784549013525,ORIGINAL
367,9,0.0,0.7745966692414834,0.9646784549013525,ORIGINAL
368,0,0.0,,,ORIGINAL
368,1,0.0,0.9438798074485389,,ORIGINAL
368,2,0.0,0.9411764705882353,,ORIGINAL
368,3,0.0,0.9355285539274978,,ORIGINAL
368,4,0.0,0.8775269089525567,,ORIGINAL
368,5,0.0,0.9486832980505138,,ORIGINAL
368,6,0.0,0.43528575006600695,,ORIGINAL
368,7,0.0,0.9647638212377322,,ORIGINAL
368,8,0.0,0.8666666666666666,,ORIGINAL
368,9,0.0,0.9669875568304563,,ORIGINAL
369,0,0.0,,0.9671953187865059,ORIGINAL
369,1,0.0,,0.9671953187865059,ORIGINAL
369,2,0.0,,0.9452282258217886,ORIGINAL
369,3,0.0,,0.9659325908777749,ORIGINAL
369,4,0.0,,0.9671953187865059,ORIGINAL
369,5,0.0,,0.9671953187865059,ORIGINAL
369,6,0.0,,0.9370839363307184,ORIGINAL
369,7,0.0,,0.9671953187865059,ORIGINAL
369,8,0.0,,0.9671953187865059,ORIGINAL
369,9,0.0,,0.9671953187865059,ORIGINAL
370,0,0.0,,0.958993073587774,ORIGINAL
370,1,0.0,0.9428090415820635,0.958993073587774,ORIGINAL
370,2,0.0,0.944911182523068,0.9359693037339532,ORIGINAL
370,3,0.0,0.9013878188659974,0.9543194256954457,ORIGINAL
370,4,0.0,,0.958993073587774,ORIGINAL
370,5,0.0,0.944911182523068,0.958993073587774,ORIGINAL
370,6,0.0,0.5698028822981898,0.9542943631851091,ORIGINAL
370,7,0.0,,0.958993073587774,ORIGINAL
370,8,0.0,,0.958993073587774,ORIGINAL
370,9,0.0,,0.958993073587774,ORIGINAL
371,0,0.0,,0.9317824697544982,ORIGINAL
371,1,0.0,1.0000000000000002,0.9317824697544982,ORIGINAL
371,2,0.0,0.9486832980505138,0.948172308948168,ORIGINAL
371,3,0.0,0.9434563530497265,0.9184882850144845,ORIGINAL
371,4,0.0,0.9486832980505138,0.9317824697544982,ORIGINAL
371,5,0.0,1.0000000000000002,0.9317824697544982,ORIGINAL
371,6,0.0,0.8660254037844387,0.9277148497305662,ORIGINAL
371,7,0.0,,0.9317824697544982,ORIGINAL
371,8,0.0,0.9486832980505138,0.9317824697544982,ORIGINAL
371,9,0.0,0.9707253433941511,0.9317824697544982,ORIGINAL
372,0,0.0,0.9074852129730302,0.9876676963764429,ORIGINAL
372,1,0.0,0.8980265101338746,0.9876676963764429,ORIGINAL
372,2,0.0,0.9152086306448589,0.9350706547427207,ORIGINAL
372,3,0.0,0.8876253645985944,0.9165836970349228,ORIGINAL
372,4,0.0,0.9499999999999998,0.9876676963764429,ORIGINAL
372,5,0.0,0.9539590550898286,0.9876676963764429,ORIGINAL
372,6,0.0,0.6527912098338668,0.9690158156746808,ORIGINAL
372,7,0.0,0.9486832980505138,0.9876676963764429,ORIGINAL
372,8,0.0,0.8642416214502248,0.9876676963764429,ORIGINAL
372,9,0.0,0.968962790249909,0.9876676963764429,ORIGINAL
373,0,0.0,,0.9478675139284609,ORIGINAL
373,1,0.0,1.0,0.9478675139284609,ORIGINAL
373,2,0.0,,0.9777320875701658,ORIGINAL
373,3,0.0,0.9045340337332909,0.9999999999999997,ORIGINAL
373,4,0.0,0.9428090415820632,0.9478675139284609,ORIGINAL
373,5,0.0,1.0000000000000002,0.9478675139284609,ORIGINAL
373,6,0.0,0.7745966692414834,0.9413488723669898,ORIGINAL
373,7,0.0,,0.9478675139284609,ORIGINAL
373,8,0.0,,0.9478675139284609,ORIGINAL
373,9,0.0,1.0000000000000002,0.9478675139284609,ORIGINAL
374,0,0.0,,1.0,ORIGINAL
374,1,0.0,1.0,1.0,ORIGINAL
374,2,0.0,,0.9633150259944552,ORIGINAL
374,3,0.0,0.9428090415820635,0.9478675140998328,ORIGINAL
374,4,0.0,0.9622504486493763,1.0,ORIGINAL
374,5,0.0,0.9647638212377322,1.0,ORIGINAL
374,6,0.0,0.5773502691896258,0.9646784562203947,ORIGINAL
374,7,0.0,1.0000000000000002,1.0,ORIGINAL
374,8,0.0,0.9622504486493764,1.0,ORIGINAL
374,9,0.0,1.0000000000000002,1.0,ORIGINAL
375,0,0.0,0.8017837257372731,0.982463648281261,ORIGINAL
375,1,0.0,0.9561828874675149,0.982463648281261,ORIGINAL
375,2,0.0,0.960768922830523,0.9373812375085916,ORIGINAL
375,3,0.0,0.8374357893586237,0.9051753880872844,ORIGINAL
375,4,0.0,0.9166666666666669,0.982463648281261,ORIGINAL
375,5,0.0,0.8451542547285166,0.982463648281261,ORIGINAL
375,6,0.0,0.35714285714285715,0.9655410105849694,ORIGINAL
375,7,0.0,0.8006407690254358,0.982463648281261,ORIGINAL
375,8,0.0,0.5454545454545454,0.982463648281261,ORIGINAL
375,9,0.0,0.9176629354822469,0.982463648281261,ORIGINAL
376,0,0.0,,0.9235132131129709,ORIGINAL
376,1,0.0,0.9999999999999998,0.9235132131129709,ORIGINAL
376,2,0.0,0.944911182523068,0.8568316550474888,ORIGINAL
376,3,0.0,0.8864052604279183,0.8615105422768239,ORIGINAL
376,4,0.0,,0.9235132131129709,ORIGINAL
376,5,0.0,1.0,0.9235132131129709,ORIGINAL
376,6,0.0,0.22360679774997896,0.911212653198652,ORIGINAL
376,7,0.0,,0.9235132131129709,ORIGINAL
376,8,0.0,,0.9235132131129709,ORIGINAL
376,9,0.0,1.0000000000000002,0.9235132131129709,ORIGINAL
377,0,0.0,,0.9616716950709164,ORIGINAL
377,1,0.0,0.19245008972987526,0.9616716950709164,ORIGINAL
377,2,0.0,,0.9692984699031453,ORIGINAL
377,3,0.0,0.07254762501100116,0.971164749500081,ORIGINAL
377,4,0.0,0.07453559924999299,0.9616716950709164,ORIGINAL
377,5,0.0,0.5050762722761054,0.9616716950709164,ORIGINAL
377,6,0.0,0.9999999999999999,0.9700823615911623,ORIGINAL
377,7,0.0,0.4193139346887673,0.9616716950709164,ORIGINAL
377,8,0.0,0.29814239699997197,0.9616716950709164,ORIGINAL
377,9,0.0,0.3273268353539886,0.9616716950709164,ORIGINAL
378,0,0.0,,0.961120586841919,ORIGINAL
378,1,0.0,0.9486832980505138,0.961120586841919,ORIGINAL
378,2,0.0,0.9163419338230352,0.9521660180930676,ORIGINAL
378,3,0.0,0.930175433694397,0.9352301584940231,ORIGINAL
378,4,0.0,0.8916451401205646,0.961120586841919,ORIGINAL
378,5,0.0,0.9431191251430151,0.961120586841919,ORIGINAL
378,6,0.0,0.5659164584181103,0.9665349418267045,ORIGINAL
378,7,0.0,0.9561828874675149,0.961120586841919,ORIGINAL
378,8,0.0,0.8366600265340756,0.961120586841919,ORIGINAL
378,9,0.0,0.9525793444156805,0.961120586841919,ORIGINAL
379,0,0.0,1.0000000000000002,0.961120586841919,ORIGINAL
379,1,0.0,0.8614110432930648,0.961120586841919,ORIGINAL
379,2,0.0,0.7715167498104597,0.9521660180930676,ORIGINAL
379,3,0.0,0.8787878787878788,0.9352301584940231,ORIGINAL
379,4,0.0,0.9095085938862486,0.961120586841919,ORIGINAL
379,5,0.0,0.9594032236002469,0.961120586841919,ORIGINAL
379,6,0.0,0.3592106040535498,0.9665349418267045,ORIGINAL
379,7,0.0,0.8764598212022147,0.961120586841919,ORIGINAL
379,8,0.0,0.9561828874675149,0.961120586841919,ORIGINAL
379,9,0.0,0.8553372034476998,0.961120586841919,ORIGINAL
380,0,0.0,,0.9305341920889911,ORIGINAL
380,1,0.0,,0.9305341920889911,ORIGINAL
380,2,0.0,1.0000000000000002,0.9587064864960666,ORIGINAL
380,3,0.0,1.0000000000000002,0.9299513450236446,ORIGINAL
380,4,0.0,0.9486832980505138,0.9305341920889911,ORIGINAL
380,5,0.0,1.0000000000000002,0.9305341920889911,ORIGINAL
380,6,0.0,0.4472135954999579,0.8987033411193259,ORIGINAL
380,7,0.0,0.944911182523068,0.9305341920889911,ORIGINAL
380,8,0.0,0.9622504486493764,0.9305341920889911,ORIGINAL
380,9,0.0,,0.9305341920889911,ORIGINAL
381,0,0.0,-0.7302967433402214,0.9528205427326275,ORIGINAL
381,1,0.0,-0.09805806756909201,0.9528205427326275,ORIGINAL
381,2,0.0,-0.17149858514250882,0.9555396358746835,ORIGINAL
381,3,0.0,-0.08559209850218258,0.9747204207284491,ORIGINAL
381,4,0.0,0.0,0.9528205427326275,ORIGINAL
381,5,0.0,0.2279211529192759,0.9528205427326275,ORIGINAL
381,6,0.0,0.0,0.9738170064477849,ORIGINAL
381,7,0.0,0.9428090415820632,0.9528205427326275,ORIGINAL
381,8,0.0,-0.2672612419124244,0.9528205427326275,ORIGINAL
381,9,0.0,0.3872983346207417,0.9528205427326275,ORIGINAL
382,0,0.0,,0.9528205427326275,ORIGINAL
382,1,0.0,0.47809144373375745,0.9528205427326275,ORIGINAL
382,2,0.0,-0.09325048082403138,0.9555396358746835,ORIGINAL
382,3,0.0,0.0,0.9747204207284491,ORIGINAL
382,4,0.0,0.2222222222222222,0.9528205427326275,ORIGINAL
382,5,0.0,0.3273268353539886,0.9528205427326275,ORIGINAL
382,6,0.0,0.2182178902359924,0.9738170064477849,ORIGINAL
382,7,0.0,0.3481553119113957,0.9528205427326275,ORIGINAL
382,8,0.0,0.5144957554275265,0.9528205427326275,ORIGINAL
382,9,0.0,1.0000000000000002,0.9528205427326275,ORIGINAL
383,0,0.0,,0.9528205427326275,ORIGINAL
383,1,0.0,,0.9528205427326275,ORIGINAL
383,2,0.0,0.9428090415820635,0.9555396358746835,ORIGINAL
383,3,0.0,0.9486832980505138,0.9747204207284491,ORIGINAL
383,4,0.0,0.9486832980505138,0.9528205427326275,ORIGINAL
383,5,0.0,0.9999999999999998,0.9528205427326275,ORIGINAL
383,6,0.0,0.8819171036881969,0.9738170064477849,ORIGINAL
383,7,0.0,,0.9528205427326275,ORIGINAL
383,8,0.0,0.9622504486493763,0.9528205427326275,ORIGINAL
383,9,0.0,0.9707253433941511,0.9528205427326275,ORIGINAL
384,0,0.0,0.9428090415820635,1.0,ORIGINAL
384,1,0.0,0.9438798074485388,1.0,ORIGINAL
384,2,0.0,,0.9633150259944552,ORIGINAL
384,3,0.0,0.9647638212377322,0.9478675140998328,ORIGINAL
384,4,0.0,,1.0,ORIGINAL
384,5,0.0,0.9561828874675149,1.0,ORIGINAL
384,6,0.0,0.6963106238227914,0.9646784562203947,ORIGINAL
384,7,0.0,0.9434563530497265,1.0,ORIGINAL
384,8,0.0,,1.0,ORIGINAL
384,9,0.0,0.9523809523809523,1.0,ORIGINAL
385,0,0.0,,0.9501215672810559,ORIGINAL
385,1,0.0,,0.9501215672810559,ORIGINAL
385,2,0.0,0.944911182523068,0.9159957097383485,ORIGINAL
385,3,0.0,0.9999999999999998,0.9360949860221608,ORIGINAL
385,4,0.0,0.9622504486493764,0.9501215672810559,ORIGINAL
385,5,0.0,1.0000000000000002,0.9501215672810559,ORIGINAL
385,6,0.0,,0.9594246072819005,ORIGINAL
385,7,0.0,,0.9501215672810559,ORIGINAL
385,8,0.0,,0.9501215672810559,ORIGINAL
385,9,0.0,,0.9501215672810559,ORIGINAL
386,0,0.0,0.0,0.9265269130239643,ORIGINAL
386,1,0.0,0.50709255283711,0.9265269130239643,ORIGINAL
386,2,0.0,0.472455591261534,0.8674344135233522,ORIGINAL
386,3,0.0,0.5486301348591981,0.8508475968279561,ORIGINAL
386,4,0.0,0.5270462766947299,0.9265269130239643,ORIGINAL
386,5,0.0,0.5555555555555556,0.9265269130239643,ORIGINAL
386,6,0.0,0.558156305651438,0.9305804534971766,ORIGINAL
386,7,0.0,0.9999999999999998,0.9265269130239643,ORIGINAL
386,8,0.0,0.17677669529663687,0.9265269130239643,ORIGINAL
386,9,0.0,0.7484551991837489,0.9265269130239643,ORIGINAL
387,0,0.0,,0.9478675140998328,ORIGINAL
387,1,0.0,,0.9478675140998328,ORIGINAL
387,2,0.0,,0.9777320874553711,ORIGINAL
387,3,0.0,,1.0000000000000002,ORIGINAL
387,4,0.0,,0.9478675140998328,ORIGINAL
387,5,0.0,,0.9478675140998328,ORIGINAL
387,6,0.0,,0.9413488731479989,ORIGINAL
387,7,0.0,,0.9478675140998328,ORIGINAL
387,8,0.0,,0.9478675140998328,ORIGINAL
387,9,0.0,,0.9478675140998328,ORIGINAL
388,0,0.0,-0.7071067811865475,0.9246351728232438,ORIGINAL
388,1,0.0,0.36514837167011066,0.9246351728232438,ORIGINAL
388,2,0.0,0.6123724356957945,0.9390073854089582,ORIGINAL
388,3,0.0,0.2988812888320308,0.9530605252878185,ORIGINAL
388,4,0.0,0.468292905790847,0.9246351728232438,ORIGINAL
388,5,0.0,0.15811388300841897,0.9246351728232438,ORIGINAL
388,6,0.0,0.5241424183609592,0.9144329239460168,ORIGINAL
388,7,0.0,0.7223151185146154,0.9246351728232438,ORIGINAL
388,8,0.0,0.31249999999999994,0.9246351728232438,ORIGINAL
388,9,0.0,0.29488391230979427,0.9246351728232438,ORIGINAL
389,0,0.0,,0.9042739755922512,ORIGINAL
389,1,0.0,,0.9042739755922512,ORIGINAL
389,2,0.0,,0.9507593724578529,ORIGINAL
389,3,0.0,0.944911182523068,0.9250982384792658,ORIGINAL
389,4,0.0,1.0000000000000002,0.9042739755922512,ORIGINAL
389,5,0.0,1.0000000000000002,0.9042739755922512,ORIGINAL
389,6,0.0,0.6324555320336759,0.8814523319675303,ORIGINAL
389,7,0.0,0.9486832980505138,0.9042739755922512,ORIGINAL
389,8,0.0,,0.9042739755922512,ORIGINAL
389,9,0.0,,0.9042739755922512,ORIGINAL
390,0,0.0,-1.0000000000000002,0.961120586841919,ORIGINAL
390,1,0.0,0.17677669529663687,0.961120586841919,ORIGINAL
390,2,0.0,0.5976143046671968,0.9521660180930676,ORIGINAL
390,3,0.0,-0.1797866299901979,0.9352301584940231,ORIGINAL
390,4,0.0,-0.8164965809277261,0.961120586841919,ORIGINAL
390,5,0.0,-0.5,0.961120586841919,ORIGINAL
390,6,0.0,0.3651483716701107,0.9665349418267045,ORIGINAL
390,7,0.0,-0.41602514716892186,0.961120586841919,ORIGINAL
390,8,0.0,-0.9486832980505138,0.961120586841919,ORIGINAL
390,9,0.0,0.2357022603955158,0.961120586841919,ORIGINAL
391,0,0.0,,0.9246351648989052,ORIGINAL
391,1,0.0,,0.9246351648989052,ORIGINAL
391,2,0.0,0.9428090415820635,0.9390073831700856,ORIGINAL
391,3,0.0,1.0000000000000002,0.9530605225715109,ORIGINAL
391,4,0.0,,0.9246351648989052,ORIGINAL
391,5,0.0,0.9999999999999998,0.9246351648989052,ORIGINAL
391,6,0.0,0.5477225575051661,0.9144329202590238,ORIGINAL
391,7,0.0,1.0000000000000002,0.9246351648989052,ORIGINAL
391,8,0.0,0.9622504486493763,0.9246351648989052,ORIGINAL
391,9,0.0,,0.9246351648989052,ORIGINAL
392,0,0.0,,0.9806790819733259,ORIGINAL
392,1,0.0,,0.9806790819733259,ORIGINAL
392,2,0.0,,0.9341955235428436,ORIGINAL
392,3,0.0,0.8944271909999159,0.9453174417246171,ORIGINAL
392,4,0.0,0.9622504486493763,0.9806790819733259,ORIGINAL
392,5,0.0,1.0000000000000002,0.9806790819733259,ORIGINAL
392,6,0.0,0.6324555320336759,0.956195810395889,ORIGINAL
392,7,0.0,,0.9806790819733259,ORIGINAL
392,8,0.0,0.9622504486493763,0.9806790819733259,ORIGINAL
392,9,0.0,0.9428090415820632,0.9806790819733259,ORIGINAL
393,0,0.0,,0.9738458761092826,ORIGINAL
393,1,0.0,0.7925939239012171,0.9738458761092826,ORIGINAL
393,2,0.0,0.7592566023652966,0.9545809514871652,ORIGINAL
393,3,0.0,0.5270462766947299,0.9713391325250479,ORIGINAL
393,4,0.0,0.33968311024337877,0.9738458761092826,ORIGINAL
393,5,0.0,0.7385489458759965,0.9738458761092826,ORIGINAL
393,6,0.0,0.6201736729460423,0.9212287364878176,ORIGINAL
393,7,0.0,0.6123724356957945,0.9738458761092826,ORIGINAL
393,8,0.0,0.7216878364870323,0.9738458761092826,ORIGINAL
393,9,0.0,0.6240377207533828,0.9738458761092826,ORIGINAL
394,0,0.0,,0.9824636481796526,ORIGINAL
394,1,0.0,1.0000000000000002,0.9824636481796526,ORIGINAL
394,2,0.0,,0.9373812375584477,ORIGINAL
394,3,0.0,,0.9051753866614726,ORIGINAL
394,4,0.0,,0.9824636481796526,ORIGINAL
394,5,0.0,,0.9824636481796526,ORIGINAL
394,6,0.0,0.8944271909999159,0.9655410100448671,ORIGINAL
394,7,0.0,1.0000000000000002,0.9824636481796526,ORIGINAL
394,8,0.0,,0.9824636481796526,ORIGINAL
394,9,0.0,1.0000000000000002,0.9824636481796526,ORIGINAL
395,0,0.0,,0.9787128262576937,ORIGINAL
395,1,0.0,1.0000000000000002,0.9787128262576937,ORIGINAL
395,2,0.0,,0.9352165820534446,ORIGINAL
395,3,0.0,0.9428090415820635,0.9507984093464296,ORIGINAL
395,4,0.0,0.8660254037844387,0.9787128262576937,ORIGINAL
395,5,0.0,1.0000000000000002,0.9787128262576937,ORIGINAL
395,6,0.0,0.9486832980505138,0.9503441910853968,ORIGINAL
395,7,0.0,0.944911182523068,0.9787128262576937,ORIGINAL
395,8,0.0,,0.9787128262576937,ORIGINAL
395,9,0.0,1.0,0.9787128262576937,ORIGINAL
396,0,0.0,,0.964678458555335,ORIGINAL
396,1,0.0,,0.964678458555335,ORIGINAL
396,2,0.0,1.0000000000000002,0.965834604492053,ORIGINAL
396,3,0.0,1.0000000000000002,0.9413488713238006,ORIGINAL
396,4,0.0,0.9486832980505138,0.964678458555335,ORIGINAL
396,5,0.0,1.0000000000000002,0.964678458555335,ORIGINAL
396,6,0.0,0.2886751345948129,0.9999999999999974,ORIGINAL
396,7,0.0,,0.964678458555335,ORIGINAL
396,8,0.0,1.0,0.964678458555335,ORIGINAL
396,9,0.0,,0.964678458555335,ORIGINAL
397,0,0.0,,0.9472315702303523,ORIGINAL
397,1,0.0,,0.9472315702303523,ORIGINAL
397,2,0.0,,0.9299349183050548,ORIGINAL
397,3,0.0,1.0000000000000002,0.900893001940777,ORIGINAL
397,4,0.0,,0.9472315702303523,ORIGINAL
397,5,0.0,,0.9472315702303523,ORIGINAL
397,6,0.0,,0.9765532417861429,ORIGINAL
397,7,0.0,,0.9472315702303523,ORIGINAL
397,8,0.0,,0.9472315702303523,ORIGINAL
397,9,0.0,,0.9472315702303523,ORIGINAL
398,0,0.0,,0.9901813487797706,ORIGINAL
398,1,0.0,,0.9901813487797706,ORIGINAL
398,2,0.0,0.9438798074485389,0.975730853836764,ORIGINAL
398,3,0.0,0.9428090415820635,0.9689598391870078,ORIGINAL
398,4,0.0,,0.9901813487797706,ORIGINAL
398,5,0.0,1.0,0.9901813487797706,ORIGINAL
398,6,0.0,,0.9768098559105068,ORIGINAL
398,7,0.0,,0.9901813487797706,ORIGINAL
398,8,0.0,1.0000000000000002,0.9901813487797706,ORIGINAL
398,9,0.0,,0.9901813487797706,ORIGINAL
399,0,0.0,,1.0,ORIGINAL
399,1,0.0,0.7171371656006361,1.0,ORIGINAL
399,2,0.0,0.8164965809277259,0.9633150259944552,ORIGINAL
399,3,0.0,0.5533715710928597,0.9478675140998328,ORIGINAL
399,4,0.0,0.9428090415820632,1.0,ORIGINAL
399,5,0.0,0.6471502289294341,1.0,ORIGINAL
399,6,0.0,0.7016464154456235,0.9646784562203947,ORIGINAL
399,7,0.0,,1.0,ORIGINAL
399,8,0.0,0.7035264706814485,1.0,ORIGINAL
399,9,0.0,0.9428090415820632,1.0,ORIGINAL
400,0,0.0,1.0000000000000002,0.9787128264812415,ORIGINAL
400,1,0.0,0.9464574146347642,0.9787128264812415,ORIGINAL
400,2,0.0,0.9431191251430151,0.9352165792678638,ORIGINAL
400,3,0.0,0.9269962426559802,0.9507984052097082,ORIGINAL
400,4,0.0,0.9486832980505138,0.9787128264812415,ORIGINAL
400,5,0.0,0.9770084209183943,0.9787128264812415,ORIGINAL
400,6,0.0,0.6680990011245667,0.9503441922113821,ORIGINAL
400,7,0.0,0.8933250005738373,0.9787128264812415,ORIGINAL
400,8,0.0,0.9416472308615167,0.9787128264812415,ORIGINAL
400,9,0.0,0.9468641529479987,0.9787128264812415,ORIGINAL
401,0,0.0,0.6236095644623235,0.9865432291009868,ORIGINAL
401,1,0.0,0.8432740427115678,0.9865432291009868,ORIGINAL
401,2,0.0,0.6978631577988531,0.946452462077083,ORIGINAL
401,3,0.0,0.5750080677718349,0.9288382417506102,ORIGINAL
401,4,0.0,0.7825855808712296,0.9865432291009868,ORIGINAL
401,5,0.0,0.7735267838285932,0.9865432291009868,ORIGINAL
401,6,0.0,0.5406205059012896,0.9560412601772939,ORIGINAL
401,7,0.0,0.8101914936669333,0.9865432291009868,ORIGINAL
401,8,0.0,0.8031157077540443,0.9865432291009868,ORIGINAL
401,9,0.0,0.6822882392210131,0.9865432291009868,ORIGINAL
402,0,0.0,,0.9528772578999964,ORIGINAL
402,1,0.0,0.8819171036881969,0.9528772578999964,ORIGINAL
402,2,0.0,0.9240616554505462,0.8862136982368001,ORIGINAL
402,3,0.0,0.9145491423778285,0.8652361823140664,ORIGINAL
402,4,0.0,0.9583727150068314,0.9528772578999964,ORIGINAL
402,5,0.0,0.9452941770058044,0.9528772578999964,ORIGINAL
402,6,0.0,0.48566186425718266,0.950676317163076,ORIGINAL
402,7,0.0,0.9037378388935389,0.9528772578999964,ORIGINAL
402,8,0.0,0.8905635565617214,0.9528772578999964,ORIGINAL
402,9,0.0,0.9245003270420487,0.9528772578999964,ORIGINAL
403,0,0.0,,1.0,ORIGINAL
403,1,0.0,,1.0,ORIGINAL
403,2,0.0,,0.9633150259944552,ORIGINAL
403,3,0.0,0.9561828874675149,0.9478675140998328,ORIGINAL
403,4,0.0,,1.0,ORIGINAL
403,5,0.0,,1.0,ORIGINAL
403,6,0.0,,0.9646784562203947,ORIGINAL
403,7,0.0,,1.0,ORIGINAL
403,8,0.0,,1.0,ORIGINAL
403,9,0.0,,1.0,ORIGINAL
404,0,0.0,,0.9738004446010414,ORIGINAL
404,1,0.0,,0.9738004446010414,ORIGINAL
404,2,0.0,,0.9197887996365689,ORIGINAL
404,3,0.0,-0.31622776601683794,0.9244952761793918,ORIGINAL
404,4,0.0,,0.9738004446010414,ORIGINAL
404,5,0.0,,0.9738004446010414,ORIGINAL
404,6,0.0,,0.9476127945857207,ORIGINAL
404,7,0.0,,0.9738004446010414,ORIGINAL
404,8,0.0,,0.9738004446010414,ORIGINAL
404,9,0.0,,0.9738004446010414,ORIGINAL
405,0,0.0,,1.0,ORIGINAL
405,1,0.0,,1.0,ORIGINAL
405,2,0.0,0.9622504486493763,0.9633150259944552,ORIGINAL
405,3,0.0,0.9761870601839528,0.9478675140998328,ORIGINAL
405,4,0.0,1.0000000000000002,1.0,ORIGINAL
405,5,0.0,1.0000000000000002,1.0,ORIGINAL
405,6,0.0,0.8164965809277259,0.9646784562203947,ORIGINAL
405,7,0.0,,1.0,ORIGINAL
405,8,0.0,,1.0,ORIGINAL
405,9,0.0,0.9622504486493763,1.0,ORIGINAL
406,0,0.0,0.0,0.9688240483155426,ORIGINAL
406,1,0.0,0.27668578554642986,0.9688240483155426,ORIGINAL
406,2,0.0,0.6333004963811236,0.9416600208857853,ORIGINAL
406,3,0.0,0.41012619718235793,0.964027321990704,ORIGINAL
406,4,0.0,0.5669467095138409,0.9688240483155426,ORIGINAL
406,5,0.0,0.5863019699779287,0.9688240483155426,ORIGINAL
406,6,0.0,0.3418817293789138,0.9506001649159471,ORIGINAL
406,7,0.0,0.9395523512235255,0.9688240483155426,ORIGINAL
406,8,0.0,0.778498944161523,0.9688240483155426,ORIGINAL
406,9,0.0,0.4558423058385518,0.9688240483155426,ORIGINAL
407,0,0.0,0.944911182523068,0.955747812206928,ORIGINAL
407,1,0.0,0.9230769230769232,0.955747812206928,ORIGINAL
407,2,0.0,0.6929023281557339,0.8993093867210961,ORIGINAL
407,3,0.0,0.8533103351879245,0.8997410516594709,ORIGINAL
407,4,0.0,0.8919017444789034,0.955747812206928,ORIGINAL
407,5,0.0,0.9707253433941511,0.955747812206928,ORIGINAL
407,6,0.0,0.7647058823529411,0.9319636252501803,ORIGINAL
407,7,0.0,0.9434563530497265,0.955747812206928,ORIGINAL
407,8,0.0,0.9525793444156805,0.955747812206928,ORIGINAL
407,9,0.0,0.8959786703810408,0.955747812206928,ORIGINAL
408,0,0.0,,0.964678458555335,ORIGINAL
408,1,0.0,0.5393598899705937,0.964678458555335,ORIGINAL
408,2,0.0,0.2581988897471611,0.965834604492053,ORIGINAL
408,3,0.0,0.22291128503014113,0.9413488713238006,ORIGINAL
408,4,0.0,-0.3273268353539886,0.964678458555335,ORIGINAL
408,5,0.0,0.1386750490563073,0.964678458555335,ORIGINAL
408,6,0.0,0.25724787771376323,0.9999999999999974,ORIGINAL
408,7,0.0,0.7216878364870323,0.964678458555335,ORIGINAL
408,8,0.0,-0.08703882797784893,0.964678458555335,ORIGINAL
408,9,0.0,0.8660254037844387,0.964678458555335,ORIGINAL
409,0,0.0,,0.9556038152687779,ORIGINAL
409,1,0.0,,0.9556038152687779,ORIGINAL
409,2,0.0,,0.9298541299027492,ORIGINAL
409,3,0.0,,0.9358749713017445,ORIGINAL
409,4,0.0,,0.9556038152687779,ORIGINAL
409,5,0.0,,0.9556038152687779,ORIGINAL
409,6,0.0,,0.9069914375614023,ORIGINAL
409,7,0.0,,0.9556038152687779,ORIGINAL
409,8,0.0,0.9428090415820635,0.9556038152687779,ORIGINAL
409,9,0.0,,0.9556038152687779,ORIGINAL
410,0,0.0,,0.9528205427326275,ORIGINAL
410,1,0.0,0.5330017908890261,0.9528205427326275,ORIGINAL
410,2,0.0,0.9647638212377322,0.9555396358746835,ORIGINAL
410,3,0.0,0.8914849883204187,0.9747204207284491,ORIGINAL
410,4,0.0,0.7144345083117604,0.9528205427326275,ORIGINAL
410,5,0.0,0.9534625892455924,0.9528205427326275,ORIGINAL
410,6,0.0,0.48304589153964794,0.9738170064477849,ORIGINAL
410,7,0.0,0.8451542547285165,0.9528205427326275,ORIGINAL
410,8,0.0,0.9583727150068314,0.9528205427326275,ORIGINAL
410,9,0.0,0.4303314829119352,0.9528205427326275,ORIGINAL
411,0,0.0,,0.9623825726019074,ORIGINAL
411,1,0.0,0.9467292624062573,0.9623825726019074,ORIGINAL
411,2,0.0,0.9258200997725514,0.9039457242238322,ORIGINAL
411,3,0.0,0.8486684247915056,0.9255037799035835,ORIGINAL
411,4,0.0,0.9707253433941511,0.9623825726019074,ORIGINAL
411,5,0.0,0.9486832980505138,0.9623825726019074,ORIGINAL
411,6,0.0,0.6674238124719146,0.9443964430495274,ORIGINAL
411,7,0.0,0.7844645405527361,0.9623825726019074,ORIGINAL
411,8,0.0,0.8703882797784892,0.9623825726019074,ORIGINAL
411,9,0.0,0.8819171036881969,0.9623825726019074,ORIGINAL
412,0,0.0,,0.9770930333460692,ORIGINAL
412,1,0.0,,0.9770930333460692,ORIGINAL
412,2,0.0,,0.9426950542058579,ORIGINAL
412,3,0.0,,0.9697879072350232,ORIGINAL
412,4,0.0,,0.9770930333460692,ORIGINAL
412,5,0.0,,0.9770930333460692,ORIGINAL
412,6,0.0,0.47140452079103173,0.9343338179348393,ORIGINAL
412,7,0.0,0.8017837257372732,0.9770930333460692,ORIGINAL
412,8,0.0,,0.9770930333460692,ORIGINAL
412,9,0.0,,0.9770930333460692,ORIGINAL
413,0,0.0,,0.980807427371381,ORIGINAL
413,1,0.0,0.9583727150068314,0.980807427371381,ORIGINAL
413,2,0.0,0.9434563530497265,0.9704064437988398,ORIGINAL
413,3,0.0,0.8386278693775346,0.9434388033244059,ORIGINAL
413,4,0.0,0.9506541513652698,0.980807427371381,ORIGINAL
413,5,0.0,0.8783100656536798,0.980807427371381,ORIGINAL
413,6,0.0,0.5934424260562083,0.9385487582713399,ORIGINAL
413,7,0.0,0.96087130110593,0.980807427371381,ORIGINAL
413,8,0.0,0.9285714285714286,0.980807427371381,ORIGINAL
413,9,0.0,0.9438798074485389,0.980807427371381,ORIGINAL
414,0,0.0,,0.9528772578999964,ORIGINAL
414,1,0.0,0.8164965809277259,0.9528772578999964,ORIGINAL
414,2,0.0,0.5345224838248487,0.8862136982368001,ORIGINAL
414,3,0.0,0.7745966692414834,0.8652361823140664,ORIGINAL
414,4,0.0,,0.9528772578999964,ORIGINAL
414,5,0.0,,0.9528772578999964,ORIGINAL
414,6,0.0,,0.950676317163076,ORIGINAL
414,7,0.0,,0.9528772578999964,ORIGINAL
414,8,0.0,,0.9528772578999964,ORIGINAL
414,9,0.0,0.7844645405527361,0.9528772578999964,ORIGINAL
415,0,0.0,,0.9409512556659316,ORIGINAL
415,1,0.0,0.8728715609439696,0.9409512556659316,ORIGINAL
415,2,0.0,0.7647748927656913,0.8805955348311173,ORIGINAL
415,3,0.0,0.8971651128347827,0.8425549511708728,ORIGINAL
415,4,0.0,0.7633225336137934,0.9409512556659316,ORIGINAL
415,5,0.0,0.9486832980505138,0.9409512556659316,ORIGINAL
415,6,0.0,0.7877263614433762,0.9260773592122862,ORIGINAL
415,7,0.0,0.8775269089525567,0.9409512556659316,ORIGINAL
415,8,0.0,0.9434563530497265,0.9409512556659316,ORIGINAL
415,9,0.0,0.7095748751868991,0.9409512556659316,ORIGINAL
416,0,0.0,,0.969971356750688,ORIGINAL
416,1,0.0,0.9354143466934853,0.969971356750688,ORIGINAL
416,2,0.0,0.9486832980505138,0.9059825054241087,ORIGINAL
416,3,0.0,0.9467292624062575,0.8860247084563049,ORIGINAL
416,4,0.0,0.9432422182837986,0.969971356750688,ORIGINAL
416,5,0.0,0.9799578870122228,0.969971356750688,ORIGINAL
416,6,0.0,0.7205766921228922,0.9660512358711693,ORIGINAL
416,7,0.0,0.9583727150068314,0.969971356750688,ORIGINAL
416,8,0.0,0.917662935482247,0.969971356750688,ORIGINAL
416,9,0.0,0.9045340337332908,0.969971356750688,ORIGINAL
417,0,0.0,,0.9824636490580189,ORIGINAL
417,1,0.0,0.5999999999999999,0.9824636490580189,ORIGINAL
417,2,0.0,,0.9373812335845043,ORIGINAL
417,3,0.0,0.19245008972987526,0.9051753818464223,ORIGINAL
417,4,0.0,0.9622504486493763,0.9824636490580189,ORIGINAL
417,5,0.0,0.8660254037844387,0.9824636490580189,ORIGINAL
417,6,0.0,0.16903085094570328,0.965541007201596,ORIGINAL
417,7,0.0,0.0,0.9824636490580189,ORIGINAL
417,8,0.0,,0.9824636490580189,ORIGINAL
417,9,0.0,0.2672612419124244,0.9824636490580189,ORIGINAL
418,0,0.0,0.9128709291752769,0.9265269099393134,ORIGINAL
418,1,0.0,0.9438798074485389,0.9265269099393134,ORIGINAL
418,2,0.0,0.9486832980505138,0.8674344123467884,ORIGINAL
418,3,0.0,0.9469425238482128,0.8508475957755641,ORIGINAL
418,4,0.0,0.9622504486493764,0.9265269099393134,ORIGINAL
418,5,0.0,0.9072647087265548,0.9265269099393134,ORIGINAL
418,6,0.0,0.4216370213557839,0.9305804545684973,ORIGINAL
418,7,0.0,0.8999999999999998,0.9265269099393134,ORIGINAL
418,8,0.0,0.9486832980505138,0.9265269099393134,ORIGINAL
418,9,0.0,0.9534625892455924,0.9265269099393134,ORIGINAL
419,0,0.0,,0.9633957940752508,ORIGINAL
419,1,0.0,0.9428090415820635,0.9633957940752508,ORIGINAL
419,2,0.0,0.9594032236002469,0.9876345366156053,ORIGINAL
419,3,0.0,0.9782319760890368,0.9660433100323395,ORIGINAL
419,4,0.0,0.9429541672723838,0.9633957940752508,ORIGINAL
419,5,0.0,0.9525793444156805,0.9633957940752508,ORIGINAL
419,6,0.0,0.6537204504606136,0.9664183213005141,ORIGINAL
419,7,0.0,0.8869685939836239,0.9633957940752508,ORIGINAL
419,8,0.0,0.8696263565463043,0.9633957940752508,ORIGINAL
419,9,0.0,0.9393364366277241,0.9633957940752508,ORIGINAL
420,0,0.0,-0.8164965809277259,1.0,ORIGINAL
420,1,0.0,0.0,1.0,ORIGINAL
420,2,0.0,-0.4601789933084222,0.9633150259944552,ORIGINAL
420,3,0.0,-0.39629696195060854,0.9478675140998328,ORIGINAL
420,4,0.0,-0.5716619504750294,1.0,ORIGINAL
420,5,0.0,-0.5913123959890826,1.0,ORIGINAL
420,6,0.0,0.0,0.9646784562203947,ORIGINAL
420,7,0.0,-0.4444444444444444,1.0,ORIGINAL
420,8,0.0,-0.8451542547285166,1.0,ORIGINAL
420,9,0.0,0.1690308509457033,1.0,ORIGINAL
421,0,0.0,,0.9681150545447644,ORIGINAL
421,1,0.0,0.8660254037844387,0.9681150545447644,ORIGINAL
421,2,0.0,0.8333333333333334,0.9538641587038572,ORIGINAL
421,3,0.0,0.9045340337332909,0.9731287387365747,ORIGINAL
421,4,0.0,0.9999999999999998,0.9681150545447644,ORIGINAL
421,5,0.0,0.9999999999999998,0.9681150545447644,ORIGINAL
421,6,0.0,0.26726124191242434,0.9156195832727162,ORIGINAL
421,7,0.0,0.8911327886790069,0.9681150545447644,ORIGINAL
421,8,0.0,0.9707253433941511,0.9681150545447644,ORIGINAL
421,9,0.0,0.22360679774997896,0.9681150545447644,ORIGINAL
422,0,0.0,,0.9594009341145097,ORIGINAL
422,1,0.0,0.9438798074485389,0.9594009341145097,ORIGINAL
422,2,0.0,0.9428090415820635,0.9838151399477282,ORIGINAL
422,3,0.0,0.9622504486493763,0.9455680649159587,ORIGINAL
422,4,0.0,,0.9594009341145097,ORIGINAL
422,5,0.0,0.944911182523068,0.9594009341145097,ORIGINAL
422,6,0.0,0.8111071056538125,0.9765368572559424,ORIGINAL
422,7,0.0,0.8366600265340756,0.9594009341145097,ORIGINAL
422,8,0.0,,0.9594009341145097,ORIGINAL
422,9,0.0,0.9707253433941511,0.9594009341145097,ORIGINAL
423,0,0.0,,0.9689386220713082,ORIGINAL
423,1,0.0,,0.9689386220713082,ORIGINAL
423,2,0.0,0.16666666666666669,0.8899296798801214,ORIGINAL
423,3,0.0,0.0,0.883450211979888,ORIGINAL
423,4,0.0,,0.9689386220713082,ORIGINAL
423,5,0.0,,0.9689386220713082,ORIGINAL
423,6,0.0,,0.9317538145975044,ORIGINAL
423,7,0.0,,0.9689386220713082,ORIGINAL
423,8,0.0,,0.9689386220713082,ORIGINAL
423,9,0.0,,0.9689386220713082,ORIGINAL
424,0,0.0,0.9428090415820635,0.9528772601001511,ORIGINAL
424,1,0.0,0.9622504486493763,0.9528772601001511,ORIGINAL
424,2,0.0,0.9438798074485389,0.8862137043938959,ORIGINAL
424,3,0.0,0.9496714704969829,0.8652361902367374,ORIGINAL
424,4,0.0,0.9525793444156805,0.9528772601001511,ORIGINAL
424,5,0.0,1.0000000000000002,0.9528772601001511,ORIGINAL
424,6,0.0,0.5715476066494082,0.9506763218842788,ORIGINAL
424,7,0.0,0.944911182523068,0.9528772601001511,ORIGINAL
424,8,0.0,0.9525793444156805,0.9528772601001511,ORIGINAL
424,9,0.0,0.9583727150068314,0.9528772601001511,ORIGINAL
425,0,0.0,,0.9770930333460692,ORIGINAL
425,1,0.0,,0.9770930333460692,ORIGINAL
425,2,0.0,,0.9426950542058579,ORIGINAL
425,3,0.0,,0.9697879072350232,ORIGINAL
425,4,0.0,,0.9770930333460692,ORIGINAL
425,5,0.0,,0.9770930333460692,ORIGINAL
425,6,0.0,,0.9343338179348393,ORIGINAL
425,7,0.0,,0.9770930333460692,ORIGINAL
425,8,0.0,,0.9770930333460692,ORIGINAL
425,9,0.0,,0.9770930333460692,ORIGINAL
426,0,0.0,,0.9589930757272332,ORIGINAL
426,1,0.0,0.8660254037844387,0.9589930757272332,ORIGINAL
426,2,0.0,-0.6172133998483678,0.9359693077373458,ORIGINAL
426,3,0.0,0.1301200097264711,0.954319426047429,ORIGINAL
426,4,0.0,0.44543540318737396,0.9589930757272332,ORIGINAL
426,5,0.0,0.5270462766947299,0.9589930757272332,ORIGINAL
426,6,0.0,0.5892556509887895,0.9542943672621953,ORIGINAL
426,7,0.0,0.674199862463242,0.9589930757272332,ORIGINAL
426,8,0.0,0.36514837167011066,0.9589930757272332,ORIGINAL
426,9,0.0,0.9091372900969896,0.9589930757272332,ORIGINAL
427,0,0.0,0.9999999999999998,0.9806790815403282,ORIGINAL
427,1,0.0,0.8764598212022147,0.9806790815403282,ORIGINAL
427,2,0.0,0.9013878188659974,0.9341955258135484,ORIGINAL
427,3,0.0,0.8824418982027675,0.9453174438792368,ORIGINAL
427,4,0.0,0.8528028654224417,0.9806790815403282,ORIGINAL
427,5,0.0,0.9192388155425117,0.9806790815403282,ORIGINAL
427,6,0.0,0.6492344540642356,0.9561958137126199,ORIGINAL
427,7,0.0,0.9014978717104176,0.9806790815403282,ORIGINAL
427,8,0.0,0.9999999999999999,0.9806790815403282,ORIGINAL
427,9,0.0,0.9555330859059092,0.9806790815403282,ORIGINAL
428,0,0.0,,0.9420432248706846,ORIGINAL
428,1,0.0,,0.9420432248706846,ORIGINAL
428,2,0.0,,0.9356941861565748,ORIGINAL
428,3,0.0,0.8944271909999159,0.9599929166594483,ORIGINAL
428,4,0.0,,0.9420432248706846,ORIGINAL
428,5,0.0,,0.9420432248706846,ORIGINAL
428,6,0.0,0.33333333333333337,0.9403748508842826,ORIGINAL
428,7,0.0,1.0000000000000002,0.9420432248706846,ORIGINAL
428,8,0.0,,0.9420432248706846,ORIGINAL
428,9,0.0,,0.9420432248706846,ORIGINAL
429,0,0.0,-0.40824829046386296,0.9806790832004564,ORIGINAL
429,1,0.0,0.8606629658238704,0.9806790832004564,ORIGINAL
429,2,0.0,0.7385489458759964,0.9341955233709065,ORIGINAL
429,3,0.0,0.5146140167221416,0.9453174402583435,ORIGINAL
429,4,0.0,0.7302967433402214,0.9806790832004564,ORIGINAL
429,5,0.0,0.6030226891555273,0.9806790832004564,ORIGINAL
429,6,0.0,0.5572782125753529,0.9561958100644015,ORIGINAL
429,7,0.0,0.8340576562282991,0.9806790832004564,ORIGINAL
429,8,0.0,0.7593263966019992,0.9806790832004564,ORIGINAL
429,9,0.0,0.8846517369293828,0.9806790832004564,ORIGINAL
430,0,0.0,,0.9616716908173933,ORIGINAL
430,1,0.0,,0.9616716908173933,ORIGINAL
430,2,0.0,,0.9692984697906258,ORIGINAL
430,3,0.0,0.472455591261534,0.9711647487278353,ORIGINAL
430,4,0.0,0.9428090415820635,0.9616716908173933,ORIGINAL
430,5,0.0,0.6446583712203042,0.9616716908173933,ORIGINAL
430,6,0.0,0.9128709291752769,0.9700823599146141,ORIGINAL
430,7,0.0,0.9561828874675149,0.9616716908173933,ORIGINAL
430,8,0.0,0.9486832980505138,0.9616716908173933,ORIGINAL
430,9,0.0,0.8660254037844387,0.9616716908173933,ORIGINAL
431,0,0.0,0.9428090415820635,0.9545005818807696,ORIGINAL
431,1,0.0,0.9467292624062573,0.9545005818807696,ORIGINAL
431,2,0.0,0.9074852129730302,0.8965726504084753,ORIGINAL
431,3,0.0,0.894959429780133,0.911733525601517,ORIGINAL
431,4,0.0,0.8863184218031273,0.9545005818807696,ORIGINAL
431,5,0.0,0.9431191251430151,0.9545005818807696,ORIGINAL
431,6,0.0,0.6614378277661476,0.942292989302741,ORIGINAL
431,7,0.0,0.8642416214502248,0.9545005818807696,ORIGINAL
431,8,0.0,0.8660254037844386,0.9545005818807696,ORIGINAL
431,9,0.0,0.9434563530497265,0.9545005818807696,ORIGINAL
432,0,0.0,0.33333333333333337,0.9808074286486422,ORIGINAL
432,1,0.0,,0.9808074286486422,ORIGINAL
432,2,0.0,0.5773502691896258,0.9704064446070771,ORIGINAL
432,3,0.0,0.44271887242357305,0.9434388031421846,ORIGINAL
432,4,0.0,0.5,0.9808074286486422,ORIGINAL
432,5,0.0,0.3872983346207417,0.9808074286486422,ORIGINAL
432,6,0.0,,0.9385487604084403,ORIGINAL
432,7,0.0,,0.9808074286486422,ORIGINAL
432,8,0.0,0.9525793444156805,0.9808074286486422,ORIGINAL
432,9,0.0,-0.9999999999999998,0.9808074286486422,ORIGINAL
433,0,0.0,0.7905694150420948,0.9858784739915964,ORIGINAL
433,1,0.0,0.7071067811865475,0.9858784739915964,ORIGINAL
433,2,0.0,0.8838834764831843,0.9667942270502267,ORIGINAL
433,3,0.0,0.6431196942844081,0.9683661078263929,ORIGINAL
433,4,0.0,0.816496580927726,0.9858784739915964,ORIGINAL
433,5,0.0,0.8807048459279794,0.9858784739915964,ORIGINAL
433,6,0.0,0.4225771273642583,0.9653317414531664,ORIGINAL
433,7,0.0,0.9428090415820635,0.9858784739915964,ORIGINAL
433,8,0.0,0.9381941874331419,0.9858784739915964,ORIGINAL
433,9,0.0,0.9707253433941511,0.9858784739915964,ORIGINAL
434,0,0.0,,0.9398226041729166,ORIGINAL
434,1,0.0,,0.9398226041729166,ORIGINAL
434,2,0.0,,0.8646694139096448,ORIGINAL
434,3,0.0,,0.8378768583197207,ORIGINAL
434,4,0.0,,0.9398226041729166,ORIGINAL
434,5,0.0,,0.9398226041729166,ORIGINAL
434,6,0.0,,0.9343365156619177,ORIGINAL
434,7,0.0,,0.9398226041729166,ORIGINAL
434,8,0.0,,0.9398226041729166,ORIGINAL
434,9,0.0,,0.9398226041729166,ORIGINAL
435,0,0.0,,0.9663057375641665,ORIGINAL
435,1,0.0,0.8749999999999998,0.9663057375641665,ORIGINAL
435,2,0.0,0.9561828874675149,0.924195873516058,ORIGINAL
435,3,0.0,0.8888888888888888,0.8997950201399613,ORIGINAL
435,4,0.0,,0.9663057375641665,ORIGINAL
435,5,0.0,0.8838834764831843,0.9663057375641665,ORIGINAL
435,6,0.0,0.5477225575051661,0.9719080976488638,ORIGINAL
435,7,0.0,1.0000000000000002,0.9663057375641665,ORIGINAL
435,8,0.0,,0.9663057375641665,ORIGINAL
435,9,0.0,0.944911182523068,0.9663057375641665,ORIGINAL
436,0,0.0,,0.9464225387447485,ORIGINAL
436,1,0.0,,0.9464225387447485,ORIGINAL
436,2,0.0,,0.9364023515847217,ORIGINAL
436,3,0.0,,0.946063815064017,ORIGINAL
436,4,0.0,,0.9464225387447485,ORIGINAL
436,5,0.0,,0.9464225387447485,ORIGINAL
436,6,0.0,,0.9660329857432681,ORIGINAL
436,7,0.0,,0.9464225387447485,ORIGINAL
436,8,0.0,,0.9464225387447485,ORIGINAL
436,9,0.0,,0.9464225387447485,ORIGINAL
437,0,0.0,,0.9896714307388721,ORIGINAL
437,1,0.0,0.8606629658238704,0.9896714307388721,ORIGINAL
437,2,0.0,0.9230769230769232,0.9411607970814657,ORIGINAL
437,3,0.0,0.909154827298409,0.9450919329436983,ORIGINAL
437,4,0.0,0.9772545497599155,0.9896714307388721,ORIGINAL
437,5,0.0,0.9669875568304563,0.9896714307388721,ORIGINAL
437,6,0.0,0.6030226891555273,0.9631591088935101,ORIGINAL
437,7,0.0,0.8999999999999998,0.9896714307388721,ORIGINAL
437,8,0.0,0.9090909090909091,0.9896714307388721,ORIGINAL
437,9,0.0,1.0000000000000002,0.9896714307388721,ORIGINAL
438,0,0.0,,0.9557478126299763,ORIGINAL
438,1,0.0,,0.9557478126299763,ORIGINAL
438,2,0.0,,0.8993093823191571,ORIGINAL
438,3,0.0,0.8581163303210331,0.8997410488020401,ORIGINAL
438,4,0.0,,0.9557478126299763,ORIGINAL
438,5,0.0,0.9561828874675149,0.9557478126299763,ORIGINAL
438,6,0.0,0.8660254037844387,0.931963624011027,ORIGINAL
438,7,0.0,0.8333333333333335,0.9557478126299763,ORIGINAL
438,8,0.0,0.9669875568304563,0.9557478126299763,ORIGINAL
438,9,0.0,,0.9557478126299763,ORIGINAL
439,0,0.0,,0.9787128251920248,ORIGINAL
439,1,0.0,,0.9787128251920248,ORIGINAL
439,2,0.0,,0.9352165806822208,ORIGINAL
439,3,0.0,0.9428090415820635,0.9507984081541839,ORIGINAL
439,4,0.0,,0.9787128251920248,ORIGINAL
439,5,0.0,1.0000000000000002,0.9787128251920248,ORIGINAL
439,6,0.0,0.47140452079103173,0.9503441910203951,ORIGINAL
439,7,0.0,,0.9787128251920248,ORIGINAL
439,8,0.0,,0.9787128251920248,ORIGINAL
439,9,0.0,1.0000000000000002,0.9787128251920248,ORIGINAL
440,0,0.0,,0.9639813089083938,ORIGINAL
440,1,0.0,0.8660254037844387,0.9639813089083938,ORIGINAL
440,2,0.0,-0.11952286093343936,0.9054516334367996,ORIGINAL
440,3,0.0,0.8728715609439696,0.8676103586731755,ORIGINAL
440,4,0.0,0.0,0.9639813089083938,ORIGINAL
440,5,0.0,0.8660254037844387,0.9639813089083938,ORIGINAL
440,6,0.0,0.0,0.9485264271720019,ORIGINAL
440,7,0.0,0.8164965809277261,0.9639813089083938,ORIGINAL
440,8,0.0,,0.9639813089083938,ORIGINAL
440,9,0.0,0.5070925528371099,0.9639813089083938,ORIGINAL
441,0,0.0,,0.9589930753622198,ORIGINAL
441,1,0.0,0.9594032236002469,0.9589930753622198,ORIGINAL
441,2,0.0,0.8429272304235246,0.9359693075961526,ORIGINAL
441,3,0.0,0.8498365855987975,0.9543194274255904,ORIGINAL
441,4,0.0,0.9176629354822469,0.9589930753622198,ORIGINAL
441,5,0.0,0.9354143466934853,0.9589930753622198,ORIGINAL
441,6,0.0,0.7882407813680822,0.9542943671072828,ORIGINAL
441,7,0.0,0.7423074889580903,0.9589930753622198,ORIGINAL
441,8,0.0,0.9365858115816941,0.9589930753622198,ORIGINAL
441,9,0.0,0.9583727150068314,0.9589930753622198,ORIGINAL
442,0,0.0,,0.9567031284378285,ORIGINAL
442,1,0.0,,0.9567031284378285,ORIGINAL
442,2,0.0,,0.8856912346116564,ORIGINAL
442,3,0.0,1.0000000000000002,0.9004262964154992,ORIGINAL
442,4,0.0,,0.9567031284378285,ORIGINAL
442,5,0.0,,0.9567031284378285,ORIGINAL
442,6,0.0,,0.9311485153454642,ORIGINAL
442,7,0.0,,0.9567031284378285,ORIGINAL
442,8,0.0,,0.9567031284378285,ORIGINAL
442,9,0.0,,0.9567031284378285,ORIGINAL
443,0,0.0,,0.9059101866045475,ORIGINAL
443,1,0.0,,0.9059101866045475,ORIGINAL
443,2,0.0,1.0000000000000002,0.8443813936691481,ORIGINAL
443,3,0.0,0.9467292624062573,0.8506125961258509,ORIGINAL
443,4,0.0,1.0000000000000002,0.9059101866045475,ORIGINAL
443,5,0.0,0.9999999999999999,0.9059101866045475,ORIGINAL
443,6,0.0,0.2182178902359924,0.8986304118979546,ORIGINAL
443,7,0.0,0.9428090415820635,0.9059101866045475,ORIGINAL
443,8,0.0,0.9761870601839528,0.9059101866045475,ORIGINAL
443,9,0.0,,0.9059101866045475,ORIGINAL
444,0,0.0,0.22360679774997896,0.9639813091709714,ORIGINAL
444,1,0.0,0.7715167498104595,0.9639813091709714,ORIGINAL
444,2,0.0,0.6761234037828132,0.905451634670715,ORIGINAL
444,3,0.0,0.5345224838248488,0.8676103616057412,ORIGINAL
444,4,0.0,0.6,0.9639813091709714,ORIGINAL
444,5,0.0,0.7833494518006403,0.9639813091709714,ORIGINAL
444,6,0.0,0.5669467095138409,0.9485264281433826,ORIGINAL
444,7,0.0,0.9574271077563381,0.9639813091709714,ORIGINAL
444,8,0.0,0.7071067811865475,0.9639813091709714,ORIGINAL
444,9,0.0,0.760885910252682,0.9639813091709714,ORIGINAL
445,0,0.0,0.8164965809277261,0.9681150538317717,ORIGINAL
445,1,0.0,0.8705715001320139,0.9681150538317717,ORIGINAL
445,2,0.0,0.9444444444444446,0.9538641588613358,ORIGINAL
445,3,0.0,0.802076721809811,0.9731287409526317,ORIGINAL
445,4,0.0,0.848528137423857,0.9681150538317717,ORIGINAL
445,5,0.0,0.8574929257125441,0.9681150538317717,ORIGINAL
445,6,0.0,0.6343350474165464,0.9156195856034863,ORIGINAL
445,7,0.0,0.9209109202723808,0.9681150538317717,ORIGINAL
445,8,0.0,0.9438798074485389,0.9681150538317717,ORIGINAL
445,9,0.0,0.9078412990032038,0.9681150538317717,ORIGINAL
446,0,0.0,,0.9557478100609698,ORIGINAL
446,1,0.0,,0.9557478100609698,ORIGINAL
446,2,0.0,0.9999999999999998,0.8993093791080461,ORIGINAL
446,3,0.0,0.9999999999999998,0.8997410445511991,ORIGINAL
446,4,0.0,,0.9557478100609698,ORIGINAL
446,5,0.0,1.0,0.9557478100609698,ORIGINAL
446,6,0.0,0.0,0.9319636201029343,ORIGINAL
446,7,0.0,0.9428090415820635,0.9557478100609698,ORIGINAL
446,8,0.0,0.9707253433941511,0.9557478100609698,ORIGINAL
446,9,0.0,0.8728715609439696,0.9557478100609698,ORIGINAL
447,0,0.0,,0.9588095033839692,ORIGINAL
447,1,0.0,1.0,0.9588095033839692,ORIGINAL
447,2,0.0,0.9525793444156805,0.9428030689242938,ORIGINAL
447,3,0.0,0.9245003270420487,0.9526615039428928,ORIGINAL
447,4,0.0,0.8006407690254358,0.9588095033839692,ORIGINAL
447,5,0.0,0.9128709291752769,0.9588095033839692,ORIGINAL
447,6,0.0,0.7302967433402214,0.9587929360531359,ORIGINAL
447,7,0.0,0.9438798074485389,0.9588095033839692,ORIGINAL
447,8,0.0,0.9438798074485389,0.9588095033839692,ORIGINAL
447,9,0.0,0.9707253433941511,0.9588095033839692,ORIGINAL
448,0,0.0,0.8333333333333335,0.9794193485015635,ORIGINAL
448,1,0.0,0.9438798074485389,0.9794193485015635,ORIGINAL
448,2,0.0,0.8717797887081347,0.9292376140178872,ORIGINAL
448,3,0.0,0.8602325267042628,0.8954618946154363,ORIGINAL
448,4,0.0,0.8461141122266493,0.9794193485015635,ORIGINAL
448,5,0.0,0.8790490729915326,0.9794193485015635,ORIGINAL
448,6,0.0,0.5879747322073337,0.9659286563039695,ORIGINAL
448,7,0.0,0.8770580193070293,0.9794193485015635,ORIGINAL
448,8,0.0,0.9467292624062575,0.9794193485015635,ORIGINAL
448,9,0.0,0.8528028654224417,0.9794193485015635,ORIGINAL
449,0,0.0,,0.9681150542899442,ORIGINAL
449,1,0.0,,0.9681150542899442,ORIGINAL
449,2,0.0,,0.9538641598043284,ORIGINAL
449,3,0.0,,0.9731287408354515,ORIGINAL
449,4,0.0,,0.9681150542899442,ORIGINAL
449,5,0.0,,0.9681150542899442,ORIGINAL
449,6,0.0,,0.9156195846268943,ORIGINAL
449,7,0.0,,0.9681150542899442,ORIGINAL
449,8,0.0,,0.9681150542899442,ORIGINAL
449,9,0.0,,0.9681150542899442,ORIGINAL
450,0,0.0,0.5773502691896258,0.9545005813135693,ORIGINAL
450,1,0.0,0.8040302522073697,0.9545005813135693,ORIGINAL
450,2,0.0,0.9091372900969896,0.8965726495809305,ORIGINAL
450,3,0.0,0.8081220356417685,0.911733525129955,ORIGINAL
450,4,0.0,0.9176629354822469,0.9545005813135693,ORIGINAL
450,5,0.0,0.7833494518006403,0.9545005813135693,ORIGINAL
450,6,0.0,0.6227991553292184,0.9422929887194212,ORIGINAL
450,7,0.0,0.9428090415820635,0.9545005813135693,ORIGINAL
450,8,0.0,0.7817359599705717,0.9545005813135693,ORIGINAL
450,9,0.0,0.9460998335825321,0.9545005813135693,ORIGINAL
451,0,0.0,,0.9528205427326275,ORIGINAL
451,1,0.0,1.0,0.9528205427326275,ORIGINAL
451,2,0.0,,0.9555396358746835,ORIGINAL
451,3,0.0,0.9999999999999998,0.9747204207284491,ORIGINAL
451,4,0.0,0.9428090415820635,0.9528205427326275,ORIGINAL
451,5,0.0,1.0000000000000002,0.9528205427326275,ORIGINAL
451,6,0.0,0.4472135954999579,0.9738170064477849,ORIGINAL
451,7,0.0,,0.9528205427326275,ORIGINAL
451,8,0.0,,0.9528205427326275,ORIGINAL
451,9,0.0,,0.9528205427326275,ORIGINAL
452,0,0.0,,0.9264884275825542,ORIGINAL
452,1,0.0,0.9237604307034011,0.9264884275825542,ORIGINAL
452,2,0.0,1.0000000000000002,0.9749979872189103,ORIGINAL
452,3,0.0,0.9128709291752767,0.9848572509930883,ORIGINAL
452,4,0.0,0.9561828874675149,0.9264884275825542,ORIGINAL
452,5,0.0,0.9128709291752769,0.9264884275825542,ORIGINAL
452,6,0.0,0.8451542547285165,0.909912092838112,ORIGINAL
452,7,0.0,,0.9264884275825542,ORIGINAL
452,8,0.0,,0.9264884275825542,ORIGINAL
452,9,0.0,0.9230769230769232,0.9264884275825542,ORIGINAL
453,0,0.0,,1.0,ORIGINAL
453,1,0.0,0.9999999999999998,1.0,ORIGINAL
453,2,0.0,0.753778361444409,0.9633150259944552,ORIGINAL
453,3,0.0,0.6351073488299558,0.9478675140998328,ORIGINAL
453,4,0.0,0.7071067811865476,1.0,ORIGINAL
453,5,0.0,0.8819171036881969,1.0,ORIGINAL
453,6,0.0,0.629940788348712,0.9646784562203947,ORIGINAL
453,7,0.0,0.9258200997725514,1.0,ORIGINAL
453,8,0.0,0.8429272304235246,1.0,ORIGINAL
453,9,0.0,0.6666666666666666,1.0,ORIGINAL
454,0,0.0,0.4714045207910316,0.9806790815403282,ORIGINAL
454,1,0.0,0.7977240352174656,0.9806790815403282,ORIGINAL
454,2,0.0,0.5962847939999439,0.9341955258135484,ORIGINAL
454,3,0.0,0.7791937224739796,0.9453174438792368,ORIGINAL
454,4,0.0,0.8892972917998876,0.9806790815403282,ORIGINAL
454,5,0.0,0.9166666666666666,0.9806790815403282,ORIGINAL
454,6,0.0,0.74535599249993,0.9561958137126199,ORIGINAL
454,7,0.0,0.7938566201357354,0.9806790815403282,ORIGINAL
454,8,0.0,0.8894991799933215,0.9806790815403282,ORIGINAL
454,9,0.0,0.6719368409052928,0.9806790815403282,ORIGINAL
455,0,0.0,,0.9557478121656473,ORIGINAL
455,1,0.0,,0.9557478121656473,ORIGINAL
455,2,0.0,-0.1259881576697424,0.8993093864668164,ORIGINAL
455,3,0.0,0.2279211529192759,0.8997410520937013,ORIGINAL
455,4,0.0,0.588348405414552,0.9557478121656473,ORIGINAL
455,5,0.0,0.5773502691896258,0.9557478121656473,ORIGINAL
455,6,0.0,0.5999999999999999,0.9319636272420826,ORIGINAL
455,7,0.0,,0.9557478121656473,ORIGINAL
455,8,0.0,,0.9557478121656473,ORIGINAL
455,9,0.0,0.9428090415820632,0.9557478121656473,ORIGINAL
456,0,0.0,,0.9246351719344974,ORIGINAL
456,1,0.0,,0.9246351719344974,ORIGINAL
456,2,0.0,0.4082482904638631,0.9390073885652511,ORIGINAL
456,3,0.0,0.9090909090909091,0.9530605269532944,ORIGINAL
456,4,0.0,,0.9246351719344974,ORIGINAL
456,5,0.0,,0.9246351719344974,ORIGINAL
456,6,0.0,-0.46291004988627577,0.9144329247767675,ORIGINAL
456,7,0.0,,0.9246351719344974,ORIGINAL
456,8,0.0,,0.9246351719344974,ORIGINAL
456,9,0.0,,0.9246351719344974,ORIGINAL
457,0,0.0,0.8164965809277259,0.9528772601001511,ORIGINAL
457,1,0.0,0.8703882797784892,0.9528772601001511,ORIGINAL
457,2,0.0,0.9750168689498874,0.8862137043938959,ORIGINAL
457,3,0.0,0.8827348295047495,0.8652361902367374,ORIGINAL
457,4,0.0,0.8466675133346035,0.9528772601001511,ORIGINAL
457,5,0.0,0.9152492334988814,0.9528772601001511,ORIGINAL
457,6,0.0,0.6288281455225324,0.9506763218842788,ORIGINAL
457,7,0.0,0.9285714285714286,0.9528772601001511,ORIGINAL
457,8,0.0,0.9211323729436767,0.9528772601001511,ORIGINAL
457,9,0.0,0.8922178162191937,0.9528772601001511,ORIGINAL
458,0,0.0,-0.6933752452815365,0.9557478116344914,ORIGINAL
458,1,0.0,0.4146442144313646,0.9557478116344914,ORIGINAL
458,2,0.0,0.5488604301969738,0.8993093817502036,ORIGINAL
458,3,0.0,0.3610758031590881,0.8997410490524452,ORIGINAL
458,4,0.0,0.6047431568147635,0.9557478116344914,ORIGINAL
458,5,0.0,0.43259045634870014,0.9557478116344914,ORIGINAL
458,6,0.0,0.4351941398892446,0.9319636221487353,ORIGINAL
458,7,0.0,0.642824346533225,0.9557478116344914,ORIGINAL
458,8,0.0,0.1270001270001905,0.9557478116344914,ORIGINAL
458,9,0.0,0.681005224606999,0.9557478116344914,ORIGINAL
459,0,0.0,0.8164965809277261,1.0,ORIGINAL
459,1,0.0,0.8944271909999159,1.0,ORIGINAL
459,2,0.0,1.0000000000000002,0.9633150259944552,ORIGINAL
459,3,0.0,0.9561828874675149,0.9478675140998328,ORIGINAL
459,4,0.0,,1.0,ORIGINAL
459,5,0.0,1.0000000000000002,1.0,ORIGINAL
459,6,0.0,,0.9646784562203947,ORIGINAL
459,7,0.0,0.9428090415820635,1.0,ORIGINAL
459,8,0.0,0.9486832980505138,1.0,ORIGINAL
459,9,0.0,,1.0,ORIGINAL
460,0,0.0,,0.9738004388467784,ORIGINAL
460,1,0.0,0.9486832980505138,0.9738004388467784,ORIGINAL
460,2,0.0,0.9622504486493763,0.9197887863753913,ORIGINAL
460,3,0.0,0.9013878188659974,0.92449526011165,ORIGINAL
460,4,0.0,0.9486832980505138,0.9738004388467784,ORIGINAL
460,5,0.0,1.0000000000000002,0.9738004388467784,ORIGINAL
460,6,0.0,0.6963106238227914,0.947612791729006,ORIGINAL
460,7,0.0,0.944911182523068,0.9738004388467784,ORIGINAL
460,8,0.0,0.944911182523068,0.9738004388467784,ORIGINAL
460,9,0.0,0.9999999999999998,0.9738004388467784,ORIGINAL
461,0,0.0,,0.9567031244482369,ORIGINAL
461,1,0.0,0.9486832980505138,0.9567031244482369,ORIGINAL
461,2,0.0,0.944911182523068,0.8856912257131846,ORIGINAL
461,3,0.0,0.8902638145194514,0.9004262872776387,ORIGINAL
461,4,0.0,,0.9567031244482369,ORIGINAL
461,5,0.0,1.0,0.9567031244482369,ORIGINAL
461,6,0.0,0.7745966692414834,0.9311485078562698,ORIGINAL
461,7,0.0,0.9486832980505138,0.9567031244482369,ORIGINAL
461,8,0.0,,0.9567031244482369,ORIGINAL
461,9,0.0,0.9561828874675149,0.9567031244482369,ORIGINAL
462,0,0.0,0.857142857142857,0.9787128262576937,ORIGINAL
462,1,0.0,0.8764598212022146,0.9787128262576937,ORIGINAL
462,2,0.0,0.8976656233969146,0.9352165820534446,ORIGINAL
462,3,0.0,0.8819171036881969,0.9507984093464296,ORIGINAL
462,4,0.0,0.9128709291752769,0.9787128262576937,ORIGINAL
462,5,0.0,0.9464574146347642,0.9787128262576937,ORIGINAL
462,6,0.0,0.8122955416108235,0.9503441910853968,ORIGINAL
462,7,0.0,0.9622504486493764,0.9787128262576937,ORIGINAL
462,8,0.0,0.9014978717104176,0.9787128262576937,ORIGINAL
462,9,0.0,0.8998425413316951,0.9787128262576937,ORIGINAL
463,0,0.0,,0.9567031249176902,ORIGINAL
463,1,0.0,0.9525793444156805,0.9567031249176902,ORIGINAL
463,2,0.0,,0.8856912306934965,ORIGINAL
463,3,0.0,1.0000000000000002,0.9004262930210217,ORIGINAL
463,4,0.0,,0.9567031249176902,ORIGINAL
463,5,0.0,1.0000000000000002,0.9567031249176902,ORIGINAL
463,6,0.0,0.7745966692414834,0.9311485114604979,ORIGINAL
463,7,0.0,0.9428090415820635,0.9567031249176902,ORIGINAL
463,8,0.0,,0.9567031249176902,ORIGINAL
463,9,0.0,0.8366600265340756,0.9567031249176902,ORIGINAL
464,0,0.0,,0.9217813027828158,ORIGINAL
464,1,0.0,0.9128709291752769,0.9217813027828158,ORIGINAL
464,2,0.0,0.7977240352174656,0.8440423922293022,ORIGINAL
464,3,0.0,0.8520128672302585,0.8596753018500423,ORIGINAL
464,4,0.0,0.8669214468630108,0.9217813027828158,ORIGINAL
464,5,0.0,0.8581163303210331,0.9217813027828158,ORIGINAL
464,6,0.0,0.7016464154456235,0.9099308174192862,ORIGINAL
464,7,0.0,0.8666666666666667,0.9217813027828158,ORIGINAL
464,8,0.0,0.9444444444444444,0.9217813027828158,ORIGINAL
464,9,0.0,0.7592566023652966,0.9217813027828158,ORIGINAL
465,0,0.0,,0.9317824697544982,ORIGINAL
465,1,0.0,0.8981462390204985,0.9317824697544982,ORIGINAL
465,2,0.0,0.9548637106322311,0.948172308948168,ORIGINAL
465,3,0.0,0.9151007705656548,0.9184882850144845,ORIGINAL
465,4,0.0,0.6546536707079772,0.9317824697544982,ORIGINAL
465,5,0.0,0.8911327886790069,0.9317824697544982,ORIGINAL
465,6,0.0,0.9185586535436918,0.9277148497305662,ORIGINAL
465,7,0.0,0.9669875568304563,0.9317824697544982,ORIGINAL
465,8,0.0,0.9285714285714286,0.9317824697544982,ORIGINAL
465,9,0.0,0.760638829255665,0.9317824697544982,ORIGINAL
466,0,0.0,,0.9794193462367038,ORIGINAL
466,1,0.0,1.0,0.9794193462367038,ORIGINAL
466,2,0.0,-0.1889822365046136,0.9292376091175674,ORIGINAL
466,3,0.0,0.0,0.8954618908937972,ORIGINAL
466,4,0.0,0.5773502691896257,0.9794193462367038,ORIGINAL
466,5,0.0,1.0,0.9794193462367038,ORIGINAL
466,6,0.0,0.8451542547285165,0.9659286568155373,ORIGINAL
466,7,0.0,0.944911182523068,0.9794193462367038,ORIGINAL
466,8,0.0,,0.9794193462367038,ORIGINAL
466,9,0.0,0.9999999999999998,0.9794193462367038,ORIGINAL
467,144,0.9,-0.12499999999999997,0.9999999999999948,ORIGINAL
467,0,0.0,,0.9616716964977853,ORIGINAL
467,1,0.0,-0.2581988897471611,0.9616716964977853,ORIGINAL
467,2,0.0,0.18490006540840973,0.9692984715742177,ORIGINAL
467,3,0.0,0.8907986681660889,0.9711647500981064,ORIGINAL
467,4,0.0,0.9707253433941511,0.9616716964977853,ORIGINAL
467,5,0.0,0.9999999999999999,0.9616716964977853,ORIGINAL
467,6,0.0,0.16666666666666669,0.9700823603111213,ORIGINAL
467,7,0.0,0.9438798074485389,0.9616716964977853,ORIGINAL
467,8,0.0,0.5843065474681431,0.9616716964977853,ORIGINAL
468,0,0.0,0.944911182523068,0.9547904346799684,ORIGINAL
468,1,0.0,0.903696114115064,0.9547904346799684,ORIGINAL
468,2,0.0,0.8461538461538463,0.949907777581555,ORIGINAL
468,3,0.0,0.8996469021204839,0.9601427237513149,ORIGINAL
468,4,0.0,0.9538209664765318,0.9547904346799684,ORIGINAL
468,5,0.0,0.9622504486493763,0.9547904346799684,ORIGINAL
468,6,0.0,0.588348405414552,0.9376399343420446,ORIGINAL
468,7,0.0,0.944911182523068,0.9547904346799684,ORIGINAL
468,8,0.0,0.9799578870122229,0.9547904346799684,ORIGINAL
468,9,0.0,0.9486832980505138,0.9547904346799684,ORIGINAL
469,0,0.0,,1.0,ORIGINAL
469,1,0.0,,1.0,ORIGINAL
469,2,0.0,,0.9633150259944552,ORIGINAL
469,3,0.0,,0.9478675140998328,ORIGINAL
469,4,0.0,,1.0,ORIGINAL
469,5,0.0,,1.0,ORIGINAL
469,6,0.0,,0.9646784562203947,ORIGINAL
469,7,0.0,,1.0,ORIGINAL
469,8,0.0,,1.0,ORIGINAL
469,9,0.0,,1.0,ORIGINAL
470,0,0.0,,0.9699713572266225,ORIGINAL
470,1,0.0,0.9999999999999998,0.9699713572266225,ORIGINAL
470,2,0.0,0.42640143271122083,0.9059825079395406,ORIGINAL
470,3,0.0,0.1690308509457033,0.8860247116862109,ORIGINAL
470,4,0.0,0.48349377841522817,0.9699713572266225,ORIGINAL
470,5,0.0,0.0,0.9699713572266225,ORIGINAL
470,6,0.0,0.5518254055364691,0.9660512382337655,ORIGINAL
470,7,0.0,0.9594032236002469,0.9699713572266225,ORIGINAL
470,8,0.0,0.9622504486493763,0.9699713572266225,ORIGINAL
470,9,0.0,0.9583727150068314,0.9699713572266225,ORIGINAL
471,0,0.0,-0.5163977794943222,0.9557478096171156,ORIGINAL
471,1,0.0,0.18257418583505536,0.9557478096171156,ORIGINAL
471,2,0.0,0.09128709291752767,0.8993093782096258,ORIGINAL
471,3,0.0,-0.262445329583912,0.8997410448042128,ORIGINAL
471,4,0.0,0.08164965809277261,0.9557478096171156,ORIGINAL
471,5,0.0,0.10206207261596574,0.9557478096171156,ORIGINAL
471,6,0.0,0.420084025208403,0.9319636153710091,ORIGINAL
471,7,0.0,-0.7071067811865475,0.9557478096171156,ORIGINAL
471,8,0.0,0.22742941307367104,0.9557478096171156,ORIGINAL
471,9,0.0,-0.21693045781865616,0.9557478096171156,ORIGINAL
472,0,0.0,-0.4803844614152615,0.9422220965332367,ORIGINAL
472,1,0.0,-0.23570226039551587,0.9422220965332367,ORIGINAL
472,2,0.0,0.4472135954999579,0.9481176801494363,ORIGINAL
472,3,0.0,0.10675210253672475,0.9620152231449326,ORIGINAL
472,4,0.0,,0.9422220965332367,ORIGINAL
472,5,0.0,0.0,0.9422220965332367,ORIGINAL
472,6,0.0,0.0,0.9297149392729288,ORIGINAL
472,7,0.0,,0.9422220965332367,ORIGINAL
472,8,0.0,0.19245008972987526,0.9422220965332367,ORIGINAL
472,9,0.0,,0.9422220965332367,ORIGINAL
473,0,0.0,,1.0,ORIGINAL
473,1,0.0,0.8728715609439696,1.0,ORIGINAL
473,2,0.0,0.9438798074485389,0.9633150259944552,ORIGINAL
473,3,0.0,0.9036961141150639,0.9478675140998328,ORIGINAL
473,4,0.0,0.3651483716701107,1.0,ORIGINAL
473,5,0.0,0.6708203932499369,1.0,ORIGINAL
473,6,0.0,0.75,0.9646784562203947,ORIGINAL
473,7,0.0,0.8660254037844387,1.0,ORIGINAL
473,8,0.0,,1.0,ORIGINAL
473,9,0.0,0.8006407690254358,1.0,ORIGINAL
474,0,0.0,,0.9699713572266225,ORIGINAL
474,1,0.0,0.5773502691896258,0.9699713572266225,ORIGINAL
474,2,0.0,0.8660254037844387,0.9059825079395406,ORIGINAL
474,3,0.0,0.8164965809277259,0.8860247116862109,ORIGINAL
474,4,0.0,0.4082482904638631,0.9699713572266225,ORIGINAL
474,5,0.0,0.8164965809277259,0.9699713572266225,ORIGINAL
474,6,0.0,0.6324555320336759,0.9660512382337655,ORIGINAL
474,7,0.0,0.8017837257372731,0.9699713572266225,ORIGINAL
474,8,0.0,,0.9699713572266225,ORIGINAL
474,9,0.0,0.5144957554275265,0.9699713572266225,ORIGINAL
475,0,0.0,0.0,0.9557478104089453,ORIGINAL
475,1,0.0,0.7882407813680822,0.9557478104089453,ORIGINAL
475,2,0.0,0.5437149461664321,0.8993093781459607,ORIGINAL
475,3,0.0,0.5278179407634592,0.8997410461184958,ORIGINAL
475,4,0.0,0.8504200642707612,0.9557478104089453,ORIGINAL
475,5,0.0,0.8728715609439696,0.9557478104089453,ORIGINAL
475,6,0.0,0.5506887917539347,0.9319636192814553,ORIGINAL
475,7,0.0,0.8333333333333335,0.9557478104089453,ORIGINAL
475,8,0.0,0.7610423906471905,0.9557478104089453,ORIGINAL
475,9,0.0,0.8764598212022147,0.9557478104089453,ORIGINAL
476,0,0.0,,0.9824636481796526,ORIGINAL
476,1,0.0,0.9428090415820635,0.9824636481796526,ORIGINAL
476,2,0.0,0.944911182523068,0.9373812375584477,ORIGINAL
476,3,0.0,0.9128709291752769,0.9051753866614726,ORIGINAL
476,4,0.0,,0.9824636481796526,ORIGINAL
476,5,0.0,0.7745966692414834,0.9824636481796526,ORIGINAL
476,6,0.0,,0.9655410100448671,ORIGINAL
476,7,0.0,,0.9824636481796526,ORIGINAL
476,8,0.0,,0.9824636481796526,ORIGINAL
476,9,0.0,0.9486832980505138,0.9824636481796526,ORIGINAL
477,0,0.0,,0.9034558476425495,ORIGINAL
477,1,0.0,0.8838834764831843,0.9034558476425495,ORIGINAL
477,2,0.0,0.9486832980505138,0.9418462427153992,ORIGINAL
477,3,0.0,0.7385489458759965,0.9564048631847675,ORIGINAL
477,4,0.0,0.7071067811865475,0.9034558476425495,ORIGINAL
477,5,0.0,1.0000000000000002,0.9034558476425495,ORIGINAL
477,6,0.0,0.82502864732539,0.8732410246033594,ORIGINAL
477,7,0.0,0.8728715609439696,0.9034558476425495,ORIGINAL
477,8,0.0,0.9538209664765318,0.9034558476425495,ORIGINAL
477,9,0.0,0.8485281374238569,0.9034558476425495,ORIGINAL
478,0,0.0,,0.9787128266154301,ORIGINAL
478,1,0.0,,0.9787128266154301,ORIGINAL
478,2,0.0,0.5773502691896258,0.9352165835415231,ORIGINAL
478,3,0.0,0.6454972243679028,0.9507984106920162,ORIGINAL
478,4,0.0,0.5773502691896258,0.9787128266154301,ORIGINAL
478,5,0.0,0.5,0.9787128266154301,ORIGINAL
478,6,0.0,,0.9503441903107913,ORIGINAL
478,7,0.0,,0.9787128266154301,ORIGINAL
478,8,0.0,,0.9787128266154301,ORIGINAL
478,9,0.0,0.3333333333333333,0.9787128266154301,ORIGINAL
479,0,0.0,,0.9528772567385477,ORIGINAL
479,1,0.0,1.0000000000000002,0.9528772567385477,ORIGINAL
479,2,0.0,0.9428090415820635,0.8862137006668358,ORIGINAL
479,3,0.0,0.9486832980505138,0.865236184293315,ORIGINAL
479,4,0.0,,0.9528772567385477,ORIGINAL
479,5,0.0,0.9525793444156805,0.9528772567385477,ORIGINAL
479,6,0.0,0.9486832980505138,0.9506763180030859,ORIGINAL
479,7,0.0,0.8696263565463043,0.9528772567385477,ORIGINAL
479,8,0.0,0.9561828874675149,0.9528772567385477,ORIGINAL
479,9,0.0,0.8660254037844387,0.9528772567385477,ORIGINAL
480,0,0.0,,,ORIGINAL
480,1,0.0,0.9486832980505138,,ORIGINAL
480,2,0.0,0.944911182523068,,ORIGINAL
480,3,0.0,0.9176629354822469,,ORIGINAL
480,4,0.0,0.9525793444156805,,ORIGINAL
480,5,0.0,0.9128709291752769,,ORIGINAL
480,6,0.0,0.7905694150420948,,ORIGINAL
480,7,0.0,0.944911182523068,,ORIGINAL
480,8,0.0,0.9538209664765318,,ORIGINAL
480,9,0.0,0.9622504486493764,,ORIGINAL
481,0,0.0,,,ORIGINAL
481,1,0.0,0.8888888888888888,,ORIGINAL
481,2,0.0,0.8888888888888888,,ORIGINAL
481,3,0.0,0.917662935482247,,ORIGINAL
481,4,0.0,0.8392543274162825,,ORIGINAL
481,5,0.0,0.9525793444156805,,ORIGINAL
481,6,0.0,0.9166666666666669,,ORIGINAL
481,7,0.0,1.0,,ORIGINAL
481,8,0.0,0.8164965809277261,,ORIGINAL
481,9,0.0,0.9561828874675149,,ORIGINAL
482,0,0.0,0.42640143271122083,0.980679084881354,ORIGINAL
482,1,0.0,0.5833333333333334,0.980679084881354,ORIGINAL
482,2,0.0,0.686406472983644,0.9341955259706234,ORIGINAL
482,3,0.0,0.5520560535739333,0.9453174411894198,ORIGINAL
482,4,0.0,0.8001322641986387,0.980679084881354,ORIGINAL
482,5,0.0,0.6240377207533828,0.980679084881354,ORIGINAL
482,6,0.0,0.6308932681440448,0.9561958123527217,ORIGINAL
482,7,0.0,0.7559289460184544,0.980679084881354,ORIGINAL
482,8,0.0,0.8520128672302585,0.980679084881354,ORIGINAL
482,9,0.0,0.8705715001320139,0.980679084881354,ORIGINAL
483,0,0.0,0.9622504486493763,0.9794193485015635,ORIGINAL
483,1,0.0,0.9999999999999998,0.9794193485015635,ORIGINAL
483,2,0.0,,0.9292376140178872,ORIGINAL
483,3,0.0,0.9525793444156805,0.8954618946154363,ORIGINAL
483,4,0.0,,0.9794193485015635,ORIGINAL
483,5,0.0,0.9761870601839528,0.9794193485015635,ORIGINAL
483,6,0.0,0.8164965809277261,0.9659286563039695,ORIGINAL
483,7,0.0,0.9486832980505138,0.9794193485015635,ORIGINAL
483,8,0.0,,0.9794193485015635,ORIGINAL
483,9,0.0,1.0,0.9794193485015635,ORIGINAL
484,0,0.0,,0.9770930325106809,ORIGINAL
484,1,0.0,0.9999999999999999,0.9770930325106809,ORIGINAL
484,2,0.0,,0.9426950569161515,ORIGINAL
484,3,0.0,0.9090909090909091,0.9697879102911497,ORIGINAL
484,4,0.0,,0.9770930325106809,ORIGINAL
484,5,0.0,,0.9770930325106809,ORIGINAL
484,6,0.0,,0.9343338201073141,ORIGINAL
484,7,0.0,,0.9770930325106809,ORIGINAL
484,8,0.0,,0.9770930325106809,ORIGINAL
484,9,0.0,,0.9770930325106809,ORIGINAL
485,0,0.0,,1.0,ORIGINAL
485,1,0.0,0.9999999999999998,1.0,ORIGINAL
485,2,0.0,1.0000000000000002,0.9633150259944552,ORIGINAL
485,3,0.0,0.8215838362577491,0.9478675140998328,ORIGINAL
485,4,0.0,,1.0,ORIGINAL
485,5,0.0,0.9486832980505138,1.0,ORIGINAL
485,6,0.0,0.8819171036881969,0.9646784562203947,ORIGINAL
485,7,0.0,0.9561828874675149,1.0,ORIGINAL
485,8,0.0,0.9525793444156805,1.0,ORIGINAL
485,9,0.0,0.8164965809277259,1.0,ORIGINAL
486,0,0.0,,0.9623825727186329,ORIGINAL
486,1,0.0,0.9561828874675149,0.9623825727186329,ORIGINAL
486,2,0.0,0.9999999999999998,0.9039457219792041,ORIGINAL
486,3,0.0,0.8907986681660889,0.9255037796908177,ORIGINAL
486,4,0.0,,0.9623825727186329,ORIGINAL
486,5,0.0,0.9438798074485389,0.9623825727186329,ORIGINAL
486,6,0.0,0.6546536707079772,0.9443964387512392,ORIGINAL
486,7,0.0,0.9525793444156805,0.9623825727186329,ORIGINAL
486,8,0.0,0.9622504486493763,0.9623825727186329,ORIGINAL
486,9,0.0,0.9999999999999998,0.9623825727186329,ORIGINAL
487,0,0.0,,0.9104393201110875,ORIGINAL
487,1,0.0,0.9486832980505138,0.9104393201110875,ORIGINAL
487,2,0.0,0.9116846116771036,0.9058226523595226,ORIGINAL
487,3,0.0,0.8257228238447704,0.9316261825269136,ORIGINAL
487,4,0.0,0.9185586535436918,0.9104393201110875,ORIGINAL
487,5,0.0,0.9999999999999999,0.9104393201110875,ORIGINAL
487,6,0.0,0.50709255283711,0.8994849015952677,ORIGINAL
487,7,0.0,0.9428090415820635,0.9104393201110875,ORIGINAL
487,8,0.0,0.7302967433402214,0.9104393201110875,ORIGINAL
487,9,0.0,0.9574271077563381,0.9104393201110875,ORIGINAL
488,0,0.0,0.8944271909999159,0.9528205448026255,ORIGINAL
488,1,0.0,0.8682431421244593,0.9528205448026255,ORIGINAL
488,2,0.0,0.7440697862050946,0.9555396405110097,ORIGINAL
488,3,0.0,0.6381935536670476,0.9747204211856244,ORIGINAL
488,4,0.0,0.8890008890013334,0.9528205448026255,ORIGINAL
488,5,0.0,0.8685990362153793,0.9528205448026255,ORIGINAL
488,6,0.0,0.5128776445321725,0.9738170120180061,ORIGINAL
488,7,0.0,0.9434563530497265,0.9528205448026255,ORIGINAL
488,8,0.0,0.8000946913656629,0.9528205448026255,ORIGINAL
488,9,0.0,0.8006407690254357,0.9528205448026255,ORIGINAL
489,0,0.0,,0.9770930333460692,ORIGINAL
489,1,0.0,,0.9770930333460692,ORIGINAL
489,2,0.0,,0.9426950542058579,ORIGINAL
489,3,0.0,,0.9697879072350232,ORIGINAL
489,4,0.0,,0.9770930333460692,ORIGINAL
489,5,0.0,,0.9770930333460692,ORIGINAL
489,6,0.0,,0.9343338179348393,ORIGINAL
489,7,0.0,,0.9770930333460692,ORIGINAL
489,8,0.0,,0.9770930333460692,ORIGINAL
489,9,0.0,,0.9770930333460692,ORIGINAL
490,0,0.0,,0.9609169513296263,ORIGINAL
490,1,0.0,0.9999999999999998,0.9609169513296263,ORIGINAL
490,2,0.0,,0.9324156941116174,ORIGINAL
490,3,0.0,0.944911182523068,0.9447827161558504,ORIGINAL
490,4,0.0,0.9622504486493763,0.9609169513296263,ORIGINAL
490,5,0.0,1.0,0.9609169513296263,ORIGINAL
490,6,0.0,0.8164965809277261,0.9346285509812342,ORIGINAL
490,7,0.0,,0.9609169513296263,ORIGINAL
490,8,0.0,0.9428090415820635,0.9609169513296263,ORIGINAL
490,9,0.0,0.9622504486493763,0.9609169513296263,ORIGINAL
491,0,0.0,,1.0,ORIGINAL
491,1,0.0,0.9999999999999998,1.0,ORIGINAL
491,2,0.0,0.8999999999999998,0.9633150259944552,ORIGINAL
491,3,0.0,0.9354143466934854,0.9478675140998328,ORIGINAL
491,4,0.0,0.9432422182837986,1.0,ORIGINAL
491,5,0.0,0.9091372900969896,1.0,ORIGINAL
491,6,0.0,0.8333333333333334,0.9646784562203947,ORIGINAL
491,7,0.0,0.9428090415820635,1.0,ORIGINAL
491,8,0.0,1.0000000000000002,1.0,ORIGINAL
491,9,0.0,0.9561828874675149,1.0,ORIGINAL
492,0,0.0,,0.9246351728232438,ORIGINAL
492,1,0.0,0.9999999999999998,0.9246351728232438,ORIGINAL
492,2,0.0,0.9561828874675149,0.9390073854089582,ORIGINAL
492,3,0.0,0.9333333333333332,0.9530605252878185,ORIGINAL
492,4,0.0,0.9561828874675149,0.9246351728232438,ORIGINAL
492,5,0.0,0.944911182523068,0.9246351728232438,ORIGINAL
492,6,0.0,0.4216370213557839,0.9144329239460168,ORIGINAL
492,7,0.0,0.9561828874675149,0.9246351728232438,ORIGINAL
492,8,0.0,0.9486832980505138,0.9246351728232438,ORIGINAL
492,9,0.0,0.8485281374238569,0.9246351728232438,ORIGINAL
493,0,0.0,,0.9545005813135693,ORIGINAL
493,1,0.0,,0.9545005813135693,ORIGINAL
493,2,0.0,,0.8965726495809305,ORIGINAL
493,3,0.0,0.2182178902359924,0.911733525129955,ORIGINAL
493,4,0.0,,0.9545005813135693,ORIGINAL
493,5,0.0,0.5773502691896258,0.9545005813135693,ORIGINAL
493,6,0.0,,0.9422929887194212,ORIGINAL
493,7,0.0,,0.9545005813135693,ORIGINAL
493,8,0.0,,0.9545005813135693,ORIGINAL
493,9,0.0,,0.9545005813135693,ORIGINAL
494,0,0.0,,0.9567031257473052,ORIGINAL
494,1,0.0,,0.9567031257473052,ORIGINAL
494,2,0.0,0.857142857142857,0.8856912333301156,ORIGINAL
494,3,0.0,0.9486832980505138,0.9004262954240551,ORIGINAL
494,4,0.0,,0.9567031257473052,ORIGINAL
494,5,0.0,1.0,0.9567031257473052,ORIGINAL
494,6,0.0,0.5669467095138409,0.9311485142117597,ORIGINAL
494,7,0.0,,0.9567031257473052,ORIGINAL
494,8,0.0,,0.9567031257473052,ORIGINAL
494,9,0.0,,0.9567031257473052,ORIGINAL
495,0,0.0,,0.9787128262576937,ORIGINAL
495,1,0.0,0.8451542547285165,0.9787128262576937,ORIGINAL
495,2,0.0,0.727606875108999,0.9352165820534446,ORIGINAL
495,3,0.0,0.7703288865196434,0.9507984093464296,ORIGINAL
495,4,0.0,0.9486832980505138,0.9787128262576937,ORIGINAL
495,5,0.0,0.9428090415820635,0.9787128262576937,ORIGINAL
495,6,0.0,0.4285714285714285,0.9503441910853968,ORIGINAL
495,7,0.0,,0.9787128262576937,ORIGINAL
495,8,0.0,0.9525793444156805,0.9787128262576937,ORIGINAL
495,9,0.0,0.82502864732539,0.9787128262576937,ORIGINAL
496,0,0.0,,0.9547094729000742,ORIGINAL
496,1,0.0,0.1259881576697424,0.9547094729000742,ORIGINAL
496,2,0.0,0.10660035817780521,0.9773974106307879,ORIGINAL
496,3,0.0,-0.13453455879926252,0.9866204911526395,ORIGINAL
496,4,0.0,,0.9547094729000742,ORIGINAL
496,5,0.0,0.3779644730092272,0.9547094729000742,ORIGINAL
496,6,0.0,0.0,0.9639000495079136,ORIGINAL
496,7,0.0,0.5477225575051661,0.9547094729000742,ORIGINAL
496,8,0.0,,0.9547094729000742,ORIGINAL
496,9,0.0,0.30304576336566325,0.9547094729000742,ORIGINAL
497,0,0.0,,0.9910692509124865,ORIGINAL
497,1,0.0,0.944911182523068,0.9910692509124865,ORIGINAL
497,2,0.0,0.9467292624062573,0.9654738498160915,ORIGINAL
497,3,0.0,0.890870806374748,0.9553739601692997,ORIGINAL
497,4,0.0,0.9486832980505138,0.9910692509124865,ORIGINAL
497,5,0.0,0.9467292624062573,0.9910692509124865,ORIGINAL
497,6,0.0,0.23094010767585027,0.9568319989381695,ORIGINAL
497,7,0.0,0.9434563530497265,0.9910692509124865,ORIGINAL
497,8,0.0,0.8801724588467041,0.9910692509124865,ORIGINAL
497,9,0.0,0.8333333333333334,0.9910692509124865,ORIGINAL
498,0,0.0,,,ORIGINAL
498,1,0.0,,,ORIGINAL
498,2,0.0,,,ORIGINAL
498,3,0.0,,,ORIGINAL
498,4,0.0,,,ORIGINAL
498,5,0.0,,,ORIGINAL
498,6,0.0,,,ORIGINAL
498,7,0.0,,,ORIGINAL
498,8,0.0,,,ORIGINAL
498,9,0.0,,,ORIGINAL
499,0,0.0,0.8504200642707612,0.9794193464625086,ORIGINAL
499,1,0.0,0.9428090415820635,0.9794193464625086,ORIGINAL
499,2,0.0,0.9473729613780999,0.929237609790877,ORIGINAL
499,3,0.0,0.9139076937674137,0.8954618915082851,ORIGINAL
499,4,0.0,0.9061030445113443,0.9794193464625086,ORIGINAL
499,5,0.0,0.9395523512235255,0.9794193464625086,ORIGINAL
499,6,0.0,0.5855400437691199,0.9659286575529046,ORIGINAL
499,7,0.0,0.9354143466934854,0.9794193464625086,ORIGINAL
499,8,0.0,0.9428090415820634,0.9794193464625086,ORIGINAL
499,9,0.0,0.9209109202723808,0.9794193464625086,ORIGINAL
500,0,0.0,,0.9787128258238049,ORIGINAL
500,1,0.0,1.0000000000000002,0.9787128258238049,ORIGINAL
500,2,0.0,0.9486832980505138,0.9352165812195476,ORIGINAL
500,3,0.0,0.9647638212377322,0.9507984080426413,ORIGINAL
500,4,0.0,0.9707253433941511,0.9787128258238049,ORIGINAL
500,5,0.0,1.0000000000000002,0.9787128258238049,ORIGINAL
500,6,0.0,0.5555555555555556,0.9503441917874439,ORIGINAL
500,7,0.0,0.944911182523068,0.9787128258238049,ORIGINAL
500,8,0.0,,0.9787128258238049,ORIGINAL
500,9,0.0,0.9799578870122229,0.9787128258238049,ORIGINAL
501,0,0.0,,0.978712826024429,ORIGINAL
501,1,0.0,0.7453559924999299,0.978712826024429,ORIGINAL
501,2,0.0,0.6546536707079772,0.935216581851943,ORIGINAL
501,3,0.0,0.7647191129018724,0.9507984092028162,ORIGINAL
501,4,0.0,0.9761870601839528,0.978712826024429,ORIGINAL
501,5,0.0,0.8944271909999159,0.978712826024429,ORIGINAL
501,6,0.0,0.7130240959073808,0.9503441912880422,ORIGINAL
501,7,0.0,0.8451542547285165,0.978712826024429,ORIGINAL
501,8,0.0,0.6933752452815365,0.978712826024429,ORIGINAL
501,9,0.0,0.8908708063747479,0.978712826024429,ORIGINAL
502,0,0.0,,0.9639813096194855,ORIGINAL
502,1,0.0,,0.9639813096194855,ORIGINAL
502,2,0.0,0.8164965809277259,0.905451634656699,ORIGINAL
502,3,0.0,0.5892556509887896,0.867610360799182,ORIGINAL
502,4,0.0,0.2773500981126146,0.9639813096194855,ORIGINAL
502,5,0.0,0.5773502691896258,0.9639813096194855,ORIGINAL
502,6,0.0,0.5345224838248487,0.9485264292869353,ORIGINAL
502,7,0.0,,0.9639813096194855,ORIGINAL
502,8,0.0,,0.9639813096194855,ORIGINAL
502,9,0.0,0.3333333333333333,0.9639813096194855,ORIGINAL
503,0,0.0,-0.7071067811865475,0.9265269144557784,ORIGINAL
503,1,0.0,0.0,0.9265269144557784,ORIGINAL
503,2,0.0,0.0,0.8674344100157444,ORIGINAL
503,3,0.0,-0.15936381457791915,0.8508475952763901,ORIGINAL
503,4,0.0,-0.19611613513818404,0.9265269144557784,ORIGINAL
503,5,0.0,0.11952286093343936,0.9265269144557784,ORIGINAL
503,6,0.0,-0.19069251784911848,0.9305804524064215,ORIGINAL
503,7,0.0,,0.9265269144557784,ORIGINAL
503,8,0.0,0.5345224838248488,0.9265269144557784,ORIGINAL
503,9,0.0,0.8164965809277261,0.9265269144557784,ORIGINAL
504,0,0.0,,0.9545005798441111,ORIGINAL
504,1,0.0,,0.9545005798441111,ORIGINAL
504,2,0.0,0.8333333333333334,0.896572649604279,ORIGINAL
504,3,0.0,0.8528028654224419,0.9117335255779871,ORIGINAL
504,4,0.0,,0.9545005798441111,ORIGINAL
504,5,0.0,0.9525793444156805,0.9545005798441111,ORIGINAL
504,6,0.0,0.30151134457776363,0.9422929880042143,ORIGINAL
504,7,0.0,0.9622504486493763,0.9545005798441111,ORIGINAL
504,8,0.0,0.9707253433941511,0.9545005798441111,ORIGINAL
504,9,0.0,0.8164965809277259,0.9545005798441111,ORIGINAL
505,0,0.0,,0.9794193459027657,ORIGINAL
505,1,0.0,0.9561828874675149,0.9794193459027657,ORIGINAL
505,2,0.0,0.9322944450820391,0.9292376084187401,ORIGINAL
505,3,0.0,0.9076506967077382,0.89546188772477,ORIGINAL
505,4,0.0,0.9430419201928973,0.9794193459027657,ORIGINAL
505,5,0.0,0.9438798074485388,0.9794193459027657,ORIGINAL
505,6,0.0,0.19364916731037085,0.9659286528352268,ORIGINAL
505,7,0.0,0.9428090415820635,0.9794193459027657,ORIGINAL
505,8,0.0,0.9525793444156805,0.9794193459027657,ORIGINAL
505,9,0.0,0.9460998335825321,0.9794193459027657,ORIGINAL
506,0,0.0,,0.9623825726019074,ORIGINAL
506,1,0.0,1.0,0.9623825726019074,ORIGINAL
506,2,0.0,0.944911182523068,0.9039457242238322,ORIGINAL
506,3,0.0,0.9486832980505138,0.9255037799035835,ORIGINAL
506,4,0.0,0.9761870601839528,0.9623825726019074,ORIGINAL
506,5,0.0,0.9999999999999998,0.9623825726019074,ORIGINAL
506,6,0.0,0.8451542547285165,0.9443964430495274,ORIGINAL
506,7,0.0,0.944911182523068,0.9623825726019074,ORIGINAL
506,8,0.0,,0.9623825726019074,ORIGINAL
506,9,0.0,0.9999999999999998,0.9623825726019074,ORIGINAL
507,0,0.0,,0.9703477080034715,ORIGINAL
507,1,0.0,1.0000000000000002,0.9703477080034715,ORIGINAL
507,2,0.0,,0.9752684761821245,ORIGINAL
507,3,0.0,0.944911182523068,0.9550011820352644,ORIGINAL
507,4,0.0,,0.9703477080034715,ORIGINAL
507,5,0.0,1.0,0.9703477080034715,ORIGINAL
507,6,0.0,0.16903085094570328,0.9438233952810736,ORIGINAL
507,7,0.0,,0.9703477080034715,ORIGINAL
507,8,0.0,,0.9703477080034715,ORIGINAL
507,9,0.0,1.0000000000000002,0.9703477080034715,ORIGINAL
508,0,0.0,,0.9623825744921536,ORIGINAL
508,1,0.0,1.0,0.9623825744921536,ORIGINAL
508,2,0.0,0.9669875568304563,0.9039457247248888,ORIGINAL
508,3,0.0,0.9561828874675149,0.9255037785690072,ORIGINAL
508,4,0.0,0.8801724588467041,0.9623825744921536,ORIGINAL
508,5,0.0,0.9467292624062573,0.9623825744921536,ORIGINAL
508,6,0.0,0.7378647873726218,0.9443964442816921,ORIGINAL
508,7,0.0,0.9428090415820635,0.9623825744921536,ORIGINAL
508,8,0.0,0.9467292624062573,0.9623825744921536,ORIGINAL
508,9,0.0,0.8366600265340756,0.9623825744921536,ORIGINAL
509,0,0.0,,0.9901813488947748,ORIGINAL
509,1,0.0,0.8749999999999998,0.9901813488947748,ORIGINAL
509,2,0.0,0.9449111825230682,0.9757308546538777,ORIGINAL
509,3,0.0,0.9442673704375604,0.9689598403706235,ORIGINAL
509,4,0.0,0.9434563530497265,0.9901813488947748,ORIGINAL
509,5,0.0,0.923869770874312,0.9901813488947748,ORIGINAL
509,6,0.0,0.6454972243679028,0.9768098580919811,ORIGINAL
509,7,0.0,0.9431191251430151,0.9901813488947748,ORIGINAL
509,8,0.0,0.8528028654224417,0.9901813488947748,ORIGINAL
509,9,0.0,0.7833494518006403,0.9901813488947748,ORIGINAL
510,0,0.0,,0.9455158006087612,ORIGINAL
510,1,0.0,0.9707253433941511,0.9455158006087612,ORIGINAL
510,2,0.0,,0.9324283666411476,ORIGINAL
510,3,0.0,,0.9569646934540764,ORIGINAL
510,4,0.0,,0.9455158006087612,ORIGINAL
510,5,0.0,,0.9455158006087612,ORIGINAL
510,6,0.0,,0.943888036299754,ORIGINAL
510,7,0.0,,0.9455158006087612,ORIGINAL
510,8,0.0,,0.9455158006087612,ORIGINAL
510,9,0.0,0.9622504486493763,0.9455158006087612,ORIGINAL
511,0,0.0,0.6201736729460423,0.9246351820614569,ORIGINAL
511,1,0.0,0.5378528742004771,0.9246351820614569,ORIGINAL
511,2,0.0,0.34848547349522574,0.9390073941689911,ORIGINAL
511,3,0.0,0.4550910273091032,0.95306053403227,ORIGINAL
511,4,0.0,0.7191465199607916,0.9246351820614569,ORIGINAL
511,5,0.0,0.7947194142390263,0.9246351820614569,ORIGINAL
511,6,0.0,0.858116330321033,0.9144329297789808,ORIGINAL
511,7,0.0,0.9176629354822469,0.9246351820614569,ORIGINAL
511,8,0.0,0.8703882797784892,0.9246351820614569,ORIGINAL
511,9,0.0,0.9296696802013681,0.9246351820614569,ORIGINAL
512,0,0.0,,0.9949239910306324,ORIGINAL
512,1,0.0,,0.9949239910306324,ORIGINAL
512,2,0.0,,0.9530205423438095,ORIGINAL
512,3,0.0,,0.9511654733196353,ORIGINAL
512,4,0.0,,0.9949239910306324,ORIGINAL
512,5,0.0,,0.9949239910306324,ORIGINAL
512,6,0.0,,0.9650052685183078,ORIGINAL
512,7,0.0,,0.9949239910306324,ORIGINAL
512,8,0.0,,0.9949239910306324,ORIGINAL
512,9,0.0,,0.9949239910306324,ORIGINAL
513,0,0.0,1.0000000000000002,0.9639813109219794,ORIGINAL
513,1,0.0,0.9486832980505138,0.9639813109219794,ORIGINAL
513,2,0.0,0.9486832980505138,0.9054516378012256,ORIGINAL
513,3,0.0,0.8839599998785473,0.8676103665531647,ORIGINAL
513,4,0.0,1.0000000000000002,0.9639813109219794,ORIGINAL
513,5,0.0,0.7717436331412897,0.9639813109219794,ORIGINAL
513,6,0.0,0.5163977794943222,0.9485264305968566,ORIGINAL
513,7,0.0,0.9561828874675149,0.9639813109219794,ORIGINAL
513,8,0.0,,0.9639813109219794,ORIGINAL
513,9,0.0,0.9525793444156805,0.9639813109219794,ORIGINAL
514,0,0.0,,0.9616716985580459,ORIGINAL
514,1,0.0,,0.9616716985580459,ORIGINAL
514,2,0.0,,0.9692984724252183,ORIGINAL
514,3,0.0,,0.971164751087794,ORIGINAL
514,4,0.0,,0.9616716985580459,ORIGINAL
514,5,0.0,,0.9616716985580459,ORIGINAL
514,6,0.0,0.9428090415820635,0.9700823595532821,ORIGINAL
514,7,0.0,,0.9616716985580459,ORIGINAL
514,8,0.0,0.9622504486493763,0.9616716985580459,ORIGINAL
514,9,0.0,,0.9616716985580459,ORIGINAL
515,0,0.0,,0.9901813493374386,ORIGINAL
515,1,0.0,1.0,0.9901813493374386,ORIGINAL
515,2,0.0,0.8944271909999159,0.9757308540007238,ORIGINAL
515,3,0.0,0.795495128834866,0.9689598395447232,ORIGINAL
515,4,0.0,0.9486832980505138,0.9901813493374386,ORIGINAL
515,5,0.0,0.9999999999999999,0.9901813493374386,ORIGINAL
515,6,0.0,0.7216878364870323,0.9768098564304222,ORIGINAL
515,7,0.0,0.9428090415820635,0.9901813493374386,ORIGINAL
515,8,0.0,0.9438798074485389,0.9901813493374386,ORIGINAL
515,9,0.0,1.0000000000000002,0.9901813493374386,ORIGINAL
516,0,0.0,,0.930748962014319,ORIGINAL
516,1,0.0,0.8473185457363235,0.930748962014319,ORIGINAL
516,2,0.0,0.9141379262169076,0.9290537085483622,ORIGINAL
516,3,0.0,0.9240616554505462,0.9461908086193563,ORIGINAL
516,4,0.0,0.9315516419063741,0.930748962014319,ORIGINAL
516,5,0.0,0.9506541513652698,0.930748962014319,ORIGINAL
516,6,0.0,0.5345224838248488,0.9485190287333574,ORIGINAL
516,7,0.0,0.9431191251430151,0.930748962014319,ORIGINAL
516,8,0.0,0.8933250005738373,0.930748962014319,ORIGINAL
516,9,0.0,0.9393364366277241,0.930748962014319,ORIGINAL
517,560,0.9,0.8693182879212227,0.9866204948108988,ORIGINAL
517,739,0.9,0.9428090415820635,,ORIGINAL
517,0,0.0,1.0000000000000002,0.9478675140998328,ORIGINAL
517,1,0.0,0.9431191251430151,0.9478675140998328,ORIGINAL
517,2,0.0,0.9428090415820635,0.9777320874553711,ORIGINAL
517,3,0.0,0.9199353193217104,1.0000000000000002,ORIGINAL
517,4,0.0,0.9622504486493764,0.9478675140998328,ORIGINAL
517,5,0.0,0.8783100656536799,0.9478675140998328,ORIGINAL
517,6,0.0,0.9428090415820634,0.9413488731479989,ORIGINAL
517,7,0.0,0.9428090415820634,0.9478675140998328,ORIGINAL
518,0,0.0,,0.9464225470148862,ORIGINAL
518,1,0.0,0.8660254037844387,0.9464225470148862,ORIGINAL
518,2,0.0,0.944911182523068,0.9364023572975462,ORIGINAL
518,3,0.0,0.8485281374238569,0.9460638188260363,ORIGINAL
518,4,0.0,,0.9464225470148862,ORIGINAL
518,5,0.0,1.0,0.9464225470148862,ORIGINAL
518,6,0.0,0.4472135954999579,0.9660329917582505,ORIGINAL
518,7,0.0,0.9428090415820635,0.9464225470148862,ORIGINAL
518,8,0.0,,0.9464225470148862,ORIGINAL
518,9,0.0,0.9761870601839528,0.9464225470148862,ORIGINAL
519,0,0.0,0.0,0.9557478128967588,ORIGINAL
519,1,0.0,0.45643546458763834,0.9557478128967588,ORIGINAL
519,2,0.0,0.6893587725135434,0.8993093831661833,ORIGINAL
519,3,0.0,0.646755504751857,0.8997410506621284,ORIGINAL
519,4,0.0,0.6254627916220946,0.9557478128967588,ORIGINAL
519,5,0.0,0.8981004187394178,0.9557478128967588,ORIGINAL
519,6,0.0,0.5563486402641867,0.9319636236861367,ORIGINAL
519,7,0.0,0.8908708063747479,0.9557478128967588,ORIGINAL
519,8,0.0,0.7817359599705717,0.9557478128967588,ORIGINAL
519,9,0.0,0.6521739130434784,0.9557478128967588,ORIGINAL
520,0,0.0,,0.9487238645016982,ORIGINAL
520,1,0.0,0.9486832980505138,0.9487238645016982,ORIGINAL
520,2,0.0,0.9999999999999998,0.8891044081948138,ORIGINAL
520,3,0.0,0.8362420100070909,0.9153603101324461,ORIGINAL
520,4,0.0,,0.9487238645016982,ORIGINAL
520,5,0.0,0.9428090415820635,0.9487238645016982,ORIGINAL
520,6,0.0,0.8451542547285165,0.9216288987331467,ORIGINAL
520,7,0.0,0.9999999999999999,0.9487238645016982,ORIGINAL
520,8,0.0,,0.9487238645016982,ORIGINAL
520,9,0.0,0.9428090415820635,0.9487238645016982,ORIGINAL
521,0,0.0,,1.0,ORIGINAL
521,1,0.0,0.31622776601683794,1.0,ORIGINAL
521,2,0.0,-0.2519763153394848,0.9633150259944552,ORIGINAL
521,3,0.0,-0.10206207261596574,0.9478675140998328,ORIGINAL
521,4,0.0,,1.0,ORIGINAL
521,5,0.0,,1.0,ORIGINAL
521,6,0.0,-0.4285714285714285,0.9646784562203947,ORIGINAL
521,7,0.0,,1.0,ORIGINAL
521,8,0.0,,1.0,ORIGINAL
521,9,0.0,-0.5,1.0,ORIGINAL
522,0,0.0,,1.0,ORIGINAL
522,1,0.0,,1.0,ORIGINAL
522,2,0.0,,0.9633150259944552,ORIGINAL
522,3,0.0,0.0,0.9478675140998328,ORIGINAL
522,4,0.0,,1.0,ORIGINAL
522,5,0.0,,1.0,ORIGINAL
522,6,0.0,,0.9646784562203947,ORIGINAL
522,7,0.0,,1.0,ORIGINAL
522,8,0.0,,1.0,ORIGINAL
522,9,0.0,,1.0,ORIGINAL
523,0,0.0,,0.9770930333460692,ORIGINAL
523,1,0.0,1.0000000000000002,0.9770930333460692,ORIGINAL
523,2,0.0,1.0000000000000002,0.9426950542058579,ORIGINAL
523,3,0.0,0.894427190999916,0.9697879072350232,ORIGINAL
523,4,0.0,0.8910421112136306,0.9770930333460692,ORIGINAL
523,5,0.0,0.9999999999999999,0.9770930333460692,ORIGINAL
523,6,0.0,0.8819171036881969,0.9343338179348393,ORIGINAL
523,7,0.0,1.0,0.9770930333460692,ORIGINAL
523,8,0.0,0.9761870601839528,0.9770930333460692,ORIGINAL
523,9,0.0,1.0,0.9770930333460692,ORIGINAL
524,0,0.0,0.9354143466934852,0.9806790848327507,ORIGINAL
524,1,0.0,0.82915619758885,0.9806790848327507,ORIGINAL
524,2,0.0,0.7745966692414834,0.9341955254927595,ORIGINAL
524,3,0.0,0.8513143063906891,0.9453174396320317,ORIGINAL
524,4,0.0,0.9457924331331946,0.9806790848327507,ORIGINAL
524,5,0.0,0.8854377448471461,0.9806790848327507,ORIGINAL
524,6,0.0,0.545544725589981,0.9561958136478158,ORIGINAL
524,7,0.0,0.8660254037844386,0.9806790848327507,ORIGINAL
524,8,0.0,0.894427190999916,0.9806790848327507,ORIGINAL
524,9,0.0,0.9036961141150639,0.9806790848327507,ORIGINAL
525,0,0.0,,0.9787128262576937,ORIGINAL
525,1,0.0,0.9486832980505138,0.9787128262576937,ORIGINAL
525,2,0.0,0.8999999999999998,0.9352165820534446,ORIGINAL
525,3,0.0,0.894427190999916,0.9507984093464296,ORIGINAL
525,4,0.0,0.9622504486493763,0.9787128262576937,ORIGINAL
525,5,0.0,1.0000000000000002,0.9787128262576937,ORIGINAL
525,6,0.0,0.2834733547569204,0.9503441910853968,ORIGINAL
525,7,0.0,,0.9787128262576937,ORIGINAL
525,8,0.0,,0.9787128262576937,ORIGINAL
525,9,0.0,0.9707253433941511,0.9787128262576937,ORIGINAL
526,101,0.9,0.8332380897952963,0.9794398703810774,ORIGINAL
526,200,0.9,0.944911182523068,0.9650727927020335,ORIGINAL
526,595,0.9,0.847822751996795,0.9650727940117362,ORIGINAL
526,709,0.9,0.9429903335828895,0.9659079211995982,ORIGINAL
526,0,0.0,0.4629100498862757,0.9794193485015635,ORIGINAL
526,1,0.0,0.9999999999999998,0.9794193485015635,ORIGINAL
526,2,0.0,0.9469425238482128,0.9292376140178872,ORIGINAL
526,3,0.0,0.9459544766274562,0.8954618946154363,ORIGINAL
526,4,0.0,1.0000000000000002,0.9794193485015635,ORIGINAL
526,5,0.0,0.8946750577612211,0.9794193485015635,ORIGINAL
527,0,0.0,,0.964678458555335,ORIGINAL
527,1,0.0,,0.964678458555335,ORIGINAL
527,2,0.0,,0.965834604492053,ORIGINAL
527,3,0.0,0.8749999999999998,0.9413488713238006,ORIGINAL
527,4,0.0,,0.964678458555335,ORIGINAL
527,5,0.0,0.8164965809277259,0.964678458555335,ORIGINAL
527,6,0.0,,0.9999999999999974,ORIGINAL
527,7,0.0,,0.964678458555335,ORIGINAL
527,8,0.0,0.9428090415820635,0.964678458555335,ORIGINAL
527,9,0.0,,0.964678458555335,ORIGINAL
528,0,0.0,,0.9794193485015635,ORIGINAL
528,1,0.0,,0.9794193485015635,ORIGINAL
528,2,0.0,,0.9292376140178872,ORIGINAL
528,3,0.0,,0.8954618946154363,ORIGINAL
528,4,0.0,,0.9794193485015635,ORIGINAL
528,5,0.0,0.9428090415820635,0.9794193485015635,ORIGINAL
528,6,0.0,,0.9659286563039695,ORIGINAL
528,7,0.0,,0.9794193485015635,ORIGINAL
528,8,0.0,,0.9794193485015635,ORIGINAL
528,9,0.0,,0.9794193485015635,ORIGINAL
529,0,0.0,0.9090909090909091,0.9806790827122713,ORIGINAL
529,1,0.0,0.9090648228942843,0.9806790827122713,ORIGINAL
529,2,0.0,0.9118054526361706,0.9341955275642331,ORIGINAL
529,3,0.0,0.8968183566268406,0.9453174449713314,ORIGINAL
529,4,0.0,0.9182191382286217,0.9806790827122713,ORIGINAL
529,5,0.0,0.9177788727679405,0.9806790827122713,ORIGINAL
529,6,0.0,0.8486684247915055,0.9561958125198223,ORIGINAL
529,7,0.0,0.95,0.9806790827122713,ORIGINAL
529,8,0.0,0.9135468796041984,0.9806790827122713,ORIGINAL
529,9,0.0,0.9545454545454546,0.9806790827122713,ORIGINAL
530,0,0.0,1.0000000000000002,0.9956726838180858,ORIGINAL
530,1,0.0,0.7071067811865475,0.9956726838180858,ORIGINAL
530,2,0.0,0.7071067811865475,0.9546407674187839,ORIGINAL
530,3,0.0,0.7637626158259734,0.9307724813744811,ORIGINAL
530,4,0.0,0.9128709291752767,0.9956726838180858,ORIGINAL
530,5,0.0,0.903696114115064,0.9956726838180858,ORIGINAL
530,6,0.0,0.6900655593423543,0.9693649147303984,ORIGINAL
530,7,0.0,0.8528028654224417,0.9956726838180858,ORIGINAL
530,8,0.0,1.0000000000000002,0.9956726838180858,ORIGINAL
530,9,0.0,0.9761870601839528,0.9956726838180858,ORIGINAL
531,0,0.0,,0.9639813098116331,ORIGINAL
531,1,0.0,0.7559289460184544,0.9639813098116331,ORIGINAL
531,2,0.0,0.7378647873726218,0.9054516351274056,ORIGINAL
531,3,0.0,0.7745966692414834,0.8676103609921769,ORIGINAL
531,4,0.0,0.9128709291752769,0.9639813098116331,ORIGINAL
531,5,0.0,0.9116846116771036,0.9639813098116331,ORIGINAL
531,6,0.0,0.545544725589981,0.9485264300328381,ORIGINAL
531,7,0.0,0.944911182523068,0.9639813098116331,ORIGINAL
531,8,0.0,0.8006407690254358,0.9639813098116331,ORIGINAL
531,9,0.0,0.9486832980505138,0.9639813098116331,ORIGINAL
532,549,0.9,0.9707253433941511,,ORIGINAL
532,739,0.9,1.0000000000000002,,ORIGINAL
532,0,0.0,,1.0,ORIGINAL
532,1,0.0,0.9999999999999999,1.0,ORIGINAL
532,2,0.0,0.9561828874675149,0.9633150259944552,ORIGINAL
532,3,0.0,0.9411764705882353,0.9478675140998328,ORIGINAL
532,4,0.0,0.9847982464479191,1.0,ORIGINAL
532,5,0.0,1.0,1.0,ORIGINAL
532,6,0.0,0.6471502289294341,0.9646784562203947,ORIGINAL
532,7,0.0,0.9434563530497265,1.0,ORIGINAL
533,0,0.0,,0.9246351711452081,ORIGINAL
533,1,0.0,0.0975900072948533,0.9246351711452081,ORIGINAL
533,2,0.0,0.9486832980505138,0.9390073863570617,ORIGINAL
533,3,0.0,0.6975184488828855,0.9530605271704613,ORIGINAL
533,4,0.0,0.5454545454545454,0.9246351711452081,ORIGINAL
533,5,0.0,0.3223291856101521,0.9246351711452081,ORIGINAL
533,6,0.0,0.8164965809277259,0.9144329263272255,ORIGINAL
533,7,0.0,,0.9246351711452081,ORIGINAL
533,8,0.0,0.18181818181818182,0.9246351711452081,ORIGINAL
533,9,0.0,0.7999999999999998,0.9246351711452081,ORIGINAL
534,0,0.0,0.944911182523068,0.9794193453009999,ORIGINAL
534,1,0.0,1.0000000000000002,0.9794193453009999,ORIGINAL
534,2,0.0,0.9486832980505138,0.9292376106655201,ORIGINAL
534,3,0.0,0.9999999999999998,0.8954618914220107,ORIGINAL
534,4,0.0,0.8333333333333335,0.9794193453009999,ORIGINAL
534,5,0.0,0.9999999999999998,0.9794193453009999,ORIGINAL
534,6,0.0,0.6454972243679029,0.965928658737586,ORIGINAL
534,7,0.0,1.0000000000000002,0.9794193453009999,ORIGINAL
534,8,0.0,0.8333333333333335,0.9794193453009999,ORIGINAL
534,9,0.0,0.9761870601839528,0.9794193453009999,ORIGINAL
535,0,0.0,,,ORIGINAL
535,1,0.0,0.44474958999666075,,ORIGINAL
535,2,0.0,0.8000946913656627,,ORIGINAL
535,3,0.0,0.6813851438692469,,ORIGINAL
535,4,0.0,0.6115766297251507,,ORIGINAL
535,5,0.0,0.5457051563317492,,ORIGINAL
535,6,0.0,0.5443310539518174,,ORIGINAL
535,7,0.0,0.7337993857053429,,ORIGINAL
535,8,0.0,0.48686449556014766,,ORIGINAL
535,9,0.0,0.894427190999916,,ORIGINAL
536,0,0.0,,0.946223821174646,ORIGINAL
536,1,0.0,0.4622501635210243,0.946223821174646,ORIGINAL
536,2,0.0,0.7442084075352507,0.8791092376242975,ORIGINAL
536,3,0.0,0.6825236327899352,0.8884161084142073,ORIGINAL
536,4,0.0,0.9045340337332908,0.946223821174646,ORIGINAL
536,5,0.0,0.9525793444156805,0.946223821174646,ORIGINAL
536,6,0.0,0.6614378277661476,0.9304565195638744,ORIGINAL
536,7,0.0,0.9428090415820635,0.946223821174646,ORIGINAL
536,8,0.0,0.3999999999999999,0.946223821174646,ORIGINAL
536,9,0.0,0.8017837257372732,0.946223821174646,ORIGINAL
537,0,0.0,,1.0,ORIGINAL
537,1,0.0,0.8660254037844387,1.0,ORIGINAL
537,2,0.0,0.242535625036333,0.9633150259944552,ORIGINAL
537,3,0.0,0.8492077756084468,0.9478675140998328,ORIGINAL
537,4,0.0,0.680336051416609,1.0,ORIGINAL
537,5,0.0,0.9197090092274486,1.0,ORIGINAL
537,6,0.0,0.5262348115842176,0.9646784562203947,ORIGINAL
537,7,0.0,0.9036961141150639,1.0,ORIGINAL
537,8,0.0,0.8911327886790069,1.0,ORIGINAL
537,9,0.0,0.6804138174397718,1.0,ORIGINAL
538,0,0.0,1.0000000000000002,0.9623825744921536,ORIGINAL
538,1,0.0,0.894427190999916,0.9623825744921536,ORIGINAL
538,2,0.0,0.9128709291752769,0.9039457247248888,ORIGINAL
538,3,0.0,0.8946300779688404,0.9255037785690072,ORIGINAL
538,4,0.0,0.85,0.9623825744921536,ORIGINAL
538,5,0.0,0.9203579866168444,0.9623825744921536,ORIGINAL
538,6,0.0,0.5773502691896257,0.9443964442816921,ORIGINAL
538,7,0.0,0.968962790249909,0.9623825744921536,ORIGINAL
538,8,0.0,0.8705715001320139,0.9623825744921536,ORIGINAL
538,9,0.0,0.9434563530497265,0.9623825744921536,ORIGINAL
539,0,0.0,,1.0,ORIGINAL
539,1,0.0,0.9428090415820635,1.0,ORIGINAL
539,2,0.0,-0.6933752452815365,0.9633150259944552,ORIGINAL
539,3,0.0,-0.42874646285627205,0.9478675140998328,ORIGINAL
539,4,0.0,,1.0,ORIGINAL
539,5,0.0,,1.0,ORIGINAL
539,6,0.0,0.7559289460184544,0.9646784562203947,ORIGINAL
539,7,0.0,,1.0,ORIGINAL
539,8,0.0,,1.0,ORIGINAL
539,9,0.0,,1.0,ORIGINAL
540,0,0.0,,0.9478675140998328,ORIGINAL
540,1,0.0,,0.9478675140998328,ORIGINAL
540,2,0.0,0.8164965809277261,0.9777320874553711,ORIGINAL
540,3,0.0,0.7071067811865475,1.0000000000000002,ORIGINAL
540,4,0.0,,0.9478675140998328,ORIGINAL
540,5,0.0,0.4472135954999579,0.9478675140998328,ORIGINAL
540,6,0.0,,0.9413488731479989,ORIGINAL
540,7,0.0,,0.9478675140998328,ORIGINAL
540,8,0.0,,0.9478675140998328,ORIGINAL
540,9,0.0,0.6666666666666666,0.9478675140998328,ORIGINAL
541,0,0.0,,1.0,ORIGINAL
541,1,0.0,,1.0,ORIGINAL
541,2,0.0,0.0,0.9633150259944552,ORIGINAL
541,3,0.0,-0.1556997888323046,0.9478675140998328,ORIGINAL
541,4,0.0,0.18257418583505536,1.0,ORIGINAL
541,5,0.0,0.6172133998483678,1.0,ORIGINAL
541,6,0.0,0.944911182523068,0.9646784562203947,ORIGINAL
541,7,0.0,0.9561828874675149,1.0,ORIGINAL
541,8,0.0,0.9185586535436917,1.0,ORIGINAL
541,9,0.0,0.3380617018914066,1.0,ORIGINAL
542,0,0.0,,1.0,ORIGINAL
542,1,0.0,0.8944271909999159,1.0,ORIGINAL
542,2,0.0,0.7745966692414834,0.9633150259944552,ORIGINAL
542,3,0.0,0.9647638212377322,0.9478675140998328,ORIGINAL
542,4,0.0,0.75,1.0,ORIGINAL
542,5,0.0,0.9285714285714286,1.0,ORIGINAL
542,6,0.0,0.6943650748294137,0.9646784562203947,ORIGINAL
542,7,0.0,0.9430419201928973,1.0,ORIGINAL
542,8,0.0,0.8608284620211167,1.0,ORIGINAL
542,9,0.0,0.8660254037844387,1.0,ORIGINAL
543,0,0.0,,0.9699713572266225,ORIGINAL
543,1,0.0,1.0000000000000002,0.9699713572266225,ORIGINAL
543,2,0.0,0.4364357804719848,0.9059825079395406,ORIGINAL
543,3,0.0,0.8838834764831843,0.8860247116862109,ORIGINAL
543,4,0.0,0.9707253433941511,0.9699713572266225,ORIGINAL
543,5,0.0,1.0000000000000002,0.9699713572266225,ORIGINAL
543,6,0.0,0.8660254037844387,0.9660512382337655,ORIGINAL
543,7,0.0,0.9428090415820635,0.9699713572266225,ORIGINAL
543,8,0.0,,0.9699713572266225,ORIGINAL
543,9,0.0,0.9701425001453319,0.9699713572266225,ORIGINAL
544,0,0.0,0.35355339059327373,0.9176874781888023,ORIGINAL
544,1,0.0,0.674199862463242,0.9176874781888023,ORIGINAL
544,2,0.0,0.6735753140545635,0.8304229185905243,ORIGINAL
544,3,0.0,0.5909090909090909,0.8163846632350169,ORIGINAL
544,4,0.0,0.7027642214999339,0.9176874781888023,ORIGINAL
544,5,0.0,0.447213595499958,0.9176874781888023,ORIGINAL
544,6,0.0,0.7826237921249264,0.9148904443328377,ORIGINAL
544,7,0.0,0.5892556509887896,0.9176874781888023,ORIGINAL
544,8,0.0,0.33968311024337877,0.9176874781888023,ORIGINAL
544,9,0.0,0.8728715609439696,0.9176874781888023,ORIGINAL
545,0,0.0,,0.9828880236485676,ORIGINAL
545,1,0.0,1.0000000000000002,0.9828880236485676,ORIGINAL
545,2,0.0,,0.9652308227704157,ORIGINAL
545,3,0.0,1.0000000000000002,0.9370246146599239,ORIGINAL
545,4,0.0,,0.9828880236485676,ORIGINAL
545,5,0.0,,0.9828880236485676,ORIGINAL
545,6,0.0,0.33333333333333337,0.9391354019417469,ORIGINAL
545,7,0.0,,0.9828880236485676,ORIGINAL
545,8,0.0,,0.9828880236485676,ORIGINAL
545,9,0.0,,0.9828880236485676,ORIGINAL
546,0,0.0,,0.9589930753622198,ORIGINAL
546,1,0.0,1.0000000000000002,0.9589930753622198,ORIGINAL
546,2,0.0,1.0000000000000002,0.9359693075961526,ORIGINAL
546,3,0.0,0.9467292624062573,0.9543194274255904,ORIGINAL
546,4,0.0,0.8728715609439696,0.9589930753622198,ORIGINAL
546,5,0.0,1.0000000000000002,0.9589930753622198,ORIGINAL
546,6,0.0,0.5773502691896258,0.9542943671072828,ORIGINAL
546,7,0.0,,0.9589930753622198,ORIGINAL
546,8,0.0,0.8017837257372732,0.9589930753622198,ORIGINAL
546,9,0.0,,0.9589930753622198,ORIGINAL
547,0,0.0,,1.0,ORIGINAL
547,1,0.0,,1.0,ORIGINAL
547,2,0.0,,0.9633150259944552,ORIGINAL
547,3,0.0,,0.9478675140998328,ORIGINAL
547,4,0.0,,1.0,ORIGINAL
547,5,0.0,,1.0,ORIGINAL
547,6,0.0,,0.9646784562203947,ORIGINAL
547,7,0.0,,1.0,ORIGINAL
547,8,0.0,,1.0,ORIGINAL
547,9,0.0,,1.0,ORIGINAL
548,0,0.0,0.8660254037844387,0.9873047524038164,ORIGINAL
548,1,0.0,0.9561828874675149,0.9873047524038164,ORIGINAL
548,2,0.0,0.5204834387696163,0.9388822308849072,ORIGINAL
548,3,0.0,0.5520176648479173,0.9395601517545812,ORIGINAL
548,4,0.0,0.8783100656536798,0.9873047524038164,ORIGINAL
548,5,0.0,0.9669875568304563,0.9873047524038164,ORIGINAL
548,6,0.0,0.5384615384615385,0.9638856067052094,ORIGINAL
548,7,0.0,0.9438798074485389,0.9873047524038164,ORIGINAL
548,8,0.0,0.9561828874675149,0.9873047524038164,ORIGINAL
548,9,0.0,0.9028938981432691,0.9873047524038164,ORIGINAL
549,21,0.9,0.9523809523809523,,ORIGINAL
549,232,0.9,,,ORIGINAL
549,532,0.9,0.9707253433941511,,ORIGINAL
549,560,0.9,1.0000000000000002,,ORIGINAL
549,658,0.9,,,ORIGINAL
549,739,0.9,0.9999999999999998,,ORIGINAL
549,0,0.0,,,ORIGINAL
549,1,0.0,0.9622504486493763,,ORIGINAL
549,2,0.0,,,ORIGINAL
549,3,0.0,,,ORIGINAL
550,0,0.0,0.9428090415820635,0.9547094735382771,ORIGINAL
550,1,0.0,1.0000000000000002,0.9547094735382771,ORIGINAL
550,2,0.0,1.0,0.9773974142291777,ORIGINAL
550,3,0.0,0.9561828874675149,0.9866204935499575,ORIGINAL
550,4,0.0,0.9622504486493763,0.9547094735382771,ORIGINAL
550,5,0.0,1.0000000000000002,0.9547094735382771,ORIGINAL
550,6,0.0,0.7745966692414834,0.9639000527745771,ORIGINAL
550,7,0.0,,0.9547094735382771,ORIGINAL
550,8,0.0,,0.9547094735382771,ORIGINAL
550,9,0.0,,0.9547094735382771,ORIGINAL
551,38,0.9,,0.9246351769434363,ORIGINAL
551,0,0.0,,1.0,ORIGINAL
551,1,0.0,,1.0,ORIGINAL
551,2,0.0,,0.9633150259944552,ORIGINAL
551,3,0.0,0.9622504486493763,0.9478675140998328,ORIGINAL
551,4,0.0,,1.0,ORIGINAL
551,5,0.0,0.9622504486493763,1.0,ORIGINAL
551,6,0.0,0.5773502691896257,0.9646784562203947,ORIGINAL
551,7,0.0,,1.0,ORIGINAL
551,8,0.0,,1.0,ORIGINAL
552,0,0.0,,0.946422542604079,ORIGINAL
552,1,0.0,,0.946422542604079,ORIGINAL
552,2,0.0,0.9428090415820635,0.9364023538492415,ORIGINAL
552,3,0.0,0.9486832980505138,0.946063816953565,ORIGINAL
552,4,0.0,,0.946422542604079,ORIGINAL
552,5,0.0,,0.946422542604079,ORIGINAL
552,6,0.0,,0.9660329880199567,ORIGINAL
552,7,0.0,,0.946422542604079,ORIGINAL
552,8,0.0,,0.946422542604079,ORIGINAL
552,9,0.0,,0.946422542604079,ORIGINAL
553,0,0.0,,1.0,ORIGINAL
553,1,0.0,,1.0,ORIGINAL
553,2,0.0,1.0000000000000002,0.9633150259944552,ORIGINAL
553,3,0.0,0.8749999999999998,0.9478675140998328,ORIGINAL
553,4,0.0,,1.0,ORIGINAL
553,5,0.0,0.9428090415820635,1.0,ORIGINAL
553,6,0.0,0.944911182523068,0.9646784562203947,ORIGINAL
553,7,0.0,1.0000000000000002,1.0,ORIGINAL
553,8,0.0,,1.0,ORIGINAL
553,9,0.0,,1.0,ORIGINAL
554,0,0.0,,0.9472315698006006,ORIGINAL
554,1,0.0,,0.9472315698006006,ORIGINAL
554,2,0.0,0.3333333333333333,0.9299349164979868,ORIGINAL
554,3,0.0,0.5345224838248487,0.9008930007330432,ORIGINAL
554,4,0.0,0.9428090415820632,0.9472315698006006,ORIGINAL
554,5,0.0,0.7559289460184544,0.9472315698006006,ORIGINAL
554,6,0.0,0.8017837257372731,0.9765532425873952,ORIGINAL
554,7,0.0,0.2773500981126146,0.9472315698006006,ORIGINAL
554,8,0.0,0.960768922830523,0.9472315698006006,ORIGINAL
554,9,0.0,,0.9472315698006006,ORIGINAL
555,0,0.0,,0.9808074276549021,ORIGINAL
555,1,0.0,1.0,0.9808074276549021,ORIGINAL
555,2,0.0,,0.9704064442287548,ORIGINAL
555,3,0.0,0.8819171036881969,0.9434388010650644,ORIGINAL
555,4,0.0,1.0,0.9808074276549021,ORIGINAL
555,5,0.0,0.8944271909999159,0.9808074276549021,ORIGINAL
555,6,0.0,0.8164965809277259,0.9385487595062291,ORIGINAL
555,7,0.0,0.9486832980505138,0.9808074276549021,ORIGINAL
555,8,0.0,,0.9808074276549021,ORIGINAL
555,9,0.0,0.9707253433941511,0.9808074276549021,ORIGINAL
556,0,0.0,,1.0,ORIGINAL
556,1,0.0,0.9999999999999998,1.0,ORIGINAL
556,2,0.0,,0.9633150259944552,ORIGINAL
556,3,0.0,0.9525793444156805,0.9478675140998328,ORIGINAL
556,4,0.0,,1.0,ORIGINAL
556,5,0.0,1.0000000000000002,1.0,ORIGINAL
556,6,0.0,0.8164965809277259,0.9646784562203947,ORIGINAL
556,7,0.0,,1.0,ORIGINAL
556,8,0.0,,1.0,ORIGINAL
556,9,0.0,,1.0,ORIGINAL
557,0,0.0,,0.9265269117556914,ORIGINAL
557,1,0.0,0.33333333333333337,0.9265269117556914,ORIGINAL
557,2,0.0,,0.8674344094137334,ORIGINAL
557,3,0.0,0.588348405414552,0.8508475957054924,ORIGINAL
557,4,0.0,,0.9265269117556914,ORIGINAL
557,5,0.0,,0.9265269117556914,ORIGINAL
557,6,0.0,0.7745966692414834,0.930580453129016,ORIGINAL
557,7,0.0,,0.9265269117556914,ORIGINAL
557,8,0.0,,0.9265269117556914,ORIGINAL
557,9,0.0,0.18257418583505536,0.9265269117556914,ORIGINAL
558,0,0.0,,0.9699713572266225,ORIGINAL
558,1,0.0,0.7745966692414834,0.9699713572266225,ORIGINAL
558,2,0.0,0.6708203932499369,0.9059825079395406,ORIGINAL
558,3,0.0,0.6172133998483678,0.8860247116862109,ORIGINAL
558,4,0.0,0.6324555320336759,0.9699713572266225,ORIGINAL
558,5,0.0,0.6324555320336759,0.9699713572266225,ORIGINAL
558,6,0.0,0.5070925528371099,0.9660512382337655,ORIGINAL
558,7,0.0,0.8728715609439696,0.9699713572266225,ORIGINAL
558,8,0.0,,0.9699713572266225,ORIGINAL
558,9,0.0,0.9428090415820635,0.9699713572266225,ORIGINAL
559,0,0.0,,0.9277359444864142,ORIGINAL
559,1,0.0,1.0,0.9277359444864142,ORIGINAL
559,2,0.0,,0.8743475530778493,ORIGINAL
559,3,0.0,0.9428090415820635,0.890581024710849,ORIGINAL
559,4,0.0,,0.9277359444864142,ORIGINAL
559,5,0.0,1.0000000000000002,0.9277359444864142,ORIGINAL
559,6,0.0,0.5070925528371099,0.9225706335733073,ORIGINAL
559,7,0.0,,0.9277359444864142,ORIGINAL
559,8,0.0,,0.9277359444864142,ORIGINAL
559,9,0.0,1.0000000000000002,0.9277359444864142,ORIGINAL
560,517,0.9,0.8693182879212227,0.9866204948108988,ORIGINAL
560,549,0.9,1.0000000000000002,,ORIGINAL
560,739,0.9,1.0000000000000002,,ORIGINAL
560,0,0.0,,0.9547094735321136,ORIGINAL
560,1,0.0,0.9761870601839528,0.9547094735321136,ORIGINAL
560,2,0.0,0.894427190999916,0.9773974148987788,ORIGINAL
560,3,0.0,0.9163795899053139,0.9866204948108988,ORIGINAL
560,4,0.0,0.8571428571428571,0.9547094735321136,ORIGINAL
560,5,0.0,0.9438798074485388,0.9547094735321136,ORIGINAL
560,6,0.0,0.9486832980505138,0.963900050036881,ORIGINAL
561,0,0.0,,0.9265269144557784,ORIGINAL
561,1,0.0,,0.9265269144557784,ORIGINAL
561,2,0.0,,0.8674344100157444,ORIGINAL
561,3,0.0,,0.8508475952763901,ORIGINAL
561,4,0.0,,0.9265269144557784,ORIGINAL
561,5,0.0,,0.9265269144557784,ORIGINAL
561,6,0.0,0.5477225575051661,0.9305804524064215,ORIGINAL
561,7,0.0,,0.9265269144557784,ORIGINAL
561,8,0.0,,0.9265269144557784,ORIGINAL
561,9,0.0,,0.9265269144557784,ORIGINAL
562,0,0.0,0.9258200997725515,0.9944254074268432,ORIGINAL
562,1,0.0,0.9486832980505138,0.9944254074268432,ORIGINAL
562,2,0.0,0.9463495102642552,0.954044720345239,ORIGINAL
562,3,0.0,0.8569592084617097,0.9544564213899864,ORIGINAL
562,4,0.0,0.9207509207513811,0.9944254074268432,ORIGINAL
562,5,0.0,0.9406401658278406,0.9944254074268432,ORIGINAL
562,6,0.0,0.6612035107624793,0.9624858850401476,ORIGINAL
562,7,0.0,0.9434563530497265,0.9944254074268432,ORIGINAL
562,8,0.0,0.9071147352221454,0.9944254074268432,ORIGINAL
562,9,0.0,0.9359709753334591,0.9944254074268432,ORIGINAL
563,0,0.0,,0.9589930743997879,ORIGINAL
563,1,0.0,0.7071067811865475,0.9589930743997879,ORIGINAL
563,2,0.0,0.7302967433402214,0.9359693053925601,ORIGINAL
563,3,0.0,0.7378647873726218,0.9543194247012607,ORIGINAL
563,4,0.0,,0.9589930743997879,ORIGINAL
563,5,0.0,0.8944271909999159,0.9589930743997879,ORIGINAL
563,6,0.0,0.0,0.9542943652531698,ORIGINAL
563,7,0.0,,0.9589930743997879,ORIGINAL
563,8,0.0,0.7001400420140049,0.9589930743997879,ORIGINAL
563,9,0.0,,0.9589930743997879,ORIGINAL
564,0,0.0,,0.9770930333460692,ORIGINAL
564,1,0.0,0.8944271909999159,0.9770930333460692,ORIGINAL
564,2,0.0,0.9486832980505138,0.9426950542058579,ORIGINAL
564,3,0.0,0.9166666666666666,0.9697879072350232,ORIGINAL
564,4,0.0,0.9622504486493763,0.9770930333460692,ORIGINAL
564,5,0.0,0.9128709291752769,0.9770930333460692,ORIGINAL
564,6,0.0,0.8451542547285165,0.9343338179348393,ORIGINAL
564,7,0.0,0.944911182523068,0.9770930333460692,ORIGINAL
564,8,0.0,0.9622504486493763,0.9770930333460692,ORIGINAL
564,9,0.0,0.9761870601839528,0.9770930333460692,ORIGINAL
565,0,0.0,,0.969971356750688,ORIGINAL
565,1,0.0,0.7977240352174656,0.969971356750688,ORIGINAL
565,2,0.0,0.8728715609439696,0.9059825054241087,ORIGINAL
565,3,0.0,0.8728715609439696,0.8860247084563049,ORIGINAL
565,4,0.0,0.7442084075352507,0.969971356750688,ORIGINAL
565,5,0.0,0.7715167498104595,0.969971356750688,ORIGINAL
565,6,0.0,0.48349377841522817,0.9660512358711693,ORIGINAL
565,7,0.0,0.7715167498104595,0.969971356750688,ORIGINAL
565,8,0.0,0.7071067811865475,0.969971356750688,ORIGINAL
565,9,0.0,0.8356716504931925,0.969971356750688,ORIGINAL
566,0,0.0,1.0000000000000002,0.9808074276549021,ORIGINAL
566,1,0.0,0.9090909090909091,0.9808074276549021,ORIGINAL
566,2,0.0,0.9141379262169076,0.9704064442287548,ORIGINAL
566,3,0.0,0.9231861823449954,0.9434388010650644,ORIGINAL
566,4,0.0,0.8916451401205646,0.9808074276549021,ORIGINAL
566,5,0.0,0.9271726499455306,0.9808074276549021,ORIGINAL
566,6,0.0,0.6030226891555273,0.9385487595062291,ORIGINAL
566,7,0.0,0.9434563530497265,0.9808074276549021,ORIGINAL
566,8,0.0,0.8959786703810408,0.9808074276549021,ORIGINAL
566,9,0.0,0.8504200642707612,0.9808074276549021,ORIGINAL
567,0,0.0,,0.9545005813135693,ORIGINAL
567,1,0.0,,0.9545005813135693,ORIGINAL
567,2,0.0,,0.8965726495809305,ORIGINAL
567,3,0.0,1.0000000000000002,0.911733525129955,ORIGINAL
567,4,0.0,,0.9545005813135693,ORIGINAL
567,5,0.0,,0.9545005813135693,ORIGINAL
567,6,0.0,0.8944271909999159,0.9422929887194212,ORIGINAL
567,7,0.0,1.0000000000000002,0.9545005813135693,ORIGINAL
567,8,0.0,,0.9545005813135693,ORIGINAL
567,9,0.0,,0.9545005813135693,ORIGINAL
568,739,0.9,1.0000000000000002,,ORIGINAL
568,0,0.0,,0.9824636492987208,ORIGINAL
568,1,0.0,1.0,0.9824636492987208,ORIGINAL
568,2,0.0,,0.9373812376983589,ORIGINAL
568,3,0.0,0.944911182523068,0.9051753863583857,ORIGINAL
568,4,0.0,0.9622504486493763,0.9824636492987208,ORIGINAL
568,5,0.0,0.8660254037844387,0.9824636492987208,ORIGINAL
568,6,0.0,0.8451542547285165,0.9655410097462167,ORIGINAL
568,7,0.0,1.0000000000000002,0.9824636492987208,ORIGINAL
568,8,0.0,,0.9824636492987208,ORIGINAL
569,0,0.0,,1.0,ORIGINAL
569,1,0.0,,1.0,ORIGINAL
569,2,0.0,,0.9633150259944552,ORIGINAL
569,3,0.0,,0.9478675140998328,ORIGINAL
569,4,0.0,,1.0,ORIGINAL
569,5,0.0,,1.0,ORIGINAL
569,6,0.0,,0.9646784562203947,ORIGINAL
569,7,0.0,,1.0,ORIGINAL
569,8,0.0,,1.0,ORIGINAL
569,9,0.0,,1.0,ORIGINAL
570,0,0.0,,0.9699713551191103,ORIGINAL
570,1,0.0,1.0,0.9699713551191103,ORIGINAL
570,2,0.0,1.0,0.9059825036494301,ORIGINAL
570,3,0.0,0.8728715609439696,0.8860247085843699,ORIGINAL
570,4,0.0,0.9561828874675149,0.9699713551191103,ORIGINAL
570,5,0.0,0.8944271909999159,0.9699713551191103,ORIGINAL
570,6,0.0,0.8485281374238569,0.9660512365050365,ORIGINAL
570,7,0.0,,0.9699713551191103,ORIGINAL
570,8,0.0,,0.9699713551191103,ORIGINAL
570,9,0.0,0.9486832980505138,0.9699713551191103,ORIGINAL
571,0,0.0,,0.961120586841919,ORIGINAL
571,1,0.0,0.9428090415820635,0.961120586841919,ORIGINAL
571,2,0.0,1.0000000000000002,0.9521660180930676,ORIGINAL
571,3,0.0,0.894427190999916,0.9352301584940231,ORIGINAL
571,4,0.0,0.8845379626717033,0.961120586841919,ORIGINAL
571,5,0.0,0.6804138174397718,0.961120586841919,ORIGINAL
571,6,0.0,0.7857142857142857,0.9665349418267045,ORIGINAL
571,7,0.0,0.9594032236002469,0.961120586841919,ORIGINAL
571,8,0.0,0.8869685939836239,0.961120586841919,ORIGINAL
571,9,0.0,0.9707253433941511,0.961120586841919,ORIGINAL
572,0,0.0,,1.0,ORIGINAL
572,1,0.0,,1.0,ORIGINAL
572,2,0.0,,0.9633150259944552,ORIGINAL
572,3,0.0,,0.9478675140998328,ORIGINAL
572,4,0.0,,1.0,ORIGINAL
572,5,0.0,,1.0,ORIGINAL
572,6,0.0,,0.9646784562203947,ORIGINAL
572,7,0.0,,1.0,ORIGINAL
572,8,0.0,,1.0,ORIGINAL
572,9,0.0,,1.0,ORIGINAL
573,0,0.0,,0.9545005813135693,ORIGINAL
573,1,0.0,,0.9545005813135693,ORIGINAL
573,2,0.0,,0.8965726495809305,ORIGINAL
573,3,0.0,,0.911733525129955,ORIGINAL
573,4,0.0,,0.9545005813135693,ORIGINAL
573,5,0.0,,0.9545005813135693,ORIGINAL
573,6,0.0,-0.5773502691896258,0.9422929887194212,ORIGINAL
573,7,0.0,,0.9545005813135693,ORIGINAL
573,8,0.0,,0.9545005813135693,ORIGINAL
573,9,0.0,,0.9545005813135693,ORIGINAL
574,0,0.0,,0.9794193485015635,ORIGINAL
574,1,0.0,0.857142857142857,0.9794193485015635,ORIGINAL
574,2,0.0,0.8499999999999999,0.9292376140178872,ORIGINAL
574,3,0.0,0.8413753371192062,0.8954618946154363,ORIGINAL
574,4,0.0,0.9339475705392295,0.9794193485015635,ORIGINAL
574,5,0.0,0.9486832980505138,0.9794193485015635,ORIGINAL
574,6,0.0,0.6396021490668313,0.9659286563039695,ORIGINAL
574,7,0.0,0.9761870601839528,0.9794193485015635,ORIGINAL
574,8,0.0,0.9647638212377322,0.9794193485015635,ORIGINAL
574,9,0.0,0.9737289911202953,0.9794193485015635,ORIGINAL
575,0,0.0,,0.9865432291009868,ORIGINAL
575,1,0.0,0.5773502691896258,0.9865432291009868,ORIGINAL
575,2,0.0,0.8164965809277259,0.946452462077083,ORIGINAL
575,3,0.0,0.5222329678670935,0.9288382417506102,ORIGINAL
575,4,0.0,,0.9865432291009868,ORIGINAL
575,5,0.0,0.5,0.9865432291009868,ORIGINAL
575,6,0.0,,0.9560412601772939,ORIGINAL
575,7,0.0,0.8164965809277261,0.9865432291009868,ORIGINAL
575,8,0.0,,0.9865432291009868,ORIGINAL
575,9,0.0,0.588348405414552,0.9865432291009868,ORIGINAL
576,0,0.0,,0.9567031275773458,ORIGINAL
576,1,0.0,1.0,0.9567031275773458,ORIGINAL
576,2,0.0,,0.8856912312434111,ORIGINAL
576,3,0.0,1.0,0.9004262902871312,ORIGINAL
576,4,0.0,,0.9567031275773458,ORIGINAL
576,5,0.0,0.8944271909999159,0.9567031275773458,ORIGINAL
576,6,0.0,0.8660254037844387,0.931148513746866,ORIGINAL
576,7,0.0,0.944911182523068,0.9567031275773458,ORIGINAL
576,8,0.0,,0.9567031275773458,ORIGINAL
576,9,0.0,1.0,0.9567031275773458,ORIGINAL
577,0,0.0,,0.9589930743581244,ORIGINAL
577,1,0.0,0.8164965809277259,0.9589930743581244,ORIGINAL
577,2,0.0,0.8703882797784892,0.9359693065154513,ORIGINAL
577,3,0.0,0.8682431421244593,0.9543194263435196,ORIGINAL
577,4,0.0,,0.9589930743581244,ORIGINAL
577,5,0.0,0.9258200997725514,0.9589930743581244,ORIGINAL
577,6,0.0,0.5669467095138409,0.9542943651967457,ORIGINAL
577,7,0.0,,0.9589930743581244,ORIGINAL
577,8,0.0,0.9622504486493763,0.9589930743581244,ORIGINAL
577,9,0.0,0.9622504486493763,0.9589930743581244,ORIGINAL
578,0,0.0,0.5661385170722979,0.9806790827122713,ORIGINAL
578,1,0.0,0.9341987329938275,0.9806790827122713,ORIGINAL
578,2,0.0,0.7416198487095663,0.9341955275642331,ORIGINAL
578,3,0.0,0.721178860387891,0.9453174449713314,ORIGINAL
578,4,0.0,0.9120291854009068,0.9806790827122713,ORIGINAL
578,5,0.0,0.7715167498104597,0.9806790827122713,ORIGINAL
578,6,0.0,0.5714285714285714,0.9561958125198223,ORIGINAL
578,7,0.0,0.923869770874312,0.9806790827122713,ORIGINAL
578,8,0.0,0.8255008255012383,0.9806790827122713,ORIGINAL
578,9,0.0,0.8000946913656629,0.9806790827122713,ORIGINAL
579,0,0.0,,0.9646784575040955,ORIGINAL
579,1,0.0,0.9486832980505138,0.9646784575040955,ORIGINAL
579,2,0.0,1.0000000000000002,0.9658346093695405,ORIGINAL
579,3,0.0,0.9428090415820635,0.9413488761945782,ORIGINAL
579,4,0.0,0.9561828874675149,0.9646784575040955,ORIGINAL
579,5,0.0,0.9506541513652698,0.9646784575040955,ORIGINAL
579,6,0.0,0.5477225575051661,0.9999999999999946,ORIGINAL
579,7,0.0,0.9428090415820635,0.9646784575040955,ORIGINAL
579,8,0.0,0.9014978717104176,0.9646784575040955,ORIGINAL
579,9,0.0,0.9434563530497265,0.9646784575040955,ORIGINAL
580,0,0.0,,0.9865432291009868,ORIGINAL
580,1,0.0,,0.9865432291009868,ORIGINAL
580,2,0.0,0.8703882797784892,0.946452462077083,ORIGINAL
580,3,0.0,0.7276068751089989,0.9288382417506102,ORIGINAL
580,4,0.0,0.4472135954999579,0.9865432291009868,ORIGINAL
580,5,0.0,0.0,0.9865432291009868,ORIGINAL
580,6,0.0,0.7071067811865475,0.9560412601772939,ORIGINAL
580,7,0.0,0.8164965809277261,0.9865432291009868,ORIGINAL
580,8,0.0,0.5773502691896258,0.9865432291009868,ORIGINAL
580,9,0.0,,0.9865432291009868,ORIGINAL
581,0,0.0,,0.9545005820153565,ORIGINAL
581,1,0.0,0.9486832980505138,0.9545005820153565,ORIGINAL
581,2,0.0,0.9513029883089883,0.8965726563327592,ORIGINAL
581,3,0.0,0.9503819266229829,0.9117335320207649,ORIGINAL
581,4,0.0,0.8770580193070293,0.9545005820153565,ORIGINAL
581,5,0.0,0.9045340337332909,0.9545005820153565,ORIGINAL
581,6,0.0,0.8198915917499229,0.9422929909120505,ORIGINAL
581,7,0.0,1.0000000000000002,0.9545005820153565,ORIGINAL
581,8,0.0,,0.9545005820153565,ORIGINAL
581,9,0.0,0.9449111825230682,0.9545005820153565,ORIGINAL
582,0,0.0,,1.0,ORIGINAL
582,1,0.0,0.944911182523068,1.0,ORIGINAL
582,2,0.0,0.944911182523068,0.9633150259944552,ORIGINAL
582,3,0.0,0.9428090415820635,0.9478675140998328,ORIGINAL
582,4,0.0,0.9707253433941511,1.0,ORIGINAL
582,5,0.0,0.9999999999999998,1.0,ORIGINAL
582,6,0.0,0.7745966692414834,0.9646784562203947,ORIGINAL
582,7,0.0,,1.0,ORIGINAL
582,8,0.0,,1.0,ORIGINAL
582,9,0.0,0.8504200642707612,1.0,ORIGINAL
583,0,0.0,,0.9398226041729166,ORIGINAL
583,1,0.0,,0.9398226041729166,ORIGINAL
583,2,0.0,1.0000000000000002,0.8646694139096448,ORIGINAL
583,3,0.0,0.857142857142857,0.8378768583197207,ORIGINAL
583,4,0.0,,0.9398226041729166,ORIGINAL
583,5,0.0,0.9428090415820635,0.9398226041729166,ORIGINAL
583,6,0.0,0.9428090415820635,0.9343365156619177,ORIGINAL
583,7,0.0,,0.9398226041729166,ORIGINAL
583,8,0.0,,0.9398226041729166,ORIGINAL
583,9,0.0,0.9525793444156805,0.9398226041729166,ORIGINAL
584,0,0.0,,0.9351398075296958,ORIGINAL
584,1,0.0,0.9486832980505138,0.9351398075296958,ORIGINAL
584,2,0.0,,0.8567595585400767,ORIGINAL
584,3,0.0,,0.8522172973577464,ORIGINAL
584,4,0.0,,0.9351398075296958,ORIGINAL
584,5,0.0,0.9428090415820635,0.9351398075296958,ORIGINAL
584,6,0.0,,0.93113482071013,ORIGINAL
584,7,0.0,,0.9351398075296958,ORIGINAL
584,8,0.0,,0.9351398075296958,ORIGINAL
584,9,0.0,0.9428090415820635,0.9351398075296958,ORIGINAL
585,0,0.0,,0.967374230957358,ORIGINAL
585,1,0.0,,0.967374230957358,ORIGINAL
585,2,0.0,,0.9184183520074105,ORIGINAL
585,3,0.0,0.9707253433941511,0.9081496921288182,ORIGINAL
585,4,0.0,,0.967374230957358,ORIGINAL
585,5,0.0,,0.967374230957358,ORIGINAL
585,6,0.0,,0.971639207558404,ORIGINAL
585,7,0.0,,0.967374230957358,ORIGINAL
585,8,0.0,,0.967374230957358,ORIGINAL
585,9,0.0,,0.967374230957358,ORIGINAL
586,0,0.0,,0.9420432324198635,ORIGINAL
586,1,0.0,,0.9420432324198635,ORIGINAL
586,2,0.0,0.8888888888888888,0.9356941912126854,ORIGINAL
586,3,0.0,0.9999999999999998,0.9599929174366216,ORIGINAL
586,4,0.0,0.8528028654224417,0.9420432324198635,ORIGINAL
586,5,0.0,0.9999999999999998,0.9420432324198635,ORIGINAL
586,6,0.0,0.45226701686664544,0.9403748607176723,ORIGINAL
586,7,0.0,0.9428090415820635,0.9420432324198635,ORIGINAL
586,8,0.0,1.0000000000000002,0.9420432324198635,ORIGINAL
586,9,0.0,,0.9420432324198635,ORIGINAL
587,0,0.0,,0.9663057389099544,ORIGINAL
587,1,0.0,,0.9663057389099544,ORIGINAL
587,2,0.0,0.9428090415820635,0.9241958745414058,ORIGINAL
587,3,0.0,0.9045340337332909,0.8997950185386407,ORIGINAL
587,4,0.0,,0.9663057389099544,ORIGINAL
587,5,0.0,0.9428090415820635,0.9663057389099544,ORIGINAL
587,6,0.0,0.1889822365046136,0.9719080969836214,ORIGINAL
587,7,0.0,,0.9663057389099544,ORIGINAL
587,8,0.0,,0.9663057389099544,ORIGINAL
587,9,0.0,,0.9663057389099544,ORIGINAL
588,0,0.0,,,ORIGINAL
588,1,0.0,,,ORIGINAL
588,2,0.0,,,ORIGINAL
588,3,0.0,,,ORIGINAL
588,4,0.0,,,ORIGINAL
588,5,0.0,0.9428090415820635,,ORIGINAL
588,6,0.0,,,ORIGINAL
588,7,0.0,,,ORIGINAL
588,8,0.0,,,ORIGINAL
588,9,0.0,,,ORIGINAL
589,0,0.0,,0.9794193471546584,ORIGINAL
589,1,0.0,0.9622504486493764,0.9794193471546584,ORIGINAL
589,2,0.0,0.9473729613780999,0.9292376108186485,ORIGINAL
589,3,0.0,0.909154827298409,0.8954618926735984,ORIGINAL
589,4,0.0,0.9669875568304563,0.9794193471546584,ORIGINAL
589,5,0.0,0.9827076298239908,0.9794193471546584,ORIGINAL
589,6,0.0,0.5783149319662404,0.9659286558888504,ORIGINAL
589,7,0.0,0.8770580193070293,0.9794193471546584,ORIGINAL
589,8,0.0,0.9999999999999998,0.9794193471546584,ORIGINAL
589,9,0.0,0.9128709291752769,0.9794193471546584,ORIGINAL
590,0,0.0,,0.9594009331406151,ORIGINAL
590,1,0.0,,0.9594009331406151,ORIGINAL
590,2,0.0,0.8703882797784892,0.9838151387945194,ORIGINAL
590,3,0.0,0.6546536707079772,0.9455680622862827,ORIGINAL
590,4,0.0,0.6681531047810609,0.9594009331406151,ORIGINAL
590,5,0.0,0.8819171036881969,0.9594009331406151,ORIGINAL
590,6,0.0,0.9428090415820635,0.9765368585167499,ORIGINAL
590,7,0.0,,0.9594009331406151,ORIGINAL
590,8,0.0,0.9428090415820635,0.9594009331406151,ORIGINAL
590,9,0.0,0.8660254037844387,0.9594009331406151,ORIGINAL
591,0,0.0,,0.969971356750688,ORIGINAL
591,1,0.0,,0.969971356750688,ORIGINAL
591,2,0.0,,0.9059825054241087,ORIGINAL
591,3,0.0,,0.8860247084563049,ORIGINAL
591,4,0.0,,0.969971356750688,ORIGINAL
591,5,0.0,,0.969971356750688,ORIGINAL
591,6,0.0,,0.9660512358711693,ORIGINAL
591,7,0.0,,0.969971356750688,ORIGINAL
591,8,0.0,,0.969971356750688,ORIGINAL
591,9,0.0,,0.969971356750688,ORIGINAL
592,0,0.0,,1.0,ORIGINAL
592,1,0.0,,1.0,ORIGINAL
592,2,0.0,,0.9633150259944552,ORIGINAL
592,3,0.0,,0.9478675140998328,ORIGINAL
592,4,0.0,,1.0,ORIGINAL
592,5,0.0,,1.0,ORIGINAL
592,6,0.0,,0.9646784562203947,ORIGINAL
592,7,0.0,,1.0,ORIGINAL
592,8,0.0,,1.0,ORIGINAL
592,9,0.0,,1.0,ORIGINAL
593,0,0.0,,0.9528205462346803,ORIGINAL
593,1,0.0,0.944911182523068,0.9528205462346803,ORIGINAL
593,2,0.0,0.8603090020146066,0.9555396379349221,ORIGINAL
593,3,0.0,0.8587538611150074,0.9747204209657291,ORIGINAL
593,4,0.0,0.9333333333333332,0.9528205462346803,ORIGINAL
593,5,0.0,0.9431191251430151,0.9528205462346803,ORIGINAL
593,6,0.0,0.545544725589981,0.9738170082873187,ORIGINAL
593,7,0.0,0.8999999999999998,0.9528205462346803,ORIGINAL
593,8,0.0,0.9518172686249524,0.9528205462346803,ORIGINAL
593,9,0.0,0.9525793444156805,0.9528205462346803,ORIGINAL
594,0,0.0,0.9486832980505138,1.0,ORIGINAL
594,1,0.0,0.9561828874675149,1.0,ORIGINAL
594,2,0.0,,0.9633150259944552,ORIGINAL
594,3,0.0,0.8922178162191937,0.9478675140998328,ORIGINAL
594,4,0.0,,1.0,ORIGINAL
594,5,0.0,,1.0,ORIGINAL
594,6,0.0,,0.9646784562203947,ORIGINAL
594,7,0.0,0.9525793444156805,1.0,ORIGINAL
594,8,0.0,0.9622504486493763,1.0,ORIGINAL
594,9,0.0,,1.0,ORIGINAL
595,101,0.9,0.7239227659930269,0.9729823247439796,ORIGINAL
595,200,0.9,0.7777777777777779,0.9999999999999952,ORIGINAL
595,526,0.9,0.847822751996795,0.9650727940117362,ORIGINAL
595,709,0.9,0.8743856497851875,0.940000951909002,ORIGINAL
595,0,0.0,,0.9557478095166194,ORIGINAL
595,1,0.0,0.821583836257749,0.9557478095166194,ORIGINAL
595,2,0.0,0.8892972917998876,0.8993093788782726,ORIGINAL
595,3,0.0,0.835710894037345,0.8997410449176667,ORIGINAL
595,4,0.0,0.7514691493021793,0.9557478095166194,ORIGINAL
595,5,0.0,0.6708203932499369,0.9557478095166194,ORIGINAL
596,0,0.0,,1.0,ORIGINAL
596,1,0.0,0.9428090415820635,1.0,ORIGINAL
596,2,0.0,,0.9633150259944552,ORIGINAL
596,3,0.0,0.9594032236002469,0.9478675140998328,ORIGINAL
596,4,0.0,0.9428090415820635,1.0,ORIGINAL
596,5,0.0,0.9432422182837986,1.0,ORIGINAL
596,6,0.0,0.4999999999999999,0.9646784562203947,ORIGINAL
596,7,0.0,0.9428090415820635,1.0,ORIGINAL
596,8,0.0,,1.0,ORIGINAL
596,9,0.0,,1.0,ORIGINAL
597,0,0.0,,1.0,ORIGINAL
597,1,0.0,0.9622504486493763,1.0,ORIGINAL
597,2,0.0,,0.9633150259944552,ORIGINAL
597,3,0.0,0.9561828874675149,0.9478675140998328,ORIGINAL
597,4,0.0,,1.0,ORIGINAL
597,5,0.0,,1.0,ORIGINAL
597,6,0.0,0.8164965809277259,0.9646784562203947,ORIGINAL
597,7,0.0,1.0000000000000002,1.0,ORIGINAL
597,8,0.0,,1.0,ORIGINAL
597,9,0.0,,1.0,ORIGINAL
598,0,0.0,,0.9545005813135693,ORIGINAL
598,1,0.0,,0.9545005813135693,ORIGINAL
598,2,0.0,,0.8965726495809305,ORIGINAL
598,3,0.0,,0.911733525129955,ORIGINAL
598,4,0.0,,0.9545005813135693,ORIGINAL
598,5,0.0,1.0000000000000002,0.9545005813135693,ORIGINAL
598,6,0.0,0.8164965809277259,0.9422929887194212,ORIGINAL
598,7,0.0,,0.9545005813135693,ORIGINAL
598,8,0.0,,0.9545005813135693,ORIGINAL
598,9,0.0,,0.9545005813135693,ORIGINAL
599,0,0.0,0.8164965809277261,0.9738004445197691,ORIGINAL
599,1,0.0,,0.9738004445197691,ORIGINAL
599,2,0.0,0.7526178090063818,0.9197887974458956,ORIGINAL
599,3,0.0,0.6123724356957946,0.9244952730112307,ORIGINAL
599,4,0.0,0.9128709291752769,0.9738004445197691,ORIGINAL
599,5,0.0,0.9128709291752769,0.9738004445197691,ORIGINAL
599,6,0.0,0.19245008972987526,0.9476127965444712,ORIGINAL
599,7,0.0,,0.9738004445197691,ORIGINAL
599,8,0.0,,0.9738004445197691,ORIGINAL
599,9,0.0,0.8660254037844387,0.9738004445197691,ORIGINAL
600,0,0.0,,1.0,ORIGINAL
600,1,0.0,0.9669875568304563,1.0,ORIGINAL
600,2,0.0,0.9285714285714286,0.9633150259944552,ORIGINAL
600,3,0.0,0.8609460320922785,0.9478675140998328,ORIGINAL
600,4,0.0,0.9428090415820635,1.0,ORIGINAL
600,5,0.0,0.9737289911202953,1.0,ORIGINAL
600,6,0.0,0.521749194749951,0.9646784562203947,ORIGINAL
600,7,0.0,0.9999999999999999,1.0,ORIGINAL
600,8,0.0,1.0000000000000002,1.0,ORIGINAL
600,9,0.0,0.9428090415820634,1.0,ORIGINAL
601,0,0.0,,0.9824636492987208,ORIGINAL
601,1,0.0,,0.9824636492987208,ORIGINAL
601,2,0.0,,0.9373812376983589,ORIGINAL
601,3,0.0,0.944911182523068,0.9051753863583857,ORIGINAL
601,4,0.0,,0.9824636492987208,ORIGINAL
601,5,0.0,0.9999999999999998,0.9824636492987208,ORIGINAL
601,6,0.0,0.9428090415820635,0.9655410097462167,ORIGINAL
601,7,0.0,,0.9824636492987208,ORIGINAL
601,8,0.0,0.9622504486493763,0.9824636492987208,ORIGINAL
601,9,0.0,,0.9824636492987208,ORIGINAL
602,0,0.0,,0.9971672690083863,ORIGINAL
602,1,0.0,,0.9971672690083863,ORIGINAL
602,2,0.0,0.8944271909999159,0.9610979396495216,ORIGINAL
602,3,0.0,0.8807048459279794,0.9606043368570277,ORIGINAL
602,4,0.0,0.8910421112136306,0.9971672690083863,ORIGINAL
602,5,0.0,0.82915619758885,0.9971672690083863,ORIGINAL
602,6,0.0,0.6735753140545634,0.9590303082819112,ORIGINAL
602,7,0.0,,0.9971672690083863,ORIGINAL
602,8,0.0,0.9428090415820634,0.9971672690083863,ORIGINAL
602,9,0.0,0.8164965809277261,0.9971672690083863,ORIGINAL
603,0,0.0,,0.940951251985196,ORIGINAL
603,1,0.0,0.5,0.940951251985196,ORIGINAL
603,2,0.0,0.4803844614152615,0.8805955286494573,ORIGINAL
603,3,0.0,0.25712973861328997,0.8425549475183908,ORIGINAL
603,4,0.0,0.22645540682891918,0.940951251985196,ORIGINAL
603,5,0.0,-0.13483997249264842,0.940951251985196,ORIGINAL
603,6,0.0,-0.2886751345948129,0.9260773544759858,ORIGINAL
603,7,0.0,0.4082482904638631,0.940951251985196,ORIGINAL
603,8,0.0,0.0,0.940951251985196,ORIGINAL
603,9,0.0,,0.940951251985196,ORIGINAL
604,0,0.0,,0.9623825793689229,ORIGINAL
604,1,0.0,,0.9623825793689229,ORIGINAL
604,2,0.0,,0.9039457309445813,ORIGINAL
604,3,0.0,,0.9255037832781221,ORIGINAL
604,4,0.0,,0.9623825793689229,ORIGINAL
604,5,0.0,,0.9623825793689229,ORIGINAL
604,6,0.0,,0.9443964472196353,ORIGINAL
604,7,0.0,,0.9623825793689229,ORIGINAL
604,8,0.0,,0.9623825793689229,ORIGINAL
604,9,0.0,,0.9623825793689229,ORIGINAL
605,0,0.0,,0.9681150543298018,ORIGINAL
605,1,0.0,,0.9681150543298018,ORIGINAL
605,2,0.0,,0.9538641585353345,ORIGINAL
605,3,0.0,1.0,0.9731287385973549,ORIGINAL
605,4,0.0,,0.9681150543298018,ORIGINAL
605,5,0.0,0.40824829046386296,0.9681150543298018,ORIGINAL
605,6,0.0,,0.9156195849886445,ORIGINAL
605,7,0.0,,0.9681150543298018,ORIGINAL
605,8,0.0,,0.9681150543298018,ORIGINAL
605,9,0.0,0.7071067811865475,0.9681150543298018,ORIGINAL
606,0,0.0,,0.9806790827122713,ORIGINAL
606,1,0.0,0.9486832980505138,0.9806790827122713,ORIGINAL
606,2,0.0,0.8660254037844386,0.9341955275642331,ORIGINAL
606,3,0.0,0.8528028654224419,0.9453174449713314,ORIGINAL
606,4,0.0,0.9428090415820635,0.9806790827122713,ORIGINAL
606,5,0.0,0.9432422182837986,0.9806790827122713,ORIGINAL
606,6,0.0,0.629940788348712,0.9561958125198223,ORIGINAL
606,7,0.0,0.9506541513652698,0.9806790827122713,ORIGINAL
606,8,0.0,0.8999999999999998,0.9806790827122713,ORIGINAL
606,9,0.0,0.9707253433941511,0.9806790827122713,ORIGINAL
607,0,0.0,,0.921781301480306,ORIGINAL
607,1,0.0,0.8660254037844387,0.921781301480306,ORIGINAL
607,2,0.0,0.9428090415820635,0.8440423910790914,ORIGINAL
607,3,0.0,0.8164965809277259,0.8596753009315394,ORIGINAL
607,4,0.0,0.9058216273156767,0.921781301480306,ORIGINAL
607,5,0.0,0.9594032236002469,0.921781301480306,ORIGINAL
607,6,0.0,0.40451991747794525,0.9099308155494368,ORIGINAL
607,7,0.0,,0.921781301480306,ORIGINAL
607,8,0.0,0.8333333333333335,0.921781301480306,ORIGINAL
607,9,0.0,0.944911182523068,0.921781301480306,ORIGINAL
608,0,0.0,-0.45226701686664544,0.9583167096761601,ORIGINAL
608,1,0.0,-0.7071067811865476,0.9583167096761601,ORIGINAL
608,2,0.0,0.25354627641855493,0.937786023836969,ORIGINAL
608,3,0.0,-0.08058229640253803,0.972838427285778,ORIGINAL
608,4,0.0,-0.5962847939999439,0.9583167096761601,ORIGINAL
608,5,0.0,-0.2581988897471611,0.9583167096761601,ORIGINAL
608,6,0.0,0.3779644730092272,0.9258790277634055,ORIGINAL
608,7,0.0,-0.4999999999999999,0.9583167096761601,ORIGINAL
608,8,0.0,-0.6666666666666666,0.9583167096761601,ORIGINAL
608,9,0.0,,0.9583167096761601,ORIGINAL
609,0,0.0,,0.9456603529213958,ORIGINAL
609,1,0.0,0.9486832980505138,0.9456603529213958,ORIGINAL
609,2,0.0,0.9166666666666669,0.9446835750235598,ORIGINAL
609,3,0.0,0.9354143466934854,0.9603054975371861,ORIGINAL
609,4,0.0,0.9230769230769232,0.9456603529213958,ORIGINAL
609,5,0.0,0.9432422182837986,0.9456603529213958,ORIGINAL
609,6,0.0,0.5855400437691198,0.9683544851511817,ORIGINAL
609,7,0.0,,0.9456603529213958,ORIGINAL
609,8,0.0,,0.9456603529213958,ORIGINAL
609,9,0.0,1.0000000000000002,0.9456603529213958,ORIGINAL
610,0,0.0,,0.9246351728232438,ORIGINAL
610,1,0.0,,0.9246351728232438,ORIGINAL
610,2,0.0,,0.9390073854089582,ORIGINAL
610,3,0.0,,0.9530605252878185,ORIGINAL
610,4,0.0,,0.9246351728232438,ORIGINAL
610,5,0.0,,0.9246351728232438,ORIGINAL
610,6,0.0,,0.9144329239460168,ORIGINAL
610,7,0.0,,0.9246351728232438,ORIGINAL
610,8,0.0,,0.9246351728232438,ORIGINAL
610,9,0.0,,0.9246351728232438,ORIGINAL
611,0,0.0,0.8164965809277259,0.9711339617538268,ORIGINAL
611,1,0.0,0.9999999999999999,0.9711339617538268,ORIGINAL
611,2,0.0,0.9428090415820635,0.9418732652446242,ORIGINAL
611,3,0.0,0.9045340337332909,0.9184574392903175,ORIGINAL
611,4,0.0,0.9428090415820635,0.9711339617538268,ORIGINAL
611,5,0.0,0.9999999999999998,0.9711339617538268,ORIGINAL
611,6,0.0,0.6324555320336759,0.9731518655736487,ORIGINAL
611,7,0.0,0.9622504486493763,0.9711339617538268,ORIGINAL
611,8,0.0,0.9538209664765318,0.9711339617538268,ORIGINAL
611,9,0.0,0.9438798074485389,0.9711339617538268,ORIGINAL
612,0,0.0,,0.9594009328812378,ORIGINAL
612,1,0.0,0.9428090415820635,0.9594009328812378,ORIGINAL
612,2,0.0,0.8888888888888888,0.9838151393703386,ORIGINAL
612,3,0.0,0.9432422182837986,0.9455680645783914,ORIGINAL
612,4,0.0,0.9449111825230682,0.9594009328812378,ORIGINAL
612,5,0.0,0.9467292624062573,0.9594009328812378,ORIGINAL
612,6,0.0,0.5833333333333334,0.9765368565225633,ORIGINAL
612,7,0.0,0.8666666666666666,0.9594009328812378,ORIGINAL
612,8,0.0,0.8819171036881969,0.9594009328812378,ORIGINAL
612,9,0.0,0.9525793444156805,0.9594009328812378,ORIGINAL
613,0,0.0,,0.9824636481796526,ORIGINAL
613,1,0.0,,0.9824636481796526,ORIGINAL
613,2,0.0,,0.9373812375584477,ORIGINAL
613,3,0.0,0.9594032236002469,0.9051753866614726,ORIGINAL
613,4,0.0,,0.9824636481796526,ORIGINAL
613,5,0.0,0.9486832980505138,0.9824636481796526,ORIGINAL
613,6,0.0,,0.9655410100448671,ORIGINAL
613,7,0.0,0.8164965809277261,0.9824636481796526,ORIGINAL
613,8,0.0,,0.9824636481796526,ORIGINAL
613,9,0.0,,0.9824636481796526,ORIGINAL
614,0,0.0,,,ORIGINAL
614,1,0.0,,,ORIGINAL
614,2,0.0,1.0000000000000002,,ORIGINAL
614,3,0.0,0.944911182523068,,ORIGINAL
614,4,0.0,0.9561828874675149,,ORIGINAL
614,5,0.0,0.944911182523068,,ORIGINAL
614,6,0.0,0.674199862463242,,ORIGINAL
614,7,0.0,,,ORIGINAL
614,8,0.0,,,ORIGINAL
614,9,0.0,,,ORIGINAL
615,0,0.0,,1.0,ORIGINAL
615,1,0.0,0.9622504486493763,1.0,ORIGINAL
615,2,0.0,0.8333333333333335,0.9633150259944552,ORIGINAL
615,3,0.0,0.7925939239012171,0.9478675140998328,ORIGINAL
615,4,0.0,,1.0,ORIGINAL
615,5,0.0,0.8006407690254358,1.0,ORIGINAL
615,6,0.0,,0.9646784562203947,ORIGINAL
615,7,0.0,,1.0,ORIGINAL
615,8,0.0,,1.0,ORIGINAL
615,9,0.0,,1.0,ORIGINAL
616,0,0.0,,1.0,ORIGINAL
616,1,0.0,,1.0,ORIGINAL
616,2,0.0,,0.9633150259944552,ORIGINAL
616,3,0.0,0.944911182523068,0.9478675140998328,ORIGINAL
616,4,0.0,,1.0,ORIGINAL
616,5,0.0,,1.0,ORIGINAL
616,6,0.0,0.0,0.9646784562203947,ORIGINAL
616,7,0.0,,1.0,ORIGINAL
616,8,0.0,,1.0,ORIGINAL
616,9,0.0,,1.0,ORIGINAL
617,0,0.0,,0.9351398090863341,ORIGINAL
617,1,0.0,,0.9351398090863341,ORIGINAL
617,2,0.0,,0.8567595659020111,ORIGINAL
617,3,0.0,0.8164965809277261,0.8522173063432165,ORIGINAL
617,4,0.0,,0.9351398090863341,ORIGINAL
617,5,0.0,0.7071067811865475,0.9351398090863341,ORIGINAL
617,6,0.0,,0.931134825102887,ORIGINAL
617,7,0.0,0.9428090415820632,0.9351398090863341,ORIGINAL
617,8,0.0,0.3333333333333333,0.9351398090863341,ORIGINAL
617,9,0.0,,0.9351398090863341,ORIGINAL
618,0,0.0,,0.9351398082922026,ORIGINAL
618,1,0.0,,0.9351398082922026,ORIGINAL
618,2,0.0,,0.8567595595876645,ORIGINAL
618,3,0.0,0.9561828874675149,0.8522172981651709,ORIGINAL
618,4,0.0,0.8366600265340756,0.9351398082922026,ORIGINAL
618,5,0.0,0.8660254037844387,0.9351398082922026,ORIGINAL
618,6,0.0,0.40824829046386296,0.9311348229638604,ORIGINAL
618,7,0.0,,0.9351398082922026,ORIGINAL
618,8,0.0,,0.9351398082922026,ORIGINAL
618,9,0.0,,0.9351398082922026,ORIGINAL
619,0,0.0,,1.0,ORIGINAL
619,1,0.0,1.0000000000000002,1.0,ORIGINAL
619,2,0.0,,0.9633150259944552,ORIGINAL
619,3,0.0,0.9486832980505138,0.9478675140998328,ORIGINAL
619,4,0.0,1.0000000000000002,1.0,ORIGINAL
619,5,0.0,0.9999999999999998,1.0,ORIGINAL
619,6,0.0,0.7745966692414834,0.9646784562203947,ORIGINAL
619,7,0.0,,1.0,ORIGINAL
619,8,0.0,,1.0,ORIGINAL
619,9,0.0,1.0000000000000002,1.0,ORIGINAL
620,0,0.0,,0.9794193477973404,ORIGINAL
620,1,0.0,,0.9794193477973404,ORIGINAL
620,2,0.0,,0.929237611972798,ORIGINAL
620,3,0.0,1.0,0.8954618932272974,ORIGINAL
620,4,0.0,,0.9794193477973404,ORIGINAL
620,5,0.0,0.9999999999999998,0.9794193477973404,ORIGINAL
620,6,0.0,,0.9659286553171109,ORIGINAL
620,7,0.0,,0.9794193477973404,ORIGINAL
620,8,0.0,0.9486832980505138,0.9794193477973404,ORIGINAL
620,9,0.0,,0.9794193477973404,ORIGINAL
621,0,0.0,,0.9217009214987615,ORIGINAL
621,1,0.0,0.9486832980505138,0.9217009214987615,ORIGINAL
621,2,0.0,,0.9351703439385569,ORIGINAL
621,3,0.0,0.9428090415820635,0.9163374809476683,ORIGINAL
621,4,0.0,0.9622504486493763,0.9217009214987615,ORIGINAL
621,5,0.0,,0.9217009214987615,ORIGINAL
621,6,0.0,0.8164965809277261,0.9448535572450507,ORIGINAL
621,7,0.0,,0.9217009214987615,ORIGINAL
621,8,0.0,,0.9217009214987615,ORIGINAL
621,9,0.0,0.9525793444156805,0.9217009214987615,ORIGINAL
622,0,0.0,,0.9528772578999964,ORIGINAL
622,1,0.0,,0.9528772578999964,ORIGINAL
622,2,0.0,,0.8862136982368001,ORIGINAL
622,3,0.0,,0.8652361823140664,ORIGINAL
622,4,0.0,,0.9528772578999964,ORIGINAL
622,5,0.0,1.0000000000000002,0.9528772578999964,ORIGINAL
622,6,0.0,0.9428090415820635,0.950676317163076,ORIGINAL
622,7,0.0,,0.9528772578999964,ORIGINAL
622,8,0.0,,0.9528772578999964,ORIGINAL
622,9,0.0,,0.9528772578999964,ORIGINAL
623,0,0.0,,0.9865432291009868,ORIGINAL
623,1,0.0,0.8164965809277259,0.9865432291009868,ORIGINAL
623,2,0.0,0.6172133998483676,0.946452462077083,ORIGINAL
623,3,0.0,0.9045340337332909,0.9288382417506102,ORIGINAL
623,4,0.0,,0.9865432291009868,ORIGINAL
623,5,0.0,0.7071067811865475,0.9865432291009868,ORIGINAL
623,6,0.0,,0.9560412601772939,ORIGINAL
623,7,0.0,,0.9865432291009868,ORIGINAL
623,8,0.0,,0.9865432291009868,ORIGINAL
623,9,0.0,0.7071067811865475,0.9865432291009868,ORIGINAL
624,0,0.0,,0.9547094745276156,ORIGINAL
624,1,0.0,0.9428090415820635,0.9547094745276156,ORIGINAL
624,2,0.0,,0.9773974150166507,ORIGINAL
624,3,0.0,0.9525793444156805,0.9866204943948284,ORIGINAL
624,4,0.0,,0.9547094745276156,ORIGINAL
624,5,0.0,,0.9547094745276156,ORIGINAL
624,6,0.0,,0.963900051850893,ORIGINAL
624,7,0.0,,0.9547094745276156,ORIGINAL
624,8,0.0,0.8164965809277261,0.9547094745276156,ORIGINAL
624,9,0.0,,0.9547094745276156,ORIGINAL
625,0,0.0,0.28867513459481287,0.9611205894334732,ORIGINAL
625,1,0.0,0.8386278693775346,0.9611205894334732,ORIGINAL
625,2,0.0,0.48795003647426655,0.9521660201148179,ORIGINAL
625,3,0.0,0.6668859288553501,0.9352301620915747,ORIGINAL
625,4,0.0,0.9428090415820635,0.9611205894334732,ORIGINAL
625,5,0.0,1.0000000000000002,0.9611205894334732,ORIGINAL
625,6,0.0,0.5345224838248487,0.9665349424714982,ORIGINAL
625,7,0.0,,0.9611205894334732,ORIGINAL
625,8,0.0,,0.9611205894334732,ORIGINAL
625,9,0.0,0.6324555320336759,0.9611205894334732,ORIGINAL
626,0,0.0,,1.0,ORIGINAL
626,1,0.0,0.944911182523068,1.0,ORIGINAL
626,2,0.0,,0.9633150259944552,ORIGINAL
626,3,0.0,0.7637626158259734,0.9478675140998328,ORIGINAL
626,4,0.0,,1.0,ORIGINAL
626,5,0.0,0.9707253433941511,1.0,ORIGINAL
626,6,0.0,0.2672612419124244,0.9646784562203947,ORIGINAL
626,7,0.0,0.9525793444156805,1.0,ORIGINAL
626,8,0.0,0.9428090415820635,1.0,ORIGINAL
626,9,0.0,0.8944271909999159,1.0,ORIGINAL
627,0,0.0,1.0,1.0,ORIGINAL
627,1,0.0,0.9999999999999998,1.0,ORIGINAL
627,2,0.0,0.9045340337332909,0.9633150259944552,ORIGINAL
627,3,0.0,0.7648661601319408,0.9478675140998328,ORIGINAL
627,4,0.0,0.6390096504226938,1.0,ORIGINAL
627,5,0.0,0.8703882797784892,1.0,ORIGINAL
627,6,0.0,0.686406472983644,0.9646784562203947,ORIGINAL
627,7,0.0,0.9707253433941511,1.0,ORIGINAL
627,8,0.0,0.9561828874675149,1.0,ORIGINAL
627,9,0.0,0.7745966692414834,1.0,ORIGINAL
628,0,0.0,1.0000000000000002,0.9787128262576937,ORIGINAL
628,1,0.0,,0.9787128262576937,ORIGINAL
628,2,0.0,,0.9352165820534446,ORIGINAL
628,3,0.0,0.7745966692414834,0.9507984093464296,ORIGINAL
628,4,0.0,,0.9787128262576937,ORIGINAL
628,5,0.0,,0.9787128262576937,ORIGINAL
628,6,0.0,,0.9503441910853968,ORIGINAL
628,7,0.0,,0.9787128262576937,ORIGINAL
628,8,0.0,,0.9787128262576937,ORIGINAL
628,9,0.0,,0.9787128262576937,ORIGINAL
629,0,0.0,,0.9471904310983514,ORIGINAL
629,1,0.0,0.7499999999999999,0.9471904310983514,ORIGINAL
629,2,0.0,0.944911182523068,0.9744499134770355,ORIGINAL
629,3,0.0,0.8528028654224419,0.9590620043917518,ORIGINAL
629,4,0.0,0.8728715609439696,0.9471904310983514,ORIGINAL
629,5,0.0,,0.9471904310983514,ORIGINAL
629,6,0.0,0.16666666666666666,0.9287918814548854,ORIGINAL
629,7,0.0,,0.9471904310983514,ORIGINAL
629,8,0.0,,0.9471904310983514,ORIGINAL
629,9,0.0,0.9128709291752769,0.9471904310983514,ORIGINAL
630,0,0.0,,0.9639813090602825,ORIGINAL
630,1,0.0,1.0000000000000002,0.9639813090602825,ORIGINAL
630,2,0.0,0.944911182523068,0.9054516358322072,ORIGINAL
630,3,0.0,0.9525793444156805,0.8676103618583129,ORIGINAL
630,4,0.0,,0.9639813090602825,ORIGINAL
630,5,0.0,1.0,0.9639813090602825,ORIGINAL
630,6,0.0,0.2581988897471611,0.9485264289890388,ORIGINAL
630,7,0.0,,0.9639813090602825,ORIGINAL
630,8,0.0,,0.9639813090602825,ORIGINAL
630,9,0.0,,0.9639813090602825,ORIGINAL
631,0,0.0,,0.9794193452299179,ORIGINAL
631,1,0.0,,0.9794193452299179,ORIGINAL
631,2,0.0,0.7071067811865475,0.9292376079930936,ORIGINAL
631,3,0.0,0.8838834764831843,0.8954618878103693,ORIGINAL
631,4,0.0,,0.9794193452299179,ORIGINAL
631,5,0.0,1.0000000000000002,0.9794193452299179,ORIGINAL
631,6,0.0,,0.9659286532579697,ORIGINAL
631,7,0.0,,0.9794193452299179,ORIGINAL
631,8,0.0,0.9486832980505138,0.9794193452299179,ORIGINAL
631,9,0.0,,0.9794193452299179,ORIGINAL
632,0,0.0,,0.967374227367874,ORIGINAL
632,1,0.0,,0.967374227367874,ORIGINAL
632,2,0.0,0.9622504486493763,0.9184183488281173,ORIGINAL
632,3,0.0,0.9285714285714286,0.9081496881593558,ORIGINAL
632,4,0.0,0.7745966692414834,0.967374227367874,ORIGINAL
632,5,0.0,0.8164965809277259,0.967374227367874,ORIGINAL
632,6,0.0,,0.9716392067023052,ORIGINAL
632,7,0.0,,0.967374227367874,ORIGINAL
632,8,0.0,,0.967374227367874,ORIGINAL
632,9,0.0,,0.967374227367874,ORIGINAL
633,0,0.0,,0.9818253477149664,ORIGINAL
633,1,0.0,0.9428090415820635,0.9818253477149664,ORIGINAL
633,2,0.0,0.8333333333333334,0.9722461298503079,ORIGINAL
633,3,0.0,0.8908708063747479,0.9490861264360255,ORIGINAL
633,4,0.0,,0.9818253477149664,ORIGINAL
633,5,0.0,0.9561828874675149,0.9818253477149664,ORIGINAL
633,6,0.0,0.769800358919501,0.9622221217114552,ORIGINAL
633,7,0.0,0.9622504486493763,0.9818253477149664,ORIGINAL
633,8,0.0,0.8333333333333335,0.9818253477149664,ORIGINAL
633,9,0.0,0.9058216273156767,0.9818253477149664,ORIGINAL
634,0,0.0,,0.964678458555335,ORIGINAL
634,1,0.0,0.9561828874675149,0.964678458555335,ORIGINAL
634,2,0.0,0.9622504486493763,0.965834604492053,ORIGINAL
634,3,0.0,0.9460998335825321,0.9413488713238006,ORIGINAL
634,4,0.0,0.9438798074485389,0.964678458555335,ORIGINAL
634,5,0.0,0.9538209664765318,0.964678458555335,ORIGINAL
634,6,0.0,,0.9999999999999974,ORIGINAL
634,7,0.0,,0.964678458555335,ORIGINAL
634,8,0.0,,0.964678458555335,ORIGINAL
634,9,0.0,1.0000000000000002,0.964678458555335,ORIGINAL
635,0,0.0,,0.9528772567385477,ORIGINAL
635,1,0.0,0.8888888888888888,0.9528772567385477,ORIGINAL
635,2,0.0,0.944911182523068,0.8862137006668358,ORIGINAL
635,3,0.0,0.9538209664765318,0.865236184293315,ORIGINAL
635,4,0.0,0.9525793444156805,0.9528772567385477,ORIGINAL
635,5,0.0,0.9525793444156805,0.9528772567385477,ORIGINAL
635,6,0.0,0.7302967433402214,0.9506763180030859,ORIGINAL
635,7,0.0,0.9428090415820635,0.9528772567385477,ORIGINAL
635,8,0.0,0.8164965809277261,0.9528772567385477,ORIGINAL
635,9,0.0,0.9525793444156805,0.9528772567385477,ORIGINAL
636,0,0.0,,0.9824636492987208,ORIGINAL
636,1,0.0,1.0,0.9824636492987208,ORIGINAL
636,2,0.0,0.8164965809277261,0.9373812376983589,ORIGINAL
636,3,0.0,0.8528028654224417,0.9051753863583857,ORIGINAL
636,4,0.0,,0.9824636492987208,ORIGINAL
636,5,0.0,0.9999999999999998,0.9824636492987208,ORIGINAL
636,6,0.0,0.8451542547285165,0.9655410097462167,ORIGINAL
636,7,0.0,0.944911182523068,0.9824636492987208,ORIGINAL
636,8,0.0,0.9428090415820635,0.9824636492987208,ORIGINAL
636,9,0.0,0.8728715609439694,0.9824636492987208,ORIGINAL
637,0,0.0,,0.962720391122974,ORIGINAL
637,1,0.0,0.8485281374238569,0.962720391122974,ORIGINAL
637,2,0.0,0.8660254037844387,0.9658798425192888,ORIGINAL
637,3,0.0,0.9045340337332909,0.9222827436858662,ORIGINAL
637,4,0.0,0.7453559924999299,0.962720391122974,ORIGINAL
637,5,0.0,0.9486832980505138,0.962720391122974,ORIGINAL
637,6,0.0,0.6210590034081188,0.976814604128465,ORIGINAL
637,7,0.0,0.7826237921249264,0.962720391122974,ORIGINAL
637,8,0.0,,0.962720391122974,ORIGINAL
637,9,0.0,0.9707253433941511,0.962720391122974,ORIGINAL
638,0,0.0,,0.9806790827661879,ORIGINAL
638,1,0.0,,0.9806790827661879,ORIGINAL
638,2,0.0,,0.9341955267774809,ORIGINAL
638,3,0.0,0.944911182523068,0.9453174431026593,ORIGINAL
638,4,0.0,,0.9806790827661879,ORIGINAL
638,5,0.0,,0.9806790827661879,ORIGINAL
638,6,0.0,0.9428090415820635,0.9561958142172547,ORIGINAL
638,7,0.0,,0.9806790827661879,ORIGINAL
638,8,0.0,,0.9806790827661879,ORIGINAL
638,9,0.0,0.8164965809277261,0.9806790827661879,ORIGINAL
639,0,0.0,,1.0,ORIGINAL
639,1,0.0,,1.0,ORIGINAL
639,2,0.0,0.9428090415820635,0.9633150259944552,ORIGINAL
639,3,0.0,0.9428090415820635,0.9478675140998328,ORIGINAL
639,4,0.0,,1.0,ORIGINAL
639,5,0.0,,1.0,ORIGINAL
639,6,0.0,,0.9646784562203947,ORIGINAL
639,7,0.0,,1.0,ORIGINAL
639,8,0.0,,1.0,ORIGINAL
639,9,0.0,,1.0,ORIGINAL
640,0,0.0,,0.9120722197783447,ORIGINAL
640,1,0.0,,0.9120722197783447,ORIGINAL
640,2,0.0,,0.9653767795556012,ORIGINAL
640,3,0.0,,0.9428024710607594,ORIGINAL
640,4,0.0,,0.9120722197783447,ORIGINAL
640,5,0.0,,0.9120722197783447,ORIGINAL
640,6,0.0,,0.9455824369590816,ORIGINAL
640,7,0.0,,0.9120722197783447,ORIGINAL
640,8,0.0,,0.9120722197783447,ORIGINAL
640,9,0.0,,0.9120722197783447,ORIGINAL
641,0,0.0,0.7826237921249264,0.9794193462367038,ORIGINAL
641,1,0.0,0.7715167498104595,0.9794193462367038,ORIGINAL
641,2,0.0,0.7499999999999999,0.9292376091175674,ORIGINAL
641,3,0.0,0.6154574548966638,0.8954618908937972,ORIGINAL
641,4,0.0,,0.9794193462367038,ORIGINAL
641,5,0.0,0.8164965809277259,0.9794193462367038,ORIGINAL
641,6,0.0,,0.9659286568155373,ORIGINAL
641,7,0.0,,0.9794193462367038,ORIGINAL
641,8,0.0,,0.9794193462367038,ORIGINAL
641,9,0.0,0.7499999999999999,0.9794193462367038,ORIGINAL
642,0,0.0,0.9525793444156805,0.9806790833971396,ORIGINAL
642,1,0.0,1.0,0.9806790833971396,ORIGINAL
642,2,0.0,0.4082482904638631,0.9341955283107599,ORIGINAL
642,3,0.0,0.24999999999999994,0.9453174455349815,ORIGINAL
642,4,0.0,-0.10846522890932808,0.9806790833971396,ORIGINAL
642,5,0.0,0.14285714285714285,0.9806790833971396,ORIGINAL
642,6,0.0,0.5070925528371099,0.9561958140464701,ORIGINAL
642,7,0.0,0.23570226039551587,0.9806790833971396,ORIGINAL
642,8,0.0,-0.19245008972987526,0.9806790833971396,ORIGINAL
642,9,0.0,0.9561828874675149,0.9806790833971396,ORIGINAL
643,0,0.0,,0.9794193496069241,ORIGINAL
643,1,0.0,0.9036961141150639,0.9794193496069241,ORIGINAL
643,2,0.0,0.9101820546182064,0.9292376125602791,ORIGINAL
643,3,0.0,0.900937462695559,0.8954618939681076,ORIGINAL
643,4,0.0,0.8563488385776753,0.9794193496069241,ORIGINAL
643,5,0.0,0.8944271909999159,0.9794193496069241,ORIGINAL
643,6,0.0,0.45883146774112343,0.9659286556665522,ORIGINAL
643,7,0.0,0.9647638212377322,0.9794193496069241,ORIGINAL
643,8,0.0,0.9128709291752769,0.9794193496069241,ORIGINAL
643,9,0.0,0.9737289911202953,0.9794193496069241,ORIGINAL
644,0,0.0,,0.964233471141914,ORIGINAL
644,1,0.0,1.0000000000000002,0.964233471141914,ORIGINAL
644,2,0.0,0.944911182523068,0.899975665983202,ORIGINAL
644,3,0.0,0.9525793444156805,0.8844950997023633,ORIGINAL
644,4,0.0,,0.964233471141914,ORIGINAL
644,5,0.0,1.0,0.964233471141914,ORIGINAL
644,6,0.0,0.2886751345948129,0.9477819166900081,ORIGINAL
644,7,0.0,,0.964233471141914,ORIGINAL
644,8,0.0,,0.964233471141914,ORIGINAL
644,9,0.0,,0.964233471141914,ORIGINAL
645,0,0.0,,1.0,ORIGINAL
645,1,0.0,0.9428090415820635,1.0,ORIGINAL
645,2,0.0,0.9622504486493763,0.9633150259944552,ORIGINAL
645,3,0.0,0.7833494518006403,0.9478675140998328,ORIGINAL
645,4,0.0,0.9431191251430151,1.0,ORIGINAL
645,5,0.0,0.8280786712108251,1.0,ORIGINAL
645,6,0.0,0.8703882797784892,0.9646784562203947,ORIGINAL
645,7,0.0,0.8864052604279183,1.0,ORIGINAL
645,8,0.0,0.9431191251430151,1.0,ORIGINAL
645,9,0.0,0.9594032236002469,1.0,ORIGINAL
646,0,0.0,,1.0,ORIGINAL
646,1,0.0,0.9428090415820635,1.0,ORIGINAL
646,2,0.0,,0.9633150259944552,ORIGINAL
646,3,0.0,0.8164965809277261,0.9478675140998328,ORIGINAL
646,4,0.0,,1.0,ORIGINAL
646,5,0.0,0.9428090415820635,1.0,ORIGINAL
646,6,0.0,0.7745966692414834,0.9646784562203947,ORIGINAL
646,7,0.0,,1.0,ORIGINAL
646,8,0.0,,1.0,ORIGINAL
646,9,0.0,0.9428090415820635,1.0,ORIGINAL
647,0,0.0,0.9428090415820635,0.964678458555335,ORIGINAL
647,1,0.0,0.9428090415820635,0.964678458555335,ORIGINAL
647,2,0.0,0.9737289911202953,0.965834604492053,ORIGINAL
647,3,0.0,0.9215122259681071,0.9413488713238006,ORIGINAL
647,4,0.0,0.8916451401205646,0.964678458555335,ORIGINAL
647,5,0.0,0.9049228966693288,0.964678458555335,ORIGINAL
647,6,0.0,0.447213595499958,0.9999999999999974,ORIGINAL
647,7,0.0,0.9525793444156805,0.964678458555335,ORIGINAL
647,8,0.0,0.9007546982220901,0.964678458555335,ORIGINAL
647,9,0.0,0.8888888888888891,0.964678458555335,ORIGINAL
648,0,0.0,,0.9483767879281998,ORIGINAL
648,1,0.0,,0.9483767879281998,ORIGINAL
648,2,0.0,0.9999999999999998,0.9031681516848659,ORIGINAL
648,3,0.0,0.8717797887081347,0.8805111908441153,ORIGINAL
648,4,0.0,,0.9483767879281998,ORIGINAL
648,5,0.0,0.9622504486493763,0.9483767879281998,ORIGINAL
648,6,0.0,0.40824829046386296,0.9710555762410492,ORIGINAL
648,7,0.0,,0.9483767879281998,ORIGINAL
648,8,0.0,,0.9483767879281998,ORIGINAL
648,9,0.0,,0.9483767879281998,ORIGINAL
649,0,0.0,-0.3333333333333333,0.9794193475588376,ORIGINAL
649,1,0.0,,0.9794193475588376,ORIGINAL
649,2,0.0,,0.9292376085131075,ORIGINAL
649,3,0.0,,0.8954618886099074,ORIGINAL
649,4,0.0,,0.9794193475588376,ORIGINAL
649,5,0.0,,0.9794193475588376,ORIGINAL
649,6,0.0,,0.9659286521937986,ORIGINAL
649,7,0.0,,0.9794193475588376,ORIGINAL
649,8,0.0,,0.9794193475588376,ORIGINAL
649,9,0.0,,0.9794193475588376,ORIGINAL
650,0,0.0,,0.9120722197783447,ORIGINAL
650,1,0.0,,0.9120722197783447,ORIGINAL
650,2,0.0,,0.9653767795556012,ORIGINAL
650,3,0.0,-0.37499999999999994,0.9428024710607594,ORIGINAL
650,4,0.0,-0.19245008972987526,0.9120722197783447,ORIGINAL
650,5,0.0,-0.7717436331412897,0.9120722197783447,ORIGINAL
650,6,0.0,0.1259881576697424,0.9455824369590816,ORIGINAL
650,7,0.0,,0.9120722197783447,ORIGINAL
650,8,0.0,,0.9120722197783447,ORIGINAL
650,9,0.0,-0.3999999999999999,0.9120722197783447,ORIGINAL
651,0,0.0,,0.9471904310983514,ORIGINAL
651,1,0.0,,0.9471904310983514,ORIGINAL
651,2,0.0,0.9561828874675149,0.9744499134770355,ORIGINAL
651,3,0.0,0.9166666666666669,0.9590620043917518,ORIGINAL
651,4,0.0,0.9622504486493763,0.9471904310983514,ORIGINAL
651,5,0.0,0.9525793444156805,0.9471904310983514,ORIGINAL
651,6,0.0,1.0000000000000002,0.9287918814548854,ORIGINAL
651,7,0.0,,0.9471904310983514,ORIGINAL
651,8,0.0,0.9622504486493763,0.9471904310983514,ORIGINAL
651,9,0.0,,0.9471904310983514,ORIGINAL
652,0,0.0,,0.9545005813135693,ORIGINAL
652,1,0.0,0.9438798074485389,0.9545005813135693,ORIGINAL
652,2,0.0,0.8677218312746247,0.8965726495809305,ORIGINAL
652,3,0.0,0.8666666666666667,0.911733525129955,ORIGINAL
652,4,0.0,0.857142857142857,0.9545005813135693,ORIGINAL
652,5,0.0,0.9561828874675149,0.9545005813135693,ORIGINAL
652,6,0.0,0.45643546458763845,0.9422929887194212,ORIGINAL
652,7,0.0,,0.9545005813135693,ORIGINAL
652,8,0.0,,0.9545005813135693,ORIGINAL
652,9,0.0,0.9428090415820635,0.9545005813135693,ORIGINAL
653,0,0.0,,0.9734363214507032,ORIGINAL
653,1,0.0,0.9486832980505138,0.9734363214507032,ORIGINAL
653,2,0.0,,0.9372873897695143,ORIGINAL
653,3,0.0,1.0,0.9593459940786431,ORIGINAL
653,4,0.0,0.9434563530497265,0.9734363214507032,ORIGINAL
653,5,0.0,0.9428090415820635,0.9734363214507032,ORIGINAL
653,6,0.0,0.6390096504226938,0.9352360575243936,ORIGINAL
653,7,0.0,,0.9734363214507032,ORIGINAL
653,8,0.0,,0.9734363214507032,ORIGINAL
653,9,0.0,0.9434563530497265,0.9734363214507032,ORIGINAL
654,0,0.0,,0.9246351710412715,ORIGINAL
654,1,0.0,0.8164965809277259,0.9246351710412715,ORIGINAL
654,2,0.0,0.4714045207910316,0.9390073849741115,ORIGINAL
654,3,0.0,0.5715476066494082,0.9530605257253851,ORIGINAL
654,4,0.0,,0.9246351710412715,ORIGINAL
654,5,0.0,,0.9246351710412715,ORIGINAL
654,6,0.0,,0.9144329226503536,ORIGINAL
654,7,0.0,,0.9246351710412715,ORIGINAL
654,8,0.0,0.6546536707079772,0.9246351710412715,ORIGINAL
654,9,0.0,,0.9246351710412715,ORIGINAL
655,0,0.0,,1.0,ORIGINAL
655,1,0.0,,1.0,ORIGINAL
655,2,0.0,,0.9633150259944552,ORIGINAL
655,3,0.0,0.7071067811865475,0.9478675140998328,ORIGINAL
655,4,0.0,0.6666666666666666,1.0,ORIGINAL
655,5,0.0,0.5773502691896258,1.0,ORIGINAL
655,6,0.0,,0.9646784562203947,ORIGINAL
655,7,0.0,,1.0,ORIGINAL
655,8,0.0,,1.0,ORIGINAL
655,9,0.0,0.6666666666666666,1.0,ORIGINAL
656,0,0.0,,0.9633150259944552,ORIGINAL
656,1,0.0,,0.9633150259944552,ORIGINAL
656,2,0.0,,0.9999999999999993,ORIGINAL
656,3,0.0,,0.9777320874553711,ORIGINAL
656,4,0.0,,0.9633150259944552,ORIGINAL
656,5,0.0,,0.9633150259944552,ORIGINAL
656,6,0.0,,0.9658346052796958,ORIGINAL
656,7,0.0,,0.9633150259944552,ORIGINAL
656,8,0.0,,0.9633150259944552,ORIGINAL
656,9,0.0,,0.9633150259944552,ORIGINAL
657,0,0.0,,1.0,ORIGINAL
657,1,0.0,0.8749999999999998,1.0,ORIGINAL
657,2,0.0,0.9045340337332908,0.9633150259944552,ORIGINAL
657,3,0.0,0.9237604307034012,0.9478675140998328,ORIGINAL
657,4,0.0,0.9431191251430151,1.0,ORIGINAL
657,5,0.0,0.9091372900969896,1.0,ORIGINAL
657,6,0.0,0.16317848796612636,0.9646784562203947,ORIGINAL
657,7,0.0,,1.0,ORIGINAL
657,8,0.0,0.8504200642707612,1.0,ORIGINAL
657,9,0.0,0.8660254037844387,1.0,ORIGINAL
658,549,0.9,,,ORIGINAL
658,739,0.9,,,ORIGINAL
658,0,0.0,,1.0,ORIGINAL
658,1,0.0,,1.0,ORIGINAL
658,2,0.0,,0.9633150259944552,ORIGINAL
658,3,0.0,,0.9478675140998328,ORIGINAL
658,4,0.0,,1.0,ORIGINAL
658,5,0.0,,1.0,ORIGINAL
658,6,0.0,,0.9646784562203947,ORIGINAL
658,7,0.0,,1.0,ORIGINAL
659,0,0.0,1.0000000000000002,0.9699713572266225,ORIGINAL
659,1,0.0,0.19999999999999996,0.9699713572266225,ORIGINAL
659,2,0.0,0.1348399724926484,0.9059825079395406,ORIGINAL
659,3,0.0,-0.30743773095067284,0.8860247116862109,ORIGINAL
659,4,0.0,-0.34341479757995447,0.9699713572266225,ORIGINAL
659,5,0.0,-0.10660035817780521,0.9699713572266225,ORIGINAL
659,6,0.0,-0.5439282932204212,0.9660512382337655,ORIGINAL
659,7,0.0,0.5640760748177662,0.9699713572266225,ORIGINAL
659,8,0.0,-0.6818181818181818,0.9699713572266225,ORIGINAL
659,9,0.0,0.42857142857142855,0.9699713572266225,ORIGINAL
660,0,0.0,,0.9794193477973404,ORIGINAL
660,1,0.0,0.10482848367219183,0.9794193477973404,ORIGINAL
660,2,0.0,0.8888888888888888,0.929237611972798,ORIGINAL
660,3,0.0,-0.037267799624996496,0.8954618932272974,ORIGINAL
660,4,0.0,0.11846977555181847,0.9794193477973404,ORIGINAL
660,5,0.0,0.5330017908890261,0.9794193477973404,ORIGINAL
660,6,0.0,-0.22360679774997896,0.9659286553171109,ORIGINAL
660,7,0.0,0.0,0.9794193477973404,ORIGINAL
660,8,0.0,-0.13483997249264842,0.9794193477973404,ORIGINAL
660,9,0.0,0.25724787771376323,0.9794193477973404,ORIGINAL
661,0,0.0,,0.9586603578412521,ORIGINAL
661,1,0.0,,0.9586603578412521,ORIGINAL
661,2,0.0,,0.9196070000613208,ORIGINAL
661,3,0.0,0.4714045207910316,0.9380603678845636,ORIGINAL
661,4,0.0,,0.9586603578412521,ORIGINAL
661,5,0.0,0.8944271909999159,0.9586603578412521,ORIGINAL
661,6,0.0,,0.9511655553061549,ORIGINAL
661,7,0.0,,0.9586603578412521,ORIGINAL
661,8,0.0,0.7071067811865475,0.9586603578412521,ORIGINAL
661,9,0.0,0.9428090415820632,0.9586603578412521,ORIGINAL
662,0,0.0,0.4082482904638631,1.0,ORIGINAL
662,1,0.0,0.8838834764831843,1.0,ORIGINAL
662,2,0.0,0.9058216273156767,0.9633150259944552,ORIGINAL
662,3,0.0,0.795495128834866,0.9478675140998328,ORIGINAL
662,4,0.0,,1.0,ORIGINAL
662,5,0.0,0.8164965809277261,1.0,ORIGINAL
662,6,0.0,0.5163977794943222,0.9646784562203947,ORIGINAL
662,7,0.0,0.7559289460184544,1.0,ORIGINAL
662,8,0.0,,1.0,ORIGINAL
662,9,0.0,0.7001400420140049,1.0,ORIGINAL
663,0,0.0,,0.9471904310983514,ORIGINAL
663,1,0.0,,0.9471904310983514,ORIGINAL
663,2,0.0,,0.9744499134770355,ORIGINAL
663,3,0.0,-0.4999999999999999,0.9590620043917518,ORIGINAL
663,4,0.0,,0.9471904310983514,ORIGINAL
663,5,0.0,0.2886751345948129,0.9471904310983514,ORIGINAL
663,6,0.0,,0.9287918814548854,ORIGINAL
663,7,0.0,,0.9471904310983514,ORIGINAL
663,8,0.0,,0.9471904310983514,ORIGINAL
663,9,0.0,-0.5773502691896258,0.9471904310983514,ORIGINAL
664,0,0.0,,,ORIGINAL
664,1,0.0,,,ORIGINAL
664,2,0.0,,,ORIGINAL
664,3,0.0,,,ORIGINAL
664,4,0.0,,,ORIGINAL
664,5,0.0,,,ORIGINAL
664,6,0.0,,,ORIGINAL
664,7,0.0,,,ORIGINAL
664,8,0.0,,,ORIGINAL
664,9,0.0,,,ORIGINAL
665,0,0.0,,,ORIGINAL
665,1,0.0,,,ORIGINAL
665,2,0.0,0.9525793444156805,,ORIGINAL
665,3,0.0,0.9525793444156805,,ORIGINAL
665,4,0.0,,,ORIGINAL
665,5,0.0,,,ORIGINAL
665,6,0.0,0.9622504486493763,,ORIGINAL
665,7,0.0,,,ORIGINAL
665,8,0.0,,,ORIGINAL
665,9,0.0,,,ORIGINAL
666,0,0.0,,1.0,ORIGINAL
666,1,0.0,0.9438798074485389,1.0,ORIGINAL
666,2,0.0,,0.9633150259944552,ORIGINAL
666,3,0.0,0.8181818181818182,0.9478675140998328,ORIGINAL
666,4,0.0,,1.0,ORIGINAL
666,5,0.0,0.9561828874675149,1.0,ORIGINAL
666,6,0.0,0.7396002616336389,0.9646784562203947,ORIGINAL
666,7,0.0,0.9166666666666669,1.0,ORIGINAL
666,8,0.0,0.9561828874675149,1.0,ORIGINAL
666,9,0.0,0.9078412990032038,1.0,ORIGINAL
667,0,0.0,,1.0,ORIGINAL
667,1,0.0,,1.0,ORIGINAL
667,2,0.0,,0.9633150259944552,ORIGINAL
667,3,0.0,,0.9478675140998328,ORIGINAL
667,4,0.0,,1.0,ORIGINAL
667,5,0.0,,1.0,ORIGINAL
667,6,0.0,,0.9646784562203947,ORIGINAL
667,7,0.0,,1.0,ORIGINAL
667,8,0.0,,1.0,ORIGINAL
667,9,0.0,,1.0,ORIGINAL
668,0,0.0,,1.0,ORIGINAL
668,1,0.0,,1.0,ORIGINAL
668,2,0.0,1.0000000000000002,0.9633150259944552,ORIGINAL
668,3,0.0,,0.9478675140998328,ORIGINAL
668,4,0.0,,1.0,ORIGINAL
668,5,0.0,0.9622504486493763,1.0,ORIGINAL
668,6,0.0,0.9707253433941511,0.9646784562203947,ORIGINAL
668,7,0.0,0.944911182523068,1.0,ORIGINAL
668,8,0.0,,1.0,ORIGINAL
668,9,0.0,1.0000000000000002,1.0,ORIGINAL
669,0,0.0,,0.9853041597713569,ORIGINAL
669,1,0.0,1.0,0.9853041597713569,ORIGINAL
669,2,0.0,0.9486832980505138,0.976353289271609,ORIGINAL
669,3,0.0,0.8845379626717033,0.9557788136459758,ORIGINAL
669,4,0.0,0.9761870601839528,0.9853041597713569,ORIGINAL
669,5,0.0,0.9432422182837986,0.9853041597713569,ORIGINAL
669,6,0.0,0.8040302522073697,0.9814549322456585,ORIGINAL
669,7,0.0,0.944911182523068,0.9853041597713569,ORIGINAL
669,8,0.0,0.9525793444156805,0.9853041597713569,ORIGINAL
669,9,0.0,1.0,0.9853041597713569,ORIGINAL
670,0,0.0,,0.9699713572266225,ORIGINAL
670,1,0.0,,0.9699713572266225,ORIGINAL
670,2,0.0,,0.9059825079395406,ORIGINAL
670,3,0.0,0.8017837257372731,0.8860247116862109,ORIGINAL
670,4,0.0,,0.9699713572266225,ORIGINAL
670,5,0.0,,0.9699713572266225,ORIGINAL
670,6,0.0,,0.9660512382337655,ORIGINAL
670,7,0.0,,0.9699713572266225,ORIGINAL
670,8,0.0,,0.9699713572266225,ORIGINAL
670,9,0.0,,0.9699713572266225,ORIGINAL
671,0,0.0,0.8660254037844387,1.0,ORIGINAL
671,1,0.0,1.0,1.0,ORIGINAL
671,2,0.0,0.9525793444156805,0.9633150259944552,ORIGINAL
671,3,0.0,0.8427009716003846,0.9478675140998328,ORIGINAL
671,4,0.0,0.9428090415820635,1.0,ORIGINAL
671,5,0.0,,1.0,ORIGINAL
671,6,0.0,0.944911182523068,0.9646784562203947,ORIGINAL
671,7,0.0,0.9428090415820635,1.0,ORIGINAL
671,8,0.0,,1.0,ORIGINAL
671,9,0.0,0.9761870601839528,1.0,ORIGINAL
672,0,0.0,,0.9633150259944552,ORIGINAL
672,1,0.0,0.9561828874675149,0.9633150259944552,ORIGINAL
672,2,0.0,0.9476984899448786,0.9999999999999993,ORIGINAL
672,3,0.0,0.8864052604279183,0.9777320874553711,ORIGINAL
672,4,0.0,0.8838834764831844,0.9633150259944552,ORIGINAL
672,5,0.0,0.9999999999999998,0.9633150259944552,ORIGINAL
672,6,0.0,0.5477225575051661,0.9658346052796958,ORIGINAL
672,7,0.0,0.9432422182837986,0.9633150259944552,ORIGINAL
672,8,0.0,0.9456108576893003,0.9633150259944552,ORIGINAL
672,9,0.0,0.9761870601839528,0.9633150259944552,ORIGINAL
673,0,0.0,,0.9420432252655582,ORIGINAL
673,1,0.0,0.8660254037844387,0.9420432252655582,ORIGINAL
673,2,0.0,0.8006407690254358,0.935694190065955,ORIGINAL
673,3,0.0,0.5292377467571571,0.9599929196111939,ORIGINAL
673,4,0.0,0.6324555320336759,0.9420432252655582,ORIGINAL
673,5,0.0,0.9561828874675149,0.9420432252655582,ORIGINAL
673,6,0.0,0.31622776601683794,0.9403748526765583,ORIGINAL
673,7,0.0,0.9258200997725514,0.9420432252655582,ORIGINAL
673,8,0.0,0.9486832980505138,0.9420432252655582,ORIGINAL
673,9,0.0,0.9525793444156805,0.9420432252655582,ORIGINAL
674,0,0.0,,0.951640056752823,ORIGINAL
674,1,0.0,1.0000000000000002,0.951640056752823,ORIGINAL
674,2,0.0,0.8333333333333335,0.9182580824321018,ORIGINAL
674,3,0.0,0.9090909090909091,0.8690890125621994,ORIGINAL
674,4,0.0,,0.951640056752823,ORIGINAL
674,5,0.0,0.9561828874675149,0.951640056752823,ORIGINAL
674,6,0.0,0.5669467095138409,0.941335558692549,ORIGINAL
674,7,0.0,0.9622504486493763,0.951640056752823,ORIGINAL
674,8,0.0,0.944911182523068,0.951640056752823,ORIGINAL
674,9,0.0,0.9622504486493763,0.951640056752823,ORIGINAL
675,0,0.0,,0.964678458555335,ORIGINAL
675,1,0.0,,0.964678458555335,ORIGINAL
675,2,0.0,,0.965834604492053,ORIGINAL
675,3,0.0,,0.9413488713238006,ORIGINAL
675,4,0.0,,0.964678458555335,ORIGINAL
675,5,0.0,,0.964678458555335,ORIGINAL
675,6,0.0,,0.9999999999999974,ORIGINAL
675,7,0.0,,0.964678458555335,ORIGINAL
675,8,0.0,0.9428090415820635,0.964678458555335,ORIGINAL
675,9,0.0,,0.964678458555335,ORIGINAL
676,0,0.0,,0.9522684276090986,ORIGINAL
676,1,0.0,1.0000000000000002,0.9522684276090986,ORIGINAL
676,2,0.0,0.944911182523068,0.9081347757446782,ORIGINAL
676,3,0.0,0.9438798074485388,0.8632969565966576,ORIGINAL
676,4,0.0,0.9434563530497265,0.9522684276090986,ORIGINAL
676,5,0.0,0.9583727150068314,0.9522684276090986,ORIGINAL
676,6,0.0,0.9460998335825321,0.9413593990528872,ORIGINAL
676,7,0.0,0.8845379626717033,0.9522684276090986,ORIGINAL
676,8,0.0,0.8999999999999998,0.9522684276090986,ORIGINAL
676,9,0.0,0.9526610232449336,0.9522684276090986,ORIGINAL
677,0,0.0,,0.9808074286486422,ORIGINAL
677,1,0.0,,0.9808074286486422,ORIGINAL
677,2,0.0,,0.9704064446070771,ORIGINAL
677,3,0.0,0.6666666666666666,0.9434388031421846,ORIGINAL
677,4,0.0,,0.9808074286486422,ORIGINAL
677,5,0.0,,0.9808074286486422,ORIGINAL
677,6,0.0,,0.9385487604084403,ORIGINAL
677,7,0.0,,0.9808074286486422,ORIGINAL
677,8,0.0,,0.9808074286486422,ORIGINAL
677,9,0.0,,0.9808074286486422,ORIGINAL
678,0,0.0,,0.9409512556659316,ORIGINAL
678,1,0.0,,0.9409512556659316,ORIGINAL
678,2,0.0,0.9622504486493763,0.8805955348311173,ORIGINAL
678,3,0.0,0.9438798074485388,0.8425549511708728,ORIGINAL
678,4,0.0,0.8571428571428571,0.9409512556659316,ORIGINAL
678,5,0.0,0.9622504486493764,0.9409512556659316,ORIGINAL
678,6,0.0,0.2886751345948129,0.9260773592122862,ORIGINAL
678,7,0.0,,0.9409512556659316,ORIGINAL
678,8,0.0,,0.9409512556659316,ORIGINAL
678,9,0.0,,0.9409512556659316,ORIGINAL
679,0,0.0,,0.9738004445197691,ORIGINAL
679,1,0.0,1.0,0.9738004445197691,ORIGINAL
679,2,0.0,0.944911182523068,0.9197887974458956,ORIGINAL
679,3,0.0,1.0000000000000002,0.9244952730112307,ORIGINAL
679,4,0.0,0.9428090415820635,0.9738004445197691,ORIGINAL
679,5,0.0,,0.9738004445197691,ORIGINAL
679,6,0.0,0.7745966692414834,0.9476127965444712,ORIGINAL
679,7,0.0,0.9428090415820635,0.9738004445197691,ORIGINAL
679,8,0.0,,0.9738004445197691,ORIGINAL
679,9,0.0,0.9761870601839528,0.9738004445197691,ORIGINAL
680,0,0.0,,0.9794193475422314,ORIGINAL
680,1,0.0,0.944911182523068,0.9794193475422314,ORIGINAL
680,2,0.0,0.9594032236002469,0.9292376112310496,ORIGINAL
680,3,0.0,0.924678098474716,0.895461892039994,ORIGINAL
680,4,0.0,0.944911182523068,0.9794193475422314,ORIGINAL
680,5,0.0,0.936585811581694,0.9794193475422314,ORIGINAL
680,6,0.0,0.4008918628686366,0.9659286556074309,ORIGINAL
680,7,0.0,,0.9794193475422314,ORIGINAL
680,8,0.0,,0.9794193475422314,ORIGINAL
680,9,0.0,,0.9794193475422314,ORIGINAL
681,0,0.0,,0.9475129514935641,ORIGINAL
681,1,0.0,1.0000000000000002,0.9475129514935641,ORIGINAL
681,2,0.0,,0.8940743960988177,ORIGINAL
681,3,0.0,0.9525793444156805,0.9107024782062967,ORIGINAL
681,4,0.0,,0.9475129514935641,ORIGINAL
681,5,0.0,0.9486832980505138,0.9475129514935641,ORIGINAL
681,6,0.0,0.7559289460184544,0.9414770674789598,ORIGINAL
681,7,0.0,0.9434563530497265,0.9475129514935641,ORIGINAL
681,8,0.0,,0.9475129514935641,ORIGINAL
681,9,0.0,1.0,0.9475129514935641,ORIGINAL
682,0,0.0,0.7745966692414834,0.9547094745633414,ORIGINAL
682,1,0.0,,0.9547094745633414,ORIGINAL
682,2,0.0,,0.977397412941537,ORIGINAL
682,3,0.0,0.9538209664765318,0.9866204933337177,ORIGINAL
682,4,0.0,0.944911182523068,0.9547094745633414,ORIGINAL
682,5,0.0,0.9486832980505138,0.9547094745633414,ORIGINAL
682,6,0.0,0.944911182523068,0.9639000531468919,ORIGINAL
682,7,0.0,0.9647638212377322,0.9547094745633414,ORIGINAL
682,8,0.0,0.8819171036881969,0.9547094745633414,ORIGINAL
682,9,0.0,,0.9547094745633414,ORIGINAL
683,0,0.0,,1.0,ORIGINAL
683,1,0.0,0.8944271909999159,1.0,ORIGINAL
683,2,0.0,0.7921180343813395,0.9633150259944552,ORIGINAL
683,3,0.0,0.753778361444409,0.9478675140998328,ORIGINAL
683,4,0.0,0.9091372900969896,1.0,ORIGINAL
683,5,0.0,0.9486832980505138,1.0,ORIGINAL
683,6,0.0,0.8660254037844387,0.9646784562203947,ORIGINAL
683,7,0.0,,1.0,ORIGINAL
683,8,0.0,,1.0,ORIGINAL
683,9,0.0,0.9622504486493763,1.0,ORIGINAL
684,0,0.0,,0.9734363214507032,ORIGINAL
684,1,0.0,0.9622504486493763,0.9734363214507032,ORIGINAL
684,2,0.0,0.9456108576893003,0.9372873897695143,ORIGINAL
684,3,0.0,0.944911182523068,0.9593459940786431,ORIGINAL
684,4,0.0,0.8907986681660889,0.9734363214507032,ORIGINAL
684,5,0.0,0.944911182523068,0.9734363214507032,ORIGINAL
684,6,0.0,0.5050762722761054,0.9352360575243936,ORIGINAL
684,7,0.0,0.9525793444156805,0.9734363214507032,ORIGINAL
684,8,0.0,0.9428090415820635,0.9734363214507032,ORIGINAL
684,9,0.0,0.9434563530497265,0.9734363214507032,ORIGINAL
685,0,0.0,0.7035264706814485,0.9824636481796526,ORIGINAL
685,1,0.0,0.7905694150420948,0.9824636481796526,ORIGINAL
685,2,0.0,0.8609460320922786,0.9373812375584477,ORIGINAL
685,3,0.0,0.7309879850882874,0.9051753866614726,ORIGINAL
685,4,0.0,0.8975382514923729,0.9824636481796526,ORIGINAL
685,5,0.0,0.8872442622820285,0.9824636481796526,ORIGINAL
685,6,0.0,0.34900503044826653,0.9655410100448671,ORIGINAL
685,7,0.0,0.6842105263157894,0.9824636481796526,ORIGINAL
685,8,0.0,0.894427190999916,0.9824636481796526,ORIGINAL
685,9,0.0,0.8463272660560107,0.9824636481796526,ORIGINAL
686,0,0.0,,0.9824636481796526,ORIGINAL
686,1,0.0,0.9428090415820635,0.9824636481796526,ORIGINAL
686,2,0.0,1.0000000000000002,0.9373812375584477,ORIGINAL
686,3,0.0,0.8333333333333335,0.9051753866614726,ORIGINAL
686,4,0.0,,0.9824636481796526,ORIGINAL
686,5,0.0,,0.9824636481796526,ORIGINAL
686,6,0.0,0.8660254037844387,0.9655410100448671,ORIGINAL
686,7,0.0,1.0000000000000002,0.9824636481796526,ORIGINAL
686,8,0.0,,0.9824636481796526,ORIGINAL
686,9,0.0,0.944911182523068,0.9824636481796526,ORIGINAL
687,0,0.0,,0.9545005798441111,ORIGINAL
687,1,0.0,1.0,0.9545005798441111,ORIGINAL
687,2,0.0,,0.896572649604279,ORIGINAL
687,3,0.0,0.9622504486493763,0.9117335255779871,ORIGINAL
687,4,0.0,,0.9545005798441111,ORIGINAL
687,5,0.0,,0.9545005798441111,ORIGINAL
687,6,0.0,0.5714285714285714,0.9422929880042143,ORIGINAL
687,7,0.0,,0.9545005798441111,ORIGINAL
687,8,0.0,0.9428090415820635,0.9545005798441111,ORIGINAL
687,9,0.0,,0.9545005798441111,ORIGINAL
688,0,0.0,0.9486832980505138,0.9528772578999964,ORIGINAL
688,1,0.0,1.0000000000000002,0.9528772578999964,ORIGINAL
688,2,0.0,,0.8862136982368001,ORIGINAL
688,3,0.0,1.0,0.8652361823140664,ORIGINAL
688,4,0.0,,0.9528772578999964,ORIGINAL
688,5,0.0,,0.9528772578999964,ORIGINAL
688,6,0.0,,0.950676317163076,ORIGINAL
688,7,0.0,,0.9528772578999964,ORIGINAL
688,8,0.0,,0.9528772578999964,ORIGINAL
688,9,0.0,,0.9528772578999964,ORIGINAL
689,0,0.0,,0.9794193485015635,ORIGINAL
689,1,0.0,0.8749999999999998,0.9794193485015635,ORIGINAL
689,2,0.0,0.9486832980505138,0.9292376140178872,ORIGINAL
689,3,0.0,0.9035253315161441,0.8954618946154363,ORIGINAL
689,4,0.0,0.9428090415820635,0.9794193485015635,ORIGINAL
689,5,0.0,0.944911182523068,0.9794193485015635,ORIGINAL
689,6,0.0,0.7627700713964739,0.9659286563039695,ORIGINAL
689,7,0.0,0.9428090415820635,0.9794193485015635,ORIGINAL
689,8,0.0,0.8980265101338746,0.9794193485015635,ORIGINAL
689,9,0.0,0.882522608121828,0.9794193485015635,ORIGINAL
690,0,0.0,,0.9409512515917362,ORIGINAL
690,1,0.0,0.9622504486493763,0.9409512515917362,ORIGINAL
690,2,0.0,0.9230769230769232,0.8805955270623828,ORIGINAL
690,3,0.0,0.9333333333333332,0.8425549425750889,ORIGINAL
690,4,0.0,0.9456108576893003,0.9409512515917362,ORIGINAL
690,5,0.0,0.9428090415820634,0.9409512515917362,ORIGINAL
690,6,0.0,0.4558423058385518,0.9260773524400784,ORIGINAL
690,7,0.0,0.9561828874675149,0.9409512515917362,ORIGINAL
690,8,0.0,0.9561828874675149,0.9409512515917362,ORIGINAL
690,9,0.0,1.0,0.9409512515917362,ORIGINAL
691,0,0.0,,0.9794193485015635,ORIGINAL
691,1,0.0,,0.9794193485015635,ORIGINAL
691,2,0.0,,0.9292376140178872,ORIGINAL
691,3,0.0,,0.8954618946154363,ORIGINAL
691,4,0.0,,0.9794193485015635,ORIGINAL
691,5,0.0,,0.9794193485015635,ORIGINAL
691,6,0.0,,0.9659286563039695,ORIGINAL
691,7,0.0,,0.9794193485015635,ORIGINAL
691,8,0.0,,0.9794193485015635,ORIGINAL
691,9,0.0,,0.9794193485015635,ORIGINAL
692,0,0.0,,0.961120586841919,ORIGINAL
692,1,0.0,0.9428090415820635,0.961120586841919,ORIGINAL
692,2,0.0,0.9438798074485389,0.9521660180930676,ORIGINAL
692,3,0.0,0.9486832980505138,0.9352301584940231,ORIGINAL
692,4,0.0,0.9525793444156805,0.961120586841919,ORIGINAL
692,5,0.0,0.944911182523068,0.961120586841919,ORIGINAL
692,6,0.0,0.5698028822981898,0.9665349418267045,ORIGINAL
692,7,0.0,,0.961120586841919,ORIGINAL
692,8,0.0,0.8642416214502248,0.961120586841919,ORIGINAL
692,9,0.0,0.9434563530497265,0.961120586841919,ORIGINAL
693,0,0.0,,0.9828880246133912,ORIGINAL
693,1,0.0,0.8581163303210331,0.9828880246133912,ORIGINAL
693,2,0.0,0.8432740427115678,0.9652308230119085,ORIGINAL
693,3,0.0,0.7100469468046932,0.9370246155617213,ORIGINAL
693,4,0.0,0.8153742483272113,0.9828880246133912,ORIGINAL
693,5,0.0,0.8249579113843053,0.9828880246133912,ORIGINAL
693,6,0.0,0.5669467095138409,0.9391354050282328,ORIGINAL
693,7,0.0,0.6963106238227914,0.9828880246133912,ORIGINAL
693,8,0.0,0.8249579113843055,0.9828880246133912,ORIGINAL
693,9,0.0,0.8164965809277259,0.9828880246133912,ORIGINAL
694,0,0.0,,0.962720392922269,ORIGINAL
694,1,0.0,,0.962720392922269,ORIGINAL
694,2,0.0,1.0,0.9658798425144149,ORIGINAL
694,3,0.0,0.9431191251430151,0.9222827441977814,ORIGINAL
694,4,0.0,0.9428090415820635,0.962720392922269,ORIGINAL
694,5,0.0,0.9999999999999999,0.962720392922269,ORIGINAL
694,6,0.0,0.9999999999999999,0.9768146069083574,ORIGINAL
694,7,0.0,0.9999999999999998,0.962720392922269,ORIGINAL
694,8,0.0,0.9669875568304563,0.962720392922269,ORIGINAL
694,9,0.0,,0.962720392922269,ORIGINAL
695,0,0.0,,0.9132528969545898,ORIGINAL
695,1,0.0,,0.9132528969545898,ORIGINAL
695,2,0.0,,0.8396355160596608,ORIGINAL
695,3,0.0,0.9428090415820635,0.8109206190033167,ORIGINAL
695,4,0.0,,0.9132528969545898,ORIGINAL
695,5,0.0,1.0,0.9132528969545898,ORIGINAL
695,6,0.0,0.944911182523068,0.9092094943601058,ORIGINAL
695,7,0.0,,0.9132528969545898,ORIGINAL
695,8,0.0,0.9707253433941511,0.9132528969545898,ORIGINAL
695,9,0.0,,0.9132528969545898,ORIGINAL
696,0,0.0,,0.9794193426476939,ORIGINAL
696,1,0.0,,0.9794193426476939,ORIGINAL
696,2,0.0,,0.9292376002583637,ORIGINAL
696,3,0.0,1.0,0.8954618800407073,ORIGINAL
696,4,0.0,,0.9794193426476939,ORIGINAL
696,5,0.0,,0.9794193426476939,ORIGINAL
696,6,0.0,,0.9659286488819201,ORIGINAL
696,7,0.0,,0.9794193426476939,ORIGINAL
696,8,0.0,,0.9794193426476939,ORIGINAL
696,9,0.0,,0.9794193426476939,ORIGINAL
697,0,0.0,,1.0,ORIGINAL
697,1,0.0,,1.0,ORIGINAL
697,2,0.0,,0.9633150259944552,ORIGINAL
697,3,0.0,,0.9478675140998328,ORIGINAL
697,4,0.0,,1.0,ORIGINAL
697,5,0.0,1.0,1.0,ORIGINAL
697,6,0.0,,0.9646784562203947,ORIGINAL
697,7,0.0,,1.0,ORIGINAL
697,8,0.0,0.944911182523068,1.0,ORIGINAL
697,9,0.0,,1.0,ORIGINAL
698,0,0.0,,0.9574558822952542,ORIGINAL
698,1,0.0,0.9999999999999998,0.9574558822952542,ORIGINAL
698,2,0.0,0.9090909090909091,0.9509252835834949,ORIGINAL
698,3,0.0,0.8947368421052629,0.9152556984988159,ORIGINAL
698,4,0.0,0.9525793444156805,0.9574558822952542,ORIGINAL
698,5,0.0,0.9432422182837986,0.9574558822952542,ORIGINAL
698,6,0.0,0.5773502691896258,0.9455570204745576,ORIGINAL
698,7,0.0,,0.9574558822952542,ORIGINAL
698,8,0.0,0.8845379626717033,0.9574558822952542,ORIGINAL
698,9,0.0,0.9622504486493763,0.9574558822952542,ORIGINAL
699,0,0.0,,1.0,ORIGINAL
699,1,0.0,1.0000000000000002,1.0,ORIGINAL
699,2,0.0,,0.9633150259944552,ORIGINAL
699,3,0.0,,0.9478675140998328,ORIGINAL
699,4,0.0,,1.0,ORIGINAL
699,5,0.0,1.0,1.0,ORIGINAL
699,6,0.0,,0.9646784562203947,ORIGINAL
699,7,0.0,,1.0,ORIGINAL
699,8,0.0,,1.0,ORIGINAL
699,9,0.0,1.0000000000000002,1.0,ORIGINAL
700,0,0.0,0.9622504486493763,0.9806790831908886,ORIGINAL
700,1,0.0,0.8888888888888888,0.9806790831908886,ORIGINAL
700,2,0.0,0.8765009801785554,0.9341955253860719,ORIGINAL
700,3,0.0,0.9120291854009068,0.9453174423971629,ORIGINAL
700,4,0.0,0.9677419354838711,0.9806790831908886,ORIGINAL
700,5,0.0,0.9503288904374105,0.9806790831908886,ORIGINAL
700,6,0.0,0.6882472016116852,0.9561958125136849,ORIGINAL
700,7,0.0,0.9141379262169076,0.9806790831908886,ORIGINAL
700,8,0.0,0.8750000000000001,0.9806790831908886,ORIGINAL
700,9,0.0,0.9486832980505138,0.9806790831908886,ORIGINAL
701,0,0.0,,0.9699713572266225,ORIGINAL
701,1,0.0,0.8164965809277259,0.9699713572266225,ORIGINAL
701,2,0.0,0.9561828874675149,0.9059825079395406,ORIGINAL
701,3,0.0,0.944911182523068,0.8860247116862109,ORIGINAL
701,4,0.0,,0.9699713572266225,ORIGINAL
701,5,0.0,1.0000000000000002,0.9699713572266225,ORIGINAL
701,6,0.0,,0.9660512382337655,ORIGINAL
701,7,0.0,,0.9699713572266225,ORIGINAL
701,8,0.0,,0.9699713572266225,ORIGINAL
701,9,0.0,1.0,0.9699713572266225,ORIGINAL
702,0,0.0,,0.9616716962556596,ORIGINAL
702,1,0.0,0.9428090415820635,0.9616716962556596,ORIGINAL
702,2,0.0,,0.9692984714444245,ORIGINAL
702,3,0.0,0.857142857142857,0.9711647503296523,ORIGINAL
702,4,0.0,,0.9616716962556596,ORIGINAL
702,5,0.0,0.944911182523068,0.9616716962556596,ORIGINAL
702,6,0.0,0.9128709291752769,0.9700823616819909,ORIGINAL
702,7,0.0,0.9486832980505138,0.9616716962556596,ORIGINAL
702,8,0.0,0.9428090415820635,0.9616716962556596,ORIGINAL
702,9,0.0,,0.9616716962556596,ORIGINAL
703,0,0.0,,1.0,ORIGINAL
703,1,0.0,,1.0,ORIGINAL
703,2,0.0,0.769800358919501,0.9633150259944552,ORIGINAL
703,3,0.0,0.8164965809277259,0.9478675140998328,ORIGINAL
703,4,0.0,,1.0,ORIGINAL
703,5,0.0,,1.0,ORIGINAL
703,6,0.0,,0.9646784562203947,ORIGINAL
703,7,0.0,,1.0,ORIGINAL
703,8,0.0,,1.0,ORIGINAL
703,9,0.0,0.8164965809277261,1.0,ORIGINAL
704,0,0.0,,0.9699713551191103,ORIGINAL
704,1,0.0,0.944911182523068,0.9699713551191103,ORIGINAL
704,2,0.0,0.9428090415820635,0.9059825036494301,ORIGINAL
704,3,0.0,0.9622504486493763,0.8860247085843699,ORIGINAL
704,4,0.0,,0.9699713551191103,ORIGINAL
704,5,0.0,0.9438798074485389,0.9699713551191103,ORIGINAL
704,6,0.0,0.769800358919501,0.9660512365050365,ORIGINAL
704,7,0.0,0.857142857142857,0.9699713551191103,ORIGINAL
704,8,0.0,,0.9699713551191103,ORIGINAL
704,9,0.0,0.944911182523068,0.9699713551191103,ORIGINAL
705,0,0.0,0.9525793444156805,0.9806790815403282,ORIGINAL
705,1,0.0,0.8801724588467041,0.9806790815403282,ORIGINAL
705,2,0.0,0.8910421112136306,0.9341955258135484,ORIGINAL
705,3,0.0,0.9189365834726815,0.9453174438792368,ORIGINAL
705,4,0.0,0.9460998335825321,0.9806790815403282,ORIGINAL
705,5,0.0,0.9864400504156211,0.9806790815403282,ORIGINAL
705,6,0.0,0.7970533969860857,0.9561958137126199,ORIGINAL
705,7,0.0,0.9432422182837986,0.9806790815403282,ORIGINAL
705,8,0.0,0.9239131562447777,0.9806790815403282,ORIGINAL
705,9,0.0,0.9285714285714286,0.9806790815403282,ORIGINAL
706,0,0.0,0.944911182523068,0.9528772578999964,ORIGINAL
706,1,0.0,0.9428090415820634,0.9528772578999964,ORIGINAL
706,2,0.0,0.9442673704375605,0.8862136982368001,ORIGINAL
706,3,0.0,0.9430895977678839,0.8652361823140664,ORIGINAL
706,4,0.0,0.8948381385019566,0.9528772578999964,ORIGINAL
706,5,0.0,0.9622504486493763,0.9528772578999964,ORIGINAL
706,6,0.0,0.7378988555115865,0.950676317163076,ORIGINAL
706,7,0.0,0.9434563530497265,0.9528772578999964,ORIGINAL
706,8,0.0,0.9428090415820634,0.9528772578999964,ORIGINAL
706,9,0.0,0.9538209664765318,0.9528772578999964,ORIGINAL
707,0,0.0,0.8528028654224417,0.9806790815765236,ORIGINAL
707,1,0.0,0.9456108576893003,0.9806790815765236,ORIGINAL
707,2,0.0,0.9429080709444059,0.9341955275454015,ORIGINAL
707,3,0.0,0.9433332612731564,0.9453174450175371,ORIGINAL
707,4,0.0,0.9639603730060448,0.9806790815765236,ORIGINAL
707,5,0.0,0.9594032236002469,0.9806790815765236,ORIGINAL
707,6,0.0,0.6982972487551755,0.9561958124327689,ORIGINAL
707,7,0.0,0.968962790249909,0.9806790815765236,ORIGINAL
707,8,0.0,0.9525793444156805,0.9806790815765236,ORIGINAL
707,9,0.0,0.8996469021204839,0.9806790815765236,ORIGINAL
708,0,0.0,,,ORIGINAL
708,1,0.0,,,ORIGINAL
708,2,0.0,,,ORIGINAL
708,3,0.0,0.8164965809277261,,ORIGINAL
708,4,0.0,,,ORIGINAL
708,5,0.0,0.9622504486493763,,ORIGINAL
708,6,0.0,,,ORIGINAL
708,7,0.0,,,ORIGINAL
708,8,0.0,,,ORIGINAL
708,9,0.0,,,ORIGINAL
709,101,0.9,0.9415130835240085,0.9378440202172561,ORIGINAL
709,200,0.9,0.9074852129730302,0.9400009539971351,ORIGINAL
709,526,0.9,0.9429903335828895,0.9659079211995982,ORIGINAL
709,595,0.9,0.8743856497851875,0.940000951909002,ORIGINAL
709,0,0.0,,0.9828880241759523,ORIGINAL
709,1,0.0,1.0000000000000002,0.9828880241759523,ORIGINAL
709,2,0.0,0.8660254037844386,0.9652308221772619,ORIGINAL
709,3,0.0,0.8512565307587487,0.9370246151154543,ORIGINAL
709,4,0.0,1.0000000000000002,0.9828880241759523,ORIGINAL
709,5,0.0,0.9561828874675149,0.9828880241759523,ORIGINAL
710,0,0.0,,0.9824636462246567,ORIGINAL
710,1,0.0,1.0000000000000002,0.9824636462246567,ORIGINAL
710,2,0.0,0.9428090415820635,0.9373812324340507,ORIGINAL
710,3,0.0,0.944911182523068,0.9051753807982442,ORIGINAL
710,4,0.0,,0.9824636462246567,ORIGINAL
710,5,0.0,,0.9824636462246567,ORIGINAL
710,6,0.0,,0.9655410065423763,ORIGINAL
710,7,0.0,,0.9824636462246567,ORIGINAL
710,8,0.0,,0.9824636462246567,ORIGINAL
710,9,0.0,,0.9824636462246567,ORIGINAL
711,0,0.0,,0.9379204678326464,ORIGINAL
711,1,0.0,0.9999999999999998,0.9379204678326464,ORIGINAL
711,2,0.0,0.9525793444156805,0.8824477293890609,ORIGINAL
711,3,0.0,0.9432422182837986,0.8462745121222383,ORIGINAL
711,4,0.0,0.9622504486493763,0.9379204678326464,ORIGINAL
711,5,0.0,1.0,0.9379204678326464,ORIGINAL
711,6,0.0,0.8164965809277261,0.9261694467957815,ORIGINAL
711,7,0.0,,0.9379204678326464,ORIGINAL
711,8,0.0,,0.9379204678326464,ORIGINAL
711,9,0.0,0.9707253433941511,0.9379204678326464,ORIGINAL
712,0,0.0,,0.9711339633954151,ORIGINAL
712,1,0.0,,0.9711339633954151,ORIGINAL
712,2,0.0,,0.941873267334642,ORIGINAL
712,3,0.0,0.9434563530497265,0.9184574410036944,ORIGINAL
712,4,0.0,,0.9711339633954151,ORIGINAL
712,5,0.0,0.9707253433941511,0.9711339633954151,ORIGINAL
712,6,0.0,,0.9731518680547706,ORIGINAL
712,7,0.0,,0.9711339633954151,ORIGINAL
712,8,0.0,,0.9711339633954151,ORIGINAL
712,9,0.0,,0.9711339633954151,ORIGINAL
713,0,0.0,,0.9824636492987208,ORIGINAL
713,1,0.0,0.9428090415820634,0.9824636492987208,ORIGINAL
713,2,0.0,0.9429541672723838,0.9373812376983589,ORIGINAL
713,3,0.0,0.9195090507493323,0.9051753863583857,ORIGINAL
713,4,0.0,0.9782319760890368,0.9824636492987208,ORIGINAL
713,5,0.0,0.9707253433941511,0.9824636492987208,ORIGINAL
713,6,0.0,0.49613893835683387,0.9655410097462167,ORIGINAL
713,7,0.0,0.9486832980505138,0.9824636492987208,ORIGINAL
713,8,0.0,0.9525793444156805,0.9824636492987208,ORIGINAL
713,9,0.0,,0.9824636492987208,ORIGINAL
714,0,0.0,,1.0,ORIGINAL
714,1,0.0,0.8749999999999998,1.0,ORIGINAL
714,2,0.0,1.0,0.9633150259944552,ORIGINAL
714,3,0.0,0.9432422182837986,0.9478675140998328,ORIGINAL
714,4,0.0,,1.0,ORIGINAL
714,5,0.0,0.944911182523068,1.0,ORIGINAL
714,6,0.0,0.9128709291752769,0.9646784562203947,ORIGINAL
714,7,0.0,,1.0,ORIGINAL
714,8,0.0,0.8333333333333335,1.0,ORIGINAL
714,9,0.0,0.9434563530497265,1.0,ORIGINAL
715,0,0.0,,0.9794193485015635,ORIGINAL
715,1,0.0,,0.9794193485015635,ORIGINAL
715,2,0.0,0.769800358919501,0.9292376140178872,ORIGINAL
715,3,0.0,0.8504200642707612,0.8954618946154363,ORIGINAL
715,4,0.0,0.8249579113843055,0.9794193485015635,ORIGINAL
715,5,0.0,0.7071067811865475,0.9794193485015635,ORIGINAL
715,6,0.0,0.9428090415820635,0.9659286563039695,ORIGINAL
715,7,0.0,0.944911182523068,0.9794193485015635,ORIGINAL
715,8,0.0,0.9538209664765318,0.9794193485015635,ORIGINAL
715,9,0.0,0.40824829046386296,0.9794193485015635,ORIGINAL
716,0,0.0,0.8528028654224417,0.9317824697544982,ORIGINAL
716,1,0.0,,0.9317824697544982,ORIGINAL
716,2,0.0,1.0000000000000002,0.948172308948168,ORIGINAL
716,3,0.0,0.9438798074485389,0.9184882850144845,ORIGINAL
716,4,0.0,,0.9317824697544982,ORIGINAL
716,5,0.0,,0.9317824697544982,ORIGINAL
716,6,0.0,,0.9277148497305662,ORIGINAL
716,7,0.0,,0.9317824697544982,ORIGINAL
716,8,0.0,,0.9317824697544982,ORIGINAL
716,9,0.0,,0.9317824697544982,ORIGINAL
717,0,0.0,,0.9317824697544982,ORIGINAL
717,1,0.0,,0.9317824697544982,ORIGINAL
717,2,0.0,,0.948172308948168,ORIGINAL
717,3,0.0,0.944911182523068,0.9184882850144845,ORIGINAL
717,4,0.0,0.9428090415820635,0.9317824697544982,ORIGINAL
717,5,0.0,1.0000000000000002,0.9317824697544982,ORIGINAL
717,6,0.0,0.8451542547285165,0.9277148497305662,ORIGINAL
717,7,0.0,,0.9317824697544982,ORIGINAL
717,8,0.0,0.9486832980505138,0.9317824697544982,ORIGINAL
717,9,0.0,,0.9317824697544982,ORIGINAL
718,0,0.0,,0.9794193464770968,ORIGINAL
718,1,0.0,,0.9794193464770968,ORIGINAL
718,2,0.0,0.9428090415820635,0.9292376099169455,ORIGINAL
718,3,0.0,1.0,0.8954618887294593,ORIGINAL
718,4,0.0,,0.9794193464770968,ORIGINAL
718,5,0.0,1.0000000000000002,0.9794193464770968,ORIGINAL
718,6,0.0,,0.9659286547322722,ORIGINAL
718,7,0.0,0.9428090415820635,0.9794193464770968,ORIGINAL
718,8,0.0,,0.9794193464770968,ORIGINAL
718,9,0.0,,0.9794193464770968,ORIGINAL
719,0,0.0,,0.9794193485015635,ORIGINAL
719,1,0.0,,0.9794193485015635,ORIGINAL
719,2,0.0,0.9594032236002469,0.9292376140178872,ORIGINAL
719,3,0.0,0.9432422182837986,0.8954618946154363,ORIGINAL
719,4,0.0,1.0,0.9794193485015635,ORIGINAL
719,5,0.0,0.9486832980505138,0.9794193485015635,ORIGINAL
719,6,0.0,0.33333333333333337,0.9659286563039695,ORIGINAL
719,7,0.0,0.9525793444156805,0.9794193485015635,ORIGINAL
719,8,0.0,0.9434563530497265,0.9794193485015635,ORIGINAL
719,9,0.0,,0.9794193485015635,ORIGINAL
720,0,0.0,,0.9132528919513496,ORIGINAL
720,1,0.0,,0.9132528919513496,ORIGINAL
720,2,0.0,1.0,0.8396355093745782,ORIGINAL
720,3,0.0,0.7399400733959438,0.810920614852835,ORIGINAL
720,4,0.0,0.9761870601839528,0.9132528919513496,ORIGINAL
720,5,0.0,0.8451542547285165,0.9132528919513496,ORIGINAL
720,6,0.0,0.40824829046386296,0.9092094908439895,ORIGINAL
720,7,0.0,,0.9132528919513496,ORIGINAL
720,8,0.0,0.9561828874675149,0.9132528919513496,ORIGINAL
720,9,0.0,0.9622504486493763,0.9132528919513496,ORIGINAL
721,0,0.0,,0.9794193485015635,ORIGINAL
721,1,0.0,0.8819171036881969,0.9794193485015635,ORIGINAL
721,2,0.0,0.8660254037844387,0.9292376140178872,ORIGINAL
721,3,0.0,0.769800358919501,0.8954618946154363,ORIGINAL
721,4,0.0,0.5773502691896258,0.9794193485015635,ORIGINAL
721,5,0.0,0.8017837257372731,0.9794193485015635,ORIGINAL
721,6,0.0,0.6546536707079772,0.9659286563039695,ORIGINAL
721,7,0.0,0.8819171036881969,0.9794193485015635,ORIGINAL
721,8,0.0,0.7071067811865475,0.9794193485015635,ORIGINAL
721,9,0.0,0.9486832980505138,0.9794193485015635,ORIGINAL
722,0,0.0,,0.906341719871642,ORIGINAL
722,1,0.0,,0.906341719871642,ORIGINAL
722,2,0.0,,0.9502272829031738,ORIGINAL
722,3,0.0,1.0000000000000002,0.9701357956671444,ORIGINAL
722,4,0.0,,0.906341719871642,ORIGINAL
722,5,0.0,1.0000000000000002,0.906341719871642,ORIGINAL
722,6,0.0,,0.9376634621435429,ORIGINAL
722,7,0.0,,0.906341719871642,ORIGINAL
722,8,0.0,,0.906341719871642,ORIGINAL
722,9,0.0,,0.906341719871642,ORIGINAL
723,0,0.0,,0.964678458555335,ORIGINAL
723,1,0.0,,0.964678458555335,ORIGINAL
723,2,0.0,,0.965834604492053,ORIGINAL
723,3,0.0,,0.9413488713238006,ORIGINAL
723,4,0.0,,0.964678458555335,ORIGINAL
723,5,0.0,,0.964678458555335,ORIGINAL
723,6,0.0,,0.9999999999999974,ORIGINAL
723,7,0.0,,0.964678458555335,ORIGINAL
723,8,0.0,,0.964678458555335,ORIGINAL
723,9,0.0,,0.964678458555335,ORIGINAL
724,0,0.0,,0.9699713572266225,ORIGINAL
724,1,0.0,0.8333333333333335,0.9699713572266225,ORIGINAL
724,2,0.0,0.9622504486493763,0.9059825079395406,ORIGINAL
724,3,0.0,0.9109802728222299,0.8860247116862109,ORIGINAL
724,4,0.0,0.9525793444156805,0.9699713572266225,ORIGINAL
724,5,0.0,0.9486832980505138,0.9699713572266225,ORIGINAL
724,6,0.0,0.7071067811865475,0.9660512382337655,ORIGINAL
724,7,0.0,,0.9699713572266225,ORIGINAL
724,8,0.0,0.8386278693775346,0.9699713572266225,ORIGINAL
724,9,0.0,0.9525793444156805,0.9699713572266225,ORIGINAL
725,0,0.0,,1.0,ORIGINAL
725,1,0.0,,1.0,ORIGINAL
725,2,0.0,,0.9633150259944552,ORIGINAL
725,3,0.0,,0.9478675140998328,ORIGINAL
725,4,0.0,,1.0,ORIGINAL
725,5,0.0,,1.0,ORIGINAL
725,6,0.0,,0.9646784562203947,ORIGINAL
725,7,0.0,,1.0,ORIGINAL
725,8,0.0,,1.0,ORIGINAL
725,9,0.0,,1.0,ORIGINAL
726,0,0.0,,0.964678458555335,ORIGINAL
726,1,0.0,,0.964678458555335,ORIGINAL
726,2,0.0,1.0,0.965834604492053,ORIGINAL
726,3,0.0,1.0000000000000002,0.9413488713238006,ORIGINAL
726,4,0.0,0.9428090415820635,0.964678458555335,ORIGINAL
726,5,0.0,1.0,0.964678458555335,ORIGINAL
726,6,0.0,1.0000000000000002,0.9999999999999974,ORIGINAL
726,7,0.0,1.0,0.964678458555335,ORIGINAL
726,8,0.0,0.9622504486493764,0.964678458555335,ORIGINAL
726,9,0.0,,0.964678458555335,ORIGINAL
727,0,0.0,,0.9623825726019074,ORIGINAL
727,1,0.0,,0.9623825726019074,ORIGINAL
727,2,0.0,,0.9039457242238322,ORIGINAL
727,3,0.0,,0.9255037799035835,ORIGINAL
727,4,0.0,,0.9623825726019074,ORIGINAL
727,5,0.0,,0.9623825726019074,ORIGINAL
727,6,0.0,,0.9443964430495274,ORIGINAL
727,7,0.0,,0.9623825726019074,ORIGINAL
727,8,0.0,,0.9623825726019074,ORIGINAL
727,9,0.0,,0.9623825726019074,ORIGINAL
728,0,0.0,,1.0,ORIGINAL
728,1,0.0,,1.0,ORIGINAL
728,2,0.0,,0.9633150259944552,ORIGINAL
728,3,0.0,,0.9478675140998328,ORIGINAL
728,4,0.0,,1.0,ORIGINAL
728,5,0.0,,1.0,ORIGINAL
728,6,0.0,,0.9646784562203947,ORIGINAL
728,7,0.0,,1.0,ORIGINAL
728,8,0.0,,1.0,ORIGINAL
728,9,0.0,,1.0,ORIGINAL
729,0,0.0,,0.9699713572266225,ORIGINAL
729,1,0.0,0.7745966692414834,0.9699713572266225,ORIGINAL
729,2,0.0,0.8164965809277259,0.9059825079395406,ORIGINAL
729,3,0.0,0.8249579113843055,0.8860247116862109,ORIGINAL
729,4,0.0,,0.9699713572266225,ORIGINAL
729,5,0.0,0.9999999999999998,0.9699713572266225,ORIGINAL
729,6,0.0,0.5962847939999439,0.9660512382337655,ORIGINAL
729,7,0.0,0.944911182523068,0.9699713572266225,ORIGINAL
729,8,0.0,,0.9699713572266225,ORIGINAL
729,9,0.0,0.9761870601839528,0.9699713572266225,ORIGINAL
730,0,0.0,,1.0,ORIGINAL
730,1,0.0,0.8696263565463043,1.0,ORIGINAL
730,2,0.0,0.9013878188659974,0.9633150259944552,ORIGINAL
730,3,0.0,0.848528137423857,0.9478675140998328,ORIGINAL
730,4,0.0,1.0000000000000002,1.0,ORIGINAL
730,5,0.0,0.9525793444156803,1.0,ORIGINAL
730,6,0.0,0.5539117094069974,0.9646784562203947,ORIGINAL
730,7,0.0,0.8775269089525567,1.0,ORIGINAL
730,8,0.0,0.9285714285714286,1.0,ORIGINAL
730,9,0.0,0.9782319760890368,1.0,ORIGINAL
731,0,0.0,,1.0,ORIGINAL
731,1,0.0,0.9438798074485389,1.0,ORIGINAL
731,2,0.0,0.9622504486493763,0.9633150259944552,ORIGINAL
731,3,0.0,0.9013878188659974,0.9478675140998328,ORIGINAL
731,4,0.0,0.8775269089525567,1.0,ORIGINAL
731,5,0.0,0.9525793444156805,1.0,ORIGINAL
731,6,0.0,0.9354143466934852,0.9646784562203947,ORIGINAL
731,7,0.0,,1.0,ORIGINAL
731,8,0.0,0.8606629658238704,1.0,ORIGINAL
731,9,0.0,0.8770580193070293,1.0,ORIGINAL
732,0,0.0,,0.9770930333460692,ORIGINAL
732,1,0.0,0.5,0.9770930333460692,ORIGINAL
732,2,0.0,,0.9426950542058579,ORIGINAL
732,3,0.0,0.7559289460184544,0.9697879072350232,ORIGINAL
732,4,0.0,,0.9770930333460692,ORIGINAL
732,5,0.0,0.4472135954999579,0.9770930333460692,ORIGINAL
732,6,0.0,0.7559289460184544,0.9343338179348393,ORIGINAL
732,7,0.0,,0.9770930333460692,ORIGINAL
732,8,0.0,,0.9770930333460692,ORIGINAL
732,9,0.0,0.5773502691896258,0.9770930333460692,ORIGINAL
733,0,0.0,,0.9770930333460692,ORIGINAL
733,1,0.0,,0.9770930333460692,ORIGINAL
733,2,0.0,,0.9426950542058579,ORIGINAL
733,3,0.0,,0.9697879072350232,ORIGINAL
733,4,0.0,,0.9770930333460692,ORIGINAL
733,5,0.0,,0.9770930333460692,ORIGINAL
733,6,0.0,,0.9343338179348393,ORIGINAL
733,7,0.0,,0.9770930333460692,ORIGINAL
733,8,0.0,,0.9770930333460692,ORIGINAL
733,9,0.0,,0.9770930333460692,ORIGINAL
734,0,0.0,,1.0,ORIGINAL
734,1,0.0,,1.0,ORIGINAL
734,2,0.0,,0.9633150259944552,ORIGINAL
734,3,0.0,,0.9478675140998328,ORIGINAL
734,4,0.0,,1.0,ORIGINAL
734,5,0.0,,1.0,ORIGINAL
734,6,0.0,,0.9646784562203947,ORIGINAL
734,7,0.0,,1.0,ORIGINAL
734,8,0.0,,1.0,ORIGINAL
734,9,0.0,,1.0,ORIGINAL
735,0,0.0,,,ORIGINAL
735,1,0.0,0.9428090415820635,,ORIGINAL
735,2,0.0,0.8366600265340756,,ORIGINAL
735,3,0.0,0.8333333333333335,,ORIGINAL
735,4,0.0,,,ORIGINAL
735,5,0.0,,,ORIGINAL
735,6,0.0,0.9428090415820635,,ORIGINAL
735,7,0.0,,,ORIGINAL
735,8,0.0,,,ORIGINAL
735,9,0.0,0.9525793444156805,,ORIGINAL
736,0,0.0,,1.0,ORIGINAL
736,1,0.0,0.5773502691896258,1.0,ORIGINAL
736,2,0.0,,0.9633150259944552,ORIGINAL
736,3,0.0,0.0,0.9478675140998328,ORIGINAL
736,4,0.0,,1.0,ORIGINAL
736,5,0.0,,1.0,ORIGINAL
736,6,0.0,,0.9646784562203947,ORIGINAL
736,7,0.0,,1.0,ORIGINAL
736,8,0.0,,1.0,ORIGINAL
736,9,0.0,,1.0,ORIGINAL
737,0,0.0,,0.9770930333460692,ORIGINAL
737,1,0.0,0.7637626158259734,0.9770930333460692,ORIGINAL
737,2,0.0,0.6931032800836721,0.9426950542058579,ORIGINAL
737,3,0.0,0.5129891760425771,0.9697879072350232,ORIGINAL
737,4,0.0,0.5306686305052324,0.9770930333460692,ORIGINAL
737,5,0.0,0.7977240352174656,0.9770930333460692,ORIGINAL
737,6,0.0,0.4216370213557839,0.9343338179348393,ORIGINAL
737,7,0.0,0.8682431421244593,0.9770930333460692,ORIGINAL
737,8,0.0,0.7016464154456235,0.9770930333460692,ORIGINAL
737,9,0.0,0.917662935482247,0.9770930333460692,ORIGINAL
738,0,0.0,,1.0,ORIGINAL
738,1,0.0,,1.0,ORIGINAL
738,2,0.0,,0.9633150259944552,ORIGINAL
738,3,0.0,,0.9478675140998328,ORIGINAL
738,4,0.0,,1.0,ORIGINAL
738,5,0.0,,1.0,ORIGINAL
738,6,0.0,,0.9646784562203947,ORIGINAL
738,7,0.0,,1.0,ORIGINAL
738,8,0.0,,1.0,ORIGINAL
738,9,0.0,,1.0,ORIGINAL
739,21,0.9,0.9761870601839528,,ORIGINAL
739,100,0.9,,,ORIGINAL
739,199,0.9,,,ORIGINAL
739,218,0.9,,,ORIGINAL
739,255,0.9,0.8944271909999159,,ORIGINAL
739,301,0.9,,,ORIGINAL
739,315,0.9,1.0000000000000002,,ORIGINAL
739,335,0.9,0.9428090415820635,,ORIGINAL
739,517,0.9,0.9428090415820635,,ORIGINAL
739,532,0.9,1.0000000000000002,,ORIGINAL
740,0,0.0,,,ORIGINAL
740,1,0.0,0.857142857142857,,ORIGINAL
740,2,0.0,0.9622504486493763,,ORIGINAL
740,3,0.0,0.9434563530497265,,ORIGINAL
740,4,0.0,0.9525793444156805,,ORIGINAL
740,5,0.0,0.944911182523068,,ORIGINAL
740,6,0.0,0.9258200997725514,,ORIGINAL
740,7,0.0,,,ORIGINAL
740,8,0.0,,,ORIGINAL
740,9,0.0,0.9428090415820635,,ORIGINAL
741,0,0.0,,1.0,ORIGINAL
741,1,0.0,0.9128709291752769,1.0,ORIGINAL
741,2,0.0,,0.9633150259944552,ORIGINAL
741,3,0.0,0.5,0.9478675140998328,ORIGINAL
741,4,0.0,0.6708203932499369,1.0,ORIGINAL
741,5,0.0,0.5773502691896258,1.0,ORIGINAL
741,6,0.0,0.28284271247461895,0.9646784562203947,ORIGINAL
741,7,0.0,0.7071067811865475,1.0,ORIGINAL
741,8,0.0,,1.0,ORIGINAL
741,9,0.0,0.9486832980505138,1.0,ORIGINAL
742,0,0.0,,1.0,ORIGINAL
742,1,0.0,,1.0,ORIGINAL
742,2,0.0,,0.9633150259944552,ORIGINAL
742,3,0.0,1.0000000000000002,0.9478675140998328,ORIGINAL
742,4,0.0,,1.0,ORIGINAL
742,5,0.0,,1.0,ORIGINAL
742,6,0.0,,0.9646784562203947,ORIGINAL
742,7,0.0,,1.0,ORIGINAL
742,8,0.0,,1.0,ORIGINAL
742,9,0.0,,1.0,ORIGINAL
743,0,0.0,,1.0,ORIGINAL
743,1,0.0,0.9594032236002469,1.0,ORIGINAL
743,2,0.0,0.9090909090909091,0.9633150259944552,ORIGINAL
743,3,0.0,0.9669875568304563,0.9478675140998328,ORIGINAL
743,4,0.0,0.9622504486493763,1.0,ORIGINAL
743,5,0.0,1.0,1.0,ORIGINAL
743,6,0.0,0.7977240352174656,0.9646784562203947,ORIGINAL
743,7,0.0,,1.0,ORIGINAL
743,8,0.0,,1.0,ORIGINAL
743,9,0.0,,1.0,ORIGINAL
744,0,0.0,,1.0,ORIGINAL
744,1,0.0,0.5773502691896258,1.0,ORIGINAL
744,2,0.0,0.5962847939999439,0.9633150259944552,ORIGINAL
744,3,0.0,0.5366563145999494,0.9478675140998328,ORIGINAL
744,4,0.0,0.42640143271122083,1.0,ORIGINAL
744,5,0.0,0.5,1.0,ORIGINAL
744,6,0.0,0.5393598899705937,0.9646784562203947,ORIGINAL
744,7,0.0,0.8838834764831843,1.0,ORIGINAL
744,8,0.0,0.6324555320336759,1.0,ORIGINAL
744,9,0.0,0.6527533657682196,1.0,ORIGINAL
745,0,0.0,,0.9471904310983514,ORIGINAL
745,1,0.0,,0.9471904310983514,ORIGINAL
745,2,0.0,,0.9744499134770355,ORIGINAL
745,3,0.0,,0.9590620043917518,ORIGINAL
745,4,0.0,,0.9471904310983514,ORIGINAL
745,5,0.0,0.9999999999999998,0.9471904310983514,ORIGINAL
745,6,0.0,,0.9287918814548854,ORIGINAL
745,7,0.0,,0.9471904310983514,ORIGINAL
745,8,0.0,,0.9471904310983514,ORIGINAL
745,9,0.0,,0.9471904310983514,ORIGINAL
746,0,0.0,,0.9699713572266225,ORIGINAL
746,1,0.0,,0.9699713572266225,ORIGINAL
746,2,0.0,,0.9059825079395406,ORIGINAL
746,3,0.0,,0.8860247116862109,ORIGINAL
746,4,0.0,,0.9699713572266225,ORIGINAL
746,5,0.0,,0.9699713572266225,ORIGINAL
746,6,0.0,,0.9660512382337655,ORIGINAL
746,7,0.0,,0.9699713572266225,ORIGINAL
746,8,0.0,,0.9699713572266225,ORIGINAL
746,9,0.0,,0.9699713572266225,ORIGINAL
747,0,0.0,,1.0,ORIGINAL
747,1,0.0,,1.0,ORIGINAL
747,2,0.0,,0.9633150259944552,ORIGINAL
747,3,0.0,-1.0000000000000002,0.9478675140998328,ORIGINAL
747,4,0.0,,1.0,ORIGINAL
747,5,0.0,-0.8164965809277259,1.0,ORIGINAL
747,6,0.0,,0.9646784562203947,ORIGINAL
747,7,0.0,,1.0,ORIGINAL
747,8,0.0,,1.0,ORIGINAL
747,9,0.0,,1.0,ORIGINAL
748,0,0.0,,0.9971672690083863,ORIGINAL
748,1,0.0,,0.9971672690083863,ORIGINAL
748,2,0.0,,0.9610979396495216,ORIGINAL
748,3,0.0,,0.9606043368570277,ORIGINAL
748,4,0.0,,0.9971672690083863,ORIGINAL
748,5,0.0,,0.9971672690083863,ORIGINAL
748,6,0.0,,0.9590303082819112,ORIGINAL
748,7,0.0,,0.9971672690083863,ORIGINAL
748,8,0.0,,0.9971672690083863,ORIGINAL
748,9,0.0,,0.9971672690083863,ORIGINAL
749,0,0.0,1.0000000000000002,,ORIGINAL
749,1,0.0,0.9354143466934853,,ORIGINAL
749,2,0.0,0.9049228966693287,,ORIGINAL
749,3,0.0,0.9156498425415369,,ORIGINAL
749,4,0.0,0.9696969696969697,,ORIGINAL
749,5,0.0,0.9449990771497893,,ORIGINAL
749,6,0.0,0.7842934903910446,,ORIGINAL
749,7,0.0,0.903696114115064,,ORIGINAL
749,8,0.0,0.9135468796041984,,ORIGINAL
749,9,0.0,0.9642857142857142,,ORIGINAL
750,0,0.0,,,ORIGINAL
750,1,0.0,0.9486832980505138,,ORIGINAL
750,2,0.0,0.8164965809277261,,ORIGINAL
750,3,0.0,0.8432740427115678,,ORIGINAL
750,4,0.0,0.9707253433941511,,ORIGINAL
750,5,0.0,0.8432740427115678,,ORIGINAL
750,6,0.0,0.9058216273156767,,ORIGINAL
750,7,0.0,0.9036961141150639,,ORIGINAL
750,8,0.0,0.808290376865476,,ORIGINAL
750,9,0.0,0.960768922830523,,ORIGINAL
751,0,0.0,,0.9317824697544982,ORIGINAL
751,1,0.0,,0.9317824697544982,ORIGINAL
751,2,0.0,,0.948172308948168,ORIGINAL
751,3,0.0,,0.9184882850144845,ORIGINAL
751,4,0.0,,0.9317824697544982,ORIGINAL
751,5,0.0,,0.9317824697544982,ORIGINAL
751,6,0.0,,0.9277148497305662,ORIGINAL
751,7,0.0,,0.9317824697544982,ORIGINAL
751,8,0.0,,0.9317824697544982,ORIGINAL
751,9,0.0,,0.9317824697544982,ORIGINAL
752,0,0.0,,0.9623825744921536,ORIGINAL
752,1,0.0,0.9486832980505138,0.9623825744921536,ORIGINAL
752,2,0.0,1.0000000000000002,0.9039457247248888,ORIGINAL
752,3,0.0,0.9525793444156805,0.9255037785690072,ORIGINAL
752,4,0.0,1.0,0.9623825744921536,ORIGINAL
752,5,0.0,0.9428090415820635,0.9623825744921536,ORIGINAL
752,6,0.0,0.8164965809277261,0.9443964442816921,ORIGINAL
752,7,0.0,1.0,0.9623825744921536,ORIGINAL
752,8,0.0,0.9486832980505138,0.9623825744921536,ORIGINAL
752,9,0.0,1.0000000000000002,0.9623825744921536,ORIGINAL
753,0,0.0,,0.9699713572266225,ORIGINAL
753,1,0.0,1.0000000000000002,0.9699713572266225,ORIGINAL
753,2,0.0,,0.9059825079395406,ORIGINAL
753,3,0.0,0.9428090415820635,0.8860247116862109,ORIGINAL
753,4,0.0,0.9622504486493763,0.9699713572266225,ORIGINAL
753,5,0.0,1.0,0.9699713572266225,ORIGINAL
753,6,0.0,0.8164965809277261,0.9660512382337655,ORIGINAL
753,7,0.0,,0.9699713572266225,ORIGINAL
753,8,0.0,,0.9699713572266225,ORIGINAL
753,9,0.0,1.0000000000000002,0.9699713572266225,ORIGINAL
754,136,0.9,,0.9118027549841331,ORIGINAL
754,243,0.9,,0.9610774652676896,ORIGINAL
754,0,0.0,,0.9699713572266225,ORIGINAL
754,1,0.0,,0.9699713572266225,ORIGINAL
754,2,0.0,0.8888888888888888,0.9059825079395406,ORIGINAL
754,3,0.0,1.0000000000000002,0.8860247116862109,ORIGINAL
754,4,0.0,0.8888888888888888,0.9699713572266225,ORIGINAL
754,5,0.0,0.6546536707079772,0.9699713572266225,ORIGINAL
754,6,0.0,,0.9660512382337655,ORIGINAL
754,7,0.0,,0.9699713572266225,ORIGINAL
755,0,0.0,,0.9623825744921536,ORIGINAL
755,1,0.0,,0.9623825744921536,ORIGINAL
755,2,0.0,,0.9039457247248888,ORIGINAL
755,3,0.0,1.0000000000000002,0.9255037785690072,ORIGINAL
755,4,0.0,,0.9623825744921536,ORIGINAL
755,5,0.0,,0.9623825744921536,ORIGINAL
755,6,0.0,,0.9443964442816921,ORIGINAL
755,7,0.0,0.9622504486493763,0.9623825744921536,ORIGINAL
755,8,0.0,,0.9623825744921536,ORIGINAL
755,9,0.0,,0.9623825744921536,ORIGINAL
756,0,0.0,,,ORIGINAL
756,1,0.0,1.0000000000000002,,ORIGINAL
756,2,0.0,0.8164965809277261,,ORIGINAL
756,3,0.0,0.8164965809277259,,ORIGINAL
756,4,0.0,,,ORIGINAL
756,5,0.0,0.8944271909999159,,ORIGINAL
756,6,0.0,0.7071067811865476,,ORIGINAL
756,7,0.0,,,ORIGINAL
756,8,0.0,,,ORIGINAL
756,9,0.0,0.9258200997725515,,ORIGINAL
