source_drug_index,target_drug_index,original_similarity,task_similarity,kg_similarity,combined_score,task_overlap_count,edge_origin
0,1,0.0,0.8728715609439696,1.0,,4,ORIGINAL
0,2,0.0,0.9428090415820635,0.9633150259944552,,3,ORIGINAL
0,3,0.0,0.8581163303210331,0.9478675140998328,,8,ORIGINAL
0,4,0.0,,1.0,,0,ORIGINAL
0,5,0.0,,1.0,,2,ORIGINAL
0,6,0.0,,0.9646784562203947,,0,ORIGINAL
0,7,0.0,,1.0,,0,ORIGINAL
0,8,0.0,,1.0,,1,ORIGINAL
0,9,0.0,1.0000000000000002,1.0,,3,ORIGINAL
0,10,0.0,,,,2,ORIGINAL
1,0,0.0,0.8728715609439696,1.0,,4,ORIGINAL
1,2,0.0,0.9525793444156805,0.9633150259944552,,3,ORIGINAL
1,3,0.0,0.8970852271450606,0.9478675140998328,,11,ORIGINAL
1,4,0.0,1.0000000000000002,1.0,,3,ORIGINAL
1,5,0.0,1.0,1.0,,4,ORIGINAL
1,6,0.0,0.6092717958449424,0.9646784562203947,,8,ORIGINAL
1,7,0.0,0.9428090415820635,1.0,,3,ORIGINAL
1,8,0.0,,1.0,,2,ORIGINAL
1,9,0.0,0.9799578870122229,1.0,,6,ORIGINAL
1,10,0.0,-0.16903085094570328,,,7,ORIGINAL
2,0,0.0,0.9428090415820635,0.9633150259944552,,3,ORIGINAL
2,1,0.0,0.9525793444156805,0.9633150259944552,,3,ORIGINAL
2,3,0.0,0.9325048082403137,0.9777320874553711,,22,ORIGINAL
2,4,0.0,0.944911182523068,0.9633150259944552,,5,ORIGINAL
2,5,0.0,0.9438798074485389,0.9633150259944552,,5,ORIGINAL
2,6,0.0,0.29814239699997197,0.9658346052796958,,6,ORIGINAL
2,7,0.0,1.0000000000000002,0.9633150259944552,,3,ORIGINAL
2,8,0.0,0.8999999999999998,0.9633150259944552,,4,ORIGINAL
2,9,0.0,0.9525793444156805,0.9633150259944552,,3,ORIGINAL
2,10,0.0,-0.5773502691896257,,,6,ORIGINAL
3,0,0.0,0.8581163303210331,0.9478675140998328,,8,ORIGINAL
3,1,0.0,0.8970852271450606,0.9478675140998328,,11,ORIGINAL
3,2,0.0,0.9325048082403137,0.9777320874553711,,22,ORIGINAL
3,4,0.0,0.9237604307034013,0.9478675140998328,,10,ORIGINAL
3,5,0.0,0.9525793444156805,0.9478675140998328,,13,ORIGINAL
3,6,0.0,0.5263613559678152,0.9413488731479989,,9,ORIGINAL
3,7,0.0,0.944911182523068,0.9478675140998328,,7,ORIGINAL
3,8,0.0,0.8944271909999159,0.9478675140998328,,9,ORIGINAL
3,9,0.0,0.9090909090909091,0.9478675140998328,,5,ORIGINAL
3,10,0.0,-0.4472135954999579,,,14,ORIGINAL
4,0,0.0,,1.0,,0,ORIGINAL
4,1,0.0,1.0000000000000002,1.0,,3,ORIGINAL
4,2,0.0,0.944911182523068,0.9633150259944552,,5,ORIGINAL
4,3,0.0,0.9237604307034013,0.9478675140998328,,10,ORIGINAL
4,5,0.0,0.9574271077563381,1.0,,7,ORIGINAL
4,6,0.0,0.8563488385776753,0.9646784562203947,,6,ORIGINAL
4,7,0.0,,1.0,,2,ORIGINAL
4,8,0.0,0.8571428571428571,1.0,,5,ORIGINAL
4,9,0.0,,1.0,,2,ORIGINAL
4,10,0.0,-0.223606797749979,,,9,ORIGINAL
5,0,0.0,,1.0,,2,ORIGINAL
5,1,0.0,1.0,1.0,,4,ORIGINAL
5,2,0.0,0.9438798074485389,0.9633150259944552,,5,ORIGINAL
5,3,0.0,0.9525793444156805,0.9478675140998328,,13,ORIGINAL
5,4,0.0,0.9574271077563381,1.0,,7,ORIGINAL
5,6,0.0,0.5773502691896258,0.9646784562203947,,6,ORIGINAL
5,7,0.0,0.9561828874675149,1.0,,5,ORIGINAL
5,8,0.0,0.9464574146347642,1.0,,10,ORIGINAL
5,9,0.0,0.8728715609439696,1.0,,6,ORIGINAL
5,10,0.0,-0.12309149097933275,,,12,ORIGINAL
6,0,0.0,,0.9646784562203947,,0,ORIGINAL
6,1,0.0,0.6092717958449424,0.9646784562203947,,8,ORIGINAL
6,2,0.0,0.29814239699997197,0.9658346052796958,,6,ORIGINAL
6,3,0.0,0.5263613559678152,0.9413488731479989,,9,ORIGINAL
6,4,0.0,0.8563488385776753,0.9646784562203947,,6,ORIGINAL
6,5,0.0,0.5773502691896258,0.9646784562203947,,6,ORIGINAL
6,7,0.0,0.8749999999999998,0.9646784562203947,,5,ORIGINAL
6,8,0.0,0.8606629658238704,0.9646784562203947,,6,ORIGINAL
6,9,0.0,0.4743416490252569,0.9646784562203947,,6,ORIGINAL
6,10,0.0,0.1336306209562122,,,9,ORIGINAL
7,0,0.0,,1.0,,0,ORIGINAL
7,1,0.0,0.9428090415820635,1.0,,3,ORIGINAL
7,2,0.0,1.0000000000000002,0.9633150259944552,,3,ORIGINAL
7,3,0.0,0.944911182523068,0.9478675140998328,,7,ORIGINAL
7,4,0.0,,1.0,,2,ORIGINAL
7,5,0.0,0.9561828874675149,1.0,,5,ORIGINAL
7,6,0.0,0.8749999999999998,0.9646784562203947,,5,ORIGINAL
7,8,0.0,0.8125,1.0,,7,ORIGINAL
7,9,0.0,0.7302967433402214,1.0,,4,ORIGINAL
7,10,0.0,-0.769800358919501,,,6,ORIGINAL
8,0,0.0,,1.0,,1,ORIGINAL
8,1,0.0,,1.0,,2,ORIGINAL
8,2,0.0,0.8999999999999998,0.9633150259944552,,4,ORIGINAL
8,3,0.0,0.8944271909999159,0.9478675140998328,,9,ORIGINAL
8,4,0.0,0.8571428571428571,1.0,,5,ORIGINAL
8,5,0.0,0.9464574146347642,1.0,,10,ORIGINAL
8,6,0.0,0.8606629658238704,0.9646784562203947,,6,ORIGINAL
8,7,0.0,0.8125,1.0,,7,ORIGINAL
8,9,0.0,0.7302967433402214,1.0,,3,ORIGINAL
8,10,0.0,-0.33333333333333337,,,6,ORIGINAL
9,0,0.0,1.0000000000000002,1.0,,3,ORIGINAL
9,1,0.0,0.9799578870122229,1.0,,6,ORIGINAL
9,2,0.0,0.9525793444156805,0.9633150259944552,,3,ORIGINAL
9,3,0.0,0.9090909090909091,0.9478675140998328,,5,ORIGINAL
9,4,0.0,,1.0,,2,ORIGINAL
9,5,0.0,0.8728715609439696,1.0,,6,ORIGINAL
9,6,0.0,0.4743416490252569,0.9646784562203947,,6,ORIGINAL
9,7,0.0,0.7302967433402214,1.0,,4,ORIGINAL
9,8,0.0,0.7302967433402214,1.0,,3,ORIGINAL
9,10,0.0,0.4082482904638631,,,6,ORIGINAL
10,0,0.0,,,,2,ORIGINAL
10,1,0.0,-0.16903085094570328,,,7,ORIGINAL
10,2,0.0,-0.5773502691896257,,,6,ORIGINAL
10,3,0.0,-0.4472135954999579,,,14,ORIGINAL
10,4,0.0,-0.223606797749979,,,9,ORIGINAL
10,5,0.0,-0.12309149097933275,,,12,ORIGINAL
10,6,0.0,0.1336306209562122,,,9,ORIGINAL
10,7,0.0,-0.769800358919501,,,6,ORIGINAL
10,8,0.0,-0.33333333333333337,,,6,ORIGINAL
10,9,0.0,0.4082482904638631,,,6,ORIGINAL
11,0,0.0,0.1889822365046136,1.0,,4,ORIGINAL
11,1,0.0,0.8660254037844387,1.0,,4,ORIGINAL
11,2,0.0,-0.5773502691896257,0.9633150259944552,,3,ORIGINAL
11,3,0.0,-0.13483997249264842,0.9478675140998328,,5,ORIGINAL
11,4,0.0,,1.0,,1,ORIGINAL
11,5,0.0,,1.0,,1,ORIGINAL
11,6,0.0,,0.9646784562203947,,0,ORIGINAL
11,7,0.0,,1.0,,0,ORIGINAL
11,8,0.0,,1.0,,0,ORIGINAL
11,9,0.0,-0.2357022603955158,1.0,,3,ORIGINAL
12,0,0.0,,1.0,,2,ORIGINAL
12,1,0.0,0.8801724588467041,1.0,,8,ORIGINAL
12,2,0.0,0.917662935482247,0.9633150259944552,,10,ORIGINAL
12,3,0.0,0.9096744465929526,0.9478675140998328,,23,ORIGINAL
12,4,0.0,0.9190074972809804,1.0,,10,ORIGINAL
12,5,0.0,0.9302605094190635,1.0,,11,ORIGINAL
12,6,0.0,0.7576144084141581,0.9646784562203947,,10,ORIGINAL
12,7,0.0,0.9434563530497265,1.0,,4,ORIGINAL
12,8,0.0,0.9230769230769232,1.0,,4,ORIGINAL
12,9,0.0,1.0000000000000002,1.0,,3,ORIGINAL
13,0,0.0,0.9525793444156805,,,6,ORIGINAL
13,1,0.0,1.0,,,11,ORIGINAL
13,2,0.0,0.9197090092274486,,,13,ORIGINAL
13,3,0.0,0.8553372034476997,,,25,ORIGINAL
13,4,0.0,0.8398387664337815,,,11,ORIGINAL
13,5,0.0,0.894427190999916,,,14,ORIGINAL
13,6,0.0,0.5400617248673217,,,13,ORIGINAL
13,7,0.0,0.9525793444156805,,,9,ORIGINAL
13,8,0.0,0.9430419201928973,,,8,ORIGINAL
13,9,0.0,0.8910421112136306,,,11,ORIGINAL
14,0,0.0,0.944911182523068,0.9688240436981679,,4,ORIGINAL
14,1,0.0,0.8486684247915056,0.9688240436981679,,9,ORIGINAL
14,2,0.0,0.8189230248533257,0.9416600178977113,,12,ORIGINAL
14,3,0.0,0.9276125895432155,0.9640273215868559,,30,ORIGINAL
14,4,0.0,0.8488746876271654,0.9688240436981679,,15,ORIGINAL
14,5,0.0,0.9296696802013682,0.9688240436981679,,11,ORIGINAL
14,6,0.0,0.8902638145194514,0.9506001616253588,,13,ORIGINAL
14,7,0.0,0.8976656233969146,0.9688240436981679,,13,ORIGINAL
14,8,0.0,0.8736977528572243,0.9688240436981679,,12,ORIGINAL
14,9,0.0,0.8892972917998876,0.9688240436981679,,6,ORIGINAL
15,0,0.0,0.1889822365046136,1.0,,4,ORIGINAL
15,1,0.0,0.8999999999999998,1.0,,7,ORIGINAL
15,2,0.0,0.909154827298409,0.9633150259944552,,17,ORIGINAL
15,3,0.0,0.9428713287054149,0.9478675140998328,,19,ORIGINAL
15,4,0.0,0.9467292624062573,1.0,,6,ORIGINAL
15,5,0.0,0.4045199174779452,1.0,,10,ORIGINAL
15,6,0.0,0.6308932681440448,0.9646784562203947,,13,ORIGINAL
15,7,0.0,0.9561828874675149,1.0,,7,ORIGINAL
15,8,0.0,0.8775269089525567,1.0,,8,ORIGINAL
15,9,0.0,0.48304589153964794,1.0,,6,ORIGINAL
16,0,0.0,,0.9639813098116331,,1,ORIGINAL
16,1,0.0,0.9999999999999999,0.9639813098116331,,4,ORIGINAL
16,2,0.0,0.9999999999999998,0.9054516351274056,,5,ORIGINAL
16,3,0.0,0.9534625892455924,0.8676103609921769,,8,ORIGINAL
16,4,0.0,0.8333333333333335,0.9639813098116331,,3,ORIGINAL
16,5,0.0,,0.9639813098116331,,2,ORIGINAL
16,6,0.0,0.8728715609439696,0.9485264300328381,,4,ORIGINAL
16,7,0.0,,0.9639813098116331,,1,ORIGINAL
16,8,0.0,,0.9639813098116331,,1,ORIGINAL
16,9,0.0,,0.9639813098116331,,2,ORIGINAL
17,0,0.0,0.9428090415820635,1.0,,3,ORIGINAL
17,1,0.0,0.9444444444444444,1.0,,9,ORIGINAL
17,2,0.0,0.9103585242672971,0.9633150259944552,,13,ORIGINAL
17,3,0.0,0.8671531082505228,0.9478675140998328,,25,ORIGINAL
17,4,0.0,0.9463399022160672,1.0,,11,ORIGINAL
17,5,0.0,0.9727963492069713,1.0,,13,ORIGINAL
17,6,0.0,0.6736330697086078,0.9646784562203947,,12,ORIGINAL
17,7,0.0,0.8875203139603666,1.0,,7,ORIGINAL
17,8,0.0,0.9325048082403138,1.0,,8,ORIGINAL
17,9,0.0,0.96,1.0,,7,ORIGINAL
18,0,0.0,,0.9471904310983514,,0,ORIGINAL
18,1,0.0,0.9561828874675149,0.9471904310983514,,4,ORIGINAL
18,2,0.0,0.9258200997725516,0.9744499134770355,,6,ORIGINAL
18,3,0.0,0.9636241116594315,0.9590620043917518,,10,ORIGINAL
18,4,0.0,,0.9471904310983514,,2,ORIGINAL
18,5,0.0,0.9486832980505138,0.9471904310983514,,6,ORIGINAL
18,6,0.0,0.7717436331412897,0.9287918814548854,,5,ORIGINAL
18,7,0.0,,0.9471904310983514,,1,ORIGINAL
18,8,0.0,0.9428090415820635,0.9471904310983514,,3,ORIGINAL
18,9,0.0,0.8888888888888888,0.9471904310983514,,3,ORIGINAL
19,0,0.0,,1.0,,2,ORIGINAL
19,1,0.0,,1.0,,2,ORIGINAL
19,2,0.0,-1.0000000000000002,0.9633150259944552,,3,ORIGINAL
19,3,0.0,-1.0000000000000002,0.9478675140998328,,3,ORIGINAL
19,4,0.0,,1.0,,1,ORIGINAL
19,5,0.0,,1.0,,2,ORIGINAL
19,6,0.0,,0.9646784562203947,,1,ORIGINAL
19,7,0.0,,1.0,,0,ORIGINAL
19,8,0.0,,1.0,,0,ORIGINAL
19,9,0.0,0.0,1.0,,4,ORIGINAL
20,0,0.0,,1.0,,1,ORIGINAL
20,1,0.0,,1.0,,2,ORIGINAL
20,2,0.0,1.0000000000000002,0.9633150259944552,,6,ORIGINAL
20,3,0.0,0.8613567692141091,0.9478675140998328,,16,ORIGINAL
20,4,0.0,0.9434563530497265,1.0,,4,ORIGINAL
20,5,0.0,0.9333333333333333,1.0,,10,ORIGINAL
20,6,0.0,0.6324555320336759,0.9646784562203947,,4,ORIGINAL
20,7,0.0,0.9090909090909091,1.0,,5,ORIGINAL
20,8,0.0,0.8869685939836239,1.0,,7,ORIGINAL
20,9,0.0,,1.0,,2,ORIGINAL
21,549,0.9,0.9523809523809523,,,6,ORIGINAL
21,739,0.9,0.9761870601839528,,,5,ORIGINAL
21,0,0.0,,0.9787128308504259,,2,ORIGINAL
21,1,0.0,0.9438798074485388,0.9787128308504259,,7,ORIGINAL
21,2,0.0,0.9622504486493764,0.9352165916551258,,9,ORIGINAL
21,3,0.0,0.9140905301589133,0.9507984159514022,,16,ORIGINAL
21,4,0.0,0.9503819266229829,0.9787128308504259,,10,ORIGINAL
21,5,0.0,0.9428090415820635,0.9787128308504259,,12,ORIGINAL
21,6,0.0,0.7089175569585667,0.9503441962871676,,11,ORIGINAL
21,7,0.0,0.8421052631578946,0.9787128308504259,,7,ORIGINAL
22,0,0.0,,0.9464225387447485,,0,ORIGINAL
22,1,0.0,,0.9464225387447485,,0,ORIGINAL
22,2,0.0,,0.9364023515847217,,0,ORIGINAL
22,3,0.0,,0.946063815064017,,1,ORIGINAL
22,4,0.0,,0.9464225387447485,,1,ORIGINAL
22,5,0.0,,0.9464225387447485,,1,ORIGINAL
22,6,0.0,,0.9660329857432681,,0,ORIGINAL
22,7,0.0,,0.9464225387447485,,0,ORIGINAL
22,8,0.0,,0.9464225387447485,,0,ORIGINAL
22,9,0.0,,0.9464225387447485,,0,ORIGINAL
23,0,0.0,,0.9738458758990994,,1,ORIGINAL
23,1,0.0,0.944911182523068,0.9738458758990994,,4,ORIGINAL
23,2,0.0,0.9594032236002469,0.9545809525599896,,8,ORIGINAL
23,3,0.0,0.8997354108424374,0.9713391354286336,,17,ORIGINAL
23,4,0.0,0.9486832980505138,0.9738458758990994,,8,ORIGINAL
23,5,0.0,0.9999999999999999,0.9738458758990994,,7,ORIGINAL
23,6,0.0,0.9594032236002469,0.9212287384896999,,8,ORIGINAL
23,7,0.0,0.944911182523068,0.9738458758990994,,8,ORIGINAL
23,8,0.0,0.9622504486493764,0.9738458758990994,,6,ORIGINAL
23,9,0.0,0.9486832980505138,0.9738458758990994,,4,ORIGINAL
24,0,0.0,-0.447213595499958,0.9806790826880305,,12,ORIGINAL
24,1,0.0,0.5855400437691199,0.9806790826880305,,17,ORIGINAL
24,2,0.0,0.6199304198780667,0.9341955269643447,,21,ORIGINAL
24,3,0.0,0.42092222111001554,0.9453174429785006,,66,ORIGINAL
24,4,0.0,0.4536323543632774,0.9806790826880305,,18,ORIGINAL
24,5,0.0,0.4588314677411235,0.9806790826880305,,19,ORIGINAL
24,6,0.0,0.5714285714285714,0.9561958130021706,,18,ORIGINAL
24,7,0.0,0.7092081432669752,0.9806790826880305,,13,ORIGINAL
24,8,0.0,0.44543540318737396,0.9806790826880305,,15,ORIGINAL
24,9,0.0,0.8838834764831844,0.9806790826880305,,9,ORIGINAL
25,0,0.0,,0.9317824658482984,,2,ORIGINAL
25,1,0.0,0.8164965809277259,0.9317824658482984,,3,ORIGINAL
25,2,0.0,0.4364357804719848,0.9481723036225334,,4,ORIGINAL
25,3,0.0,0.7071067811865475,0.9184882791854332,,10,ORIGINAL
25,4,0.0,0.9428090415820635,0.9317824658482984,,3,ORIGINAL
25,5,0.0,0.5330017908890261,0.9317824658482984,,8,ORIGINAL
25,6,0.0,0.6666666666666667,0.9277148474475789,,7,ORIGINAL
25,7,0.0,0.9486832980505138,0.9317824658482984,,6,ORIGINAL
25,8,0.0,0.9486832980505138,0.9317824658482984,,4,ORIGINAL
25,9,0.0,0.2834733547569204,0.9317824658482984,,5,ORIGINAL
26,0,0.0,,0.9806790815403282,,2,ORIGINAL
26,1,0.0,1.0,0.9806790815403282,,4,ORIGINAL
26,2,0.0,0.9058216273156767,0.9341955258135484,,7,ORIGINAL
26,3,0.0,0.8333333333333334,0.9453174438792368,,12,ORIGINAL
26,4,0.0,0.9622504486493763,0.9806790815403282,,3,ORIGINAL
26,5,0.0,0.9999999999999999,0.9806790815403282,,7,ORIGINAL
26,6,0.0,0.4629100498862757,0.9561958137126199,,6,ORIGINAL
26,7,0.0,,0.9806790815403282,,2,ORIGINAL
26,8,0.0,0.9622504486493763,0.9806790815403282,,3,ORIGINAL
26,9,0.0,0.9561828874675149,0.9806790815403282,,5,ORIGINAL
27,0,0.0,,0.9472315702303523,,1,ORIGINAL
27,1,0.0,,0.9472315702303523,,1,ORIGINAL
27,2,0.0,,0.9299349183050548,,1,ORIGINAL
27,3,0.0,,0.900893001940777,,2,ORIGINAL
27,4,0.0,,0.9472315702303523,,0,ORIGINAL
27,5,0.0,0.9428090415820635,0.9472315702303523,,3,ORIGINAL
27,6,0.0,,0.9765532417861429,,0,ORIGINAL
27,7,0.0,0.9525793444156805,0.9472315702303523,,3,ORIGINAL
27,8,0.0,0.9428090415820635,0.9472315702303523,,3,ORIGINAL
27,9,0.0,,0.9472315702303523,,1,ORIGINAL
28,0,0.0,0.0,0.9633150259944552,,5,ORIGINAL
28,1,0.0,0.882522608121828,0.9633150259944552,,10,ORIGINAL
28,2,0.0,0.5477225575051661,0.9999999999999993,,11,ORIGINAL
28,3,0.0,0.4654746681256313,0.9777320874553711,,28,ORIGINAL
28,4,0.0,0.9128709291752769,0.9633150259944552,,8,ORIGINAL
28,5,0.0,0.6999999999999998,0.9633150259944552,,13,ORIGINAL
28,6,0.0,0.1690308509457033,0.9658346052796958,,14,ORIGINAL
28,7,0.0,0.5163977794943222,0.9633150259944552,,6,ORIGINAL
28,8,0.0,0.6622661785325219,0.9633150259944552,,7,ORIGINAL
28,9,0.0,0.6172133998483676,0.9633150259944552,,9,ORIGINAL
29,0,0.0,,0.9547094717688748,,1,ORIGINAL
29,1,0.0,,0.9547094717688748,,1,ORIGINAL
29,2,0.0,0.9428090415820635,0.9773974148095274,,3,ORIGINAL
29,3,0.0,0.9438798074485389,0.9866204906090082,,5,ORIGINAL
29,4,0.0,,0.9547094717688748,,1,ORIGINAL
29,5,0.0,,0.9547094717688748,,2,ORIGINAL
29,6,0.0,,0.9639000526449375,,1,ORIGINAL
29,7,0.0,,0.9547094717688748,,0,ORIGINAL
29,8,0.0,,0.9547094717688748,,1,ORIGINAL
29,9,0.0,,0.9547094717688748,,1,ORIGINAL
30,0,0.0,,0.9999999999999963,,0,ORIGINAL
30,1,0.0,0.9486832980505138,0.9999999999999963,,5,ORIGINAL
30,2,0.0,0.9467292624062573,0.963315030649272,,6,ORIGINAL
30,3,0.0,0.9293203772845849,0.9478675182060994,,13,ORIGINAL
30,4,0.0,0.9561828874675149,0.9999999999999963,,5,ORIGINAL
30,5,0.0,0.9428090415820634,0.9999999999999963,,9,ORIGINAL
30,6,0.0,0.4364357804719848,0.9646784581218443,,9,ORIGINAL
30,7,0.0,0.9723055853282466,0.9999999999999963,,8,ORIGINAL
30,8,0.0,0.9013878188659974,0.9999999999999963,,7,ORIGINAL
30,9,0.0,0.7745966692414834,0.9999999999999963,,6,ORIGINAL
31,0,0.0,,0.9265269144557784,,0,ORIGINAL
31,1,0.0,0.5,0.9265269144557784,,4,ORIGINAL
31,2,0.0,0.4082482904638631,0.8674344100157444,,3,ORIGINAL
31,3,0.0,0.5303300858899106,0.8508475952763901,,7,ORIGINAL
31,4,0.0,0.8660254037844387,0.9265269144557784,,3,ORIGINAL
31,5,0.0,0.7071067811865475,0.9265269144557784,,4,ORIGINAL
31,6,0.0,0.35355339059327373,0.9305804524064215,,6,ORIGINAL
31,7,0.0,,0.9265269144557784,,2,ORIGINAL
31,8,0.0,,0.9265269144557784,,2,ORIGINAL
31,9,0.0,0.6666666666666666,0.9265269144557784,,3,ORIGINAL
32,0,0.0,,0.961120586841919,,0,ORIGINAL
32,1,0.0,0.944911182523068,0.961120586841919,,4,ORIGINAL
32,2,0.0,,0.9521660180930676,,1,ORIGINAL
32,3,0.0,,0.9352301584940231,,2,ORIGINAL
32,4,0.0,0.9622504486493763,0.961120586841919,,3,ORIGINAL
32,5,0.0,1.0000000000000002,0.961120586841919,,3,ORIGINAL
32,6,0.0,0.3651483716701107,0.9665349418267045,,5,ORIGINAL
32,7,0.0,,0.961120586841919,,1,ORIGINAL
32,8,0.0,,0.961120586841919,,0,ORIGINAL
32,9,0.0,,0.961120586841919,,2,ORIGINAL
33,0,0.0,0.9999999999999998,0.9949147262909888,,7,ORIGINAL
33,1,0.0,0.9434563530497265,0.9949147262909888,,13,ORIGINAL
33,2,0.0,0.9061030445113443,0.9513045252701238,,10,ORIGINAL
33,3,0.0,0.8890008890013334,0.9266304177681179,,29,ORIGINAL
33,4,0.0,0.8804087784801331,0.9949147262909888,,10,ORIGINAL
33,5,0.0,0.9315516419063741,0.9949147262909888,,14,ORIGINAL
33,6,0.0,0.4803844614152614,0.9703037312415322,,12,ORIGINAL
33,7,0.0,0.968962790249909,0.9949147262909888,,6,ORIGINAL
33,8,0.0,0.8677218312746247,0.9949147262909888,,8,ORIGINAL
33,9,0.0,0.9429541672723838,0.9949147262909888,,11,ORIGINAL
34,0,0.0,,1.0,,7,ORIGINAL
34,1,0.0,0.75,1.0,,15,ORIGINAL
34,2,0.0,0.37796447300922725,0.9633150259944552,,13,ORIGINAL
34,3,0.0,0.4615930911724977,0.9478675140998328,,42,ORIGINAL
34,4,0.0,0.7071067811865476,1.0,,9,ORIGINAL
34,5,0.0,0.5477225575051661,1.0,,18,ORIGINAL
34,6,0.0,0.47673129462279606,0.9646784562203947,,19,ORIGINAL
34,7,0.0,0.5892556509887896,1.0,,9,ORIGINAL
34,8,0.0,0.6187184335382291,1.0,,11,ORIGINAL
34,9,0.0,0.6885303726590962,1.0,,10,ORIGINAL
35,0,0.0,,0.9420432252655582,,1,ORIGINAL
35,1,0.0,1.0000000000000002,0.9420432252655582,,6,ORIGINAL
35,2,0.0,0.8333333333333334,0.935694190065955,,6,ORIGINAL
35,3,0.0,0.9197090092274486,0.9599929196111939,,16,ORIGINAL
35,4,0.0,0.9761870601839528,0.9420432252655582,,5,ORIGINAL
35,5,0.0,0.9999999999999998,0.9420432252655582,,8,ORIGINAL
35,6,0.0,0.5070925528371099,0.9403748526765583,,5,ORIGINAL
35,7,0.0,0.9486832980505138,0.9420432252655582,,4,ORIGINAL
35,8,0.0,0.9561828874675149,0.9420432252655582,,5,ORIGINAL
35,9,0.0,0.769800358919501,0.9420432252655582,,4,ORIGINAL
36,0,0.0,,0.9824636481796526,,1,ORIGINAL
36,1,0.0,0.6454972243679028,0.9824636481796526,,9,ORIGINAL
36,2,0.0,0.46188021535170054,0.9373812375584477,,9,ORIGINAL
36,3,0.0,0.6092717958449424,0.9051753866614726,,17,ORIGINAL
36,4,0.0,0.6804138174397718,0.9824636481796526,,6,ORIGINAL
36,5,0.0,0.6666666666666666,0.9824636481796526,,9,ORIGINAL
36,6,0.0,0.6324555320336759,0.9655410100448671,,11,ORIGINAL
36,7,0.0,0.6933752452815365,0.9824636481796526,,7,ORIGINAL
36,8,0.0,0.6708203932499369,0.9824636481796526,,4,ORIGINAL
36,9,0.0,0.9072647087265548,0.9824636481796526,,7,ORIGINAL
37,0,0.0,,0.9787128258238049,,0,ORIGINAL
37,1,0.0,0.944911182523068,0.9787128258238049,,4,ORIGINAL
37,2,0.0,,0.9352165812195476,,2,ORIGINAL
37,3,0.0,0.944911182523068,0.9507984080426413,,4,ORIGINAL
37,4,0.0,0.9622504486493763,0.9787128258238049,,3,ORIGINAL
37,5,0.0,1.0000000000000002,0.9787128258238049,,3,ORIGINAL
37,6,0.0,0.8164965809277259,0.9503441917874439,,6,ORIGINAL
37,7,0.0,0.9622504486493763,0.9787128258238049,,3,ORIGINAL
37,8,0.0,,0.9787128258238049,,2,ORIGINAL
37,9,0.0,0.9486832980505138,0.9787128258238049,,4,ORIGINAL
38,551,0.9,,0.9246351769434363,,0,ORIGINAL
38,0,0.0,0.9999999999999998,0.9246351769434363,,5,ORIGINAL
38,1,0.0,,0.9246351769434363,,2,ORIGINAL
38,2,0.0,1.0000000000000002,0.9390073894927917,,3,ORIGINAL
38,3,0.0,1.0000000000000002,0.9530605263464157,,6,ORIGINAL
38,4,0.0,,0.9246351769434363,,0,ORIGINAL
38,5,0.0,,0.9246351769434363,,1,ORIGINAL
38,6,0.0,,0.9144329271717845,,0,ORIGINAL
38,7,0.0,,0.9246351769434363,,1,ORIGINAL
38,8,0.0,,0.9246351769434363,,1,ORIGINAL
39,0,0.0,-0.2886751345948129,0.9806790805725801,,4,ORIGINAL
39,1,0.0,0.629940788348712,0.9806790805725801,,7,ORIGINAL
39,2,0.0,0.8944271909999159,0.9341955204820873,,6,ORIGINAL
39,3,0.0,0.8176298175326768,0.9453174394304682,,19,ORIGINAL
39,4,0.0,0.8528028654224419,0.9806790805725801,,6,ORIGINAL
39,5,0.0,0.7468160448149386,0.9806790805725801,,18,ORIGINAL
39,6,0.0,0.7692307692307694,0.9561958104880408,,10,ORIGINAL
39,7,0.0,0.8964214570007952,0.9806790805725801,,8,ORIGINAL
39,8,0.0,0.890870806374748,0.9806790805725801,,9,ORIGINAL
39,9,0.0,0.5345224838248488,0.9806790805725801,,6,ORIGINAL
40,0,0.0,,0.9487238660456732,,0,ORIGINAL
40,1,0.0,0.9428090415820635,0.9487238660456732,,3,ORIGINAL
40,2,0.0,1.0,0.8891044140773785,,4,ORIGINAL
40,3,0.0,1.0,0.9153603163718335,,6,ORIGINAL
40,4,0.0,,0.9487238660456732,,2,ORIGINAL
40,5,0.0,0.9486832980505138,0.9487238660456732,,5,ORIGINAL
40,6,0.0,0.9428090415820632,0.9216289035166967,,6,ORIGINAL
40,7,0.0,0.944911182523068,0.9487238660456732,,4,ORIGINAL
40,8,0.0,0.8528028654224417,0.9487238660456732,,5,ORIGINAL
40,9,0.0,0.9428090415820635,0.9487238660456732,,3,ORIGINAL
41,0,0.0,,0.9787128262576937,,0,ORIGINAL
41,1,0.0,0.9486832980505138,0.9787128262576937,,5,ORIGINAL
41,2,0.0,0.8660254037844386,0.9352165820534446,,6,ORIGINAL
41,3,0.0,0.9058216273156767,0.9507984093464296,,12,ORIGINAL
41,4,0.0,0.9999999999999998,0.9787128262576937,,5,ORIGINAL
41,5,0.0,1.0000000000000002,0.9787128262576937,,6,ORIGINAL
41,6,0.0,0.6154574548966638,0.9503441910853968,,6,ORIGINAL
41,7,0.0,,0.9787128262576937,,2,ORIGINAL
41,8,0.0,0.9428090415820635,0.9787128262576937,,3,ORIGINAL
41,9,0.0,,0.9787128262576937,,2,ORIGINAL
42,0,0.0,,0.9420432252655582,,0,ORIGINAL
42,1,0.0,0.9999999999999998,0.9420432252655582,,5,ORIGINAL
42,2,0.0,0.9428090415820635,0.935694190065955,,3,ORIGINAL
42,3,0.0,0.8486684247915056,0.9599929196111939,,9,ORIGINAL
42,4,0.0,,0.9420432252655582,,1,ORIGINAL
42,5,0.0,0.9999999999999998,0.9420432252655582,,5,ORIGINAL
42,6,0.0,0.6324555320336759,0.9403748526765583,,5,ORIGINAL
42,7,0.0,0.944911182523068,0.9420432252655582,,4,ORIGINAL
42,8,0.0,0.9428090415820635,0.9420432252655582,,3,ORIGINAL
42,9,0.0,1.0,0.9420432252655582,,4,ORIGINAL
43,0,0.0,,0.9478675152236234,,0,ORIGINAL
43,1,0.0,,0.9478675152236234,,1,ORIGINAL
43,2,0.0,,0.9777320864904733,,1,ORIGINAL
43,3,0.0,,0.999999999999996,,2,ORIGINAL
43,4,0.0,,0.9478675152236234,,1,ORIGINAL
43,5,0.0,,0.9478675152236234,,2,ORIGINAL
43,6,0.0,,0.941348872505469,,1,ORIGINAL
43,7,0.0,,0.9478675152236234,,0,ORIGINAL
43,8,0.0,,0.9478675152236234,,0,ORIGINAL
43,9,0.0,,0.9478675152236234,,0,ORIGINAL
44,0,0.0,,0.959400934511315,,1,ORIGINAL
44,1,0.0,0.8333333333333334,0.959400934511315,,6,ORIGINAL
44,2,0.0,0.9622504486493763,0.9838151382869627,,3,ORIGINAL
44,3,0.0,0.5039526306789697,0.9455680632095379,,10,ORIGINAL
44,4,0.0,0.7453559924999299,0.959400934511315,,3,ORIGINAL
44,5,0.0,0.7745966692414834,0.959400934511315,,3,ORIGINAL
44,6,0.0,0.6546536707079772,0.9765368568814966,,4,ORIGINAL
44,7,0.0,,0.959400934511315,,1,ORIGINAL
44,8,0.0,,0.959400934511315,,2,ORIGINAL
44,9,0.0,0.7071067811865475,0.959400934511315,,3,ORIGINAL
45,0,0.0,0.0,0.9806790809612916,,3,ORIGINAL
45,1,0.0,0.17541160386140586,0.9806790809612916,,7,ORIGINAL
45,2,0.0,-0.2727272727272727,0.9341955262974632,,10,ORIGINAL
45,3,0.0,-0.24019223070763074,0.9453174448106192,,14,ORIGINAL
45,4,0.0,0.0,0.9806790809612916,,10,ORIGINAL
45,5,0.0,0.19999999999999996,0.9806790809612916,,10,ORIGINAL
45,6,0.0,0.44543540318737396,0.9561958124077936,,8,ORIGINAL
45,7,0.0,0.47140452079103173,0.9806790809612916,,3,ORIGINAL
45,8,0.0,0.19245008972987526,0.9806790809612916,,3,ORIGINAL
45,9,0.0,0.15294382258037448,0.9806790809612916,,7,ORIGINAL
46,0,0.0,,0.9557478104089453,,0,ORIGINAL
46,1,0.0,,0.9557478104089453,,2,ORIGINAL
46,2,0.0,,0.8993093781459607,,2,ORIGINAL
46,3,0.0,0.9999999999999999,0.8997410461184958,,7,ORIGINAL
46,4,0.0,1.0000000000000002,0.9557478104089453,,3,ORIGINAL
46,5,0.0,1.0000000000000002,0.9557478104089453,,6,ORIGINAL
46,6,0.0,0.33333333333333337,0.9319636192814553,,3,ORIGINAL
46,7,0.0,0.9428090415820635,0.9557478104089453,,3,ORIGINAL
46,8,0.0,0.9622504486493763,0.9557478104089453,,3,ORIGINAL
46,9,0.0,,0.9557478104089453,,1,ORIGINAL
47,0,0.0,-0.13608276348795434,0.9806790815403282,,12,ORIGINAL
47,1,0.0,0.6363636363636364,0.9806790815403282,,11,ORIGINAL
47,2,0.0,0.7071067811865476,0.9341955258135484,,18,ORIGINAL
47,3,0.0,0.4674263524428027,0.9453174438792368,,53,ORIGINAL
47,4,0.0,0.7144345083117603,0.9806790815403282,,14,ORIGINAL
47,5,0.0,0.43259045634870014,0.9806790815403282,,17,ORIGINAL
47,6,0.0,0.5590169943749475,0.9561958137126199,,17,ORIGINAL
47,7,0.0,0.9028938981432691,0.9806790815403282,,11,ORIGINAL
47,8,0.0,0.41344911529736156,0.9806790815403282,,15,ORIGINAL
47,9,0.0,0.6415330278717848,0.9806790815403282,,10,ORIGINAL
48,0,0.0,-0.8838834764831843,0.9547094764030233,,5,ORIGINAL
48,1,0.0,0.0,0.9547094764030233,,10,ORIGINAL
48,2,0.0,-0.4999999999999999,0.9773974158313353,,17,ORIGINAL
48,3,0.0,0.030386856273138193,0.9866204930985656,,40,ORIGINAL
48,4,0.0,-0.15811388300841897,0.9547094764030233,,11,ORIGINAL
48,5,0.0,-0.24174688920761409,0.9547094764030233,,16,ORIGINAL
48,6,0.0,0.27386127875258304,0.9639000552479016,,16,ORIGINAL
48,7,0.0,-0.1649572197684645,0.9547094764030233,,9,ORIGINAL
48,8,0.0,-0.45184805705753195,0.9547094764030233,,12,ORIGINAL
48,9,0.0,0.5735393346764044,0.9547094764030233,,8,ORIGINAL
49,0,0.0,,0.9623825726019074,,0,ORIGINAL
49,1,0.0,0.8451542547285165,0.9623825726019074,,7,ORIGINAL
49,2,0.0,0.8660254037844387,0.9039457242238322,,3,ORIGINAL
49,3,0.0,0.8333333333333334,0.9255037799035835,,6,ORIGINAL
49,4,0.0,0.8006407690254358,0.9623825726019074,,4,ORIGINAL
49,5,0.0,0.9999999999999998,0.9623825726019074,,5,ORIGINAL
49,6,0.0,0.6324555320336759,0.9443964430495274,,5,ORIGINAL
49,7,0.0,0.8728715609439696,0.9623825726019074,,4,ORIGINAL
49,8,0.0,,0.9623825726019074,,2,ORIGINAL
49,9,0.0,0.9701425001453319,0.9623825726019074,,5,ORIGINAL
50,0,0.0,,0.963981308086907,,2,ORIGINAL
50,1,0.0,,0.963981308086907,,2,ORIGINAL
50,2,0.0,1.0,0.9054516341796085,,4,ORIGINAL
50,3,0.0,0.9525793444156805,0.8676103614366972,,6,ORIGINAL
50,4,0.0,,0.963981308086907,,2,ORIGINAL
50,5,0.0,,0.963981308086907,,2,ORIGINAL
50,6,0.0,,0.9485264285066358,,2,ORIGINAL
50,7,0.0,,0.963981308086907,,2,ORIGINAL
50,8,0.0,,0.963981308086907,,1,ORIGINAL
50,9,0.0,,0.963981308086907,,2,ORIGINAL
51,0,0.0,,0.9487238660456732,,0,ORIGINAL
51,1,0.0,,0.9487238660456732,,2,ORIGINAL
51,2,0.0,,0.8891044140773785,,2,ORIGINAL
51,3,0.0,0.944911182523068,0.9153603163718335,,4,ORIGINAL
51,4,0.0,,0.9487238660456732,,2,ORIGINAL
51,5,0.0,1.0,0.9487238660456732,,4,ORIGINAL
51,6,0.0,0.47140452079103173,0.9216289035166967,,3,ORIGINAL
51,7,0.0,,0.9487238660456732,,2,ORIGINAL
51,8,0.0,0.9428090415820635,0.9487238660456732,,3,ORIGINAL
51,9,0.0,,0.9487238660456732,,2,ORIGINAL
52,0,0.0,,0.9824636488246707,,2,ORIGINAL
52,1,0.0,0.944911182523068,0.9824636488246707,,4,ORIGINAL
52,2,0.0,0.9999999999999998,0.9373812348760907,,5,ORIGINAL
52,3,0.0,1.0000000000000002,0.9051753836650187,,14,ORIGINAL
52,4,0.0,0.9622504486493763,0.9824636488246707,,3,ORIGINAL
52,5,0.0,0.9999999999999998,0.9824636488246707,,5,ORIGINAL
52,6,0.0,0.5976143046671968,0.9655410090056596,,8,ORIGINAL
52,7,0.0,0.8366600265340756,0.9824636488246707,,4,ORIGINAL
52,8,0.0,0.9428090415820635,0.9824636488246707,,3,ORIGINAL
52,9,0.0,0.9647638212377322,0.9824636488246707,,4,ORIGINAL
53,0,0.0,,0.9557478088171908,,1,ORIGINAL
53,1,0.0,,0.9557478088171908,,1,ORIGINAL
53,2,0.0,0.8944271909999159,0.8993093836154078,,5,ORIGINAL
53,3,0.0,0.903696114115064,0.8997410506907818,,7,ORIGINAL
53,4,0.0,0.8164965809277261,0.9557478088171908,,3,ORIGINAL
53,5,0.0,,0.9557478088171908,,2,ORIGINAL
53,6,0.0,0.5477225575051661,0.9319636230993582,,6,ORIGINAL
53,7,0.0,1.0000000000000002,0.9557478088171908,,3,ORIGINAL
53,8,0.0,,0.9557478088171908,,1,ORIGINAL
53,9,0.0,0.9622504486493763,0.9557478088171908,,3,ORIGINAL
54,0,0.0,0.0,0.9742492755433215,,12,ORIGINAL
54,1,0.0,0.6546536707079772,0.9742492755433215,,12,ORIGINAL
54,2,0.0,0.09901475429766744,0.9795683863070662,,19,ORIGINAL
54,3,0.0,0.44263520637871306,0.9598205480642865,,62,ORIGINAL
54,4,0.0,0.37282185960072,0.9742492755433215,,16,ORIGINAL
54,5,0.0,0.6324555320336759,0.9742492755433215,,22,ORIGINAL
54,6,0.0,0.6481812160876687,0.9389299221777888,,17,ORIGINAL
54,7,0.0,0.6831300510639733,0.9742492755433215,,9,ORIGINAL
54,8,0.0,0.6024640760767093,0.9742492755433215,,18,ORIGINAL
54,9,0.0,0.6943650748294136,0.9742492755433215,,10,ORIGINAL
55,0,0.0,,0.9265269148420459,,0,ORIGINAL
55,1,0.0,,0.9265269148420459,,0,ORIGINAL
55,2,0.0,,0.8674344130317274,,1,ORIGINAL
55,3,0.0,,0.8508475978985416,,2,ORIGINAL
55,4,0.0,,0.9265269148420459,,1,ORIGINAL
55,5,0.0,,0.9265269148420459,,1,ORIGINAL
55,6,0.0,,0.9305804550117657,,2,ORIGINAL
55,7,0.0,,0.9265269148420459,,1,ORIGINAL
55,8,0.0,,0.9265269148420459,,1,ORIGINAL
55,9,0.0,,0.9265269148420459,,0,ORIGINAL
56,0,0.0,,1.0,,1,ORIGINAL
56,1,0.0,0.9428090415820634,1.0,,9,ORIGINAL
56,2,0.0,0.9486832980505138,0.9633150259944552,,7,ORIGINAL
56,3,0.0,0.9036519915598482,0.9478675140998328,,20,ORIGINAL
56,4,0.0,0.9999999999999999,1.0,,4,ORIGINAL
56,5,0.0,,1.0,,2,ORIGINAL
56,6,0.0,0.7071067811865475,0.9646784562203947,,8,ORIGINAL
56,7,0.0,,1.0,,1,ORIGINAL
56,8,0.0,,1.0,,2,ORIGINAL
56,9,0.0,0.9669875568304563,1.0,,5,ORIGINAL
57,0,0.0,,0.9639813057502855,,2,ORIGINAL
57,1,0.0,1.0,0.9639813057502855,,4,ORIGINAL
57,2,0.0,0.8017837257372731,0.9054516273867759,,5,ORIGINAL
57,3,0.0,0.9090909090909091,0.8676103525548391,,8,ORIGINAL
57,4,0.0,0.9759000729485332,0.9639813057502855,,6,ORIGINAL
57,5,0.0,0.9999999999999998,0.9639813057502855,,9,ORIGINAL
57,6,0.0,0.7071067811865476,0.94852642475433,,6,ORIGINAL
57,7,0.0,0.9525793444156805,0.9639813057502855,,6,ORIGINAL
57,8,0.0,0.9622504486493763,0.9639813057502855,,3,ORIGINAL
57,9,0.0,0.8300573566392896,0.9639813057502855,,8,ORIGINAL
58,0,0.0,0.9594032236002469,0.9787128239948248,,5,ORIGINAL
58,1,0.0,0.810679228399881,0.9787128239948248,,14,ORIGINAL
58,2,0.0,0.831974200296408,0.9352165777787051,,18,ORIGINAL
58,3,0.0,0.858829815785566,0.9507984063620669,,35,ORIGINAL
58,4,0.0,0.7714285714285715,0.9787128239948248,,14,ORIGINAL
58,5,0.0,0.8979991308594849,0.9787128239948248,,18,ORIGINAL
58,6,0.0,0.6449169275100167,0.950344188060066,,15,ORIGINAL
58,7,0.0,0.8355044182110839,0.9787128239948248,,9,ORIGINAL
58,8,0.0,0.8858795678282981,0.9787128239948248,,8,ORIGINAL
58,9,0.0,0.9190074972809804,0.9787128239948248,,10,ORIGINAL
59,0,0.0,,0.9567031301265733,,1,ORIGINAL
59,1,0.0,,0.9567031301265733,,1,ORIGINAL
59,2,0.0,,0.8856912355799222,,2,ORIGINAL
59,3,0.0,,0.9004262919620052,,2,ORIGINAL
59,4,0.0,,0.9567031301265733,,2,ORIGINAL
59,5,0.0,,0.9567031301265733,,1,ORIGINAL
59,6,0.0,0.9428090415820635,0.931148514466289,,3,ORIGINAL
59,7,0.0,,0.9567031301265733,,0,ORIGINAL
59,8,0.0,,0.9567031301265733,,1,ORIGINAL
59,9,0.0,,0.9567031301265733,,1,ORIGINAL
60,0,0.0,0.0,0.9456603582648467,,6,ORIGINAL
60,1,0.0,0.24999999999999994,0.9456603582648467,,8,ORIGINAL
60,2,0.0,0.7807200583588264,0.9446835785522979,,9,ORIGINAL
60,3,0.0,0.8017837257372731,0.960305499656942,,31,ORIGINAL
60,4,0.0,0.0,0.9456603582648467,,5,ORIGINAL
60,5,0.0,0.563621480190678,0.9456603582648467,,17,ORIGINAL
60,6,0.0,0.4472135954999579,0.9683544892601538,,10,ORIGINAL
60,7,0.0,0.7236272269866327,0.9456603582648467,,10,ORIGINAL
60,8,0.0,0.46188021535170054,0.9456603582648467,,8,ORIGINAL
60,9,0.0,0.19364916731037085,0.9456603582648467,,9,ORIGINAL
61,0,0.0,0.35355339059327373,0.954790438869377,,5,ORIGINAL
61,1,0.0,0.7171371656006361,0.954790438869377,,11,ORIGINAL
61,2,0.0,0.5897678246195885,0.9499077752060535,,14,ORIGINAL
61,3,0.0,0.3984095364447979,0.9601427199486495,,34,ORIGINAL
61,4,0.0,0.5163977794943222,0.954790438869377,,12,ORIGINAL
61,5,0.0,0.447213595499958,0.954790438869377,,18,ORIGINAL
61,6,0.0,0.2773500981126146,0.9376399335293109,,12,ORIGINAL
61,7,0.0,0.8864052604279183,0.954790438869377,,10,ORIGINAL
61,8,0.0,0.39477101697586137,0.954790438869377,,12,ORIGINAL
61,9,0.0,0.8660254037844388,0.954790438869377,,7,ORIGINAL
62,0,0.0,,0.9547094758106197,,2,ORIGINAL
62,1,0.0,0.9594032236002469,0.9547094758106197,,8,ORIGINAL
62,2,0.0,0.8164965809277259,0.9773974153388738,,9,ORIGINAL
62,3,0.0,0.8199200616907878,0.9866204932488438,,21,ORIGINAL
62,4,0.0,0.5962847939999439,0.9547094758106197,,3,ORIGINAL
62,5,0.0,0.8749999999999998,0.9547094758106197,,9,ORIGINAL
62,6,0.0,0.5345224838248488,0.9639000528033324,,11,ORIGINAL
62,7,0.0,0.9258200997725514,0.9547094758106197,,7,ORIGINAL
62,8,0.0,0.8703882797784892,0.9547094758106197,,7,ORIGINAL
62,9,0.0,0.9622504486493764,0.9547094758106197,,6,ORIGINAL
63,0,0.0,,0.9699713587592962,,0,ORIGINAL
63,1,0.0,,0.9699713587592962,,2,ORIGINAL
63,2,0.0,,0.905982510957973,,0,ORIGINAL
63,3,0.0,0.857142857142857,0.8860247141839579,,4,ORIGINAL
63,4,0.0,,0.9699713587592962,,2,ORIGINAL
63,5,0.0,0.9999999999999998,0.9699713587592962,,5,ORIGINAL
63,6,0.0,,0.9660512378164053,,2,ORIGINAL
63,7,0.0,,0.9699713587592962,,2,ORIGINAL
63,8,0.0,0.9486832980505138,0.9699713587592962,,4,ORIGINAL
63,9,0.0,,0.9699713587592962,,1,ORIGINAL
64,0,0.0,,1.0,,0,ORIGINAL
64,1,0.0,0.8333333333333335,1.0,,3,ORIGINAL
64,2,0.0,,0.9633150259944552,,1,ORIGINAL
64,3,0.0,0.903696114115064,0.9478675140998328,,4,ORIGINAL
64,4,0.0,0.9058216273156767,1.0,,4,ORIGINAL
64,5,0.0,,1.0,,2,ORIGINAL
64,6,0.0,0.903696114115064,0.9646784562203947,,4,ORIGINAL
64,7,0.0,,1.0,,1,ORIGINAL
64,8,0.0,,1.0,,1,ORIGINAL
64,9,0.0,,1.0,,1,ORIGINAL
65,0,0.0,0.4714045207910316,0.95670313098527,,6,ORIGINAL
65,1,0.0,0.7071067811865475,0.95670313098527,,11,ORIGINAL
65,2,0.0,0.6556100681071858,0.8856912382551831,,16,ORIGINAL
65,3,0.0,0.5927489783638192,0.9004262932688133,,31,ORIGINAL
65,4,0.0,0.5916079783099615,0.95670313098527,,13,ORIGINAL
65,5,0.0,0.5669467095138409,0.95670313098527,,18,ORIGINAL
65,6,0.0,0.35856858280031806,0.9311485178330615,,10,ORIGINAL
65,7,0.0,0.692820323027551,0.95670313098527,,7,ORIGINAL
65,8,0.0,0.5039526306789697,0.95670313098527,,9,ORIGINAL
65,9,0.0,0.9486832980505138,0.95670313098527,,5,ORIGINAL
66,0,0.0,,1.0,,2,ORIGINAL
66,1,0.0,0.8660254037844387,1.0,,4,ORIGINAL
66,2,0.0,0.9594032236002469,0.9633150259944552,,8,ORIGINAL
66,3,0.0,0.9622504486493763,0.9478675140998328,,9,ORIGINAL
66,4,0.0,,1.0,,2,ORIGINAL
66,5,0.0,0.9428090415820635,1.0,,6,ORIGINAL
66,6,0.0,0.6324555320336759,0.9646784562203947,,3,ORIGINAL
66,7,0.0,0.944911182523068,1.0,,5,ORIGINAL
66,8,0.0,0.5962847939999439,1.0,,3,ORIGINAL
66,9,0.0,0.6172133998483676,1.0,,4,ORIGINAL
67,0,0.0,0.9561828874675149,0.9528772578999964,,7,ORIGINAL
67,1,0.0,0.9544271444636666,0.9528772578999964,,10,ORIGINAL
67,2,0.0,0.9293203772845849,0.8862136982368001,,10,ORIGINAL
67,3,0.0,0.893205911948113,0.8652361823140664,,34,ORIGINAL
67,4,0.0,0.8838834764831844,0.9528772578999964,,9,ORIGINAL
67,5,0.0,0.9231861823449956,0.9528772578999964,,12,ORIGINAL
67,6,0.0,0.643267520902677,0.950676317163076,,11,ORIGINAL
67,7,0.0,0.8636363636363636,0.9528772578999964,,10,ORIGINAL
67,8,0.0,0.9431191251430151,0.9528772578999964,,7,ORIGINAL
67,9,0.0,0.9723055853282466,0.9528772578999964,,5,ORIGINAL
68,0,0.0,0.9486832980505138,0.9865432291009868,,5,ORIGINAL
68,1,0.0,0.9999999999999999,0.9865432291009868,,7,ORIGINAL
68,2,0.0,1.0000000000000002,0.946452462077083,,3,ORIGINAL
68,3,0.0,0.9116846116771036,0.9288382417506102,,8,ORIGINAL
68,4,0.0,0.8606629658238704,0.9865432291009868,,6,ORIGINAL
68,5,0.0,0.9428090415820635,0.9865432291009868,,3,ORIGINAL
68,6,0.0,0.13608276348795434,0.9560412601772939,,6,ORIGINAL
68,7,0.0,1.0000000000000002,0.9865432291009868,,3,ORIGINAL
68,8,0.0,0.9434563530497265,0.9865432291009868,,4,ORIGINAL
68,9,0.0,0.9561828874675149,0.9865432291009868,,5,ORIGINAL
69,0,0.0,,0.9547904356008247,,2,ORIGINAL
69,1,0.0,0.24494897427831777,0.9547904356008247,,10,ORIGINAL
69,2,0.0,0.5590169943749475,0.949907779692503,,10,ORIGINAL
69,3,0.0,0.0,0.9601427262286477,,25,ORIGINAL
69,4,0.0,0.6454972243679028,0.9547904356008247,,8,ORIGINAL
69,5,0.0,0.7893522173763263,0.9547904356008247,,11,ORIGINAL
69,6,0.0,0.2519763153394848,0.9376399348472774,,10,ORIGINAL
69,7,0.0,0.8164965809277259,0.9547904356008247,,5,ORIGINAL
69,8,0.0,0.5,0.9547904356008247,,4,ORIGINAL
69,9,0.0,0.5934424260562083,0.9547904356008247,,8,ORIGINAL
70,0,0.0,0.7216878364870323,0.952820551009658,,9,ORIGINAL
70,1,0.0,0.9198662110078,0.952820551009658,,12,ORIGINAL
70,2,0.0,0.8992288030258971,0.9555396390167056,,23,ORIGINAL
70,3,0.0,0.6748111045311853,0.9747204185401228,,59,ORIGINAL
70,4,0.0,0.7348094335140691,0.952820551009658,,15,ORIGINAL
70,5,0.0,0.9428090415820635,0.952820551009658,,19,ORIGINAL
70,6,0.0,0.3999999999999999,0.9738170119085172,,17,ORIGINAL
70,7,0.0,0.9231861823449954,0.952820551009658,,10,ORIGINAL
70,8,0.0,0.9307578419910345,0.952820551009658,,13,ORIGINAL
70,9,0.0,0.8743856497851875,0.952820551009658,,13,ORIGINAL
71,0,0.0,,0.9487238655654072,,1,ORIGINAL
71,1,0.0,,0.9487238655654072,,2,ORIGINAL
71,2,0.0,-0.13483997249264842,0.8891044141448092,,5,ORIGINAL
71,3,0.0,-0.08574929257125441,0.9153603159512167,,8,ORIGINAL
71,4,0.0,-0.6471502289294341,0.9487238655654072,,4,ORIGINAL
71,5,0.0,-0.2927700218845599,0.9487238655654072,,7,ORIGINAL
71,6,0.0,0.0,0.9216289027546981,,3,ORIGINAL
71,7,0.0,,0.9487238655654072,,1,ORIGINAL
71,8,0.0,-0.9622504486493763,0.9487238655654072,,3,ORIGINAL
71,9,0.0,0.4082482904638631,0.9487238655654072,,3,ORIGINAL
72,0,0.0,0.8386278693775346,0.9080203346452346,,10,ORIGINAL
72,1,0.0,0.7106690545187015,0.9080203346452346,,15,ORIGINAL
72,2,0.0,0.810679228399881,0.8948584381044734,,20,ORIGINAL
72,3,0.0,0.7441611006409121,0.9115539263086506,,47,ORIGINAL
72,4,0.0,0.5111656508223583,0.9080203346452346,,16,ORIGINAL
72,5,0.0,0.5883484054145522,0.9080203346452346,,15,ORIGINAL
72,6,0.0,0.34655164004183603,0.8996317568729006,,22,ORIGINAL
72,7,0.0,0.890870806374748,0.9080203346452346,,9,ORIGINAL
72,8,0.0,0.7835467939002064,0.9080203346452346,,15,ORIGINAL
72,9,0.0,0.4364357804719848,0.9080203346452346,,10,ORIGINAL
73,0,0.0,,,,3,ORIGINAL
73,1,0.0,0.8333333333333334,,,6,ORIGINAL
73,2,0.0,0.7181848464596078,,,10,ORIGINAL
73,3,0.0,0.8257228238447705,,,19,ORIGINAL
73,4,0.0,0.8429272304235246,,,7,ORIGINAL
73,5,0.0,0.960768922830523,,,13,ORIGINAL
73,6,0.0,0.7302967433402214,,,10,ORIGINAL
73,7,0.0,0.7844645405527362,,,11,ORIGINAL
73,8,0.0,0.9284141650970551,,,12,ORIGINAL
73,9,0.0,0.7881104062391007,,,9,ORIGINAL
74,0,0.0,,0.9738458762311102,,1,ORIGINAL
74,1,0.0,,0.9738458762311102,,1,ORIGINAL
74,2,0.0,,0.9545809542852356,,1,ORIGINAL
74,3,0.0,0.9428090415820635,0.971339134360267,,3,ORIGINAL
74,4,0.0,,0.9738458762311102,,2,ORIGINAL
74,5,0.0,,0.9738458762311102,,2,ORIGINAL
74,6,0.0,,0.9212287398664367,,2,ORIGINAL
74,7,0.0,,0.9738458762311102,,0,ORIGINAL
74,8,0.0,,0.9738458762311102,,1,ORIGINAL
74,9,0.0,,0.9738458762311102,,2,ORIGINAL
75,0,0.0,,0.9422220987169725,,0,ORIGINAL
75,1,0.0,,0.9422220987169725,,2,ORIGINAL
75,2,0.0,,0.9481176782242603,,0,ORIGINAL
75,3,0.0,,0.9620152200530349,,2,ORIGINAL
75,4,0.0,,0.9422220987169725,,2,ORIGINAL
75,5,0.0,,0.9422220987169725,,1,ORIGINAL
75,6,0.0,0.9622504486493763,0.9297149427985862,,3,ORIGINAL
75,7,0.0,0.9622504486493763,0.9422220987169725,,3,ORIGINAL
75,8,0.0,,0.9422220987169725,,1,ORIGINAL
75,9,0.0,0.9622504486493763,0.9422220987169725,,3,ORIGINAL
76,0,0.0,0.7559289460184544,0.9132528984426408,,7,ORIGINAL
76,1,0.0,0.9622504486493763,0.9132528984426408,,12,ORIGINAL
76,2,0.0,0.8864052604279183,0.8396355169755443,,8,ORIGINAL
76,3,0.0,0.8134892168199607,0.8109206201871121,,18,ORIGINAL
76,4,0.0,0.8528028654224417,0.9132528984426408,,5,ORIGINAL
76,5,0.0,0.8944271909999159,0.9132528984426408,,6,ORIGINAL
76,6,0.0,0.8366600265340756,0.909209495872516,,8,ORIGINAL
76,7,0.0,0.944911182523068,0.9132528984426408,,7,ORIGINAL
76,8,0.0,0.857142857142857,0.9132528984426408,,4,ORIGINAL
76,9,0.0,0.9561828874675149,0.9132528984426408,,5,ORIGINAL
77,0,0.0,,0.948723862817226,,0,ORIGINAL
77,1,0.0,,0.948723862817226,,1,ORIGINAL
77,2,0.0,,0.8891044072638926,,1,ORIGINAL
77,3,0.0,,0.9153603103579822,,1,ORIGINAL
77,4,0.0,,0.948723862817226,,0,ORIGINAL
77,5,0.0,,0.948723862817226,,1,ORIGINAL
77,6,0.0,,0.9216288980902918,,0,ORIGINAL
77,7,0.0,,0.948723862817226,,1,ORIGINAL
77,8,0.0,,0.948723862817226,,0,ORIGINAL
77,9,0.0,,0.948723862817226,,1,ORIGINAL
78,0,0.0,0.4082482904638631,0.9734363229809143,,6,ORIGINAL
78,1,0.0,0.9176629354822472,0.9734363229809143,,15,ORIGINAL
78,2,0.0,0.7778174593052022,0.9372873929934409,,14,ORIGINAL
78,3,0.0,0.7164185699284198,0.9593459957627567,,34,ORIGINAL
78,4,0.0,0.8774535953713309,0.9734363229809143,,14,ORIGINAL
78,5,0.0,0.8907337387831413,0.9734363229809143,,13,ORIGINAL
78,6,0.0,0.7144345083117604,0.9352360608798272,,15,ORIGINAL
78,7,0.0,0.9112995284026161,0.9734363229809143,,10,ORIGINAL
78,8,0.0,0.9061030445113443,0.9734363229809143,,7,ORIGINAL
78,9,0.0,0.9139076937674137,0.9734363229809143,,10,ORIGINAL
79,0,0.0,-0.47140452079103173,0.9806790815403282,,12,ORIGINAL
79,1,0.0,0.5345224838248488,0.9806790815403282,,16,ORIGINAL
79,2,0.0,0.3265986323710904,0.9341955258135484,,18,ORIGINAL
79,3,0.0,0.4091585441924857,0.9453174438792368,,63,ORIGINAL
79,4,0.0,0.5848976518656018,0.9806790815403282,,17,ORIGINAL
79,5,0.0,0.76271276980969,0.9806790815403282,,15,ORIGINAL
79,6,0.0,0.27820744203732856,0.9561958137126199,,14,ORIGINAL
79,7,0.0,0.9238697708743119,0.9806790815403282,,10,ORIGINAL
79,8,0.0,0.66332495807108,0.9806790815403282,,10,ORIGINAL
79,9,0.0,0.6361464251628643,0.9806790815403282,,9,ORIGINAL
80,0,0.0,,1.0,,1,ORIGINAL
80,1,0.0,0.9428090415820635,1.0,,3,ORIGINAL
80,2,0.0,0.9486832980505138,0.9633150259944552,,5,ORIGINAL
80,3,0.0,0.9354143466934853,0.9478675140998328,,6,ORIGINAL
80,4,0.0,0.9428090415820632,1.0,,3,ORIGINAL
80,5,0.0,,1.0,,2,ORIGINAL
80,6,0.0,,0.9646784562203947,,2,ORIGINAL
80,7,0.0,,1.0,,0,ORIGINAL
80,8,0.0,,1.0,,1,ORIGINAL
80,9,0.0,,1.0,,1,ORIGINAL
81,0,0.0,,0.9633150259944552,,2,ORIGINAL
81,1,0.0,0.7499999999999999,0.9633150259944552,,5,ORIGINAL
81,2,0.0,0.7559289460184544,0.9999999999999993,,4,ORIGINAL
81,3,0.0,0.4472135954999579,0.9777320874553711,,12,ORIGINAL
81,4,0.0,,0.9633150259944552,,2,ORIGINAL
81,5,0.0,0.5773502691896258,0.9633150259944552,,7,ORIGINAL
81,6,0.0,0.7071067811865475,0.9658346052796958,,6,ORIGINAL
81,7,0.0,,0.9633150259944552,,2,ORIGINAL
81,8,0.0,0.31622776601683794,0.9633150259944552,,4,ORIGINAL
81,9,0.0,0.7559289460184544,0.9633150259944552,,4,ORIGINAL
82,0,0.0,,0.9235132152842885,,1,ORIGINAL
82,1,0.0,0.9486832980505138,0.9235132152842885,,8,ORIGINAL
82,2,0.0,0.8959786703810408,0.8568316575034316,,12,ORIGINAL
82,3,0.0,0.8427953808926898,0.8615105433622461,,22,ORIGINAL
82,4,0.0,0.9238697708743119,0.9235132152842885,,7,ORIGINAL
82,5,0.0,0.944911182523068,0.9235132152842885,,8,ORIGINAL
82,6,0.0,0.20225995873897262,0.9112126577215666,,10,ORIGINAL
82,7,0.0,0.9544271444636666,0.9235132152842885,,7,ORIGINAL
82,8,0.0,0.8164965809277261,0.9235132152842885,,3,ORIGINAL
82,9,0.0,1.0,0.9235132152842885,,5,ORIGINAL
83,0,0.0,,,,1,ORIGINAL
83,1,0.0,,,,1,ORIGINAL
83,2,0.0,,,,0,ORIGINAL
83,3,0.0,,,,1,ORIGINAL
83,4,0.0,,,,1,ORIGINAL
83,5,0.0,,,,1,ORIGINAL
83,6,0.0,,,,1,ORIGINAL
83,7,0.0,,,,1,ORIGINAL
83,8,0.0,,,,0,ORIGINAL
83,9,0.0,,,,0,ORIGINAL
84,0,0.0,,0.9824636481796526,,0,ORIGINAL
84,1,0.0,,0.9824636481796526,,1,ORIGINAL
84,2,0.0,,0.9373812375584477,,0,ORIGINAL
84,3,0.0,,0.9051753866614726,,0,ORIGINAL
84,4,0.0,,0.9824636481796526,,1,ORIGINAL
84,5,0.0,,0.9824636481796526,,0,ORIGINAL
84,6,0.0,,0.9655410100448671,,1,ORIGINAL
84,7,0.0,,0.9824636481796526,,1,ORIGINAL
84,8,0.0,,0.9824636481796526,,0,ORIGINAL
84,9,0.0,,0.9824636481796526,,0,ORIGINAL
85,0,0.0,,0.9734363214507032,,1,ORIGINAL
85,1,0.0,0.9486832980505138,0.9734363214507032,,6,ORIGINAL
85,2,0.0,0.944911182523068,0.9372873897695143,,5,ORIGINAL
85,3,0.0,0.8642416214502248,0.9593459940786431,,15,ORIGINAL
85,4,0.0,0.9,0.9734363214507032,,7,ORIGINAL
85,5,0.0,0.944911182523068,0.9734363214507032,,7,ORIGINAL
85,6,0.0,0.807207352795575,0.9352360575243936,,8,ORIGINAL
85,7,0.0,0.9013878188659974,0.9734363214507032,,7,ORIGINAL
85,8,0.0,0.9561828874675149,0.9734363214507032,,4,ORIGINAL
85,9,0.0,0.9449111825230682,0.9734363214507032,,6,ORIGINAL
86,0,0.0,0.8366600265340756,0.9472315702303523,,4,ORIGINAL
86,1,0.0,0.9622504486493764,0.9472315702303523,,6,ORIGINAL
86,2,0.0,0.9525793444156805,0.9299349183050548,,6,ORIGINAL
86,3,0.0,0.8999999999999998,0.900893001940777,,8,ORIGINAL
86,4,0.0,1.0000000000000002,0.9472315702303523,,3,ORIGINAL
86,5,0.0,0.8485281374238569,0.9472315702303523,,5,ORIGINAL
86,6,0.0,0.6024640760767093,0.9765532417861429,,6,ORIGINAL
86,7,0.0,0.9434563530497265,0.9472315702303523,,4,ORIGINAL
86,8,0.0,0.8333333333333335,0.9472315702303523,,3,ORIGINAL
86,9,0.0,1.0000000000000002,0.9472315702303523,,4,ORIGINAL
87,0,0.0,,0.9616716928623402,,2,ORIGINAL
87,1,0.0,0.9486832980505138,0.9616716928623402,,5,ORIGINAL
87,2,0.0,0.8775269089525567,0.9692984716891562,,8,ORIGINAL
87,3,0.0,0.9486832980505138,0.9711647492370729,,12,ORIGINAL
87,4,0.0,,0.9616716928623402,,2,ORIGINAL
87,5,0.0,0.9999999999999998,0.9616716928623402,,5,ORIGINAL
87,6,0.0,0.36927447293799825,0.9700823588710892,,8,ORIGINAL
87,7,0.0,0.9486832980505138,0.9616716928623402,,4,ORIGINAL
87,8,0.0,0.9622504486493763,0.9616716928623402,,3,ORIGINAL
87,9,0.0,0.9622504486493764,0.9616716928623402,,6,ORIGINAL
88,0,0.0,0.8728715609439696,0.9351398079168451,,4,ORIGINAL
88,1,0.0,0.8189230248533257,0.9351398079168451,,11,ORIGINAL
88,2,0.0,0.8090398349558904,0.8567595611332847,,13,ORIGINAL
88,3,0.0,0.7177070005460101,0.852217301321378,,24,ORIGINAL
88,4,0.0,0.8017837257372731,0.9351398079168451,,10,ORIGINAL
88,5,0.0,0.8181818181818182,0.9351398079168451,,11,ORIGINAL
88,6,0.0,0.7856742013183862,0.9311348229410946,,14,ORIGINAL
88,7,0.0,0.899954085146515,0.9351398079168451,,10,ORIGINAL
88,8,0.0,0.6236095644623236,0.9351398079168451,,9,ORIGINAL
88,9,0.0,0.7444375004781978,0.9351398079168451,,12,ORIGINAL
89,0,0.0,,0.9623825744921536,,1,ORIGINAL
89,1,0.0,0.9622504486493763,0.9623825744921536,,3,ORIGINAL
89,2,0.0,,0.9039457247248888,,2,ORIGINAL
89,3,0.0,0.9428090415820635,0.9255037785690072,,3,ORIGINAL
89,4,0.0,,0.9623825744921536,,2,ORIGINAL
89,5,0.0,,0.9623825744921536,,2,ORIGINAL
89,6,0.0,0.4082482904638631,0.9443964442816921,,3,ORIGINAL
89,7,0.0,,0.9623825744921536,,2,ORIGINAL
89,8,0.0,,0.9623825744921536,,0,ORIGINAL
89,9,0.0,1.0,0.9623825744921536,,3,ORIGINAL
90,0,0.0,,1.0,,1,ORIGINAL
90,1,0.0,,1.0,,1,ORIGINAL
90,2,0.0,,0.9633150259944552,,2,ORIGINAL
90,3,0.0,0.0,0.9478675140998328,,7,ORIGINAL
90,4,0.0,,1.0,,2,ORIGINAL
90,5,0.0,1.0000000000000002,1.0,,3,ORIGINAL
90,6,0.0,-0.47140452079103173,0.9646784562203947,,3,ORIGINAL
90,7,0.0,,1.0,,2,ORIGINAL
90,8,0.0,,1.0,,1,ORIGINAL
90,9,0.0,,1.0,,0,ORIGINAL
91,0,0.0,0.9428090415820635,0.9956726838601369,,3,ORIGINAL
91,1,0.0,0.8770580193070293,0.9956726838601369,,7,ORIGINAL
91,2,0.0,0.9014978717104176,0.9546407661653675,,9,ORIGINAL
91,3,0.0,0.8375256863895691,0.9307724805942568,,15,ORIGINAL
91,4,0.0,0.8946300779688404,0.9956726838601369,,11,ORIGINAL
91,5,0.0,0.9302605094190635,0.9956726838601369,,11,ORIGINAL
91,6,0.0,0.7190924955066749,0.969364913784642,,9,ORIGINAL
91,7,0.0,0.9594032236002469,0.9956726838601369,,5,ORIGINAL
91,8,0.0,0.9431191251430151,0.9956726838601369,,7,ORIGINAL
91,9,0.0,0.9128709291752769,0.9956726838601369,,6,ORIGINAL
92,0,0.0,,0.9824636481796526,,1,ORIGINAL
92,1,0.0,,0.9824636481796526,,2,ORIGINAL
92,2,0.0,-0.7071067811865475,0.9373812375584477,,4,ORIGINAL
92,3,0.0,-0.5661385170722979,0.9051753866614726,,6,ORIGINAL
92,4,0.0,-0.960768922830523,0.9824636481796526,,4,ORIGINAL
92,5,0.0,-0.9999999999999998,0.9824636481796526,,3,ORIGINAL
92,6,0.0,,0.9655410100448671,,1,ORIGINAL
92,7,0.0,,0.9824636481796526,,1,ORIGINAL
92,8,0.0,,0.9824636481796526,,1,ORIGINAL
92,9,0.0,,0.9824636481796526,,1,ORIGINAL
93,0,0.0,,0.9828880247457558,,1,ORIGINAL
93,1,0.0,,0.9828880247457558,,2,ORIGINAL
93,2,0.0,,0.9652308224183486,,2,ORIGINAL
93,3,0.0,0.9486832980505138,0.9370246141133267,,8,ORIGINAL
93,4,0.0,0.9091372900969896,0.9828880247457558,,5,ORIGINAL
93,5,0.0,0.9438798074485389,0.9828880247457558,,5,ORIGINAL
93,6,0.0,0.7337993857053429,0.9391354050079499,,4,ORIGINAL
93,7,0.0,0.9622504486493763,0.9828880247457558,,3,ORIGINAL
93,8,0.0,0.8164965809277261,0.9828880247457558,,3,ORIGINAL
93,9,0.0,1.0000000000000002,0.9828880247457558,,3,ORIGINAL
94,0,0.0,0.8660254037844387,1.0,,4,ORIGINAL
94,1,0.0,1.0,1.0,,4,ORIGINAL
94,2,0.0,0.9622504486493763,0.9633150259944552,,9,ORIGINAL
94,3,0.0,0.8682431421244593,0.9478675140998328,,13,ORIGINAL
94,4,0.0,0.9486832980505138,1.0,,4,ORIGINAL
94,5,0.0,0.9128709291752769,1.0,,6,ORIGINAL
94,6,0.0,0.8728715609439696,0.9646784562203947,,7,ORIGINAL
94,7,0.0,0.9438798074485389,1.0,,5,ORIGINAL
94,8,0.0,0.944911182523068,1.0,,4,ORIGINAL
94,9,0.0,0.9707253433941511,1.0,,4,ORIGINAL
95,0,0.0,0.778498944161523,0.9646784562203947,,8,ORIGINAL
95,1,0.0,0.8333333333333334,0.9646784562203947,,14,ORIGINAL
95,2,0.0,0.9435641951204965,0.9658346052796958,,12,ORIGINAL
95,3,0.0,0.8396742695628601,0.9413488731479989,,40,ORIGINAL
95,4,0.0,0.9153651166903976,0.9646784562203947,,13,ORIGINAL
95,5,0.0,0.949157995752499,0.9646784562203947,,13,ORIGINAL
95,6,0.0,0.758287544405155,1.0,,16,ORIGINAL
95,7,0.0,0.9190074972809804,0.9646784562203947,,10,ORIGINAL
95,8,0.0,0.8846153846153847,0.9646784562203947,,11,ORIGINAL
95,9,0.0,0.8755950357709132,0.9646784562203947,,9,ORIGINAL
96,0,0.0,,0.9491930669201585,,0,ORIGINAL
96,1,0.0,0.9999999999999998,0.9491930669201585,,5,ORIGINAL
96,2,0.0,0.8164965809277261,0.898208499593919,,3,ORIGINAL
96,3,0.0,0.8728715609439696,0.9347576607169601,,4,ORIGINAL
96,4,0.0,,0.9491930669201585,,2,ORIGINAL
96,5,0.0,,0.9491930669201585,,2,ORIGINAL
96,6,0.0,0.8660254037844387,0.9108329883177162,,3,ORIGINAL
96,7,0.0,,0.9491930669201585,,1,ORIGINAL
96,8,0.0,,0.9491930669201585,,2,ORIGINAL
96,9,0.0,0.9622504486493763,0.9491930669201585,,3,ORIGINAL
97,0,0.0,,0.9698241226066039,,1,ORIGINAL
97,1,0.0,-1.0,0.9698241226066039,,4,ORIGINAL
97,2,0.0,0.13608276348795434,0.9262816005453854,,6,ORIGINAL
97,3,0.0,-0.45226701686664544,0.9415317566001257,,11,ORIGINAL
97,4,0.0,-0.09622504486493763,0.9698241226066039,,6,ORIGINAL
97,5,0.0,-1.0,0.9698241226066039,,4,ORIGINAL
97,6,0.0,-0.3779644730092272,0.9304604919609447,,7,ORIGINAL
97,7,0.0,-0.9428090415820635,0.9698241226066039,,3,ORIGINAL
97,8,0.0,,0.9698241226066039,,2,ORIGINAL
97,9,0.0,-0.7592566023652966,0.9698241226066039,,5,ORIGINAL
98,0,0.0,,0.95574781007702,,1,ORIGINAL
98,1,0.0,0.9430419201928973,0.95574781007702,,8,ORIGINAL
98,2,0.0,0.9486832980505138,0.8993093807497172,,9,ORIGINAL
98,3,0.0,0.9428090415820635,0.8997410434634698,,15,ORIGINAL
98,4,0.0,0.9090909090909091,0.95574781007702,,5,ORIGINAL
98,5,0.0,0.9827076298239908,0.95574781007702,,7,ORIGINAL
98,6,0.0,0.45596075258755325,0.93196361949731,,13,ORIGINAL
98,7,0.0,0.9411764705882353,0.95574781007702,,8,ORIGINAL
98,8,0.0,0.9506541513652698,0.95574781007702,,5,ORIGINAL
98,9,0.0,0.9101820546182064,0.95574781007702,,6,ORIGINAL
99,0,0.0,-0.5773502691896258,0.9547094736086935,,6,ORIGINAL
99,1,0.0,-0.20203050891044214,0.9547094736086935,,11,ORIGINAL
99,2,0.0,0.0890870806374748,0.9773974139104082,,12,ORIGINAL
99,3,0.0,0.031497039417435604,0.9866204929669522,,41,ORIGINAL
99,4,0.0,-0.06900655593423542,0.9547094736086935,,12,ORIGINAL
99,5,0.0,0.0,0.9547094736086935,,19,ORIGINAL
99,6,0.0,0.0,0.9639000516792832,,13,ORIGINAL
99,7,0.0,-0.12909944487358055,0.9547094736086935,,8,ORIGINAL
99,8,0.0,-0.24494897427831777,0.9547094736086935,,12,ORIGINAL
99,9,0.0,-0.7499999999999999,0.9547094736086935,,6,ORIGINAL
100,739,0.9,,,,2,ORIGINAL
100,0,0.0,,0.9632457831579975,,0,ORIGINAL
100,1,0.0,1.0,0.9632457831579975,,4,ORIGINAL
100,2,0.0,0.944911182523068,0.9237231560918671,,4,ORIGINAL
100,3,0.0,0.7777777777777778,0.9222332351262317,,9,ORIGINAL
100,4,0.0,0.9438798074485389,0.9632457831579975,,5,ORIGINAL
100,5,0.0,0.9999999999999999,0.9632457831579975,,7,ORIGINAL
100,6,0.0,0.3779644730092272,0.951116158232317,,7,ORIGINAL
100,7,0.0,0.9622504486493763,0.9632457831579975,,3,ORIGINAL
100,8,0.0,,0.9632457831579975,,2,ORIGINAL
101,200,0.9,0.7778444682625973,0.9729823259532788,,9,ORIGINAL
101,526,0.9,0.8332380897952963,0.9794398703810774,,13,ORIGINAL
101,595,0.9,0.7239227659930269,0.9729823247439796,,14,ORIGINAL
101,709,0.9,0.9415130835240085,0.9378440202172561,,13,ORIGINAL
101,0,0.0,0.16903085094570328,0.9409512498424089,,5,ORIGINAL
101,1,0.0,0.7999999999999998,0.9409512498424089,,6,ORIGINAL
101,2,0.0,0.7526178090063818,0.8805955253733145,,7,ORIGINAL
101,3,0.0,0.871812750115739,0.8425549403359452,,16,ORIGINAL
101,4,0.0,0.82502864732539,0.9409512498424089,,5,ORIGINAL
101,5,0.0,0.45643546458763834,0.9409512498424089,,9,ORIGINAL
102,0,0.0,,0.9808074286486422,,1,ORIGINAL
102,1,0.0,0.0,0.9808074286486422,,5,ORIGINAL
102,2,0.0,0.2581988897471611,0.9704064446070771,,5,ORIGINAL
102,3,0.0,0.0,0.9434388031421846,,7,ORIGINAL
102,4,0.0,-0.23094010767585033,0.9808074286486422,,7,ORIGINAL
102,5,0.0,-0.2581988897471611,0.9808074286486422,,6,ORIGINAL
102,6,0.0,-0.2886751345948129,0.9385487604084403,,4,ORIGINAL
102,7,0.0,-0.8164965809277259,0.9808074286486422,,3,ORIGINAL
102,8,0.0,,0.9808074286486422,,1,ORIGINAL
102,9,0.0,0.17407765595569785,0.9808074286486422,,5,ORIGINAL
103,0,0.0,,0.9547094753707397,,0,ORIGINAL
103,1,0.0,0.1259881576697424,0.9547094753707397,,9,ORIGINAL
103,2,0.0,0.3418817293789138,0.9773974163429734,,8,ORIGINAL
103,3,0.0,0.09656090991705353,0.9866204943224548,,26,ORIGINAL
103,4,0.0,0.23570226039551587,0.9547094753707397,,9,ORIGINAL
103,5,0.0,0.7016464154456235,0.9547094753707397,,11,ORIGINAL
103,6,0.0,0.3380617018914066,0.9639000544243691,,14,ORIGINAL
103,7,0.0,0.7106690545187015,0.9547094753707397,,9,ORIGINAL
103,8,0.0,0.19802950859533489,0.9547094753707397,,5,ORIGINAL
103,9,0.0,0.1973855084879307,0.9547094753707397,,7,ORIGINAL
104,0,0.0,0.5477225575051661,0.9528772578999964,,7,ORIGINAL
104,1,0.0,0.50709255283711,0.9528772578999964,,11,ORIGINAL
104,2,0.0,0.6067798762169179,0.8862136982368001,,14,ORIGINAL
104,3,0.0,0.5570860145311556,0.8652361823140664,,46,ORIGINAL
104,4,0.0,0.3535533905932738,0.9528772578999964,,9,ORIGINAL
104,5,0.0,0.7893522173763263,0.9528772578999964,,11,ORIGINAL
104,6,0.0,0.5368754921931592,0.950676317163076,,11,ORIGINAL
104,7,0.0,0.8262364471909156,0.9528772578999964,,10,ORIGINAL
104,8,0.0,0.8682431421244593,0.9528772578999964,,11,ORIGINAL
104,9,0.0,0.9128709291752767,0.9528772578999964,,6,ORIGINAL
105,0,0.0,,0.9464225410113238,,1,ORIGINAL
105,1,0.0,0.8888888888888888,0.9464225410113238,,6,ORIGINAL
105,2,0.0,0.9285714285714286,0.9364023518443337,,8,ORIGINAL
105,3,0.0,0.917662935482247,0.9460638155065588,,13,ORIGINAL
105,4,0.0,0.9538209664765318,0.9464225410113238,,7,ORIGINAL
105,5,0.0,0.8944271909999159,0.9464225410113238,,6,ORIGINAL
105,6,0.0,0.8006407690254358,0.9660329855729665,,9,ORIGINAL
105,7,0.0,0.9999999999999999,0.9464225410113238,,4,ORIGINAL
105,8,0.0,0.9622504486493763,0.9464225410113238,,3,ORIGINAL
105,9,0.0,0.9432422182837986,0.9464225410113238,,5,ORIGINAL
106,0,0.0,,0.9557478135849817,,0,ORIGINAL
106,1,0.0,,0.9557478135849817,,1,ORIGINAL
106,2,0.0,,0.8993093869564993,,1,ORIGINAL
106,3,0.0,0.9999999999999999,0.8997410539663842,,4,ORIGINAL
106,4,0.0,,0.9557478135849817,,2,ORIGINAL
106,5,0.0,0.9428090415820635,0.9557478135849817,,3,ORIGINAL
106,6,0.0,0.9128709291752769,0.9319636241539118,,3,ORIGINAL
106,7,0.0,,0.9557478135849817,,1,ORIGINAL
106,8,0.0,,0.9557478135849817,,2,ORIGINAL
106,9,0.0,,0.9557478135849817,,1,ORIGINAL
107,186,0.9,0.8616404368553293,0.9335964732233221,,6,ORIGINAL
107,197,0.9,0.8081901942077094,0.968115055201854,,12,ORIGINAL
107,0,0.0,,0.968115055201854,,1,ORIGINAL
107,1,0.0,0.944911182523068,0.968115055201854,,4,ORIGINAL
107,2,0.0,0.8249579113843053,0.9538641600757117,,5,ORIGINAL
107,3,0.0,0.7745966692414834,0.9731287407812872,,9,ORIGINAL
107,4,0.0,,0.968115055201854,,1,ORIGINAL
107,5,0.0,0.9594032236002469,0.968115055201854,,5,ORIGINAL
107,6,0.0,0.6999999999999998,0.9156195890381985,,7,ORIGINAL
107,7,0.0,0.9669875568304563,0.968115055201854,,5,ORIGINAL
108,0,0.0,,1.0,,2,ORIGINAL
108,1,0.0,0.9185586535436917,1.0,,9,ORIGINAL
108,2,0.0,0.808290376865476,0.9633150259944552,,9,ORIGINAL
108,3,0.0,0.6270894413356966,0.9478675140998328,,20,ORIGINAL
108,4,0.0,0.3651483716701107,1.0,,4,ORIGINAL
108,5,0.0,0.8999999999999998,1.0,,11,ORIGINAL
108,6,0.0,0.7637626158259734,0.9646784562203947,,9,ORIGINAL
108,7,0.0,0.8705715001320139,1.0,,7,ORIGINAL
108,8,0.0,0.9486832980505138,1.0,,7,ORIGINAL
108,9,0.0,0.8703882797784892,1.0,,6,ORIGINAL
109,0,0.0,-0.12403473458920847,0.9547904360855624,,10,ORIGINAL
109,1,0.0,0.4666666666666666,0.9547904360855624,,16,ORIGINAL
109,2,0.0,0.8257228238447704,0.9499077739499013,,16,ORIGINAL
109,3,0.0,0.4615057839859456,0.9601427198512205,,52,ORIGINAL
109,4,0.0,0.5716619504750293,0.9547904360855624,,13,ORIGINAL
109,5,0.0,0.6350852961085883,0.9547904360855624,,17,ORIGINAL
109,6,0.0,0.34156502553198664,0.9376399333602845,,17,ORIGINAL
109,7,0.0,0.9185586535436918,0.9547904360855624,,7,ORIGINAL
109,8,0.0,0.7950463919999252,0.9547904360855624,,12,ORIGINAL
109,9,0.0,0.6324555320336759,0.9547904360855624,,10,ORIGINAL
110,0,0.0,,0.9547904356008247,,0,ORIGINAL
110,1,0.0,0.9707253433941511,0.9547904356008247,,4,ORIGINAL
110,2,0.0,,0.949907779692503,,1,ORIGINAL
110,3,0.0,0.8944271909999159,0.9601427262286477,,5,ORIGINAL
110,4,0.0,,0.9547904356008247,,1,ORIGINAL
110,5,0.0,1.0,0.9547904356008247,,4,ORIGINAL
110,6,0.0,0.0,0.9376399348472774,,3,ORIGINAL
110,7,0.0,,0.9547904356008247,,2,ORIGINAL
110,8,0.0,1.0000000000000002,0.9547904356008247,,3,ORIGINAL
110,9,0.0,0.8333333333333335,0.9547904356008247,,3,ORIGINAL
111,0,0.0,,0.9545005813135693,,2,ORIGINAL
111,1,0.0,0.8164965809277261,0.9545005813135693,,4,ORIGINAL
111,2,0.0,0.8660254037844387,0.8965726495809305,,3,ORIGINAL
111,3,0.0,0.8767140075192092,0.911733525129955,,14,ORIGINAL
111,4,0.0,0.8451542547285166,0.9545005813135693,,5,ORIGINAL
111,5,0.0,0.8603090020146066,0.9545005813135693,,18,ORIGINAL
111,6,0.0,0.9230769230769232,0.9422929887194212,,7,ORIGINAL
111,7,0.0,0.9432422182837986,0.9545005813135693,,8,ORIGINAL
111,8,0.0,0.8783100656536798,0.9545005813135693,,10,ORIGINAL
111,9,0.0,0.9434563530497265,0.9545005813135693,,4,ORIGINAL
112,0,0.0,0.0,0.9806790812734095,,3,ORIGINAL
112,1,0.0,0.3086066999241838,0.9806790812734095,,7,ORIGINAL
112,2,0.0,-0.33541019662496846,0.9341955215509145,,11,ORIGINAL
112,3,0.0,0.0,0.9453174386658196,,23,ORIGINAL
112,4,0.0,-0.42426406871192845,0.9806790812734095,,8,ORIGINAL
112,5,0.0,0.2614881801842454,0.9806790812734095,,14,ORIGINAL
112,6,0.0,0.2760262237369417,0.9561958098115363,,11,ORIGINAL
112,7,0.0,0.629940788348712,0.9806790812734095,,9,ORIGINAL
112,8,0.0,0.5353033790313106,0.9806790812734095,,7,ORIGINAL
112,9,0.0,0.6324555320336759,0.9806790812734095,,10,ORIGINAL
113,0,0.0,,0.9042739755922512,,1,ORIGINAL
113,1,0.0,,0.9042739755922512,,2,ORIGINAL
113,2,0.0,,0.9507593724578529,,0,ORIGINAL
113,3,0.0,1.0,0.9250982384792658,,4,ORIGINAL
113,4,0.0,,0.9042739755922512,,1,ORIGINAL
113,5,0.0,0.9999999999999998,0.9042739755922512,,5,ORIGINAL
113,6,0.0,0.4082482904638631,0.8814523319675303,,4,ORIGINAL
113,7,0.0,0.9486832980505138,0.9042739755922512,,4,ORIGINAL
113,8,0.0,,0.9042739755922512,,2,ORIGINAL
113,9,0.0,,0.9042739755922512,,0,ORIGINAL
114,0,0.0,,0.9567031274595816,,2,ORIGINAL
114,1,0.0,0.8728715609439696,0.9567031274595816,,9,ORIGINAL
114,2,0.0,0.8970852271450606,0.885691233372357,,12,ORIGINAL
114,3,0.0,0.900937462695559,0.9004262942989839,,26,ORIGINAL
114,4,0.0,0.9622504486493764,0.9567031274595816,,6,ORIGINAL
114,5,0.0,0.9574271077563381,0.9567031274595816,,12,ORIGINAL
114,6,0.0,0.629940788348712,0.93114851439623,,8,ORIGINAL
114,7,0.0,0.9486832980505138,0.9567031274595816,,4,ORIGINAL
114,8,0.0,0.9622504486493764,0.9567031274595816,,6,ORIGINAL
114,9,0.0,0.9185586535436918,0.9567031274595816,,7,ORIGINAL
115,0,0.0,,0.9528205462346803,,1,ORIGINAL
115,1,0.0,-0.12309149097933275,0.9528205462346803,,6,ORIGINAL
115,2,0.0,0.8333333333333334,0.9555396379349221,,6,ORIGINAL
115,3,0.0,0.40249223594996214,0.9747204209657291,,20,ORIGINAL
115,4,0.0,0.5163977794943222,0.9528205462346803,,6,ORIGINAL
115,5,0.0,0.7893522173763263,0.9528205462346803,,11,ORIGINAL
115,6,0.0,0.6681531047810609,0.9738170082873187,,9,ORIGINAL
115,7,0.0,0.9258200997725514,0.9528205462346803,,9,ORIGINAL
115,8,0.0,0.8488746876271654,0.9528205462346803,,5,ORIGINAL
115,9,0.0,0.8017837257372732,0.9528205462346803,,6,ORIGINAL
116,0,0.0,,0.9865432291009868,,0,ORIGINAL
116,1,0.0,,0.9865432291009868,,1,ORIGINAL
116,2,0.0,,0.946452462077083,,0,ORIGINAL
116,3,0.0,,0.9288382417506102,,1,ORIGINAL
116,4,0.0,,0.9865432291009868,,2,ORIGINAL
116,5,0.0,,0.9865432291009868,,1,ORIGINAL
116,6,0.0,,0.9560412601772939,,1,ORIGINAL
116,7,0.0,,0.9865432291009868,,0,ORIGINAL
116,8,0.0,,0.9865432291009868,,0,ORIGINAL
116,9,0.0,,0.9865432291009868,,0,ORIGINAL
117,0,0.0,,0.9678645053361953,,2,ORIGINAL
117,1,0.0,0.944911182523068,0.9678645053361953,,4,ORIGINAL
117,2,0.0,0.9486832980505138,0.9266964862268295,,5,ORIGINAL
117,3,0.0,0.8819171036881969,0.895909603695121,,12,ORIGINAL
117,4,0.0,0.9525793444156805,0.9678645053361953,,3,ORIGINAL
117,5,0.0,0.8944271909999159,0.9678645053361953,,6,ORIGINAL
117,6,0.0,0.6002450479987809,0.9607367453123162,,8,ORIGINAL
117,7,0.0,0.857142857142857,0.9678645053361953,,4,ORIGINAL
117,8,0.0,0.944911182523068,0.9678645053361953,,4,ORIGINAL
117,9,0.0,0.9428090415820635,0.9678645053361953,,3,ORIGINAL
118,0,0.0,,0.9547094736283407,,0,ORIGINAL
118,1,0.0,,0.9547094736283407,,2,ORIGINAL
118,2,0.0,,0.9773974144232005,,2,ORIGINAL
118,3,0.0,,0.9866204937711875,,2,ORIGINAL
118,4,0.0,,0.9547094736283407,,1,ORIGINAL
118,5,0.0,,0.9547094736283407,,0,ORIGINAL
118,6,0.0,,0.9639000502246567,,2,ORIGINAL
118,7,0.0,,0.9547094736283407,,0,ORIGINAL
118,8,0.0,,0.9547094736283407,,1,ORIGINAL
118,9,0.0,,0.9547094736283407,,0,ORIGINAL
119,0,0.0,,1.0,,1,ORIGINAL
119,1,0.0,1.0000000000000002,1.0,,3,ORIGINAL
119,2,0.0,,0.9633150259944552,,1,ORIGINAL
119,3,0.0,,0.9478675140998328,,1,ORIGINAL
119,4,0.0,,1.0,,2,ORIGINAL
119,5,0.0,0.8164965809277259,1.0,,3,ORIGINAL
119,6,0.0,0.8944271909999159,0.9646784562203947,,5,ORIGINAL
119,7,0.0,0.9999999999999999,1.0,,4,ORIGINAL
119,8,0.0,,1.0,,1,ORIGINAL
119,9,0.0,0.8606629658238704,1.0,,6,ORIGINAL
120,0,0.0,,0.9523793853329676,,0,ORIGINAL
120,1,0.0,,0.9523793853329676,,1,ORIGINAL
120,2,0.0,,0.879671832210195,,0,ORIGINAL
120,3,0.0,1.0000000000000002,0.9082083042804908,,3,ORIGINAL
120,4,0.0,,0.9523793853329676,,1,ORIGINAL
120,5,0.0,,0.9523793853329676,,2,ORIGINAL
120,6,0.0,0.9525793444156805,0.906811281604233,,3,ORIGINAL
120,7,0.0,,0.9523793853329676,,2,ORIGINAL
120,8,0.0,0.8333333333333335,0.9523793853329676,,3,ORIGINAL
120,9,0.0,,0.9523793853329676,,2,ORIGINAL
121,0,0.0,,0.9528772578999964,,2,ORIGINAL
121,1,0.0,0.944911182523068,0.9528772578999964,,4,ORIGINAL
121,2,0.0,0.9285714285714286,0.8862136982368001,,8,ORIGINAL
121,3,0.0,0.8660254037844388,0.8652361823140664,,12,ORIGINAL
121,4,0.0,0.8869685939836239,0.9528772578999964,,8,ORIGINAL
121,5,0.0,0.944911182523068,0.9528772578999964,,8,ORIGINAL
121,6,0.0,0.7071067811865476,0.950676317163076,,6,ORIGINAL
121,7,0.0,0.9999999999999999,0.9528772578999964,,4,ORIGINAL
121,8,0.0,0.9438798074485389,0.9528772578999964,,5,ORIGINAL
121,9,0.0,,0.9528772578999964,,2,ORIGINAL
122,0,0.0,0.9428090415820635,1.0,,3,ORIGINAL
122,1,0.0,0.944911182523068,1.0,,8,ORIGINAL
122,2,0.0,0.8651809126974003,0.9633150259944552,,10,ORIGINAL
122,3,0.0,0.8928571428571428,0.9478675140998328,,16,ORIGINAL
122,4,0.0,0.8911327886790069,1.0,,8,ORIGINAL
122,5,0.0,0.9090909090909091,1.0,,9,ORIGINAL
122,6,0.0,0.7126966450997984,0.9646784562203947,,8,ORIGINAL
122,7,0.0,0.894427190999916,1.0,,6,ORIGINAL
122,8,0.0,0.8959786703810408,1.0,,9,ORIGINAL
122,9,0.0,0.8451542547285166,1.0,,9,ORIGINAL
123,0,0.0,,0.9246351727109446,,1,ORIGINAL
123,1,0.0,0.9486832980505138,0.9246351727109446,,8,ORIGINAL
123,2,0.0,0.9428090415820635,0.9390073888752621,,9,ORIGINAL
123,3,0.0,0.8981462390204985,0.9530605296011393,,15,ORIGINAL
123,4,0.0,0.894427190999916,0.9246351727109446,,6,ORIGINAL
123,5,0.0,0.9434563530497265,0.9246351727109446,,7,ORIGINAL
123,6,0.0,0.47140452079103173,0.9144329247651204,,9,ORIGINAL
123,7,0.0,1.0000000000000002,0.9246351727109446,,3,ORIGINAL
123,8,0.0,,0.9246351727109446,,2,ORIGINAL
123,9,0.0,0.9230769230769232,0.9246351727109446,,4,ORIGINAL
124,0,0.0,,0.9528205436652187,,2,ORIGINAL
124,1,0.0,0.8869685939836239,0.9528205436652187,,8,ORIGINAL
124,2,0.0,0.9669875568304563,0.9555396369374671,,5,ORIGINAL
124,3,0.0,0.8598551696529507,0.9747204201491051,,14,ORIGINAL
124,4,0.0,0.9525793444156805,0.9528205436652187,,3,ORIGINAL
124,5,0.0,0.8908708063747479,0.9528205436652187,,7,ORIGINAL
124,6,0.0,0.4949747468305832,0.9738170083123195,,8,ORIGINAL
124,7,0.0,0.944911182523068,0.9528205436652187,,5,ORIGINAL
124,8,0.0,0.5962847939999439,0.9528205436652187,,3,ORIGINAL
124,9,0.0,0.9761870601839528,0.9528205436652187,,5,ORIGINAL
125,0,0.0,,1.0,,2,ORIGINAL
125,1,0.0,0.944911182523068,1.0,,4,ORIGINAL
125,2,0.0,0.9428090415820635,0.9633150259944552,,6,ORIGINAL
125,3,0.0,0.9525793444156805,0.9478675140998328,,12,ORIGINAL
125,4,0.0,0.9622504486493763,1.0,,3,ORIGINAL
125,5,0.0,1.0,1.0,,4,ORIGINAL
125,6,0.0,0.674199862463242,0.9646784562203947,,5,ORIGINAL
125,7,0.0,0.9707253433941511,1.0,,4,ORIGINAL
125,8,0.0,,1.0,,2,ORIGINAL
125,9,0.0,0.9622504486493763,1.0,,3,ORIGINAL
126,0,0.0,-0.24999999999999994,0.9246351756299831,,5,ORIGINAL
126,1,0.0,0.4472135954999579,0.9246351756299831,,9,ORIGINAL
126,2,0.0,0.6218743352054218,0.9390073919060465,,17,ORIGINAL
126,3,0.0,0.4217019235375514,0.9530605338182425,,41,ORIGINAL
126,4,0.0,0.37962830118264823,0.9246351756299831,,13,ORIGINAL
126,5,0.0,0.8703882797784892,0.9246351756299831,,14,ORIGINAL
126,6,0.0,0.2666666666666666,0.9144329317735659,,14,ORIGINAL
126,7,0.0,0.8728715609439696,0.9246351756299831,,8,ORIGINAL
126,8,0.0,0.9538209664765318,0.9246351756299831,,7,ORIGINAL
126,9,0.0,0.7803989725717079,0.9246351756299831,,7,ORIGINAL
127,0,0.0,,0.9317824697544982,,1,ORIGINAL
127,1,0.0,1.0000000000000002,0.9317824697544982,,3,ORIGINAL
127,2,0.0,1.0000000000000002,0.948172308948168,,3,ORIGINAL
127,3,0.0,0.760638829255665,0.9184882850144845,,9,ORIGINAL
127,4,0.0,,0.9317824697544982,,2,ORIGINAL
127,5,0.0,1.0,0.9317824697544982,,4,ORIGINAL
127,6,0.0,0.5669467095138409,0.9277148497305662,,4,ORIGINAL
127,7,0.0,,0.9317824697544982,,0,ORIGINAL
127,8,0.0,,0.9317824697544982,,0,ORIGINAL
127,9,0.0,,0.9317824697544982,,2,ORIGINAL
128,0,0.0,,0.9871144567707992,,1,ORIGINAL
128,1,0.0,0.47140452079103173,0.9871144567707992,,3,ORIGINAL
128,2,0.0,0.6324555320336759,0.9707639418575956,,4,ORIGINAL
128,3,0.0,0.6324555320336759,0.9733867936448207,,7,ORIGINAL
128,4,0.0,0.9561828874675149,0.9871144567707992,,4,ORIGINAL
128,5,0.0,0.47140452079103173,0.9871144567707992,,3,ORIGINAL
128,6,0.0,,0.9810577315737754,,2,ORIGINAL
128,7,0.0,,0.9871144567707992,,0,ORIGINAL
128,8,0.0,,0.9871144567707992,,2,ORIGINAL
128,9,0.0,0.9434563530497265,0.9871144567707992,,4,ORIGINAL
129,0,0.0,,0.9611205894334732,,0,ORIGINAL
129,1,0.0,0.5773502691896258,0.9611205894334732,,3,ORIGINAL
129,2,0.0,0.8164965809277259,0.9521660201148179,,3,ORIGINAL
129,3,0.0,0.8703882797784892,0.9352301620915747,,5,ORIGINAL
129,4,0.0,,0.9611205894334732,,2,ORIGINAL
129,5,0.0,0.8164965809277259,0.9611205894334732,,3,ORIGINAL
129,6,0.0,0.7905694150420948,0.9665349424714982,,8,ORIGINAL
129,7,0.0,0.5773502691896258,0.9611205894334732,,3,ORIGINAL
129,8,0.0,,0.9611205894334732,,2,ORIGINAL
129,9,0.0,0.5773502691896258,0.9611205894334732,,3,ORIGINAL
130,0,0.0,,0.9236633702949337,,1,ORIGINAL
130,1,0.0,0.8528028654224417,0.9236633702949337,,5,ORIGINAL
130,2,0.0,0.9622504486493763,0.8518305095057916,,6,ORIGINAL
130,3,0.0,0.917662935482247,0.8804093053982304,,16,ORIGINAL
130,4,0.0,0.9428090415820634,0.9236633702949337,,6,ORIGINAL
130,5,0.0,0.944911182523068,0.9236633702949337,,8,ORIGINAL
130,6,0.0,0.5720775535473553,0.9084623543286139,,8,ORIGINAL
130,7,0.0,0.9999999999999998,0.9236633702949337,,5,ORIGINAL
130,8,0.0,0.9707253433941511,0.9236633702949337,,4,ORIGINAL
130,9,0.0,0.9449111825230682,0.9236633702949337,,6,ORIGINAL
131,0,0.0,0.9428090415820635,0.9865432291009868,,3,ORIGINAL
131,1,0.0,0.9561828874675149,0.9865432291009868,,4,ORIGINAL
131,2,0.0,1.0000000000000002,0.946452462077083,,3,ORIGINAL
131,3,0.0,0.9464574146347642,0.9288382417506102,,10,ORIGINAL
131,4,0.0,,0.9865432291009868,,1,ORIGINAL
131,5,0.0,,0.9865432291009868,,2,ORIGINAL
131,6,0.0,0.9428090415820635,0.9560412601772939,,3,ORIGINAL
131,7,0.0,0.9428090415820635,0.9865432291009868,,3,ORIGINAL
131,8,0.0,,0.9865432291009868,,1,ORIGINAL
131,9,0.0,,0.9865432291009868,,1,ORIGINAL
132,0,0.0,,0.9487238626033769,,0,ORIGINAL
132,1,0.0,,0.9487238626033769,,2,ORIGINAL
132,2,0.0,,0.889104409129361,,1,ORIGINAL
132,3,0.0,,0.9153603126251838,,2,ORIGINAL
132,4,0.0,,0.9487238626033769,,0,ORIGINAL
132,5,0.0,1.0000000000000002,0.9487238626033769,,3,ORIGINAL
132,6,0.0,0.0,0.921628900653479,,3,ORIGINAL
132,7,0.0,,0.9487238626033769,,2,ORIGINAL
132,8,0.0,,0.9487238626033769,,0,ORIGINAL
132,9,0.0,,0.9487238626033769,,2,ORIGINAL
133,0,0.0,,0.9794193459409338,,0,ORIGINAL
133,1,0.0,1.0000000000000002,0.9794193459409338,,3,ORIGINAL
133,2,0.0,0.9428090415820635,0.9292376128978144,,3,ORIGINAL
133,3,0.0,0.9486832980505138,0.8954618915995061,,5,ORIGINAL
133,4,0.0,0.9622504486493763,0.9794193459409338,,3,ORIGINAL
133,5,0.0,1.0,0.9794193459409338,,4,ORIGINAL
133,6,0.0,0.8164965809277261,0.9659286552606716,,4,ORIGINAL
133,7,0.0,,0.9794193459409338,,2,ORIGINAL
133,8,0.0,,0.9794193459409338,,2,ORIGINAL
133,9,0.0,1.0000000000000002,0.9794193459409338,,3,ORIGINAL
134,0,0.0,,0.9129282570602943,,1,ORIGINAL
134,1,0.0,,0.9129282570602943,,2,ORIGINAL
134,2,0.0,0.9428090415820635,0.8887865404094552,,3,ORIGINAL
134,3,0.0,0.944911182523068,0.9229057310469914,,4,ORIGINAL
134,4,0.0,,0.9129282570602943,,1,ORIGINAL
134,5,0.0,1.0000000000000002,0.9129282570602943,,3,ORIGINAL
134,6,0.0,,0.9105792825525866,,2,ORIGINAL
134,7,0.0,,0.9129282570602943,,1,ORIGINAL
134,8,0.0,,0.9129282570602943,,1,ORIGINAL
134,9,0.0,0.9622504486493763,0.9129282570602943,,3,ORIGINAL
135,0,0.0,,0.962720391122974,,0,ORIGINAL
135,1,0.0,0.857142857142857,0.962720391122974,,4,ORIGINAL
135,2,0.0,,0.9658798425192888,,2,ORIGINAL
135,3,0.0,0.9561828874675149,0.9222827436858662,,4,ORIGINAL
135,4,0.0,,0.962720391122974,,1,ORIGINAL
135,5,0.0,0.9486832980505138,0.962720391122974,,5,ORIGINAL
135,6,0.0,1.0000000000000002,0.976814604128465,,3,ORIGINAL
135,7,0.0,,0.962720391122974,,2,ORIGINAL
135,8,0.0,,0.962720391122974,,2,ORIGINAL
135,9,0.0,,0.962720391122974,,2,ORIGINAL
136,754,0.9,,0.9118027549841331,,2,ORIGINAL
136,0,0.0,,0.954709469581179,,0,ORIGINAL
136,1,0.0,0.944911182523068,0.954709469581179,,5,ORIGINAL
136,2,0.0,0.9128709291752769,0.9773974115596312,,9,ORIGINAL
136,3,0.0,0.9166666666666669,0.9866204902357685,,12,ORIGINAL
136,4,0.0,0.9578414886923188,0.954709469581179,,6,ORIGINAL
136,5,0.0,0.9432422182837986,0.954709469581179,,8,ORIGINAL
136,6,0.0,0.5465943944999485,0.9639000530740643,,12,ORIGINAL
136,7,0.0,0.8320502943378437,0.954709469581179,,7,ORIGINAL
136,8,0.0,0.917662935482247,0.954709469581179,,7,ORIGINAL
137,0,0.0,0.7016464154456235,0.9806790799232703,,7,ORIGINAL
137,1,0.0,0.9449111825230682,0.9806790799232703,,9,ORIGINAL
137,2,0.0,0.9072184232530289,0.9341955252978887,,12,ORIGINAL
137,3,0.0,0.8984394226804693,0.9453174433227729,,24,ORIGINAL
137,4,0.0,0.9060606745389329,0.9806790799232703,,13,ORIGINAL
137,5,0.0,0.9073928715621605,0.9806790799232703,,15,ORIGINAL
137,6,0.0,0.5960395606792697,0.956195813793295,,7,ORIGINAL
137,7,0.0,0.8386278693775346,0.9806790799232703,,4,ORIGINAL
137,8,0.0,1.0,0.9806790799232703,,3,ORIGINAL
137,9,0.0,0.8333333333333334,0.9806790799232703,,7,ORIGINAL
138,0,0.0,0.7905694150420948,1.0,,5,ORIGINAL
138,1,0.0,0.8922178162191937,1.0,,8,ORIGINAL
138,2,0.0,0.8548504142651103,0.9633150259944552,,13,ORIGINAL
138,3,0.0,0.7783765290425712,0.9478675140998328,,30,ORIGINAL
138,4,0.0,0.8304547985373997,1.0,,11,ORIGINAL
138,5,0.0,0.7892051872524705,1.0,,16,ORIGINAL
138,6,0.0,0.48420012470625223,0.9646784562203947,,11,ORIGINAL
138,7,0.0,0.917662935482247,1.0,,7,ORIGINAL
138,8,0.0,0.8463272660560107,1.0,,9,ORIGINAL
138,9,0.0,0.9185586535436918,1.0,,10,ORIGINAL
139,0,0.0,,0.9487238642068888,,1,ORIGINAL
139,1,0.0,,0.9487238642068888,,2,ORIGINAL
139,2,0.0,0.9428090415820635,0.889104412470999,,3,ORIGINAL
139,3,0.0,0.9999999999999999,0.9153603154130996,,4,ORIGINAL
139,4,0.0,,0.9487238642068888,,1,ORIGINAL
139,5,0.0,0.9428090415820635,0.9487238642068888,,3,ORIGINAL
139,6,0.0,,0.9216289007311725,,1,ORIGINAL
139,7,0.0,,0.9487238642068888,,2,ORIGINAL
139,8,0.0,,0.9487238642068888,,1,ORIGINAL
139,9,0.0,0.9525793444156805,0.9487238642068888,,3,ORIGINAL
140,0,0.0,0.3779644730092272,0.9265269144557784,,4,ORIGINAL
140,1,0.0,0.7396002616336389,0.9265269144557784,,10,ORIGINAL
140,2,0.0,0.6363961030678927,0.8674344100157444,,16,ORIGINAL
140,3,0.0,0.4257997168527447,0.8508475952763901,,38,ORIGINAL
140,4,0.0,0.6,0.9265269144557784,,10,ORIGINAL
140,5,0.0,0.6681531047810609,0.9265269144557784,,9,ORIGINAL
140,6,0.0,0.4303314829119352,0.9305804524064215,,12,ORIGINAL
140,7,0.0,0.8660254037844387,0.9265269144557784,,6,ORIGINAL
140,8,0.0,0.3903600291794132,0.9265269144557784,,6,ORIGINAL
140,9,0.0,0.9166666666666666,0.9265269144557784,,6,ORIGINAL
141,0,0.0,1.0000000000000002,0.9005372427410698,,3,ORIGINAL
141,1,0.0,0.8333333333333334,0.9005372427410698,,9,ORIGINAL
141,2,0.0,0.8593378488473195,0.8362922612945057,,10,ORIGINAL
141,3,0.0,0.8381163549234939,0.8121820605349885,,28,ORIGINAL
141,4,0.0,0.8104408984731079,0.9005372427410698,,11,ORIGINAL
141,5,0.0,0.8436614877321075,0.9005372427410698,,12,ORIGINAL
141,6,0.0,0.5345224838248488,0.9040113333802967,,13,ORIGINAL
141,7,0.0,0.8451542547285165,0.9005372427410698,,5,ORIGINAL
141,8,0.0,0.9128709291752769,0.9005372427410698,,6,ORIGINAL
141,9,0.0,0.9486832980505138,0.9005372427410698,,9,ORIGINAL
142,0,0.0,,0.9280662252848603,,0,ORIGINAL
142,1,0.0,,0.9280662252848603,,1,ORIGINAL
142,2,0.0,,0.948066170952678,,2,ORIGINAL
142,3,0.0,0.8164965809277259,0.9766154061313334,,3,ORIGINAL
142,4,0.0,,0.9280662252848603,,1,ORIGINAL
142,5,0.0,0.8164965809277259,0.9280662252848603,,3,ORIGINAL
142,6,0.0,0.0,0.9012193114046023,,3,ORIGINAL
142,7,0.0,,0.9280662252848603,,0,ORIGINAL
142,8,0.0,,0.9280662252848603,,0,ORIGINAL
142,9,0.0,,0.9280662252848603,,1,ORIGINAL
143,0,0.0,,1.0,,0,ORIGINAL
143,1,0.0,0.9428090415820635,1.0,,3,ORIGINAL
143,2,0.0,,0.9633150259944552,,2,ORIGINAL
143,3,0.0,0.9438798074485389,0.9478675140998328,,5,ORIGINAL
143,4,0.0,0.2721655269759087,1.0,,3,ORIGINAL
143,5,0.0,0.6804138174397718,1.0,,7,ORIGINAL
143,6,0.0,0.9428090415820635,0.9646784562203947,,3,ORIGINAL
143,7,0.0,1.0,1.0,,4,ORIGINAL
143,8,0.0,1.0000000000000002,1.0,,3,ORIGINAL
143,9,0.0,0.8164965809277259,1.0,,3,ORIGINAL
144,467,0.9,-0.12499999999999997,0.9999999999999948,,5,ORIGINAL
144,0,0.0,,0.9616716916386817,,2,ORIGINAL
144,1,0.0,1.0000000000000002,0.9616716916386817,,3,ORIGINAL
144,2,0.0,-0.40451991747794525,0.9692984658212646,,5,ORIGINAL
144,3,0.0,-0.23717082451262844,0.9711647467442004,,7,ORIGINAL
144,4,0.0,-0.08058229640253803,0.9616716916386817,,5,ORIGINAL
144,5,0.0,0.30618621784789724,0.9616716916386817,,6,ORIGINAL
144,6,0.0,,0.9700823592954746,,2,ORIGINAL
144,7,0.0,,0.9616716916386817,,1,ORIGINAL
144,8,0.0,0.9561828874675149,0.9616716916386817,,5,ORIGINAL
145,0,0.0,0.5,0.9264884290024824,,4,ORIGINAL
145,1,0.0,0.8696263565463043,0.9264884290024824,,7,ORIGINAL
145,2,0.0,0.8790490729915326,0.9749979885981271,,13,ORIGINAL
145,3,0.0,0.8743856497851875,0.9848572516471273,,30,ORIGINAL
145,4,0.0,0.9434563530497265,0.9264884290024824,,10,ORIGINAL
145,5,0.0,0.9014978717104176,0.9264884290024824,,16,ORIGINAL
145,6,0.0,0.65,0.909912094993466,,13,ORIGINAL
145,7,0.0,0.9473729613780999,0.9264884290024824,,8,ORIGINAL
145,8,0.0,0.865578422901097,0.9264884290024824,,13,ORIGINAL
145,9,0.0,0.8660254037844387,0.9264884290024824,,8,ORIGINAL
146,0,0.0,,0.9865432291009868,,0,ORIGINAL
146,1,0.0,0.8770580193070293,0.9865432291009868,,7,ORIGINAL
146,2,0.0,0.9090909090909091,0.946452462077083,,5,ORIGINAL
146,3,0.0,0.9166666666666669,0.9288382417506102,,15,ORIGINAL
146,4,0.0,0.894427190999916,0.9865432291009868,,6,ORIGINAL
146,5,0.0,0.9486832980505138,0.9865432291009868,,6,ORIGINAL
146,6,0.0,0.7669649888473704,0.9560412601772939,,8,ORIGINAL
146,7,0.0,,0.9865432291009868,,2,ORIGINAL
146,8,0.0,0.9525793444156805,0.9865432291009868,,3,ORIGINAL
146,9,0.0,0.9622504486493763,0.9865432291009868,,3,ORIGINAL
147,0,0.0,-0.6804138174397718,0.9734363214507032,,3,ORIGINAL
147,1,0.0,0.5321811563901744,0.9734363214507032,,10,ORIGINAL
147,2,0.0,0.6420578831241025,0.9372873897695143,,15,ORIGINAL
147,3,0.0,0.7214530267080864,0.9593459940786431,,33,ORIGINAL
147,4,0.0,0.7001400420140049,0.9734363214507032,,12,ORIGINAL
147,5,0.0,0.67700320038633,0.9734363214507032,,13,ORIGINAL
147,6,0.0,0.6676978608895885,0.9352360575243936,,15,ORIGINAL
147,7,0.0,0.9467292624062573,0.9734363214507032,,6,ORIGINAL
147,8,0.0,0.8504200642707612,0.9734363214507032,,5,ORIGINAL
147,9,0.0,0.6370220572706062,0.9734363214507032,,9,ORIGINAL
148,0,0.0,,0.9770930333460692,,0,ORIGINAL
148,1,0.0,,0.9770930333460692,,2,ORIGINAL
148,2,0.0,,0.9426950542058579,,1,ORIGINAL
148,3,0.0,,0.9697879072350232,,1,ORIGINAL
148,4,0.0,,0.9770930333460692,,2,ORIGINAL
148,5,0.0,,0.9770930333460692,,2,ORIGINAL
148,6,0.0,-0.9428090415820635,0.9343338179348393,,3,ORIGINAL
148,7,0.0,,0.9770930333460692,,1,ORIGINAL
148,8,0.0,,0.9770930333460692,,0,ORIGINAL
148,9,0.0,,0.9770930333460692,,1,ORIGINAL
149,0,0.0,-0.8728715609439696,0.9277359409909008,,4,ORIGINAL
149,1,0.0,0.07905694150420949,0.9277359409909008,,13,ORIGINAL
149,2,0.0,-0.09600307214746388,0.8743475505791171,,19,ORIGINAL
149,3,0.0,-0.0562543950463012,0.890581023389894,,48,ORIGINAL
149,4,0.0,0.36740471675703457,0.9277359409909008,,15,ORIGINAL
149,5,0.0,0.7514691493021793,0.9277359409909008,,19,ORIGINAL
149,6,0.0,0.3034330424545042,0.9225706286143928,,20,ORIGINAL
149,7,0.0,0.9231326627541018,0.9277359409909008,,11,ORIGINAL
149,8,0.0,0.7239227659930269,0.9277359409909008,,13,ORIGINAL
149,9,0.0,0.6546536707079771,0.9277359409909008,,10,ORIGINAL
150,0,0.0,,0.9699713572266225,,2,ORIGINAL
150,1,0.0,0.5,0.9699713572266225,,4,ORIGINAL
150,2,0.0,0.0,0.9059825079395406,,8,ORIGINAL
150,3,0.0,0.44539933408304444,0.8860247116862109,,13,ORIGINAL
150,4,0.0,-0.2581988897471611,0.9699713572266225,,6,ORIGINAL
150,5,0.0,0.7071067811865475,0.9699713572266225,,9,ORIGINAL
150,6,0.0,0.4082482904638631,0.9660512382337655,,9,ORIGINAL
150,7,0.0,0.5773502691896258,0.9699713572266225,,3,ORIGINAL
150,8,0.0,,0.9699713572266225,,2,ORIGINAL
150,9,0.0,0.2672612419124244,0.9699713572266225,,5,ORIGINAL
151,0,0.0,,1.0,,0,ORIGINAL
151,1,0.0,,1.0,,2,ORIGINAL
151,2,0.0,,0.9633150259944552,,0,ORIGINAL
151,3,0.0,,0.9478675140998328,,2,ORIGINAL
151,4,0.0,,1.0,,1,ORIGINAL
151,5,0.0,,1.0,,1,ORIGINAL
151,6,0.0,,0.9646784562203947,,2,ORIGINAL
151,7,0.0,,1.0,,2,ORIGINAL
151,8,0.0,,1.0,,1,ORIGINAL
151,9,0.0,,1.0,,0,ORIGINAL
152,0,0.0,,0.9794193485015635,,1,ORIGINAL
152,1,0.0,,0.9794193485015635,,2,ORIGINAL
152,2,0.0,0.9428090415820635,0.9292376140178872,,3,ORIGINAL
152,3,0.0,1.0000000000000002,0.8954618946154363,,3,ORIGINAL
152,4,0.0,,0.9794193485015635,,1,ORIGINAL
152,5,0.0,,0.9794193485015635,,2,ORIGINAL
152,6,0.0,,0.9659286563039695,,1,ORIGINAL
152,7,0.0,,0.9794193485015635,,1,ORIGINAL
152,8,0.0,,0.9794193485015635,,0,ORIGINAL
152,9,0.0,0.9622504486493763,0.9794193485015635,,3,ORIGINAL
153,0,0.0,,0.9808074286486422,,0,ORIGINAL
153,1,0.0,0.0,0.9808074286486422,,6,ORIGINAL
153,2,0.0,0.12309149097933275,0.9704064446070771,,5,ORIGINAL
153,3,0.0,0.11785113019775793,0.9434388031421846,,6,ORIGINAL
153,4,0.0,0.2773500981126146,0.9808074286486422,,4,ORIGINAL
153,5,0.0,0.35355339059327373,0.9808074286486422,,5,ORIGINAL
153,6,0.0,0.5345224838248487,0.9385487604084403,,5,ORIGINAL
153,7,0.0,0.3779644730092272,0.9808074286486422,,4,ORIGINAL
153,8,0.0,,0.9808074286486422,,1,ORIGINAL
153,9,0.0,-0.3086066999241839,0.9808074286486422,,6,ORIGINAL
154,0,0.0,,0.9794193456256931,,0,ORIGINAL
154,1,0.0,,0.9794193456256931,,0,ORIGINAL
154,2,0.0,,0.9292376073489026,,2,ORIGINAL
154,3,0.0,0.944911182523068,0.8954618860082575,,4,ORIGINAL
154,4,0.0,,0.9794193456256931,,2,ORIGINAL
154,5,0.0,,0.9794193456256931,,2,ORIGINAL
154,6,0.0,,0.9659286513903859,,2,ORIGINAL
154,7,0.0,,0.9794193456256931,,0,ORIGINAL
154,8,0.0,,0.9794193456256931,,0,ORIGINAL
154,9,0.0,,0.9794193456256931,,0,ORIGINAL
155,0,0.0,-0.5773502691896257,0.9824636485876855,,3,ORIGINAL
155,1,0.0,-0.31622776601683794,0.9824636485876855,,8,ORIGINAL
155,2,0.0,-0.498135481386718,0.937381235082717,,10,ORIGINAL
155,3,0.0,-0.5984437489312765,0.9051753863812726,,15,ORIGINAL
155,4,0.0,-0.6274950199005567,0.9824636485876855,,11,ORIGINAL
155,5,0.0,-0.600099198148979,0.9824636485876855,,10,ORIGINAL
155,6,0.0,-0.20203050891044214,0.9655410079174136,,10,ORIGINAL
155,7,0.0,-0.29814239699997197,0.9824636485876855,,6,ORIGINAL
155,8,0.0,-0.8451542547285166,0.9824636485876855,,6,ORIGINAL
155,9,0.0,0.44271887242357305,0.9824636485876855,,7,ORIGINAL
156,0,0.0,0.9647638212377322,0.9806790815765236,,7,ORIGINAL
156,1,0.0,0.8922178162191937,0.9806790815765236,,8,ORIGINAL
156,2,0.0,0.764093177458341,0.9341955275454015,,12,ORIGINAL
156,3,0.0,0.8539864924534399,0.9453174450175371,,25,ORIGINAL
156,4,0.0,0.9534625892455922,0.9806790815765236,,9,ORIGINAL
156,5,0.0,0.909610971830841,0.9806790815765236,,14,ORIGINAL
156,6,0.0,0.5393598899705937,0.9561958124327689,,8,ORIGINAL
156,7,0.0,0.8181818181818182,0.9806790815765236,,5,ORIGINAL
156,8,0.0,0.9074852129730302,0.9806790815765236,,5,ORIGINAL
156,9,0.0,0.9354143466934853,0.9806790815765236,,8,ORIGINAL
157,0,0.0,,1.0,,2,ORIGINAL
157,1,0.0,0.9486832980505138,1.0,,5,ORIGINAL
157,2,0.0,0.9116846116771036,0.9633150259944552,,5,ORIGINAL
157,3,0.0,0.9296696802013682,0.9478675140998328,,8,ORIGINAL
157,4,0.0,0.9561828874675149,1.0,,4,ORIGINAL
157,5,0.0,0.9486832980505138,1.0,,5,ORIGINAL
157,6,0.0,0.8581163303210331,0.9646784562203947,,7,ORIGINAL
157,7,0.0,0.8333333333333335,1.0,,3,ORIGINAL
157,8,0.0,0.9525793444156805,1.0,,3,ORIGINAL
157,9,0.0,0.7745966692414834,1.0,,4,ORIGINAL
158,0,0.0,0.9999999999999999,0.9794193485015635,,4,ORIGINAL
158,1,0.0,0.9428090415820635,0.9794193485015635,,6,ORIGINAL
158,2,0.0,0.9428090415820635,0.9292376140178872,,3,ORIGINAL
158,3,0.0,0.944911182523068,0.8954618946154363,,7,ORIGINAL
158,4,0.0,0.8888888888888888,0.9794193485015635,,3,ORIGINAL
158,5,0.0,0.9622504486493763,0.9794193485015635,,3,ORIGINAL
158,6,0.0,0.5962847939999439,0.9659286563039695,,3,ORIGINAL
158,7,0.0,0.9525793444156805,0.9794193485015635,,3,ORIGINAL
158,8,0.0,,0.9794193485015635,,1,ORIGINAL
158,9,0.0,0.9999999999999998,0.9794193485015635,,4,ORIGINAL
159,0,0.0,,0.9787128262576937,,1,ORIGINAL
159,1,0.0,0.9428090415820635,0.9787128262576937,,3,ORIGINAL
159,2,0.0,0.8864052604279183,0.9352165820534446,,5,ORIGINAL
159,3,0.0,0.8764598212022147,0.9507984093464296,,8,ORIGINAL
159,4,0.0,,0.9787128262576937,,2,ORIGINAL
159,5,0.0,0.9622504486493763,0.9787128262576937,,3,ORIGINAL
159,6,0.0,0.9428090415820635,0.9503441910853968,,3,ORIGINAL
159,7,0.0,0.9999999999999998,0.9787128262576937,,4,ORIGINAL
159,8,0.0,,0.9787128262576937,,1,ORIGINAL
159,9,0.0,,0.9787128262576937,,1,ORIGINAL
160,0,0.0,,0.9806790825098123,,0,ORIGINAL
160,1,0.0,,0.9806790825098123,,1,ORIGINAL
160,2,0.0,0.944911182523068,0.9341955221861229,,4,ORIGINAL
160,3,0.0,0.9438798074485389,0.9453174381264416,,5,ORIGINAL
160,4,0.0,0.9622504486493763,0.9806790825098123,,3,ORIGINAL
160,5,0.0,1.0000000000000002,0.9806790825098123,,6,ORIGINAL
160,6,0.0,0.7171371656006361,0.9561958101545694,,7,ORIGINAL
160,7,0.0,0.9486832980505138,0.9806790825098123,,4,ORIGINAL
160,8,0.0,0.944911182523068,0.9806790825098123,,4,ORIGINAL
160,9,0.0,0.8333333333333334,0.9806790825098123,,4,ORIGINAL
161,0,0.0,,0.924635169633216,,0,ORIGINAL
161,1,0.0,,0.924635169633216,,2,ORIGINAL
161,2,0.0,,0.9390073865970422,,0,ORIGINAL
161,3,0.0,0.9486832980505138,0.9530605257077901,,5,ORIGINAL
161,4,0.0,,0.924635169633216,,1,ORIGINAL
161,5,0.0,,0.924635169633216,,2,ORIGINAL
161,6,0.0,,0.9144329233831301,,2,ORIGINAL
161,7,0.0,,0.924635169633216,,0,ORIGINAL
161,8,0.0,,0.924635169633216,,1,ORIGINAL
161,9,0.0,,0.924635169633216,,1,ORIGINAL
162,0,0.0,,0.9265750960401569,,1,ORIGINAL
162,1,0.0,1.0000000000000002,0.9265750960401569,,3,ORIGINAL
162,2,0.0,0.944911182523068,0.9501157978717382,,4,ORIGINAL
162,3,0.0,0.9647638212377322,0.962966190940858,,10,ORIGINAL
162,4,0.0,0.9622504486493763,0.9265750960401569,,3,ORIGINAL
162,5,0.0,0.9999999999999998,0.9265750960401569,,5,ORIGINAL
162,6,0.0,0.4629100498862757,0.8885938333782119,,6,ORIGINAL
162,7,0.0,,0.9265750960401569,,1,ORIGINAL
162,8,0.0,,0.9265750960401569,,0,ORIGINAL
162,9,0.0,,0.9265750960401569,,2,ORIGINAL
163,0,0.0,,0.9557478134173839,,1,ORIGINAL
163,1,0.0,-0.1889822365046136,0.9557478134173839,,7,ORIGINAL
163,2,0.0,0.9258200997725516,0.8993093811766517,,9,ORIGINAL
163,3,0.0,0.639148369549569,0.8997410455540623,,17,ORIGINAL
163,4,0.0,-0.41666666666666674,0.9557478134173839,,9,ORIGINAL
163,5,0.0,0.16666666666666666,0.9557478134173839,,6,ORIGINAL
163,6,0.0,-0.12598815766974242,0.9319636204489933,,9,ORIGINAL
163,7,0.0,,0.9557478134173839,,2,ORIGINAL
163,8,0.0,,0.9557478134173839,,1,ORIGINAL
163,9,0.0,0.727606875108999,0.9557478134173839,,6,ORIGINAL
164,0,0.0,,0.9494930852238481,,0,ORIGINAL
164,1,0.0,1.0000000000000002,0.9494930852238481,,3,ORIGINAL
164,2,0.0,0.9428090415820635,0.9668185410364865,,3,ORIGINAL
164,3,0.0,0.9486832980505138,0.979995514746923,,10,ORIGINAL
164,4,0.0,,0.9494930852238481,,1,ORIGINAL
164,5,0.0,0.9486832980505138,0.9494930852238481,,5,ORIGINAL
164,6,0.0,,0.9431585471469207,,2,ORIGINAL
164,7,0.0,,0.9494930852238481,,1,ORIGINAL
164,8,0.0,,0.9494930852238481,,1,ORIGINAL
164,9,0.0,,0.9494930852238481,,1,ORIGINAL
165,0,0.0,,1.0,,1,ORIGINAL
165,1,0.0,0.3779644730092272,1.0,,4,ORIGINAL
165,2,0.0,0.8006407690254358,0.9633150259944552,,4,ORIGINAL
165,3,0.0,0.5773502691896258,0.9478675140998328,,3,ORIGINAL
165,4,0.0,,1.0,,2,ORIGINAL
165,5,0.0,,1.0,,2,ORIGINAL
165,6,0.0,-0.3779644730092272,0.9646784562203947,,4,ORIGINAL
165,7,0.0,,1.0,,2,ORIGINAL
165,8,0.0,0.4082482904638631,1.0,,3,ORIGINAL
165,9,0.0,,1.0,,1,ORIGINAL
166,0,0.0,0.3333333333333333,0.9235132152421626,,6,ORIGINAL
166,1,0.0,0.8660254037844387,0.9235132152421626,,6,ORIGINAL
166,2,0.0,0.8090398349558905,0.8568316555249683,,8,ORIGINAL
166,3,0.0,0.6431196942844081,0.861510541950822,,23,ORIGINAL
166,4,0.0,0.7,0.9235132152421626,,10,ORIGINAL
166,5,0.0,0.9045340337332909,0.9235132152421626,,10,ORIGINAL
166,6,0.0,0.5333333333333332,0.9112126529302156,,11,ORIGINAL
166,7,0.0,0.7559289460184544,0.9235132152421626,,4,ORIGINAL
166,8,0.0,0.903696114115064,0.9235132152421626,,4,ORIGINAL
166,9,0.0,0.8892972917998876,0.9235132152421626,,6,ORIGINAL
167,0,0.0,,0.9528772583816012,,1,ORIGINAL
167,1,0.0,0.9561828874675149,0.9528772583816012,,5,ORIGINAL
167,2,0.0,0.9999999999999999,0.8862137015677181,,4,ORIGINAL
167,3,0.0,0.9486832980505138,0.8652361873562038,,7,ORIGINAL
167,4,0.0,,0.9528772583816012,,2,ORIGINAL
167,5,0.0,0.9486832980505138,0.9528772583816012,,4,ORIGINAL
167,6,0.0,0.9428090415820632,0.9506763185846232,,6,ORIGINAL
167,7,0.0,0.9525793444156805,0.9528772583816012,,3,ORIGINAL
167,8,0.0,0.8366600265340756,0.9528772583816012,,4,ORIGINAL
167,9,0.0,0.9486832980505138,0.9528772583816012,,4,ORIGINAL
168,0,0.0,,0.9246351719344974,,2,ORIGINAL
168,1,0.0,,0.9246351719344974,,2,ORIGINAL
168,2,0.0,,0.9390073885652511,,2,ORIGINAL
168,3,0.0,0.9999999999999998,0.9530605269532944,,5,ORIGINAL
168,4,0.0,,0.9246351719344974,,1,ORIGINAL
168,5,0.0,1.0000000000000002,0.9246351719344974,,3,ORIGINAL
168,6,0.0,,0.9144329247767675,,2,ORIGINAL
168,7,0.0,,0.9246351719344974,,2,ORIGINAL
168,8,0.0,,0.9246351719344974,,2,ORIGINAL
168,9,0.0,,0.9246351719344974,,2,ORIGINAL
169,0,0.0,0.2721655269759087,0.9557478145760775,,9,ORIGINAL
169,1,0.0,0.6405126152203486,0.9557478145760775,,13,ORIGINAL
169,2,0.0,0.447213595499958,0.8993093847680496,,15,ORIGINAL
169,3,0.0,0.3508232077228117,0.8997410520696569,,58,ORIGINAL
169,4,0.0,0.47628967220784013,0.9557478145760775,,12,ORIGINAL
169,5,0.0,0.8183170883849714,0.9557478145760775,,15,ORIGINAL
169,6,0.0,0.2503130871608794,0.9319636237904523,,15,ORIGINAL
169,7,0.0,0.8682431421244593,0.9557478145760775,,8,ORIGINAL
169,8,0.0,0.7190924955066749,0.9557478145760775,,11,ORIGINAL
169,9,0.0,0.294174202707276,0.9557478145760775,,8,ORIGINAL
170,0,0.0,-0.6030226891555273,0.9557478090298973,,8,ORIGINAL
170,1,0.0,0.4307055216465324,0.9557478090298973,,12,ORIGINAL
170,2,0.0,0.5163977794943223,0.8993093790448997,,16,ORIGINAL
170,3,0.0,0.5111656508223583,0.8997410456675484,,43,ORIGINAL
170,4,0.0,0.6527912098338668,0.9557478090298973,,12,ORIGINAL
170,5,0.0,0.6599663291074445,0.9557478090298973,,15,ORIGINAL
170,6,0.0,0.4181210050035454,0.9319636219317,,18,ORIGINAL
170,7,0.0,0.9647638212377322,0.9557478090298973,,7,ORIGINAL
170,8,0.0,0.7453559924999299,0.9557478090298973,,8,ORIGINAL
170,9,0.0,0.6078306738548309,0.9557478090298973,,12,ORIGINAL
171,0,0.0,,1.0,,0,ORIGINAL
171,1,0.0,1.0000000000000002,1.0,,3,ORIGINAL
171,2,0.0,,0.9633150259944552,,2,ORIGINAL
171,3,0.0,0.8944271909999159,0.9478675140998328,,5,ORIGINAL
171,4,0.0,,1.0,,2,ORIGINAL
171,5,0.0,,1.0,,2,ORIGINAL
171,6,0.0,0.5773502691896258,0.9646784562203947,,5,ORIGINAL
171,7,0.0,,1.0,,2,ORIGINAL
171,8,0.0,,1.0,,1,ORIGINAL
171,9,0.0,1.0000000000000002,1.0,,3,ORIGINAL
172,0,0.0,0.8181818181818182,0.9738458762311102,,8,ORIGINAL
172,1,0.0,0.7844645405527363,0.9738458762311102,,10,ORIGINAL
172,2,0.0,0.7378647873726218,0.9545809542852356,,11,ORIGINAL
172,3,0.0,0.75125313370595,0.971339134360267,,39,ORIGINAL
172,4,0.0,0.903712849693167,0.9738458762311102,,14,ORIGINAL
172,5,0.0,0.8332051183416778,0.9738458762311102,,15,ORIGINAL
172,6,0.0,0.49852724275079074,0.9212287398664367,,15,ORIGINAL
172,7,0.0,0.8131249357707346,0.9738458762311102,,9,ORIGINAL
172,8,0.0,0.8882347881956881,0.9738458762311102,,12,ORIGINAL
172,9,0.0,0.9036961141150639,0.9738458762311102,,8,ORIGINAL
173,0,0.0,1.0,0.9781648201245466,,4,ORIGINAL
173,1,0.0,0.8249579113843053,0.9781648201245466,,6,ORIGINAL
173,2,0.0,0.9135468796041984,0.9355328345830375,,15,ORIGINAL
173,3,0.0,0.8791278938007466,0.9490453965302365,,28,ORIGINAL
173,4,0.0,0.9271726499455306,0.9781648201245466,,7,ORIGINAL
173,5,0.0,0.9176629354822469,0.9781648201245466,,10,ORIGINAL
173,6,0.0,0.9091372900969896,0.9599059833242818,,8,ORIGINAL
173,7,0.0,0.8333333333333335,0.9781648201245466,,9,ORIGINAL
173,8,0.0,0.9429278356405683,0.9781648201245466,,10,ORIGINAL
173,9,0.0,0.9525793444156805,0.9781648201245466,,6,ORIGINAL
174,0,0.0,,0.9806790819464253,,0,ORIGINAL
174,1,0.0,0.8451542547285165,0.9806790819464253,,5,ORIGINAL
174,2,0.0,,0.9341955266031029,,1,ORIGINAL
174,3,0.0,0.903696114115064,0.9453174448114805,,9,ORIGINAL
174,4,0.0,0.9707253433941511,0.9806790819464253,,4,ORIGINAL
174,5,0.0,1.0,0.9806790819464253,,9,ORIGINAL
174,6,0.0,0.8581163303210331,0.9561958128819127,,8,ORIGINAL
174,7,0.0,0.944911182523068,0.9806790819464253,,7,ORIGINAL
174,8,0.0,0.9561828874675149,0.9806790819464253,,5,ORIGINAL
174,9,0.0,0.8660254037844387,0.9806790819464253,,4,ORIGINAL
175,0,0.0,,0.9646784562203947,,2,ORIGINAL
175,1,0.0,0.2886751345948129,0.9646784562203947,,3,ORIGINAL
175,2,0.0,0.4743416490252569,0.9658346052796958,,5,ORIGINAL
175,3,0.0,0.5345224838248488,0.9413488731479989,,10,ORIGINAL
175,4,0.0,0.8164965809277261,0.9646784562203947,,3,ORIGINAL
175,5,0.0,0.686406472983644,0.9646784562203947,,8,ORIGINAL
175,6,0.0,0.4082482904638631,1.0,,7,ORIGINAL
175,7,0.0,,0.9646784562203947,,2,ORIGINAL
175,8,0.0,,0.9646784562203947,,2,ORIGINAL
175,9,0.0,-0.2886751345948129,0.9646784562203947,,3,ORIGINAL
176,0,0.0,-0.5773502691896257,0.9824636481796526,,3,ORIGINAL
176,1,0.0,0.5773502691896258,0.9824636481796526,,3,ORIGINAL
176,2,0.0,0.5345224838248487,0.9373812375584477,,4,ORIGINAL
176,3,0.0,0.7453559924999299,0.9051753866614726,,6,ORIGINAL
176,4,0.0,0.9622504486493763,0.9824636481796526,,3,ORIGINAL
176,5,0.0,0.17677669529663687,0.9824636481796526,,5,ORIGINAL
176,6,0.0,0.6666666666666667,0.9655410100448671,,4,ORIGINAL
176,7,0.0,,0.9824636481796526,,1,ORIGINAL
176,8,0.0,,0.9824636481796526,,1,ORIGINAL
176,9,0.0,0.16666666666666669,0.9824636481796526,,3,ORIGINAL
177,0,0.0,,1.0,,0,ORIGINAL
177,1,0.0,,1.0,,2,ORIGINAL
177,2,0.0,,0.9633150259944552,,2,ORIGINAL
177,3,0.0,0.944911182523068,0.9478675140998328,,4,ORIGINAL
177,4,0.0,,1.0,,1,ORIGINAL
177,5,0.0,1.0000000000000002,1.0,,3,ORIGINAL
177,6,0.0,0.18257418583505536,0.9646784562203947,,3,ORIGINAL
177,7,0.0,,1.0,,1,ORIGINAL
177,8,0.0,,1.0,,1,ORIGINAL
177,9,0.0,,1.0,,2,ORIGINAL
178,0,0.0,1.0,0.9370425221964798,,4,ORIGINAL
178,1,0.0,0.9999999999999998,0.9370425221964798,,10,ORIGINAL
178,2,0.0,0.9561828874675149,0.9097531749055396,,7,ORIGINAL
178,3,0.0,0.9511897312113418,0.9079964992982816,,19,ORIGINAL
178,4,0.0,0.9438798074485389,0.9370425221964798,,5,ORIGINAL
178,5,0.0,0.9622504486493763,0.9370425221964798,,9,ORIGINAL
178,6,0.0,0.28603877677367767,0.9413299927104251,,10,ORIGINAL
178,7,0.0,0.9486832980505138,0.9370425221964798,,6,ORIGINAL
178,8,0.0,0.9669875568304563,0.9370425221964798,,7,ORIGINAL
178,9,0.0,0.9622504486493764,0.9370425221964798,,6,ORIGINAL
179,0,0.0,0.0,0.9665598505723254,,4,ORIGINAL
179,1,0.0,0.20965696734438366,0.9665598505723254,,10,ORIGINAL
179,2,0.0,0.5163977794943222,0.9318523962214718,,9,ORIGINAL
179,3,0.0,0.3630540990914472,0.9352067012898234,,32,ORIGINAL
179,4,0.0,0.24618298195866545,0.9665598505723254,,10,ORIGINAL
179,5,0.0,0.4743416490252569,0.9665598505723254,,8,ORIGINAL
179,6,0.0,0.6225430174794672,0.9616183257565963,,11,ORIGINAL
179,7,0.0,0.5773502691896258,0.9665598505723254,,3,ORIGINAL
179,8,0.0,0.588348405414552,0.9665598505723254,,4,ORIGINAL
179,9,0.0,0.8660254037844387,0.9665598505723254,,3,ORIGINAL
180,0,0.0,,0.9828880247457558,,2,ORIGINAL
180,1,0.0,,0.9828880247457558,,1,ORIGINAL
180,2,0.0,,0.9652308224183486,,2,ORIGINAL
180,3,0.0,0.8164965809277261,0.9370246141133267,,4,ORIGINAL
180,4,0.0,,0.9828880247457558,,0,ORIGINAL
180,5,0.0,,0.9828880247457558,,0,ORIGINAL
180,6,0.0,,0.9391354050079499,,0,ORIGINAL
180,7,0.0,,0.9828880247457558,,0,ORIGINAL
180,8,0.0,,0.9828880247457558,,0,ORIGINAL
180,9,0.0,,0.9828880247457558,,1,ORIGINAL
181,0,0.0,,0.9876676963764429,,0,ORIGINAL
181,1,0.0,0.8888888888888888,0.9876676963764429,,6,ORIGINAL
181,2,0.0,0.5833333333333334,0.9350706547427207,,6,ORIGINAL
181,3,0.0,0.6308932681440448,0.9165836970349228,,10,ORIGINAL
181,4,0.0,-0.11952286093343936,0.9876676963764429,,4,ORIGINAL
181,5,0.0,0.7745966692414834,0.9876676963764429,,6,ORIGINAL
181,6,0.0,0.6396021490668313,0.9690158156746808,,11,ORIGINAL
181,7,0.0,0.9999999999999999,0.9876676963764429,,4,ORIGINAL
181,8,0.0,,0.9876676963764429,,1,ORIGINAL
181,9,0.0,0.944911182523068,0.9876676963764429,,4,ORIGINAL
182,0,0.0,,0.9738004465607708,,1,ORIGINAL
182,1,0.0,0.521749194749951,0.9738004465607708,,9,ORIGINAL
182,2,0.0,0.7348469228349533,0.9197888026392069,,9,ORIGINAL
182,3,0.0,0.6885303726590962,0.9244952754327906,,18,ORIGINAL
182,4,0.0,0.7587869106393281,0.9738004465607708,,12,ORIGINAL
182,5,0.0,0.8606629658238704,0.9738004465607708,,10,ORIGINAL
182,6,0.0,0.6460582824697986,0.9476127990619025,,12,ORIGINAL
182,7,0.0,0.8320502943378437,0.9738004465607708,,7,ORIGINAL
182,8,0.0,0.857142857142857,0.9738004465607708,,4,ORIGINAL
182,9,0.0,0.7800134951599099,0.9738004465607708,,7,ORIGINAL
183,0,0.0,,0.9420432248706846,,1,ORIGINAL
183,1,0.0,0.7071067811865476,0.9420432248706846,,6,ORIGINAL
183,2,0.0,0.628970902033151,0.9356941861565748,,7,ORIGINAL
183,3,0.0,0.7190924955066749,0.9599929166594483,,13,ORIGINAL
183,4,0.0,,0.9420432248706846,,1,ORIGINAL
183,5,0.0,0.8660254037844387,0.9420432248706846,,4,ORIGINAL
183,6,0.0,0.629940788348712,0.9403748508842826,,8,ORIGINAL
183,7,0.0,0.9428090415820635,0.9420432248706846,,6,ORIGINAL
183,8,0.0,0.6172133998483678,0.9420432248706846,,5,ORIGINAL
183,9,0.0,0.9258200997725515,0.9420432248706846,,5,ORIGINAL
184,0,0.0,,0.9464225432249294,,0,ORIGINAL
184,1,0.0,0.9622504486493763,0.9464225432249294,,3,ORIGINAL
184,2,0.0,0.9434563530497265,0.936402350780788,,4,ORIGINAL
184,3,0.0,0.9166666666666669,0.9460638143794715,,6,ORIGINAL
184,4,0.0,,0.9464225432249294,,2,ORIGINAL
184,5,0.0,0.9622504486493763,0.9464225432249294,,3,ORIGINAL
184,6,0.0,0.4082482904638631,0.9660329857347986,,6,ORIGINAL
184,7,0.0,,0.9464225432249294,,1,ORIGINAL
184,8,0.0,,0.9464225432249294,,0,ORIGINAL
184,9,0.0,,0.9464225432249294,,2,ORIGINAL
185,0,0.0,,0.9420432268977327,,2,ORIGINAL
185,1,0.0,,0.9420432268977327,,1,ORIGINAL
185,2,0.0,0.9561828874675149,0.9356941887542991,,4,ORIGINAL
185,3,0.0,0.9772545497599155,0.9599929183523925,,9,ORIGINAL
185,4,0.0,,0.9420432268977327,,0,ORIGINAL
185,5,0.0,,0.9420432268977327,,2,ORIGINAL
185,6,0.0,,0.9403748528195763,,1,ORIGINAL
185,7,0.0,,0.9420432268977327,,2,ORIGINAL
185,8,0.0,,0.9420432268977327,,1,ORIGINAL
185,9,0.0,,0.9420432268977327,,2,ORIGINAL
186,107,0.9,0.8616404368553293,0.9335964732233221,,6,ORIGINAL
186,197,0.9,0.5707817929853929,0.9317824657590655,,13,ORIGINAL
186,316,0.9,0.7526178090063818,0.8863643074660453,,11,ORIGINAL
186,0,0.0,,0.9317824657590655,,0,ORIGINAL
186,1,0.0,0.5,0.9317824657590655,,4,ORIGINAL
186,2,0.0,0.944911182523068,0.9481723080713255,,4,ORIGINAL
186,3,0.0,0.7337993857053429,0.9184882843541967,,7,ORIGINAL
186,4,0.0,0.41602514716892186,0.9317824657590655,,4,ORIGINAL
186,5,0.0,1.0000000000000002,0.9317824657590655,,6,ORIGINAL
186,6,0.0,0.20412414523193148,0.9277148539796627,,8,ORIGINAL
187,0,0.0,,0.9197532190055877,,1,ORIGINAL
187,1,0.0,-0.9999999999999998,0.9197532190055877,,5,ORIGINAL
187,2,0.0,,0.906690563120478,,2,ORIGINAL
187,3,0.0,-0.8616404368553293,0.90680680365062,,6,ORIGINAL
187,4,0.0,-0.9432422182837986,0.9197532190055877,,8,ORIGINAL
187,5,0.0,-0.8944271909999159,0.9197532190055877,,5,ORIGINAL
187,6,0.0,-0.8333333333333334,0.8967909650188401,,4,ORIGINAL
187,7,0.0,,0.9197532190055877,,1,ORIGINAL
187,8,0.0,,0.9197532190055877,,2,ORIGINAL
187,9,0.0,-0.9486832980505138,0.9197532190055877,,4,ORIGINAL
188,0,0.0,,0.9884224013979345,,1,ORIGINAL
188,1,0.0,0.9434563530497265,0.9884224013979345,,7,ORIGINAL
188,2,0.0,0.9534625892455924,0.9411378809885597,,8,ORIGINAL
188,3,0.0,0.7905694150420948,0.9337064295489298,,14,ORIGINAL
188,4,0.0,0.8666666666666667,0.9884224013979345,,7,ORIGINAL
188,5,0.0,0.8081220356417685,0.9884224013979345,,7,ORIGINAL
188,6,0.0,0.25087260300212727,0.9586524260199483,,8,ORIGINAL
188,7,0.0,0.7977240352174656,0.9884224013979345,,5,ORIGINAL
188,8,0.0,0.9622504486493763,0.9884224013979345,,3,ORIGINAL
188,9,0.0,0.9486832980505138,0.9884224013979345,,4,ORIGINAL
189,0,0.0,,0.9771853370611884,,0,ORIGINAL
189,1,0.0,1.0000000000000002,0.9771853370611884,,3,ORIGINAL
189,2,0.0,,0.9309811016970425,,1,ORIGINAL
189,3,0.0,,0.9077727269777323,,2,ORIGINAL
189,4,0.0,,0.9771853370611884,,1,ORIGINAL
189,5,0.0,,0.9771853370611884,,2,ORIGINAL
189,6,0.0,0.9428090415820635,0.9450597426654841,,3,ORIGINAL
189,7,0.0,0.9428090415820635,0.9771853370611884,,3,ORIGINAL
189,8,0.0,,0.9771853370611884,,1,ORIGINAL
189,9,0.0,1.0,0.9771853370611884,,4,ORIGINAL
190,0,0.0,,0.9771853369023255,,0,ORIGINAL
190,1,0.0,0.9428090415820635,0.9771853369023255,,3,ORIGINAL
190,2,0.0,,0.9309811005956449,,1,ORIGINAL
190,3,0.0,,0.9077727260298036,,2,ORIGINAL
190,4,0.0,,0.9771853369023255,,2,ORIGINAL
190,5,0.0,,0.9771853369023255,,2,ORIGINAL
190,6,0.0,0.9428090415820632,0.9450597421234882,,3,ORIGINAL
190,7,0.0,0.8164965809277261,0.9771853369023255,,3,ORIGINAL
190,8,0.0,,0.9771853369023255,,0,ORIGINAL
190,9,0.0,0.9428090415820635,0.9771853369023255,,3,ORIGINAL
191,0,0.0,,0.9528205470013668,,0,ORIGINAL
191,1,0.0,,0.9528205470013668,,1,ORIGINAL
191,2,0.0,,0.9555396416255699,,2,ORIGINAL
191,3,0.0,,0.9747204241534707,,2,ORIGINAL
191,4,0.0,,0.9528205470013668,,1,ORIGINAL
191,5,0.0,1.0000000000000002,0.9528205470013668,,3,ORIGINAL
191,6,0.0,0.2182178902359924,0.9738170100034905,,4,ORIGINAL
191,7,0.0,,0.9528205470013668,,1,ORIGINAL
191,8,0.0,,0.9528205470013668,,0,ORIGINAL
191,9,0.0,,0.9528205470013668,,1,ORIGINAL
192,0,0.0,,0.9787128262576937,,0,ORIGINAL
192,1,0.0,0.8944271909999159,0.9787128262576937,,5,ORIGINAL
192,2,0.0,,0.9352165820534446,,1,ORIGINAL
192,3,0.0,0.9428090415820635,0.9507984093464296,,3,ORIGINAL
192,4,0.0,0.7844645405527361,0.9787128262576937,,4,ORIGINAL
192,5,0.0,1.0000000000000002,0.9787128262576937,,3,ORIGINAL
192,6,0.0,0.6324555320336759,0.9503441910853968,,5,ORIGINAL
192,7,0.0,0.8728715609439696,0.9787128262576937,,4,ORIGINAL
192,8,0.0,,0.9787128262576937,,1,ORIGINAL
192,9,0.0,0.9999999999999998,0.9787128262576937,,5,ORIGINAL
193,0,0.0,,0.9794193485015635,,1,ORIGINAL
193,1,0.0,0.7745966692414834,0.9794193485015635,,5,ORIGINAL
193,2,0.0,,0.9292376140178872,,3,ORIGINAL
193,3,0.0,0.6614378277661476,0.8954618946154363,,14,ORIGINAL
193,4,0.0,0.7071067811865475,0.9794193485015635,,3,ORIGINAL
193,5,0.0,0.7071067811865476,0.9794193485015635,,6,ORIGINAL
193,6,0.0,0.5,0.9659286563039695,,6,ORIGINAL
193,7,0.0,0.6123724356957945,0.9794193485015635,,6,ORIGINAL
193,8,0.0,0.7745966692414834,0.9794193485015635,,6,ORIGINAL
193,9,0.0,0.5773502691896258,0.9794193485015635,,3,ORIGINAL
194,0,0.0,1.0000000000000002,1.0,,3,ORIGINAL
194,1,0.0,0.8581163303210331,1.0,,8,ORIGINAL
194,2,0.0,0.9333333333333332,0.9633150259944552,,9,ORIGINAL
194,3,0.0,0.8970852271450604,0.9478675140998328,,19,ORIGINAL
194,4,0.0,0.8907986681660889,1.0,,7,ORIGINAL
194,5,0.0,0.9296696802013682,1.0,,11,ORIGINAL
194,6,0.0,0.7756315349925288,0.9646784562203947,,13,ORIGINAL
194,7,0.0,0.9090909090909091,1.0,,5,ORIGINAL
194,8,0.0,0.9594032236002469,1.0,,5,ORIGINAL
194,9,0.0,0.8164965809277261,1.0,,10,ORIGINAL
195,0,0.0,0.8164965809277261,0.93423278769351,,4,ORIGINAL
195,1,0.0,,0.93423278769351,,2,ORIGINAL
195,2,0.0,0.7559289460184544,0.9706162323255848,,4,ORIGINAL
195,3,0.0,0.8696263565463043,0.9762346959498835,,7,ORIGINAL
195,4,0.0,,0.93423278769351,,1,ORIGINAL
195,5,0.0,0.8485281374238569,0.93423278769351,,5,ORIGINAL
195,6,0.0,,0.9160911624183175,,0,ORIGINAL
195,7,0.0,,0.93423278769351,,0,ORIGINAL
195,8,0.0,,0.93423278769351,,1,ORIGINAL
195,9,0.0,0.7745966692414834,0.93423278769351,,3,ORIGINAL
196,0,0.0,,0.9865432291009868,,0,ORIGINAL
196,1,0.0,,0.9865432291009868,,0,ORIGINAL
196,2,0.0,,0.946452462077083,,2,ORIGINAL
196,3,0.0,1.0000000000000002,0.9288382417506102,,6,ORIGINAL
196,4,0.0,0.8366600265340756,0.9865432291009868,,4,ORIGINAL
196,5,0.0,0.9999999999999998,0.9865432291009868,,5,ORIGINAL
196,6,0.0,,0.9560412601772939,,2,ORIGINAL
196,7,0.0,,0.9865432291009868,,1,ORIGINAL
196,8,0.0,,0.9865432291009868,,1,ORIGINAL
196,9,0.0,,0.9865432291009868,,0,ORIGINAL
197,107,0.9,0.8081901942077094,0.968115055201854,,12,ORIGINAL
197,186,0.9,0.5707817929853929,0.9317824657590655,,13,ORIGINAL
197,0,0.0,0.944911182523068,1.0,,4,ORIGINAL
197,1,0.0,0.9429541672723838,1.0,,11,ORIGINAL
197,2,0.0,0.9152086306448589,0.9633150259944552,,15,ORIGINAL
197,3,0.0,0.8525831180624469,0.9478675140998328,,26,ORIGINAL
197,4,0.0,0.9239364353597956,1.0,,14,ORIGINAL
197,5,0.0,0.9205746178983235,1.0,,20,ORIGINAL
197,6,0.0,0.6993996651406948,0.9646784562203947,,14,ORIGINAL
197,7,0.0,0.9260923597695477,1.0,,10,ORIGINAL
198,0,0.0,,0.9623825726019074,,2,ORIGINAL
198,1,0.0,,0.9623825726019074,,2,ORIGINAL
198,2,0.0,0.2581988897471611,0.9039457242238322,,9,ORIGINAL
198,3,0.0,0.492365963917331,0.9255037799035835,,17,ORIGINAL
198,4,0.0,-0.1336306209562122,0.9623825726019074,,5,ORIGINAL
198,5,0.0,0.7071067811865475,0.9623825726019074,,7,ORIGINAL
198,6,0.0,0.47140452079103173,0.9443964430495274,,3,ORIGINAL
198,7,0.0,,0.9623825726019074,,1,ORIGINAL
198,8,0.0,0.6454972243679029,0.9623825726019074,,4,ORIGINAL
198,9,0.0,0.8660254037844387,0.9623825726019074,,3,ORIGINAL
199,739,0.9,,,,0,ORIGINAL
199,0,0.0,,0.9808074286486422,,1,ORIGINAL
199,1,0.0,,0.9808074286486422,,0,ORIGINAL
199,2,0.0,,0.9704064446070771,,1,ORIGINAL
199,3,0.0,,0.9434388031421846,,2,ORIGINAL
199,4,0.0,,0.9808074286486422,,1,ORIGINAL
199,5,0.0,,0.9808074286486422,,0,ORIGINAL
199,6,0.0,,0.9385487604084403,,0,ORIGINAL
199,7,0.0,,0.9808074286486422,,1,ORIGINAL
199,8,0.0,,0.9808074286486422,,0,ORIGINAL
200,101,0.9,0.7778444682625973,0.9729823259532788,,9,ORIGINAL
200,526,0.9,0.944911182523068,0.9650727927020335,,14,ORIGINAL
200,595,0.9,0.7777777777777779,0.9999999999999952,,9,ORIGINAL
200,709,0.9,0.9074852129730302,0.9400009539971351,,9,ORIGINAL
200,0,0.0,,0.9557478084281137,,2,ORIGINAL
200,1,0.0,0.9561828874675149,0.9557478084281137,,5,ORIGINAL
200,2,0.0,0.8606629658238704,0.899309378753388,,6,ORIGINAL
200,3,0.0,0.9434563530497265,0.8997410447487373,,11,ORIGINAL
200,4,0.0,0.8770580193070293,0.9557478084281137,,4,ORIGINAL
200,5,0.0,0.9456108576893003,0.9557478084281137,,9,ORIGINAL
201,0,0.0,,1.0,,0,ORIGINAL
201,1,0.0,,1.0,,0,ORIGINAL
201,2,0.0,,0.9633150259944552,,2,ORIGINAL
201,3,0.0,,0.9478675140998328,,1,ORIGINAL
201,4,0.0,,1.0,,1,ORIGINAL
201,5,0.0,,1.0,,0,ORIGINAL
201,6,0.0,,0.9646784562203947,,1,ORIGINAL
201,7,0.0,,1.0,,0,ORIGINAL
201,8,0.0,,1.0,,1,ORIGINAL
201,9,0.0,,1.0,,0,ORIGINAL
202,0,0.0,,0.9806790827122713,,0,ORIGINAL
202,1,0.0,1.0,0.9806790827122713,,4,ORIGINAL
202,2,0.0,,0.9341955275642331,,1,ORIGINAL
202,3,0.0,0.9999999999999998,0.9453174449713314,,5,ORIGINAL
202,4,0.0,,0.9806790827122713,,1,ORIGINAL
202,5,0.0,1.0000000000000002,0.9806790827122713,,6,ORIGINAL
202,6,0.0,0.6666666666666667,0.9561958125198223,,6,ORIGINAL
202,7,0.0,0.944911182523068,0.9806790827122713,,4,ORIGINAL
202,8,0.0,0.9707253433941511,0.9806790827122713,,4,ORIGINAL
202,9,0.0,1.0000000000000002,0.9806790827122713,,3,ORIGINAL
203,0,0.0,-0.8164965809277259,0.9738004462591998,,5,ORIGINAL
203,1,0.0,0.30151134457776363,0.9738004462591998,,8,ORIGINAL
203,2,0.0,0.3077935056255462,0.9197887980084796,,10,ORIGINAL
203,3,0.0,0.06085806194501844,0.92449527133247,,21,ORIGINAL
203,4,0.0,0.15713484026367722,0.9738004462591998,,9,ORIGINAL
203,5,0.0,0.0,0.9738004462591998,,11,ORIGINAL
203,6,0.0,-0.1889822365046136,0.947612799170234,,8,ORIGINAL
203,7,0.0,0.0,0.9738004462591998,,6,ORIGINAL
203,8,0.0,-0.3086066999241839,0.9738004462591998,,5,ORIGINAL
203,9,0.0,0.09325048082403138,0.9738004462591998,,9,ORIGINAL
204,0,0.0,,,,1,ORIGINAL
204,1,0.0,0.8660254037844387,,,3,ORIGINAL
204,2,0.0,0.9036961141150639,,,6,ORIGINAL
204,3,0.0,0.7826237921249264,,,7,ORIGINAL
204,4,0.0,,,,1,ORIGINAL
204,5,0.0,1.0,,,4,ORIGINAL
204,6,0.0,1.0,,,4,ORIGINAL
204,7,0.0,0.9622504486493763,,,3,ORIGINAL
204,8,0.0,,,,2,ORIGINAL
204,9,0.0,0.6324555320336759,,,3,ORIGINAL
205,0,0.0,,0.9688240455412486,,1,ORIGINAL
205,1,0.0,,0.9688240455412486,,2,ORIGINAL
205,2,0.0,0.9750168689498874,0.9416600184948395,,7,ORIGINAL
205,3,0.0,0.9723055853282466,0.9640273209028699,,8,ORIGINAL
205,4,0.0,0.8164965809277259,0.9688240455412486,,3,ORIGINAL
205,5,0.0,,0.9688240455412486,,1,ORIGINAL
205,6,0.0,,0.9506001637622323,,1,ORIGINAL
205,7,0.0,,0.9688240455412486,,1,ORIGINAL
205,8,0.0,,0.9688240455412486,,1,ORIGINAL
205,9,0.0,,0.9688240455412486,,1,ORIGINAL
206,0,0.0,,1.0,,2,ORIGINAL
206,1,0.0,0.8528028654224417,1.0,,5,ORIGINAL
206,2,0.0,0.8775269089525567,0.9633150259944552,,5,ORIGINAL
206,3,0.0,0.8783100656536798,0.9478675140998328,,10,ORIGINAL
206,4,0.0,,1.0,,0,ORIGINAL
206,5,0.0,0.9428090415820632,1.0,,3,ORIGINAL
206,6,0.0,0.5270462766947299,0.9646784562203947,,6,ORIGINAL
206,7,0.0,0.9999999999999998,1.0,,4,ORIGINAL
206,8,0.0,,1.0,,1,ORIGINAL
206,9,0.0,0.9434563530497265,1.0,,4,ORIGINAL
207,0,0.0,,0.9794193485015635,,0,ORIGINAL
207,1,0.0,,0.9794193485015635,,1,ORIGINAL
207,2,0.0,,0.9292376140178872,,0,ORIGINAL
207,3,0.0,,0.8954618946154363,,0,ORIGINAL
207,4,0.0,,0.9794193485015635,,0,ORIGINAL
207,5,0.0,,0.9794193485015635,,0,ORIGINAL
207,6,0.0,,0.9659286563039695,,0,ORIGINAL
207,7,0.0,,0.9794193485015635,,0,ORIGINAL
207,8,0.0,,0.9794193485015635,,0,ORIGINAL
207,9,0.0,,0.9794193485015635,,1,ORIGINAL
208,739,0.8,,,,1,ORIGINAL
208,0,0.0,,0.9409512502436345,,0,ORIGINAL
208,1,0.0,0.9486832980505138,0.9409512502436345,,4,ORIGINAL
208,2,0.0,0.8164965809277261,0.8805955334094908,,3,ORIGINAL
208,3,0.0,0.7071067811865475,0.8425549511191418,,5,ORIGINAL
208,4,0.0,0.6708203932499369,0.9409512502436345,,4,ORIGINAL
208,5,0.0,0.8485281374238569,0.9409512502436345,,5,ORIGINAL
208,6,0.0,0.4082482904638631,0.9260773581134877,,3,ORIGINAL
208,7,0.0,,0.9409512502436345,,2,ORIGINAL
208,8,0.0,0.7071067811865475,0.9409512502436345,,3,ORIGINAL
209,0,0.0,,0.9734363214507032,,0,ORIGINAL
209,1,0.0,,0.9734363214507032,,0,ORIGINAL
209,2,0.0,,0.9372873897695143,,2,ORIGINAL
209,3,0.0,1.0000000000000002,0.9593459940786431,,3,ORIGINAL
209,4,0.0,,0.9734363214507032,,2,ORIGINAL
209,5,0.0,,0.9734363214507032,,2,ORIGINAL
209,6,0.0,,0.9352360575243936,,1,ORIGINAL
209,7,0.0,,0.9734363214507032,,2,ORIGINAL
209,8,0.0,,0.9734363214507032,,2,ORIGINAL
209,9,0.0,,0.9734363214507032,,0,ORIGINAL
210,0,0.0,,0.9770930325106809,,0,ORIGINAL
210,1,0.0,,0.9770930325106809,,1,ORIGINAL
210,2,0.0,,0.9426950569161515,,2,ORIGINAL
210,3,0.0,0.9438798074485389,0.9697879102911497,,5,ORIGINAL
210,4,0.0,,0.9770930325106809,,1,ORIGINAL
210,5,0.0,,0.9770930325106809,,2,ORIGINAL
210,6,0.0,,0.9343338201073141,,1,ORIGINAL
210,7,0.0,,0.9770930325106809,,0,ORIGINAL
210,8,0.0,,0.9770930325106809,,0,ORIGINAL
210,9,0.0,,0.9770930325106809,,0,ORIGINAL
211,0,0.0,,0.931782465990047,,0,ORIGINAL
211,1,0.0,0.9486832980505138,0.931782465990047,,5,ORIGINAL
211,2,0.0,0.9622504486493763,0.9481723044676227,,3,ORIGINAL
211,3,0.0,0.9525793444156805,0.9184882803529835,,6,ORIGINAL
211,4,0.0,,0.931782465990047,,2,ORIGINAL
211,5,0.0,,0.931782465990047,,2,ORIGINAL
211,6,0.0,0.6324555320336759,0.9277148519986899,,5,ORIGINAL
211,7,0.0,0.9438798074485389,0.931782465990047,,5,ORIGINAL
211,8,0.0,,0.931782465990047,,0,ORIGINAL
211,9,0.0,1.0000000000000002,0.931782465990047,,3,ORIGINAL
212,0,0.0,0.8749999999999998,0.9865432291009868,,5,ORIGINAL
212,1,0.0,0.9561828874675149,0.9865432291009868,,7,ORIGINAL
212,2,0.0,0.9432422182837986,0.946452462077083,,10,ORIGINAL
212,3,0.0,0.9304842103984707,0.9288382417506102,,21,ORIGINAL
212,4,0.0,0.9622504486493763,0.9865432291009868,,9,ORIGINAL
212,5,0.0,0.9770084209183943,0.9865432291009868,,12,ORIGINAL
212,6,0.0,0.7216098119626152,0.9560412601772939,,10,ORIGINAL
212,7,0.0,0.9163419338230352,0.9865432291009868,,9,ORIGINAL
212,8,0.0,0.9506541513652698,0.9865432291009868,,5,ORIGINAL
212,9,0.0,0.981432984131437,0.9865432291009868,,8,ORIGINAL
213,0,0.0,,0.9409512556659316,,1,ORIGINAL
213,1,0.0,1.0,0.9409512556659316,,4,ORIGINAL
213,2,0.0,0.944911182523068,0.8805955348311173,,4,ORIGINAL
213,3,0.0,0.9594032236002469,0.8425549511708728,,8,ORIGINAL
213,4,0.0,0.9707253433941511,0.9409512556659316,,4,ORIGINAL
213,5,0.0,1.0,0.9409512556659316,,4,ORIGINAL
213,6,0.0,0.8660254037844387,0.9260773592122862,,6,ORIGINAL
213,7,0.0,0.944911182523068,0.9409512556659316,,4,ORIGINAL
213,8,0.0,,0.9409512556659316,,2,ORIGINAL
213,9,0.0,0.9761870601839528,0.9409512556659316,,5,ORIGINAL
214,0,0.0,0.17407765595569785,0.956703127077904,,8,ORIGINAL
214,1,0.0,0.3442651863295481,0.956703127077904,,12,ORIGINAL
214,2,0.0,0.6614378277661476,0.8856912288722915,,20,ORIGINAL
214,3,0.0,0.5412658773652742,0.9004262845449462,,50,ORIGINAL
214,4,0.0,0.6788442333021307,0.956703127077904,,13,ORIGINAL
214,5,0.0,0.9309493362512627,0.956703127077904,,16,ORIGINAL
214,6,0.0,-0.09128709291752768,0.9311485121085034,,12,ORIGINAL
214,7,0.0,0.944911182523068,0.956703127077904,,7,ORIGINAL
214,8,0.0,0.6172133998483676,0.956703127077904,,9,ORIGINAL
214,9,0.0,0.7144345083117604,0.956703127077904,,7,ORIGINAL
215,0,0.0,,0.9770930333460692,,2,ORIGINAL
215,1,0.0,,0.9770930333460692,,2,ORIGINAL
215,2,0.0,,0.9426950542058579,,1,ORIGINAL
215,3,0.0,0.9999999999999998,0.9697879072350232,,5,ORIGINAL
215,4,0.0,,0.9770930333460692,,2,ORIGINAL
215,5,0.0,1.0,0.9770930333460692,,4,ORIGINAL
215,6,0.0,,0.9343338179348393,,2,ORIGINAL
215,7,0.0,,0.9770930333460692,,2,ORIGINAL
215,8,0.0,1.0000000000000002,0.9770930333460692,,3,ORIGINAL
215,9,0.0,,0.9770930333460692,,0,ORIGINAL
216,0,0.0,0.8164965809277259,0.9317824697544982,,5,ORIGINAL
216,1,0.0,,0.9317824697544982,,2,ORIGINAL
216,2,0.0,0.8164965809277261,0.948172308948168,,4,ORIGINAL
216,3,0.0,0.7833494518006403,0.9184882850144845,,14,ORIGINAL
216,4,0.0,0.7106690545187015,0.9317824697544982,,6,ORIGINAL
216,5,0.0,0.7396002616336389,0.9317824697544982,,10,ORIGINAL
216,6,0.0,0.7071067811865475,0.9277148497305662,,5,ORIGINAL
216,7,0.0,0.8451542547285165,0.9317824697544982,,4,ORIGINAL
216,8,0.0,0.8164965809277261,0.9317824697544982,,4,ORIGINAL
216,9,0.0,0.21320071635561041,0.9317824697544982,,6,ORIGINAL
217,0,0.0,0.9999999999999998,1.0,,5,ORIGINAL
217,1,0.0,0.8703882797784892,1.0,,9,ORIGINAL
217,2,0.0,0.8356716504931925,0.9633150259944552,,13,ORIGINAL
217,3,0.0,0.8753762190648171,0.9478675140998328,,15,ORIGINAL
217,4,0.0,0.8571946154145231,1.0,,8,ORIGINAL
217,5,0.0,0.8563488385776753,1.0,,9,ORIGINAL
217,6,0.0,0.7514691493021793,0.9646784562203947,,11,ORIGINAL
217,7,0.0,0.8749999999999998,1.0,,5,ORIGINAL
217,8,0.0,0.9166666666666666,1.0,,7,ORIGINAL
217,9,0.0,0.9449111825230682,1.0,,9,ORIGINAL
218,739,0.9,,,,0,ORIGINAL
218,0,0.0,,0.9852485776222936,,1,ORIGINAL
218,1,0.0,,0.9852485776222936,,0,ORIGINAL
218,2,0.0,0.9999999999999998,0.9360452062211253,,5,ORIGINAL
218,3,0.0,0.9354143466934852,0.908943534839849,,8,ORIGINAL
218,4,0.0,0.9622504486493763,0.9852485776222936,,3,ORIGINAL
218,5,0.0,,0.9852485776222936,,1,ORIGINAL
218,6,0.0,,0.9597279595939826,,1,ORIGINAL
218,7,0.0,,0.9852485776222936,,1,ORIGINAL
218,8,0.0,,0.9852485776222936,,1,ORIGINAL
219,0,0.0,-0.7337993857053429,0.9487238644352136,,4,ORIGINAL
219,1,0.0,0.22645540682891918,0.9487238644352136,,9,ORIGINAL
219,2,0.0,0.04356068418690322,0.8891044095711875,,11,ORIGINAL
219,3,0.0,0.07593263966019992,0.9153603129910003,,25,ORIGINAL
219,4,0.0,0.4622501635210243,0.9487238644352136,,6,ORIGINAL
219,5,0.0,0.3944053188733077,0.9487238644352136,,11,ORIGINAL
219,6,0.0,0.11547005383792516,0.9216289003364204,,11,ORIGINAL
219,7,0.0,0.6363636363636364,0.9487238644352136,,5,ORIGINAL
219,8,0.0,0.6396021490668313,0.9487238644352136,,5,ORIGINAL
219,9,0.0,0.23570226039551587,0.9487238644352136,,7,ORIGINAL
220,0,0.0,,0.9770930333460692,,1,ORIGINAL
220,1,0.0,,0.9770930333460692,,1,ORIGINAL
220,2,0.0,,0.9426950542058579,,2,ORIGINAL
220,3,0.0,,0.9697879072350232,,2,ORIGINAL
220,4,0.0,,0.9770930333460692,,0,ORIGINAL
220,5,0.0,,0.9770930333460692,,0,ORIGINAL
220,6,0.0,,0.9343338179348393,,0,ORIGINAL
220,7,0.0,,0.9770930333460692,,0,ORIGINAL
220,8,0.0,,0.9770930333460692,,0,ORIGINAL
220,9,0.0,,0.9770930333460692,,2,ORIGINAL
221,0,0.0,0.5669467095138409,0.9516793331612367,,8,ORIGINAL
221,1,0.0,0.7276068751089989,0.9516793331612367,,16,ORIGINAL
221,2,0.0,0.4950737714883372,0.9038354839116866,,8,ORIGINAL
221,3,0.0,0.492365963917331,0.9378772049356991,,16,ORIGINAL
221,4,0.0,0.7844645405527361,0.9516793331612367,,4,ORIGINAL
221,5,0.0,0.8164965809277261,0.9516793331612367,,6,ORIGINAL
221,6,0.0,0.5669467095138409,0.8806191639365999,,6,ORIGINAL
221,7,0.0,0.6708203932499369,0.9516793331612367,,4,ORIGINAL
221,8,0.0,0.4082482904638631,0.9516793331612367,,3,ORIGINAL
221,9,0.0,0.6933752452815365,0.9516793331612367,,5,ORIGINAL
222,0,0.0,,0.9547904314767204,,0,ORIGINAL
222,1,0.0,,0.9547904314767204,,1,ORIGINAL
222,2,0.0,1.0000000000000002,0.9499077699877394,,3,ORIGINAL
222,3,0.0,0.8749999999999998,0.9601427185818374,,5,ORIGINAL
222,4,0.0,,0.9547904314767204,,1,ORIGINAL
222,5,0.0,1.0000000000000002,0.9547904314767204,,3,ORIGINAL
222,6,0.0,0.6172133998483676,0.9376399287227152,,7,ORIGINAL
222,7,0.0,0.944911182523068,0.9547904314767204,,4,ORIGINAL
222,8,0.0,,0.9547904314767204,,2,ORIGINAL
222,9,0.0,,0.9547904314767204,,2,ORIGINAL
223,0,0.0,,0.9616716913116158,,1,ORIGINAL
223,1,0.0,0.9486832980505138,0.9616716913116158,,5,ORIGINAL
223,2,0.0,0.9525793444156805,0.9692984658699926,,6,ORIGINAL
223,3,0.0,0.8888888888888891,0.9711647463675521,,12,ORIGINAL
223,4,0.0,,0.9616716913116158,,2,ORIGINAL
223,5,0.0,0.944911182523068,0.9616716913116158,,8,ORIGINAL
223,6,0.0,0.27386127875258304,0.9700823589699592,,9,ORIGINAL
223,7,0.0,,0.9616716913116158,,2,ORIGINAL
223,8,0.0,0.8164965809277261,0.9616716913116158,,3,ORIGINAL
223,9,0.0,0.8366600265340756,0.9616716913116158,,4,ORIGINAL
224,0,0.0,,0.9824636481807236,,1,ORIGINAL
224,1,0.0,0.6123724356957945,0.9824636481807236,,8,ORIGINAL
224,2,0.0,0.9574271077563381,0.9373812340330052,,6,ORIGINAL
224,3,0.0,0.4579218831544977,0.9051753847125737,,21,ORIGINAL
224,4,0.0,0.3227486121839514,0.9824636481807236,,8,ORIGINAL
224,5,0.0,0.7095748751868991,0.9824636481807236,,14,ORIGINAL
224,6,0.0,0.8888888888888888,0.9655410074942835,,8,ORIGINAL
224,7,0.0,0.9295160030897801,0.9824636481807236,,10,ORIGINAL
224,8,0.0,0.8347300123683029,0.9824636481807236,,10,ORIGINAL
224,9,0.0,0.7888106377466154,0.9824636481807236,,7,ORIGINAL
225,0,0.0,,0.9545005798441111,,1,ORIGINAL
225,1,0.0,0.9428090415820635,0.9545005798441111,,3,ORIGINAL
225,2,0.0,0.9438798074485389,0.896572649604279,,5,ORIGINAL
225,3,0.0,0.8999999999999998,0.9117335255779871,,7,ORIGINAL
225,4,0.0,0.9428090415820635,0.9545005798441111,,3,ORIGINAL
225,5,0.0,0.9999999999999998,0.9545005798441111,,5,ORIGINAL
225,6,0.0,0.9999999999999998,0.9422929880042143,,5,ORIGINAL
225,7,0.0,0.944911182523068,0.9545005798441111,,4,ORIGINAL
225,8,0.0,1.0,0.9545005798441111,,4,ORIGINAL
225,9,0.0,0.9561828874675149,0.9545005798441111,,5,ORIGINAL
226,0,0.0,0.7559289460184544,0.9699713558441899,,6,ORIGINAL
226,1,0.0,0.7453559924999299,0.9699713558441899,,9,ORIGINAL
226,2,0.0,0.6123724356957945,0.9059825077080851,,8,ORIGINAL
226,3,0.0,0.6999999999999998,0.8860247103742077,,14,ORIGINAL
226,4,0.0,0.9772545497599155,0.9699713558441899,,9,ORIGINAL
226,5,0.0,0.8908708063747479,0.9699713558441899,,10,ORIGINAL
226,6,0.0,0.6067880364121376,0.9660512377577112,,14,ORIGINAL
226,7,0.0,1.0000000000000002,0.9699713558441899,,3,ORIGINAL
226,8,0.0,0.7115124735378853,0.9699713558441899,,7,ORIGINAL
226,9,0.0,0.9363821838346237,0.9699713558441899,,10,ORIGINAL
227,0,0.0,,0.9681150547974688,,2,ORIGINAL
227,1,0.0,0.9622504486493763,0.9681150547974688,,3,ORIGINAL
227,2,0.0,0.9525793444156805,0.9538641588284185,,6,ORIGINAL
227,3,0.0,0.9723055853282466,0.9731287392007654,,11,ORIGINAL
227,4,0.0,,0.9681150547974688,,1,ORIGINAL
227,5,0.0,0.9428090415820635,0.9681150547974688,,3,ORIGINAL
227,6,0.0,0.7171371656006361,0.9156195843198824,,4,ORIGINAL
227,7,0.0,,0.9681150547974688,,1,ORIGINAL
227,8,0.0,0.8770580193070293,0.9681150547974688,,4,ORIGINAL
227,9,0.0,1.0000000000000002,0.9681150547974688,,3,ORIGINAL
228,0,0.0,,0.9519691743590629,,1,ORIGINAL
228,1,0.0,1.0000000000000002,0.9519691743590629,,3,ORIGINAL
228,2,0.0,0.9428090415820635,0.9247435645838629,,3,ORIGINAL
228,3,0.0,1.0000000000000002,0.8922040980980664,,6,ORIGINAL
228,4,0.0,,0.9519691743590629,,2,ORIGINAL
228,5,0.0,1.0000000000000002,0.9519691743590629,,6,ORIGINAL
228,6,0.0,0.2886751345948129,0.9085384464949312,,4,ORIGINAL
228,7,0.0,0.9486832980505138,0.9519691743590629,,4,ORIGINAL
228,8,0.0,0.9622504486493763,0.9519691743590629,,3,ORIGINAL
228,9,0.0,0.9622504486493763,0.9519691743590629,,3,ORIGINAL
229,0,0.0,,0.9317824697544982,,0,ORIGINAL
229,1,0.0,0.944911182523068,0.9317824697544982,,4,ORIGINAL
229,2,0.0,1.0000000000000002,0.948172308948168,,3,ORIGINAL
229,3,0.0,1.0000000000000002,0.9184882850144845,,9,ORIGINAL
229,4,0.0,0.9456108576893003,0.9317824697544982,,6,ORIGINAL
229,5,0.0,0.9525793444156805,0.9317824697544982,,6,ORIGINAL
229,6,0.0,0.629940788348712,0.9277148497305662,,6,ORIGINAL
229,7,0.0,0.9707253433941511,0.9317824697544982,,4,ORIGINAL
229,8,0.0,0.8528028654224417,0.9317824697544982,,5,ORIGINAL
229,9,0.0,0.8728715609439696,0.9317824697544982,,4,ORIGINAL
230,0,0.0,-0.5262348115842176,0.9409512491468389,,10,ORIGINAL
230,1,0.0,0.18394180184548972,0.9409512491468389,,11,ORIGINAL
230,2,0.0,0.4151682458530185,0.8805955317035952,,17,ORIGINAL
230,3,0.0,0.3703985987435961,0.8425549482523794,,33,ORIGINAL
230,4,0.0,0.30935921676911454,0.9409512491468389,,11,ORIGINAL
230,5,0.0,0.8563488385776753,0.9409512491468389,,16,ORIGINAL
230,6,0.0,0.6308932681440448,0.92607735489845,,16,ORIGINAL
230,7,0.0,0.9486832980505138,0.9409512491468389,,10,ORIGINAL
230,8,0.0,0.8814089405208616,0.9409512491468389,,13,ORIGINAL
230,9,0.0,0.8846517369293828,0.9409512491468389,,9,ORIGINAL
231,0,0.0,0.8164965809277259,0.9246351750265557,,3,ORIGINAL
231,1,0.0,0.6324555320336759,0.9246351750265557,,10,ORIGINAL
231,2,0.0,0.9166666666666669,0.9390073910457523,,9,ORIGINAL
231,3,0.0,0.9032106474595009,0.9530605296620339,,28,ORIGINAL
231,4,0.0,0.49690399499995325,0.9246351750265557,,9,ORIGINAL
231,5,0.0,0.6581451817144176,0.9246351750265557,,11,ORIGINAL
231,6,0.0,0.47193990372426947,0.9144329284301718,,11,ORIGINAL
231,7,0.0,0.9486832980505138,0.9246351750265557,,4,ORIGINAL
231,8,0.0,0.9428090415820634,0.9246351750265557,,6,ORIGINAL
231,9,0.0,0.29814239699997197,0.9246351750265557,,7,ORIGINAL
232,549,0.9,,,,0,ORIGINAL
232,0,0.0,,0.948723868259692,,0,ORIGINAL
232,1,0.0,,0.948723868259692,,0,ORIGINAL
232,2,0.0,,0.8891044170136088,,0,ORIGINAL
232,3,0.0,,0.9153603180872991,,0,ORIGINAL
232,4,0.0,,0.948723868259692,,0,ORIGINAL
232,5,0.0,,0.948723868259692,,0,ORIGINAL
232,6,0.0,,0.9216289050319578,,0,ORIGINAL
232,7,0.0,,0.948723868259692,,0,ORIGINAL
232,8,0.0,,0.948723868259692,,0,ORIGINAL
233,0,0.0,,1.0,,0,ORIGINAL
233,1,0.0,0.0,1.0,,6,ORIGINAL
233,2,0.0,0.26726124191242434,0.9633150259944552,,4,ORIGINAL
233,3,0.0,-0.30151134457776363,0.9478675140998328,,8,ORIGINAL
233,4,0.0,-0.47140452079103173,1.0,,6,ORIGINAL
233,5,0.0,-0.35355339059327373,1.0,,9,ORIGINAL
233,6,0.0,-0.6123724356957945,0.9646784562203947,,7,ORIGINAL
233,7,0.0,-0.2672612419124244,1.0,,5,ORIGINAL
233,8,0.0,-0.8017837257372731,1.0,,4,ORIGINAL
233,9,0.0,0.48507125007266594,1.0,,6,ORIGINAL
234,0,0.0,,0.9574558862683877,,1,ORIGINAL
234,1,0.0,0.9594032236002469,0.9574558862683877,,8,ORIGINAL
234,2,0.0,0.8017837257372732,0.9509252876760155,,8,ORIGINAL
234,3,0.0,0.7302967433402214,0.9152557015873959,,20,ORIGINAL
234,4,0.0,0.6454972243679029,0.9574558862683877,,4,ORIGINAL
234,5,0.0,0.9486832980505138,0.9574558862683877,,10,ORIGINAL
234,6,0.0,0.74535599249993,0.9455570272653139,,9,ORIGINAL
234,7,0.0,0.944911182523068,0.9574558862683877,,4,ORIGINAL
234,8,0.0,,0.9574558862683877,,2,ORIGINAL
234,9,0.0,0.9701425001453319,0.9574558862683877,,5,ORIGINAL
235,0,0.0,0.9486832980505138,0.9699713572266225,,5,ORIGINAL
235,1,0.0,0.9525793444156805,0.9699713572266225,,6,ORIGINAL
235,2,0.0,0.944911182523068,0.9059825079395406,,8,ORIGINAL
235,3,0.0,0.8845379626717033,0.8860247116862109,,13,ORIGINAL
235,4,0.0,0.808290376865476,0.9699713572266225,,6,ORIGINAL
235,5,0.0,0.8333333333333335,0.9699713572266225,,7,ORIGINAL
235,6,0.0,0.8432740427115678,0.9660512382337655,,9,ORIGINAL
235,7,0.0,0.9538209664765318,0.9699713572266225,,7,ORIGINAL
235,8,0.0,0.9486832980505138,0.9699713572266225,,4,ORIGINAL
235,9,0.0,0.8728715609439696,0.9699713572266225,,6,ORIGINAL
236,0,0.0,,1.0,,1,ORIGINAL
236,1,0.0,0.5773502691896258,1.0,,3,ORIGINAL
236,2,0.0,0.7071067811865475,0.9633150259944552,,6,ORIGINAL
236,3,0.0,0.7778174593052022,0.9478675140998328,,11,ORIGINAL
236,4,0.0,0.82502864732539,1.0,,5,ORIGINAL
236,5,0.0,0.8660254037844387,1.0,,6,ORIGINAL
236,6,0.0,0.8164965809277261,0.9646784562203947,,8,ORIGINAL
236,7,0.0,0.8017837257372731,1.0,,4,ORIGINAL
236,8,0.0,0.8366600265340756,1.0,,4,ORIGINAL
236,9,0.0,0.5270462766947299,1.0,,6,ORIGINAL
237,0,0.0,,0.9616716953891138,,2,ORIGINAL
237,1,0.0,0.9438798074485389,0.9616716953891138,,5,ORIGINAL
237,2,0.0,0.9525793444156805,0.9692984663279992,,12,ORIGINAL
237,3,0.0,0.8864052604279183,0.9711647451849044,,21,ORIGINAL
237,4,0.0,0.9467292624062573,0.9616716953891138,,6,ORIGINAL
237,5,0.0,0.9561828874675149,0.9616716953891138,,7,ORIGINAL
237,6,0.0,0.6172133998483676,0.9700823583219915,,4,ORIGINAL
237,7,0.0,0.9428090415820635,0.9616716953891138,,3,ORIGINAL
237,8,0.0,0.8366600265340756,0.9616716953891138,,4,ORIGINAL
237,9,0.0,0.9525793444156805,0.9616716953891138,,3,ORIGINAL
238,0,0.0,,1.0,,1,ORIGINAL
238,1,0.0,0.7071067811865475,1.0,,4,ORIGINAL
238,2,0.0,0.5999999999999999,0.9633150259944552,,5,ORIGINAL
238,3,0.0,0.2672612419124244,0.9478675140998328,,8,ORIGINAL
238,4,0.0,,1.0,,2,ORIGINAL
238,5,0.0,,1.0,,3,ORIGINAL
238,6,0.0,0.38138503569823695,0.9646784562203947,,7,ORIGINAL
238,7,0.0,,1.0,,6,ORIGINAL
238,8,0.0,,1.0,,3,ORIGINAL
238,9,0.0,0.31622776601683794,1.0,,4,ORIGINAL
239,0,0.0,,0.9246351728232438,,1,ORIGINAL
239,1,0.0,0.9594032236002469,0.9246351728232438,,8,ORIGINAL
239,2,0.0,0.9432422182837986,0.9390073854089582,,8,ORIGINAL
239,3,0.0,0.7064172571013566,0.9530605252878185,,16,ORIGINAL
239,4,0.0,1.0000000000000002,0.9246351728232438,,6,ORIGINAL
239,5,0.0,0.8666666666666666,0.9246351728232438,,15,ORIGINAL
239,6,0.0,0.46770717334674267,0.9144329239460168,,11,ORIGINAL
239,7,0.0,0.9460998335825321,0.9246351728232438,,11,ORIGINAL
239,8,0.0,0.9525793444156805,0.9246351728232438,,9,ORIGINAL
239,9,0.0,0.6454972243679029,0.9246351728232438,,10,ORIGINAL
240,0,0.0,,0.9787128258071633,,0,ORIGINAL
240,1,0.0,1.0,0.9787128258071633,,4,ORIGINAL
240,2,0.0,,0.9352165813369476,,2,ORIGINAL
240,3,0.0,1.0000000000000002,0.9507984092316284,,3,ORIGINAL
240,4,0.0,0.8164965809277261,0.9787128258071633,,3,ORIGINAL
240,5,0.0,,0.9787128258071633,,2,ORIGINAL
240,6,0.0,0.8164965809277259,0.9503441912932002,,3,ORIGINAL
240,7,0.0,0.9428090415820635,0.9787128258071633,,3,ORIGINAL
240,8,0.0,,0.9787128258071633,,0,ORIGINAL
240,9,0.0,1.0,0.9787128258071633,,4,ORIGINAL
241,0,0.0,0.6288281455225324,0.9557478114262787,,12,ORIGINAL
241,1,0.0,0.6969709469904515,0.9557478114262787,,14,ORIGINAL
241,2,0.0,0.6667948594698258,0.8993093818735528,,16,ORIGINAL
241,3,0.0,0.7161605961902957,0.8997410501761314,,45,ORIGINAL
241,4,0.0,0.9415838181383994,0.9557478114262787,,17,ORIGINAL
241,5,0.0,0.8711871219403557,0.9557478114262787,,18,ORIGINAL
241,6,0.0,0.5669467095138407,0.9319636211208066,,17,ORIGINAL
241,7,0.0,0.9036961141150639,0.9557478114262787,,6,ORIGINAL
241,8,0.0,0.6564879518897745,0.9557478114262787,,12,ORIGINAL
241,9,0.0,0.8486684247915055,0.9557478114262787,,10,ORIGINAL
242,0,0.0,,0.9472315717267107,,0,ORIGINAL
242,1,0.0,0.9999999999999998,0.9472315717267107,,5,ORIGINAL
242,2,0.0,0.9428090415820635,0.9299349214834518,,3,ORIGINAL
242,3,0.0,0.9999999999999999,0.9008930051881497,,7,ORIGINAL
242,4,0.0,1.0,0.9472315717267107,,4,ORIGINAL
242,5,0.0,0.9999999999999998,0.9472315717267107,,10,ORIGINAL
242,6,0.0,0.7745966692414834,0.9765532426947613,,3,ORIGINAL
242,7,0.0,0.9486832980505138,0.9472315717267107,,6,ORIGINAL
242,8,0.0,0.9561828874675149,0.9472315717267107,,5,ORIGINAL
242,9,0.0,0.8164965809277259,0.9472315717267107,,3,ORIGINAL
243,315,0.9,0.8359173188630293,0.9999999999999958,,19,ORIGINAL
243,754,0.9,,0.9610774652676896,,2,ORIGINAL
243,0,0.0,0.8164965809277259,0.9901813487602136,,3,ORIGINAL
243,1,0.0,0.6666666666666666,0.9901813487602136,,6,ORIGINAL
243,2,0.0,0.6804138174397716,0.9757308532245528,,12,ORIGINAL
243,3,0.0,0.7668115805072325,0.9689598378111569,,24,ORIGINAL
243,4,0.0,0.9761870601839528,0.9901813487602136,,5,ORIGINAL
243,5,0.0,0.9999999999999999,0.9901813487602136,,7,ORIGINAL
243,6,0.0,0.11180339887498948,0.9768098587512328,,9,ORIGINAL
243,7,0.0,,0.9901813487602136,,2,ORIGINAL
244,0,0.0,0.9622504486493763,0.9639813078534831,,3,ORIGINAL
244,1,0.0,0.9166666666666669,0.9639813078534831,,9,ORIGINAL
244,2,0.0,0.727606875108999,0.9054516365091918,,8,ORIGINAL
244,3,0.0,0.7881104062391007,0.8676103595953648,,16,ORIGINAL
244,4,0.0,0.9432422182837986,0.9639813078534831,,5,ORIGINAL
244,5,0.0,0.9999999999999998,0.9639813078534831,,8,ORIGINAL
244,6,0.0,0.5188745216627709,0.9485264321448462,,11,ORIGINAL
244,7,0.0,0.9090909090909091,0.9639813078534831,,5,ORIGINAL
244,8,0.0,0.8366600265340756,0.9639813078534831,,4,ORIGINAL
244,9,0.0,0.8728715609439694,0.9639813078534831,,6,ORIGINAL
245,0,0.0,,0.9734363214507032,,0,ORIGINAL
245,1,0.0,0.8660254037844387,0.9734363214507032,,4,ORIGINAL
245,2,0.0,0.0,0.9372873897695143,,5,ORIGINAL
245,3,0.0,0.5773502691896257,0.9593459940786431,,6,ORIGINAL
245,4,0.0,-0.2773500981126146,0.9734363214507032,,4,ORIGINAL
245,5,0.0,0.7071067811865475,0.9734363214507032,,4,ORIGINAL
245,6,0.0,0.16903085094570328,0.9352360575243936,,6,ORIGINAL
245,7,0.0,0.8838834764831843,0.9734363214507032,,5,ORIGINAL
245,8,0.0,,0.9734363214507032,,2,ORIGINAL
245,9,0.0,0.8660254037844387,0.9734363214507032,,4,ORIGINAL
246,0,0.0,0.894427190999916,0.9794193485015635,,6,ORIGINAL
246,1,0.0,0.8838834764831844,0.9794193485015635,,9,ORIGINAL
246,2,0.0,0.8964214570007952,0.9292376140178872,,8,ORIGINAL
246,3,0.0,0.8703882797784892,0.8954618946154363,,20,ORIGINAL
246,4,0.0,0.9360565811300742,0.9794193485015635,,11,ORIGINAL
246,5,0.0,0.9518172686249524,0.9794193485015635,,11,ORIGINAL
246,6,0.0,0.39629696195060854,0.9659286563039695,,9,ORIGINAL
246,7,0.0,0.9090909090909091,0.9794193485015635,,5,ORIGINAL
246,8,0.0,0.8660254037844386,0.9794193485015635,,6,ORIGINAL
246,9,0.0,0.9428090415820634,0.9794193485015635,,9,ORIGINAL
247,0,0.0,,0.964678458555335,,2,ORIGINAL
247,1,0.0,0.8864052604279183,0.964678458555335,,8,ORIGINAL
247,2,0.0,0.9486832980505138,0.965834604492053,,4,ORIGINAL
247,3,0.0,0.944911182523068,0.9413488713238006,,8,ORIGINAL
247,4,0.0,0.857142857142857,0.964678458555335,,4,ORIGINAL
247,5,0.0,0.9428090415820635,0.964678458555335,,3,ORIGINAL
247,6,0.0,0.8838834764831843,0.9999999999999974,,5,ORIGINAL
247,7,0.0,,0.964678458555335,,1,ORIGINAL
247,8,0.0,,0.964678458555335,,2,ORIGINAL
247,9,0.0,0.8164965809277261,0.964678458555335,,3,ORIGINAL
248,0,0.0,,0.9594009331406151,,0,ORIGINAL
248,1,0.0,0.9428090415820635,0.9594009331406151,,3,ORIGINAL
248,2,0.0,,0.9838151387945194,,2,ORIGINAL
248,3,0.0,0.9594032236002469,0.9455680622862827,,5,ORIGINAL
248,4,0.0,,0.9594009331406151,,2,ORIGINAL
248,5,0.0,0.7071067811865475,0.9594009331406151,,3,ORIGINAL
248,6,0.0,,0.9765368585167499,,2,ORIGINAL
248,7,0.0,,0.9594009331406151,,1,ORIGINAL
248,8,0.0,,0.9594009331406151,,1,ORIGINAL
248,9,0.0,0.9525793444156805,0.9594009331406151,,3,ORIGINAL
249,0,0.0,,0.9806790833734617,,1,ORIGINAL
249,1,0.0,1.0,0.9806790833734617,,4,ORIGINAL
249,2,0.0,0.8838834764831843,0.9341955269245966,,5,ORIGINAL
249,3,0.0,0.8300573566392896,0.9453174423557605,,14,ORIGINAL
249,4,0.0,0.7001400420140049,0.9806790833734617,,5,ORIGINAL
249,5,0.0,0.8451542547285165,0.9806790833734617,,7,ORIGINAL
249,6,0.0,0.5773502691896258,0.956195813986907,,6,ORIGINAL
249,7,0.0,0.9486832980505138,0.9806790833734617,,4,ORIGINAL
249,8,0.0,0.9707253433941511,0.9806790833734617,,4,ORIGINAL
249,9,0.0,0.960768922830523,0.9806790833734617,,4,ORIGINAL
250,0,0.0,0.9428090415820635,0.9806790825198632,,3,ORIGINAL
250,1,0.0,0.8164965809277261,0.9806790825198632,,4,ORIGINAL
250,2,0.0,0.9737289911202953,0.9341955277719309,,12,ORIGINAL
250,3,0.0,0.8897565210026093,0.9453174446541351,,16,ORIGINAL
250,4,0.0,0.9799578870122229,0.9806790825198632,,6,ORIGINAL
250,5,0.0,0.9432422182837986,0.9806790825198632,,8,ORIGINAL
250,6,0.0,0.5477225575051661,0.9561958143459883,,6,ORIGINAL
250,7,0.0,0.9707253433941511,0.9806790825198632,,7,ORIGINAL
250,8,0.0,0.9622504486493763,0.9806790825198632,,3,ORIGINAL
250,9,0.0,0.9432422182837986,0.9806790825198632,,5,ORIGINAL
251,0,0.0,,1.0,,1,ORIGINAL
251,1,0.0,0.9428090415820635,1.0,,3,ORIGINAL
251,2,0.0,0.9428090415820635,0.9633150259944552,,3,ORIGINAL
251,3,0.0,0.9486832980505138,0.9478675140998328,,4,ORIGINAL
251,4,0.0,,1.0,,1,ORIGINAL
251,5,0.0,0.4082482904638631,1.0,,6,ORIGINAL
251,6,0.0,0.5477225575051661,0.9646784562203947,,6,ORIGINAL
251,7,0.0,1.0000000000000002,1.0,,3,ORIGINAL
251,8,0.0,,1.0,,1,ORIGINAL
251,9,0.0,0.21081851067789195,1.0,,4,ORIGINAL
252,0,0.0,,0.9715986772880906,,2,ORIGINAL
252,1,0.0,0.48795003647426655,0.9715986772880906,,7,ORIGINAL
252,2,0.0,0.5853694070049636,0.9509536883643512,,8,ORIGINAL
252,3,0.0,0.5916079783099615,0.918504030602357,,15,ORIGINAL
252,4,0.0,0.7126966450997985,0.9715986772880906,,6,ORIGINAL
252,5,0.0,0.7559289460184544,0.9715986772880906,,9,ORIGINAL
252,6,0.0,0.447213595499958,0.9279966262890427,,10,ORIGINAL
252,7,0.0,0.8944271909999159,0.9715986772880906,,5,ORIGINAL
252,8,0.0,0.7302967433402214,0.9715986772880906,,4,ORIGINAL
252,9,0.0,0.8262364471909156,0.9715986772880906,,7,ORIGINAL
253,0,0.0,,1.0,,0,ORIGINAL
253,1,0.0,,1.0,,2,ORIGINAL
253,2,0.0,0.9561828874675149,0.9633150259944552,,4,ORIGINAL
253,3,0.0,0.8916451401205646,0.9478675140998328,,11,ORIGINAL
253,4,0.0,0.9622504486493763,1.0,,3,ORIGINAL
253,5,0.0,0.9561828874675149,1.0,,5,ORIGINAL
253,6,0.0,0.3651483716701107,0.9646784562203947,,4,ORIGINAL
253,7,0.0,0.8888888888888888,1.0,,3,ORIGINAL
253,8,0.0,,1.0,,1,ORIGINAL
253,9,0.0,,1.0,,2,ORIGINAL
254,0,0.0,,0.9237021316044798,,2,ORIGINAL
254,1,0.0,,0.9237021316044798,,0,ORIGINAL
254,2,0.0,,0.9821175089343369,,2,ORIGINAL
254,3,0.0,0.7745966692414834,0.9486730256404106,,5,ORIGINAL
254,4,0.0,,0.9237021316044798,,2,ORIGINAL
254,5,0.0,,0.9237021316044798,,2,ORIGINAL
254,6,0.0,,0.9151195495450919,,2,ORIGINAL
254,7,0.0,,0.9237021316044798,,1,ORIGINAL
254,8,0.0,,0.9237021316044798,,2,ORIGINAL
254,9,0.0,,0.9237021316044798,,1,ORIGINAL
255,739,0.9,0.8944271909999159,,,5,ORIGINAL
255,0,0.0,,0.9616716980521702,,2,ORIGINAL
255,1,0.0,0.33333333333333337,0.9616716980521702,,6,ORIGINAL
255,2,0.0,0.5222329678670935,0.9692984730397534,,9,ORIGINAL
255,3,0.0,0.8247860988423226,0.9711647503631874,,21,ORIGINAL
255,4,0.0,0.5916079783099615,0.9616716980521702,,8,ORIGINAL
255,5,0.0,0.6301260378126045,0.9616716980521702,,12,ORIGINAL
255,6,0.0,0.5976143046671968,0.9700823629027093,,8,ORIGINAL
255,7,0.0,0.9058216273156767,0.9616716980521702,,7,ORIGINAL
255,8,0.0,0.8916451401205646,0.9616716980521702,,8,ORIGINAL
256,0,0.0,,0.942222098639508,,2,ORIGINAL
256,1,0.0,0.8696263565463043,0.942222098639508,,7,ORIGINAL
256,2,0.0,0.9166666666666669,0.9481176789508283,,6,ORIGINAL
256,3,0.0,0.8391463916782737,0.9620152218507199,,18,ORIGINAL
256,4,0.0,0.8999999999999998,0.942222098639508,,4,ORIGINAL
256,5,0.0,0.8944271909999159,0.942222098639508,,9,ORIGINAL
256,6,0.0,0.29999999999999993,0.9297149398107365,,8,ORIGINAL
256,7,0.0,,0.942222098639508,,2,ORIGINAL
256,8,0.0,0.9622504486493763,0.942222098639508,,3,ORIGINAL
256,9,0.0,0.9486832980505138,0.942222098639508,,4,ORIGINAL
257,0,0.0,,1.0,,0,ORIGINAL
257,1,0.0,0.9428090415820635,1.0,,3,ORIGINAL
257,2,0.0,0.9428090415820635,0.9633150259944552,,3,ORIGINAL
257,3,0.0,0.9434563530497265,0.9478675140998328,,7,ORIGINAL
257,4,0.0,,1.0,,2,ORIGINAL
257,5,0.0,0.9486832980505138,1.0,,5,ORIGINAL
257,6,0.0,0.5669467095138409,0.9646784562203947,,4,ORIGINAL
257,7,0.0,0.8749999999999998,1.0,,5,ORIGINAL
257,8,0.0,,1.0,,2,ORIGINAL
257,9,0.0,1.0000000000000002,1.0,,3,ORIGINAL
258,0,0.0,0.0,0.8702169657000697,,10,ORIGINAL
258,1,0.0,0.7071067811865475,0.8702169657000697,,10,ORIGINAL
258,2,0.0,0.8728715609439696,0.9210118098610537,,9,ORIGINAL
258,3,0.0,0.628970902033151,0.9267730559799439,,38,ORIGINAL
258,4,0.0,0.3952847075210474,0.8702169657000697,,11,ORIGINAL
258,5,0.0,0.7349684152591671,0.8702169657000697,,16,ORIGINAL
258,6,0.0,0.5384615384615385,0.8556006689869021,,11,ORIGINAL
258,7,0.0,0.8801724588467041,0.8702169657000697,,8,ORIGINAL
258,8,0.0,0.923869770874312,0.8702169657000697,,9,ORIGINAL
258,9,0.0,0.5533715710928597,0.8702169657000697,,9,ORIGINAL
259,0,0.0,,0.9567031271545803,,1,ORIGINAL
259,1,0.0,0.9486832980505138,0.9567031271545803,,5,ORIGINAL
259,2,0.0,0.9438798074485389,0.8856912333000991,,5,ORIGINAL
259,3,0.0,0.9525793444156805,0.9004262931558409,,12,ORIGINAL
259,4,0.0,,0.9567031271545803,,1,ORIGINAL
259,5,0.0,0.9999999999999999,0.9567031271545803,,7,ORIGINAL
259,6,0.0,1.0000000000000002,0.9311485159614413,,6,ORIGINAL
259,7,0.0,0.9799578870122229,0.9567031271545803,,6,ORIGINAL
259,8,0.0,0.9669875568304563,0.9567031271545803,,7,ORIGINAL
259,9,0.0,0.8164965809277261,0.9567031271545803,,4,ORIGINAL
260,0,0.0,,0.961120586841919,,1,ORIGINAL
260,1,0.0,1.0,0.961120586841919,,4,ORIGINAL
260,2,0.0,0.9669875568304563,0.9521660180930676,,5,ORIGINAL
260,3,0.0,0.9233805168766386,0.9352301584940231,,13,ORIGINAL
260,4,0.0,0.9486832980505138,0.961120586841919,,5,ORIGINAL
260,5,0.0,1.0000000000000002,0.961120586841919,,3,ORIGINAL
260,6,0.0,0.9999999999999998,0.9665349418267045,,5,ORIGINAL
260,7,0.0,1.0000000000000002,0.961120586841919,,3,ORIGINAL
260,8,0.0,0.9486832980505138,0.961120586841919,,4,ORIGINAL
260,9,0.0,0.7745966692414834,0.961120586841919,,3,ORIGINAL
261,0,0.0,,,,1,ORIGINAL
261,1,0.0,,,,1,ORIGINAL
261,2,0.0,0.9525793444156805,,,6,ORIGINAL
261,3,0.0,0.9090909090909091,,,7,ORIGINAL
261,4,0.0,1.0000000000000002,,,3,ORIGINAL
261,5,0.0,,,,2,ORIGINAL
261,6,0.0,,,,1,ORIGINAL
261,7,0.0,,,,1,ORIGINAL
261,8,0.0,,,,2,ORIGINAL
261,9,0.0,,,,1,ORIGINAL
262,0,0.0,-0.3265986323710904,0.9547094736283407,,9,ORIGINAL
262,1,0.0,0.36363636363636365,0.9547094736283407,,8,ORIGINAL
262,2,0.0,0.5244044240850757,0.9773974144232005,,13,ORIGINAL
262,3,0.0,-0.0914991421995628,0.9866204937711875,,30,ORIGINAL
262,4,0.0,0.5555555555555556,0.9547094736283407,,9,ORIGINAL
262,5,0.0,0.560112033611204,0.9547094736283407,,19,ORIGINAL
262,6,0.0,-0.24019223070763074,0.9639000502246567,,12,ORIGINAL
262,7,0.0,0.15713484026367722,0.9547094736283407,,9,ORIGINAL
262,8,0.0,0.0450377349111045,0.9547094736283407,,11,ORIGINAL
262,9,0.0,0.5163977794943222,0.9547094736283407,,6,ORIGINAL
263,0,0.0,,0.9808074276549021,,0,ORIGINAL
263,1,0.0,1.0000000000000002,0.9808074276549021,,3,ORIGINAL
263,2,0.0,,0.9704064442287548,,1,ORIGINAL
263,3,0.0,0.9428090415820635,0.9434388010650644,,3,ORIGINAL
263,4,0.0,,0.9808074276549021,,0,ORIGINAL
263,5,0.0,,0.9808074276549021,,2,ORIGINAL
263,6,0.0,0.9428090415820635,0.9385487595062291,,3,ORIGINAL
263,7,0.0,0.857142857142857,0.9808074276549021,,4,ORIGINAL
263,8,0.0,,0.9808074276549021,,1,ORIGINAL
263,9,0.0,1.0000000000000002,0.9808074276549021,,3,ORIGINAL
264,0,0.0,,0.9611205894334732,,1,ORIGINAL
264,1,0.0,0.9354143466934852,0.9611205894334732,,8,ORIGINAL
264,2,0.0,0.9428090415820634,0.9521660201148179,,9,ORIGINAL
264,3,0.0,0.9061030445113443,0.9352301620915747,,13,ORIGINAL
264,4,0.0,0.9707253433941511,0.9611205894334732,,4,ORIGINAL
264,5,0.0,1.0000000000000002,0.9611205894334732,,6,ORIGINAL
264,6,0.0,0.5590169943749475,0.9665349424714982,,9,ORIGINAL
264,7,0.0,0.944911182523068,0.9611205894334732,,4,ORIGINAL
264,8,0.0,0.9622504486493763,0.9611205894334732,,3,ORIGINAL
264,9,0.0,0.808290376865476,0.9611205894334732,,6,ORIGINAL
265,0,0.0,0.769800358919501,0.9806790815403282,,6,ORIGINAL
265,1,0.0,0.7006490497453707,0.9806790815403282,,15,ORIGINAL
265,2,0.0,0.9999999999999998,0.9341955258135484,,5,ORIGINAL
265,3,0.0,0.5272196186749782,0.9453174438792368,,23,ORIGINAL
265,4,0.0,0.9036961141150639,0.9806790815403282,,6,ORIGINAL
265,5,0.0,0.8660254037844387,0.9806790815403282,,6,ORIGINAL
265,6,0.0,0.8017837257372732,0.9561958137126199,,11,ORIGINAL
265,7,0.0,0.9594032236002469,0.9806790815403282,,5,ORIGINAL
265,8,0.0,0.8838834764831843,0.9806790815403282,,5,ORIGINAL
265,9,0.0,0.8944271909999159,0.9806790815403282,,6,ORIGINAL
266,0,0.0,0.8888888888888888,0.9781648212739634,,6,ORIGINAL
266,1,0.0,0.9561828874675149,0.9781648212739634,,7,ORIGINAL
266,2,0.0,0.9260923597695477,0.9355328357619582,,19,ORIGINAL
266,3,0.0,0.9021342216356465,0.9490453957413996,,33,ORIGINAL
266,4,0.0,0.8385254915624211,0.9781648212739634,,8,ORIGINAL
266,5,0.0,0.9166666666666666,0.9781648212739634,,10,ORIGINAL
266,6,0.0,0.4003203845127179,0.9599059849640706,,10,ORIGINAL
266,7,0.0,0.8775269089525567,0.9781648212739634,,8,ORIGINAL
266,8,0.0,0.8719775384642696,0.9781648212739634,,11,ORIGINAL
266,9,0.0,0.8642416214502248,0.9781648212739634,,6,ORIGINAL
267,0,0.0,,0.9574558834095567,,1,ORIGINAL
267,1,0.0,0.9486832980505138,0.9574558834095567,,5,ORIGINAL
267,2,0.0,0.8528028654224417,0.9509252812894391,,5,ORIGINAL
267,3,0.0,0.8964214570007952,0.9152556961502667,,11,ORIGINAL
267,4,0.0,0.9622504486493763,0.9574558834095567,,3,ORIGINAL
267,5,0.0,0.9999999999999999,0.9574558834095567,,4,ORIGINAL
267,6,0.0,0.5656854249492379,0.9455570208803238,,5,ORIGINAL
267,7,0.0,0.8181818181818182,0.9574558834095567,,5,ORIGINAL
267,8,0.0,0.9285714285714286,0.9574558834095567,,5,ORIGINAL
267,9,0.0,,0.9574558834095567,,1,ORIGINAL
268,0,0.0,,0.9699713572266225,,2,ORIGINAL
268,1,0.0,0.9707253433941511,0.9699713572266225,,4,ORIGINAL
268,2,0.0,0.9432422182837986,0.9059825079395406,,5,ORIGINAL
268,3,0.0,0.9669875568304563,0.8860247116862109,,7,ORIGINAL
268,4,0.0,,0.9699713572266225,,2,ORIGINAL
268,5,0.0,0.9486832980505138,0.9699713572266225,,4,ORIGINAL
268,6,0.0,,0.9660512382337655,,2,ORIGINAL
268,7,0.0,,0.9699713572266225,,2,ORIGINAL
268,8,0.0,,0.9699713572266225,,2,ORIGINAL
268,9,0.0,0.9647638212377322,0.9699713572266225,,4,ORIGINAL
269,0,0.0,,0.9265269144557784,,1,ORIGINAL
269,1,0.0,0.944911182523068,0.9265269144557784,,4,ORIGINAL
269,2,0.0,0.9237604307034011,0.8674344100157444,,6,ORIGINAL
269,3,0.0,0.944911182523068,0.8508475952763901,,4,ORIGINAL
269,4,0.0,,0.9265269144557784,,2,ORIGINAL
269,5,0.0,0.8660254037844387,0.9265269144557784,,4,ORIGINAL
269,6,0.0,0.5773502691896258,0.9305804524064215,,3,ORIGINAL
269,7,0.0,,0.9265269144557784,,1,ORIGINAL
269,8,0.0,,0.9265269144557784,,1,ORIGINAL
269,9,0.0,0.9622504486493763,0.9265269144557784,,3,ORIGINAL
270,0,0.0,,1.0,,2,ORIGINAL
270,1,0.0,0.821583836257749,1.0,,6,ORIGINAL
270,2,0.0,0.8017837257372731,0.9633150259944552,,4,ORIGINAL
270,3,0.0,0.8421052631578946,0.9478675140998328,,13,ORIGINAL
270,4,0.0,0.8017837257372732,1.0,,6,ORIGINAL
270,5,0.0,0.819891591749923,1.0,,12,ORIGINAL
270,6,0.0,0.8488746876271654,0.9646784562203947,,8,ORIGINAL
270,7,0.0,0.9669875568304563,1.0,,5,ORIGINAL
270,8,0.0,0.819891591749923,1.0,,6,ORIGINAL
270,9,0.0,0.5773502691896257,1.0,,8,ORIGINAL
271,0,0.0,,0.9623825726019074,,1,ORIGINAL
271,1,0.0,0.8660254037844387,0.9623825726019074,,4,ORIGINAL
271,2,0.0,0.9486832980505138,0.9039457242238322,,5,ORIGINAL
271,3,0.0,0.9434563530497265,0.9255037799035835,,7,ORIGINAL
271,4,0.0,0.9707253433941511,0.9623825726019074,,4,ORIGINAL
271,5,0.0,0.9999999999999998,0.9623825726019074,,5,ORIGINAL
271,6,0.0,0.7071067811865475,0.9443964430495274,,6,ORIGINAL
271,7,0.0,0.8017837257372731,0.9623825726019074,,4,ORIGINAL
271,8,0.0,,0.9623825726019074,,2,ORIGINAL
271,9,0.0,0.7637626158259734,0.9623825726019074,,6,ORIGINAL
272,0,0.0,,,,0,ORIGINAL
272,1,0.0,,,,2,ORIGINAL
272,2,0.0,0.9428090415820635,,,3,ORIGINAL
272,3,0.0,0.9486832980505138,,,4,ORIGINAL
272,4,0.0,,,,0,ORIGINAL
272,5,0.0,,,,1,ORIGINAL
272,6,0.0,0.0,,,4,ORIGINAL
272,7,0.0,0.9428090415820635,,,3,ORIGINAL
272,8,0.0,,,,0,ORIGINAL
272,9,0.0,1.0000000000000002,,,3,ORIGINAL
273,0,0.0,,,,1,ORIGINAL
273,1,0.0,,,,0,ORIGINAL
273,2,0.0,1.0,,,4,ORIGINAL
273,3,0.0,0.9999999999999999,,,7,ORIGINAL
273,4,0.0,0.9622504486493763,,,3,ORIGINAL
273,5,0.0,1.0000000000000002,,,6,ORIGINAL
273,6,0.0,0.33333333333333337,,,3,ORIGINAL
273,7,0.0,0.9486832980505138,,,4,ORIGINAL
273,8,0.0,0.9707253433941511,,,4,ORIGINAL
273,9,0.0,,,,1,ORIGINAL
274,0,0.0,,0.9471904310983514,,0,ORIGINAL
274,1,0.0,0.8164965809277261,0.9471904310983514,,6,ORIGINAL
274,2,0.0,0.9622504486493763,0.9744499134770355,,3,ORIGINAL
274,3,0.0,0.8838834764831843,0.9590620043917518,,6,ORIGINAL
274,4,0.0,0.9707253433941511,0.9471904310983514,,4,ORIGINAL
274,5,0.0,0.9999999999999998,0.9471904310983514,,5,ORIGINAL
274,6,0.0,0.5773502691896258,0.9287918814548854,,6,ORIGINAL
274,7,0.0,0.9428090415820635,0.9471904310983514,,3,ORIGINAL
274,8,0.0,0.9428090415820635,0.9471904310983514,,3,ORIGINAL
274,9,0.0,1.0,0.9471904310983514,,4,ORIGINAL
275,0,0.0,,,,0,ORIGINAL
275,1,0.0,-0.16116459280507606,,,8,ORIGINAL
275,2,0.0,-0.2858309752375147,,,6,ORIGINAL
275,3,0.0,-0.46709936649691375,,,11,ORIGINAL
275,4,0.0,0.8017837257372732,,,5,ORIGINAL
275,5,0.0,0.26967994498529685,,,6,ORIGINAL
275,6,0.0,-0.33968311024337877,,,8,ORIGINAL
275,7,0.0,0.28284271247461895,,,4,ORIGINAL
275,8,0.0,,,,2,ORIGINAL
275,9,0.0,0.3223291856101521,,,7,ORIGINAL
276,0,0.0,,0.980679081407238,,1,ORIGINAL
276,1,0.0,0.9999999999999998,0.980679081407238,,5,ORIGINAL
276,2,0.0,0.9486832980505138,0.9341955231636891,,7,ORIGINAL
276,3,0.0,0.8893517313513327,0.9453174417790929,,18,ORIGINAL
276,4,0.0,0.9163795899053139,0.980679081407238,,11,ORIGINAL
276,5,0.0,0.953820966476532,0.980679081407238,,14,ORIGINAL
276,6,0.0,0.6956083436402525,0.9561958103294204,,10,ORIGINAL
276,7,0.0,0.9061030445113443,0.980679081407238,,7,ORIGINAL
276,8,0.0,0.8571428571428571,0.980679081407238,,9,ORIGINAL
276,9,0.0,0.9526610232449336,0.980679081407238,,6,ORIGINAL
277,0,0.0,,0.9557478119065012,,0,ORIGINAL
277,1,0.0,,0.9557478119065012,,1,ORIGINAL
277,2,0.0,,0.8993093801608274,,0,ORIGINAL
277,3,0.0,,0.899741046171174,,2,ORIGINAL
277,4,0.0,,0.9557478119065012,,1,ORIGINAL
277,5,0.0,,0.9557478119065012,,0,ORIGINAL
277,6,0.0,,0.9319636232845895,,0,ORIGINAL
277,7,0.0,,0.9557478119065012,,0,ORIGINAL
277,8,0.0,,0.9557478119065012,,0,ORIGINAL
277,9,0.0,,0.9557478119065012,,0,ORIGINAL
278,0,0.0,0.0,0.9528205462346803,,8,ORIGINAL
278,1,0.0,0.5384615384615385,0.9528205462346803,,13,ORIGINAL
278,2,0.0,0.4472135954999579,0.9555396379349221,,9,ORIGINAL
278,3,0.0,0.4769722505616701,0.9747204209657291,,34,ORIGINAL
278,4,0.0,0.3481553119113957,0.9528205462346803,,10,ORIGINAL
278,5,0.0,0.6172133998483678,0.9528205462346803,,14,ORIGINAL
278,6,0.0,0.24343224778007383,0.9738170082873187,,14,ORIGINAL
278,7,0.0,0.9166984970282112,0.9528205462346803,,8,ORIGINAL
278,8,0.0,0.3086066999241838,0.9528205462346803,,9,ORIGINAL
278,9,0.0,0.7895420339517228,0.9528205462346803,,10,ORIGINAL
279,0,0.0,,0.9611205894334732,,0,ORIGINAL
279,1,0.0,0.7071067811865476,0.9611205894334732,,6,ORIGINAL
279,2,0.0,0.8660254037844387,0.9521660201148179,,3,ORIGINAL
279,3,0.0,0.5163977794943222,0.9352301620915747,,10,ORIGINAL
279,4,0.0,,0.9611205894334732,,2,ORIGINAL
279,5,0.0,0.7745966692414834,0.9611205894334732,,5,ORIGINAL
279,6,0.0,0.8944271909999159,0.9665349424714982,,7,ORIGINAL
279,7,0.0,0.9438798074485389,0.9611205894334732,,5,ORIGINAL
279,8,0.0,,0.9611205894334732,,2,ORIGINAL
279,9,0.0,0.8488746876271654,0.9611205894334732,,5,ORIGINAL
280,0,0.0,,0.9824636474186641,,0,ORIGINAL
280,1,0.0,0.9622504486493763,0.9824636474186641,,3,ORIGINAL
280,2,0.0,0.6666666666666667,0.9373812311488623,,3,ORIGINAL
280,3,0.0,0.9707253433941511,0.9051753805491874,,4,ORIGINAL
280,4,0.0,1.0000000000000002,0.9824636474186641,,3,ORIGINAL
280,5,0.0,1.0,0.9824636474186641,,4,ORIGINAL
280,6,0.0,0.2672612419124244,0.9655410042692694,,5,ORIGINAL
280,7,0.0,0.9525793444156805,0.9824636474186641,,3,ORIGINAL
280,8,0.0,,0.9824636474186641,,2,ORIGINAL
280,9,0.0,0.9622504486493763,0.9824636474186641,,3,ORIGINAL
281,0,0.0,,0.9611205903434257,,0,ORIGINAL
281,1,0.0,1.0000000000000002,0.9611205903434257,,6,ORIGINAL
281,2,0.0,0.944911182523068,0.9521660197075147,,4,ORIGINAL
281,3,0.0,0.9525793444156805,0.9352301586517596,,6,ORIGINAL
281,4,0.0,0.9622504486493763,0.9611205903434257,,3,ORIGINAL
281,5,0.0,1.0000000000000002,0.9611205903434257,,6,ORIGINAL
281,6,0.0,0.14285714285714285,0.9665349430237354,,7,ORIGINAL
281,7,0.0,,0.9611205903434257,,1,ORIGINAL
281,8,0.0,,0.9611205903434257,,1,ORIGINAL
281,9,0.0,1.0,0.9611205903434257,,4,ORIGINAL
282,0,0.0,,0.969971356750688,,1,ORIGINAL
282,1,0.0,,0.969971356750688,,1,ORIGINAL
282,2,0.0,,0.9059825054241087,,1,ORIGINAL
282,3,0.0,,0.8860247084563049,,1,ORIGINAL
282,4,0.0,,0.969971356750688,,0,ORIGINAL
282,5,0.0,,0.969971356750688,,0,ORIGINAL
282,6,0.0,,0.9660512358711693,,0,ORIGINAL
282,7,0.0,,0.969971356750688,,0,ORIGINAL
282,8,0.0,,0.969971356750688,,0,ORIGINAL
282,9,0.0,,0.969971356750688,,1,ORIGINAL
283,0,0.0,,0.9711339619879596,,1,ORIGINAL
283,1,0.0,0.9428090415820635,0.9711339619879596,,3,ORIGINAL
283,2,0.0,0.9561828874675149,0.9418732670478862,,7,ORIGINAL
283,3,0.0,0.9449111825230682,0.9184574404657228,,12,ORIGINAL
283,4,0.0,0.9128709291752769,0.9711339619879596,,4,ORIGINAL
283,5,0.0,0.9999999999999998,0.9711339619879596,,9,ORIGINAL
283,6,0.0,0.6324555320336759,0.973151866537578,,9,ORIGINAL
283,7,0.0,0.9707253433941511,0.9711339619879596,,4,ORIGINAL
283,8,0.0,0.9438798074485389,0.9711339619879596,,5,ORIGINAL
283,9,0.0,,0.9711339619879596,,2,ORIGINAL
284,0,0.0,0.5,1.0,,4,ORIGINAL
284,1,0.0,0.6859943405700354,1.0,,16,ORIGINAL
284,2,0.0,0.6957010852370434,0.9633150259944552,,10,ORIGINAL
284,3,0.0,0.6390096504226938,0.9478675140998328,,24,ORIGINAL
284,4,0.0,0.8981462390204985,1.0,,6,ORIGINAL
284,5,0.0,0.8696263565463043,1.0,,12,ORIGINAL
284,6,0.0,0.3450327796711771,0.9646784562203947,,11,ORIGINAL
284,7,0.0,0.9090909090909091,1.0,,5,ORIGINAL
284,8,0.0,0.588348405414552,1.0,,4,ORIGINAL
284,9,0.0,0.923869770874312,1.0,,6,ORIGINAL
285,0,0.0,,0.9528205427326275,,0,ORIGINAL
285,1,0.0,1.0,0.9528205427326275,,4,ORIGINAL
285,2,0.0,,0.9555396358746835,,2,ORIGINAL
285,3,0.0,,0.9747204207284491,,2,ORIGINAL
285,4,0.0,0.9486832980505138,0.9528205427326275,,4,ORIGINAL
285,5,0.0,,0.9528205427326275,,0,ORIGINAL
285,6,0.0,0.944911182523068,0.9738170064477849,,4,ORIGINAL
285,7,0.0,,0.9528205427326275,,1,ORIGINAL
285,8,0.0,,0.9528205427326275,,2,ORIGINAL
285,9,0.0,,0.9528205427326275,,1,ORIGINAL
286,0,0.0,,0.991304923522449,,1,ORIGINAL
286,1,0.0,0.8728715609439696,0.991304923522449,,6,ORIGINAL
286,2,0.0,1.0,0.9434780885582554,,6,ORIGINAL
286,3,0.0,0.7635417155709334,0.9168101393534747,,17,ORIGINAL
286,4,0.0,0.9473729613780999,0.991304923522449,,8,ORIGINAL
286,5,0.0,0.9655351182200101,0.991304923522449,,10,ORIGINAL
286,6,0.0,0.6030226891555273,0.9654889000095769,,7,ORIGINAL
286,7,0.0,0.9669875568304563,0.991304923522449,,5,ORIGINAL
286,8,0.0,0.8058229640253802,0.991304923522449,,5,ORIGINAL
286,9,0.0,0.9506541513652698,0.991304923522449,,5,ORIGINAL
287,0,0.0,,0.9734363214507032,,2,ORIGINAL
287,1,0.0,0.9999999999999998,0.9734363214507032,,5,ORIGINAL
287,2,0.0,0.9561828874675149,0.9372873897695143,,7,ORIGINAL
287,3,0.0,0.9185586535436918,0.9593459940786431,,16,ORIGINAL
287,4,0.0,0.9538209664765318,0.9734363214507032,,7,ORIGINAL
287,5,0.0,0.960768922830523,0.9734363214507032,,13,ORIGINAL
287,6,0.0,0.629940788348712,0.9352360575243936,,9,ORIGINAL
287,7,0.0,0.944911182523068,0.9734363214507032,,7,ORIGINAL
287,8,0.0,0.9999999999999998,0.9734363214507032,,5,ORIGINAL
287,9,0.0,0.9761870601839528,0.9734363214507032,,5,ORIGINAL
288,0,0.0,,0.9616716983719,,0,ORIGINAL
288,1,0.0,,0.9616716983719,,2,ORIGINAL
288,2,0.0,,0.9692984740413295,,2,ORIGINAL
288,3,0.0,0.9622504486493763,0.9711647487408165,,3,ORIGINAL
288,4,0.0,0.8888888888888888,0.9616716983719,,3,ORIGINAL
288,5,0.0,0.9761870601839528,0.9616716983719,,5,ORIGINAL
288,6,0.0,,0.9700823626667497,,2,ORIGINAL
288,7,0.0,,0.9616716983719,,1,ORIGINAL
288,8,0.0,,0.9616716983719,,0,ORIGINAL
288,9,0.0,,0.9616716983719,,2,ORIGINAL
289,0,0.0,0.0,0.9806790824777463,,13,ORIGINAL
289,1,0.0,0.42600643361512924,0.9806790824777463,,16,ORIGINAL
289,2,0.0,0.2982100259896135,0.9341955209411457,,23,ORIGINAL
289,3,0.0,0.29475317237328164,0.9453174374117236,,63,ORIGINAL
289,4,0.0,0.1982726388386439,0.9806790824777463,,16,ORIGINAL
289,5,0.0,0.1517165212272521,0.9806790824777463,,22,ORIGINAL
289,6,0.0,0.2870189239409639,0.9561958085308774,,20,ORIGINAL
289,7,0.0,0.9152086306448589,0.9806790824777463,,11,ORIGINAL
289,8,0.0,0.147087101353638,0.9806790824777463,,14,ORIGINAL
289,9,0.0,0.5439282932204212,0.9806790824777463,,12,ORIGINAL
290,0,0.0,,0.9824636481796526,,2,ORIGINAL
290,1,0.0,1.0,0.9824636481796526,,4,ORIGINAL
290,2,0.0,,0.9373812375584477,,2,ORIGINAL
290,3,0.0,0.9434563530497265,0.9051753866614726,,7,ORIGINAL
290,4,0.0,,0.9824636481796526,,2,ORIGINAL
290,5,0.0,0.9486832980505138,0.9824636481796526,,5,ORIGINAL
290,6,0.0,0.17677669529663687,0.9655410100448671,,5,ORIGINAL
290,7,0.0,0.944911182523068,0.9824636481796526,,4,ORIGINAL
290,8,0.0,,0.9824636481796526,,1,ORIGINAL
290,9,0.0,0.9761870601839528,0.9824636481796526,,5,ORIGINAL
291,0,0.0,-0.33333333333333337,1.0,,3,ORIGINAL
291,1,0.0,0.4472135954999579,1.0,,8,ORIGINAL
291,2,0.0,-0.10660035817780521,0.9633150259944552,,8,ORIGINAL
291,3,0.0,0.3319700011034929,0.9478675140998328,,26,ORIGINAL
291,4,0.0,0.15811388300841897,1.0,,8,ORIGINAL
291,5,0.0,0.12524485821702988,1.0,,13,ORIGINAL
291,6,0.0,0.44543540318737396,0.9646784562203947,,11,ORIGINAL
291,7,0.0,0.9185586535436918,1.0,,7,ORIGINAL
291,8,0.0,-0.11322770341445959,1.0,,9,ORIGINAL
291,9,0.0,0.521749194749951,1.0,,7,ORIGINAL
292,0,0.0,0.7071067811865475,0.9528205427326275,,4,ORIGINAL
292,1,0.0,0.8606629658238704,0.9528205427326275,,12,ORIGINAL
292,2,0.0,0.7592566023652966,0.9555396358746835,,11,ORIGINAL
292,3,0.0,0.6546536707079772,0.9747204207284491,,31,ORIGINAL
292,4,0.0,0.8703882797784892,0.9528205427326275,,12,ORIGINAL
292,5,0.0,0.7669649888473704,0.9528205427326275,,18,ORIGINAL
292,6,0.0,0.4629100498862757,0.9738170064477849,,14,ORIGINAL
292,7,0.0,0.6546536707079772,0.9528205427326275,,9,ORIGINAL
292,8,0.0,0.6804138174397718,0.9528205427326275,,12,ORIGINAL
292,9,0.0,0.7223151185146154,0.9528205427326275,,9,ORIGINAL
293,0,0.0,,0.9623825726019074,,1,ORIGINAL
293,1,0.0,0.8164965809277259,0.9623825726019074,,3,ORIGINAL
293,2,0.0,,0.9039457242238322,,2,ORIGINAL
293,3,0.0,0.0,0.9255037799035835,,3,ORIGINAL
293,4,0.0,0.2357022603955158,0.9623825726019074,,3,ORIGINAL
293,5,0.0,0.7071067811865475,0.9623825726019074,,5,ORIGINAL
293,6,0.0,-0.31622776601683794,0.9443964430495274,,3,ORIGINAL
293,7,0.0,,0.9623825726019074,,1,ORIGINAL
293,8,0.0,,0.9623825726019074,,1,ORIGINAL
293,9,0.0,0.7844645405527361,0.9623825726019074,,4,ORIGINAL
294,0,0.0,,0.9567031251510678,,2,ORIGINAL
294,1,0.0,,0.9567031251510678,,2,ORIGINAL
294,2,0.0,0.1889822365046136,0.8856912272605074,,4,ORIGINAL
294,3,0.0,0.4803844614152615,0.9004262888190422,,13,ORIGINAL
294,4,0.0,0.0,0.9567031251510678,,3,ORIGINAL
294,5,0.0,0.40089186286863654,0.9567031251510678,,8,ORIGINAL
294,6,0.0,0.8944271909999159,0.9311485113804097,,5,ORIGINAL
294,7,0.0,0.9438798074485389,0.9567031251510678,,5,ORIGINAL
294,8,0.0,0.9622504486493764,0.9567031251510678,,6,ORIGINAL
294,9,0.0,0.31622776601683794,0.9567031251510678,,4,ORIGINAL
295,0,0.0,0.0,0.9547904355013279,,13,ORIGINAL
295,1,0.0,0.45501575519329013,0.9547904355013279,,19,ORIGINAL
295,2,0.0,0.80860754006264,0.9499077753808751,,20,ORIGINAL
295,3,0.0,0.5665015593979469,0.9601427196384108,,57,ORIGINAL
295,4,0.0,0.7035264706814485,0.9547904355013279,,15,ORIGINAL
295,5,0.0,0.5499999999999999,0.9547904355013279,,20,ORIGINAL
295,6,0.0,0.4351941398892446,0.9376399353372399,,19,ORIGINAL
295,7,0.0,0.9166984970282112,0.9547904355013279,,8,ORIGINAL
295,8,0.0,0.570781792985393,0.9547904355013279,,11,ORIGINAL
295,9,0.0,0.7472647177570734,0.9547904355013279,,13,ORIGINAL
296,0,0.0,,1.0,,0,ORIGINAL
296,1,0.0,,1.0,,1,ORIGINAL
296,2,0.0,,0.9633150259944552,,2,ORIGINAL
296,3,0.0,0.8660254037844387,0.9478675140998328,,3,ORIGINAL
296,4,0.0,,1.0,,1,ORIGINAL
296,5,0.0,,1.0,,2,ORIGINAL
296,6,0.0,,0.9646784562203947,,1,ORIGINAL
296,7,0.0,,1.0,,0,ORIGINAL
296,8,0.0,,1.0,,0,ORIGINAL
296,9,0.0,,1.0,,0,ORIGINAL
297,0,0.0,,0.9806790815403282,,0,ORIGINAL
297,1,0.0,,0.9806790815403282,,2,ORIGINAL
297,2,0.0,1.0000000000000002,0.9341955258135484,,3,ORIGINAL
297,3,0.0,0.9428090415820635,0.9453174438792368,,6,ORIGINAL
297,4,0.0,0.9622504486493763,0.9806790815403282,,3,ORIGINAL
297,5,0.0,1.0,0.9806790815403282,,4,ORIGINAL
297,6,0.0,0.8819171036881969,0.9561958137126199,,7,ORIGINAL
297,7,0.0,0.944911182523068,0.9806790815403282,,4,ORIGINAL
297,8,0.0,0.9428090415820635,0.9806790815403282,,3,ORIGINAL
297,9,0.0,0.9707253433941511,0.9806790815403282,,4,ORIGINAL
298,0,0.0,,,,0,ORIGINAL
298,1,0.0,,,,1,ORIGINAL
298,2,0.0,1.0000000000000002,,,3,ORIGINAL
298,3,0.0,0.9999999999999998,,,5,ORIGINAL
298,4,0.0,,,,2,ORIGINAL
298,5,0.0,1.0000000000000002,,,3,ORIGINAL
298,6,0.0,0.47140452079103173,,,3,ORIGINAL
298,7,0.0,0.9622504486493763,,,3,ORIGINAL
298,8,0.0,,,,1,ORIGINAL
298,9,0.0,,,,0,ORIGINAL
299,0,0.0,-0.31622776601683794,0.9487238660456732,,7,ORIGINAL
299,1,0.0,0.18257418583505536,0.9487238660456732,,13,ORIGINAL
299,2,0.0,0.2927700218845599,0.8891044140773785,,12,ORIGINAL
299,3,0.0,0.24122532033850386,0.9153603163718335,,42,ORIGINAL
299,4,0.0,0.7205766921228922,0.9487238660456732,,11,ORIGINAL
299,5,0.0,0.6445033866354896,0.9487238660456732,,14,ORIGINAL
299,6,0.0,0.27386127875258304,0.9216289035166967,,9,ORIGINAL
299,7,0.0,0.8411910241920597,0.9487238660456732,,7,ORIGINAL
299,8,0.0,0.4242640687119285,0.9487238660456732,,10,ORIGINAL
299,9,0.0,0.6024640760767093,0.9487238660456732,,8,ORIGINAL
300,0,0.0,,0.9616716968792609,,1,ORIGINAL
300,1,0.0,,0.9616716968792609,,1,ORIGINAL
300,2,0.0,0.8660254037844387,0.9692984708838988,,3,ORIGINAL
300,3,0.0,0.7302967433402214,0.9711647503877763,,4,ORIGINAL
300,4,0.0,,0.9616716968792609,,1,ORIGINAL
300,5,0.0,,0.9616716968792609,,2,ORIGINAL
300,6,0.0,,0.970082358394099,,2,ORIGINAL
300,7,0.0,,0.9616716968792609,,0,ORIGINAL
300,8,0.0,,0.9616716968792609,,0,ORIGINAL
300,9,0.0,,0.9616716968792609,,0,ORIGINAL
301,739,0.9,,,,1,ORIGINAL
301,0,0.0,,1.0,,0,ORIGINAL
301,1,0.0,,1.0,,1,ORIGINAL
301,2,0.0,0.5773502691896258,0.9633150259944552,,3,ORIGINAL
301,3,0.0,0.8164965809277259,0.9478675140998328,,3,ORIGINAL
301,4,0.0,,1.0,,1,ORIGINAL
301,5,0.0,0.5773502691896258,1.0,,3,ORIGINAL
301,6,0.0,,0.9646784562203947,,1,ORIGINAL
301,7,0.0,,1.0,,2,ORIGINAL
301,8,0.0,,1.0,,1,ORIGINAL
302,0,0.0,,1.0,,1,ORIGINAL
302,1,0.0,0.8164965809277259,1.0,,3,ORIGINAL
302,2,0.0,,0.9633150259944552,,1,ORIGINAL
302,3,0.0,0.7071067811865475,0.9478675140998328,,3,ORIGINAL
302,4,0.0,,1.0,,2,ORIGINAL
302,5,0.0,0.8164965809277259,1.0,,3,ORIGINAL
302,6,0.0,,0.9646784562203947,,2,ORIGINAL
302,7,0.0,,1.0,,1,ORIGINAL
302,8,0.0,,1.0,,2,ORIGINAL
302,9,0.0,0.8164965809277259,1.0,,3,ORIGINAL
303,0,0.0,,0.954500584269406,,0,ORIGINAL
303,1,0.0,1.0000000000000002,0.954500584269406,,3,ORIGINAL
303,2,0.0,,0.8965726540063051,,2,ORIGINAL
303,3,0.0,0.6507913734559685,0.9117335278063102,,8,ORIGINAL
303,4,0.0,,0.954500584269406,,2,ORIGINAL
303,5,0.0,1.0000000000000002,0.954500584269406,,3,ORIGINAL
303,6,0.0,,0.9422929917647715,,2,ORIGINAL
303,7,0.0,,0.954500584269406,,1,ORIGINAL
303,8,0.0,,0.954500584269406,,1,ORIGINAL
303,9,0.0,,0.954500584269406,,2,ORIGINAL
304,0,0.0,,0.9623825726019074,,0,ORIGINAL
304,1,0.0,0.22360679774997896,0.9623825726019074,,5,ORIGINAL
304,2,0.0,0.363696483726654,0.9039457242238322,,6,ORIGINAL
304,3,0.0,0.13181243254912406,0.9255037799035835,,11,ORIGINAL
304,4,0.0,0.5661385170722979,0.9623825726019074,,9,ORIGINAL
304,5,0.0,0.404145188432738,0.9623825726019074,,11,ORIGINAL
304,6,0.0,0.0,0.9443964430495274,,6,ORIGINAL
304,7,0.0,-0.294174202707276,0.9623825726019074,,5,ORIGINAL
304,8,0.0,-0.19245008972987526,0.9623825726019074,,3,ORIGINAL
304,9,0.0,-0.14907119849998599,0.9623825726019074,,4,ORIGINAL
305,0,0.0,1.0000000000000002,0.9616716957450109,,3,ORIGINAL
305,1,0.0,0.9594032236002469,0.9616716957450109,,8,ORIGINAL
305,2,0.0,0.9561828874675149,0.9692984703039891,,14,ORIGINAL
305,3,0.0,0.9233805168766387,0.9711647457048506,,26,ORIGINAL
305,4,0.0,0.9292837111948398,0.9616716957450109,,8,ORIGINAL
305,5,0.0,0.8488746876271654,0.9616716957450109,,10,ORIGINAL
305,6,0.0,0.8660254037844387,0.9700823599154343,,12,ORIGINAL
305,7,0.0,0.9999999999999998,0.9616716957450109,,5,ORIGINAL
305,8,0.0,1.0000000000000002,0.9616716957450109,,3,ORIGINAL
305,9,0.0,0.9538209664765318,0.9616716957450109,,7,ORIGINAL
306,0,0.0,,0.9611205894334732,,0,ORIGINAL
306,1,0.0,0.9486832980505138,0.9611205894334732,,5,ORIGINAL
306,2,0.0,,0.9521660201148179,,1,ORIGINAL
306,3,0.0,0.9999999999999998,0.9352301620915747,,5,ORIGINAL
306,4,0.0,0.9561828874675149,0.9611205894334732,,4,ORIGINAL
306,5,0.0,0.9428090415820635,0.9611205894334732,,3,ORIGINAL
306,6,0.0,0.9647638212377322,0.9665349424714982,,7,ORIGINAL
306,7,0.0,1.0,0.9611205894334732,,4,ORIGINAL
306,8,0.0,,0.9611205894334732,,2,ORIGINAL
306,9,0.0,0.9428090415820635,0.9611205894334732,,3,ORIGINAL
307,0,0.0,-0.8894991799933215,0.9317824627855039,,7,ORIGINAL
307,1,0.0,-0.29814239699997197,0.9317824627855039,,12,ORIGINAL
307,2,0.0,-0.15811388300841897,0.948172301184151,,5,ORIGINAL
307,3,0.0,-0.43915503282683993,0.9184882769329118,,14,ORIGINAL
307,4,0.0,-0.5078333750770081,0.9317824627855039,,7,ORIGINAL
307,5,0.0,-0.40406101782088427,0.9317824627855039,,8,ORIGINAL
307,6,0.0,0.6666666666666666,0.9277148432335083,,7,ORIGINAL
307,7,0.0,0.6546536707079772,0.9317824627855039,,4,ORIGINAL
307,8,0.0,,0.9317824627855039,,2,ORIGINAL
307,9,0.0,0.6172133998483676,0.9317824627855039,,6,ORIGINAL
308,0,0.0,0.8728715609439696,1.0,,4,ORIGINAL
308,1,0.0,,1.0,,2,ORIGINAL
308,2,0.0,0.944911182523068,0.9633150259944552,,4,ORIGINAL
308,3,0.0,0.9258200997725514,0.9478675140998328,,7,ORIGINAL
308,4,0.0,,1.0,,1,ORIGINAL
308,5,0.0,0.8660254037844387,1.0,,4,ORIGINAL
308,6,0.0,,0.9646784562203947,,1,ORIGINAL
308,7,0.0,,1.0,,2,ORIGINAL
308,8,0.0,,1.0,,1,ORIGINAL
308,9,0.0,,1.0,,2,ORIGINAL
309,0,0.0,1.0000000000000002,0.9557478114262787,,3,ORIGINAL
309,1,0.0,0.9473729613780999,0.9557478114262787,,11,ORIGINAL
309,2,0.0,1.0000000000000002,0.8993093818735528,,9,ORIGINAL
309,3,0.0,0.8975274678557508,0.8997410501761314,,18,ORIGINAL
309,4,0.0,0.8907986681660889,0.9557478114262787,,7,ORIGINAL
309,5,0.0,0.9185586535436918,0.9557478114262787,,7,ORIGINAL
309,6,0.0,0.5837172315870185,0.9319636211208066,,13,ORIGINAL
309,7,0.0,0.8504200642707612,0.9557478114262787,,5,ORIGINAL
309,8,0.0,0.9999999999999999,0.9557478114262787,,4,ORIGINAL
309,9,0.0,0.9594032236002469,0.9557478114262787,,7,ORIGINAL
310,0,0.0,,0.9547904331293198,,1,ORIGINAL
310,1,0.0,1.0000000000000002,0.9547904331293198,,3,ORIGINAL
310,2,0.0,,0.9499077724601235,,3,ORIGINAL
310,3,0.0,0.6123724356957945,0.9601427202173838,,9,ORIGINAL
310,4,0.0,,0.9547904331293198,,2,ORIGINAL
310,5,0.0,0.6324555320336759,0.9547904331293198,,5,ORIGINAL
310,6,0.0,0.9428090415820632,0.937639929509396,,4,ORIGINAL
310,7,0.0,0.4082482904638631,0.9547904331293198,,3,ORIGINAL
310,8,0.0,0.3779644730092272,0.9547904331293198,,4,ORIGINAL
310,9,0.0,0.8660254037844387,0.9547904331293198,,3,ORIGINAL
311,0,0.0,,0.9264884283426499,,1,ORIGINAL
311,1,0.0,,0.9264884283426499,,0,ORIGINAL
311,2,0.0,,0.974997989694242,,0,ORIGINAL
311,3,0.0,,0.9848572527455088,,2,ORIGINAL
311,4,0.0,,0.9264884283426499,,1,ORIGINAL
311,5,0.0,,0.9264884283426499,,0,ORIGINAL
311,6,0.0,,0.9099120966941667,,0,ORIGINAL
311,7,0.0,,0.9264884283426499,,0,ORIGINAL
311,8,0.0,,0.9264884283426499,,0,ORIGINAL
311,9,0.0,,0.9264884283426499,,1,ORIGINAL
312,0,0.0,,0.9794193454726551,,1,ORIGINAL
312,1,0.0,0.9486832980505138,0.9794193454726551,,4,ORIGINAL
312,2,0.0,0.9594032236002469,0.9292376093451206,,5,ORIGINAL
312,3,0.0,0.8854377448471461,0.8954618889258041,,7,ORIGINAL
312,4,0.0,0.8999999999999998,0.9794193454726551,,4,ORIGINAL
312,5,0.0,0.9707253433941511,0.9794193454726551,,4,ORIGINAL
312,6,0.0,0.2581988897471611,0.965928654354475,,6,ORIGINAL
312,7,0.0,1.0000000000000002,0.9794193454726551,,3,ORIGINAL
312,8,0.0,,0.9794193454726551,,0,ORIGINAL
312,9,0.0,0.9594032236002469,0.9794193454726551,,7,ORIGINAL
313,0,0.0,,0.9865432291009868,,0,ORIGINAL
313,1,0.0,0.9428090415820635,0.9865432291009868,,3,ORIGINAL
313,2,0.0,,0.946452462077083,,2,ORIGINAL
313,3,0.0,1.0000000000000002,0.9288382417506102,,3,ORIGINAL
313,4,0.0,0.9622504486493763,0.9865432291009868,,3,ORIGINAL
313,5,0.0,,0.9865432291009868,,2,ORIGINAL
313,6,0.0,0.9486832980505138,0.9560412601772939,,4,ORIGINAL
313,7,0.0,,0.9865432291009868,,1,ORIGINAL
313,8,0.0,,0.9865432291009868,,1,ORIGINAL
313,9,0.0,,0.9865432291009868,,1,ORIGINAL
314,0,0.0,0.5773502691896258,0.9567031239733925,,3,ORIGINAL
314,1,0.0,0.3692744729379982,0.9567031239733925,,12,ORIGINAL
314,2,0.0,0.18208926018230745,0.8856912278400381,,17,ORIGINAL
314,3,0.0,0.5920141630322447,0.9004262905259159,,28,ORIGINAL
314,4,0.0,-0.05716619504750295,0.9567031239733925,,6,ORIGINAL
314,5,0.0,0.21757131728816848,0.9567031239733925,,13,ORIGINAL
314,6,0.0,0.26261286571944514,0.9311485102803493,,13,ORIGINAL
314,7,0.0,0.5007733956671914,0.9567031239733925,,10,ORIGINAL
314,8,0.0,0.21677749238102995,0.9567031239733925,,10,ORIGINAL
314,9,0.0,0.5838403593598094,0.9567031239733925,,11,ORIGINAL
315,243,0.9,0.8359173188630293,0.9999999999999958,,19,ORIGINAL
315,739,0.9,1.0000000000000002,,,3,ORIGINAL
315,0,0.0,,0.9901813498334862,,2,ORIGINAL
315,1,0.0,0.9090909090909091,0.9901813498334862,,8,ORIGINAL
315,2,0.0,0.9467292624062575,0.9757308535055583,,15,ORIGINAL
315,3,0.0,0.83795709729612,0.968959838869782,,33,ORIGINAL
315,4,0.0,0.9203579866168444,0.9901813498334862,,8,ORIGINAL
315,5,0.0,0.9707253433941511,0.9901813498334862,,13,ORIGINAL
315,6,0.0,0.6900655593423543,0.9768098599542961,,12,ORIGINAL
315,7,0.0,0.9432422182837986,0.9901813498334862,,8,ORIGINAL
316,186,0.9,0.7526178090063818,0.8863643074660453,,11,ORIGINAL
316,0,0.0,,0.9639813066001433,,2,ORIGINAL
316,1,0.0,0.37499999999999994,0.9639813066001433,,5,ORIGINAL
316,2,0.0,0.3508232077228117,0.905451634955296,,7,ORIGINAL
316,3,0.0,0.42857142857142855,0.8676103575558289,,12,ORIGINAL
316,4,0.0,0.45643546458763834,0.9639813066001433,,6,ORIGINAL
316,5,0.0,0.7142857142857142,0.9639813066001433,,8,ORIGINAL
316,6,0.0,0.629940788348712,0.9485264299534014,,8,ORIGINAL
316,7,0.0,0.944911182523068,0.9639813066001433,,4,ORIGINAL
316,8,0.0,,0.9639813066001433,,1,ORIGINAL
317,0,0.0,,0.9409512511334096,,0,ORIGINAL
317,1,0.0,0.9622504486493763,0.9409512511334096,,3,ORIGINAL
317,2,0.0,,0.8805955290471816,,0,ORIGINAL
317,3,0.0,0.944911182523068,0.8425549461834863,,5,ORIGINAL
317,4,0.0,,0.9409512511334096,,2,ORIGINAL
317,5,0.0,0.9622504486493763,0.9409512511334096,,3,ORIGINAL
317,6,0.0,0.6804138174397718,0.9260773545062556,,3,ORIGINAL
317,7,0.0,,0.9409512511334096,,2,ORIGINAL
317,8,0.0,,0.9409512511334096,,2,ORIGINAL
317,9,0.0,,0.9409512511334096,,1,ORIGINAL
318,0,0.0,,0.9806790815403282,,0,ORIGINAL
318,1,0.0,0.8164965809277261,0.9806790815403282,,4,ORIGINAL
318,2,0.0,,0.9341955258135484,,1,ORIGINAL
318,3,0.0,1.0,0.9453174438792368,,9,ORIGINAL
318,4,0.0,0.7453559924999299,0.9806790815403282,,3,ORIGINAL
318,5,0.0,0.9486832980505138,0.9806790815403282,,5,ORIGINAL
318,6,0.0,0.6123724356957945,0.9561958137126199,,6,ORIGINAL
318,7,0.0,0.9036961141150639,0.9806790815403282,,6,ORIGINAL
318,8,0.0,0.8749999999999998,0.9806790815403282,,5,ORIGINAL
318,9,0.0,0.9428090415820635,0.9806790815403282,,3,ORIGINAL
319,0,0.0,,0.9738458768163214,,1,ORIGINAL
319,1,0.0,0.9434563530497265,0.9738458768163214,,7,ORIGINAL
319,2,0.0,0.9428090415820635,0.9545809504748346,,3,ORIGINAL
319,3,0.0,0.8642416214502248,0.9713391337985414,,6,ORIGINAL
319,4,0.0,0.9761870601839528,0.9738458768163214,,5,ORIGINAL
319,5,0.0,0.944911182523068,0.9738458768163214,,4,ORIGINAL
319,6,0.0,0.8485281374238569,0.9212287395625672,,5,ORIGINAL
319,7,0.0,0.9999999999999999,0.9738458768163214,,4,ORIGINAL
319,8,0.0,,0.9738458768163214,,1,ORIGINAL
319,9,0.0,0.8819171036881969,0.9738458768163214,,6,ORIGINAL
320,0,0.0,,0.9528205462346803,,1,ORIGINAL
320,1,0.0,,0.9528205462346803,,1,ORIGINAL
320,2,0.0,0.944911182523068,0.9555396379349221,,4,ORIGINAL
320,3,0.0,0.9438798074485389,0.9747204209657291,,5,ORIGINAL
320,4,0.0,,0.9528205462346803,,1,ORIGINAL
320,5,0.0,,0.9528205462346803,,2,ORIGINAL
320,6,0.0,,0.9738170082873187,,1,ORIGINAL
320,7,0.0,,0.9528205462346803,,0,ORIGINAL
320,8,0.0,,0.9528205462346803,,0,ORIGINAL
320,9,0.0,,0.9528205462346803,,1,ORIGINAL
321,0,0.0,,0.962720392922269,,0,ORIGINAL
321,1,0.0,0.9999999999999998,0.962720392922269,,5,ORIGINAL
321,2,0.0,,0.9658798425144149,,2,ORIGINAL
321,3,0.0,0.9486832980505138,0.9222827441977814,,4,ORIGINAL
321,4,0.0,0.9525793444156805,0.962720392922269,,3,ORIGINAL
321,5,0.0,0.9486832980505138,0.962720392922269,,4,ORIGINAL
321,6,0.0,0.3651483716701107,0.9768146069083574,,4,ORIGINAL
321,7,0.0,,0.962720392922269,,1,ORIGINAL
321,8,0.0,,0.962720392922269,,2,ORIGINAL
321,9,0.0,0.9622504486493763,0.962720392922269,,3,ORIGINAL
322,0,0.0,,0.9280662185308055,,0,ORIGINAL
322,1,0.0,,0.9280662185308055,,2,ORIGINAL
322,2,0.0,,0.9480661642035789,,2,ORIGINAL
322,3,0.0,0.9438798074485389,0.9766154033143565,,5,ORIGINAL
322,4,0.0,,0.9280662185308055,,1,ORIGINAL
322,5,0.0,,0.9280662185308055,,2,ORIGINAL
322,6,0.0,0.2886751345948129,0.9012193025242882,,3,ORIGINAL
322,7,0.0,,0.9280662185308055,,1,ORIGINAL
322,8,0.0,,0.9280662185308055,,0,ORIGINAL
322,9,0.0,,0.9280662185308055,,1,ORIGINAL
323,0,0.0,,0.9420432252655582,,0,ORIGINAL
323,1,0.0,0.944911182523068,0.9420432252655582,,4,ORIGINAL
323,2,0.0,,0.935694190065955,,2,ORIGINAL
323,3,0.0,0.857142857142857,0.9599929196111939,,4,ORIGINAL
323,4,0.0,0.9622504486493763,0.9420432252655582,,3,ORIGINAL
323,5,0.0,0.9428090415820635,0.9420432252655582,,3,ORIGINAL
323,6,0.0,0.7745966692414834,0.9403748526765583,,3,ORIGINAL
323,7,0.0,,0.9420432252655582,,1,ORIGINAL
323,8,0.0,,0.9420432252655582,,1,ORIGINAL
323,9,0.0,0.9428090415820635,0.9420432252655582,,3,ORIGINAL
324,0,0.0,,0.9132528984426408,,0,ORIGINAL
324,1,0.0,0.857142857142857,0.9132528984426408,,4,ORIGINAL
324,2,0.0,0.9428090415820635,0.8396355169755443,,3,ORIGINAL
324,3,0.0,0.9325048082403138,0.8109206201871121,,14,ORIGINAL
324,4,0.0,0.47809144373375745,0.9132528984426408,,4,ORIGINAL
324,5,0.0,0.7925939239012171,0.9132528984426408,,7,ORIGINAL
324,6,0.0,0.9999999999999998,0.909209495872516,,7,ORIGINAL
324,7,0.0,0.9434563530497265,0.9132528984426408,,4,ORIGINAL
324,8,0.0,0.8696263565463043,0.9132528984426408,,7,ORIGINAL
324,9,0.0,,0.9132528984426408,,2,ORIGINAL
325,0,0.0,0.26967994498529685,0.9806790815403282,,8,ORIGINAL
325,1,0.0,0.6024640760767093,0.9806790815403282,,12,ORIGINAL
325,2,0.0,0.8278596896728931,0.9341955258135484,,19,ORIGINAL
325,3,0.0,0.7399956641006085,0.9453174438792368,,47,ORIGINAL
325,4,0.0,0.9370425713316364,0.9806790815403282,,15,ORIGINAL
325,5,0.0,0.9241377067782294,0.9806790815403282,,22,ORIGINAL
325,6,0.0,0.5294143019465852,0.9561958137126199,,20,ORIGINAL
325,7,0.0,0.9185586535436918,0.9806790815403282,,12,ORIGINAL
325,8,0.0,0.8907986681660891,0.9806790815403282,,14,ORIGINAL
325,9,0.0,0.9601587170383665,0.9806790815403282,,10,ORIGINAL
326,0,0.0,0.9258200997725514,0.9616716958035149,,4,ORIGINAL
326,1,0.0,-0.19069251784911848,0.9616716958035149,,11,ORIGINAL
326,2,0.0,0.5103103630798288,0.9692984702961247,,10,ORIGINAL
326,3,0.0,0.17496355305594127,0.9711647495310693,,29,ORIGINAL
326,4,0.0,0.6761234037828131,0.9616716958035149,,10,ORIGINAL
326,5,0.0,0.6546536707079772,0.9616716958035149,,13,ORIGINAL
326,6,0.0,0.2672612419124244,0.9700823601229248,,11,ORIGINAL
326,7,0.0,0.75,0.9616716958035149,,7,ORIGINAL
326,8,0.0,0.6999999999999998,0.9616716958035149,,8,ORIGINAL
326,9,0.0,0.31524416249564025,0.9616716958035149,,9,ORIGINAL
327,0,0.0,0.8164965809277261,0.9557478104089453,,3,ORIGINAL
327,1,0.0,0.944911182523068,0.9557478104089453,,4,ORIGINAL
327,2,0.0,0.8320502943378437,0.8993093781459607,,7,ORIGINAL
327,3,0.0,0.7222222222222222,0.8997410461184958,,21,ORIGINAL
327,4,0.0,0.6396021490668313,0.9557478104089453,,7,ORIGINAL
327,5,0.0,0.8944271909999159,0.9557478104089453,,10,ORIGINAL
327,6,0.0,0.8944271909999159,0.9319636192814553,,6,ORIGINAL
327,7,0.0,0.9363821838346237,0.9557478104089453,,8,ORIGINAL
327,8,0.0,0.6396021490668313,0.9557478104089453,,7,ORIGINAL
327,9,0.0,0.8164965809277259,0.9557478104089453,,3,ORIGINAL
328,0,0.0,,0.9633150259944552,,1,ORIGINAL
328,1,0.0,0.7348469228349533,0.9633150259944552,,7,ORIGINAL
328,2,0.0,0.7453559924999299,0.9999999999999993,,3,ORIGINAL
328,3,0.0,0.6255432421712244,0.9777320874553711,,14,ORIGINAL
328,4,0.0,0.8696263565463043,0.9633150259944552,,8,ORIGINAL
328,5,0.0,0.882522608121828,0.9633150259944552,,9,ORIGINAL
328,6,0.0,0.6446583712203042,0.9658346052796958,,10,ORIGINAL
328,7,0.0,0.7745966692414834,0.9633150259944552,,4,ORIGINAL
328,8,0.0,0.6546536707079772,0.9633150259944552,,5,ORIGINAL
328,9,0.0,0.9622504486493763,0.9633150259944552,,3,ORIGINAL
329,0,0.0,,0.9545005813135693,,1,ORIGINAL
329,1,0.0,0.944911182523068,0.9545005813135693,,8,ORIGINAL
329,2,0.0,0.9544271444636666,0.8965726495809305,,10,ORIGINAL
329,3,0.0,0.9339475705392295,0.911733525129955,,19,ORIGINAL
329,4,0.0,0.9428090415820634,0.9545005813135693,,6,ORIGINAL
329,5,0.0,0.9486832980505138,0.9545005813135693,,10,ORIGINAL
329,6,0.0,0.7745966692414834,0.9422929887194212,,12,ORIGINAL
329,7,0.0,1.0,0.9545005813135693,,6,ORIGINAL
329,8,0.0,0.8959786703810408,0.9545005813135693,,9,ORIGINAL
329,9,0.0,0.9449111825230682,0.9545005813135693,,6,ORIGINAL
330,0,0.0,,1.0,,0,ORIGINAL
330,1,0.0,1.0000000000000002,1.0,,3,ORIGINAL
330,2,0.0,,0.9633150259944552,,2,ORIGINAL
330,3,0.0,0.8838834764831843,0.9478675140998328,,5,ORIGINAL
330,4,0.0,,1.0,,2,ORIGINAL
330,5,0.0,0.8660254037844387,1.0,,4,ORIGINAL
330,6,0.0,0.8728715609439696,0.9646784562203947,,4,ORIGINAL
330,7,0.0,,1.0,,2,ORIGINAL
330,8,0.0,,1.0,,2,ORIGINAL
330,9,0.0,,1.0,,2,ORIGINAL
331,0,0.0,,0.9379204676429388,,0,ORIGINAL
331,1,0.0,,0.9379204676429388,,0,ORIGINAL
331,2,0.0,,0.8824477311102815,,0,ORIGINAL
331,3,0.0,,0.84627451671196,,1,ORIGINAL
331,4,0.0,,0.9379204676429388,,0,ORIGINAL
331,5,0.0,,0.9379204676429388,,1,ORIGINAL
331,6,0.0,,0.9261694487432705,,2,ORIGINAL
331,7,0.0,,0.9379204676429388,,0,ORIGINAL
331,8,0.0,,0.9379204676429388,,0,ORIGINAL
331,9,0.0,,0.9379204676429388,,0,ORIGINAL
332,0,0.0,,1.0,,0,ORIGINAL
332,1,0.0,0.31622776601683794,1.0,,5,ORIGINAL
332,2,0.0,0.40451991747794525,0.9633150259944552,,5,ORIGINAL
332,3,0.0,0.3779644730092272,0.9478675140998328,,8,ORIGINAL
332,4,0.0,,1.0,,1,ORIGINAL
332,5,0.0,1.0000000000000002,1.0,,3,ORIGINAL
332,6,0.0,0.4472135954999579,0.9646784562203947,,5,ORIGINAL
332,7,0.0,0.9428090415820635,1.0,,3,ORIGINAL
332,8,0.0,,1.0,,1,ORIGINAL
332,9,0.0,,1.0,,2,ORIGINAL
333,0,0.0,,0.9246351741960835,,0,ORIGINAL
333,1,0.0,0.8944271909999159,0.9246351741960835,,6,ORIGINAL
333,2,0.0,0.9428090415820635,0.9390073912447577,,6,ORIGINAL
333,3,0.0,0.9471141280884339,0.95306052864534,,11,ORIGINAL
333,4,0.0,0.9411764705882353,0.9246351741960835,,5,ORIGINAL
333,5,0.0,0.9864400504156211,0.9246351741960835,,9,ORIGINAL
333,6,0.0,0.4767312946227962,0.9144329275100189,,10,ORIGINAL
333,7,0.0,,0.9246351741960835,,2,ORIGINAL
333,8,0.0,0.9669875568304563,0.9246351741960835,,7,ORIGINAL
333,9,0.0,0.9354143466934853,0.9246351741960835,,5,ORIGINAL
334,0,0.0,0.8504200642707612,0.9806790842263925,,11,ORIGINAL
334,1,0.0,0.9197090092274486,0.9806790842263925,,17,ORIGINAL
334,2,0.0,0.8468303183574205,0.9341955261964597,,19,ORIGINAL
334,3,0.0,0.7297691588509917,0.945317442503052,,53,ORIGINAL
334,4,0.0,0.5595028849441883,0.9806790842263925,,11,ORIGINAL
334,5,0.0,0.6821910402406466,0.9806790842263925,,19,ORIGINAL
334,6,0.0,0.4036036763977875,0.9561958135781816,,16,ORIGINAL
334,7,0.0,0.8540168202937981,0.9806790842263925,,12,ORIGINAL
334,8,0.0,0.8124999999999998,0.9806790842263925,,11,ORIGINAL
334,9,0.0,0.9128709291752769,0.9806790842263925,,9,ORIGINAL
335,739,0.9,0.9428090415820635,,,3,ORIGINAL
335,0,0.0,,0.9462238230576936,,1,ORIGINAL
335,1,0.0,0.8728715609439696,0.9462238230576936,,6,ORIGINAL
335,2,0.0,0.9561828874675149,0.8791092415754306,,4,ORIGINAL
335,3,0.0,0.806225774829855,0.8884161119777194,,10,ORIGINAL
335,4,0.0,0.9245003270420487,0.9462238230576936,,4,ORIGINAL
335,5,0.0,0.9707253433941511,0.9462238230576936,,4,ORIGINAL
335,6,0.0,0.778498944161523,0.9304565217173556,,7,ORIGINAL
335,7,0.0,0.944911182523068,0.9462238230576936,,5,ORIGINAL
335,8,0.0,,0.9462238230576936,,2,ORIGINAL
336,0,0.0,,0.9623825744921536,,0,ORIGINAL
336,1,0.0,,0.9623825744921536,,1,ORIGINAL
336,2,0.0,,0.9039457247248888,,0,ORIGINAL
336,3,0.0,0.944911182523068,0.9255037785690072,,4,ORIGINAL
336,4,0.0,,0.9623825744921536,,1,ORIGINAL
336,5,0.0,,0.9623825744921536,,2,ORIGINAL
336,6,0.0,,0.9443964442816921,,2,ORIGINAL
336,7,0.0,,0.9623825744921536,,1,ORIGINAL
336,8,0.0,,0.9623825744921536,,2,ORIGINAL
336,9,0.0,,0.9623825744921536,,2,ORIGINAL
337,0,0.0,0.769800358919501,1.0,,6,ORIGINAL
337,1,0.0,0.8359173188630293,1.0,,12,ORIGINAL
337,2,0.0,0.5918640302493726,0.9633150259944552,,18,ORIGINAL
337,3,0.0,0.7325896743930082,0.9478675140998328,,32,ORIGINAL
337,4,0.0,0.9434563530497264,1.0,,15,ORIGINAL
337,5,0.0,0.9114654303753,1.0,,15,ORIGINAL
337,6,0.0,0.5965587590013045,0.9646784562203947,,14,ORIGINAL
337,7,0.0,0.9203579866168444,1.0,,8,ORIGINAL
337,8,0.0,0.7610423906471905,1.0,,13,ORIGINAL
337,9,0.0,0.8215838362577491,1.0,,10,ORIGINAL
338,0,0.0,1.0000000000000002,0.9681150542899442,,3,ORIGINAL
338,1,0.0,0.5773502691896258,0.9681150542899442,,3,ORIGINAL
338,2,0.0,,0.9538641598043284,,1,ORIGINAL
338,3,0.0,0.5773502691896258,0.9731287408354515,,5,ORIGINAL
338,4,0.0,,0.9681150542899442,,1,ORIGINAL
338,5,0.0,,0.9681150542899442,,1,ORIGINAL
338,6,0.0,,0.9156195846268943,,1,ORIGINAL
338,7,0.0,,0.9681150542899442,,0,ORIGINAL
338,8,0.0,,0.9681150542899442,,0,ORIGINAL
338,9,0.0,,0.9681150542899442,,1,ORIGINAL
339,0,0.0,,0.9462238196970443,,2,ORIGINAL
339,1,0.0,0.48420012470625223,0.9462238196970443,,8,ORIGINAL
339,2,0.0,0.7399400733959438,0.8791092324436277,,7,ORIGINAL
339,3,0.0,0.6900655593423543,0.8884161019391814,,18,ORIGINAL
339,4,0.0,0.9659092088013584,0.9462238196970443,,9,ORIGINAL
339,5,0.0,0.7354355067681901,0.9462238196970443,,14,ORIGINAL
339,6,0.0,0.6859943405700354,0.930456515128288,,10,ORIGINAL
339,7,0.0,0.8907986681660889,0.9462238196970443,,7,ORIGINAL
339,8,0.0,0.8616404368553291,0.9462238196970443,,7,ORIGINAL
339,9,0.0,0.933138949631687,0.9462238196970443,,6,ORIGINAL
340,0,0.0,,0.9808074286486422,,1,ORIGINAL
340,1,0.0,,0.9808074286486422,,1,ORIGINAL
340,2,0.0,,0.9704064446070771,,2,ORIGINAL
340,3,0.0,,0.9434388031421846,,2,ORIGINAL
340,4,0.0,,0.9808074286486422,,0,ORIGINAL
340,5,0.0,,0.9808074286486422,,0,ORIGINAL
340,6,0.0,,0.9385487604084403,,0,ORIGINAL
340,7,0.0,,0.9808074286486422,,0,ORIGINAL
340,8,0.0,,0.9808074286486422,,0,ORIGINAL
340,9,0.0,,0.9808074286486422,,1,ORIGINAL
341,0,0.0,,0.9806790815403282,,0,ORIGINAL
341,1,0.0,0.9428090415820635,0.9806790815403282,,3,ORIGINAL
341,2,0.0,,0.9341955258135484,,2,ORIGINAL
341,3,0.0,0.9999999999999999,0.9453174438792368,,4,ORIGINAL
341,4,0.0,,0.9806790815403282,,2,ORIGINAL
341,5,0.0,0.9525793444156805,0.9806790815403282,,6,ORIGINAL
341,6,0.0,0.9561828874675149,0.9561958137126199,,4,ORIGINAL
341,7,0.0,1.0000000000000002,0.9806790815403282,,3,ORIGINAL
341,8,0.0,0.8660254037844386,0.9806790815403282,,6,ORIGINAL
341,9,0.0,0.8660254037844387,0.9806790815403282,,3,ORIGINAL
342,0,0.0,0.9534625892455924,1.0,,8,ORIGINAL
342,1,0.0,0.9594032236002469,1.0,,11,ORIGINAL
342,2,0.0,0.7416198487095662,0.9633150259944552,,16,ORIGINAL
342,3,0.0,0.7560153527108575,0.9478675140998328,,40,ORIGINAL
342,4,0.0,0.8299275201966066,1.0,,16,ORIGINAL
342,5,0.0,0.929758101807797,1.0,,20,ORIGINAL
342,6,0.0,0.6486493048989729,0.9646784562203947,,15,ORIGINAL
342,7,0.0,0.8485552916276634,1.0,,13,ORIGINAL
342,8,0.0,0.8793040102298588,1.0,,15,ORIGINAL
342,9,0.0,0.9104463009115372,1.0,,12,ORIGINAL
343,0,0.0,,0.9528205427326275,,0,ORIGINAL
343,1,0.0,0.944911182523068,0.9528205427326275,,4,ORIGINAL
343,2,0.0,0.9622504486493763,0.9555396358746835,,3,ORIGINAL
343,3,0.0,0.8864052604279183,0.9747204207284491,,8,ORIGINAL
343,4,0.0,,0.9528205427326275,,2,ORIGINAL
343,5,0.0,0.8944271909999159,0.9528205427326275,,5,ORIGINAL
343,6,0.0,-0.7071067811865475,0.9738170064477849,,4,ORIGINAL
343,7,0.0,,0.9528205427326275,,1,ORIGINAL
343,8,0.0,,0.9528205427326275,,1,ORIGINAL
343,9,0.0,1.0000000000000002,0.9528205427326275,,3,ORIGINAL
344,0,0.0,,0.9317824697544982,,0,ORIGINAL
344,1,0.0,1.0,0.9317824697544982,,4,ORIGINAL
344,2,0.0,0.9428090415820635,0.948172308948168,,3,ORIGINAL
344,3,0.0,0.9561828874675149,0.9184882850144845,,5,ORIGINAL
344,4,0.0,,0.9317824697544982,,2,ORIGINAL
344,5,0.0,1.0000000000000002,0.9317824697544982,,3,ORIGINAL
344,6,0.0,0.8485281374238569,0.9277148497305662,,5,ORIGINAL
344,7,0.0,,0.9317824697544982,,1,ORIGINAL
344,8,0.0,,0.9317824697544982,,2,ORIGINAL
344,9,0.0,,0.9317824697544982,,2,ORIGINAL
345,0,0.0,,0.9042739755922512,,0,ORIGINAL
345,1,0.0,,0.9042739755922512,,1,ORIGINAL
345,2,0.0,,0.9507593724578529,,2,ORIGINAL
345,3,0.0,1.0,0.9250982384792658,,4,ORIGINAL
345,4,0.0,0.9622504486493763,0.9042739755922512,,3,ORIGINAL
345,5,0.0,0.9999999999999998,0.9042739755922512,,5,ORIGINAL
345,6,0.0,0.5,0.8814523319675303,,4,ORIGINAL
345,7,0.0,0.9428090415820635,0.9042739755922512,,6,ORIGINAL
345,8,0.0,0.9486832980505138,0.9042739755922512,,4,ORIGINAL
345,9,0.0,0.8164965809277259,0.9042739755922512,,3,ORIGINAL
346,0,0.0,0.7745966692414833,0.9806790824013687,,6,ORIGINAL
346,1,0.0,0.9547859244962514,0.9806790824013687,,9,ORIGINAL
346,2,0.0,0.9431191251430151,0.9341955271108662,,10,ORIGINAL
346,3,0.0,0.8921722983855179,0.9453174447798184,,18,ORIGINAL
346,4,0.0,0.923869770874312,0.9806790824013687,,9,ORIGINAL
346,5,0.0,0.8164965809277259,0.9806790824013687,,9,ORIGINAL
346,6,0.0,0.9045340337332909,0.9561958127211324,,9,ORIGINAL
346,7,0.0,0.9561828874675149,0.9806790824013687,,7,ORIGINAL
346,8,0.0,0.9772545497599155,0.9806790824013687,,6,ORIGINAL
346,9,0.0,0.8765009801785554,0.9806790824013687,,9,ORIGINAL
347,0,0.0,,0.9639813098116331,,2,ORIGINAL
347,1,0.0,0.9707253433941511,0.9639813098116331,,4,ORIGINAL
347,2,0.0,0.9561828874675149,0.9054516351274056,,4,ORIGINAL
347,3,0.0,0.9434563530497265,0.8676103609921769,,7,ORIGINAL
347,4,0.0,0.9647638212377322,0.9639813098116331,,7,ORIGINAL
347,5,0.0,0.9166666666666666,0.9639813098116331,,10,ORIGINAL
347,6,0.0,0.8000946913656629,0.9485264300328381,,9,ORIGINAL
347,7,0.0,0.9438798074485389,0.9639813098116331,,5,ORIGINAL
347,8,0.0,0.8058229640253802,0.9639813098116331,,5,ORIGINAL
347,9,0.0,0.8819171036881969,0.9639813098116331,,6,ORIGINAL
348,0,0.0,,0.9409512547067033,,0,ORIGINAL
348,1,0.0,,0.9409512547067033,,0,ORIGINAL
348,2,0.0,,0.8805955318001024,,0,ORIGINAL
348,3,0.0,,0.8425549494195083,,0,ORIGINAL
348,4,0.0,,0.9409512547067033,,0,ORIGINAL
348,5,0.0,,0.9409512547067033,,1,ORIGINAL
348,6,0.0,,0.9260773574344731,,0,ORIGINAL
348,7,0.0,,0.9409512547067033,,0,ORIGINAL
348,8,0.0,,0.9409512547067033,,1,ORIGINAL
348,9,0.0,,0.9409512547067033,,0,ORIGINAL
349,0,0.0,,0.9688240455412486,,0,ORIGINAL
349,1,0.0,1.0000000000000002,0.9688240455412486,,3,ORIGINAL
349,2,0.0,0.8728715609439696,0.9416600184948395,,4,ORIGINAL
349,3,0.0,0.7499999999999999,0.9640273209028699,,5,ORIGINAL
349,4,0.0,0.9622504486493763,0.9688240455412486,,3,ORIGINAL
349,5,0.0,0.9999999999999998,0.9688240455412486,,3,ORIGINAL
349,6,0.0,0.6708203932499369,0.9506001637622323,,4,ORIGINAL
349,7,0.0,,0.9688240455412486,,0,ORIGINAL
349,8,0.0,,0.9688240455412486,,1,ORIGINAL
349,9,0.0,,0.9688240455412486,,2,ORIGINAL
350,0,0.0,,0.9528772578999964,,0,ORIGINAL
350,1,0.0,0.8616404368553293,0.9528772578999964,,8,ORIGINAL
350,2,0.0,0.7216878364870323,0.8862136982368001,,6,ORIGINAL
350,3,0.0,0.8386278693775346,0.8652361823140664,,16,ORIGINAL
350,4,0.0,0.7803989725717079,0.9528772578999964,,7,ORIGINAL
350,5,0.0,0.8703882797784892,0.9528772578999964,,13,ORIGINAL
350,6,0.0,0.5345224838248488,0.950676317163076,,13,ORIGINAL
350,7,0.0,0.8,0.9528772578999964,,10,ORIGINAL
350,8,0.0,0.8413341412630905,0.9528772578999964,,13,ORIGINAL
350,9,0.0,0.6123724356957946,0.9528772578999964,,7,ORIGINAL
351,0,0.0,,0.9806790815765236,,1,ORIGINAL
351,1,0.0,,0.9806790815765236,,4,ORIGINAL
351,2,0.0,0.5773502691896258,0.9341955275454015,,3,ORIGINAL
351,3,0.0,,0.9453174450175371,,5,ORIGINAL
351,4,0.0,0.4082482904638631,0.9806790815765236,,7,ORIGINAL
351,5,0.0,,0.9806790815765236,,5,ORIGINAL
351,6,0.0,0.5773502691896258,0.9561958124327689,,4,ORIGINAL
351,7,0.0,,0.9806790815765236,,1,ORIGINAL
351,8,0.0,,0.9806790815765236,,0,ORIGINAL
351,9,0.0,,0.9806790815765236,,4,ORIGINAL
352,0,0.0,,0.9699713572266225,,0,ORIGINAL
352,1,0.0,,0.9699713572266225,,0,ORIGINAL
352,2,0.0,,0.9059825079395406,,0,ORIGINAL
352,3,0.0,,0.8860247116862109,,1,ORIGINAL
352,4,0.0,,0.9699713572266225,,1,ORIGINAL
352,5,0.0,,0.9699713572266225,,1,ORIGINAL
352,6,0.0,,0.9660512382337655,,0,ORIGINAL
352,7,0.0,,0.9699713572266225,,0,ORIGINAL
352,8,0.0,,0.9699713572266225,,0,ORIGINAL
352,9,0.0,,0.9699713572266225,,0,ORIGINAL
353,0,0.0,,1.0,,2,ORIGINAL
353,1,0.0,0.5728918992315464,1.0,,10,ORIGINAL
353,2,0.0,0.9230769230769232,0.9633150259944552,,7,ORIGINAL
353,3,0.0,0.8040302522073697,0.9478675140998328,,13,ORIGINAL
353,4,0.0,1.0000000000000002,1.0,,3,ORIGINAL
353,5,0.0,0.9707253433941511,1.0,,4,ORIGINAL
353,6,0.0,0.4082482904638631,0.9646784562203947,,7,ORIGINAL
353,7,0.0,0.9525793444156805,1.0,,3,ORIGINAL
353,8,0.0,0.9622504486493763,1.0,,3,ORIGINAL
353,9,0.0,0.9999999999999998,1.0,,4,ORIGINAL
354,0,0.0,,0.9265269144557784,,0,ORIGINAL
354,1,0.0,,0.9265269144557784,,2,ORIGINAL
354,2,0.0,,0.8674344100157444,,2,ORIGINAL
354,3,0.0,,0.8508475952763901,,1,ORIGINAL
354,4,0.0,,0.9265269144557784,,2,ORIGINAL
354,5,0.0,,0.9265269144557784,,2,ORIGINAL
354,6,0.0,0.4082482904638631,0.9305804524064215,,3,ORIGINAL
354,7,0.0,,0.9265269144557784,,1,ORIGINAL
354,8,0.0,,0.9265269144557784,,0,ORIGINAL
354,9,0.0,,0.9265269144557784,,2,ORIGINAL
355,0,0.0,0.5962847939999439,0.9478675140998328,,6,ORIGINAL
355,1,0.0,0.8728715609439696,0.9478675140998328,,14,ORIGINAL
355,2,0.0,0.9185586535436917,0.9777320874553711,,6,ORIGINAL
355,3,0.0,0.8320502943378437,1.0000000000000002,,18,ORIGINAL
355,4,0.0,0.9176629354822469,0.9478675140998328,,7,ORIGINAL
355,5,0.0,0.6614378277661476,0.9478675140998328,,9,ORIGINAL
355,6,0.0,0.6210590034081188,0.9413488731479989,,11,ORIGINAL
355,7,0.0,0.944911182523068,0.9478675140998328,,5,ORIGINAL
355,8,0.0,0.9486832980505138,0.9478675140998328,,4,ORIGINAL
355,9,0.0,0.7456011350793257,0.9478675140998328,,8,ORIGINAL
356,0,0.0,,0.9705116872099708,,1,ORIGINAL
356,1,0.0,,0.9705116872099708,,1,ORIGINAL
356,2,0.0,,0.9473868360154306,,2,ORIGINAL
356,3,0.0,0.944911182523068,0.9579810645485438,,4,ORIGINAL
356,4,0.0,,0.9705116872099708,,1,ORIGINAL
356,5,0.0,,0.9705116872099708,,2,ORIGINAL
356,6,0.0,0.9428090415820635,0.9180309959058616,,3,ORIGINAL
356,7,0.0,0.9428090415820635,0.9705116872099708,,3,ORIGINAL
356,8,0.0,,0.9705116872099708,,1,ORIGINAL
356,9,0.0,0.9622504486493763,0.9705116872099708,,3,ORIGINAL
357,0,0.0,,0.942043227076223,,0,ORIGINAL
357,1,0.0,0.8888888888888888,0.942043227076223,,6,ORIGINAL
357,2,0.0,0.8660254037844387,0.9356941880721562,,3,ORIGINAL
357,3,0.0,0.8486684247915056,0.9599929173118431,,10,ORIGINAL
357,4,0.0,0.9058216273156767,0.942043227076223,,4,ORIGINAL
357,5,0.0,0.9525793444156805,0.942043227076223,,6,ORIGINAL
357,6,0.0,0.5547001962252291,0.9403748531152251,,7,ORIGINAL
357,7,0.0,,0.942043227076223,,2,ORIGINAL
357,8,0.0,,0.942043227076223,,2,ORIGINAL
357,9,0.0,0.903696114115064,0.942043227076223,,4,ORIGINAL
358,0,0.0,,0.9528205427326275,,0,ORIGINAL
358,1,0.0,0.9428090415820635,0.9528205427326275,,3,ORIGINAL
358,2,0.0,,0.9555396358746835,,2,ORIGINAL
358,3,0.0,0.795495128834866,0.9747204207284491,,7,ORIGINAL
358,4,0.0,0.8090398349558905,0.9528205427326275,,5,ORIGINAL
358,5,0.0,0.7302967433402214,0.9528205427326275,,5,ORIGINAL
358,6,0.0,0.5,0.9738170064477849,,6,ORIGINAL
358,7,0.0,,0.9528205427326275,,1,ORIGINAL
358,8,0.0,0.7001400420140049,0.9528205427326275,,5,ORIGINAL
358,9,0.0,,0.9528205427326275,,1,ORIGINAL
359,0,0.0,0.5,0.9528772578999964,,13,ORIGINAL
359,1,0.0,0.6929348671835833,0.9528772578999964,,15,ORIGINAL
359,2,0.0,0.8183170883849714,0.8862136982368001,,15,ORIGINAL
359,3,0.0,0.5739440431835514,0.8652361823140664,,44,ORIGINAL
359,4,0.0,0.8442317648177382,0.9528772578999964,,10,ORIGINAL
359,5,0.0,0.79115480528524,0.9528772578999964,,13,ORIGINAL
359,6,0.0,0.29814239699997197,0.950676317163076,,12,ORIGINAL
359,7,0.0,0.968962790249909,0.9528772578999964,,9,ORIGINAL
359,8,0.0,0.8970852271450604,0.9528772578999964,,9,ORIGINAL
359,9,0.0,0.8944271909999159,0.9528772578999964,,8,ORIGINAL
360,0,0.0,,0.956703126436246,,1,ORIGINAL
360,1,0.0,1.0,0.956703126436246,,6,ORIGINAL
360,2,0.0,0.9090909090909091,0.8856912324255661,,5,ORIGINAL
360,3,0.0,0.9375,0.9004262956197402,,10,ORIGINAL
360,4,0.0,0.8386278693775346,0.956703126436246,,4,ORIGINAL
360,5,0.0,0.9428090415820635,0.956703126436246,,6,ORIGINAL
360,6,0.0,0.649519052838329,0.9311485132528816,,7,ORIGINAL
360,7,0.0,0.8333333333333335,0.956703126436246,,3,ORIGINAL
360,8,0.0,,0.956703126436246,,2,ORIGINAL
360,9,0.0,0.9707253433941511,0.956703126436246,,4,ORIGINAL
361,0,0.0,0.0,0.9487238649631617,,8,ORIGINAL
361,1,0.0,0.6092717958449424,0.9487238649631617,,12,ORIGINAL
361,2,0.0,0.6936879756192958,0.8891044054038652,,13,ORIGINAL
361,3,0.0,0.4953090647358552,0.9153603065689945,,42,ORIGINAL
361,4,0.0,0.4123930494211613,0.9487238649631617,,9,ORIGINAL
361,5,0.0,0.7378647873726218,0.9487238649631617,,11,ORIGINAL
361,6,0.0,0.5009794328681195,0.9216289021670787,,14,ORIGINAL
361,7,0.0,0.9583727150068314,0.9487238649631617,,8,ORIGINAL
361,8,0.0,0.6396021490668313,0.9487238649631617,,10,ORIGINAL
361,9,0.0,0.7385489458759965,0.9487238649631617,,10,ORIGINAL
362,0,0.0,0.9999999999999998,0.9646784588864321,,5,ORIGINAL
362,1,0.0,0.9999999999999998,0.9646784588864321,,8,ORIGINAL
362,2,0.0,0.9467292624062573,0.9658346056261651,,9,ORIGINAL
362,3,0.0,0.9513029883089883,0.9413488733162432,,17,ORIGINAL
362,4,0.0,0.9538209664765318,0.9646784588864321,,7,ORIGINAL
362,5,0.0,1.0000000000000002,0.9646784588864321,,13,ORIGINAL
362,6,0.0,0.50709255283711,0.9999999999999941,,10,ORIGINAL
362,7,0.0,0.9438798074485389,0.9646784588864321,,5,ORIGINAL
362,8,0.0,0.9525793444156805,0.9646784588864321,,9,ORIGINAL
362,9,0.0,0.9438798074485388,0.9646784588864321,,10,ORIGINAL
363,0,0.0,,0.9824636481796526,,0,ORIGINAL
363,1,0.0,1.0,0.9824636481796526,,4,ORIGINAL
363,2,0.0,0.8017837257372731,0.9373812375584477,,4,ORIGINAL
363,3,0.0,0.821583836257749,0.9051753866614726,,9,ORIGINAL
363,4,0.0,0.9128709291752769,0.9824636481796526,,4,ORIGINAL
363,5,0.0,0.9999999999999998,0.9824636481796526,,5,ORIGINAL
363,6,0.0,0.2182178902359924,0.9655410100448671,,5,ORIGINAL
363,7,0.0,,0.9824636481796526,,1,ORIGINAL
363,8,0.0,,0.9824636481796526,,1,ORIGINAL
363,9,0.0,1.0000000000000002,0.9824636481796526,,3,ORIGINAL
364,0,0.0,,0.9567031284378285,,0,ORIGINAL
364,1,0.0,,0.9567031284378285,,0,ORIGINAL
364,2,0.0,,0.8856912346116564,,1,ORIGINAL
364,3,0.0,1.0000000000000002,0.9004262964154992,,3,ORIGINAL
364,4,0.0,,0.9567031284378285,,0,ORIGINAL
364,5,0.0,0.9999999999999999,0.9567031284378285,,4,ORIGINAL
364,6,0.0,,0.9311485153454642,,2,ORIGINAL
364,7,0.0,0.944911182523068,0.9567031284378285,,4,ORIGINAL
364,8,0.0,0.9467292624062573,0.9567031284378285,,6,ORIGINAL
364,9,0.0,,0.9567031284378285,,1,ORIGINAL
365,0,0.0,,0.9246351728232438,,1,ORIGINAL
365,1,0.0,0.6666666666666667,0.9246351728232438,,6,ORIGINAL
365,2,0.0,0.2666666666666666,0.9390073854089582,,9,ORIGINAL
365,3,0.0,0.3795360576382948,0.9530605252878185,,20,ORIGINAL
365,4,0.0,,0.9246351728232438,,2,ORIGINAL
365,5,0.0,0.6804138174397718,0.9246351728232438,,6,ORIGINAL
365,6,0.0,0.16903085094570328,0.9144329239460168,,5,ORIGINAL
365,7,0.0,,0.9246351728232438,,1,ORIGINAL
365,8,0.0,,0.9246351728232438,,2,ORIGINAL
365,9,0.0,0.6614378277661476,0.9246351728232438,,5,ORIGINAL
366,0,0.0,,0.9824636475033198,,2,ORIGINAL
366,1,0.0,0.8451542547285165,0.9824636475033198,,4,ORIGINAL
366,2,0.0,0.7627700713964739,0.9373812322884155,,8,ORIGINAL
366,3,0.0,0.6825236327899352,0.9051753816233743,,15,ORIGINAL
366,4,0.0,0.40824829046386296,0.9824636475033198,,6,ORIGINAL
366,5,0.0,0.6923076923076924,0.9824636475033198,,14,ORIGINAL
366,6,0.0,0.5188745216627709,0.9655410055095568,,12,ORIGINAL
366,7,0.0,0.8574929257125441,0.9824636475033198,,8,ORIGINAL
366,8,0.0,0.6255432421712244,0.9824636475033198,,8,ORIGINAL
366,9,0.0,0.3779644730092272,0.9824636475033198,,6,ORIGINAL
367,0,0.0,,0.9646784549013525,,0,ORIGINAL
367,1,0.0,-0.2357022603955158,0.9646784549013525,,9,ORIGINAL
367,2,0.0,0.2357022603955158,0.9658346049865095,,6,ORIGINAL
367,3,0.0,-0.07216878364870323,0.941348873187476,,18,ORIGINAL
367,4,0.0,0.0,0.9646784549013525,,10,ORIGINAL
367,5,0.0,0.0,0.9646784549013525,,15,ORIGINAL
367,6,0.0,-0.18333969940564224,0.9999999999999946,,14,ORIGINAL
367,7,0.0,0.1889822365046136,0.9646784549013525,,8,ORIGINAL
367,8,0.0,-0.14744195615489714,0.9646784549013525,,8,ORIGINAL
367,9,0.0,0.7745966692414834,0.9646784549013525,,5,ORIGINAL
368,0,0.0,,,,1,ORIGINAL
368,1,0.0,0.9438798074485389,,,8,ORIGINAL
368,2,0.0,0.9411764705882353,,,8,ORIGINAL
368,3,0.0,0.9355285539274978,,,18,ORIGINAL
368,4,0.0,0.8775269089525567,,,5,ORIGINAL
368,5,0.0,0.9486832980505138,,,8,ORIGINAL
368,6,0.0,0.43528575006600695,,,7,ORIGINAL
368,7,0.0,0.9647638212377322,,,4,ORIGINAL
368,8,0.0,0.8666666666666666,,,6,ORIGINAL
368,9,0.0,0.9669875568304563,,,5,ORIGINAL
369,0,0.0,,0.9671953187865059,,0,ORIGINAL
369,1,0.0,,0.9671953187865059,,0,ORIGINAL
369,2,0.0,,0.9452282258217886,,0,ORIGINAL
369,3,0.0,,0.9659325908777749,,0,ORIGINAL
369,4,0.0,,0.9671953187865059,,0,ORIGINAL
369,5,0.0,,0.9671953187865059,,0,ORIGINAL
369,6,0.0,,0.9370839363307184,,1,ORIGINAL
369,7,0.0,,0.9671953187865059,,0,ORIGINAL
369,8,0.0,,0.9671953187865059,,0,ORIGINAL
369,9,0.0,,0.9671953187865059,,0,ORIGINAL
370,0,0.0,,0.958993073587774,,0,ORIGINAL
370,1,0.0,0.9428090415820635,0.958993073587774,,3,ORIGINAL
370,2,0.0,0.944911182523068,0.9359693037339532,,4,ORIGINAL
370,3,0.0,0.9013878188659974,0.9543194256954457,,7,ORIGINAL
370,4,0.0,,0.958993073587774,,2,ORIGINAL
370,5,0.0,0.944911182523068,0.958993073587774,,4,ORIGINAL
370,6,0.0,0.5698028822981898,0.9542943631851091,,5,ORIGINAL
370,7,0.0,,0.958993073587774,,1,ORIGINAL
370,8,0.0,,0.958993073587774,,1,ORIGINAL
370,9,0.0,,0.958993073587774,,2,ORIGINAL
371,0,0.0,,0.9317824697544982,,1,ORIGINAL
371,1,0.0,1.0000000000000002,0.9317824697544982,,3,ORIGINAL
371,2,0.0,0.9486832980505138,0.948172308948168,,5,ORIGINAL
371,3,0.0,0.9434563530497265,0.9184882850144845,,7,ORIGINAL
371,4,0.0,0.9486832980505138,0.9317824697544982,,4,ORIGINAL
371,5,0.0,1.0000000000000002,0.9317824697544982,,6,ORIGINAL
371,6,0.0,0.8660254037844387,0.9277148497305662,,6,ORIGINAL
371,7,0.0,,0.9317824697544982,,2,ORIGINAL
371,8,0.0,0.9486832980505138,0.9317824697544982,,4,ORIGINAL
371,9,0.0,0.9707253433941511,0.9317824697544982,,4,ORIGINAL
372,0,0.0,0.9074852129730302,0.9876676963764429,,8,ORIGINAL
372,1,0.0,0.8980265101338746,0.9876676963764429,,13,ORIGINAL
372,2,0.0,0.9152086306448589,0.9350706547427207,,12,ORIGINAL
372,3,0.0,0.8876253645985944,0.9165836970349228,,30,ORIGINAL
372,4,0.0,0.9499999999999998,0.9876676963764429,,16,ORIGINAL
372,5,0.0,0.9539590550898286,0.9876676963764429,,18,ORIGINAL
372,6,0.0,0.6527912098338668,0.9690158156746808,,12,ORIGINAL
372,7,0.0,0.9486832980505138,0.9876676963764429,,6,ORIGINAL
372,8,0.0,0.8642416214502248,0.9876676963764429,,9,ORIGINAL
372,9,0.0,0.968962790249909,0.9876676963764429,,9,ORIGINAL
373,0,0.0,,0.9478675139284609,,0,ORIGINAL
373,1,0.0,1.0,0.9478675139284609,,4,ORIGINAL
373,2,0.0,,0.9777320875701658,,2,ORIGINAL
373,3,0.0,0.9045340337332909,0.9999999999999997,,5,ORIGINAL
373,4,0.0,0.9428090415820632,0.9478675139284609,,3,ORIGINAL
373,5,0.0,1.0000000000000002,0.9478675139284609,,3,ORIGINAL
373,6,0.0,0.7745966692414834,0.9413488723669898,,3,ORIGINAL
373,7,0.0,,0.9478675139284609,,1,ORIGINAL
373,8,0.0,,0.9478675139284609,,1,ORIGINAL
373,9,0.0,1.0000000000000002,0.9478675139284609,,3,ORIGINAL
374,0,0.0,,1.0,,0,ORIGINAL
374,1,0.0,1.0,1.0,,4,ORIGINAL
374,2,0.0,,0.9633150259944552,,2,ORIGINAL
374,3,0.0,0.9428090415820635,0.9478675140998328,,6,ORIGINAL
374,4,0.0,0.9622504486493763,1.0,,3,ORIGINAL
374,5,0.0,0.9647638212377322,1.0,,10,ORIGINAL
374,6,0.0,0.5773502691896258,0.9646784562203947,,6,ORIGINAL
374,7,0.0,1.0000000000000002,1.0,,3,ORIGINAL
374,8,0.0,0.9622504486493764,1.0,,6,ORIGINAL
374,9,0.0,1.0000000000000002,1.0,,3,ORIGINAL
375,0,0.0,0.8017837257372731,0.982463648281261,,4,ORIGINAL
375,1,0.0,0.9561828874675149,0.982463648281261,,8,ORIGINAL
375,2,0.0,0.960768922830523,0.9373812375085916,,10,ORIGINAL
375,3,0.0,0.8374357893586237,0.9051753880872844,,20,ORIGINAL
375,4,0.0,0.9166666666666669,0.982463648281261,,9,ORIGINAL
375,5,0.0,0.8451542547285166,0.982463648281261,,10,ORIGINAL
375,6,0.0,0.35714285714285715,0.9655410105849694,,10,ORIGINAL
375,7,0.0,0.8006407690254358,0.982463648281261,,7,ORIGINAL
375,8,0.0,0.5454545454545454,0.982463648281261,,5,ORIGINAL
375,9,0.0,0.9176629354822469,0.982463648281261,,7,ORIGINAL
376,0,0.0,,0.9235132131129709,,0,ORIGINAL
376,1,0.0,0.9999999999999998,0.9235132131129709,,5,ORIGINAL
376,2,0.0,0.944911182523068,0.8568316550474888,,4,ORIGINAL
376,3,0.0,0.8864052604279183,0.8615105422768239,,8,ORIGINAL
376,4,0.0,,0.9235132131129709,,2,ORIGINAL
376,5,0.0,1.0,0.9235132131129709,,4,ORIGINAL
376,6,0.0,0.22360679774997896,0.911212653198652,,7,ORIGINAL
376,7,0.0,,0.9235132131129709,,1,ORIGINAL
376,8,0.0,,0.9235132131129709,,1,ORIGINAL
376,9,0.0,1.0000000000000002,0.9235132131129709,,3,ORIGINAL
377,0,0.0,,0.9616716950709164,,1,ORIGINAL
377,1,0.0,0.19245008972987526,0.9616716950709164,,3,ORIGINAL
377,2,0.0,,0.9692984699031453,,2,ORIGINAL
377,3,0.0,0.07254762501100116,0.971164749500081,,7,ORIGINAL
377,4,0.0,0.07453559924999299,0.9616716950709164,,6,ORIGINAL
377,5,0.0,0.5050762722761054,0.9616716950709164,,8,ORIGINAL
377,6,0.0,0.9999999999999999,0.9700823615911623,,4,ORIGINAL
377,7,0.0,0.4193139346887673,0.9616716950709164,,4,ORIGINAL
377,8,0.0,0.29814239699997197,0.9616716950709164,,6,ORIGINAL
377,9,0.0,0.3273268353539886,0.9616716950709164,,5,ORIGINAL
378,0,0.0,,0.961120586841919,,2,ORIGINAL
378,1,0.0,0.9486832980505138,0.961120586841919,,7,ORIGINAL
378,2,0.0,0.9163419338230352,0.9521660180930676,,15,ORIGINAL
378,3,0.0,0.930175433694397,0.9352301584940231,,18,ORIGINAL
378,4,0.0,0.8916451401205646,0.961120586841919,,8,ORIGINAL
378,5,0.0,0.9431191251430151,0.961120586841919,,10,ORIGINAL
378,6,0.0,0.5659164584181103,0.9665349418267045,,8,ORIGINAL
378,7,0.0,0.9561828874675149,0.961120586841919,,4,ORIGINAL
378,8,0.0,0.8366600265340756,0.961120586841919,,8,ORIGINAL
378,9,0.0,0.9525793444156805,0.961120586841919,,6,ORIGINAL
379,0,0.0,1.0000000000000002,0.961120586841919,,3,ORIGINAL
379,1,0.0,0.8614110432930648,0.961120586841919,,12,ORIGINAL
379,2,0.0,0.7715167498104597,0.9521660180930676,,12,ORIGINAL
379,3,0.0,0.8787878787878788,0.9352301584940231,,21,ORIGINAL
379,4,0.0,0.9095085938862486,0.961120586841919,,8,ORIGINAL
379,5,0.0,0.9594032236002469,0.961120586841919,,9,ORIGINAL
379,6,0.0,0.3592106040535498,0.9665349418267045,,17,ORIGINAL
379,7,0.0,0.8764598212022147,0.961120586841919,,8,ORIGINAL
379,8,0.0,0.9561828874675149,0.961120586841919,,5,ORIGINAL
379,9,0.0,0.8553372034476998,0.961120586841919,,8,ORIGINAL
380,0,0.0,,0.9305341920889911,,0,ORIGINAL
380,1,0.0,,0.9305341920889911,,0,ORIGINAL
380,2,0.0,1.0000000000000002,0.9587064864960666,,3,ORIGINAL
380,3,0.0,1.0000000000000002,0.9299513450236446,,6,ORIGINAL
380,4,0.0,0.9486832980505138,0.9305341920889911,,4,ORIGINAL
380,5,0.0,1.0000000000000002,0.9305341920889911,,6,ORIGINAL
380,6,0.0,0.4472135954999579,0.8987033411193259,,5,ORIGINAL
380,7,0.0,0.944911182523068,0.9305341920889911,,4,ORIGINAL
380,8,0.0,0.9622504486493764,0.9305341920889911,,6,ORIGINAL
380,9,0.0,,0.9305341920889911,,0,ORIGINAL
381,0,0.0,-0.7302967433402214,0.9528205427326275,,7,ORIGINAL
381,1,0.0,-0.09805806756909201,0.9528205427326275,,10,ORIGINAL
381,2,0.0,-0.17149858514250882,0.9555396358746835,,8,ORIGINAL
381,3,0.0,-0.08559209850218258,0.9747204207284491,,26,ORIGINAL
381,4,0.0,0.0,0.9528205427326275,,11,ORIGINAL
381,5,0.0,0.2279211529192759,0.9528205427326275,,14,ORIGINAL
381,6,0.0,0.0,0.9738170064477849,,9,ORIGINAL
381,7,0.0,0.9428090415820632,0.9528205427326275,,3,ORIGINAL
381,8,0.0,-0.2672612419124244,0.9528205427326275,,5,ORIGINAL
381,9,0.0,0.3872983346207417,0.9528205427326275,,7,ORIGINAL
382,0,0.0,,0.9528205427326275,,1,ORIGINAL
382,1,0.0,0.47809144373375745,0.9528205427326275,,11,ORIGINAL
382,2,0.0,-0.09325048082403138,0.9555396358746835,,11,ORIGINAL
382,3,0.0,0.0,0.9747204207284491,,25,ORIGINAL
382,4,0.0,0.2222222222222222,0.9528205427326275,,9,ORIGINAL
382,5,0.0,0.3273268353539886,0.9528205427326275,,13,ORIGINAL
382,6,0.0,0.2182178902359924,0.9738170064477849,,11,ORIGINAL
382,7,0.0,0.3481553119113957,0.9528205427326275,,5,ORIGINAL
382,8,0.0,0.5144957554275265,0.9528205427326275,,5,ORIGINAL
382,9,0.0,1.0000000000000002,0.9528205427326275,,3,ORIGINAL
383,0,0.0,,0.9528205427326275,,0,ORIGINAL
383,1,0.0,,0.9528205427326275,,2,ORIGINAL
383,2,0.0,0.9428090415820635,0.9555396358746835,,3,ORIGINAL
383,3,0.0,0.9486832980505138,0.9747204207284491,,6,ORIGINAL
383,4,0.0,0.9486832980505138,0.9528205427326275,,4,ORIGINAL
383,5,0.0,0.9999999999999998,0.9528205427326275,,5,ORIGINAL
383,6,0.0,0.8819171036881969,0.9738170064477849,,7,ORIGINAL
383,7,0.0,,0.9528205427326275,,2,ORIGINAL
383,8,0.0,0.9622504486493763,0.9528205427326275,,3,ORIGINAL
383,9,0.0,0.9707253433941511,0.9528205427326275,,4,ORIGINAL
384,0,0.0,0.9428090415820635,1.0,,3,ORIGINAL
384,1,0.0,0.9438798074485388,1.0,,7,ORIGINAL
384,2,0.0,,0.9633150259944552,,2,ORIGINAL
384,3,0.0,0.9647638212377322,0.9478675140998328,,7,ORIGINAL
384,4,0.0,,1.0,,2,ORIGINAL
384,5,0.0,0.9561828874675149,1.0,,5,ORIGINAL
384,6,0.0,0.6963106238227914,0.9646784562203947,,7,ORIGINAL
384,7,0.0,0.9434563530497265,1.0,,4,ORIGINAL
384,8,0.0,,1.0,,2,ORIGINAL
384,9,0.0,0.9523809523809523,1.0,,6,ORIGINAL
385,0,0.0,,0.9501215672810559,,0,ORIGINAL
385,1,0.0,,0.9501215672810559,,1,ORIGINAL
385,2,0.0,0.944911182523068,0.9159957097383485,,4,ORIGINAL
385,3,0.0,0.9999999999999998,0.9360949860221608,,8,ORIGINAL
385,4,0.0,0.9622504486493764,0.9501215672810559,,6,ORIGINAL
385,5,0.0,1.0000000000000002,0.9501215672810559,,6,ORIGINAL
385,6,0.0,,0.9594246072819005,,2,ORIGINAL
385,7,0.0,,0.9501215672810559,,2,ORIGINAL
385,8,0.0,,0.9501215672810559,,1,ORIGINAL
385,9,0.0,,0.9501215672810559,,1,ORIGINAL
386,0,0.0,0.0,0.9265269130239643,,7,ORIGINAL
386,1,0.0,0.50709255283711,0.9265269130239643,,11,ORIGINAL
386,2,0.0,0.472455591261534,0.8674344135233522,,13,ORIGINAL
386,3,0.0,0.5486301348591981,0.8508475968279561,,44,ORIGINAL
386,4,0.0,0.5270462766947299,0.9265269130239643,,12,ORIGINAL
386,5,0.0,0.5555555555555556,0.9265269130239643,,11,ORIGINAL
386,6,0.0,0.558156305651438,0.9305804534971766,,15,ORIGINAL
386,7,0.0,0.9999999999999998,0.9265269130239643,,5,ORIGINAL
386,8,0.0,0.17677669529663687,0.9265269130239643,,7,ORIGINAL
386,9,0.0,0.7484551991837489,0.9265269130239643,,7,ORIGINAL
387,0,0.0,,0.9478675140998328,,0,ORIGINAL
387,1,0.0,,0.9478675140998328,,0,ORIGINAL
387,2,0.0,,0.9777320874553711,,0,ORIGINAL
387,3,0.0,,1.0000000000000002,,2,ORIGINAL
387,4,0.0,,0.9478675140998328,,0,ORIGINAL
387,5,0.0,,0.9478675140998328,,0,ORIGINAL
387,6,0.0,,0.9413488731479989,,0,ORIGINAL
387,7,0.0,,0.9478675140998328,,0,ORIGINAL
387,8,0.0,,0.9478675140998328,,0,ORIGINAL
387,9,0.0,,0.9478675140998328,,0,ORIGINAL
388,0,0.0,-0.7071067811865475,0.9246351728232438,,4,ORIGINAL
388,1,0.0,0.36514837167011066,0.9246351728232438,,12,ORIGINAL
388,2,0.0,0.6123724356957945,0.9390073854089582,,6,ORIGINAL
388,3,0.0,0.2988812888320308,0.9530605252878185,,20,ORIGINAL
388,4,0.0,0.468292905790847,0.9246351728232438,,7,ORIGINAL
388,5,0.0,0.15811388300841897,0.9246351728232438,,14,ORIGINAL
388,6,0.0,0.5241424183609592,0.9144329239460168,,12,ORIGINAL
388,7,0.0,0.7223151185146154,0.9246351728232438,,8,ORIGINAL
388,8,0.0,0.31249999999999994,0.9246351728232438,,11,ORIGINAL
388,9,0.0,0.29488391230979427,0.9246351728232438,,9,ORIGINAL
389,0,0.0,,0.9042739755922512,,0,ORIGINAL
389,1,0.0,,0.9042739755922512,,1,ORIGINAL
389,2,0.0,,0.9507593724578529,,2,ORIGINAL
389,3,0.0,0.944911182523068,0.9250982384792658,,4,ORIGINAL
389,4,0.0,1.0000000000000002,0.9042739755922512,,3,ORIGINAL
389,5,0.0,1.0000000000000002,0.9042739755922512,,3,ORIGINAL
389,6,0.0,0.6324555320336759,0.8814523319675303,,3,ORIGINAL
389,7,0.0,0.9486832980505138,0.9042739755922512,,4,ORIGINAL
389,8,0.0,,0.9042739755922512,,2,ORIGINAL
389,9,0.0,,0.9042739755922512,,1,ORIGINAL
390,0,0.0,-1.0000000000000002,0.961120586841919,,3,ORIGINAL
390,1,0.0,0.17677669529663687,0.961120586841919,,5,ORIGINAL
390,2,0.0,0.5976143046671968,0.9521660180930676,,4,ORIGINAL
390,3,0.0,-0.1797866299901979,0.9352301584940231,,18,ORIGINAL
390,4,0.0,-0.8164965809277261,0.961120586841919,,3,ORIGINAL
390,5,0.0,-0.5,0.961120586841919,,7,ORIGINAL
390,6,0.0,0.3651483716701107,0.9665349418267045,,5,ORIGINAL
390,7,0.0,-0.41602514716892186,0.961120586841919,,4,ORIGINAL
390,8,0.0,-0.9486832980505138,0.961120586841919,,4,ORIGINAL
390,9,0.0,0.2357022603955158,0.961120586841919,,3,ORIGINAL
391,0,0.0,,0.9246351648989052,,0,ORIGINAL
391,1,0.0,,0.9246351648989052,,2,ORIGINAL
391,2,0.0,0.9428090415820635,0.9390073831700856,,3,ORIGINAL
391,3,0.0,1.0000000000000002,0.9530605225715109,,6,ORIGINAL
391,4,0.0,,0.9246351648989052,,2,ORIGINAL
391,5,0.0,0.9999999999999998,0.9246351648989052,,8,ORIGINAL
391,6,0.0,0.5477225575051661,0.9144329202590238,,6,ORIGINAL
391,7,0.0,1.0000000000000002,0.9246351648989052,,3,ORIGINAL
391,8,0.0,0.9622504486493763,0.9246351648989052,,3,ORIGINAL
391,9,0.0,,0.9246351648989052,,2,ORIGINAL
392,0,0.0,,0.9806790819733259,,0,ORIGINAL
392,1,0.0,,0.9806790819733259,,1,ORIGINAL
392,2,0.0,,0.9341955235428436,,2,ORIGINAL
392,3,0.0,0.8944271909999159,0.9453174417246171,,6,ORIGINAL
392,4,0.0,0.9622504486493763,0.9806790819733259,,3,ORIGINAL
392,5,0.0,1.0000000000000002,0.9806790819733259,,6,ORIGINAL
392,6,0.0,0.6324555320336759,0.956195810395889,,5,ORIGINAL
392,7,0.0,,0.9806790819733259,,2,ORIGINAL
392,8,0.0,0.9622504486493763,0.9806790819733259,,3,ORIGINAL
392,9,0.0,0.9428090415820632,0.9806790819733259,,3,ORIGINAL
393,0,0.0,,0.9738458761092826,,2,ORIGINAL
393,1,0.0,0.7925939239012171,0.9738458761092826,,10,ORIGINAL
393,2,0.0,0.7592566023652966,0.9545809514871652,,8,ORIGINAL
393,3,0.0,0.5270462766947299,0.9713391325250479,,21,ORIGINAL
393,4,0.0,0.33968311024337877,0.9738458761092826,,8,ORIGINAL
393,5,0.0,0.7385489458759965,0.9738458761092826,,11,ORIGINAL
393,6,0.0,0.6201736729460423,0.9212287364878176,,11,ORIGINAL
393,7,0.0,0.6123724356957945,0.9738458761092826,,6,ORIGINAL
393,8,0.0,0.7216878364870323,0.9738458761092826,,7,ORIGINAL
393,9,0.0,0.6240377207533828,0.9738458761092826,,9,ORIGINAL
394,0,0.0,,0.9824636481796526,,0,ORIGINAL
394,1,0.0,1.0000000000000002,0.9824636481796526,,3,ORIGINAL
394,2,0.0,,0.9373812375584477,,1,ORIGINAL
394,3,0.0,,0.9051753866614726,,2,ORIGINAL
394,4,0.0,,0.9824636481796526,,2,ORIGINAL
394,5,0.0,,0.9824636481796526,,2,ORIGINAL
394,6,0.0,0.8944271909999159,0.9655410100448671,,5,ORIGINAL
394,7,0.0,1.0000000000000002,0.9824636481796526,,3,ORIGINAL
394,8,0.0,,0.9824636481796526,,1,ORIGINAL
394,9,0.0,1.0000000000000002,0.9824636481796526,,3,ORIGINAL
395,0,0.0,,0.9787128262576937,,0,ORIGINAL
395,1,0.0,1.0000000000000002,0.9787128262576937,,3,ORIGINAL
395,2,0.0,,0.9352165820534446,,2,ORIGINAL
395,3,0.0,0.9428090415820635,0.9507984093464296,,3,ORIGINAL
395,4,0.0,0.8660254037844387,0.9787128262576937,,3,ORIGINAL
395,5,0.0,1.0000000000000002,0.9787128262576937,,3,ORIGINAL
395,6,0.0,0.9486832980505138,0.9503441910853968,,5,ORIGINAL
395,7,0.0,0.944911182523068,0.9787128262576937,,4,ORIGINAL
395,8,0.0,,0.9787128262576937,,2,ORIGINAL
395,9,0.0,1.0,0.9787128262576937,,4,ORIGINAL
396,0,0.0,,0.964678458555335,,0,ORIGINAL
396,1,0.0,,0.964678458555335,,0,ORIGINAL
396,2,0.0,1.0000000000000002,0.965834604492053,,3,ORIGINAL
396,3,0.0,1.0000000000000002,0.9413488713238006,,6,ORIGINAL
396,4,0.0,0.9486832980505138,0.964678458555335,,6,ORIGINAL
396,5,0.0,1.0000000000000002,0.964678458555335,,6,ORIGINAL
396,6,0.0,0.2886751345948129,0.9999999999999974,,4,ORIGINAL
396,7,0.0,,0.964678458555335,,1,ORIGINAL
396,8,0.0,1.0,0.964678458555335,,4,ORIGINAL
396,9,0.0,,0.964678458555335,,0,ORIGINAL
397,0,0.0,,0.9472315702303523,,0,ORIGINAL
397,1,0.0,,0.9472315702303523,,0,ORIGINAL
397,2,0.0,,0.9299349183050548,,1,ORIGINAL
397,3,0.0,1.0000000000000002,0.900893001940777,,3,ORIGINAL
397,4,0.0,,0.9472315702303523,,1,ORIGINAL
397,5,0.0,,0.9472315702303523,,1,ORIGINAL
397,6,0.0,,0.9765532417861429,,1,ORIGINAL
397,7,0.0,,0.9472315702303523,,0,ORIGINAL
397,8,0.0,,0.9472315702303523,,0,ORIGINAL
397,9,0.0,,0.9472315702303523,,0,ORIGINAL
398,0,0.0,,0.9901813487797706,,1,ORIGINAL
398,1,0.0,,0.9901813487797706,,1,ORIGINAL
398,2,0.0,0.9438798074485389,0.975730853836764,,5,ORIGINAL
398,3,0.0,0.9428090415820635,0.9689598391870078,,6,ORIGINAL
398,4,0.0,,0.9901813487797706,,0,ORIGINAL
398,5,0.0,1.0,0.9901813487797706,,4,ORIGINAL
398,6,0.0,,0.9768098559105068,,2,ORIGINAL
398,7,0.0,,0.9901813487797706,,1,ORIGINAL
398,8,0.0,1.0000000000000002,0.9901813487797706,,3,ORIGINAL
398,9,0.0,,0.9901813487797706,,2,ORIGINAL
399,0,0.0,,1.0,,1,ORIGINAL
399,1,0.0,0.7171371656006361,1.0,,7,ORIGINAL
399,2,0.0,0.8164965809277259,0.9633150259944552,,3,ORIGINAL
399,3,0.0,0.5533715710928597,0.9478675140998328,,12,ORIGINAL
399,4,0.0,0.9428090415820632,1.0,,3,ORIGINAL
399,5,0.0,0.6471502289294341,1.0,,9,ORIGINAL
399,6,0.0,0.7016464154456235,0.9646784562203947,,6,ORIGINAL
399,7,0.0,,1.0,,2,ORIGINAL
399,8,0.0,0.7035264706814485,1.0,,5,ORIGINAL
399,9,0.0,0.9428090415820632,1.0,,4,ORIGINAL
400,0,0.0,1.0000000000000002,0.9787128264812415,,3,ORIGINAL
400,1,0.0,0.9464574146347642,0.9787128264812415,,10,ORIGINAL
400,2,0.0,0.9431191251430151,0.9352165792678638,,10,ORIGINAL
400,3,0.0,0.9269962426559802,0.9507984052097082,,20,ORIGINAL
400,4,0.0,0.9486832980505138,0.9787128264812415,,9,ORIGINAL
400,5,0.0,0.9770084209183943,0.9787128264812415,,12,ORIGINAL
400,6,0.0,0.6680990011245667,0.9503441922113821,,16,ORIGINAL
400,7,0.0,0.8933250005738373,0.9787128264812415,,8,ORIGINAL
400,8,0.0,0.9416472308615167,0.9787128264812415,,11,ORIGINAL
400,9,0.0,0.9468641529479987,0.9787128264812415,,8,ORIGINAL
401,0,0.0,0.6236095644623235,0.9865432291009868,,12,ORIGINAL
401,1,0.0,0.8432740427115678,0.9865432291009868,,21,ORIGINAL
401,2,0.0,0.6978631577988531,0.946452462077083,,21,ORIGINAL
401,3,0.0,0.5750080677718349,0.9288382417506102,,62,ORIGINAL
401,4,0.0,0.7825855808712296,0.9865432291009868,,17,ORIGINAL
401,5,0.0,0.7735267838285932,0.9865432291009868,,23,ORIGINAL
401,6,0.0,0.5406205059012896,0.9560412601772939,,21,ORIGINAL
401,7,0.0,0.8101914936669333,0.9865432291009868,,11,ORIGINAL
401,8,0.0,0.8031157077540443,0.9865432291009868,,18,ORIGINAL
401,9,0.0,0.6822882392210131,0.9865432291009868,,11,ORIGINAL
402,0,0.0,,0.9528772578999964,,2,ORIGINAL
402,1,0.0,0.8819171036881969,0.9528772578999964,,9,ORIGINAL
402,2,0.0,0.9240616554505462,0.8862136982368001,,16,ORIGINAL
402,3,0.0,0.9145491423778285,0.8652361823140664,,28,ORIGINAL
402,4,0.0,0.9583727150068314,0.9528772578999964,,11,ORIGINAL
402,5,0.0,0.9452941770058044,0.9528772578999964,,16,ORIGINAL
402,6,0.0,0.48566186425718266,0.950676317163076,,15,ORIGINAL
402,7,0.0,0.9037378388935389,0.9528772578999964,,11,ORIGINAL
402,8,0.0,0.8905635565617214,0.9528772578999964,,11,ORIGINAL
402,9,0.0,0.9245003270420487,0.9528772578999964,,9,ORIGINAL
403,0,0.0,,1.0,,0,ORIGINAL
403,1,0.0,,1.0,,1,ORIGINAL
403,2,0.0,,0.9633150259944552,,1,ORIGINAL
403,3,0.0,0.9561828874675149,0.9478675140998328,,4,ORIGINAL
403,4,0.0,,1.0,,1,ORIGINAL
403,5,0.0,,1.0,,2,ORIGINAL
403,6,0.0,,0.9646784562203947,,1,ORIGINAL
403,7,0.0,,1.0,,0,ORIGINAL
403,8,0.0,,1.0,,0,ORIGINAL
403,9,0.0,,1.0,,0,ORIGINAL
404,0,0.0,,0.9738004446010414,,2,ORIGINAL
404,1,0.0,,0.9738004446010414,,1,ORIGINAL
404,2,0.0,,0.9197887996365689,,2,ORIGINAL
404,3,0.0,-0.31622776601683794,0.9244952761793918,,3,ORIGINAL
404,4,0.0,,0.9738004446010414,,1,ORIGINAL
404,5,0.0,,0.9738004446010414,,1,ORIGINAL
404,6,0.0,,0.9476127945857207,,0,ORIGINAL
404,7,0.0,,0.9738004446010414,,0,ORIGINAL
404,8,0.0,,0.9738004446010414,,0,ORIGINAL
404,9,0.0,,0.9738004446010414,,0,ORIGINAL
405,0,0.0,,1.0,,2,ORIGINAL
405,1,0.0,,1.0,,1,ORIGINAL
405,2,0.0,0.9622504486493763,0.9633150259944552,,3,ORIGINAL
405,3,0.0,0.9761870601839528,0.9478675140998328,,5,ORIGINAL
405,4,0.0,1.0000000000000002,1.0,,3,ORIGINAL
405,5,0.0,1.0000000000000002,1.0,,3,ORIGINAL
405,6,0.0,0.8164965809277259,0.9646784562203947,,3,ORIGINAL
405,7,0.0,,1.0,,2,ORIGINAL
405,8,0.0,,1.0,,1,ORIGINAL
405,9,0.0,0.9622504486493763,1.0,,3,ORIGINAL
406,0,0.0,0.0,0.9688240483155426,,9,ORIGINAL
406,1,0.0,0.27668578554642986,0.9688240483155426,,18,ORIGINAL
406,2,0.0,0.6333004963811236,0.9416600208857853,,24,ORIGINAL
406,3,0.0,0.41012619718235793,0.964027321990704,,60,ORIGINAL
406,4,0.0,0.5669467095138409,0.9688240483155426,,15,ORIGINAL
406,5,0.0,0.5863019699779287,0.9688240483155426,,21,ORIGINAL
406,6,0.0,0.3418817293789138,0.9506001649159471,,19,ORIGINAL
406,7,0.0,0.9395523512235255,0.9688240483155426,,11,ORIGINAL
406,8,0.0,0.778498944161523,0.9688240483155426,,17,ORIGINAL
406,9,0.0,0.4558423058385518,0.9688240483155426,,11,ORIGINAL
407,0,0.0,0.944911182523068,0.955747812206928,,4,ORIGINAL
407,1,0.0,0.9230769230769232,0.955747812206928,,10,ORIGINAL
407,2,0.0,0.6929023281557339,0.8993093867210961,,13,ORIGINAL
407,3,0.0,0.8533103351879245,0.8997410516594709,,26,ORIGINAL
407,4,0.0,0.8919017444789034,0.955747812206928,,14,ORIGINAL
407,5,0.0,0.9707253433941511,0.955747812206928,,13,ORIGINAL
407,6,0.0,0.7647058823529411,0.9319636252501803,,14,ORIGINAL
407,7,0.0,0.9434563530497265,0.955747812206928,,7,ORIGINAL
407,8,0.0,0.9525793444156805,0.955747812206928,,9,ORIGINAL
407,9,0.0,0.8959786703810408,0.955747812206928,,9,ORIGINAL
408,0,0.0,,0.964678458555335,,1,ORIGINAL
408,1,0.0,0.5393598899705937,0.964678458555335,,8,ORIGINAL
408,2,0.0,0.2581988897471611,0.965834604492053,,11,ORIGINAL
408,3,0.0,0.22291128503014113,0.9413488713238006,,25,ORIGINAL
408,4,0.0,-0.3273268353539886,0.964678458555335,,9,ORIGINAL
408,5,0.0,0.1386750490563073,0.964678458555335,,10,ORIGINAL
408,6,0.0,0.25724787771376323,0.9999999999999974,,15,ORIGINAL
408,7,0.0,0.7216878364870323,0.964678458555335,,6,ORIGINAL
408,8,0.0,-0.08703882797784893,0.964678458555335,,7,ORIGINAL
408,9,0.0,0.8660254037844387,0.964678458555335,,4,ORIGINAL
409,0,0.0,,0.9556038152687779,,0,ORIGINAL
409,1,0.0,,0.9556038152687779,,0,ORIGINAL
409,2,0.0,,0.9298541299027492,,0,ORIGINAL
409,3,0.0,,0.9358749713017445,,2,ORIGINAL
409,4,0.0,,0.9556038152687779,,0,ORIGINAL
409,5,0.0,,0.9556038152687779,,2,ORIGINAL
409,6,0.0,,0.9069914375614023,,1,ORIGINAL
409,7,0.0,,0.9556038152687779,,2,ORIGINAL
409,8,0.0,0.9428090415820635,0.9556038152687779,,3,ORIGINAL
409,9,0.0,,0.9556038152687779,,1,ORIGINAL
410,0,0.0,,0.9528205427326275,,1,ORIGINAL
410,1,0.0,0.5330017908890261,0.9528205427326275,,8,ORIGINAL
410,2,0.0,0.9647638212377322,0.9555396358746835,,10,ORIGINAL
410,3,0.0,0.8914849883204187,0.9747204207284491,,24,ORIGINAL
410,4,0.0,0.7144345083117604,0.9528205427326275,,7,ORIGINAL
410,5,0.0,0.9534625892455924,0.9528205427326275,,12,ORIGINAL
410,6,0.0,0.48304589153964794,0.9738170064477849,,14,ORIGINAL
410,7,0.0,0.8451542547285165,0.9528205427326275,,8,ORIGINAL
410,8,0.0,0.9583727150068314,0.9528205427326275,,8,ORIGINAL
410,9,0.0,0.4303314829119352,0.9528205427326275,,7,ORIGINAL
411,0,0.0,,0.9623825726019074,,1,ORIGINAL
411,1,0.0,0.9467292624062573,0.9623825726019074,,9,ORIGINAL
411,2,0.0,0.9258200997725514,0.9039457242238322,,4,ORIGINAL
411,3,0.0,0.8486684247915056,0.9255037799035835,,11,ORIGINAL
411,4,0.0,0.9707253433941511,0.9623825726019074,,4,ORIGINAL
411,5,0.0,0.9486832980505138,0.9623825726019074,,5,ORIGINAL
411,6,0.0,0.6674238124719146,0.9443964430495274,,10,ORIGINAL
411,7,0.0,0.7844645405527361,0.9623825726019074,,7,ORIGINAL
411,8,0.0,0.8703882797784892,0.9623825726019074,,5,ORIGINAL
411,9,0.0,0.8819171036881969,0.9623825726019074,,6,ORIGINAL
412,0,0.0,,0.9770930333460692,,0,ORIGINAL
412,1,0.0,,0.9770930333460692,,2,ORIGINAL
412,2,0.0,,0.9426950542058579,,2,ORIGINAL
412,3,0.0,,0.9697879072350232,,2,ORIGINAL
412,4,0.0,,0.9770930333460692,,1,ORIGINAL
412,5,0.0,,0.9770930333460692,,2,ORIGINAL
412,6,0.0,0.47140452079103173,0.9343338179348393,,3,ORIGINAL
412,7,0.0,0.8017837257372732,0.9770930333460692,,5,ORIGINAL
412,8,0.0,,0.9770930333460692,,1,ORIGINAL
412,9,0.0,,0.9770930333460692,,2,ORIGINAL
413,0,0.0,,0.980807427371381,,1,ORIGINAL
413,1,0.0,0.9583727150068314,0.980807427371381,,8,ORIGINAL
413,2,0.0,0.9434563530497265,0.9704064437988398,,4,ORIGINAL
413,3,0.0,0.8386278693775346,0.9434388033244059,,13,ORIGINAL
413,4,0.0,0.9506541513652698,0.980807427371381,,5,ORIGINAL
413,5,0.0,0.8783100656536798,0.980807427371381,,7,ORIGINAL
413,6,0.0,0.5934424260562083,0.9385487582713399,,9,ORIGINAL
413,7,0.0,0.96087130110593,0.980807427371381,,8,ORIGINAL
413,8,0.0,0.9285714285714286,0.980807427371381,,5,ORIGINAL
413,9,0.0,0.9438798074485389,0.980807427371381,,5,ORIGINAL
414,0,0.0,,0.9528772578999964,,2,ORIGINAL
414,1,0.0,0.8164965809277259,0.9528772578999964,,3,ORIGINAL
414,2,0.0,0.5345224838248487,0.8862136982368001,,4,ORIGINAL
414,3,0.0,0.7745966692414834,0.8652361823140664,,7,ORIGINAL
414,4,0.0,,0.9528772578999964,,1,ORIGINAL
414,5,0.0,,0.9528772578999964,,2,ORIGINAL
414,6,0.0,,0.950676317163076,,2,ORIGINAL
414,7,0.0,,0.9528772578999964,,1,ORIGINAL
414,8,0.0,,0.9528772578999964,,1,ORIGINAL
414,9,0.0,0.7844645405527361,0.9528772578999964,,4,ORIGINAL
415,0,0.0,,0.9409512556659316,,2,ORIGINAL
415,1,0.0,0.8728715609439696,0.9409512556659316,,9,ORIGINAL
415,2,0.0,0.7647748927656913,0.8805955348311173,,17,ORIGINAL
415,3,0.0,0.8971651128347827,0.8425549511708728,,30,ORIGINAL
415,4,0.0,0.7633225336137934,0.9409512556659316,,13,ORIGINAL
415,5,0.0,0.9486832980505138,0.9409512556659316,,11,ORIGINAL
415,6,0.0,0.7877263614433762,0.9260773592122862,,13,ORIGINAL
415,7,0.0,0.8775269089525567,0.9409512556659316,,8,ORIGINAL
415,8,0.0,0.9434563530497265,0.9409512556659316,,10,ORIGINAL
415,9,0.0,0.7095748751868991,0.9409512556659316,,9,ORIGINAL
416,0,0.0,,0.969971356750688,,2,ORIGINAL
416,1,0.0,0.9354143466934853,0.969971356750688,,12,ORIGINAL
416,2,0.0,0.9486832980505138,0.9059825054241087,,12,ORIGINAL
416,3,0.0,0.9467292624062575,0.8860247084563049,,21,ORIGINAL
416,4,0.0,0.9432422182837986,0.969971356750688,,8,ORIGINAL
416,5,0.0,0.9799578870122228,0.969971356750688,,12,ORIGINAL
416,6,0.0,0.7205766921228922,0.9660512358711693,,12,ORIGINAL
416,7,0.0,0.9583727150068314,0.969971356750688,,8,ORIGINAL
416,8,0.0,0.917662935482247,0.969971356750688,,7,ORIGINAL
416,9,0.0,0.9045340337332908,0.969971356750688,,8,ORIGINAL
417,0,0.0,,0.9824636490580189,,0,ORIGINAL
417,1,0.0,0.5999999999999999,0.9824636490580189,,5,ORIGINAL
417,2,0.0,,0.9373812335845043,,2,ORIGINAL
417,3,0.0,0.19245008972987526,0.9051753818464223,,3,ORIGINAL
417,4,0.0,0.9622504486493763,0.9824636490580189,,3,ORIGINAL
417,5,0.0,0.8660254037844387,0.9824636490580189,,4,ORIGINAL
417,6,0.0,0.16903085094570328,0.965541007201596,,5,ORIGINAL
417,7,0.0,0.0,0.9824636490580189,,3,ORIGINAL
417,8,0.0,,0.9824636490580189,,1,ORIGINAL
417,9,0.0,0.2672612419124244,0.9824636490580189,,6,ORIGINAL
418,0,0.0,0.9128709291752769,0.9265269099393134,,3,ORIGINAL
418,1,0.0,0.9438798074485389,0.9265269099393134,,5,ORIGINAL
418,2,0.0,0.9486832980505138,0.8674344123467884,,9,ORIGINAL
418,3,0.0,0.9469425238482128,0.8508475957755641,,14,ORIGINAL
418,4,0.0,0.9622504486493764,0.9265269099393134,,6,ORIGINAL
418,5,0.0,0.9072647087265548,0.9265269099393134,,7,ORIGINAL
418,6,0.0,0.4216370213557839,0.9305804545684973,,6,ORIGINAL
418,7,0.0,0.8999999999999998,0.9265269099393134,,4,ORIGINAL
418,8,0.0,0.9486832980505138,0.9265269099393134,,4,ORIGINAL
418,9,0.0,0.9534625892455924,0.9265269099393134,,5,ORIGINAL
419,0,0.0,,0.9633957940752508,,1,ORIGINAL
419,1,0.0,0.9428090415820635,0.9633957940752508,,6,ORIGINAL
419,2,0.0,0.9594032236002469,0.9876345366156053,,8,ORIGINAL
419,3,0.0,0.9782319760890368,0.9660433100323395,,16,ORIGINAL
419,4,0.0,0.9429541672723838,0.9633957940752508,,8,ORIGINAL
419,5,0.0,0.9525793444156805,0.9633957940752508,,12,ORIGINAL
419,6,0.0,0.6537204504606136,0.9664183213005141,,9,ORIGINAL
419,7,0.0,0.8869685939836239,0.9633957940752508,,10,ORIGINAL
419,8,0.0,0.8696263565463043,0.9633957940752508,,7,ORIGINAL
419,9,0.0,0.9393364366277241,0.9633957940752508,,6,ORIGINAL
420,0,0.0,-0.8164965809277259,1.0,,3,ORIGINAL
420,1,0.0,0.0,1.0,,4,ORIGINAL
420,2,0.0,-0.4601789933084222,0.9633150259944552,,7,ORIGINAL
420,3,0.0,-0.39629696195060854,0.9478675140998328,,10,ORIGINAL
420,4,0.0,-0.5716619504750294,1.0,,6,ORIGINAL
420,5,0.0,-0.5913123959890826,1.0,,9,ORIGINAL
420,6,0.0,0.0,0.9646784562203947,,3,ORIGINAL
420,7,0.0,-0.4444444444444444,1.0,,3,ORIGINAL
420,8,0.0,-0.8451542547285166,1.0,,6,ORIGINAL
420,9,0.0,0.1690308509457033,1.0,,6,ORIGINAL
421,0,0.0,,0.9681150545447644,,2,ORIGINAL
421,1,0.0,0.8660254037844387,0.9681150545447644,,3,ORIGINAL
421,2,0.0,0.8333333333333334,0.9538641587038572,,6,ORIGINAL
421,3,0.0,0.9045340337332909,0.9731287387365747,,13,ORIGINAL
421,4,0.0,0.9999999999999998,0.9681150545447644,,5,ORIGINAL
421,5,0.0,0.9999999999999998,0.9681150545447644,,10,ORIGINAL
421,6,0.0,0.26726124191242434,0.9156195832727162,,9,ORIGINAL
421,7,0.0,0.8911327886790069,0.9681150545447644,,8,ORIGINAL
421,8,0.0,0.9707253433941511,0.9681150545447644,,8,ORIGINAL
421,9,0.0,0.22360679774997896,0.9681150545447644,,5,ORIGINAL
422,0,0.0,,0.9594009341145097,,0,ORIGINAL
422,1,0.0,0.9438798074485389,0.9594009341145097,,5,ORIGINAL
422,2,0.0,0.9428090415820635,0.9838151399477282,,3,ORIGINAL
422,3,0.0,0.9622504486493763,0.9455680649159587,,6,ORIGINAL
422,4,0.0,,0.9594009341145097,,2,ORIGINAL
422,5,0.0,0.944911182523068,0.9594009341145097,,4,ORIGINAL
422,6,0.0,0.8111071056538125,0.9765368572559424,,7,ORIGINAL
422,7,0.0,0.8366600265340756,0.9594009341145097,,4,ORIGINAL
422,8,0.0,,0.9594009341145097,,2,ORIGINAL
422,9,0.0,0.9707253433941511,0.9594009341145097,,4,ORIGINAL
423,0,0.0,,0.9689386220713082,,0,ORIGINAL
423,1,0.0,,0.9689386220713082,,2,ORIGINAL
423,2,0.0,0.16666666666666669,0.8899296798801214,,3,ORIGINAL
423,3,0.0,0.0,0.883450211979888,,3,ORIGINAL
423,4,0.0,,0.9689386220713082,,1,ORIGINAL
423,5,0.0,,0.9689386220713082,,2,ORIGINAL
423,6,0.0,,0.9317538145975044,,1,ORIGINAL
423,7,0.0,,0.9689386220713082,,2,ORIGINAL
423,8,0.0,,0.9689386220713082,,1,ORIGINAL
423,9,0.0,,0.9689386220713082,,2,ORIGINAL
424,0,0.0,0.9428090415820635,0.9528772601001511,,3,ORIGINAL
424,1,0.0,0.9622504486493763,0.9528772601001511,,9,ORIGINAL
424,2,0.0,0.9438798074485389,0.8862137043938959,,11,ORIGINAL
424,3,0.0,0.9496714704969829,0.8652361902367374,,21,ORIGINAL
424,4,0.0,0.9525793444156805,0.9528772601001511,,9,ORIGINAL
424,5,0.0,1.0000000000000002,0.9528772601001511,,12,ORIGINAL
424,6,0.0,0.5715476066494082,0.9506763218842788,,10,ORIGINAL
424,7,0.0,0.944911182523068,0.9528772601001511,,7,ORIGINAL
424,8,0.0,0.9525793444156805,0.9528772601001511,,9,ORIGINAL
424,9,0.0,0.9583727150068314,0.9528772601001511,,8,ORIGINAL
425,0,0.0,,0.9770930333460692,,0,ORIGINAL
425,1,0.0,,0.9770930333460692,,2,ORIGINAL
425,2,0.0,,0.9426950542058579,,2,ORIGINAL
425,3,0.0,,0.9697879072350232,,2,ORIGINAL
425,4,0.0,,0.9770930333460692,,1,ORIGINAL
425,5,0.0,,0.9770930333460692,,2,ORIGINAL
425,6,0.0,,0.9343338179348393,,1,ORIGINAL
425,7,0.0,,0.9770930333460692,,1,ORIGINAL
425,8,0.0,,0.9770930333460692,,0,ORIGINAL
425,9,0.0,,0.9770930333460692,,1,ORIGINAL
426,0,0.0,,0.9589930757272332,,0,ORIGINAL
426,1,0.0,0.8660254037844387,0.9589930757272332,,6,ORIGINAL
426,2,0.0,-0.6172133998483678,0.9359693077373458,,8,ORIGINAL
426,3,0.0,0.1301200097264711,0.954319426047429,,28,ORIGINAL
426,4,0.0,0.44543540318737396,0.9589930757272332,,6,ORIGINAL
426,5,0.0,0.5270462766947299,0.9589930757272332,,10,ORIGINAL
426,6,0.0,0.5892556509887895,0.9542943672621953,,8,ORIGINAL
426,7,0.0,0.674199862463242,0.9589930757272332,,5,ORIGINAL
426,8,0.0,0.36514837167011066,0.9589930757272332,,6,ORIGINAL
426,9,0.0,0.9091372900969896,0.9589930757272332,,5,ORIGINAL
427,0,0.0,0.9999999999999998,0.9806790815403282,,5,ORIGINAL
427,1,0.0,0.8764598212022147,0.9806790815403282,,8,ORIGINAL
427,2,0.0,0.9013878188659974,0.9341955258135484,,7,ORIGINAL
427,3,0.0,0.8824418982027675,0.9453174438792368,,19,ORIGINAL
427,4,0.0,0.8528028654224417,0.9806790815403282,,7,ORIGINAL
427,5,0.0,0.9192388155425117,0.9806790815403282,,10,ORIGINAL
427,6,0.0,0.6492344540642356,0.9561958137126199,,10,ORIGINAL
427,7,0.0,0.9014978717104176,0.9806790815403282,,6,ORIGINAL
427,8,0.0,0.9999999999999999,0.9806790815403282,,4,ORIGINAL
427,9,0.0,0.9555330859059092,0.9806790815403282,,9,ORIGINAL
428,0,0.0,,0.9420432248706846,,0,ORIGINAL
428,1,0.0,,0.9420432248706846,,2,ORIGINAL
428,2,0.0,,0.9356941861565748,,1,ORIGINAL
428,3,0.0,0.8944271909999159,0.9599929166594483,,5,ORIGINAL
428,4,0.0,,0.9420432248706846,,0,ORIGINAL
428,5,0.0,,0.9420432248706846,,2,ORIGINAL
428,6,0.0,0.33333333333333337,0.9403748508842826,,3,ORIGINAL
428,7,0.0,1.0000000000000002,0.9420432248706846,,3,ORIGINAL
428,8,0.0,,0.9420432248706846,,1,ORIGINAL
428,9,0.0,,0.9420432248706846,,2,ORIGINAL
429,0,0.0,-0.40824829046386296,0.9806790832004564,,5,ORIGINAL
429,1,0.0,0.8606629658238704,0.9806790832004564,,12,ORIGINAL
429,2,0.0,0.7385489458759964,0.9341955233709065,,16,ORIGINAL
429,3,0.0,0.5146140167221416,0.9453174402583435,,43,ORIGINAL
429,4,0.0,0.7302967433402214,0.9806790832004564,,16,ORIGINAL
429,5,0.0,0.6030226891555273,0.9806790832004564,,15,ORIGINAL
429,6,0.0,0.5572782125753529,0.9561958100644015,,20,ORIGINAL
429,7,0.0,0.8340576562282991,0.9806790832004564,,11,ORIGINAL
429,8,0.0,0.7593263966019992,0.9806790832004564,,13,ORIGINAL
429,9,0.0,0.8846517369293828,0.9806790832004564,,9,ORIGINAL
430,0,0.0,,0.9616716908173933,,1,ORIGINAL
430,1,0.0,,0.9616716908173933,,2,ORIGINAL
430,2,0.0,,0.9692984697906258,,2,ORIGINAL
430,3,0.0,0.472455591261534,0.9711647487278353,,11,ORIGINAL
430,4,0.0,0.9428090415820635,0.9616716908173933,,6,ORIGINAL
430,5,0.0,0.6446583712203042,0.9616716908173933,,11,ORIGINAL
430,6,0.0,0.9128709291752769,0.9700823599146141,,6,ORIGINAL
430,7,0.0,0.9561828874675149,0.9616716908173933,,5,ORIGINAL
430,8,0.0,0.9486832980505138,0.9616716908173933,,4,ORIGINAL
430,9,0.0,0.8660254037844387,0.9616716908173933,,4,ORIGINAL
431,0,0.0,0.9428090415820635,0.9545005818807696,,3,ORIGINAL
431,1,0.0,0.9467292624062573,0.9545005818807696,,9,ORIGINAL
431,2,0.0,0.9074852129730302,0.8965726504084753,,11,ORIGINAL
431,3,0.0,0.894959429780133,0.911733525601517,,23,ORIGINAL
431,4,0.0,0.8863184218031273,0.9545005818807696,,14,ORIGINAL
431,5,0.0,0.9431191251430151,0.9545005818807696,,10,ORIGINAL
431,6,0.0,0.6614378277661476,0.942292989302741,,11,ORIGINAL
431,7,0.0,0.8642416214502248,0.9545005818807696,,6,ORIGINAL
431,8,0.0,0.8660254037844386,0.9545005818807696,,6,ORIGINAL
431,9,0.0,0.9434563530497265,0.9545005818807696,,4,ORIGINAL
432,0,0.0,0.33333333333333337,0.9808074286486422,,3,ORIGINAL
432,1,0.0,,0.9808074286486422,,1,ORIGINAL
432,2,0.0,0.5773502691896258,0.9704064446070771,,6,ORIGINAL
432,3,0.0,0.44271887242357305,0.9434388031421846,,10,ORIGINAL
432,4,0.0,0.5,0.9808074286486422,,5,ORIGINAL
432,5,0.0,0.3872983346207417,0.9808074286486422,,6,ORIGINAL
432,6,0.0,,0.9385487604084403,,1,ORIGINAL
432,7,0.0,,0.9808074286486422,,2,ORIGINAL
432,8,0.0,0.9525793444156805,0.9808074286486422,,3,ORIGINAL
432,9,0.0,-0.9999999999999998,0.9808074286486422,,3,ORIGINAL
433,0,0.0,0.7905694150420948,0.9858784739915964,,7,ORIGINAL
433,1,0.0,0.7071067811865475,0.9858784739915964,,10,ORIGINAL
433,2,0.0,0.8838834764831843,0.9667942270502267,,10,ORIGINAL
433,3,0.0,0.6431196942844081,0.9683661078263929,,29,ORIGINAL
433,4,0.0,0.816496580927726,0.9858784739915964,,10,ORIGINAL
433,5,0.0,0.8807048459279794,0.9858784739915964,,15,ORIGINAL
433,6,0.0,0.4225771273642583,0.9653317414531664,,13,ORIGINAL
433,7,0.0,0.9428090415820635,0.9858784739915964,,6,ORIGINAL
433,8,0.0,0.9381941874331419,0.9858784739915964,,9,ORIGINAL
433,9,0.0,0.9707253433941511,0.9858784739915964,,8,ORIGINAL
434,0,0.0,,0.9398226041729166,,0,ORIGINAL
434,1,0.0,,0.9398226041729166,,0,ORIGINAL
434,2,0.0,,0.8646694139096448,,1,ORIGINAL
434,3,0.0,,0.8378768583197207,,2,ORIGINAL
434,4,0.0,,0.9398226041729166,,0,ORIGINAL
434,5,0.0,,0.9398226041729166,,2,ORIGINAL
434,6,0.0,,0.9343365156619177,,1,ORIGINAL
434,7,0.0,,0.9398226041729166,,0,ORIGINAL
434,8,0.0,,0.9398226041729166,,0,ORIGINAL
434,9,0.0,,0.9398226041729166,,0,ORIGINAL
435,0,0.0,,0.9663057375641665,,0,ORIGINAL
435,1,0.0,0.8749999999999998,0.9663057375641665,,5,ORIGINAL
435,2,0.0,0.9561828874675149,0.924195873516058,,4,ORIGINAL
435,3,0.0,0.8888888888888888,0.8997950201399613,,6,ORIGINAL
435,4,0.0,,0.9663057375641665,,2,ORIGINAL
435,5,0.0,0.8838834764831843,0.9663057375641665,,5,ORIGINAL
435,6,0.0,0.5477225575051661,0.9719080976488638,,6,ORIGINAL
435,7,0.0,1.0000000000000002,0.9663057375641665,,3,ORIGINAL
435,8,0.0,,0.9663057375641665,,0,ORIGINAL
435,9,0.0,0.944911182523068,0.9663057375641665,,4,ORIGINAL
436,0,0.0,,0.9464225387447485,,0,ORIGINAL
436,1,0.0,,0.9464225387447485,,1,ORIGINAL
436,2,0.0,,0.9364023515847217,,0,ORIGINAL
436,3,0.0,,0.946063815064017,,1,ORIGINAL
436,4,0.0,,0.9464225387447485,,1,ORIGINAL
436,5,0.0,,0.9464225387447485,,1,ORIGINAL
436,6,0.0,,0.9660329857432681,,2,ORIGINAL
436,7,0.0,,0.9464225387447485,,0,ORIGINAL
436,8,0.0,,0.9464225387447485,,1,ORIGINAL
436,9,0.0,,0.9464225387447485,,1,ORIGINAL
437,0,0.0,,0.9896714307388721,,1,ORIGINAL
437,1,0.0,0.8606629658238704,0.9896714307388721,,6,ORIGINAL
437,2,0.0,0.9230769230769232,0.9411607970814657,,7,ORIGINAL
437,3,0.0,0.909154827298409,0.9450919329436983,,14,ORIGINAL
437,4,0.0,0.9772545497599155,0.9896714307388721,,6,ORIGINAL
437,5,0.0,0.9669875568304563,0.9896714307388721,,7,ORIGINAL
437,6,0.0,0.6030226891555273,0.9631591088935101,,7,ORIGINAL
437,7,0.0,0.8999999999999998,0.9896714307388721,,4,ORIGINAL
437,8,0.0,0.9090909090909091,0.9896714307388721,,5,ORIGINAL
437,9,0.0,1.0000000000000002,0.9896714307388721,,4,ORIGINAL
438,0,0.0,,0.9557478126299763,,0,ORIGINAL
438,1,0.0,,0.9557478126299763,,2,ORIGINAL
438,2,0.0,,0.8993093823191571,,2,ORIGINAL
438,3,0.0,0.8581163303210331,0.8997410488020401,,8,ORIGINAL
438,4,0.0,,0.9557478126299763,,1,ORIGINAL
438,5,0.0,0.9561828874675149,0.9557478126299763,,4,ORIGINAL
438,6,0.0,0.8660254037844387,0.931963624011027,,4,ORIGINAL
438,7,0.0,0.8333333333333335,0.9557478126299763,,3,ORIGINAL
438,8,0.0,0.9669875568304563,0.9557478126299763,,5,ORIGINAL
438,9,0.0,,0.9557478126299763,,1,ORIGINAL
439,0,0.0,,0.9787128251920248,,0,ORIGINAL
439,1,0.0,,0.9787128251920248,,2,ORIGINAL
439,2,0.0,,0.9352165806822208,,1,ORIGINAL
439,3,0.0,0.9428090415820635,0.9507984081541839,,3,ORIGINAL
439,4,0.0,,0.9787128251920248,,1,ORIGINAL
439,5,0.0,1.0000000000000002,0.9787128251920248,,3,ORIGINAL
439,6,0.0,0.47140452079103173,0.9503441910203951,,3,ORIGINAL
439,7,0.0,,0.9787128251920248,,2,ORIGINAL
439,8,0.0,,0.9787128251920248,,1,ORIGINAL
439,9,0.0,1.0000000000000002,0.9787128251920248,,3,ORIGINAL
440,0,0.0,,0.9639813089083938,,0,ORIGINAL
440,1,0.0,0.8660254037844387,0.9639813089083938,,4,ORIGINAL
440,2,0.0,-0.11952286093343936,0.9054516334367996,,4,ORIGINAL
440,3,0.0,0.8728715609439696,0.8676103586731755,,4,ORIGINAL
440,4,0.0,0.0,0.9639813089083938,,6,ORIGINAL
440,5,0.0,0.8660254037844387,0.9639813089083938,,5,ORIGINAL
440,6,0.0,0.0,0.9485264271720019,,5,ORIGINAL
440,7,0.0,0.8164965809277261,0.9639813089083938,,3,ORIGINAL
440,8,0.0,,0.9639813089083938,,1,ORIGINAL
440,9,0.0,0.5070925528371099,0.9639813089083938,,6,ORIGINAL
441,0,0.0,,0.9589930753622198,,0,ORIGINAL
441,1,0.0,0.9594032236002469,0.9589930753622198,,8,ORIGINAL
441,2,0.0,0.8429272304235246,0.9359693075961526,,7,ORIGINAL
441,3,0.0,0.8498365855987975,0.9543194274255904,,22,ORIGINAL
441,4,0.0,0.9176629354822469,0.9589930753622198,,7,ORIGINAL
441,5,0.0,0.9354143466934853,0.9589930753622198,,15,ORIGINAL
441,6,0.0,0.7882407813680822,0.9542943671072828,,14,ORIGINAL
441,7,0.0,0.7423074889580903,0.9589930753622198,,9,ORIGINAL
441,8,0.0,0.9365858115816941,0.9589930753622198,,14,ORIGINAL
441,9,0.0,0.9583727150068314,0.9589930753622198,,9,ORIGINAL
442,0,0.0,,0.9567031284378285,,0,ORIGINAL
442,1,0.0,,0.9567031284378285,,1,ORIGINAL
442,2,0.0,,0.8856912346116564,,1,ORIGINAL
442,3,0.0,1.0000000000000002,0.9004262964154992,,3,ORIGINAL
442,4,0.0,,0.9567031284378285,,1,ORIGINAL
442,5,0.0,,0.9567031284378285,,1,ORIGINAL
442,6,0.0,,0.9311485153454642,,2,ORIGINAL
442,7,0.0,,0.9567031284378285,,1,ORIGINAL
442,8,0.0,,0.9567031284378285,,1,ORIGINAL
442,9,0.0,,0.9567031284378285,,0,ORIGINAL
443,0,0.0,,0.9059101866045475,,1,ORIGINAL
443,1,0.0,,0.9059101866045475,,0,ORIGINAL
443,2,0.0,1.0000000000000002,0.8443813936691481,,3,ORIGINAL
443,3,0.0,0.9467292624062573,0.8506125961258509,,9,ORIGINAL
443,4,0.0,1.0000000000000002,0.9059101866045475,,3,ORIGINAL
443,5,0.0,0.9999999999999999,0.9059101866045475,,7,ORIGINAL
443,6,0.0,0.2182178902359924,0.8986304118979546,,4,ORIGINAL
443,7,0.0,0.9428090415820635,0.9059101866045475,,3,ORIGINAL
443,8,0.0,0.9761870601839528,0.9059101866045475,,5,ORIGINAL
443,9,0.0,,0.9059101866045475,,1,ORIGINAL
444,0,0.0,0.22360679774997896,0.9639813091709714,,4,ORIGINAL
444,1,0.0,0.7715167498104595,0.9639813091709714,,6,ORIGINAL
444,2,0.0,0.6761234037828132,0.905451634670715,,12,ORIGINAL
444,3,0.0,0.5345224838248488,0.8676103616057412,,22,ORIGINAL
444,4,0.0,0.6,0.9639813091709714,,10,ORIGINAL
444,5,0.0,0.7833494518006403,0.9639813091709714,,13,ORIGINAL
444,6,0.0,0.5669467095138409,0.9485264281433826,,11,ORIGINAL
444,7,0.0,0.9574271077563381,0.9639813091709714,,6,ORIGINAL
444,8,0.0,0.7071067811865475,0.9639813091709714,,7,ORIGINAL
444,9,0.0,0.760885910252682,0.9639813091709714,,7,ORIGINAL
445,0,0.0,0.8164965809277261,0.9681150538317717,,4,ORIGINAL
445,1,0.0,0.8705715001320139,0.9681150538317717,,8,ORIGINAL
445,2,0.0,0.9444444444444446,0.9538641588613358,,9,ORIGINAL
445,3,0.0,0.802076721809811,0.9731287409526317,,31,ORIGINAL
445,4,0.0,0.848528137423857,0.9681150538317717,,11,ORIGINAL
445,5,0.0,0.8574929257125441,0.9681150538317717,,17,ORIGINAL
445,6,0.0,0.6343350474165464,0.9156195856034863,,10,ORIGINAL
445,7,0.0,0.9209109202723808,0.9681150538317717,,11,ORIGINAL
445,8,0.0,0.9438798074485389,0.9681150538317717,,12,ORIGINAL
445,9,0.0,0.9078412990032038,0.9681150538317717,,8,ORIGINAL
446,0,0.0,,0.9557478100609698,,1,ORIGINAL
446,1,0.0,,0.9557478100609698,,1,ORIGINAL
446,2,0.0,0.9999999999999998,0.8993093791080461,,5,ORIGINAL
446,3,0.0,0.9999999999999998,0.8997410445511991,,8,ORIGINAL
446,4,0.0,,0.9557478100609698,,2,ORIGINAL
446,5,0.0,1.0,0.9557478100609698,,4,ORIGINAL
446,6,0.0,0.0,0.9319636201029343,,3,ORIGINAL
446,7,0.0,0.9428090415820635,0.9557478100609698,,3,ORIGINAL
446,8,0.0,0.9707253433941511,0.9557478100609698,,4,ORIGINAL
446,9,0.0,0.8728715609439696,0.9557478100609698,,4,ORIGINAL
447,0,0.0,,0.9588095033839692,,1,ORIGINAL
447,1,0.0,1.0,0.9588095033839692,,4,ORIGINAL
447,2,0.0,0.9525793444156805,0.9428030689242938,,6,ORIGINAL
447,3,0.0,0.9245003270420487,0.9526615039428928,,10,ORIGINAL
447,4,0.0,0.8006407690254358,0.9588095033839692,,4,ORIGINAL
447,5,0.0,0.9128709291752769,0.9588095033839692,,6,ORIGINAL
447,6,0.0,0.7302967433402214,0.9587929360531359,,5,ORIGINAL
447,7,0.0,0.9438798074485389,0.9588095033839692,,5,ORIGINAL
447,8,0.0,0.9438798074485389,0.9588095033839692,,5,ORIGINAL
447,9,0.0,0.9707253433941511,0.9588095033839692,,4,ORIGINAL
448,0,0.0,0.8333333333333335,0.9794193485015635,,3,ORIGINAL
448,1,0.0,0.9438798074485389,0.9794193485015635,,5,ORIGINAL
448,2,0.0,0.8717797887081347,0.9292376140178872,,13,ORIGINAL
448,3,0.0,0.8602325267042628,0.8954618946154363,,29,ORIGINAL
448,4,0.0,0.8461141122266493,0.9794193485015635,,10,ORIGINAL
448,5,0.0,0.8790490729915326,0.9794193485015635,,13,ORIGINAL
448,6,0.0,0.5879747322073337,0.9659286563039695,,10,ORIGINAL
448,7,0.0,0.8770580193070293,0.9794193485015635,,7,ORIGINAL
448,8,0.0,0.9467292624062575,0.9794193485015635,,9,ORIGINAL
448,9,0.0,0.8528028654224417,0.9794193485015635,,5,ORIGINAL
449,0,0.0,,0.9681150542899442,,0,ORIGINAL
449,1,0.0,,0.9681150542899442,,0,ORIGINAL
449,2,0.0,,0.9538641598043284,,0,ORIGINAL
449,3,0.0,,0.9731287408354515,,0,ORIGINAL
449,4,0.0,,0.9681150542899442,,0,ORIGINAL
449,5,0.0,,0.9681150542899442,,0,ORIGINAL
449,6,0.0,,0.9156195846268943,,0,ORIGINAL
449,7,0.0,,0.9681150542899442,,0,ORIGINAL
449,8,0.0,,0.9681150542899442,,0,ORIGINAL
449,9,0.0,,0.9681150542899442,,0,ORIGINAL
450,0,0.0,0.5773502691896258,0.9545005813135693,,3,ORIGINAL
450,1,0.0,0.8040302522073697,0.9545005813135693,,6,ORIGINAL
450,2,0.0,0.9091372900969896,0.8965726495809305,,8,ORIGINAL
450,3,0.0,0.8081220356417685,0.911733525129955,,16,ORIGINAL
450,4,0.0,0.9176629354822469,0.9545005813135693,,7,ORIGINAL
450,5,0.0,0.7833494518006403,0.9545005813135693,,9,ORIGINAL
450,6,0.0,0.6227991553292184,0.9422929887194212,,10,ORIGINAL
450,7,0.0,0.9428090415820635,0.9545005813135693,,3,ORIGINAL
450,8,0.0,0.7817359599705717,0.9545005813135693,,7,ORIGINAL
450,9,0.0,0.9460998335825321,0.9545005813135693,,7,ORIGINAL
451,0,0.0,,0.9528205427326275,,0,ORIGINAL
451,1,0.0,1.0,0.9528205427326275,,4,ORIGINAL
451,2,0.0,,0.9555396358746835,,2,ORIGINAL
451,3,0.0,0.9999999999999998,0.9747204207284491,,5,ORIGINAL
451,4,0.0,0.9428090415820635,0.9528205427326275,,3,ORIGINAL
451,5,0.0,1.0000000000000002,0.9528205427326275,,3,ORIGINAL
451,6,0.0,0.4472135954999579,0.9738170064477849,,5,ORIGINAL
451,7,0.0,,0.9528205427326275,,1,ORIGINAL
451,8,0.0,,0.9528205427326275,,1,ORIGINAL
451,9,0.0,,0.9528205427326275,,2,ORIGINAL
452,0,0.0,,0.9264884275825542,,2,ORIGINAL
452,1,0.0,0.9237604307034011,0.9264884275825542,,6,ORIGINAL
452,2,0.0,1.0000000000000002,0.9749979872189103,,3,ORIGINAL
452,3,0.0,0.9128709291752767,0.9848572509930883,,6,ORIGINAL
452,4,0.0,0.9561828874675149,0.9264884275825542,,4,ORIGINAL
452,5,0.0,0.9128709291752769,0.9264884275825542,,4,ORIGINAL
452,6,0.0,0.8451542547285165,0.909912092838112,,4,ORIGINAL
452,7,0.0,,0.9264884275825542,,2,ORIGINAL
452,8,0.0,,0.9264884275825542,,2,ORIGINAL
452,9,0.0,0.9230769230769232,0.9264884275825542,,4,ORIGINAL
453,0,0.0,,1.0,,2,ORIGINAL
453,1,0.0,0.9999999999999998,1.0,,5,ORIGINAL
453,2,0.0,0.753778361444409,0.9633150259944552,,8,ORIGINAL
453,3,0.0,0.6351073488299558,0.9478675140998328,,18,ORIGINAL
453,4,0.0,0.7071067811865476,1.0,,6,ORIGINAL
453,5,0.0,0.8819171036881969,1.0,,9,ORIGINAL
453,6,0.0,0.629940788348712,0.9646784562203947,,7,ORIGINAL
453,7,0.0,0.9258200997725514,1.0,,9,ORIGINAL
453,8,0.0,0.8429272304235246,1.0,,7,ORIGINAL
453,9,0.0,0.6666666666666666,1.0,,7,ORIGINAL
454,0,0.0,0.4714045207910316,0.9806790815403282,,6,ORIGINAL
454,1,0.0,0.7977240352174656,0.9806790815403282,,7,ORIGINAL
454,2,0.0,0.5962847939999439,0.9341955258135484,,7,ORIGINAL
454,3,0.0,0.7791937224739796,0.9453174438792368,,15,ORIGINAL
454,4,0.0,0.8892972917998876,0.9806790815403282,,8,ORIGINAL
454,5,0.0,0.9166666666666666,0.9806790815403282,,10,ORIGINAL
454,6,0.0,0.74535599249993,0.9561958137126199,,10,ORIGINAL
454,7,0.0,0.7938566201357354,0.9806790815403282,,7,ORIGINAL
454,8,0.0,0.8894991799933215,0.9806790815403282,,8,ORIGINAL
454,9,0.0,0.6719368409052928,0.9806790815403282,,10,ORIGINAL
455,0,0.0,,0.9557478121656473,,1,ORIGINAL
455,1,0.0,,0.9557478121656473,,1,ORIGINAL
455,2,0.0,-0.1259881576697424,0.8993093864668164,,6,ORIGINAL
455,3,0.0,0.2279211529192759,0.8997410520937013,,8,ORIGINAL
455,4,0.0,0.588348405414552,0.9557478121656473,,4,ORIGINAL
455,5,0.0,0.5773502691896258,0.9557478121656473,,3,ORIGINAL
455,6,0.0,0.5999999999999999,0.9319636272420826,,5,ORIGINAL
455,7,0.0,,0.9557478121656473,,2,ORIGINAL
455,8,0.0,,0.9557478121656473,,0,ORIGINAL
455,9,0.0,0.9428090415820632,0.9557478121656473,,3,ORIGINAL
456,0,0.0,,0.9246351719344974,,1,ORIGINAL
456,1,0.0,,0.9246351719344974,,1,ORIGINAL
456,2,0.0,0.4082482904638631,0.9390073885652511,,6,ORIGINAL
456,3,0.0,0.9090909090909091,0.9530605269532944,,8,ORIGINAL
456,4,0.0,,0.9246351719344974,,2,ORIGINAL
456,5,0.0,,0.9246351719344974,,1,ORIGINAL
456,6,0.0,-0.46291004988627577,0.9144329247767675,,5,ORIGINAL
456,7,0.0,,0.9246351719344974,,0,ORIGINAL
456,8,0.0,,0.9246351719344974,,0,ORIGINAL
456,9,0.0,,0.9246351719344974,,1,ORIGINAL
457,0,0.0,0.8164965809277259,0.9528772601001511,,5,ORIGINAL
457,1,0.0,0.8703882797784892,0.9528772601001511,,9,ORIGINAL
457,2,0.0,0.9750168689498874,0.8862137043938959,,13,ORIGINAL
457,3,0.0,0.8827348295047495,0.8652361902367374,,28,ORIGINAL
457,4,0.0,0.8466675133346035,0.9528772601001511,,13,ORIGINAL
457,5,0.0,0.9152492334988814,0.9528772601001511,,16,ORIGINAL
457,6,0.0,0.6288281455225324,0.9506763218842788,,12,ORIGINAL
457,7,0.0,0.9285714285714286,0.9528772601001511,,8,ORIGINAL
457,8,0.0,0.9211323729436767,0.9528772601001511,,9,ORIGINAL
457,9,0.0,0.8922178162191937,0.9528772601001511,,7,ORIGINAL
458,0,0.0,-0.6933752452815365,0.9557478116344914,,7,ORIGINAL
458,1,0.0,0.4146442144313646,0.9557478116344914,,17,ORIGINAL
458,2,0.0,0.5488604301969738,0.8993093817502036,,18,ORIGINAL
458,3,0.0,0.3610758031590881,0.8997410490524452,,49,ORIGINAL
458,4,0.0,0.6047431568147635,0.9557478116344914,,10,ORIGINAL
458,5,0.0,0.43259045634870014,0.9557478116344914,,16,ORIGINAL
458,6,0.0,0.4351941398892446,0.9319636221487353,,18,ORIGINAL
458,7,0.0,0.642824346533225,0.9557478116344914,,10,ORIGINAL
458,8,0.0,0.1270001270001905,0.9557478116344914,,10,ORIGINAL
458,9,0.0,0.681005224606999,0.9557478116344914,,10,ORIGINAL
459,0,0.0,0.8164965809277261,1.0,,6,ORIGINAL
459,1,0.0,0.8944271909999159,1.0,,6,ORIGINAL
459,2,0.0,1.0000000000000002,0.9633150259944552,,3,ORIGINAL
459,3,0.0,0.9561828874675149,0.9478675140998328,,9,ORIGINAL
459,4,0.0,,1.0,,2,ORIGINAL
459,5,0.0,1.0000000000000002,1.0,,4,ORIGINAL
459,6,0.0,,0.9646784562203947,,2,ORIGINAL
459,7,0.0,0.9428090415820635,1.0,,3,ORIGINAL
459,8,0.0,0.9486832980505138,1.0,,4,ORIGINAL
459,9,0.0,,1.0,,2,ORIGINAL
460,0,0.0,,0.9738004388467784,,1,ORIGINAL
460,1,0.0,0.9486832980505138,0.9738004388467784,,5,ORIGINAL
460,2,0.0,0.9622504486493763,0.9197887863753913,,3,ORIGINAL
460,3,0.0,0.9013878188659974,0.92449526011165,,10,ORIGINAL
460,4,0.0,0.9486832980505138,0.9738004388467784,,4,ORIGINAL
460,5,0.0,1.0000000000000002,0.9738004388467784,,6,ORIGINAL
460,6,0.0,0.6963106238227914,0.947612791729006,,9,ORIGINAL
460,7,0.0,0.944911182523068,0.9738004388467784,,5,ORIGINAL
460,8,0.0,0.944911182523068,0.9738004388467784,,4,ORIGINAL
460,9,0.0,0.9999999999999998,0.9738004388467784,,5,ORIGINAL
461,0,0.0,,0.9567031244482369,,1,ORIGINAL
461,1,0.0,0.9486832980505138,0.9567031244482369,,5,ORIGINAL
461,2,0.0,0.944911182523068,0.8856912257131846,,7,ORIGINAL
461,3,0.0,0.8902638145194514,0.9004262872776387,,14,ORIGINAL
461,4,0.0,,0.9567031244482369,,2,ORIGINAL
461,5,0.0,1.0,0.9567031244482369,,4,ORIGINAL
461,6,0.0,0.7745966692414834,0.9311485078562698,,5,ORIGINAL
461,7,0.0,0.9486832980505138,0.9567031244482369,,4,ORIGINAL
461,8,0.0,,0.9567031244482369,,2,ORIGINAL
461,9,0.0,0.9561828874675149,0.9567031244482369,,5,ORIGINAL
462,0,0.0,0.857142857142857,0.9787128262576937,,4,ORIGINAL
462,1,0.0,0.8764598212022146,0.9787128262576937,,7,ORIGINAL
462,2,0.0,0.8976656233969146,0.9352165820534446,,10,ORIGINAL
462,3,0.0,0.8819171036881969,0.9507984093464296,,15,ORIGINAL
462,4,0.0,0.9128709291752769,0.9787128262576937,,6,ORIGINAL
462,5,0.0,0.9464574146347642,0.9787128262576937,,10,ORIGINAL
462,6,0.0,0.8122955416108235,0.9503441910853968,,10,ORIGINAL
462,7,0.0,0.9622504486493764,0.9787128262576937,,6,ORIGINAL
462,8,0.0,0.9014978717104176,0.9787128262576937,,6,ORIGINAL
462,9,0.0,0.8998425413316951,0.9787128262576937,,8,ORIGINAL
463,0,0.0,,0.9567031249176902,,2,ORIGINAL
463,1,0.0,0.9525793444156805,0.9567031249176902,,6,ORIGINAL
463,2,0.0,,0.8856912306934965,,2,ORIGINAL
463,3,0.0,1.0000000000000002,0.9004262930210217,,3,ORIGINAL
463,4,0.0,,0.9567031249176902,,2,ORIGINAL
463,5,0.0,1.0000000000000002,0.9567031249176902,,3,ORIGINAL
463,6,0.0,0.7745966692414834,0.9311485114604979,,3,ORIGINAL
463,7,0.0,0.9428090415820635,0.9567031249176902,,3,ORIGINAL
463,8,0.0,,0.9567031249176902,,1,ORIGINAL
463,9,0.0,0.8366600265340756,0.9567031249176902,,4,ORIGINAL
464,0,0.0,,0.9217813027828158,,2,ORIGINAL
464,1,0.0,0.9128709291752769,0.9217813027828158,,6,ORIGINAL
464,2,0.0,0.7977240352174656,0.8440423922293022,,8,ORIGINAL
464,3,0.0,0.8520128672302585,0.8596753018500423,,17,ORIGINAL
464,4,0.0,0.8669214468630108,0.9217813027828158,,8,ORIGINAL
464,5,0.0,0.8581163303210331,0.9217813027828158,,12,ORIGINAL
464,6,0.0,0.7016464154456235,0.9099308174192862,,11,ORIGINAL
464,7,0.0,0.8666666666666667,0.9217813027828158,,10,ORIGINAL
464,8,0.0,0.9444444444444444,0.9217813027828158,,12,ORIGINAL
464,9,0.0,0.7592566023652966,0.9217813027828158,,6,ORIGINAL
465,0,0.0,,0.9317824697544982,,2,ORIGINAL
465,1,0.0,0.8981462390204985,0.9317824697544982,,7,ORIGINAL
465,2,0.0,0.9548637106322311,0.948172308948168,,13,ORIGINAL
465,3,0.0,0.9151007705656548,0.9184882850144845,,22,ORIGINAL
465,4,0.0,0.6546536707079772,0.9317824697544982,,4,ORIGINAL
465,5,0.0,0.8911327886790069,0.9317824697544982,,6,ORIGINAL
465,6,0.0,0.9185586535436918,0.9277148497305662,,8,ORIGINAL
465,7,0.0,0.9669875568304563,0.9317824697544982,,5,ORIGINAL
465,8,0.0,0.9285714285714286,0.9317824697544982,,5,ORIGINAL
465,9,0.0,0.760638829255665,0.9317824697544982,,5,ORIGINAL
466,0,0.0,,0.9794193462367038,,2,ORIGINAL
466,1,0.0,1.0,0.9794193462367038,,4,ORIGINAL
466,2,0.0,-0.1889822365046136,0.9292376091175674,,4,ORIGINAL
466,3,0.0,0.0,0.8954618908937972,,8,ORIGINAL
466,4,0.0,0.5773502691896257,0.9794193462367038,,3,ORIGINAL
466,5,0.0,1.0,0.9794193462367038,,4,ORIGINAL
466,6,0.0,0.8451542547285165,0.9659286568155373,,5,ORIGINAL
466,7,0.0,0.944911182523068,0.9794193462367038,,4,ORIGINAL
466,8,0.0,,0.9794193462367038,,2,ORIGINAL
466,9,0.0,0.9999999999999998,0.9794193462367038,,5,ORIGINAL
467,144,0.9,-0.12499999999999997,0.9999999999999948,,5,ORIGINAL
467,0,0.0,,0.9616716964977853,,0,ORIGINAL
467,1,0.0,-0.2581988897471611,0.9616716964977853,,3,ORIGINAL
467,2,0.0,0.18490006540840973,0.9692984715742177,,7,ORIGINAL
467,3,0.0,0.8907986681660889,0.9711647500981064,,14,ORIGINAL
467,4,0.0,0.9707253433941511,0.9616716964977853,,4,ORIGINAL
467,5,0.0,0.9999999999999999,0.9616716964977853,,7,ORIGINAL
467,6,0.0,0.16666666666666669,0.9700823603111213,,4,ORIGINAL
467,7,0.0,0.9438798074485389,0.9616716964977853,,5,ORIGINAL
467,8,0.0,0.5843065474681431,0.9616716964977853,,12,ORIGINAL
468,0,0.0,0.944911182523068,0.9547904346799684,,4,ORIGINAL
468,1,0.0,0.903696114115064,0.9547904346799684,,7,ORIGINAL
468,2,0.0,0.8461538461538463,0.949907777581555,,7,ORIGINAL
468,3,0.0,0.8996469021204839,0.9601427237513149,,17,ORIGINAL
468,4,0.0,0.9538209664765318,0.9547904346799684,,7,ORIGINAL
468,5,0.0,0.9622504486493763,0.9547904346799684,,9,ORIGINAL
468,6,0.0,0.588348405414552,0.9376399343420446,,9,ORIGINAL
468,7,0.0,0.944911182523068,0.9547904346799684,,4,ORIGINAL
468,8,0.0,0.9799578870122229,0.9547904346799684,,6,ORIGINAL
468,9,0.0,0.9486832980505138,0.9547904346799684,,5,ORIGINAL
469,0,0.0,,1.0,,0,ORIGINAL
469,1,0.0,,1.0,,2,ORIGINAL
469,2,0.0,,0.9633150259944552,,1,ORIGINAL
469,3,0.0,,0.9478675140998328,,2,ORIGINAL
469,4,0.0,,1.0,,1,ORIGINAL
469,5,0.0,,1.0,,2,ORIGINAL
469,6,0.0,,0.9646784562203947,,1,ORIGINAL
469,7,0.0,,1.0,,1,ORIGINAL
469,8,0.0,,1.0,,1,ORIGINAL
469,9,0.0,,1.0,,2,ORIGINAL
470,0,0.0,,0.9699713572266225,,1,ORIGINAL
470,1,0.0,0.9999999999999998,0.9699713572266225,,10,ORIGINAL
470,2,0.0,0.42640143271122083,0.9059825079395406,,5,ORIGINAL
470,3,0.0,0.1690308509457033,0.8860247116862109,,9,ORIGINAL
470,4,0.0,0.48349377841522817,0.9699713572266225,,5,ORIGINAL
470,5,0.0,0.0,0.9699713572266225,,6,ORIGINAL
470,6,0.0,0.5518254055364691,0.9660512382337655,,10,ORIGINAL
470,7,0.0,0.9594032236002469,0.9699713572266225,,5,ORIGINAL
470,8,0.0,0.9622504486493763,0.9699713572266225,,3,ORIGINAL
470,9,0.0,0.9583727150068314,0.9699713572266225,,8,ORIGINAL
471,0,0.0,-0.5163977794943222,0.9557478096171156,,6,ORIGINAL
471,1,0.0,0.18257418583505536,0.9557478096171156,,9,ORIGINAL
471,2,0.0,0.09128709291752767,0.8993093782096258,,9,ORIGINAL
471,3,0.0,-0.262445329583912,0.8997410448042128,,31,ORIGINAL
471,4,0.0,0.08164965809277261,0.9557478096171156,,10,ORIGINAL
471,5,0.0,0.10206207261596574,0.9557478096171156,,13,ORIGINAL
471,6,0.0,0.420084025208403,0.9319636153710091,,12,ORIGINAL
471,7,0.0,-0.7071067811865475,0.9557478096171156,,5,ORIGINAL
471,8,0.0,0.22742941307367104,0.9557478096171156,,11,ORIGINAL
471,9,0.0,-0.21693045781865616,0.9557478096171156,,8,ORIGINAL
472,0,0.0,-0.4803844614152615,0.9422220965332367,,10,ORIGINAL
472,1,0.0,-0.23570226039551587,0.9422220965332367,,6,ORIGINAL
472,2,0.0,0.4472135954999579,0.9481176801494363,,5,ORIGINAL
472,3,0.0,0.10675210253672475,0.9620152231449326,,25,ORIGINAL
472,4,0.0,,0.9422220965332367,,4,ORIGINAL
472,5,0.0,0.0,0.9422220965332367,,8,ORIGINAL
472,6,0.0,0.0,0.9297149392729288,,4,ORIGINAL
472,7,0.0,,0.9422220965332367,,1,ORIGINAL
472,8,0.0,0.19245008972987526,0.9422220965332367,,3,ORIGINAL
472,9,0.0,,0.9422220965332367,,1,ORIGINAL
473,0,0.0,,1.0,,1,ORIGINAL
473,1,0.0,0.8728715609439696,1.0,,4,ORIGINAL
473,2,0.0,0.9438798074485389,0.9633150259944552,,5,ORIGINAL
473,3,0.0,0.9036961141150639,0.9478675140998328,,6,ORIGINAL
473,4,0.0,0.3651483716701107,1.0,,4,ORIGINAL
473,5,0.0,0.6708203932499369,1.0,,6,ORIGINAL
473,6,0.0,0.75,0.9646784562203947,,5,ORIGINAL
473,7,0.0,0.8660254037844387,1.0,,3,ORIGINAL
473,8,0.0,,1.0,,1,ORIGINAL
473,9,0.0,0.8006407690254358,1.0,,4,ORIGINAL
474,0,0.0,,0.9699713572266225,,0,ORIGINAL
474,1,0.0,0.5773502691896258,0.9699713572266225,,3,ORIGINAL
474,2,0.0,0.8660254037844387,0.9059825079395406,,3,ORIGINAL
474,3,0.0,0.8164965809277259,0.8860247116862109,,3,ORIGINAL
474,4,0.0,0.4082482904638631,0.9699713572266225,,3,ORIGINAL
474,5,0.0,0.8164965809277259,0.9699713572266225,,4,ORIGINAL
474,6,0.0,0.6324555320336759,0.9660512382337655,,6,ORIGINAL
474,7,0.0,0.8017837257372731,0.9699713572266225,,4,ORIGINAL
474,8,0.0,,0.9699713572266225,,1,ORIGINAL
474,9,0.0,0.5144957554275265,0.9699713572266225,,5,ORIGINAL
475,0,0.0,0.0,0.9557478104089453,,6,ORIGINAL
475,1,0.0,0.7882407813680822,0.9557478104089453,,13,ORIGINAL
475,2,0.0,0.5437149461664321,0.8993093781459607,,21,ORIGINAL
475,3,0.0,0.5278179407634592,0.8997410461184958,,54,ORIGINAL
475,4,0.0,0.8504200642707612,0.9557478104089453,,11,ORIGINAL
475,5,0.0,0.8728715609439696,0.9557478104089453,,17,ORIGINAL
475,6,0.0,0.5506887917539347,0.9319636192814553,,15,ORIGINAL
475,7,0.0,0.8333333333333335,0.9557478104089453,,9,ORIGINAL
475,8,0.0,0.7610423906471905,0.9557478104089453,,13,ORIGINAL
475,9,0.0,0.8764598212022147,0.9557478104089453,,9,ORIGINAL
476,0,0.0,,0.9824636481796526,,2,ORIGINAL
476,1,0.0,0.9428090415820635,0.9824636481796526,,3,ORIGINAL
476,2,0.0,0.944911182523068,0.9373812375584477,,4,ORIGINAL
476,3,0.0,0.9128709291752769,0.9051753866614726,,6,ORIGINAL
476,4,0.0,,0.9824636481796526,,2,ORIGINAL
476,5,0.0,0.7745966692414834,0.9824636481796526,,5,ORIGINAL
476,6,0.0,,0.9655410100448671,,2,ORIGINAL
476,7,0.0,,0.9824636481796526,,1,ORIGINAL
476,8,0.0,,0.9824636481796526,,0,ORIGINAL
476,9,0.0,0.9486832980505138,0.9824636481796526,,4,ORIGINAL
477,0,0.0,,0.9034558476425495,,1,ORIGINAL
477,1,0.0,0.8838834764831843,0.9034558476425495,,5,ORIGINAL
477,2,0.0,0.9486832980505138,0.9418462427153992,,5,ORIGINAL
477,3,0.0,0.7385489458759965,0.9564048631847675,,13,ORIGINAL
477,4,0.0,0.7071067811865475,0.9034558476425495,,3,ORIGINAL
477,5,0.0,1.0000000000000002,0.9034558476425495,,6,ORIGINAL
477,6,0.0,0.82502864732539,0.8732410246033594,,8,ORIGINAL
477,7,0.0,0.8728715609439696,0.9034558476425495,,4,ORIGINAL
477,8,0.0,0.9538209664765318,0.9034558476425495,,7,ORIGINAL
477,9,0.0,0.8485281374238569,0.9034558476425495,,5,ORIGINAL
478,0,0.0,,0.9787128266154301,,1,ORIGINAL
478,1,0.0,,0.9787128266154301,,3,ORIGINAL
478,2,0.0,0.5773502691896258,0.9352165835415231,,3,ORIGINAL
478,3,0.0,0.6454972243679028,0.9507984106920162,,9,ORIGINAL
478,4,0.0,0.5773502691896258,0.9787128266154301,,3,ORIGINAL
478,5,0.0,0.5,0.9787128266154301,,4,ORIGINAL
478,6,0.0,,0.9503441903107913,,3,ORIGINAL
478,7,0.0,,0.9787128266154301,,3,ORIGINAL
478,8,0.0,,0.9787128266154301,,2,ORIGINAL
478,9,0.0,0.3333333333333333,0.9787128266154301,,3,ORIGINAL
479,0,0.0,,0.9528772567385477,,0,ORIGINAL
479,1,0.0,1.0000000000000002,0.9528772567385477,,3,ORIGINAL
479,2,0.0,0.9428090415820635,0.8862137006668358,,3,ORIGINAL
479,3,0.0,0.9486832980505138,0.865236184293315,,5,ORIGINAL
479,4,0.0,,0.9528772567385477,,2,ORIGINAL
479,5,0.0,0.9525793444156805,0.9528772567385477,,6,ORIGINAL
479,6,0.0,0.9486832980505138,0.9506763180030859,,5,ORIGINAL
479,7,0.0,0.8696263565463043,0.9528772567385477,,7,ORIGINAL
479,8,0.0,0.9561828874675149,0.9528772567385477,,4,ORIGINAL
479,9,0.0,0.8660254037844387,0.9528772567385477,,4,ORIGINAL
480,0,0.0,,,,2,ORIGINAL
480,1,0.0,0.9486832980505138,,,5,ORIGINAL
480,2,0.0,0.944911182523068,,,8,ORIGINAL
480,3,0.0,0.9176629354822469,,,19,ORIGINAL
480,4,0.0,0.9525793444156805,,,9,ORIGINAL
480,5,0.0,0.9128709291752769,,,12,ORIGINAL
480,6,0.0,0.7905694150420948,,,10,ORIGINAL
480,7,0.0,0.944911182523068,,,8,ORIGINAL
480,8,0.0,0.9538209664765318,,,7,ORIGINAL
480,9,0.0,0.9622504486493764,,,6,ORIGINAL
481,0,0.0,,,,1,ORIGINAL
481,1,0.0,0.8888888888888888,,,6,ORIGINAL
481,2,0.0,0.8888888888888888,,,6,ORIGINAL
481,3,0.0,0.917662935482247,,,10,ORIGINAL
481,4,0.0,0.8392543274162825,,,8,ORIGINAL
481,5,0.0,0.9525793444156805,,,6,ORIGINAL
481,6,0.0,0.9166666666666669,,,6,ORIGINAL
481,7,0.0,1.0,,,4,ORIGINAL
481,8,0.0,0.8164965809277261,,,3,ORIGINAL
481,9,0.0,0.9561828874675149,,,4,ORIGINAL
482,0,0.0,0.42640143271122083,0.980679084881354,,8,ORIGINAL
482,1,0.0,0.5833333333333334,0.980679084881354,,13,ORIGINAL
482,2,0.0,0.686406472983644,0.9341955259706234,,20,ORIGINAL
482,3,0.0,0.5520560535739333,0.9453174411894198,,57,ORIGINAL
482,4,0.0,0.8001322641986387,0.980679084881354,,12,ORIGINAL
482,5,0.0,0.6240377207533828,0.980679084881354,,20,ORIGINAL
482,6,0.0,0.6308932681440448,0.9561958123527217,,19,ORIGINAL
482,7,0.0,0.7559289460184544,0.980679084881354,,14,ORIGINAL
482,8,0.0,0.8520128672302585,0.980679084881354,,12,ORIGINAL
482,9,0.0,0.8705715001320139,0.980679084881354,,9,ORIGINAL
483,0,0.0,0.9622504486493763,0.9794193485015635,,3,ORIGINAL
483,1,0.0,0.9999999999999998,0.9794193485015635,,5,ORIGINAL
483,2,0.0,,0.9292376140178872,,1,ORIGINAL
483,3,0.0,0.9525793444156805,0.8954618946154363,,6,ORIGINAL
483,4,0.0,,0.9794193485015635,,2,ORIGINAL
483,5,0.0,0.9761870601839528,0.9794193485015635,,5,ORIGINAL
483,6,0.0,0.8164965809277261,0.9659286563039695,,4,ORIGINAL
483,7,0.0,0.9486832980505138,0.9794193485015635,,4,ORIGINAL
483,8,0.0,,0.9794193485015635,,2,ORIGINAL
483,9,0.0,1.0,0.9794193485015635,,6,ORIGINAL
484,0,0.0,,0.9770930325106809,,2,ORIGINAL
484,1,0.0,0.9999999999999999,0.9770930325106809,,4,ORIGINAL
484,2,0.0,,0.9426950569161515,,1,ORIGINAL
484,3,0.0,0.9090909090909091,0.9697879102911497,,5,ORIGINAL
484,4,0.0,,0.9770930325106809,,2,ORIGINAL
484,5,0.0,,0.9770930325106809,,2,ORIGINAL
484,6,0.0,,0.9343338201073141,,2,ORIGINAL
484,7,0.0,,0.9770930325106809,,0,ORIGINAL
484,8,0.0,,0.9770930325106809,,1,ORIGINAL
484,9,0.0,,0.9770930325106809,,1,ORIGINAL
485,0,0.0,,1.0,,0,ORIGINAL
485,1,0.0,0.9999999999999998,1.0,,5,ORIGINAL
485,2,0.0,1.0000000000000002,0.9633150259944552,,3,ORIGINAL
485,3,0.0,0.8215838362577491,0.9478675140998328,,7,ORIGINAL
485,4,0.0,,1.0,,1,ORIGINAL
485,5,0.0,0.9486832980505138,1.0,,5,ORIGINAL
485,6,0.0,0.8819171036881969,0.9646784562203947,,7,ORIGINAL
485,7,0.0,0.9561828874675149,1.0,,5,ORIGINAL
485,8,0.0,0.9525793444156805,1.0,,9,ORIGINAL
485,9,0.0,0.8164965809277259,1.0,,3,ORIGINAL
486,0,0.0,,0.9623825727186329,,2,ORIGINAL
486,1,0.0,0.9561828874675149,0.9623825727186329,,5,ORIGINAL
486,2,0.0,0.9999999999999998,0.9039457219792041,,5,ORIGINAL
486,3,0.0,0.8907986681660889,0.9255037796908177,,10,ORIGINAL
486,4,0.0,,0.9623825727186329,,2,ORIGINAL
486,5,0.0,0.9438798074485389,0.9623825727186329,,5,ORIGINAL
486,6,0.0,0.6546536707079772,0.9443964387512392,,4,ORIGINAL
486,7,0.0,0.9525793444156805,0.9623825727186329,,3,ORIGINAL
486,8,0.0,0.9622504486493763,0.9623825727186329,,3,ORIGINAL
486,9,0.0,0.9999999999999998,0.9623825727186329,,4,ORIGINAL
487,0,0.0,,0.9104393201110875,,2,ORIGINAL
487,1,0.0,0.9486832980505138,0.9104393201110875,,10,ORIGINAL
487,2,0.0,0.9116846116771036,0.9058226523595226,,8,ORIGINAL
487,3,0.0,0.8257228238447704,0.9316261825269136,,17,ORIGINAL
487,4,0.0,0.9185586535436918,0.9104393201110875,,7,ORIGINAL
487,5,0.0,0.9999999999999999,0.9104393201110875,,7,ORIGINAL
487,6,0.0,0.50709255283711,0.8994849015952677,,11,ORIGINAL
487,7,0.0,0.9428090415820635,0.9104393201110875,,3,ORIGINAL
487,8,0.0,0.7302967433402214,0.9104393201110875,,4,ORIGINAL
487,9,0.0,0.9574271077563381,0.9104393201110875,,7,ORIGINAL
488,0,0.0,0.8944271909999159,0.9528205448026255,,5,ORIGINAL
488,1,0.0,0.8682431421244593,0.9528205448026255,,18,ORIGINAL
488,2,0.0,0.7440697862050946,0.9555396405110097,,20,ORIGINAL
488,3,0.0,0.6381935536670476,0.9747204211856244,,56,ORIGINAL
488,4,0.0,0.8890008890013334,0.9528205448026255,,13,ORIGINAL
488,5,0.0,0.8685990362153793,0.9528205448026255,,15,ORIGINAL
488,6,0.0,0.5128776445321725,0.9738170120180061,,17,ORIGINAL
488,7,0.0,0.9434563530497265,0.9528205448026255,,11,ORIGINAL
488,8,0.0,0.8000946913656629,0.9528205448026255,,9,ORIGINAL
488,9,0.0,0.8006407690254357,0.9528205448026255,,10,ORIGINAL
489,0,0.0,,0.9770930333460692,,1,ORIGINAL
489,1,0.0,,0.9770930333460692,,0,ORIGINAL
489,2,0.0,,0.9426950542058579,,0,ORIGINAL
489,3,0.0,,0.9697879072350232,,2,ORIGINAL
489,4,0.0,,0.9770930333460692,,1,ORIGINAL
489,5,0.0,,0.9770930333460692,,2,ORIGINAL
489,6,0.0,,0.9343338179348393,,0,ORIGINAL
489,7,0.0,,0.9770930333460692,,0,ORIGINAL
489,8,0.0,,0.9770930333460692,,0,ORIGINAL
489,9,0.0,,0.9770930333460692,,0,ORIGINAL
490,0,0.0,,0.9609169513296263,,0,ORIGINAL
490,1,0.0,0.9999999999999998,0.9609169513296263,,5,ORIGINAL
490,2,0.0,,0.9324156941116174,,1,ORIGINAL
490,3,0.0,0.944911182523068,0.9447827161558504,,4,ORIGINAL
490,4,0.0,0.9622504486493763,0.9609169513296263,,3,ORIGINAL
490,5,0.0,1.0,0.9609169513296263,,4,ORIGINAL
490,6,0.0,0.8164965809277261,0.9346285509812342,,4,ORIGINAL
490,7,0.0,,0.9609169513296263,,2,ORIGINAL
490,8,0.0,0.9428090415820635,0.9609169513296263,,3,ORIGINAL
490,9,0.0,0.9622504486493763,0.9609169513296263,,3,ORIGINAL
491,0,0.0,,1.0,,1,ORIGINAL
491,1,0.0,0.9999999999999998,1.0,,5,ORIGINAL
491,2,0.0,0.8999999999999998,0.9633150259944552,,7,ORIGINAL
491,3,0.0,0.9354143466934854,0.9478675140998328,,12,ORIGINAL
491,4,0.0,0.9432422182837986,1.0,,5,ORIGINAL
491,5,0.0,0.9091372900969896,1.0,,8,ORIGINAL
491,6,0.0,0.8333333333333334,0.9646784562203947,,4,ORIGINAL
491,7,0.0,0.9428090415820635,1.0,,3,ORIGINAL
491,8,0.0,1.0000000000000002,1.0,,3,ORIGINAL
491,9,0.0,0.9561828874675149,1.0,,5,ORIGINAL
492,0,0.0,,0.9246351728232438,,1,ORIGINAL
492,1,0.0,0.9999999999999998,0.9246351728232438,,5,ORIGINAL
492,2,0.0,0.9561828874675149,0.9390073854089582,,7,ORIGINAL
492,3,0.0,0.9333333333333332,0.9530605252878185,,12,ORIGINAL
492,4,0.0,0.9561828874675149,0.9246351728232438,,5,ORIGINAL
492,5,0.0,0.944911182523068,0.9246351728232438,,8,ORIGINAL
492,6,0.0,0.4216370213557839,0.9144329239460168,,7,ORIGINAL
492,7,0.0,0.9561828874675149,0.9246351728232438,,5,ORIGINAL
492,8,0.0,0.9486832980505138,0.9246351728232438,,6,ORIGINAL
492,9,0.0,0.8485281374238569,0.9246351728232438,,5,ORIGINAL
493,0,0.0,,0.9545005813135693,,0,ORIGINAL
493,1,0.0,,0.9545005813135693,,1,ORIGINAL
493,2,0.0,,0.8965726495809305,,1,ORIGINAL
493,3,0.0,0.2182178902359924,0.911733525129955,,4,ORIGINAL
493,4,0.0,,0.9545005813135693,,1,ORIGINAL
493,5,0.0,0.5773502691896258,0.9545005813135693,,3,ORIGINAL
493,6,0.0,,0.9422929887194212,,2,ORIGINAL
493,7,0.0,,0.9545005813135693,,1,ORIGINAL
493,8,0.0,,0.9545005813135693,,2,ORIGINAL
493,9,0.0,,0.9545005813135693,,1,ORIGINAL
494,0,0.0,,0.9567031257473052,,0,ORIGINAL
494,1,0.0,,0.9567031257473052,,2,ORIGINAL
494,2,0.0,0.857142857142857,0.8856912333301156,,4,ORIGINAL
494,3,0.0,0.9486832980505138,0.9004262954240551,,5,ORIGINAL
494,4,0.0,,0.9567031257473052,,1,ORIGINAL
494,5,0.0,1.0,0.9567031257473052,,4,ORIGINAL
494,6,0.0,0.5669467095138409,0.9311485142117597,,4,ORIGINAL
494,7,0.0,,0.9567031257473052,,2,ORIGINAL
494,8,0.0,,0.9567031257473052,,0,ORIGINAL
494,9,0.0,,0.9567031257473052,,2,ORIGINAL
495,0,0.0,,0.9787128262576937,,2,ORIGINAL
495,1,0.0,0.8451542547285165,0.9787128262576937,,5,ORIGINAL
495,2,0.0,0.727606875108999,0.9352165820534446,,8,ORIGINAL
495,3,0.0,0.7703288865196434,0.9507984093464296,,14,ORIGINAL
495,4,0.0,0.9486832980505138,0.9787128262576937,,6,ORIGINAL
495,5,0.0,0.9428090415820635,0.9787128262576937,,6,ORIGINAL
495,6,0.0,0.4285714285714285,0.9503441910853968,,5,ORIGINAL
495,7,0.0,,0.9787128262576937,,2,ORIGINAL
495,8,0.0,0.9525793444156805,0.9787128262576937,,3,ORIGINAL
495,9,0.0,0.82502864732539,0.9787128262576937,,5,ORIGINAL
496,0,0.0,,0.9547094729000742,,2,ORIGINAL
496,1,0.0,0.1259881576697424,0.9547094729000742,,7,ORIGINAL
496,2,0.0,0.10660035817780521,0.9773974106307879,,5,ORIGINAL
496,3,0.0,-0.13453455879926252,0.9866204911526395,,14,ORIGINAL
496,4,0.0,,0.9547094729000742,,2,ORIGINAL
496,5,0.0,0.3779644730092272,0.9547094729000742,,7,ORIGINAL
496,6,0.0,0.0,0.9639000495079136,,6,ORIGINAL
496,7,0.0,0.5477225575051661,0.9547094729000742,,3,ORIGINAL
496,8,0.0,,0.9547094729000742,,2,ORIGINAL
496,9,0.0,0.30304576336566325,0.9547094729000742,,5,ORIGINAL
497,0,0.0,,0.9910692509124865,,1,ORIGINAL
497,1,0.0,0.944911182523068,0.9910692509124865,,4,ORIGINAL
497,2,0.0,0.9467292624062573,0.9654738498160915,,9,ORIGINAL
497,3,0.0,0.890870806374748,0.9553739601692997,,15,ORIGINAL
497,4,0.0,0.9486832980505138,0.9910692509124865,,4,ORIGINAL
497,5,0.0,0.9467292624062573,0.9910692509124865,,9,ORIGINAL
497,6,0.0,0.23094010767585027,0.9568319989381695,,14,ORIGINAL
497,7,0.0,0.9434563530497265,0.9910692509124865,,8,ORIGINAL
497,8,0.0,0.8801724588467041,0.9910692509124865,,8,ORIGINAL
497,9,0.0,0.8333333333333334,0.9910692509124865,,4,ORIGINAL
498,0,0.0,,,,0,ORIGINAL
498,1,0.0,,,,2,ORIGINAL
498,2,0.0,,,,1,ORIGINAL
498,3,0.0,,,,1,ORIGINAL
498,4,0.0,,,,1,ORIGINAL
498,5,0.0,,,,2,ORIGINAL
498,6,0.0,,,,2,ORIGINAL
498,7,0.0,,,,0,ORIGINAL
498,8,0.0,,,,0,ORIGINAL
498,9,0.0,,,,1,ORIGINAL
499,0,0.0,0.8504200642707612,0.9794193464625086,,5,ORIGINAL
499,1,0.0,0.9428090415820635,0.9794193464625086,,9,ORIGINAL
499,2,0.0,0.9473729613780999,0.929237609790877,,8,ORIGINAL
499,3,0.0,0.9139076937674137,0.8954618915082851,,22,ORIGINAL
499,4,0.0,0.9061030445113443,0.9794193464625086,,7,ORIGINAL
499,5,0.0,0.9395523512235255,0.9794193464625086,,11,ORIGINAL
499,6,0.0,0.5855400437691199,0.9659286575529046,,12,ORIGINAL
499,7,0.0,0.9354143466934854,0.9794193464625086,,9,ORIGINAL
499,8,0.0,0.9428090415820634,0.9794193464625086,,6,ORIGINAL
499,9,0.0,0.9209109202723808,0.9794193464625086,,8,ORIGINAL
500,0,0.0,,0.9787128258238049,,1,ORIGINAL
500,1,0.0,1.0000000000000002,0.9787128258238049,,6,ORIGINAL
500,2,0.0,0.9486832980505138,0.9352165812195476,,5,ORIGINAL
500,3,0.0,0.9647638212377322,0.9507984080426413,,10,ORIGINAL
500,4,0.0,0.9707253433941511,0.9787128258238049,,4,ORIGINAL
500,5,0.0,1.0000000000000002,0.9787128258238049,,6,ORIGINAL
500,6,0.0,0.5555555555555556,0.9503441917874439,,9,ORIGINAL
500,7,0.0,0.944911182523068,0.9787128258238049,,4,ORIGINAL
500,8,0.0,,0.9787128258238049,,2,ORIGINAL
500,9,0.0,0.9799578870122229,0.9787128258238049,,6,ORIGINAL
501,0,0.0,,0.978712826024429,,1,ORIGINAL
501,1,0.0,0.7453559924999299,0.978712826024429,,6,ORIGINAL
501,2,0.0,0.6546536707079772,0.935216581851943,,4,ORIGINAL
501,3,0.0,0.7647191129018724,0.9507984092028162,,13,ORIGINAL
501,4,0.0,0.9761870601839528,0.978712826024429,,5,ORIGINAL
501,5,0.0,0.8944271909999159,0.978712826024429,,10,ORIGINAL
501,6,0.0,0.7130240959073808,0.9503441912880422,,12,ORIGINAL
501,7,0.0,0.8451542547285165,0.978712826024429,,8,ORIGINAL
501,8,0.0,0.6933752452815365,0.978712826024429,,7,ORIGINAL
501,9,0.0,0.8908708063747479,0.978712826024429,,7,ORIGINAL
502,0,0.0,,0.9639813096194855,,2,ORIGINAL
502,1,0.0,,0.9639813096194855,,2,ORIGINAL
502,2,0.0,0.8164965809277259,0.905451634656699,,5,ORIGINAL
502,3,0.0,0.5892556509887896,0.867610360799182,,9,ORIGINAL
502,4,0.0,0.2773500981126146,0.9639813096194855,,4,ORIGINAL
502,5,0.0,0.5773502691896258,0.9639813096194855,,3,ORIGINAL
502,6,0.0,0.5345224838248487,0.9485264292869353,,4,ORIGINAL
502,7,0.0,,0.9639813096194855,,2,ORIGINAL
502,8,0.0,,0.9639813096194855,,2,ORIGINAL
502,9,0.0,0.3333333333333333,0.9639813096194855,,4,ORIGINAL
503,0,0.0,-0.7071067811865475,0.9265269144557784,,4,ORIGINAL
503,1,0.0,0.0,0.9265269144557784,,3,ORIGINAL
503,2,0.0,0.0,0.8674344100157444,,11,ORIGINAL
503,3,0.0,-0.15936381457791915,0.8508475952763901,,25,ORIGINAL
503,4,0.0,-0.19611613513818404,0.9265269144557784,,11,ORIGINAL
503,5,0.0,0.11952286093343936,0.9265269144557784,,11,ORIGINAL
503,6,0.0,-0.19069251784911848,0.9305804524064215,,9,ORIGINAL
503,7,0.0,,0.9265269144557784,,5,ORIGINAL
503,8,0.0,0.5345224838248488,0.9265269144557784,,5,ORIGINAL
503,9,0.0,0.8164965809277261,0.9265269144557784,,4,ORIGINAL
504,0,0.0,,0.9545005798441111,,0,ORIGINAL
504,1,0.0,,0.9545005798441111,,2,ORIGINAL
504,2,0.0,0.8333333333333334,0.896572649604279,,7,ORIGINAL
504,3,0.0,0.8528028654224419,0.9117335255779871,,9,ORIGINAL
504,4,0.0,,0.9545005798441111,,1,ORIGINAL
504,5,0.0,0.9525793444156805,0.9545005798441111,,6,ORIGINAL
504,6,0.0,0.30151134457776363,0.9422929880042143,,5,ORIGINAL
504,7,0.0,0.9622504486493763,0.9545005798441111,,3,ORIGINAL
504,8,0.0,0.9707253433941511,0.9545005798441111,,4,ORIGINAL
504,9,0.0,0.8164965809277259,0.9545005798441111,,3,ORIGINAL
505,0,0.0,,0.9794193459027657,,2,ORIGINAL
505,1,0.0,0.9561828874675149,0.9794193459027657,,7,ORIGINAL
505,2,0.0,0.9322944450820391,0.9292376084187401,,20,ORIGINAL
505,3,0.0,0.9076506967077382,0.89546188772477,,29,ORIGINAL
505,4,0.0,0.9430419201928973,0.9794193459027657,,8,ORIGINAL
505,5,0.0,0.9438798074485388,0.9794193459027657,,10,ORIGINAL
505,6,0.0,0.19364916731037085,0.9659286528352268,,11,ORIGINAL
505,7,0.0,0.9428090415820635,0.9794193459027657,,9,ORIGINAL
505,8,0.0,0.9525793444156805,0.9794193459027657,,9,ORIGINAL
505,9,0.0,0.9460998335825321,0.9794193459027657,,8,ORIGINAL
506,0,0.0,,0.9623825726019074,,0,ORIGINAL
506,1,0.0,1.0,0.9623825726019074,,4,ORIGINAL
506,2,0.0,0.944911182523068,0.9039457242238322,,4,ORIGINAL
506,3,0.0,0.9486832980505138,0.9255037799035835,,5,ORIGINAL
506,4,0.0,0.9761870601839528,0.9623825726019074,,5,ORIGINAL
506,5,0.0,0.9999999999999998,0.9623825726019074,,5,ORIGINAL
506,6,0.0,0.8451542547285165,0.9443964430495274,,5,ORIGINAL
506,7,0.0,0.944911182523068,0.9623825726019074,,4,ORIGINAL
506,8,0.0,,0.9623825726019074,,2,ORIGINAL
506,9,0.0,0.9999999999999998,0.9623825726019074,,5,ORIGINAL
507,0,0.0,,0.9703477080034715,,0,ORIGINAL
507,1,0.0,1.0000000000000002,0.9703477080034715,,3,ORIGINAL
507,2,0.0,,0.9752684761821245,,1,ORIGINAL
507,3,0.0,0.944911182523068,0.9550011820352644,,4,ORIGINAL
507,4,0.0,,0.9703477080034715,,2,ORIGINAL
507,5,0.0,1.0,0.9703477080034715,,4,ORIGINAL
507,6,0.0,0.16903085094570328,0.9438233952810736,,4,ORIGINAL
507,7,0.0,,0.9703477080034715,,1,ORIGINAL
507,8,0.0,,0.9703477080034715,,2,ORIGINAL
507,9,0.0,1.0000000000000002,0.9703477080034715,,3,ORIGINAL
508,0,0.0,,0.9623825744921536,,2,ORIGINAL
508,1,0.0,1.0,0.9623825744921536,,4,ORIGINAL
508,2,0.0,0.9669875568304563,0.9039457247248888,,8,ORIGINAL
508,3,0.0,0.9561828874675149,0.9255037785690072,,11,ORIGINAL
508,4,0.0,0.8801724588467041,0.9623825744921536,,8,ORIGINAL
508,5,0.0,0.9467292624062573,0.9623825744921536,,9,ORIGINAL
508,6,0.0,0.7378647873726218,0.9443964442816921,,6,ORIGINAL
508,7,0.0,0.9428090415820635,0.9623825744921536,,3,ORIGINAL
508,8,0.0,0.9467292624062573,0.9623825744921536,,6,ORIGINAL
508,9,0.0,0.8366600265340756,0.9623825744921536,,4,ORIGINAL
509,0,0.0,,0.9901813488947748,,1,ORIGINAL
509,1,0.0,0.8749999999999998,0.9901813488947748,,5,ORIGINAL
509,2,0.0,0.9449111825230682,0.9757308546538777,,12,ORIGINAL
509,3,0.0,0.9442673704375604,0.9689598403706235,,16,ORIGINAL
509,4,0.0,0.9434563530497265,0.9901813488947748,,4,ORIGINAL
509,5,0.0,0.923869770874312,0.9901813488947748,,12,ORIGINAL
509,6,0.0,0.6454972243679028,0.9768098580919811,,10,ORIGINAL
509,7,0.0,0.9431191251430151,0.9901813488947748,,7,ORIGINAL
509,8,0.0,0.8528028654224417,0.9901813488947748,,10,ORIGINAL
509,9,0.0,0.7833494518006403,0.9901813488947748,,6,ORIGINAL
510,0,0.0,,0.9455158006087612,,1,ORIGINAL
510,1,0.0,0.9707253433941511,0.9455158006087612,,4,ORIGINAL
510,2,0.0,,0.9324283666411476,,0,ORIGINAL
510,3,0.0,,0.9569646934540764,,2,ORIGINAL
510,4,0.0,,0.9455158006087612,,1,ORIGINAL
510,5,0.0,,0.9455158006087612,,0,ORIGINAL
510,6,0.0,,0.943888036299754,,2,ORIGINAL
510,7,0.0,,0.9455158006087612,,2,ORIGINAL
510,8,0.0,,0.9455158006087612,,0,ORIGINAL
510,9,0.0,0.9622504486493763,0.9455158006087612,,3,ORIGINAL
511,0,0.0,0.6201736729460423,0.9246351820614569,,10,ORIGINAL
511,1,0.0,0.5378528742004771,0.9246351820614569,,17,ORIGINAL
511,2,0.0,0.34848547349522574,0.9390073941689911,,19,ORIGINAL
511,3,0.0,0.4550910273091032,0.95306053403227,,56,ORIGINAL
511,4,0.0,0.7191465199607916,0.9246351820614569,,15,ORIGINAL
511,5,0.0,0.7947194142390263,0.9246351820614569,,17,ORIGINAL
511,6,0.0,0.858116330321033,0.9144329297789808,,18,ORIGINAL
511,7,0.0,0.9176629354822469,0.9246351820614569,,10,ORIGINAL
511,8,0.0,0.8703882797784892,0.9246351820614569,,14,ORIGINAL
511,9,0.0,0.9296696802013681,0.9246351820614569,,8,ORIGINAL
512,0,0.0,,0.9949239910306324,,1,ORIGINAL
512,1,0.0,,0.9949239910306324,,1,ORIGINAL
512,2,0.0,,0.9530205423438095,,0,ORIGINAL
512,3,0.0,,0.9511654733196353,,1,ORIGINAL
512,4,0.0,,0.9949239910306324,,2,ORIGINAL
512,5,0.0,,0.9949239910306324,,2,ORIGINAL
512,6,0.0,,0.9650052685183078,,1,ORIGINAL
512,7,0.0,,0.9949239910306324,,1,ORIGINAL
512,8,0.0,,0.9949239910306324,,2,ORIGINAL
512,9,0.0,,0.9949239910306324,,1,ORIGINAL
513,0,0.0,1.0000000000000002,0.9639813109219794,,3,ORIGINAL
513,1,0.0,0.9486832980505138,0.9639813109219794,,4,ORIGINAL
513,2,0.0,0.9486832980505138,0.9054516378012256,,7,ORIGINAL
513,3,0.0,0.8839599998785473,0.8676103665531647,,16,ORIGINAL
513,4,0.0,1.0000000000000002,0.9639813109219794,,3,ORIGINAL
513,5,0.0,0.7717436331412897,0.9639813109219794,,8,ORIGINAL
513,6,0.0,0.5163977794943222,0.9485264305968566,,7,ORIGINAL
513,7,0.0,0.9561828874675149,0.9639813109219794,,4,ORIGINAL
513,8,0.0,,0.9639813109219794,,2,ORIGINAL
513,9,0.0,0.9525793444156805,0.9639813109219794,,6,ORIGINAL
514,0,0.0,,0.9616716985580459,,0,ORIGINAL
514,1,0.0,,0.9616716985580459,,2,ORIGINAL
514,2,0.0,,0.9692984724252183,,0,ORIGINAL
514,3,0.0,,0.971164751087794,,1,ORIGINAL
514,4,0.0,,0.9616716985580459,,1,ORIGINAL
514,5,0.0,,0.9616716985580459,,1,ORIGINAL
514,6,0.0,0.9428090415820635,0.9700823595532821,,3,ORIGINAL
514,7,0.0,,0.9616716985580459,,0,ORIGINAL
514,8,0.0,0.9622504486493763,0.9616716985580459,,3,ORIGINAL
514,9,0.0,,0.9616716985580459,,1,ORIGINAL
515,0,0.0,,0.9901813493374386,,0,ORIGINAL
515,1,0.0,1.0,0.9901813493374386,,4,ORIGINAL
515,2,0.0,0.8944271909999159,0.9757308540007238,,6,ORIGINAL
515,3,0.0,0.795495128834866,0.9689598395447232,,10,ORIGINAL
515,4,0.0,0.9486832980505138,0.9901813493374386,,4,ORIGINAL
515,5,0.0,0.9999999999999999,0.9901813493374386,,7,ORIGINAL
515,6,0.0,0.7216878364870323,0.9768098564304222,,7,ORIGINAL
515,7,0.0,0.9428090415820635,0.9901813493374386,,3,ORIGINAL
515,8,0.0,0.9438798074485389,0.9901813493374386,,5,ORIGINAL
515,9,0.0,1.0000000000000002,0.9901813493374386,,3,ORIGINAL
516,0,0.0,,0.930748962014319,,0,ORIGINAL
516,1,0.0,0.8473185457363235,0.930748962014319,,10,ORIGINAL
516,2,0.0,0.9141379262169076,0.9290537085483622,,12,ORIGINAL
516,3,0.0,0.9240616554505462,0.9461908086193563,,22,ORIGINAL
516,4,0.0,0.9315516419063741,0.930748962014319,,11,ORIGINAL
516,5,0.0,0.9506541513652698,0.930748962014319,,11,ORIGINAL
516,6,0.0,0.5345224838248488,0.9485190287333574,,15,ORIGINAL
516,7,0.0,0.9431191251430151,0.930748962014319,,7,ORIGINAL
516,8,0.0,0.8933250005738373,0.930748962014319,,11,ORIGINAL
516,9,0.0,0.9393364366277241,0.930748962014319,,6,ORIGINAL
517,560,0.9,0.8693182879212227,0.9866204948108988,,10,ORIGINAL
517,739,0.9,0.9428090415820635,,,3,ORIGINAL
517,0,0.0,1.0000000000000002,0.9478675140998328,,3,ORIGINAL
517,1,0.0,0.9431191251430151,0.9478675140998328,,7,ORIGINAL
517,2,0.0,0.9428090415820635,0.9777320874553711,,6,ORIGINAL
517,3,0.0,0.9199353193217104,1.0000000000000002,,16,ORIGINAL
517,4,0.0,0.9622504486493764,0.9478675140998328,,6,ORIGINAL
517,5,0.0,0.8783100656536799,0.9478675140998328,,6,ORIGINAL
517,6,0.0,0.9428090415820634,0.9413488731479989,,6,ORIGINAL
517,7,0.0,0.9428090415820634,0.9478675140998328,,6,ORIGINAL
518,0,0.0,,0.9464225470148862,,2,ORIGINAL
518,1,0.0,0.8660254037844387,0.9464225470148862,,4,ORIGINAL
518,2,0.0,0.944911182523068,0.9364023572975462,,4,ORIGINAL
518,3,0.0,0.8485281374238569,0.9460638188260363,,7,ORIGINAL
518,4,0.0,,0.9464225470148862,,2,ORIGINAL
518,5,0.0,1.0,0.9464225470148862,,5,ORIGINAL
518,6,0.0,0.4472135954999579,0.9660329917582505,,5,ORIGINAL
518,7,0.0,0.9428090415820635,0.9464225470148862,,3,ORIGINAL
518,8,0.0,,0.9464225470148862,,0,ORIGINAL
518,9,0.0,0.9761870601839528,0.9464225470148862,,5,ORIGINAL
519,0,0.0,0.0,0.9557478128967588,,7,ORIGINAL
519,1,0.0,0.45643546458763834,0.9557478128967588,,13,ORIGINAL
519,2,0.0,0.6893587725135434,0.8993093831661833,,17,ORIGINAL
519,3,0.0,0.646755504751857,0.8997410506621284,,47,ORIGINAL
519,4,0.0,0.6254627916220946,0.9557478128967588,,12,ORIGINAL
519,5,0.0,0.8981004187394178,0.9557478128967588,,12,ORIGINAL
519,6,0.0,0.5563486402641867,0.9319636236861367,,15,ORIGINAL
519,7,0.0,0.8908708063747479,0.9557478128967588,,6,ORIGINAL
519,8,0.0,0.7817359599705717,0.9557478128967588,,6,ORIGINAL
519,9,0.0,0.6521739130434784,0.9557478128967588,,9,ORIGINAL
520,0,0.0,,0.9487238645016982,,1,ORIGINAL
520,1,0.0,0.9486832980505138,0.9487238645016982,,5,ORIGINAL
520,2,0.0,0.9999999999999998,0.8891044081948138,,5,ORIGINAL
520,3,0.0,0.8362420100070909,0.9153603101324461,,10,ORIGINAL
520,4,0.0,,0.9487238645016982,,1,ORIGINAL
520,5,0.0,0.9428090415820635,0.9487238645016982,,3,ORIGINAL
520,6,0.0,0.8451542547285165,0.9216288987331467,,7,ORIGINAL
520,7,0.0,0.9999999999999999,0.9487238645016982,,4,ORIGINAL
520,8,0.0,,0.9487238645016982,,2,ORIGINAL
520,9,0.0,0.9428090415820635,0.9487238645016982,,3,ORIGINAL
521,0,0.0,,1.0,,2,ORIGINAL
521,1,0.0,0.31622776601683794,1.0,,5,ORIGINAL
521,2,0.0,-0.2519763153394848,0.9633150259944552,,6,ORIGINAL
521,3,0.0,-0.10206207261596574,0.9478675140998328,,8,ORIGINAL
521,4,0.0,,1.0,,2,ORIGINAL
521,5,0.0,,1.0,,1,ORIGINAL
521,6,0.0,-0.4285714285714285,0.9646784562203947,,7,ORIGINAL
521,7,0.0,,1.0,,2,ORIGINAL
521,8,0.0,,1.0,,1,ORIGINAL
521,9,0.0,-0.5,1.0,,4,ORIGINAL
522,0,0.0,,1.0,,1,ORIGINAL
522,1,0.0,,1.0,,1,ORIGINAL
522,2,0.0,,0.9633150259944552,,1,ORIGINAL
522,3,0.0,0.0,0.9478675140998328,,5,ORIGINAL
522,4,0.0,,1.0,,2,ORIGINAL
522,5,0.0,,1.0,,2,ORIGINAL
522,6,0.0,,0.9646784562203947,,1,ORIGINAL
522,7,0.0,,1.0,,0,ORIGINAL
522,8,0.0,,1.0,,1,ORIGINAL
522,9,0.0,,1.0,,2,ORIGINAL
523,0,0.0,,0.9770930333460692,,1,ORIGINAL
523,1,0.0,1.0000000000000002,0.9770930333460692,,3,ORIGINAL
523,2,0.0,1.0000000000000002,0.9426950542058579,,3,ORIGINAL
523,3,0.0,0.894427190999916,0.9697879072350232,,9,ORIGINAL
523,4,0.0,0.8910421112136306,0.9770930333460692,,10,ORIGINAL
523,5,0.0,0.9999999999999999,0.9770930333460692,,7,ORIGINAL
523,6,0.0,0.8819171036881969,0.9343338179348393,,7,ORIGINAL
523,7,0.0,1.0,0.9770930333460692,,4,ORIGINAL
523,8,0.0,0.9761870601839528,0.9770930333460692,,5,ORIGINAL
523,9,0.0,1.0,0.9770930333460692,,4,ORIGINAL
524,0,0.0,0.9354143466934852,0.9806790848327507,,5,ORIGINAL
524,1,0.0,0.82915619758885,0.9806790848327507,,8,ORIGINAL
524,2,0.0,0.7745966692414834,0.9341955254927595,,10,ORIGINAL
524,3,0.0,0.8513143063906891,0.9453174396320317,,27,ORIGINAL
524,4,0.0,0.9457924331331946,0.9806790848327507,,11,ORIGINAL
524,5,0.0,0.8854377448471461,0.9806790848327507,,11,ORIGINAL
524,6,0.0,0.545544725589981,0.9561958136478158,,12,ORIGINAL
524,7,0.0,0.8660254037844386,0.9806790848327507,,6,ORIGINAL
524,8,0.0,0.894427190999916,0.9806790848327507,,6,ORIGINAL
524,9,0.0,0.9036961141150639,0.9806790848327507,,8,ORIGINAL
525,0,0.0,,0.9787128262576937,,1,ORIGINAL
525,1,0.0,0.9486832980505138,0.9787128262576937,,5,ORIGINAL
525,2,0.0,0.8999999999999998,0.9352165820534446,,7,ORIGINAL
525,3,0.0,0.894427190999916,0.9507984093464296,,9,ORIGINAL
525,4,0.0,0.9622504486493763,0.9787128262576937,,3,ORIGINAL
525,5,0.0,1.0000000000000002,0.9787128262576937,,3,ORIGINAL
525,6,0.0,0.2834733547569204,0.9503441910853968,,8,ORIGINAL
525,7,0.0,,0.9787128262576937,,2,ORIGINAL
525,8,0.0,,0.9787128262576937,,0,ORIGINAL
525,9,0.0,0.9707253433941511,0.9787128262576937,,4,ORIGINAL
526,101,0.9,0.8332380897952963,0.9794398703810774,,13,ORIGINAL
526,200,0.9,0.944911182523068,0.9650727927020335,,14,ORIGINAL
526,595,0.9,0.847822751996795,0.9650727940117362,,13,ORIGINAL
526,709,0.9,0.9429903335828895,0.9659079211995982,,13,ORIGINAL
526,0,0.0,0.4629100498862757,0.9794193485015635,,4,ORIGINAL
526,1,0.0,0.9999999999999998,0.9794193485015635,,5,ORIGINAL
526,2,0.0,0.9469425238482128,0.9292376140178872,,11,ORIGINAL
526,3,0.0,0.9459544766274562,0.8954618946154363,,20,ORIGINAL
526,4,0.0,1.0000000000000002,0.9794193485015635,,6,ORIGINAL
526,5,0.0,0.8946750577612211,0.9794193485015635,,12,ORIGINAL
527,0,0.0,,0.964678458555335,,0,ORIGINAL
527,1,0.0,,0.964678458555335,,1,ORIGINAL
527,2,0.0,,0.965834604492053,,0,ORIGINAL
527,3,0.0,0.8749999999999998,0.9413488713238006,,5,ORIGINAL
527,4,0.0,,0.964678458555335,,2,ORIGINAL
527,5,0.0,0.8164965809277259,0.964678458555335,,3,ORIGINAL
527,6,0.0,,0.9999999999999974,,2,ORIGINAL
527,7,0.0,,0.964678458555335,,2,ORIGINAL
527,8,0.0,0.9428090415820635,0.964678458555335,,3,ORIGINAL
527,9,0.0,,0.964678458555335,,1,ORIGINAL
528,0,0.0,,0.9794193485015635,,0,ORIGINAL
528,1,0.0,,0.9794193485015635,,0,ORIGINAL
528,2,0.0,,0.9292376140178872,,1,ORIGINAL
528,3,0.0,,0.8954618946154363,,2,ORIGINAL
528,4,0.0,,0.9794193485015635,,1,ORIGINAL
528,5,0.0,0.9428090415820635,0.9794193485015635,,3,ORIGINAL
528,6,0.0,,0.9659286563039695,,2,ORIGINAL
528,7,0.0,,0.9794193485015635,,0,ORIGINAL
528,8,0.0,,0.9794193485015635,,2,ORIGINAL
528,9,0.0,,0.9794193485015635,,0,ORIGINAL
529,0,0.0,0.9090909090909091,0.9806790827122713,,5,ORIGINAL
529,1,0.0,0.9090648228942843,0.9806790827122713,,14,ORIGINAL
529,2,0.0,0.9118054526361706,0.9341955275642331,,14,ORIGINAL
529,3,0.0,0.8968183566268406,0.9453174449713314,,31,ORIGINAL
529,4,0.0,0.9182191382286217,0.9806790827122713,,17,ORIGINAL
529,5,0.0,0.9177788727679405,0.9806790827122713,,17,ORIGINAL
529,6,0.0,0.8486684247915055,0.9561958125198223,,12,ORIGINAL
529,7,0.0,0.95,0.9806790827122713,,7,ORIGINAL
529,8,0.0,0.9135468796041984,0.9806790827122713,,9,ORIGINAL
529,9,0.0,0.9545454545454546,0.9806790827122713,,7,ORIGINAL
530,0,0.0,1.0000000000000002,0.9956726838180858,,3,ORIGINAL
530,1,0.0,0.7071067811865475,0.9956726838180858,,6,ORIGINAL
530,2,0.0,0.7071067811865475,0.9546407674187839,,5,ORIGINAL
530,3,0.0,0.7637626158259734,0.9307724813744811,,14,ORIGINAL
530,4,0.0,0.9128709291752767,0.9956726838180858,,6,ORIGINAL
530,5,0.0,0.903696114115064,0.9956726838180858,,7,ORIGINAL
530,6,0.0,0.6900655593423543,0.9693649147303984,,10,ORIGINAL
530,7,0.0,0.8528028654224417,0.9956726838180858,,5,ORIGINAL
530,8,0.0,1.0000000000000002,0.9956726838180858,,3,ORIGINAL
530,9,0.0,0.9761870601839528,0.9956726838180858,,5,ORIGINAL
531,0,0.0,,0.9639813098116331,,2,ORIGINAL
531,1,0.0,0.7559289460184544,0.9639813098116331,,7,ORIGINAL
531,2,0.0,0.7378647873726218,0.9054516351274056,,9,ORIGINAL
531,3,0.0,0.7745966692414834,0.8676103609921769,,19,ORIGINAL
531,4,0.0,0.9128709291752769,0.9639813098116331,,4,ORIGINAL
531,5,0.0,0.9116846116771036,0.9639813098116331,,8,ORIGINAL
531,6,0.0,0.545544725589981,0.9485264300328381,,10,ORIGINAL
531,7,0.0,0.944911182523068,0.9639813098116331,,4,ORIGINAL
531,8,0.0,0.8006407690254358,0.9639813098116331,,4,ORIGINAL
531,9,0.0,0.9486832980505138,0.9639813098116331,,6,ORIGINAL
532,549,0.9,0.9707253433941511,,,4,ORIGINAL
532,739,0.9,1.0000000000000002,,,3,ORIGINAL
532,0,0.0,,1.0,,1,ORIGINAL
532,1,0.0,0.9999999999999999,1.0,,7,ORIGINAL
532,2,0.0,0.9561828874675149,0.9633150259944552,,7,ORIGINAL
532,3,0.0,0.9411764705882353,0.9478675140998328,,14,ORIGINAL
532,4,0.0,0.9847982464479191,1.0,,8,ORIGINAL
532,5,0.0,1.0,1.0,,11,ORIGINAL
532,6,0.0,0.6471502289294341,0.9646784562203947,,9,ORIGINAL
532,7,0.0,0.9434563530497265,1.0,,7,ORIGINAL
533,0,0.0,,0.9246351711452081,,1,ORIGINAL
533,1,0.0,0.0975900072948533,0.9246351711452081,,7,ORIGINAL
533,2,0.0,0.9486832980505138,0.9390073863570617,,5,ORIGINAL
533,3,0.0,0.6975184488828855,0.9530605271704613,,16,ORIGINAL
533,4,0.0,0.5454545454545454,0.9246351711452081,,5,ORIGINAL
533,5,0.0,0.3223291856101521,0.9246351711452081,,8,ORIGINAL
533,6,0.0,0.8164965809277259,0.9144329263272255,,6,ORIGINAL
533,7,0.0,,0.9246351711452081,,1,ORIGINAL
533,8,0.0,0.18181818181818182,0.9246351711452081,,5,ORIGINAL
533,9,0.0,0.7999999999999998,0.9246351711452081,,3,ORIGINAL
534,0,0.0,0.944911182523068,0.9794193453009999,,4,ORIGINAL
534,1,0.0,1.0000000000000002,0.9794193453009999,,6,ORIGINAL
534,2,0.0,0.9486832980505138,0.9292376106655201,,5,ORIGINAL
534,3,0.0,0.9999999999999998,0.8954618914220107,,8,ORIGINAL
534,4,0.0,0.8333333333333335,0.9794193453009999,,3,ORIGINAL
534,5,0.0,0.9999999999999998,0.9794193453009999,,5,ORIGINAL
534,6,0.0,0.6454972243679029,0.965928658737586,,7,ORIGINAL
534,7,0.0,1.0000000000000002,0.9794193453009999,,3,ORIGINAL
534,8,0.0,0.8333333333333335,0.9794193453009999,,3,ORIGINAL
534,9,0.0,0.9761870601839528,0.9794193453009999,,5,ORIGINAL
535,0,0.0,,,,3,ORIGINAL
535,1,0.0,0.44474958999666075,,,13,ORIGINAL
535,2,0.0,0.8000946913656627,,,16,ORIGINAL
535,3,0.0,0.6813851438692469,,,38,ORIGINAL
535,4,0.0,0.6115766297251507,,,14,ORIGINAL
535,5,0.0,0.5457051563317492,,,15,ORIGINAL
535,6,0.0,0.5443310539518174,,,15,ORIGINAL
535,7,0.0,0.7337993857053429,,,7,ORIGINAL
535,8,0.0,0.48686449556014766,,,9,ORIGINAL
535,9,0.0,0.894427190999916,,,6,ORIGINAL
536,0,0.0,,0.946223821174646,,3,ORIGINAL
536,1,0.0,0.4622501635210243,0.946223821174646,,9,ORIGINAL
536,2,0.0,0.7442084075352507,0.8791092376242975,,10,ORIGINAL
536,3,0.0,0.6825236327899352,0.8884161084142073,,19,ORIGINAL
536,4,0.0,0.9045340337332908,0.946223821174646,,7,ORIGINAL
536,5,0.0,0.9525793444156805,0.946223821174646,,6,ORIGINAL
536,6,0.0,0.6614378277661476,0.9304565195638744,,9,ORIGINAL
536,7,0.0,0.9428090415820635,0.946223821174646,,3,ORIGINAL
536,8,0.0,0.3999999999999999,0.946223821174646,,4,ORIGINAL
536,9,0.0,0.8017837257372732,0.946223821174646,,6,ORIGINAL
537,0,0.0,,1.0,,0,ORIGINAL
537,1,0.0,0.8660254037844387,1.0,,8,ORIGINAL
537,2,0.0,0.242535625036333,0.9633150259944552,,8,ORIGINAL
537,3,0.0,0.8492077756084468,0.9478675140998328,,17,ORIGINAL
537,4,0.0,0.680336051416609,1.0,,10,ORIGINAL
537,5,0.0,0.9197090092274486,1.0,,16,ORIGINAL
537,6,0.0,0.5262348115842176,0.9646784562203947,,13,ORIGINAL
537,7,0.0,0.9036961141150639,1.0,,6,ORIGINAL
537,8,0.0,0.8911327886790069,1.0,,13,ORIGINAL
537,9,0.0,0.6804138174397718,1.0,,7,ORIGINAL
538,0,0.0,1.0000000000000002,0.9623825744921536,,3,ORIGINAL
538,1,0.0,0.894427190999916,0.9623825744921536,,9,ORIGINAL
538,2,0.0,0.9128709291752769,0.9039457247248888,,9,ORIGINAL
538,3,0.0,0.8946300779688404,0.9255037785690072,,17,ORIGINAL
538,4,0.0,0.85,0.9623825744921536,,10,ORIGINAL
538,5,0.0,0.9203579866168444,0.9623825744921536,,11,ORIGINAL
538,6,0.0,0.5773502691896257,0.9443964442816921,,9,ORIGINAL
538,7,0.0,0.968962790249909,0.9623825744921536,,6,ORIGINAL
538,8,0.0,0.8705715001320139,0.9623825744921536,,7,ORIGINAL
538,9,0.0,0.9434563530497265,0.9623825744921536,,4,ORIGINAL
539,0,0.0,,1.0,,1,ORIGINAL
539,1,0.0,0.9428090415820635,1.0,,3,ORIGINAL
539,2,0.0,-0.6933752452815365,0.9633150259944552,,4,ORIGINAL
539,3,0.0,-0.42874646285627205,0.9478675140998328,,5,ORIGINAL
539,4,0.0,,1.0,,2,ORIGINAL
539,5,0.0,,1.0,,1,ORIGINAL
539,6,0.0,0.7559289460184544,0.9646784562203947,,4,ORIGINAL
539,7,0.0,,1.0,,2,ORIGINAL
539,8,0.0,,1.0,,1,ORIGINAL
539,9,0.0,,1.0,,2,ORIGINAL
540,0,0.0,,0.9478675140998328,,1,ORIGINAL
540,1,0.0,,0.9478675140998328,,2,ORIGINAL
540,2,0.0,0.8164965809277261,0.9777320874553711,,3,ORIGINAL
540,3,0.0,0.7071067811865475,1.0000000000000002,,4,ORIGINAL
540,4,0.0,,0.9478675140998328,,2,ORIGINAL
540,5,0.0,0.4472135954999579,0.9478675140998328,,5,ORIGINAL
540,6,0.0,,0.9413488731479989,,5,ORIGINAL
540,7,0.0,,0.9478675140998328,,1,ORIGINAL
540,8,0.0,,0.9478675140998328,,1,ORIGINAL
540,9,0.0,0.6666666666666666,0.9478675140998328,,3,ORIGINAL
541,0,0.0,,1.0,,2,ORIGINAL
541,1,0.0,,1.0,,2,ORIGINAL
541,2,0.0,0.0,0.9633150259944552,,3,ORIGINAL
541,3,0.0,-0.1556997888323046,0.9478675140998328,,9,ORIGINAL
541,4,0.0,0.18257418583505536,1.0,,4,ORIGINAL
541,5,0.0,0.6172133998483678,1.0,,12,ORIGINAL
541,6,0.0,0.944911182523068,0.9646784562203947,,4,ORIGINAL
541,7,0.0,0.9561828874675149,1.0,,5,ORIGINAL
541,8,0.0,0.9185586535436917,1.0,,6,ORIGINAL
541,9,0.0,0.3380617018914066,1.0,,7,ORIGINAL
542,0,0.0,,1.0,,0,ORIGINAL
542,1,0.0,0.8944271909999159,1.0,,5,ORIGINAL
542,2,0.0,0.7745966692414834,0.9633150259944552,,6,ORIGINAL
542,3,0.0,0.9647638212377322,0.9478675140998328,,10,ORIGINAL
542,4,0.0,0.75,1.0,,6,ORIGINAL
542,5,0.0,0.9285714285714286,1.0,,11,ORIGINAL
542,6,0.0,0.6943650748294137,0.9646784562203947,,11,ORIGINAL
542,7,0.0,0.9430419201928973,1.0,,11,ORIGINAL
542,8,0.0,0.8608284620211167,1.0,,12,ORIGINAL
542,9,0.0,0.8660254037844387,1.0,,4,ORIGINAL
543,0,0.0,,0.9699713572266225,,1,ORIGINAL
543,1,0.0,1.0000000000000002,0.9699713572266225,,3,ORIGINAL
543,2,0.0,0.4364357804719848,0.9059825079395406,,4,ORIGINAL
543,3,0.0,0.8838834764831843,0.8860247116862109,,5,ORIGINAL
543,4,0.0,0.9707253433941511,0.9699713572266225,,4,ORIGINAL
543,5,0.0,1.0000000000000002,0.9699713572266225,,6,ORIGINAL
543,6,0.0,0.8660254037844387,0.9660512382337655,,6,ORIGINAL
543,7,0.0,0.9428090415820635,0.9699713572266225,,3,ORIGINAL
543,8,0.0,,0.9699713572266225,,2,ORIGINAL
543,9,0.0,0.9701425001453319,0.9699713572266225,,5,ORIGINAL
544,0,0.0,0.35355339059327373,0.9176874781888023,,5,ORIGINAL
544,1,0.0,0.674199862463242,0.9176874781888023,,12,ORIGINAL
544,2,0.0,0.6735753140545635,0.8304229185905243,,15,ORIGINAL
544,3,0.0,0.5909090909090909,0.8163846632350169,,33,ORIGINAL
544,4,0.0,0.7027642214999339,0.9176874781888023,,14,ORIGINAL
544,5,0.0,0.447213595499958,0.9176874781888023,,16,ORIGINAL
544,6,0.0,0.7826237921249264,0.9148904443328377,,11,ORIGINAL
544,7,0.0,0.5892556509887896,0.9176874781888023,,9,ORIGINAL
544,8,0.0,0.33968311024337877,0.9176874781888023,,11,ORIGINAL
544,9,0.0,0.8728715609439696,0.9176874781888023,,5,ORIGINAL
545,0,0.0,,0.9828880236485676,,0,ORIGINAL
545,1,0.0,1.0000000000000002,0.9828880236485676,,3,ORIGINAL
545,2,0.0,,0.9652308227704157,,2,ORIGINAL
545,3,0.0,1.0000000000000002,0.9370246146599239,,3,ORIGINAL
545,4,0.0,,0.9828880236485676,,1,ORIGINAL
545,5,0.0,,0.9828880236485676,,2,ORIGINAL
545,6,0.0,0.33333333333333337,0.9391354019417469,,3,ORIGINAL
545,7,0.0,,0.9828880236485676,,2,ORIGINAL
545,8,0.0,,0.9828880236485676,,2,ORIGINAL
545,9,0.0,,0.9828880236485676,,2,ORIGINAL
546,0,0.0,,0.9589930753622198,,0,ORIGINAL
546,1,0.0,1.0000000000000002,0.9589930753622198,,3,ORIGINAL
546,2,0.0,1.0000000000000002,0.9359693075961526,,3,ORIGINAL
546,3,0.0,0.9467292624062573,0.9543194274255904,,9,ORIGINAL
546,4,0.0,0.8728715609439696,0.9589930753622198,,4,ORIGINAL
546,5,0.0,1.0000000000000002,0.9589930753622198,,6,ORIGINAL
546,6,0.0,0.5773502691896258,0.9542943671072828,,6,ORIGINAL
546,7,0.0,,0.9589930753622198,,2,ORIGINAL
546,8,0.0,0.8017837257372732,0.9589930753622198,,5,ORIGINAL
546,9,0.0,,0.9589930753622198,,1,ORIGINAL
547,0,0.0,,1.0,,0,ORIGINAL
547,1,0.0,,1.0,,0,ORIGINAL
547,2,0.0,,0.9633150259944552,,0,ORIGINAL
547,3,0.0,,0.9478675140998328,,1,ORIGINAL
547,4,0.0,,1.0,,0,ORIGINAL
547,5,0.0,,1.0,,1,ORIGINAL
547,6,0.0,,0.9646784562203947,,1,ORIGINAL
547,7,0.0,,1.0,,0,ORIGINAL
547,8,0.0,,1.0,,0,ORIGINAL
547,9,0.0,,1.0,,0,ORIGINAL
548,0,0.0,0.8660254037844387,0.9873047524038164,,8,ORIGINAL
548,1,0.0,0.9561828874675149,0.9873047524038164,,7,ORIGINAL
548,2,0.0,0.5204834387696163,0.9388822308849072,,14,ORIGINAL
548,3,0.0,0.5520176648479173,0.9395601517545812,,36,ORIGINAL
548,4,0.0,0.8783100656536798,0.9873047524038164,,9,ORIGINAL
548,5,0.0,0.9669875568304563,0.9873047524038164,,12,ORIGINAL
548,6,0.0,0.5384615384615385,0.9638856067052094,,15,ORIGINAL
548,7,0.0,0.9438798074485389,0.9873047524038164,,8,ORIGINAL
548,8,0.0,0.9561828874675149,0.9873047524038164,,10,ORIGINAL
548,9,0.0,0.9028938981432691,0.9873047524038164,,9,ORIGINAL
549,21,0.9,0.9523809523809523,,,6,ORIGINAL
549,232,0.9,,,,0,ORIGINAL
549,532,0.9,0.9707253433941511,,,4,ORIGINAL
549,560,0.9,1.0000000000000002,,,3,ORIGINAL
549,658,0.9,,,,2,ORIGINAL
549,739,0.9,0.9999999999999998,,,5,ORIGINAL
549,0,0.0,,,,0,ORIGINAL
549,1,0.0,0.9622504486493763,,,3,ORIGINAL
549,2,0.0,,,,1,ORIGINAL
549,3,0.0,,,,1,ORIGINAL
550,0,0.0,0.9428090415820635,0.9547094735382771,,3,ORIGINAL
550,1,0.0,1.0000000000000002,0.9547094735382771,,3,ORIGINAL
550,2,0.0,1.0,0.9773974142291777,,4,ORIGINAL
550,3,0.0,0.9561828874675149,0.9866204935499575,,7,ORIGINAL
550,4,0.0,0.9622504486493763,0.9547094735382771,,3,ORIGINAL
550,5,0.0,1.0000000000000002,0.9547094735382771,,3,ORIGINAL
550,6,0.0,0.7745966692414834,0.9639000527745771,,3,ORIGINAL
550,7,0.0,,0.9547094735382771,,2,ORIGINAL
550,8,0.0,,0.9547094735382771,,2,ORIGINAL
550,9,0.0,,0.9547094735382771,,2,ORIGINAL
551,38,0.9,,0.9246351769434363,,0,ORIGINAL
551,0,0.0,,1.0,,0,ORIGINAL
551,1,0.0,,1.0,,1,ORIGINAL
551,2,0.0,,0.9633150259944552,,1,ORIGINAL
551,3,0.0,0.9622504486493763,0.9478675140998328,,3,ORIGINAL
551,4,0.0,,1.0,,0,ORIGINAL
551,5,0.0,0.9622504486493763,1.0,,3,ORIGINAL
551,6,0.0,0.5773502691896257,0.9646784562203947,,3,ORIGINAL
551,7,0.0,,1.0,,2,ORIGINAL
551,8,0.0,,1.0,,1,ORIGINAL
552,0,0.0,,0.946422542604079,,1,ORIGINAL
552,1,0.0,,0.946422542604079,,1,ORIGINAL
552,2,0.0,0.9428090415820635,0.9364023538492415,,3,ORIGINAL
552,3,0.0,0.9486832980505138,0.946063816953565,,6,ORIGINAL
552,4,0.0,,0.946422542604079,,0,ORIGINAL
552,5,0.0,,0.946422542604079,,1,ORIGINAL
552,6,0.0,,0.9660329880199567,,0,ORIGINAL
552,7,0.0,,0.946422542604079,,1,ORIGINAL
552,8,0.0,,0.946422542604079,,0,ORIGINAL
552,9,0.0,,0.946422542604079,,2,ORIGINAL
553,0,0.0,,1.0,,0,ORIGINAL
553,1,0.0,,1.0,,2,ORIGINAL
553,2,0.0,1.0000000000000002,0.9633150259944552,,3,ORIGINAL
553,3,0.0,0.8749999999999998,0.9478675140998328,,5,ORIGINAL
553,4,0.0,,1.0,,2,ORIGINAL
553,5,0.0,0.9428090415820635,1.0,,3,ORIGINAL
553,6,0.0,0.944911182523068,0.9646784562203947,,4,ORIGINAL
553,7,0.0,1.0000000000000002,1.0,,3,ORIGINAL
553,8,0.0,,1.0,,2,ORIGINAL
553,9,0.0,,1.0,,2,ORIGINAL
554,0,0.0,,0.9472315698006006,,1,ORIGINAL
554,1,0.0,,0.9472315698006006,,2,ORIGINAL
554,2,0.0,0.3333333333333333,0.9299349164979868,,6,ORIGINAL
554,3,0.0,0.5345224838248487,0.9008930007330432,,7,ORIGINAL
554,4,0.0,0.9428090415820632,0.9472315698006006,,3,ORIGINAL
554,5,0.0,0.7559289460184544,0.9472315698006006,,7,ORIGINAL
554,6,0.0,0.8017837257372731,0.9765532425873952,,4,ORIGINAL
554,7,0.0,0.2773500981126146,0.9472315698006006,,4,ORIGINAL
554,8,0.0,0.960768922830523,0.9472315698006006,,4,ORIGINAL
554,9,0.0,,0.9472315698006006,,4,ORIGINAL
555,0,0.0,,0.9808074276549021,,2,ORIGINAL
555,1,0.0,1.0,0.9808074276549021,,4,ORIGINAL
555,2,0.0,,0.9704064442287548,,2,ORIGINAL
555,3,0.0,0.8819171036881969,0.9434388010650644,,7,ORIGINAL
555,4,0.0,1.0,0.9808074276549021,,4,ORIGINAL
555,5,0.0,0.8944271909999159,0.9808074276549021,,5,ORIGINAL
555,6,0.0,0.8164965809277259,0.9385487595062291,,3,ORIGINAL
555,7,0.0,0.9486832980505138,0.9808074276549021,,4,ORIGINAL
555,8,0.0,,0.9808074276549021,,2,ORIGINAL
555,9,0.0,0.9707253433941511,0.9808074276549021,,4,ORIGINAL
556,0,0.0,,1.0,,2,ORIGINAL
556,1,0.0,0.9999999999999998,1.0,,5,ORIGINAL
556,2,0.0,,0.9633150259944552,,2,ORIGINAL
556,3,0.0,0.9525793444156805,0.9478675140998328,,6,ORIGINAL
556,4,0.0,,1.0,,1,ORIGINAL
556,5,0.0,1.0000000000000002,1.0,,3,ORIGINAL
556,6,0.0,0.8164965809277259,0.9646784562203947,,3,ORIGINAL
556,7,0.0,,1.0,,2,ORIGINAL
556,8,0.0,,1.0,,1,ORIGINAL
556,9,0.0,,1.0,,2,ORIGINAL
557,0,0.0,,0.9265269117556914,,1,ORIGINAL
557,1,0.0,0.33333333333333337,0.9265269117556914,,3,ORIGINAL
557,2,0.0,,0.8674344094137334,,2,ORIGINAL
557,3,0.0,0.588348405414552,0.8508475957054924,,7,ORIGINAL
557,4,0.0,,0.9265269117556914,,1,ORIGINAL
557,5,0.0,,0.9265269117556914,,2,ORIGINAL
557,6,0.0,0.7745966692414834,0.930580453129016,,3,ORIGINAL
557,7,0.0,,0.9265269117556914,,0,ORIGINAL
557,8,0.0,,0.9265269117556914,,1,ORIGINAL
557,9,0.0,0.18257418583505536,0.9265269117556914,,4,ORIGINAL
558,0,0.0,,0.9699713572266225,,1,ORIGINAL
558,1,0.0,0.7745966692414834,0.9699713572266225,,5,ORIGINAL
558,2,0.0,0.6708203932499369,0.9059825079395406,,7,ORIGINAL
558,3,0.0,0.6172133998483678,0.8860247116862109,,9,ORIGINAL
558,4,0.0,0.6324555320336759,0.9699713572266225,,4,ORIGINAL
558,5,0.0,0.6324555320336759,0.9699713572266225,,6,ORIGINAL
558,6,0.0,0.5070925528371099,0.9660512382337655,,9,ORIGINAL
558,7,0.0,0.8728715609439696,0.9699713572266225,,4,ORIGINAL
558,8,0.0,,0.9699713572266225,,1,ORIGINAL
558,9,0.0,0.9428090415820635,0.9699713572266225,,6,ORIGINAL
559,0,0.0,,0.9277359444864142,,0,ORIGINAL
559,1,0.0,1.0,0.9277359444864142,,4,ORIGINAL
559,2,0.0,,0.8743475530778493,,1,ORIGINAL
559,3,0.0,0.9428090415820635,0.890581024710849,,3,ORIGINAL
559,4,0.0,,0.9277359444864142,,2,ORIGINAL
559,5,0.0,1.0000000000000002,0.9277359444864142,,3,ORIGINAL
559,6,0.0,0.5070925528371099,0.9225706335733073,,4,ORIGINAL
559,7,0.0,,0.9277359444864142,,1,ORIGINAL
559,8,0.0,,0.9277359444864142,,1,ORIGINAL
559,9,0.0,1.0000000000000002,0.9277359444864142,,3,ORIGINAL
560,517,0.9,0.8693182879212227,0.9866204948108988,,10,ORIGINAL
560,549,0.9,1.0000000000000002,,,3,ORIGINAL
560,739,0.9,1.0000000000000002,,,3,ORIGINAL
560,0,0.0,,0.9547094735321136,,1,ORIGINAL
560,1,0.0,0.9761870601839528,0.9547094735321136,,5,ORIGINAL
560,2,0.0,0.894427190999916,0.9773974148987788,,6,ORIGINAL
560,3,0.0,0.9163795899053139,0.9866204948108988,,14,ORIGINAL
560,4,0.0,0.8571428571428571,0.9547094735321136,,5,ORIGINAL
560,5,0.0,0.9438798074485388,0.9547094735321136,,10,ORIGINAL
560,6,0.0,0.9486832980505138,0.963900050036881,,9,ORIGINAL
561,0,0.0,,0.9265269144557784,,0,ORIGINAL
561,1,0.0,,0.9265269144557784,,1,ORIGINAL
561,2,0.0,,0.8674344100157444,,1,ORIGINAL
561,3,0.0,,0.8508475952763901,,1,ORIGINAL
561,4,0.0,,0.9265269144557784,,2,ORIGINAL
561,5,0.0,,0.9265269144557784,,1,ORIGINAL
561,6,0.0,0.5477225575051661,0.9305804524064215,,3,ORIGINAL
561,7,0.0,,0.9265269144557784,,0,ORIGINAL
561,8,0.0,,0.9265269144557784,,1,ORIGINAL
561,9,0.0,,0.9265269144557784,,1,ORIGINAL
562,0,0.0,0.9258200997725515,0.9944254074268432,,9,ORIGINAL
562,1,0.0,0.9486832980505138,0.9944254074268432,,14,ORIGINAL
562,2,0.0,0.9463495102642552,0.954044720345239,,16,ORIGINAL
562,3,0.0,0.8569592084617097,0.9544564213899864,,36,ORIGINAL
562,4,0.0,0.9207509207513811,0.9944254074268432,,14,ORIGINAL
562,5,0.0,0.9406401658278406,0.9944254074268432,,13,ORIGINAL
562,6,0.0,0.6612035107624793,0.9624858850401476,,19,ORIGINAL
562,7,0.0,0.9434563530497265,0.9944254074268432,,8,ORIGINAL
562,8,0.0,0.9071147352221454,0.9944254074268432,,10,ORIGINAL
562,9,0.0,0.9359709753334591,0.9944254074268432,,12,ORIGINAL
563,0,0.0,,0.9589930743997879,,0,ORIGINAL
563,1,0.0,0.7071067811865475,0.9589930743997879,,4,ORIGINAL
563,2,0.0,0.7302967433402214,0.9359693053925601,,4,ORIGINAL
563,3,0.0,0.7378647873726218,0.9543194247012607,,8,ORIGINAL
563,4,0.0,,0.9589930743997879,,2,ORIGINAL
563,5,0.0,0.8944271909999159,0.9589930743997879,,5,ORIGINAL
563,6,0.0,0.0,0.9542943652531698,,3,ORIGINAL
563,7,0.0,,0.9589930743997879,,2,ORIGINAL
563,8,0.0,0.7001400420140049,0.9589930743997879,,5,ORIGINAL
563,9,0.0,,0.9589930743997879,,2,ORIGINAL
564,0,0.0,,0.9770930333460692,,1,ORIGINAL
564,1,0.0,0.8944271909999159,0.9770930333460692,,5,ORIGINAL
564,2,0.0,0.9486832980505138,0.9426950542058579,,4,ORIGINAL
564,3,0.0,0.9166666666666666,0.9697879072350232,,10,ORIGINAL
564,4,0.0,0.9622504486493763,0.9770930333460692,,3,ORIGINAL
564,5,0.0,0.9128709291752769,0.9770930333460692,,6,ORIGINAL
564,6,0.0,0.8451542547285165,0.9343338179348393,,5,ORIGINAL
564,7,0.0,0.944911182523068,0.9770930333460692,,4,ORIGINAL
564,8,0.0,0.9622504486493763,0.9770930333460692,,3,ORIGINAL
564,9,0.0,0.9761870601839528,0.9770930333460692,,5,ORIGINAL
565,0,0.0,,0.969971356750688,,2,ORIGINAL
565,1,0.0,0.7977240352174656,0.969971356750688,,7,ORIGINAL
565,2,0.0,0.8728715609439696,0.9059825054241087,,4,ORIGINAL
565,3,0.0,0.8728715609439696,0.8860247084563049,,8,ORIGINAL
565,4,0.0,0.7442084075352507,0.969971356750688,,4,ORIGINAL
565,5,0.0,0.7715167498104595,0.969971356750688,,6,ORIGINAL
565,6,0.0,0.48349377841522817,0.9660512358711693,,9,ORIGINAL
565,7,0.0,0.7715167498104595,0.969971356750688,,4,ORIGINAL
565,8,0.0,0.7071067811865475,0.969971356750688,,3,ORIGINAL
565,9,0.0,0.8356716504931925,0.969971356750688,,7,ORIGINAL
566,0,0.0,1.0000000000000002,0.9808074276549021,,3,ORIGINAL
566,1,0.0,0.9090909090909091,0.9808074276549021,,8,ORIGINAL
566,2,0.0,0.9141379262169076,0.9704064442287548,,12,ORIGINAL
566,3,0.0,0.9231861823449954,0.9434388010650644,,21,ORIGINAL
566,4,0.0,0.8916451401205646,0.9808074276549021,,11,ORIGINAL
566,5,0.0,0.9271726499455306,0.9808074276549021,,13,ORIGINAL
566,6,0.0,0.6030226891555273,0.9385487595062291,,10,ORIGINAL
566,7,0.0,0.9434563530497265,0.9808074276549021,,7,ORIGINAL
566,8,0.0,0.8959786703810408,0.9808074276549021,,9,ORIGINAL
566,9,0.0,0.8504200642707612,0.9808074276549021,,5,ORIGINAL
567,0,0.0,,0.9545005813135693,,0,ORIGINAL
567,1,0.0,,0.9545005813135693,,2,ORIGINAL
567,2,0.0,,0.8965726495809305,,2,ORIGINAL
567,3,0.0,1.0000000000000002,0.911733525129955,,3,ORIGINAL
567,4,0.0,,0.9545005813135693,,1,ORIGINAL
567,5,0.0,,0.9545005813135693,,2,ORIGINAL
567,6,0.0,0.8944271909999159,0.9422929887194212,,5,ORIGINAL
567,7,0.0,1.0000000000000002,0.9545005813135693,,3,ORIGINAL
567,8,0.0,,0.9545005813135693,,2,ORIGINAL
567,9,0.0,,0.9545005813135693,,2,ORIGINAL
568,739,0.9,1.0000000000000002,,,3,ORIGINAL
568,0,0.0,,0.9824636492987208,,0,ORIGINAL
568,1,0.0,1.0,0.9824636492987208,,4,ORIGINAL
568,2,0.0,,0.9373812376983589,,0,ORIGINAL
568,3,0.0,0.944911182523068,0.9051753863583857,,4,ORIGINAL
568,4,0.0,0.9622504486493763,0.9824636492987208,,3,ORIGINAL
568,5,0.0,0.8660254037844387,0.9824636492987208,,4,ORIGINAL
568,6,0.0,0.8451542547285165,0.9655410097462167,,5,ORIGINAL
568,7,0.0,1.0000000000000002,0.9824636492987208,,3,ORIGINAL
568,8,0.0,,0.9824636492987208,,2,ORIGINAL
569,0,0.0,,1.0,,0,ORIGINAL
569,1,0.0,,1.0,,2,ORIGINAL
569,2,0.0,,0.9633150259944552,,1,ORIGINAL
569,3,0.0,,0.9478675140998328,,1,ORIGINAL
569,4,0.0,,1.0,,1,ORIGINAL
569,5,0.0,,1.0,,2,ORIGINAL
569,6,0.0,,0.9646784562203947,,2,ORIGINAL
569,7,0.0,,1.0,,1,ORIGINAL
569,8,0.0,,1.0,,0,ORIGINAL
569,9,0.0,,1.0,,0,ORIGINAL
570,0,0.0,,0.9699713551191103,,2,ORIGINAL
570,1,0.0,1.0,0.9699713551191103,,4,ORIGINAL
570,2,0.0,1.0,0.9059825036494301,,4,ORIGINAL
570,3,0.0,0.8728715609439696,0.8860247085843699,,7,ORIGINAL
570,4,0.0,0.9561828874675149,0.9699713551191103,,5,ORIGINAL
570,5,0.0,0.8944271909999159,0.9699713551191103,,5,ORIGINAL
570,6,0.0,0.8485281374238569,0.9660512365050365,,5,ORIGINAL
570,7,0.0,,0.9699713551191103,,1,ORIGINAL
570,8,0.0,,0.9699713551191103,,1,ORIGINAL
570,9,0.0,0.9486832980505138,0.9699713551191103,,4,ORIGINAL
571,0,0.0,,0.961120586841919,,0,ORIGINAL
571,1,0.0,0.9428090415820635,0.961120586841919,,3,ORIGINAL
571,2,0.0,1.0000000000000002,0.9521660180930676,,3,ORIGINAL
571,3,0.0,0.894427190999916,0.9352301584940231,,9,ORIGINAL
571,4,0.0,0.8845379626717033,0.961120586841919,,6,ORIGINAL
571,5,0.0,0.6804138174397718,0.961120586841919,,6,ORIGINAL
571,6,0.0,0.7857142857142857,0.9665349418267045,,8,ORIGINAL
571,7,0.0,0.9594032236002469,0.961120586841919,,5,ORIGINAL
571,8,0.0,0.8869685939836239,0.961120586841919,,7,ORIGINAL
571,9,0.0,0.9707253433941511,0.961120586841919,,4,ORIGINAL
572,0,0.0,,1.0,,0,ORIGINAL
572,1,0.0,,1.0,,0,ORIGINAL
572,2,0.0,,0.9633150259944552,,1,ORIGINAL
572,3,0.0,,0.9478675140998328,,1,ORIGINAL
572,4,0.0,,1.0,,0,ORIGINAL
572,5,0.0,,1.0,,0,ORIGINAL
572,6,0.0,,0.9646784562203947,,0,ORIGINAL
572,7,0.0,,1.0,,0,ORIGINAL
572,8,0.0,,1.0,,0,ORIGINAL
572,9,0.0,,1.0,,0,ORIGINAL
573,0,0.0,,0.9545005813135693,,0,ORIGINAL
573,1,0.0,,0.9545005813135693,,1,ORIGINAL
573,2,0.0,,0.8965726495809305,,1,ORIGINAL
573,3,0.0,,0.911733525129955,,2,ORIGINAL
573,4,0.0,,0.9545005813135693,,0,ORIGINAL
573,5,0.0,,0.9545005813135693,,1,ORIGINAL
573,6,0.0,-0.5773502691896258,0.9422929887194212,,3,ORIGINAL
573,7,0.0,,0.9545005813135693,,0,ORIGINAL
573,8,0.0,,0.9545005813135693,,0,ORIGINAL
573,9,0.0,,0.9545005813135693,,0,ORIGINAL
574,0,0.0,,0.9794193485015635,,2,ORIGINAL
574,1,0.0,0.857142857142857,0.9794193485015635,,4,ORIGINAL
574,2,0.0,0.8499999999999999,0.9292376140178872,,11,ORIGINAL
574,3,0.0,0.8413753371192062,0.8954618946154363,,18,ORIGINAL
574,4,0.0,0.9339475705392295,0.9794193485015635,,10,ORIGINAL
574,5,0.0,0.9486832980505138,0.9794193485015635,,10,ORIGINAL
574,6,0.0,0.6396021490668313,0.9659286563039695,,10,ORIGINAL
574,7,0.0,0.9761870601839528,0.9794193485015635,,5,ORIGINAL
574,8,0.0,0.9647638212377322,0.9794193485015635,,4,ORIGINAL
574,9,0.0,0.9737289911202953,0.9794193485015635,,6,ORIGINAL
575,0,0.0,,0.9865432291009868,,1,ORIGINAL
575,1,0.0,0.5773502691896258,0.9865432291009868,,3,ORIGINAL
575,2,0.0,0.8164965809277259,0.946452462077083,,5,ORIGINAL
575,3,0.0,0.5222329678670935,0.9288382417506102,,8,ORIGINAL
575,4,0.0,,0.9865432291009868,,3,ORIGINAL
575,5,0.0,0.5,0.9865432291009868,,4,ORIGINAL
575,6,0.0,,0.9560412601772939,,3,ORIGINAL
575,7,0.0,0.8164965809277261,0.9865432291009868,,3,ORIGINAL
575,8,0.0,,0.9865432291009868,,1,ORIGINAL
575,9,0.0,0.588348405414552,0.9865432291009868,,4,ORIGINAL
576,0,0.0,,0.9567031275773458,,1,ORIGINAL
576,1,0.0,1.0,0.9567031275773458,,4,ORIGINAL
576,2,0.0,,0.8856912312434111,,2,ORIGINAL
576,3,0.0,1.0,0.9004262902871312,,4,ORIGINAL
576,4,0.0,,0.9567031275773458,,2,ORIGINAL
576,5,0.0,0.8944271909999159,0.9567031275773458,,5,ORIGINAL
576,6,0.0,0.8660254037844387,0.931148513746866,,4,ORIGINAL
576,7,0.0,0.944911182523068,0.9567031275773458,,4,ORIGINAL
576,8,0.0,,0.9567031275773458,,1,ORIGINAL
576,9,0.0,1.0,0.9567031275773458,,4,ORIGINAL
577,0,0.0,,0.9589930743581244,,0,ORIGINAL
577,1,0.0,0.8164965809277259,0.9589930743581244,,3,ORIGINAL
577,2,0.0,0.8703882797784892,0.9359693065154513,,5,ORIGINAL
577,3,0.0,0.8682431421244593,0.9543194263435196,,7,ORIGINAL
577,4,0.0,,0.9589930743581244,,2,ORIGINAL
577,5,0.0,0.9258200997725514,0.9589930743581244,,7,ORIGINAL
577,6,0.0,0.5669467095138409,0.9542943651967457,,4,ORIGINAL
577,7,0.0,,0.9589930743581244,,2,ORIGINAL
577,8,0.0,0.9622504486493763,0.9589930743581244,,3,ORIGINAL
577,9,0.0,0.9622504486493763,0.9589930743581244,,3,ORIGINAL
578,0,0.0,0.5661385170722979,0.9806790827122713,,10,ORIGINAL
578,1,0.0,0.9341987329938275,0.9806790827122713,,14,ORIGINAL
578,2,0.0,0.7416198487095663,0.9341955275642331,,11,ORIGINAL
578,3,0.0,0.721178860387891,0.9453174449713314,,37,ORIGINAL
578,4,0.0,0.9120291854009068,0.9806790827122713,,13,ORIGINAL
578,5,0.0,0.7715167498104597,0.9806790827122713,,18,ORIGINAL
578,6,0.0,0.5714285714285714,0.9561958125198223,,16,ORIGINAL
578,7,0.0,0.923869770874312,0.9806790827122713,,9,ORIGINAL
578,8,0.0,0.8255008255012383,0.9806790827122713,,10,ORIGINAL
578,9,0.0,0.8000946913656629,0.9806790827122713,,10,ORIGINAL
579,0,0.0,,0.9646784575040955,,1,ORIGINAL
579,1,0.0,0.9486832980505138,0.9646784575040955,,5,ORIGINAL
579,2,0.0,1.0000000000000002,0.9658346093695405,,6,ORIGINAL
579,3,0.0,0.9428090415820635,0.9413488761945782,,13,ORIGINAL
579,4,0.0,0.9561828874675149,0.9646784575040955,,4,ORIGINAL
579,5,0.0,0.9506541513652698,0.9646784575040955,,8,ORIGINAL
579,6,0.0,0.5477225575051661,0.9999999999999946,,9,ORIGINAL
579,7,0.0,0.9428090415820635,0.9646784575040955,,3,ORIGINAL
579,8,0.0,0.9014978717104176,0.9646784575040955,,9,ORIGINAL
579,9,0.0,0.9434563530497265,0.9646784575040955,,4,ORIGINAL
580,0,0.0,,0.9865432291009868,,0,ORIGINAL
580,1,0.0,,0.9865432291009868,,1,ORIGINAL
580,2,0.0,0.8703882797784892,0.946452462077083,,5,ORIGINAL
580,3,0.0,0.7276068751089989,0.9288382417506102,,8,ORIGINAL
580,4,0.0,0.4472135954999579,0.9865432291009868,,4,ORIGINAL
580,5,0.0,0.0,0.9865432291009868,,7,ORIGINAL
580,6,0.0,0.7071067811865475,0.9560412601772939,,4,ORIGINAL
580,7,0.0,0.8164965809277261,0.9865432291009868,,3,ORIGINAL
580,8,0.0,0.5773502691896258,0.9865432291009868,,3,ORIGINAL
580,9,0.0,,0.9865432291009868,,2,ORIGINAL
581,0,0.0,,0.9545005820153565,,1,ORIGINAL
581,1,0.0,0.9486832980505138,0.9545005820153565,,6,ORIGINAL
581,2,0.0,0.9513029883089883,0.8965726563327592,,8,ORIGINAL
581,3,0.0,0.9503819266229829,0.9117335320207649,,13,ORIGINAL
581,4,0.0,0.8770580193070293,0.9545005820153565,,4,ORIGINAL
581,5,0.0,0.9045340337332909,0.9545005820153565,,5,ORIGINAL
581,6,0.0,0.8198915917499229,0.9422929909120505,,8,ORIGINAL
581,7,0.0,1.0000000000000002,0.9545005820153565,,3,ORIGINAL
581,8,0.0,,0.9545005820153565,,2,ORIGINAL
581,9,0.0,0.9449111825230682,0.9545005820153565,,6,ORIGINAL
582,0,0.0,,1.0,,1,ORIGINAL
582,1,0.0,0.944911182523068,1.0,,4,ORIGINAL
582,2,0.0,0.944911182523068,0.9633150259944552,,4,ORIGINAL
582,3,0.0,0.9428090415820635,0.9478675140998328,,6,ORIGINAL
582,4,0.0,0.9707253433941511,1.0,,4,ORIGINAL
582,5,0.0,0.9999999999999998,1.0,,5,ORIGINAL
582,6,0.0,0.7745966692414834,0.9646784562203947,,3,ORIGINAL
582,7,0.0,,1.0,,1,ORIGINAL
582,8,0.0,,1.0,,2,ORIGINAL
582,9,0.0,0.8504200642707612,1.0,,5,ORIGINAL
583,0,0.0,,0.9398226041729166,,1,ORIGINAL
583,1,0.0,,0.9398226041729166,,2,ORIGINAL
583,2,0.0,1.0000000000000002,0.8646694139096448,,3,ORIGINAL
583,3,0.0,0.857142857142857,0.8378768583197207,,4,ORIGINAL
583,4,0.0,,0.9398226041729166,,2,ORIGINAL
583,5,0.0,0.9428090415820635,0.9398226041729166,,3,ORIGINAL
583,6,0.0,0.9428090415820635,0.9343365156619177,,3,ORIGINAL
583,7,0.0,,0.9398226041729166,,2,ORIGINAL
583,8,0.0,,0.9398226041729166,,2,ORIGINAL
583,9,0.0,0.9525793444156805,0.9398226041729166,,3,ORIGINAL
584,0,0.0,,0.9351398075296958,,0,ORIGINAL
584,1,0.0,0.9486832980505138,0.9351398075296958,,4,ORIGINAL
584,2,0.0,,0.8567595585400767,,1,ORIGINAL
584,3,0.0,,0.8522172973577464,,2,ORIGINAL
584,4,0.0,,0.9351398075296958,,2,ORIGINAL
584,5,0.0,0.9428090415820635,0.9351398075296958,,3,ORIGINAL
584,6,0.0,,0.93113482071013,,2,ORIGINAL
584,7,0.0,,0.9351398075296958,,1,ORIGINAL
584,8,0.0,,0.9351398075296958,,1,ORIGINAL
584,9,0.0,0.9428090415820635,0.9351398075296958,,3,ORIGINAL
585,0,0.0,,0.967374230957358,,0,ORIGINAL
585,1,0.0,,0.967374230957358,,0,ORIGINAL
585,2,0.0,,0.9184183520074105,,2,ORIGINAL
585,3,0.0,0.9707253433941511,0.9081496921288182,,4,ORIGINAL
585,4,0.0,,0.967374230957358,,1,ORIGINAL
585,5,0.0,,0.967374230957358,,0,ORIGINAL
585,6,0.0,,0.971639207558404,,0,ORIGINAL
585,7,0.0,,0.967374230957358,,0,ORIGINAL
585,8,0.0,,0.967374230957358,,0,ORIGINAL
585,9,0.0,,0.967374230957358,,0,ORIGINAL
586,0,0.0,,0.9420432324198635,,1,ORIGINAL
586,1,0.0,,0.9420432324198635,,1,ORIGINAL
586,2,0.0,0.8888888888888888,0.9356941912126854,,6,ORIGINAL
586,3,0.0,0.9999999999999998,0.9599929174366216,,10,ORIGINAL
586,4,0.0,0.8528028654224417,0.9420432324198635,,5,ORIGINAL
586,5,0.0,0.9999999999999998,0.9420432324198635,,8,ORIGINAL
586,6,0.0,0.45226701686664544,0.9403748607176723,,5,ORIGINAL
586,7,0.0,0.9428090415820635,0.9420432324198635,,3,ORIGINAL
586,8,0.0,1.0000000000000002,0.9420432324198635,,3,ORIGINAL
586,9,0.0,,0.9420432324198635,,2,ORIGINAL
587,0,0.0,,0.9663057389099544,,1,ORIGINAL
587,1,0.0,,0.9663057389099544,,2,ORIGINAL
587,2,0.0,0.9428090415820635,0.9241958745414058,,3,ORIGINAL
587,3,0.0,0.9045340337332909,0.8997950185386407,,9,ORIGINAL
587,4,0.0,,0.9663057389099544,,1,ORIGINAL
587,5,0.0,0.9428090415820635,0.9663057389099544,,3,ORIGINAL
587,6,0.0,0.1889822365046136,0.9719080969836214,,4,ORIGINAL
587,7,0.0,,0.9663057389099544,,0,ORIGINAL
587,8,0.0,,0.9663057389099544,,1,ORIGINAL
587,9,0.0,,0.9663057389099544,,1,ORIGINAL
588,0,0.0,,,,0,ORIGINAL
588,1,0.0,,,,1,ORIGINAL
588,2,0.0,,,,0,ORIGINAL
588,3,0.0,,,,1,ORIGINAL
588,4,0.0,,,,1,ORIGINAL
588,5,0.0,0.9428090415820635,,,3,ORIGINAL
588,6,0.0,,,,1,ORIGINAL
588,7,0.0,,,,0,ORIGINAL
588,8,0.0,,,,1,ORIGINAL
588,9,0.0,,,,1,ORIGINAL
589,0,0.0,,0.9794193471546584,,1,ORIGINAL
589,1,0.0,0.9622504486493764,0.9794193471546584,,6,ORIGINAL
589,2,0.0,0.9473729613780999,0.9292376108186485,,8,ORIGINAL
589,3,0.0,0.909154827298409,0.8954618926735984,,11,ORIGINAL
589,4,0.0,0.9669875568304563,0.9794193471546584,,5,ORIGINAL
589,5,0.0,0.9827076298239908,0.9794193471546584,,7,ORIGINAL
589,6,0.0,0.5783149319662404,0.9659286558888504,,8,ORIGINAL
589,7,0.0,0.8770580193070293,0.9794193471546584,,4,ORIGINAL
589,8,0.0,0.9999999999999998,0.9794193471546584,,4,ORIGINAL
589,9,0.0,0.9128709291752769,0.9794193471546584,,6,ORIGINAL
590,0,0.0,,0.9594009331406151,,1,ORIGINAL
590,1,0.0,,0.9594009331406151,,2,ORIGINAL
590,2,0.0,0.8703882797784892,0.9838151387945194,,5,ORIGINAL
590,3,0.0,0.6546536707079772,0.9455680622862827,,9,ORIGINAL
590,4,0.0,0.6681531047810609,0.9594009331406151,,5,ORIGINAL
590,5,0.0,0.8819171036881969,0.9594009331406151,,7,ORIGINAL
590,6,0.0,0.9428090415820635,0.9765368585167499,,3,ORIGINAL
590,7,0.0,,0.9594009331406151,,1,ORIGINAL
590,8,0.0,0.9428090415820635,0.9594009331406151,,3,ORIGINAL
590,9,0.0,0.8660254037844387,0.9594009331406151,,3,ORIGINAL
591,0,0.0,,0.969971356750688,,0,ORIGINAL
591,1,0.0,,0.969971356750688,,0,ORIGINAL
591,2,0.0,,0.9059825054241087,,0,ORIGINAL
591,3,0.0,,0.8860247084563049,,1,ORIGINAL
591,4,0.0,,0.969971356750688,,1,ORIGINAL
591,5,0.0,,0.969971356750688,,0,ORIGINAL
591,6,0.0,,0.9660512358711693,,0,ORIGINAL
591,7,0.0,,0.969971356750688,,0,ORIGINAL
591,8,0.0,,0.969971356750688,,0,ORIGINAL
591,9,0.0,,0.969971356750688,,0,ORIGINAL
592,0,0.0,,1.0,,0,ORIGINAL
592,1,0.0,,1.0,,0,ORIGINAL
592,2,0.0,,0.9633150259944552,,2,ORIGINAL
592,3,0.0,,0.9478675140998328,,3,ORIGINAL
592,4,0.0,,1.0,,0,ORIGINAL
592,5,0.0,,1.0,,1,ORIGINAL
592,6,0.0,,0.9646784562203947,,0,ORIGINAL
592,7,0.0,,1.0,,0,ORIGINAL
592,8,0.0,,1.0,,0,ORIGINAL
592,9,0.0,,1.0,,0,ORIGINAL
593,0,0.0,,0.9528205462346803,,0,ORIGINAL
593,1,0.0,0.944911182523068,0.9528205462346803,,4,ORIGINAL
593,2,0.0,0.8603090020146066,0.9555396379349221,,7,ORIGINAL
593,3,0.0,0.8587538611150074,0.9747204209657291,,14,ORIGINAL
593,4,0.0,0.9333333333333332,0.9528205462346803,,6,ORIGINAL
593,5,0.0,0.9431191251430151,0.9528205462346803,,10,ORIGINAL
593,6,0.0,0.545544725589981,0.9738170082873187,,8,ORIGINAL
593,7,0.0,0.8999999999999998,0.9528205462346803,,4,ORIGINAL
593,8,0.0,0.9518172686249524,0.9528205462346803,,8,ORIGINAL
593,9,0.0,0.9525793444156805,0.9528205462346803,,3,ORIGINAL
594,0,0.0,0.9486832980505138,1.0,,4,ORIGINAL
594,1,0.0,0.9561828874675149,1.0,,5,ORIGINAL
594,2,0.0,,0.9633150259944552,,1,ORIGINAL
594,3,0.0,0.8922178162191937,0.9478675140998328,,10,ORIGINAL
594,4,0.0,,1.0,,2,ORIGINAL
594,5,0.0,,1.0,,2,ORIGINAL
594,6,0.0,,0.9646784562203947,,2,ORIGINAL
594,7,0.0,0.9525793444156805,1.0,,3,ORIGINAL
594,8,0.0,0.9622504486493763,1.0,,3,ORIGINAL
594,9,0.0,,1.0,,0,ORIGINAL
595,101,0.9,0.7239227659930269,0.9729823247439796,,14,ORIGINAL
595,200,0.9,0.7777777777777779,0.9999999999999952,,9,ORIGINAL
595,526,0.9,0.847822751996795,0.9650727940117362,,13,ORIGINAL
595,709,0.9,0.8743856497851875,0.940000951909002,,12,ORIGINAL
595,0,0.0,,0.9557478095166194,,2,ORIGINAL
595,1,0.0,0.821583836257749,0.9557478095166194,,9,ORIGINAL
595,2,0.0,0.8892972917998876,0.8993093788782726,,6,ORIGINAL
595,3,0.0,0.835710894037345,0.8997410449176667,,16,ORIGINAL
595,4,0.0,0.7514691493021793,0.9557478095166194,,8,ORIGINAL
595,5,0.0,0.6708203932499369,0.9557478095166194,,8,ORIGINAL
596,0,0.0,,1.0,,0,ORIGINAL
596,1,0.0,0.9428090415820635,1.0,,3,ORIGINAL
596,2,0.0,,0.9633150259944552,,2,ORIGINAL
596,3,0.0,0.9594032236002469,0.9478675140998328,,5,ORIGINAL
596,4,0.0,0.9428090415820635,1.0,,3,ORIGINAL
596,5,0.0,0.9432422182837986,1.0,,8,ORIGINAL
596,6,0.0,0.4999999999999999,0.9646784562203947,,4,ORIGINAL
596,7,0.0,0.9428090415820635,1.0,,3,ORIGINAL
596,8,0.0,,1.0,,2,ORIGINAL
596,9,0.0,,1.0,,2,ORIGINAL
597,0,0.0,,1.0,,0,ORIGINAL
597,1,0.0,0.9622504486493763,1.0,,3,ORIGINAL
597,2,0.0,,0.9633150259944552,,2,ORIGINAL
597,3,0.0,0.9561828874675149,0.9478675140998328,,5,ORIGINAL
597,4,0.0,,1.0,,2,ORIGINAL
597,5,0.0,,1.0,,2,ORIGINAL
597,6,0.0,0.8164965809277259,0.9646784562203947,,3,ORIGINAL
597,7,0.0,1.0000000000000002,1.0,,3,ORIGINAL
597,8,0.0,,1.0,,2,ORIGINAL
597,9,0.0,,1.0,,2,ORIGINAL
598,0,0.0,,0.9545005813135693,,0,ORIGINAL
598,1,0.0,,0.9545005813135693,,1,ORIGINAL
598,2,0.0,,0.8965726495809305,,0,ORIGINAL
598,3,0.0,,0.911733525129955,,2,ORIGINAL
598,4,0.0,,0.9545005813135693,,2,ORIGINAL
598,5,0.0,1.0000000000000002,0.9545005813135693,,3,ORIGINAL
598,6,0.0,0.8164965809277259,0.9422929887194212,,3,ORIGINAL
598,7,0.0,,0.9545005813135693,,1,ORIGINAL
598,8,0.0,,0.9545005813135693,,2,ORIGINAL
598,9,0.0,,0.9545005813135693,,1,ORIGINAL
599,0,0.0,0.8164965809277261,0.9738004445197691,,4,ORIGINAL
599,1,0.0,,0.9738004445197691,,1,ORIGINAL
599,2,0.0,0.7526178090063818,0.9197887974458956,,5,ORIGINAL
599,3,0.0,0.6123724356957946,0.9244952730112307,,10,ORIGINAL
599,4,0.0,0.9128709291752769,0.9738004445197691,,3,ORIGINAL
599,5,0.0,0.9128709291752769,0.9738004445197691,,7,ORIGINAL
599,6,0.0,0.19245008972987526,0.9476127965444712,,3,ORIGINAL
599,7,0.0,,0.9738004445197691,,2,ORIGINAL
599,8,0.0,,0.9738004445197691,,2,ORIGINAL
599,9,0.0,0.8660254037844387,0.9738004445197691,,3,ORIGINAL
600,0,0.0,,1.0,,0,ORIGINAL
600,1,0.0,0.9669875568304563,1.0,,8,ORIGINAL
600,2,0.0,0.9285714285714286,0.9633150259944552,,5,ORIGINAL
600,3,0.0,0.8609460320922785,0.9478675140998328,,7,ORIGINAL
600,4,0.0,0.9428090415820635,1.0,,3,ORIGINAL
600,5,0.0,0.9737289911202953,1.0,,9,ORIGINAL
600,6,0.0,0.521749194749951,0.9646784562203947,,9,ORIGINAL
600,7,0.0,0.9999999999999999,1.0,,4,ORIGINAL
600,8,0.0,1.0000000000000002,1.0,,3,ORIGINAL
600,9,0.0,0.9428090415820634,1.0,,6,ORIGINAL
601,0,0.0,,0.9824636492987208,,0,ORIGINAL
601,1,0.0,,0.9824636492987208,,2,ORIGINAL
601,2,0.0,,0.9373812376983589,,1,ORIGINAL
601,3,0.0,0.944911182523068,0.9051753863583857,,4,ORIGINAL
601,4,0.0,,0.9824636492987208,,2,ORIGINAL
601,5,0.0,0.9999999999999998,0.9824636492987208,,5,ORIGINAL
601,6,0.0,0.9428090415820635,0.9655410097462167,,3,ORIGINAL
601,7,0.0,,0.9824636492987208,,2,ORIGINAL
601,8,0.0,0.9622504486493763,0.9824636492987208,,3,ORIGINAL
601,9,0.0,,0.9824636492987208,,2,ORIGINAL
602,0,0.0,,0.9971672690083863,,2,ORIGINAL
602,1,0.0,,0.9971672690083863,,2,ORIGINAL
602,2,0.0,0.8944271909999159,0.9610979396495216,,6,ORIGINAL
602,3,0.0,0.8807048459279794,0.9606043368570277,,10,ORIGINAL
602,4,0.0,0.8910421112136306,0.9971672690083863,,10,ORIGINAL
602,5,0.0,0.82915619758885,0.9971672690083863,,12,ORIGINAL
602,6,0.0,0.6735753140545634,0.9590303082819112,,6,ORIGINAL
602,7,0.0,,0.9971672690083863,,2,ORIGINAL
602,8,0.0,0.9428090415820634,0.9971672690083863,,6,ORIGINAL
602,9,0.0,0.8164965809277261,0.9971672690083863,,4,ORIGINAL
603,0,0.0,,0.940951251985196,,0,ORIGINAL
603,1,0.0,0.5,0.940951251985196,,4,ORIGINAL
603,2,0.0,0.4803844614152615,0.8805955286494573,,7,ORIGINAL
603,3,0.0,0.25712973861328997,0.8425549475183908,,14,ORIGINAL
603,4,0.0,0.22645540682891918,0.940951251985196,,4,ORIGINAL
603,5,0.0,-0.13483997249264842,0.940951251985196,,6,ORIGINAL
603,6,0.0,-0.2886751345948129,0.9260773544759858,,6,ORIGINAL
603,7,0.0,0.4082482904638631,0.940951251985196,,3,ORIGINAL
603,8,0.0,0.0,0.940951251985196,,4,ORIGINAL
603,9,0.0,,0.940951251985196,,0,ORIGINAL
604,0,0.0,,0.9623825793689229,,0,ORIGINAL
604,1,0.0,,0.9623825793689229,,2,ORIGINAL
604,2,0.0,,0.9039457309445813,,0,ORIGINAL
604,3,0.0,,0.9255037832781221,,1,ORIGINAL
604,4,0.0,,0.9623825793689229,,1,ORIGINAL
604,5,0.0,,0.9623825793689229,,1,ORIGINAL
604,6,0.0,,0.9443964472196353,,2,ORIGINAL
604,7,0.0,,0.9623825793689229,,0,ORIGINAL
604,8,0.0,,0.9623825793689229,,1,ORIGINAL
604,9,0.0,,0.9623825793689229,,1,ORIGINAL
605,0,0.0,,0.9681150543298018,,1,ORIGINAL
605,1,0.0,,0.9681150543298018,,1,ORIGINAL
605,2,0.0,,0.9538641585353345,,2,ORIGINAL
605,3,0.0,1.0,0.9731287385973549,,4,ORIGINAL
605,4,0.0,,0.9681150543298018,,2,ORIGINAL
605,5,0.0,0.40824829046386296,0.9681150543298018,,4,ORIGINAL
605,6,0.0,,0.9156195849886445,,0,ORIGINAL
605,7,0.0,,0.9681150543298018,,1,ORIGINAL
605,8,0.0,,0.9681150543298018,,0,ORIGINAL
605,9,0.0,0.7071067811865475,0.9681150543298018,,3,ORIGINAL
606,0,0.0,,0.9806790827122713,,2,ORIGINAL
606,1,0.0,0.9486832980505138,0.9806790827122713,,4,ORIGINAL
606,2,0.0,0.8660254037844386,0.9341955275642331,,6,ORIGINAL
606,3,0.0,0.8528028654224419,0.9453174449713314,,15,ORIGINAL
606,4,0.0,0.9428090415820635,0.9806790827122713,,9,ORIGINAL
606,5,0.0,0.9432422182837986,0.9806790827122713,,8,ORIGINAL
606,6,0.0,0.629940788348712,0.9561958125198223,,9,ORIGINAL
606,7,0.0,0.9506541513652698,0.9806790827122713,,5,ORIGINAL
606,8,0.0,0.8999999999999998,0.9806790827122713,,4,ORIGINAL
606,9,0.0,0.9707253433941511,0.9806790827122713,,4,ORIGINAL
607,0,0.0,,0.921781301480306,,1,ORIGINAL
607,1,0.0,0.8660254037844387,0.921781301480306,,6,ORIGINAL
607,2,0.0,0.9428090415820635,0.8440423910790914,,3,ORIGINAL
607,3,0.0,0.8164965809277259,0.8596753009315394,,11,ORIGINAL
607,4,0.0,0.9058216273156767,0.921781301480306,,4,ORIGINAL
607,5,0.0,0.9594032236002469,0.921781301480306,,8,ORIGINAL
607,6,0.0,0.40451991747794525,0.9099308155494368,,5,ORIGINAL
607,7,0.0,,0.921781301480306,,1,ORIGINAL
607,8,0.0,0.8333333333333335,0.921781301480306,,3,ORIGINAL
607,9,0.0,0.944911182523068,0.921781301480306,,4,ORIGINAL
608,0,0.0,-0.45226701686664544,0.9583167096761601,,5,ORIGINAL
608,1,0.0,-0.7071067811865476,0.9583167096761601,,6,ORIGINAL
608,2,0.0,0.25354627641855493,0.937786023836969,,11,ORIGINAL
608,3,0.0,-0.08058229640253803,0.972838427285778,,26,ORIGINAL
608,4,0.0,-0.5962847939999439,0.9583167096761601,,6,ORIGINAL
608,5,0.0,-0.2581988897471611,0.9583167096761601,,7,ORIGINAL
608,6,0.0,0.3779644730092272,0.9258790277634055,,4,ORIGINAL
608,7,0.0,-0.4999999999999999,0.9583167096761601,,5,ORIGINAL
608,8,0.0,-0.6666666666666666,0.9583167096761601,,6,ORIGINAL
608,9,0.0,,0.9583167096761601,,5,ORIGINAL
609,0,0.0,,0.9456603529213958,,0,ORIGINAL
609,1,0.0,0.9486832980505138,0.9456603529213958,,6,ORIGINAL
609,2,0.0,0.9166666666666669,0.9446835750235598,,6,ORIGINAL
609,3,0.0,0.9354143466934854,0.9603054975371861,,15,ORIGINAL
609,4,0.0,0.9230769230769232,0.9456603529213958,,4,ORIGINAL
609,5,0.0,0.9432422182837986,0.9456603529213958,,8,ORIGINAL
609,6,0.0,0.5855400437691198,0.9683544851511817,,6,ORIGINAL
609,7,0.0,,0.9456603529213958,,2,ORIGINAL
609,8,0.0,,0.9456603529213958,,2,ORIGINAL
609,9,0.0,1.0000000000000002,0.9456603529213958,,3,ORIGINAL
610,0,0.0,,0.9246351728232438,,0,ORIGINAL
610,1,0.0,,0.9246351728232438,,0,ORIGINAL
610,2,0.0,,0.9390073854089582,,0,ORIGINAL
610,3,0.0,,0.9530605252878185,,1,ORIGINAL
610,4,0.0,,0.9246351728232438,,0,ORIGINAL
610,5,0.0,,0.9246351728232438,,2,ORIGINAL
610,6,0.0,,0.9144329239460168,,2,ORIGINAL
610,7,0.0,,0.9246351728232438,,1,ORIGINAL
610,8,0.0,,0.9246351728232438,,1,ORIGINAL
610,9,0.0,,0.9246351728232438,,0,ORIGINAL
611,0,0.0,0.8164965809277259,0.9711339617538268,,3,ORIGINAL
611,1,0.0,0.9999999999999999,0.9711339617538268,,8,ORIGINAL
611,2,0.0,0.9428090415820635,0.9418732652446242,,6,ORIGINAL
611,3,0.0,0.9045340337332909,0.9184574392903175,,11,ORIGINAL
611,4,0.0,0.9428090415820635,0.9711339617538268,,3,ORIGINAL
611,5,0.0,0.9999999999999998,0.9711339617538268,,8,ORIGINAL
611,6,0.0,0.6324555320336759,0.9731518655736487,,5,ORIGINAL
611,7,0.0,0.9622504486493763,0.9711339617538268,,3,ORIGINAL
611,8,0.0,0.9538209664765318,0.9711339617538268,,7,ORIGINAL
611,9,0.0,0.9438798074485389,0.9711339617538268,,5,ORIGINAL
612,0,0.0,,0.9594009328812378,,2,ORIGINAL
612,1,0.0,0.9428090415820635,0.9594009328812378,,3,ORIGINAL
612,2,0.0,0.8888888888888888,0.9838151393703386,,6,ORIGINAL
612,3,0.0,0.9432422182837986,0.9455680645783914,,14,ORIGINAL
612,4,0.0,0.9449111825230682,0.9594009328812378,,6,ORIGINAL
612,5,0.0,0.9467292624062573,0.9594009328812378,,15,ORIGINAL
612,6,0.0,0.5833333333333334,0.9765368565225633,,6,ORIGINAL
612,7,0.0,0.8666666666666666,0.9594009328812378,,6,ORIGINAL
612,8,0.0,0.8819171036881969,0.9594009328812378,,9,ORIGINAL
612,9,0.0,0.9525793444156805,0.9594009328812378,,6,ORIGINAL
613,0,0.0,,0.9824636481796526,,0,ORIGINAL
613,1,0.0,,0.9824636481796526,,2,ORIGINAL
613,2,0.0,,0.9373812375584477,,1,ORIGINAL
613,3,0.0,0.9594032236002469,0.9051753866614726,,5,ORIGINAL
613,4,0.0,,0.9824636481796526,,2,ORIGINAL
613,5,0.0,0.9486832980505138,0.9824636481796526,,4,ORIGINAL
613,6,0.0,,0.9655410100448671,,2,ORIGINAL
613,7,0.0,0.8164965809277261,0.9824636481796526,,3,ORIGINAL
613,8,0.0,,0.9824636481796526,,2,ORIGINAL
613,9,0.0,,0.9824636481796526,,2,ORIGINAL
614,0,0.0,,,,2,ORIGINAL
614,1,0.0,,,,2,ORIGINAL
614,2,0.0,1.0000000000000002,,,3,ORIGINAL
614,3,0.0,0.944911182523068,,,8,ORIGINAL
614,4,0.0,0.9561828874675149,,,5,ORIGINAL
614,5,0.0,0.944911182523068,,,4,ORIGINAL
614,6,0.0,0.674199862463242,,,5,ORIGINAL
614,7,0.0,,,,1,ORIGINAL
614,8,0.0,,,,2,ORIGINAL
614,9,0.0,,,,2,ORIGINAL
615,0,0.0,,1.0,,0,ORIGINAL
615,1,0.0,0.9622504486493763,1.0,,3,ORIGINAL
615,2,0.0,0.8333333333333335,0.9633150259944552,,3,ORIGINAL
615,3,0.0,0.7925939239012171,0.9478675140998328,,4,ORIGINAL
615,4,0.0,,1.0,,2,ORIGINAL
615,5,0.0,0.8006407690254358,1.0,,4,ORIGINAL
615,6,0.0,,0.9646784562203947,,2,ORIGINAL
615,7,0.0,,1.0,,1,ORIGINAL
615,8,0.0,,1.0,,1,ORIGINAL
615,9,0.0,,1.0,,2,ORIGINAL
616,0,0.0,,1.0,,0,ORIGINAL
616,1,0.0,,1.0,,0,ORIGINAL
616,2,0.0,,0.9633150259944552,,2,ORIGINAL
616,3,0.0,0.944911182523068,0.9478675140998328,,4,ORIGINAL
616,4,0.0,,1.0,,1,ORIGINAL
616,5,0.0,,1.0,,2,ORIGINAL
616,6,0.0,0.0,0.9646784562203947,,3,ORIGINAL
616,7,0.0,,1.0,,0,ORIGINAL
616,8,0.0,,1.0,,0,ORIGINAL
616,9,0.0,,1.0,,1,ORIGINAL
617,0,0.0,,0.9351398090863341,,0,ORIGINAL
617,1,0.0,,0.9351398090863341,,2,ORIGINAL
617,2,0.0,,0.8567595659020111,,2,ORIGINAL
617,3,0.0,0.8164965809277261,0.8522173063432165,,6,ORIGINAL
617,4,0.0,,0.9351398090863341,,1,ORIGINAL
617,5,0.0,0.7071067811865475,0.9351398090863341,,4,ORIGINAL
617,6,0.0,,0.931134825102887,,1,ORIGINAL
617,7,0.0,0.9428090415820632,0.9351398090863341,,3,ORIGINAL
617,8,0.0,0.3333333333333333,0.9351398090863341,,3,ORIGINAL
617,9,0.0,,0.9351398090863341,,1,ORIGINAL
618,0,0.0,,0.9351398082922026,,0,ORIGINAL
618,1,0.0,,0.9351398082922026,,1,ORIGINAL
618,2,0.0,,0.8567595595876645,,1,ORIGINAL
618,3,0.0,0.9561828874675149,0.8522172981651709,,7,ORIGINAL
618,4,0.0,0.8366600265340756,0.9351398082922026,,4,ORIGINAL
618,5,0.0,0.8660254037844387,0.9351398082922026,,6,ORIGINAL
618,6,0.0,0.40824829046386296,0.9311348229638604,,5,ORIGINAL
618,7,0.0,,0.9351398082922026,,1,ORIGINAL
618,8,0.0,,0.9351398082922026,,2,ORIGINAL
618,9,0.0,,0.9351398082922026,,1,ORIGINAL
619,0,0.0,,1.0,,0,ORIGINAL
619,1,0.0,1.0000000000000002,1.0,,3,ORIGINAL
619,2,0.0,,0.9633150259944552,,2,ORIGINAL
619,3,0.0,0.9486832980505138,0.9478675140998328,,5,ORIGINAL
619,4,0.0,1.0000000000000002,1.0,,3,ORIGINAL
619,5,0.0,0.9999999999999998,1.0,,5,ORIGINAL
619,6,0.0,0.7745966692414834,0.9646784562203947,,3,ORIGINAL
619,7,0.0,,1.0,,2,ORIGINAL
619,8,0.0,,1.0,,2,ORIGINAL
619,9,0.0,1.0000000000000002,1.0,,3,ORIGINAL
620,0,0.0,,0.9794193477973404,,1,ORIGINAL
620,1,0.0,,0.9794193477973404,,1,ORIGINAL
620,2,0.0,,0.929237611972798,,2,ORIGINAL
620,3,0.0,1.0,0.8954618932272974,,4,ORIGINAL
620,4,0.0,,0.9794193477973404,,2,ORIGINAL
620,5,0.0,0.9999999999999998,0.9794193477973404,,5,ORIGINAL
620,6,0.0,,0.9659286553171109,,2,ORIGINAL
620,7,0.0,,0.9794193477973404,,1,ORIGINAL
620,8,0.0,0.9486832980505138,0.9794193477973404,,4,ORIGINAL
620,9,0.0,,0.9794193477973404,,0,ORIGINAL
621,0,0.0,,0.9217009214987615,,0,ORIGINAL
621,1,0.0,0.9486832980505138,0.9217009214987615,,5,ORIGINAL
621,2,0.0,,0.9351703439385569,,1,ORIGINAL
621,3,0.0,0.9428090415820635,0.9163374809476683,,3,ORIGINAL
621,4,0.0,0.9622504486493763,0.9217009214987615,,3,ORIGINAL
621,5,0.0,,0.9217009214987615,,2,ORIGINAL
621,6,0.0,0.8164965809277261,0.9448535572450507,,4,ORIGINAL
621,7,0.0,,0.9217009214987615,,2,ORIGINAL
621,8,0.0,,0.9217009214987615,,1,ORIGINAL
621,9,0.0,0.9525793444156805,0.9217009214987615,,3,ORIGINAL
622,0,0.0,,0.9528772578999964,,0,ORIGINAL
622,1,0.0,,0.9528772578999964,,0,ORIGINAL
622,2,0.0,,0.8862136982368001,,1,ORIGINAL
622,3,0.0,,0.8652361823140664,,1,ORIGINAL
622,4,0.0,,0.9528772578999964,,2,ORIGINAL
622,5,0.0,1.0000000000000002,0.9528772578999964,,3,ORIGINAL
622,6,0.0,0.9428090415820635,0.950676317163076,,3,ORIGINAL
622,7,0.0,,0.9528772578999964,,0,ORIGINAL
622,8,0.0,,0.9528772578999964,,2,ORIGINAL
622,9,0.0,,0.9528772578999964,,0,ORIGINAL
623,0,0.0,,0.9865432291009868,,1,ORIGINAL
623,1,0.0,0.8164965809277259,0.9865432291009868,,3,ORIGINAL
623,2,0.0,0.6172133998483676,0.946452462077083,,4,ORIGINAL
623,3,0.0,0.9045340337332909,0.9288382417506102,,10,ORIGINAL
623,4,0.0,,0.9865432291009868,,2,ORIGINAL
623,5,0.0,0.7071067811865475,0.9865432291009868,,4,ORIGINAL
623,6,0.0,,0.9560412601772939,,2,ORIGINAL
623,7,0.0,,0.9865432291009868,,1,ORIGINAL
623,8,0.0,,0.9865432291009868,,1,ORIGINAL
623,9,0.0,0.7071067811865475,0.9865432291009868,,3,ORIGINAL
624,0,0.0,,0.9547094745276156,,0,ORIGINAL
624,1,0.0,0.9428090415820635,0.9547094745276156,,3,ORIGINAL
624,2,0.0,,0.9773974150166507,,2,ORIGINAL
624,3,0.0,0.9525793444156805,0.9866204943948284,,3,ORIGINAL
624,4,0.0,,0.9547094745276156,,1,ORIGINAL
624,5,0.0,,0.9547094745276156,,2,ORIGINAL
624,6,0.0,,0.963900051850893,,2,ORIGINAL
624,7,0.0,,0.9547094745276156,,2,ORIGINAL
624,8,0.0,0.8164965809277261,0.9547094745276156,,3,ORIGINAL
624,9,0.0,,0.9547094745276156,,2,ORIGINAL
625,0,0.0,0.28867513459481287,0.9611205894334732,,6,ORIGINAL
625,1,0.0,0.8386278693775346,0.9611205894334732,,8,ORIGINAL
625,2,0.0,0.48795003647426655,0.9521660201148179,,9,ORIGINAL
625,3,0.0,0.6668859288553501,0.9352301620915747,,14,ORIGINAL
625,4,0.0,0.9428090415820635,0.9611205894334732,,3,ORIGINAL
625,5,0.0,1.0000000000000002,0.9611205894334732,,6,ORIGINAL
625,6,0.0,0.5345224838248487,0.9665349424714982,,7,ORIGINAL
625,7,0.0,,0.9611205894334732,,2,ORIGINAL
625,8,0.0,,0.9611205894334732,,2,ORIGINAL
625,9,0.0,0.6324555320336759,0.9611205894334732,,4,ORIGINAL
626,0,0.0,,1.0,,1,ORIGINAL
626,1,0.0,0.944911182523068,1.0,,4,ORIGINAL
626,2,0.0,,0.9633150259944552,,2,ORIGINAL
626,3,0.0,0.7637626158259734,0.9478675140998328,,7,ORIGINAL
626,4,0.0,,1.0,,2,ORIGINAL
626,5,0.0,0.9707253433941511,1.0,,4,ORIGINAL
626,6,0.0,0.2672612419124244,0.9646784562203947,,6,ORIGINAL
626,7,0.0,0.9525793444156805,1.0,,3,ORIGINAL
626,8,0.0,0.9428090415820635,1.0,,3,ORIGINAL
626,9,0.0,0.8944271909999159,1.0,,3,ORIGINAL
627,0,0.0,1.0,1.0,,4,ORIGINAL
627,1,0.0,0.9999999999999998,1.0,,7,ORIGINAL
627,2,0.0,0.9045340337332909,0.9633150259944552,,8,ORIGINAL
627,3,0.0,0.7648661601319408,0.9478675140998328,,19,ORIGINAL
627,4,0.0,0.6390096504226938,1.0,,8,ORIGINAL
627,5,0.0,0.8703882797784892,1.0,,13,ORIGINAL
627,6,0.0,0.686406472983644,0.9646784562203947,,10,ORIGINAL
627,7,0.0,0.9707253433941511,1.0,,4,ORIGINAL
627,8,0.0,0.9561828874675149,1.0,,5,ORIGINAL
627,9,0.0,0.7745966692414834,1.0,,3,ORIGINAL
628,0,0.0,1.0000000000000002,0.9787128262576937,,3,ORIGINAL
628,1,0.0,,0.9787128262576937,,0,ORIGINAL
628,2,0.0,,0.9352165820534446,,0,ORIGINAL
628,3,0.0,0.7745966692414834,0.9507984093464296,,3,ORIGINAL
628,4,0.0,,0.9787128262576937,,0,ORIGINAL
628,5,0.0,,0.9787128262576937,,1,ORIGINAL
628,6,0.0,,0.9503441910853968,,0,ORIGINAL
628,7,0.0,,0.9787128262576937,,0,ORIGINAL
628,8,0.0,,0.9787128262576937,,0,ORIGINAL
628,9,0.0,,0.9787128262576937,,2,ORIGINAL
629,0,0.0,,0.9471904310983514,,1,ORIGINAL
629,1,0.0,0.7499999999999999,0.9471904310983514,,8,ORIGINAL
629,2,0.0,0.944911182523068,0.9744499134770355,,4,ORIGINAL
629,3,0.0,0.8528028654224419,0.9590620043917518,,9,ORIGINAL
629,4,0.0,0.8728715609439696,0.9471904310983514,,4,ORIGINAL
629,5,0.0,,0.9471904310983514,,2,ORIGINAL
629,6,0.0,0.16666666666666666,0.9287918814548854,,7,ORIGINAL
629,7,0.0,,0.9471904310983514,,0,ORIGINAL
629,8,0.0,,0.9471904310983514,,2,ORIGINAL
629,9,0.0,0.9128709291752769,0.9471904310983514,,4,ORIGINAL
630,0,0.0,,0.9639813090602825,,1,ORIGINAL
630,1,0.0,1.0000000000000002,0.9639813090602825,,3,ORIGINAL
630,2,0.0,0.944911182523068,0.9054516358322072,,4,ORIGINAL
630,3,0.0,0.9525793444156805,0.8676103618583129,,6,ORIGINAL
630,4,0.0,,0.9639813090602825,,1,ORIGINAL
630,5,0.0,1.0,0.9639813090602825,,4,ORIGINAL
630,6,0.0,0.2581988897471611,0.9485264289890388,,3,ORIGINAL
630,7,0.0,,0.9639813090602825,,1,ORIGINAL
630,8,0.0,,0.9639813090602825,,1,ORIGINAL
630,9,0.0,,0.9639813090602825,,2,ORIGINAL
631,0,0.0,,0.9794193452299179,,0,ORIGINAL
631,1,0.0,,0.9794193452299179,,0,ORIGINAL
631,2,0.0,0.7071067811865475,0.9292376079930936,,4,ORIGINAL
631,3,0.0,0.8838834764831843,0.8954618878103693,,5,ORIGINAL
631,4,0.0,,0.9794193452299179,,1,ORIGINAL
631,5,0.0,1.0000000000000002,0.9794193452299179,,3,ORIGINAL
631,6,0.0,,0.9659286532579697,,2,ORIGINAL
631,7,0.0,,0.9794193452299179,,1,ORIGINAL
631,8,0.0,0.9486832980505138,0.9794193452299179,,4,ORIGINAL
631,9,0.0,,0.9794193452299179,,0,ORIGINAL
632,0,0.0,,0.967374227367874,,1,ORIGINAL
632,1,0.0,,0.967374227367874,,0,ORIGINAL
632,2,0.0,0.9622504486493763,0.9184183488281173,,3,ORIGINAL
632,3,0.0,0.9285714285714286,0.9081496881593558,,6,ORIGINAL
632,4,0.0,0.7745966692414834,0.967374227367874,,3,ORIGINAL
632,5,0.0,0.8164965809277259,0.967374227367874,,3,ORIGINAL
632,6,0.0,,0.9716392067023052,,2,ORIGINAL
632,7,0.0,,0.967374227367874,,0,ORIGINAL
632,8,0.0,,0.967374227367874,,1,ORIGINAL
632,9,0.0,,0.967374227367874,,2,ORIGINAL
633,0,0.0,,0.9818253477149664,,1,ORIGINAL
633,1,0.0,0.9428090415820635,0.9818253477149664,,3,ORIGINAL
633,2,0.0,0.8333333333333334,0.9722461298503079,,6,ORIGINAL
633,3,0.0,0.8908708063747479,0.9490861264360255,,8,ORIGINAL
633,4,0.0,,0.9818253477149664,,2,ORIGINAL
633,5,0.0,0.9561828874675149,0.9818253477149664,,7,ORIGINAL
633,6,0.0,0.769800358919501,0.9622221217114552,,6,ORIGINAL
633,7,0.0,0.9622504486493763,0.9818253477149664,,3,ORIGINAL
633,8,0.0,0.8333333333333335,0.9818253477149664,,3,ORIGINAL
633,9,0.0,0.9058216273156767,0.9818253477149664,,4,ORIGINAL
634,0,0.0,,0.964678458555335,,0,ORIGINAL
634,1,0.0,0.9561828874675149,0.964678458555335,,5,ORIGINAL
634,2,0.0,0.9622504486493763,0.965834604492053,,6,ORIGINAL
634,3,0.0,0.9460998335825321,0.9413488713238006,,10,ORIGINAL
634,4,0.0,0.9438798074485389,0.964678458555335,,5,ORIGINAL
634,5,0.0,0.9538209664765318,0.964678458555335,,7,ORIGINAL
634,6,0.0,,0.9999999999999974,,2,ORIGINAL
634,7,0.0,,0.964678458555335,,2,ORIGINAL
634,8,0.0,,0.964678458555335,,2,ORIGINAL
634,9,0.0,1.0000000000000002,0.964678458555335,,3,ORIGINAL
635,0,0.0,,0.9528772567385477,,1,ORIGINAL
635,1,0.0,0.8888888888888888,0.9528772567385477,,6,ORIGINAL
635,2,0.0,0.944911182523068,0.8862137006668358,,8,ORIGINAL
635,3,0.0,0.9538209664765318,0.865236184293315,,16,ORIGINAL
635,4,0.0,0.9525793444156805,0.9528772567385477,,3,ORIGINAL
635,5,0.0,0.9525793444156805,0.9528772567385477,,6,ORIGINAL
635,6,0.0,0.7302967433402214,0.9506763180030859,,7,ORIGINAL
635,7,0.0,0.9428090415820635,0.9528772567385477,,3,ORIGINAL
635,8,0.0,0.8164965809277261,0.9528772567385477,,3,ORIGINAL
635,9,0.0,0.9525793444156805,0.9528772567385477,,3,ORIGINAL
636,0,0.0,,0.9824636492987208,,1,ORIGINAL
636,1,0.0,1.0,0.9824636492987208,,4,ORIGINAL
636,2,0.0,0.8164965809277261,0.9373812376983589,,3,ORIGINAL
636,3,0.0,0.8528028654224417,0.9051753863583857,,5,ORIGINAL
636,4,0.0,,0.9824636492987208,,2,ORIGINAL
636,5,0.0,0.9999999999999998,0.9824636492987208,,5,ORIGINAL
636,6,0.0,0.8451542547285165,0.9655410097462167,,5,ORIGINAL
636,7,0.0,0.944911182523068,0.9824636492987208,,4,ORIGINAL
636,8,0.0,0.9428090415820635,0.9824636492987208,,3,ORIGINAL
636,9,0.0,0.8728715609439694,0.9824636492987208,,6,ORIGINAL
637,0,0.0,,0.962720391122974,,0,ORIGINAL
637,1,0.0,0.8485281374238569,0.962720391122974,,5,ORIGINAL
637,2,0.0,0.8660254037844387,0.9658798425192888,,3,ORIGINAL
637,3,0.0,0.9045340337332909,0.9222827436858662,,8,ORIGINAL
637,4,0.0,0.7453559924999299,0.962720391122974,,3,ORIGINAL
637,5,0.0,0.9486832980505138,0.962720391122974,,5,ORIGINAL
637,6,0.0,0.6210590034081188,0.976814604128465,,8,ORIGINAL
637,7,0.0,0.7826237921249264,0.962720391122974,,5,ORIGINAL
637,8,0.0,,0.962720391122974,,2,ORIGINAL
637,9,0.0,0.9707253433941511,0.962720391122974,,4,ORIGINAL
638,0,0.0,,0.9806790827661879,,1,ORIGINAL
638,1,0.0,,0.9806790827661879,,2,ORIGINAL
638,2,0.0,,0.9341955267774809,,1,ORIGINAL
638,3,0.0,0.944911182523068,0.9453174431026593,,4,ORIGINAL
638,4,0.0,,0.9806790827661879,,2,ORIGINAL
638,5,0.0,,0.9806790827661879,,2,ORIGINAL
638,6,0.0,0.9428090415820635,0.9561958142172547,,3,ORIGINAL
638,7,0.0,,0.9806790827661879,,2,ORIGINAL
638,8,0.0,,0.9806790827661879,,2,ORIGINAL
638,9,0.0,0.8164965809277261,0.9806790827661879,,3,ORIGINAL
639,0,0.0,,1.0,,0,ORIGINAL
639,1,0.0,,1.0,,2,ORIGINAL
639,2,0.0,0.9428090415820635,0.9633150259944552,,3,ORIGINAL
639,3,0.0,0.9428090415820635,0.9478675140998328,,3,ORIGINAL
639,4,0.0,,1.0,,2,ORIGINAL
639,5,0.0,,1.0,,2,ORIGINAL
639,6,0.0,,0.9646784562203947,,2,ORIGINAL
639,7,0.0,,1.0,,1,ORIGINAL
639,8,0.0,,1.0,,0,ORIGINAL
639,9,0.0,,1.0,,2,ORIGINAL
640,0,0.0,,0.9120722197783447,,1,ORIGINAL
640,1,0.0,,0.9120722197783447,,0,ORIGINAL
640,2,0.0,,0.9653767795556012,,0,ORIGINAL
640,3,0.0,,0.9428024710607594,,2,ORIGINAL
640,4,0.0,,0.9120722197783447,,2,ORIGINAL
640,5,0.0,,0.9120722197783447,,2,ORIGINAL
640,6,0.0,,0.9455824369590816,,0,ORIGINAL
640,7,0.0,,0.9120722197783447,,0,ORIGINAL
640,8,0.0,,0.9120722197783447,,0,ORIGINAL
640,9,0.0,,0.9120722197783447,,0,ORIGINAL
641,0,0.0,0.7826237921249264,0.9794193462367038,,10,ORIGINAL
641,1,0.0,0.7715167498104595,0.9794193462367038,,9,ORIGINAL
641,2,0.0,0.7499999999999999,0.9292376091175674,,5,ORIGINAL
641,3,0.0,0.6154574548966638,0.8954618908937972,,9,ORIGINAL
641,4,0.0,,0.9794193462367038,,0,ORIGINAL
641,5,0.0,0.8164965809277259,0.9794193462367038,,3,ORIGINAL
641,6,0.0,,0.9659286568155373,,0,ORIGINAL
641,7,0.0,,0.9794193462367038,,1,ORIGINAL
641,8,0.0,,0.9794193462367038,,0,ORIGINAL
641,9,0.0,0.7499999999999999,0.9794193462367038,,6,ORIGINAL
642,0,0.0,0.9525793444156805,0.9806790833971396,,3,ORIGINAL
642,1,0.0,1.0,0.9806790833971396,,4,ORIGINAL
642,2,0.0,0.4082482904638631,0.9341955283107599,,6,ORIGINAL
642,3,0.0,0.24999999999999994,0.9453174455349815,,8,ORIGINAL
642,4,0.0,-0.10846522890932808,0.9806790833971396,,5,ORIGINAL
642,5,0.0,0.14285714285714285,0.9806790833971396,,7,ORIGINAL
642,6,0.0,0.5070925528371099,0.9561958140464701,,5,ORIGINAL
642,7,0.0,0.23570226039551587,0.9806790833971396,,6,ORIGINAL
642,8,0.0,-0.19245008972987526,0.9806790833971396,,3,ORIGINAL
642,9,0.0,0.9561828874675149,0.9806790833971396,,5,ORIGINAL
643,0,0.0,,0.9794193496069241,,2,ORIGINAL
643,1,0.0,0.9036961141150639,0.9794193496069241,,6,ORIGINAL
643,2,0.0,0.9101820546182064,0.9292376125602791,,9,ORIGINAL
643,3,0.0,0.900937462695559,0.8954618939681076,,17,ORIGINAL
643,4,0.0,0.8563488385776753,0.9794193496069241,,12,ORIGINAL
643,5,0.0,0.8944271909999159,0.9794193496069241,,12,ORIGINAL
643,6,0.0,0.45883146774112343,0.9659286556665522,,7,ORIGINAL
643,7,0.0,0.9647638212377322,0.9794193496069241,,4,ORIGINAL
643,8,0.0,0.9128709291752769,0.9794193496069241,,6,ORIGINAL
643,9,0.0,0.9737289911202953,0.9794193496069241,,6,ORIGINAL
644,0,0.0,,0.964233471141914,,0,ORIGINAL
644,1,0.0,1.0000000000000002,0.964233471141914,,3,ORIGINAL
644,2,0.0,0.944911182523068,0.899975665983202,,4,ORIGINAL
644,3,0.0,0.9525793444156805,0.8844950997023633,,6,ORIGINAL
644,4,0.0,,0.964233471141914,,1,ORIGINAL
644,5,0.0,1.0,0.964233471141914,,4,ORIGINAL
644,6,0.0,0.2886751345948129,0.9477819166900081,,4,ORIGINAL
644,7,0.0,,0.964233471141914,,1,ORIGINAL
644,8,0.0,,0.964233471141914,,1,ORIGINAL
644,9,0.0,,0.964233471141914,,2,ORIGINAL
645,0,0.0,,1.0,,2,ORIGINAL
645,1,0.0,0.9428090415820635,1.0,,6,ORIGINAL
645,2,0.0,0.9622504486493763,0.9633150259944552,,6,ORIGINAL
645,3,0.0,0.7833494518006403,0.9478675140998328,,15,ORIGINAL
645,4,0.0,0.9431191251430151,1.0,,7,ORIGINAL
645,5,0.0,0.8280786712108251,1.0,,12,ORIGINAL
645,6,0.0,0.8703882797784892,0.9646784562203947,,6,ORIGINAL
645,7,0.0,0.8864052604279183,1.0,,5,ORIGINAL
645,8,0.0,0.9431191251430151,1.0,,7,ORIGINAL
645,9,0.0,0.9594032236002469,1.0,,5,ORIGINAL
646,0,0.0,,1.0,,0,ORIGINAL
646,1,0.0,0.9428090415820635,1.0,,3,ORIGINAL
646,2,0.0,,0.9633150259944552,,2,ORIGINAL
646,3,0.0,0.8164965809277261,0.9478675140998328,,3,ORIGINAL
646,4,0.0,,1.0,,2,ORIGINAL
646,5,0.0,0.9428090415820635,1.0,,3,ORIGINAL
646,6,0.0,0.7745966692414834,0.9646784562203947,,3,ORIGINAL
646,7,0.0,,1.0,,1,ORIGINAL
646,8,0.0,,1.0,,1,ORIGINAL
646,9,0.0,0.9428090415820635,1.0,,3,ORIGINAL
647,0,0.0,0.9428090415820635,0.964678458555335,,3,ORIGINAL
647,1,0.0,0.9428090415820635,0.964678458555335,,6,ORIGINAL
647,2,0.0,0.9737289911202953,0.965834604492053,,9,ORIGINAL
647,3,0.0,0.9215122259681071,0.9413488713238006,,14,ORIGINAL
647,4,0.0,0.8916451401205646,0.964678458555335,,8,ORIGINAL
647,5,0.0,0.9049228966693288,0.964678458555335,,14,ORIGINAL
647,6,0.0,0.447213595499958,0.9999999999999974,,9,ORIGINAL
647,7,0.0,0.9525793444156805,0.964678458555335,,3,ORIGINAL
647,8,0.0,0.9007546982220901,0.964678458555335,,8,ORIGINAL
647,9,0.0,0.8888888888888891,0.964678458555335,,6,ORIGINAL
648,0,0.0,,0.9483767879281998,,0,ORIGINAL
648,1,0.0,,0.9483767879281998,,2,ORIGINAL
648,2,0.0,0.9999999999999998,0.9031681516848659,,5,ORIGINAL
648,3,0.0,0.8717797887081347,0.8805111908441153,,13,ORIGINAL
648,4,0.0,,0.9483767879281998,,1,ORIGINAL
648,5,0.0,0.9622504486493763,0.9483767879281998,,3,ORIGINAL
648,6,0.0,0.40824829046386296,0.9710555762410492,,5,ORIGINAL
648,7,0.0,,0.9483767879281998,,2,ORIGINAL
648,8,0.0,,0.9483767879281998,,2,ORIGINAL
648,9,0.0,,0.9483767879281998,,1,ORIGINAL
649,0,0.0,-0.3333333333333333,0.9794193475588376,,6,ORIGINAL
649,1,0.0,,0.9794193475588376,,5,ORIGINAL
649,2,0.0,,0.9292376085131075,,2,ORIGINAL
649,3,0.0,,0.8954618886099074,,6,ORIGINAL
649,4,0.0,,0.9794193475588376,,2,ORIGINAL
649,5,0.0,,0.9794193475588376,,2,ORIGINAL
649,6,0.0,,0.9659286521937986,,0,ORIGINAL
649,7,0.0,,0.9794193475588376,,0,ORIGINAL
649,8,0.0,,0.9794193475588376,,1,ORIGINAL
649,9,0.0,,0.9794193475588376,,2,ORIGINAL
650,0,0.0,,0.9120722197783447,,1,ORIGINAL
650,1,0.0,,0.9120722197783447,,2,ORIGINAL
650,2,0.0,,0.9653767795556012,,2,ORIGINAL
650,3,0.0,-0.37499999999999994,0.9428024710607594,,5,ORIGINAL
650,4,0.0,-0.19245008972987526,0.9120722197783447,,3,ORIGINAL
650,5,0.0,-0.7717436331412897,0.9120722197783447,,8,ORIGINAL
650,6,0.0,0.1259881576697424,0.9455824369590816,,6,ORIGINAL
650,7,0.0,,0.9120722197783447,,1,ORIGINAL
650,8,0.0,,0.9120722197783447,,2,ORIGINAL
650,9,0.0,-0.3999999999999999,0.9120722197783447,,4,ORIGINAL
651,0,0.0,,0.9471904310983514,,0,ORIGINAL
651,1,0.0,,0.9471904310983514,,1,ORIGINAL
651,2,0.0,0.9561828874675149,0.9744499134770355,,4,ORIGINAL
651,3,0.0,0.9166666666666669,0.9590620043917518,,6,ORIGINAL
651,4,0.0,0.9622504486493763,0.9471904310983514,,3,ORIGINAL
651,5,0.0,0.9525793444156805,0.9471904310983514,,6,ORIGINAL
651,6,0.0,1.0000000000000002,0.9287918814548854,,3,ORIGINAL
651,7,0.0,,0.9471904310983514,,1,ORIGINAL
651,8,0.0,0.9622504486493763,0.9471904310983514,,3,ORIGINAL
651,9,0.0,,0.9471904310983514,,0,ORIGINAL
652,0,0.0,,0.9545005813135693,,0,ORIGINAL
652,1,0.0,0.9438798074485389,0.9545005813135693,,5,ORIGINAL
652,2,0.0,0.8677218312746247,0.8965726495809305,,8,ORIGINAL
652,3,0.0,0.8666666666666667,0.911733525129955,,15,ORIGINAL
652,4,0.0,0.857142857142857,0.9545005813135693,,4,ORIGINAL
652,5,0.0,0.9561828874675149,0.9545005813135693,,5,ORIGINAL
652,6,0.0,0.45643546458763845,0.9422929887194212,,8,ORIGINAL
652,7,0.0,,0.9545005813135693,,2,ORIGINAL
652,8,0.0,,0.9545005813135693,,1,ORIGINAL
652,9,0.0,0.9428090415820635,0.9545005813135693,,3,ORIGINAL
653,0,0.0,,0.9734363214507032,,0,ORIGINAL
653,1,0.0,0.9486832980505138,0.9734363214507032,,5,ORIGINAL
653,2,0.0,,0.9372873897695143,,2,ORIGINAL
653,3,0.0,1.0,0.9593459940786431,,6,ORIGINAL
653,4,0.0,0.9434563530497265,0.9734363214507032,,4,ORIGINAL
653,5,0.0,0.9428090415820635,0.9734363214507032,,3,ORIGINAL
653,6,0.0,0.6390096504226938,0.9352360575243936,,6,ORIGINAL
653,7,0.0,,0.9734363214507032,,0,ORIGINAL
653,8,0.0,,0.9734363214507032,,2,ORIGINAL
653,9,0.0,0.9434563530497265,0.9734363214507032,,4,ORIGINAL
654,0,0.0,,0.9246351710412715,,1,ORIGINAL
654,1,0.0,0.8164965809277259,0.9246351710412715,,3,ORIGINAL
654,2,0.0,0.4714045207910316,0.9390073849741115,,6,ORIGINAL
654,3,0.0,0.5715476066494082,0.9530605257253851,,11,ORIGINAL
654,4,0.0,,0.9246351710412715,,0,ORIGINAL
654,5,0.0,,0.9246351710412715,,2,ORIGINAL
654,6,0.0,,0.9144329226503536,,2,ORIGINAL
654,7,0.0,,0.9246351710412715,,2,ORIGINAL
654,8,0.0,0.6546536707079772,0.9246351710412715,,4,ORIGINAL
654,9,0.0,,0.9246351710412715,,2,ORIGINAL
655,0,0.0,,1.0,,1,ORIGINAL
655,1,0.0,,1.0,,2,ORIGINAL
655,2,0.0,,0.9633150259944552,,6,ORIGINAL
655,3,0.0,0.7071067811865475,0.9478675140998328,,5,ORIGINAL
655,4,0.0,0.6666666666666666,1.0,,3,ORIGINAL
655,5,0.0,0.5773502691896258,1.0,,3,ORIGINAL
655,6,0.0,,0.9646784562203947,,2,ORIGINAL
655,7,0.0,,1.0,,1,ORIGINAL
655,8,0.0,,1.0,,2,ORIGINAL
655,9,0.0,0.6666666666666666,1.0,,3,ORIGINAL
656,0,0.0,,0.9633150259944552,,0,ORIGINAL
656,1,0.0,,0.9633150259944552,,0,ORIGINAL
656,2,0.0,,0.9999999999999993,,0,ORIGINAL
656,3,0.0,,0.9777320874553711,,0,ORIGINAL
656,4,0.0,,0.9633150259944552,,0,ORIGINAL
656,5,0.0,,0.9633150259944552,,0,ORIGINAL
656,6,0.0,,0.9658346052796958,,0,ORIGINAL
656,7,0.0,,0.9633150259944552,,0,ORIGINAL
656,8,0.0,,0.9633150259944552,,0,ORIGINAL
656,9,0.0,,0.9633150259944552,,0,ORIGINAL
657,0,0.0,,1.0,,0,ORIGINAL
657,1,0.0,0.8749999999999998,1.0,,5,ORIGINAL
657,2,0.0,0.9045340337332908,0.9633150259944552,,15,ORIGINAL
657,3,0.0,0.9237604307034012,0.9478675140998328,,24,ORIGINAL
657,4,0.0,0.9431191251430151,1.0,,7,ORIGINAL
657,5,0.0,0.9091372900969896,1.0,,8,ORIGINAL
657,6,0.0,0.16317848796612636,0.9646784562203947,,11,ORIGINAL
657,7,0.0,,1.0,,2,ORIGINAL
657,8,0.0,0.8504200642707612,1.0,,5,ORIGINAL
657,9,0.0,0.8660254037844387,1.0,,3,ORIGINAL
658,549,0.9,,,,2,ORIGINAL
658,739,0.9,,,,1,ORIGINAL
658,0,0.0,,1.0,,0,ORIGINAL
658,1,0.0,,1.0,,2,ORIGINAL
658,2,0.0,,0.9633150259944552,,2,ORIGINAL
658,3,0.0,,0.9478675140998328,,5,ORIGINAL
658,4,0.0,,1.0,,2,ORIGINAL
658,5,0.0,,1.0,,4,ORIGINAL
658,6,0.0,,0.9646784562203947,,2,ORIGINAL
658,7,0.0,,1.0,,2,ORIGINAL
659,0,0.0,1.0000000000000002,0.9699713572266225,,3,ORIGINAL
659,1,0.0,0.19999999999999996,0.9699713572266225,,5,ORIGINAL
659,2,0.0,0.1348399724926484,0.9059825079395406,,7,ORIGINAL
659,3,0.0,-0.30743773095067284,0.8860247116862109,,17,ORIGINAL
659,4,0.0,-0.34341479757995447,0.9699713572266225,,12,ORIGINAL
659,5,0.0,-0.10660035817780521,0.9699713572266225,,11,ORIGINAL
659,6,0.0,-0.5439282932204212,0.9660512382337655,,9,ORIGINAL
659,7,0.0,0.5640760748177662,0.9699713572266225,,5,ORIGINAL
659,8,0.0,-0.6818181818181818,0.9699713572266225,,7,ORIGINAL
659,9,0.0,0.42857142857142855,0.9699713572266225,,5,ORIGINAL
660,0,0.0,,0.9794193477973404,,1,ORIGINAL
660,1,0.0,0.10482848367219183,0.9794193477973404,,7,ORIGINAL
660,2,0.0,0.8888888888888888,0.929237611972798,,6,ORIGINAL
660,3,0.0,-0.037267799624996496,0.8954618932272974,,15,ORIGINAL
660,4,0.0,0.11846977555181847,0.9794193477973404,,7,ORIGINAL
660,5,0.0,0.5330017908890261,0.9794193477973404,,8,ORIGINAL
660,6,0.0,-0.22360679774997896,0.9659286553171109,,5,ORIGINAL
660,7,0.0,0.0,0.9794193477973404,,4,ORIGINAL
660,8,0.0,-0.13483997249264842,0.9794193477973404,,5,ORIGINAL
660,9,0.0,0.25724787771376323,0.9794193477973404,,5,ORIGINAL
661,0,0.0,,0.9586603578412521,,0,ORIGINAL
661,1,0.0,,0.9586603578412521,,2,ORIGINAL
661,2,0.0,,0.9196070000613208,,2,ORIGINAL
661,3,0.0,0.4714045207910316,0.9380603678845636,,6,ORIGINAL
661,4,0.0,,0.9586603578412521,,2,ORIGINAL
661,5,0.0,0.8944271909999159,0.9586603578412521,,5,ORIGINAL
661,6,0.0,,0.9511655553061549,,1,ORIGINAL
661,7,0.0,,0.9586603578412521,,2,ORIGINAL
661,8,0.0,0.7071067811865475,0.9586603578412521,,4,ORIGINAL
661,9,0.0,0.9428090415820632,0.9586603578412521,,3,ORIGINAL
662,0,0.0,0.4082482904638631,1.0,,3,ORIGINAL
662,1,0.0,0.8838834764831843,1.0,,5,ORIGINAL
662,2,0.0,0.9058216273156767,0.9633150259944552,,7,ORIGINAL
662,3,0.0,0.795495128834866,0.9478675140998328,,11,ORIGINAL
662,4,0.0,,1.0,,2,ORIGINAL
662,5,0.0,0.8164965809277261,1.0,,6,ORIGINAL
662,6,0.0,0.5163977794943222,0.9646784562203947,,6,ORIGINAL
662,7,0.0,0.7559289460184544,1.0,,4,ORIGINAL
662,8,0.0,,1.0,,2,ORIGINAL
662,9,0.0,0.7001400420140049,1.0,,5,ORIGINAL
663,0,0.0,,0.9471904310983514,,2,ORIGINAL
663,1,0.0,,0.9471904310983514,,1,ORIGINAL
663,2,0.0,,0.9744499134770355,,2,ORIGINAL
663,3,0.0,-0.4999999999999999,0.9590620043917518,,5,ORIGINAL
663,4,0.0,,0.9471904310983514,,1,ORIGINAL
663,5,0.0,0.2886751345948129,0.9471904310983514,,4,ORIGINAL
663,6,0.0,,0.9287918814548854,,1,ORIGINAL
663,7,0.0,,0.9471904310983514,,0,ORIGINAL
663,8,0.0,,0.9471904310983514,,1,ORIGINAL
663,9,0.0,-0.5773502691896258,0.9471904310983514,,3,ORIGINAL
664,0,0.0,,,,0,ORIGINAL
664,1,0.0,,,,0,ORIGINAL
664,2,0.0,,,,0,ORIGINAL
664,3,0.0,,,,1,ORIGINAL
664,4,0.0,,,,0,ORIGINAL
664,5,0.0,,,,2,ORIGINAL
664,6,0.0,,,,1,ORIGINAL
664,7,0.0,,,,0,ORIGINAL
664,8,0.0,,,,0,ORIGINAL
664,9,0.0,,,,0,ORIGINAL
665,0,0.0,,,,1,ORIGINAL
665,1,0.0,,,,2,ORIGINAL
665,2,0.0,0.9525793444156805,,,3,ORIGINAL
665,3,0.0,0.9525793444156805,,,3,ORIGINAL
665,4,0.0,,,,2,ORIGINAL
665,5,0.0,,,,1,ORIGINAL
665,6,0.0,0.9622504486493763,,,3,ORIGINAL
665,7,0.0,,,,2,ORIGINAL
665,8,0.0,,,,2,ORIGINAL
665,9,0.0,,,,1,ORIGINAL
666,0,0.0,,1.0,,0,ORIGINAL
666,1,0.0,0.9438798074485389,1.0,,5,ORIGINAL
666,2,0.0,,0.9633150259944552,,2,ORIGINAL
666,3,0.0,0.8181818181818182,0.9478675140998328,,5,ORIGINAL
666,4,0.0,,1.0,,2,ORIGINAL
666,5,0.0,0.9561828874675149,1.0,,5,ORIGINAL
666,6,0.0,0.7396002616336389,0.9646784562203947,,7,ORIGINAL
666,7,0.0,0.9166666666666669,1.0,,6,ORIGINAL
666,8,0.0,0.9561828874675149,1.0,,4,ORIGINAL
666,9,0.0,0.9078412990032038,1.0,,7,ORIGINAL
667,0,0.0,,1.0,,0,ORIGINAL
667,1,0.0,,1.0,,1,ORIGINAL
667,2,0.0,,0.9633150259944552,,0,ORIGINAL
667,3,0.0,,0.9478675140998328,,2,ORIGINAL
667,4,0.0,,1.0,,2,ORIGINAL
667,5,0.0,,1.0,,2,ORIGINAL
667,6,0.0,,0.9646784562203947,,1,ORIGINAL
667,7,0.0,,1.0,,0,ORIGINAL
667,8,0.0,,1.0,,1,ORIGINAL
667,9,0.0,,1.0,,1,ORIGINAL
668,0,0.0,,1.0,,0,ORIGINAL
668,1,0.0,,1.0,,2,ORIGINAL
668,2,0.0,1.0000000000000002,0.9633150259944552,,3,ORIGINAL
668,3,0.0,,0.9478675140998328,,2,ORIGINAL
668,4,0.0,,1.0,,1,ORIGINAL
668,5,0.0,0.9622504486493763,1.0,,3,ORIGINAL
668,6,0.0,0.9707253433941511,0.9646784562203947,,4,ORIGINAL
668,7,0.0,0.944911182523068,1.0,,4,ORIGINAL
668,8,0.0,,1.0,,1,ORIGINAL
668,9,0.0,1.0000000000000002,1.0,,3,ORIGINAL
669,0,0.0,,0.9853041597713569,,0,ORIGINAL
669,1,0.0,1.0,0.9853041597713569,,4,ORIGINAL
669,2,0.0,0.9486832980505138,0.976353289271609,,5,ORIGINAL
669,3,0.0,0.8845379626717033,0.9557788136459758,,9,ORIGINAL
669,4,0.0,0.9761870601839528,0.9853041597713569,,5,ORIGINAL
669,5,0.0,0.9432422182837986,0.9853041597713569,,8,ORIGINAL
669,6,0.0,0.8040302522073697,0.9814549322456585,,8,ORIGINAL
669,7,0.0,0.944911182523068,0.9853041597713569,,4,ORIGINAL
669,8,0.0,0.9525793444156805,0.9853041597713569,,3,ORIGINAL
669,9,0.0,1.0,0.9853041597713569,,4,ORIGINAL
670,0,0.0,,0.9699713572266225,,0,ORIGINAL
670,1,0.0,,0.9699713572266225,,1,ORIGINAL
670,2,0.0,,0.9059825079395406,,0,ORIGINAL
670,3,0.0,0.8017837257372731,0.8860247116862109,,4,ORIGINAL
670,4,0.0,,0.9699713572266225,,1,ORIGINAL
670,5,0.0,,0.9699713572266225,,2,ORIGINAL
670,6,0.0,,0.9660512382337655,,2,ORIGINAL
670,7,0.0,,0.9699713572266225,,1,ORIGINAL
670,8,0.0,,0.9699713572266225,,2,ORIGINAL
670,9,0.0,,0.9699713572266225,,1,ORIGINAL
671,0,0.0,0.8660254037844387,1.0,,3,ORIGINAL
671,1,0.0,1.0,1.0,,4,ORIGINAL
671,2,0.0,0.9525793444156805,0.9633150259944552,,6,ORIGINAL
671,3,0.0,0.8427009716003846,0.9478675140998328,,11,ORIGINAL
671,4,0.0,0.9428090415820635,1.0,,3,ORIGINAL
671,5,0.0,,1.0,,2,ORIGINAL
671,6,0.0,0.944911182523068,0.9646784562203947,,4,ORIGINAL
671,7,0.0,0.9428090415820635,1.0,,3,ORIGINAL
671,8,0.0,,1.0,,2,ORIGINAL
671,9,0.0,0.9761870601839528,1.0,,5,ORIGINAL
672,0,0.0,,0.9633150259944552,,1,ORIGINAL
672,1,0.0,0.9561828874675149,0.9633150259944552,,7,ORIGINAL
672,2,0.0,0.9476984899448786,0.9999999999999993,,16,ORIGINAL
672,3,0.0,0.8864052604279183,0.9777320874553711,,27,ORIGINAL
672,4,0.0,0.8838834764831844,0.9633150259944552,,9,ORIGINAL
672,5,0.0,0.9999999999999998,0.9633150259944552,,10,ORIGINAL
672,6,0.0,0.5477225575051661,0.9658346052796958,,10,ORIGINAL
672,7,0.0,0.9432422182837986,0.9633150259944552,,8,ORIGINAL
672,8,0.0,0.9456108576893003,0.9633150259944552,,9,ORIGINAL
672,9,0.0,0.9761870601839528,0.9633150259944552,,5,ORIGINAL
673,0,0.0,,0.9420432252655582,,2,ORIGINAL
673,1,0.0,0.8660254037844387,0.9420432252655582,,6,ORIGINAL
673,2,0.0,0.8006407690254358,0.935694190065955,,10,ORIGINAL
673,3,0.0,0.5292377467571571,0.9599929196111939,,20,ORIGINAL
673,4,0.0,0.6324555320336759,0.9420432252655582,,4,ORIGINAL
673,5,0.0,0.9561828874675149,0.9420432252655582,,7,ORIGINAL
673,6,0.0,0.31622776601683794,0.9403748526765583,,7,ORIGINAL
673,7,0.0,0.9258200997725514,0.9420432252655582,,4,ORIGINAL
673,8,0.0,0.9486832980505138,0.9420432252655582,,4,ORIGINAL
673,9,0.0,0.9525793444156805,0.9420432252655582,,3,ORIGINAL
674,0,0.0,,0.951640056752823,,2,ORIGINAL
674,1,0.0,1.0000000000000002,0.951640056752823,,6,ORIGINAL
674,2,0.0,0.8333333333333335,0.9182580824321018,,3,ORIGINAL
674,3,0.0,0.9090909090909091,0.8690890125621994,,8,ORIGINAL
674,4,0.0,,0.951640056752823,,2,ORIGINAL
674,5,0.0,0.9561828874675149,0.951640056752823,,7,ORIGINAL
674,6,0.0,0.5669467095138409,0.941335558692549,,4,ORIGINAL
674,7,0.0,0.9622504486493763,0.951640056752823,,3,ORIGINAL
674,8,0.0,0.944911182523068,0.951640056752823,,4,ORIGINAL
674,9,0.0,0.9622504486493763,0.951640056752823,,3,ORIGINAL
675,0,0.0,,0.964678458555335,,0,ORIGINAL
675,1,0.0,,0.964678458555335,,0,ORIGINAL
675,2,0.0,,0.965834604492053,,1,ORIGINAL
675,3,0.0,,0.9413488713238006,,2,ORIGINAL
675,4,0.0,,0.964678458555335,,0,ORIGINAL
675,5,0.0,,0.964678458555335,,1,ORIGINAL
675,6,0.0,,0.9999999999999974,,0,ORIGINAL
675,7,0.0,,0.964678458555335,,2,ORIGINAL
675,8,0.0,0.9428090415820635,0.964678458555335,,3,ORIGINAL
675,9,0.0,,0.964678458555335,,0,ORIGINAL
676,0,0.0,,0.9522684276090986,,1,ORIGINAL
676,1,0.0,1.0000000000000002,0.9522684276090986,,3,ORIGINAL
676,2,0.0,0.944911182523068,0.9081347757446782,,5,ORIGINAL
676,3,0.0,0.9438798074485388,0.8632969565966576,,7,ORIGINAL
676,4,0.0,0.9434563530497265,0.9522684276090986,,4,ORIGINAL
676,5,0.0,0.9583727150068314,0.9522684276090986,,8,ORIGINAL
676,6,0.0,0.9460998335825321,0.9413593990528872,,7,ORIGINAL
676,7,0.0,0.8845379626717033,0.9522684276090986,,6,ORIGINAL
676,8,0.0,0.8999999999999998,0.9522684276090986,,4,ORIGINAL
676,9,0.0,0.9526610232449336,0.9522684276090986,,6,ORIGINAL
677,0,0.0,,0.9808074286486422,,0,ORIGINAL
677,1,0.0,,0.9808074286486422,,2,ORIGINAL
677,2,0.0,,0.9704064446070771,,1,ORIGINAL
677,3,0.0,0.6666666666666666,0.9434388031421846,,3,ORIGINAL
677,4,0.0,,0.9808074286486422,,1,ORIGINAL
677,5,0.0,,0.9808074286486422,,1,ORIGINAL
677,6,0.0,,0.9385487604084403,,2,ORIGINAL
677,7,0.0,,0.9808074286486422,,0,ORIGINAL
677,8,0.0,,0.9808074286486422,,2,ORIGINAL
677,9,0.0,,0.9808074286486422,,1,ORIGINAL
678,0,0.0,,0.9409512556659316,,0,ORIGINAL
678,1,0.0,,0.9409512556659316,,1,ORIGINAL
678,2,0.0,0.9622504486493763,0.8805955348311173,,3,ORIGINAL
678,3,0.0,0.9438798074485388,0.8425549511708728,,7,ORIGINAL
678,4,0.0,0.8571428571428571,0.9409512556659316,,5,ORIGINAL
678,5,0.0,0.9622504486493764,0.9409512556659316,,6,ORIGINAL
678,6,0.0,0.2886751345948129,0.9260773592122862,,4,ORIGINAL
678,7,0.0,,0.9409512556659316,,2,ORIGINAL
678,8,0.0,,0.9409512556659316,,2,ORIGINAL
678,9,0.0,,0.9409512556659316,,1,ORIGINAL
679,0,0.0,,0.9738004445197691,,1,ORIGINAL
679,1,0.0,1.0,0.9738004445197691,,4,ORIGINAL
679,2,0.0,0.944911182523068,0.9197887974458956,,4,ORIGINAL
679,3,0.0,1.0000000000000002,0.9244952730112307,,3,ORIGINAL
679,4,0.0,0.9428090415820635,0.9738004445197691,,3,ORIGINAL
679,5,0.0,,0.9738004445197691,,2,ORIGINAL
679,6,0.0,0.7745966692414834,0.9476127965444712,,5,ORIGINAL
679,7,0.0,0.9428090415820635,0.9738004445197691,,3,ORIGINAL
679,8,0.0,,0.9738004445197691,,1,ORIGINAL
679,9,0.0,0.9761870601839528,0.9738004445197691,,5,ORIGINAL
680,0,0.0,,0.9794193475422314,,2,ORIGINAL
680,1,0.0,0.944911182523068,0.9794193475422314,,4,ORIGINAL
680,2,0.0,0.9594032236002469,0.9292376112310496,,5,ORIGINAL
680,3,0.0,0.924678098474716,0.895461892039994,,11,ORIGINAL
680,4,0.0,0.944911182523068,0.9794193475422314,,4,ORIGINAL
680,5,0.0,0.936585811581694,0.9794193475422314,,7,ORIGINAL
680,6,0.0,0.4008918628686366,0.9659286556074309,,5,ORIGINAL
680,7,0.0,,0.9794193475422314,,2,ORIGINAL
680,8,0.0,,0.9794193475422314,,1,ORIGINAL
680,9,0.0,,0.9794193475422314,,2,ORIGINAL
681,0,0.0,,0.9475129514935641,,0,ORIGINAL
681,1,0.0,1.0000000000000002,0.9475129514935641,,3,ORIGINAL
681,2,0.0,,0.8940743960988177,,2,ORIGINAL
681,3,0.0,0.9525793444156805,0.9107024782062967,,3,ORIGINAL
681,4,0.0,,0.9475129514935641,,2,ORIGINAL
681,5,0.0,0.9486832980505138,0.9475129514935641,,4,ORIGINAL
681,6,0.0,0.7559289460184544,0.9414770674789598,,5,ORIGINAL
681,7,0.0,0.9434563530497265,0.9475129514935641,,4,ORIGINAL
681,8,0.0,,0.9475129514935641,,1,ORIGINAL
681,9,0.0,1.0,0.9475129514935641,,4,ORIGINAL
682,0,0.0,0.7745966692414834,0.9547094745633414,,3,ORIGINAL
682,1,0.0,,0.9547094745633414,,2,ORIGINAL
682,2,0.0,,0.977397412941537,,2,ORIGINAL
682,3,0.0,0.9538209664765318,0.9866204933337177,,8,ORIGINAL
682,4,0.0,0.944911182523068,0.9547094745633414,,4,ORIGINAL
682,5,0.0,0.9486832980505138,0.9547094745633414,,7,ORIGINAL
682,6,0.0,0.944911182523068,0.9639000531468919,,4,ORIGINAL
682,7,0.0,0.9647638212377322,0.9547094745633414,,4,ORIGINAL
682,8,0.0,0.8819171036881969,0.9547094745633414,,9,ORIGINAL
682,9,0.0,,0.9547094745633414,,1,ORIGINAL
683,0,0.0,,1.0,,1,ORIGINAL
683,1,0.0,0.8944271909999159,1.0,,6,ORIGINAL
683,2,0.0,0.7921180343813395,0.9633150259944552,,8,ORIGINAL
683,3,0.0,0.753778361444409,0.9478675140998328,,10,ORIGINAL
683,4,0.0,0.9091372900969896,1.0,,5,ORIGINAL
683,5,0.0,0.9486832980505138,1.0,,6,ORIGINAL
683,6,0.0,0.8660254037844387,0.9646784562203947,,5,ORIGINAL
683,7,0.0,,1.0,,1,ORIGINAL
683,8,0.0,,1.0,,2,ORIGINAL
683,9,0.0,0.9622504486493763,1.0,,3,ORIGINAL
684,0,0.0,,0.9734363214507032,,1,ORIGINAL
684,1,0.0,0.9622504486493763,0.9734363214507032,,3,ORIGINAL
684,2,0.0,0.9456108576893003,0.9372873897695143,,6,ORIGINAL
684,3,0.0,0.944911182523068,0.9593459940786431,,11,ORIGINAL
684,4,0.0,0.8907986681660889,0.9734363214507032,,7,ORIGINAL
684,5,0.0,0.944911182523068,0.9734363214507032,,7,ORIGINAL
684,6,0.0,0.5050762722761054,0.9352360575243936,,5,ORIGINAL
684,7,0.0,0.9525793444156805,0.9734363214507032,,3,ORIGINAL
684,8,0.0,0.9428090415820635,0.9734363214507032,,3,ORIGINAL
684,9,0.0,0.9434563530497265,0.9734363214507032,,4,ORIGINAL
685,0,0.0,0.7035264706814485,0.9824636481796526,,6,ORIGINAL
685,1,0.0,0.7905694150420948,0.9824636481796526,,12,ORIGINAL
685,2,0.0,0.8609460320922786,0.9373812375584477,,15,ORIGINAL
685,3,0.0,0.7309879850882874,0.9051753866614726,,39,ORIGINAL
685,4,0.0,0.8975382514923729,0.9824636481796526,,17,ORIGINAL
685,5,0.0,0.8872442622820285,0.9824636481796526,,19,ORIGINAL
685,6,0.0,0.34900503044826653,0.9655410100448671,,18,ORIGINAL
685,7,0.0,0.6842105263157894,0.9824636481796526,,10,ORIGINAL
685,8,0.0,0.894427190999916,0.9824636481796526,,13,ORIGINAL
685,9,0.0,0.8463272660560107,0.9824636481796526,,10,ORIGINAL
686,0,0.0,,0.9824636481796526,,2,ORIGINAL
686,1,0.0,0.9428090415820635,0.9824636481796526,,3,ORIGINAL
686,2,0.0,1.0000000000000002,0.9373812375584477,,3,ORIGINAL
686,3,0.0,0.8333333333333335,0.9051753866614726,,3,ORIGINAL
686,4,0.0,,0.9824636481796526,,1,ORIGINAL
686,5,0.0,,0.9824636481796526,,2,ORIGINAL
686,6,0.0,0.8660254037844387,0.9655410100448671,,4,ORIGINAL
686,7,0.0,1.0000000000000002,0.9824636481796526,,3,ORIGINAL
686,8,0.0,,0.9824636481796526,,0,ORIGINAL
686,9,0.0,0.944911182523068,0.9824636481796526,,4,ORIGINAL
687,0,0.0,,0.9545005798441111,,0,ORIGINAL
687,1,0.0,1.0,0.9545005798441111,,4,ORIGINAL
687,2,0.0,,0.896572649604279,,1,ORIGINAL
687,3,0.0,0.9622504486493763,0.9117335255779871,,6,ORIGINAL
687,4,0.0,,0.9545005798441111,,2,ORIGINAL
687,5,0.0,,0.9545005798441111,,1,ORIGINAL
687,6,0.0,0.5714285714285714,0.9422929880042143,,4,ORIGINAL
687,7,0.0,,0.9545005798441111,,0,ORIGINAL
687,8,0.0,0.9428090415820635,0.9545005798441111,,3,ORIGINAL
687,9,0.0,,0.9545005798441111,,2,ORIGINAL
688,0,0.0,0.9486832980505138,0.9528772578999964,,5,ORIGINAL
688,1,0.0,1.0000000000000002,0.9528772578999964,,3,ORIGINAL
688,2,0.0,,0.8862136982368001,,2,ORIGINAL
688,3,0.0,1.0,0.8652361823140664,,4,ORIGINAL
688,4,0.0,,0.9528772578999964,,1,ORIGINAL
688,5,0.0,,0.9528772578999964,,0,ORIGINAL
688,6,0.0,,0.950676317163076,,1,ORIGINAL
688,7,0.0,,0.9528772578999964,,0,ORIGINAL
688,8,0.0,,0.9528772578999964,,0,ORIGINAL
688,9,0.0,,0.9528772578999964,,1,ORIGINAL
689,0,0.0,,0.9794193485015635,,2,ORIGINAL
689,1,0.0,0.8749999999999998,0.9794193485015635,,5,ORIGINAL
689,2,0.0,0.9486832980505138,0.9292376140178872,,5,ORIGINAL
689,3,0.0,0.9035253315161441,0.8954618946154363,,15,ORIGINAL
689,4,0.0,0.9428090415820635,0.9794193485015635,,9,ORIGINAL
689,5,0.0,0.944911182523068,0.9794193485015635,,8,ORIGINAL
689,6,0.0,0.7627700713964739,0.9659286563039695,,8,ORIGINAL
689,7,0.0,0.9428090415820635,0.9794193485015635,,3,ORIGINAL
689,8,0.0,0.8980265101338746,0.9794193485015635,,10,ORIGINAL
689,9,0.0,0.882522608121828,0.9794193485015635,,5,ORIGINAL
690,0,0.0,,0.9409512515917362,,0,ORIGINAL
690,1,0.0,0.9622504486493763,0.9409512515917362,,3,ORIGINAL
690,2,0.0,0.9230769230769232,0.8805955270623828,,7,ORIGINAL
690,3,0.0,0.9333333333333332,0.8425549425750889,,9,ORIGINAL
690,4,0.0,0.9456108576893003,0.9409512515917362,,6,ORIGINAL
690,5,0.0,0.9428090415820634,0.9409512515917362,,9,ORIGINAL
690,6,0.0,0.4558423058385518,0.9260773524400784,,5,ORIGINAL
690,7,0.0,0.9561828874675149,0.9409512515917362,,4,ORIGINAL
690,8,0.0,0.9561828874675149,0.9409512515917362,,5,ORIGINAL
690,9,0.0,1.0,0.9409512515917362,,3,ORIGINAL
691,0,0.0,,0.9794193485015635,,0,ORIGINAL
691,1,0.0,,0.9794193485015635,,0,ORIGINAL
691,2,0.0,,0.9292376140178872,,0,ORIGINAL
691,3,0.0,,0.8954618946154363,,2,ORIGINAL
691,4,0.0,,0.9794193485015635,,0,ORIGINAL
691,5,0.0,,0.9794193485015635,,2,ORIGINAL
691,6,0.0,,0.9659286563039695,,1,ORIGINAL
691,7,0.0,,0.9794193485015635,,2,ORIGINAL
691,8,0.0,,0.9794193485015635,,2,ORIGINAL
691,9,0.0,,0.9794193485015635,,0,ORIGINAL
692,0,0.0,,0.961120586841919,,0,ORIGINAL
692,1,0.0,0.9428090415820635,0.961120586841919,,3,ORIGINAL
692,2,0.0,0.9438798074485389,0.9521660180930676,,5,ORIGINAL
692,3,0.0,0.9486832980505138,0.9352301584940231,,7,ORIGINAL
692,4,0.0,0.9525793444156805,0.961120586841919,,3,ORIGINAL
692,5,0.0,0.944911182523068,0.961120586841919,,8,ORIGINAL
692,6,0.0,0.5698028822981898,0.9665349418267045,,5,ORIGINAL
692,7,0.0,,0.961120586841919,,2,ORIGINAL
692,8,0.0,0.8642416214502248,0.961120586841919,,6,ORIGINAL
692,9,0.0,0.9434563530497265,0.961120586841919,,4,ORIGINAL
693,0,0.0,,0.9828880246133912,,2,ORIGINAL
693,1,0.0,0.8581163303210331,0.9828880246133912,,8,ORIGINAL
693,2,0.0,0.8432740427115678,0.9652308230119085,,9,ORIGINAL
693,3,0.0,0.7100469468046932,0.9370246155617213,,16,ORIGINAL
693,4,0.0,0.8153742483272113,0.9828880246133912,,11,ORIGINAL
693,5,0.0,0.8249579113843053,0.9828880246133912,,10,ORIGINAL
693,6,0.0,0.5669467095138409,0.9391354050282328,,12,ORIGINAL
693,7,0.0,0.6963106238227914,0.9828880246133912,,5,ORIGINAL
693,8,0.0,0.8249579113843055,0.9828880246133912,,6,ORIGINAL
693,9,0.0,0.8164965809277259,0.9828880246133912,,3,ORIGINAL
694,0,0.0,,0.962720392922269,,0,ORIGINAL
694,1,0.0,,0.962720392922269,,2,ORIGINAL
694,2,0.0,1.0,0.9658798425144149,,4,ORIGINAL
694,3,0.0,0.9431191251430151,0.9222827441977814,,10,ORIGINAL
694,4,0.0,0.9428090415820635,0.962720392922269,,3,ORIGINAL
694,5,0.0,0.9999999999999999,0.962720392922269,,7,ORIGINAL
694,6,0.0,0.9999999999999999,0.9768146069083574,,7,ORIGINAL
694,7,0.0,0.9999999999999998,0.962720392922269,,5,ORIGINAL
694,8,0.0,0.9669875568304563,0.962720392922269,,7,ORIGINAL
694,9,0.0,,0.962720392922269,,2,ORIGINAL
695,0,0.0,,0.9132528969545898,,0,ORIGINAL
695,1,0.0,,0.9132528969545898,,2,ORIGINAL
695,2,0.0,,0.8396355160596608,,0,ORIGINAL
695,3,0.0,0.9428090415820635,0.8109206190033167,,3,ORIGINAL
695,4,0.0,,0.9132528969545898,,2,ORIGINAL
695,5,0.0,1.0,0.9132528969545898,,4,ORIGINAL
695,6,0.0,0.944911182523068,0.9092094943601058,,4,ORIGINAL
695,7,0.0,,0.9132528969545898,,1,ORIGINAL
695,8,0.0,0.9707253433941511,0.9132528969545898,,4,ORIGINAL
695,9,0.0,,0.9132528969545898,,1,ORIGINAL
696,0,0.0,,0.9794193426476939,,2,ORIGINAL
696,1,0.0,,0.9794193426476939,,0,ORIGINAL
696,2,0.0,,0.9292376002583637,,1,ORIGINAL
696,3,0.0,1.0,0.8954618800407073,,4,ORIGINAL
696,4,0.0,,0.9794193426476939,,1,ORIGINAL
696,5,0.0,,0.9794193426476939,,0,ORIGINAL
696,6,0.0,,0.9659286488819201,,1,ORIGINAL
696,7,0.0,,0.9794193426476939,,1,ORIGINAL
696,8,0.0,,0.9794193426476939,,0,ORIGINAL
696,9,0.0,,0.9794193426476939,,1,ORIGINAL
697,0,0.0,,1.0,,0,ORIGINAL
697,1,0.0,,1.0,,1,ORIGINAL
697,2,0.0,,0.9633150259944552,,0,ORIGINAL
697,3,0.0,,0.9478675140998328,,2,ORIGINAL
697,4,0.0,,1.0,,1,ORIGINAL
697,5,0.0,1.0,1.0,,4,ORIGINAL
697,6,0.0,,0.9646784562203947,,2,ORIGINAL
697,7,0.0,,1.0,,2,ORIGINAL
697,8,0.0,0.944911182523068,1.0,,4,ORIGINAL
697,9,0.0,,1.0,,2,ORIGINAL
698,0,0.0,,0.9574558822952542,,0,ORIGINAL
698,1,0.0,0.9999999999999998,0.9574558822952542,,5,ORIGINAL
698,2,0.0,0.9090909090909091,0.9509252835834949,,5,ORIGINAL
698,3,0.0,0.8947368421052629,0.9152556984988159,,10,ORIGINAL
698,4,0.0,0.9525793444156805,0.9574558822952542,,6,ORIGINAL
698,5,0.0,0.9432422182837986,0.9574558822952542,,8,ORIGINAL
698,6,0.0,0.5773502691896258,0.9455570204745576,,6,ORIGINAL
698,7,0.0,,0.9574558822952542,,1,ORIGINAL
698,8,0.0,0.8845379626717033,0.9574558822952542,,6,ORIGINAL
698,9,0.0,0.9622504486493763,0.9574558822952542,,3,ORIGINAL
699,0,0.0,,1.0,,0,ORIGINAL
699,1,0.0,1.0000000000000002,1.0,,3,ORIGINAL
699,2,0.0,,0.9633150259944552,,2,ORIGINAL
699,3,0.0,,0.9478675140998328,,2,ORIGINAL
699,4,0.0,,1.0,,2,ORIGINAL
699,5,0.0,1.0,1.0,,4,ORIGINAL
699,6,0.0,,0.9646784562203947,,2,ORIGINAL
699,7,0.0,,1.0,,1,ORIGINAL
699,8,0.0,,1.0,,1,ORIGINAL
699,9,0.0,1.0000000000000002,1.0,,3,ORIGINAL
700,0,0.0,0.9622504486493763,0.9806790831908886,,6,ORIGINAL
700,1,0.0,0.8888888888888888,0.9806790831908886,,9,ORIGINAL
700,2,0.0,0.8765009801785554,0.9341955253860719,,12,ORIGINAL
700,3,0.0,0.9120291854009068,0.9453174423971629,,23,ORIGINAL
700,4,0.0,0.9677419354838711,0.9806790831908886,,13,ORIGINAL
700,5,0.0,0.9503288904374105,0.9806790831908886,,11,ORIGINAL
700,6,0.0,0.6882472016116852,0.9561958125136849,,15,ORIGINAL
700,7,0.0,0.9141379262169076,0.9806790831908886,,9,ORIGINAL
700,8,0.0,0.8750000000000001,0.9806790831908886,,9,ORIGINAL
700,9,0.0,0.9486832980505138,0.9806790831908886,,9,ORIGINAL
701,0,0.0,,0.9699713572266225,,1,ORIGINAL
701,1,0.0,0.8164965809277259,0.9699713572266225,,3,ORIGINAL
701,2,0.0,0.9561828874675149,0.9059825079395406,,4,ORIGINAL
701,3,0.0,0.944911182523068,0.8860247116862109,,5,ORIGINAL
701,4,0.0,,0.9699713572266225,,2,ORIGINAL
701,5,0.0,1.0000000000000002,0.9699713572266225,,3,ORIGINAL
701,6,0.0,,0.9660512382337655,,1,ORIGINAL
701,7,0.0,,0.9699713572266225,,2,ORIGINAL
701,8,0.0,,0.9699713572266225,,2,ORIGINAL
701,9,0.0,1.0,0.9699713572266225,,3,ORIGINAL
702,0,0.0,,0.9616716962556596,,0,ORIGINAL
702,1,0.0,0.9428090415820635,0.9616716962556596,,3,ORIGINAL
702,2,0.0,,0.9692984714444245,,0,ORIGINAL
702,3,0.0,0.857142857142857,0.9711647503296523,,4,ORIGINAL
702,4,0.0,,0.9616716962556596,,2,ORIGINAL
702,5,0.0,0.944911182523068,0.9616716962556596,,4,ORIGINAL
702,6,0.0,0.9128709291752769,0.9700823616819909,,4,ORIGINAL
702,7,0.0,0.9486832980505138,0.9616716962556596,,4,ORIGINAL
702,8,0.0,0.9428090415820635,0.9616716962556596,,3,ORIGINAL
702,9,0.0,,0.9616716962556596,,2,ORIGINAL
703,0,0.0,,1.0,,1,ORIGINAL
703,1,0.0,,1.0,,2,ORIGINAL
703,2,0.0,0.769800358919501,0.9633150259944552,,6,ORIGINAL
703,3,0.0,0.8164965809277259,0.9478675140998328,,5,ORIGINAL
703,4,0.0,,1.0,,1,ORIGINAL
703,5,0.0,,1.0,,1,ORIGINAL
703,6,0.0,,0.9646784562203947,,2,ORIGINAL
703,7,0.0,,1.0,,2,ORIGINAL
703,8,0.0,,1.0,,1,ORIGINAL
703,9,0.0,0.8164965809277261,1.0,,3,ORIGINAL
704,0,0.0,,0.9699713551191103,,0,ORIGINAL
704,1,0.0,0.944911182523068,0.9699713551191103,,4,ORIGINAL
704,2,0.0,0.9428090415820635,0.9059825036494301,,3,ORIGINAL
704,3,0.0,0.9622504486493763,0.8860247085843699,,6,ORIGINAL
704,4,0.0,,0.9699713551191103,,2,ORIGINAL
704,5,0.0,0.9438798074485389,0.9699713551191103,,5,ORIGINAL
704,6,0.0,0.769800358919501,0.9660512365050365,,6,ORIGINAL
704,7,0.0,0.857142857142857,0.9699713551191103,,4,ORIGINAL
704,8,0.0,,0.9699713551191103,,2,ORIGINAL
704,9,0.0,0.944911182523068,0.9699713551191103,,4,ORIGINAL
705,0,0.0,0.9525793444156805,0.9806790815403282,,3,ORIGINAL
705,1,0.0,0.8801724588467041,0.9806790815403282,,8,ORIGINAL
705,2,0.0,0.8910421112136306,0.9341955258135484,,10,ORIGINAL
705,3,0.0,0.9189365834726815,0.9453174438792368,,18,ORIGINAL
705,4,0.0,0.9460998335825321,0.9806790815403282,,11,ORIGINAL
705,5,0.0,0.9864400504156211,0.9806790815403282,,9,ORIGINAL
705,6,0.0,0.7970533969860857,0.9561958137126199,,10,ORIGINAL
705,7,0.0,0.9432422182837986,0.9806790815403282,,5,ORIGINAL
705,8,0.0,0.9239131562447777,0.9806790815403282,,9,ORIGINAL
705,9,0.0,0.9285714285714286,0.9806790815403282,,5,ORIGINAL
706,0,0.0,0.944911182523068,0.9528772578999964,,5,ORIGINAL
706,1,0.0,0.9428090415820634,0.9528772578999964,,9,ORIGINAL
706,2,0.0,0.9442673704375605,0.8862136982368001,,11,ORIGINAL
706,3,0.0,0.9430895977678839,0.8652361823140664,,21,ORIGINAL
706,4,0.0,0.8948381385019566,0.9528772578999964,,13,ORIGINAL
706,5,0.0,0.9622504486493763,0.9528772578999964,,12,ORIGINAL
706,6,0.0,0.7378988555115865,0.950676317163076,,12,ORIGINAL
706,7,0.0,0.9434563530497265,0.9528772578999964,,8,ORIGINAL
706,8,0.0,0.9428090415820634,0.9528772578999964,,9,ORIGINAL
706,9,0.0,0.9538209664765318,0.9528772578999964,,7,ORIGINAL
707,0,0.0,0.8528028654224417,0.9806790815765236,,5,ORIGINAL
707,1,0.0,0.9456108576893003,0.9806790815765236,,9,ORIGINAL
707,2,0.0,0.9429080709444059,0.9341955275454015,,11,ORIGINAL
707,3,0.0,0.9433332612731564,0.9453174450175371,,20,ORIGINAL
707,4,0.0,0.9639603730060448,0.9806790815765236,,11,ORIGINAL
707,5,0.0,0.9594032236002469,0.9806790815765236,,11,ORIGINAL
707,6,0.0,0.6982972487551755,0.9561958124327689,,11,ORIGINAL
707,7,0.0,0.968962790249909,0.9806790815765236,,6,ORIGINAL
707,8,0.0,0.9525793444156805,0.9806790815765236,,6,ORIGINAL
707,9,0.0,0.8996469021204839,0.9806790815765236,,8,ORIGINAL
708,0,0.0,,,,0,ORIGINAL
708,1,0.0,,,,1,ORIGINAL
708,2,0.0,,,,2,ORIGINAL
708,3,0.0,0.8164965809277261,,,3,ORIGINAL
708,4,0.0,,,,1,ORIGINAL
708,5,0.0,0.9622504486493763,,,3,ORIGINAL
708,6,0.0,,,,1,ORIGINAL
708,7,0.0,,,,2,ORIGINAL
708,8,0.0,,,,2,ORIGINAL
708,9,0.0,,,,2,ORIGINAL
709,101,0.9,0.9415130835240085,0.9378440202172561,,13,ORIGINAL
709,200,0.9,0.9074852129730302,0.9400009539971351,,9,ORIGINAL
709,526,0.9,0.9429903335828895,0.9659079211995982,,13,ORIGINAL
709,595,0.9,0.8743856497851875,0.940000951909002,,12,ORIGINAL
709,0,0.0,,0.9828880241759523,,2,ORIGINAL
709,1,0.0,1.0000000000000002,0.9828880241759523,,3,ORIGINAL
709,2,0.0,0.8660254037844386,0.9652308221772619,,6,ORIGINAL
709,3,0.0,0.8512565307587487,0.9370246151154543,,15,ORIGINAL
709,4,0.0,1.0000000000000002,0.9828880241759523,,6,ORIGINAL
709,5,0.0,0.9561828874675149,0.9828880241759523,,7,ORIGINAL
710,0,0.0,,0.9824636462246567,,0,ORIGINAL
710,1,0.0,1.0000000000000002,0.9824636462246567,,3,ORIGINAL
710,2,0.0,0.9428090415820635,0.9373812324340507,,3,ORIGINAL
710,3,0.0,0.944911182523068,0.9051753807982442,,4,ORIGINAL
710,4,0.0,,0.9824636462246567,,2,ORIGINAL
710,5,0.0,,0.9824636462246567,,2,ORIGINAL
710,6,0.0,,0.9655410065423763,,2,ORIGINAL
710,7,0.0,,0.9824636462246567,,1,ORIGINAL
710,8,0.0,,0.9824636462246567,,1,ORIGINAL
710,9,0.0,,0.9824636462246567,,2,ORIGINAL
711,0,0.0,,0.9379204678326464,,1,ORIGINAL
711,1,0.0,0.9999999999999998,0.9379204678326464,,5,ORIGINAL
711,2,0.0,0.9525793444156805,0.8824477293890609,,3,ORIGINAL
711,3,0.0,0.9432422182837986,0.8462745121222383,,5,ORIGINAL
711,4,0.0,0.9622504486493763,0.9379204678326464,,3,ORIGINAL
711,5,0.0,1.0,0.9379204678326464,,4,ORIGINAL
711,6,0.0,0.8164965809277261,0.9261694467957815,,4,ORIGINAL
711,7,0.0,,0.9379204678326464,,2,ORIGINAL
711,8,0.0,,0.9379204678326464,,2,ORIGINAL
711,9,0.0,0.9707253433941511,0.9379204678326464,,4,ORIGINAL
712,0,0.0,,0.9711339633954151,,1,ORIGINAL
712,1,0.0,,0.9711339633954151,,1,ORIGINAL
712,2,0.0,,0.941873267334642,,1,ORIGINAL
712,3,0.0,0.9434563530497265,0.9184574410036944,,4,ORIGINAL
712,4,0.0,,0.9711339633954151,,1,ORIGINAL
712,5,0.0,0.9707253433941511,0.9711339633954151,,4,ORIGINAL
712,6,0.0,,0.9731518680547706,,1,ORIGINAL
712,7,0.0,,0.9711339633954151,,2,ORIGINAL
712,8,0.0,,0.9711339633954151,,2,ORIGINAL
712,9,0.0,,0.9711339633954151,,1,ORIGINAL
713,0,0.0,,0.9824636492987208,,1,ORIGINAL
713,1,0.0,0.9428090415820634,0.9824636492987208,,6,ORIGINAL
713,2,0.0,0.9429541672723838,0.9373812376983589,,8,ORIGINAL
713,3,0.0,0.9195090507493323,0.9051753863583857,,17,ORIGINAL
713,4,0.0,0.9782319760890368,0.9824636492987208,,7,ORIGINAL
713,5,0.0,0.9707253433941511,0.9824636492987208,,8,ORIGINAL
713,6,0.0,0.49613893835683387,0.9655410097462167,,8,ORIGINAL
713,7,0.0,0.9486832980505138,0.9824636492987208,,4,ORIGINAL
713,8,0.0,0.9525793444156805,0.9824636492987208,,3,ORIGINAL
713,9,0.0,,0.9824636492987208,,2,ORIGINAL
714,0,0.0,,1.0,,0,ORIGINAL
714,1,0.0,0.8749999999999998,1.0,,5,ORIGINAL
714,2,0.0,1.0,0.9633150259944552,,4,ORIGINAL
714,3,0.0,0.9432422182837986,0.9478675140998328,,5,ORIGINAL
714,4,0.0,,1.0,,2,ORIGINAL
714,5,0.0,0.944911182523068,1.0,,4,ORIGINAL
714,6,0.0,0.9128709291752769,0.9646784562203947,,3,ORIGINAL
714,7,0.0,,1.0,,1,ORIGINAL
714,8,0.0,0.8333333333333335,1.0,,3,ORIGINAL
714,9,0.0,0.9434563530497265,1.0,,4,ORIGINAL
715,0,0.0,,0.9794193485015635,,2,ORIGINAL
715,1,0.0,,0.9794193485015635,,2,ORIGINAL
715,2,0.0,0.769800358919501,0.9292376140178872,,6,ORIGINAL
715,3,0.0,0.8504200642707612,0.8954618946154363,,10,ORIGINAL
715,4,0.0,0.8249579113843055,0.9794193485015635,,6,ORIGINAL
715,5,0.0,0.7071067811865475,0.9794193485015635,,10,ORIGINAL
715,6,0.0,0.9428090415820635,0.9659286563039695,,3,ORIGINAL
715,7,0.0,0.944911182523068,0.9794193485015635,,4,ORIGINAL
715,8,0.0,0.9538209664765318,0.9794193485015635,,7,ORIGINAL
715,9,0.0,0.40824829046386296,0.9794193485015635,,5,ORIGINAL
716,0,0.0,0.8528028654224417,0.9317824697544982,,5,ORIGINAL
716,1,0.0,,0.9317824697544982,,2,ORIGINAL
716,2,0.0,1.0000000000000002,0.948172308948168,,3,ORIGINAL
716,3,0.0,0.9438798074485389,0.9184882850144845,,5,ORIGINAL
716,4,0.0,,0.9317824697544982,,1,ORIGINAL
716,5,0.0,,0.9317824697544982,,0,ORIGINAL
716,6,0.0,,0.9277148497305662,,0,ORIGINAL
716,7,0.0,,0.9317824697544982,,0,ORIGINAL
716,8,0.0,,0.9317824697544982,,1,ORIGINAL
716,9,0.0,,0.9317824697544982,,1,ORIGINAL
717,0,0.0,,0.9317824697544982,,0,ORIGINAL
717,1,0.0,,0.9317824697544982,,1,ORIGINAL
717,2,0.0,,0.948172308948168,,1,ORIGINAL
717,3,0.0,0.944911182523068,0.9184882850144845,,4,ORIGINAL
717,4,0.0,0.9428090415820635,0.9317824697544982,,3,ORIGINAL
717,5,0.0,1.0000000000000002,0.9317824697544982,,3,ORIGINAL
717,6,0.0,0.8451542547285165,0.9277148497305662,,5,ORIGINAL
717,7,0.0,,0.9317824697544982,,2,ORIGINAL
717,8,0.0,0.9486832980505138,0.9317824697544982,,4,ORIGINAL
717,9,0.0,,0.9317824697544982,,1,ORIGINAL
718,0,0.0,,0.9794193464770968,,0,ORIGINAL
718,1,0.0,,0.9794193464770968,,1,ORIGINAL
718,2,0.0,0.9428090415820635,0.9292376099169455,,3,ORIGINAL
718,3,0.0,1.0,0.8954618887294593,,4,ORIGINAL
718,4,0.0,,0.9794193464770968,,2,ORIGINAL
718,5,0.0,1.0000000000000002,0.9794193464770968,,3,ORIGINAL
718,6,0.0,,0.9659286547322722,,0,ORIGINAL
718,7,0.0,0.9428090415820635,0.9794193464770968,,3,ORIGINAL
718,8,0.0,,0.9794193464770968,,2,ORIGINAL
718,9,0.0,,0.9794193464770968,,1,ORIGINAL
719,0,0.0,,0.9794193485015635,,1,ORIGINAL
719,1,0.0,,0.9794193485015635,,2,ORIGINAL
719,2,0.0,0.9594032236002469,0.9292376140178872,,5,ORIGINAL
719,3,0.0,0.9432422182837986,0.8954618946154363,,8,ORIGINAL
719,4,0.0,1.0,0.9794193485015635,,3,ORIGINAL
719,5,0.0,0.9486832980505138,0.9794193485015635,,8,ORIGINAL
719,6,0.0,0.33333333333333337,0.9659286563039695,,3,ORIGINAL
719,7,0.0,0.9525793444156805,0.9794193485015635,,3,ORIGINAL
719,8,0.0,0.9434563530497265,0.9794193485015635,,4,ORIGINAL
719,9,0.0,,0.9794193485015635,,2,ORIGINAL
720,0,0.0,,0.9132528919513496,,2,ORIGINAL
720,1,0.0,,0.9132528919513496,,2,ORIGINAL
720,2,0.0,1.0,0.8396355093745782,,4,ORIGINAL
720,3,0.0,0.7399400733959438,0.810920614852835,,8,ORIGINAL
720,4,0.0,0.9761870601839528,0.9132528919513496,,5,ORIGINAL
720,5,0.0,0.8451542547285165,0.9132528919513496,,8,ORIGINAL
720,6,0.0,0.40824829046386296,0.9092094908439895,,6,ORIGINAL
720,7,0.0,,0.9132528919513496,,2,ORIGINAL
720,8,0.0,0.9561828874675149,0.9132528919513496,,4,ORIGINAL
720,9,0.0,0.9622504486493763,0.9132528919513496,,3,ORIGINAL
721,0,0.0,,0.9794193485015635,,0,ORIGINAL
721,1,0.0,0.8819171036881969,0.9794193485015635,,7,ORIGINAL
721,2,0.0,0.8660254037844387,0.9292376140178872,,5,ORIGINAL
721,3,0.0,0.769800358919501,0.8954618946154363,,9,ORIGINAL
721,4,0.0,0.5773502691896258,0.9794193485015635,,7,ORIGINAL
721,5,0.0,0.8017837257372731,0.9794193485015635,,7,ORIGINAL
721,6,0.0,0.6546536707079772,0.9659286563039695,,8,ORIGINAL
721,7,0.0,0.8819171036881969,0.9794193485015635,,6,ORIGINAL
721,8,0.0,0.7071067811865475,0.9794193485015635,,3,ORIGINAL
721,9,0.0,0.9486832980505138,0.9794193485015635,,5,ORIGINAL
722,0,0.0,,0.906341719871642,,0,ORIGINAL
722,1,0.0,,0.906341719871642,,1,ORIGINAL
722,2,0.0,,0.9502272829031738,,0,ORIGINAL
722,3,0.0,1.0000000000000002,0.9701357956671444,,3,ORIGINAL
722,4,0.0,,0.906341719871642,,2,ORIGINAL
722,5,0.0,1.0000000000000002,0.906341719871642,,3,ORIGINAL
722,6,0.0,,0.9376634621435429,,2,ORIGINAL
722,7,0.0,,0.906341719871642,,1,ORIGINAL
722,8,0.0,,0.906341719871642,,1,ORIGINAL
722,9,0.0,,0.906341719871642,,1,ORIGINAL
723,0,0.0,,0.964678458555335,,0,ORIGINAL
723,1,0.0,,0.964678458555335,,1,ORIGINAL
723,2,0.0,,0.965834604492053,,0,ORIGINAL
723,3,0.0,,0.9413488713238006,,2,ORIGINAL
723,4,0.0,,0.964678458555335,,2,ORIGINAL
723,5,0.0,,0.964678458555335,,2,ORIGINAL
723,6,0.0,,0.9999999999999974,,2,ORIGINAL
723,7,0.0,,0.964678458555335,,0,ORIGINAL
723,8,0.0,,0.964678458555335,,2,ORIGINAL
723,9,0.0,,0.964678458555335,,2,ORIGINAL
724,0,0.0,,0.9699713572266225,,2,ORIGINAL
724,1,0.0,0.8333333333333335,0.9699713572266225,,3,ORIGINAL
724,2,0.0,0.9622504486493763,0.9059825079395406,,3,ORIGINAL
724,3,0.0,0.9109802728222299,0.8860247116862109,,12,ORIGINAL
724,4,0.0,0.9525793444156805,0.9699713572266225,,3,ORIGINAL
724,5,0.0,0.9486832980505138,0.9699713572266225,,5,ORIGINAL
724,6,0.0,0.7071067811865475,0.9660512382337655,,6,ORIGINAL
724,7,0.0,,0.9699713572266225,,2,ORIGINAL
724,8,0.0,0.8386278693775346,0.9699713572266225,,4,ORIGINAL
724,9,0.0,0.9525793444156805,0.9699713572266225,,3,ORIGINAL
725,0,0.0,,1.0,,0,ORIGINAL
725,1,0.0,,1.0,,0,ORIGINAL
725,2,0.0,,0.9633150259944552,,0,ORIGINAL
725,3,0.0,,0.9478675140998328,,2,ORIGINAL
725,4,0.0,,1.0,,1,ORIGINAL
725,5,0.0,,1.0,,2,ORIGINAL
725,6,0.0,,0.9646784562203947,,0,ORIGINAL
725,7,0.0,,1.0,,1,ORIGINAL
725,8,0.0,,1.0,,1,ORIGINAL
725,9,0.0,,1.0,,0,ORIGINAL
726,0,0.0,,0.964678458555335,,1,ORIGINAL
726,1,0.0,,0.964678458555335,,0,ORIGINAL
726,2,0.0,1.0,0.965834604492053,,4,ORIGINAL
726,3,0.0,1.0000000000000002,0.9413488713238006,,6,ORIGINAL
726,4,0.0,0.9428090415820635,0.964678458555335,,3,ORIGINAL
726,5,0.0,1.0,0.964678458555335,,4,ORIGINAL
726,6,0.0,1.0000000000000002,0.9999999999999974,,3,ORIGINAL
726,7,0.0,1.0,0.964678458555335,,4,ORIGINAL
726,8,0.0,0.9622504486493764,0.964678458555335,,6,ORIGINAL
726,9,0.0,,0.964678458555335,,1,ORIGINAL
727,0,0.0,,0.9623825726019074,,0,ORIGINAL
727,1,0.0,,0.9623825726019074,,2,ORIGINAL
727,2,0.0,,0.9039457242238322,,1,ORIGINAL
727,3,0.0,,0.9255037799035835,,4,ORIGINAL
727,4,0.0,,0.9623825726019074,,1,ORIGINAL
727,5,0.0,,0.9623825726019074,,2,ORIGINAL
727,6,0.0,,0.9443964430495274,,4,ORIGINAL
727,7,0.0,,0.9623825726019074,,1,ORIGINAL
727,8,0.0,,0.9623825726019074,,2,ORIGINAL
727,9,0.0,,0.9623825726019074,,1,ORIGINAL
728,0,0.0,,1.0,,1,ORIGINAL
728,1,0.0,,1.0,,1,ORIGINAL
728,2,0.0,,0.9633150259944552,,1,ORIGINAL
728,3,0.0,,0.9478675140998328,,2,ORIGINAL
728,4,0.0,,1.0,,1,ORIGINAL
728,5,0.0,,1.0,,2,ORIGINAL
728,6,0.0,,0.9646784562203947,,1,ORIGINAL
728,7,0.0,,1.0,,0,ORIGINAL
728,8,0.0,,1.0,,0,ORIGINAL
728,9,0.0,,1.0,,2,ORIGINAL
729,0,0.0,,0.9699713572266225,,1,ORIGINAL
729,1,0.0,0.7745966692414834,0.9699713572266225,,5,ORIGINAL
729,2,0.0,0.8164965809277259,0.9059825079395406,,5,ORIGINAL
729,3,0.0,0.8249579113843055,0.8860247116862109,,9,ORIGINAL
729,4,0.0,,0.9699713572266225,,2,ORIGINAL
729,5,0.0,0.9999999999999998,0.9699713572266225,,5,ORIGINAL
729,6,0.0,0.5962847939999439,0.9660512382337655,,8,ORIGINAL
729,7,0.0,0.944911182523068,0.9699713572266225,,4,ORIGINAL
729,8,0.0,,0.9699713572266225,,2,ORIGINAL
729,9,0.0,0.9761870601839528,0.9699713572266225,,5,ORIGINAL
730,0,0.0,,1.0,,1,ORIGINAL
730,1,0.0,0.8696263565463043,1.0,,7,ORIGINAL
730,2,0.0,0.9013878188659974,0.9633150259944552,,7,ORIGINAL
730,3,0.0,0.848528137423857,0.9478675140998328,,14,ORIGINAL
730,4,0.0,1.0000000000000002,1.0,,3,ORIGINAL
730,5,0.0,0.9525793444156803,1.0,,9,ORIGINAL
730,6,0.0,0.5539117094069974,0.9646784562203947,,9,ORIGINAL
730,7,0.0,0.8775269089525567,1.0,,5,ORIGINAL
730,8,0.0,0.9285714285714286,1.0,,5,ORIGINAL
730,9,0.0,0.9782319760890368,1.0,,7,ORIGINAL
731,0,0.0,,1.0,,0,ORIGINAL
731,1,0.0,0.9438798074485389,1.0,,5,ORIGINAL
731,2,0.0,0.9622504486493763,0.9633150259944552,,3,ORIGINAL
731,3,0.0,0.9013878188659974,0.9478675140998328,,7,ORIGINAL
731,4,0.0,0.8775269089525567,1.0,,5,ORIGINAL
731,5,0.0,0.9525793444156805,1.0,,6,ORIGINAL
731,6,0.0,0.9354143466934852,0.9646784562203947,,5,ORIGINAL
731,7,0.0,,1.0,,2,ORIGINAL
731,8,0.0,0.8606629658238704,1.0,,6,ORIGINAL
731,9,0.0,0.8770580193070293,1.0,,4,ORIGINAL
732,0,0.0,,0.9770930333460692,,0,ORIGINAL
732,1,0.0,0.5,0.9770930333460692,,4,ORIGINAL
732,2,0.0,,0.9426950542058579,,4,ORIGINAL
732,3,0.0,0.7559289460184544,0.9697879072350232,,4,ORIGINAL
732,4,0.0,,0.9770930333460692,,2,ORIGINAL
732,5,0.0,0.4472135954999579,0.9770930333460692,,5,ORIGINAL
732,6,0.0,0.7559289460184544,0.9343338179348393,,5,ORIGINAL
732,7,0.0,,0.9770930333460692,,1,ORIGINAL
732,8,0.0,,0.9770930333460692,,2,ORIGINAL
732,9,0.0,0.5773502691896258,0.9770930333460692,,3,ORIGINAL
733,0,0.0,,0.9770930333460692,,0,ORIGINAL
733,1,0.0,,0.9770930333460692,,2,ORIGINAL
733,2,0.0,,0.9426950542058579,,2,ORIGINAL
733,3,0.0,,0.9697879072350232,,2,ORIGINAL
733,4,0.0,,0.9770930333460692,,2,ORIGINAL
733,5,0.0,,0.9770930333460692,,2,ORIGINAL
733,6,0.0,,0.9343338179348393,,2,ORIGINAL
733,7,0.0,,0.9770930333460692,,1,ORIGINAL
733,8,0.0,,0.9770930333460692,,1,ORIGINAL
733,9,0.0,,0.9770930333460692,,2,ORIGINAL
734,0,0.0,,1.0,,1,ORIGINAL
734,1,0.0,,1.0,,5,ORIGINAL
734,2,0.0,,0.9633150259944552,,2,ORIGINAL
734,3,0.0,,0.9478675140998328,,8,ORIGINAL
734,4,0.0,,1.0,,4,ORIGINAL
734,5,0.0,,1.0,,2,ORIGINAL
734,6,0.0,,0.9646784562203947,,5,ORIGINAL
734,7,0.0,,1.0,,0,ORIGINAL
734,8,0.0,,1.0,,1,ORIGINAL
734,9,0.0,,1.0,,4,ORIGINAL
735,0,0.0,,,,0,ORIGINAL
735,1,0.0,0.9428090415820635,,,3,ORIGINAL
735,2,0.0,0.8366600265340756,,,4,ORIGINAL
735,3,0.0,0.8333333333333335,,,3,ORIGINAL
735,4,0.0,,,,1,ORIGINAL
735,5,0.0,,,,2,ORIGINAL
735,6,0.0,0.9428090415820635,,,3,ORIGINAL
735,7,0.0,,,,2,ORIGINAL
735,8,0.0,,,,0,ORIGINAL
735,9,0.0,0.9525793444156805,,,3,ORIGINAL
736,0,0.0,,1.0,,0,ORIGINAL
736,1,0.0,0.5773502691896258,1.0,,3,ORIGINAL
736,2,0.0,,0.9633150259944552,,1,ORIGINAL
736,3,0.0,0.0,0.9478675140998328,,3,ORIGINAL
736,4,0.0,,1.0,,1,ORIGINAL
736,5,0.0,,1.0,,2,ORIGINAL
736,6,0.0,,0.9646784562203947,,1,ORIGINAL
736,7,0.0,,1.0,,1,ORIGINAL
736,8,0.0,,1.0,,1,ORIGINAL
736,9,0.0,,1.0,,2,ORIGINAL
737,0,0.0,,0.9770930333460692,,2,ORIGINAL
737,1,0.0,0.7637626158259734,0.9770930333460692,,12,ORIGINAL
737,2,0.0,0.6931032800836721,0.9426950542058579,,11,ORIGINAL
737,3,0.0,0.5129891760425771,0.9697879072350232,,27,ORIGINAL
737,4,0.0,0.5306686305052324,0.9770930333460692,,8,ORIGINAL
737,5,0.0,0.7977240352174656,0.9770930333460692,,11,ORIGINAL
737,6,0.0,0.4216370213557839,0.9343338179348393,,12,ORIGINAL
737,7,0.0,0.8682431421244593,0.9770930333460692,,7,ORIGINAL
737,8,0.0,0.7016464154456235,0.9770930333460692,,8,ORIGINAL
737,9,0.0,0.917662935482247,0.9770930333460692,,7,ORIGINAL
738,0,0.0,,1.0,,1,ORIGINAL
738,1,0.0,,1.0,,1,ORIGINAL
738,2,0.0,,0.9633150259944552,,2,ORIGINAL
738,3,0.0,,0.9478675140998328,,2,ORIGINAL
738,4,0.0,,1.0,,1,ORIGINAL
738,5,0.0,,1.0,,0,ORIGINAL
738,6,0.0,,0.9646784562203947,,0,ORIGINAL
738,7,0.0,,1.0,,0,ORIGINAL
738,8,0.0,,1.0,,0,ORIGINAL
738,9,0.0,,1.0,,1,ORIGINAL
739,21,0.9,0.9761870601839528,,,5,ORIGINAL
739,100,0.9,,,,2,ORIGINAL
739,199,0.9,,,,0,ORIGINAL
739,218,0.9,,,,0,ORIGINAL
739,255,0.9,0.8944271909999159,,,5,ORIGINAL
739,301,0.9,,,,1,ORIGINAL
739,315,0.9,1.0000000000000002,,,3,ORIGINAL
739,335,0.9,0.9428090415820635,,,3,ORIGINAL
739,517,0.9,0.9428090415820635,,,3,ORIGINAL
739,532,0.9,1.0000000000000002,,,3,ORIGINAL
740,0,0.0,,,,0,ORIGINAL
740,1,0.0,0.857142857142857,,,4,ORIGINAL
740,2,0.0,0.9622504486493763,,,3,ORIGINAL
740,3,0.0,0.9434563530497265,,,4,ORIGINAL
740,4,0.0,0.9525793444156805,,,3,ORIGINAL
740,5,0.0,0.944911182523068,,,4,ORIGINAL
740,6,0.0,0.9258200997725514,,,4,ORIGINAL
740,7,0.0,,,,1,ORIGINAL
740,8,0.0,,,,2,ORIGINAL
740,9,0.0,0.9428090415820635,,,3,ORIGINAL
741,0,0.0,,1.0,,1,ORIGINAL
741,1,0.0,0.9128709291752769,1.0,,6,ORIGINAL
741,2,0.0,,0.9633150259944552,,2,ORIGINAL
741,3,0.0,0.5,0.9478675140998328,,4,ORIGINAL
741,4,0.0,0.6708203932499369,1.0,,4,ORIGINAL
741,5,0.0,0.5773502691896258,1.0,,4,ORIGINAL
741,6,0.0,0.28284271247461895,0.9646784562203947,,8,ORIGINAL
741,7,0.0,0.7071067811865475,1.0,,4,ORIGINAL
741,8,0.0,,1.0,,1,ORIGINAL
741,9,0.0,0.9486832980505138,1.0,,6,ORIGINAL
742,0,0.0,,1.0,,2,ORIGINAL
742,1,0.0,,1.0,,2,ORIGINAL
742,2,0.0,,0.9633150259944552,,2,ORIGINAL
742,3,0.0,1.0000000000000002,0.9478675140998328,,3,ORIGINAL
742,4,0.0,,1.0,,0,ORIGINAL
742,5,0.0,,1.0,,1,ORIGINAL
742,6,0.0,,0.9646784562203947,,0,ORIGINAL
742,7,0.0,,1.0,,1,ORIGINAL
742,8,0.0,,1.0,,0,ORIGINAL
742,9,0.0,,1.0,,1,ORIGINAL
743,0,0.0,,1.0,,1,ORIGINAL
743,1,0.0,0.9594032236002469,1.0,,5,ORIGINAL
743,2,0.0,0.9090909090909091,0.9633150259944552,,5,ORIGINAL
743,3,0.0,0.9669875568304563,0.9478675140998328,,5,ORIGINAL
743,4,0.0,0.9622504486493763,1.0,,3,ORIGINAL
743,5,0.0,1.0,1.0,,4,ORIGINAL
743,6,0.0,0.7977240352174656,0.9646784562203947,,5,ORIGINAL
743,7,0.0,,1.0,,2,ORIGINAL
743,8,0.0,,1.0,,0,ORIGINAL
743,9,0.0,,1.0,,2,ORIGINAL
744,0,0.0,,1.0,,2,ORIGINAL
744,1,0.0,0.5773502691896258,1.0,,9,ORIGINAL
744,2,0.0,0.5962847939999439,0.9633150259944552,,9,ORIGINAL
744,3,0.0,0.5366563145999494,0.9478675140998328,,16,ORIGINAL
744,4,0.0,0.42640143271122083,1.0,,7,ORIGINAL
744,5,0.0,0.5,1.0,,10,ORIGINAL
744,6,0.0,0.5393598899705937,0.9646784562203947,,10,ORIGINAL
744,7,0.0,0.8838834764831843,1.0,,5,ORIGINAL
744,8,0.0,0.6324555320336759,1.0,,4,ORIGINAL
744,9,0.0,0.6527533657682196,1.0,,8,ORIGINAL
745,0,0.0,,0.9471904310983514,,0,ORIGINAL
745,1,0.0,,0.9471904310983514,,0,ORIGINAL
745,2,0.0,,0.9744499134770355,,0,ORIGINAL
745,3,0.0,,0.9590620043917518,,1,ORIGINAL
745,4,0.0,,0.9471904310983514,,1,ORIGINAL
745,5,0.0,0.9999999999999998,0.9471904310983514,,3,ORIGINAL
745,6,0.0,,0.9287918814548854,,1,ORIGINAL
745,7,0.0,,0.9471904310983514,,0,ORIGINAL
745,8,0.0,,0.9471904310983514,,0,ORIGINAL
745,9,0.0,,0.9471904310983514,,1,ORIGINAL
746,0,0.0,,0.9699713572266225,,0,ORIGINAL
746,1,0.0,,0.9699713572266225,,0,ORIGINAL
746,2,0.0,,0.9059825079395406,,0,ORIGINAL
746,3,0.0,,0.8860247116862109,,0,ORIGINAL
746,4,0.0,,0.9699713572266225,,0,ORIGINAL
746,5,0.0,,0.9699713572266225,,0,ORIGINAL
746,6,0.0,,0.9660512382337655,,0,ORIGINAL
746,7,0.0,,0.9699713572266225,,0,ORIGINAL
746,8,0.0,,0.9699713572266225,,1,ORIGINAL
746,9,0.0,,0.9699713572266225,,0,ORIGINAL
747,0,0.0,,1.0,,2,ORIGINAL
747,1,0.0,,1.0,,0,ORIGINAL
747,2,0.0,,0.9633150259944552,,2,ORIGINAL
747,3,0.0,-1.0000000000000002,0.9478675140998328,,3,ORIGINAL
747,4,0.0,,1.0,,2,ORIGINAL
747,5,0.0,-0.8164965809277259,1.0,,3,ORIGINAL
747,6,0.0,,0.9646784562203947,,0,ORIGINAL
747,7,0.0,,1.0,,0,ORIGINAL
747,8,0.0,,1.0,,0,ORIGINAL
747,9,0.0,,1.0,,2,ORIGINAL
748,0,0.0,,0.9971672690083863,,0,ORIGINAL
748,1,0.0,,0.9971672690083863,,0,ORIGINAL
748,2,0.0,,0.9610979396495216,,0,ORIGINAL
748,3,0.0,,0.9606043368570277,,1,ORIGINAL
748,4,0.0,,0.9971672690083863,,2,ORIGINAL
748,5,0.0,,0.9971672690083863,,2,ORIGINAL
748,6,0.0,,0.9590303082819112,,0,ORIGINAL
748,7,0.0,,0.9971672690083863,,0,ORIGINAL
748,8,0.0,,0.9971672690083863,,0,ORIGINAL
748,9,0.0,,0.9971672690083863,,0,ORIGINAL
749,0,0.0,1.0000000000000002,,,3,ORIGINAL
749,1,0.0,0.9354143466934853,,,12,ORIGINAL
749,2,0.0,0.9049228966693287,,,10,ORIGINAL
749,3,0.0,0.9156498425415369,,,31,ORIGINAL
749,4,0.0,0.9696969696969697,,,12,ORIGINAL
749,5,0.0,0.9449990771497893,,,16,ORIGINAL
749,6,0.0,0.7842934903910446,,,13,ORIGINAL
749,7,0.0,0.903696114115064,,,9,ORIGINAL
749,8,0.0,0.9135468796041984,,,9,ORIGINAL
749,9,0.0,0.9642857142857142,,,10,ORIGINAL
750,0,0.0,,,,2,ORIGINAL
750,1,0.0,0.9486832980505138,,,5,ORIGINAL
750,2,0.0,0.8164965809277261,,,3,ORIGINAL
750,3,0.0,0.8432740427115678,,,10,ORIGINAL
750,4,0.0,0.9707253433941511,,,4,ORIGINAL
750,5,0.0,0.8432740427115678,,,12,ORIGINAL
750,6,0.0,0.9058216273156767,,,7,ORIGINAL
750,7,0.0,0.9036961141150639,,,6,ORIGINAL
750,8,0.0,0.808290376865476,,,6,ORIGINAL
750,9,0.0,0.960768922830523,,,4,ORIGINAL
751,0,0.0,,0.9317824697544982,,0,ORIGINAL
751,1,0.0,,0.9317824697544982,,1,ORIGINAL
751,2,0.0,,0.948172308948168,,1,ORIGINAL
751,3,0.0,,0.9184882850144845,,1,ORIGINAL
751,4,0.0,,0.9317824697544982,,2,ORIGINAL
751,5,0.0,,0.9317824697544982,,1,ORIGINAL
751,6,0.0,,0.9277148497305662,,2,ORIGINAL
751,7,0.0,,0.9317824697544982,,0,ORIGINAL
751,8,0.0,,0.9317824697544982,,1,ORIGINAL
751,9,0.0,,0.9317824697544982,,1,ORIGINAL
752,0,0.0,,0.9623825744921536,,0,ORIGINAL
752,1,0.0,0.9486832980505138,0.9623825744921536,,5,ORIGINAL
752,2,0.0,1.0000000000000002,0.9039457247248888,,3,ORIGINAL
752,3,0.0,0.9525793444156805,0.9255037785690072,,6,ORIGINAL
752,4,0.0,1.0,0.9623825744921536,,4,ORIGINAL
752,5,0.0,0.9428090415820635,0.9623825744921536,,6,ORIGINAL
752,6,0.0,0.8164965809277261,0.9443964442816921,,4,ORIGINAL
752,7,0.0,1.0,0.9623825744921536,,8,ORIGINAL
752,8,0.0,0.9486832980505138,0.9623825744921536,,4,ORIGINAL
752,9,0.0,1.0000000000000002,0.9623825744921536,,3,ORIGINAL
753,0,0.0,,0.9699713572266225,,0,ORIGINAL
753,1,0.0,1.0000000000000002,0.9699713572266225,,3,ORIGINAL
753,2,0.0,,0.9059825079395406,,2,ORIGINAL
753,3,0.0,0.9428090415820635,0.8860247116862109,,3,ORIGINAL
753,4,0.0,0.9622504486493763,0.9699713572266225,,3,ORIGINAL
753,5,0.0,1.0,0.9699713572266225,,4,ORIGINAL
753,6,0.0,0.8164965809277261,0.9660512382337655,,4,ORIGINAL
753,7,0.0,,0.9699713572266225,,2,ORIGINAL
753,8,0.0,,0.9699713572266225,,2,ORIGINAL
753,9,0.0,1.0000000000000002,0.9699713572266225,,3,ORIGINAL
754,136,0.9,,0.9118027549841331,,2,ORIGINAL
754,243,0.9,,0.9610774652676896,,2,ORIGINAL
754,0,0.0,,0.9699713572266225,,0,ORIGINAL
754,1,0.0,,0.9699713572266225,,1,ORIGINAL
754,2,0.0,0.8888888888888888,0.9059825079395406,,3,ORIGINAL
754,3,0.0,1.0000000000000002,0.8860247116862109,,3,ORIGINAL
754,4,0.0,0.8888888888888888,0.9699713572266225,,3,ORIGINAL
754,5,0.0,0.6546536707079772,0.9699713572266225,,4,ORIGINAL
754,6,0.0,,0.9660512382337655,,1,ORIGINAL
754,7,0.0,,0.9699713572266225,,2,ORIGINAL
755,0,0.0,,0.9623825744921536,,0,ORIGINAL
755,1,0.0,,0.9623825744921536,,0,ORIGINAL
755,2,0.0,,0.9039457247248888,,1,ORIGINAL
755,3,0.0,1.0000000000000002,0.9255037785690072,,3,ORIGINAL
755,4,0.0,,0.9623825744921536,,0,ORIGINAL
755,5,0.0,,0.9623825744921536,,0,ORIGINAL
755,6,0.0,,0.9443964442816921,,1,ORIGINAL
755,7,0.0,0.9622504486493763,0.9623825744921536,,3,ORIGINAL
755,8,0.0,,0.9623825744921536,,2,ORIGINAL
755,9,0.0,,0.9623825744921536,,0,ORIGINAL
756,0,0.0,,,,2,ORIGINAL
756,1,0.0,1.0000000000000002,,,3,ORIGINAL
756,2,0.0,0.8164965809277261,,,3,ORIGINAL
756,3,0.0,0.8164965809277259,,,5,ORIGINAL
756,4,0.0,,,,2,ORIGINAL
756,5,0.0,0.8944271909999159,,,5,ORIGINAL
756,6,0.0,0.7071067811865476,,,4,ORIGINAL
756,7,0.0,,,,2,ORIGINAL
756,8,0.0,,,,2,ORIGINAL
756,9,0.0,0.9258200997725515,,,5,ORIGINAL
0,141,0.0,1.0000000000000002,0.9005372427410698,,3,TASK_ONLY_ADDED
0,194,0.0,1.0000000000000002,1.0,,3,TASK_ONLY_ADDED
0,305,0.0,1.0000000000000002,0.9616716957450109,,3,TASK_ONLY_ADDED
1,35,0.0,1.0000000000000002,0.9420432252655582,,6,TASK_ONLY_ADDED
1,119,0.0,1.0000000000000002,1.0,,3,TASK_ONLY_ADDED
1,127,0.0,1.0000000000000002,0.9317824697544982,,3,TASK_ONLY_ADDED
2,20,0.0,1.0000000000000002,0.9633150259944552,,6,TASK_ONLY_ADDED
2,38,0.0,1.0000000000000002,0.9390073894927917,,3,TASK_ONLY_ADDED
2,68,0.0,1.0000000000000002,0.946452462077083,,3,TASK_ONLY_ADDED
3,38,0.0,1.0000000000000002,0.9530605263464157,,6,TASK_ONLY_ADDED
3,52,0.0,1.0000000000000002,0.9051753836650187,,14,TASK_ONLY_ADDED
3,120,0.0,1.0000000000000002,0.9082083042804908,,3,TASK_ONLY_ADDED
4,46,0.0,1.0000000000000002,0.9557478104089453,,3,TASK_ONLY_ADDED
4,86,0.0,1.0000000000000002,0.9472315702303523,,3,TASK_ONLY_ADDED
4,239,0.0,1.0000000000000002,0.9246351728232438,,6,TASK_ONLY_ADDED
5,32,0.0,1.0000000000000002,0.961120586841919,,3,TASK_ONLY_ADDED
5,37,0.0,1.0000000000000002,0.9787128258238049,,3,TASK_ONLY_ADDED
5,41,0.0,1.0000000000000002,0.9787128262576937,,6,TASK_ONLY_ADDED
6,135,0.0,1.0000000000000002,0.976814604128465,,3,TASK_ONLY_ADDED
6,259,0.0,1.0000000000000002,0.9311485159614413,,6,TASK_ONLY_ADDED
6,651,0.0,1.0000000000000002,0.9287918814548854,,3,TASK_ONLY_ADDED
7,53,0.0,1.0000000000000002,0.9557478088171908,,3,TASK_ONLY_ADDED
7,68,0.0,1.0000000000000002,0.9865432291009868,,3,TASK_ONLY_ADDED
7,123,0.0,1.0000000000000002,0.9246351727109446,,3,TASK_ONLY_ADDED
8,107,0.0,1.0000000000000002,0.968115055201854,,3,TASK_ONLY_ADDED
8,110,0.0,1.0000000000000002,0.9547904356008247,,3,TASK_ONLY_ADDED
8,143,0.0,1.0000000000000002,1.0,,3,TASK_ONLY_ADDED
9,12,0.0,1.0000000000000002,1.0,,3,TASK_ONLY_ADDED
9,86,0.0,1.0000000000000002,0.9472315702303523,,4,TASK_ONLY_ADDED
9,93,0.0,1.0000000000000002,0.9828880247457558,,3,TASK_ONLY_ADDED
10,349,0.0,0.8728715609439696,,,4,TASK_ONLY_ADDED
10,323,0.0,0.8660254037844387,,,4,TASK_ONLY_ADDED
10,423,0.0,0.8660254037844387,,,3,TASK_ONLY_ADDED
11,131,0.0,1.0000000000000002,0.9865432291009868,,3,TASK_ONLY_ADDED
11,674,0.0,1.0000000000000002,0.951640056752823,,3,TASK_ONLY_ADDED
11,747,0.0,1.0000000000000002,1.0,,3,TASK_ONLY_ADDED
12,134,0.0,1.0000000000000002,0.9129282570602943,,3,TASK_ONLY_ADDED
12,152,0.0,1.0000000000000002,0.9794193485015635,,3,TASK_ONLY_ADDED
12,345,0.0,1.0000000000000002,0.9042739755922512,,3,TASK_ONLY_ADDED
13,51,0.0,1.0000000000000002,,,3,TASK_ONLY_ADDED
13,63,0.0,1.0000000000000002,,,3,TASK_ONLY_ADDED
13,106,0.0,1.0000000000000002,,,3,TASK_ONLY_ADDED
14,32,0.0,1.0000000000000002,0.9638048065172014,,6,TASK_ONLY_ADDED
14,38,0.0,1.0000000000000002,0.958335527407859,,3,TASK_ONLY_ADDED
14,46,0.0,1.0000000000000002,0.9266142221120939,,6,TASK_ONLY_ADDED
15,23,0.0,1.0000000000000002,0.9738458758990994,,13,TASK_ONLY_ADDED
15,29,0.0,1.0000000000000002,0.9547094717688748,,6,TASK_ONLY_ADDED
15,46,0.0,1.0000000000000002,0.9557478104089453,,3,TASK_ONLY_ADDED
16,37,0.0,1.0000000000000002,0.9356332982515058,,3,TASK_ONLY_ADDED
16,40,0.0,1.0000000000000002,0.8974879288803758,,3,TASK_ONLY_ADDED
16,52,0.0,1.0000000000000002,0.9746063300661775,,6,TASK_ONLY_ADDED
17,261,0.0,1.0000000000000002,,,3,TASK_ONLY_ADDED
17,298,0.0,1.0000000000000002,,,6,TASK_ONLY_ADDED
17,354,0.0,1.0000000000000002,0.9265269144557784,,3,TASK_ONLY_ADDED
18,59,0.0,1.0000000000000002,0.8713084758804209,,3,TASK_ONLY_ADDED
18,110,0.0,1.0000000000000002,0.9694797616408455,,3,TASK_ONLY_ADDED
18,132,0.0,1.0000000000000002,0.8968539829488784,,3,TASK_ONLY_ADDED
19,365,0.0,1.0000000000000002,0.9246351728232438,,3,TASK_ONLY_ADDED
19,471,0.0,1.0000000000000002,0.9557478096171156,,3,TASK_ONLY_ADDED
19,625,0.0,1.0000000000000002,0.9611205894334732,,3,TASK_ONLY_ADDED
20,157,0.0,1.0000000000000002,1.0,,3,TASK_ONLY_ADDED
20,184,0.0,1.0000000000000002,0.9464225432249294,,3,TASK_ONLY_ADDED
20,296,0.0,1.0000000000000002,1.0,,3,TASK_ONLY_ADDED
21,161,0.0,1.0000000000000002,0.9521378577541032,,3,TASK_ONLY_ADDED
21,263,0.0,1.0000000000000002,0.9534830923398014,,3,TASK_ONLY_ADDED
21,272,0.0,1.0000000000000002,,,3,TASK_ONLY_ADDED
22,214,0.0,0.8164965809277259,0.9538304477862158,,3,TASK_ONLY_ADDED
22,47,0.0,0.5773502691896258,0.9697207972324422,,3,TASK_ONLY_ADDED
22,299,0.0,0.5773502691896258,0.9223412212531813,,3,TASK_ONLY_ADDED
23,15,0.0,1.0000000000000002,0.9738458758990994,,13,TASK_ONLY_ADDED
23,32,0.0,1.0000000000000002,0.9346107221103068,,3,TASK_ONLY_ADDED
23,42,0.0,1.0000000000000002,0.9486651994275084,,6,TASK_ONLY_ADDED
24,394,0.0,1.0,0.9642022632159528,,9,TASK_ONLY_ADDED
24,598,0.0,1.0,0.9857427331091927,,4,TASK_ONLY_ADDED
24,442,0.0,0.9999999999999998,0.9834273647018019,,5,TASK_ONLY_ADDED
25,32,0.0,1.0000000000000002,0.9811834949679666,,3,TASK_ONLY_ADDED
25,41,0.0,1.0000000000000002,0.9272508449417861,,3,TASK_ONLY_ADDED
25,46,0.0,1.0000000000000002,0.8566212950956604,,3,TASK_ONLY_ADDED
26,38,0.0,1.0000000000000002,0.9285316611646526,,3,TASK_ONLY_ADDED
26,42,0.0,1.0000000000000002,0.9628252662660415,,3,TASK_ONLY_ADDED
26,46,0.0,1.0000000000000002,0.9790441209189363,,3,TASK_ONLY_ADDED
27,114,0.0,1.0000000000000002,0.9287304040569316,,3,TASK_ONLY_ADDED
27,183,0.0,1.0000000000000002,0.8874976150762184,,3,TASK_ONLY_ADDED
27,212,0.0,1.0000000000000002,0.965520295129705,,3,TASK_ONLY_ADDED
28,152,0.0,1.0000000000000002,0.9292376140178872,,3,TASK_ONLY_ADDED
28,161,0.0,1.0000000000000002,0.9390073865970422,,3,TASK_ONLY_ADDED
28,331,0.0,1.0000000000000002,0.8824477311102815,,3,TASK_ONLY_ADDED
29,15,0.0,1.0000000000000002,0.9547094717688748,,6,TASK_ONLY_ADDED
29,82,0.0,1.0000000000000002,0.8601927769348255,,3,TASK_ONLY_ADDED
29,85,0.0,1.0000000000000002,0.9444316446751787,,3,TASK_ONLY_ADDED
30,32,0.0,1.0000000000000002,0.9611205858935967,,3,TASK_ONLY_ADDED
30,41,0.0,1.0000000000000002,0.9787128259177159,,3,TASK_ONLY_ADDED
30,53,0.0,1.0000000000000002,0.9557478049315333,,3,TASK_ONLY_ADDED
31,52,0.0,1.0000000000000002,0.9081176206989064,,3,TASK_ONLY_ADDED
31,73,0.0,1.0000000000000002,,,4,TASK_ONLY_ADDED
31,198,0.0,1.0000000000000002,0.9425770328030996,,5,TASK_ONLY_ADDED
32,14,0.0,1.0000000000000002,0.9638048065172014,,6,TASK_ONLY_ADDED
32,23,0.0,1.0000000000000002,0.9346107221103068,,3,TASK_ONLY_ADDED
32,25,0.0,1.0000000000000002,0.9811834949679666,,3,TASK_ONLY_ADDED
33,55,0.0,1.0000000000000002,0.9327354098318401,,3,TASK_ONLY_ADDED
33,180,0.0,1.0000000000000002,0.9795115413358518,,3,TASK_ONLY_ADDED
33,218,0.0,1.0000000000000002,0.9948317099635149,,3,TASK_ONLY_ADDED
34,313,0.0,1.0000000000000002,0.9865432291009868,,3,TASK_ONLY_ADDED
34,189,0.0,1.0,0.9771853370611884,,4,TASK_ONLY_ADDED
34,330,0.0,1.0,1.0,,5,TASK_ONLY_ADDED
35,51,0.0,1.0000000000000002,0.9689568648000071,,3,TASK_ONLY_ADDED
35,96,0.0,1.0000000000000002,0.9611025043769079,,3,TASK_ONLY_ADDED
35,100,0.0,1.0000000000000002,0.9392207315314277,,6,TASK_ONLY_ADDED
36,133,0.0,1.0000000000000002,0.9874133216428159,,6,TASK_ONLY_ADDED
36,134,0.0,1.0000000000000002,0.9039795780022735,,3,TASK_ONLY_ADDED
36,272,0.0,1.0000000000000002,,,3,TASK_ONLY_ADDED
37,16,0.0,1.0000000000000002,0.9356332982515058,,3,TASK_ONLY_ADDED
37,41,0.0,1.0000000000000002,0.9999999999999993,,3,TASK_ONLY_ADDED
37,114,0.0,1.0000000000000002,0.9743061558660226,,6,TASK_ONLY_ADDED
38,14,0.0,1.0000000000000002,0.958335527407859,,3,TASK_ONLY_ADDED
38,26,0.0,1.0000000000000002,0.9285316611646526,,3,TASK_ONLY_ADDED
38,39,0.0,1.0000000000000002,0.9285316527240232,,3,TASK_ONLY_ADDED
39,38,0.0,1.0000000000000002,0.9285316527240232,,3,TASK_ONLY_ADDED
39,152,0.0,1.0000000000000002,0.9714202989106698,,3,TASK_ONLY_ADDED
39,405,0.0,1.0000000000000002,0.9806790805725801,,3,TASK_ONLY_ADDED
40,16,0.0,1.0000000000000002,0.8974879288803758,,3,TASK_ONLY_ADDED
40,38,0.0,1.0000000000000002,0.9277969404183822,,3,TASK_ONLY_ADDED
40,106,0.0,1.0000000000000002,0.9180263875290076,,3,TASK_ONLY_ADDED
41,25,0.0,1.0000000000000002,0.9272508449417861,,3,TASK_ONLY_ADDED
41,30,0.0,1.0000000000000002,0.9787128259177159,,3,TASK_ONLY_ADDED
41,37,0.0,1.0000000000000002,0.9999999999999993,,3,TASK_ONLY_ADDED
42,23,0.0,1.0000000000000002,0.9486651994275084,,6,TASK_ONLY_ADDED
42,26,0.0,1.0000000000000002,0.9628252662660415,,3,TASK_ONLY_ADDED
42,32,0.0,1.0000000000000002,0.9755729007671314,,3,TASK_ONLY_ADDED
43,316,0.0,1.0000000000000002,0.8676103597844186,,3,TASK_ONLY_ADDED
43,519,0.0,1.0000000000000002,0.8997410534950812,,3,TASK_ONLY_ADDED
43,574,0.0,1.0000000000000002,0.8954618969709759,,3,TASK_ONLY_ADDED
44,87,0.0,1.0000000000000002,0.9580484394051125,,3,TASK_ONLY_ADDED
44,173,0.0,1.0000000000000002,0.925935007530868,,3,TASK_ONLY_ADDED
44,521,0.0,1.0000000000000002,0.959400934511315,,3,TASK_ONLY_ADDED
45,32,0.0,1.0000000000000002,0.9560409133200894,,3,TASK_ONLY_ADDED
45,49,0.0,1.0000000000000002,0.9869759299275743,,6,TASK_ONLY_ADDED
45,51,0.0,1.0000000000000002,0.9694179823486556,,3,TASK_ONLY_ADDED
46,14,0.0,1.0000000000000002,0.9266142221120939,,6,TASK_ONLY_ADDED
46,15,0.0,1.0000000000000002,0.9557478104089453,,3,TASK_ONLY_ADDED
46,25,0.0,1.0000000000000002,0.8566212950956604,,3,TASK_ONLY_ADDED
47,64,0.0,1.0000000000000002,0.9806790815403282,,3,TASK_ONLY_ADDED
47,120,0.0,1.0000000000000002,0.9741644539939944,,3,TASK_ONLY_ADDED
47,171,0.0,1.0000000000000002,0.9806790815403282,,6,TASK_ONLY_ADDED
48,189,0.0,1.0000000000000002,0.9077469498373035,,3,TASK_ONLY_ADDED
48,655,0.0,1.0,0.9547094764030233,,5,TASK_ONLY_ADDED
48,681,0.0,0.9701425001453319,0.9097825438517311,,5,TASK_ONLY_ADDED
49,25,0.0,1.0000000000000002,0.8707628658748077,,3,TASK_ONLY_ADDED
49,45,0.0,1.0000000000000002,0.9869759299275743,,6,TASK_ONLY_ADDED
49,100,0.0,1.0000000000000002,0.9587608462683997,,6,TASK_ONLY_ADDED
50,70,0.0,1.0000000000000002,0.9047088520601738,,6,TASK_ONLY_ADDED
50,94,0.0,1.0000000000000002,0.963981308086907,,3,TASK_ONLY_ADDED
50,105,0.0,1.0000000000000002,0.9332397949030601,,3,TASK_ONLY_ADDED
51,13,0.0,1.0000000000000002,,,3,TASK_ONLY_ADDED
51,25,0.0,1.0000000000000002,0.8896161498462569,,3,TASK_ONLY_ADDED
51,35,0.0,1.0000000000000002,0.9689568648000071,,3,TASK_ONLY_ADDED
52,16,0.0,1.0000000000000002,0.9746063300661775,,6,TASK_ONLY_ADDED
52,26,0.0,1.0000000000000002,0.9642022641628277,,6,TASK_ONLY_ADDED
52,31,0.0,1.0000000000000002,0.9081176206989064,,3,TASK_ONLY_ADDED
53,30,0.0,1.0000000000000002,0.9557478049315333,,3,TASK_ONLY_ADDED
53,41,0.0,1.0000000000000002,0.9457713057929245,,3,TASK_ONLY_ADDED
53,46,0.0,1.0000000000000002,0.999999999999995,,3,TASK_ONLY_ADDED
54,331,0.0,1.0000000000000002,0.8600002983922146,,3,TASK_ONLY_ADDED
54,345,0.0,1.0000000000000002,0.9652138516996849,,6,TASK_ONLY_ADDED
54,561,0.0,1.0000000000000002,0.8477576993820928,,3,TASK_ONLY_ADDED
55,26,0.0,1.0000000000000002,0.9229512847935913,,3,TASK_ONLY_ADDED
55,33,0.0,1.0000000000000002,0.9327354098318401,,3,TASK_ONLY_ADDED
55,73,0.0,1.0000000000000002,,,3,TASK_ONLY_ADDED
56,68,0.0,1.0000000000000002,0.9865432291009868,,3,TASK_ONLY_ADDED
56,75,0.0,1.0000000000000002,0.9422220987169725,,3,TASK_ONLY_ADDED
56,318,0.0,1.0000000000000002,0.9806790815403282,,3,TASK_ONLY_ADDED
57,32,0.0,1.0000000000000002,0.9265700002828803,,3,TASK_ONLY_ADDED
57,42,0.0,1.0000000000000002,0.8795948300204273,,6,TASK_ONLY_ADDED
57,51,0.0,1.0000000000000002,0.8974879228467266,,3,TASK_ONLY_ADDED
58,59,0.0,1.0000000000000002,0.9743061538016192,,3,TASK_ONLY_ADDED
58,282,0.0,1.0000000000000002,0.9626708520262837,,3,TASK_ONLY_ADDED
58,340,0.0,1.0000000000000002,0.9534830857474451,,3,TASK_ONLY_ADDED
59,18,0.0,1.0000000000000002,0.8713084758804209,,3,TASK_ONLY_ADDED
59,58,0.0,1.0000000000000002,0.9743061538016192,,3,TASK_ONLY_ADDED
59,94,0.0,1.0000000000000002,0.9567031301265733,,3,TASK_ONLY_ADDED
60,161,0.0,1.0000000000000002,0.9069700693090026,,3,TASK_ONLY_ADDED
60,320,0.0,1.0000000000000002,0.9899169669303617,,3,TASK_ONLY_ADDED
60,522,0.0,1.0000000000000002,0.9456603582648467,,3,TASK_ONLY_ADDED
61,134,0.0,1.0000000000000002,0.9397262029337601,,3,TASK_ONLY_ADDED
61,189,0.0,1.0000000000000002,0.9220663703167873,,3,TASK_ONLY_ADDED
61,191,0.0,1.0000000000000002,0.954929504584717,,3,TASK_ONLY_ADDED
62,84,0.0,1.0000000000000002,0.9389197539115854,,3,TASK_ONLY_ADDED
62,119,0.0,1.0000000000000002,0.9547094758106197,,3,TASK_ONLY_ADDED
62,161,0.0,1.0000000000000002,0.9750816628106886,,3,TASK_ONLY_ADDED
63,13,0.0,1.0000000000000002,,,3,TASK_ONLY_ADDED
63,41,0.0,1.0000000000000002,0.9626708576805674,,3,TASK_ONLY_ADDED
63,67,0.0,1.0000000000000002,0.9890107684714895,,3,TASK_ONLY_ADDED
64,15,0.0,1.0000000000000002,1.0,,3,TASK_ONLY_ADDED
64,47,0.0,1.0000000000000002,0.9806790815403282,,3,TASK_ONLY_ADDED
64,316,0.0,1.0000000000000002,0.9639813066001433,,3,TASK_ONLY_ADDED
65,185,0.0,1.0000000000000002,0.940640764447757,,3,TASK_ONLY_ADDED
65,195,0.0,1.0000000000000002,0.864533190051759,,5,TASK_ONLY_ADDED
65,356,0.0,1.0000000000000002,0.9284595310058533,,3,TASK_ONLY_ADDED
66,16,0.0,1.0000000000000002,0.9639813098116331,,3,TASK_ONLY_ADDED
66,26,0.0,1.0000000000000002,0.9806790815403282,,3,TASK_ONLY_ADDED
66,41,0.0,1.0000000000000002,0.9787128262576937,,3,TASK_ONLY_ADDED
67,51,0.0,1.0000000000000002,0.9251170687573883,,3,TASK_ONLY_ADDED
67,63,0.0,1.0000000000000002,0.9890107684714895,,3,TASK_ONLY_ADDED
67,84,0.0,1.0000000000000002,0.9515286939922268,,3,TASK_ONLY_ADDED
68,56,0.0,1.0000000000000002,0.9865432291009868,,3,TASK_ONLY_ADDED
68,101,0.0,1.0000000000000002,0.9688566712352246,,3,TASK_ONLY_ADDED
68,141,0.0,1.0000000000000002,0.9304496648186519,,9,TASK_ONLY_ADDED
69,119,0.0,1.0000000000000002,0.9547904356008247,,3,TASK_ONLY_ADDED
69,189,0.0,1.0000000000000002,0.9220663665565332,,3,TASK_ONLY_ADDED
69,341,0.0,1.0000000000000002,0.9671573532352048,,3,TASK_ONLY_ADDED
70,50,0.0,1.0000000000000002,0.9047088520601738,,6,TASK_ONLY_ADDED
70,180,0.0,1.0000000000000002,0.9149883445742867,,3,TASK_ONLY_ADDED
70,298,0.0,1.0000000000000002,,,6,TASK_ONLY_ADDED
71,94,0.0,1.0000000000000002,0.9487238655654072,,3,TASK_ONLY_ADDED
71,125,0.0,1.0000000000000002,0.9487238655654072,,3,TASK_ONLY_ADDED
71,167,0.0,1.0000000000000002,0.9251170702763208,,3,TASK_ONLY_ADDED
72,210,0.0,1.0000000000000002,0.9216286615331212,,3,TASK_ONLY_ADDED
72,301,0.0,1.0000000000000002,0.9080203346452346,,5,TASK_ONLY_ADDED
72,585,0.0,1.0000000000000002,0.9023978457735822,,3,TASK_ONLY_ADDED
73,31,0.0,1.0000000000000002,,,4,TASK_ONLY_ADDED
73,55,0.0,1.0000000000000002,,,3,TASK_ONLY_ADDED
73,142,0.0,1.0000000000000002,,,3,TASK_ONLY_ADDED
74,76,0.0,1.0000000000000002,0.8588852743516399,,3,TASK_ONLY_ADDED
74,122,0.0,1.0000000000000002,0.9738458762311102,,3,TASK_ONLY_ADDED
74,126,0.0,1.0000000000000002,0.9424688968182868,,3,TASK_ONLY_ADDED
75,56,0.0,1.0000000000000002,0.9422220987169725,,3,TASK_ONLY_ADDED
75,96,0.0,1.0000000000000002,0.9303219222664549,,3,TASK_ONLY_ADDED
75,147,0.0,1.0000000000000002,0.9428426251858858,,3,TASK_ONLY_ADDED
76,66,0.0,1.0000000000000002,0.9132528984426408,,3,TASK_ONLY_ADDED
76,74,0.0,1.0000000000000002,0.8588852743516399,,3,TASK_ONLY_ADDED
76,84,0.0,1.0000000000000002,0.9096971939409181,,3,TASK_ONLY_ADDED
77,54,0.0,0.4999999999999999,0.9117330677786186,,3,TASK_ONLY_ADDED
77,104,0.0,0.4999999999999999,0.9251170667384747,,3,TASK_ONLY_ADDED
77,13,0.0,0.0,,,3,TASK_ONLY_ADDED
78,209,0.0,1.0000000000000002,0.9999999999999989,,3,TASK_ONLY_ADDED
78,261,0.0,1.0000000000000002,,,3,TASK_ONLY_ADDED
78,272,0.0,1.0000000000000002,,,3,TASK_ONLY_ADDED
79,301,0.0,1.0000000000000002,0.9806790815403282,,3,TASK_ONLY_ADDED
79,739,0.0,1.0000000000000002,,,3,TASK_ONLY_ADDED
79,161,0.0,1.0,0.9285316570863399,,4,TASK_ONLY_ADDED
80,81,0.0,1.0000000000000002,0.9633150259944552,,3,TASK_ONLY_ADDED
80,88,0.0,1.0000000000000002,0.9351398079168451,,4,TASK_ONLY_ADDED
80,114,0.0,1.0000000000000002,0.9567031274595816,,3,TASK_ONLY_ADDED
81,80,0.0,1.0000000000000002,0.9633150259944552,,3,TASK_ONLY_ADDED
81,577,0.0,1.0,0.9359693065154513,,3,TASK_ONLY_ADDED
81,637,0.0,1.0,0.9658798425192888,,6,TASK_ONLY_ADDED
82,29,0.0,1.0000000000000002,0.8601927769348255,,3,TASK_ONLY_ADDED
82,168,0.0,1.0000000000000002,0.8054571929367296,,6,TASK_ONLY_ADDED
82,189,0.0,1.0000000000000002,0.9586992674843523,,3,TASK_ONLY_ADDED
83,488,0.0,0.5773502691896257,,,3,TASK_ONLY_ADDED
83,289,0.0,-0.3333333333333333,,,3,TASK_ONLY_ADDED
84,62,0.0,1.0000000000000002,0.9389197539115854,,3,TASK_ONLY_ADDED
84,67,0.0,1.0000000000000002,0.9515286939922268,,3,TASK_ONLY_ADDED
84,76,0.0,1.0000000000000002,0.9096971939409181,,3,TASK_ONLY_ADDED
85,29,0.0,1.0000000000000002,0.9444316446751787,,3,TASK_ONLY_ADDED
85,86,0.0,1.0000000000000002,0.9308077360481537,,3,TASK_ONLY_ADDED
85,127,0.0,1.0000000000000002,0.8833152566630681,,3,TASK_ONLY_ADDED
86,42,0.0,1.0000000000000002,0.8874976162810544,,3,TASK_ONLY_ADDED
86,85,0.0,1.0000000000000002,0.9308077360481537,,3,TASK_ONLY_ADDED
86,107,0.0,1.0000000000000002,0.8760633463811119,,3,TASK_ONLY_ADDED
87,32,0.0,1.0000000000000002,0.9446697535401472,,3,TASK_ONLY_ADDED
87,38,0.0,1.0000000000000002,0.9294516441903381,,3,TASK_ONLY_ADDED
87,44,0.0,1.0000000000000002,0.9580484394051125,,3,TASK_ONLY_ADDED
88,80,0.0,1.0000000000000002,0.9351398079168451,,4,TASK_ONLY_ADDED
88,171,0.0,1.0000000000000002,0.9351398079168451,,3,TASK_ONLY_ADDED
88,210,0.0,1.0000000000000002,0.9200484398135321,,3,TASK_ONLY_ADDED
89,15,0.0,1.0000000000000002,0.9623825744921536,,3,TASK_ONLY_ADDED
89,105,0.0,1.0000000000000002,0.9621620070708135,,3,TASK_ONLY_ADDED
89,128,0.0,1.0000000000000002,0.9775892716782408,,3,TASK_ONLY_ADDED
90,100,0.0,1.0000000000000002,0.9632457831579975,,3,TASK_ONLY_ADDED
90,111,0.0,1.0000000000000002,0.9545005813135693,,3,TASK_ONLY_ADDED
90,123,0.0,1.0000000000000002,0.9246351727109446,,3,TASK_ONLY_ADDED
91,195,0.0,1.0000000000000002,0.9168212058168613,,3,TASK_ONLY_ADDED
91,253,0.0,1.0000000000000002,0.9956726838601369,,6,TASK_ONLY_ADDED
91,261,0.0,1.0000000000000002,,,3,TASK_ONLY_ADDED
92,234,0.0,1.0,0.9716098703879841,,3,TASK_ONLY_ADDED
92,590,0.0,1.0,0.9636802487661148,,3,TASK_ONLY_ADDED
92,654,0.0,1.0,0.9206238681148086,,3,TASK_ONLY_ADDED
93,46,0.0,1.0000000000000002,0.9400009535316091,,3,TASK_ONLY_ADDED
93,189,0.0,1.0000000000000002,0.972555293479162,,3,TASK_ONLY_ADDED
93,192,0.0,1.0000000000000002,0.9432957433785398,,3,TASK_ONLY_ADDED
94,16,0.0,1.0000000000000002,0.9639813098116331,,3,TASK_ONLY_ADDED
94,26,0.0,1.0000000000000002,0.9806790815403282,,6,TASK_ONLY_ADDED
94,38,0.0,1.0000000000000002,0.9246351769434363,,3,TASK_ONLY_ADDED
95,118,0.0,1.0000000000000002,0.9639000502246567,,3,TASK_ONLY_ADDED
95,120,0.0,1.0000000000000002,0.906811281604233,,3,TASK_ONLY_ADDED
95,132,0.0,1.0000000000000002,0.921628900653479,,3,TASK_ONLY_ADDED
96,35,0.0,1.0000000000000002,0.9611025043769079,,3,TASK_ONLY_ADDED
96,75,0.0,1.0000000000000002,0.9303219222664549,,3,TASK_ONLY_ADDED
96,374,0.0,1.0000000000000002,0.9491930669201585,,3,TASK_ONLY_ADDED
97,180,0.0,1.0000000000000002,0.9512819793525008,,3,TASK_ONLY_ADDED
97,512,0.0,0.8164965809277261,0.9808355452801792,,3,TASK_ONLY_ADDED
97,504,0.0,0.7745966692414834,0.9732898628352523,,3,TASK_ONLY_ADDED
98,280,0.0,1.0000000000000002,0.9363429238054335,,6,TASK_ONLY_ADDED
98,288,0.0,1.0000000000000002,0.9568453338675893,,3,TASK_ONLY_ADDED
98,374,0.0,1.0000000000000002,0.95574781007702,,6,TASK_ONLY_ADDED
99,142,0.0,0.9428090415820635,0.9732098918841671,,6,TASK_ONLY_ADDED
99,184,0.0,0.9045340337332909,0.9470211805381354,,5,TASK_ONLY_ADDED
99,322,0.0,0.8703882797784892,0.973209887753298,,5,TASK_ONLY_ADDED
100,35,0.0,1.0000000000000002,0.9392207315314277,,6,TASK_ONLY_ADDED
100,41,0.0,1.0000000000000002,0.964841997215041,,6,TASK_ONLY_ADDED
100,49,0.0,1.0000000000000002,0.9587608462683997,,6,TASK_ONLY_ADDED
101,68,0.0,1.0000000000000002,0.9688566712352246,,3,TASK_ONLY_ADDED
101,106,0.0,1.0000000000000002,0.9729823222811044,,3,TASK_ONLY_ADDED
101,210,0.0,1.0000000000000002,0.8894231693223121,,3,TASK_ONLY_ADDED
102,26,0.0,1.0000000000000002,0.9433157308800756,,3,TASK_ONLY_ADDED
102,152,0.0,1.0000000000000002,0.9504945374989515,,3,TASK_ONLY_ADDED
102,269,0.0,1.0000000000000002,0.8499388567145175,,3,TASK_ONLY_ADDED
103,59,0.0,1.0,0.9125374456052769,,3,TASK_ONLY_ADDED
103,551,0.0,0.9525793444156805,0.9547094753707397,,3,TASK_ONLY_ADDED
103,577,0.0,0.944911182523068,0.9664120322843904,,5,TASK_ONLY_ADDED
104,154,0.0,1.0000000000000002,0.9809087225699372,,3,TASK_ONLY_ADDED
104,331,0.0,1.0000000000000002,0.9666177506468299,,3,TASK_ONLY_ADDED
104,498,0.0,1.0000000000000002,,,3,TASK_ONLY_ADDED
105,29,0.0,1.0000000000000002,0.9470211761873221,,3,TASK_ONLY_ADDED
105,32,0.0,1.0000000000000002,0.9191797703703177,,3,TASK_ONLY_ADDED
105,50,0.0,1.0000000000000002,0.9332397949030601,,3,TASK_ONLY_ADDED
106,13,0.0,1.0000000000000002,,,3,TASK_ONLY_ADDED
106,14,0.0,1.0000000000000002,0.9266142253368843,,3,TASK_ONLY_ADDED
106,15,0.0,1.0000000000000002,0.9557478135849817,,3,TASK_ONLY_ADDED
107,8,0.0,1.0000000000000002,0.968115055201854,,3,TASK_ONLY_ADDED
107,46,0.0,1.0000000000000002,0.9093288856404749,,3,TASK_ONLY_ADDED
107,86,0.0,1.0000000000000002,0.8760633463811119,,3,TASK_ONLY_ADDED
108,51,0.0,1.0000000000000002,0.9487238660456732,,3,TASK_ONLY_ADDED
108,131,0.0,1.0000000000000002,0.9865432291009868,,3,TASK_ONLY_ADDED
108,303,0.0,1.0000000000000002,0.954500584269406,,4,TASK_ONLY_ADDED
109,135,0.0,1.0000000000000002,0.9365105190921184,,3,TASK_ONLY_ADDED
109,154,0.0,1.0000000000000002,0.936012875312709,,3,TASK_ONLY_ADDED
109,202,0.0,1.0000000000000002,0.9671573539850561,,6,TASK_ONLY_ADDED
110,15,0.0,1.0000000000000002,0.9547904356008247,,3,TASK_ONLY_ADDED
110,18,0.0,1.0000000000000002,0.9694797616408455,,3,TASK_ONLY_ADDED
110,41,0.0,1.0000000000000002,0.9714928104464423,,3,TASK_ONLY_ADDED
111,46,0.0,1.0000000000000002,0.9778662355999713,,3,TASK_ONLY_ADDED
111,87,0.0,1.0000000000000002,0.9449171120114075,,3,TASK_ONLY_ADDED
111,90,0.0,1.0000000000000002,0.9545005813135693,,3,TASK_ONLY_ADDED
112,51,0.0,1.0000000000000002,0.9694179830900727,,3,TASK_ONLY_ADDED
112,490,0.0,1.0000000000000002,0.9656622829655701,,3,TASK_ONLY_ADDED
112,527,0.0,1.0000000000000002,0.956195812359374,,3,TASK_ONLY_ADDED
113,30,0.0,1.0000000000000002,0.9042739810279922,,3,TASK_ONLY_ADDED
113,35,0.0,1.0000000000000002,0.9118947370526101,,3,TASK_ONLY_ADDED
113,76,0.0,1.0000000000000002,0.7161396288024268,,3,TASK_ONLY_ADDED
114,27,0.0,1.0000000000000002,0.9287304040569316,,3,TASK_ONLY_ADDED
114,37,0.0,1.0000000000000002,0.9743061558660226,,6,TASK_ONLY_ADDED
114,46,0.0,1.0000000000000002,0.9666078125432589,,6,TASK_ONLY_ADDED
115,51,0.0,1.0000000000000002,0.9537004338963221,,3,TASK_ONLY_ADDED
115,143,0.0,1.0000000000000002,0.9528205462346803,,6,TASK_ONLY_ADDED
115,189,0.0,1.0000000000000002,0.9212009916193806,,3,TASK_ONLY_ADDED
116,514,0.0,1.0000000000000002,0.9612823743803602,,3,TASK_ONLY_ADDED
116,159,0.0,0.944911182523068,0.9530729055367846,,4,TASK_ONLY_ADDED
116,562,0.0,0.9428090415820635,0.9746371175548896,,4,TASK_ONLY_ADDED
117,16,0.0,1.0000000000000002,0.9539600437140869,,3,TASK_ONLY_ADDED
117,40,0.0,1.0000000000000002,0.9201890145306937,,3,TASK_ONLY_ADDED
117,127,0.0,1.0000000000000002,0.8629397783383836,,3,TASK_ONLY_ADDED
118,95,0.0,1.0000000000000002,0.9639000502246567,,3,TASK_ONLY_ADDED
118,406,0.0,1.0000000000000002,0.9722351515072449,,3,TASK_ONLY_ADDED
118,416,0.0,1.0000000000000002,0.9118027493908536,,3,TASK_ONLY_ADDED
119,15,0.0,1.0000000000000002,1.0,,3,TASK_ONLY_ADDED
119,62,0.0,1.0000000000000002,0.9547094758106197,,3,TASK_ONLY_ADDED
119,69,0.0,1.0000000000000002,0.9547904356008247,,3,TASK_ONLY_ADDED
120,13,0.0,1.0000000000000002,,,3,TASK_ONLY_ADDED
120,14,0.0,1.0000000000000002,0.9628017867093679,,3,TASK_ONLY_ADDED
120,47,0.0,1.0000000000000002,0.9741644539939944,,3,TASK_ONLY_ADDED
121,174,0.0,1.0000000000000002,0.9641123373170587,,3,TASK_ONLY_ADDED
121,209,0.0,1.0000000000000002,0.9411381267738285,,3,TASK_ONLY_ADDED
121,261,0.0,1.0000000000000002,,,3,TASK_ONLY_ADDED
122,38,0.0,1.0000000000000002,0.9246351769434363,,3,TASK_ONLY_ADDED
122,46,0.0,1.0000000000000002,0.9557478104089453,,3,TASK_ONLY_ADDED
122,74,0.0,1.0000000000000002,0.9738458762311102,,3,TASK_ONLY_ADDED
123,84,0.0,1.0000000000000002,0.9206238692493247,,3,TASK_ONLY_ADDED
123,90,0.0,1.0000000000000002,0.9246351727109446,,3,TASK_ONLY_ADDED
123,196,0.0,1.0000000000000002,0.8844636127068478,,3,TASK_ONLY_ADDED
124,86,0.0,1.0000000000000002,0.9435539095898087,,8,TASK_ONLY_ADDED
124,94,0.0,1.0000000000000002,0.9528205436652187,,3,TASK_ONLY_ADDED
124,164,0.0,1.0000000000000002,0.9644245904805063,,3,TASK_ONLY_ADDED
125,42,0.0,1.0000000000000002,0.9420432252655582,,3,TASK_ONLY_ADDED
125,51,0.0,1.0000000000000002,0.9487238660456732,,3,TASK_ONLY_ADDED
125,63,0.0,1.0000000000000002,0.9699713587592962,,3,TASK_ONLY_ADDED
126,51,0.0,1.0000000000000002,0.9277969419021249,,3,TASK_ONLY_ADDED
126,74,0.0,1.0000000000000002,0.9424688968182868,,3,TASK_ONLY_ADDED
126,134,0.0,1.0000000000000002,0.9529997625168847,,3,TASK_ONLY_ADDED
127,16,0.0,1.0000000000000002,0.8863643036858475,,3,TASK_ONLY_ADDED
127,30,0.0,1.0000000000000002,0.9317824712398383,,3,TASK_ONLY_ADDED
127,85,0.0,1.0000000000000002,0.8833152566630681,,3,TASK_ONLY_ADDED
128,66,0.0,1.0000000000000002,0.9871144567707992,,3,TASK_ONLY_ADDED
128,89,0.0,1.0000000000000002,0.9775892716782408,,3,TASK_ONLY_ADDED
128,100,0.0,1.0000000000000002,0.9681858681976757,,3,TASK_ONLY_ADDED
129,59,0.0,1.0000000000000002,0.9297226400559928,,3,TASK_ONLY_ADDED
129,133,0.0,1.0000000000000002,0.9558153095543991,,3,TASK_ONLY_ADDED
129,271,0.0,1.0000000000000002,0.9346465581667788,,5,TASK_ONLY_ADDED
130,74,0.0,1.0000000000000002,0.8922242902771932,,6,TASK_ONLY_ADDED
130,113,0.0,1.0000000000000002,0.7679396961592019,,3,TASK_ONLY_ADDED
130,131,0.0,1.0000000000000002,0.9092498505150294,,3,TASK_ONLY_ADDED
131,11,0.0,1.0000000000000002,0.9865432291009868,,3,TASK_ONLY_ADDED
131,108,0.0,1.0000000000000002,0.9865432291009868,,3,TASK_ONLY_ADDED
131,130,0.0,1.0000000000000002,0.9092498505150294,,3,TASK_ONLY_ADDED
132,14,0.0,1.0000000000000002,0.9848573585474238,,3,TASK_ONLY_ADDED
132,15,0.0,1.0000000000000002,0.9487238626033769,,3,TASK_ONLY_ADDED
132,18,0.0,1.0000000000000002,0.8968539829488784,,3,TASK_ONLY_ADDED
133,23,0.0,1.0000000000000002,0.9320419761241978,,3,TASK_ONLY_ADDED
133,25,0.0,1.0000000000000002,0.9169197223525319,,3,TASK_ONLY_ADDED
133,26,0.0,1.0000000000000002,0.9714202960010035,,6,TASK_ONLY_ADDED
134,12,0.0,1.0000000000000002,0.9129282570602943,,3,TASK_ONLY_ADDED
134,36,0.0,1.0000000000000002,0.9039795780022735,,3,TASK_ONLY_ADDED
134,61,0.0,1.0000000000000002,0.9397262029337601,,3,TASK_ONLY_ADDED
135,14,0.0,1.0000000000000002,0.9116927002341968,,3,TASK_ONLY_ADDED
135,109,0.0,1.0000000000000002,0.9365105190921184,,3,TASK_ONLY_ADDED
135,139,0.0,1.0000000000000002,0.8741743137975991,,3,TASK_ONLY_ADDED
136,120,0.0,1.0000000000000002,0.8985231113271774,,3,TASK_ONLY_ADDED
136,164,0.0,1.0000000000000002,0.9627738240345727,,3,TASK_ONLY_ADDED
136,313,0.0,1.0000000000000002,0.9255419058970165,,3,TASK_ONLY_ADDED
137,263,0.0,1.0000000000000002,0.9433157294222903,,3,TASK_ONLY_ADDED
137,345,0.0,1.0000000000000002,0.8680814846757047,,3,TASK_ONLY_ADDED
137,417,0.0,1.0000000000000002,0.9642022623954571,,3,TASK_ONLY_ADDED
138,120,0.0,1.0000000000000002,0.9523793853329676,,3,TASK_ONLY_ADDED
138,285,0.0,1.0000000000000002,0.9528205427326275,,3,TASK_ONLY_ADDED
138,398,0.0,1.0000000000000002,0.9901813487797706,,6,TASK_ONLY_ADDED
139,14,0.0,1.0000000000000002,0.9848573599620174,,3,TASK_ONLY_ADDED
139,66,0.0,1.0000000000000002,0.9487238642068888,,3,TASK_ONLY_ADDED
139,87,0.0,1.0000000000000002,0.9124637309006932,,3,TASK_ONLY_ADDED
140,240,0.0,1.0000000000000002,0.9017535183706237,,3,TASK_ONLY_ADDED
140,356,0.0,1.0000000000000002,0.8625753206363739,,3,TASK_ONLY_ADDED
140,396,0.0,1.0000000000000002,0.9305804532834214,,3,TASK_ONLY_ADDED
141,68,0.0,1.0000000000000002,0.9304496648186519,,9,TASK_ONLY_ADDED
141,263,0.0,1.0000000000000002,0.8185428621796816,,3,TASK_ONLY_ADDED
141,301,0.0,1.0000000000000002,0.9005372427410698,,5,TASK_ONLY_ADDED
142,15,0.0,1.0000000000000002,0.9280662252848603,,3,TASK_ONLY_ADDED
142,25,0.0,1.0000000000000002,0.9447038325172923,,3,TASK_ONLY_ADDED
142,73,0.0,1.0000000000000002,,,3,TASK_ONLY_ADDED
143,25,0.0,1.0000000000000002,0.9317824658482984,,3,TASK_ONLY_ADDED
143,35,0.0,1.0000000000000002,0.9420432252655582,,3,TASK_ONLY_ADDED
143,41,0.0,1.0000000000000002,0.9787128262576937,,3,TASK_ONLY_ADDED
144,68,0.0,1.0000000000000002,0.9612823687478358,,6,TASK_ONLY_ADDED
144,239,0.0,1.0000000000000002,0.9294516374320755,,3,TASK_ONLY_ADDED
144,374,0.0,1.0000000000000002,0.9616716916386817,,3,TASK_ONLY_ADDED
145,46,0.0,1.0000000000000002,0.8538589010260322,,6,TASK_ONLY_ADDED
145,120,0.0,1.0000000000000002,0.8541596961506164,,3,TASK_ONLY_ADDED
145,154,0.0,1.0000000000000002,0.8664928159283634,,3,TASK_ONLY_ADDED
146,151,0.0,1.0000000000000002,0.9865432291009868,,3,TASK_ONLY_ADDED
146,168,0.0,1.0000000000000002,0.8844636113108564,,3,TASK_ONLY_ADDED
146,318,0.0,1.0000000000000002,0.9786956285669962,,3,TASK_ONLY_ADDED
147,75,0.0,1.0000000000000002,0.9428426251858858,,3,TASK_ONLY_ADDED
147,106,0.0,1.0000000000000002,0.9715176266572921,,3,TASK_ONLY_ADDED
147,120,0.0,1.0000000000000002,0.9800594145103657,,3,TASK_ONLY_ADDED
148,155,0.0,1.0000000000000002,0.9405453401491867,,3,TASK_ONLY_ADDED
148,332,0.0,1.0,0.9770930333460692,,4,TASK_ONLY_ADDED
148,650,0.0,0.9486832980505138,0.8946689301738726,,4,TASK_ONLY_ADDED
149,409,0.0,1.0000000000000002,0.8860618164309086,,3,TASK_ONLY_ADDED
149,442,0.0,1.0000000000000002,0.9655810481279553,,3,TASK_ONLY_ADDED
149,739,0.0,1.0000000000000002,,,3,TASK_ONLY_ADDED
150,428,0.0,1.0000000000000002,0.9186731898257819,,3,TASK_ONLY_ADDED
150,554,0.0,1.0,0.9632552892072235,,5,TASK_ONLY_ADDED
150,631,0.0,0.9999999999999998,0.9849399254282206,,4,TASK_ONLY_ADDED
151,84,0.0,1.0000000000000002,0.9824636481796526,,3,TASK_ONLY_ADDED
151,146,0.0,1.0000000000000002,0.9865432291009868,,3,TASK_ONLY_ADDED
151,188,0.0,1.0000000000000002,0.9884224013979345,,3,TASK_ONLY_ADDED
152,12,0.0,1.0000000000000002,0.9794193485015635,,3,TASK_ONLY_ADDED
152,13,0.0,1.0000000000000002,,,3,TASK_ONLY_ADDED
152,16,0.0,1.0000000000000002,0.9914861776927802,,3,TASK_ONLY_ADDED
153,665,0.0,1.0000000000000002,,,3,TASK_ONLY_ADDED
153,377,0.0,1.0,0.9432830406815912,,3,TASK_ONLY_ADDED
153,404,0.0,0.9707253433941511,0.9344037513320397,,4,TASK_ONLY_ADDED
154,23,0.0,1.0000000000000002,0.9320419736590122,,3,TASK_ONLY_ADDED
154,35,0.0,1.0000000000000002,0.9144234696983442,,3,TASK_ONLY_ADDED
154,53,0.0,1.0000000000000002,0.9650727867589396,,3,TASK_ONLY_ADDED
155,148,0.0,1.0000000000000002,0.9405453401491867,,3,TASK_ONLY_ADDED
155,202,0.0,1.0000000000000002,0.9642022640219118,,3,TASK_ONLY_ADDED
155,263,0.0,1.0000000000000002,0.9684086306982853,,3,TASK_ONLY_ADDED
156,261,0.0,1.0000000000000002,,,3,TASK_ONLY_ADDED
156,701,0.0,1.0,0.9721761608721033,,5,TASK_ONLY_ADDED
156,139,0.0,0.9999999999999999,0.9694179822332976,,4,TASK_ONLY_ADDED
157,20,0.0,1.0000000000000002,1.0,,3,TASK_ONLY_ADDED
157,35,0.0,1.0000000000000002,0.9420432252655582,,7,TASK_ONLY_ADDED
157,51,0.0,1.0000000000000002,0.9487238660456732,,3,TASK_ONLY_ADDED
158,38,0.0,1.0000000000000002,0.888276270712609,,3,TASK_ONLY_ADDED
158,372,0.0,1.0000000000000002,0.9919294623348178,,6,TASK_ONLY_ADDED
158,414,0.0,1.0000000000000002,0.9809087228530204,,3,TASK_ONLY_ADDED
159,30,0.0,1.0000000000000002,0.9787128259177159,,3,TASK_ONLY_ADDED
159,41,0.0,1.0000000000000002,0.9999999999999999,,3,TASK_ONLY_ADDED
159,130,0.0,1.0000000000000002,0.9567608664603107,,3,TASK_ONLY_ADDED
160,23,0.0,1.0000000000000002,0.9719953813309665,,6,TASK_ONLY_ADDED
160,29,0.0,1.0000000000000002,0.9532700778822706,,3,TASK_ONLY_ADDED
160,46,0.0,1.0000000000000002,0.9790441228058029,,3,TASK_ONLY_ADDED
161,21,0.0,1.0000000000000002,0.9521378577541032,,3,TASK_ONLY_ADDED
161,28,0.0,1.0000000000000002,0.9390073865970422,,3,TASK_ONLY_ADDED
161,60,0.0,1.0000000000000002,0.9069700693090026,,3,TASK_ONLY_ADDED
162,14,0.0,1.0000000000000002,0.9243671919704882,,3,TASK_ONLY_ADDED
162,15,0.0,1.0000000000000002,0.9265750960401569,,3,TASK_ONLY_ADDED
162,25,0.0,1.0000000000000002,0.9422649421601872,,3,TASK_ONLY_ADDED
163,51,0.0,1.0000000000000002,0.9180263837432782,,3,TASK_ONLY_ADDED
163,66,0.0,1.0000000000000002,0.9557478134173839,,3,TASK_ONLY_ADDED
163,225,0.0,1.0000000000000002,0.9778662314193917,,3,TASK_ONLY_ADDED
164,15,0.0,1.0000000000000002,0.9494930852238481,,3,TASK_ONLY_ADDED
164,57,0.0,1.0000000000000002,0.9061749675493072,,3,TASK_ONLY_ADDED
164,86,0.0,1.0000000000000002,0.9388309837747921,,3,TASK_ONLY_ADDED
165,160,0.0,1.0000000000000002,0.9806790825098123,,3,TASK_ONLY_ADDED
165,164,0.0,1.0000000000000002,0.9494930852238481,,3,TASK_ONLY_ADDED
165,274,0.0,1.0000000000000002,0.9471904310983514,,3,TASK_ONLY_ADDED
166,59,0.0,1.0000000000000002,0.9646072587248902,,7,TASK_ONLY_ADDED
166,152,0.0,1.0000000000000002,0.9389282930954435,,3,TASK_ONLY_ADDED
166,303,0.0,1.0000000000000002,0.9828392573761693,,5,TASK_ONLY_ADDED
167,42,0.0,1.0000000000000002,0.8879029800840412,,3,TASK_ONLY_ADDED
167,71,0.0,1.0000000000000002,0.9251170702763208,,3,TASK_ONLY_ADDED
167,147,0.0,1.0000000000000002,0.9411381305082832,,6,TASK_ONLY_ADDED
168,15,0.0,1.0000000000000002,0.9246351719344974,,6,TASK_ONLY_ADDED
168,16,0.0,1.0000000000000002,0.8524456662553784,,3,TASK_ONLY_ADDED
168,23,0.0,1.0000000000000002,0.9424688958651636,,6,TASK_ONLY_ADDED
169,132,0.0,1.0000000000000002,0.9180263862996589,,3,TASK_ONLY_ADDED
169,639,0.0,1.0000000000000002,0.9557478145760775,,3,TASK_ONLY_ADDED
169,722,0.0,1.0000000000000002,0.8790848081159722,,6,TASK_ONLY_ADDED
170,55,0.0,1.0000000000000002,0.9256560592184088,,4,TASK_ONLY_ADDED
170,154,0.0,1.0000000000000002,0.9650727884912859,,3,TASK_ONLY_ADDED
170,567,0.0,1.0000000000000002,0.9778662346114699,,3,TASK_ONLY_ADDED
171,14,0.0,1.0000000000000002,0.9688240436981679,,6,TASK_ONLY_ADDED
171,40,0.0,1.0000000000000002,0.9487238660456732,,3,TASK_ONLY_ADDED
171,47,0.0,1.0000000000000002,0.9806790815403282,,6,TASK_ONLY_ADDED
172,185,0.0,1.0000000000000002,0.9486651950374654,,3,TASK_ONLY_ADDED
172,409,0.0,1.0000000000000002,0.9793208945812341,,3,TASK_ONLY_ADDED
172,506,0.0,1.0000000000000002,0.9407116371552299,,3,TASK_ONLY_ADDED
173,37,0.0,1.0000000000000002,0.9848706090747648,,6,TASK_ONLY_ADDED
173,44,0.0,1.0000000000000002,0.925935007530868,,3,TASK_ONLY_ADDED
173,52,0.0,1.0000000000000002,0.9563307125812313,,7,TASK_ONLY_ADDED
174,25,0.0,1.0000000000000002,0.9094489894092203,,7,TASK_ONLY_ADDED
174,53,0.0,1.0000000000000002,0.9790441197155532,,3,TASK_ONLY_ADDED
174,86,0.0,1.0000000000000002,0.9484784273705079,,3,TASK_ONLY_ADDED
175,631,0.0,1.0,0.9659286532579697,,3,TASK_ONLY_ADDED
175,675,0.0,1.0,0.9999999999999974,,4,TASK_ONLY_ADDED
175,654,0.0,0.9999999999999998,0.9144329226503536,,3,TASK_ONLY_ADDED
176,53,0.0,1.0000000000000002,0.9363429190281726,,3,TASK_ONLY_ADDED
176,106,0.0,1.0000000000000002,0.9363429243419662,,3,TASK_ONLY_ADDED
176,117,0.0,1.0000000000000002,0.9542957330864889,,3,TASK_ONLY_ADDED
177,35,0.0,1.0000000000000002,0.9420432252655582,,3,TASK_ONLY_ADDED
177,41,0.0,1.0000000000000002,0.9787128262576937,,3,TASK_ONLY_ADDED
177,42,0.0,1.0000000000000002,0.9420432252655582,,3,TASK_ONLY_ADDED
178,38,0.0,1.0000000000000002,0.9482216214978483,,3,TASK_ONLY_ADDED
178,63,0.0,1.0000000000000002,0.9416905564144235,,3,TASK_ONLY_ADDED
178,74,0.0,1.0000000000000002,0.90568565017952,,3,TASK_ONLY_ADDED
179,59,0.0,1.0000000000000002,0.9705392399086035,,4,TASK_ONLY_ADDED
179,74,0.0,1.0000000000000002,0.9532555032293413,,6,TASK_ONLY_ADDED
179,142,0.0,1.0000000000000002,0.9159842095359418,,6,TASK_ONLY_ADDED
180,23,0.0,1.0000000000000002,0.9746680093778559,,3,TASK_ONLY_ADDED
180,33,0.0,1.0000000000000002,0.9795115413358518,,3,TASK_ONLY_ADDED
180,70,0.0,1.0000000000000002,0.9149883445742867,,3,TASK_ONLY_ADDED
181,29,0.0,1.0000000000000002,0.9277819888998449,,3,TASK_ONLY_ADDED
181,46,0.0,1.0000000000000002,0.9746222739763171,,3,TASK_ONLY_ADDED
181,119,0.0,1.0000000000000002,0.9876676963764429,,3,TASK_ONLY_ADDED
182,708,0.0,1.0000000000000002,,,3,TASK_ONLY_ADDED
182,50,0.0,1.0,0.9714355179508207,,4,TASK_ONLY_ADDED
182,93,0.0,1.0,0.9494106152071436,,5,TASK_ONLY_ADDED
183,16,0.0,1.0000000000000002,0.8795948367801171,,3,TASK_ONLY_ADDED
183,25,0.0,1.0000000000000002,0.9471862792829611,,7,TASK_ONLY_ADDED
183,27,0.0,1.0000000000000002,0.8874976150762184,,3,TASK_ONLY_ADDED
184,20,0.0,1.0000000000000002,0.9464225432249294,,3,TASK_ONLY_ADDED
184,133,0.0,1.0000000000000002,0.9406395437616855,,3,TASK_ONLY_ADDED
184,213,0.0,1.0000000000000002,0.9281273313364321,,3,TASK_ONLY_ADDED
185,50,0.0,1.0000000000000002,0.8795948405924972,,3,TASK_ONLY_ADDED
185,65,0.0,1.0000000000000002,0.940640764447757,,3,TASK_ONLY_ADDED
185,66,0.0,1.0000000000000002,0.9420432268977327,,3,TASK_ONLY_ADDED
186,52,0.0,1.0000000000000002,0.9474308635886849,,6,TASK_ONLY_ADDED
186,59,0.0,1.0000000000000002,0.8646172650279381,,3,TASK_ONLY_ADDED
186,66,0.0,1.0000000000000002,0.9317824657590655,,3,TASK_ONLY_ADDED
187,747,0.0,1.0000000000000002,0.9197532190055877,,3,TASK_ONLY_ADDED
187,663,0.0,0.8164965809277259,0.9602573145782498,,3,TASK_ONLY_ADDED
187,420,0.0,0.787295821622217,0.9197532190055877,,11,TASK_ONLY_ADDED
188,50,0.0,1.0000000000000002,0.9770895887019198,,3,TASK_ONLY_ADDED
188,74,0.0,1.0000000000000002,0.9691698894710346,,3,TASK_ONLY_ADDED
188,151,0.0,1.0000000000000002,0.9884224013979345,,3,TASK_ONLY_ADDED
189,13,0.0,1.0000000000000002,,,3,TASK_ONLY_ADDED
189,25,0.0,1.0000000000000002,0.8765207933963194,,3,TASK_ONLY_ADDED
189,48,0.0,1.0000000000000002,0.9077469498373035,,3,TASK_ONLY_ADDED
190,178,0.0,1.0000000000000002,0.8847668997592781,,3,TASK_ONLY_ADDED
190,247,0.0,1.0000000000000002,0.9450597430526669,,3,TASK_ONLY_ADDED
190,381,0.0,1.0000000000000002,0.9212009872440098,,3,TASK_ONLY_ADDED
191,15,0.0,1.0000000000000002,0.9528205470013668,,3,TASK_ONLY_ADDED
191,35,0.0,1.0000000000000002,0.9729520862648141,,3,TASK_ONLY_ADDED
191,42,0.0,1.0000000000000002,0.9729520862648141,,3,TASK_ONLY_ADDED
192,25,0.0,1.0000000000000002,0.9272508449417861,,3,TASK_ONLY_ADDED
192,26,0.0,1.0000000000000002,0.9885032570231285,,3,TASK_ONLY_ADDED
192,62,0.0,1.0000000000000002,0.9668794747958034,,3,TASK_ONLY_ADDED
193,392,0.0,1.0000000000000002,0.9714202990344557,,3,TASK_ONLY_ADDED
193,490,0.0,1.0000000000000002,0.9315617514262184,,3,TASK_ONLY_ADDED
193,594,0.0,1.0000000000000002,0.9794193485015635,,3,TASK_ONLY_ADDED
194,51,0.0,1.0000000000000002,0.9487238660456732,,3,TASK_ONLY_ADDED
194,80,0.0,1.0000000000000002,1.0,,3,TASK_ONLY_ADDED
194,162,0.0,1.0000000000000002,0.9265750960401569,,6,TASK_ONLY_ADDED
195,65,0.0,1.0000000000000002,0.864533190051759,,5,TASK_ONLY_ADDED
195,82,0.0,1.0000000000000002,0.8498778617349709,,3,TASK_ONLY_ADDED
195,91,0.0,1.0000000000000002,0.9168212058168613,,3,TASK_ONLY_ADDED
196,18,0.0,1.0000000000000002,0.9163826354807318,,3,TASK_ONLY_ADDED
196,117,0.0,1.0000000000000002,0.9634065397603716,,3,TASK_ONLY_ADDED
196,123,0.0,1.0000000000000002,0.8844636127068478,,3,TASK_ONLY_ADDED
197,300,0.0,1.0000000000000002,0.9616716968792609,,3,TASK_ONLY_ADDED
197,583,0.0,1.0000000000000002,0.9398226041729166,,3,TASK_ONLY_ADDED
197,152,0.0,1.0,0.9794193485015635,,4,TASK_ONLY_ADDED
198,31,0.0,1.0000000000000002,0.9425770328030996,,5,TASK_ONLY_ADDED
198,42,0.0,1.0000000000000002,0.9542198915208513,,3,TASK_ONLY_ADDED
198,51,0.0,1.0000000000000002,0.9867815096712866,,3,TASK_ONLY_ADDED
199,480,0.0,1.0000000000000002,,,3,TASK_ONLY_ADDED
199,13,0.0,1.0,,,3,TASK_ONLY_ADDED
199,416,0.0,1.0,0.920323822689481,,4,TASK_ONLY_ADDED
200,135,0.0,1.0000000000000002,0.939289297169567,,3,TASK_ONLY_ADDED
200,171,0.0,1.0000000000000002,0.9557478084281137,,3,TASK_ONLY_ADDED
200,195,0.0,1.0000000000000002,0.9033864471185804,,3,TASK_ONLY_ADDED
201,312,0.0,1.0000000000000002,0.9794193454726551,,3,TASK_ONLY_ADDED
201,305,0.0,0.9525793444156805,0.9616716957450109,,3,TASK_ONLY_ADDED
201,14,0.0,0.944911182523068,0.9688240436981679,,4,TASK_ONLY_ADDED
202,26,0.0,1.0000000000000002,0.9999999999999988,,3,TASK_ONLY_ADDED
202,42,0.0,1.0000000000000002,0.9628252656994661,,6,TASK_ONLY_ADDED
202,45,0.0,1.0000000000000002,0.9999999999999984,,3,TASK_ONLY_ADDED
203,277,0.0,1.0,0.9899941538034087,,3,TASK_ONLY_ADDED
203,654,0.0,1.0,0.899765114230324,,3,TASK_ONLY_ADDED
203,631,0.0,0.9999999999999998,0.9708805830379595,,3,TASK_ONLY_ADDED
204,133,0.0,1.0000000000000002,,,3,TASK_ONLY_ADDED
204,143,0.0,1.0000000000000002,,,3,TASK_ONLY_ADDED
204,160,0.0,1.0000000000000002,,,6,TASK_ONLY_ADDED
205,130,0.0,1.0000000000000002,0.9611545187043999,,3,TASK_ONLY_ADDED
205,167,0.0,1.0000000000000002,0.9209441261654131,,3,TASK_ONLY_ADDED
205,250,0.0,1.0000000000000002,0.979989103058071,,3,TASK_ONLY_ADDED
206,75,0.0,1.0000000000000002,0.9422220987169725,,3,TASK_ONLY_ADDED
206,162,0.0,1.0000000000000002,0.9265750960401569,,3,TASK_ONLY_ADDED
206,164,0.0,1.0000000000000002,0.9494930852238481,,3,TASK_ONLY_ADDED
207,231,0.0,0.7071067811865475,0.8882762692427523,,4,TASK_ONLY_ADDED
207,426,0.0,0.5,0.950486700693666,,4,TASK_ONLY_ADDED
207,511,0.0,0.5,0.8882762750875791,,4,TASK_ONLY_ADDED
208,63,0.0,1.0000000000000002,0.9566510160312973,,3,TASK_ONLY_ADDED
208,105,0.0,1.0000000000000002,0.9281273312830759,,3,TASK_ONLY_ADDED
208,217,0.0,1.0000000000000002,0.9409512502436345,,3,TASK_ONLY_ADDED
209,13,0.0,1.0000000000000002,,,3,TASK_ONLY_ADDED
209,35,0.0,1.0000000000000002,0.9469758235096148,,3,TASK_ONLY_ADDED
209,46,0.0,1.0000000000000002,0.971517624257405,,3,TASK_ONLY_ADDED
210,14,0.0,1.0000000000000002,0.9875231704136759,,3,TASK_ONLY_ADDED
210,29,0.0,1.0000000000000002,0.9619483881588514,,3,TASK_ONLY_ADDED
210,72,0.0,1.0000000000000002,0.9216286615331212,,3,TASK_ONLY_ADDED
211,15,0.0,1.0000000000000002,0.931782465990047,,6,TASK_ONLY_ADDED
211,23,0.0,1.0000000000000002,0.9183318885967506,,6,TASK_ONLY_ADDED
211,46,0.0,1.0000000000000002,0.8566212957714437,,3,TASK_ONLY_ADDED
212,27,0.0,1.0000000000000002,0.965520295129705,,3,TASK_ONLY_ADDED
212,46,0.0,1.0000000000000002,0.9771909495823753,,3,TASK_ONLY_ADDED
212,51,0.0,1.0000000000000002,0.9209568858252338,,3,TASK_ONLY_ADDED
213,23,0.0,1.0000000000000002,0.8960821770878216,,6,TASK_ONLY_ADDED
213,51,0.0,1.0000000000000002,0.8653049928154826,,3,TASK_ONLY_ADDED
213,68,0.0,1.0000000000000002,0.9688566741141931,,3,TASK_ONLY_ADDED
214,46,0.0,1.0000000000000002,0.9666078137009706,,6,TASK_ONLY_ADDED
214,120,0.0,1.0000000000000002,0.983791852304833,,3,TASK_ONLY_ADDED
214,154,0.0,1.0000000000000002,0.9524265049076187,,3,TASK_ONLY_ADDED
215,13,0.0,1.0000000000000002,,,3,TASK_ONLY_ADDED
215,23,0.0,1.0000000000000002,0.9863283716448591,,3,TASK_ONLY_ADDED
215,25,0.0,1.0000000000000002,0.9032648482726442,,3,TASK_ONLY_ADDED
216,504,0.0,1.0000000000000002,0.8495286416288906,,3,TASK_ONLY_ADDED
216,238,0.0,0.9999999999999998,0.9317824697544982,,4,TASK_ONLY_ADDED
216,248,0.0,0.9723055853282466,0.9730563967026924,,5,TASK_ONLY_ADDED
217,18,0.0,1.0000000000000002,0.9471904310983514,,6,TASK_ONLY_ADDED
217,29,0.0,1.0000000000000002,0.9547094717688748,,3,TASK_ONLY_ADDED
217,59,0.0,1.0000000000000002,0.9567031301265733,,3,TASK_ONLY_ADDED
218,26,0.0,1.0000000000000002,0.9754531582231711,,3,TASK_ONLY_ADDED
218,33,0.0,1.0000000000000002,0.9948317099635149,,3,TASK_ONLY_ADDED
218,68,0.0,1.0000000000000002,0.9924975680414696,,3,TASK_ONLY_ADDED
219,389,0.0,1.0000000000000002,0.8368831092282039,,3,TASK_ONLY_ADDED
219,710,0.0,1.0000000000000002,0.9402194268837792,,3,TASK_ONLY_ADDED
219,631,0.0,0.9999999999999998,0.924406099048569,,3,TASK_ONLY_ADDED
221,133,0.0,1.0000000000000002,0.8970307596898894,,3,TASK_ONLY_ADDED
221,152,0.0,1.0000000000000002,0.8970307641552367,,3,TASK_ONLY_ADDED
221,281,0.0,1.0000000000000002,0.8883816862092098,,3,TASK_ONLY_ADDED
222,16,0.0,1.0000000000000002,0.9153605861776523,,3,TASK_ONLY_ADDED
222,31,0.0,1.0000000000000002,0.8314973138417417,,3,TASK_ONLY_ADDED
222,45,0.0,1.0000000000000002,0.967157352616016,,3,TASK_ONLY_ADDED
223,66,0.0,1.0000000000000002,0.9616716913116158,,3,TASK_ONLY_ADDED
223,132,0.0,1.0000000000000002,0.9124637352257925,,3,TASK_ONLY_ADDED
223,133,0.0,1.0000000000000002,0.9475989048417585,,3,TASK_ONLY_ADDED
224,168,0.0,1.0000000000000002,0.9206238669842687,,3,TASK_ONLY_ADDED
224,345,0.0,1.0000000000000002,0.8929908302543871,,6,TASK_ONLY_ADDED
224,396,0.0,1.0000000000000002,0.9655410107156521,,3,TASK_ONLY_ADDED
225,68,0.0,1.0000000000000002,0.9649465339697095,,3,TASK_ONLY_ADDED
225,133,0.0,1.0000000000000002,0.9532683338851162,,3,TASK_ONLY_ADDED
225,163,0.0,1.0000000000000002,0.9778662314193917,,3,TASK_ONLY_ADDED
226,189,0.0,1.0000000000000002,0.9611317853635651,,3,TASK_ONLY_ADDED
226,215,0.0,1.0000000000000002,0.9386991680199155,,3,TASK_ONLY_ADDED
226,385,0.0,1.0000000000000002,0.964728604245132,,3,TASK_ONLY_ADDED
227,23,0.0,1.0000000000000002,0.990161783246412,,3,TASK_ONLY_ADDED
227,29,0.0,1.0000000000000002,0.9682245307952222,,3,TASK_ONLY_ADDED
227,38,0.0,1.0000000000000002,0.9608913244364308,,3,TASK_ONLY_ADDED
228,14,0.0,1.0000000000000002,0.8776611675391878,,6,TASK_ONLY_ADDED
228,16,0.0,1.0000000000000002,0.9586232901517586,,3,TASK_ONLY_ADDED
228,37,0.0,1.0000000000000002,0.8998040066593119,,3,TASK_ONLY_ADDED
229,14,0.0,1.0000000000000002,0.9237375550878645,,9,TASK_ONLY_ADDED
229,25,0.0,1.0000000000000002,0.9999999999999968,,3,TASK_ONLY_ADDED
229,32,0.0,1.0000000000000002,0.9811834952438945,,3,TASK_ONLY_ADDED
230,261,0.0,1.0000000000000002,,,3,TASK_ONLY_ADDED
230,273,0.0,1.0000000000000002,,,6,TASK_ONLY_ADDED
230,345,0.0,1.0000000000000002,0.7881582322025633,,6,TASK_ONLY_ADDED
231,29,0.0,1.0000000000000002,0.9750816702046525,,3,TASK_ONLY_ADDED
231,38,0.0,1.0000000000000002,0.9999999999999925,,3,TASK_ONLY_ADDED
231,195,0.0,1.0000000000000002,0.9244576843890642,,3,TASK_ONLY_ADDED
233,641,0.0,1.0,0.9794193462367038,,3,TASK_ONLY_ADDED
233,390,0.0,0.9999999999999998,0.961120586841919,,4,TASK_ONLY_ADDED
233,420,0.0,0.9354143466934853,1.0,,7,TASK_ONLY_ADDED
234,211,0.0,1.0000000000000002,0.9798658488520245,,6,TASK_ONLY_ADDED
234,239,0.0,1.0000000000000002,0.9475290520565924,,14,TASK_ONLY_ADDED
234,251,0.0,1.0000000000000002,0.9574558862683877,,6,TASK_ONLY_ADDED
235,32,0.0,1.0000000000000002,0.9450936802689518,,3,TASK_ONLY_ADDED
235,40,0.0,1.0000000000000002,0.954372101063047,,6,TASK_ONLY_ADDED
235,42,0.0,1.0000000000000002,0.9186731881472517,,3,TASK_ONLY_ADDED
236,120,0.0,1.0000000000000002,0.9523793853329676,,3,TASK_ONLY_ADDED
236,215,0.0,1.0000000000000002,0.9770930333460692,,3,TASK_ONLY_ADDED
236,385,0.0,1.0000000000000002,0.9501215672810559,,3,TASK_ONLY_ADDED
237,23,0.0,1.0000000000000002,0.9629622954814848,,6,TASK_ONLY_ADDED
237,38,0.0,1.0000000000000002,0.9294516427157747,,3,TASK_ONLY_ADDED
237,90,0.0,1.0000000000000002,0.9616716953891138,,3,TASK_ONLY_ADDED
238,35,0.0,1.0,0.9420432252655582,,3,TASK_ONLY_ADDED
238,184,0.0,1.0,0.9464225432249294,,3,TASK_ONLY_ADDED
238,474,0.0,1.0,0.9699713572266225,,4,TASK_ONLY_ADDED
239,29,0.0,1.0000000000000002,0.9750816670477637,,3,TASK_ONLY_ADDED
239,53,0.0,1.0000000000000002,0.8612187183531117,,6,TASK_ONLY_ADDED
239,63,0.0,1.0000000000000002,0.8729365057619355,,3,TASK_ONLY_ADDED
240,13,0.0,1.0000000000000002,,,6,TASK_ONLY_ADDED
240,15,0.0,1.0000000000000002,0.9787128258071633,,3,TASK_ONLY_ADDED
240,23,0.0,1.0000000000000002,0.967800362056735,,3,TASK_ONLY_ADDED
241,189,0.0,1.0000000000000002,0.9828829896049831,,3,TASK_ONLY_ADDED
241,555,0.0,1.0000000000000002,0.9068518929589238,,6,TASK_ONLY_ADDED
241,619,0.0,1.0000000000000002,0.9557478114262787,,6,TASK_ONLY_ADDED
242,29,0.0,1.0000000000000002,0.9146255877532191,,3,TASK_ONLY_ADDED
242,37,0.0,1.0000000000000002,0.9204250250554377,,3,TASK_ONLY_ADDED
242,42,0.0,1.0000000000000002,0.8874976190757754,,3,TASK_ONLY_ADDED
243,26,0.0,1.0000000000000002,0.984726715126819,,6,TASK_ONLY_ADDED
243,37,0.0,1.0000000000000002,0.9776822456163835,,3,TASK_ONLY_ADDED
243,46,0.0,1.0000000000000002,0.965598170822391,,3,TASK_ONLY_ADDED
244,42,0.0,1.0000000000000002,0.8795948369783623,,6,TASK_ONLY_ADDED
244,46,0.0,1.0000000000000002,0.9683819772901601,,3,TASK_ONLY_ADDED
244,51,0.0,1.0000000000000002,0.8974879237854851,,3,TASK_ONLY_ADDED
245,189,0.0,1.0000000000000002,0.9638041613528896,,3,TASK_ONLY_ADDED
245,272,0.0,1.0000000000000002,,,3,TASK_ONLY_ADDED
245,318,0.0,1.0000000000000002,0.9877920120747666,,3,TASK_ONLY_ADDED
246,209,0.0,1.0000000000000002,0.9437547449373108,,3,TASK_ONLY_ADDED
246,303,0.0,1.0000000000000002,0.9532683401451488,,3,TASK_ONLY_ADDED
246,373,0.0,1.0000000000000002,0.8954618944737682,,3,TASK_ONLY_ADDED
247,52,0.0,1.0000000000000002,0.9655410122270276,,3,TASK_ONLY_ADDED
247,82,0.0,1.0000000000000002,0.9112126577573924,,3,TASK_ONLY_ADDED
247,133,0.0,1.0000000000000002,0.96592865849314,,3,TASK_ONLY_ADDED
248,198,0.0,1.0000000000000002,0.8994141125641523,,3,TASK_ONLY_ADDED
248,270,0.0,1.0000000000000002,0.9594009331406151,,3,TASK_ONLY_ADDED
248,283,0.0,1.0000000000000002,0.9584119901161371,,3,TASK_ONLY_ADDED
249,51,0.0,1.0000000000000002,0.9694179863961919,,3,TASK_ONLY_ADDED
249,157,0.0,1.0000000000000002,0.9806790833734617,,4,TASK_ONLY_ADDED
249,160,0.0,1.0000000000000002,0.9999999999999964,,6,TASK_ONLY_ADDED
250,29,0.0,1.0000000000000002,0.9532700849254466,,3,TASK_ONLY_ADDED
250,89,0.0,1.0000000000000002,0.9869759326306665,,3,TASK_ONLY_ADDED
250,106,0.0,1.0000000000000002,0.9790441233822602,,3,TASK_ONLY_ADDED
251,26,0.0,1.0000000000000002,0.9806790815403282,,3,TASK_ONLY_ADDED
251,35,0.0,1.0000000000000002,0.9420432252655582,,3,TASK_ONLY_ADDED
251,41,0.0,1.0000000000000002,0.9787128262576937,,6,TASK_ONLY_ADDED
252,119,0.0,1.0000000000000002,0.9715986772880906,,3,TASK_ONLY_ADDED
252,398,0.0,1.0000000000000002,0.9711897018901917,,3,TASK_ONLY_ADDED
252,552,0.0,1.0000000000000002,0.9140879553891218,,3,TASK_ONLY_ADDED
253,91,0.0,1.0000000000000002,0.9956726838601369,,6,TASK_ONLY_ADDED
253,127,0.0,1.0000000000000002,0.9317824697544982,,3,TASK_ONLY_ADDED
253,151,0.0,1.0000000000000002,1.0,,3,TASK_ONLY_ADDED
254,67,0.0,1.0000000000000002,0.8093420076019311,,3,TASK_ONLY_ADDED
254,115,0.0,1.0000000000000002,0.8985983648977833,,5,TASK_ONLY_ADDED
254,127,0.0,1.0000000000000002,0.9525398845459547,,3,TASK_ONLY_ADDED
255,55,0.0,1.0000000000000002,0.8932467875311331,,3,TASK_ONLY_ADDED
255,113,0.0,1.0000000000000002,0.8951542234174122,,3,TASK_ONLY_ADDED
255,132,0.0,1.0000000000000002,0.9124637364238057,,3,TASK_ONLY_ADDED
256,51,0.0,1.0000000000000002,0.9337911859909942,,3,TASK_ONLY_ADDED
256,392,0.0,1.0000000000000002,0.9550565511265455,,4,TASK_ONLY_ADDED
256,398,0.0,1.0000000000000002,0.9564405771400155,,3,TASK_ONLY_ADDED
257,125,0.0,1.0000000000000002,1.0,,3,TASK_ONLY_ADDED
257,126,0.0,1.0000000000000002,0.9246351756299831,,6,TASK_ONLY_ADDED
257,132,0.0,1.0000000000000002,0.9487238626033769,,3,TASK_ONLY_ADDED
258,51,0.0,1.0000000000000002,0.8475202557444576,,6,TASK_ONLY_ADDED
258,63,0.0,1.0000000000000002,0.7851192030403188,,3,TASK_ONLY_ADDED
258,132,0.0,1.0000000000000002,0.8475202524481481,,3,TASK_ONLY_ADDED
259,30,0.0,1.0000000000000002,0.9567031232381044,,3,TASK_ONLY_ADDED
259,46,0.0,1.0000000000000002,0.9666078159670829,,3,TASK_ONLY_ADDED
259,51,0.0,1.0000000000000002,0.9808893088301592,,3,TASK_ONLY_ADDED
260,26,0.0,1.0000000000000002,0.9560409145019186,,6,TASK_ONLY_ADDED
260,74,0.0,1.0000000000000002,0.9346107182481268,,3,TASK_ONLY_ADDED
260,117,0.0,1.0000000000000002,0.9173866195380518,,3,TASK_ONLY_ADDED
261,17,0.0,1.0000000000000002,,,3,TASK_ONLY_ADDED
261,30,0.0,1.0000000000000002,,,3,TASK_ONLY_ADDED
261,35,0.0,1.0000000000000002,,,3,TASK_ONLY_ADDED
262,46,0.0,1.0000000000000002,0.9026759127518589,,6,TASK_ONLY_ADDED
262,154,0.0,1.0000000000000002,0.9190619889611921,,3,TASK_ONLY_ADDED
262,322,0.0,1.0000000000000002,0.9732098905529422,,3,TASK_ONLY_ADDED
263,21,0.0,1.0000000000000002,0.9534830923398014,,3,TASK_ONLY_ADDED
263,101,0.0,1.0000000000000002,0.8991472171013853,,3,TASK_ONLY_ADDED
263,109,0.0,1.0000000000000002,0.9558006588721115,,3,TASK_ONLY_ADDED
264,35,0.0,1.0000000000000002,0.9755729017161294,,6,TASK_ONLY_ADDED
264,40,0.0,1.0000000000000002,0.9451908027009983,,3,TASK_ONLY_ADDED
264,42,0.0,1.0000000000000002,0.9755729017161294,,6,TASK_ONLY_ADDED
265,46,0.0,1.0000000000000002,0.9790441209189363,,3,TASK_ONLY_ADDED
265,84,0.0,1.0000000000000002,0.9642022617220928,,3,TASK_ONLY_ADDED
265,160,0.0,1.0000000000000002,0.9999999999999971,,6,TASK_ONLY_ADDED
266,59,0.0,1.0000000000000002,0.9850269682358627,,3,TASK_ONLY_ADDED
266,74,0.0,1.0000000000000002,0.9678948782152217,,3,TASK_ONLY_ADDED
266,80,0.0,1.0000000000000002,0.9781648212739634,,6,TASK_ONLY_ADDED
267,46,0.0,1.0000000000000002,0.9140240346479968,,3,TASK_ONLY_ADDED
267,57,0.0,1.0000000000000002,0.9472973861473982,,3,TASK_ONLY_ADDED
267,100,0.0,1.0000000000000002,0.9520210565387857,,3,TASK_ONLY_ADDED
268,139,0.0,1.0000000000000002,0.9543720986140963,,3,TASK_ONLY_ADDED
268,151,0.0,1.0000000000000002,0.9699713572266225,,3,TASK_ONLY_ADDED
268,213,0.0,1.0000000000000002,0.9566510228176908,,3,TASK_ONLY_ADDED
269,32,0.0,1.0000000000000002,0.8668119162186108,,3,TASK_ONLY_ADDED
269,52,0.0,1.0000000000000002,0.9081176206989064,,3,TASK_ONLY_ADDED
269,62,0.0,1.0000000000000002,0.8523325706261103,,3,TASK_ONLY_ADDED
270,110,0.0,1.0000000000000002,0.9547904356008247,,3,TASK_ONLY_ADDED
270,157,0.0,1.0000000000000002,1.0,,4,TASK_ONLY_ADDED
270,215,0.0,1.0000000000000002,0.9770930333460692,,3,TASK_ONLY_ADDED
271,41,0.0,1.0000000000000002,0.984449641882598,,6,TASK_ONLY_ADDED
271,51,0.0,1.0000000000000002,0.9867815096712866,,3,TASK_ONLY_ADDED
271,80,0.0,1.0000000000000002,0.9623825726019074,,3,TASK_ONLY_ADDED
272,13,0.0,1.0000000000000002,,,3,TASK_ONLY_ADDED
272,21,0.0,1.0000000000000002,,,3,TASK_ONLY_ADDED
272,25,0.0,1.0000000000000002,,,3,TASK_ONLY_ADDED
273,15,0.0,1.0000000000000002,,,6,TASK_ONLY_ADDED
273,16,0.0,1.0000000000000002,,,3,TASK_ONLY_ADDED
273,32,0.0,1.0000000000000002,,,3,TASK_ONLY_ADDED
274,94,0.0,1.0000000000000002,0.9471904310983514,,3,TASK_ONLY_ADDED
274,117,0.0,1.0000000000000002,0.8762259909252239,,3,TASK_ONLY_ADDED
274,125,0.0,1.0000000000000002,0.9471904310983514,,3,TASK_ONLY_ADDED
275,302,0.0,0.9486832980505138,,,4,TASK_ONLY_ADDED
275,288,0.0,0.9434563530497265,,,4,TASK_ONLY_ADDED
275,19,0.0,0.9428090415820635,,,3,TASK_ONLY_ADDED
276,134,0.0,1.0000000000000002,0.9417807868089279,,3,TASK_ONLY_ADDED
276,168,0.0,1.0000000000000002,0.9285316582754625,,3,TASK_ONLY_ADDED
276,189,0.0,1.0000000000000002,0.9676359247911056,,3,TASK_ONLY_ADDED
277,203,0.0,1.0,0.9899941538034087,,3,TASK_ONLY_ADDED
277,217,0.0,1.0,0.9557478119065012,,3,TASK_ONLY_ADDED
277,351,0.0,0.9999999999999998,0.9790441210929474,,3,TASK_ONLY_ADDED
278,40,0.0,1.0000000000000002,0.9537004338963221,,6,TASK_ONLY_ADDED
278,139,0.0,1.0000000000000002,0.9537004321212181,,3,TASK_ONLY_ADDED
278,152,0.0,1.0000000000000002,0.927874074424787,,3,TASK_ONLY_ADDED
279,128,0.0,1.0000000000000002,0.9679339204285464,,3,TASK_ONLY_ADDED
279,132,0.0,1.0000000000000002,0.9451907997704662,,3,TASK_ONLY_ADDED
279,189,0.0,1.0000000000000002,0.91594527439394,,3,TASK_ONLY_ADDED
280,90,0.0,1.0000000000000002,0.9824636474186641,,3,TASK_ONLY_ADDED
280,98,0.0,1.0000000000000002,0.9363429238054335,,6,TASK_ONLY_ADDED
280,133,0.0,1.0000000000000002,0.9874133214403904,,3,TASK_ONLY_ADDED
281,26,0.0,1.0000000000000002,0.9560409176815359,,6,TASK_ONLY_ADDED
281,37,0.0,1.0000000000000002,0.9637843358564905,,3,TASK_ONLY_ADDED
281,76,0.0,1.0000000000000002,0.8577399295760778,,3,TASK_ONLY_ADDED
282,58,0.0,1.0000000000000002,0.9626708520262837,,3,TASK_ONLY_ADDED
282,372,0.0,1.0000000000000002,0.9914253221218805,,3,TASK_ONLY_ADDED
282,534,0.0,1.0000000000000002,0.984939926098186,,3,TASK_ONLY_ADDED
283,29,0.0,1.0000000000000002,0.9448048956602463,,3,TASK_ONLY_ADDED
283,32,0.0,1.0000000000000002,0.9774601117504339,,3,TASK_ONLY_ADDED
283,37,0.0,1.0000000000000002,0.9603486402773849,,3,TASK_ONLY_ADDED
284,106,0.0,1.0000000000000002,0.9557478135849817,,3,TASK_ONLY_ADDED
284,345,0.0,1.0000000000000002,0.9042739755922512,,3,TASK_ONLY_ADDED
284,396,0.0,1.0000000000000002,0.964678458555335,,3,TASK_ONLY_ADDED
285,121,0.0,1.0000000000000002,0.9236776988468214,,3,TASK_ONLY_ADDED
285,127,0.0,1.0000000000000002,0.906065719434355,,3,TASK_ONLY_ADDED
285,138,0.0,1.0000000000000002,0.9528205427326275,,3,TASK_ONLY_ADDED
286,16,0.0,1.0000000000000002,0.99059701300228,,6,TASK_ONLY_ADDED
286,106,0.0,1.0000000000000002,0.9707200695264379,,3,TASK_ONLY_ADDED
286,132,0.0,1.0000000000000002,0.9320319881107629,,3,TASK_ONLY_ADDED
287,38,0.0,1.0000000000000002,0.9132774767636941,,3,TASK_ONLY_ADDED
287,55,0.0,1.0000000000000002,0.9164143632932545,,3,TASK_ONLY_ADDED
287,110,0.0,1.0000000000000002,0.9506649221269817,,6,TASK_ONLY_ADDED
288,74,0.0,1.0000000000000002,0.9629623022018099,,3,TASK_ONLY_ADDED
288,84,0.0,1.0000000000000002,0.9403660397697555,,3,TASK_ONLY_ADDED
288,94,0.0,1.0000000000000002,0.9616716983719,,3,TASK_ONLY_ADDED
289,106,0.0,1.0000000000000002,0.9790441276891704,,3,TASK_ONLY_ADDED
289,573,0.0,1.0000000000000002,0.9857427302986869,,3,TASK_ONLY_ADDED
289,132,0.0,1.0,0.969417979602772,,4,TASK_ONLY_ADDED
290,40,0.0,1.0000000000000002,0.9402194277959586,,3,TASK_ONLY_ADDED
290,66,0.0,1.0000000000000002,0.9824636481796526,,3,TASK_ONLY_ADDED
290,68,0.0,1.0000000000000002,0.9605311298066502,,3,TASK_ONLY_ADDED
291,152,0.0,1.0000000000000002,0.9794193485015635,,3,TASK_ONLY_ADDED
291,189,0.0,1.0000000000000002,0.9771853370611884,,3,TASK_ONLY_ADDED
291,202,0.0,1.0000000000000002,0.9806790827122713,,6,TASK_ONLY_ADDED
292,177,0.0,1.0000000000000002,0.9528205427326275,,3,TASK_ONLY_ADDED
292,254,0.0,1.0000000000000002,0.8985983612833005,,5,TASK_ONLY_ADDED
292,261,0.0,1.0000000000000002,,,3,TASK_ONLY_ADDED
293,173,0.0,1.0000000000000002,0.9901368257104359,,3,TASK_ONLY_ADDED
293,642,0.0,1.0000000000000002,0.9869759304817612,,3,TASK_ONLY_ADDED
293,629,0.0,1.0,0.8837484684811505,,3,TASK_ONLY_ADDED
294,215,0.0,1.0000000000000002,0.9631962429360511,,3,TASK_ONLY_ADDED
294,240,0.0,1.0000000000000002,0.9743061553295981,,3,TASK_ONLY_ADDED
294,324,0.0,1.0000000000000002,0.9317831858900489,,6,TASK_ONLY_ADDED
295,154,0.0,1.0000000000000002,0.9360128771131792,,3,TASK_ONLY_ADDED
295,211,0.0,1.0000000000000002,0.9613390275568126,,6,TASK_ONLY_ADDED
295,545,0.0,1.0000000000000002,0.9523030798455252,,6,TASK_ONLY_ADDED
296,20,0.0,1.0000000000000002,1.0,,3,TASK_ONLY_ADDED
296,194,0.0,1.0000000000000002,1.0,,3,TASK_ONLY_ADDED
296,210,0.0,1.0000000000000002,0.9770930325106809,,3,TASK_ONLY_ADDED
297,18,0.0,1.0000000000000002,0.9228086518983989,,3,TASK_ONLY_ADDED
297,30,0.0,1.0000000000000002,0.9806790796372915,,3,TASK_ONLY_ADDED
297,55,0.0,1.0000000000000002,0.9229512847935913,,3,TASK_ONLY_ADDED
298,14,0.0,1.0000000000000002,,,6,TASK_ONLY_ADDED
298,17,0.0,1.0000000000000002,,,6,TASK_ONLY_ADDED
298,26,0.0,1.0000000000000002,,,3,TASK_ONLY_ADDED
299,394,0.0,1.0000000000000002,0.9402194277959586,,3,TASK_ONLY_ADDED
299,550,0.0,1.0000000000000002,0.9313088144926843,,3,TASK_ONLY_ADDED
299,597,0.0,1.0000000000000002,0.9487238660456732,,3,TASK_ONLY_ADDED
300,14,0.0,1.0000000000000002,0.9499447914413314,,3,TASK_ONLY_ADDED
300,173,0.0,1.0000000000000002,0.9732635544129444,,3,TASK_ONLY_ADDED
300,197,0.0,1.0000000000000002,0.9616716968792609,,3,TASK_ONLY_ADDED
301,71,0.0,1.0000000000000002,0.9487238655654072,,3,TASK_ONLY_ADDED
301,72,0.0,1.0000000000000002,0.9080203346452346,,5,TASK_ONLY_ADDED
301,79,0.0,1.0000000000000002,0.9806790815403282,,3,TASK_ONLY_ADDED
302,87,0.0,1.0000000000000002,0.9616716928623402,,3,TASK_ONLY_ADDED
302,173,0.0,1.0000000000000002,0.9781648201245466,,3,TASK_ONLY_ADDED
302,178,0.0,1.0000000000000002,0.9370425221964798,,3,TASK_ONLY_ADDED
303,108,0.0,1.0000000000000002,0.954500584269406,,4,TASK_ONLY_ADDED
303,143,0.0,1.0000000000000002,0.954500584269406,,3,TASK_ONLY_ADDED
303,161,0.0,1.0000000000000002,0.8742438208027616,,3,TASK_ONLY_ADDED
304,296,0.0,1.0000000000000002,0.9623825726019074,,3,TASK_ONLY_ADDED
304,300,0.0,1.0000000000000002,0.9432700582715852,,3,TASK_ONLY_ADDED
304,569,0.0,0.9761870601839528,0.9623825726019074,,5,TASK_ONLY_ADDED
305,66,0.0,1.0000000000000002,0.9616716957450109,,6,TASK_ONLY_ADDED
305,74,0.0,1.0000000000000002,0.9629623006580945,,3,TASK_ONLY_ADDED
305,152,0.0,1.0000000000000002,0.9475989095999078,,3,TASK_ONLY_ADDED
306,14,0.0,1.0000000000000002,0.9638048073533863,,9,TASK_ONLY_ADDED
306,32,0.0,1.0000000000000002,0.9999999999999973,,3,TASK_ONLY_ADDED
306,71,0.0,1.0000000000000002,0.9451908027897375,,3,TASK_ONLY_ADDED
307,567,0.0,1.0,0.8495286350240325,,4,TASK_ONLY_ADDED
307,75,0.0,0.9622504486493763,0.9667851703438807,,3,TASK_ONLY_ADDED
307,71,0.0,0.9128709291752769,0.8896161501100203,,4,TASK_ONLY_ADDED
308,14,0.0,1.0000000000000002,0.9688240436981679,,3,TASK_ONLY_ADDED
308,15,0.0,1.0000000000000002,1.0,,3,TASK_ONLY_ADDED
308,16,0.0,1.0000000000000002,0.9639813098116331,,3,TASK_ONLY_ADDED
309,46,0.0,1.0000000000000002,0.9999999999999971,,3,TASK_ONLY_ADDED
309,59,0.0,1.0000000000000002,0.9666078182358451,,3,TASK_ONLY_ADDED
309,63,0.0,1.0000000000000002,0.9581886674144265,,3,TASK_ONLY_ADDED
310,434,0.0,1.0,0.871974801358664,,3,TASK_ONLY_ADDED
310,536,0.0,1.0,0.9034591053861829,,3,TASK_ONLY_ADDED
310,641,0.0,1.0,0.9360128746167627,,3,TASK_ONLY_ADDED
311,33,0.0,1.0000000000000002,0.9013530189993969,,3,TASK_ONLY_ADDED
311,424,0.0,1.0000000000000002,0.8091466909719999,,3,TASK_ONLY_ADDED
311,524,0.0,1.0000000000000002,0.9082293607568065,,3,TASK_ONLY_ADDED
312,40,0.0,1.0000000000000002,0.9244060999415249,,3,TASK_ONLY_ADDED
312,75,0.0,1.0000000000000002,0.9173462722331949,,3,TASK_ONLY_ADDED
312,90,0.0,1.0000000000000002,0.9794193454726551,,3,TASK_ONLY_ADDED
313,18,0.0,1.0000000000000002,0.9163826354807318,,3,TASK_ONLY_ADDED
313,23,0.0,1.0000000000000002,0.964863094428741,,3,TASK_ONLY_ADDED
313,34,0.0,1.0000000000000002,0.9865432291009868,,3,TASK_ONLY_ADDED
314,120,0.0,1.0000000000000002,0.983791858145591,,3,TASK_ONLY_ADDED
314,364,0.0,1.0,0.9999999999999951,,4,TASK_ONLY_ADDED
314,254,0.0,0.9999999999999998,0.8159483068272138,,4,TASK_ONLY_ADDED
315,29,0.0,1.0000000000000002,0.9751990842123228,,3,TASK_ONLY_ADDED
315,106,0.0,1.0000000000000002,0.9655981743258916,,3,TASK_ONLY_ADDED
315,120,0.0,1.0000000000000002,0.9423082429597318,,3,TASK_ONLY_ADDED
316,29,0.0,1.0000000000000002,0.8927994011316964,,3,TASK_ONLY_ADDED
316,43,0.0,1.0000000000000002,0.8676103597844186,,3,TASK_ONLY_ADDED
316,51,0.0,1.0000000000000002,0.897487921976047,,3,TASK_ONLY_ADDED
317,298,0.0,1.0000000000000002,,,3,TASK_ONLY_ADDED
317,350,0.0,1.0000000000000002,0.9752648315582428,,3,TASK_ONLY_ADDED
317,357,0.0,1.0000000000000002,0.8474305809399354,,3,TASK_ONLY_ADDED
318,30,0.0,1.0000000000000002,0.9806790796372915,,6,TASK_ONLY_ADDED
318,46,0.0,1.0000000000000002,0.9790441209189363,,3,TASK_ONLY_ADDED
318,53,0.0,1.0000000000000002,0.9790441199157232,,3,TASK_ONLY_ADDED
319,68,0.0,1.0000000000000002,0.9648630963281907,,3,TASK_ONLY_ADDED
319,86,0.0,1.0000000000000002,0.9026000294166512,,3,TASK_ONLY_ADDED
319,93,0.0,1.0000000000000002,0.9746680092496635,,3,TASK_ONLY_ADDED
320,23,0.0,1.0000000000000002,0.9449249758444621,,3,TASK_ONLY_ADDED
320,29,0.0,1.0000000000000002,0.982176859133782,,3,TASK_ONLY_ADDED
320,38,0.0,1.0000000000000002,0.93903799414597,,3,TASK_ONLY_ADDED
321,133,0.0,1.0000000000000002,0.9719957860641746,,3,TASK_ONLY_ADDED
321,347,0.0,1.0000000000000002,0.969117215929698,,3,TASK_ONLY_ADDED
321,417,0.0,1.0000000000000002,0.9622913981732156,,3,TASK_ONLY_ADDED
322,243,0.0,1.0000000000000002,0.9394272389694768,,3,TASK_ONLY_ADDED
322,262,0.0,1.0000000000000002,0.9732098905529422,,3,TASK_ONLY_ADDED
322,515,0.0,1.0000000000000002,0.9394272405731824,,3,TASK_ONLY_ADDED
323,16,0.0,1.0000000000000002,0.8795948360675132,,3,TASK_ONLY_ADDED
323,32,0.0,1.0000000000000002,0.9755729007671314,,3,TASK_ONLY_ADDED
323,37,0.0,1.0000000000000002,0.9755552981750494,,3,TASK_ONLY_ADDED
324,55,0.0,1.0000000000000002,0.9439082295609047,,3,TASK_ONLY_ADDED
324,120,0.0,1.0000000000000002,0.9114770919236537,,3,TASK_ONLY_ADDED
324,128,0.0,1.0000000000000002,0.9030862648649558,,3,TASK_ONLY_ADDED
325,134,0.0,1.0000000000000002,0.9417807853569826,,3,TASK_ONLY_ADDED
325,189,0.0,1.0000000000000002,0.9676359237450649,,3,TASK_ONLY_ADDED
325,272,0.0,1.0000000000000002,,,6,TASK_ONLY_ADDED
326,434,0.0,1.0,0.9175789019109696,,3,TASK_ONLY_ADDED
326,755,0.0,1.0,0.943270058627127,,4,TASK_ONLY_ADDED
326,696,0.0,0.9438798074485389,0.9475988992454887,,9,TASK_ONLY_ADDED
327,113,0.0,1.0000000000000002,0.8101096715725133,,3,TASK_ONLY_ADDED
327,135,0.0,1.0000000000000002,0.9392892939818961,,3,TASK_ONLY_ADDED
327,143,0.0,1.0000000000000002,0.9557478104089453,,6,TASK_ONLY_ADDED
328,159,0.0,1.0000000000000002,0.9352165820534446,,3,TASK_ONLY_ADDED
328,405,0.0,1.0000000000000002,0.9633150259944552,,3,TASK_ONLY_ADDED
328,498,0.0,1.0000000000000002,,,3,TASK_ONLY_ADDED
329,16,0.0,1.0000000000000002,0.939443920607034,,6,TASK_ONLY_ADDED
329,23,0.0,1.0000000000000002,0.9336004948999246,,12,TASK_ONLY_ADDED
329,46,0.0,1.0000000000000002,0.9778662355999713,,6,TASK_ONLY_ADDED
330,16,0.0,1.0000000000000002,0.9639813098116331,,3,TASK_ONLY_ADDED
330,76,0.0,1.0000000000000002,0.9132528984426408,,3,TASK_ONLY_ADDED
330,94,0.0,1.0000000000000002,1.0,,3,TASK_ONLY_ADDED
331,28,0.0,1.0000000000000002,0.8824477311102815,,3,TASK_ONLY_ADDED
331,54,0.0,1.0000000000000002,0.8600002983922146,,3,TASK_ONLY_ADDED
331,104,0.0,1.0000000000000002,0.9666177506468299,,3,TASK_ONLY_ADDED
332,57,0.0,1.0000000000000002,0.9639813057502855,,3,TASK_ONLY_ADDED
332,135,0.0,1.0000000000000002,0.962720391122974,,3,TASK_ONLY_ADDED
332,200,0.0,1.0000000000000002,0.9557478084281137,,3,TASK_ONLY_ADDED
333,37,0.0,1.0000000000000002,0.9521378578349032,,3,TASK_ONLY_ADDED
333,46,0.0,1.0000000000000002,0.8612187163214945,,3,TASK_ONLY_ADDED
333,49,0.0,1.0000000000000002,0.9034138270504697,,4,TASK_ONLY_ADDED
334,84,0.0,1.0000000000000002,0.964202264283726,,3,TASK_ONLY_ADDED
334,133,0.0,1.0000000000000002,0.9714202986268714,,4,TASK_ONLY_ADDED
334,134,0.0,1.0000000000000002,0.9417807784393782,,3,TASK_ONLY_ADDED
335,93,0.0,1.0000000000000002,0.9036833999421789,,3,TASK_ONLY_ADDED
335,228,0.0,1.0000000000000002,0.9088589879960671,,3,TASK_ONLY_ADDED
335,242,0.0,1.0000000000000002,0.9528517127291052,,3,TASK_ONLY_ADDED
336,33,0.0,1.0000000000000002,0.9598696643946469,,3,TASK_ONLY_ADDED
336,35,0.0,1.0000000000000002,0.9542198918758594,,3,TASK_ONLY_ADDED
336,45,0.0,1.0000000000000002,0.9869759310614805,,3,TASK_ONLY_ADDED
337,75,0.0,1.0000000000000002,0.9422220987169725,,3,TASK_ONLY_ADDED
337,296,0.0,1.0000000000000002,1.0,,4,TASK_ONLY_ADDED
337,345,0.0,1.0000000000000002,0.9042739755922512,,6,TASK_ONLY_ADDED
338,38,0.0,1.0000000000000002,0.9608913242759989,,3,TASK_ONLY_ADDED
338,530,0.0,1.0000000000000002,0.9559169902695946,,4,TASK_ONLY_ADDED
338,534,0.0,1.0000000000000002,0.9150602224758246,,3,TASK_ONLY_ADDED
339,527,0.0,1.0000000000000002,0.93045651568795,,3,TASK_ONLY_ADDED
339,622,0.0,1.0000000000000002,0.9760227005951411,,3,TASK_ONLY_ADDED
339,697,0.0,1.0000000000000002,0.9462238196970443,,3,TASK_ONLY_ADDED
340,13,0.0,1.0000000000000002,,,3,TASK_ONLY_ADDED
340,58,0.0,1.0000000000000002,0.9534830857474451,,3,TASK_ONLY_ADDED
340,95,0.0,1.0000000000000002,0.9385487604084403,,3,TASK_ONLY_ADDED
341,23,0.0,1.0000000000000002,0.9719953820759811,,3,TASK_ONLY_ADDED
341,25,0.0,1.0000000000000002,0.9094489884148996,,3,TASK_ONLY_ADDED
341,27,0.0,1.0000000000000002,0.9484784293383717,,3,TASK_ONLY_ADDED
342,132,0.0,1.0000000000000002,0.9487238626033769,,3,TASK_ONLY_ADDED
342,403,0.0,1.0000000000000002,1.0,,3,TASK_ONLY_ADDED
342,601,0.0,1.0000000000000002,0.9824636492987208,,3,TASK_ONLY_ADDED
343,32,0.0,1.0000000000000002,0.9521888597067126,,3,TASK_ONLY_ADDED
343,41,0.0,1.0000000000000002,0.9701466759824434,,3,TASK_ONLY_ADDED
343,110,0.0,1.0000000000000002,0.95492950438482,,3,TASK_ONLY_ADDED
344,18,0.0,1.0000000000000002,0.9835250293369866,,3,TASK_ONLY_ADDED
344,62,0.0,1.0000000000000002,0.9530258004369163,,3,TASK_ONLY_ADDED
344,63,0.0,1.0000000000000002,0.8847764010978841,,3,TASK_ONLY_ADDED
345,12,0.0,1.0000000000000002,0.9042739755922512,,3,TASK_ONLY_ADDED
345,13,0.0,1.0000000000000002,,,6,TASK_ONLY_ADDED
345,53,0.0,1.0000000000000002,0.8101096761631685,,3,TASK_ONLY_ADDED
346,26,0.0,1.0000000000000002,0.9999999999999989,,6,TASK_ONLY_ADDED
346,46,0.0,1.0000000000000002,0.9790441223539599,,3,TASK_ONLY_ADDED
346,100,0.0,1.0000000000000002,0.9857583735640322,,6,TASK_ONLY_ADDED
347,71,0.0,1.0000000000000002,0.8974879262318173,,3,TASK_ONLY_ADDED
347,89,0.0,1.0000000000000002,0.9302621472353025,,3,TASK_ONLY_ADDED
347,90,0.0,1.0000000000000002,0.9639813098116331,,3,TASK_ONLY_ADDED
348,108,0.0,0.9999999999999998,0.9409512547067033,,3,TASK_ONLY_ADDED
348,226,0.0,0.9999999999999998,0.9566510191789974,,3,TASK_ONLY_ADDED
348,318,0.0,0.9999999999999998,0.9410522261898717,,3,TASK_ONLY_ADDED
349,13,0.0,1.0000000000000002,,,3,TASK_ONLY_ADDED
349,26,0.0,1.0000000000000002,0.9799891034543551,,3,TASK_ONLY_ADDED
349,37,0.0,1.0000000000000002,0.9910275310170009,,3,TASK_ONLY_ADDED
350,261,0.0,1.0000000000000002,,,3,TASK_ONLY_ADDED
350,317,0.0,1.0000000000000002,0.9752648315582428,,3,TASK_ONLY_ADDED
350,349,0.0,1.0000000000000002,0.9209441222980365,,3,TASK_ONLY_ADDED
351,129,0.0,1.0,0.9560409177072542,,3,TASK_ONLY_ADDED
351,474,0.0,1.0,0.9721761608721033,,5,TASK_ONLY_ADDED
351,277,0.0,0.9999999999999998,0.9790441210929474,,3,TASK_ONLY_ADDED
352,403,0.0,0.9428090415820635,0.9699713572266225,,3,TASK_ONLY_ADDED
352,214,0.0,0.8660254037844387,0.9765540780025761,,3,TASK_ONLY_ADDED
352,284,0.0,0.8660254037844387,0.9699713572266225,,3,TASK_ONLY_ADDED
353,40,0.0,1.0000000000000002,0.9487238660456732,,3,TASK_ONLY_ADDED
353,105,0.0,1.0000000000000002,0.9464225410113238,,6,TASK_ONLY_ADDED
353,131,0.0,1.0000000000000002,0.9865432291009868,,3,TASK_ONLY_ADDED
354,13,0.0,1.0000000000000002,,,3,TASK_ONLY_ADDED
354,17,0.0,1.0000000000000002,0.9265269144557784,,3,TASK_ONLY_ADDED
354,36,0.0,1.0000000000000002,0.9081176149004752,,3,TASK_ONLY_ADDED
355,59,0.0,1.0000000000000002,0.9004262919620052,,3,TASK_ONLY_ADDED
355,63,0.0,1.0000000000000002,0.8860247141839579,,3,TASK_ONLY_ADDED
355,80,0.0,1.0000000000000002,0.9478675140998328,,3,TASK_ONLY_ADDED
356,50,0.0,1.0000000000000002,0.9304305915947189,,3,TASK_ONLY_ADDED
356,65,0.0,1.0000000000000002,0.9284595310058533,,3,TASK_ONLY_ADDED
356,94,0.0,1.0000000000000002,0.9705116872099708,,3,TASK_ONLY_ADDED
357,30,0.0,1.0000000000000002,0.9420432272481446,,3,TASK_ONLY_ADDED
357,46,0.0,1.0000000000000002,0.9033274090450031,,3,TASK_ONLY_ADDED
357,87,0.0,1.0000000000000002,0.9471347146661089,,6,TASK_ONLY_ADDED
358,42,0.0,1.0000000000000002,0.9729520835352083,,3,TASK_ONLY_ADDED
358,512,0.0,1.0000000000000002,0.9660852663087849,,6,TASK_ONLY_ADDED
358,693,0.0,1.0,0.9149883379234898,,5,TASK_ONLY_ADDED
359,336,0.0,1.0000000000000002,0.960170060971651,,3,TASK_ONLY_ADDED
359,29,0.0,1.0,0.8803606170424061,,4,TASK_ONLY_ADDED
359,398,0.0,1.0,0.9486755164630005,,4,TASK_ONLY_ADDED
360,66,0.0,1.0000000000000002,0.956703126436246,,3,TASK_ONLY_ADDED
360,134,0.0,1.0000000000000002,0.9430061439312579,,3,TASK_ONLY_ADDED
360,177,0.0,1.0000000000000002,0.956703126436246,,3,TASK_ONLY_ADDED
361,120,0.0,1.0000000000000002,0.9710389710354888,,3,TASK_ONLY_ADDED
361,135,0.0,1.0000000000000002,0.8741743153775632,,3,TASK_ONLY_ADDED
361,171,0.0,1.0000000000000002,0.9487238649631617,,6,TASK_ONLY_ADDED
362,23,0.0,1.0000000000000002,0.9212287412657496,,12,TASK_ONLY_ADDED
362,27,0.0,1.0000000000000002,0.9765532415395195,,3,TASK_ONLY_ADDED
362,29,0.0,1.0000000000000002,0.963900054067087,,3,TASK_ONLY_ADDED
363,110,0.0,1.0000000000000002,0.9472071505319433,,3,TASK_ONLY_ADDED
363,131,0.0,1.0000000000000002,0.9605311298066502,,3,TASK_ONLY_ADDED
363,132,0.0,1.0000000000000002,0.940219426955068,,3,TASK_ONLY_ADDED
364,13,0.0,1.0000000000000002,,,3,TASK_ONLY_ADDED
364,15,0.0,1.0000000000000002,0.9567031284378285,,3,TASK_ONLY_ADDED
364,70,0.0,1.0000000000000002,0.9492484885305356,,3,TASK_ONLY_ADDED
365,19,0.0,1.0000000000000002,0.9246351728232438,,3,TASK_ONLY_ADDED
365,51,0.0,1.0000000000000002,0.9277969426641163,,3,TASK_ONLY_ADDED
365,132,0.0,1.0000000000000002,0.9277969413135052,,3,TASK_ONLY_ADDED
366,343,0.0,1.0000000000000002,0.9316402759531217,,3,TASK_ONLY_ADDED
366,403,0.0,1.0000000000000002,0.9824636475033198,,3,TASK_ONLY_ADDED
366,254,0.0,0.9999999999999998,0.9012377952016335,,4,TASK_ONLY_ADDED
367,373,0.0,1.0000000000000002,0.9413488724064677,,3,TASK_ONLY_ADDED
367,699,0.0,1.0000000000000002,0.9646784549013525,,3,TASK_ONLY_ADDED
367,559,0.0,0.944911182523068,0.9225706340696603,,4,TASK_ONLY_ADDED
368,51,0.0,1.0000000000000002,,,3,TASK_ONLY_ADDED
368,356,0.0,1.0000000000000002,,,3,TASK_ONLY_ADDED
368,377,0.0,1.0000000000000002,,,3,TASK_ONLY_ADDED
369,295,0.0,0.9525793444156805,0.981737250829681,,3,TASK_ONLY_ADDED
369,415,0.0,0.9525793444156805,0.8979584274790771,,3,TASK_ONLY_ADDED
369,441,0.0,0.9525793444156805,0.9862283740133155,,3,TASK_ONLY_ADDED
370,23,0.0,1.0000000000000002,0.9617603183065548,,3,TASK_ONLY_ADDED
370,76,0.0,1.0000000000000002,0.8986340305487921,,3,TASK_ONLY_ADDED
370,86,0.0,1.0000000000000002,0.9379292735804826,,3,TASK_ONLY_ADDED
371,23,0.0,1.0000000000000002,0.9183318960221143,,6,TASK_ONLY_ADDED
371,42,0.0,1.0000000000000002,0.9471862825714807,,3,TASK_ONLY_ADDED
371,45,0.0,1.0000000000000002,0.9094489907254234,,6,TASK_ONLY_ADDED
372,51,0.0,1.0000000000000002,0.9479143107901864,,3,TASK_ONLY_ADDED
372,63,0.0,1.0000000000000002,0.9914253223959212,,3,TASK_ONLY_ADDED
372,89,0.0,1.0000000000000002,0.9727776292189498,,6,TASK_ONLY_ADDED
373,12,0.0,1.0000000000000002,0.9478675139284609,,3,TASK_ONLY_ADDED
373,26,0.0,1.0000000000000002,0.9453174433564159,,3,TASK_ONLY_ADDED
373,35,0.0,1.0000000000000002,0.9599929198343055,,3,TASK_ONLY_ADDED
374,32,0.0,1.0000000000000002,0.961120586841919,,3,TASK_ONLY_ADDED
374,42,0.0,1.0000000000000002,0.9420432252655582,,6,TASK_ONLY_ADDED
374,49,0.0,1.0000000000000002,0.9623825726019074,,3,TASK_ONLY_ADDED
375,168,0.0,1.0000000000000002,0.9206238707871092,,6,TASK_ONLY_ADDED
375,195,0.0,1.0000000000000002,0.8910257680163831,,4,TASK_ONLY_ADDED
375,261,0.0,1.0000000000000002,,,3,TASK_ONLY_ADDED
376,23,0.0,1.0000000000000002,0.8989094996018968,,3,TASK_ONLY_ADDED
376,41,0.0,1.0000000000000002,0.9160377365177618,,3,TASK_ONLY_ADDED
376,59,0.0,1.0000000000000002,0.9646072574379816,,3,TASK_ONLY_ADDED
377,40,0.0,1.0000000000000002,0.9124637393912639,,3,TASK_ONLY_ADDED
377,139,0.0,1.0000000000000002,0.9124637386395796,,3,TASK_ONLY_ADDED
377,215,0.0,1.0000000000000002,0.9580102215745835,,3,TASK_ONLY_ADDED
378,38,0.0,1.0000000000000002,0.9711218864599254,,3,TASK_ONLY_ADDED
378,100,0.0,1.0000000000000002,0.946532001516593,,6,TASK_ONLY_ADDED
378,117,0.0,1.0000000000000002,0.9173866195380518,,6,TASK_ONLY_ADDED
379,135,0.0,1.0000000000000002,0.9444332443497199,,3,TASK_ONLY_ADDED
379,139,0.0,1.0000000000000002,0.9451908027383276,,3,TASK_ONLY_ADDED
379,189,0.0,1.0000000000000002,0.9159452700938385,,3,TASK_ONLY_ADDED
380,31,0.0,1.0000000000000002,0.7662325847012265,,3,TASK_ONLY_ADDED
380,40,0.0,1.0000000000000002,0.8396161567210237,,3,TASK_ONLY_ADDED
380,41,0.0,1.0000000000000002,0.9019514238640561,,3,TASK_ONLY_ADDED
381,190,0.0,1.0000000000000002,0.9212009872440098,,3,TASK_ONLY_ADDED
381,202,0.0,1.0000000000000002,0.9696002845035104,,3,TASK_ONLY_ADDED
381,604,0.0,1.0000000000000002,0.9693489209151397,,3,TASK_ONLY_ADDED
382,132,0.0,1.0000000000000002,0.9537004294283254,,3,TASK_ONLY_ADDED
382,699,0.0,1.0000000000000002,0.9528205427326275,,3,TASK_ONLY_ADDED
382,483,0.0,1.0,0.927874070484547,,4,TASK_ONLY_ADDED
383,23,0.0,1.0000000000000002,0.9449249734410968,,6,TASK_ONLY_ADDED
383,30,0.0,1.0000000000000002,0.9528205444864399,,3,TASK_ONLY_ADDED
383,31,0.0,1.0000000000000002,0.9111476637402248,,3,TASK_ONLY_ADDED
384,94,0.0,1.0000000000000002,1.0,,3,TASK_ONLY_ADDED
384,119,0.0,1.0000000000000002,1.0,,3,TASK_ONLY_ADDED
384,189,0.0,1.0000000000000002,0.9771853370611884,,3,TASK_ONLY_ADDED
385,23,0.0,1.0000000000000002,0.9315392492335112,,6,TASK_ONLY_ADDED
385,32,0.0,1.0000000000000002,0.9591219138615081,,3,TASK_ONLY_ADDED
385,41,0.0,1.0000000000000002,0.9822760249403326,,3,TASK_ONLY_ADDED
386,46,0.0,1.0000000000000002,0.9256560511960875,,6,TASK_ONLY_ADDED
386,113,0.0,1.0000000000000002,0.7269807091440489,,6,TASK_ONLY_ADDED
386,119,0.0,1.0000000000000002,0.9265269130239643,,3,TASK_ONLY_ADDED
387,685,0.0,0.9561828874675149,0.9051753866614726,,4,TASK_ONLY_ADDED
387,325,0.0,0.9525793444156805,0.9453174438792368,,3,TASK_ONLY_ADDED
387,52,0.0,0.9428090415820635,0.9051753836650187,,3,TASK_ONLY_ADDED
388,703,0.0,1.0,0.9246351728232438,,5,TASK_ONLY_ADDED
388,303,0.0,0.944911182523068,0.8742438240848712,,6,TASK_ONLY_ADDED
388,596,0.0,0.903696114115064,0.9246351728232438,,4,TASK_ONLY_ADDED
389,23,0.0,1.0000000000000002,0.9191435246032201,,3,TASK_ONLY_ADDED
389,35,0.0,1.0000000000000002,0.9118947370526101,,3,TASK_ONLY_ADDED
389,57,0.0,1.0000000000000002,0.8265909651311402,,3,TASK_ONLY_ADDED
390,663,0.0,1.0,0.968766622861437,,4,TASK_ONLY_ADDED
390,44,0.0,0.9999999999999998,0.9734366041618421,,3,TASK_ONLY_ADDED
390,233,0.0,0.9999999999999998,0.961120586841919,,4,TASK_ONLY_ADDED
391,15,0.0,1.0000000000000002,0.9246351648989052,,6,TASK_ONLY_ADDED
391,23,0.0,1.0000000000000002,0.9424688888625141,,3,TASK_ONLY_ADDED
391,41,0.0,1.0000000000000002,0.9521378526210955,,3,TASK_ONLY_ADDED
392,25,0.0,1.0000000000000002,0.9094489884608993,,6,TASK_ONLY_ADDED
392,32,0.0,1.0000000000000002,0.9560409140723891,,3,TASK_ONLY_ADDED
392,46,0.0,1.0000000000000002,0.9790441205750048,,3,TASK_ONLY_ADDED
393,271,0.0,1.0000000000000002,0.9407116357606246,,8,TASK_ONLY_ADDED
393,320,0.0,1.0000000000000002,0.9449249723542481,,3,TASK_ONLY_ADDED
393,601,0.0,1.0000000000000002,0.9323048324439261,,3,TASK_ONLY_ADDED
394,15,0.0,1.0000000000000002,0.9824636481796526,,6,TASK_ONLY_ADDED
394,30,0.0,1.0000000000000002,0.9824636473440188,,3,TASK_ONLY_ADDED
394,36,0.0,1.0000000000000002,1.0000000000000002,,6,TASK_ONLY_ADDED
395,35,0.0,1.0000000000000002,0.9755552988906822,,3,TASK_ONLY_ADDED
395,36,0.0,1.0000000000000002,0.9697168215395813,,6,TASK_ONLY_ADDED
395,51,0.0,1.0000000000000002,0.9830461599094031,,3,TASK_ONLY_ADDED
396,26,0.0,1.0000000000000002,0.956195816260457,,3,TASK_ONLY_ADDED
396,31,0.0,1.0000000000000002,0.9305804532834214,,3,TASK_ONLY_ADDED
396,35,0.0,1.0000000000000002,0.9403748552243448,,6,TASK_ONLY_ADDED
397,41,0.0,1.0000000000000002,0.9204250236587856,,3,TASK_ONLY_ADDED
397,67,0.0,1.0000000000000002,0.9726106377953639,,3,TASK_ONLY_ADDED
397,127,0.0,1.0000000000000002,0.8658254445698397,,3,TASK_ONLY_ADDED
398,26,0.0,1.0000000000000002,0.98472671509803,,6,TASK_ONLY_ADDED
398,38,0.0,1.0000000000000002,0.936081707731124,,3,TASK_ONLY_ADDED
398,41,0.0,1.0000000000000002,0.9776822449822462,,3,TASK_ONLY_ADDED
399,303,0.0,1.0,0.954500584269406,,4,TASK_ONLY_ADDED
399,741,0.0,1.0,1.0,,4,TASK_ONLY_ADDED
399,756,0.0,0.9999999999999998,,,3,TASK_ONLY_ADDED
400,154,0.0,1.0000000000000002,0.9547399562757892,,3,TASK_ONLY_ADDED
400,168,0.0,1.0000000000000002,0.9521378554233247,,3,TASK_ONLY_ADDED
400,209,0.0,1.0000000000000002,0.9714323363481129,,3,TASK_ONLY_ADDED
401,389,0.0,1.0000000000000002,0.8655891364691607,,6,TASK_ONLY_ADDED
401,569,0.0,1.0000000000000002,0.9865432291009868,,3,TASK_ONLY_ADDED
401,573,0.0,1.0000000000000002,0.9649465345787552,,3,TASK_ONLY_ADDED
402,38,0.0,1.0000000000000002,0.8310357569337202,,3,TASK_ONLY_ADDED
402,84,0.0,1.0000000000000002,0.9515286939922268,,3,TASK_ONLY_ADDED
402,120,0.0,1.0000000000000002,0.9460323716615451,,3,TASK_ONLY_ADDED
403,342,0.0,1.0000000000000002,1.0,,3,TASK_ONLY_ADDED
403,366,0.0,1.0000000000000002,0.9824636475033198,,3,TASK_ONLY_ADDED
403,400,0.0,1.0000000000000002,0.9787128264812415,,3,TASK_ONLY_ADDED
404,153,0.0,0.9707253433941511,0.9344037513320397,,4,TASK_ONLY_ADDED
404,521,0.0,0.9622504486493763,0.9738004446010414,,3,TASK_ONLY_ADDED
404,437,0.0,0.9428090415820632,0.9840272977154946,,3,TASK_ONLY_ADDED
405,39,0.0,1.0000000000000002,0.9806790805725801,,3,TASK_ONLY_ADDED
405,40,0.0,1.0000000000000002,0.9487238660456732,,3,TASK_ONLY_ADDED
405,62,0.0,1.0000000000000002,0.9547094758106197,,3,TASK_ONLY_ADDED
406,59,0.0,1.0000000000000002,0.9634333252518695,,5,TASK_ONLY_ADDED
406,118,0.0,1.0000000000000002,0.9722351515072449,,3,TASK_ONLY_ADDED
406,263,0.0,1.0000000000000002,0.9412879791747596,,3,TASK_ONLY_ADDED
407,42,0.0,1.0000000000000002,0.9033274073900048,,6,TASK_ONLY_ADDED
407,59,0.0,1.0000000000000002,0.9666078155130635,,3,TASK_ONLY_ADDED
407,152,0.0,1.0000000000000002,0.9650727957528377,,3,TASK_ONLY_ADDED
408,636,0.0,1.0000000000000002,0.9655410129675851,,3,TASK_ONLY_ADDED
408,192,0.0,0.9999999999999998,0.9503441939477142,,3,TASK_ONLY_ADDED
408,263,0.0,0.9428090415820635,0.9385487617544609,,3,TASK_ONLY_ADDED
409,13,0.0,1.0000000000000002,,,3,TASK_ONLY_ADDED
409,20,0.0,1.0000000000000002,0.9556038152687779,,3,TASK_ONLY_ADDED
409,25,0.0,1.0000000000000002,0.8772943583208148,,3,TASK_ONLY_ADDED
410,41,0.0,1.0000000000000002,0.9701466759824434,,7,TASK_ONLY_ADDED
410,113,0.0,1.0000000000000002,0.8722485683903559,,6,TASK_ONLY_ADDED
410,120,0.0,1.0000000000000002,0.9376164708418112,,3,TASK_ONLY_ADDED
411,29,0.0,1.0000000000000002,0.9350632902769336,,3,TASK_ONLY_ADDED
411,41,0.0,1.0000000000000002,0.984449641882598,,6,TASK_ONLY_ADDED
411,106,0.0,1.0000000000000002,0.9581746910918476,,3,TASK_ONLY_ADDED
412,23,0.0,1.0000000000000002,0.9863283716448591,,3,TASK_ONLY_ADDED
412,73,0.0,1.0000000000000002,,,4,TASK_ONLY_ADDED
412,113,0.0,1.0000000000000002,0.887343264827595,,3,TASK_ONLY_ADDED
413,133,0.0,1.0000000000000002,0.9504945330493257,,3,TASK_ONLY_ADDED
413,210,0.0,1.0000000000000002,0.9503002958763389,,3,TASK_ONLY_ADDED
413,371,0.0,1.0000000000000002,0.9610345361341506,,3,TASK_ONLY_ADDED
414,158,0.0,1.0000000000000002,0.9809087228530204,,3,TASK_ONLY_ADDED
414,614,0.0,1.0000000000000002,,,3,TASK_ONLY_ADDED
414,655,0.0,1.0,0.9528772578999964,,3,TASK_ONLY_ADDED
415,51,0.0,1.0000000000000002,0.8653049928154826,,3,TASK_ONLY_ADDED
415,59,0.0,1.0000000000000002,0.9239955285402283,,3,TASK_ONLY_ADDED
415,74,0.0,1.0000000000000002,0.8960821837391912,,3,TASK_ONLY_ADDED
416,32,0.0,1.0000000000000002,0.9450936774815613,,3,TASK_ONLY_ADDED
416,38,0.0,1.0000000000000002,0.8729364973967291,,3,TASK_ONLY_ADDED
416,59,0.0,1.0000000000000002,0.9765540777425583,,3,TASK_ONLY_ADDED
417,51,0.0,1.0000000000000002,0.9402194303683118,,3,TASK_ONLY_ADDED
417,100,0.0,1.0000000000000002,0.9581217326982108,,3,TASK_ONLY_ADDED
417,108,0.0,1.0000000000000002,0.9824636490580189,,3,TASK_ONLY_ADDED
418,51,0.0,1.0000000000000002,0.9074084121539744,,3,TASK_ONLY_ADDED
418,164,0.0,1.0000000000000002,0.8805208963424777,,3,TASK_ONLY_ADDED
418,177,0.0,1.0000000000000002,0.9265269099393134,,3,TASK_ONLY_ADDED
419,93,0.0,1.0000000000000002,0.9708949294357264,,7,TASK_ONLY_ADDED
419,113,0.0,1.0000000000000002,0.9148907576011194,,6,TASK_ONLY_ADDED
419,132,0.0,1.0000000000000002,0.8812692866013916,,3,TASK_ONLY_ADDED
420,540,0.0,1.0,0.9478675140998328,,3,TASK_ONLY_ADDED
420,590,0.0,1.0,0.9594009331406151,,3,TASK_ONLY_ADDED
420,703,0.0,1.0,1.0,,3,TASK_ONLY_ADDED
421,27,0.0,1.0000000000000002,0.8760633447819054,,3,TASK_ONLY_ADDED
421,32,0.0,1.0000000000000002,0.9405650730004684,,3,TASK_ONLY_ADDED
421,46,0.0,1.0000000000000002,0.9093288882703837,,6,TASK_ONLY_ADDED
422,16,0.0,1.0000000000000002,0.9256176296853346,,3,TASK_ONLY_ADDED
422,55,0.0,1.0000000000000002,0.8578827973518243,,3,TASK_ONLY_ADDED
422,86,0.0,1.0000000000000002,0.933971345097508,,4,TASK_ONLY_ADDED
423,107,0.0,1.0000000000000002,0.9053756829623938,,3,TASK_ONLY_ADDED
423,178,0.0,1.0000000000000002,0.9189819722534958,,3,TASK_ONLY_ADDED
423,264,0.0,1.0000000000000002,0.9117892322855139,,3,TASK_ONLY_ADDED
424,27,0.0,1.0000000000000002,0.9726106394313808,,3,TASK_ONLY_ADDED
424,32,0.0,1.0000000000000002,0.9146899992679515,,3,TASK_ONLY_ADDED
424,50,0.0,1.0000000000000002,0.9747013871207297,,6,TASK_ONLY_ADDED
425,429,0.0,0.9999999999999998,0.9837544366075552,,3,TASK_ONLY_ADDED
425,562,0.0,0.9428090415820632,0.9877167091061346,,3,TASK_ONLY_ADDED
425,137,0.0,0.8660254037844387,0.9837544353457627,,3,TASK_ONLY_ADDED
426,120,0.0,1.0000000000000002,0.9508808068810065,,3,TASK_ONLY_ADDED
426,211,0.0,1.0000000000000002,0.9232201232004382,,3,TASK_ONLY_ADDED
426,240,0.0,1.0000000000000002,0.9795472102300264,,3,TASK_ONLY_ADDED
427,132,0.0,1.0000000000000002,0.9694179831910894,,3,TASK_ONLY_ADDED
427,240,0.0,1.0000000000000002,0.9885032578790536,,3,TASK_ONLY_ADDED
427,242,0.0,1.0000000000000002,0.9484784302034232,,3,TASK_ONLY_ADDED
428,18,0.0,1.0000000000000002,0.9559127887536912,,3,TASK_ONLY_ADDED
428,35,0.0,1.0000000000000002,0.9999999999999982,,3,TASK_ONLY_ADDED
428,46,0.0,1.0000000000000002,0.9033274052693621,,3,TASK_ONLY_ADDED
429,134,0.0,1.0000000000000002,0.9417807800213156,,4,TASK_ONLY_ADDED
429,161,0.0,1.0000000000000002,0.9285316513398605,,3,TASK_ONLY_ADDED
429,189,0.0,1.0000000000000002,0.9676359267904732,,3,TASK_ONLY_ADDED
430,25,0.0,1.0000000000000002,0.916658732274065,,7,TASK_ONLY_ADDED
430,35,0.0,1.0000000000000002,0.9471347154117621,,6,TASK_ONLY_ADDED
430,42,0.0,1.0000000000000002,0.9471347154117621,,3,TASK_ONLY_ADDED
431,139,0.0,1.0000000000000002,0.9629580950233716,,3,TASK_ONLY_ADDED
431,152,0.0,1.0000000000000002,0.9532683369849768,,3,TASK_ONLY_ADDED
431,240,0.0,1.0000000000000002,0.962997558432132,,3,TASK_ONLY_ADDED
432,663,0.0,1.0000000000000002,0.9737376408931872,,3,TASK_ONLY_ADDED
432,68,0.0,1.0,0.9531244915864902,,4,TASK_ONLY_ADDED
432,188,0.0,0.9999999999999998,0.953695498115537,,5,TASK_ONLY_ADDED
433,63,0.0,1.0000000000000002,0.9528978390348652,,3,TASK_ONLY_ADDED
433,133,0.0,1.0000000000000002,0.9635373704119158,,7,TASK_ONLY_ADDED
433,134,0.0,1.0000000000000002,0.9244697771670523,,3,TASK_ONLY_ADDED
434,512,0.0,1.0000000000000002,0.948917352874927,,3,TASK_ONLY_ADDED
434,49,0.0,1.0,0.9436408775199477,,3,TASK_ONLY_ADDED
434,310,0.0,1.0,0.871974801358664,,3,TASK_ONLY_ADDED
435,46,0.0,1.0000000000000002,0.9297866810730749,,3,TASK_ONLY_ADDED
435,56,0.0,1.0000000000000002,0.9663057375641665,,3,TASK_ONLY_ADDED
435,121,0.0,1.0000000000000002,0.9566561927014923,,3,TASK_ONLY_ADDED
436,63,0.0,1.0000000000000002,0.9475486259028592,,3,TASK_ONLY_ADDED
436,243,0.0,1.0000000000000002,0.9743576565531393,,3,TASK_ONLY_ADDED
436,292,0.0,0.9999999999999998,0.9802883994303188,,3,TASK_ONLY_ADDED
437,151,0.0,1.0000000000000002,0.9896714307388721,,3,TASK_ONLY_ADDED
437,240,0.0,1.0000000000000002,0.9910565824973968,,3,TASK_ONLY_ADDED
437,303,0.0,1.0000000000000002,0.9825182278815757,,3,TASK_ONLY_ADDED
438,42,0.0,1.0000000000000002,0.9033274092523352,,3,TASK_ONLY_ADDED
438,56,0.0,1.0000000000000002,0.9557478126299763,,3,TASK_ONLY_ADDED
438,121,0.0,1.0000000000000002,0.9701152280023401,,3,TASK_ONLY_ADDED
439,25,0.0,1.0000000000000002,0.9272508451871391,,3,TASK_ONLY_ADDED
439,26,0.0,1.0000000000000002,0.9885032571474146,,3,TASK_ONLY_ADDED
439,35,0.0,1.0000000000000002,0.975555299522637,,3,TASK_ONLY_ADDED
440,152,0.0,1.0000000000000002,0.9914861771626743,,3,TASK_ONLY_ADDED
440,242,0.0,1.0000000000000002,0.9686375070973993,,3,TASK_ONLY_ADDED
440,268,0.0,1.0000000000000002,0.9752805040389271,,3,TASK_ONLY_ADDED
441,161,0.0,1.0000000000000002,0.951771661759042,,3,TASK_ONLY_ADDED
441,195,0.0,1.0000000000000002,0.9312304579478456,,3,TASK_ONLY_ADDED
441,196,0.0,1.0000000000000002,0.9548874110424717,,3,TASK_ONLY_ADDED
442,15,0.0,1.0000000000000002,0.9567031284378285,,3,TASK_ONLY_ADDED
442,35,0.0,1.0000000000000002,0.9406407692721692,,3,TASK_ONLY_ADDED
442,45,0.0,1.0000000000000002,0.9834273635330198,,3,TASK_ONLY_ADDED
443,51,0.0,1.0000000000000002,0.8935142784322093,,3,TASK_ONLY_ADDED
443,56,0.0,1.0000000000000002,0.9059101866045475,,6,TASK_ONLY_ADDED
443,57,0.0,1.0000000000000002,0.9064110381537893,,3,TASK_ONLY_ADDED
444,139,0.0,1.0000000000000002,0.8974879272222936,,3,TASK_ONLY_ADDED
444,349,0.0,1.0000000000000002,0.9038673543893845,,5,TASK_ONLY_ADDED
444,498,0.0,1.0000000000000002,,,3,TASK_ONLY_ADDED
445,132,0.0,1.0000000000000002,0.9378887808951395,,3,TASK_ONLY_ADDED
445,191,0.0,1.0000000000000002,0.9432203979659356,,3,TASK_ONLY_ADDED
445,522,0.0,1.0000000000000002,0.9681150538317717,,3,TASK_ONLY_ADDED
446,20,0.0,1.0000000000000002,0.9557478100609698,,6,TASK_ONLY_ADDED
446,26,0.0,1.0000000000000002,0.9790441205869064,,3,TASK_ONLY_ADDED
446,62,0.0,1.0000000000000002,0.902675916230537,,3,TASK_ONLY_ADDED
447,27,0.0,1.0000000000000002,0.9139088711265148,,3,TASK_ONLY_ADDED
447,38,0.0,1.0000000000000002,0.9781898817242922,,3,TASK_ONLY_ADDED
447,42,0.0,1.0000000000000002,0.9897525153370692,,3,TASK_ONLY_ADDED
448,27,0.0,1.0000000000000002,0.968845926438132,,3,TASK_ONLY_ADDED
448,210,0.0,1.0000000000000002,0.9342319939331759,,3,TASK_ONLY_ADDED
448,263,0.0,1.0000000000000002,0.9504945374891124,,3,TASK_ONLY_ADDED
449,121,0.0,0.7745966692414834,0.8703590821593701,,3,TASK_ONLY_ADDED
449,270,0.0,0.33333333333333337,0.9681150542899442,,3,TASK_ONLY_ADDED
450,135,0.0,1.0000000000000002,0.9134862867239811,,3,TASK_ONLY_ADDED
450,139,0.0,1.0000000000000002,0.9629580957136006,,3,TASK_ONLY_ADDED
450,152,0.0,1.0000000000000002,0.9532683366370424,,3,TASK_ONLY_ADDED
451,16,0.0,1.0000000000000002,0.9047088413715467,,3,TASK_ONLY_ADDED
451,25,0.0,1.0000000000000002,0.9060657158866806,,3,TASK_ONLY_ADDED
451,35,0.0,1.0000000000000002,0.9729520835352083,,3,TASK_ONLY_ADDED
452,15,0.0,1.0000000000000002,0.9264884275825542,,3,TASK_ONLY_ADDED
452,40,0.0,1.0000000000000002,0.8735407695660107,,3,TASK_ONLY_ADDED
452,125,0.0,1.0000000000000002,0.9264884275825542,,3,TASK_ONLY_ADDED
453,63,0.0,1.0000000000000002,0.9699713587592962,,3,TASK_ONLY_ADDED
453,100,0.0,1.0000000000000002,0.9632457831579975,,6,TASK_ONLY_ADDED
453,113,0.0,1.0000000000000002,0.9042739755922512,,3,TASK_ONLY_ADDED
454,32,0.0,1.0000000000000002,0.9560409145019186,,3,TASK_ONLY_ADDED
454,127,0.0,1.0000000000000002,0.9094489914711277,,3,TASK_ONLY_ADDED
454,134,0.0,1.0000000000000002,0.9417807853569826,,3,TASK_ONLY_ADDED
455,124,0.0,1.0000000000000002,0.9319468821486502,,3,TASK_ONLY_ADDED
455,202,0.0,1.0000000000000002,0.9790441227146786,,3,TASK_ONLY_ADDED
455,240,0.0,1.0000000000000002,0.9457713102323593,,3,TASK_ONLY_ADDED
456,66,0.0,1.0000000000000002,0.9246351719344974,,3,TASK_ONLY_ADDED
456,223,0.0,1.0000000000000002,0.9294516419719273,,7,TASK_ONLY_ADDED
456,259,0.0,1.0000000000000002,0.8889491987332172,,3,TASK_ONLY_ADDED
457,29,0.0,1.0000000000000002,0.8803606246835513,,6,TASK_ONLY_ADDED
457,161,0.0,1.0000000000000002,0.8310357619458105,,3,TASK_ONLY_ADDED
457,261,0.0,1.0000000000000002,,,3,TASK_ONLY_ADDED
458,561,0.0,1.0000000000000002,0.9256560614788364,,3,TASK_ONLY_ADDED
458,573,0.0,1.0000000000000002,0.9778662354466962,,3,TASK_ONLY_ADDED
458,733,0.0,1.0000000000000002,0.9461408955870048,,3,TASK_ONLY_ADDED
459,35,0.0,1.0000000000000002,0.9420432252655582,,3,TASK_ONLY_ADDED
459,57,0.0,1.0000000000000002,0.9639813057502855,,3,TASK_ONLY_ADDED
459,84,0.0,1.0000000000000002,0.9824636481796526,,3,TASK_ONLY_ADDED
460,32,0.0,1.0000000000000002,0.9353399435604791,,3,TASK_ONLY_ADDED
460,41,0.0,1.0000000000000002,0.9762568305400581,,6,TASK_ONLY_ADDED
460,51,0.0,1.0000000000000002,0.9475186133497916,,3,TASK_ONLY_ADDED
461,29,0.0,1.0000000000000002,0.9125374347417999,,3,TASK_ONLY_ADDED
461,75,0.0,1.0000000000000002,0.9122691820253764,,3,TASK_ONLY_ADDED
461,76,0.0,1.0000000000000002,0.931783187129965,,6,TASK_ONLY_ADDED
462,27,0.0,1.0000000000000002,0.9204250236587856,,3,TASK_ONLY_ADDED
462,38,0.0,1.0000000000000002,0.9521378632782367,,3,TASK_ONLY_ADDED
462,51,0.0,1.0000000000000002,0.9830461599094031,,3,TASK_ONLY_ADDED
463,16,0.0,1.0000000000000002,0.9409842872996365,,3,TASK_ONLY_ADDED
463,21,0.0,1.0000000000000002,0.9743061560172136,,3,TASK_ONLY_ADDED
463,23,0.0,1.0000000000000002,0.9299898305711315,,3,TASK_ONLY_ADDED
464,23,0.0,1.0000000000000002,0.8840681174437168,,12,TASK_ONLY_ADDED
464,29,0.0,1.0000000000000002,0.8676091080305381,,3,TASK_ONLY_ADDED
464,38,0.0,1.0000000000000002,0.829674623878512,,3,TASK_ONLY_ADDED
465,50,0.0,1.0000000000000002,0.8863643052265637,,3,TASK_ONLY_ADDED
465,131,0.0,1.0000000000000002,0.8944055735309785,,3,TASK_ONLY_ADDED
465,135,0.0,1.0000000000000002,0.9276102375114561,,3,TASK_ONLY_ADDED
466,35,0.0,1.0000000000000002,0.91442347636263,,3,TASK_ONLY_ADDED
466,100,0.0,1.0000000000000002,0.974624370217532,,3,TASK_ONLY_ADDED
466,119,0.0,1.0000000000000002,0.9794193462367038,,3,TASK_ONLY_ADDED
467,18,0.0,1.0000000000000002,0.9361187250065124,,3,TASK_ONLY_ADDED
467,42,0.0,1.0000000000000002,0.9471347179938198,,3,TASK_ONLY_ADDED
467,51,0.0,1.0000000000000002,0.9124637383165128,,3,TASK_ONLY_ADDED
468,29,0.0,1.0000000000000002,0.9769896394848712,,3,TASK_ONLY_ADDED
468,57,0.0,1.0000000000000002,0.9153605819119509,,6,TASK_ONLY_ADDED
468,118,0.0,1.0000000000000002,0.9769896374517918,,3,TASK_ONLY_ADDED
469,700,0.0,0.5773502691896258,0.9806790831908886,,3,TASK_ONLY_ADDED
470,86,0.0,1.0000000000000002,0.9632552876441975,,3,TASK_ONLY_ADDED
470,133,0.0,1.0000000000000002,0.9849399244036396,,3,TASK_ONLY_ADDED
470,144,0.0,1.0000000000000002,0.9340339865222922,,3,TASK_ONLY_ADDED
471,19,0.0,1.0000000000000002,0.9557478096171156,,3,TASK_ONLY_ADDED
471,539,0.0,0.960768922830523,0.9557478096171156,,4,TASK_ONLY_ADDED
471,322,0.0,0.9428090415820635,0.863901934677995,,3,TASK_ONLY_ADDED
472,186,0.0,1.0000000000000002,0.966785172943786,,3,TASK_ONLY_ADDED
472,546,0.0,1.0000000000000002,0.9743549780193623,,3,TASK_ONLY_ADDED
472,635,0.0,1.0000000000000002,0.8712148641310026,,3,TASK_ONLY_ADDED
473,45,0.0,1.0000000000000002,0.9806790809612916,,7,TASK_ONLY_ADDED
473,66,0.0,1.0000000000000002,1.0,,3,TASK_ONLY_ADDED
473,114,0.0,1.0000000000000002,0.9567031274595816,,6,TASK_ONLY_ADDED
474,157,0.0,1.0000000000000002,0.9699713572266225,,3,TASK_ONLY_ADDED
474,204,0.0,1.0000000000000002,,,3,TASK_ONLY_ADDED
474,330,0.0,1.0000000000000002,0.9699713572266225,,3,TASK_ONLY_ADDED
475,75,0.0,1.0000000000000002,0.9027322531623772,,3,TASK_ONLY_ADDED
475,106,0.0,1.0000000000000002,0.999999999999995,,3,TASK_ONLY_ADDED
475,202,0.0,1.0000000000000002,0.979044121452563,,6,TASK_ONLY_ADDED
476,16,0.0,1.0000000000000002,0.9746063263923487,,3,TASK_ONLY_ADDED
476,39,0.0,1.0000000000000002,0.9642022593386828,,5,TASK_ONLY_ADDED
476,66,0.0,1.0000000000000002,0.9824636481796526,,3,TASK_ONLY_ADDED
477,42,0.0,1.0000000000000002,0.9449138000956285,,3,TASK_ONLY_ADDED
477,46,0.0,1.0000000000000002,0.8212673588498534,,3,TASK_ONLY_ADDED
477,51,0.0,1.0000000000000002,0.874388252731186,,3,TASK_ONLY_ADDED
478,195,0.0,1.0000000000000002,0.9179199326408486,,3,TASK_ONLY_ADDED
478,320,0.0,1.0000000000000002,0.9701466774634635,,3,TASK_ONLY_ADDED
478,605,0.0,1.0000000000000002,0.9739868340062452,,3,TASK_ONLY_ADDED
479,94,0.0,1.0000000000000002,0.9528772567385477,,3,TASK_ONLY_ADDED
479,101,0.0,1.0000000000000002,0.9752648310504031,,3,TASK_ONLY_ADDED
479,135,0.0,1.0000000000000002,0.93903069885211,,3,TASK_ONLY_ADDED
480,59,0.0,1.0000000000000002,,,3,TASK_ONLY_ADDED
480,66,0.0,1.0000000000000002,,,3,TASK_ONLY_ADDED
480,74,0.0,1.0000000000000002,,,3,TASK_ONLY_ADDED
481,30,0.0,1.0000000000000002,,,3,TASK_ONLY_ADDED
481,64,0.0,1.0000000000000002,,,3,TASK_ONLY_ADDED
481,154,0.0,1.0000000000000002,,,3,TASK_ONLY_ADDED
482,154,0.0,1.0000000000000002,0.9714202990717609,,3,TASK_ONLY_ADDED
482,598,0.0,1.0000000000000002,0.985742732920729,,3,TASK_ONLY_ADDED
482,646,0.0,1.0000000000000002,0.980679084881354,,3,TASK_ONLY_ADDED
483,23,0.0,1.0000000000000002,0.9320419801306912,,3,TASK_ONLY_ADDED
483,35,0.0,1.0000000000000002,0.9144234728634083,,3,TASK_ONLY_ADDED
483,41,0.0,1.0000000000000002,0.9547399544651132,,3,TASK_ONLY_ADDED
484,86,0.0,1.0000000000000002,0.9098917360303683,,3,TASK_ONLY_ADDED
484,131,0.0,1.0000000000000002,0.9597424688709905,,3,TASK_ONLY_ADDED
484,300,0.0,1.0000000000000002,0.9580102230270775,,3,TASK_ONLY_ADDED
485,18,0.0,1.0000000000000002,0.9471904310983514,,3,TASK_ONLY_ADDED
485,27,0.0,1.0000000000000002,0.9472315702303523,,3,TASK_ONLY_ADDED
485,35,0.0,1.0000000000000002,0.9420432252655582,,3,TASK_ONLY_ADDED
486,38,0.0,1.0000000000000002,0.9034138307562213,,3,TASK_ONLY_ADDED
486,53,0.0,1.0000000000000002,0.9581746870068802,,3,TASK_ONLY_ADDED
486,192,0.0,1.0000000000000002,0.9844496445892224,,3,TASK_ONLY_ADDED
487,38,0.0,1.0000000000000002,0.9854368881766432,,3,TASK_ONLY_ADDED
487,46,0.0,1.0000000000000002,0.8521204448742027,,3,TASK_ONLY_ADDED
487,119,0.0,1.0000000000000002,0.9104393201110875,,3,TASK_ONLY_ADDED
488,202,0.0,1.0000000000000002,0.9696002841730352,,6,TASK_ONLY_ADDED
488,210,0.0,1.0000000000000002,0.9676019116470583,,3,TASK_ONLY_ADDED
488,273,0.0,1.0000000000000002,,,6,TASK_ONLY_ADDED
489,337,0.0,0.8164965809277259,0.9770930333460692,,3,TASK_ONLY_ADDED
489,537,0.0,0.8164965809277259,0.9770930333460692,,3,TASK_ONLY_ADDED
489,54,0.0,0.7071067811865475,0.9553311273934136,,4,TASK_ONLY_ADDED
490,26,0.0,1.0000000000000002,0.9656622821160711,,3,TASK_ONLY_ADDED
490,37,0.0,1.0000000000000002,0.9449367263937767,,3,TASK_ONLY_ADDED
490,45,0.0,1.0000000000000002,0.965662283199616,,3,TASK_ONLY_ADDED
491,16,0.0,1.0000000000000002,0.9639813098116331,,3,TASK_ONLY_ADDED
491,26,0.0,1.0000000000000002,0.9806790815403282,,6,TASK_ONLY_ADDED
491,37,0.0,1.0000000000000002,0.9787128258238049,,3,TASK_ONLY_ADDED
492,38,0.0,1.0000000000000002,0.9999999999999931,,3,TASK_ONLY_ADDED
492,209,0.0,1.0000000000000002,0.9132774775707887,,3,TASK_ONLY_ADDED
492,240,0.0,1.0000000000000002,0.9521378582024252,,3,TASK_ONLY_ADDED
493,513,0.0,1.0000000000000002,0.939443923178516,,3,TASK_ONLY_ADDED
493,685,0.0,0.9486832980505138,0.9331464243991431,,5,TASK_ONLY_ADDED
493,487,0.0,0.8728715609439696,0.8883798784449167,,4,TASK_ONLY_ADDED
494,110,0.0,1.0000000000000002,0.9294860497436268,,3,TASK_ONLY_ADDED
494,125,0.0,1.0000000000000002,0.9567031257473052,,3,TASK_ONLY_ADDED
494,154,0.0,1.0000000000000002,0.9524265011056169,,3,TASK_ONLY_ADDED
495,37,0.0,1.0000000000000002,0.9999999999999993,,3,TASK_ONLY_ADDED
495,151,0.0,1.0000000000000002,0.9787128262576937,,3,TASK_ONLY_ADDED
495,171,0.0,1.0000000000000002,0.9787128262576937,,3,TASK_ONLY_ADDED
496,168,0.0,1.0000000000000002,0.9750816655759842,,3,TASK_ONLY_ADDED
496,539,0.0,1.0000000000000002,0.9547094729000742,,3,TASK_ONLY_ADDED
496,374,0.0,0.944911182523068,0.9547094729000742,,4,TASK_ONLY_ADDED
497,29,0.0,1.0000000000000002,0.9603930369470287,,3,TASK_ONLY_ADDED
497,84,0.0,1.0000000000000002,0.9713888409707061,,3,TASK_ONLY_ADDED
497,119,0.0,1.0000000000000002,0.9910692509124865,,3,TASK_ONLY_ADDED
498,12,0.0,1.0000000000000002,,,3,TASK_ONLY_ADDED
498,15,0.0,1.0000000000000002,,,3,TASK_ONLY_ADDED
498,17,0.0,1.0000000000000002,,,3,TASK_ONLY_ADDED
499,27,0.0,1.0000000000000002,0.9688459278138029,,3,TASK_ONLY_ADDED
499,32,0.0,1.0000000000000002,0.9558153106930501,,3,TASK_ONLY_ADDED
499,133,0.0,1.0000000000000002,0.9999999999999957,,3,TASK_ONLY_ADDED
500,13,0.0,1.0000000000000002,,,13,TASK_ONLY_ADDED
500,16,0.0,1.0000000000000002,0.9356332982515058,,6,TASK_ONLY_ADDED
500,23,0.0,1.0000000000000002,0.9678003598663576,,6,TASK_ONLY_ADDED
501,31,0.0,1.0000000000000002,0.9017535165602525,,3,TASK_ONLY_ADDED
501,152,0.0,1.0000000000000002,0.954739954618196,,3,TASK_ONLY_ADDED
501,189,0.0,1.0000000000000002,0.9398543936269999,,3,TASK_ONLY_ADDED
502,117,0.0,1.0000000000000002,0.9539600418251818,,3,TASK_ONLY_ADDED
502,586,0.0,1.0000000000000002,0.8795948515408137,,3,TASK_ONLY_ADDED
502,123,0.0,1.0,0.8524456713165643,,4,TASK_ONLY_ADDED
503,254,0.0,1.0,0.7789378912768622,,4,TASK_ONLY_ADDED
503,631,0.0,0.9999999999999998,0.9293430792583884,,4,TASK_ONLY_ADDED
503,507,0.0,0.9525793444156805,0.850050289869888,,3,TASK_ONLY_ADDED
504,143,0.0,1.0000000000000002,0.9545005798441111,,3,TASK_ONLY_ADDED
504,206,0.0,1.0000000000000002,0.9545005798441111,,3,TASK_ONLY_ADDED
504,208,0.0,1.0000000000000002,0.9355547337349392,,3,TASK_ONLY_ADDED
505,50,0.0,1.0000000000000002,0.9914861782477203,,3,TASK_ONLY_ADDED
505,59,0.0,1.0000000000000002,0.9524265073743877,,3,TASK_ONLY_ADDED
505,63,0.0,1.0000000000000002,0.9849399264984176,,3,TASK_ONLY_ADDED
506,16,0.0,1.0000000000000002,0.9302621434854725,,3,TASK_ONLY_ADDED
506,35,0.0,1.0000000000000002,0.9542198915208513,,3,TASK_ONLY_ADDED
506,51,0.0,1.0000000000000002,0.9867815096712866,,3,TASK_ONLY_ADDED
507,35,0.0,1.0000000000000002,0.9389750210674332,,3,TASK_ONLY_ADDED
507,42,0.0,1.0000000000000002,0.9389750210674332,,3,TASK_ONLY_ADDED
507,49,0.0,1.0000000000000002,0.9068082778321811,,3,TASK_ONLY_ADDED
508,20,0.0,1.0000000000000002,0.9623825744921536,,3,TASK_ONLY_ADDED
508,29,0.0,1.0000000000000002,0.9350632908453618,,3,TASK_ONLY_ADDED
508,50,0.0,1.0000000000000002,0.9302621447480146,,3,TASK_ONLY_ADDED
509,15,0.0,1.0000000000000002,0.9901813488947748,,15,TASK_ONLY_ADDED
509,29,0.0,1.0000000000000002,0.9751990851916449,,6,TASK_ONLY_ADDED
509,68,0.0,1.0000000000000002,0.9832556171756478,,3,TASK_ONLY_ADDED
510,56,0.0,1.0000000000000002,0.9455158006087612,,3,TASK_ONLY_ADDED
510,98,0.0,1.0000000000000002,0.9347759026479479,,3,TASK_ONLY_ADDED
510,141,0.0,1.0000000000000002,0.8353408913921196,,6,TASK_ONLY_ADDED
511,84,0.0,1.0000000000000002,0.9206238769011521,,3,TASK_ONLY_ADDED
511,120,0.0,1.0000000000000002,0.8710584702781702,,3,TASK_ONLY_ADDED
511,134,0.0,1.0000000000000002,0.9529997574435064,,3,TASK_ONLY_ADDED
512,358,0.0,1.0000000000000002,0.9660852663087849,,6,TASK_ONLY_ADDED
512,434,0.0,1.0000000000000002,0.948917352874927,,3,TASK_ONLY_ADDED
512,667,0.0,1.0000000000000002,0.9949239910306324,,3,TASK_ONLY_ADDED
513,267,0.0,1.0000000000000002,0.9472973913617615,,3,TASK_ONLY_ADDED
513,300,0.0,1.0000000000000002,0.9394733476461844,,3,TASK_ONLY_ADDED
513,320,0.0,1.0000000000000002,0.9047088510296881,,3,TASK_ONLY_ADDED
514,116,0.0,1.0000000000000002,0.9612823743803602,,3,TASK_ONLY_ADDED
514,172,0.0,1.0000000000000002,0.9629623055151336,,3,TASK_ONLY_ADDED
514,350,0.0,1.0000000000000002,0.9264701552106839,,3,TASK_ONLY_ADDED
515,16,0.0,1.0000000000000002,0.9608564645899779,,3,TASK_ONLY_ADDED
515,37,0.0,1.0000000000000002,0.9776822457971072,,3,TASK_ONLY_ADDED
515,51,0.0,1.0000000000000002,0.9394610860862068,,3,TASK_ONLY_ADDED
516,23,0.0,1.0000000000000002,0.9358264166766294,,13,TASK_ONLY_ADDED
516,32,0.0,1.0000000000000002,0.9714568756591802,,6,TASK_ONLY_ADDED
516,55,0.0,1.0000000000000002,0.8491804594840563,,3,TASK_ONLY_ADDED
517,26,0.0,1.0000000000000002,0.9453174438792368,,3,TASK_ONLY_ADDED
517,89,0.0,1.0000000000000002,0.9255037785690072,,3,TASK_ONLY_ADDED
517,125,0.0,1.0000000000000002,0.9478675140998328,,6,TASK_ONLY_ADDED
518,16,0.0,1.0000000000000002,0.933239801849449,,3,TASK_ONLY_ADDED
518,32,0.0,1.0000000000000002,0.919179780237652,,3,TASK_ONLY_ADDED
518,42,0.0,1.0000000000000002,0.9303911074391071,,6,TASK_ONLY_ADDED
519,43,0.0,1.0000000000000002,0.8997410534950812,,3,TASK_ONLY_ADDED
519,189,0.0,1.0000000000000002,0.9828829904305864,,3,TASK_ONLY_ADDED
519,202,0.0,1.0000000000000002,0.9790441228155706,,6,TASK_ONLY_ADDED
520,15,0.0,1.0000000000000002,0.9487238645016982,,6,TASK_ONLY_ADDED
520,194,0.0,1.0000000000000002,0.9487238645016982,,6,TASK_ONLY_ADDED
520,229,0.0,1.0000000000000002,0.889616152109189,,3,TASK_ONLY_ADDED
521,44,0.0,1.0000000000000002,0.959400934511315,,3,TASK_ONLY_ADDED
521,404,0.0,0.9622504486493763,0.9738004446010414,,3,TASK_ONLY_ADDED
521,440,0.0,0.8908708063747479,0.9639813089083938,,9,TASK_ONLY_ADDED
522,60,0.0,1.0000000000000002,0.9456603582648467,,3,TASK_ONLY_ADDED
522,74,0.0,1.0000000000000002,0.9738458762311102,,3,TASK_ONLY_ADDED
522,87,0.0,1.0000000000000002,0.9616716928623402,,3,TASK_ONLY_ADDED
523,26,0.0,1.0000000000000002,0.9837544365871564,,6,TASK_ONLY_ADDED
523,41,0.0,1.0000000000000002,0.9875726787757784,,6,TASK_ONLY_ADDED
523,42,0.0,1.0000000000000002,0.9639930566272272,,3,TASK_ONLY_ADDED
524,210,0.0,1.0000000000000002,0.9837544339765439,,3,TASK_ONLY_ADDED
524,263,0.0,1.0000000000000002,0.9433157342589225,,3,TASK_ONLY_ADDED
524,311,0.0,1.0000000000000002,0.9082293607568065,,3,TASK_ONLY_ADDED
525,37,0.0,1.0000000000000002,0.9999999999999993,,3,TASK_ONLY_ADDED
525,41,0.0,1.0000000000000002,0.9999999999999999,,3,TASK_ONLY_ADDED
525,50,0.0,1.0000000000000002,0.9356332969681125,,3,TASK_ONLY_ADDED
526,29,0.0,1.0000000000000002,0.9190619971612832,,3,TASK_ONLY_ADDED
526,30,0.0,1.0000000000000002,0.9794193460272982,,12,TASK_ONLY_ADDED
526,32,0.0,1.0000000000000002,0.955815311736714,,3,TASK_ONLY_ADDED
527,58,0.0,1.0000000000000002,0.9503441909223836,,3,TASK_ONLY_ADDED
527,112,0.0,1.0000000000000002,0.956195812359374,,3,TASK_ONLY_ADDED
527,339,0.0,1.0000000000000002,0.93045651568795,,3,TASK_ONLY_ADDED
528,230,0.0,0.9999999999999998,0.9794398697366398,,3,TASK_ONLY_ADDED
528,350,0.0,0.9999999999999998,0.9809087228530204,,3,TASK_ONLY_ADDED
528,448,0.0,0.9428090415820632,1.0000000000000002,,3,TASK_ONLY_ADDED
529,42,0.0,1.0000000000000002,0.9628252656994661,,6,TASK_ONLY_ADDED
529,51,0.0,1.0000000000000002,0.9694179848315252,,3,TASK_ONLY_ADDED
529,59,0.0,1.0000000000000002,0.9834273642446276,,3,TASK_ONLY_ADDED
530,38,0.0,1.0000000000000002,0.926717471060715,,3,TASK_ONLY_ADDED
530,86,0.0,1.0000000000000002,0.9486356032845917,,3,TASK_ONLY_ADDED
530,132,0.0,1.0000000000000002,0.9486718967721879,,3,TASK_ONLY_ADDED
531,113,0.0,1.0000000000000002,0.8265909715563893,,3,TASK_ONLY_ADDED
531,143,0.0,1.0000000000000002,0.9639813098116331,,3,TASK_ONLY_ADDED
531,152,0.0,1.0000000000000002,0.9914861776927802,,3,TASK_ONLY_ADDED
532,16,0.0,1.0000000000000002,0.9639813098116331,,6,TASK_ONLY_ADDED
532,29,0.0,1.0000000000000002,0.9547094717688748,,3,TASK_ONLY_ADDED
532,46,0.0,1.0000000000000002,0.9557478104089453,,6,TASK_ONLY_ADDED
533,40,0.0,1.0000000000000002,0.9277969387953215,,3,TASK_ONLY_ADDED
533,46,0.0,1.0000000000000002,0.8612187215549562,,3,TASK_ONLY_ADDED
533,86,0.0,1.0000000000000002,0.8473301890489959,,3,TASK_ONLY_ADDED
534,42,0.0,1.0000000000000002,0.914423474275571,,3,TASK_ONLY_ADDED
534,119,0.0,1.0000000000000002,0.9794193453009999,,3,TASK_ONLY_ADDED
534,152,0.0,1.0000000000000002,0.9999999999999952,,3,TASK_ONLY_ADDED
535,46,0.0,1.0000000000000002,,,6,TASK_ONLY_ADDED
535,567,0.0,1.0000000000000002,,,3,TASK_ONLY_ADDED
535,585,0.0,1.0000000000000002,,,3,TASK_ONLY_ADDED
536,154,0.0,1.0000000000000002,0.9506605983819644,,3,TASK_ONLY_ADDED
536,202,0.0,1.0000000000000002,0.97510023549356,,3,TASK_ONLY_ADDED
536,209,0.0,1.0000000000000002,0.9654338463757888,,3,TASK_ONLY_ADDED
537,27,0.0,1.0000000000000002,0.9472315702303523,,3,TASK_ONLY_ADDED
537,63,0.0,1.0000000000000002,0.9699713587592962,,6,TASK_ONLY_ADDED
537,127,0.0,1.0000000000000002,0.9317824697544982,,3,TASK_ONLY_ADDED
538,209,0.0,1.0000000000000002,0.9738143657938901,,3,TASK_ONLY_ADDED
538,317,0.0,1.0000000000000002,0.9101410966980389,,3,TASK_ONLY_ADDED
538,344,0.0,1.0000000000000002,0.8707628728581088,,3,TASK_ONLY_ADDED
539,276,0.0,1.0000000000000002,0.980679081407238,,3,TASK_ONLY_ADDED
539,496,0.0,1.0000000000000002,0.9547094729000742,,3,TASK_ONLY_ADDED
539,652,0.0,1.0000000000000002,0.9545005813135693,,3,TASK_ONLY_ADDED
540,420,0.0,1.0,0.9478675140998328,,3,TASK_ONLY_ADDED
540,703,0.0,1.0,0.9478675140998328,,3,TASK_ONLY_ADDED
540,96,0.0,0.9999999999999998,0.9347576607169601,,3,TASK_ONLY_ADDED
541,42,0.0,1.0000000000000002,0.9420432252655582,,3,TASK_ONLY_ADDED
541,46,0.0,1.0000000000000002,0.9557478104089453,,3,TASK_ONLY_ADDED
541,68,0.0,1.0000000000000002,0.9865432291009868,,3,TASK_ONLY_ADDED
542,16,0.0,1.0000000000000002,0.9639813098116331,,3,TASK_ONLY_ADDED
542,32,0.0,1.0000000000000002,0.961120586841919,,3,TASK_ONLY_ADDED
542,42,0.0,1.0000000000000002,0.9420432252655582,,6,TASK_ONLY_ADDED
543,32,0.0,1.0000000000000002,0.9450936802689518,,3,TASK_ONLY_ADDED
543,41,0.0,1.0000000000000002,0.9626708562393753,,6,TASK_ONLY_ADDED
543,51,0.0,1.0000000000000002,0.954372101063047,,3,TASK_ONLY_ADDED
544,161,0.0,1.0000000000000002,0.7880157160717293,,3,TASK_ONLY_ADDED
544,320,0.0,1.0000000000000002,0.8951068171439245,,3,TASK_ONLY_ADDED
544,354,0.0,1.0000000000000002,0.9723892832316471,,3,TASK_ONLY_ADDED
545,13,0.0,1.0000000000000002,,,6,TASK_ONLY_ADDED
545,15,0.0,1.0000000000000002,0.9828880236485676,,3,TASK_ONLY_ADDED
545,17,0.0,1.0000000000000002,0.9828880236485676,,3,TASK_ONLY_ADDED
546,16,0.0,1.0000000000000002,0.9312594245133237,,3,TASK_ONLY_ADDED
546,31,0.0,1.0000000000000002,0.8950313528561129,,3,TASK_ONLY_ADDED
546,32,0.0,1.0000000000000002,0.9649309541826737,,3,TASK_ONLY_ADDED
547,100,0.0,0.9428090415820635,0.9632457831579975,,3,TASK_ONLY_ADDED
547,501,0.0,0.5477225575051661,0.978712826024429,,3,TASK_ONLY_ADDED
547,194,0.0,0.4444444444444444,1.0,,3,TASK_ONLY_ADDED
548,106,0.0,1.0000000000000002,0.9785584729804101,,3,TASK_ONLY_ADDED
548,329,0.0,1.0000000000000002,0.9897497136475676,,16,TASK_ONLY_ADDED
548,345,0.0,1.0000000000000002,0.8574050245691913,,6,TASK_ONLY_ADDED
549,25,0.0,1.0000000000000002,,,3,TASK_ONLY_ADDED
549,42,0.0,1.0000000000000002,,,3,TASK_ONLY_ADDED
549,57,0.0,1.0000000000000002,,,3,TASK_ONLY_ADDED
550,121,0.0,1.0000000000000002,0.8803606191931648,,3,TASK_ONLY_ADDED
550,130,0.0,1.0000000000000002,0.8918537527761455,,3,TASK_ONLY_ADDED
550,133,0.0,1.0000000000000002,0.9190619918388357,,3,TASK_ONLY_ADDED
551,70,0.0,1.0000000000000002,0.952820551009658,,3,TASK_ONLY_ADDED
551,104,0.0,1.0000000000000002,0.9528772578999964,,4,TASK_ONLY_ADDED
551,141,0.0,1.0000000000000002,0.9005372427410698,,3,TASK_ONLY_ADDED
552,26,0.0,1.0000000000000002,0.9697207987503784,,3,TASK_ONLY_ADDED
552,36,0.0,1.0000000000000002,0.9206860491099368,,3,TASK_ONLY_ADDED
552,39,0.0,1.0000000000000002,0.9697207989732927,,3,TASK_ONLY_ADDED
553,30,0.0,1.0000000000000002,0.9999999999999963,,3,TASK_ONLY_ADDED
553,40,0.0,1.0000000000000002,0.9487238660456732,,3,TASK_ONLY_ADDED
553,42,0.0,1.0000000000000002,0.9420432252655582,,3,TASK_ONLY_ADDED
554,150,0.0,1.0,0.9632552892072235,,5,TASK_ONLY_ADDED
554,631,0.0,0.9999999999999998,0.9688459216159324,,4,TASK_ONLY_ADDED
554,597,0.0,0.960768922830523,0.9472315698006006,,4,TASK_ONLY_ADDED
555,23,0.0,1.0000000000000002,0.9671857198347643,,3,TASK_ONLY_ADDED
555,28,0.0,1.0000000000000002,0.9704064442287548,,6,TASK_ONLY_ADDED
555,37,0.0,1.0000000000000002,0.9534830848561605,,3,TASK_ONLY_ADDED
556,12,0.0,1.0000000000000002,1.0,,3,TASK_ONLY_ADDED
556,13,0.0,1.0000000000000002,,,6,TASK_ONLY_ADDED
556,16,0.0,1.0000000000000002,0.9639813098116331,,3,TASK_ONLY_ADDED
557,74,0.0,1.0000000000000002,0.8584423975723409,,3,TASK_ONLY_ADDED
557,157,0.0,1.0000000000000002,0.9265269117556914,,4,TASK_ONLY_ADDED
557,208,0.0,1.0000000000000002,0.9174612062213439,,3,TASK_ONLY_ADDED
558,119,0.0,1.0000000000000002,0.9699713572266225,,3,TASK_ONLY_ADDED
558,132,0.0,1.0000000000000002,0.9543720996730118,,3,TASK_ONLY_ADDED
558,189,0.0,1.0000000000000002,0.9611317904267681,,3,TASK_ONLY_ADDED
559,35,0.0,1.0000000000000002,0.889463703156719,,3,TASK_ONLY_ADDED
559,42,0.0,1.0000000000000002,0.889463703156719,,3,TASK_ONLY_ADDED
559,74,0.0,1.0000000000000002,0.8902302850493682,,3,TASK_ONLY_ADDED
560,9,0.0,1.0000000000000002,0.9547094735321136,,6,TASK_ONLY_ADDED
560,41,0.0,1.0000000000000002,0.966879472662606,,3,TASK_ONLY_ADDED
560,59,0.0,1.0000000000000002,0.9125374426986194,,3,TASK_ONLY_ADDED
561,54,0.0,1.0000000000000002,0.8477576993820928,,3,TASK_ONLY_ADDED
561,179,0.0,1.0000000000000002,0.9053310987202565,,3,TASK_ONLY_ADDED
561,376,0.0,1.0000000000000002,0.9465898786513728,,3,TASK_ONLY_ADDED
562,132,0.0,1.0000000000000002,0.9714449356028176,,3,TASK_ONLY_ADDED
562,134,0.0,1.0000000000000002,0.9401795764770601,,3,TASK_ONLY_ADDED
562,177,0.0,1.0000000000000002,0.9944254074268432,,3,TASK_ONLY_ADDED
563,41,0.0,1.0000000000000002,0.9795472076092117,,3,TASK_ONLY_ADDED
563,57,0.0,1.0000000000000002,0.9312594227050491,,3,TASK_ONLY_ADDED
563,71,0.0,1.0000000000000002,0.9642306188657795,,3,TASK_ONLY_ADDED
564,41,0.0,1.0000000000000002,0.9875726787757784,,6,TASK_ONLY_ADDED
564,62,0.0,1.0000000000000002,0.9619483913562724,,6,TASK_ONLY_ADDED
564,87,0.0,1.0000000000000002,0.9580102172109153,,6,TASK_ONLY_ADDED
565,66,0.0,1.0000000000000002,0.969971356750688,,3,TASK_ONLY_ADDED
565,134,0.0,1.0000000000000002,0.9092150034353194,,3,TASK_ONLY_ADDED
565,308,0.0,1.0000000000000002,0.969971356750688,,4,TASK_ONLY_ADDED
566,46,0.0,1.0000000000000002,0.9068518925100465,,3,TASK_ONLY_ADDED
566,57,0.0,1.0000000000000002,0.9317761357730479,,6,TASK_ONLY_ADDED
566,63,0.0,1.0000000000000002,0.9203238276521335,,3,TASK_ONLY_ADDED
567,30,0.0,1.0000000000000002,0.9545005788005624,,3,TASK_ONLY_ADDED
567,40,0.0,1.0000000000000002,0.9629580988200434,,6,TASK_ONLY_ADDED
567,42,0.0,1.0000000000000002,0.9328504663187333,,3,TASK_ONLY_ADDED
568,16,0.0,1.0000000000000002,0.9746063278928495,,3,TASK_ONLY_ADDED
568,23,0.0,1.0000000000000002,0.932304831025417,,3,TASK_ONLY_ADDED
568,25,0.0,1.0000000000000002,0.9474308697807232,,3,TASK_ONLY_ADDED
569,137,0.0,1.0000000000000002,0.9806790799232703,,3,TASK_ONLY_ADDED
569,267,0.0,1.0000000000000002,0.9574558834095567,,3,TASK_ONLY_ADDED
569,313,0.0,1.0000000000000002,0.9865432291009868,,3,TASK_ONLY_ADDED
570,16,0.0,1.0000000000000002,0.9752805031637413,,6,TASK_ONLY_ADDED
570,30,0.0,1.0000000000000002,0.969971352705353,,3,TASK_ONLY_ADDED
570,41,0.0,1.0000000000000002,0.9626708554950645,,6,TASK_ONLY_ADDED
571,62,0.0,1.0000000000000002,0.9675618588576835,,6,TASK_ONLY_ADDED
571,66,0.0,1.0000000000000002,0.961120586841919,,3,TASK_ONLY_ADDED
571,117,0.0,1.0000000000000002,0.9173866195380518,,6,TASK_ONLY_ADDED
572,505,0.0,1.0000000000000002,0.9794193459027657,,3,TASK_ONLY_ADDED
572,325,0.0,0.5773502691896258,0.9806790815403282,,3,TASK_ONLY_ADDED
572,578,0.0,0.5773502691896258,0.9806790827122713,,3,TASK_ONLY_ADDED
573,52,0.0,1.0000000000000002,0.9331464296922678,,3,TASK_ONLY_ADDED
573,98,0.0,1.0000000000000002,0.9778662307753523,,3,TASK_ONLY_ADDED
573,100,0.0,1.0000000000000002,0.9669030938970397,,3,TASK_ONLY_ADDED
574,38,0.0,1.0000000000000002,0.888276270712609,,3,TASK_ONLY_ADDED
574,43,0.0,1.0000000000000002,0.8954618969709759,,3,TASK_ONLY_ADDED
574,59,0.0,1.0000000000000002,0.952426507407201,,3,TASK_ONLY_ADDED
575,139,0.0,1.0000000000000002,0.92095688217167,,3,TASK_ONLY_ADDED
575,185,0.0,1.0000000000000002,0.914152137623441,,3,TASK_ONLY_ADDED
575,308,0.0,1.0000000000000002,0.9865432291009868,,3,TASK_ONLY_ADDED
576,13,0.0,1.0000000000000002,,,6,TASK_ONLY_ADDED
576,36,0.0,1.0000000000000002,0.9464379768729827,,6,TASK_ONLY_ADDED
576,42,0.0,1.0000000000000002,0.9406407608188616,,3,TASK_ONLY_ADDED
577,32,0.0,1.0000000000000002,0.9649309534350047,,3,TASK_ONLY_ADDED
577,49,0.0,1.0000000000000002,0.9734479446076201,,4,TASK_ONLY_ADDED
577,113,0.0,1.0000000000000002,0.882654773541346,,3,TASK_ONLY_ADDED
578,189,0.0,1.0000000000000002,0.9676359250565802,,3,TASK_ONLY_ADDED
578,296,0.0,1.0000000000000002,0.9806790827122713,,4,TASK_ONLY_ADDED
578,412,0.0,1.0000000000000002,0.983754437484066,,3,TASK_ONLY_ADDED
579,46,0.0,1.0000000000000002,0.931963617047247,,3,TASK_ONLY_ADDED
579,86,0.0,1.0000000000000002,0.9765532384781906,,3,TASK_ONLY_ADDED
579,100,0.0,1.0000000000000002,0.951116155798323,,6,TASK_ONLY_ADDED
580,226,0.0,1.0000000000000002,0.9662579665040971,,4,TASK_ONLY_ADDED
580,582,0.0,1.0000000000000002,0.9865432291009868,,3,TASK_ONLY_ADDED
580,740,0.0,1.0000000000000002,,,3,TASK_ONLY_ADDED
581,51,0.0,1.0000000000000002,0.9629581006187136,,3,TASK_ONLY_ADDED
581,59,0.0,1.0000000000000002,0.9894841935973364,,3,TASK_ONLY_ADDED
581,174,0.0,1.0000000000000002,0.9857427330623894,,3,TASK_ONLY_ADDED
582,23,0.0,1.0000000000000002,0.9738458758990994,,3,TASK_ONLY_ADDED
582,26,0.0,1.0000000000000002,0.9806790815403282,,6,TASK_ONLY_ADDED
582,32,0.0,1.0000000000000002,0.961120586841919,,3,TASK_ONLY_ADDED
583,21,0.0,1.0000000000000002,0.9175658777540528,,3,TASK_ONLY_ADDED
583,23,0.0,1.0000000000000002,0.8799925848562161,,3,TASK_ONLY_ADDED
583,70,0.0,1.0000000000000002,0.900757709359099,,3,TASK_ONLY_ADDED
584,33,0.0,1.0000000000000002,0.9450681987810047,,3,TASK_ONLY_ADDED
584,88,0.0,1.0000000000000002,0.9999999999999971,,3,TASK_ONLY_ADDED
584,319,0.0,1.0000000000000002,0.8730528062033653,,3,TASK_ONLY_ADDED
585,72,0.0,1.0000000000000002,0.9023978457735822,,3,TASK_ONLY_ADDED
585,163,0.0,1.0000000000000002,0.9450528364871256,,3,TASK_ONLY_ADDED
585,170,0.0,1.0000000000000002,0.945052837680059,,3,TASK_ONLY_ADDED
586,42,0.0,1.0000000000000002,0.9999999999999938,,3,TASK_ONLY_ADDED
586,93,0.0,1.0000000000000002,0.9133505245664071,,3,TASK_ONLY_ADDED
586,125,0.0,1.0000000000000002,0.9420432324198635,,3,TASK_ONLY_ADDED
587,107,0.0,1.0000000000000002,0.9174373551219143,,3,TASK_ONLY_ADDED
587,122,0.0,1.0000000000000002,0.9663057389099544,,3,TASK_ONLY_ADDED
587,249,0.0,1.0000000000000002,0.9620403666188714,,3,TASK_ONLY_ADDED
588,41,0.0,1.0000000000000002,,,3,TASK_ONLY_ADDED
588,137,0.0,1.0000000000000002,,,3,TASK_ONLY_ADDED
588,491,0.0,1.0000000000000002,,,3,TASK_ONLY_ADDED
589,152,0.0,1.0000000000000002,0.999999999999996,,3,TASK_ONLY_ADDED
589,168,0.0,1.0000000000000002,0.8882762693157109,,3,TASK_ONLY_ADDED
589,202,0.0,1.0000000000000002,0.9714203007026306,,3,TASK_ONLY_ADDED
590,191,0.0,1.0000000000000002,0.9440917782793457,,3,TASK_ONLY_ADDED
590,341,0.0,1.0000000000000002,0.9297369422279114,,3,TASK_ONLY_ADDED
590,419,0.0,1.0000000000000002,0.9646340308400758,,3,TASK_ONLY_ADDED
591,172,0.0,1.0000000000000002,0.9108449719406471,,3,TASK_ONLY_ADDED
591,241,0.0,0.8164965809277259,0.9581886674646184,,3,TASK_ONLY_ADDED
591,685,0.0,0.8164965809277259,0.9784669895470242,,3,TASK_ONLY_ADDED
592,262,0.0,0.8164965809277261,0.9547094736283407,,3,TASK_ONLY_ADDED
592,325,0.0,0.8164965809277261,0.9806790815403282,,3,TASK_ONLY_ADDED
592,21,0.0,0.7559289460184544,0.9787128308504259,,4,TASK_ONLY_ADDED
593,168,0.0,1.0000000000000002,0.9390379950272577,,3,TASK_ONLY_ADDED
593,176,0.0,1.0000000000000002,0.9316402855975268,,3,TASK_ONLY_ADDED
593,398,0.0,1.0000000000000002,0.9747555830154525,,3,TASK_ONLY_ADDED
594,37,0.0,1.0000000000000002,0.9787128258238049,,3,TASK_ONLY_ADDED
594,73,0.0,1.0000000000000002,,,3,TASK_ONLY_ADDED
594,94,0.0,1.0000000000000002,1.0,,3,TASK_ONLY_ADDED
595,143,0.0,1.0000000000000002,0.9557478095166194,,3,TASK_ONLY_ADDED
595,177,0.0,1.0000000000000002,0.9557478095166194,,3,TASK_ONLY_ADDED
595,527,0.0,1.0000000000000002,0.9319636236042843,,3,TASK_ONLY_ADDED
596,64,0.0,1.0000000000000002,1.0,,3,TASK_ONLY_ADDED
596,76,0.0,1.0000000000000002,0.9132528984426408,,3,TASK_ONLY_ADDED
596,106,0.0,1.0000000000000002,0.9557478135849817,,3,TASK_ONLY_ADDED
597,20,0.0,1.0000000000000002,1.0,,3,TASK_ONLY_ADDED
597,40,0.0,1.0000000000000002,0.9487238660456732,,3,TASK_ONLY_ADDED
597,68,0.0,1.0000000000000002,0.9865432291009868,,3,TASK_ONLY_ADDED
598,13,0.0,1.0000000000000002,,,3,TASK_ONLY_ADDED
598,15,0.0,1.0000000000000002,0.9545005813135693,,3,TASK_ONLY_ADDED
598,41,0.0,1.0000000000000002,0.9629975572333345,,3,TASK_ONLY_ADDED
599,42,0.0,1.0000000000000002,0.9333312416643784,,3,TASK_ONLY_ADDED
599,66,0.0,1.0000000000000002,0.9738004445197691,,3,TASK_ONLY_ADDED
599,90,0.0,1.0000000000000002,0.9738004445197691,,3,TASK_ONLY_ADDED
600,40,0.0,1.0000000000000002,0.9487238660456732,,3,TASK_ONLY_ADDED
600,196,0.0,1.0000000000000002,0.9865432291009868,,3,TASK_ONLY_ADDED
600,204,0.0,1.0000000000000002,,,3,TASK_ONLY_ADDED
601,12,0.0,1.0000000000000002,0.9824636492987208,,3,TASK_ONLY_ADDED
601,23,0.0,1.0000000000000002,0.932304831025417,,3,TASK_ONLY_ADDED
601,25,0.0,1.0000000000000002,0.9474308697807232,,3,TASK_ONLY_ADDED
602,16,0.0,1.0000000000000002,0.9509865491857015,,3,TASK_ONLY_ADDED
602,31,0.0,1.0000000000000002,0.9221046266516857,,4,TASK_ONLY_ADDED
602,32,0.0,1.0000000000000002,0.9585872544460518,,3,TASK_ONLY_ADDED
603,218,0.0,1.0000000000000002,0.985005349373059,,3,TASK_ONLY_ADDED
603,385,0.0,1.0000000000000002,0.8946533337158795,,3,TASK_ONLY_ADDED
603,421,0.0,1.0,0.8584847574983088,,4,TASK_ONLY_ADDED
604,381,0.0,1.0000000000000002,0.9693489209151397,,3,TASK_ONLY_ADDED
604,440,0.0,1.0,0.9302621475081012,,3,TASK_ONLY_ADDED
604,466,0.0,0.9707253433941511,0.947348861061492,,4,TASK_ONLY_ADDED
605,155,0.0,1.0000000000000002,0.9350685469846108,,3,TASK_ONLY_ADDED
605,195,0.0,1.0000000000000002,0.9590378867546304,,3,TASK_ONLY_ADDED
605,213,0.0,1.0000000000000002,0.8584847575193748,,3,TASK_ONLY_ADDED
606,110,0.0,1.0000000000000002,0.9671573533998544,,3,TASK_ONLY_ADDED
606,131,0.0,1.0000000000000002,0.978695629905381,,3,TASK_ONLY_ADDED
606,373,0.0,1.0000000000000002,0.9453174444485102,,3,TASK_ONLY_ADDED
607,40,0.0,1.0000000000000002,0.9585486101177941,,3,TASK_ONLY_ADDED
607,127,0.0,1.0000000000000002,0.8038304232196807,,3,TASK_ONLY_ADDED
607,135,0.0,1.0000000000000002,0.870403660185459,,3,TASK_ONLY_ADDED
608,585,0.0,1.0000000000000002,0.9437601505003873,,3,TASK_ONLY_ADDED
608,302,0.0,1.0,0.9583167096761601,,3,TASK_ONLY_ADDED
608,473,0.0,1.0,0.9583167096761601,,3,TASK_ONLY_ADDED
609,37,0.0,1.0000000000000002,0.9509973035095909,,3,TASK_ONLY_ADDED
609,90,0.0,1.0000000000000002,0.9456603529213958,,3,TASK_ONLY_ADDED
609,113,0.0,1.0000000000000002,0.8433902961531714,,3,TASK_ONLY_ADDED
610,70,0.0,1.0000000000000002,0.9390379967640959,,3,TASK_ONLY_ADDED
610,111,0.0,1.0000000000000002,0.8742438199502448,,3,TASK_ONLY_ADDED
610,295,0.0,1.0000000000000002,0.9802253181657581,,3,TASK_ONLY_ADDED
611,23,0.0,1.0000000000000002,0.9375892143984448,,6,TASK_ONLY_ADDED
611,37,0.0,1.0000000000000002,0.9603486416230839,,3,TASK_ONLY_ADDED
611,52,0.0,1.0000000000000002,0.9798648828352472,,6,TASK_ONLY_ADDED
612,248,0.0,1.0000000000000002,0.9999999999999977,,3,TASK_ONLY_ADDED
612,267,0.0,1.0000000000000002,0.9732204785332224,,3,TASK_ONLY_ADDED
612,428,0.0,1.0000000000000002,0.9367208508940716,,3,TASK_ONLY_ADDED
613,65,0.0,1.0000000000000002,0.946437980538585,,3,TASK_ONLY_ADDED
613,229,0.0,1.0000000000000002,0.9474308717817961,,3,TASK_ONLY_ADDED
613,257,0.0,1.0000000000000002,0.9824636481796526,,3,TASK_ONLY_ADDED
614,32,0.0,1.0000000000000002,,,3,TASK_ONLY_ADDED
614,50,0.0,1.0000000000000002,,,3,TASK_ONLY_ADDED
614,51,0.0,1.0000000000000002,,,3,TASK_ONLY_ADDED
615,140,0.0,1.0000000000000002,0.9265269144557784,,3,TASK_ONLY_ADDED
615,204,0.0,1.0000000000000002,,,3,TASK_ONLY_ADDED
615,237,0.0,1.0000000000000002,0.9616716953891138,,3,TASK_ONLY_ADDED
616,17,0.0,1.0000000000000002,1.0,,3,TASK_ONLY_ADDED
616,23,0.0,1.0000000000000002,0.9738458758990994,,3,TASK_ONLY_ADDED
616,25,0.0,1.0000000000000002,0.9317824658482984,,3,TASK_ONLY_ADDED
617,143,0.0,1.0000000000000002,0.9351398090863341,,3,TASK_ONLY_ADDED
617,327,0.0,1.0000000000000002,0.9255404399989346,,5,TASK_ONLY_ADDED
617,461,0.0,1.0000000000000002,0.977855548266521,,3,TASK_ONLY_ADDED
618,46,0.0,1.0000000000000002,0.9255404402797842,,3,TASK_ONLY_ADDED
618,87,0.0,1.0000000000000002,0.8874213145726364,,6,TASK_ONLY_ADDED
618,106,0.0,1.0000000000000002,0.9255404392823916,,3,TASK_ONLY_ADDED
619,16,0.0,1.0000000000000002,0.9639813098116331,,3,TASK_ONLY_ADDED
619,20,0.0,1.0000000000000002,1.0,,3,TASK_ONLY_ADDED
619,37,0.0,1.0000000000000002,0.9787128258238049,,3,TASK_ONLY_ADDED
620,27,0.0,1.0000000000000002,0.9688459266516245,,3,TASK_ONLY_ADDED
620,41,0.0,1.0000000000000002,0.9547399542934609,,3,TASK_ONLY_ADDED
620,46,0.0,1.0000000000000002,0.9650727947021512,,3,TASK_ONLY_ADDED
621,30,0.0,1.0000000000000002,0.9217009206708504,,3,TASK_ONLY_ADDED
621,62,0.0,1.0000000000000002,0.9544196875597959,,3,TASK_ONLY_ADDED
621,146,0.0,1.0000000000000002,0.8910429933063468,,3,TASK_ONLY_ADDED
622,14,0.0,1.0000000000000002,0.9209441185244126,,3,TASK_ONLY_ADDED
622,15,0.0,1.0000000000000002,0.9528772578999964,,3,TASK_ONLY_ADDED
622,23,0.0,1.0000000000000002,0.8983111117420004,,3,TASK_ONLY_ADDED
623,176,0.0,1.0000000000000002,0.9605311298066502,,3,TASK_ONLY_ADDED
623,336,0.0,1.0000000000000002,0.9520876423158313,,3,TASK_ONLY_ADDED
623,397,0.0,1.0000000000000002,0.965520295129705,,3,TASK_ONLY_ADDED
624,291,0.0,1.0000000000000002,0.9547094745276156,,3,TASK_ONLY_ADDED
624,614,0.0,1.0000000000000002,,,3,TASK_ONLY_ADDED
624,731,0.0,1.0000000000000002,0.9547094745276156,,3,TASK_ONLY_ADDED
625,19,0.0,1.0000000000000002,0.9611205894334732,,3,TASK_ONLY_ADDED
625,42,0.0,1.0000000000000002,0.9755729017161294,,6,TASK_ONLY_ADDED
625,46,0.0,1.0000000000000002,0.9101741431241094,,3,TASK_ONLY_ADDED
626,35,0.0,1.0000000000000002,0.9420432252655582,,3,TASK_ONLY_ADDED
626,51,0.0,1.0000000000000002,0.9487238660456732,,3,TASK_ONLY_ADDED
626,52,0.0,1.0000000000000002,0.9824636488246707,,3,TASK_ONLY_ADDED
627,37,0.0,1.0000000000000002,0.9787128258238049,,3,TASK_ONLY_ADDED
627,42,0.0,1.0000000000000002,0.9420432252655582,,3,TASK_ONLY_ADDED
627,55,0.0,1.0000000000000002,0.9265269148420459,,3,TASK_ONLY_ADDED
628,76,0.0,1.0000000000000002,0.8818197914340854,,3,TASK_ONLY_ADDED
628,342,0.0,0.9622504486493763,0.9787128262576937,,3,TASK_ONLY_ADDED
628,68,0.0,0.9486832980505138,0.9530729055367846,,4,TASK_ONLY_ADDED
629,186,0.0,1.0000000000000002,0.9835250284573366,,3,TASK_ONLY_ADDED
629,297,0.0,1.0000000000000002,0.9228086518983989,,3,TASK_ONLY_ADDED
629,323,0.0,1.0000000000000002,0.9559127914908306,,3,TASK_ONLY_ADDED
630,51,0.0,1.0000000000000002,0.8974879270136549,,3,TASK_ONLY_ADDED
630,56,0.0,1.0000000000000002,0.9639813090602825,,3,TASK_ONLY_ADDED
630,66,0.0,1.0000000000000002,0.9639813090602825,,3,TASK_ONLY_ADDED
631,42,0.0,1.0000000000000002,0.9144234729990653,,3,TASK_ONLY_ADDED
631,170,0.0,1.0000000000000002,0.965072788529498,,5,TASK_ONLY_ADDED
631,214,0.0,1.0000000000000002,0.9524265054712878,,4,TASK_ONLY_ADDED
632,62,0.0,1.0000000000000002,0.9259060021276203,,3,TASK_ONLY_ADDED
632,87,0.0,1.0000000000000002,0.9331420446888252,,3,TASK_ONLY_ADDED
632,114,0.0,1.0000000000000002,0.9732488139839841,,3,TASK_ONLY_ADDED
633,100,0.0,1.0000000000000002,0.9507676305946956,,6,TASK_ONLY_ADDED
633,110,0.0,1.0000000000000002,0.9749137700634739,,3,TASK_ONLY_ADDED
633,113,0.0,1.0000000000000002,0.9566576673886805,,3,TASK_ONLY_ADDED
634,12,0.0,1.0000000000000002,0.964678458555335,,9,TASK_ONLY_ADDED
634,15,0.0,1.0000000000000002,0.964678458555335,,3,TASK_ONLY_ADDED
634,23,0.0,1.0000000000000002,0.9212287399066443,,3,TASK_ONLY_ADDED
635,15,0.0,1.0000000000000002,0.9528772567385477,,9,TASK_ONLY_ADDED
635,29,0.0,1.0000000000000002,0.880360617847562,,3,TASK_ONLY_ADDED
635,32,0.0,1.0000000000000002,0.9146899939888529,,3,TASK_ONLY_ADDED
636,86,0.0,1.0000000000000002,0.9416636284908011,,3,TASK_ONLY_ADDED
636,93,0.0,1.0000000000000002,0.9611058392661848,,3,TASK_ONLY_ADDED
636,110,0.0,1.0000000000000002,0.9472071497699976,,3,TASK_ONLY_ADDED
637,46,0.0,1.0000000000000002,0.9392892939818961,,3,TASK_ONLY_ADDED
637,86,0.0,1.0000000000000002,0.9788505665464109,,4,TASK_ONLY_ADDED
637,90,0.0,1.0000000000000002,0.962720391122974,,3,TASK_ONLY_ADDED
638,16,0.0,1.0000000000000002,0.9557586118095889,,3,TASK_ONLY_ADDED
638,62,0.0,1.0000000000000002,0.953270087891096,,3,TASK_ONLY_ADDED
638,73,0.0,1.0000000000000002,,,3,TASK_ONLY_ADDED
639,12,0.0,1.0000000000000002,1.0,,3,TASK_ONLY_ADDED
639,16,0.0,1.0000000000000002,0.9639813098116331,,3,TASK_ONLY_ADDED
639,26,0.0,1.0000000000000002,0.9806790815403282,,3,TASK_ONLY_ADDED
640,307,0.0,0.6666666666666666,0.9754100775982364,,4,TASK_ONLY_ADDED
640,491,0.0,0.6666666666666666,0.9120722197783447,,3,TASK_ONLY_ADDED
640,10,0.0,0.5773502691896258,,,4,TASK_ONLY_ADDED
641,124,0.0,1.0000000000000002,0.9278740719827295,,3,TASK_ONLY_ADDED
641,459,0.0,1.0000000000000002,0.9794193462367038,,3,TASK_ONLY_ADDED
641,556,0.0,1.0000000000000002,0.9794193462367038,,3,TASK_ONLY_ADDED
642,42,0.0,1.0000000000000002,0.9628252654127993,,3,TASK_ONLY_ADDED
642,87,0.0,1.0000000000000002,0.9699193340349448,,6,TASK_ONLY_ADDED
642,110,0.0,1.0000000000000002,0.9671573548890876,,3,TASK_ONLY_ADDED
643,29,0.0,1.0000000000000002,0.9190619962487369,,3,TASK_ONLY_ADDED
643,132,0.0,1.0000000000000002,0.9244060999069849,,3,TASK_ONLY_ADDED
643,261,0.0,1.0000000000000002,,,3,TASK_ONLY_ADDED
644,26,0.0,1.0000000000000002,0.9610359001317524,,3,TASK_ONLY_ADDED
644,40,0.0,1.0000000000000002,0.9748044316036056,,3,TASK_ONLY_ADDED
644,45,0.0,1.0000000000000002,0.9610358968357197,,3,TASK_ONLY_ADDED
645,38,0.0,1.0000000000000002,0.9246351769434363,,3,TASK_ONLY_ADDED
645,127,0.0,1.0000000000000002,0.9317824697544982,,3,TASK_ONLY_ADDED
645,184,0.0,1.0000000000000002,0.9464225432249294,,3,TASK_ONLY_ADDED
646,70,0.0,1.0000000000000002,0.952820551009658,,3,TASK_ONLY_ADDED
646,107,0.0,1.0000000000000002,0.968115055201854,,3,TASK_ONLY_ADDED
646,121,0.0,1.0000000000000002,0.9528772578999964,,3,TASK_ONLY_ADDED
647,113,0.0,1.0000000000000002,0.8814523334682279,,3,TASK_ONLY_ADDED
647,132,0.0,1.0000000000000002,0.9216289044955785,,3,TASK_ONLY_ADDED
647,223,0.0,1.0000000000000002,0.9700823577445793,,7,TASK_ONLY_ADDED
648,20,0.0,1.0000000000000002,0.9483767879281998,,6,TASK_ONLY_ADDED
648,32,0.0,1.0000000000000002,0.9466149205188741,,3,TASK_ONLY_ADDED
648,89,0.0,1.0000000000000002,0.9554125163036424,,3,TASK_ONLY_ADDED
649,54,0.0,0.5773502691896258,0.9324866421200513,,6,TASK_ONLY_ADDED
649,65,0.0,0.0,0.9524265116346441,,8,TASK_ONLY_ADDED
649,172,0.0,0.0,0.9320419788754504,,6,TASK_ONLY_ADDED
650,420,0.0,0.9636241116594316,0.9120722197783447,,5,TASK_ONLY_ADDED
650,148,0.0,0.9486832980505138,0.8946689301738726,,4,TASK_ONLY_ADDED
650,390,0.0,0.8528028654224417,0.9686772924270485,,5,TASK_ONLY_ADDED
651,25,0.0,1.0000000000000002,0.9835250260992415,,3,TASK_ONLY_ADDED
651,35,0.0,1.0000000000000002,0.9559127914908306,,3,TASK_ONLY_ADDED
651,57,0.0,1.0000000000000002,0.8748956049828057,,3,TASK_ONLY_ADDED
652,40,0.0,1.0000000000000002,0.9629580988200434,,3,TASK_ONLY_ADDED
652,213,0.0,1.0000000000000002,0.9355547373823587,,3,TASK_ONLY_ADDED
652,225,0.0,1.0000000000000002,0.9999999999999987,,3,TASK_ONLY_ADDED
653,16,0.0,1.0000000000000002,0.9261084004716724,,3,TASK_ONLY_ADDED
653,30,0.0,1.0000000000000002,0.9734363206424328,,3,TASK_ONLY_ADDED
653,52,0.0,1.0000000000000002,0.9309076083408742,,6,TASK_ONLY_ADDED
654,136,0.0,1.0000000000000002,0.9750816672754549,,3,TASK_ONLY_ADDED
654,355,0.0,1.0000000000000002,0.9530605257253851,,3,TASK_ONLY_ADDED
654,480,0.0,1.0000000000000002,,,3,TASK_ONLY_ADDED
655,48,0.0,1.0,0.9547094764030233,,5,TASK_ONLY_ADDED
655,81,0.0,1.0,0.9633150259944552,,3,TASK_ONLY_ADDED
655,193,0.0,1.0,0.9794193485015635,,3,TASK_ONLY_ADDED
656,203,0.0,0.5773502691896258,0.9197887980084796,,4,TASK_ONLY_ADDED
656,270,0.0,0.5773502691896258,0.9633150259944552,,5,TASK_ONLY_ADDED
656,81,0.0,0.3779644730092272,0.9999999999999993,,5,TASK_ONLY_ADDED
657,23,0.0,1.0000000000000002,0.9738458758990994,,6,TASK_ONLY_ADDED
657,209,0.0,1.0000000000000002,0.9734363214507032,,3,TASK_ONLY_ADDED
657,247,0.0,1.0000000000000002,0.964678458555335,,3,TASK_ONLY_ADDED
659,691,0.0,1.0000000000000002,0.9849399252045576,,3,TASK_ONLY_ADDED
659,755,0.0,1.0000000000000002,0.9743900909113045,,3,TASK_ONLY_ADDED
659,486,0.0,1.0,0.9743900859779308,,7,TASK_ONLY_ADDED
660,132,0.0,1.0000000000000002,0.9244060974064144,,3,TASK_ONLY_ADDED
660,154,0.0,1.0000000000000002,0.9999999999999918,,3,TASK_ONLY_ADDED
660,191,0.0,1.0000000000000002,0.9278740759477458,,3,TASK_ONLY_ADDED
661,91,0.0,1.0000000000000002,0.9614818468686687,,3,TASK_ONLY_ADDED
661,174,0.0,1.0000000000000002,0.9790459031924265,,3,TASK_ONLY_ADDED
661,228,0.0,1.0000000000000002,0.866259271827275,,3,TASK_ONLY_ADDED
662,44,0.0,1.0000000000000002,0.959400934511315,,3,TASK_ONLY_ADDED
662,66,0.0,1.0000000000000002,1.0,,3,TASK_ONLY_ADDED
662,134,0.0,1.0000000000000002,0.9129282570602943,,3,TASK_ONLY_ADDED
663,294,0.0,1.0000000000000002,0.871308471482946,,3,TASK_ONLY_ADDED
663,432,0.0,1.0000000000000002,0.9737376408931872,,3,TASK_ONLY_ADDED
663,747,0.0,1.0000000000000002,0.9471904310983514,,3,TASK_ONLY_ADDED
664,104,0.0,1.0000000000000002,,,3,TASK_ONLY_ADDED
664,283,0.0,1.0000000000000002,,,3,TASK_ONLY_ADDED
664,431,0.0,1.0000000000000002,,,3,TASK_ONLY_ADDED
665,101,0.0,1.0000000000000002,,,3,TASK_ONLY_ADDED
665,153,0.0,1.0000000000000002,,,3,TASK_ONLY_ADDED
665,188,0.0,1.0000000000000002,,,3,TASK_ONLY_ADDED
666,68,0.0,1.0000000000000002,0.9865432291009868,,3,TASK_ONLY_ADDED
666,86,0.0,1.0000000000000002,0.9472315702303523,,3,TASK_ONLY_ADDED
666,93,0.0,1.0000000000000002,0.9828880247457558,,3,TASK_ONLY_ADDED
667,54,0.0,1.0000000000000002,0.9742492755433215,,3,TASK_ONLY_ADDED
667,95,0.0,1.0000000000000002,0.9646784562203947,,3,TASK_ONLY_ADDED
667,457,0.0,1.0000000000000002,0.9528772601001511,,3,TASK_ONLY_ADDED
668,42,0.0,1.0000000000000002,0.9420432252655582,,3,TASK_ONLY_ADDED
668,87,0.0,1.0000000000000002,0.9616716928623402,,3,TASK_ONLY_ADDED
668,111,0.0,1.0000000000000002,0.9545005813135693,,3,TASK_ONLY_ADDED
669,59,0.0,1.0000000000000002,0.937846983373482,,3,TASK_ONLY_ADDED
669,66,0.0,1.0000000000000002,0.9853041597713569,,3,TASK_ONLY_ADDED
669,68,0.0,1.0000000000000002,0.9637657736768385,,3,TASK_ONLY_ADDED
670,33,0.0,1.0000000000000002,0.9824696697356686,,3,TASK_ONLY_ADDED
670,543,0.0,1.0000000000000002,1.0000000000000002,,4,TASK_ONLY_ADDED
670,183,0.0,1.0,0.9186731898257819,,3,TASK_ONLY_ADDED
671,16,0.0,1.0000000000000002,0.9639813098116331,,3,TASK_ONLY_ADDED
671,66,0.0,1.0000000000000002,1.0,,3,TASK_ONLY_ADDED
671,94,0.0,1.0000000000000002,1.0,,6,TASK_ONLY_ADDED
672,32,0.0,1.0000000000000002,0.9521660180930676,,3,TASK_ONLY_ADDED
672,38,0.0,1.0000000000000002,0.9390073894927917,,3,TASK_ONLY_ADDED
672,46,0.0,1.0000000000000002,0.8993093781459607,,3,TASK_ONLY_ADDED
673,37,0.0,1.0000000000000002,0.9755552981750494,,3,TASK_ONLY_ADDED
673,46,0.0,1.0000000000000002,0.9033274042169823,,3,TASK_ONLY_ADDED
673,160,0.0,1.0000000000000002,0.9628252605034469,,3,TASK_ONLY_ADDED
674,11,0.0,1.0000000000000002,0.951640056752823,,3,TASK_ONLY_ADDED
674,46,0.0,1.0000000000000002,0.9522620520512148,,3,TASK_ONLY_ADDED
674,87,0.0,1.0000000000000002,0.9404460998595191,,3,TASK_ONLY_ADDED
675,13,0.0,1.0000000000000002,,,3,TASK_ONLY_ADDED
675,23,0.0,1.0000000000000002,0.9212287399066443,,3,TASK_ONLY_ADDED
675,73,0.0,1.0000000000000002,,,3,TASK_ONLY_ADDED
676,41,0.0,1.0000000000000002,0.9336737717435982,,3,TASK_ONLY_ADDED
676,86,0.0,1.0000000000000002,0.9315967134367341,,4,TASK_ONLY_ADDED
676,122,0.0,1.0000000000000002,0.9522684276090986,,6,TASK_ONLY_ADDED
677,166,0.0,1.0,0.8507669755867819,,3,TASK_ONLY_ADDED
677,182,0.0,1.0,0.9344037537156176,,3,TASK_ONLY_ADDED
677,226,0.0,1.0,0.9203238232328013,,3,TASK_ONLY_ADDED
678,16,0.0,1.0000000000000002,0.9896761201537772,,3,TASK_ONLY_ADDED
678,26,0.0,1.0000000000000002,0.9410522259887407,,3,TASK_ONLY_ADDED
678,32,0.0,1.0000000000000002,0.8943206592861983,,3,TASK_ONLY_ADDED
679,16,0.0,1.0000000000000002,0.971435513513276,,3,TASK_ONLY_ADDED
679,42,0.0,1.0000000000000002,0.9333312416643784,,3,TASK_ONLY_ADDED
679,61,0.0,1.0000000000000002,0.9536527786416582,,6,TASK_ONLY_ADDED
680,37,0.0,1.0000000000000002,0.9547399543316132,,3,TASK_ONLY_ADDED
680,132,0.0,1.0000000000000002,0.9244060980450015,,3,TASK_ONLY_ADDED
680,165,0.0,1.0000000000000002,0.9794193475422314,,3,TASK_ONLY_ADDED
681,32,0.0,1.0000000000000002,0.908405196061125,,3,TASK_ONLY_ADDED
681,49,0.0,1.0000000000000002,0.9874301933716706,,3,TASK_ONLY_ADDED
681,71,0.0,1.0000000000000002,0.9562296733211157,,3,TASK_ONLY_ADDED
682,56,0.0,1.0000000000000002,0.9547094745633414,,3,TASK_ONLY_ADDED
682,162,0.0,1.0000000000000002,0.9580329844055876,,3,TASK_ONLY_ADDED
682,168,0.0,1.0000000000000002,0.975081663208303,,3,TASK_ONLY_ADDED
683,42,0.0,1.0000000000000002,0.9420432252655582,,3,TASK_ONLY_ADDED
683,96,0.0,1.0000000000000002,0.9491930669201585,,3,TASK_ONLY_ADDED
683,125,0.0,1.0000000000000002,1.0,,3,TASK_ONLY_ADDED
684,42,0.0,1.0000000000000002,0.9469758235096148,,3,TASK_ONLY_ADDED
684,177,0.0,1.0000000000000002,0.9734363214507032,,3,TASK_ONLY_ADDED
684,227,0.0,1.0000000000000002,0.9645254679587028,,3,TASK_ONLY_ADDED
685,106,0.0,1.0000000000000002,0.9363429243419662,,3,TASK_ONLY_ADDED
685,118,0.0,1.0000000000000002,0.9389197519078886,,3,TASK_ONLY_ADDED
685,281,0.0,1.0000000000000002,0.9731737930656967,,6,TASK_ONLY_ADDED
686,15,0.0,1.0000000000000002,0.9824636481796526,,3,TASK_ONLY_ADDED
686,23,0.0,1.0000000000000002,0.9323048299607113,,3,TASK_ONLY_ADDED
686,53,0.0,1.0000000000000002,0.9363429190281726,,3,TASK_ONLY_ADDED
687,35,0.0,1.0000000000000002,0.9328504661669969,,3,TASK_ONLY_ADDED
687,105,0.0,1.0000000000000002,0.9732553311604711,,3,TASK_ONLY_ADDED
687,114,0.0,1.0000000000000002,0.9894841942934909,,3,TASK_ONLY_ADDED
688,12,0.0,1.0000000000000002,0.9528772578999964,,3,TASK_ONLY_ADDED
688,38,0.0,1.0000000000000002,0.8310357569337202,,3,TASK_ONLY_ADDED
688,52,0.0,1.0000000000000002,0.951528700335435,,3,TASK_ONLY_ADDED
689,15,0.0,1.0000000000000002,0.9794193485015635,,10,TASK_ONLY_ADDED
689,29,0.0,1.0000000000000002,0.9190619971612832,,3,TASK_ONLY_ADDED
689,46,0.0,1.0000000000000002,0.9650727920761601,,3,TASK_ONLY_ADDED
690,46,0.0,1.0000000000000002,0.9729823231340619,,3,TASK_ONLY_ADDED
690,158,0.0,1.0000000000000002,0.9794398715333525,,3,TASK_ONLY_ADDED
690,218,0.0,1.0000000000000002,0.9850053491717222,,3,TASK_ONLY_ADDED
691,23,0.0,1.0000000000000002,0.9320419801306912,,3,TASK_ONLY_ADDED
691,39,0.0,1.0000000000000002,0.9714202989106698,,3,TASK_ONLY_ADDED
691,73,0.0,1.0000000000000002,,,3,TASK_ONLY_ADDED
692,66,0.0,1.0000000000000002,0.961120586841919,,3,TASK_ONLY_ADDED
692,135,0.0,1.0000000000000002,0.9444332443497199,,3,TASK_ONLY_ADDED
692,218,0.0,1.0000000000000002,0.9418655051788792,,3,TASK_ONLY_ADDED
693,118,0.0,1.0000000000000002,0.9374333708018033,,3,TASK_ONLY_ADDED
693,132,0.0,1.0000000000000002,0.8922357145826365,,3,TASK_ONLY_ADDED
693,134,0.0,1.0000000000000002,0.8657239783198082,,3,TASK_ONLY_ADDED
694,30,0.0,1.0000000000000002,0.9627203947766696,,6,TASK_ONLY_ADDED
694,35,0.0,1.0000000000000002,0.9020124936043215,,3,TASK_ONLY_ADDED
694,40,0.0,1.0000000000000002,0.8741743186419978,,6,TASK_ONLY_ADDED
695,12,0.0,1.0000000000000002,0.9132528969545898,,3,TASK_ONLY_ADDED
695,23,0.0,1.0000000000000002,0.8588852677198033,,3,TASK_ONLY_ADDED
695,58,0.0,1.0000000000000002,0.8818197879917072,,3,TASK_ONLY_ADDED
696,23,0.0,1.0000000000000002,0.9320419697871496,,3,TASK_ONLY_ADDED
696,67,0.0,1.0000000000000002,0.9809087236543557,,3,TASK_ONLY_ADDED
696,212,0.0,1.0000000000000002,0.9823515379573676,,3,TASK_ONLY_ADDED
697,88,0.0,1.0000000000000002,0.9351398079168451,,3,TASK_ONLY_ADDED
697,112,0.0,1.0000000000000002,0.9806790812734095,,3,TASK_ONLY_ADDED
697,143,0.0,1.0000000000000002,1.0,,3,TASK_ONLY_ADDED
698,26,0.0,1.0000000000000002,0.9402494863538116,,3,TASK_ONLY_ADDED
698,37,0.0,1.0000000000000002,0.9403407959340424,,3,TASK_ONLY_ADDED
698,74,0.0,1.0000000000000002,0.9367059226849908,,3,TASK_ONLY_ADDED
699,12,0.0,1.0000000000000002,1.0,,3,TASK_ONLY_ADDED
699,26,0.0,1.0000000000000002,0.9806790815403282,,3,TASK_ONLY_ADDED
699,28,0.0,1.0000000000000002,0.9633150259944552,,3,TASK_ONLY_ADDED
700,132,0.0,1.0000000000000002,0.9694179802006619,,3,TASK_ONLY_ADDED
700,152,0.0,1.0000000000000002,0.971420300561584,,3,TASK_ONLY_ADDED
700,177,0.0,1.0000000000000002,0.9806790831908886,,3,TASK_ONLY_ADDED
701,15,0.0,1.0000000000000002,0.9699713572266225,,3,TASK_ONLY_ADDED
701,16,0.0,1.0000000000000002,0.9752805064181402,,3,TASK_ONLY_ADDED
701,98,0.0,1.0000000000000002,0.9581886667062498,,3,TASK_ONLY_ADDED
702,13,0.0,1.0000000000000002,,,3,TASK_ONLY_ADDED
702,23,0.0,1.0000000000000002,0.9629622963573856,,3,TASK_ONLY_ADDED
702,30,0.0,1.0000000000000002,0.9616716969447698,,3,TASK_ONLY_ADDED
703,42,0.0,1.0000000000000002,0.9420432252655582,,3,TASK_ONLY_ADDED
703,344,0.0,1.0000000000000002,0.9317824697544982,,3,TASK_ONLY_ADDED
703,419,0.0,1.0000000000000002,0.9633957940752508,,3,TASK_ONLY_ADDED
704,127,0.0,1.0000000000000002,0.8847763897448135,,3,TASK_ONLY_ADDED
704,142,0.0,1.0000000000000002,0.8555767727335811,,3,TASK_ONLY_ADDED
704,162,0.0,1.0000000000000002,0.8415216938897764,,3,TASK_ONLY_ADDED
705,32,0.0,1.0000000000000002,0.9560409145019186,,3,TASK_ONLY_ADDED
705,46,0.0,1.0000000000000002,0.9790441209189363,,3,TASK_ONLY_ADDED
705,59,0.0,1.0000000000000002,0.9834273642557253,,3,TASK_ONLY_ADDED
706,59,0.0,1.0000000000000002,0.9665225061835767,,3,TASK_ONLY_ADDED
706,134,0.0,1.0000000000000002,0.8776297637013376,,3,TASK_ONLY_ADDED
706,151,0.0,1.0000000000000002,0.9528772578999964,,3,TASK_ONLY_ADDED
707,59,0.0,1.0000000000000002,0.9834273634099422,,3,TASK_ONLY_ADDED
707,113,0.0,1.0000000000000002,0.8680814861705268,,3,TASK_ONLY_ADDED
707,127,0.0,1.0000000000000002,0.9094489934154365,,3,TASK_ONLY_ADDED
708,85,0.0,1.0000000000000002,,,3,TASK_ONLY_ADDED
708,90,0.0,1.0000000000000002,,,3,TASK_ONLY_ADDED
708,182,0.0,1.0000000000000002,,,3,TASK_ONLY_ADDED
709,32,0.0,1.0000000000000002,0.945042768446517,,3,TASK_ONLY_ADDED
709,42,0.0,1.0000000000000002,0.9133505214755576,,6,TASK_ONLY_ADDED
709,51,0.0,1.0000000000000002,0.8922357182579133,,3,TASK_ONLY_ADDED
710,12,0.0,1.0000000000000002,0.9824636462246567,,3,TASK_ONLY_ADDED
710,28,0.0,1.0000000000000002,0.9373812324340507,,3,TASK_ONLY_ADDED
710,56,0.0,1.0000000000000002,0.9824636462246567,,3,TASK_ONLY_ADDED
711,25,0.0,1.0000000000000002,0.7992162971652831,,3,TASK_ONLY_ADDED
711,36,0.0,1.0000000000000002,0.9198823203189969,,6,TASK_ONLY_ADDED
711,37,0.0,1.0000000000000002,0.8905760435055328,,3,TASK_ONLY_ADDED
712,67,0.0,1.0000000000000002,0.9654093728642079,,3,TASK_ONLY_ADDED
712,73,0.0,1.0000000000000002,,,3,TASK_ONLY_ADDED
712,88,0.0,1.0000000000000002,0.9398252318409697,,3,TASK_ONLY_ADDED
713,57,0.0,1.0000000000000002,0.9746063262706912,,6,TASK_ONLY_ADDED
713,110,0.0,1.0000000000000002,0.9472071497699976,,3,TASK_ONLY_ADDED
713,227,0.0,1.0000000000000002,0.9350685442159982,,3,TASK_ONLY_ADDED
714,68,0.0,1.0000000000000002,0.9865432291009868,,3,TASK_ONLY_ADDED
714,87,0.0,1.0000000000000002,0.9616716928623402,,3,TASK_ONLY_ADDED
714,98,0.0,1.0000000000000002,0.95574781007702,,3,TASK_ONLY_ADDED
715,46,0.0,1.0000000000000002,0.9650727920761601,,3,TASK_ONLY_ADDED
715,63,0.0,1.0000000000000002,0.9849399257439663,,3,TASK_ONLY_ADDED
715,129,0.0,1.0000000000000002,0.9558153129196989,,3,TASK_ONLY_ADDED
716,14,0.0,1.0000000000000002,0.9237375550878645,,3,TASK_ONLY_ADDED
716,50,0.0,1.0000000000000002,0.8863643052265637,,3,TASK_ONLY_ADDED
716,60,0.0,1.0000000000000002,0.8784085007319856,,3,TASK_ONLY_ADDED
717,13,0.0,1.0000000000000002,,,3,TASK_ONLY_ADDED
717,17,0.0,1.0000000000000002,0.9317824697544982,,3,TASK_ONLY_ADDED
717,31,0.0,1.0000000000000002,0.784131872970781,,3,TASK_ONLY_ADDED
718,17,0.0,1.0000000000000002,0.9794193464770968,,3,TASK_ONLY_ADDED
718,23,0.0,1.0000000000000002,0.9320419755023654,,3,TASK_ONLY_ADDED
718,35,0.0,1.0000000000000002,0.9144234701162022,,3,TASK_ONLY_ADDED
719,21,0.0,1.0000000000000002,0.9547399590391288,,9,TASK_ONLY_ADDED
719,32,0.0,1.0000000000000002,0.955815311736714,,3,TASK_ONLY_ADDED
719,52,0.0,1.0000000000000002,0.9874133273413582,,6,TASK_ONLY_ADDED
720,37,0.0,1.0000000000000002,0.8818197857970682,,3,TASK_ONLY_ADDED
720,59,0.0,1.0000000000000002,0.9317831885299778,,3,TASK_ONLY_ADDED
720,90,0.0,1.0000000000000002,0.9132528919513496,,3,TASK_ONLY_ADDED
721,181,0.0,1.0000000000000002,0.9919294623348178,,10,TASK_ONLY_ADDED
721,206,0.0,1.0000000000000002,0.9794193485015635,,3,TASK_ONLY_ADDED
721,442,0.0,1.0000000000000002,0.952426504394158,,3,TASK_ONLY_ADDED
722,14,0.0,1.0000000000000002,0.9440221109416789,,3,TASK_ONLY_ADDED
722,28,0.0,1.0000000000000002,0.9502272829031738,,3,TASK_ONLY_ADDED
722,47,0.0,1.0000000000000002,0.9259843287487001,,3,TASK_ONLY_ADDED
723,700,0.0,1.0,0.9561958150615217,,3,TASK_ONLY_ADDED
723,112,0.0,0.9622504486493763,0.956195812359374,,3,TASK_ONLY_ADDED
723,347,0.0,0.9622504486493763,0.9485264321712581,,3,TASK_ONLY_ADDED
724,23,0.0,1.0000000000000002,0.9108449735702364,,6,TASK_ONLY_ADDED
724,32,0.0,1.0000000000000002,0.9450936802689518,,3,TASK_ONLY_ADDED
724,40,0.0,1.0000000000000002,0.954372101063047,,3,TASK_ONLY_ADDED
725,23,0.0,1.0000000000000002,0.9738458758990994,,3,TASK_ONLY_ADDED
725,109,0.0,1.0000000000000002,0.9547904360855624,,3,TASK_ONLY_ADDED
725,111,0.0,1.0000000000000002,0.9545005813135693,,3,TASK_ONLY_ADDED
726,13,0.0,1.0000000000000002,,,6,TASK_ONLY_ADDED
726,15,0.0,1.0000000000000002,0.964678458555335,,6,TASK_ONLY_ADDED
726,16,0.0,1.0000000000000002,0.9485264321712581,,3,TASK_ONLY_ADDED
728,299,0.0,1.0000000000000002,0.9487238660456732,,3,TASK_ONLY_ADDED
728,397,0.0,0.9622504486493763,0.9472315702303523,,3,TASK_ONLY_ADDED
728,258,0.0,0.9428090415820635,0.8702169657000697,,3,TASK_ONLY_ADDED
729,53,0.0,1.0000000000000002,0.9581886659807861,,7,TASK_ONLY_ADDED
729,134,0.0,1.0000000000000002,0.909215005649555,,3,TASK_ONLY_ADDED
729,152,0.0,1.0000000000000002,0.9849399252045576,,3,TASK_ONLY_ADDED
730,42,0.0,1.0000000000000002,0.9420432252655582,,6,TASK_ONLY_ADDED
730,86,0.0,1.0000000000000002,0.9472315702303523,,4,TASK_ONLY_ADDED
730,151,0.0,1.0000000000000002,1.0,,3,TASK_ONLY_ADDED
731,29,0.0,1.0000000000000002,0.9547094717688748,,3,TASK_ONLY_ADDED
731,46,0.0,1.0000000000000002,0.9557478104089453,,3,TASK_ONLY_ADDED
731,135,0.0,1.0000000000000002,0.962720391122974,,3,TASK_ONLY_ADDED
732,623,0.0,1.0,0.9597424704256144,,3,TASK_ONLY_ADDED
732,655,0.0,1.0,0.9770930333460692,,3,TASK_ONLY_ADDED
732,111,0.0,0.8944271909999159,0.9619916144759925,,3,TASK_ONLY_ADDED
733,26,0.0,1.0000000000000002,0.9837544365871564,,3,TASK_ONLY_ADDED
733,36,0.0,1.0000000000000002,0.9405453377975277,,3,TASK_ONLY_ADDED
733,45,0.0,1.0000000000000002,0.9837544364306289,,3,TASK_ONLY_ADDED
735,128,0.0,1.0000000000000002,,,3,TASK_ONLY_ADDED
735,140,0.0,1.0000000000000002,,,3,TASK_ONLY_ADDED
735,163,0.0,1.0000000000000002,,,3,TASK_ONLY_ADDED
736,393,0.0,0.8164965809277261,0.9738458761092826,,3,TASK_ONLY_ADDED
736,291,0.0,0.8164965809277259,1.0,,3,TASK_ONLY_ADDED
736,461,0.0,0.8164965809277259,0.9567031244482369,,3,TASK_ONLY_ADDED
737,189,0.0,1.0000000000000002,0.9437589211393832,,3,TASK_ONLY_ADDED
737,261,0.0,1.0000000000000002,,,3,TASK_ONLY_ADDED
737,345,0.0,1.0000000000000002,0.887343264827595,,3,TASK_ONLY_ADDED
738,12,0.0,1.0000000000000002,1.0,,3,TASK_ONLY_ADDED
738,241,0.0,1.0,0.9557478114262787,,3,TASK_ONLY_ADDED
738,266,0.0,1.0,0.9781648212739634,,3,TASK_ONLY_ADDED
739,9,0.0,1.0000000000000002,,,3,TASK_ONLY_ADDED
739,14,0.0,1.0000000000000002,,,3,TASK_ONLY_ADDED
739,17,0.0,1.0000000000000002,,,3,TASK_ONLY_ADDED
740,25,0.0,1.0000000000000002,,,3,TASK_ONLY_ADDED
740,40,0.0,1.0000000000000002,,,3,TASK_ONLY_ADDED
740,52,0.0,1.0000000000000002,,,3,TASK_ONLY_ADDED
741,171,0.0,1.0000000000000002,1.0,,4,TASK_ONLY_ADDED
741,192,0.0,1.0000000000000002,0.9787128262576937,,4,TASK_ONLY_ADDED
741,229,0.0,1.0000000000000002,0.9317824697544982,,3,TASK_ONLY_ADDED
742,76,0.0,1.0000000000000002,0.9132528984426408,,3,TASK_ONLY_ADDED
742,221,0.0,1.0000000000000002,0.9516793331612367,,3,TASK_ONLY_ADDED
742,334,0.0,1.0000000000000002,0.9806790842263925,,3,TASK_ONLY_ADDED
743,16,0.0,1.0000000000000002,0.9639813098116331,,3,TASK_ONLY_ADDED
743,32,0.0,1.0000000000000002,0.961120586841919,,3,TASK_ONLY_ADDED
743,63,0.0,1.0000000000000002,0.9699713587592962,,3,TASK_ONLY_ADDED
744,119,0.0,1.0000000000000002,1.0,,3,TASK_ONLY_ADDED
744,272,0.0,1.0000000000000002,,,3,TASK_ONLY_ADDED
744,556,0.0,1.0000000000000002,1.0,,6,TASK_ONLY_ADDED
745,57,0.0,0.9999999999999998,0.8748956049828057,,3,TASK_ONLY_ADDED
745,61,0.0,0.9999999999999998,0.969479758313091,,3,TASK_ONLY_ADDED
745,69,0.0,0.9999999999999998,0.9694797616408455,,3,TASK_ONLY_ADDED
746,661,0.0,0.9525793444156805,0.9613373072255509,,4,TASK_ONLY_ADDED
746,292,0.0,0.8944271909999159,0.9415801689042204,,3,TASK_ONLY_ADDED
746,588,0.0,0.7745966692414834,,,3,TASK_ONLY_ADDED
747,11,0.0,1.0000000000000002,1.0,,3,TASK_ONLY_ADDED
747,144,0.0,1.0000000000000002,0.9616716916386817,,3,TASK_ONLY_ADDED
747,187,0.0,1.0000000000000002,0.9197532190055877,,3,TASK_ONLY_ADDED
748,415,0.0,0.8944271909999159,0.9276913115689344,,3,TASK_ONLY_ADDED
748,10,0.0,0.7071067811865475,,,3,TASK_ONLY_ADDED
748,79,0.0,0.7071067811865475,0.9869274357626666,,3,TASK_ONLY_ADDED
749,215,0.0,1.0000000000000002,,,3,TASK_ONLY_ADDED
749,261,0.0,1.0000000000000002,,,3,TASK_ONLY_ADDED
749,397,0.0,1.0000000000000002,,,3,TASK_ONLY_ADDED
750,18,0.0,1.0000000000000002,,,3,TASK_ONLY_ADDED
750,107,0.0,1.0000000000000002,,,5,TASK_ONLY_ADDED
750,189,0.0,1.0000000000000002,,,3,TASK_ONLY_ADDED
751,566,0.0,0.8660254037844387,0.9610345362893975,,3,TASK_ONLY_ADDED
751,643,0.0,0.8164965809277261,0.9169197247548794,,3,TASK_ONLY_ADDED
751,342,0.0,0.7844645405527361,0.9317824697544982,,4,TASK_ONLY_ADDED
752,20,0.0,1.0000000000000002,0.9623825744921536,,3,TASK_ONLY_ADDED
752,27,0.0,1.0000000000000002,0.9317463237186556,,3,TASK_ONLY_ADDED
752,35,0.0,1.0000000000000002,0.9542198918758594,,3,TASK_ONLY_ADDED
753,16,0.0,1.0000000000000002,0.9752805064181402,,3,TASK_ONLY_ADDED
753,25,0.0,1.0000000000000002,0.8847763924536487,,3,TASK_ONLY_ADDED
753,35,0.0,1.0000000000000002,0.9186731881472517,,3,TASK_ONLY_ADDED
754,20,0.0,1.0000000000000002,0.9699713572266225,,3,TASK_ONLY_ADDED
754,91,0.0,1.0000000000000002,0.9784852537436249,,3,TASK_ONLY_ADDED
754,100,0.0,1.0000000000000002,0.9597109715278289,,3,TASK_ONLY_ADDED
755,23,0.0,1.0000000000000002,0.9407116407256496,,3,TASK_ONLY_ADDED
755,67,0.0,1.0000000000000002,0.960170060971651,,3,TASK_ONLY_ADDED
755,70,0.0,1.0000000000000002,0.9693489239923927,,3,TASK_ONLY_ADDED
756,35,0.0,1.0000000000000002,,,5,TASK_ONLY_ADDED
756,100,0.0,1.0000000000000002,,,3,TASK_ONLY_ADDED
756,157,0.0,1.0000000000000002,,,4,TASK_ONLY_ADDED
