matrix_index,drug_name,stitch_id,stitch_found,stitch_row_count,distinct_inchikey_count,inchikeys
0,lepirudin,CIDm16132441,true,3,3,"[""OTQCKZUSUGYWBD-BRHMIFOHSA-N"",""OTQCKZUSUGYWBD-MLVDHBCPSA-N"",""OTQCKZUSUGYWBD-UHFFFAOYSA-N""]"
1,bivalirudin,CIDm16129704,true,10,9,"[""ODCZNMGPBWFNPG-HKRGSHRKSA-N"",""OIRCOABEOLEUMC-DRWUPLGZSA-N"",""OIRCOABEOLEUMC-GEJPAHFPSA-N"",""OIRCOABEOLEUMC-NUDLHGAQSA-N"",""OIRCOABEOLEUMC-UHFFFAOYSA-N"",""VUOIXNHGPJMENF-HKRGSHRKSA-N"",""ZXZYMGVTLNJMKP-GRDNZSJBSA-N"",""ZXZYMGVTLNJMKP-HUJDAMTASA-N"",""ZXZYMGVTLNJMKP-VWLBKGQPSA-N""]"
2,leuprorelin,CIDm00657180,false,0,0,[]
3,goserelin,CIDm00047725,true,20,20,"[""BLCLNMBMMGCOAS-DJGWEWOFSA-N"",""BLCLNMBMMGCOAS-HZLKSCACSA-N"",""BLCLNMBMMGCOAS-JFBCNRKLSA-N"",""BLCLNMBMMGCOAS-KJLMDEBVSA-N"",""BLCLNMBMMGCOAS-MGJZZOJLSA-N"",""BLCLNMBMMGCOAS-ORFGIKFDSA-N"",""BLCLNMBMMGCOAS-PECHQNLHSA-N"",""BLCLNMBMMGCOAS-SROCWPMZSA-N"",""BLCLNMBMMGCOAS-UHFFFAOYSA-N"",""BLCLNMBMMGCOAS-URPVMXJPSA-N"",""BLCLNMBMMGCOAS-ZTJHFXJKSA-N"",""CSABIHHKODJPHU-LZPGHKBSSA-N"",""IKDXDQDKCZPQSZ-GYAAJWHGSA-N"",""IKDXDQDKCZPQSZ-JHYYTBFNSA-N"",""IKDXDQDKCZPQSZ-UHFFFAOYSA-N"",""NUEXQYWPWOQNJP-XFNSFMPMSA-N"",""OKBWUJUWXHIXKX-NDYXFOJLSA-N"",""OREKUPVDIUOJPH-JHYYTBFNSA-N"",""WTUCIDSZXKBEMH-JHYYTBFNSA-N"",""YSPNWYOKDRFPGE-JHYYTBFNSA-N""]"
4,erythropoietin,CIDm05288169,false,0,0,[]
5,insulin,CIDm16129672,true,3,3,"[""PBGKTOXHQIOBKM-FHFVDXKLSA-N"",""PBGKTOXHQIOBKM-UHFFFAOYSA-N"",""PBGKTOXHQIOBKM-ZEKLRAMDSA-N""]"
6,desmopressin,CIDm05311065,false,0,0,[]
7,insulin.lispro,CIDm16132438,true,2,2,"[""WNRQPCUGRUFHED-DETKDSODSA-N"",""WNRQPCUGRUFHED-UHFFFAOYSA-N""]"
8,insulin.glargine,CIDm44146714,true,1,1,"[""COCFEDIXXNGUNL-RFKWWTKHSA-N""]"
9,rasburicase,CIDm00474409,false,0,0,[]
10,albumin,CIDm00006432,true,9,9,"[""BMQXYFXGIDWWHO-UHFFFAOYSA-N"",""FSUGBCUTECFUIL-UHFFFAOYSA-N"",""IHZTYHJJYLFHCT-UHFFFAOYSA-N"",""LUGGMSBJBZXVAI-UHFFFAOYSA-N"",""QPBNRJVZECKWFN-UHFFFAOYSA-N"",""QYSGYZVSCZSLHT-UHFFFAOYSA-N"",""UCIIAIKRCWSSTI-UHFFFAOYSA-N"",""VMPOVMQCRBRLSW-UHFFFAOYSA-N"",""YGAGCVJOBZLBPX-UHFFFAOYSA-N""]"
11,eptifibatide,CIDm00448812,false,0,0,[]
12,muromonab-CD3,CIDm00083030,true,2,2,"[""XEABSBMNTNXEJM-SVYQBANQSA-N"",""XEABSBMNTNXEJM-UHFFFAOYSA-N""]"
13,daptomycin,CIDm16129688,false,0,0,[]
14,ciclosporin,CIDm05280754,false,0,0,[]
15,urofollitropin,CIDm00062819,true,5,5,"[""ZDRRIRUAESZNIH-BZGUUIOASA-N"",""ZDRRIRUAESZNIH-JLSAMJFVSA-N"",""ZDRRIRUAESZNIH-JMQWJMGLSA-N"",""ZDRRIRUAESZNIH-MABNJPPRSA-N"",""ZDRRIRUAESZNIH-UHFFFAOYSA-N""]"
16,octreotide,CIDm00054373,true,46,46,"[""DEQANNDTNATYII-AKVJGJLCSA-N"",""DEQANNDTNATYII-ARUCMXJWSA-N"",""DEQANNDTNATYII-BEYFZLGRSA-N"",""DEQANNDTNATYII-CSKZMRSYSA-N"",""DEQANNDTNATYII-DOPLMGILSA-N"",""DEQANNDTNATYII-FLDZURHUSA-N"",""DEQANNDTNATYII-FNYLAMALSA-N"",""DEQANNDTNATYII-FTUOLLEPSA-N"",""DEQANNDTNATYII-HZFLURHHSA-N"",""DEQANNDTNATYII-ICERQSRISA-N"",""DEQANNDTNATYII-JKTLOQFUSA-N"",""DEQANNDTNATYII-LIXSYSMXSA-N"",""DEQANNDTNATYII-LOJUUDGMSA-N"",""DEQANNDTNATYII-LXEKNNCLSA-N"",""DEQANNDTNATYII-MEUDYGGUSA-N"",""DEQANNDTNATYII-MZFHSMTFSA-N"",""DEQANNDTNATYII-OHLRFWSJSA-N"",""DEQANNDTNATYII-OLNBODJMSA-N"",""DEQANNDTNATYII-OULOTJBUSA-N"",""DEQANNDTNATYII-QLSCGDLTSA-N"",""DEQANNDTNATYII-RCJRENAASA-N"",""DEQANNDTNATYII-RRCPSWKPSA-N"",""DEQANNDTNATYII-SPDVJMJXSA-N"",""DEQANNDTNATYII-UHFFFAOYSA-N"",""DEQANNDTNATYII-XLCLKWOUSA-N"",""DEQANNDTNATYII-XOEBDJBESA-N"",""FBOARTYSFFNVOP-LBFRXEHMSA-N"",""MKNNOKGPGMXZPN-CHUHVDBGSA-N"",""MKNNOKGPGMXZPN-XJQYZYIXSA-M"",""NCLPZSUUTYSMDO-CHUHVDBGSA-N"",""NKLCAUZKHGFFEM-CHUHVDBGSA-N"",""NKLCAUZKHGFFEM-UHFFFAOYSA-N"",""NKLCAUZKHGFFEM-XJQYZYIXSA-N"",""PPJMKGDKFBCNIY-LODIGNQBSA-N"",""QWFYIFWTVZFPRY-AARKYNAGSA-N"",""QWFYIFWTVZFPRY-UHFFFAOYSA-N"",""RURURIRXHUZTFO-TVGFDVJGSA-N"",""SAIXTCGRRSWFSR-OQSRDHNESA-N"",""VWAORGBJWLHXPP-CHUHVDBGSA-N"",""XQEJFZYLWPSJOV-CHUHVDBGSA-N"",""XQEJFZYLWPSJOV-IYXUFKBMSA-N"",""XQEJFZYLWPSJOV-JCFJRQNGSA-N"",""XQEJFZYLWPSJOV-UHFFFAOYSA-N"",""XQEJFZYLWPSJOV-XJQYZYIXSA-N"",""XURTXWMMHSCREN-CHUHVDBGSA-N"",""YQVBKJDLUNZOBN-NUDPZNSDSA-N""]"
17,interferon.alfa-2b,CIDm71306834,true,1,1,"[""MIXCUJKCXRNYFM-UHFFFAOYSA-M""]"
18,abarelix,CIDm16131215,true,5,5,"[""AIWRTTMUVOZGPW-HSPKUQOVSA-M"",""AIWRTTMUVOZGPW-HSPKUQOVSA-N"",""AIWRTTMUVOZGPW-QMCYWFTESA-N"",""AIWRTTMUVOZGPW-UHFFFAOYSA-N"",""ZRHCGBCCWJPSQF-JOOIWXSYSA-N""]"
19,oxytocin,CIDm00005771,true,21,21,"[""BDIPMBUQNJVHBP-FOSDNZTISA-N"",""BVNZZOQHXXRKBW-BXUJZNQYSA-N"",""DSZOEVVLZMNAEH-BXUJZNQYSA-M"",""DSZOEVVLZMNAEH-BXUJZNQYSA-N"",""DSZOEVVLZMNAEH-UHFFFAOYSA-N"",""HCWNGYCIMQIGKC-BXUJZNQYSA-N"",""QZJYMIIINKIDDD-KTTFTLAJSA-N"",""XNOPRXBHLZRZKH-ALSSAEDCSA-N"",""XNOPRXBHLZRZKH-DSZYJQQASA-N"",""XNOPRXBHLZRZKH-FSBMSDMJSA-N"",""XNOPRXBHLZRZKH-LMXNSBJCSA-N"",""XNOPRXBHLZRZKH-LRXIPZAASA-N"",""XNOPRXBHLZRZKH-MQYCRUOZSA-N"",""XNOPRXBHLZRZKH-NCGUPTDASA-N"",""XNOPRXBHLZRZKH-NKZLJGITSA-N"",""XNOPRXBHLZRZKH-NSVOTPESSA-N"",""XNOPRXBHLZRZKH-NYRULBFNSA-N"",""XNOPRXBHLZRZKH-OMTOYRQASA-N"",""XNOPRXBHLZRZKH-UHFFFAOYSA-N"",""XNOPRXBHLZRZKH-UHFFFAOYSA-O"",""XNOPRXBHLZRZKH-ZDAAMKFLSA-N""]"
20,enfuvirtide,CIDm16130199,true,5,3,"[""PEASPLKKXBYDKL-DPNMZOKDSA-N"",""PEASPLKKXBYDKL-FXEVSJAOSA-N"",""PEASPLKKXBYDKL-UHFFFAOYSA-N""]"
21,glutamine,CIDm00005961,false,0,0,[]
22,calcitriol,CIDm05280453,false,0,0,[]
23,pravastatin,CIDm00054687,false,0,0,[]
24,fluvoxamine,CIDm05324345,false,0,0,[]
25,valsartan,CIDm00060846,false,0,0,[]
26,ramipril,CIDm05362129,false,0,0,[]
27,flunisolide,CIDm00082153,false,0,0,[]
28,baclofen,CIDm00002284,true,24,15,"[""FDAMOGOIGDCOSC-RMTNWKGQSA-N"",""FDAMOGOIGDCOSC-UHFFFAOYSA-N"",""KPYSYYIEGFHWSV-MRVPVSSYSA-N"",""KPYSYYIEGFHWSV-NCTJRARUSA-N"",""KPYSYYIEGFHWSV-PNOFGXGTSA-N"",""KPYSYYIEGFHWSV-QMMMGPOBSA-N"",""KPYSYYIEGFHWSV-RHQRLBAQSA-N"",""KPYSYYIEGFHWSV-UHFFFAOYSA-N"",""KPYSYYIEGFHWSV-UHFFFAOYSA-O"",""WMNUVYYLMCMHLU-DDWIOCJRSA-N"",""WMNUVYYLMCMHLU-QRPNPIFTSA-N"",""WMNUVYYLMCMHLU-UHFFFAOYSA-L"",""WMNUVYYLMCMHLU-UHFFFAOYSA-M"",""WMNUVYYLMCMHLU-UHFFFAOYSA-N"",""WMNUVYYLMCMHLU-YVDVYQGBSA-N""]"
29,nicotine,CIDm00089594,false,0,0,[]
30,cevimeline,CIDm00083898,false,0,0,[]
31,lorazepam,CIDm00003958,true,13,13,"[""DIWRORZWFLOCLC-HNNXBMFYSA-N"",""DIWRORZWFLOCLC-HPOREKOESA-N"",""DIWRORZWFLOCLC-OAHLLOKOSA-N"",""DIWRORZWFLOCLC-PAIDGIBJSA-N"",""DIWRORZWFLOCLC-UHFFFAOYSA-N"",""DIWRORZWFLOCLC-XPGGNPKHSA-N"",""HEUJYEHZRXZIKV-UHFFFAOYSA-N"",""NFFRTOFRCRGYSB-UHFFFAOYSA-N"",""NFFRTOFRCRGYSB-ZWZQDMJTSA-N"",""UGXWLMHGLCXBNX-UHFFFAOYSA-N"",""VUVOCIHYQVKCSS-UHFFFAOYSA-N"",""YNVAMULIAAIHNX-UHFFFAOYSA-M"",""YNVAMULIAAIHNX-UHFFFAOYSA-N""]"
32,esmolol,CIDm00059768,true,17,15,"[""AQNDDEOPVVGCPG-AWEZNQCLSA-N"",""AQNDDEOPVVGCPG-AWEZNQCLSA-O"",""AQNDDEOPVVGCPG-CQSZACIVSA-N"",""AQNDDEOPVVGCPG-CQSZACIVSA-O"",""AQNDDEOPVVGCPG-QLWPOVNFSA-N"",""AQNDDEOPVVGCPG-UHFFFAOYSA-N"",""AQNDDEOPVVGCPG-UHFFFAOYSA-O"",""GEKNCWBANDDJJL-ODLOEXKQSA-N"",""GEKNCWBANDDJJL-PFEQFJNWSA-N"",""GEKNCWBANDDJJL-UHFFFAOYSA-M"",""GEKNCWBANDDJJL-UHFFFAOYSA-N"",""GEKNCWBANDDJJL-UQKRIMTDSA-N"",""MAFZUZHDIARAEF-IKFJUQJOSA-N"",""MAFZUZHDIARAEF-UHFFFAOYSA-N"",""WAIZMRFWSLICRB-UHFFFAOYSA-N""]"
33,bortezomib,CIDm00387447,false,0,0,[]
34,tramadol,CIDm00033741,false,0,0,[]
35,betaxolol,CIDm00002369,true,118,113,"[""BLSNQXDIJQNXCR-LMOVPXPDSA-N"",""BLSNQXDIJQNXCR-QAOGLABXSA-N"",""BLSNQXDIJQNXCR-UHFFFAOYSA-N"",""CHDPSNLJFOQTRK-LMOVPXPDSA-N"",""CHDPSNLJFOQTRK-UHFFFAOYSA-M"",""CHDPSNLJFOQTRK-UHFFFAOYSA-N"",""CHDPSNLJFOQTRK-UNTBIKODSA-N"",""NWIUTZDMDHAVTP-AERBMCQLSA-N"",""NWIUTZDMDHAVTP-AFRQPEDFSA-N"",""NWIUTZDMDHAVTP-AFZKNKOBSA-N"",""NWIUTZDMDHAVTP-AREBVXNXSA-N"",""NWIUTZDMDHAVTP-AUFRRAJCSA-N"",""NWIUTZDMDHAVTP-BBYDJWMLSA-N"",""NWIUTZDMDHAVTP-BDSGZZASSA-N"",""NWIUTZDMDHAVTP-BFJGGGNWSA-N"",""NWIUTZDMDHAVTP-BGGLCZJLSA-N"",""NWIUTZDMDHAVTP-BIUACYJGSA-N"",""NWIUTZDMDHAVTP-BKJPIAKSSA-N"",""NWIUTZDMDHAVTP-BQOJEJJESA-N"",""NWIUTZDMDHAVTP-BZEZVULYSA-N"",""NWIUTZDMDHAVTP-CNMKXMACSA-N"",""NWIUTZDMDHAVTP-CWOOQBFLSA-N"",""NWIUTZDMDHAVTP-DAIBCJOCSA-N"",""NWIUTZDMDHAVTP-DMAZPXFMSA-N"",""NWIUTZDMDHAVTP-DMRDVTRSSA-N"",""NWIUTZDMDHAVTP-DQEWMGNPSA-N"",""NWIUTZDMDHAVTP-DQUNBGSISA-N"",""NWIUTZDMDHAVTP-DYZGOTITSA-N"",""NWIUTZDMDHAVTP-FFNOJTKMSA-N"",""NWIUTZDMDHAVTP-FGRCIKPOSA-N"",""NWIUTZDMDHAVTP-FIBRNZHASA-N"",""NWIUTZDMDHAVTP-FKKOOEBTSA-N"",""NWIUTZDMDHAVTP-FSSQTFJPSA-N"",""NWIUTZDMDHAVTP-GBOGQZBESA-N"",""NWIUTZDMDHAVTP-GNOCWPTGSA-N"",""NWIUTZDMDHAVTP-GPZLJLHVSA-N"",""NWIUTZDMDHAVTP-HFJLYIQRSA-N"",""NWIUTZDMDHAVTP-HHZWPILISA-N"",""NWIUTZDMDHAVTP-HSNISVEUSA-N"",""NWIUTZDMDHAVTP-HTAKTXLESA-N"",""NWIUTZDMDHAVTP-HYDSYDFZSA-N"",""NWIUTZDMDHAVTP-HZKPJZFLSA-N"",""NWIUTZDMDHAVTP-IBXHKFLESA-N"",""NWIUTZDMDHAVTP-IQSXBSIUSA-N"",""NWIUTZDMDHAVTP-IXNCPJLDSA-N"",""NWIUTZDMDHAVTP-JAYQVURESA-N"",""NWIUTZDMDHAVTP-JCENQHNSSA-N"",""NWIUTZDMDHAVTP-JFSZAUAZSA-N"",""NWIUTZDMDHAVTP-KDWZCNHSSA-N"",""NWIUTZDMDHAVTP-KRWDZBQOSA-N"",""NWIUTZDMDHAVTP-KRWDZBQOSA-O"",""NWIUTZDMDHAVTP-LVMGIWRJSA-N"",""NWIUTZDMDHAVTP-MIAXEKSESA-N"",""NWIUTZDMDHAVTP-MKSFCRFPSA-N"",""NWIUTZDMDHAVTP-MPULRIPLSA-N"",""NWIUTZDMDHAVTP-MVNNPISKSA-N"",""NWIUTZDMDHAVTP-MWHUMKIYSA-N"",""NWIUTZDMDHAVTP-MYIKMOGXSA-N"",""NWIUTZDMDHAVTP-NBCJWQKLSA-N"",""NWIUTZDMDHAVTP-NCPKRYFUSA-N"",""NWIUTZDMDHAVTP-NLRZUTFJSA-N"",""NWIUTZDMDHAVTP-NNJNMCFJSA-N"",""NWIUTZDMDHAVTP-NQHZUJETSA-N"",""NWIUTZDMDHAVTP-NRUKVLRFSA-N"",""NWIUTZDMDHAVTP-OCILWFSUSA-N"",""NWIUTZDMDHAVTP-ODLSPQNFSA-N"",""NWIUTZDMDHAVTP-ODZXVIGBSA-N"",""NWIUTZDMDHAVTP-PMCMNDOISA-N"",""NWIUTZDMDHAVTP-PUDNOFMGSA-N"",""NWIUTZDMDHAVTP-PWGQGUQVSA-N"",""NWIUTZDMDHAVTP-QCIOTSFESA-N"",""NWIUTZDMDHAVTP-QGZVFWFLSA-N"",""NWIUTZDMDHAVTP-QGZVFWFLSA-O"",""NWIUTZDMDHAVTP-QKELDAEVSA-N"",""NWIUTZDMDHAVTP-QNQDEXEHSA-N"",""NWIUTZDMDHAVTP-QPCASNOWSA-N"",""NWIUTZDMDHAVTP-QQPJQFRPSA-N"",""NWIUTZDMDHAVTP-QTDQPZMCSA-N"",""NWIUTZDMDHAVTP-RETJHINUSA-N"",""NWIUTZDMDHAVTP-RGMMAAHDSA-N"",""NWIUTZDMDHAVTP-RQUMOWOWSA-N"",""NWIUTZDMDHAVTP-RROLUTATSA-N"",""NWIUTZDMDHAVTP-SEQDYTFHSA-N"",""NWIUTZDMDHAVTP-SFKQGKDGSA-N"",""NWIUTZDMDHAVTP-SIMWLSRESA-N"",""NWIUTZDMDHAVTP-SKKDMRSXSA-N"",""NWIUTZDMDHAVTP-SNPVUXSCSA-N"",""NWIUTZDMDHAVTP-SOHPLWGHSA-N"",""NWIUTZDMDHAVTP-TZZMNVGQSA-N"",""NWIUTZDMDHAVTP-UBGCFEEWSA-N"",""NWIUTZDMDHAVTP-UFESGRAUSA-N"",""NWIUTZDMDHAVTP-UFHBKWCUSA-N"",""NWIUTZDMDHAVTP-UHFFFAOYSA-N"",""NWIUTZDMDHAVTP-UHFFFAOYSA-O"",""NWIUTZDMDHAVTP-ULJLYUCESA-N"",""NWIUTZDMDHAVTP-VFGPMFJOSA-N"",""NWIUTZDMDHAVTP-VHRLQRAQSA-N"",""NWIUTZDMDHAVTP-WJSNZNIMSA-N"",""NWIUTZDMDHAVTP-WUEYFJTASA-N"",""NWIUTZDMDHAVTP-XCIMEMPGSA-N"",""NWIUTZDMDHAVTP-XHITXLNDSA-N"",""NWIUTZDMDHAVTP-XKXUUTOUSA-N"",""NWIUTZDMDHAVTP-XMUBYUBKSA-N"",""NWIUTZDMDHAVTP-XQRUZLSUSA-N"",""NWIUTZDMDHAVTP-XUWBISKJSA-N"",""NWIUTZDMDHAVTP-YQDYMQNQSA-N"",""NWIUTZDMDHAVTP-YQUBHJMPSA-N"",""NWIUTZDMDHAVTP-YZBQJCNKSA-N"",""NWIUTZDMDHAVTP-ZLYVFSMISA-N"",""NWIUTZDMDHAVTP-ZWGOZCLVSA-N"",""OTTFYCCENGIADW-HNUXRKMMSA-N"",""OTTFYCCENGIADW-UHFFFAOYSA-N"",""SNUCUHZTWXARFO-UHFFFAOYSA-N""]"
36,fluconazole,CIDm00003365,true,25,24,"[""AFVYULXYYVZWQW-UHFFFAOYSA-M"",""AWSKOYJUTRYRQI-UHFFFAOYSA-N"",""DWJUZHMCPBPNFH-UHFFFAOYSA-N"",""MRJMTUZDUROSEU-UHFFFAOYSA-N"",""PXIINUGSGQUHFC-UHFFFAOYSA-N"",""QCUSATDPTNAXDD-UHFFFAOYSA-N"",""QSZFKRINVAUJGQ-UHFFFAOYSA-N"",""RFHAOTPXVQNOHP-APZFVMQVSA-N"",""RFHAOTPXVQNOHP-BLJHHTTJSA-N"",""RFHAOTPXVQNOHP-CBYSEHNBSA-N"",""RFHAOTPXVQNOHP-CQOLUAMGSA-N"",""RFHAOTPXVQNOHP-FUXJXQSESA-N"",""RFHAOTPXVQNOHP-JDANMYFYSA-N"",""RFHAOTPXVQNOHP-SURVTVKHSA-N"",""RFHAOTPXVQNOHP-UHFFFAOYSA-N"",""RFHAOTPXVQNOHP-UHFFFAOYSA-O"",""RFHAOTPXVQNOHP-UMSOTBISSA-N"",""RFHAOTPXVQNOHP-XNOGNMAASA-N"",""RFHAOTPXVQNOHP-YKVCKAMESA-N"",""VVTLTBWIFXOSSR-UHFFFAOYSA-N"",""ZQCFWSXSYAJHBU-BTJKTKAUSA-N"",""ZQCFWSXSYAJHBU-UHFFFAOYSA-N"",""ZQCFWSXSYAJHBU-WLHGVMLRSA-N"",""ZUUJPMWIVLZORS-UHFFFAOYSA-N""]"
37,oseltamivir,CIDm00065028,false,0,0,[]
38,caffeine,CIDm00002519,true,80,75,"[""GINZSXZSGUKTSK-UHFFFAOYSA-N"",""HATIJMDFVQPJAA-UHFFFAOYSA-N"",""JPEVTJYUOIQUFC-UHFFFAOYSA-N"",""KBOPLBWQIZNEFF-UHFFFAOYSA-M"",""KBOPLBWQIZNEFF-UHFFFAOYSA-N"",""LCHGOKZNRDAXEK-UHFFFAOYSA-N"",""LNFCSFMHLJNWEK-UHFFFAOYSA-K"",""QCOZYUGXYJSINC-UHFFFAOYSA-N"",""RCQXSQPPHJPGOF-UHFFFAOYSA-N"",""RKTFMIXNDBQAEV-UHFFFAOYSA-N"",""RYYVLZVUVIJVGH-ALQHTKJJSA-N"",""RYYVLZVUVIJVGH-APVUKCKTSA-N"",""RYYVLZVUVIJVGH-BJUDXGSMSA-N"",""RYYVLZVUVIJVGH-BMSJAHLVSA-N"",""RYYVLZVUVIJVGH-CBYSEHNBSA-N"",""RYYVLZVUVIJVGH-CBZKUFJVSA-N"",""RYYVLZVUVIJVGH-CNEGHGOSSA-N"",""RYYVLZVUVIJVGH-DEGIAHCOSA-N"",""RYYVLZVUVIJVGH-DHSDVYKFSA-N"",""RYYVLZVUVIJVGH-DRQRSBOBSA-N"",""RYYVLZVUVIJVGH-FCGUDNBBSA-N"",""RYYVLZVUVIJVGH-FIBGUPNXSA-N"",""RYYVLZVUVIJVGH-GQALSZNTSA-N"",""RYYVLZVUVIJVGH-GSTSPESVSA-N"",""RYYVLZVUVIJVGH-HPRDVNIFSA-N"",""RYYVLZVUVIJVGH-KYKRLZBASA-N"",""RYYVLZVUVIJVGH-LNLMKGTHSA-N"",""RYYVLZVUVIJVGH-LNVGMWHISA-N"",""RYYVLZVUVIJVGH-LSURFNHSSA-N"",""RYYVLZVUVIJVGH-MBYBQKEXSA-N"",""RYYVLZVUVIJVGH-NTCSNYSNSA-N"",""RYYVLZVUVIJVGH-OJROKBQFSA-N"",""RYYVLZVUVIJVGH-OTJFIJHESA-N"",""RYYVLZVUVIJVGH-OVLJBECYSA-N"",""RYYVLZVUVIJVGH-PBNXXWCMSA-N"",""RYYVLZVUVIJVGH-PDWRLMEDSA-N"",""RYYVLZVUVIJVGH-PIIQDYIXSA-N"",""RYYVLZVUVIJVGH-PINHLPHJSA-N"",""RYYVLZVUVIJVGH-PIODKIDGSA-N"",""RYYVLZVUVIJVGH-QAOQSSEZSA-N"",""RYYVLZVUVIJVGH-QGCVQLHZSA-N"",""RYYVLZVUVIJVGH-QNYGJALNSA-N"",""RYYVLZVUVIJVGH-QWPWRYTESA-N"",""RYYVLZVUVIJVGH-QYKNYGDISA-N"",""RYYVLZVUVIJVGH-QZDQLYPWSA-N"",""RYYVLZVUVIJVGH-RLTMCGQMSA-N"",""RYYVLZVUVIJVGH-RUKHJWSWSA-N"",""RYYVLZVUVIJVGH-SKKXLTCRSA-N"",""RYYVLZVUVIJVGH-SMZGMGDZSA-N"",""RYYVLZVUVIJVGH-SPDFDVHRSA-N"",""RYYVLZVUVIJVGH-UAVYNJCWSA-N"",""RYYVLZVUVIJVGH-UBOVJGGXSA-N"",""RYYVLZVUVIJVGH-UHFFFAOYSA-N"",""RYYVLZVUVIJVGH-UHFFFAOYSA-O"",""RYYVLZVUVIJVGH-VEPVEJTGSA-N"",""RYYVLZVUVIJVGH-VIKWSZEJSA-N"",""RYYVLZVUVIJVGH-VJJZLTLGSA-N"",""RYYVLZVUVIJVGH-VMIGTVKRSA-N"",""RYYVLZVUVIJVGH-VQEHIDDOSA-N"",""RYYVLZVUVIJVGH-VYMTUXDUSA-N"",""RYYVLZVUVIJVGH-WFGJKAKNSA-N"",""RYYVLZVUVIJVGH-WNWXXORZSA-N"",""RYYVLZVUVIJVGH-WTJPRRJNSA-N"",""RYYVLZVUVIJVGH-XAUQENBCSA-N"",""RYYVLZVUVIJVGH-XERRXZQWSA-N"",""RYYVLZVUVIJVGH-XRIVEGAOSA-N"",""RYYVLZVUVIJVGH-XWOGQBJESA-N"",""RYYVLZVUVIJVGH-YZRHJBSPSA-N"",""RYYVLZVUVIJVGH-ZLEWSDPDSA-N"",""RYYVLZVUVIJVGH-ZWCUFRHDSA-N"",""SJIBZKDUKYMSBT-UHFFFAOYSA-N"",""VDHPYBVMFNLZQG-UHFFFAOYSA-N"",""VEELDZNPQJUMHZ-UHFFFAOYSA-N"",""XXSSHQCOBPQFOL-UHFFFAOYSA-M"",""XXSSHQCOBPQFOL-UHFFFAOYSA-N""]"
39,sildenafil,CIDm00005212,true,56,56,"[""ABRPMTZQWNFJTB-UHFFFAOYSA-N"",""AOMUYHBZDCJWFL-UHFFFAOYSA-N"",""AQFCKUOGKLNTAS-UHFFFAOYSA-N"",""BNRNXUUZRGQAQC-AKCFAQKISA-N"",""BNRNXUUZRGQAQC-BGKXKQMNSA-N"",""BNRNXUUZRGQAQC-DYCDLGHISA-N"",""BNRNXUUZRGQAQC-GKOSEXJESA-N"",""BNRNXUUZRGQAQC-HPRDVNIFSA-N"",""BNRNXUUZRGQAQC-ISARVPQGSA-N"",""BNRNXUUZRGQAQC-ITKKLENESA-N"",""BNRNXUUZRGQAQC-LIJFRPJRSA-N"",""BNRNXUUZRGQAQC-MQCBYSEQSA-N"",""BNRNXUUZRGQAQC-QKLSXCJMSA-N"",""BNRNXUUZRGQAQC-RJSZUWSASA-N"",""BNRNXUUZRGQAQC-SKDOMGRUSA-N"",""BNRNXUUZRGQAQC-UHFFFAOYSA-N"",""BNRNXUUZRGQAQC-UHFFFAOYSA-O"",""BNRNXUUZRGQAQC-WLKBWPGLSA-N"",""BNRNXUUZRGQAQC-YWZPVOOSSA-N"",""DEIYFTQMQPDXOT-UHFFFAOYSA-K"",""DEIYFTQMQPDXOT-UHFFFAOYSA-N"",""DEIYFTQMQPDXOT-ZQAWUFKJSA-N"",""DVSYJRJVHXLMIE-UHFFFAOYSA-M"",""GFKFSVAYODHBAK-UHFFFAOYSA-N"",""GSHHPYJKYGOSLJ-LVEZLNDCSA-N"",""GYJNRCTWKATLGR-UHFFFAOYSA-N"",""HBGVWCBIIZDZNL-UHFFFAOYSA-M"",""HGABMWZMPBGMTP-UHFFFAOYSA-M"",""ICDQQOLJJRLLCX-UHFFFAOYSA-N"",""KHMPKYUYTKGOPF-UHFFFAOYSA-L"",""KHMPKYUYTKGOPF-UHFFFAOYSA-N"",""KHQVXGRGDHAXLT-UHFFFAOYSA-N"",""LGAWYGLSPQIPLJ-UHFFFAOYSA-M"",""LGAWYGLSPQIPLJ-UHFFFAOYSA-N"",""MILZBLAIYFVDFX-UHFFFAOYSA-N"",""MNRJIBLGMTXCKI-UHFFFAOYSA-N"",""NHLRTXUINIQPDF-UHFFFAOYSA-M"",""NSDREANSBDLFRP-UHFFFAOYSA-N"",""NTTLJUZMWAUHJM-UHFFFAOYSA-M"",""PJBXAYPWQLGGJS-BTJKTKAUSA-N"",""PJBXAYPWQLGGJS-WLHGVMLRSA-N"",""POWAKOMOLQPIBA-UHFFFAOYSA-N"",""QWOZBIAXEZAXHA-UHFFFAOYSA-N"",""RBQNFEVGNSBKSU-UHFFFAOYSA-N"",""RXWDVGSZILUGRA-UHFFFAOYSA-N"",""SYUVUKKQXAXKHL-UHFFFAOYSA-N"",""TUEUFOSYWPBEGU-UHFFFAOYSA-N"",""TUEUFOSYWPBEGU-UHFFFAOYSA-O"",""UVYKRXWJNWEXCS-UHFFFAOYSA-L"",""VKAYSHHWFIQGTE-UHFFFAOYSA-N"",""VKDPDENNMCGOCW-UHFFFAOYSA-N"",""VQKSPGXKGJSNLN-UHFFFAOYSA-N"",""WEWNUXJEVSROFW-UHFFFAOYSA-N"",""YFJKUPKHZXQRGU-UHFFFAOYSA-N"",""YKINRRRHGNMKFC-UHFFFAOYSA-N"",""YRKQUMLQSFHHLQ-UHFFFAOYSA-N""]"
40,dofetilide,CIDm00071329,true,6,6,"[""HECDQVSBFLMMCB-UHFFFAOYSA-N"",""IXTMWRCNAAVVAI-QZPARXMSSA-N"",""IXTMWRCNAAVVAI-UHFFFAOYSA-N"",""IXTMWRCNAAVVAI-UHFFFAOYSA-O"",""KJKQFRSZAIGMSM-UHFFFAOYSA-N"",""MWFSQGLQUQMXFA-UHFFFAOYSA-N""]"
41,azithromycin,CIDm00447043,false,0,0,[]
42,trospium,CIDm00005596,true,22,22,"[""ATACFQVBQCNCFS-CGUGYAQBSA-M"",""ATACFQVBQCNCFS-UHFFFAOYSA-M"",""AZGRDLDWPYQUMD-UHFFFAOYSA-N"",""CGXXGKMEURNTOR-UHFFFAOYSA-N"",""HNULJDBBMCETDA-DHWZJIOFSA-M"",""HNULJDBBMCETDA-UHFFFAOYSA-M"",""KOVWKCYZHWZDSV-UHFFFAOYSA-N"",""OYYDSUSKLWTMMQ-AIZNXBIQSA-N"",""OYYDSUSKLWTMMQ-CDZZOBDJSA-N"",""OYYDSUSKLWTMMQ-FGZHOGPDSA-N"",""OYYDSUSKLWTMMQ-PUNYHZAOSA-N"",""OYYDSUSKLWTMMQ-UHFFFAOYSA-N"",""OYYDSUSKLWTMMQ-UVKLAMSESA-N"",""OYYDSUSKLWTMMQ-VXKWHMMOSA-N"",""OYYDSUSKLWTMMQ-YQZXRUDBSA-N"",""RVCSYOQWLPPAOA-CVPHZBIISA-M"",""RVCSYOQWLPPAOA-DHWZJIOFSA-M"",""RVCSYOQWLPPAOA-HLUKFBSCSA-M"",""RVCSYOQWLPPAOA-UHFFFAOYSA-M"",""RVCSYOQWLPPAOA-UYWBYPJWSA-M"",""RVCSYOQWLPPAOA-VROPFNGYSA-M"",""RVCSYOQWLPPAOA-YXJCNDOYSA-M""]"
43,adapalene,CIDm00060164,true,14,14,"[""FIBKLUJPSFBNKW-UHFFFAOYSA-M"",""IPOIAAPDVCOIOA-UHFFFAOYSA-L"",""JGZYHPLAOKOZHY-UHFFFAOYSA-N"",""LZCDAPDGXCYOEH-FIBGUPNXSA-N"",""LZCDAPDGXCYOEH-KQORAOOSSA-N"",""LZCDAPDGXCYOEH-UHFFFAOYSA-M"",""LZCDAPDGXCYOEH-UHFFFAOYSA-N"",""NJISFZHIBPZDKN-UHFFFAOYSA-N"",""QBVHPQWILODGNI-UHFFFAOYSA-L"",""VETJGFREABMHCZ-UHFFFAOYSA-N"",""WJIXDKUADNBCTI-UHFFFAOYSA-M"",""XUCFLQHZMUGGOZ-UHFFFAOYSA-N"",""ZETRSPVFAAAMSF-UHFFFAOYSA-M"",""ZETRSPVFAAAMSF-UHFFFAOYSA-N""]"
44,midodrine,CIDm00004195,true,14,12,"[""MGCQZNBCJBRZDT-HNCPQSOCSA-N"",""MGCQZNBCJBRZDT-PPHPATTJSA-N"",""MGCQZNBCJBRZDT-TXHXQZCNSA-N"",""MGCQZNBCJBRZDT-UHFFFAOYSA-M"",""MGCQZNBCJBRZDT-UHFFFAOYSA-N"",""PTKSEFOSCHHMPD-JTQLQIEISA-N"",""PTKSEFOSCHHMPD-JTQLQIEISA-O"",""PTKSEFOSCHHMPD-SNVBAGLBSA-N"",""PTKSEFOSCHHMPD-SNVBAGLBSA-O"",""PTKSEFOSCHHMPD-UHFFFAOYSA-N"",""PTKSEFOSCHHMPD-UHFFFAOYSA-O"",""PTKSEFOSCHHMPD-WFGJKAKNSA-N""]"
45,pantoprazole,CIDm00004679,true,154,151,"[""ADYIUTHDGZBMFJ-UHFFFAOYSA-M"",""CGJRLPRCWSHOFU-UHFFFAOYSA-N"",""DEUUQPOHXVJJEJ-UHFFFAOYSA-N"",""DJKQFYRLHMKWSB-FKMBXMNYSA-N"",""DJKQFYRLHMKWSB-UHFFFAOYSA-N"",""FIMRCFFKOPNTBM-UHFFFAOYSA-N"",""HBYMHJOUGBMDHH-FWDDHRIXSA-N"",""HBYMHJOUGBMDHH-NPNRTHNGSA-N"",""HBYMHJOUGBMDHH-UHFFFAOYSA-N"",""HEYBXKVTQOEUTP-UHFFFAOYSA-N"",""HFUORVHOXBRFSK-SNYZSRNZSA-N"",""HFUORVHOXBRFSK-UHFFFAOYSA-N"",""HYUIUOAVFKFUPR-SNYZSRNZSA-N"",""HYUIUOAVFKFUPR-UHFFFAOYSA-N"",""ICTAEALXCWFQPP-UHFFFAOYSA-N"",""IHGIZRORXDSEHX-UHFFFAOYSA-N"",""IKPPUQIFIDEJMS-SNYZSRNZSA-N"",""IKPPUQIFIDEJMS-UHFFFAOYSA-N"",""IMJLJCUHAWKFAO-UHFFFAOYSA-N"",""IQPSEEYGBUAQFF-AFXCLJHLSA-N"",""IQPSEEYGBUAQFF-ANLSXRIFSA-N"",""IQPSEEYGBUAQFF-AREMUKBSSA-N"",""IQPSEEYGBUAQFF-BEKAVNSESA-N"",""IQPSEEYGBUAQFF-BESSMGDLSA-N"",""IQPSEEYGBUAQFF-BFLAAXAOSA-N"",""IQPSEEYGBUAQFF-BGVZJVDKSA-N"",""IQPSEEYGBUAQFF-BKWFQMGFSA-N"",""IQPSEEYGBUAQFF-BMSJAHLVSA-N"",""IQPSEEYGBUAQFF-CBTSVUPCSA-N"",""IQPSEEYGBUAQFF-DICFDUPASA-N"",""IQPSEEYGBUAQFF-DKFMXDSJSA-N"",""IQPSEEYGBUAQFF-DRMLWOEZSA-N"",""IQPSEEYGBUAQFF-DSBVPJDESA-N"",""IQPSEEYGBUAQFF-DWFRKTTGSA-N"",""IQPSEEYGBUAQFF-DYSFTUIPSA-N"",""IQPSEEYGBUAQFF-FAVNTZPFSA-N"",""IQPSEEYGBUAQFF-FIBGUPNXSA-N"",""IQPSEEYGBUAQFF-GGCIUVQJSA-N"",""IQPSEEYGBUAQFF-GHGVBTAZSA-N"",""IQPSEEYGBUAQFF-HLBODQQRSA-N"",""IQPSEEYGBUAQFF-HPFSWUKRSA-N"",""IQPSEEYGBUAQFF-HYCMLIDESA-N"",""IQPSEEYGBUAQFF-IIPOONSHSA-N"",""IQPSEEYGBUAQFF-IJZZQUOZSA-N"",""IQPSEEYGBUAQFF-IPESJCBVSA-N"",""IQPSEEYGBUAQFF-IYHZVHGASA-N"",""IQPSEEYGBUAQFF-IYUKCRQFSA-N"",""IQPSEEYGBUAQFF-JFGMNRAASA-N"",""IQPSEEYGBUAQFF-JFZRXOORSA-N"",""IQPSEEYGBUAQFF-JTXKRTFJSA-N"",""IQPSEEYGBUAQFF-KCZCTXNHSA-N"",""IQPSEEYGBUAQFF-KHFFWNSFSA-N"",""IQPSEEYGBUAQFF-KJGZYWMCSA-N"",""IQPSEEYGBUAQFF-KQORAOOSSA-N"",""IQPSEEYGBUAQFF-LEYXDLADSA-N"",""IQPSEEYGBUAQFF-LNLMKGTHSA-N"",""IQPSEEYGBUAQFF-LVJDSEPBSA-N"",""IQPSEEYGBUAQFF-LYADJXJXSA-N"",""IQPSEEYGBUAQFF-MGVXTIMCSA-N"",""IQPSEEYGBUAQFF-MICDWDOJSA-N"",""IQPSEEYGBUAQFF-MSDSXZSWSA-N"",""IQPSEEYGBUAQFF-MUESUBCOSA-N"",""IQPSEEYGBUAQFF-NVFYZRHASA-N"",""IQPSEEYGBUAQFF-NZIJTQCXSA-N"",""IQPSEEYGBUAQFF-OUBTZVSYSA-N"",""IQPSEEYGBUAQFF-PFOYIOQASA-N"",""IQPSEEYGBUAQFF-QBMBECACSA-N"",""IQPSEEYGBUAQFF-QCCORQSASA-N"",""IQPSEEYGBUAQFF-QCVQWVIRSA-N"",""IQPSEEYGBUAQFF-QDNHWIQGSA-N"",""IQPSEEYGBUAQFF-QULXAFGCSA-N"",""IQPSEEYGBUAQFF-QZEIRMDOSA-N"",""IQPSEEYGBUAQFF-RENMMIGWSA-N"",""IQPSEEYGBUAQFF-RMIYQXIVSA-N"",""IQPSEEYGBUAQFF-RNBKAOHOSA-N"",""IQPSEEYGBUAQFF-RPDDZLLASA-N"",""IQPSEEYGBUAQFF-RPOZOOLHSA-N"",""IQPSEEYGBUAQFF-RWFJLFJASA-N"",""IQPSEEYGBUAQFF-SANMLTNESA-N"",""IQPSEEYGBUAQFF-SEXYRJDESA-N"",""IQPSEEYGBUAQFF-SFRSKVPJSA-N"",""IQPSEEYGBUAQFF-SYEWSIDGSA-N"",""IQPSEEYGBUAQFF-SZWUKCIMSA-N"",""IQPSEEYGBUAQFF-TUZVTNBVSA-N"",""IQPSEEYGBUAQFF-UHFFFAOYSA-N"",""IQPSEEYGBUAQFF-UNIKCRNCSA-N"",""IQPSEEYGBUAQFF-VATMCMMPSA-N"",""IQPSEEYGBUAQFF-VFDMPWBLSA-N"",""IQPSEEYGBUAQFF-VQQVDTESSA-N"",""IQPSEEYGBUAQFF-WFGJKAKNSA-N"",""IQPSEEYGBUAQFF-WFUUEZACSA-N"",""IQPSEEYGBUAQFF-WIIUWUFPSA-N"",""IQPSEEYGBUAQFF-WQLRMQSGSA-N"",""IQPSEEYGBUAQFF-WVKWRWDRSA-N"",""IQPSEEYGBUAQFF-XPZOSZQYSA-N"",""IQPSEEYGBUAQFF-YJPYBUQUSA-N"",""IQPSEEYGBUAQFF-YLQKEBAUSA-N"",""IQPSEEYGBUAQFF-ZLHAMXOGSA-N"",""IQPSEEYGBUAQFF-ZNELZGSSSA-N"",""IQPSEEYGBUAQFF-ZVMOLSBMSA-N"",""IRZZZCPRLISYCI-SNYZSRNZSA-N"",""IRZZZCPRLISYCI-UHFFFAOYSA-N"",""JIKQPNGBPNOQDQ-UHFFFAOYSA-M"",""KGZXSBCAAWJJNZ-UHFFFAOYSA-M"",""KMNCRXAJVVKVKB-UHFFFAOYSA-N"",""KXQSFWQBYIAOQC-SNYZSRNZSA-N"",""KXQSFWQBYIAOQC-UHFFFAOYSA-N"",""LCBVHJCXYRFNPC-SNYZSRNZSA-N"",""LCBVHJCXYRFNPC-UHFFFAOYSA-N"",""OEGHVXBEJBZGLN-UHFFFAOYSA-N"",""OEGHVXBEJBZGLN-UVZIVPAYSA-N"",""OFWGFJXOSOLSKX-UHFFFAOYSA-N"",""OKZZKXNJLARKFM-UFEULDPMSA-N"",""OKZZKXNJLARKFM-UHFFFAOYSA-N"",""OWEGDMFNLSXFCZ-UHFFFAOYSA-N"",""PWMYUKFPKRWHPK-UHFFFAOYSA-N"",""QFXISFXHVCSOSX-UHFFFAOYSA-N"",""RDRUTBCDIVCMMX-CKFJQVKPSA-N"",""RDRUTBCDIVCMMX-FKMBXMNYSA-N"",""RDRUTBCDIVCMMX-PMIUFOJNSA-N"",""RDRUTBCDIVCMMX-UHFFFAOYSA-N"",""RJRBTVMZZGMTQI-ROPHLPQBSA-N"",""RJRBTVMZZGMTQI-UHFFFAOYSA-N"",""SIBUHKUHZWUDQN-UHFFFAOYSA-N"",""SXELFHAKLKYPDY-UHFFFAOYSA-N"",""UODZUZRYPGFAJY-UHFFFAOYSA-N"",""VNKNFEINTHUQGZ-JLXUKQDYSA-N"",""VNKNFEINTHUQGZ-MITDXQQQSA-N"",""VNKNFEINTHUQGZ-UHFFFAOYSA-N"",""VOSLWBROKQLYPF-CKFJQVKPSA-N"",""VOSLWBROKQLYPF-GAZBLTFPSA-N"",""VOSLWBROKQLYPF-HUIDJDRMSA-N"",""WHCXDEORRDVLKS-CUOKRTIESA-N"",""WHCXDEORRDVLKS-FOWCFNCZSA-N"",""WHCXDEORRDVLKS-LZMCRMDUSA-N"",""WHCXDEORRDVLKS-NIIDSAIPSA-N"",""WHCXDEORRDVLKS-RWQOXAPSSA-N"",""WHCXDEORRDVLKS-SNYZSRNZSA-N"",""WHCXDEORRDVLKS-SUTZSDIMSA-N"",""WHCXDEORRDVLKS-TXHXQZCNSA-N"",""WHCXDEORRDVLKS-UHFFFAOYSA-N"",""WHCXDEORRDVLKS-UHFFFAOYSA-O"",""WSVDBZFXBCPUQI-UHFFFAOYSA-N"",""YKTZROTZKHXSFP-UHFFFAOYSA-N"",""YNWDKZIIWCEDEE-SNYZSRNZSA-N"",""YNWDKZIIWCEDEE-UFTMZEDQSA-N"",""YNWDKZIIWCEDEE-UHFFFAOYSA-N"",""YUGHEDYAZIRHQV-UHFFFAOYSA-N"",""YURAYSUACUFBBL-UHFFFAOYSA-N"",""ZKKOMTONFBNXHC-UHFFFAOYSA-N"",""ZSOSPIHWQFMWEL-UHFFFAOYSA-N""]"
46,torasemide,CIDm00041781,true,13,11,"[""BQHGMQPPSXPREC-UHFFFAOYSA-M"",""CIOOGZAZDZPXEE-UHFFFAOYSA-N"",""CZPWTRUQZAUDCD-UHFFFAOYSA-N"",""JDWASJOBLURNOY-UHFFFAOYSA-N"",""KGJAVHAHYMUZSY-UHFFFAOYSA-M"",""MNGZOMUQKCYLNT-UHFFFAOYSA-N"",""NGBFQHCMQULJNZ-UENXPIBQSA-N"",""NGBFQHCMQULJNZ-UHFFFAOYSA-N"",""NGBFQHCMQULJNZ-WFGJKAKNSA-N"",""PHGBHWXOQHAVRY-UHFFFAOYSA-N"",""TUYIAVVMUFFUAO-UHFFFAOYSA-N""]"
47,citalopram,CIDm00002771,true,70,67,"[""BXYDVBHRMAFOMR-BDQAORGHSA-N"",""BXYDVBHRMAFOMR-UHFFFAOYSA-N"",""CHJZURVADZXMDS-UHFFFAOYSA-N"",""CHJZURVADZXMDS-ZCLATKBISA-N"",""CVZGSQJGUPKHTC-BDQAORGHSA-N"",""CVZGSQJGUPKHTC-UHFFFAOYSA-N"",""FXSXPIKCGLXHAW-BDQAORGHSA-N"",""FXSXPIKCGLXHAW-TXHXQZCNSA-N"",""FXSXPIKCGLXHAW-UHFFFAOYSA-N"",""FXSXPIKCGLXHAW-VEIFNGETSA-N"",""IJGPSNNUWAKBLV-BDQAORGHSA-N"",""IJGPSNNUWAKBLV-UHFFFAOYSA-N"",""KTGRHKOEFSJQNS-BDQAORGHSA-L"",""KTGRHKOEFSJQNS-BDQAORGHSA-N"",""KTGRHKOEFSJQNS-GIJPFRRLSA-N"",""KTGRHKOEFSJQNS-RURDCJKXSA-N"",""KTGRHKOEFSJQNS-TXHXQZCNSA-N"",""KTGRHKOEFSJQNS-UHFFFAOYSA-L"",""KTGRHKOEFSJQNS-UHFFFAOYSA-N"",""KTGRHKOEFSJQNS-VEIFNGETSA-N"",""MUEADOICGZYKHR-BDQAORGHSA-N"",""MUEADOICGZYKHR-UHFFFAOYSA-N"",""NOKNGMDNIXSAHO-UHFFFAOYSA-N"",""RPQVQPZWSBPNAC-BDQAORGHSA-N"",""RPQVQPZWSBPNAC-UHFFFAOYSA-N"",""UNXFUXWVLYXCCH-CDHDNNKHSA-N"",""UNXFUXWVLYXCCH-UHFFFAOYSA-N"",""UOJAQJYMXUYYOS-FCXQHQNUSA-N"",""UOJAQJYMXUYYOS-UHFFFAOYSA-N"",""WIHMBLDNRMIGDW-BDQAORGHSA-N"",""WIHMBLDNRMIGDW-UHFFFAOYSA-M"",""WIHMBLDNRMIGDW-UHFFFAOYSA-N"",""WIHMBLDNRMIGDW-UTTJENGRSA-N"",""WIHMBLDNRMIGDW-VEIFNGETSA-N"",""WSEQXVZVJXJVFP-AIFBNPQBSA-N"",""WSEQXVZVJXJVFP-DNYKGWTMSA-N"",""WSEQXVZVJXJVFP-DVQNXRKGSA-N"",""WSEQXVZVJXJVFP-FQEVSTJZSA-N"",""WSEQXVZVJXJVFP-FQEVSTJZSA-O"",""WSEQXVZVJXJVFP-GCXMKRNOSA-N"",""WSEQXVZVJXJVFP-HXUWFJFHSA-N"",""WSEQXVZVJXJVFP-HXUWFJFHSA-O"",""WSEQXVZVJXJVFP-KDWZCNHSSA-N"",""WSEQXVZVJXJVFP-KPKFPSJVSA-N"",""WSEQXVZVJXJVFP-LDYDPMPYSA-N"",""WSEQXVZVJXJVFP-LRMPWOIVSA-N"",""WSEQXVZVJXJVFP-MGRXWYMASA-N"",""WSEQXVZVJXJVFP-MJIAKNMOSA-N"",""WSEQXVZVJXJVFP-MVOWDJCCSA-N"",""WSEQXVZVJXJVFP-NZHXOHBQSA-N"",""WSEQXVZVJXJVFP-OAWTUDSLSA-N"",""WSEQXVZVJXJVFP-PJYOIKONSA-N"",""WSEQXVZVJXJVFP-PVKQDMRYSA-N"",""WSEQXVZVJXJVFP-RLXJOQACSA-N"",""WSEQXVZVJXJVFP-RMZWYJPWSA-N"",""WSEQXVZVJXJVFP-UHFFFAOYSA-N"",""WSEQXVZVJXJVFP-UHFFFAOYSA-O"",""WSEQXVZVJXJVFP-UOKIAYLHSA-N"",""WSEQXVZVJXJVFP-WFGJKAKNSA-N"",""WSEQXVZVJXJVFP-WIQKFUDUSA-N"",""WSEQXVZVJXJVFP-YBXJYWJTSA-N"",""WSEQXVZVJXJVFP-ZAXFBDJCSA-N"",""WSEQXVZVJXJVFP-ZQIOZYNXSA-N"",""WWKRHHJPLWGDPD-UHFFFAOYSA-N"",""XARPLWPLHPURIW-UHFFFAOYSA-N"",""XARPLWPLHPURIW-XREKTYCCSA-N"",""XZIAKRNFVZZYND-UHFFFAOYSA-N""]"
48,eletriptan,CIDm00077993,true,58,55,"[""BORDVONYOHPTGR-JQDLGSOUSA-N"",""BORDVONYOHPTGR-UHFFFAOYSA-N"",""CTSRNKBTPLNFNK-FSRHSHDFSA-N"",""CTSRNKBTPLNFNK-UHFFFAOYSA-N"",""IYVZCNNIKYUHHM-UHFFFAOYSA-N"",""IYVZCNNIKYUHHM-WXMGBDCWSA-N"",""KSCPEPIDAXHLBJ-FSRHSHDFSA-N"",""KSCPEPIDAXHLBJ-UHFFFAOYSA-N"",""LSFHLRVRXJMEBW-FSRHSHDFSA-N"",""LSFHLRVRXJMEBW-UHFFFAOYSA-N"",""OEYNJIZAYWIOMK-FSRHSHDFSA-N"",""OEYNJIZAYWIOMK-UHFFFAOYSA-N"",""ONTTXXMBZRRMPL-FSRHSHDFSA-N"",""ONTTXXMBZRRMPL-UHFFFAOYSA-N"",""PWVXXGRKLHYWKM-ADIFKSSRSA-N"",""PWVXXGRKLHYWKM-COJYBMMNSA-N"",""PWVXXGRKLHYWKM-DQPKTBHESA-N"",""PWVXXGRKLHYWKM-DXOWLJTQSA-N"",""PWVXXGRKLHYWKM-FFINLWBZSA-N"",""PWVXXGRKLHYWKM-GWGFPTDUSA-N"",""PWVXXGRKLHYWKM-IBGZPJMESA-N"",""PWVXXGRKLHYWKM-IBGZPJMESA-O"",""PWVXXGRKLHYWKM-JQBFMECISA-N"",""PWVXXGRKLHYWKM-KEGCFBTHSA-N"",""PWVXXGRKLHYWKM-LJQANCHMSA-N"",""PWVXXGRKLHYWKM-LJQANCHMSA-O"",""PWVXXGRKLHYWKM-LNAVUAHQSA-N"",""PWVXXGRKLHYWKM-MHAQOBJMSA-N"",""PWVXXGRKLHYWKM-PHEBBQJOSA-N"",""PWVXXGRKLHYWKM-QJXBPCDQSA-N"",""PWVXXGRKLHYWKM-TZYRKHHMSA-N"",""PWVXXGRKLHYWKM-UHFFFAOYSA-N"",""PWVXXGRKLHYWKM-UHFFFAOYSA-O"",""PWVXXGRKLHYWKM-UWEKRWNMSA-N"",""PWVXXGRKLHYWKM-YNJNQQSMSA-N"",""PWVXXGRKLHYWKM-YWMWWHSFSA-N"",""PWVXXGRKLHYWKM-ZDRPVFGASA-N"",""QXNXWOPGFGZEML-UHFFFAOYSA-N"",""QXNXWOPGFGZEML-WXMGBDCWSA-N"",""RPXNTTBNFSRTLN-FSRHSHDFSA-N"",""RPXNTTBNFSRTLN-UHFFFAOYSA-N"",""SYWHMGMNOKNVGL-FSRHSHDFSA-N"",""SYWHMGMNOKNVGL-UHFFFAOYSA-N"",""UTINOWOSWSPFLJ-FSRHSHDFSA-M"",""UTINOWOSWSPFLJ-FSRHSHDFSA-N"",""UTINOWOSWSPFLJ-FYZYNONXSA-N"",""UTINOWOSWSPFLJ-UHFFFAOYSA-M"",""UTINOWOSWSPFLJ-UHFFFAOYSA-N"",""WETNCBJWYSIDGZ-UHFFFAOYSA-N"",""WETNCBJWYSIDGZ-WXMGBDCWSA-N"",""ZSNVTJYJAFXRMT-GDYGQLJFSA-N"",""ZSNVTJYJAFXRMT-UHFFFAOYSA-N"",""ZSNVTJYJAFXRMT-ZDADEQPYSA-N"",""ZZAAQJYDXJLXHN-JQDLGSOUSA-N"",""ZZAAQJYDXJLXHN-UHFFFAOYSA-N""]"
49,moxifloxacin,CIDm00101526,false,0,0,[]
50,nelfinavir,CIDm00064142,false,0,0,[]
51,glimepiride,CIDm00003476,true,14,14,"[""DWFDTBAOTMIUCZ-UHFFFAOYSA-N"",""IDYUKJGWFKQQHF-UHFFFAOYSA-N"",""PTSIFVRAQLUCBK-UHFFFAOYSA-N"",""WIGIZIANZCJQQY-BMSJAHLVSA-N"",""WIGIZIANZCJQQY-CXRURWBMSA-N"",""WIGIZIANZCJQQY-KUOZOICUSA-N"",""WIGIZIANZCJQQY-MMUZTCEPSA-N"",""WIGIZIANZCJQQY-RFOZJZRISA-N"",""WIGIZIANZCJQQY-RYIWKTDQSA-N"",""WIGIZIANZCJQQY-SGEUAGPISA-N"",""WIGIZIANZCJQQY-UHFFFAOYSA-M"",""WIGIZIANZCJQQY-UHFFFAOYSA-N"",""WIGIZIANZCJQQY-UPPJBWMKSA-N"",""WIGIZIANZCJQQY-ZRLBSURWSA-N""]"
52,indinavir,CIDm05362440,false,0,0,[]
53,lovastatin,CIDm00053232,false,0,0,[]
54,pregabalin,CIDm05486971,false,0,0,[]
55,temazepam,CIDm00005391,true,11,11,"[""AQKGMCHJCPOKNR-UHFFFAOYSA-N"",""GPVUAFAZVYNKRQ-UHFFFAOYSA-N"",""SEQDDYPDSLOBDC-HNNXBMFYSA-N"",""SEQDDYPDSLOBDC-KQORAOOSSA-N"",""SEQDDYPDSLOBDC-OAHLLOKOSA-N"",""SEQDDYPDSLOBDC-QFSWLAEGSA-N"",""SEQDDYPDSLOBDC-UHFFFAOYSA-N"",""SEQDDYPDSLOBDC-VIQYUKPQSA-N"",""SEQDDYPDSLOBDC-XDQLZPCDSA-N"",""ZXOLFTUELJVWFS-UHFFFAOYSA-N"",""ZXOLFTUELJVWFS-ZWZQDMJTSA-N""]"
56,reboxetine,CIDm00065856,true,47,47,"[""CBQGYUDMJHNJBX-GGYWPGCISA-N"",""CBQGYUDMJHNJBX-MOPGFXCFSA-N"",""CBQGYUDMJHNJBX-MOPGFXCFSA-O"",""CBQGYUDMJHNJBX-MRTLOADZSA-N"",""CBQGYUDMJHNJBX-MUMRKEEXSA-N"",""CBQGYUDMJHNJBX-OALUTQOASA-N"",""CBQGYUDMJHNJBX-OALUTQOASA-O"",""CBQGYUDMJHNJBX-OYKVQYDMSA-N"",""CBQGYUDMJHNJBX-RBUKOAKNSA-N"",""CBQGYUDMJHNJBX-RBUKOAKNSA-O"",""CBQGYUDMJHNJBX-RTBURBONSA-N"",""CBQGYUDMJHNJBX-RTBURBONSA-O"",""CBQGYUDMJHNJBX-UHFFFAOYSA-N"",""CBQGYUDMJHNJBX-UHFFFAOYSA-O"",""CBQGYUDMJHNJBX-WKMVNNJTSA-N"",""CBQGYUDMJHNJBX-ZBJDZAJPSA-N"",""CGTZMJIMMUNLQD-HLRBRJAUSA-N"",""CGTZMJIMMUNLQD-HODPIWSTSA-N"",""CGTZMJIMMUNLQD-STYNFMPRSA-N"",""CGTZMJIMMUNLQD-UHFFFAOYSA-N"",""CGTZMJIMMUNLQD-VOMIJIAVSA-N"",""PDFVGKMQZATDML-BAMQSBMESA-N"",""PNWHRHBFUCRORV-DBHVVPLHSA-N"",""PNWHRHBFUCRORV-PEPLNLLDSA-N"",""PNWHRHBFUCRORV-SKYNTLBUSA-N"",""PNWHRHBFUCRORV-UHFFFAOYSA-N"",""SZPHEVAYLIVGRC-BAMQSBMESA-N"",""SZPHEVAYLIVGRC-JYRWABTFSA-N"",""SZPHEVAYLIVGRC-UHFFFAOYSA-N"",""UNGDBNBSKXVXGG-HLRBRJAUSA-N"",""UNGDBNBSKXVXGG-UHFFFAOYSA-N"",""XGSCYTRLSDKRRZ-JQDMTEHVSA-N"",""XGSCYTRLSDKRRZ-OIZIJXTKSA-N"",""XGSCYTRLSDKRRZ-STYNFMPRSA-N"",""XGSCYTRLSDKRRZ-UHFFFAOYSA-N"",""XYPKQBCMBKEEQP-ZGSPBYFDSA-N"",""YEAGVSAOGVUCPE-HLRBRJAUSA-N"",""YEAGVSAOGVUCPE-KIKMZWSBSA-N"",""YEAGVSAOGVUCPE-STYNFMPRSA-N"",""YEAGVSAOGVUCPE-UHFFFAOYSA-N"",""YXZTUOWIYOESGT-GRTNUQQKSA-N"",""YXZTUOWIYOESGT-HLRBRJAUSA-N"",""YXZTUOWIYOESGT-HMEPSURWSA-N"",""YXZTUOWIYOESGT-STYNFMPRSA-N"",""YXZTUOWIYOESGT-UHFFFAOYSA-L"",""YXZTUOWIYOESGT-UHFFFAOYSA-N"",""YXZTUOWIYOESGT-VOMIJIAVSA-L""]"
57,nevirapine,CIDm00004463,true,18,18,"[""DZPKJCKJNUYVRZ-UHFFFAOYSA-N"",""HDJNAIZTKVGUES-UHFFFAOYSA-N"",""IWDGKTMKWDOMLR-UHFFFAOYSA-N"",""KMTLSXAXTLQBKJ-UHFFFAOYSA-N"",""NNZINZVSTAUTJD-UHFFFAOYSA-N"",""NQDJXKOVJZTUJA-CQOLUAMGSA-N"",""NQDJXKOVJZTUJA-CWIRFKENSA-N"",""NQDJXKOVJZTUJA-FIBGUPNXSA-N"",""NQDJXKOVJZTUJA-GUEYOVJQSA-N"",""NQDJXKOVJZTUJA-KQORAOOSSA-N"",""NQDJXKOVJZTUJA-OVQQCADVSA-N"",""NQDJXKOVJZTUJA-QTQWIGFBSA-N"",""NQDJXKOVJZTUJA-TZWTUSEXSA-N"",""NQDJXKOVJZTUJA-UHFFFAOYSA-N"",""NQDJXKOVJZTUJA-WFVSFCRTSA-N"",""NQDJXKOVJZTUJA-ZYTHVRAHSA-N"",""PUYRWFIESLUCLF-UHFFFAOYSA-N"",""VBKJPNGESXALLB-UHFFFAOYSA-N""]"
58,cladribine,CIDm00020279,false,0,0,[]
59,ranolazine,CIDm00056959,true,175,174,"[""BPNUYDZKBMEJBH-UHFFFAOYSA-N"",""BUMFRSGVOXWIEU-UHFFFAOYSA-N"",""CGLDCGGLIKXPIR-UHFFFAOYSA-N"",""DGYFMAOQOIEXPS-UHFFFAOYSA-N"",""HIWSKCRHAOKBSL-UHFFFAOYSA-M"",""HIWSKCRHAOKBSL-UHFFFAOYSA-N"",""NKKGXOCMUHLWRD-UHFFFAOYSA-N"",""RJNSNFZXAZXOFX-FAVHNTAZSA-N"",""RJNSNFZXAZXOFX-FJSYBICCSA-N"",""RJNSNFZXAZXOFX-JITVSCQZSA-N"",""RJNSNFZXAZXOFX-UHFFFAOYSA-L"",""RJNSNFZXAZXOFX-UHFFFAOYSA-N"",""RJNSNFZXAZXOFX-ZWKVGDSCSA-N"",""SSTMLHOLDPMEPK-UHFFFAOYSA-N"",""SSTMLHOLDPMEPK-ZCLATKBISA-N"",""VYKHBNRUZYCKPK-UHFFFAOYSA-L"",""VYKHBNRUZYCKPK-UHFFFAOYSA-N"",""XKLMZUWKNUAPSZ-AKKUMSNESA-N"",""XKLMZUWKNUAPSZ-ALBFCECKSA-N"",""XKLMZUWKNUAPSZ-AOFMRTRUSA-N"",""XKLMZUWKNUAPSZ-AYBVGXBASA-N"",""XKLMZUWKNUAPSZ-AYXXFLCJSA-N"",""XKLMZUWKNUAPSZ-AZOOIEJKSA-N"",""XKLMZUWKNUAPSZ-BBGDKFNRSA-N"",""XKLMZUWKNUAPSZ-BJOWDQJBSA-N"",""XKLMZUWKNUAPSZ-BJYWQNCESA-N"",""XKLMZUWKNUAPSZ-BKBRAOFLSA-N"",""XKLMZUWKNUAPSZ-BMMYXWGMSA-N"",""XKLMZUWKNUAPSZ-BNPSUZLESA-N"",""XKLMZUWKNUAPSZ-BPPAMHLBSA-N"",""XKLMZUWKNUAPSZ-BWNOZJTLSA-N"",""XKLMZUWKNUAPSZ-BYXIFXFOSA-N"",""XKLMZUWKNUAPSZ-BZQXZOACSA-N"",""XKLMZUWKNUAPSZ-CDLYPOKTSA-N"",""XKLMZUWKNUAPSZ-CDURZUERSA-N"",""XKLMZUWKNUAPSZ-CFIVSAGMSA-N"",""XKLMZUWKNUAPSZ-CGFYEQALSA-N"",""XKLMZUWKNUAPSZ-CSHIUSJBSA-N"",""XKLMZUWKNUAPSZ-CXESZKEESA-N"",""XKLMZUWKNUAPSZ-CYAHNAFCSA-N"",""XKLMZUWKNUAPSZ-CZVQBKQASA-N"",""XKLMZUWKNUAPSZ-DBAVOMQYSA-N"",""XKLMZUWKNUAPSZ-DFNPVMSFSA-N"",""XKLMZUWKNUAPSZ-DKUQNMFSSA-N"",""XKLMZUWKNUAPSZ-DOBBINOXSA-N"",""XKLMZUWKNUAPSZ-DSRYXTNWSA-N"",""XKLMZUWKNUAPSZ-FBCWWBABSA-N"",""XKLMZUWKNUAPSZ-FCWAXYISSA-N"",""XKLMZUWKNUAPSZ-FQEVSTJZSA-N"",""XKLMZUWKNUAPSZ-FQEVSTJZSA-O"",""XKLMZUWKNUAPSZ-FUEQIQQISA-N"",""XKLMZUWKNUAPSZ-GGPHPMNDSA-N"",""XKLMZUWKNUAPSZ-GNDNLJJWSA-N"",""XKLMZUWKNUAPSZ-GQALSZNTSA-N"",""XKLMZUWKNUAPSZ-GSCTUBRVSA-N"",""XKLMZUWKNUAPSZ-GUOSUWLKSA-N"",""XKLMZUWKNUAPSZ-GVYXZNQHSA-N"",""XKLMZUWKNUAPSZ-GZJPUKRBSA-N"",""XKLMZUWKNUAPSZ-GZNDJYNLSA-N"",""XKLMZUWKNUAPSZ-HDDDARAASA-N"",""XKLMZUWKNUAPSZ-HDWVHITRSA-N"",""XKLMZUWKNUAPSZ-HLJXMALGSA-N"",""XKLMZUWKNUAPSZ-HNQDFERCSA-N"",""XKLMZUWKNUAPSZ-HPRCDACQSA-N"",""XKLMZUWKNUAPSZ-HPRDVNIFSA-N"",""XKLMZUWKNUAPSZ-HQVXTIOWSA-N"",""XKLMZUWKNUAPSZ-HRWFSXTPSA-N"",""XKLMZUWKNUAPSZ-HWPJPFGNSA-N"",""XKLMZUWKNUAPSZ-HWPQMCODSA-N"",""XKLMZUWKNUAPSZ-HXUWFJFHSA-N"",""XKLMZUWKNUAPSZ-HXUWFJFHSA-O"",""XKLMZUWKNUAPSZ-IIGVTNRJSA-N"",""XKLMZUWKNUAPSZ-IUORVBKQSA-N"",""XKLMZUWKNUAPSZ-IXRSUUFJSA-N"",""XKLMZUWKNUAPSZ-IZQNBIEASA-N"",""XKLMZUWKNUAPSZ-JBWIWQSNSA-N"",""XKLMZUWKNUAPSZ-JDSHJQRYSA-N"",""XKLMZUWKNUAPSZ-JMTMUVLWSA-N"",""XKLMZUWKNUAPSZ-JNXAOFRISA-N"",""XKLMZUWKNUAPSZ-JPAAWJBFSA-N"",""XKLMZUWKNUAPSZ-JUICQVRASA-N"",""XKLMZUWKNUAPSZ-KCIVCRFTSA-N"",""XKLMZUWKNUAPSZ-KCOXPHNDSA-N"",""XKLMZUWKNUAPSZ-KCTTUZLKSA-N"",""XKLMZUWKNUAPSZ-KRSVJHMFSA-N"",""XKLMZUWKNUAPSZ-KUOZOICUSA-N"",""XKLMZUWKNUAPSZ-KVIUMTPWSA-N"",""XKLMZUWKNUAPSZ-KYBXMTOISA-N"",""XKLMZUWKNUAPSZ-LBDFIVMYSA-N"",""XKLMZUWKNUAPSZ-LCSBNXIISA-N"",""XKLMZUWKNUAPSZ-LSKCJUHUSA-N"",""XKLMZUWKNUAPSZ-LWVNUALZSA-N"",""XKLMZUWKNUAPSZ-MBUBYUDXSA-N"",""XKLMZUWKNUAPSZ-MCHTXLOASA-N"",""XKLMZUWKNUAPSZ-MGUUFHOCSA-N"",""XKLMZUWKNUAPSZ-MNWRGVLKSA-N"",""XKLMZUWKNUAPSZ-MQJAMPLLSA-N"",""XKLMZUWKNUAPSZ-NOYSXKQLSA-N"",""XKLMZUWKNUAPSZ-NSNXVJARSA-N"",""XKLMZUWKNUAPSZ-NWBNXZTPSA-N"",""XKLMZUWKNUAPSZ-NWNPUOLQSA-N"",""XKLMZUWKNUAPSZ-NWOXSKRJSA-N"",""XKLMZUWKNUAPSZ-OMHIRJQPSA-N"",""XKLMZUWKNUAPSZ-OMLMTOLKSA-N"",""XKLMZUWKNUAPSZ-ONNKGWAKSA-N"",""XKLMZUWKNUAPSZ-PBROYFRHSA-N"",""XKLMZUWKNUAPSZ-PNLFNGONSA-N"",""XKLMZUWKNUAPSZ-PRRKFNLXSA-N"",""XKLMZUWKNUAPSZ-QBGQEDCXSA-N"",""XKLMZUWKNUAPSZ-QHBAIOPRSA-N"",""XKLMZUWKNUAPSZ-QHWXDJLHSA-N"",""XKLMZUWKNUAPSZ-QIGPKCOQSA-N"",""XKLMZUWKNUAPSZ-QJKQAVGISA-N"",""XKLMZUWKNUAPSZ-QLBWRITCSA-N"",""XKLMZUWKNUAPSZ-QNUVHOLWSA-N"",""XKLMZUWKNUAPSZ-QWWQMIBNSA-N"",""XKLMZUWKNUAPSZ-QXPLUHQOSA-N"",""XKLMZUWKNUAPSZ-RBQPYLQOSA-N"",""XKLMZUWKNUAPSZ-RIXVBNTJSA-N"",""XKLMZUWKNUAPSZ-RTPVRJFCSA-N"",""XKLMZUWKNUAPSZ-RUBOIEBGSA-N"",""XKLMZUWKNUAPSZ-RXWIBIQPSA-N"",""XKLMZUWKNUAPSZ-RZOBCMOLSA-N"",""XKLMZUWKNUAPSZ-SBJWWWFMSA-N"",""XKLMZUWKNUAPSZ-SEYZCTLFSA-N"",""XKLMZUWKNUAPSZ-SFUWXNAVSA-N"",""XKLMZUWKNUAPSZ-SRIXYLPQSA-N"",""XKLMZUWKNUAPSZ-SUVTWYTFSA-N"",""XKLMZUWKNUAPSZ-SUYHTSCMSA-N"",""XKLMZUWKNUAPSZ-SWFKNUTLSA-N"",""XKLMZUWKNUAPSZ-TWACDOCZSA-N"",""XKLMZUWKNUAPSZ-TZJMKCMOSA-N"",""XKLMZUWKNUAPSZ-UANRKWQZSA-N"",""XKLMZUWKNUAPSZ-UEPJBGNASA-N"",""XKLMZUWKNUAPSZ-UFWDNVIGSA-N"",""XKLMZUWKNUAPSZ-UGBMIPATSA-N"",""XKLMZUWKNUAPSZ-UGDPRYBCSA-N"",""XKLMZUWKNUAPSZ-UHFFFAOYSA-N"",""XKLMZUWKNUAPSZ-UHFFFAOYSA-O"",""XKLMZUWKNUAPSZ-UOEWWCRLSA-N"",""XKLMZUWKNUAPSZ-UTQZGGOYSA-N"",""XKLMZUWKNUAPSZ-UVGNBJSASA-N"",""XKLMZUWKNUAPSZ-VDDOEEBQSA-N"",""XKLMZUWKNUAPSZ-VDERESLASA-N"",""XKLMZUWKNUAPSZ-VFAZPDDBSA-N"",""XKLMZUWKNUAPSZ-VGGBEBFWSA-N"",""XKLMZUWKNUAPSZ-VKMIRIEMSA-N"",""XKLMZUWKNUAPSZ-VKSYWQKVSA-N"",""XKLMZUWKNUAPSZ-VNCNTPIFSA-N"",""XKLMZUWKNUAPSZ-VXLJLGETSA-N"",""XKLMZUWKNUAPSZ-WFGJKAKNSA-N"",""XKLMZUWKNUAPSZ-WSNMINMXSA-N"",""XKLMZUWKNUAPSZ-WSPMYOOJSA-N"",""XKLMZUWKNUAPSZ-WZJGGGKDSA-N"",""XKLMZUWKNUAPSZ-XBVVNCTHSA-N"",""XKLMZUWKNUAPSZ-XGATWCRJSA-N"",""XKLMZUWKNUAPSZ-XLBLAKOUSA-N"",""XKLMZUWKNUAPSZ-XWDPCONXSA-N"",""XKLMZUWKNUAPSZ-YCAPRXNBSA-N"",""XKLMZUWKNUAPSZ-YHMXWEHRSA-N"",""XKLMZUWKNUAPSZ-YLWSFDKDSA-N"",""XKLMZUWKNUAPSZ-YVHRXSIGSA-N"",""XKLMZUWKNUAPSZ-ZBKRFKCKSA-N"",""XKLMZUWKNUAPSZ-ZGBMZCDDSA-N"",""XKLMZUWKNUAPSZ-ZRBJVTSPSA-N"",""XKLMZUWKNUAPSZ-ZVIXTPEOSA-N"",""XKLMZUWKNUAPSZ-ZYEDKAOMSA-N"",""XNVGVQFNKFUJQA-UHFFFAOYSA-M"",""XNVGVQFNKFUJQA-UHFFFAOYSA-N"",""XUNRYLVCGLXFML-BTJKTKAUSA-L"",""XUNRYLVCGLXFML-BTJKTKAUSA-N"",""XUNRYLVCGLXFML-WLHGVMLRSA-L"",""XUNRYLVCGLXFML-WLHGVMLRSA-N"",""ZKDMNQYTSVRUEP-UHFFFAOYSA-N""]"
60,mesalazine,CIDm00004075,true,24,22,"[""AWDRBBZJLVNKQS-UHFFFAOYSA-M"",""AWDRBBZJLVNKQS-UHFFFAOYSA-N"",""CJNFKOJXWRGHQB-UHFFFAOYSA-N"",""CKSYYKUZJMJWIK-UHFFFAOYSA-N"",""HNFUXCPCDXOBDO-UHFFFAOYSA-N"",""JXQDYRBNXKLYGJ-UHFFFAOYSA-N"",""KBOPZPXVLCULAV-CBYSEHNBSA-N"",""KBOPZPXVLCULAV-IDEBNGHGSA-N"",""KBOPZPXVLCULAV-UHFFFAOYSA-M"",""KBOPZPXVLCULAV-UHFFFAOYSA-N"",""KBOPZPXVLCULAV-UHFFFAOYSA-O"",""KKRSNTURHSOKTM-BVNCJLROSA-N"",""KKRSNTURHSOKTM-KADUPEOVSA-N"",""KKRSNTURHSOKTM-UHFFFAOYSA-N"",""LEVFWEGSQWMQEY-UHFFFAOYSA-N"",""NASVVMKFUKJYRJ-UHFFFAOYSA-L"",""OKLJCGTUSWLXCJ-UHFFFAOYSA-L"",""PCCAPOBWBWTLLB-UHFFFAOYSA-N"",""PKXJHLQZWHCMKD-UHFFFAOYSA-M"",""PNAHPSMNLKNYRL-UHFFFAOYSA-N"",""QXGLBLPULKHGTA-UHFFFAOYSA-N"",""UKOOGGDCQVTMRS-UHFFFAOYSA-N""]"
61,ziprasidone,CIDm00060853,true,60,58,"[""ANADIFWQSXBVEY-UHFFFAOYSA-N"",""ANMYWYIICWTDRR-UHFFFAOYSA-N"",""AYIDNELDSYBKMM-UHFFFAOYSA-N"",""AYJWTFZQWKSSGV-UHFFFAOYSA-N"",""CPBNXRHWSPQHPF-UHFFFAOYSA-N"",""FHUULORRCRKLEQ-FJOGWHKWSA-N"",""FHUULORRCRKLEQ-JITBQSAISA-N"",""FHUULORRCRKLEQ-UHFFFAOYSA-N"",""FRKONLCDDPELOY-UHFFFAOYSA-N"",""GFYMYKXQPGZXIG-UHFFFAOYSA-N"",""GOTKZGDRJWAGOQ-UHFFFAOYSA-N"",""HJPAECYNUWJNKB-UHFFFAOYSA-N"",""IFJYENGRKHUZIZ-UHFFFAOYSA-N"",""ITZWNCRIFSNXDZ-UHFFFAOYSA-N"",""JJDARUWULYPFJW-UHFFFAOYSA-N"",""JTUMGEGCZXABDE-UHFFFAOYSA-N"",""LOQSYPGSAZUDJZ-UHFFFAOYSA-N"",""LSHFPWWJTQCPSF-UHFFFAOYSA-N"",""MEGGWFIYRQMIJF-UHFFFAOYSA-N"",""MODUPRLQJXXYNY-UHFFFAOYSA-N"",""MVWVFYHBGMAFLY-DYCDLGHISA-N"",""MVWVFYHBGMAFLY-IBTRZKOZSA-N"",""MVWVFYHBGMAFLY-MGCXBSLHSA-N"",""MVWVFYHBGMAFLY-MICDWDOJSA-N"",""MVWVFYHBGMAFLY-NZLXMSDQSA-N"",""MVWVFYHBGMAFLY-ODBSDNNBSA-N"",""MVWVFYHBGMAFLY-OGMPUPHQSA-N"",""MVWVFYHBGMAFLY-RHQRLBAQSA-N"",""MVWVFYHBGMAFLY-RIEUHEKNSA-N"",""MVWVFYHBGMAFLY-UFBJYANTSA-N"",""MVWVFYHBGMAFLY-UHFFFAOYSA-N"",""MVWVFYHBGMAFLY-UHFFFAOYSA-O"",""MVWVFYHBGMAFLY-VEHYEFLDSA-N"",""MVWVFYHBGMAFLY-XUWBISKJSA-N"",""MVWVFYHBGMAFLY-XWAJUCODSA-N"",""MVWVFYHBGMAFLY-ZQBYOMGUSA-N"",""NZDBKBRIBJLNNT-UHFFFAOYSA-M"",""NZDBKBRIBJLNNT-UHFFFAOYSA-N"",""OEVJZOXTKZUQBD-UHFFFAOYSA-N"",""OIZUKNWFAKEWAU-UHFFFAOYSA-N"",""QFLGICNDVNAOSC-UHFFFAOYSA-L"",""QFLGICNDVNAOSC-UHFFFAOYSA-N"",""RITVBKULWMWMIV-UHFFFAOYSA-N"",""ROIGIIBBUFDFHH-UHFFFAOYSA-N"",""RXQTUDJRKRQNSF-UHFFFAOYSA-N"",""SPHUVAFQHYYTHR-UHFFFAOYSA-N"",""WGMVGZVYQNGFTI-UHFFFAOYSA-M"",""WLQZEFFFIUHSJB-UHFFFAOYSA-N"",""XJTNEWCICHUNIP-UHFFFAOYSA-N"",""XMWQFDCEAHXKSP-UHFFFAOYSA-N"",""YRSCFCRNNWHWPC-UHFFFAOYSA-N"",""YXMIQQXSYCPITF-UHFFFAOYSA-N"",""ZCBZSCBNOOIHFP-UHFFFAOYSA-M"",""ZCBZSCBNOOIHFP-UHFFFAOYSA-N"",""ZDKBYTUABUWNJJ-BTJKTKAUSA-L"",""ZDKBYTUABUWNJJ-BTJKTKAUSA-N"",""ZDKBYTUABUWNJJ-UHFFFAOYSA-N"",""ZDKBYTUABUWNJJ-WLHGVMLRSA-N""]"
62,cabergoline,CIDm00054746,false,0,0,[]
63,dapsone,CIDm00002955,true,10,10,"[""GVUUVENPNWJILP-UHFFFAOYSA-N"",""IPGUTRLFGWTNGC-UHFFFAOYSA-N"",""MQJKPEGWNLWLTK-NMRLXUNGSA-N"",""MQJKPEGWNLWLTK-PGRXLJNUSA-N"",""MQJKPEGWNLWLTK-RVQWGROCSA-N"",""MQJKPEGWNLWLTK-UHFFFAOYSA-N"",""MQJKPEGWNLWLTK-UURISEFRSA-N"",""OICQJVZWUCPWTE-UHFFFAOYSA-N"",""WGBCIZQUQYKSKB-UHFFFAOYSA-N"",""XOUUPLXNHDMDCD-UHFFFAOYSA-N""]"
64,terconazole,CIDm00441383,false,0,0,[]
65,phenytoin,CIDm00001775,true,36,32,"[""BJXCWMFJUOHSBQ-UHFFFAOYSA-N"",""CESLSYHKYKXMMU-UHFFFAOYSA-N"",""CWNLSZAHKLSFLH-UHFFFAOYSA-N"",""CXOFVDLJLONNDW-DYVTXVBDSA-N"",""CXOFVDLJLONNDW-HRBFZRADSA-N"",""CXOFVDLJLONNDW-HSGWXFLFSA-N"",""CXOFVDLJLONNDW-JVQNMGKOSA-N"",""CXOFVDLJLONNDW-LHNTUAQVSA-N"",""CXOFVDLJLONNDW-MICDWDOJSA-N"",""CXOFVDLJLONNDW-OWOUULSISA-N"",""CXOFVDLJLONNDW-RTHFTJBMSA-N"",""CXOFVDLJLONNDW-UHFFFAOYSA-M"",""CXOFVDLJLONNDW-UHFFFAOYSA-N"",""CXOFVDLJLONNDW-XVHNFBLOSA-N"",""CXOFVDLJLONNDW-YOZIXMNGSA-N"",""FJPYVLNWWICYDW-RWQOXAPSSA-M"",""FJPYVLNWWICYDW-UHFFFAOYSA-M"",""FJPYVLNWWICYDW-UHFFFAOYSA-N"",""FJPYVLNWWICYDW-VTEWAWCOSA-M"",""FSQHRGWVAHBIAV-UHFFFAOYSA-N"",""FSQHRGWVAHBIAV-UHFFFAOYSA-O"",""FSUPITWRVZUOTB-UHFFFAOYSA-L"",""GWSNXKJIQRXDLZ-UHFFFAOYSA-M"",""GWSNXKJIQRXDLZ-UHFFFAOYSA-N"",""HTGLOTSAWDRCJT-UHFFFAOYSA-N"",""JBSMSVZHETUQQA-UHFFFAOYSA-N"",""PDJJEAZAAHPQLW-UHFFFAOYSA-N"",""PLGVPUSGACXVCY-UHFFFAOYSA-N"",""QVCYITGUKNQAAV-UHFFFAOYSA-N"",""UTSGTKNSGNHKBP-UHFFFAOYSA-N"",""WWVSRSBVTDLJAH-UHFFFAOYSA-N"",""ZGASYKQLNISKHG-UHFFFAOYSA-N""]"
66,doxycycline,CIDm54671203,false,0,0,[]
67,anagrelide,CIDm00002182,true,12,11,"[""AGKHKGHICRCFAL-UHFFFAOYSA-N"",""OGSYTBRZFDLUPH-UHFFFAOYSA-N"",""OTBXOEAOVRKTNQ-PTCNTQLJSA-N"",""OTBXOEAOVRKTNQ-UHFFFAOYSA-N"",""SQONRNOMFCYAPZ-UHFFFAOYSA-N"",""TVWRQCIPWUCNMI-UHFFFAOYSA-M"",""TVWRQCIPWUCNMI-UHFFFAOYSA-N"",""UPNYQWPMQKBXPZ-UHFFFAOYSA-N"",""YLFXXKJQBOJJIX-UHFFFAOYSA-N"",""ZKKDALUMXZIDDN-UHFFFAOYSA-L"",""ZKKDALUMXZIDDN-UHFFFAOYSA-M""]"
68,carmustine,CIDm00002578,true,6,6,"[""DLGOEMSEDOSKAD-KHORGVISSA-N"",""DLGOEMSEDOSKAD-LNLMKGTHSA-N"",""DLGOEMSEDOSKAD-SFIIULIVSA-N"",""DLGOEMSEDOSKAD-SKMPNTIBSA-N"",""DLGOEMSEDOSKAD-UHFFFAOYSA-N"",""SNAXJDDMGMTDTB-UHFFFAOYSA-N""]"
69,metoprolol,CIDm00004171,true,209,208,"[""BRIPGNJWPCKDQZ-KSBRXOFISA-N"",""BRIPGNJWPCKDQZ-MZQXSLHISA-N"",""BRIPGNJWPCKDQZ-UHFFFAOYSA-N"",""BRIPGNJWPCKDQZ-WXXKFALUSA-N"",""BRIPGNJWPCKDQZ-ZXUQREHMSA-N"",""BSOOSDKAIJMABZ-UHFFFAOYSA-N"",""DAVDHFVLGVAFBZ-UACZKNEHSA-N"",""DAVDHFVLGVAFBZ-UHFFFAOYSA-N"",""HJYQVEDVTNUQOR-UHFFFAOYSA-N"",""HOVSVGGYDOUMQT-UHFFFAOYSA-M"",""IUBSYMUCCVWXPE-ATWRSPBVSA-N"",""IUBSYMUCCVWXPE-AWEZNQCLSA-N"",""IUBSYMUCCVWXPE-AWEZNQCLSA-O"",""IUBSYMUCCVWXPE-AXNRDLRRSA-N"",""IUBSYMUCCVWXPE-AYDVZBDMSA-N"",""IUBSYMUCCVWXPE-BDVYYODNSA-N"",""IUBSYMUCCVWXPE-BFMFFUNWSA-N"",""IUBSYMUCCVWXPE-BSJICXLASA-N"",""IUBSYMUCCVWXPE-BWSHJEOZSA-N"",""IUBSYMUCCVWXPE-CBLGGNJMSA-N"",""IUBSYMUCCVWXPE-CEBDTMGTSA-N"",""IUBSYMUCCVWXPE-CPUIEYTFSA-N"",""IUBSYMUCCVWXPE-CQSZACIVSA-N"",""IUBSYMUCCVWXPE-CQSZACIVSA-O"",""IUBSYMUCCVWXPE-CULYBOKUSA-N"",""IUBSYMUCCVWXPE-CVFVLUPMSA-N"",""IUBSYMUCCVWXPE-CWTVLYCKSA-N"",""IUBSYMUCCVWXPE-CZEVESCESA-N"",""IUBSYMUCCVWXPE-DOGFXRRYSA-N"",""IUBSYMUCCVWXPE-DSOJLBEBSA-N"",""IUBSYMUCCVWXPE-DWSYCVKZSA-N"",""IUBSYMUCCVWXPE-DZNKYRQTSA-N"",""IUBSYMUCCVWXPE-FBMXDQOCSA-N"",""IUBSYMUCCVWXPE-FCFVPJCTSA-N"",""IUBSYMUCCVWXPE-FEJMEEBPSA-N"",""IUBSYMUCCVWXPE-FIBGUPNXSA-N"",""IUBSYMUCCVWXPE-FIWUMSIFSA-N"",""IUBSYMUCCVWXPE-FIWVHSLXSA-N"",""IUBSYMUCCVWXPE-FNEYSHHLSA-N"",""IUBSYMUCCVWXPE-FPWSDNDASA-N"",""IUBSYMUCCVWXPE-FPYZLBHGSA-N"",""IUBSYMUCCVWXPE-FQDXQTQJSA-N"",""IUBSYMUCCVWXPE-FTKHGPKZSA-N"",""IUBSYMUCCVWXPE-FWDWGVSGSA-N"",""IUBSYMUCCVWXPE-GBHNTSIUSA-N"",""IUBSYMUCCVWXPE-GCGPPIOSSA-N"",""IUBSYMUCCVWXPE-GCNXMRAWSA-N"",""IUBSYMUCCVWXPE-GIVVJGTASA-N"",""IUBSYMUCCVWXPE-GMEAHLRXSA-N"",""IUBSYMUCCVWXPE-GMFFKOCQSA-N"",""IUBSYMUCCVWXPE-GPWZVNNNSA-N"",""IUBSYMUCCVWXPE-GQALSZNTSA-N"",""IUBSYMUCCVWXPE-GZLGNBIPSA-N"",""IUBSYMUCCVWXPE-HDFLUQJXSA-N"",""IUBSYMUCCVWXPE-HIMPUNRDSA-N"",""IUBSYMUCCVWXPE-HNGJEFFHSA-N"",""IUBSYMUCCVWXPE-HOZRCSDPSA-N"",""IUBSYMUCCVWXPE-HPRDVNIFSA-N"",""IUBSYMUCCVWXPE-HSNISVEUSA-N"",""IUBSYMUCCVWXPE-HXBCTTMGSA-N"",""IUBSYMUCCVWXPE-IIVFXWFJSA-N"",""IUBSYMUCCVWXPE-ILDMDXQASA-N"",""IUBSYMUCCVWXPE-IRYCGYRJSA-N"",""IUBSYMUCCVWXPE-ITOIXDKASA-N"",""IUBSYMUCCVWXPE-IVFKBAJJSA-N"",""IUBSYMUCCVWXPE-JBHSRKMPSA-N"",""IUBSYMUCCVWXPE-JIZANVDTSA-N"",""IUBSYMUCCVWXPE-JNJBWJDISA-N"",""IUBSYMUCCVWXPE-JSTICWMKSA-N"",""IUBSYMUCCVWXPE-JTDYLNHMSA-N"",""IUBSYMUCCVWXPE-KBMKNGFXSA-N"",""IUBSYMUCCVWXPE-KEWKYEQZSA-N"",""IUBSYMUCCVWXPE-KGWXALSVSA-N"",""IUBSYMUCCVWXPE-KHFQCCBASA-N"",""IUBSYMUCCVWXPE-KNXIQCGSSA-N"",""IUBSYMUCCVWXPE-KPHQTJKTSA-N"",""IUBSYMUCCVWXPE-KWNIGBCKSA-N"",""IUBSYMUCCVWXPE-LBOYJRRESA-N"",""IUBSYMUCCVWXPE-LISGUJADSA-N"",""IUBSYMUCCVWXPE-LRXRGUANSA-N"",""IUBSYMUCCVWXPE-LSSCMEDASA-N"",""IUBSYMUCCVWXPE-LULQWZGESA-N"",""IUBSYMUCCVWXPE-LVYYQKLTSA-N"",""IUBSYMUCCVWXPE-LYCBYDEFSA-N"",""IUBSYMUCCVWXPE-LZMSFWOYSA-N"",""IUBSYMUCCVWXPE-MCZXEPAHSA-N"",""IUBSYMUCCVWXPE-MELWAGBOSA-N"",""IUBSYMUCCVWXPE-MKFDZKKESA-N"",""IUBSYMUCCVWXPE-MLPGLELSSA-N"",""IUBSYMUCCVWXPE-MMTAUSBASA-N"",""IUBSYMUCCVWXPE-MNECZSNLSA-N"",""IUBSYMUCCVWXPE-MVOOHZGDSA-N"",""IUBSYMUCCVWXPE-NDBBJZNWSA-N"",""IUBSYMUCCVWXPE-NJFDCKJNSA-N"",""IUBSYMUCCVWXPE-NOEFXFLJSA-N"",""IUBSYMUCCVWXPE-NUSCKKGOSA-N"",""IUBSYMUCCVWXPE-NWFMCOQESA-N"",""IUBSYMUCCVWXPE-NXVXGRELSA-N"",""IUBSYMUCCVWXPE-NZHFTLAPSA-N"",""IUBSYMUCCVWXPE-ODBROWPQSA-N"",""IUBSYMUCCVWXPE-OTOXFFNTSA-N"",""IUBSYMUCCVWXPE-OUAOBOANSA-N"",""IUBSYMUCCVWXPE-OVFRZWBHSA-N"",""IUBSYMUCCVWXPE-PIHFZAAFSA-N"",""IUBSYMUCCVWXPE-PMMGPMERSA-N"",""IUBSYMUCCVWXPE-PMZOOTOYSA-N"",""IUBSYMUCCVWXPE-PVQKZBPISA-N"",""IUBSYMUCCVWXPE-PWWKFFJSSA-N"",""IUBSYMUCCVWXPE-QBPJURQYSA-N"",""IUBSYMUCCVWXPE-QDXWLKTNSA-N"",""IUBSYMUCCVWXPE-QFIQSOQBSA-N"",""IUBSYMUCCVWXPE-QLWPOVNFSA-N"",""IUBSYMUCCVWXPE-QUDJLGSQSA-N"",""IUBSYMUCCVWXPE-RHZDIVJRSA-N"",""IUBSYMUCCVWXPE-RXSQEESDSA-N"",""IUBSYMUCCVWXPE-SBKSONDISA-N"",""IUBSYMUCCVWXPE-SCFLVOMGSA-N"",""IUBSYMUCCVWXPE-SDSDXJODSA-N"",""IUBSYMUCCVWXPE-SENSHXHOSA-N"",""IUBSYMUCCVWXPE-SRVSMMSNSA-N"",""IUBSYMUCCVWXPE-STRXKQJMSA-N"",""IUBSYMUCCVWXPE-SUSKJEIZSA-N"",""IUBSYMUCCVWXPE-TUTMTFFFSA-N"",""IUBSYMUCCVWXPE-TWBNAIBBSA-N"",""IUBSYMUCCVWXPE-UGWFXTGHSA-N"",""IUBSYMUCCVWXPE-UGYTXJDISA-N"",""IUBSYMUCCVWXPE-UHFFFAOYSA-N"",""IUBSYMUCCVWXPE-UHFFFAOYSA-O"",""IUBSYMUCCVWXPE-UMWXVXCBSA-N"",""IUBSYMUCCVWXPE-UQBWLURTSA-N"",""IUBSYMUCCVWXPE-UVLZMHILSA-N"",""IUBSYMUCCVWXPE-UXXQURQLSA-N"",""IUBSYMUCCVWXPE-UYAILGIXSA-N"",""IUBSYMUCCVWXPE-UYQWLEQESA-N"",""IUBSYMUCCVWXPE-VBDNVLNXSA-N"",""IUBSYMUCCVWXPE-VMADZSRNSA-N"",""IUBSYMUCCVWXPE-VMWHFWRUSA-N"",""IUBSYMUCCVWXPE-VSHNRAIYSA-N"",""IUBSYMUCCVWXPE-VYRKWQJISA-N"",""IUBSYMUCCVWXPE-VZNFLHNNSA-N"",""IUBSYMUCCVWXPE-VZYPWZODSA-N"",""IUBSYMUCCVWXPE-WBMSOZAKSA-N"",""IUBSYMUCCVWXPE-WFGJKAKNSA-N"",""IUBSYMUCCVWXPE-WMYAKRMLSA-N"",""IUBSYMUCCVWXPE-WTHMPJJFSA-N"",""IUBSYMUCCVWXPE-WTJPRRJNSA-N"",""IUBSYMUCCVWXPE-WWVLYJOTSA-N"",""IUBSYMUCCVWXPE-WZBAOTGRSA-N"",""IUBSYMUCCVWXPE-XDBIQCCYSA-N"",""IUBSYMUCCVWXPE-XDDGHMKTSA-N"",""IUBSYMUCCVWXPE-XEDCNOANSA-N"",""IUBSYMUCCVWXPE-XKIWCWMRSA-N"",""IUBSYMUCCVWXPE-XVATVNAQSA-N"",""IUBSYMUCCVWXPE-XWHYPWHFSA-N"",""IUBSYMUCCVWXPE-XZTAZQHUSA-N"",""IUBSYMUCCVWXPE-YDVOBYSOSA-N"",""IUBSYMUCCVWXPE-YPIRFKNUSA-N"",""IUBSYMUCCVWXPE-YWWDEKJYSA-N"",""IUBSYMUCCVWXPE-YXDKRSHTSA-N"",""IUBSYMUCCVWXPE-YXWLTRFJSA-N"",""IUBSYMUCCVWXPE-ZESAPWMMSA-N"",""IUBSYMUCCVWXPE-ZFDTUONQSA-N"",""IUBSYMUCCVWXPE-ZMMKXPONSA-N"",""IUBSYMUCCVWXPE-ZOUKVZROSA-N"",""IUBSYMUCCVWXPE-ZRJNVTFKSA-N"",""IUBSYMUCCVWXPE-ZWGOZCLVSA-N"",""IUBSYMUCCVWXPE-ZYGPZYRQSA-N"",""IXNQOWSOLIDUSB-UHFFFAOYSA-N"",""JDBJTQXBGNSIBR-UHFFFAOYSA-N"",""JLEZRIFEAFTLFU-UHFFFAOYSA-J"",""RAYDUSPLSJVROR-IKFJUQJOSA-N"",""RAYDUSPLSJVROR-UHFFFAOYSA-N"",""RGHAZVBIOOEVQX-UHFFFAOYSA-N"",""RGHAZVBIOOEVQX-VJOCCTOCSA-N"",""RGHAZVBIOOEVQX-XZPBZCASSA-N"",""UKBBZNRSHOCRNP-ODLOEXKQSA-N"",""UKBBZNRSHOCRNP-UHFFFAOYSA-N"",""UKBBZNRSHOCRNP-UQKRIMTDSA-N"",""VHYHYBWPDPBYTJ-BTJKTKAUSA-N"",""VHYHYBWPDPBYTJ-KZHAMYRLSA-N"",""VHYHYBWPDPBYTJ-UHFFFAOYSA-N"",""VHYHYBWPDPBYTJ-WLHGVMLRSA-N"",""VNEUGVAMKSQDTI-UACZKNEHSA-N"",""VNEUGVAMKSQDTI-UHFFFAOYSA-N"",""VOQKYWUXHWUORF-UHFFFAOYSA-N"",""VOQKYWUXHWUORF-UQKRIMTDSA-N"",""VSKDICHVNCLGQE-UHFFFAOYSA-M"",""WPTKISQJQVFSQI-APBURCQWSA-N"",""WPTKISQJQVFSQI-LREBCSMRSA-N"",""WPTKISQJQVFSQI-UHFFFAOYSA-L"",""WPTKISQJQVFSQI-UHFFFAOYSA-N"",""WPTKISQJQVFSQI-UQKRIMTDSA-N"",""WPTKISQJQVFSQI-YKWZRPGSSA-N"",""WRPXDGIKIGAULQ-UHFFFAOYSA-N"",""WRPXDGIKIGAULQ-UQKRIMTDSA-N"",""YGULWPYYGQCFMP-CEAXSRTFSA-N"",""YGULWPYYGQCFMP-KQVXWTLCSA-N"",""YGULWPYYGQCFMP-LDLJWNIXSA-N"",""YGULWPYYGQCFMP-NPHUUBOGSA-N"",""YGULWPYYGQCFMP-RNKHSWPKSA-N"",""YGULWPYYGQCFMP-UHFFFAOYSA-L"",""YGULWPYYGQCFMP-UHFFFAOYSA-N"",""YGULWPYYGQCFMP-XRDDTGOUSA-N"",""YGULWPYYGQCFMP-XZPBZCASSA-N"",""YVTCPLJELFUBLP-UHFFFAOYSA-N"",""ZBOQQGAVXCUYJM-UHFFFAOYSA-N"",""ZBOQQGAVXCUYJM-UQKRIMTDSA-N"",""ZFPYUTUWTLOOGN-UHFFFAOYSA-N""]"
70,ropinirole,CIDm00005095,true,60,59,"[""GTSITFPUGHHMQJ-UHFFFAOYSA-N"",""QFDCZNNUTGCWRH-UHFFFAOYSA-N"",""UHSKFQJFRQCDBE-AREBVXNXSA-N"",""UHSKFQJFRQCDBE-ARUNDKJFSA-N"",""UHSKFQJFRQCDBE-BEWYNDGUSA-N"",""UHSKFQJFRQCDBE-BPVGGDBUSA-N"",""UHSKFQJFRQCDBE-CICBEPSGSA-N"",""UHSKFQJFRQCDBE-CKRZLKQOSA-N"",""UHSKFQJFRQCDBE-CRSPMMAGSA-N"",""UHSKFQJFRQCDBE-DPPKRLMZSA-N"",""UHSKFQJFRQCDBE-DYCDLGHISA-N"",""UHSKFQJFRQCDBE-DYIKWNPYSA-N"",""UHSKFQJFRQCDBE-FCGGFPJUSA-N"",""UHSKFQJFRQCDBE-FEPSAHPVSA-N"",""UHSKFQJFRQCDBE-FIBGUPNXSA-N"",""UHSKFQJFRQCDBE-FJVJJXCISA-N"",""UHSKFQJFRQCDBE-FKZYYPIASA-N"",""UHSKFQJFRQCDBE-FSSQTFJPSA-N"",""UHSKFQJFRQCDBE-GJZKHWMBSA-N"",""UHSKFQJFRQCDBE-GRDWQGNISA-N"",""UHSKFQJFRQCDBE-HLTWITDDSA-N"",""UHSKFQJFRQCDBE-IUXZLEEBSA-N"",""UHSKFQJFRQCDBE-JNJBWJDISA-N"",""UHSKFQJFRQCDBE-KTFRLOKJSA-N"",""UHSKFQJFRQCDBE-LIADTMNYSA-N"",""UHSKFQJFRQCDBE-LXNJEHFWSA-N"",""UHSKFQJFRQCDBE-MADFRBAASA-N"",""UHSKFQJFRQCDBE-MGVXTIMCSA-N"",""UHSKFQJFRQCDBE-MIEPRZIASA-N"",""UHSKFQJFRQCDBE-MYZTVPPVSA-N"",""UHSKFQJFRQCDBE-NTCIQHKESA-N"",""UHSKFQJFRQCDBE-ODBROWPQSA-N"",""UHSKFQJFRQCDBE-OHXGDOIRSA-N"",""UHSKFQJFRQCDBE-PMCMNDOISA-N"",""UHSKFQJFRQCDBE-POYXRLIESA-N"",""UHSKFQJFRQCDBE-RWZHDTMRSA-N"",""UHSKFQJFRQCDBE-UHFFFAOYSA-N"",""UHSKFQJFRQCDBE-UHFFFAOYSA-O"",""UHSKFQJFRQCDBE-UHVXXVBSSA-N"",""UHSKFQJFRQCDBE-UZIHAHLBSA-N"",""UHSKFQJFRQCDBE-VOAJDKOISA-N"",""UHSKFQJFRQCDBE-VQFMIURGSA-N"",""UHSKFQJFRQCDBE-VQOVWPBXSA-N"",""UHSKFQJFRQCDBE-WLFOGEESSA-N"",""UHSKFQJFRQCDBE-XNNXKKGFSA-N"",""UHSKFQJFRQCDBE-XNWZLPOPSA-N"",""UHSKFQJFRQCDBE-XUWBISKJSA-N"",""UHSKFQJFRQCDBE-YJGBJBPMSA-N"",""UHSKFQJFRQCDBE-YQUBHJMPSA-N"",""UHSKFQJFRQCDBE-YTSTUSJFSA-N"",""UHSKFQJFRQCDBE-ZUNJPLKTSA-N"",""UHSKFQJFRQCDBE-ZUPNMEAQSA-N"",""UHSKFQJFRQCDBE-ZWGOZCLVSA-N"",""WAMLKXFOZFPUHO-UHFFFAOYSA-N"",""XDXHAEQXIBQUEZ-DWPKPNNESA-N"",""XDXHAEQXIBQUEZ-NIIDSAIPSA-N"",""XDXHAEQXIBQUEZ-PQDNHERISA-N"",""XDXHAEQXIBQUEZ-UHFFFAOYSA-M"",""XDXHAEQXIBQUEZ-UHFFFAOYSA-N""]"
71,isradipine,CIDm00003784,true,10,10,"[""HMJIYCCIJYRONP-INIZCTEOSA-N"",""HMJIYCCIJYRONP-MRXNPFEDSA-N"",""HMJIYCCIJYRONP-SFIIULIVSA-N"",""HMJIYCCIJYRONP-UHFFFAOYSA-N"",""HMJIYCCIJYRONP-VPYROQPTSA-N"",""HMJIYCCIJYRONP-WFGJKAKNSA-N"",""KBTUQBBAGWZLGZ-RRHAQCGESA-N"",""KBTUQBBAGWZLGZ-UHFFFAOYSA-N"",""MSKAFRMBWXTPHY-KXGFGANYSA-M"",""OTBOTBOZSPSJLW-UHFFFAOYSA-N""]"
72,topiramate,CIDm05284627,false,0,0,[]
73,olmesartan.medoxomil,CIDm00158781,true,4,4,"[""CBVAUXGQUBKMCU-UHFFFAOYSA-N"",""VTRAEEWXHOVJFV-UHFFFAOYSA-N"",""VTRAEEWXHOVJFV-XERRXZQWSA-N"",""VTRAEEWXHOVJFV-ZGAVCIBUSA-N""]"
74,amsacrine,CIDm00002179,true,14,12,"[""HDGRELYPNJTRKE-HIIGRPNKSA-N"",""IHNLLNXNUFWDFU-UHFFFAOYSA-N"",""KIDGPIWSXHBPDH-UHFFFAOYSA-M"",""KIDGPIWSXHBPDH-UHFFFAOYSA-N"",""NYGZSXVEKMITFN-ARGLLVQISA-N"",""NYGZSXVEKMITFN-UHFFFAOYSA-N"",""NYGZSXVEKMITFN-WNQIDUERSA-N"",""ORNYSFFJCBCUPL-UHFFFAOYSA-N"",""WDISRLXRMMTXEV-UHFFFAOYSA-M"",""WDISRLXRMMTXEV-UHFFFAOYSA-N"",""XCPGHVQEEXUHNC-UHFFFAOYSA-N"",""XCPGHVQEEXUHNC-UHFFFAOYSA-O""]"
75,theophylline,CIDm00002153,true,81,79,"[""AYOJGYLLBVGRNI-UHFFFAOYSA-N"",""DJKWYYBFLHYAPA-UHFFFAOYSA-L"",""DOXFWPNDMWOQDM-UHFFFAOYSA-N"",""FIDBVEIEMIXDOL-UHFFFAOYSA-N"",""GJRGXNPTAWUXRO-UHFFFAOYSA-M"",""GUZJBKMWQREMMS-UHFFFAOYSA-N"",""IHJVDPWMLXFQAI-UHFFFAOYSA-N"",""INQSMEFCAIHTJG-UHFFFAOYSA-N"",""IVQYMRPHDWKFBL-UHFFFAOYSA-N"",""JDYRVPRLEPMNDB-UHFFFAOYSA-M"",""JSOWKYHIZHRDND-UHFFFAOYSA-N"",""KDUYOYYWGKOCIQ-UHFFFAOYSA-N"",""KXRNMXPUTQVFOA-UHFFFAOYSA-L"",""LLCJBPLWARLCPF-UHFFFAOYSA-N"",""NXSXRSNDUVSCRP-UHFFFAOYSA-N"",""OQFMNXMRKPNXOY-UHFFFAOYSA-N"",""QDDQPHLPGTVVPI-UHFFFAOYSA-N"",""QVGLHVDBDYLFON-UHFFFAOYSA-M"",""QVGLHVDBDYLFON-UHFFFAOYSA-N"",""QYCRBTPYHMUHGL-UHFFFAOYSA-N"",""SVNZCCYCEZDPCU-UHFFFAOYSA-M"",""SZTUMSZVKXBDSD-UHFFFAOYSA-N"",""UYAOJEYBVGXJGY-UHFFFAOYSA-L"",""VUSHJUFTFTVSHZ-UHFFFAOYSA-N"",""VYEYJCBEXFTGBN-UHFFFAOYSA-N"",""VYWSSZFGROXTHW-UHFFFAOYSA-L"",""WEKMRFVKZNZBAH-UHFFFAOYSA-M"",""WEKMRFVKZNZBAH-UHFFFAOYSA-N"",""WLPACTAQECUARH-UHFFFAOYSA-L"",""WTFQAYVVFODQKG-UHFFFAOYSA-M"",""YWPHQNQXFGVHQX-UHFFFAOYSA-N"",""ZELZOKHENKAIBN-UHFFFAOYSA-N"",""ZFEUQIWNMCURAB-UHFFFAOYSA-M"",""ZFXYFBGIUFBOJW-BMSJAHLVSA-N"",""ZFXYFBGIUFBOJW-CBTSVUPCSA-N"",""ZFXYFBGIUFBOJW-CDAISCRFSA-N"",""ZFXYFBGIUFBOJW-CXMGYJILSA-N"",""ZFXYFBGIUFBOJW-DICFDUPASA-N"",""ZFXYFBGIUFBOJW-DYCDLGHISA-N"",""ZFXYFBGIUFBOJW-FIBGUPNXSA-N"",""ZFXYFBGIUFBOJW-FUDHJZNOSA-N"",""ZFXYFBGIUFBOJW-GIUXFXPISA-N"",""ZFXYFBGIUFBOJW-GTDALWBISA-N"",""ZFXYFBGIUFBOJW-GUEYOVJQSA-N"",""ZFXYFBGIUFBOJW-ILCKQIEWSA-N"",""ZFXYFBGIUFBOJW-KBKLHOFPSA-N"",""ZFXYFBGIUFBOJW-KLFIIISESA-N"",""ZFXYFBGIUFBOJW-KPAILUHGSA-N"",""ZFXYFBGIUFBOJW-LIDOUZCJSA-N"",""ZFXYFBGIUFBOJW-LNLMKGTHSA-N"",""ZFXYFBGIUFBOJW-MICDWDOJSA-N"",""ZFXYFBGIUFBOJW-MIWCLWDDSA-N"",""ZFXYFBGIUFBOJW-MSPOQOLWSA-N"",""ZFXYFBGIUFBOJW-MSWVZFBTSA-N"",""ZFXYFBGIUFBOJW-MWFPUCAGSA-N"",""ZFXYFBGIUFBOJW-MZCSYVLQSA-N"",""ZFXYFBGIUFBOJW-OMGDYAOASA-N"",""ZFXYFBGIUFBOJW-PBNXXWCMSA-N"",""ZFXYFBGIUFBOJW-PFUFQJKNSA-N"",""ZFXYFBGIUFBOJW-QNYGJALNSA-N"",""ZFXYFBGIUFBOJW-RHIBPKLGSA-N"",""ZFXYFBGIUFBOJW-RIAYTAFFSA-N"",""ZFXYFBGIUFBOJW-SDTNDFKLSA-N"",""ZFXYFBGIUFBOJW-UHFFFAOYSA-N"",""ZFXYFBGIUFBOJW-UHFFFAOYSA-O"",""ZFXYFBGIUFBOJW-VLZJNYFYSA-N"",""ZFXYFBGIUFBOJW-VMNATFBRSA-N"",""ZFXYFBGIUFBOJW-VYMTUXDUSA-N"",""ZFXYFBGIUFBOJW-WFGJKAKNSA-N"",""ZFXYFBGIUFBOJW-WFVSFCRTSA-N"",""ZFXYFBGIUFBOJW-WYMDYBCKSA-N"",""ZFXYFBGIUFBOJW-XCMWBWGGSA-N"",""ZFXYFBGIUFBOJW-YODZYWACSA-N"",""ZFXYFBGIUFBOJW-YQWZEFQTSA-N"",""ZFXYFBGIUFBOJW-YYWVXINBSA-N"",""ZFXYFBGIUFBOJW-ZBJDZAJPSA-N"",""ZFXYFBGIUFBOJW-ZDOIIHCHSA-N"",""ZFXYFBGIUFBOJW-ZFYNMZILSA-N"",""ZFXYFBGIUFBOJW-ZUFBVOMKSA-N""]"
76,argatroban,CIDm00092721,false,0,0,[]
77,lidocaine,CIDm00003676,true,39,32,"[""CPOVYOJEOWEAGA-BTJKTKAUSA-N"",""CPOVYOJEOWEAGA-UHFFFAOYSA-L"",""CPOVYOJEOWEAGA-UHFFFAOYSA-N"",""CPOVYOJEOWEAGA-WLHGVMLRSA-N"",""FEVZGJCPUZSJIC-UHFFFAOYSA-N"",""IYBQHJMYDGVZRY-BGRRMDFBSA-N"",""IYBQHJMYDGVZRY-OCNRKMBFSA-N"",""IYBQHJMYDGVZRY-UHFFFAOYSA-M"",""IYBQHJMYDGVZRY-UHFFFAOYSA-N"",""JVAQAHKNTGDVNC-UHFFFAOYSA-N"",""KBTFQPBXJFIWGM-UHFFFAOYSA-N"",""KZGHPPSJHNKPBU-UHFFFAOYSA-N"",""NHISFGBNTWJANG-UHFFFAOYSA-N"",""NNJVILVZKWQKPM-ALWQSETLSA-N"",""NNJVILVZKWQKPM-BFWBPSQCSA-N"",""NNJVILVZKWQKPM-JKSUIMTKSA-N"",""NNJVILVZKWQKPM-LIJFRPJRSA-N"",""NNJVILVZKWQKPM-SFIIULIVSA-N"",""NNJVILVZKWQKPM-UHFFFAOYSA-N"",""NNJVILVZKWQKPM-UHFFFAOYSA-O"",""OGXMQGOQEMDZCH-UHFFFAOYSA-N"",""QREJHFYXRKCWJG-UHFFFAOYSA-N"",""QVAKNKLOBCWZET-UHFFFAOYSA-N"",""UHWJFVYEURQJNS-UHFFFAOYSA-N"",""UNYGCDYHMVDGEG-UHFFFAOYSA-N"",""VGHRBZSSQSMIQW-UHFFFAOYSA-N"",""WKECJNYGULLKBJ-UHFFFAOYSA-N"",""WVMDEMNJYWZENT-UHFFFAOYSA-M"",""WVMDEMNJYWZENT-UHFFFAOYSA-N"",""XSMPBIKAVRWBAJ-UHFFFAOYSA-N"",""YECIFGHRMFEPJK-UHFFFAOYSA-M"",""YECIFGHRMFEPJK-UHFFFAOYSA-N""]"
78,pamidronic.acid,CIDm00004673,true,42,30,"[""AFICAMMULQSNNG-UHFFFAOYSA-M"",""AFICAMMULQSNNG-UHFFFAOYSA-N"",""BOAMKQBOELBRBL-UHFFFAOYSA-L"",""CEYUIFJWVHOCPP-UHFFFAOYSA-J"",""CEYUIFJWVHOCPP-UHFFFAOYSA-K"",""CEYUIFJWVHOCPP-UHFFFAOYSA-L"",""CZYWHNTUXNGDGR-UHFFFAOYSA-L"",""DLAJRBSLNDDMCK-UHFFFAOYSA-N"",""JFDLEPOYGUTJNG-UHFFFAOYSA-N"",""LOQDXDBJGWSFHH-UHFFFAOYSA-L"",""MXOIKYVGQDEWSQ-UHFFFAOYSA-N"",""MYFRXLPJVBUHGP-UHFFFAOYSA-N"",""QBAJVTLVTLSJAG-UHFFFAOYSA-J"",""QYOIVDMOQBEPDG-UHFFFAOYSA-J"",""QYOIVDMOQBEPDG-UHFFFAOYSA-L"",""QYOIVDMOQBEPDG-UHFFFAOYSA-N"",""TVQNUQCYOOJTMK-UHFFFAOYSA-L"",""WRUUGTRCQOWXEG-CNRUNOGKSA-N"",""WRUUGTRCQOWXEG-FUDHJZNOSA-N"",""WRUUGTRCQOWXEG-UHFFFAOYSA-J"",""WRUUGTRCQOWXEG-UHFFFAOYSA-K"",""WRUUGTRCQOWXEG-UHFFFAOYSA-L"",""WRUUGTRCQOWXEG-UHFFFAOYSA-M"",""WRUUGTRCQOWXEG-UHFFFAOYSA-N"",""WRUUGTRCQOWXEG-UHFFFAOYSA-O"",""WRUUGTRCQOWXEG-YZRHJBSPSA-N"",""XKHCBERWXLLLOE-UHFFFAOYSA-L"",""XVBYRMGEEPKFGO-UHFFFAOYSA-L"",""XYMJVVZEUQOLOA-UHFFFAOYSA-L"",""ZPOACTSYEBEHKU-UHFFFAOYSA-F""]"
79,venlafaxine,CIDm00005656,true,282,279,"[""AHVGFDYMWJRIPT-UHFFFAOYSA-N"",""AQHDKSVHEYCIIP-JITBQSAISA-N"",""AQHDKSVHEYCIIP-UHFFFAOYSA-N"",""AWUFLYFQPVLRMO-UHFFFAOYSA-N"",""DZSBHDXQTMIDFZ-UHFFFAOYSA-N"",""IPQOJUNOYFZDSJ-UHFFFAOYSA-N"",""LZXKEGNWJBMWRH-RRHAQCGESA-N"",""LZXKEGNWJBMWRH-UHFFFAOYSA-N"",""PMCJPEJFZNQAHO-UHFFFAOYSA-N"",""PNVNVHUZROJLTJ-AAKXQGJDSA-N"",""PNVNVHUZROJLTJ-AAYGZUMMSA-N"",""PNVNVHUZROJLTJ-AHENNUTLSA-N"",""PNVNVHUZROJLTJ-APLXWOHSSA-N"",""PNVNVHUZROJLTJ-APLXWOHSSA-O"",""PNVNVHUZROJLTJ-AWDQANSHSA-N"",""PNVNVHUZROJLTJ-AYUPHWSASA-N"",""PNVNVHUZROJLTJ-BIJRFYLASA-N"",""PNVNVHUZROJLTJ-BLYUGYDFSA-N"",""PNVNVHUZROJLTJ-BLYUGYDFSA-O"",""PNVNVHUZROJLTJ-BQINFYKBSA-N"",""PNVNVHUZROJLTJ-CCMUXJFFSA-N"",""PNVNVHUZROJLTJ-CFGXIESNSA-N"",""PNVNVHUZROJLTJ-CGJIYOKSSA-N"",""PNVNVHUZROJLTJ-CJGZQDGQSA-N"",""PNVNVHUZROJLTJ-CSZFRANCSA-N"",""PNVNVHUZROJLTJ-CUPBNRPMSA-N"",""PNVNVHUZROJLTJ-DBAKWKIJSA-N"",""PNVNVHUZROJLTJ-DCPQCRMLSA-N"",""PNVNVHUZROJLTJ-DIVUIACXSA-N"",""PNVNVHUZROJLTJ-DUGSDIORSA-N"",""PNVNVHUZROJLTJ-FAMYQLNPSA-N"",""PNVNVHUZROJLTJ-FARQFWIXSA-N"",""PNVNVHUZROJLTJ-FGCNQZQTSA-N"",""PNVNVHUZROJLTJ-FIBGUPNXSA-N"",""PNVNVHUZROJLTJ-FLZLTRFQSA-N"",""PNVNVHUZROJLTJ-FOAOXGKBSA-N"",""PNVNVHUZROJLTJ-FPCMXFKBSA-N"",""PNVNVHUZROJLTJ-FPCMXFKBSA-O"",""PNVNVHUZROJLTJ-FRZAYQAASA-N"",""PNVNVHUZROJLTJ-FSYHBVSQSA-N"",""PNVNVHUZROJLTJ-FVALVKHASA-N"",""PNVNVHUZROJLTJ-FWNGEFLPSA-N"",""PNVNVHUZROJLTJ-FWXHOCCZSA-N"",""PNVNVHUZROJLTJ-FYZOWJILSA-N"",""PNVNVHUZROJLTJ-FZEJORKBSA-N"",""PNVNVHUZROJLTJ-FZQITASASA-N"",""PNVNVHUZROJLTJ-GCRFBVHLSA-N"",""PNVNVHUZROJLTJ-GDBMFQIKSA-N"",""PNVNVHUZROJLTJ-GEXVGTELSA-N"",""PNVNVHUZROJLTJ-GLOWFTHOSA-N"",""PNVNVHUZROJLTJ-GLOWFTHOSA-O"",""PNVNVHUZROJLTJ-GLPOWCCXSA-N"",""PNVNVHUZROJLTJ-GQALSZNTSA-N"",""PNVNVHUZROJLTJ-GQALSZNTSA-O"",""PNVNVHUZROJLTJ-GWDYZDTGSA-N"",""PNVNVHUZROJLTJ-GWZQJKICSA-N"",""PNVNVHUZROJLTJ-HCMTUZIUSA-N"",""PNVNVHUZROJLTJ-HDZQNKSDSA-N"",""PNVNVHUZROJLTJ-HGCMJWCISA-N"",""PNVNVHUZROJLTJ-HGSMBRELSA-N"",""PNVNVHUZROJLTJ-HIZGJOJCSA-N"",""PNVNVHUZROJLTJ-HKTZBPEPSA-N"",""PNVNVHUZROJLTJ-HKTZBPEPSA-O"",""PNVNVHUZROJLTJ-HLFXCNOQSA-N"",""PNVNVHUZROJLTJ-HMJZSOJHSA-N"",""PNVNVHUZROJLTJ-HMJZSOJHSA-O"",""PNVNVHUZROJLTJ-HMPBPOJNSA-N"",""PNVNVHUZROJLTJ-HOVOJULNSA-N"",""PNVNVHUZROJLTJ-HPRDVNIFSA-N"",""PNVNVHUZROJLTJ-HPRDVNIFSA-O"",""PNVNVHUZROJLTJ-HRQAEVAZSA-N"",""PNVNVHUZROJLTJ-IAOASKQOSA-N"",""PNVNVHUZROJLTJ-IAURZTPBSA-N"",""PNVNVHUZROJLTJ-IAURZTPBSA-O"",""PNVNVHUZROJLTJ-IEUQILPZSA-N"",""PNVNVHUZROJLTJ-IKFXLXFRSA-N"",""PNVNVHUZROJLTJ-IKORAGSKSA-N"",""PNVNVHUZROJLTJ-INIZCTEOSA-N"",""PNVNVHUZROJLTJ-INIZCTEOSA-O"",""PNVNVHUZROJLTJ-IRCHCMIYSA-N"",""PNVNVHUZROJLTJ-IRCHCMIYSA-O"",""PNVNVHUZROJLTJ-JJFAMVCASA-N"",""PNVNVHUZROJLTJ-JOTALGBPSA-N"",""PNVNVHUZROJLTJ-JPAOZMQSSA-N"",""PNVNVHUZROJLTJ-JVCUMUQKSA-N"",""PNVNVHUZROJLTJ-JXIUKSIKSA-N"",""PNVNVHUZROJLTJ-JXVLEPIESA-N"",""PNVNVHUZROJLTJ-JYFMZUGPSA-N"",""PNVNVHUZROJLTJ-JYOJJQRESA-N"",""PNVNVHUZROJLTJ-KEKRCPGCSA-N"",""PNVNVHUZROJLTJ-KETLRHEYSA-N"",""PNVNVHUZROJLTJ-KFHHUZHISA-N"",""PNVNVHUZROJLTJ-KFKBLUQXSA-N"",""PNVNVHUZROJLTJ-KGZQESSXSA-N"",""PNVNVHUZROJLTJ-KLTYLHELSA-N"",""PNVNVHUZROJLTJ-KTXUZGJCSA-N"",""PNVNVHUZROJLTJ-KVCFSQTFSA-N"",""PNVNVHUZROJLTJ-KXKPKQGNSA-N"",""PNVNVHUZROJLTJ-LCVQPRAASA-N"",""PNVNVHUZROJLTJ-LDDUGUTISA-N"",""PNVNVHUZROJLTJ-LDOMRKKVSA-N"",""PNVNVHUZROJLTJ-LDWDVXNLSA-N"",""PNVNVHUZROJLTJ-LFFSONQOSA-N"",""PNVNVHUZROJLTJ-LFHPMFPXSA-N"",""PNVNVHUZROJLTJ-LGRWYUMISA-N"",""PNVNVHUZROJLTJ-LKWSZISXSA-N"",""PNVNVHUZROJLTJ-LLBNAXQLSA-N"",""PNVNVHUZROJLTJ-LSZMMFKKSA-N"",""PNVNVHUZROJLTJ-MBEJGUIVSA-N"",""PNVNVHUZROJLTJ-MGGKGRBPSA-N"",""PNVNVHUZROJLTJ-MGGKGRBPSA-O"",""PNVNVHUZROJLTJ-MIMGEESZSA-N"",""PNVNVHUZROJLTJ-MNXZHHGVSA-N"",""PNVNVHUZROJLTJ-MPMHGHPGSA-N"",""PNVNVHUZROJLTJ-MQCISSKBSA-N"",""PNVNVHUZROJLTJ-MRXNPFEDSA-N"",""PNVNVHUZROJLTJ-MRXNPFEDSA-O"",""PNVNVHUZROJLTJ-MTCQWXFQSA-N"",""PNVNVHUZROJLTJ-MWPAKNNDSA-N"",""PNVNVHUZROJLTJ-MWRDYXSYSA-N"",""PNVNVHUZROJLTJ-MXNKTLHMSA-N"",""PNVNVHUZROJLTJ-MYSMYSLHSA-N"",""PNVNVHUZROJLTJ-NCDHEAIJSA-N"",""PNVNVHUZROJLTJ-NCHQUMDHSA-N"",""PNVNVHUZROJLTJ-NCKVBJCDSA-N"",""PNVNVHUZROJLTJ-NDZBCSHPSA-N"",""PNVNVHUZROJLTJ-NMUUFGFFSA-N"",""PNVNVHUZROJLTJ-NOHDMGSJSA-N"",""PNVNVHUZROJLTJ-NRPYADIASA-N"",""PNVNVHUZROJLTJ-NXBZOZFNSA-N"",""PNVNVHUZROJLTJ-NZNWOUBLSA-N"",""PNVNVHUZROJLTJ-OBEAWCOFSA-N"",""PNVNVHUZROJLTJ-OBYZQAKMSA-N"",""PNVNVHUZROJLTJ-OBYZQAKMSA-O"",""PNVNVHUZROJLTJ-OBZVCVRSSA-N"",""PNVNVHUZROJLTJ-OCDCQSTPSA-N"",""PNVNVHUZROJLTJ-OJLTUJMJSA-N"",""PNVNVHUZROJLTJ-OKIXXDFGSA-N"",""PNVNVHUZROJLTJ-OLMXGQMLSA-N"",""PNVNVHUZROJLTJ-OLOCXNFFSA-N"",""PNVNVHUZROJLTJ-OSFWGPHASA-N"",""PNVNVHUZROJLTJ-OWMHWILDSA-N"",""PNVNVHUZROJLTJ-OYUWPDIMSA-N"",""PNVNVHUZROJLTJ-PCIWQEBRSA-N"",""PNVNVHUZROJLTJ-PCIWQEBRSA-O"",""PNVNVHUZROJLTJ-PCSXZHBASA-N"",""PNVNVHUZROJLTJ-PCSXZHBASA-O"",""PNVNVHUZROJLTJ-PFBDNUFYSA-N"",""PNVNVHUZROJLTJ-PGYMXNMWSA-N"",""PNVNVHUZROJLTJ-PMOOCTAMSA-N"",""PNVNVHUZROJLTJ-PPWQVMJXSA-N"",""PNVNVHUZROJLTJ-PSFBQMNKSA-N"",""PNVNVHUZROJLTJ-QBHFXSIXSA-N"",""PNVNVHUZROJLTJ-QFPPYKIGSA-N"",""PNVNVHUZROJLTJ-QGWNVJCSSA-N"",""PNVNVHUZROJLTJ-QHZACNBRSA-N"",""PNVNVHUZROJLTJ-QKHLJXARSA-N"",""PNVNVHUZROJLTJ-QKVSSUPDSA-N"",""PNVNVHUZROJLTJ-QNLPYAOMSA-N"",""PNVNVHUZROJLTJ-QRHUNCNASA-N"",""PNVNVHUZROJLTJ-QVMMLGFYSA-N"",""PNVNVHUZROJLTJ-QWZKMZTBSA-N"",""PNVNVHUZROJLTJ-QXGFHNMTSA-N"",""PNVNVHUZROJLTJ-RCZBRFBUSA-N"",""PNVNVHUZROJLTJ-RDBBNKEISA-N"",""PNVNVHUZROJLTJ-RFIMEYSBSA-N"",""PNVNVHUZROJLTJ-RFIMEYSBSA-O"",""PNVNVHUZROJLTJ-RMPCLLMMSA-N"",""PNVNVHUZROJLTJ-RRLAMXGSSA-N"",""PNVNVHUZROJLTJ-RTHGFOSYSA-N"",""PNVNVHUZROJLTJ-RZTSRSGZSA-N"",""PNVNVHUZROJLTJ-RZYFNGLCSA-N"",""PNVNVHUZROJLTJ-SJXMRMSGSA-N"",""PNVNVHUZROJLTJ-SSMLOBBKSA-N"",""PNVNVHUZROJLTJ-SSNAHEETSA-N"",""PNVNVHUZROJLTJ-SYGYAAKCSA-N"",""PNVNVHUZROJLTJ-SZCRITEKSA-N"",""PNVNVHUZROJLTJ-SZTLWQNMSA-N"",""PNVNVHUZROJLTJ-SZTLWQNMSA-O"",""PNVNVHUZROJLTJ-SZUCLFQYSA-N"",""PNVNVHUZROJLTJ-TVRWPWEYSA-N"",""PNVNVHUZROJLTJ-UBHSSOOMSA-N"",""PNVNVHUZROJLTJ-UHFFFAOYSA-N"",""PNVNVHUZROJLTJ-UHFFFAOYSA-O"",""PNVNVHUZROJLTJ-UHKOUZRRSA-N"",""PNVNVHUZROJLTJ-UHZZCKGLSA-N"",""PNVNVHUZROJLTJ-UIXMBUQVSA-N"",""PNVNVHUZROJLTJ-UKJJRIGQSA-N"",""PNVNVHUZROJLTJ-ULDPCNCHSA-N"",""PNVNVHUZROJLTJ-ULWNEPDTSA-N"",""PNVNVHUZROJLTJ-UNOBDISTSA-N"",""PNVNVHUZROJLTJ-URSNFRODSA-N"",""PNVNVHUZROJLTJ-USLDTFKSSA-N"",""PNVNVHUZROJLTJ-UUCQYDBYSA-N"",""PNVNVHUZROJLTJ-UXLSTQEWSA-N"",""PNVNVHUZROJLTJ-VHJQWQDTSA-N"",""PNVNVHUZROJLTJ-VMGPKNHISA-N"",""PNVNVHUZROJLTJ-VNPGEGATSA-N"",""PNVNVHUZROJLTJ-VTFLYPGASA-N"",""PNVNVHUZROJLTJ-VTLWNNHVSA-N"",""PNVNVHUZROJLTJ-VVKGLGSFSA-N"",""PNVNVHUZROJLTJ-VVYOPZSWSA-N"",""PNVNVHUZROJLTJ-VWPWSDJCSA-N"",""PNVNVHUZROJLTJ-VXXFEDLYSA-N"",""PNVNVHUZROJLTJ-VYHTVCTISA-N"",""PNVNVHUZROJLTJ-VZFXUJQVSA-N"",""PNVNVHUZROJLTJ-VZYKYPFNSA-N"",""PNVNVHUZROJLTJ-VZYKYPFNSA-O"",""PNVNVHUZROJLTJ-WAQMLOJTSA-N"",""PNVNVHUZROJLTJ-WEIAFDSSSA-N"",""PNVNVHUZROJLTJ-WFGJKAKNSA-N"",""PNVNVHUZROJLTJ-WFGJKAKNSA-O"",""PNVNVHUZROJLTJ-WKGGBBDHSA-N"",""PNVNVHUZROJLTJ-WKGGBBDHSA-O"",""PNVNVHUZROJLTJ-WOQMOSCDSA-N"",""PNVNVHUZROJLTJ-WPHKWXBHSA-N"",""PNVNVHUZROJLTJ-WTDUMEBVSA-N"",""PNVNVHUZROJLTJ-WTJPRRJNSA-N"",""PNVNVHUZROJLTJ-XAOYFQCFSA-N"",""PNVNVHUZROJLTJ-XMLZVLAZSA-N"",""PNVNVHUZROJLTJ-XMLZVLAZSA-O"",""PNVNVHUZROJLTJ-XTMKGDIMSA-N"",""PNVNVHUZROJLTJ-YDHJGIIESA-N"",""PNVNVHUZROJLTJ-YFMZIZNTSA-N"",""PNVNVHUZROJLTJ-YHSJUJSTSA-N"",""PNVNVHUZROJLTJ-YJAVWRLZSA-N"",""PNVNVHUZROJLTJ-YJMCZXPUSA-N"",""PNVNVHUZROJLTJ-YJMCZXPUSA-O"",""PNVNVHUZROJLTJ-YPVSVSBFSA-N"",""PNVNVHUZROJLTJ-YWFFRWRESA-N"",""PNVNVHUZROJLTJ-YXMNWLOGSA-N"",""PNVNVHUZROJLTJ-YXMNWLOGSA-O"",""PNVNVHUZROJLTJ-ZDFGCNISSA-N"",""PNVNVHUZROJLTJ-ZDSBQZFISA-N"",""PNVNVHUZROJLTJ-ZDSBQZFISA-O"",""PNVNVHUZROJLTJ-ZFHFJOJLSA-N"",""PNVNVHUZROJLTJ-ZKBBLBKJSA-N"",""PNVNVHUZROJLTJ-ZKYOFBKTSA-N"",""PNVNVHUZROJLTJ-ZQJUQUHQSA-N"",""PNVNVHUZROJLTJ-ZQPCIVFGSA-N"",""PNVNVHUZROJLTJ-ZVIKYPOSSA-N"",""PNVNVHUZROJLTJ-ZVIXSCAASA-N"",""PNVNVHUZROJLTJ-ZVIXSCAASA-O"",""PNVNVHUZROJLTJ-ZVQYDZOPSA-N"",""QYRYFNHXARDNFZ-DQUSUUBKSA-N"",""QYRYFNHXARDNFZ-FJCVKDQNSA-N"",""QYRYFNHXARDNFZ-FXIWUOJQSA-N"",""QYRYFNHXARDNFZ-GBCVVHOBSA-N"",""QYRYFNHXARDNFZ-GUDUDQDYSA-N"",""QYRYFNHXARDNFZ-GZSFQRSXSA-N"",""QYRYFNHXARDNFZ-HCDIFQDFSA-N"",""QYRYFNHXARDNFZ-ICGBSPSHSA-N"",""QYRYFNHXARDNFZ-KARHQMPWSA-N"",""QYRYFNHXARDNFZ-KNUOPOJYSA-N"",""QYRYFNHXARDNFZ-KYRNGWDOSA-N"",""QYRYFNHXARDNFZ-NTISSMGPSA-N"",""QYRYFNHXARDNFZ-OUCKJYDLSA-N"",""QYRYFNHXARDNFZ-OVHBUJHUSA-N"",""QYRYFNHXARDNFZ-PKLMIRHRSA-N"",""QYRYFNHXARDNFZ-PWVRHSCHSA-N"",""QYRYFNHXARDNFZ-QIHXDCKWSA-N"",""QYRYFNHXARDNFZ-QIYBHEELSA-N"",""QYRYFNHXARDNFZ-SGSPQXHDSA-N"",""QYRYFNHXARDNFZ-SQQOCFGYSA-N"",""QYRYFNHXARDNFZ-TUNWGBLWSA-N"",""QYRYFNHXARDNFZ-UHFFFAOYSA-M"",""QYRYFNHXARDNFZ-UHFFFAOYSA-N"",""QYRYFNHXARDNFZ-UHFFFAOYSA-O"",""QYRYFNHXARDNFZ-UKVSGWQCSA-N"",""QYRYFNHXARDNFZ-VPDXUZDMSA-N"",""QYRYFNHXARDNFZ-WGXYFZCDSA-N"",""QYRYFNHXARDNFZ-ZJKUGSMRSA-N"",""SBHXYXONTIEZQH-UHFFFAOYSA-N"",""UZBZDKKMYKAPDP-BTJKTKAUSA-N"",""UZBZDKKMYKAPDP-UHFFFAOYSA-N"",""UZBZDKKMYKAPDP-WLHGVMLRSA-N"",""VKVGMSHNPHNSKD-UHFFFAOYSA-N"",""WIZSCOWEKFUPOU-UHFFFAOYSA-N"",""YVJWGWXHRKTNOG-UHFFFAOYSA-N""]"
80,conjugated.estrogens,CIDm00168708,false,0,0,[]
81,travoprost,CIDm05282226,false,0,0,[]
82,atomoxetine,CIDm00054840,true,134,130,"[""ACTXRVFFPMIYAW-UHFFFAOYSA-N"",""ACTXRVFFPMIYAW-UNTBIKODSA-L"",""ACTXRVFFPMIYAW-UNTBIKODSA-N"",""DIADBFSMKOPEBS-NCTGSHGJSA-N"",""DIADBFSMKOPEBS-UHFFFAOYSA-N"",""GAXIZVNRMALXQT-UHFFFAOYSA-N"",""KUZSWVQDJCJIDQ-NDMDWDKOSA-N"",""KUZSWVQDJCJIDQ-UHFFFAOYSA-N"",""LUCXVPAZUDVVBT-AYFYGYPRSA-N"",""LUCXVPAZUDVVBT-CLORKAQBSA-N"",""LUCXVPAZUDVVBT-FNZLVDGMSA-N"",""LUCXVPAZUDVVBT-GJILKALXSA-N"",""LUCXVPAZUDVVBT-IFKXKULDSA-N"",""LUCXVPAZUDVVBT-IVKURWSVSA-N"",""LUCXVPAZUDVVBT-JMSAYKALSA-N"",""LUCXVPAZUDVVBT-KDCOMMKFSA-N"",""LUCXVPAZUDVVBT-LGEASYJSSA-N"",""LUCXVPAZUDVVBT-LMOVPXPDSA-N"",""LUCXVPAZUDVVBT-MRONBKLWSA-N"",""LUCXVPAZUDVVBT-NZDFJUHXSA-N"",""LUCXVPAZUDVVBT-OBWAKTLQSA-N"",""LUCXVPAZUDVVBT-OJPCNXEKSA-N"",""LUCXVPAZUDVVBT-RDKUSOCXSA-N"",""LUCXVPAZUDVVBT-UHFFFAOYSA-M"",""LUCXVPAZUDVVBT-UHFFFAOYSA-N"",""LUCXVPAZUDVVBT-UNTBIKODSA-M"",""LUCXVPAZUDVVBT-UNTBIKODSA-N"",""LUCXVPAZUDVVBT-WHAGPONWSA-N"",""LUCXVPAZUDVVBT-WNFLUTFFSA-N"",""RMZMVBKJXPPJBF-ZEECNFPPSA-M"",""VHGCDTVCOLNTBX-ADKXAFFUSA-N"",""VHGCDTVCOLNTBX-BAPOZYBJSA-N"",""VHGCDTVCOLNTBX-BFSBQFFTSA-N"",""VHGCDTVCOLNTBX-BHBZIDAWSA-N"",""VHGCDTVCOLNTBX-BHBZIDAWSA-O"",""VHGCDTVCOLNTBX-BIIKGVKQSA-N"",""VHGCDTVCOLNTBX-BIOSTICVSA-N"",""VHGCDTVCOLNTBX-BKLIMVFQSA-N"",""VHGCDTVCOLNTBX-BLVKVORLSA-N"",""VHGCDTVCOLNTBX-BMSJAHLVSA-N"",""VHGCDTVCOLNTBX-CBKMGAIESA-N"",""VHGCDTVCOLNTBX-CEULSRKMSA-N"",""VHGCDTVCOLNTBX-CKVIYSLPSA-N"",""VHGCDTVCOLNTBX-CRVJRCIQSA-N"",""VHGCDTVCOLNTBX-FIPDJUTDSA-N"",""VHGCDTVCOLNTBX-FKINQQERSA-N"",""VHGCDTVCOLNTBX-GBHLDNEBSA-N"",""VHGCDTVCOLNTBX-GEWDDSBVSA-N"",""VHGCDTVCOLNTBX-GMSUOXQSSA-N"",""VHGCDTVCOLNTBX-GPYPRFRESA-N"",""VHGCDTVCOLNTBX-GSSAQHFSSA-N"",""VHGCDTVCOLNTBX-GUBGJCPWSA-N"",""VHGCDTVCOLNTBX-HNBRJDTASA-N"",""VHGCDTVCOLNTBX-HRYLUTOYSA-N"",""VHGCDTVCOLNTBX-HUXYVDADSA-N"",""VHGCDTVCOLNTBX-IBRIDFJISA-N"",""VHGCDTVCOLNTBX-INZAGIRGSA-N"",""VHGCDTVCOLNTBX-IYLIOMAUSA-N"",""VHGCDTVCOLNTBX-IYLIOMAUSA-O"",""VHGCDTVCOLNTBX-JBTCBDNFSA-N"",""VHGCDTVCOLNTBX-JCNGFBMWSA-N"",""VHGCDTVCOLNTBX-JFENMXNJSA-N"",""VHGCDTVCOLNTBX-JLWYCGNASA-N"",""VHGCDTVCOLNTBX-JSRVSGIWSA-N"",""VHGCDTVCOLNTBX-JXYBTFAKSA-N"",""VHGCDTVCOLNTBX-JYJSRPCYSA-N"",""VHGCDTVCOLNTBX-KRKPIRAHSA-N"",""VHGCDTVCOLNTBX-KRWDZBQOSA-N"",""VHGCDTVCOLNTBX-KRWDZBQOSA-O"",""VHGCDTVCOLNTBX-KRYZWPBASA-N"",""VHGCDTVCOLNTBX-KUQCIZOUSA-N"",""VHGCDTVCOLNTBX-KVDIYSLXSA-N"",""VHGCDTVCOLNTBX-KXJXKPKKSA-N"",""VHGCDTVCOLNTBX-LGUXWONLSA-N"",""VHGCDTVCOLNTBX-LMAGHZPJSA-N"",""VHGCDTVCOLNTBX-LMTAUPJKSA-N"",""VHGCDTVCOLNTBX-LOUUPYFCSA-N"",""VHGCDTVCOLNTBX-LPTGZXBXSA-N"",""VHGCDTVCOLNTBX-LWAALCKTSA-N"",""VHGCDTVCOLNTBX-LWZPTBSSSA-N"",""VHGCDTVCOLNTBX-MNXPZFDSSA-N"",""VHGCDTVCOLNTBX-MONNEFGBSA-N"",""VHGCDTVCOLNTBX-MSGCNJAYSA-N"",""VHGCDTVCOLNTBX-NLIACQFISA-N"",""VHGCDTVCOLNTBX-NVNSKBCASA-N"",""VHGCDTVCOLNTBX-OAERRKLKSA-N"",""VHGCDTVCOLNTBX-OCDRXCHTSA-N"",""VHGCDTVCOLNTBX-PCGSBGAOSA-N"",""VHGCDTVCOLNTBX-PTFPCNOJSA-N"",""VHGCDTVCOLNTBX-PTKUUPKFSA-N"",""VHGCDTVCOLNTBX-QGZVFWFLSA-N"",""VHGCDTVCOLNTBX-QGZVFWFLSA-O"",""VHGCDTVCOLNTBX-RAMDWTOOSA-N"",""VHGCDTVCOLNTBX-RHVPGPSCSA-N"",""VHGCDTVCOLNTBX-RPZJIEAFSA-N"",""VHGCDTVCOLNTBX-SALNSEAZSA-N"",""VHGCDTVCOLNTBX-SVBHQWIJSA-N"",""VHGCDTVCOLNTBX-SVBHQWIJSA-O"",""VHGCDTVCOLNTBX-TTXCXRJYSA-N"",""VHGCDTVCOLNTBX-UHFFFAOYSA-N"",""VHGCDTVCOLNTBX-UHFFFAOYSA-O"",""VHGCDTVCOLNTBX-UQHNLIMQSA-N"",""VHGCDTVCOLNTBX-UXHBBFANSA-N"",""VHGCDTVCOLNTBX-VGEHYMMZSA-N"",""VHGCDTVCOLNTBX-VJOGYBIQSA-N"",""VHGCDTVCOLNTBX-VJPHSORBSA-N"",""VHGCDTVCOLNTBX-VLPVWXCHSA-N"",""VHGCDTVCOLNTBX-VTNORMIGSA-N"",""VHGCDTVCOLNTBX-VVXGTNBWSA-N"",""VHGCDTVCOLNTBX-WFBMWZOZSA-N"",""VHGCDTVCOLNTBX-WFGJKAKNSA-N"",""VHGCDTVCOLNTBX-WGTHGASSSA-N"",""VHGCDTVCOLNTBX-WHFFYLNWSA-N"",""VHGCDTVCOLNTBX-WKGGBBDHSA-N"",""VHGCDTVCOLNTBX-WWQUFLBYSA-N"",""VHGCDTVCOLNTBX-XOWRUUOISA-N"",""VHGCDTVCOLNTBX-XQALQMRVSA-N"",""VHGCDTVCOLNTBX-XRGJSRNVSA-N"",""VHGCDTVCOLNTBX-XYIWAQBCSA-N"",""VHGCDTVCOLNTBX-YHVHFFNGSA-N"",""VHGCDTVCOLNTBX-YKBAFVCESA-N"",""VHGCDTVCOLNTBX-YOIXDTRYSA-N"",""VHGCDTVCOLNTBX-YPACFWETSA-N"",""VHGCDTVCOLNTBX-YSBZZLLDSA-N"",""VHGCDTVCOLNTBX-YTNXQJPSSA-N"",""VHGCDTVCOLNTBX-ZBFFTMSTSA-N"",""VHGCDTVCOLNTBX-ZUJINKCESA-N"",""VHGCDTVCOLNTBX-ZYFOYQSGSA-N"",""YLOSXKKIXGMSGJ-UHFFFAOYSA-N"",""YLOSXKKIXGMSGJ-UNTBIKODSA-N""]"
83,bleomycin,CIDm05360373,false,0,0,[]
84,chlorambucil,CIDm00002708,true,9,8,"[""AIJXQRQZUQBTNH-UHFFFAOYSA-N"",""DPVPOAABEUEING-UHFFFAOYSA-M"",""JCKYGMPEJWAADB-UHFFFAOYSA-M"",""JCKYGMPEJWAADB-UHFFFAOYSA-N"",""MXPCUEIEUDJYAC-UHFFFAOYSA-M"",""NAQNVOSSGCIIDH-UHFFFAOYSA-N"",""VOOUHWYMSYHYCE-UHFFFAOYSA-N"",""ZLMPFBGSCCCBCR-UHFFFAOYSA-N""]"
85,raltitrexed,CIDm00104758,true,9,9,"[""HBCBYHIOAJDLJD-HJIBXMCBSA-N"",""HBCBYHIOAJDLJD-RSAXXLAASA-N"",""IVTVGDXNLFLDRM-HNNXBMFYSA-L"",""IVTVGDXNLFLDRM-HNNXBMFYSA-N"",""IVTVGDXNLFLDRM-OAHLLOKOSA-L"",""IVTVGDXNLFLDRM-OAHLLOKOSA-N"",""IVTVGDXNLFLDRM-SAEYARHOSA-N"",""IVTVGDXNLFLDRM-UHFFFAOYSA-N"",""VADKIFZZQGWGDT-RSAXXLAASA-N""]"
86,etonogestrel,CIDm06917715,false,0,0,[]
87,morphine,CIDm05288826,false,0,0,[]
88,ropivacaine,CIDm00175804,false,0,0,[]
89,bupivacaine,CIDm00002474,true,50,44,"[""AJOBZPDEIDVCGQ-NTISSMGPSA-N"",""AJOBZPDEIDVCGQ-UHFFFAOYSA-N"",""ANBHJZPLTIJQEL-NTISSMGPSA-N"",""ANBHJZPLTIJQEL-UHFFFAOYSA-N"",""DXSMVIDEKFJHNT-QSZVZPBDSA-N"",""DXSMVIDEKFJHNT-RRHAQCGESA-N"",""DXSMVIDEKFJHNT-UHFFFAOYSA-N"",""FLKOKIKQBWUEHH-GVPLZXMQSA-N"",""FLKOKIKQBWUEHH-UHFFFAOYSA-N"",""HLEZQHZKCNNRDB-UHFFFAOYSA-N"",""HUCIWBPMHXGLFM-GGMCWBHBSA-N"",""HUCIWBPMHXGLFM-SQKCAUCHSA-N"",""HUCIWBPMHXGLFM-UHFFFAOYSA-N"",""ICKPQKMVPBVSQE-UHFFFAOYSA-N"",""IZVSZWZWKSLTOT-NTISSMGPSA-N"",""IZVSZWZWKSLTOT-UHFFFAOYSA-K"",""IZVSZWZWKSLTOT-UHFFFAOYSA-N"",""LEBVLXFERQHONN-FZZVNHHHSA-N"",""LEBVLXFERQHONN-INIZCTEOSA-N"",""LEBVLXFERQHONN-INIZCTEOSA-O"",""LEBVLXFERQHONN-JOJYFGIVSA-N"",""LEBVLXFERQHONN-MRXNPFEDSA-N"",""LEBVLXFERQHONN-MRXNPFEDSA-O"",""LEBVLXFERQHONN-UHFFFAOYSA-N"",""LEBVLXFERQHONN-UHFFFAOYSA-O"",""MIJSBDOGWMOKBV-UHFFFAOYSA-L"",""OECCJDRIIQHJDV-UHFFFAOYSA-K"",""RJNAJMHSZCZJJT-LHZAQNNQSA-L"",""RJNAJMHSZCZJJT-NTISSMGPSA-L"",""RJNAJMHSZCZJJT-NTISSMGPSA-N"",""RJNAJMHSZCZJJT-UHFFFAOYSA-N"",""RWCLUGAGLPNNJY-UHFFFAOYSA-L"",""SIEYLFHKZGLBNX-NTISSMGPSA-N"",""SIEYLFHKZGLBNX-PKLMIRHRSA-N"",""SIEYLFHKZGLBNX-UHFFFAOYSA-M"",""SIEYLFHKZGLBNX-UHFFFAOYSA-N"",""SIEYLFHKZGLBNX-WXBJMGRKSA-N"",""UKLSNHPMUVONLK-UHFFFAOYSA-N"",""VJAKXNDMYWTYRT-UHFFFAOYSA-N"",""VKNPQGDYFNCXDL-UHFFFAOYSA-N"",""YWVWBWHXYDZANQ-UHFFFAOYSA-N"",""ZIZCGRWRBPZKGO-UHFFFAOYSA-N"",""ZTLHTZZMNOWZQF-NTISSMGPSA-N"",""ZTLHTZZMNOWZQF-UHFFFAOYSA-N""]"
90,penciclovir,CIDm00004725,true,15,14,"[""AXDSPDRALCMFJT-UHFFFAOYSA-N"",""BRPTUOYNOCSFRJ-UHFFFAOYSA-N"",""IMWNIHUGVFQULM-UHFFFAOYSA-N"",""JNTOCHDNEULJHD-KHORGVISSA-N"",""JNTOCHDNEULJHD-LNLMKGTHSA-N"",""JNTOCHDNEULJHD-UHFFFAOYSA-N"",""NMQFQBOIHUIALG-UHFFFAOYSA-M"",""NMQFQBOIHUIALG-UHFFFAOYSA-N"",""OOSHSZHFXUJZOS-UHFFFAOYSA-N"",""PYBSRYYXXULXIK-UHFFFAOYSA-N"",""QRCHAPZBKJZQFI-UHFFFAOYSA-N"",""ROPORGISYDASCG-UHFFFAOYSA-N"",""SAFRCHAIXNCKOQ-UHFFFAOYSA-N"",""YGKBJPKABWZOSK-UHFFFAOYSA-N""]"
91,tenofovir.disoproxil,CIDm05481350,false,0,0,[]
92,flucloxacillin,CIDm00021319,false,0,0,[]
93,tranexamic.acid,CIDm00005526,true,12,10,"[""GYDJEQRTZSCIOI-UHFFFAOYSA-M"",""GYDJEQRTZSCIOI-UHFFFAOYSA-N"",""GYDJEQRTZSCIOI-UHFFFAOYSA-O"",""GYDJEQRTZSCIOI-XGOBPNGOSA-N"",""IGZXBLNKMLGNJA-UHFFFAOYSA-N"",""MRUQCGGWTXLQQL-UHFFFAOYSA-N"",""RWCUWZDJWJATPB-UHFFFAOYSA-N"",""UGECKKSVDQIZQG-UHFFFAOYSA-M"",""UGECKKSVDQIZQG-UHFFFAOYSA-N"",""VVYGPCIVBFRNGB-UHFFFAOYSA-N""]"
94,ertapenem,CIDm00150610,true,49,40,"[""CKXWOJMPBIZXGC-HRXMHBOMSA-N"",""CKXWOJMPBIZXGC-UHFFFAOYSA-N"",""HIMJSJHETFVNKI-OFBIZJOZSA-N"",""JUZNIMUFDBIJCM-ANEDZVCMSA-M"",""JUZNIMUFDBIJCM-ANEDZVCMSA-N"",""JUZNIMUFDBIJCM-FYJWIZGUSA-N"",""JUZNIMUFDBIJCM-GSCGYMHUSA-N"",""JUZNIMUFDBIJCM-GUATVOGLSA-M"",""JUZNIMUFDBIJCM-GUATVOGLSA-N"",""JUZNIMUFDBIJCM-GUATVOGLSA-O"",""JUZNIMUFDBIJCM-IVWUVMKQSA-N"",""JUZNIMUFDBIJCM-KXZVIPSBSA-N"",""JUZNIMUFDBIJCM-LQFPQZOOSA-M"",""JUZNIMUFDBIJCM-LQFPQZOOSA-N"",""JUZNIMUFDBIJCM-MIJLCSPPSA-N"",""JUZNIMUFDBIJCM-RDZIKXKCSA-N"",""JUZNIMUFDBIJCM-TYOIVIHNSA-N"",""JUZNIMUFDBIJCM-UHFFFAOYSA-L"",""JUZNIMUFDBIJCM-UHFFFAOYSA-M"",""JUZNIMUFDBIJCM-UHFFFAOYSA-N"",""JUZNIMUFDBIJCM-UHFFFAOYSA-O"",""JUZNIMUFDBIJCM-VDKGVLJPSA-N"",""JUZNIMUFDBIJCM-ZGNRCJPRSA-N"",""JUZNIMUFDBIJCM-ZQRZUOCXSA-N"",""KMVRATCHVMUJHM-BSMVUWFFSA-L"",""KMVRATCHVMUJHM-HZCFKPICSA-L"",""KMVRATCHVMUJHM-SHZCTIMHSA-L"",""KMVRATCHVMUJHM-UHFFFAOYSA-L"",""OBWHPSQEAHSXMM-HRXMHBOMSA-N"",""OBWHPSQEAHSXMM-NPKONKRQSA-N"",""OBWHPSQEAHSXMM-UHFFFAOYSA-N"",""ZQRRRBDMJCDSLO-HRXMHBOMSA-N"",""ZXNAQFZBWUNWJM-FEZUEQEFSA-M"",""ZXNAQFZBWUNWJM-HRXMHBOMSA-M"",""ZXNAQFZBWUNWJM-HRXMHBOMSA-N"",""ZXNAQFZBWUNWJM-PVZYNQDISA-N"",""ZXNAQFZBWUNWJM-UCXLWIAOSA-M"",""ZXNAQFZBWUNWJM-UHFFFAOYSA-M"",""ZXNAQFZBWUNWJM-UHFFFAOYSA-N"",""ZXNAQFZBWUNWJM-VUJXZZNTSA-M""]"
95,bexarotene,CIDm00082146,true,9,9,"[""CYJNCDNCHBPSIG-UHFFFAOYSA-N"",""NAVMQTYZDKMPEU-KQORAOOSSA-N"",""NAVMQTYZDKMPEU-NJFSPNSNSA-N"",""NAVMQTYZDKMPEU-PQVJJBODSA-N"",""NAVMQTYZDKMPEU-UHFFFAOYSA-M"",""NAVMQTYZDKMPEU-UHFFFAOYSA-N"",""NAVMQTYZDKMPEU-ULDPCNCHSA-N"",""NAVMQTYZDKMPEU-ZASUISAVSA-N"",""OPNREGIBPGQFMX-UHFFFAOYSA-N""]"
96,ibutilide,CIDm00060752,true,26,24,"[""ALOBUEHUHMBRLE-DEHFWRSGSA-N"",""ALOBUEHUHMBRLE-FQEVSTJZSA-N"",""ALOBUEHUHMBRLE-HUOWPSBPSA-N"",""ALOBUEHUHMBRLE-HXUWFJFHSA-N"",""ALOBUEHUHMBRLE-KGEGSVPVSA-N"",""ALOBUEHUHMBRLE-MWLBMTFHSA-N"",""ALOBUEHUHMBRLE-UHFFFAOYSA-N"",""ANGZTVOVPIKEIB-UHFFFAOYSA-N"",""HECQGWSAKVGEID-UHFFFAOYSA-N"",""HECQGWSAKVGEID-ZCLATKBISA-N"",""PAXBPNBQGZYWHP-BOQYJDHWSA-N"",""PAXBPNBQGZYWHP-BTJKTKAUSA-N"",""PAXBPNBQGZYWHP-UHFFFAOYSA-N"",""PAXBPNBQGZYWHP-WLHGVMLRSA-N"",""PCIOHQNIRPWFMV-MMSVOLSESA-L"",""PCIOHQNIRPWFMV-MMSVOLSESA-N"",""PCIOHQNIRPWFMV-OIXNQWMBSA-L"",""PCIOHQNIRPWFMV-OIXNQWMBSA-N"",""PCIOHQNIRPWFMV-UHFFFAOYSA-L"",""PCIOHQNIRPWFMV-UHFFFAOYSA-N"",""PCIOHQNIRPWFMV-WXXKFALUSA-N"",""RJOHEDQVHAXDLH-UHFFFAOYSA-N"",""SLEOBGFERWKEFZ-UHFFFAOYSA-N"",""WFBTXZCBSDPFKP-UHFFFAOYSA-N""]"
97,chlortalidone,CIDm00002732,true,6,6,"[""JIVPVXMEBJLZRO-AWEZNQCLSA-N"",""JIVPVXMEBJLZRO-CQSZACIVSA-N"",""JIVPVXMEBJLZRO-RHQRLBAQSA-N"",""JIVPVXMEBJLZRO-UHFFFAOYSA-N"",""PZICYHKKQCDZCN-IKFJUQJOSA-N"",""PZICYHKKQCDZCN-UHFFFAOYSA-N""]"
98,valproic.acid,CIDm00003121,true,66,63,"[""AEQFSUDEHCCHBT-UHFFFAOYSA-M"",""AEQFSUDEHCCHBT-UHFFFAOYSA-N"",""AEQFSUDEHCCHBT-UJNKEPEOSA-M"",""BGDSASGESPNYJI-UHFFFAOYSA-N"",""CXAHRRKIBMUORA-UHFFFAOYSA-L"",""CZCNGANABWWUCR-UHFFFAOYSA-N"",""DLFNYZBVVRMNRI-UHFFFAOYSA-L"",""DLNWLIOSBRFPLH-UHFFFAOYSA-L"",""DRYMOJQZHWDAHV-UHFFFAOYSA-M"",""FZTDWYFCSIEEDD-UHFFFAOYSA-N"",""HMMZYAWXHXQDMQ-UHFFFAOYSA-N"",""LKLLHOIUJVEAGU-UHFFFAOYSA-L"",""LPUGRLIDMUIQSQ-UHFFFAOYSA-M"",""LUVLEOBVXUHGAP-UHFFFAOYSA-N"",""MJDFEPBGHYCOOZ-UHFFFAOYSA-M"",""MKQNTGRSLGYJTI-UHFFFAOYSA-L"",""MSIFJMXBLQKANY-UHFFFAOYSA-N"",""MSRILKIQRXUYCT-UHFFFAOYSA-M"",""MSRILKIQRXUYCT-UHFFFAOYSA-N"",""NIJJYAXOARWZEE-BKUSUEPDSA-N"",""NIJJYAXOARWZEE-BYNSJAEDSA-N"",""NIJJYAXOARWZEE-CBFCILBHSA-N"",""NIJJYAXOARWZEE-COJKEBBMSA-N"",""NIJJYAXOARWZEE-DTZSEZLDSA-N"",""NIJJYAXOARWZEE-DYCDLGHISA-N"",""NIJJYAXOARWZEE-HJHJEWFGSA-N"",""NIJJYAXOARWZEE-HXRFYODMSA-N"",""NIJJYAXOARWZEE-JCDJMFQYSA-N"",""NIJJYAXOARWZEE-JKSUIMTKSA-N"",""NIJJYAXOARWZEE-KHORGVISSA-N"",""NIJJYAXOARWZEE-LGSYEAQSSA-N"",""NIJJYAXOARWZEE-MNWXTPDXSA-N"",""NIJJYAXOARWZEE-MWUKXHIBSA-N"",""NIJJYAXOARWZEE-NZLXMSDQSA-N"",""NIJJYAXOARWZEE-OTAHXYCESA-N"",""NIJJYAXOARWZEE-QXMYYZBZSA-N"",""NIJJYAXOARWZEE-RHCMJDHTSA-N"",""NIJJYAXOARWZEE-RHQRLBAQSA-N"",""NIJJYAXOARWZEE-RVTDJENMSA-N"",""NIJJYAXOARWZEE-SLWZUMPCSA-N"",""NIJJYAXOARWZEE-SMZGMGDZSA-N"",""NIJJYAXOARWZEE-SQUIKQQTSA-N"",""NIJJYAXOARWZEE-UHFFFAOYSA-M"",""NIJJYAXOARWZEE-UHFFFAOYSA-N"",""NIJJYAXOARWZEE-UIVJHRHFSA-N"",""NIJJYAXOARWZEE-ULSWINQDSA-N"",""NIJJYAXOARWZEE-UWFQUMJNSA-N"",""NIJJYAXOARWZEE-VJPLVGRJSA-N"",""NIJJYAXOARWZEE-VWGKVMJISA-N"",""NIJJYAXOARWZEE-WFGJKAKNSA-N"",""NIJJYAXOARWZEE-WHRKIXHSSA-N"",""PIZHURYFCSGTJX-UHFFFAOYSA-L"",""QQLVHVSOGMOIAO-UHFFFAOYSA-N"",""RGZUPIWJTSGERU-UHFFFAOYSA-N"",""SCIVHECIJGSJDL-UHFFFAOYSA-N"",""VDHFYFMKJMPDGB-UHFFFAOYSA-L"",""VPVLRXXFPPNURM-UHFFFAOYSA-M"",""VPVLRXXFPPNURM-UHFFFAOYSA-N"",""VSZNAWMVNKBBGA-UHFFFAOYSA-M"",""XDSRBMWUVVPCAQ-UHFFFAOYSA-L"",""YPDOFOKDRKMXLY-UHFFFAOYSA-M"",""ZGHYCJFHASGYQY-UHFFFAOYSA-M"",""ZTVSGXFDUYXOGB-UHFFFAOYSA-N""]"
99,zolmitriptan,CIDm00060857,false,0,0,[]
100,paracetamol,CIDm00001983,true,46,46,"[""DMLNXADCAZMLCU-BTJKTKAUSA-N"",""DMLNXADCAZMLCU-UHFFFAOYSA-N"",""FHYVZLJAOHLQAQ-UHFFFAOYSA-N"",""GPQRDVVESTVOCK-UHFFFAOYSA-N"",""HFVXCYLBOHGMSF-UHFFFAOYSA-N"",""HHNPHVUNBWDBJL-UHFFFAOYSA-N"",""HUTRHDQCYUKHIQ-UHFFFAOYSA-N"",""HVLGXBXHJCFVDZ-UHFFFAOYSA-N"",""HZUNSARHVLRKFE-UHFFFAOYSA-L"",""HZUNSARHVLRKFE-UHFFFAOYSA-N"",""MIFZGPSBGLLTAN-UHFFFAOYSA-L"",""MIFZGPSBGLLTAN-UHFFFAOYSA-N"",""NCCPZFNVYXVHJJ-UHFFFAOYSA-N"",""NZHJNQOORXVLCF-UHFFFAOYSA-N"",""OBRKMCTXMUGHNN-UHFFFAOYSA-N"",""ONXCHMFMYVEUTI-UHFFFAOYSA-M"",""QOGCGSWEVWTHNX-UHFFFAOYSA-M"",""QOGCGSWEVWTHNX-UHFFFAOYSA-N"",""RZVAJINKPMORJF-ANARQPDSSA-N"",""RZVAJINKPMORJF-CLQMYPOBSA-N"",""RZVAJINKPMORJF-COQLVEBOSA-N"",""RZVAJINKPMORJF-FIBGUPNXSA-N"",""RZVAJINKPMORJF-GEWHOUHMSA-N"",""RZVAJINKPMORJF-KFRNQKGQSA-N"",""RZVAJINKPMORJF-KVJLOAJYSA-N"",""RZVAJINKPMORJF-KWCOIAHCSA-N"",""RZVAJINKPMORJF-OXXLZSDGSA-N"",""RZVAJINKPMORJF-PBNXXWCMSA-N"",""RZVAJINKPMORJF-QBZHADDCSA-N"",""RZVAJINKPMORJF-QFFDRWTDSA-N"",""RZVAJINKPMORJF-UHFFFAOYSA-M"",""RZVAJINKPMORJF-UHFFFAOYSA-N"",""RZVAJINKPMORJF-VMNATFBRSA-N"",""RZVAJINKPMORJF-ZDDXGAPTSA-N"",""TZCDNCZLSNLDKX-UHFFFAOYSA-N"",""VOJSBOSUNDNTMF-UHFFFAOYSA-L"",""WEXPMOJRJJKLAK-UHFFFAOYSA-N"",""WFNUZXKFNWPVSQ-UHFFFAOYSA-N"",""WHXDLJOHWHFXJR-UHFFFAOYSA-N"",""WVMZIICKXCPKNR-UHFFFAOYSA-N"",""WYSZAWYCDZXISP-UHFFFAOYSA-N"",""XVSQSTJDSNGBAY-UHFFFAOYSA-N"",""YDLOYCLCTBVIIA-UHFFFAOYSA-N"",""YJCPSSWJYZBGLA-UHFFFAOYSA-N"",""YRYDDQRIBSKYPO-UHFFFAOYSA-N"",""ZSDJAHMZEGWJOR-UHFFFAOYSA-N""]"
101,gefitinib,CIDm00123631,true,92,92,"[""CLXVDBZVXJHAPE-UHFFFAOYSA-N"",""GGVZRAAVRGTKMY-UHFFFAOYSA-N"",""JXGXOKIRLHYRCY-UHFFFAOYSA-N"",""LTRGFHSFARVGMA-UHFFFAOYSA-N"",""LWJVIGYIXVXMRJ-UHFFFAOYSA-N"",""OHAYARNLYSPHOJ-UHFFFAOYSA-N"",""OOSLLKQMGOLSHO-UHFFFAOYSA-N"",""OXGZRQPSOZDAAD-UHFFFAOYSA-N"",""QNSWAXYXILEYTQ-UHFFFAOYSA-N"",""QUINXWLATMJDQF-UHFFFAOYSA-N"",""ROICSKVBYUQUKQ-UHFFFAOYSA-N"",""SCVOVTCPHNSHMB-BTJKTKAUSA-N"",""SCVOVTCPHNSHMB-UHFFFAOYSA-N"",""SUWXXBWTMWHNLK-UHFFFAOYSA-N"",""SYIXJKHVMXKDKS-UHFFFAOYSA-N"",""XGALLCVXEZPNRQ-AMKZBZLVSA-N"",""XGALLCVXEZPNRQ-AMZOIFPFSA-N"",""XGALLCVXEZPNRQ-AOVHENOWSA-N"",""XGALLCVXEZPNRQ-AQCDAZAYSA-N"",""XGALLCVXEZPNRQ-ASFOICSLSA-N"",""XGALLCVXEZPNRQ-AWZJYTODSA-N"",""XGALLCVXEZPNRQ-AZYQIQPVSA-N"",""XGALLCVXEZPNRQ-BJUDXGSMSA-N"",""XGALLCVXEZPNRQ-CEKKMPAVSA-N"",""XGALLCVXEZPNRQ-CRGNZCLTSA-N"",""XGALLCVXEZPNRQ-DAKROXENSA-N"",""XGALLCVXEZPNRQ-DDRHXHRNSA-N"",""XGALLCVXEZPNRQ-DDROHRSCSA-N"",""XGALLCVXEZPNRQ-FIBGUPNXSA-N"",""XGALLCVXEZPNRQ-FRTGZZAASA-N"",""XGALLCVXEZPNRQ-GLCXRDFNSA-N"",""XGALLCVXEZPNRQ-HDJWTSOBSA-N"",""XGALLCVXEZPNRQ-HRLPVNLOSA-N"",""XGALLCVXEZPNRQ-HYESZVRSSA-N"",""XGALLCVXEZPNRQ-IAJHVUKJSA-N"",""XGALLCVXEZPNRQ-IAKYIDLDSA-N"",""XGALLCVXEZPNRQ-IFBQYRAGSA-N"",""XGALLCVXEZPNRQ-IHGLQNJRSA-N"",""XGALLCVXEZPNRQ-ILYSSWDVSA-N"",""XGALLCVXEZPNRQ-INIZMOQKSA-N"",""XGALLCVXEZPNRQ-IYYOZWGZSA-N"",""XGALLCVXEZPNRQ-JQFJJJHOSA-N"",""XGALLCVXEZPNRQ-JVKHHCJWSA-N"",""XGALLCVXEZPNRQ-KPVAUPPHSA-N"",""XGALLCVXEZPNRQ-KQORAOOSSA-N"",""XGALLCVXEZPNRQ-KTKLKFQRSA-N"",""XGALLCVXEZPNRQ-KXGHAPEVSA-N"",""XGALLCVXEZPNRQ-MCINANDESA-N"",""XGALLCVXEZPNRQ-MIGPCILRSA-N"",""XGALLCVXEZPNRQ-MJDPCCJESA-N"",""XGALLCVXEZPNRQ-MKUXWTAPSA-N"",""XGALLCVXEZPNRQ-NELFEXFRSA-N"",""XGALLCVXEZPNRQ-NHBUVREKSA-N"",""XGALLCVXEZPNRQ-OJXCTNLTSA-N"",""XGALLCVXEZPNRQ-PDHKJSPZSA-N"",""XGALLCVXEZPNRQ-QBVSDSAXSA-N"",""XGALLCVXEZPNRQ-QMDXBKCESA-N"",""XGALLCVXEZPNRQ-QNWGHLEVSA-N"",""XGALLCVXEZPNRQ-QTYCFZSOSA-N"",""XGALLCVXEZPNRQ-QWZLVQITSA-N"",""XGALLCVXEZPNRQ-QZXIZLJGSA-N"",""XGALLCVXEZPNRQ-RACKBTRBSA-N"",""XGALLCVXEZPNRQ-RQYWRNEHSA-N"",""XGALLCVXEZPNRQ-SDUWNUIWSA-N"",""XGALLCVXEZPNRQ-SPAPXUPVSA-N"",""XGALLCVXEZPNRQ-TUOUIIEKSA-N"",""XGALLCVXEZPNRQ-TYFMUWKVSA-N"",""XGALLCVXEZPNRQ-TYLUKUNGSA-N"",""XGALLCVXEZPNRQ-UHFFFAOYSA-N"",""XGALLCVXEZPNRQ-UHFFFAOYSA-O"",""XGALLCVXEZPNRQ-UIJZOAIVSA-N"",""XGALLCVXEZPNRQ-USYGCRRYSA-N"",""XGALLCVXEZPNRQ-VUKIJZKJSA-N"",""XGALLCVXEZPNRQ-WMHFHURSSA-N"",""XGALLCVXEZPNRQ-WREPWYHQSA-N"",""XGALLCVXEZPNRQ-WTVYHUMFSA-N"",""XGALLCVXEZPNRQ-WUAFCIDTSA-N"",""XGALLCVXEZPNRQ-XNSZUYJMSA-N"",""XGALLCVXEZPNRQ-YERFLEKESA-N"",""XGALLCVXEZPNRQ-YIELZXNFSA-N"",""XGALLCVXEZPNRQ-YPAALQQHSA-N"",""XGALLCVXEZPNRQ-YQUBHJMPSA-N"",""XGALLCVXEZPNRQ-ZIXPABFSSA-N"",""XGALLCVXEZPNRQ-ZPCQNOSXSA-N"",""XGALLCVXEZPNRQ-ZXLRRJFOSA-N"",""XNMHSHIAHROVEV-UHFFFAOYSA-N"",""YJTDFZUPMNHHLF-UHFFFAOYSA-N"",""YNYCWAZRSUHJMS-UHFFFAOYSA-N"",""YUYJJGBJTPXCEV-LVEZLNDCSA-N"",""YUYJJGBJTPXCEV-UHFFFAOYSA-N"",""YYVGAKQEJHTNFP-UHFFFAOYSA-N"",""ZVAXQYAOIKQOGD-UHFFFAOYSA-N""]"
102,piperacillin,CIDm00043672,false,0,0,[]
103,dihydroergotamine,CIDm00010531,false,0,0,[]
104,tolcapone,CIDm04659569,true,4,4,"[""MIQPIUSUKVNLNT-QFFDRWTDSA-N"",""MIQPIUSUKVNLNT-UHFFFAOYSA-M"",""MIQPIUSUKVNLNT-UHFFFAOYSA-N"",""RWRWFGUBGKERCF-UHFFFAOYSA-N""]"
105,hydromorphone,CIDm05284570,false,0,0,[]
106,indometacin,CIDm00003715,true,36,36,"[""AAWKNNGVWFQARU-UHFFFAOYSA-N"",""CGIGDMFJXJATDK-FOGVOLGVSA-N"",""CGIGDMFJXJATDK-HFUIGKAJSA-N"",""CGIGDMFJXJATDK-LNFUJOGGSA-N"",""CGIGDMFJXJATDK-UHFFFAOYSA-M"",""CGIGDMFJXJATDK-UHFFFAOYSA-N"",""CGIGDMFJXJATDK-UHFFFAOYSA-O"",""CMDGTWRSHATRGY-UHFFFAOYSA-N"",""CTLBXOFGMSQAQY-UHFFFAOYSA-M"",""CTLBXOFGMSQAQY-UHFFFAOYSA-N"",""DXIIUUBOLUSNDF-UHFFFAOYSA-L"",""FGHJWZIYJTXFEK-UHFFFAOYSA-N"",""FUDIEXNVHOLURR-UHFFFAOYSA-N"",""HHLLWPNWKLSJGG-UHFFFAOYSA-M"",""HYYQRMPKJFGEQK-UHFFFAOYSA-N"",""IVWOPXJVSFMKLE-UHFFFAOYSA-N"",""JBLARKHTMUERIH-UHFFFAOYSA-N"",""JMHRGKDWGWORNU-UHFFFAOYSA-M"",""JMHRGKDWGWORNU-UHFFFAOYSA-N"",""KDCYQEJNTZVBEW-UHFFFAOYSA-N"",""KFMYZZQNXCSZCT-UHFFFAOYSA-M"",""OHBXRLAWJNZJBC-UHFFFAOYSA-N"",""PKJOQYYPBFGZRY-UHFFFAOYSA-N"",""QQLCIXQWVCKIBU-UHFFFAOYSA-M"",""QQLCIXQWVCKIBU-UHFFFAOYSA-N"",""SAXHGNLFQAIQSA-UHFFFAOYSA-N"",""SSKPGIKMUZJERC-UHFFFAOYSA-N"",""TTZVTFLMNIOPBM-UHFFFAOYSA-N"",""UHYAQBLOGVNWNT-UHFFFAOYSA-M"",""UHYAQBLOGVNWNT-UHFFFAOYSA-N"",""WMRFWVLBVQTJKF-UHFFFAOYSA-M"",""YHEHYLCWGSYJNC-UHFFFAOYSA-N"",""YSNCCRGUSJHLKL-UHFFFAOYSA-N"",""YTAXQGYJSHHFHE-UHFFFAOYSA-N"",""ZDIMKLBIBCPVOK-UHFFFAOYSA-N"",""ZTSAZFZYAGSNIK-UHFFFAOYSA-N""]"
107,metformin,CIDm00004091,true,46,43,"[""AFIHOTTTWXQFDO-UHFFFAOYSA-K"",""AFIHOTTTWXQFDO-UHFFFAOYSA-N"",""BJDNLLUIAHUTGS-UHFFFAOYSA-M"",""BOTAVPBZZULCFS-UHFFFAOYSA-N"",""BQLVOFPATWIUOJ-UHFFFAOYSA-N"",""CBKBLRBUKVZRKL-UHFFFAOYSA-M"",""FFFWWHZEUJOGHR-UHFFFAOYSA-N"",""FKWKFPORPSOGMQ-UHFFFAOYSA-N"",""FZUXNPQYBHUVDK-UHFFFAOYSA-N"",""HAENULUVGVPNLZ-UHFFFAOYSA-N"",""IPKVXBOCDZINJE-UHFFFAOYSA-N"",""JRAZEGXMKVFEHH-UHFFFAOYSA-N"",""LJWOPXNMRHMHNU-BTJKTKAUSA-N"",""LJWOPXNMRHMHNU-UHFFFAOYSA-N"",""LJWOPXNMRHMHNU-WLHGVMLRSA-N"",""MJOWDMDOQOVINE-UHFFFAOYSA-N"",""MXJYECIQNRIDOB-UHFFFAOYSA-N"",""NMHPYQLKNMKBEI-UHFFFAOYSA-N"",""NQAMLXNQFOYSLQ-UHFFFAOYSA-N"",""OETHQSJEHLVLGH-TXHXQZCNSA-N"",""OETHQSJEHLVLGH-UHFFFAOYSA-M"",""OETHQSJEHLVLGH-UHFFFAOYSA-N"",""PQVFYIAGNIGPDG-UHFFFAOYSA-N"",""QLRWAVBNYNKOJK-UHFFFAOYSA-M"",""QYBMFCJOHHSDTD-UHFFFAOYSA-N"",""RTNVZKXGVCSJAY-UHFFFAOYSA-N"",""UFKWZZBTOYMVIC-UHFFFAOYSA-N"",""UIEHJPDGUVLFSA-UHFFFAOYSA-N"",""WUCYCHZFZMZSRL-UHFFFAOYSA-N"",""XADBMQVCRHIWQV-UHFFFAOYSA-M"",""XADBMQVCRHIWQV-UHFFFAOYSA-N"",""XZWYZXLIPXDOLR-AYQNKDEESA-N"",""XZWYZXLIPXDOLR-BJUDXGSMSA-N"",""XZWYZXLIPXDOLR-DYCDLGHISA-N"",""XZWYZXLIPXDOLR-UHFFFAOYSA-N"",""XZWYZXLIPXDOLR-UHFFFAOYSA-O"",""XZWYZXLIPXDOLR-UHFFFAOYSA-P"",""XZWYZXLIPXDOLR-WFGJKAKNSA-N"",""YIHWFQUPSOXMKZ-UHFFFAOYSA-N"",""YIHWFQUPSOXMKZ-WXXKFALUSA-N"",""YVAQJUFCYRMFHW-UHFFFAOYSA-M"",""ZHELAHPEMIIBKC-UHFFFAOYSA-N"",""ZLRAPQXIOVUESC-UHFFFAOYSA-N""]"
108,ipratropium.bromide,CIDm00003746,true,89,87,"[""AAGRHEQKCIMZDB-AUFQYUNVSA-N"",""AAGRHEQKCIMZDB-UHFFFAOYSA-N"",""ABVUYBXIIUSTDF-JYBOIZAOSA-N"",""ABVUYBXIIUSTDF-UHFFFAOYSA-N"",""AFKRCDUMNQRUGL-UHFFFAOYSA-I"",""BBDXJLJYUIUVTC-CLTUNHJMSA-N"",""BBDXJLJYUIUVTC-UHFFFAOYSA-N"",""DDGFASSDAAKTTJ-UHFFFAOYSA-L"",""DFPLZXBRYIYXHU-BZQJJPTISA-N"",""DFPLZXBRYIYXHU-UHFFFAOYSA-N"",""DZTZTDZHLDPZBD-CLTUNHJMSA-M"",""DZTZTDZHLDPZBD-UHFFFAOYSA-M"",""GMRHVPPVNDVTFU-AUFQYUNVSA-K"",""GMRHVPPVNDVTFU-UHFFFAOYSA-K"",""GPPNQNXAZZKSDO-CLTUNHJMSA-M"",""ITKZOWMKGOMFDM-AUFQYUNVSA-N"",""ITKZOWMKGOMFDM-UHFFFAOYSA-N"",""IXZWZQNRGGUDRK-UHFFFAOYSA-L"",""IXZWZQNRGGUDRK-XFQAGIBXSA-L"",""JGDAGGYZVNEPKR-CLTUNHJMSA-M"",""KEWHKYJURDBRMN-UHFFFAOYSA-L"",""KEWHKYJURDBRMN-UHFFFAOYSA-M"",""KEWHKYJURDBRMN-XFQAGIBXSA-L"",""KEWHKYJURDBRMN-XFQAGIBXSA-M"",""KSOMFMIPVRYWEY-CLTUNHJMSA-M"",""KSOMFMIPVRYWEY-UHFFFAOYSA-M"",""KVKPWSYAXPCDFL-AUFQYUNVSA-L"",""KVKPWSYAXPCDFL-UHFFFAOYSA-L"",""KVKPWSYAXPCDFL-UHFFFAOYSA-N"",""LHLMOSXCXGLMMN-AUFQYUNVSA-M"",""LHLMOSXCXGLMMN-CLTUNHJMSA-M"",""LHLMOSXCXGLMMN-CLTUNHJMSA-N"",""LHLMOSXCXGLMMN-KPFSCUGESA-M"",""LHLMOSXCXGLMMN-LBRFFFIWSA-M"",""LHLMOSXCXGLMMN-OJZQKMKLSA-M"",""LHLMOSXCXGLMMN-UDNHRDGISA-M"",""LHLMOSXCXGLMMN-UHFFFAOYSA-M"",""LHLMOSXCXGLMMN-UHFFFAOYSA-N"",""LHLMOSXCXGLMMN-WROGUZCESA-M"",""MQIPRYDNKGFOGV-CLTUNHJMSA-M"",""MQIPRYDNKGFOGV-UHFFFAOYSA-M"",""MUBIJCIMIATXAV-UHFFFAOYSA-L"",""MXLWGJSVQWVSQS-JITBQSAISA-M"",""MXLWGJSVQWVSQS-UHFFFAOYSA-M"",""MZVJODAOIRHVCD-UHFFFAOYSA-M"",""NZVURPXOSUXCGS-AUFQYUNVSA-N"",""NZVURPXOSUXCGS-UHFFFAOYSA-N"",""OBWQMCIUBVXDAJ-CLTUNHJMSA-M"",""OBWQMCIUBVXDAJ-UHFFFAOYSA-M"",""OBWQMCIUBVXDAJ-UHFFFAOYSA-N"",""OEXHQOGQTVQTAT-BZQJJPTISA-N"",""OEXHQOGQTVQTAT-CTTWTUNHSA-N"",""OEXHQOGQTVQTAT-HINLZNOGSA-N"",""OEXHQOGQTVQTAT-HPRDVNIFSA-N"",""OEXHQOGQTVQTAT-HSNISVEUSA-N"",""OEXHQOGQTVQTAT-IPHBXJNRSA-N"",""OEXHQOGQTVQTAT-PDRSHUBSSA-N"",""OEXHQOGQTVQTAT-PPAWOBCPSA-N"",""OEXHQOGQTVQTAT-RBUNFDSBSA-N"",""OEXHQOGQTVQTAT-SSZRJXQFSA-N"",""OEXHQOGQTVQTAT-UHFFFAOYSA-N"",""OEXHQOGQTVQTAT-XOXUCCARSA-N"",""RSENVVZUPUMJIW-UHFFFAOYSA-L"",""RSENVVZUPUMJIW-XFQAGIBXSA-L"",""RVWPTLPAFAQJDU-AUFQYUNVSA-N"",""RVWPTLPAFAQJDU-UHFFFAOYSA-N"",""TXDRDGFAHNWJFI-AUFQYUNVSA-N"",""TXDRDGFAHNWJFI-UHFFFAOYSA-N"",""VLDMFXAJAXJRGB-UHFFFAOYSA-M"",""VPQQVOYECIMDMM-UHFFFAOYSA-L"",""VPQQVOYECIMDMM-UHFFFAOYSA-M"",""VPQQVOYECIMDMM-XFQAGIBXSA-L"",""VPQQVOYECIMDMM-XFQAGIBXSA-M"",""WUYXXJYURLPKAB-AUFQYUNVSA-N"",""WUYXXJYURLPKAB-UHFFFAOYSA-N"",""XVWKAMMWZOLHSY-UHFFFAOYSA-L"",""YBXHFEQRQNFYSQ-UHFFFAOYSA-L"",""YBXHFEQRQNFYSQ-XFQAGIBXSA-L"",""YJXNTEPLMBZQGI-UHFFFAOYSA-M"",""YJXNTEPLMBZQGI-XFQAGIBXSA-M"",""YLJVWJKSALOVFB-CLTUNHJMSA-M"",""YLJVWJKSALOVFB-FJCVKDQNSA-M"",""YLJVWJKSALOVFB-PGHIIOHNSA-M"",""YLJVWJKSALOVFB-UHFFFAOYSA-M"",""ZACXGVHCURKDMQ-HMUIQXRPSA-N"",""ZACXGVHCURKDMQ-RFHDEINFSA-N"",""ZACXGVHCURKDMQ-UHFFFAOYSA-N""]"
109,olanzapine,CIDm00004585,true,92,91,"[""CZQOIGLYLYKKQH-UHFFFAOYSA-N"",""DJYSZFXCKPHJAA-UHFFFAOYSA-M"",""FKCNNCUDBMJWMV-UHFFFAOYSA-N"",""GJVHPCVKEVQIDC-LREBCSMRSA-N"",""GJVHPCVKEVQIDC-UHFFFAOYSA-N"",""HPAHVYPSPGPOAG-UHFFFAOYSA-N"",""IFHIRWSDBHDBOH-UHFFFAOYSA-N"",""ILVPRRKKJMCXTJ-UHFFFAOYSA-N"",""ITHLAWXWIAQSGQ-UHFFFAOYSA-N"",""LDUHHHZNVNMIDI-UHFFFAOYSA-N"",""LVJHYKBGCOHIJL-UHFFFAOYSA-M"",""MIZVHUCVMBLBOL-UHFFFAOYSA-N"",""NXYNGSFLWUVEFY-BTJKTKAUSA-N"",""NXYNGSFLWUVEFY-UHFFFAOYSA-N"",""NXYNGSFLWUVEFY-WLHGVMLRSA-L"",""NXYNGSFLWUVEFY-WLHGVMLRSA-N"",""QGJIPIGDQMVIOW-UHFFFAOYSA-N"",""ROJKDGNBRPGRLO-UHFFFAOYSA-L"",""ROJKDGNBRPGRLO-UHFFFAOYSA-N"",""SLIIFYDQBFPPAJ-UHFFFAOYSA-N"",""VLPBHKLLOWZTTA-UHFFFAOYSA-M"",""VLPBHKLLOWZTTA-UHFFFAOYSA-N"",""WKIIIXVDEJUWHV-UHFFFAOYSA-N"",""WXPNDRBBWZMPQG-BBHSPGNBSA-N"",""WXPNDRBBWZMPQG-BBRIKGMSSA-N"",""WXPNDRBBWZMPQG-BKZXUKSRSA-N"",""WXPNDRBBWZMPQG-BMSJAHLVSA-N"",""WXPNDRBBWZMPQG-BVKZQFAESA-N"",""WXPNDRBBWZMPQG-BXBGERRLSA-N"",""WXPNDRBBWZMPQG-CIBJYQRMSA-N"",""WXPNDRBBWZMPQG-CKSLPSOOSA-N"",""WXPNDRBBWZMPQG-DFCMNMIGSA-N"",""WXPNDRBBWZMPQG-FIBGUPNXSA-N"",""WXPNDRBBWZMPQG-FVHBGCADSA-N"",""WXPNDRBBWZMPQG-FZOSTWIRSA-N"",""WXPNDRBBWZMPQG-GBNXFQNCSA-N"",""WXPNDRBBWZMPQG-GNOPNFKJSA-N"",""WXPNDRBBWZMPQG-HFJLYIQRSA-N"",""WXPNDRBBWZMPQG-HJCBPHCQSA-N"",""WXPNDRBBWZMPQG-HRDWIZOWSA-N"",""WXPNDRBBWZMPQG-HSUGYYMKSA-N"",""WXPNDRBBWZMPQG-ILYSSWDVSA-N"",""WXPNDRBBWZMPQG-JLYVOEQESA-N"",""WXPNDRBBWZMPQG-JMYQPEAASA-N"",""WXPNDRBBWZMPQG-JVVVGQRLSA-N"",""WXPNDRBBWZMPQG-JVXUGDAPSA-N"",""WXPNDRBBWZMPQG-JWSPKAHGSA-N"",""WXPNDRBBWZMPQG-KMBCJCJMSA-N"",""WXPNDRBBWZMPQG-LNFUJOGGSA-N"",""WXPNDRBBWZMPQG-LUTWVKCFSA-N"",""WXPNDRBBWZMPQG-MATZJYLBSA-N"",""WXPNDRBBWZMPQG-MYWIMPBJSA-N"",""WXPNDRBBWZMPQG-NKAHIHLVSA-N"",""WXPNDRBBWZMPQG-NKTDJJLMSA-N"",""WXPNDRBBWZMPQG-NPJZZLLESA-N"",""WXPNDRBBWZMPQG-ONBIFWOOSA-N"",""WXPNDRBBWZMPQG-OOVHOKKPSA-N"",""WXPNDRBBWZMPQG-OSEHSPPNSA-N"",""WXPNDRBBWZMPQG-PEZXBMLNSA-N"",""WXPNDRBBWZMPQG-PIMRRFELSA-N"",""WXPNDRBBWZMPQG-PNYHNLSZSA-N"",""WXPNDRBBWZMPQG-PPVQIAFHSA-N"",""WXPNDRBBWZMPQG-PPWLZGPLSA-N"",""WXPNDRBBWZMPQG-PYDDMZHVSA-N"",""WXPNDRBBWZMPQG-QFHXBQDDSA-N"",""WXPNDRBBWZMPQG-QZTDGQTASA-N"",""WXPNDRBBWZMPQG-RCTOSJROSA-N"",""WXPNDRBBWZMPQG-RRRGEQHMSA-N"",""WXPNDRBBWZMPQG-SGQSQVGWSA-N"",""WXPNDRBBWZMPQG-TXNVYZHYSA-N"",""WXPNDRBBWZMPQG-UENXPIBQSA-N"",""WXPNDRBBWZMPQG-UFBJYANTSA-N"",""WXPNDRBBWZMPQG-UHFFFAOYSA-N"",""WXPNDRBBWZMPQG-UHFFFAOYSA-O"",""WXPNDRBBWZMPQG-UNFVHARGSA-N"",""WXPNDRBBWZMPQG-VFNCYXODSA-N"",""WXPNDRBBWZMPQG-VMNATFBRSA-N"",""WXPNDRBBWZMPQG-VVMRUBJMSA-N"",""WXPNDRBBWZMPQG-VWXWJTPTSA-N"",""WXPNDRBBWZMPQG-WFGJKAKNSA-N"",""WXPNDRBBWZMPQG-WORMITQPSA-N"",""WXPNDRBBWZMPQG-WPKZIQDXSA-N"",""WXPNDRBBWZMPQG-XJALUBQGSA-N"",""WXPNDRBBWZMPQG-XNSZUYJMSA-N"",""WXPNDRBBWZMPQG-XXAPKCJUSA-N"",""WXPNDRBBWZMPQG-XYUITHPHSA-N"",""WXPNDRBBWZMPQG-YQUBHJMPSA-N"",""WXPNDRBBWZMPQG-ZGYYUIRESA-N"",""WXPNDRBBWZMPQG-ZJZNSNBLSA-N"",""XGQHQCKGECFMDP-UHFFFAOYSA-N"",""XWCIGBFRTYRPDH-UHFFFAOYSA-N""]"
110,atenolol,CIDm00002249,true,23,23,"[""AGFJOCRRLNZXBY-IZIBOJBPSA-N"",""AGFJOCRRLNZXBY-UHFFFAOYSA-N"",""ASOHFEIIOCUCBS-UHFFFAOYSA-N"",""CIXJQIBHTGMDOS-UHFFFAOYSA-N"",""FFDDLJYKJQGSPW-UHFFFAOYSA-N"",""FFDDLJYKJQGSPW-UTONKHPSSA-N"",""FFDDLJYKJQGSPW-YDALLXLXSA-N"",""FVVDTFMVJINSJN-UHFFFAOYSA-N"",""METKIMKYRPQLGS-CDSMWPDHSA-N"",""METKIMKYRPQLGS-FAPHKGRVSA-N"",""METKIMKYRPQLGS-FPWSDNDASA-N"",""METKIMKYRPQLGS-FSJJVVIYSA-N"",""METKIMKYRPQLGS-GFCCVEGCSA-N"",""METKIMKYRPQLGS-GFCCVEGCSA-O"",""METKIMKYRPQLGS-LBPRGKRZSA-N"",""METKIMKYRPQLGS-LBPRGKRZSA-O"",""METKIMKYRPQLGS-LMANFOLPSA-N"",""METKIMKYRPQLGS-MVELNECWSA-N"",""METKIMKYRPQLGS-SVMCCORHSA-N"",""METKIMKYRPQLGS-UHFFFAOYSA-N"",""METKIMKYRPQLGS-UHFFFAOYSA-O"",""METKIMKYRPQLGS-WFGJKAKNSA-N"",""YGTUPYKCYWCFGK-UHFFFAOYSA-N""]"
111,pimecrolimus,CIDm06509979,false,0,0,[]
112,omeprazole,CIDm00004594,true,200,190,"[""AEVGHIDFQQPDOY-UHFFFAOYSA-N"",""CBRYHWDNAIMLHR-GJFSDDNBSA-N"",""CBRYHWDNAIMLHR-JIDHJSLPSA-N"",""CBRYHWDNAIMLHR-UHFFFAOYSA-N"",""DBOUSUONOXEWHU-UHFFFAOYSA-N"",""DBOUSUONOXEWHU-VCKZSRROSA-N"",""FFHBLLUWPYUAHD-GJFSDDNBSA-N"",""FFHBLLUWPYUAHD-JIDHJSLPSA-N"",""FFHBLLUWPYUAHD-UHFFFAOYSA-N"",""FIIHNCOJFCXJSW-KJEZIRHGSA-N"",""FIIHNCOJFCXJSW-NWKXOCFUSA-N"",""FIIHNCOJFCXJSW-UHFFFAOYSA-N"",""FIIHNCOJFCXJSW-YPPDDXJESA-N"",""FKEGWNYSSNHHQF-UHFFFAOYSA-N"",""FOFFPEFVSRGLOZ-GJFSDDNBSA-N"",""FOFFPEFVSRGLOZ-JIDHJSLPSA-N"",""FOFFPEFVSRGLOZ-UHFFFAOYSA-N"",""GTGNFRDHVJMYPK-UHFFFAOYSA-N"",""GTRMWLCUQZHVPE-UHFFFAOYSA-L"",""GTRMWLCUQZHVPE-XEPFDERSSA-L"",""HBZOUTJTHIVPNW-STCDVQFJSA-N"",""HBZOUTJTHIVPNW-UHFFFAOYSA-N"",""HMLRESQFTJCKLX-UHFFFAOYSA-L"",""HMLRESQFTJCKLX-YKBQGXKTSA-L"",""HUUZKSCLHSGGKY-QLGOZJDFSA-N"",""HVAJOLFRLWQQQL-GJFSDDNBSA-N"",""HVAJOLFRLWQQQL-JIDHJSLPSA-N"",""HVAJOLFRLWQQQL-SKCUOGQWSA-N"",""HVAJOLFRLWQQQL-UHFFFAOYSA-N"",""HVAJOLFRLWQQQL-ZGKVGPQDSA-N"",""IXNDBXGKSMGEOG-VRMKZKMYSA-N"",""JSQGYTRPZJEBIF-UHFFFAOYSA-N"",""JSQGYTRPZJEBIF-WLHYKHABSA-N"",""JZOGUSHFEMJJNT-UHFFFAOYSA-N"",""JZOGUSHFEMJJNT-VRMKZKMYSA-N"",""KMIWHNORYWWGJQ-QLGOZJDFSA-N"",""KNVABRFVZVESIL-UHFFFAOYSA-N"",""KVDNBSUWSAVCMX-XEPFDERSSA-M"",""KWORUUGOSLYAGD-NWKXOCFUSA-N"",""KWORUUGOSLYAGD-UHFFFAOYSA-N"",""KWORUUGOSLYAGD-WLHYKHABSA-N"",""KWORUUGOSLYAGD-YPPDDXJESA-N"",""LEXONZUCNJUADO-JIDHJSLPSA-N"",""LEXONZUCNJUADO-UHFFFAOYSA-N"",""LGRFYKXKCZKDLS-DIYDTZFBSA-N"",""LGRFYKXKCZKDLS-UHFFFAOYSA-N"",""MQEUGMWHWPYFDD-GJFSDDNBSA-N"",""MQEUGMWHWPYFDD-JIDHJSLPSA-N"",""MQEUGMWHWPYFDD-UHFFFAOYSA-N"",""MVAQNWDUFDFOHQ-UHFFFAOYSA-N"",""MVMDZLWEDDJQAS-JIDHJSLPSA-N"",""MVMDZLWEDDJQAS-UHFFFAOYSA-N"",""MZBJZDSFHJYNGS-DSSYAJFBSA-N"",""MZBJZDSFHJYNGS-GCCVQAHUSA-N"",""MZBJZDSFHJYNGS-UHFFFAOYSA-N"",""MZXXONIZWOBROX-DEOSSOPVSA-N"",""MZXXONIZWOBROX-GYXDAXBLSA-N"",""MZXXONIZWOBROX-UHFFFAOYSA-N"",""MZXXONIZWOBROX-XMMPIXPASA-N"",""MZXXONIZWOBROX-ZVINSVPVSA-N"",""NXEKJOMBXDLYAM-ASMAMLKCSA-N"",""NXEKJOMBXDLYAM-UHFFFAOYSA-N"",""OCISHDBKNHVVSS-VRMKZKMYSA-M"",""OEDKGTJSSXVCCF-ASMAMLKCSA-N"",""OEDKGTJSSXVCCF-PPLJNSMQSA-N"",""OEDKGTJSSXVCCF-UHFFFAOYSA-N"",""OVOALFXGAMNTCT-UHFFFAOYSA-N"",""POKWZVHTVLLPOB-JIDHJSLPSA-N"",""POKWZVHTVLLPOB-UHFFFAOYSA-N"",""PPRPROIISZGTCS-UHFFFAOYSA-N"",""QCTFQPYTLTZNOY-JIDHJSLPSA-N"",""QCTFQPYTLTZNOY-UHFFFAOYSA-N"",""QXBOAIUHVPKABU-UHFFFAOYSA-N"",""RCOIEVJMYINJDW-ASMAMLKCSA-M"",""RKQKCXKLEVSRNV-JTBRFMHVSA-L"",""RKQKCXKLEVSRNV-UHFFFAOYSA-L"",""RNEQYXOYPKLVLL-UHFFFAOYSA-N"",""RNEQYXOYPKLVLL-YDXCJGEBSA-N"",""RRFCKCAQHRITRG-ASMAMLKCSA-N"",""RRFCKCAQHRITRG-UHFFFAOYSA-N"",""RTUNWMZTZKWGFU-UHFFFAOYSA-N"",""RULGTUUUUZAGCL-UHFFFAOYSA-L"",""RULGTUUUUZAGCL-YDXCJGEBSA-L"",""RUZNFCQOPMAQIP-JIDHJSLPSA-N"",""RUZNFCQOPMAQIP-UHFFFAOYSA-N"",""RYXPMWYHEBGTRV-FFQUBPCMSA-N"",""RYXPMWYHEBGTRV-GJFSDDNBSA-N"",""RYXPMWYHEBGTRV-HVMCLCOWSA-N"",""RYXPMWYHEBGTRV-JIDHJSLPSA-N"",""RYXPMWYHEBGTRV-UHFFFAOYSA-N"",""SIQVTBYNNJARNV-JTBRFMHVSA-L"",""SIQVTBYNNJARNV-UHFFFAOYSA-L"",""SUBDBMMJDZJVOS-ACTZCTKRSA-N"",""SUBDBMMJDZJVOS-AEVFRVNISA-N"",""SUBDBMMJDZJVOS-APZFVMQVSA-N"",""SUBDBMMJDZJVOS-AQOXBDMKSA-N"",""SUBDBMMJDZJVOS-BMITXFKISA-N"",""SUBDBMMJDZJVOS-CFGDKDRQSA-N"",""SUBDBMMJDZJVOS-CRAKZHCRSA-N"",""SUBDBMMJDZJVOS-CRSPMMAGSA-N"",""SUBDBMMJDZJVOS-DEOSSOPVSA-N"",""SUBDBMMJDZJVOS-DEOSSOPVSA-O"",""SUBDBMMJDZJVOS-DFHOYVPSSA-N"",""SUBDBMMJDZJVOS-DPISGPMWSA-N"",""SUBDBMMJDZJVOS-DXAQLQCWSA-N"",""SUBDBMMJDZJVOS-FAIGGOSCSA-N"",""SUBDBMMJDZJVOS-FIJVTXIKSA-N"",""SUBDBMMJDZJVOS-GKOSEXJESA-N"",""SUBDBMMJDZJVOS-GPPTWCEHSA-N"",""SUBDBMMJDZJVOS-GYXDAXBLSA-N"",""SUBDBMMJDZJVOS-HPRDVNIFSA-N"",""SUBDBMMJDZJVOS-HQRWJFHTSA-N"",""SUBDBMMJDZJVOS-IAHUPGSWSA-N"",""SUBDBMMJDZJVOS-IIVFXWFJSA-N"",""SUBDBMMJDZJVOS-IKISXXDZSA-N"",""SUBDBMMJDZJVOS-ILGUKTDRSA-N"",""SUBDBMMJDZJVOS-JGWVFYFMSA-N"",""SUBDBMMJDZJVOS-JUOCDACZSA-N"",""SUBDBMMJDZJVOS-KASNSBQKSA-N"",""SUBDBMMJDZJVOS-KDBDJPNISA-N"",""SUBDBMMJDZJVOS-KNXIQCGSSA-N"",""SUBDBMMJDZJVOS-LBDFIVMYSA-N"",""SUBDBMMJDZJVOS-LIJFRPJRSA-N"",""SUBDBMMJDZJVOS-LOWKRFAESA-N"",""SUBDBMMJDZJVOS-MKANTAFVSA-N"",""SUBDBMMJDZJVOS-MSQLWDHUSA-N"",""SUBDBMMJDZJVOS-MXOMHCEVSA-N"",""SUBDBMMJDZJVOS-NDXNNVEGSA-N"",""SUBDBMMJDZJVOS-OSWBUOMFSA-N"",""SUBDBMMJDZJVOS-QHWOWTQCSA-N"",""SUBDBMMJDZJVOS-QRVJKMBESA-N"",""SUBDBMMJDZJVOS-RTOLJYLZSA-N"",""SUBDBMMJDZJVOS-RYCODTCBSA-N"",""SUBDBMMJDZJVOS-SWQCBICESA-N"",""SUBDBMMJDZJVOS-TWFYPIQMSA-N"",""SUBDBMMJDZJVOS-TXPATRBFSA-N"",""SUBDBMMJDZJVOS-UCMUEFFXSA-N"",""SUBDBMMJDZJVOS-UHFFFAOYSA-N"",""SUBDBMMJDZJVOS-UHFFFAOYSA-O"",""SUBDBMMJDZJVOS-UNAVHCQLSA-N"",""SUBDBMMJDZJVOS-UQGBPNMXSA-N"",""SUBDBMMJDZJVOS-VTKCZUGBSA-N"",""SUBDBMMJDZJVOS-VVLWYDDRSA-N"",""SUBDBMMJDZJVOS-WHRKIXHSSA-N"",""SUBDBMMJDZJVOS-WINJLYTNSA-N"",""SUBDBMMJDZJVOS-XMMPIXPASA-N"",""SUBDBMMJDZJVOS-XMMPIXPASA-O"",""SUBDBMMJDZJVOS-XOWMTGBOSA-N"",""SUBDBMMJDZJVOS-ZBDXDBSNSA-N"",""SUBDBMMJDZJVOS-ZVINSVPVSA-N"",""SXLXFQHJSPDNPD-GJFSDDNBSA-N"",""SXLXFQHJSPDNPD-JIDHJSLPSA-N"",""SXLXFQHJSPDNPD-UHFFFAOYSA-N"",""SXYRRIJPHJFVEE-UHFFFAOYSA-N"",""UZDHQIHPAPUDSC-UHFFFAOYSA-N"",""VAFSBSNJDXNKSD-UHFFFAOYSA-N"",""VAFSBSNJDXNKSD-WLHYKHABSA-N"",""VDGDWWUKRIBTIH-JIDHJSLPSA-N"",""VEVZQDGATGBLIC-OWYJLTIPSA-N"",""VEVZQDGATGBLIC-OXLUMUBXSA-N"",""VEVZQDGATGBLIC-UHFFFAOYSA-N"",""VFFYKWAWSHRNLA-UHFFFAOYSA-N"",""VGDAWUJEXXBODZ-GJFSDDNBSA-N"",""VGDAWUJEXXBODZ-JIDHJSLPSA-N"",""VGDAWUJEXXBODZ-UHFFFAOYSA-N"",""VQOIDIIJPMKCRO-JIDHJSLPSA-M"",""VQOIDIIJPMKCRO-UHFFFAOYSA-M"",""VQOIDIIJPMKCRO-UHFFFAOYSA-N"",""VZVOGKYBFGQTHO-JTBRFMHVSA-N"",""VZVOGKYBFGQTHO-UHFFFAOYSA-N"",""WJRZPGXVLNVTGJ-UHFFFAOYSA-N"",""WKUOVUORAKOPJW-JIDHJSLPSA-N"",""WKUOVUORAKOPJW-UHFFFAOYSA-N"",""XTMZYFDPOBUVTB-PPLJNSMQSA-N"",""XTMZYFDPOBUVTB-UHFFFAOYSA-N"",""XYJPDNBCTIQAGG-UHFFFAOYSA-N"",""XZEFREHIHOOEKH-JIDHJSLPSA-N"",""XZEFREHIHOOEKH-UHFFFAOYSA-N"",""YWNQRVKZQMZHNR-UHFFFAOYSA-N"",""ZAUIQBMEUIXDRJ-UHFFFAOYSA-N"",""ZCCFYWLPUOEWIQ-UHFFFAOYSA-N"",""ZLVPTOIQFJZHAN-UHFFFAOYSA-N"",""ZLVPTOIQFJZHAN-YDXCJGEBSA-N"",""ZMVDKBJURXEQLD-PPLJNSMQSA-N"",""ZMVDKBJURXEQLD-UHFFFAOYSA-N"",""ZQLYTERQDSWLIN-UHFFFAOYSA-N"",""ZQLYTERQDSWLIN-VRMKZKMYSA-N"",""ZTTQAZBGDNYNKF-UHFFFAOYSA-N"",""ZZOQAUHNNWTSOA-UHFFFAOYSA-L"",""ZZOQAUHNNWTSOA-YKBQGXKTSA-L""]"
113,cetirizine,CIDm01548999,false,0,0,[]
114,diltiazem,CIDm00039186,false,0,0,[]
115,alfuzosin,CIDm00002092,true,90,86,"[""AXGJIZKZQFRZNY-UHFFFAOYSA-N"",""BXHHVDLEVTVPCK-UHFFFAOYSA-N"",""GXJKIUVEKOARGD-UHFFFAOYSA-N"",""IJJXCXNOMRNPOO-UHFFFAOYSA-N"",""IKLIHEJZSALMIS-UHFFFAOYSA-N"",""LACMQPFMLHYMNG-UHFFFAOYSA-N"",""LKVARACSBCHLLV-UHFFFAOYSA-N"",""LRIRXLWUIFQGHZ-UHFFFAOYSA-L"",""LRIRXLWUIFQGHZ-UHFFFAOYSA-N"",""MSZSCKHTCYLDJN-BTJKTKAUSA-N"",""RPZWCSXMBSKVPS-UHFFFAOYSA-N"",""SIONFNHZZGVMMH-UHFFFAOYSA-N"",""STHFRDUTDQYHKX-UHFFFAOYSA-N"",""WNMJYKCGWZFFKR-AWEZNQCLSA-N"",""WNMJYKCGWZFFKR-AWEZNQCLSA-O"",""WNMJYKCGWZFFKR-BCIKGFBOSA-N"",""WNMJYKCGWZFFKR-BHVMGEFWSA-N"",""WNMJYKCGWZFFKR-BSOUBEFZSA-N"",""WNMJYKCGWZFFKR-CQSZACIVSA-N"",""WNMJYKCGWZFFKR-CQSZACIVSA-O"",""WNMJYKCGWZFFKR-CSNGWSELSA-N"",""WNMJYKCGWZFFKR-CZEVESCESA-N"",""WNMJYKCGWZFFKR-DGQGGHRJSA-N"",""WNMJYKCGWZFFKR-DIUJEMCQSA-N"",""WNMJYKCGWZFFKR-DSFKQHLXSA-N"",""WNMJYKCGWZFFKR-FADXEDOGSA-N"",""WNMJYKCGWZFFKR-FCFVPJCTSA-N"",""WNMJYKCGWZFFKR-FELVVWHGSA-N"",""WNMJYKCGWZFFKR-FIBGUPNXSA-N"",""WNMJYKCGWZFFKR-FLIWDBLQSA-N"",""WNMJYKCGWZFFKR-GLSJIKSGSA-N"",""WNMJYKCGWZFFKR-GQALSZNTSA-N"",""WNMJYKCGWZFFKR-GTEAIYOZSA-N"",""WNMJYKCGWZFFKR-GZOCAYPFSA-N"",""WNMJYKCGWZFFKR-HFMDDSBKSA-N"",""WNMJYKCGWZFFKR-HZWKUMHDSA-N"",""WNMJYKCGWZFFKR-INBZBRQTSA-N"",""WNMJYKCGWZFFKR-IVBHDAHLSA-N"",""WNMJYKCGWZFFKR-JEDRJVAQSA-N"",""WNMJYKCGWZFFKR-JVNUSGQXSA-N"",""WNMJYKCGWZFFKR-KNNWXBNSSA-N"",""WNMJYKCGWZFFKR-KOWQOBEWSA-N"",""WNMJYKCGWZFFKR-KQORAOOSSA-N"",""WNMJYKCGWZFFKR-KRHIBGFPSA-N"",""WNMJYKCGWZFFKR-KYSVNDAJSA-N"",""WNMJYKCGWZFFKR-LTIQHAEVSA-N"",""WNMJYKCGWZFFKR-MGHOXIOMSA-N"",""WNMJYKCGWZFFKR-MIBQVNFTSA-N"",""WNMJYKCGWZFFKR-MJMKZUOMSA-N"",""WNMJYKCGWZFFKR-MKZOVMNUSA-N"",""WNMJYKCGWZFFKR-MOFIPBHMSA-N"",""WNMJYKCGWZFFKR-NKJSMKRLSA-N"",""WNMJYKCGWZFFKR-NQJVXKHOSA-N"",""WNMJYKCGWZFFKR-NTQXSNNZSA-N"",""WNMJYKCGWZFFKR-OELPGQADSA-N"",""WNMJYKCGWZFFKR-PYDMCPDRSA-N"",""WNMJYKCGWZFFKR-QLRTXDJQSA-N"",""WNMJYKCGWZFFKR-QQPVSMCDSA-N"",""WNMJYKCGWZFFKR-QVAIUHQXSA-N"",""WNMJYKCGWZFFKR-RNNDOKTGSA-N"",""WNMJYKCGWZFFKR-SAZVWAPOSA-N"",""WNMJYKCGWZFFKR-SQOCRZMJSA-N"",""WNMJYKCGWZFFKR-SQUPHPTRSA-N"",""WNMJYKCGWZFFKR-UHFFFAOYSA-N"",""WNMJYKCGWZFFKR-UHFFFAOYSA-O"",""WNMJYKCGWZFFKR-UIIQVUHMSA-N"",""WNMJYKCGWZFFKR-UPPGDFQVSA-N"",""WNMJYKCGWZFFKR-UXJCIKOESA-N"",""WNMJYKCGWZFFKR-VDFZDPHTSA-N"",""WNMJYKCGWZFFKR-VHYOQTEGSA-N"",""WNMJYKCGWZFFKR-VXFUBAJWSA-N"",""WNMJYKCGWZFFKR-XBBSKDGJSA-N"",""WNMJYKCGWZFFKR-XDWZTQBISA-N"",""WNMJYKCGWZFFKR-XERRXZQWSA-N"",""WNMJYKCGWZFFKR-XSHZZOJLSA-N"",""WNMJYKCGWZFFKR-YAXBOLPTSA-N"",""WNMJYKCGWZFFKR-YEHLMPTHSA-N"",""WNMJYKCGWZFFKR-ZRLBSURWSA-N"",""WNMJYKCGWZFFKR-ZZRQILNASA-N"",""YBKPPERSJJBCMD-UHFFFAOYSA-N"",""YTNKWDJILNVLGX-HVTBMTIBSA-N"",""YTNKWDJILNVLGX-NIIDSAIPSA-N"",""YTNKWDJILNVLGX-PFEQFJNWSA-N"",""YTNKWDJILNVLGX-UHFFFAOYSA-M"",""YTNKWDJILNVLGX-UHFFFAOYSA-N"",""YTNKWDJILNVLGX-UQKRIMTDSA-N""]"
116,nitisinone,CIDm00115355,true,3,3,"[""JIMUJKPWIZLUIM-UHFFFAOYSA-N"",""OUBCNLGXQFSTLU-GRIYWAASSA-N"",""OUBCNLGXQFSTLU-UHFFFAOYSA-N""]"
117,clobazam,CIDm00002789,true,3,3,"[""CXOXHMZGEKVPMT-QEBXXBNFSA-N"",""CXOXHMZGEKVPMT-UHFFFAOYSA-N"",""CXOXHMZGEKVPMT-VIQYUKPQSA-N""]"
118,megestrol,CIDm00019090,true,9,9,"[""VXIMPSPISRVBPZ-AASJXKLDSA-N"",""VXIMPSPISRVBPZ-DZKVBSAQSA-N"",""VXIMPSPISRVBPZ-ISYHVGNFSA-N"",""VXIMPSPISRVBPZ-NWUMPJBXSA-N"",""VXIMPSPISRVBPZ-ORHJNQCKSA-N"",""VXIMPSPISRVBPZ-UHFFFAOYSA-N"",""VXIMPSPISRVBPZ-WQMAJOMYSA-N"",""VXIMPSPISRVBPZ-YEQDYGLLSA-N"",""VXIMPSPISRVBPZ-ZIKCMSSPSA-N""]"
119,aztreonam,CIDm05742832,false,0,0,[]
120,sapropterin,CIDm00044257,false,0,0,[]
121,vinorelbine,CIDm00060779,false,0,0,[]
122,anidulafungin,CIDm00166548,true,26,26,"[""JHVAMHSQVVQIOT-AEBSXMJISA-N"",""JHVAMHSQVVQIOT-CSOKORLZSA-N"",""JHVAMHSQVVQIOT-FSXHMLHZSA-N"",""JHVAMHSQVVQIOT-GQVXZJPOSA-N"",""JHVAMHSQVVQIOT-HCCQNUNASA-N"",""JHVAMHSQVVQIOT-JWHFFFRQSA-N"",""JHVAMHSQVVQIOT-JZQNPUQMSA-N"",""JHVAMHSQVVQIOT-KNMNYPJBSA-N"",""JHVAMHSQVVQIOT-LUYRLVATSA-N"",""JHVAMHSQVVQIOT-MFAJLEFUSA-N"",""JHVAMHSQVVQIOT-MXDXWMNDSA-N"",""JHVAMHSQVVQIOT-ODOSRWJUSA-N"",""JHVAMHSQVVQIOT-QWOZJQBOSA-N"",""JHVAMHSQVVQIOT-RSACRALNSA-N"",""JHVAMHSQVVQIOT-SPVLVTLSSA-N"",""JHVAMHSQVVQIOT-SYUWSXCKSA-N"",""JHVAMHSQVVQIOT-UHFFFAOYSA-N"",""JHVAMHSQVVQIOT-ULZFJGBISA-N"",""JHVAMHSQVVQIOT-UYAIEANVSA-N"",""JHVAMHSQVVQIOT-VDJUDZIOSA-N"",""JHVAMHSQVVQIOT-VIRVVOJQSA-N"",""JHVAMHSQVVQIOT-VQHIGFSBSA-N"",""JHVAMHSQVVQIOT-WKRMEWALSA-N"",""JHVAMHSQVVQIOT-XBAWZMHRSA-N"",""JHVAMHSQVVQIOT-XKLSYLJBSA-N"",""JHVAMHSQVVQIOT-ZNORNIEUSA-N""]"
123,clozapine,CIDm00002818,true,25,24,"[""DURXTALIGVQVDD-UHFFFAOYSA-N"",""VFDNENKXDGAOSN-UHFFFAOYSA-M"",""VFDNENKXDGAOSN-UHFFFAOYSA-N"",""ZUXABONWMNSFBN-AAYPNNLASA-N"",""ZUXABONWMNSFBN-ATWJNHNDSA-N"",""ZUXABONWMNSFBN-BJUDXGSMSA-N"",""ZUXABONWMNSFBN-FIBGUPNXSA-N"",""ZUXABONWMNSFBN-GTFORLLLSA-N"",""ZUXABONWMNSFBN-IEMIFWJJSA-N"",""ZUXABONWMNSFBN-JBHSRKMPSA-N"",""ZUXABONWMNSFBN-JNJBWJDISA-N"",""ZUXABONWMNSFBN-JOCILIRYSA-N"",""ZUXABONWMNSFBN-JPOBWCLVSA-N"",""ZUXABONWMNSFBN-KQORAOOSSA-N"",""ZUXABONWMNSFBN-LGWHZUJKSA-N"",""ZUXABONWMNSFBN-LZMSFWOYSA-N"",""ZUXABONWMNSFBN-OUBTZVSYSA-N"",""ZUXABONWMNSFBN-PIHFZAAFSA-N"",""ZUXABONWMNSFBN-PSHMTSJPSA-N"",""ZUXABONWMNSFBN-QFFDRWTDSA-N"",""ZUXABONWMNSFBN-RLXJOQACSA-N"",""ZUXABONWMNSFBN-UHFFFAOYSA-N"",""ZUXABONWMNSFBN-UHFFFAOYSA-O"",""ZUXABONWMNSFBN-YCCUIWMOSA-N""]"
124,levonorgestrel,CIDm00013109,false,0,0,[]
125,cidofovir,CIDm00466146,false,0,0,[]
126,mirtazapine,CIDm00004205,true,37,37,"[""BFYFUDWNPXXIIP-UHFFFAOYSA-N"",""CKICOCMAZJMHBZ-UHFFFAOYSA-N"",""CKQWBUBEACSWKW-UHFFFAOYSA-N"",""CKQWBUBEACSWKW-WUBQCMAVSA-N"",""CKQWBUBEACSWKW-XQAUMGQKSA-N"",""CTQGQDANMDECSI-RRHAQCGESA-N"",""CTQGQDANMDECSI-UHFFFAOYSA-N"",""FUKGNDIRIUMJTQ-PKLMIRHRSA-N"",""FUKGNDIRIUMJTQ-UHFFFAOYSA-N"",""GOGSSHCEPFOUTG-UHFFFAOYSA-N"",""JERFRCPECXNTRC-UHFFFAOYSA-N"",""MHSHMTBXVDLHCQ-UHFFFAOYSA-N"",""MIKCEDKBLCPRJT-UHFFFAOYSA-N"",""MINYXDMRFGBVNN-VTIGRXCASA-N"",""RHMBSUKJMJKPNZ-UHFFFAOYSA-N"",""RONZAEMNMFQXRA-BJUDXGSMSA-N"",""RONZAEMNMFQXRA-FIBGUPNXSA-N"",""RONZAEMNMFQXRA-HKWZOHSCSA-N"",""RONZAEMNMFQXRA-INIZCTEOSA-N"",""RONZAEMNMFQXRA-INIZCTEOSA-O"",""RONZAEMNMFQXRA-INIZCTEOSA-P"",""RONZAEMNMFQXRA-KQORAOOSSA-N"",""RONZAEMNMFQXRA-MRXNPFEDSA-N"",""RONZAEMNMFQXRA-MRXNPFEDSA-O"",""RONZAEMNMFQXRA-UHFFFAOYSA-N"",""RONZAEMNMFQXRA-UHFFFAOYSA-O"",""RONZAEMNMFQXRA-UHFFFAOYSA-P"",""RONZAEMNMFQXRA-YQUBHJMPSA-N"",""RPUBHMMISKEXSR-BTJKTKAUSA-N"",""RPUBHMMISKEXSR-MLCLTIQSSA-N"",""RPUBHMMISKEXSR-RWKFXIDCSA-N"",""RPUBHMMISKEXSR-UHFFFAOYSA-N"",""RPUBHMMISKEXSR-WLHGVMLRSA-N"",""RPUBHMMISKEXSR-ZSJYYTRTSA-N"",""SISMRXGXKXMBKT-PKLMIRHRSA-N"",""SISMRXGXKXMBKT-PQDNHERISA-N"",""SISMRXGXKXMBKT-UHFFFAOYSA-N""]"
127,timolol,CIDm00033624,false,0,0,[]
128,treprostinil,CIDm06918140,false,0,0,[]
129,palonosetron,CIDm06337614,false,0,0,[]
130,mexiletine,CIDm00004178,true,24,20,"[""CMEIWAKDXPPJJA-UHFFFAOYSA-N"",""JBAQSIOEDYQYPD-UHFFFAOYSA-N"",""NFEIBWMZVIVJLQ-HNCPQSOCSA-N"",""NFEIBWMZVIVJLQ-PPHPATTJSA-N"",""NFEIBWMZVIVJLQ-SJPQGYSLSA-N"",""NFEIBWMZVIVJLQ-UHFFFAOYSA-M"",""NFEIBWMZVIVJLQ-UHFFFAOYSA-N"",""PPHGMUOMYUTEKG-BTJKTKAUSA-N"",""PPHGMUOMYUTEKG-UHFFFAOYSA-N"",""VLPIATFUUWWMKC-DZMJLSHMSA-N"",""VLPIATFUUWWMKC-JTQLQIEISA-N"",""VLPIATFUUWWMKC-JTQLQIEISA-O"",""VLPIATFUUWWMKC-SNVBAGLBSA-N"",""VLPIATFUUWWMKC-SNVBAGLBSA-O"",""VLPIATFUUWWMKC-UHFFFAOYSA-N"",""VLPIATFUUWWMKC-UHFFFAOYSA-O"",""VWDPFGKKGYTYMK-UHFFFAOYSA-N"",""WPIKUTHJGPOVTD-UHFFFAOYSA-N"",""ZGUPVDLUXHXBSY-FTYBWHBYSA-N"",""ZGUPVDLUXHXBSY-UHFFFAOYSA-N""]"
131,dexrazoxane,CIDm00071384,false,0,0,[]
132,amlodipine,CIDm00002162,true,108,108,"[""ACNRINYMGHPGSS-LMOVPXPDSA-N"",""ACNRINYMGHPGSS-UHFFFAOYSA-N"",""ANQIEJAZGGYRQM-UHFFFAOYSA-N"",""AOCBYDDBXGWSON-LMOVPXPDSA-N"",""AOCBYDDBXGWSON-UHFFFAOYSA-N"",""ATISTNBGKGMYOV-UHFFFAOYSA-M"",""BEQYSQBRUPFSRW-UHFFFAOYSA-N"",""BKAMSNMJKPNJCH-LMOVPXPDSA-N"",""BKAMSNMJKPNJCH-UHFFFAOYSA-N"",""BSBOZVBRVBLCLO-LMOVPXPDSA-N"",""BSBOZVBRVBLCLO-UHFFFAOYSA-N"",""DCVFCOCJZQZRKA-QAOGLABXSA-N"",""DCVFCOCJZQZRKA-UHFFFAOYSA-N"",""DLJZTVNXKXKXTL-UHFFFAOYSA-N"",""DZLQFICODYDLOJ-FJOGWHKWSA-N"",""DZLQFICODYDLOJ-UHFFFAOYSA-N"",""FYCXARASFLEUBL-LMOVPXPDSA-N"",""FYCXARASFLEUBL-UHFFFAOYSA-N"",""GQLYGHIQSVOECY-RMRYJAPISA-N"",""GQLYGHIQSVOECY-UHFFFAOYSA-N"",""GVOWFUFOXGOHHB-FJMPKIMZSA-N"",""GVOWFUFOXGOHHB-LMOVPXPDSA-N"",""GVOWFUFOXGOHHB-RSJGWRKCSA-N"",""GVOWFUFOXGOHHB-UHFFFAOYSA-N"",""GVOWFUFOXGOHHB-YRSVLNEHSA-N"",""GXUMWLOQWVZZQE-UHFFFAOYSA-N"",""HGYVZRMMHGBXBU-UHFFFAOYSA-N"",""HTIQEAQVCYTUBX-AUPBYXDYSA-N"",""HTIQEAQVCYTUBX-BISFPMKOSA-N"",""HTIQEAQVCYTUBX-BMSJAHLVSA-N"",""HTIQEAQVCYTUBX-CAAGJAQSSA-N"",""HTIQEAQVCYTUBX-KRWDZBQOSA-N"",""HTIQEAQVCYTUBX-KRWDZBQOSA-O"",""HTIQEAQVCYTUBX-LUQSKQDSSA-N"",""HTIQEAQVCYTUBX-LXWWQOSBSA-N"",""HTIQEAQVCYTUBX-MIHJCSFKSA-N"",""HTIQEAQVCYTUBX-OJJJIBSVSA-N"",""HTIQEAQVCYTUBX-PULZGQFHSA-N"",""HTIQEAQVCYTUBX-QGZVFWFLSA-N"",""HTIQEAQVCYTUBX-QGZVFWFLSA-O"",""HTIQEAQVCYTUBX-QHPTYGIKSA-N"",""HTIQEAQVCYTUBX-UHFFFAOYSA-N"",""HTIQEAQVCYTUBX-UHFFFAOYSA-O"",""HTIQEAQVCYTUBX-WTQFGPFNSA-N"",""HTIQEAQVCYTUBX-XSLATWLFSA-N"",""HTIQEAQVCYTUBX-YQUBHJMPSA-N"",""HTIQEAQVCYTUBX-ZFTKVFJGSA-N"",""HTIQEAQVCYTUBX-ZRLBSURWSA-N"",""IFQXLGPBXBSXHS-UHFFFAOYSA-N"",""IYKXLILIWTTYGQ-SPIKMXEPSA-N"",""IYKXLILIWTTYGQ-UHFFFAOYSA-N"",""JRPINERMSWOJQP-LMOVPXPDSA-N"",""JRPINERMSWOJQP-UHFFFAOYSA-N"",""JZKGLVQQIWFLRR-LMOVPXPDSA-N"",""JZKGLVQQIWFLRR-UHFFFAOYSA-N"",""LDVNWRPSEDPECU-UHFFFAOYSA-N"",""LGWOIMCQWJLZIT-RMRYJAPISA-N"",""LGWOIMCQWJLZIT-UHFFFAOYSA-N"",""LGWOIMCQWJLZIT-ZEECNFPPSA-N"",""LTPYWCXEIITWNL-LMOVPXPDSA-N"",""LTPYWCXEIITWNL-UHFFFAOYSA-M"",""LTPYWCXEIITWNL-UHFFFAOYSA-N"",""MUVFCHUBATVFPP-LMOVPXPDSA-N"",""MUVFCHUBATVFPP-UHFFFAOYSA-N"",""MUVFCHUBATVFPP-UNTBIKODSA-N"",""NZWXWMRGQSNBIA-UHFFFAOYSA-N"",""OJDQKGWZRKTWEI-OOZXSOIMSA-N"",""OJDQKGWZRKTWEI-UHFFFAOYSA-N"",""OLEJCUZARADNMP-LMOVPXPDSA-N"",""OLEJCUZARADNMP-UHFFFAOYSA-L"",""OLEJCUZARADNMP-UHFFFAOYSA-N"",""OTGGDQVSEWFORS-LMOVPXPDSA-N"",""OTGGDQVSEWFORS-UHFFFAOYSA-N"",""QLNQWEGGWRTBGA-RMRYJAPISA-N"",""QLNQWEGGWRTBGA-UHFFFAOYSA-N"",""RKVWLGBUDMOYAD-RMRYJAPISA-N"",""RKVWLGBUDMOYAD-UHFFFAOYSA-N"",""RVCDRXDQZIUQJA-LMOVPXPDSA-N"",""RVCDRXDQZIUQJA-UHFFFAOYSA-N"",""RXJRMADBOANWEL-PXMDEAMVSA-M"",""RXJRMADBOANWEL-UHFFFAOYSA-M"",""TYADHKZKWJAVCN-LMOVPXPDSA-N"",""TYADHKZKWJAVCN-UHFFFAOYSA-N"",""TZNOWAJJWCGILX-BTJKTKAUSA-N"",""TZNOWAJJWCGILX-CIPKXTDXSA-N"",""TZNOWAJJWCGILX-HNUXRKMMSA-N"",""TZNOWAJJWCGILX-IBTKSTAFSA-N"",""TZNOWAJJWCGILX-PQDNHERISA-N"",""TZNOWAJJWCGILX-QTNVCCTOSA-N"",""TZNOWAJJWCGILX-UHFFFAOYSA-N"",""TZNOWAJJWCGILX-WLHGVMLRSA-N"",""TZNOWAJJWCGILX-XLOMBBFOSA-N"",""VNUQUSKNUYSVBO-LMOVPXPDSA-N"",""VNUQUSKNUYSVBO-UHFFFAOYSA-N"",""VPJUNRVNXFWRIK-PXMDEAMVSA-M"",""VPJUNRVNXFWRIK-UHFFFAOYSA-M"",""WYMYCBWPOGFZRZ-LMOVPXPDSA-N"",""WYMYCBWPOGFZRZ-UHFFFAOYSA-M"",""WYMYCBWPOGFZRZ-UHFFFAOYSA-N"",""WYMYCBWPOGFZRZ-UNTBIKODSA-N"",""WZJJIMCARUQAHR-KSBRXOFISA-N"",""WZJJIMCARUQAHR-UHFFFAOYSA-N"",""WZJJIMCARUQAHR-WXXKFALUSA-N"",""XJVHLADQLGOKRN-INCSKIIQSA-N"",""XJVHLADQLGOKRN-UHFFFAOYSA-N"",""XVFYHSFVCZKGGD-LMOVPXPDSA-N"",""XVFYHSFVCZKGGD-UHFFFAOYSA-N"",""ZAAGKCAAIJVGKS-UHFFFAOYSA-N""]"
133,digoxin,CIDm02724385,false,0,0,[]
134,nimodipine,CIDm00004497,true,6,6,"[""JOFZQBHDYVYJIO-OYPHMNEHSA-N"",""JOFZQBHDYVYJIO-UHFFFAOYSA-N"",""SVHUUPDJDKHDPO-UHFFFAOYSA-N"",""UIAGMCDKSXEBJQ-IBGZPJMESA-N"",""UIAGMCDKSXEBJQ-LJQANCHMSA-N"",""UIAGMCDKSXEBJQ-UHFFFAOYSA-N""]"
135,beclometasone,CIDm00020469,false,0,0,[]
136,progesterone,CIDm00005994,false,0,0,[]
137,sorafenib,CIDm00216239,true,63,62,"[""BGGWSEWXEAESFJ-UHFFFAOYSA-N"",""DIPQAGFFHSVYJH-UHFFFAOYSA-N"",""DLOKAUVMZDVVRK-UHFFFAOYSA-N"",""DVRZPGJFCZHSNT-UHFFFAOYSA-N"",""FJSMNFNXFANWNS-UHFFFAOYSA-N"",""IKBLQMWPPZCCBO-UHFFFAOYSA-N"",""IVDHYUQIDRJSTI-NIIDSAIPSA-N"",""IVDHYUQIDRJSTI-PPEDPTGTSA-N"",""IVDHYUQIDRJSTI-UHFFFAOYSA-M"",""IVDHYUQIDRJSTI-UHFFFAOYSA-N"",""IVDHYUQIDRJSTI-WNSCTBMISA-N"",""IYEOGVPDPILUDO-UHFFFAOYSA-N"",""JECJCXQEBZOTKS-UHFFFAOYSA-N"",""JTDDBFRETOKIRB-UHFFFAOYSA-N"",""KOFJRCUOFXQCOS-UHFFFAOYSA-N"",""LPFZSXKAMFPCTL-UHFFFAOYSA-N"",""LRBKWCISAFTJOG-UHFFFAOYSA-N"",""MLDQJTXFUGDVEO-AXDTZVPPSA-N"",""MLDQJTXFUGDVEO-BBCHDHLBSA-N"",""MLDQJTXFUGDVEO-BCCDUJROSA-N"",""MLDQJTXFUGDVEO-CQHQNRFSSA-N"",""MLDQJTXFUGDVEO-DICFDUPASA-N"",""MLDQJTXFUGDVEO-FIBGUPNXSA-N"",""MLDQJTXFUGDVEO-GPGFJSMFSA-N"",""MLDQJTXFUGDVEO-HMIJKAACSA-N"",""MLDQJTXFUGDVEO-IFBZHCHVSA-N"",""MLDQJTXFUGDVEO-IJQLDJFQSA-N"",""MLDQJTXFUGDVEO-JLZJBEKYSA-N"",""MLDQJTXFUGDVEO-KDWOUJHVSA-N"",""MLDQJTXFUGDVEO-KEWJSLJMSA-N"",""MLDQJTXFUGDVEO-KQORAOOSSA-N"",""MLDQJTXFUGDVEO-KYCNZEPUSA-N"",""MLDQJTXFUGDVEO-LRFGSCOBSA-N"",""MLDQJTXFUGDVEO-MICDWDOJSA-N"",""MLDQJTXFUGDVEO-NHJSVWKBSA-N"",""MLDQJTXFUGDVEO-OCPGCMLNSA-N"",""MLDQJTXFUGDVEO-QOWOAITPSA-N"",""MLDQJTXFUGDVEO-QPMLASCQSA-N"",""MLDQJTXFUGDVEO-RHIBPKLGSA-N"",""MLDQJTXFUGDVEO-SPLUINJESA-N"",""MLDQJTXFUGDVEO-UHFFFAOYSA-N"",""MLDQJTXFUGDVEO-UJESMPABSA-N"",""MLDQJTXFUGDVEO-UZSFLLTCSA-N"",""MLDQJTXFUGDVEO-VDENVYOTSA-N"",""MLDQJTXFUGDVEO-VXODUFNLSA-N"",""MLDQJTXFUGDVEO-WRZMZMNKSA-N"",""MLDQJTXFUGDVEO-WSMOLFTOSA-N"",""MLDQJTXFUGDVEO-YNFBBOHTSA-N"",""MLDQJTXFUGDVEO-ZMBDJWRHSA-N"",""MLDQJTXFUGDVEO-ZRLBSURWSA-N"",""MLDQJTXFUGDVEO-ZTDJJCDESA-N"",""MYNPZTLFODTWTM-UHFFFAOYSA-L"",""MYNPZTLFODTWTM-UHFFFAOYSA-N"",""NTUWOATXHYIHPS-UHFFFAOYSA-N"",""ODDNIZVVKNGLLC-UHFFFAOYSA-N"",""PNTAPYNFAKUZCH-UHFFFAOYSA-N"",""SNXPXFZCVJUUJM-UHFFFAOYSA-N"",""STVROIDZYDQKQY-UHFFFAOYSA-N"",""UIODDCVGFPHWNV-UHFFFAOYSA-N"",""ZIPUFNXTZXSCJL-BTJKTKAUSA-N"",""ZIPUFNXTZXSCJL-UHFFFAOYSA-N"",""ZIPUFNXTZXSCJL-WLHGVMLRSA-N""]"
138,zoledronic.acid,CIDm00068740,true,40,38,"[""AVNLIGHJZOYISZ-UHFFFAOYSA-N"",""AZZILOGHCMYHQY-UHFFFAOYSA-N"",""DDLVWJKPGCPJKJ-UHFFFAOYSA-N"",""DHNZAZBVOUGJNH-UHFFFAOYSA-N"",""DYJZFIFHMXALBV-UHFFFAOYSA-N"",""FUXFIVRTGHOMSO-UHFFFAOYSA-N"",""GGROGGCXHDJKIH-UHFFFAOYSA-N"",""HYMYRPXSMHJPGD-UHFFFAOYSA-A"",""IEJZOPBVBXAOBH-UHFFFAOYSA-L"",""IEJZOPBVBXAOBH-UHFFFAOYSA-N"",""IPJKWXSBICBWCJ-UHFFFAOYSA-L"",""IPJKWXSBICBWCJ-UHFFFAOYSA-N"",""JZIPRISQDBLCPM-UHFFFAOYSA-L"",""MJCBEPPMCXNWBI-UHFFFAOYSA-J"",""MKWPINPKSFOOKD-UHFFFAOYSA-N"",""MYYZWQDUOHWQAL-UHFFFAOYSA-N"",""NDRJKYHIVSJFSW-UHFFFAOYSA-N"",""OLSSYASITGUMKK-UHFFFAOYSA-N"",""OPQQEYHAVUNQNA-UHFFFAOYSA-L"",""OPQQEYHAVUNQNA-UHFFFAOYSA-N"",""OUWGJTQISLRGAD-UHFFFAOYSA-K"",""UEEGIWLEFIOYQD-UHFFFAOYSA-N"",""UIBTZDCUASTICX-UHFFFAOYSA-L"",""WEEISQBZRGLNAM-UHFFFAOYSA-J"",""XNDMSJKSPQQLPT-UHFFFAOYSA-K"",""XNDMSJKSPQQLPT-UHFFFAOYSA-N"",""XRASPMIURGNCCH-IBOUVOGNSA-N"",""XRASPMIURGNCCH-KYKRLZBASA-N"",""XRASPMIURGNCCH-LAWBUZBNSA-N"",""XRASPMIURGNCCH-SMZGMGDZSA-N"",""XRASPMIURGNCCH-UHFFFAOYSA-J"",""XRASPMIURGNCCH-UHFFFAOYSA-L"",""XRASPMIURGNCCH-UHFFFAOYSA-N"",""XRASPMIURGNCCH-ZOBUMSJTSA-N"",""XVHMLIPWSQRIQZ-UHFFFAOYSA-L"",""YITMVJFAHMVKMB-UHFFFAOYSA-L"",""YZTWCSYUHUZHJV-UHFFFAOYSA-N"",""ZCLGDGCXHLIVAS-UHFFFAOYSA-N""]"
139,nisoldipine,CIDm00004499,true,19,19,"[""ARQIIDJFCOGDCQ-JJMXQKMNSA-N"",""ARQIIDJFCOGDCQ-UHFFFAOYSA-N"",""HEWKUYOYNHXSGI-UHFFFAOYSA-N"",""JGVHMGJRMSJZKR-UHFFFAOYSA-N"",""OSCYLUQUDCIHGJ-BDBAMQCISA-M"",""OSCYLUQUDCIHGJ-BDBAMQCISA-N"",""OSCYLUQUDCIHGJ-CQGUWYRNSA-M"",""OSCYLUQUDCIHGJ-UHFFFAOYSA-M"",""VHFOMCBUXOIXHY-BTJKTKAUSA-N"",""VHFOMCBUXOIXHY-UHFFFAOYSA-N"",""VKQFCGNPDRICFG-ADHUMVSMSA-N"",""VKQFCGNPDRICFG-GGNDDZDCSA-N"",""VKQFCGNPDRICFG-GOSISDBHSA-N"",""VKQFCGNPDRICFG-SFHVURJKSA-N"",""VKQFCGNPDRICFG-SFIIULIVSA-N"",""VKQFCGNPDRICFG-UENXPIBQSA-N"",""VKQFCGNPDRICFG-UHFFFAOYSA-N"",""VKQFCGNPDRICFG-VPYROQPTSA-N"",""VKQFCGNPDRICFG-WFGJKAKNSA-N""]"
140,eszopiclone,CIDm00969472,false,0,0,[]
141,alprazolam,CIDm00002118,true,11,11,"[""BTXVPVVNJNBVPC-UHFFFAOYSA-N"",""VREFGVBLTWBCJP-FIBGUPNXSA-N"",""VREFGVBLTWBCJP-FLBQOMCMSA-N"",""VREFGVBLTWBCJP-KBMKNGFXSA-N"",""VREFGVBLTWBCJP-KXMUYVCJSA-N"",""VREFGVBLTWBCJP-MICDWDOJSA-N"",""VREFGVBLTWBCJP-NJFDCKJNSA-N"",""VREFGVBLTWBCJP-UHFFFAOYSA-N"",""VREFGVBLTWBCJP-VIQYUKPQSA-N"",""VREFGVBLTWBCJP-ZXZAAQOOSA-N"",""ZCSKMCMHSVPTQJ-UHFFFAOYSA-N""]"
142,loxapine,CIDm00003964,true,14,10,"[""DCTUVCPVMHMLMT-UHFFFAOYSA-N"",""JSXBVMKACNEMKY-KTSBLNPMSA-N"",""JSXBVMKACNEMKY-UHFFFAOYSA-N"",""KQLNGLVIQBTKOH-BTJKTKAUSA-N"",""SIQWYBXPNRJERZ-UHFFFAOYSA-N"",""XJGVXQDUIWGIRW-JNJBWJDISA-N"",""XJGVXQDUIWGIRW-UHFFFAOYSA-N"",""XJGVXQDUIWGIRW-UHFFFAOYSA-O"",""YQZBAXDVDZTKEQ-UHFFFAOYSA-L"",""YQZBAXDVDZTKEQ-UHFFFAOYSA-N""]"
143,mupirocin,CIDm00446596,false,0,0,[]
144,rosiglitazone,CIDm00077998,true,93,85,"[""ADQQXOGMNHWLRB-LREBCSMRSA-N"",""ADQQXOGMNHWLRB-UHFFFAOYSA-N"",""ADQQXOGMNHWLRB-WUUYCOTASA-N"",""ADQQXOGMNHWLRB-YKWZRPGSSA-N"",""ARKJPVFIZHQCCF-UHFFFAOYSA-N"",""ATBRNPIHSXTHFV-UHFFFAOYSA-N"",""AZPKNIRROPSWEZ-JITBQSAISA-N"",""BCJDSMPFFWSYRJ-UHFFFAOYSA-N"",""BCJDSMPFFWSYRJ-ZWZQDMJTSA-N"",""BILCFYOTZKNPEF-JITBQSAISA-N"",""BJVZAEBQBHAHMU-UHFFFAOYSA-N"",""CBFUOWINBFHPMV-JITBQSAISA-N"",""CQYZUQVJQCEVKX-WXXKFALUSA-N"",""DNPWLVZHCLOYKQ-UHFFFAOYSA-N"",""DYSHXNPJYCKFQT-JITBQSAISA-N"",""GWLZGWWFCBETCB-UHFFFAOYSA-N"",""GYXUYIBQMFJRHA-UHFFFAOYSA-N"",""HBBSZVWPOPCHKY-WXXKFALUSA-N"",""HDLBWFRUUQXSHF-LVEZLNDCSA-N"",""HGLYSIDYDLJQCL-UHFFFAOYSA-L"",""HGLYSIDYDLJQCL-UHFFFAOYSA-M"",""HGLYSIDYDLJQCL-UHFFFAOYSA-N"",""HXTBWDMSSXMXGJ-UHFFFAOYSA-N"",""JDCJUCUBXGUPMM-UHFFFAOYSA-L"",""KQRSCQRJMYBRCL-JITBQSAISA-N"",""LZLOZFXJQSWMMB-UHFFFAOYSA-N"",""MIXMIJXAFUYUNO-UHFFFAOYSA-N"",""MSOPDKKENJARPF-UHFFFAOYSA-N"",""OGPFNBLARMQDSP-CKUXDGONSA-N"",""OGPFNBLARMQDSP-UHFFFAOYSA-N"",""PGVPRMJWSACSRY-UHFFFAOYSA-N"",""QMJZVULCOCLIQJ-UHFFFAOYSA-N"",""RFMHJHZSYFRCBU-JITBQSAISA-N"",""RSONTQKONIRKBX-UHFFFAOYSA-L"",""RUBFLDMZYDJKRY-UHFFFAOYSA-N"",""RWOGCLSZSSKLEN-UHFFFAOYSA-M"",""SGVCRDCYOXQKMV-UHFFFAOYSA-N"",""SUFUKZSWUHZXAV-BTJKTKAUSA-L"",""SUFUKZSWUHZXAV-BTJKTKAUSA-N"",""SUFUKZSWUHZXAV-DASCVMRKSA-N"",""SUFUKZSWUHZXAV-HFNHQGOYSA-N"",""SUFUKZSWUHZXAV-IBYMXRBXSA-N"",""SUFUKZSWUHZXAV-UHFFFAOYSA-L"",""SUFUKZSWUHZXAV-UHFFFAOYSA-N"",""SUFUKZSWUHZXAV-WLHGVMLRSA-N"",""SYDYQZCJTQKMQS-UHFFFAOYSA-L"",""SYDYQZCJTQKMQS-UHFFFAOYSA-N"",""TVSUUENUHWFJBU-UHFFFAOYSA-N"",""TZFFHTVNYICXBC-JITBQSAISA-N"",""UHDZLDNLNHGNLD-UHFFFAOYSA-N"",""UMWKPRRJSZWRMC-FJOGWHKWSA-N"",""UMWKPRRJSZWRMC-JITBQSAISA-N"",""UMWKPRRJSZWRMC-UHFFFAOYSA-N"",""UXCLSKJFALLUOL-UHFFFAOYSA-N"",""WUYAMBQXGNYHJC-WXXKFALUSA-N"",""WXHRTJLDNCDZHG-UHFFFAOYSA-N"",""XBWGOFLMFFYVLF-JITBQSAISA-N"",""XFOHHIYSRDUSCX-UHFFFAOYSA-M"",""XRSCTTPDKURIIJ-UHFFFAOYSA-M"",""XRSCTTPDKURIIJ-UHFFFAOYSA-N"",""XRSCTTPDKURIIJ-XFULWGLBSA-N"",""XSAQZUPIXMFMQD-UHFFFAOYSA-N"",""XXJHRPVDIAXFJQ-UHFFFAOYSA-N"",""XXJHRPVDIAXFJQ-XFULWGLBSA-N"",""YASAKCUCGLMORW-BBSCNJGJSA-N"",""YASAKCUCGLMORW-CKSJCSQYSA-N"",""YASAKCUCGLMORW-FIBGUPNXSA-N"",""YASAKCUCGLMORW-HNNXBMFYSA-N"",""YASAKCUCGLMORW-HNNXBMFYSA-O"",""YASAKCUCGLMORW-HVRMQOCCSA-N"",""YASAKCUCGLMORW-JIZANVDTSA-N"",""YASAKCUCGLMORW-KDWZCNHSSA-N"",""YASAKCUCGLMORW-KFFMWUEUSA-N"",""YASAKCUCGLMORW-KQORAOOSSA-N"",""YASAKCUCGLMORW-MKQHWYKPSA-N"",""YASAKCUCGLMORW-OAHLLOKOSA-N"",""YASAKCUCGLMORW-OAHLLOKOSA-O"",""YASAKCUCGLMORW-PZFLKRBQSA-N"",""YASAKCUCGLMORW-RWFJLFJASA-N"",""YASAKCUCGLMORW-UHFFFAOYSA-N"",""YASAKCUCGLMORW-UHFFFAOYSA-O"",""YASAKCUCGLMORW-XUWBISKJSA-N"",""YASAKCUCGLMORW-YLBMHPPPSA-N"",""YASAKCUCGLMORW-ZXSOXEPXSA-N"",""YJNUKQCCOWWGAC-UHFFFAOYSA-N""]"
145,pramipexole,CIDm00119569,false,0,0,[]
146,miglustat,CIDm00051634,true,43,41,"[""QPAFAUYWVZMWPR-FJEDJHNJSA-N"",""QPAFAUYWVZMWPR-KHTMYQNFSA-N"",""QPAFAUYWVZMWPR-LFVXCSCNSA-N"",""QPAFAUYWVZMWPR-UHFFFAOYSA-M"",""QPAFAUYWVZMWPR-UHFFFAOYSA-N"",""QPAFAUYWVZMWPR-WFFMJNDQSA-N"",""QPAFAUYWVZMWPR-ZSOUGHPYSA-M"",""QPAFAUYWVZMWPR-ZSOUGHPYSA-N"",""UQRORFVVSGFNRO-AATLWQCWSA-N"",""UQRORFVVSGFNRO-AATLWQCWSA-O"",""UQRORFVVSGFNRO-APTHBXDWSA-N"",""UQRORFVVSGFNRO-APTLMUPRSA-N"",""UQRORFVVSGFNRO-AXTSPUMRSA-N"",""UQRORFVVSGFNRO-AXTSPUMRSA-O"",""UQRORFVVSGFNRO-BBHOCEOKSA-N"",""UQRORFVVSGFNRO-BDBFLJFWSA-N"",""UQRORFVVSGFNRO-DOLQZWNJSA-N"",""UQRORFVVSGFNRO-FFBDUHDWSA-N"",""UQRORFVVSGFNRO-HORUIINNSA-N"",""UQRORFVVSGFNRO-JLIMGVALSA-N"",""UQRORFVVSGFNRO-JNCIFTJQSA-N"",""UQRORFVVSGFNRO-JXUBOQSCSA-N"",""UQRORFVVSGFNRO-LHXQLESQSA-N"",""UQRORFVVSGFNRO-NLIGDYCVSA-N"",""UQRORFVVSGFNRO-NPTNVHDASA-N"",""UQRORFVVSGFNRO-OWTMBLHMSA-N"",""UQRORFVVSGFNRO-QCLAVDOMSA-N"",""UQRORFVVSGFNRO-QCLAVDOMSA-O"",""UQRORFVVSGFNRO-RGOKHQFPSA-N"",""UQRORFVVSGFNRO-RGOKHQFPSA-O"",""UQRORFVVSGFNRO-SGIHWFKDSA-N"",""UQRORFVVSGFNRO-SGIHWFKDSA-O"",""UQRORFVVSGFNRO-UHFFFAOYSA-N"",""UQRORFVVSGFNRO-UHFFFAOYSA-O"",""UQRORFVVSGFNRO-UPBARMNASA-N"",""UQRORFVVSGFNRO-UTINFBMNSA-N"",""UQRORFVVSGFNRO-UTINFBMNSA-O"",""UQRORFVVSGFNRO-WNTKTVKTSA-N"",""UQRORFVVSGFNRO-XFWSIPNHSA-N"",""UQRORFVVSGFNRO-YDYPAMBWSA-N"",""UQRORFVVSGFNRO-ZYUZMQFOSA-N""]"
147,methylphenidate,CIDm00004158,true,55,50,"[""AKOFHOWDDDYQLX-UHFFFAOYSA-N"",""DUGOZIWVEXMGBE-ABLWVSNPSA-N"",""DUGOZIWVEXMGBE-AZYIWVPZSA-N"",""DUGOZIWVEXMGBE-BJUDXGSMSA-N"",""DUGOZIWVEXMGBE-CBLSNNQRSA-N"",""DUGOZIWVEXMGBE-CHWSQXEVSA-N"",""DUGOZIWVEXMGBE-CHWSQXEVSA-O"",""DUGOZIWVEXMGBE-DIEWWPPHSA-N"",""DUGOZIWVEXMGBE-DNIAVSQBSA-N"",""DUGOZIWVEXMGBE-GCDDSUBTSA-N"",""DUGOZIWVEXMGBE-HVMKJNMPSA-N"",""DUGOZIWVEXMGBE-ITQNTEAOSA-N"",""DUGOZIWVEXMGBE-KESHTNJJSA-N"",""DUGOZIWVEXMGBE-KQORAOOSSA-N"",""DUGOZIWVEXMGBE-OLZOCXBDSA-N"",""DUGOZIWVEXMGBE-OLZOCXBDSA-O"",""DUGOZIWVEXMGBE-PZORYLMUSA-N"",""DUGOZIWVEXMGBE-QCQQWDMJSA-N"",""DUGOZIWVEXMGBE-QWHCGFSZSA-N"",""DUGOZIWVEXMGBE-QWHCGFSZSA-O"",""DUGOZIWVEXMGBE-QXRUAWCSSA-N"",""DUGOZIWVEXMGBE-STPKGMNZSA-N"",""DUGOZIWVEXMGBE-STQMWFEESA-N"",""DUGOZIWVEXMGBE-STQMWFEESA-O"",""DUGOZIWVEXMGBE-UEWDXFNNSA-N"",""DUGOZIWVEXMGBE-UHFFFAOYSA-N"",""DUGOZIWVEXMGBE-UHFFFAOYSA-O"",""DUGOZIWVEXMGBE-ZGTCLIOFSA-N"",""HZJQABWUZCIFLC-JHEYCYPBSA-N"",""HZJQABWUZCIFLC-UHFFFAOYSA-N"",""JEGOPGIUMPXZGL-UHFFFAOYSA-N"",""JUMYIBMBTDDLNG-FGQFTSDKSA-N"",""JUMYIBMBTDDLNG-JHEYCYPBSA-N"",""JUMYIBMBTDDLNG-KZCZEQIWSA-N"",""JUMYIBMBTDDLNG-OJERSXHUSA-M"",""JUMYIBMBTDDLNG-OJERSXHUSA-N"",""JUMYIBMBTDDLNG-QNTKWALQSA-M"",""JUMYIBMBTDDLNG-QNTKWALQSA-N"",""JUMYIBMBTDDLNG-SCUWXHHUSA-N"",""JUMYIBMBTDDLNG-UHFFFAOYSA-M"",""JUMYIBMBTDDLNG-UHFFFAOYSA-N"",""JUMYIBMBTDDLNG-YOUMNJRNSA-N"",""JUMYIBMBTDDLNG-YURDIMOXSA-N"",""JUMYIBMBTDDLNG-ZEDZUCNESA-M"",""JUMYIBMBTDDLNG-ZEDZUCNESA-N"",""QNEPGFZUMUPZHQ-UHFFFAOYSA-N"",""QNEPGFZUMUPZHQ-YLNBRXHZSA-N"",""RXLQQWUSBJTNGE-UHFFFAOYSA-N"",""USNDMHAMKRGVRF-JHEYCYPBSA-N"",""USNDMHAMKRGVRF-UHFFFAOYSA-N""]"
148,hyoscyamine,CIDm00003661,true,108,101,"[""AMTPGIHNMJWLEV-CWWXYYHPSA-N"",""AMTPGIHNMJWLEV-UHFFFAOYSA-N"",""BXSVDJUWKSRQMD-BAAOIJEOSA-N"",""BXSVDJUWKSRQMD-OMLVBYQESA-N"",""BXSVDJUWKSRQMD-UHFFFAOYSA-N"",""BXSVDJUWKSRQMD-YBRNEGGZSA-N"",""BXSVDJUWKSRQMD-ZDAQLXKVSA-N"",""DIDUYDMSCDAQIU-MDFKAFDJSA-N"",""DIDUYDMSCDAQIU-UHFFFAOYSA-N"",""HOBWAPHTEJGALG-FLIIFXKHSA-N"",""HOBWAPHTEJGALG-JKCMADFCSA-N"",""HOBWAPHTEJGALG-LFQBMQRVSA-L"",""HOBWAPHTEJGALG-LFQBMQRVSA-N"",""HOBWAPHTEJGALG-UHFFFAOYSA-L"",""HOBWAPHTEJGALG-UHFFFAOYSA-N"",""HOBWAPHTEJGALG-YMCAWCDYSA-N"",""HOBWAPHTEJGALG-ZXMPQTSBSA-N"",""JPKKQJKQTPNWTR-BRYCGAMXSA-N"",""JPKKQJKQTPNWTR-DRQJKWSMSA-N"",""JPKKQJKQTPNWTR-KQAYXBCTSA-N"",""JPKKQJKQTPNWTR-PAWSKZDXSA-N"",""JPKKQJKQTPNWTR-RYXJBVCQSA-N"",""JPKKQJKQTPNWTR-UHFFFAOYSA-N"",""LHYYXPKBBZMTIL-UHFFFAOYSA-N"",""MJYHSOCPRKVNKH-UHFFFAOYSA-N"",""MJYHSOCPRKVNKH-ZZJGABIISA-N"",""NBLUPZBTGKMBNV-BSNGCFTNSA-N"",""NBLUPZBTGKMBNV-DZKRNSLZSA-N"",""NBLUPZBTGKMBNV-IWXFYXFASA-N"",""NBLUPZBTGKMBNV-QFLBDJALSA-N"",""NBLUPZBTGKMBNV-UHFFFAOYSA-N"",""NBLUPZBTGKMBNV-WBBWASAUSA-N"",""OJIPQOWZZMSBGY-BXSBZORQSA-N"",""OJIPQOWZZMSBGY-UHFFFAOYSA-N"",""OJIPQOWZZMSBGY-ZQXFGJFASA-N"",""OJIPQOWZZMSBGY-ZZJGABIISA-N"",""PVFKXEKWGWYDSO-BXSBZORQSA-N"",""PVFKXEKWGWYDSO-QJUJUZMZSA-N"",""PVFKXEKWGWYDSO-UHFFFAOYSA-N"",""PVFKXEKWGWYDSO-ZZJGABIISA-N"",""PVGPXGKNDGTPTD-IJTOKZDFSA-L"",""PVGPXGKNDGTPTD-IJTOKZDFSA-N"",""PVGPXGKNDGTPTD-UHFFFAOYSA-L"",""PVGPXGKNDGTPTD-UHFFFAOYSA-N"",""QLRVWRDTTRHZAH-GDORAOARSA-F"",""QLRVWRDTTRHZAH-UHFFFAOYSA-F"",""RJUSBNDYSCEUJC-ACDLUFBWSA-N"",""RJUSBNDYSCEUJC-UHFFFAOYSA-N"",""RKUNBYITZUJHSG-ADTLFGHVSA-N"",""RKUNBYITZUJHSG-AUSYRVNMSA-N"",""RKUNBYITZUJHSG-DRHMYBMNSA-N"",""RKUNBYITZUJHSG-DUUXFHHKSA-N"",""RKUNBYITZUJHSG-FTPSATHDSA-N"",""RKUNBYITZUJHSG-GEFOYPPUSA-N"",""RKUNBYITZUJHSG-IDGOUGEZSA-N"",""RKUNBYITZUJHSG-IIAWOOMASA-N"",""RKUNBYITZUJHSG-IKHAFWKISA-N"",""RKUNBYITZUJHSG-IQGGCNFXSA-N"",""RKUNBYITZUJHSG-ISSRDZGPSA-N"",""RKUNBYITZUJHSG-IVFNPUGZSA-N"",""RKUNBYITZUJHSG-JKGWZMLDSA-N"",""RKUNBYITZUJHSG-JXZRDKCOSA-N"",""RKUNBYITZUJHSG-JYLOXXHMSA-N"",""RKUNBYITZUJHSG-KHWBWMQUSA-N"",""RKUNBYITZUJHSG-KVOIBRKRSA-N"",""RKUNBYITZUJHSG-LGGPCSOHSA-N"",""RKUNBYITZUJHSG-OFQRWUPVSA-N"",""RKUNBYITZUJHSG-OZUIXNLOSA-N"",""RKUNBYITZUJHSG-PJPHBNEVSA-N"",""RKUNBYITZUJHSG-PJPHBNEVSA-O"",""RKUNBYITZUJHSG-PRLABOORSA-N"",""RKUNBYITZUJHSG-QXULXFAOSA-N"",""RKUNBYITZUJHSG-QXULXFAOSA-O"",""RKUNBYITZUJHSG-SLTXQBBLSA-N"",""RKUNBYITZUJHSG-UHFFFAOYSA-N"",""RKUNBYITZUJHSG-UHFFFAOYSA-O"",""RKUNBYITZUJHSG-UIDSBSESSA-N"",""RKUNBYITZUJHSG-UPNKXHDISA-N"",""RKUNBYITZUJHSG-VFSICIBPSA-N"",""RKUNBYITZUJHSG-VFSICIBPSA-O"",""RKUNBYITZUJHSG-VIQYUKPQSA-N"",""TTYOJZBQXMNUQZ-UHFFFAOYSA-N"",""TTYOJZBQXMNUQZ-ZZJGABIISA-N"",""TVKVKSNZFCRXOH-UHFFFAOYSA-N"",""TVKVKSNZFCRXOH-ZZJGABIISA-N"",""VJFQPODMEGSXHC-BXSBZORQSA-N"",""VJFQPODMEGSXHC-DBDMLBQMSA-N"",""VJFQPODMEGSXHC-QJUJUZMZSA-N"",""VJFQPODMEGSXHC-UHFFFAOYSA-L"",""VJFQPODMEGSXHC-UHFFFAOYSA-N"",""VJFQPODMEGSXHC-ZQXFGJFASA-L"",""VJFQPODMEGSXHC-ZQXFGJFASA-N"",""VJFQPODMEGSXHC-ZZJGABIISA-L"",""VJFQPODMEGSXHC-ZZJGABIISA-N"",""VZDNSFSBCMCXSK-AYLYHVLCSA-N"",""VZDNSFSBCMCXSK-BXSBZORQSA-N"",""VZDNSFSBCMCXSK-BXSBZORQSA-O"",""VZDNSFSBCMCXSK-UHFFFAOYSA-N"",""VZDNSFSBCMCXSK-ZQXFGJFASA-N"",""VZDNSFSBCMCXSK-ZZJGABIISA-N"",""ZNLUZKOIOBDDCJ-UHFFFAOYSA-N""]"
149,zolpidem,CIDm00005732,true,194,193,"[""AZSGRXICJBBRCK-UHFFFAOYSA-N"",""BUZKGPGPWZXAGT-UHFFFAOYSA-M"",""BUZKGPGPWZXAGT-UHFFFAOYSA-N"",""DXQVNDAAOYLDJO-UACZKNEHSA-N"",""DXQVNDAAOYLDJO-UHFFFAOYSA-N"",""GBJORIIMYTUYCS-UHFFFAOYSA-N"",""GWDBVOJPCPNWMH-UHFFFAOYSA-N"",""IJECBTGQTVKQKD-UHFFFAOYSA-N"",""IKAXKHPSFUMKAY-UHFFFAOYSA-N"",""LLTSYWMOMMYGOK-UHFFFAOYSA-N"",""NFYSELSSGMLKLO-UHFFFAOYSA-N"",""NMQNSHGQLKWYCJ-UHFFFAOYSA-N"",""NYVVVBWEVRSKIU-LREBCSMRSA-N"",""NYVVVBWEVRSKIU-UHFFFAOYSA-N"",""NYVVVBWEVRSKIU-WUUYCOTASA-N"",""ODVHCJSEYDIQFN-UHFFFAOYSA-N"",""PLRYIFSHRBJJBF-UHFFFAOYSA-N"",""PPFIELQDWWUVAU-BTJKTKAUSA-N"",""PPFIELQDWWUVAU-UHFFFAOYSA-N"",""PPFIELQDWWUVAU-WLHGVMLRSA-N"",""QCCIYYUGMPIZCV-UHFFFAOYSA-N"",""QUVQUADFKAAWAO-UHFFFAOYSA-L"",""QVRNAFICIJRBPS-UHFFFAOYSA-N"",""QWWOOLAXOSNDFN-UHFFFAOYSA-L"",""QWWOOLAXOSNDFN-UHFFFAOYSA-M"",""QWWOOLAXOSNDFN-UHFFFAOYSA-N"",""RDQWENCXVZMLKY-UHFFFAOYSA-N"",""TUNYMMOIJWPUHG-UHFFFAOYSA-M"",""TUNYMMOIJWPUHG-UHFFFAOYSA-N"",""VMWAMOOBCAACOK-UHFFFAOYSA-N"",""VXMPMNYURPJMCX-UHFFFAOYSA-N"",""VXRDAMSNTXUHFX-CEAXSRTFSA-L"",""VXRDAMSNTXUHFX-CEAXSRTFSA-N"",""VXRDAMSNTXUHFX-NPHUUBOGSA-N"",""VXRDAMSNTXUHFX-UHFFFAOYSA-L"",""VXRDAMSNTXUHFX-UHFFFAOYSA-N"",""WMFUXCUSMYIYKC-UHFFFAOYSA-N"",""WYCMKRROQUNCRX-UHFFFAOYSA-N"",""YELFUPKDSOBFAN-UHFFFAOYSA-N"",""YXZJSWXLXBYOTE-UHFFFAOYSA-N"",""ZAFYATHCZYHLPB-AAZNHXEQSA-N"",""ZAFYATHCZYHLPB-ACAZOSNCSA-N"",""ZAFYATHCZYHLPB-ACMRREIKSA-N"",""ZAFYATHCZYHLPB-ADMUUBOWSA-N"",""ZAFYATHCZYHLPB-AKVFPPIDSA-N"",""ZAFYATHCZYHLPB-ATRRIMQHSA-N"",""ZAFYATHCZYHLPB-AYUWCLKISA-N"",""ZAFYATHCZYHLPB-BMLVWKSPSA-N"",""ZAFYATHCZYHLPB-BMSJAHLVSA-N"",""ZAFYATHCZYHLPB-BQYHHPFZSA-N"",""ZAFYATHCZYHLPB-BZWILPNHSA-N"",""ZAFYATHCZYHLPB-CCZQURHKSA-N"",""ZAFYATHCZYHLPB-CJPNSQRCSA-N"",""ZAFYATHCZYHLPB-CLWHVGMJSA-N"",""ZAFYATHCZYHLPB-CRCVEMKESA-N"",""ZAFYATHCZYHLPB-CZLVGAJBSA-N"",""ZAFYATHCZYHLPB-DHDKAHPPSA-N"",""ZAFYATHCZYHLPB-DHYZFJHBSA-N"",""ZAFYATHCZYHLPB-DKVVAAILSA-N"",""ZAFYATHCZYHLPB-DWIBVGSQSA-N"",""ZAFYATHCZYHLPB-DZGANIJASA-N"",""ZAFYATHCZYHLPB-FIBGUPNXSA-N"",""ZAFYATHCZYHLPB-FICYPJDWSA-N"",""ZAFYATHCZYHLPB-FMFDJDPQSA-N"",""ZAFYATHCZYHLPB-FMKBVVTJSA-N"",""ZAFYATHCZYHLPB-FQZJJFTKSA-N"",""ZAFYATHCZYHLPB-FTJGCLTRSA-N"",""ZAFYATHCZYHLPB-GHHPFETPSA-N"",""ZAFYATHCZYHLPB-GHVPMAEMSA-N"",""ZAFYATHCZYHLPB-GIIWSHSGSA-N"",""ZAFYATHCZYHLPB-GMRHFLOWSA-N"",""ZAFYATHCZYHLPB-GQALSZNTSA-N"",""ZAFYATHCZYHLPB-GXTBZVLASA-N"",""ZAFYATHCZYHLPB-HAILMAINSA-N"",""ZAFYATHCZYHLPB-HCQXFURTSA-N"",""ZAFYATHCZYHLPB-HHPUBHOXSA-N"",""ZAFYATHCZYHLPB-HKAFFORDSA-N"",""ZAFYATHCZYHLPB-HMQYVOITSA-N"",""ZAFYATHCZYHLPB-HNDMIWATSA-N"",""ZAFYATHCZYHLPB-HNKLWMGSSA-N"",""ZAFYATHCZYHLPB-HPRDVNIFSA-N"",""ZAFYATHCZYHLPB-HTLPLXHTSA-N"",""ZAFYATHCZYHLPB-IFPRGQOASA-N"",""ZAFYATHCZYHLPB-IYHXULNDSA-N"",""ZAFYATHCZYHLPB-JCQOOSFLSA-N"",""ZAFYATHCZYHLPB-JGJBARGVSA-N"",""ZAFYATHCZYHLPB-JIZANVDTSA-N"",""ZAFYATHCZYHLPB-JZXDVWAHSA-N"",""ZAFYATHCZYHLPB-KDUSNLSVSA-N"",""ZAFYATHCZYHLPB-KEWKYEQZSA-N"",""ZAFYATHCZYHLPB-KGFHUCQESA-N"",""ZAFYATHCZYHLPB-KGHUTJOWSA-N"",""ZAFYATHCZYHLPB-KOBHOJRRSA-N"",""ZAFYATHCZYHLPB-KRDNOLLKSA-N"",""ZAFYATHCZYHLPB-KVGXQQJOSA-N"",""ZAFYATHCZYHLPB-KXCDSPKOSA-N"",""ZAFYATHCZYHLPB-LCCKIHLTSA-N"",""ZAFYATHCZYHLPB-LDBJQFODSA-N"",""ZAFYATHCZYHLPB-LFAKZELMSA-N"",""ZAFYATHCZYHLPB-LHNUNBBZSA-N"",""ZAFYATHCZYHLPB-LIJFRPJRSA-N"",""ZAFYATHCZYHLPB-LMWQYKSLSA-N"",""ZAFYATHCZYHLPB-LQLUENJDSA-N"",""ZAFYATHCZYHLPB-MCXKTQJKSA-N"",""ZAFYATHCZYHLPB-MGKWXGLJSA-N"",""ZAFYATHCZYHLPB-MHRZXDPFSA-N"",""ZAFYATHCZYHLPB-MLUYOSPPSA-N"",""ZAFYATHCZYHLPB-MNWAPCIYSA-N"",""ZAFYATHCZYHLPB-MONFVDMRSA-N"",""ZAFYATHCZYHLPB-MRGPVCGHSA-N"",""ZAFYATHCZYHLPB-MXOMHCEVSA-N"",""ZAFYATHCZYHLPB-MYWIMPBJSA-N"",""ZAFYATHCZYHLPB-MYZINSOLSA-N"",""ZAFYATHCZYHLPB-NRYHIAMZSA-N"",""ZAFYATHCZYHLPB-OIIWATDQSA-N"",""ZAFYATHCZYHLPB-OLBYWRKHSA-N"",""ZAFYATHCZYHLPB-OMQWXAJFSA-N"",""ZAFYATHCZYHLPB-OOYNXLKYSA-N"",""ZAFYATHCZYHLPB-OPLUZJRSSA-N"",""ZAFYATHCZYHLPB-OSRUHKLJSA-N"",""ZAFYATHCZYHLPB-OWULGUDCSA-N"",""ZAFYATHCZYHLPB-PBZABEGESA-N"",""ZAFYATHCZYHLPB-PDNYOUFQSA-N"",""ZAFYATHCZYHLPB-PIYVPNOHSA-N"",""ZAFYATHCZYHLPB-PKHQNOSGSA-N"",""ZAFYATHCZYHLPB-PKLTZFJOSA-N"",""ZAFYATHCZYHLPB-PLCKRBCISA-N"",""ZAFYATHCZYHLPB-PMGKIXKHSA-N"",""ZAFYATHCZYHLPB-POMSFRBFSA-N"",""ZAFYATHCZYHLPB-PXTKOOAJSA-N"",""ZAFYATHCZYHLPB-QAAPXNBLSA-N"",""ZAFYATHCZYHLPB-QIKHLAKCSA-N"",""ZAFYATHCZYHLPB-QLWPOVNFSA-N"",""ZAFYATHCZYHLPB-QPAFWYSLSA-N"",""ZAFYATHCZYHLPB-QXUYEKMPSA-N"",""ZAFYATHCZYHLPB-RAIFWORXSA-N"",""ZAFYATHCZYHLPB-RELKBSDJSA-N"",""ZAFYATHCZYHLPB-RHCBAEBFSA-N"",""ZAFYATHCZYHLPB-RMDCHNEMSA-N"",""ZAFYATHCZYHLPB-RRRGEQHMSA-N"",""ZAFYATHCZYHLPB-SDNOEVJRSA-N"",""ZAFYATHCZYHLPB-SGPOBVITSA-N"",""ZAFYATHCZYHLPB-SRSGDYLDSA-N"",""ZAFYATHCZYHLPB-SZMHISIRSA-N"",""ZAFYATHCZYHLPB-SZZKOJFBSA-N"",""ZAFYATHCZYHLPB-TZHJCRECSA-N"",""ZAFYATHCZYHLPB-UAVLJOGQSA-N"",""ZAFYATHCZYHLPB-UENXPIBQSA-N"",""ZAFYATHCZYHLPB-UFTUEIBGSA-N"",""ZAFYATHCZYHLPB-UHFFFAOYSA-N"",""ZAFYATHCZYHLPB-UHFFFAOYSA-O"",""ZAFYATHCZYHLPB-UNLSJBEGSA-N"",""ZAFYATHCZYHLPB-UPHYFXOHSA-N"",""ZAFYATHCZYHLPB-UVSRBBHMSA-N"",""ZAFYATHCZYHLPB-UXSRMRDCSA-N"",""ZAFYATHCZYHLPB-VBKHIUIYSA-N"",""ZAFYATHCZYHLPB-VFHJNMOPSA-N"",""ZAFYATHCZYHLPB-VTXOCPIZSA-N"",""ZAFYATHCZYHLPB-VZEJDFGXSA-N"",""ZAFYATHCZYHLPB-WBGTWZGESA-N"",""ZAFYATHCZYHLPB-WEOACWEBSA-N"",""ZAFYATHCZYHLPB-WEYDCFFSSA-N"",""ZAFYATHCZYHLPB-WFGJKAKNSA-N"",""ZAFYATHCZYHLPB-WJULDGBESA-N"",""ZAFYATHCZYHLPB-WORMITQPSA-N"",""ZAFYATHCZYHLPB-WRQCQZNBSA-N"",""ZAFYATHCZYHLPB-WTJPRRJNSA-N"",""ZAFYATHCZYHLPB-WVZRYRIDSA-N"",""ZAFYATHCZYHLPB-WZWZWZOFSA-N"",""ZAFYATHCZYHLPB-XERRXZQWSA-N"",""ZAFYATHCZYHLPB-XFILTLDASA-N"",""ZAFYATHCZYHLPB-XFTSCARBSA-N"",""ZAFYATHCZYHLPB-XKBNXYEISA-N"",""ZAFYATHCZYHLPB-XOENUSPISA-N"",""ZAFYATHCZYHLPB-XPKAOZRBSA-N"",""ZAFYATHCZYHLPB-XQSINQTJSA-N"",""ZAFYATHCZYHLPB-XTYHEKFWSA-N"",""ZAFYATHCZYHLPB-XVISHQNBSA-N"",""ZAFYATHCZYHLPB-YCYZLCDPSA-N"",""ZAFYATHCZYHLPB-YHLUMFBQSA-N"",""ZAFYATHCZYHLPB-YODKTWLXSA-N"",""ZAFYATHCZYHLPB-YPCJVQIBSA-N"",""ZAFYATHCZYHLPB-YPHJQUCYSA-N"",""ZAFYATHCZYHLPB-YXLKMFIWSA-N"",""ZAFYATHCZYHLPB-ZDOJJNNHSA-N"",""ZAFYATHCZYHLPB-ZIAUDTLKSA-N"",""ZAFYATHCZYHLPB-ZKFYOKCESA-N"",""ZAFYATHCZYHLPB-ZLEZKFMSSA-N"",""ZAFYATHCZYHLPB-ZLKDFOLLSA-N"",""ZAFYATHCZYHLPB-ZOEHAGCQSA-N"",""ZAFYATHCZYHLPB-ZWGOZCLVSA-N"",""ZQPYVWMBTZWNRI-UHFFFAOYSA-M"",""ZQPYVWMBTZWNRI-UHFFFAOYSA-N""]"
150,famciclovir,CIDm00003324,true,6,6,"[""GGXKWVWZWMLJEH-KHORGVISSA-N"",""GGXKWVWZWMLJEH-KXGHAPEVSA-N"",""GGXKWVWZWMLJEH-UHFFFAOYSA-N"",""HBZHTHRRLNLMHW-UHFFFAOYSA-N"",""MSGQBRSQACESGO-UHFFFAOYSA-N"",""YSFJCVHVQKCYKR-UHFFFAOYSA-N""]"
151,streptozocin,CIDm00029327,false,0,0,[]
152,allopurinol,CIDm00002094,true,13,11,"[""AZJYSALMGIGGDH-UHFFFAOYSA-N"",""BZTGORDHLQGAHH-UHFFFAOYSA-N"",""GTXYTFJJNBEYFG-UHFFFAOYSA-N"",""OFCNXPDARWKPPY-HQMMCQRPSA-N"",""OFCNXPDARWKPPY-PFUFQJKNSA-N"",""OFCNXPDARWKPPY-QDNHWIQGSA-N"",""OFCNXPDARWKPPY-UHFFFAOYSA-N"",""OMDMYZYIVHCNEQ-UHFFFAOYSA-N"",""PTJRZVJXXNYNLN-UHFFFAOYSA-M"",""PTJRZVJXXNYNLN-UHFFFAOYSA-N"",""YXHCOFNIPLOELR-UHFFFAOYSA-N""]"
153,ceftazidime,CIDm05481173,false,0,0,[]
154,cerivastatin,CIDm00446156,false,0,0,[]
155,trimethoprim,CIDm00005578,true,26,25,"[""FHPVGAQBZRWXQG-UHFFFAOYSA-N"",""FZDNSNKPSCVTEH-UHFFFAOYSA-N"",""GNRAWISNIRRMLZ-UHFFFAOYSA-N"",""GSKPSSNZVPYRCH-UHFFFAOYSA-N"",""GWPFTTKZBJBBBE-UHFFFAOYSA-N"",""IEDVJHCEMCRBQM-GQALSZNTSA-N"",""IEDVJHCEMCRBQM-HPRDVNIFSA-N"",""IEDVJHCEMCRBQM-JTTUDPGHSA-N"",""IEDVJHCEMCRBQM-LBDFIVMYSA-N"",""IEDVJHCEMCRBQM-UHFFFAOYSA-N"",""IEDVJHCEMCRBQM-UHFFFAOYSA-O"",""IEDVJHCEMCRBQM-UHFFFAOYSA-P"",""IEDVJHCEMCRBQM-VMIGTVKRSA-N"",""IIZVTUWSIKTFKO-UHFFFAOYSA-N"",""IIZVTUWSIKTFKO-WNQIDUERSA-N"",""INJBQHPKOUHXSH-BTJKTKAUSA-N"",""INJBQHPKOUHXSH-UHFFFAOYSA-N"",""NIZDHBNOCJWBET-UHFFFAOYSA-N"",""PEXOLKNAMIZUMU-UHFFFAOYSA-N"",""QZNOHOUWUNXZAG-UHFFFAOYSA-M"",""UILMMYFRNCCPLK-UHFFFAOYSA-L"",""UILMMYFRNCCPLK-UHFFFAOYSA-N"",""WAJVTYJNIMNNEE-UHFFFAOYSA-N"",""WYQIFEDRQOKRSH-XVESOQOFSA-N"",""YLCCEQZHUHUYPA-UHFFFAOYSA-N""]"
156,gemcitabine,CIDm00060749,false,0,0,[]
157,entecavir,CIDm00153941,true,58,58,"[""AJFVFGNWCZAMEA-WQYNNSOESA-N"",""CBMPFPINRYERJM-WQYNNSOESA-N"",""CIZNATMNTSFLHN-WQYNNSOESA-N"",""FTVNWMCRPCOOGA-WQYNNSOESA-N"",""FUICLPKHYXRTKU-BMRASSBBSA-N"",""GYLOMCZORFZCCN-WQYNNSOESA-N"",""HLAKMILYJLABBP-WQYNNSOESA-N"",""HVFWXEPBINNYIB-WQYNNSOESA-N"",""IXBKQJQULXBEDO-BMRASSBBSA-N"",""JWDIUCZOTBXTLC-WQYNNSOESA-N"",""OONQGPZDVSCVRB-WQYNNSOESA-N"",""QDGZDCVAUDNJFG-AYPOOLJUSA-N"",""QDGZDCVAUDNJFG-BIIVOSGPSA-N"",""QDGZDCVAUDNJFG-BWZBUEFSSA-N"",""QDGZDCVAUDNJFG-CSMHCCOUSA-N"",""QDGZDCVAUDNJFG-FIIIVWQOSA-N"",""QDGZDCVAUDNJFG-FXQIFTODSA-N"",""QDGZDCVAUDNJFG-GCJDJSOWSA-N"",""QDGZDCVAUDNJFG-GJMOJQLCSA-N"",""QDGZDCVAUDNJFG-HTDHUDIWSA-N"",""QDGZDCVAUDNJFG-KJFJCRTCSA-N"",""QDGZDCVAUDNJFG-KPTAILQRSA-N"",""QDGZDCVAUDNJFG-KVARREAHSA-N"",""QDGZDCVAUDNJFG-MYFHTRRKSA-N"",""QDGZDCVAUDNJFG-OECOWPMFSA-N"",""QDGZDCVAUDNJFG-PGWJKNFKSA-N"",""QDGZDCVAUDNJFG-PJDITUGZSA-N"",""QDGZDCVAUDNJFG-PPSBICQBSA-N"",""QDGZDCVAUDNJFG-PRJMDXOYSA-N"",""QDGZDCVAUDNJFG-PUSDEWLCSA-N"",""QDGZDCVAUDNJFG-QDZMPAERSA-N"",""QDGZDCVAUDNJFG-RNJXMRFFSA-N"",""QDGZDCVAUDNJFG-RRQHEKLDSA-N"",""QDGZDCVAUDNJFG-UBOUAMCISA-N"",""QDGZDCVAUDNJFG-UHFFFAOYSA-N"",""QDGZDCVAUDNJFG-WPZUCAASSA-N"",""QESFXUZEUQKKGY-BMRASSBBSA-N"",""QLPDRYGCUJBSRJ-PADAUHKBSA-N"",""QLPDRYGCUJBSRJ-WQYNNSOESA-N"",""QNEVLHXQWDZIMS-WQYNNSOESA-N"",""RHIKLRFYJYTGBZ-BMRASSBBSA-N"",""RIGWVUREWZKBBQ-WQYNNSOESA-N"",""SORSNKPGFKQRSG-WQYNNSOESA-N"",""UEVFFHMOYYYJCS-WQYNNSOESA-N"",""UEXBBJAYBDAHLG-FIYIITFPSA-N"",""UEXBBJAYBDAHLG-FJESMAGSSA-N"",""UPUJBWLDEWXISJ-WQYNNSOESA-N"",""VRIBNBLSEILTEP-WQYNNSOESA-M"",""VRIBNBLSEILTEP-WQYNNSOESA-N"",""WMUABDZVORHBEN-WQYNNSOESA-N"",""WRFSEGYCKAZQKU-WQYNNSOESA-N"",""XNXWILICLMAKSZ-UDGRWBSMSA-N"",""XNXWILICLMAKSZ-WQYNNSOESA-N"",""YXPVEXCTPGULBZ-CZEXFEQNSA-N"",""YXPVEXCTPGULBZ-JBDQBEHPSA-N"",""YXPVEXCTPGULBZ-UHFFFAOYSA-N"",""YXPVEXCTPGULBZ-WQYNNSOESA-N"",""ZKKKBNMXDHIZKC-BMRASSBBSA-N""]"
158,teniposide,CIDm00452548,false,0,0,[]
159,epirubicin,CIDm00041867,false,0,0,[]
160,lansoprazole,CIDm00003883,true,72,72,"[""CGNFKGIFYOPYIO-UHFFFAOYSA-L"",""CROMAZPDZPYVRI-IOIBUTQYSA-N"",""CROMAZPDZPYVRI-UHFFFAOYSA-N"",""GVELDKPZVCYXAV-UHFFFAOYSA-M"",""JAOXEVKLBWVNBO-UHFFFAOYSA-L"",""JUYITELTWJBTSJ-UHFFFAOYSA-N"",""JUYITELTWJBTSJ-XMVNQWBZSA-N"",""JZKKKFABGDNUBM-UHFFFAOYSA-N"",""MJIHNNLFOKEZEW-AAYPNNLASA-N"",""MJIHNNLFOKEZEW-AFDXMAJYSA-N"",""MJIHNNLFOKEZEW-AIBBEWMTSA-N"",""MJIHNNLFOKEZEW-ATWJNHNDSA-N"",""MJIHNNLFOKEZEW-CGFCXLIGSA-N"",""MJIHNNLFOKEZEW-DQCHCCTLSA-N"",""MJIHNNLFOKEZEW-FADJTYPESA-N"",""MJIHNNLFOKEZEW-FIBGUPNXSA-N"",""MJIHNNLFOKEZEW-FXYXRENWSA-N"",""MJIHNNLFOKEZEW-GUUQVPQOSA-N"",""MJIHNNLFOKEZEW-IAKNLNTOSA-N"",""MJIHNNLFOKEZEW-ITCILYMJSA-N"",""MJIHNNLFOKEZEW-IZJWHYQISA-N"",""MJIHNNLFOKEZEW-KIVWUKIISA-N"",""MJIHNNLFOKEZEW-KNXIQCGSSA-N"",""MJIHNNLFOKEZEW-LZMSFWOYSA-N"",""MJIHNNLFOKEZEW-MGVXTIMCSA-N"",""MJIHNNLFOKEZEW-NOGNVUPZSA-N"",""MJIHNNLFOKEZEW-PIHFZAAFSA-N"",""MJIHNNLFOKEZEW-PSHMTSJPSA-N"",""MJIHNNLFOKEZEW-QBMBECACSA-N"",""MJIHNNLFOKEZEW-QFFDRWTDSA-N"",""MJIHNNLFOKEZEW-QFIQSOQBSA-N"",""MJIHNNLFOKEZEW-QYKNYGDISA-N"",""MJIHNNLFOKEZEW-RALYDHGNSA-N"",""MJIHNNLFOKEZEW-RUZDIDTESA-N"",""MJIHNNLFOKEZEW-RUZDIDTESA-O"",""MJIHNNLFOKEZEW-SDHHWPBBSA-N"",""MJIHNNLFOKEZEW-TUJZAOAPSA-N"",""MJIHNNLFOKEZEW-UFFRDWFDSA-N"",""MJIHNNLFOKEZEW-UHFFFAOYSA-N"",""MJIHNNLFOKEZEW-UHFFFAOYSA-O"",""MJIHNNLFOKEZEW-VWLOTQADSA-N"",""MJIHNNLFOKEZEW-VWLOTQADSA-O"",""MJIHNNLFOKEZEW-XHMQDNEVSA-N"",""MJIHNNLFOKEZEW-XUYCAUAGSA-N"",""MJIHNNLFOKEZEW-YJQXATAASA-N"",""MJIHNNLFOKEZEW-YPQLIYBNSA-N"",""MJIHNNLFOKEZEW-YSBMSLGHSA-N"",""MJIHNNLFOKEZEW-YUIDGPNLSA-N"",""MJIHNNLFOKEZEW-ZQDMXDIISA-N"",""MOEWDUSMTDNPKL-UHFFFAOYSA-N"",""MOEWDUSMTDNPKL-VQIWEWKSSA-N"",""NVOSAHBCLDSJTM-UHFFFAOYSA-N"",""NVOSAHBCLDSJTM-UQIIZPHYSA-N"",""NVOSAHBCLDSJTM-VQIWEWKSSA-N"",""OTGPYEHFRKGRIZ-UHFFFAOYSA-N"",""OTGPYEHFRKGRIZ-UQIIZPHYSA-N"",""OTGPYEHFRKGRIZ-VQIWEWKSSA-N"",""PCGOXGUUTBXJOQ-UHFFFAOYSA-N"",""PCGOXGUUTBXJOQ-VQIWEWKSSA-N"",""UDGALZOLHYJLTL-UHFFFAOYSA-N"",""VRCHQQATGHALCB-UHFFFAOYSA-O"",""VRCHQQATGHALCB-VQIWEWKSSA-O"",""XGFATJDKYOOLBX-UHFFFAOYSA-M"",""XHGQLCAVMAWMSV-UHFFFAOYSA-N"",""XHGQLCAVMAWMSV-VQIWEWKSSA-N"",""XHPXXSMZRVZCHI-UHFFFAOYSA-N"",""XTQWZVSRVXCIGB-BBBDYAHLSA-N"",""XTQWZVSRVXCIGB-UHFFFAOYSA-N"",""XVXZCVACIFZRLH-BZFYAEFESA-N"",""XVXZCVACIFZRLH-UHFFFAOYSA-N"",""YDVHDOZKFSGVOD-UHFFFAOYSA-N"",""YMENDMRRJWRLGF-UHFFFAOYSA-N""]"
161,loratadine,CIDm00003957,true,14,14,"[""BBVSGMRKMCJDIA-UHFFFAOYSA-N"",""DUWMKTXPAFUTGI-UHFFFAOYSA-N"",""JCCNYMKQOSZNPW-FCFVPJCTSA-N"",""JCCNYMKQOSZNPW-IDPVZSQYSA-N"",""JCCNYMKQOSZNPW-JGCXYCDRSA-N"",""JCCNYMKQOSZNPW-JWMSIRGKSA-N"",""JCCNYMKQOSZNPW-QMSLILDBSA-N"",""JCCNYMKQOSZNPW-UHFFFAOYSA-N"",""JCCNYMKQOSZNPW-XFHCPBGCSA-N"",""JYFWCDOBPVWUAI-UHFFFAOYSA-N"",""RSIXZUCXXLWCNJ-UHFFFAOYSA-N"",""TULZUCHHNYHAHG-UHFFFAOYSA-N"",""WHNGSBJBSVTSMO-UHFFFAOYSA-N"",""YKMVUUZZGGPZQJ-UHFFFAOYSA-N""]"
162,prazosin,CIDm00004893,true,76,75,"[""BZVASJSWLMETJK-UHFFFAOYSA-M"",""BZVASJSWLMETJK-UHFFFAOYSA-N"",""IENZQIKPVFGBNW-AKCYWJGGSA-N"",""IENZQIKPVFGBNW-BFRCVHAISA-N"",""IENZQIKPVFGBNW-BMSJAHLVSA-N"",""IENZQIKPVFGBNW-BMTVHXKWSA-N"",""IENZQIKPVFGBNW-BTYBAPQFSA-N"",""IENZQIKPVFGBNW-BVAMNGDQSA-N"",""IENZQIKPVFGBNW-BZLFGJCFSA-N"",""IENZQIKPVFGBNW-CWUGWKFWSA-N"",""IENZQIKPVFGBNW-DKCJLMJQSA-N"",""IENZQIKPVFGBNW-FBTBSSNPSA-N"",""IENZQIKPVFGBNW-FIBGUPNXSA-N"",""IENZQIKPVFGBNW-FIXLZQKTSA-N"",""IENZQIKPVFGBNW-FOAXFFCWSA-N"",""IENZQIKPVFGBNW-FRQKHNRESA-N"",""IENZQIKPVFGBNW-GRCHZZOCSA-N"",""IENZQIKPVFGBNW-GUAGVJQNSA-N"",""IENZQIKPVFGBNW-HOKOUOGZSA-N"",""IENZQIKPVFGBNW-HQHBUOOQSA-N"",""IENZQIKPVFGBNW-HSXHDGPBSA-N"",""IENZQIKPVFGBNW-JDCPAXHASA-N"",""IENZQIKPVFGBNW-JGYJCWKTSA-N"",""IENZQIKPVFGBNW-JJTGAIRKSA-N"",""IENZQIKPVFGBNW-JKSUIMTKSA-N"",""IENZQIKPVFGBNW-KJZREPDBSA-N"",""IENZQIKPVFGBNW-LECXQYTJSA-N"",""IENZQIKPVFGBNW-LELVWCAISA-N"",""IENZQIKPVFGBNW-LSXHGRBFSA-N"",""IENZQIKPVFGBNW-LXNQJTHPSA-N"",""IENZQIKPVFGBNW-MIBQVNFTSA-N"",""IENZQIKPVFGBNW-NJHILTJLSA-N"",""IENZQIKPVFGBNW-NQRTZQKHSA-N"",""IENZQIKPVFGBNW-NZLXMSDQSA-N"",""IENZQIKPVFGBNW-OGPPMVAXSA-N"",""IENZQIKPVFGBNW-OLJFZWLMSA-N"",""IENZQIKPVFGBNW-ORQGVRQCSA-N"",""IENZQIKPVFGBNW-OSEHSPPNSA-N"",""IENZQIKPVFGBNW-OVLLEMGJSA-N"",""IENZQIKPVFGBNW-PHGQSWGHSA-N"",""IENZQIKPVFGBNW-QRLQBOLVSA-N"",""IENZQIKPVFGBNW-RCMLFSRMSA-N"",""IENZQIKPVFGBNW-RHJDSVOASA-N"",""IENZQIKPVFGBNW-RZIOABTOSA-N"",""IENZQIKPVFGBNW-SDGNFGGJSA-N"",""IENZQIKPVFGBNW-SQZVAGKESA-N"",""IENZQIKPVFGBNW-TXNVYZHYSA-N"",""IENZQIKPVFGBNW-UFFIDIRESA-N"",""IENZQIKPVFGBNW-UHFFFAOYSA-N"",""IENZQIKPVFGBNW-UHFFFAOYSA-O"",""IENZQIKPVFGBNW-UPHMHDBWSA-N"",""IENZQIKPVFGBNW-USJBIYMMSA-N"",""IENZQIKPVFGBNW-VWEKCINQSA-N"",""IENZQIKPVFGBNW-WABIGLTGSA-N"",""IENZQIKPVFGBNW-WBZITLISSA-N"",""IENZQIKPVFGBNW-WFGJKAKNSA-N"",""IENZQIKPVFGBNW-WOPAYCTESA-N"",""IENZQIKPVFGBNW-WTCAHRRSSA-N"",""IENZQIKPVFGBNW-WXVDSVKZSA-N"",""IENZQIKPVFGBNW-XFXVBKPASA-N"",""IENZQIKPVFGBNW-XZCMUPNTSA-N"",""IENZQIKPVFGBNW-YEBVBAJPSA-N"",""IENZQIKPVFGBNW-YIAGHZGNSA-N"",""IENZQIKPVFGBNW-YNJUFQEFSA-N"",""IENZQIKPVFGBNW-YOLDRSHKSA-N"",""IENZQIKPVFGBNW-ZENPVXDCSA-N"",""IENZQIKPVFGBNW-ZPACSJKBSA-N"",""IENZQIKPVFGBNW-ZSACEFGNSA-N"",""IENZQIKPVFGBNW-ZSJDYOACSA-N"",""OCSXLCNBWBEAEG-UHFFFAOYSA-N"",""OMPAFYYEXJHIGO-UHFFFAOYSA-N"",""WFXFYZULCQKPIP-UHFFFAOYSA-M"",""WFXFYZULCQKPIP-UHFFFAOYSA-N"",""WQKQCPJHFBZFPR-UHFFFAOYSA-N"",""YSGDQZIFKDNSBW-UHFFFAOYSA-N""]"
163,imipramine,CIDm00003696,true,23,20,"[""BCGWQEUPMDMJNV-BJUDXGSMSA-N"",""BCGWQEUPMDMJNV-FIBGUPNXSA-N"",""BCGWQEUPMDMJNV-IFEVRTJUSA-N"",""BCGWQEUPMDMJNV-UHFFFAOYSA-N"",""BCGWQEUPMDMJNV-UHFFFAOYSA-O"",""BCGWQEUPMDMJNV-WFGJKAKNSA-N"",""KDJQZPPQRGZFQM-UHFFFAOYSA-N"",""LQGZMKDJRWNKAR-BTJKTKAUSA-N"",""LQGZMKDJRWNKAR-UHFFFAOYSA-N"",""LQGZMKDJRWNKAR-WLHGVMLRSA-N"",""NKWYMBWXRWSWCQ-UHFFFAOYSA-N"",""RMDBOYAHRROVMF-JITBQSAISA-N"",""RMDBOYAHRROVMF-UHFFFAOYSA-N"",""VMCJTGXPOXGFFR-UHFFFAOYSA-N"",""XPAGIVLQSQMGIG-UHFFFAOYSA-N"",""XZZXIYZZBJDEEP-NIIDSAIPSA-N"",""XZZXIYZZBJDEEP-PTAOTMHMSA-N"",""XZZXIYZZBJDEEP-TXHXQZCNSA-N"",""XZZXIYZZBJDEEP-UHFFFAOYSA-M"",""XZZXIYZZBJDEEP-UHFFFAOYSA-N""]"
164,acitretin,CIDm05284513,false,0,0,[]
165,verteporfin,CIDm05362420,true,6,6,"[""YTZALCGQUPRCGW-MIJGTKDRSA-N"",""YTZALCGQUPRCGW-OMKJPNEXSA-N"",""YTZALCGQUPRCGW-UHFFFAOYSA-N"",""YTZALCGQUPRCGW-UMBAWLCISA-N"",""YTZALCGQUPRCGW-XQUWYEIYSA-N"",""YTZALCGQUPRCGW-ZSFNYQMMSA-N""]"
166,nabumetone,CIDm00004409,true,6,6,"[""BLXXJMDCKKHMKV-BMSJAHLVSA-N"",""BLXXJMDCKKHMKV-JVXUGDAPSA-N"",""BLXXJMDCKKHMKV-UHFFFAOYSA-N"",""BQBWWOLABOTRCV-UHFFFAOYSA-N"",""DQFKIBSIINVUBL-UHFFFAOYSA-N"",""KMQUFKXHEWULFV-UHFFFAOYSA-N""]"
167,ketorolac,CIDm00003826,true,16,16,"[""CBEWTTUMSGTDSZ-UHFFFAOYSA-M"",""DXFYTPZIMMVMGW-UHFFFAOYSA-N"",""FVKZITFPJNNADX-UHFFFAOYSA-N"",""NPCGTDZMTWNBDA-ISAZSYCMSA-L"",""NPCGTDZMTWNBDA-UHFFFAOYSA-L"",""NPCGTDZMTWNBDA-ZVRYYDNZSA-L"",""OZWKMVRBQXNZKK-GEPOPZQUSA-N"",""OZWKMVRBQXNZKK-IRDMIQJSSA-N"",""OZWKMVRBQXNZKK-LLVKDONJSA-M"",""OZWKMVRBQXNZKK-LLVKDONJSA-N"",""OZWKMVRBQXNZKK-LZMSFWOYSA-N"",""OZWKMVRBQXNZKK-NSHDSACASA-M"",""OZWKMVRBQXNZKK-NSHDSACASA-N"",""OZWKMVRBQXNZKK-RALIUCGRSA-N"",""OZWKMVRBQXNZKK-UHFFFAOYSA-M"",""OZWKMVRBQXNZKK-UHFFFAOYSA-N""]"
168,montelukast,CIDm05281040,false,0,0,[]
169,fluoxetine,CIDm00003386,true,91,85,"[""CKOSCBUBUNGPOY-NTISSMGPSA-N"",""CKOSCBUBUNGPOY-PKLMIRHRSA-N"",""CKOSCBUBUNGPOY-UHFFFAOYSA-N"",""DFCYTKVJPODSFR-JITBQSAISA-N"",""DFCYTKVJPODSFR-UHFFFAOYSA-N"",""DPEFIMQCEWZGBT-UHFFFAOYSA-N"",""DVTTZGPRZLMGNF-UHFFFAOYSA-N"",""FOHRQEOLPRZBEB-KHWOVALVSA-N"",""FOHRQEOLPRZBEB-UHFFFAOYSA-N"",""GEQWTEWAPIEYBN-UHFFFAOYSA-N"",""GIYXAJPCNFJEHY-CERKJNTMSA-N"",""GIYXAJPCNFJEHY-KUJSZQEGSA-N"",""GIYXAJPCNFJEHY-NTISSMGPSA-M"",""GIYXAJPCNFJEHY-NTISSMGPSA-N"",""GIYXAJPCNFJEHY-PKLMIRHRSA-M"",""GIYXAJPCNFJEHY-PKLMIRHRSA-N"",""GIYXAJPCNFJEHY-UHFFFAOYSA-M"",""GIYXAJPCNFJEHY-UHFFFAOYSA-N"",""GIYXAJPCNFJEHY-WUFKBSLMSA-N"",""GIYXAJPCNFJEHY-XQGDNJOISA-N"",""LWYQAASTMGTYDI-BTJKTKAUSA-N"",""LWYQAASTMGTYDI-UHFFFAOYSA-N"",""LWYQAASTMGTYDI-WLHGVMLRSA-N"",""MHCUSPLPTUVNTM-UHFFFAOYSA-N"",""MXZQFSGPGYNGOG-UHFFFAOYSA-N"",""NGFKTVCUHPPNJU-UHFFFAOYSA-N"",""OKRGSPHJDMCQJT-RRHAQCGESA-N"",""OKRGSPHJDMCQJT-UHFFFAOYSA-N"",""QACACUUSDJIARA-UHFFFAOYSA-N"",""RTHCYVBBDHJXIQ-AUXVBJBVSA-N"",""RTHCYVBBDHJXIQ-AVSFSGARSA-N"",""RTHCYVBBDHJXIQ-BIZURTJFSA-N"",""RTHCYVBBDHJXIQ-BTGWWSFSSA-N"",""RTHCYVBBDHJXIQ-BVYXPCTHSA-N"",""RTHCYVBBDHJXIQ-CBGCDXPRSA-N"",""RTHCYVBBDHJXIQ-CIXKSQGKSA-N"",""RTHCYVBBDHJXIQ-CSXNOSGASA-N"",""RTHCYVBBDHJXIQ-CTSQBNAYSA-N"",""RTHCYVBBDHJXIQ-CTSQBNAYSA-O"",""RTHCYVBBDHJXIQ-CZOYHYHNSA-N"",""RTHCYVBBDHJXIQ-DUGSDIORSA-N"",""RTHCYVBBDHJXIQ-FIBGUPNXSA-N"",""RTHCYVBBDHJXIQ-FXXBJGNASA-N"",""RTHCYVBBDHJXIQ-GXAFRSSGSA-N"",""RTHCYVBBDHJXIQ-GXEUYBBBSA-N"",""RTHCYVBBDHJXIQ-GXEUYBBBSA-O"",""RTHCYVBBDHJXIQ-HCTIFUJSSA-N"",""RTHCYVBBDHJXIQ-INIZCTEOSA-N"",""RTHCYVBBDHJXIQ-INIZCTEOSA-O"",""RTHCYVBBDHJXIQ-JAHPOOHESA-N"",""RTHCYVBBDHJXIQ-JGUCLWPXSA-N"",""RTHCYVBBDHJXIQ-JHMNJXHPSA-N"",""RTHCYVBBDHJXIQ-JHMNJXHPSA-O"",""RTHCYVBBDHJXIQ-JIZANVDTSA-N"",""RTHCYVBBDHJXIQ-JOTALGBPSA-N"",""RTHCYVBBDHJXIQ-JQKGTWBISA-N"",""RTHCYVBBDHJXIQ-KFHHUZHISA-N"",""RTHCYVBBDHJXIQ-KVTYIEBFSA-N"",""RTHCYVBBDHJXIQ-KWDAIPFRSA-N"",""RTHCYVBBDHJXIQ-MCMZPBRZSA-N"",""RTHCYVBBDHJXIQ-MRXNPFEDSA-N"",""RTHCYVBBDHJXIQ-MRXNPFEDSA-O"",""RTHCYVBBDHJXIQ-NCLCLJDCSA-N"",""RTHCYVBBDHJXIQ-NNAVBTHZSA-N"",""RTHCYVBBDHJXIQ-OGTKHHNLSA-N"",""RTHCYVBBDHJXIQ-RRLAMXGSSA-N"",""RTHCYVBBDHJXIQ-RXYYQEESSA-N"",""RTHCYVBBDHJXIQ-SEQKJMPISA-N"",""RTHCYVBBDHJXIQ-SMXGZAERSA-N"",""RTHCYVBBDHJXIQ-SMXGZAERSA-O"",""RTHCYVBBDHJXIQ-SQZVAGKESA-N"",""RTHCYVBBDHJXIQ-TWTRDABYSA-N"",""RTHCYVBBDHJXIQ-UHFFFAOYSA-N"",""RTHCYVBBDHJXIQ-UHFFFAOYSA-O"",""RTHCYVBBDHJXIQ-VIQYUKPQSA-N"",""RTHCYVBBDHJXIQ-VKGMCLTESA-N"",""RTHCYVBBDHJXIQ-VVAQFOCRSA-N"",""RTHCYVBBDHJXIQ-WFVSFCRTSA-N"",""RTHCYVBBDHJXIQ-WHRKIXHSSA-N"",""RTHCYVBBDHJXIQ-WJULDGBESA-N"",""RTHCYVBBDHJXIQ-XHBTVHHISA-N"",""RTHCYVBBDHJXIQ-XPWAAVEFSA-N"",""RTHCYVBBDHJXIQ-XUWBISKJSA-N"",""RTHCYVBBDHJXIQ-ZLINPFJVSA-N"",""UFBXWLRVHYAPDD-UHFFFAOYSA-N""]"
170,duloxetine,CIDm00060834,true,106,101,"[""AVMCLZDUJFMZRH-KRWDZBQOSA-N"",""AVMCLZDUJFMZRH-UHFFFAOYSA-N"",""BFFSMCNJSOPUAY-GOVGDOJKSA-N"",""BFFSMCNJSOPUAY-HQKLNPQUSA-N"",""BFFSMCNJSOPUAY-LMOVPXPDSA-M"",""BFFSMCNJSOPUAY-LMOVPXPDSA-N"",""BFFSMCNJSOPUAY-UCYKCHCHSA-N"",""BFFSMCNJSOPUAY-UHFFFAOYSA-M"",""BFFSMCNJSOPUAY-UHFFFAOYSA-N"",""BFFSMCNJSOPUAY-UNTBIKODSA-N"",""BUMXQWBXVIWJIO-LMOVPXPDSA-N"",""BUMXQWBXVIWJIO-UHFFFAOYSA-N"",""FUJIEZJDAJYOSE-UHFFFAOYSA-N"",""GTZQCRLKBPAYKN-LMOVPXPDSA-N"",""GTZQCRLKBPAYKN-UHFFFAOYSA-N"",""HVQSQGRWEHNCLH-LMOVPXPDSA-N"",""HVQSQGRWEHNCLH-UHFFFAOYSA-N"",""ISHIBGSAEKADMM-OOZXSOIMSA-N"",""ISHIBGSAEKADMM-UHFFFAOYSA-N"",""KWISSLAZVWXRHC-LMOVPXPDSA-N"",""NMLRFGBDXFMJJM-HQKLNPQUSA-N"",""NMLRFGBDXFMJJM-LMOVPXPDSA-L"",""NMLRFGBDXFMJJM-LMOVPXPDSA-N"",""NMLRFGBDXFMJJM-UHFFFAOYSA-N"",""NNQUTELEJCOOND-UHFFFAOYSA-N"",""NNQUTELEJCOOND-USPCTWCJSA-N"",""SJYDFHDOQMMHJX-BTJKTKAUSA-N"",""SJYDFHDOQMMHJX-GOVGDOJKSA-N"",""SJYDFHDOQMMHJX-HNUXRKMMSA-L"",""SJYDFHDOQMMHJX-HNUXRKMMSA-N"",""SJYDFHDOQMMHJX-QTNVCCTOSA-N"",""SJYDFHDOQMMHJX-UHFFFAOYSA-N"",""SJYDFHDOQMMHJX-WLHGVMLRSA-N"",""UGBLQNZWWKXTJE-LMOVPXPDSA-N"",""UGBLQNZWWKXTJE-UHFFFAOYSA-N"",""WOZGLMAHZOPDIA-OOZXSOIMSA-N"",""WOZGLMAHZOPDIA-UHFFFAOYSA-N"",""XNWGKLPKOPVCRA-LMOVPXPDSA-N"",""XNWGKLPKOPVCRA-UHFFFAOYSA-N"",""YBULULLIXQEGPG-VVVNZPGNSA-N"",""YJTPASZWNZQXBO-LMOVPXPDSA-N"",""YJTPASZWNZQXBO-UHFFFAOYSA-N"",""ZEUITGRIYCTCEM-AYATVNPTSA-N"",""ZEUITGRIYCTCEM-BPAVNTFBSA-N"",""ZEUITGRIYCTCEM-BWATYLQRSA-N"",""ZEUITGRIYCTCEM-BZMISOTJSA-N"",""ZEUITGRIYCTCEM-CEQVPFMISA-N"",""ZEUITGRIYCTCEM-CPZZIQBUSA-N"",""ZEUITGRIYCTCEM-DBHFXHLNSA-N"",""ZEUITGRIYCTCEM-DOJCVWBVSA-N"",""ZEUITGRIYCTCEM-FIBGUPNXSA-N"",""ZEUITGRIYCTCEM-GHYOIDBVSA-N"",""ZEUITGRIYCTCEM-GLXWKNSOSA-N"",""ZEUITGRIYCTCEM-GNXJPRKWSA-N"",""ZEUITGRIYCTCEM-GONSUVONSA-N"",""ZEUITGRIYCTCEM-GPAZSVNXSA-N"",""ZEUITGRIYCTCEM-HKBUIQCXSA-N"",""ZEUITGRIYCTCEM-HNRGWQSPSA-N"",""ZEUITGRIYCTCEM-HPFUTMLSSA-N"",""ZEUITGRIYCTCEM-HWLCOKNLSA-N"",""ZEUITGRIYCTCEM-ICAMHOKRSA-N"",""ZEUITGRIYCTCEM-JIZANVDTSA-N"",""ZEUITGRIYCTCEM-JQKGTWBISA-N"",""ZEUITGRIYCTCEM-JRLKEKKBSA-N"",""ZEUITGRIYCTCEM-JVRDSANASA-N"",""ZEUITGRIYCTCEM-JXRBNGCOSA-N"",""ZEUITGRIYCTCEM-KGAVXYHHSA-N"",""ZEUITGRIYCTCEM-KLARVZRMSA-N"",""ZEUITGRIYCTCEM-KRWDZBQOSA-N"",""ZEUITGRIYCTCEM-KRWDZBQOSA-O"",""ZEUITGRIYCTCEM-LBEABUBGSA-N"",""ZEUITGRIYCTCEM-LNEWJZSHSA-N"",""ZEUITGRIYCTCEM-LZOUNDBCSA-N"",""ZEUITGRIYCTCEM-NBNSGYRUSA-N"",""ZEUITGRIYCTCEM-NKTXBWPWSA-N"",""ZEUITGRIYCTCEM-NYCIENJDSA-N"",""ZEUITGRIYCTCEM-OKWSDYJOSA-N"",""ZEUITGRIYCTCEM-ONNRULIFSA-N"",""ZEUITGRIYCTCEM-OTPRCQSWSA-N"",""ZEUITGRIYCTCEM-QGZVFWFLSA-N"",""ZEUITGRIYCTCEM-QGZVFWFLSA-O"",""ZEUITGRIYCTCEM-QIPLYILKSA-N"",""ZEUITGRIYCTCEM-QUVXLFCCSA-N"",""ZEUITGRIYCTCEM-SHIYWKSMSA-N"",""ZEUITGRIYCTCEM-SHRIQCTISA-N"",""ZEUITGRIYCTCEM-TVKHTVKISA-N"",""ZEUITGRIYCTCEM-UHFFFAOYSA-N"",""ZEUITGRIYCTCEM-UHFFFAOYSA-O"",""ZEUITGRIYCTCEM-UMMYJLJLSA-N"",""ZEUITGRIYCTCEM-VFXIJTFXSA-N"",""ZEUITGRIYCTCEM-VYIZDPFKSA-N"",""ZEUITGRIYCTCEM-WHRKIXHSSA-N"",""ZEUITGRIYCTCEM-WHSMHXPNSA-N"",""ZEUITGRIYCTCEM-WORDAXEZSA-N"",""ZEUITGRIYCTCEM-WOXGRORRSA-N"",""ZEUITGRIYCTCEM-WWZBOACDSA-N"",""ZEUITGRIYCTCEM-XJZGQILWSA-N"",""ZEUITGRIYCTCEM-YUIISODSSA-N"",""ZEUITGRIYCTCEM-YYGVVFTQSA-N"",""ZEUITGRIYCTCEM-ZAHNGVAGSA-N"",""ZEUITGRIYCTCEM-ZLINPFJVSA-N""]"
171,rimantadine,CIDm00005071,true,19,17,"[""AZIFYJBSEGHIEY-NIDRPGAWSA-N"",""AZIFYJBSEGHIEY-UHFFFAOYSA-N"",""BAABRTJCSZAQQU-UHFFFAOYSA-N"",""BAABRTJCSZAQQU-ZMPYRBARSA-N"",""OZBDFBJXRJWNAV-CPYWBCLGSA-N"",""OZBDFBJXRJWNAV-UHFFFAOYSA-M"",""OZBDFBJXRJWNAV-UHFFFAOYSA-N"",""OZBDFBJXRJWNAV-VQQQFJCBSA-N"",""OZBDFBJXRJWNAV-VUPGYFAFSA-N"",""PVOWIZMPKRHALW-UHFFFAOYSA-N"",""UBCHPRBFMUDMNC-AAWJQDODSA-N"",""UBCHPRBFMUDMNC-AAWJQDODSA-O"",""UBCHPRBFMUDMNC-HUYMCZDOSA-N"",""UBCHPRBFMUDMNC-JKJWBTBISA-N"",""UBCHPRBFMUDMNC-JKJWBTBISA-O"",""UBCHPRBFMUDMNC-UHFFFAOYSA-N"",""UBCHPRBFMUDMNC-UHFFFAOYSA-O""]"
172,lenalidomide,CIDm00216326,true,99,99,"[""APNUBPKAPLTYNG-UHFFFAOYSA-N"",""CEPGLVWVJSPFEM-UHFFFAOYSA-N"",""CEPGLVWVJSPFEM-WUUYCOTASA-N"",""GOTYRUGSSMKFNF-AFBAWBIXSA-N"",""GOTYRUGSSMKFNF-APZFVMQVSA-N"",""GOTYRUGSSMKFNF-AQIZJVGCSA-N"",""GOTYRUGSSMKFNF-AZXPZELESA-N"",""GOTYRUGSSMKFNF-BFWBPSQCSA-N"",""GOTYRUGSSMKFNF-CBYSEHNBSA-N"",""GOTYRUGSSMKFNF-CQOLUAMGSA-N"",""GOTYRUGSSMKFNF-CTGPMETMSA-N"",""GOTYRUGSSMKFNF-DETAZLGJSA-N"",""GOTYRUGSSMKFNF-DIOIAXCBSA-N"",""GOTYRUGSSMKFNF-DJYMVQRESA-N"",""GOTYRUGSSMKFNF-DQQBYARGSA-N"",""GOTYRUGSSMKFNF-FBNINOPRSA-N"",""GOTYRUGSSMKFNF-FSCWLNALSA-N"",""GOTYRUGSSMKFNF-GRRZFFPDSA-N"",""GOTYRUGSSMKFNF-GSUYAWNGSA-N"",""GOTYRUGSSMKFNF-GVDCBVMDSA-N"",""GOTYRUGSSMKFNF-HEPMKSFISA-N"",""GOTYRUGSSMKFNF-HSZLMYGLSA-N"",""GOTYRUGSSMKFNF-IFHHOYMISA-N"",""GOTYRUGSSMKFNF-IKWCBQMISA-N"",""GOTYRUGSSMKFNF-JTQLQIEISA-N"",""GOTYRUGSSMKFNF-JYCIPJSSSA-N"",""GOTYRUGSSMKFNF-JZOBIDBQSA-N"",""GOTYRUGSSMKFNF-KETLRHEYSA-N"",""GOTYRUGSSMKFNF-KEUDSYDPSA-N"",""GOTYRUGSSMKFNF-KFRNQKGQSA-N"",""GOTYRUGSSMKFNF-KIZABZDDSA-N"",""GOTYRUGSSMKFNF-KPFOWABFSA-N"",""GOTYRUGSSMKFNF-KZZCMWONSA-N"",""GOTYRUGSSMKFNF-LCTSPGJJSA-N"",""GOTYRUGSSMKFNF-LUHVCGHVSA-N"",""GOTYRUGSSMKFNF-MFXSLCANSA-N"",""GOTYRUGSSMKFNF-MICDWDOJSA-N"",""GOTYRUGSSMKFNF-MMIHMFRQSA-N"",""GOTYRUGSSMKFNF-MQIHXRCWSA-N"",""GOTYRUGSSMKFNF-MTVPZZGDSA-N"",""GOTYRUGSSMKFNF-NBGQINFWSA-N"",""GOTYRUGSSMKFNF-NCYHJHSESA-N"",""GOTYRUGSSMKFNF-NSENAFTCSA-N"",""GOTYRUGSSMKFNF-NSRADNRQSA-N"",""GOTYRUGSSMKFNF-NZGCTDDVSA-N"",""GOTYRUGSSMKFNF-OIBUZSNPSA-N"",""GOTYRUGSSMKFNF-OKHVXZACSA-N"",""GOTYRUGSSMKFNF-OMYOYQAJSA-N"",""GOTYRUGSSMKFNF-OVOUXGLMSA-N"",""GOTYRUGSSMKFNF-PBNXXWCMSA-N"",""GOTYRUGSSMKFNF-PHBQYSNLSA-N"",""GOTYRUGSSMKFNF-PMTLPPLYSA-N"",""GOTYRUGSSMKFNF-PUFHBUCISA-N"",""GOTYRUGSSMKFNF-QDNHWIQGSA-N"",""GOTYRUGSSMKFNF-QTBUEJTFSA-N"",""GOTYRUGSSMKFNF-QTQWIGFBSA-N"",""GOTYRUGSSMKFNF-QYKNYGDISA-N"",""GOTYRUGSSMKFNF-RAMDWTOOSA-N"",""GOTYRUGSSMKFNF-RBEATNQWSA-N"",""GOTYRUGSSMKFNF-RWYIRJCASA-N"",""GOTYRUGSSMKFNF-RXKFAXIESA-N"",""GOTYRUGSSMKFNF-SDTNDFKLSA-N"",""GOTYRUGSSMKFNF-SNVBAGLBSA-N"",""GOTYRUGSSMKFNF-UHFFFAOYSA-N"",""GOTYRUGSSMKFNF-UICOGKGYSA-N"",""GOTYRUGSSMKFNF-UJKGMGNHSA-N"",""GOTYRUGSSMKFNF-ULDHPFEVSA-N"",""GOTYRUGSSMKFNF-UMKZLXSUSA-N"",""GOTYRUGSSMKFNF-UPXKZQJYSA-N"",""GOTYRUGSSMKFNF-VMMKQJNQSA-N"",""GOTYRUGSSMKFNF-VMNATFBRSA-N"",""GOTYRUGSSMKFNF-VTBMLFEUSA-N"",""GOTYRUGSSMKFNF-WCRBPWLWSA-N"",""GOTYRUGSSMKFNF-WFVSFCRTSA-N"",""GOTYRUGSSMKFNF-WQNTXASMSA-N"",""GOTYRUGSSMKFNF-XNFGHPFNSA-N"",""GOTYRUGSSMKFNF-XPOOIHDOSA-N"",""GOTYRUGSSMKFNF-XSXFABECSA-N"",""GOTYRUGSSMKFNF-YJTPQGQBSA-N"",""GOTYRUGSSMKFNF-YOWJZXODSA-N"",""GOTYRUGSSMKFNF-ZDJGESDFSA-N"",""GOTYRUGSSMKFNF-ZJTJSSCZSA-N"",""GOTYRUGSSMKFNF-ZQUZDYTLSA-N"",""GOTYRUGSSMKFNF-ZRLBSURWSA-N"",""HHFGKFCFWYBEIH-UHFFFAOYSA-N"",""KKTZNKDOWBZSDH-UHFFFAOYSA-N"",""MDRSAZNAUZKRHD-UHFFFAOYSA-M"",""MXAMIAFHBZEFEY-UHFFFAOYSA-N"",""NIUJOYSLCREXIZ-UHFFFAOYSA-N"",""NPUSKOHXNYUGMP-UHFFFAOYSA-N"",""OTJHSDXKMBRCMM-KCONRHHUSA-N"",""OTJHSDXKMBRCMM-RCWTXCDDSA-N"",""OTJHSDXKMBRCMM-UHFFFAOYSA-N"",""QIMCQFMVWRAXNF-UHFFFAOYSA-N"",""RHZVKASEMNCIAK-UHFFFAOYSA-N"",""RYWZLJSDFZVVTD-UHFFFAOYSA-N"",""VFKJQRYVJPNATE-UHFFFAOYSA-N"",""WDUHKZASEDLQBB-UHFFFAOYSA-N"",""WNSAYGJHPHQARF-UHFFFAOYSA-N""]"
173,raloxifene,CIDm00005035,true,45,43,"[""ASCIMDMNYWFQSE-UHFFFAOYSA-N"",""BKXVVCILCIUCLG-UHFFFAOYSA-M"",""BKXVVCILCIUCLG-UHFFFAOYSA-N"",""BKXVVCILCIUCLG-ZBLPOJTCSA-N"",""CUASTFNIBNFIKJ-UHFFFAOYSA-N"",""GOJCEUQNTBNYFX-UHFFFAOYSA-N"",""GZUITABIAKMVPG-DOGSKSIHSA-N"",""GZUITABIAKMVPG-FPFNTEQBSA-N"",""GZUITABIAKMVPG-GHUTVULXSA-N"",""GZUITABIAKMVPG-QYKNYGDISA-N"",""GZUITABIAKMVPG-RZOBCMOLSA-N"",""GZUITABIAKMVPG-STSXOIJCSA-N"",""GZUITABIAKMVPG-UHFFFAOYSA-N"",""GZUITABIAKMVPG-UHFFFAOYSA-O"",""GZUITABIAKMVPG-VKRZQTKSSA-N"",""GZUITABIAKMVPG-VQFNFABMSA-N"",""GZUITABIAKMVPG-XARSZYJPSA-N"",""GZUITABIAKMVPG-ZSJDYOACSA-N"",""HOONTVZITVGSHR-UHFFFAOYSA-N"",""HOONTVZITVGSHR-VGIMLWFWSA-N"",""IYPGLWVNZRFLFL-UHFFFAOYSA-N"",""JLPSTSKFCOAELF-UHFFFAOYSA-M"",""JLPSTSKFCOAELF-UHFFFAOYSA-N"",""JLYCRUQTLXPTHL-UHFFFAOYSA-N"",""KZTAPADIUXGKQF-UHFFFAOYSA-L"",""KZTAPADIUXGKQF-UHFFFAOYSA-N"",""LCHKFMJRSOQUHB-UHFFFAOYSA-N"",""MIFCXTJIRXLIFA-UHFFFAOYSA-N"",""QTNLYBGJIFXYCJ-UHFFFAOYSA-N"",""TYOSMNSOONUCQD-ARGLLVQISA-N"",""TYOSMNSOONUCQD-UHFFFAOYSA-M"",""TYOSMNSOONUCQD-UHFFFAOYSA-N"",""TYOSMNSOONUCQD-WNQIDUERSA-N"",""VGWUGMOXUWXHQN-LREBCSMRSA-N"",""VGWUGMOXUWXHQN-UHFFFAOYSA-N"",""VPRZUNMCVVHSHU-UHFFFAOYSA-N"",""VPRZUNMCVVHSHU-WLHGVMLRSA-N"",""VURYIBJPOALOPE-UHFFFAOYSA-N"",""WAVGMFOKIOICHE-UHFFFAOYSA-N"",""YFADBTZUWTYIFR-UHFFFAOYSA-N"",""ZHUYIPNHHWAEFN-UHFFFAOYSA-K"",""ZMRJHFMYZBRIDQ-UHFFFAOYSA-N"",""ZXZAMNDGHTUFMA-UHFFFAOYSA-N""]"
174,celecoxib,CIDm00002662,true,30,30,"[""BXEASEZMUAWVSZ-UHFFFAOYSA-N"",""FJAATCVREPOMIP-UHFFFAOYSA-N"",""FJKCRQSBENWPFH-UHFFFAOYSA-N"",""FLAHOJWKHLYECX-UHFFFAOYSA-N"",""IQXKVXJZWJSYRA-UHFFFAOYSA-N"",""IXCFFPSDHLRTSW-UHFFFAOYSA-N"",""KKQHELZVNPOSRX-UHFFFAOYSA-N"",""PLAWFHQANYGKJH-UHFFFAOYSA-N"",""POZGPJXKOHSQIW-UHFFFAOYSA-N"",""PPVOHCJBISEJDN-UHFFFAOYSA-N"",""RZEKVGVHFLEQIL-AAYPNNLASA-N"",""RZEKVGVHFLEQIL-BDBLEBTOSA-N"",""RZEKVGVHFLEQIL-BJUDXGSMSA-N"",""RZEKVGVHFLEQIL-DMONGCNRSA-N"",""RZEKVGVHFLEQIL-FIBGUPNXSA-N"",""RZEKVGVHFLEQIL-KAYYSWGLSA-N"",""RZEKVGVHFLEQIL-MMIHMFRQSA-N"",""RZEKVGVHFLEQIL-NHNJRVLXSA-N"",""RZEKVGVHFLEQIL-QFFDRWTDSA-N"",""RZEKVGVHFLEQIL-SQZVAGKESA-N"",""RZEKVGVHFLEQIL-SRASEDJUSA-N"",""RZEKVGVHFLEQIL-UHFFFAOYSA-N"",""RZEKVGVHFLEQIL-UHFFFAOYSA-O"",""RZEKVGVHFLEQIL-XXPIISPVSA-N"",""RZEKVGVHFLEQIL-YKVCKAMESA-N"",""SEDDOHPSYWQBPM-UHFFFAOYSA-N"",""SZQMUGVQCNOFLF-UHFFFAOYSA-N"",""UFLRBMIDGYBWDO-UHFFFAOYSA-N"",""WZBXAUSQRNPOTB-UHFFFAOYSA-N"",""YRQZAEGUJPUDSY-UHFFFAOYSA-N""]"
175,brimonidine,CIDm00002435,true,17,15,"[""AHMUBVPSZUNAQL-UHFFFAOYSA-N"",""OJHVVPYORZNLDK-RNKHSWPKSA-N"",""OJHVVPYORZNLDK-UHFFFAOYSA-N"",""QZHBYNSSDLTCRG-HDFODYMNSA-N"",""QZHBYNSSDLTCRG-IQSCRJKKSA-N"",""QZHBYNSSDLTCRG-LREBCSMRSA-N"",""QZHBYNSSDLTCRG-UHFFFAOYSA-L"",""QZHBYNSSDLTCRG-UHFFFAOYSA-N"",""QZHBYNSSDLTCRG-WUUYCOTASA-N"",""QZHBYNSSDLTCRG-YKWZRPGSSA-N"",""UGDROQRCZLIMPU-UHFFFAOYSA-N"",""WWDZLODXZKFQPF-UHFFFAOYSA-N"",""XYLJNLCSTIOKRM-NZLXMSDQSA-N"",""XYLJNLCSTIOKRM-UHFFFAOYSA-N"",""XYLJNLCSTIOKRM-UHFFFAOYSA-O""]"
176,dicloxacillin,CIDm00018381,false,0,0,[]
177,nabilone,CIDm00039860,true,54,54,"[""GECBBEABIDMGGL-AHJKWVMVSA-N"",""GECBBEABIDMGGL-BNPRQNJBSA-N"",""GECBBEABIDMGGL-DQIGIFGPSA-N"",""GECBBEABIDMGGL-DVOVGLRVSA-N"",""GECBBEABIDMGGL-GDXANNMHSA-N"",""GECBBEABIDMGGL-GGPSXYGBSA-N"",""GECBBEABIDMGGL-HGSNKRRUSA-N"",""GECBBEABIDMGGL-HJFAJDMWSA-N"",""GECBBEABIDMGGL-IQYGVQTMSA-N"",""GECBBEABIDMGGL-KINFZMOKSA-N"",""GECBBEABIDMGGL-KLZOAVOOSA-N"",""GECBBEABIDMGGL-KZEPPNQPSA-N"",""GECBBEABIDMGGL-LBWOALOTSA-N"",""GECBBEABIDMGGL-LIFVSLDLSA-N"",""GECBBEABIDMGGL-LLTRSYMPSA-N"",""GECBBEABIDMGGL-LPGRTCQZSA-N"",""GECBBEABIDMGGL-LSWUBWLCSA-N"",""GECBBEABIDMGGL-LUTJBZEVSA-N"",""GECBBEABIDMGGL-LYPZLKQDSA-N"",""GECBBEABIDMGGL-MOPGFXCFSA-N"",""GECBBEABIDMGGL-MRTLOADZSA-N"",""GECBBEABIDMGGL-MSJIIARXSA-N"",""GECBBEABIDMGGL-MUMRKEEXSA-N"",""GECBBEABIDMGGL-NOUNWPPRSA-N"",""GECBBEABIDMGGL-NUKBJJSVSA-N"",""GECBBEABIDMGGL-OALUTQOASA-N"",""GECBBEABIDMGGL-ODYIZHLSSA-N"",""GECBBEABIDMGGL-PADAFAPASA-N"",""GECBBEABIDMGGL-PBBGKBLGSA-N"",""GECBBEABIDMGGL-PQUFQZQDSA-N"",""GECBBEABIDMGGL-QIVQHPQHSA-N"",""GECBBEABIDMGGL-QKTLAPJXSA-N"",""GECBBEABIDMGGL-QTQHSDMUSA-N"",""GECBBEABIDMGGL-RBUKOAKNSA-N"",""GECBBEABIDMGGL-RTBURBONSA-N"",""GECBBEABIDMGGL-RUOJDPMASA-N"",""GECBBEABIDMGGL-RVEKNIHGSA-N"",""GECBBEABIDMGGL-RWZUIIDJSA-N"",""GECBBEABIDMGGL-SGVXFBIUSA-N"",""GECBBEABIDMGGL-SSTRCCMDSA-N"",""GECBBEABIDMGGL-SWJNCZJBSA-N"",""GECBBEABIDMGGL-SYPXSFRRSA-N"",""GECBBEABIDMGGL-UHFFFAOYSA-N"",""GECBBEABIDMGGL-UKPWYZDGSA-N"",""GECBBEABIDMGGL-UYAAJEKYSA-N"",""GECBBEABIDMGGL-VOWAIEPFSA-N"",""GECBBEABIDMGGL-VQVBABCCSA-N"",""GECBBEABIDMGGL-WEWHZINCSA-N"",""GECBBEABIDMGGL-XDIWKKTFSA-N"",""GECBBEABIDMGGL-XXVFFKGQSA-N"",""GECBBEABIDMGGL-XZKAVCETSA-N"",""GECBBEABIDMGGL-YAYQHNJDSA-N"",""GECBBEABIDMGGL-YLWQKNGGSA-N"",""GECBBEABIDMGGL-ZDFUTVEMSA-N""]"
178,sotalol,CIDm00005253,true,19,17,"[""DJTHBMARSOSBKJ-UHFFFAOYSA-N"",""FWAMKSPKIKHADJ-IZIBOJBPSA-N"",""FWAMKSPKIKHADJ-UHFFFAOYSA-N"",""ICPRBRMBYPKAQX-UHFFFAOYSA-N"",""VIDRYROWYFWGSY-TXHXQZCNSA-N"",""VIDRYROWYFWGSY-UHFFFAOYSA-M"",""VIDRYROWYFWGSY-UHFFFAOYSA-N"",""VIDRYROWYFWGSY-UTONKHPSSA-N"",""VIDRYROWYFWGSY-YDALLXLXSA-N"",""ZBMZVLHSJCTVON-GFCCVEGCSA-N"",""ZBMZVLHSJCTVON-GFCCVEGCSA-O"",""ZBMZVLHSJCTVON-LBPRGKRZSA-N"",""ZBMZVLHSJCTVON-LBPRGKRZSA-O"",""ZBMZVLHSJCTVON-UHFFFAOYSA-N"",""ZBMZVLHSJCTVON-UHFFFAOYSA-O"",""ZBMZVLHSJCTVON-VSDRCFRXSA-N"",""ZBMZVLHSJCTVON-WFGJKAKNSA-N""]"
179,buspirone,CIDm00002477,true,16,14,"[""BEDYZLFSCVWHRA-UHFFFAOYSA-N"",""BTAKGMLHEXHSTA-UHFFFAOYSA-N"",""CTBZAZFBJONGBN-UHFFFAOYSA-N"",""QHLYYJXJEBMKKM-UHFFFAOYSA-N"",""QWCRAEMEVRGPNT-KHORGVISSA-N"",""QWCRAEMEVRGPNT-QGZHXTQCSA-N"",""QWCRAEMEVRGPNT-UHFFFAOYSA-N"",""QWCRAEMEVRGPNT-UHFFFAOYSA-O"",""RICLFGYGYQXUFH-UHFFFAOYSA-M"",""RICLFGYGYQXUFH-UHFFFAOYSA-N"",""RICLFGYGYQXUFH-URZLSVTISA-N"",""RICLFGYGYQXUFH-WPEKBPPBSA-N"",""RQCNFKNZZVIDTE-UHFFFAOYSA-N"",""UHFVTFKWSYRMCR-UHFFFAOYSA-N""]"
180,fosinopril,CIDm00055891,false,0,0,[]
181,entacapone,CIDm05281081,false,0,0,[]
182,zidovudine,CIDm00035370,false,0,0,[]
183,darifenacin,CIDm00444030,false,0,0,[]
184,oxycodone,CIDm05284603,false,0,0,[]
185,flutamide,CIDm00003397,true,6,6,"[""MKXKFYHWDHIYRV-BKLIMVFQSA-N"",""MKXKFYHWDHIYRV-DWSYCVKZSA-N"",""MKXKFYHWDHIYRV-NWOXSKRJSA-N"",""MKXKFYHWDHIYRV-UHFFFAOYSA-N"",""UGYIMPXUQWAURA-UHFFFAOYSA-N"",""VDQDYVXUXATTRW-UHFFFAOYSA-N""]"
186,cimetidine,CIDm00002756,true,18,15,"[""AQIXAKUUQRKLND-BMSJAHLVSA-N"",""AQIXAKUUQRKLND-UHFFFAOYSA-N"",""AQIXAKUUQRKLND-UHFFFAOYSA-O"",""FHRBVJBQJYLFAS-UHFFFAOYSA-N"",""FYRZHTYURHZWOW-UHFFFAOYSA-N"",""IGMVWSJXKJBPHE-UHFFFAOYSA-N"",""NEXYNVYEWBRXBG-UHFFFAOYSA-N"",""OUHXQCMGQCFMIZ-UHFFFAOYSA-N"",""POSKUDIWXYUIDB-UHFFFAOYSA-N"",""QJHCNBWLPSXHBL-UHFFFAOYSA-N"",""SLJQIKQUFMDEGC-UHFFFAOYSA-N"",""UGFQZQULGSQYMG-UHFFFAOYSA-N"",""UKFDJYLUEVJNSM-UHFFFAOYSA-N"",""VICTWSBAJJWQDG-UHFFFAOYSA-N"",""XCFJFCVHABYIJX-UHFFFAOYSA-N""]"
187,haloperidol,CIDm00003559,true,16,16,"[""BVUSNQJCSYDJJG-UHFFFAOYSA-N"",""BVUSNQJCSYDJJG-WNQIDUERSA-N"",""HKLNNOHTYAVPRL-UHFFFAOYSA-N"",""JMRYYMBDXNZQMH-UHFFFAOYSA-M"",""JMRYYMBDXNZQMH-UHFFFAOYSA-N"",""LNEPOXFFQSENCJ-AKPGVGPLSA-N"",""LNEPOXFFQSENCJ-KDWZCNHSSA-N"",""LNEPOXFFQSENCJ-LVMRPLNMSA-N"",""LNEPOXFFQSENCJ-UHFFFAOYSA-N"",""LNEPOXFFQSENCJ-UHFFFAOYSA-O"",""LNEPOXFFQSENCJ-VNRZBHCFSA-N"",""LNEPOXFFQSENCJ-YXZYFPPPSA-N"",""PARSRNQEFWBANP-UHFFFAOYSA-N"",""PCGQTNYHOCMUGP-UHFFFAOYSA-N"",""UZHXEORMLOJKRG-UHFFFAOYSA-N"",""YOAJGHLLRUVXEO-UHFFFAOYSA-N""]"
188,ritonavir,CIDm00392622,false,0,0,[]
189,nitazoxanide,CIDm00041684,true,3,3,"[""YQNQNVDNTFHQSW-QFFDRWTDSA-N"",""YQNQNVDNTFHQSW-UHFFFAOYSA-N"",""ZCKJQGIPUBIVTR-UHFFFAOYSA-N""]"
190,vancomycin,CIDm00014969,false,0,0,[]
191,dextromethorphan,CIDm05360696,false,0,0,[]
192,albendazole,CIDm00002082,true,8,8,"[""AZUQQZSDBFKCHS-UHFFFAOYSA-N"",""HXHWSAZORRCQMX-BMSJAHLVSA-N"",""HXHWSAZORRCQMX-JOMZKNQJSA-N"",""HXHWSAZORRCQMX-JZLVSFENSA-N"",""HXHWSAZORRCQMX-UHFFFAOYSA-N"",""JKMJAZXGMHMQOM-UHFFFAOYSA-N"",""ZSZOVROXVDUWSG-BTJKTKAUSA-N"",""ZSZOVROXVDUWSG-UHFFFAOYSA-N""]"
193,trandolapril,CIDm05484727,false,0,0,[]
194,caspofungin,CIDm02826718,false,0,0,[]
195,alitretinoin,CIDm00449171,false,0,0,[]
196,metolazone,CIDm00004170,true,10,10,"[""AQCHWTWZEMGIFD-HRDWIZOWSA-N"",""AQCHWTWZEMGIFD-JTQLQIEISA-N"",""AQCHWTWZEMGIFD-SNVBAGLBSA-N"",""AQCHWTWZEMGIFD-UHFFFAOYSA-N"",""GKVQADDSBXMMTD-UHFFFAOYSA-N"",""IWCGZZSHDMZBQR-HNCPQSOCSA-M"",""IWCGZZSHDMZBQR-PPHPATTJSA-M"",""IWCGZZSHDMZBQR-UHFFFAOYSA-M"",""LPYWGMLSGBZXRN-FTYBWHBYSA-N"",""LPYWGMLSGBZXRN-UHFFFAOYSA-N""]"
197,oxaliplatin,CIDm00004609,true,98,74,"[""AENCTOAEVOLYHR-UHFFFAOYSA-N"",""AGFVQCSHMSTFBV-UHFFFAOYSA-N"",""AOLSPBGZFURNJS-UHFFFAOYSA-N"",""BASFCYQUMIYNBI-AHCXROLUSA-N"",""BASFCYQUMIYNBI-BKFZFHPZSA-N"",""BASFCYQUMIYNBI-DBXDQKISSA-N"",""BASFCYQUMIYNBI-IGMARMGPSA-N"",""BASFCYQUMIYNBI-NJFSPNSNSA-N"",""BASFCYQUMIYNBI-NOHWODKXSA-N"",""BASFCYQUMIYNBI-RNFDNDRNSA-N"",""BASFCYQUMIYNBI-UHFFFAOYSA-N"",""BASFCYQUMIYNBI-UHFFFAOYSA-O"",""BASFCYQUMIYNBI-VENIDDJXSA-N"",""BASFCYQUMIYNBI-YPZZEJLDSA-N"",""BHKICZDKIIDMNR-UHFFFAOYSA-L"",""BHKICZDKIIDMNR-UHFFFAOYSA-N"",""BMVOUUVVLJRZFA-UHFFFAOYSA-N"",""DRMCATBEKSVAPL-BLJHELNISA-N"",""DRMCATBEKSVAPL-BNTLRKBRSA-L"",""DRMCATBEKSVAPL-BNTLRKBRSA-N"",""DRMCATBEKSVAPL-UHFFFAOYSA-L"",""DRMCATBEKSVAPL-UHFFFAOYSA-N"",""DRMCATBEKSVAPL-USPAICOZSA-N"",""DVQHYTBCTGYNNN-UHFFFAOYSA-N"",""DWAFYCQODLXJNR-ANJCWRQCSA-L"",""DWAFYCQODLXJNR-BNTLRKBRSA-L"",""DWAFYCQODLXJNR-UHFFFAOYSA-L"",""DWAFYCQODLXJNR-USPAICOZSA-L"",""GYAVMUDJCHAASE-UHFFFAOYSA-M"",""HRGDZIGMBDGFTC-UHFFFAOYSA-N"",""HRGDZIGMBDGFTC-UHFFFAOYSA-O"",""IIJQICKYWPGJDT-UHFFFAOYSA-L"",""INTCIARJNGMGJF-UHFFFAOYSA-N"",""KEHTWMUOMDLFLU-ZJIMSODOSA-N"",""KLNFSAOEKUDMFA-UHFFFAOYSA-N"",""KOFSPIJRNIFNBK-UHFFFAOYSA-N"",""NDBYXKQCPYUOMI-IGMARMGPSA-N"",""NDBYXKQCPYUOMI-UHFFFAOYSA-N"",""NFHIGHLONMNUMN-UHFFFAOYSA-N"",""NMAZXDBOZIRVEY-UHFFFAOYSA-N"",""NOSYGQGJJZNNMA-UHFFFAOYSA-N"",""OGAPHRMCCQCJOE-BLJHELNISA-N"",""OGAPHRMCCQCJOE-BNTLRKBRSA-N"",""OGAPHRMCCQCJOE-RUTFAPCESA-N"",""OGAPHRMCCQCJOE-UHFFFAOYSA-N"",""OLESAACUTLOWQZ-BITMAZLMSA-L"",""OLESAACUTLOWQZ-FZTWWWDYSA-L"",""OLESAACUTLOWQZ-LDYDCSBASA-L"",""OLESAACUTLOWQZ-UHFFFAOYSA-L"",""OLESAACUTLOWQZ-UHFFFAOYSA-N"",""OLESAACUTLOWQZ-VKQZZNDOSA-L"",""PCRKGXHIGVOZKB-BNTLRKBRSA-L"",""PCRKGXHIGVOZKB-UHFFFAOYSA-L"",""QHTCWBWRERIEDX-UHFFFAOYSA-N"",""QTXLQAXQOXAWPF-UHFFFAOYSA-N"",""RENRWSPGKNSHAK-UHFFFAOYSA-N"",""RUKSTUVZRKBJMP-UHFFFAOYSA-N"",""UPIXZLGONUBZLK-UHFFFAOYSA-N"",""VMWPDXRJEFKCBD-UHFFFAOYSA-N"",""VQVJUKIQVSWVQV-UHFFFAOYSA-N"",""VSRXQHXAPYXROS-UHFFFAOYSA-L"",""VSRXQHXAPYXROS-UHFFFAOYSA-N"",""VSRXQHXAPYXROS-VKQZZNDOSA-N"",""YAYRGNWWLMLWJE-UHFFFAOYSA-L"",""ZAXCMPAWRCMABN-UHFFFAOYSA-N"",""ZROHGHOFXNOHSO-BLJHELNISA-N"",""ZROHGHOFXNOHSO-BNTLRKBRSA-L"",""ZROHGHOFXNOHSO-BNTLRKBRSA-N"",""ZROHGHOFXNOHSO-NRNOGZGCSA-L"",""ZROHGHOFXNOHSO-RPHNWMALSA-L"",""ZROHGHOFXNOHSO-TXNQIXGHSA-L"",""ZROHGHOFXNOHSO-UHFFFAOYSA-L"",""ZROHGHOFXNOHSO-UHFFFAOYSA-N"",""ZROHGHOFXNOHSO-YYKMXZQESA-L""]"
198,lercanidipine,CIDm00065866,true,35,33,"[""DRDGJXYHTQDAKR-UHFFFAOYSA-N"",""DZMCJRLYCZQLJF-MGDILKBHSA-N"",""DZMCJRLYCZQLJF-UHFFFAOYSA-N"",""GIWAFGLSIGGZTM-APRAUQIDSA-N"",""GIWAFGLSIGGZTM-UHFFFAOYSA-N"",""NSFOIMMXDCSVDZ-QYKZUBHNSA-N"",""NSFOIMMXDCSVDZ-UHFFFAOYSA-N"",""ODZMZJNOQODEOT-UHFFFAOYSA-N"",""QWYBIRGUIBMXMW-UHFFFAOYSA-N"",""RLPRUBHQFWIGFP-UHFFFAOYSA-N"",""UHZQCSUJBCRYLY-BTJKTKAUSA-N"",""UHZQCSUJBCRYLY-UHFFFAOYSA-N"",""UHZQCSUJBCRYLY-WLHGVMLRSA-N"",""WAJSGGXHVGYYBD-UHFFFAOYSA-N"",""WMFYOYKPJLRMJI-MGDILKBHSA-N"",""WMFYOYKPJLRMJI-OWKBQAHQSA-N"",""WMFYOYKPJLRMJI-RFTUCFSWSA-N"",""WMFYOYKPJLRMJI-UHFFFAOYSA-M"",""WMFYOYKPJLRMJI-UHFFFAOYSA-N"",""WMFYOYKPJLRMJI-UUOWBLICSA-N"",""WMFYOYKPJLRMJI-VOMAOHKISA-N"",""WMFYOYKPJLRMJI-WAQYZQTGSA-N"",""XEIALGLKTHTPNV-UHFFFAOYSA-N"",""ZDXUKAKRHYTAKV-ADHUMVSMSA-N"",""ZDXUKAKRHYTAKV-MGBGTMOVSA-N"",""ZDXUKAKRHYTAKV-MGBGTMOVSA-O"",""ZDXUKAKRHYTAKV-PLWITFEXSA-N"",""ZDXUKAKRHYTAKV-UHFFFAOYSA-N"",""ZDXUKAKRHYTAKV-UHFFFAOYSA-O"",""ZDXUKAKRHYTAKV-VPYROQPTSA-N"",""ZDXUKAKRHYTAKV-XIFFEERXSA-N"",""ZDXUKAKRHYTAKV-XIFFEERXSA-O"",""ZDXUKAKRHYTAKV-ZLBQFJETSA-N""]"
199,foscarnet,CIDm00003414,true,36,31,"[""ALVZZVPLJQFEDD-UHFFFAOYSA-M"",""BWGBIGLMQJPOEE-UHFFFAOYSA-K"",""BWGBIGLMQJPOEE-UHFFFAOYSA-M"",""BWGBIGLMQJPOEE-UHFFFAOYSA-N"",""DFHAXXVZCFXGOQ-UHFFFAOYSA-K"",""DFHAXXVZCFXGOQ-UHFFFAOYSA-L"",""DFHAXXVZCFXGOQ-UHFFFAOYSA-N"",""GEZQLGCJGXSYCM-UHFFFAOYSA-N"",""HODQJYVRKSCSAE-UHFFFAOYSA-N"",""HQJDOEQZQFFYNG-UHFFFAOYSA-N"",""ILRVASBWNRYBFD-UHFFFAOYSA-K"",""ILRVASBWNRYBFD-UHFFFAOYSA-L"",""ILRVASBWNRYBFD-UHFFFAOYSA-M"",""LTVVODHKUBGYRT-UHFFFAOYSA-N"",""LVAOQQYNRJUTFF-UHFFFAOYSA-N"",""NBIIDLGNZMCRLU-UHFFFAOYSA-L"",""NXRNLDMFHRETSD-UHFFFAOYSA-N"",""NZXUSMZIYONHTE-UHFFFAOYSA-N"",""PBXQQBWBUCTCPC-UHFFFAOYSA-K"",""QDLHWWPKKVITNV-UHFFFAOYSA-N"",""QLILNHGZESJEPA-UHFFFAOYSA-M"",""QPXVDRCZUOBXAG-UHFFFAOYSA-M"",""SISGHDSJRQYIAY-UHFFFAOYSA-N"",""UZVYSETXEZXKLQ-UHFFFAOYSA-N"",""XKEXMCIFTJJLBI-UHFFFAOYSA-K"",""YFNGWGVTFYSJHE-UHFFFAOYSA-K"",""ZJAOAACCNHFJAH-UHFFFAOYSA-K"",""ZJAOAACCNHFJAH-UHFFFAOYSA-L"",""ZJAOAACCNHFJAH-UHFFFAOYSA-M"",""ZJAOAACCNHFJAH-UHFFFAOYSA-N"",""ZJAOAACCNHFJAH-UHFFFAOYSA-O""]"
200,erlotinib,CIDm00176870,true,68,67,"[""AAKJLRGGTJKAMG-BMQYTIHCSA-N"",""AAKJLRGGTJKAMG-BMSJAHLVSA-N"",""AAKJLRGGTJKAMG-CJAZFBMXSA-N"",""AAKJLRGGTJKAMG-CSVYCONDSA-N"",""AAKJLRGGTJKAMG-DYCDLGHISA-N"",""AAKJLRGGTJKAMG-FVMWALGXSA-N"",""AAKJLRGGTJKAMG-FZORMIEOSA-N"",""AAKJLRGGTJKAMG-GQGGUIAASA-N"",""AAKJLRGGTJKAMG-GSTSPESVSA-N"",""AAKJLRGGTJKAMG-HPGZLSOESA-N"",""AAKJLRGGTJKAMG-HPRDVNIFSA-N"",""AAKJLRGGTJKAMG-IIVFXWFJSA-N"",""AAKJLRGGTJKAMG-IXYOFMOZSA-N"",""AAKJLRGGTJKAMG-JJVUTEFESA-N"",""AAKJLRGGTJKAMG-JNJBWJDISA-N"",""AAKJLRGGTJKAMG-JTZCXKKUSA-N"",""AAKJLRGGTJKAMG-JUEDCVBVSA-N"",""AAKJLRGGTJKAMG-JVVVGQRLSA-N"",""AAKJLRGGTJKAMG-KNXIQCGSSA-N"",""AAKJLRGGTJKAMG-KQTPCQBOSA-N"",""AAKJLRGGTJKAMG-LLGZEFERSA-N"",""AAKJLRGGTJKAMG-LZMSFWOYSA-N"",""AAKJLRGGTJKAMG-MGVXTIMCSA-N"",""AAKJLRGGTJKAMG-MICDWDOJSA-N"",""AAKJLRGGTJKAMG-PFUFQJKNSA-N"",""AAKJLRGGTJKAMG-QCCORQSASA-N"",""AAKJLRGGTJKAMG-QRFHAXTPSA-N"",""AAKJLRGGTJKAMG-RMUUIYQFSA-N"",""AAKJLRGGTJKAMG-UHFFFAOYSA-N"",""AAKJLRGGTJKAMG-UTVORUEPSA-N"",""AAKJLRGGTJKAMG-VAEDDRQFSA-N"",""AAKJLRGGTJKAMG-WEZGTJSZSA-N"",""AAKJLRGGTJKAMG-XERRXZQWSA-N"",""AHYFWJDAKOKYRH-UHFFFAOYSA-N"",""AHYFWJDAKOKYRH-WNQIDUERSA-N"",""BIIGENVDQCTTAU-UHFFFAOYSA-N"",""DBEBCSPVXLJECW-UHFFFAOYSA-N"",""GTTBEUCJPZQMDZ-HVTBMTIBSA-N"",""GTTBEUCJPZQMDZ-KTSBLNPMSA-N"",""GTTBEUCJPZQMDZ-RWQOXAPSSA-N"",""GTTBEUCJPZQMDZ-UHFFFAOYSA-N"",""GTTBEUCJPZQMDZ-WQQMTWEQSA-N"",""GVFPDNNEAWXOLX-UHFFFAOYSA-N"",""HSQUFXFMTBPEFS-UHFFFAOYSA-N"",""IBNUCLSGQNQTOS-UHFFFAOYSA-N"",""JNFSQOALOXUMPS-UHFFFAOYSA-N"",""KDQLYMWHGJQGNC-UHFFFAOYSA-N"",""KQCHARARYRMGCG-FJOGWHKWSA-N"",""KQCHARARYRMGCG-JITBQSAISA-N"",""LJHAZCAPHKLWNC-UHFFFAOYSA-N"",""MZDJBVMIYMTMQX-UHFFFAOYSA-L"",""MZDJBVMIYMTMQX-UHFFFAOYSA-N"",""OAAQIMMSUCPVCP-UHFFFAOYSA-N"",""OUMBWGOOVKEVKS-UHFFFAOYSA-N"",""OZLVVSLEMLPBMA-UHFFFAOYSA-N"",""PCBNMUVSOAYYIH-UHFFFAOYSA-N"",""PSJLNUIGIVWKGK-UHFFFAOYSA-N"",""SUHORUCIGSROMC-BTJKTKAUSA-N"",""SUHORUCIGSROMC-UHFFFAOYSA-N"",""SUHORUCIGSROMC-WLHGVMLRSA-N"",""VGVZAHAPQPXBKM-UHFFFAOYSA-L"",""VGVZAHAPQPXBKM-UHFFFAOYSA-N"",""VUEROASCFRNJEF-UHFFFAOYSA-N"",""XUJFJVNCOUNOFZ-UHFFFAOYSA-M"",""XUJFJVNCOUNOFZ-UHFFFAOYSA-N"",""XUPNDGCKDFRETL-UHFFFAOYSA-M"",""XUPNDGCKDFRETL-UHFFFAOYSA-N""]"
201,cyclophosphamide,CIDm00002907,true,190,190,"[""CMSMOCZEIVJLDB-AHRWIEDWSA-N"",""CMSMOCZEIVJLDB-AJEXUBQYSA-N"",""CMSMOCZEIVJLDB-ANIAUBKNSA-N"",""CMSMOCZEIVJLDB-ANOGJBLWSA-N"",""CMSMOCZEIVJLDB-AOMMOSLLSA-N"",""CMSMOCZEIVJLDB-APZFVMQVSA-N"",""CMSMOCZEIVJLDB-ASJZKWPUSA-N"",""CMSMOCZEIVJLDB-ATZOEEQESA-N"",""CMSMOCZEIVJLDB-AWANTNPVSA-N"",""CMSMOCZEIVJLDB-AWCWNLTOSA-N"",""CMSMOCZEIVJLDB-AWEZNQCLSA-N"",""CMSMOCZEIVJLDB-AZFFOUAUSA-N"",""CMSMOCZEIVJLDB-BENCOFDPSA-N"",""CMSMOCZEIVJLDB-BFWBPSQCSA-N"",""CMSMOCZEIVJLDB-BGQXDKPESA-N"",""CMSMOCZEIVJLDB-BJHFJDEXSA-N"",""CMSMOCZEIVJLDB-BLMCSERKSA-N"",""CMSMOCZEIVJLDB-BOMWHPICSA-N"",""CMSMOCZEIVJLDB-BRVWLQDISA-N"",""CMSMOCZEIVJLDB-BXVCFHRBSA-N"",""CMSMOCZEIVJLDB-BYUTVXSXSA-N"",""CMSMOCZEIVJLDB-CBTSVUPCSA-N"",""CMSMOCZEIVJLDB-CDQVXJIVSA-N"",""CMSMOCZEIVJLDB-CGBDBMIOSA-N"",""CMSMOCZEIVJLDB-CNGVIXCCSA-N"",""CMSMOCZEIVJLDB-CNNQADKRSA-N"",""CMSMOCZEIVJLDB-CPQQDKJOSA-N"",""CMSMOCZEIVJLDB-CQOLUAMGSA-N"",""CMSMOCZEIVJLDB-CQSZACIVSA-N"",""CMSMOCZEIVJLDB-CTVJKLEYSA-N"",""CMSMOCZEIVJLDB-CUWVRAQPSA-N"",""CMSMOCZEIVJLDB-CVDUTTQTSA-N"",""CMSMOCZEIVJLDB-CVVRPCGRSA-N"",""CMSMOCZEIVJLDB-CWOYJHTQSA-N"",""CMSMOCZEIVJLDB-CWUGWKFWSA-N"",""CMSMOCZEIVJLDB-CXCULFLDSA-N"",""CMSMOCZEIVJLDB-CXWHKCQTSA-N"",""CMSMOCZEIVJLDB-CZEXAIQTSA-N"",""CMSMOCZEIVJLDB-DICFDUPASA-N"",""CMSMOCZEIVJLDB-DINDJNDUSA-N"",""CMSMOCZEIVJLDB-DMFASMMLSA-N"",""CMSMOCZEIVJLDB-DSIKCOIJSA-N"",""CMSMOCZEIVJLDB-DUSUNJSHSA-N"",""CMSMOCZEIVJLDB-DVBXITQDSA-N"",""CMSMOCZEIVJLDB-DYCDLGHISA-N"",""CMSMOCZEIVJLDB-GEONXBBGSA-N"",""CMSMOCZEIVJLDB-GJYNDOEPSA-N"",""CMSMOCZEIVJLDB-HEAJDKCZSA-N"",""CMSMOCZEIVJLDB-HMMYNOJSSA-N"",""CMSMOCZEIVJLDB-HULHGIIJSA-N"",""CMSMOCZEIVJLDB-IDABTGISSA-N"",""CMSMOCZEIVJLDB-IFIMPORSSA-N"",""CMSMOCZEIVJLDB-IMMKSXBLSA-N"",""CMSMOCZEIVJLDB-IPSWUHLQSA-N"",""CMSMOCZEIVJLDB-ITKKLENESA-N"",""CMSMOCZEIVJLDB-IXCOSKQRSA-N"",""CMSMOCZEIVJLDB-JGTMQTSBSA-N"",""CMSMOCZEIVJLDB-JGVLIJSJSA-N"",""CMSMOCZEIVJLDB-JIBUTXFISA-N"",""CMSMOCZEIVJLDB-JIKIKKOASA-N"",""CMSMOCZEIVJLDB-JIVOINLISA-N"",""CMSMOCZEIVJLDB-JJDGABNCSA-N"",""CMSMOCZEIVJLDB-JVDRHMSSSA-N"",""CMSMOCZEIVJLDB-KCEJZNLGSA-N"",""CMSMOCZEIVJLDB-KCZCTXNHSA-N"",""CMSMOCZEIVJLDB-KDZFFFTISA-N"",""CMSMOCZEIVJLDB-KETLRHEYSA-N"",""CMSMOCZEIVJLDB-KFBGVRCKSA-N"",""CMSMOCZEIVJLDB-KLRAWXKOSA-N"",""CMSMOCZEIVJLDB-KPYWOBFVSA-N"",""CMSMOCZEIVJLDB-KRNDJKEFSA-N"",""CMSMOCZEIVJLDB-KTIYLIMOSA-N"",""CMSMOCZEIVJLDB-LBJYIREUSA-N"",""CMSMOCZEIVJLDB-LBTWDOQPSA-N"",""CMSMOCZEIVJLDB-LCLGCGKHSA-N"",""CMSMOCZEIVJLDB-LEDQEFGASA-N"",""CMSMOCZEIVJLDB-LEVNLAGTSA-N"",""CMSMOCZEIVJLDB-LEZYNNRISA-N"",""CMSMOCZEIVJLDB-LNLMKGTHSA-N"",""CMSMOCZEIVJLDB-LQJJMGFTSA-N"",""CMSMOCZEIVJLDB-LWLXPKCSSA-N"",""CMSMOCZEIVJLDB-LYQYTLMISA-N"",""CMSMOCZEIVJLDB-MHPIDSJASA-N"",""CMSMOCZEIVJLDB-MJOUHKJXSA-N"",""CMSMOCZEIVJLDB-MQCGYLOHSA-N"",""CMSMOCZEIVJLDB-MSPOQOLWSA-N"",""CMSMOCZEIVJLDB-MWSVMADVSA-N"",""CMSMOCZEIVJLDB-NALSWMDESA-N"",""CMSMOCZEIVJLDB-NBVYAYSHSA-N"",""CMSMOCZEIVJLDB-NDDVCXASSA-N"",""CMSMOCZEIVJLDB-NGEPEDOGSA-N"",""CMSMOCZEIVJLDB-NKKRZSFWSA-N"",""CMSMOCZEIVJLDB-NMFSSPJFSA-N"",""CMSMOCZEIVJLDB-NQDWRTEJSA-N"",""CMSMOCZEIVJLDB-NWYZMDSRSA-N"",""CMSMOCZEIVJLDB-NZLXMSDQSA-N"",""CMSMOCZEIVJLDB-ODSOAMBASA-N"",""CMSMOCZEIVJLDB-OHQTZBLJSA-N"",""CMSMOCZEIVJLDB-OIHJGMMVSA-N"",""CMSMOCZEIVJLDB-OIYJVTCNSA-N"",""CMSMOCZEIVJLDB-OKGFPZPASA-N"",""CMSMOCZEIVJLDB-OTUIAQFOSA-N"",""CMSMOCZEIVJLDB-OVRSJGGESA-N"",""CMSMOCZEIVJLDB-PBCOXPTASA-N"",""CMSMOCZEIVJLDB-PDULFIESSA-N"",""CMSMOCZEIVJLDB-PGVRHJMLSA-N"",""CMSMOCZEIVJLDB-PIQAHDJVSA-N"",""CMSMOCZEIVJLDB-PLTZAWCVSA-N"",""CMSMOCZEIVJLDB-PNZCMDHSSA-N"",""CMSMOCZEIVJLDB-POKVWXKVSA-N"",""CMSMOCZEIVJLDB-PPARQSDPSA-N"",""CMSMOCZEIVJLDB-PUCWYXKDSA-N"",""CMSMOCZEIVJLDB-PWDWWLAZSA-N"",""CMSMOCZEIVJLDB-PYNBLEGVSA-N"",""CMSMOCZEIVJLDB-QANWRGIYSA-N"",""CMSMOCZEIVJLDB-QEOHIWEKSA-N"",""CMSMOCZEIVJLDB-QGCDYYDQSA-N"",""CMSMOCZEIVJLDB-QKGUDJACSA-N"",""CMSMOCZEIVJLDB-QLYAIYELSA-N"",""CMSMOCZEIVJLDB-QOCVIRLHSA-N"",""CMSMOCZEIVJLDB-QTWJSGQKSA-N"",""CMSMOCZEIVJLDB-QUXARKCYSA-N"",""CMSMOCZEIVJLDB-RCNOUUCRSA-N"",""CMSMOCZEIVJLDB-RCQNVTEXSA-N"",""CMSMOCZEIVJLDB-RHLPODFTSA-N"",""CMSMOCZEIVJLDB-RJSZUWSASA-N"",""CMSMOCZEIVJLDB-RKNUSFBJSA-N"",""CMSMOCZEIVJLDB-RLPKEURQSA-N"",""CMSMOCZEIVJLDB-RRVWJQJTSA-N"",""CMSMOCZEIVJLDB-RTGNPICSSA-N"",""CMSMOCZEIVJLDB-RUKOHJPDSA-N"",""CMSMOCZEIVJLDB-RVXGVKOQSA-N"",""CMSMOCZEIVJLDB-SCDYSOAISA-N"",""CMSMOCZEIVJLDB-SGFBFIIWSA-N"",""CMSMOCZEIVJLDB-SHEKBLSOSA-N"",""CMSMOCZEIVJLDB-SIUMFBQGSA-N"",""CMSMOCZEIVJLDB-SJRVCKCZSA-N"",""CMSMOCZEIVJLDB-SNRATPPASA-N"",""CMSMOCZEIVJLDB-SNWHHOLLSA-N"",""CMSMOCZEIVJLDB-SPMORJBDSA-N"",""CMSMOCZEIVJLDB-SVJGAFHJSA-N"",""CMSMOCZEIVJLDB-SVYQBANQSA-N"",""CMSMOCZEIVJLDB-SYXNWCCCSA-N"",""CMSMOCZEIVJLDB-TXHRYIIESA-N"",""CMSMOCZEIVJLDB-TZZIKVLJSA-N"",""CMSMOCZEIVJLDB-UCMHNGSNSA-N"",""CMSMOCZEIVJLDB-UDCOFZOWSA-N"",""CMSMOCZEIVJLDB-UHFFFAOYSA-N"",""CMSMOCZEIVJLDB-UHFFFAOYSA-O"",""CMSMOCZEIVJLDB-ULAGNWFXSA-N"",""CMSMOCZEIVJLDB-UPWCUDCDSA-N"",""CMSMOCZEIVJLDB-UTCDTQPQSA-N"",""CMSMOCZEIVJLDB-UUIAJEHQSA-N"",""CMSMOCZEIVJLDB-UVAOVGKSSA-N"",""CMSMOCZEIVJLDB-VGGRJZMQSA-N"",""CMSMOCZEIVJLDB-VIODFUDNSA-N"",""CMSMOCZEIVJLDB-VLUKYWILSA-N"",""CMSMOCZEIVJLDB-VLZJNYFYSA-N"",""CMSMOCZEIVJLDB-WETBIWGRSA-N"",""CMSMOCZEIVJLDB-WOZWYNMLSA-N"",""CMSMOCZEIVJLDB-WYNDGVHTSA-N"",""CMSMOCZEIVJLDB-XACUDKTISA-N"",""CMSMOCZEIVJLDB-XGMLNWSASA-N"",""CMSMOCZEIVJLDB-XHHURNKPSA-N"",""CMSMOCZEIVJLDB-XILHKPRVSA-N"",""CMSMOCZEIVJLDB-XQGPFGTLSA-N"",""CMSMOCZEIVJLDB-XSHJHXEESA-N"",""CMSMOCZEIVJLDB-YCMCHNOHSA-N"",""CMSMOCZEIVJLDB-YPKJOVNCSA-N"",""CMSMOCZEIVJLDB-YSBZTSPUSA-N"",""CMSMOCZEIVJLDB-YXALHFAPSA-N"",""CMSMOCZEIVJLDB-YXIDKQALSA-N"",""CMSMOCZEIVJLDB-ZBCLMQICSA-N"",""CMSMOCZEIVJLDB-ZFOHLWPTSA-N"",""CMSMOCZEIVJLDB-ZKJFPVKJSA-N"",""CMSMOCZEIVJLDB-ZMCNTSPOSA-N"",""CMSMOCZEIVJLDB-ZOXZGLAMSA-N"",""CMSMOCZEIVJLDB-ZPJQSATDSA-N"",""CMSMOCZEIVJLDB-ZUXPMNDFSA-N"",""CMSMOCZEIVJLDB-ZXCJBBFJSA-N"",""CMSMOCZEIVJLDB-ZXLVBYPISA-N"",""KYTPDTRAUXBIKA-UHFFFAOYSA-N"",""NQMMTGQUMAZLMM-UHFFFAOYSA-N"",""NXXJZQPPWJEBMB-UHFFFAOYSA-N"",""PWOQRKCAHTVFLB-PFEQFJNWSA-N"",""PWOQRKCAHTVFLB-UHFFFAOYSA-N"",""PWOQRKCAHTVFLB-UQKRIMTDSA-N"",""PWOQRKCAHTVFLB-WNWFCZIPSA-N"",""ZFUPCKOYBNPNDM-UHFFFAOYSA-N"",""ZFUPCKOYBNPNDM-UQKRIMTDSA-N""]"
202,rofecoxib,CIDm00005090,true,15,15,"[""GGYAYJPVQOMYJO-UHFFFAOYSA-N"",""NRUXMHHGLJXGAS-UHFFFAOYSA-N"",""NVTKEBXLIAGINZ-UHFFFAOYSA-N"",""PFWNKQDHIFEZPD-UHFFFAOYSA-N"",""RZJQGNCSTQAWON-BJUDXGSMSA-N"",""RZJQGNCSTQAWON-CNRUNOGKSA-N"",""RZJQGNCSTQAWON-FIBGUPNXSA-N"",""RZJQGNCSTQAWON-JIZANVDTSA-N"",""RZJQGNCSTQAWON-KQORAOOSSA-N"",""RZJQGNCSTQAWON-RJBSMCKGSA-N"",""RZJQGNCSTQAWON-UHFFFAOYSA-N"",""RZJQGNCSTQAWON-VIQYUKPQSA-N"",""RZJQGNCSTQAWON-ZWGOZCLVSA-N"",""UZYJRORANJYAKW-UHFFFAOYSA-N"",""YHYAZHWPBOKQEP-UHFFFAOYSA-N""]"
203,ciprofloxacin,CIDm00002764,true,52,47,"[""ARPUHYJMCVWYCZ-CORRJWLCSA-N"",""ARPUHYJMCVWYCZ-UHFFFAOYSA-M"",""ARPUHYJMCVWYCZ-UHFFFAOYSA-N"",""AYXRASQXGJILAA-UHFFFAOYSA-N"",""BFVCGVRMJDJNFL-UHFFFAOYSA-M"",""CBSSSKUPOMMAQL-UHFFFAOYSA-N"",""CZOKORRXOUIQID-UHFFFAOYSA-N"",""DIOIOSKKIYDRIQ-JCYLEXHWSA-N"",""DIOIOSKKIYDRIQ-UHFFFAOYSA-M"",""DIOIOSKKIYDRIQ-UHFFFAOYSA-N"",""DQDUDUWTGSTECF-UHFFFAOYSA-N"",""FEYIWHSRTQLHEN-UHFFFAOYSA-N"",""GGPJJOKKXXPKDX-UHFFFAOYSA-N"",""HEYNWOPEMCBHEK-UHFFFAOYSA-N"",""KOSJYSVQVJCVPZ-UHFFFAOYSA-N"",""LXDVYYPQSYALQG-BTJKTKAUSA-N"",""LXDVYYPQSYALQG-UHFFFAOYSA-N"",""MGQZTMSYDZFIJD-UHFFFAOYSA-N"",""MPTWMBUXVRRDBN-UHFFFAOYSA-N"",""MXEHWEMPTHYZLW-UHFFFAOYSA-N"",""MYSWGUAQZAJSOK-CXKMQCEHSA-N"",""MYSWGUAQZAJSOK-MDBGWSCFSA-N"",""MYSWGUAQZAJSOK-QJESCHDLSA-N"",""MYSWGUAQZAJSOK-SQUIKQQTSA-N"",""MYSWGUAQZAJSOK-SQZVAGKESA-N"",""MYSWGUAQZAJSOK-UHFFFAOYSA-N"",""MYSWGUAQZAJSOK-UHFFFAOYSA-O"",""MYSWGUAQZAJSOK-UTISJRQESA-N"",""MYSWGUAQZAJSOK-ZSJDYOACSA-N"",""NBNGPYDGSXPILX-UHFFFAOYSA-N"",""NRBJWZSFNGZBFQ-ARGLLVQISA-N"",""NRBJWZSFNGZBFQ-UHFFFAOYSA-N"",""NRBJWZSFNGZBFQ-WNQIDUERSA-N"",""OYMIENAKCZVQHJ-HIIGRPNKSA-N"",""PWRKLYZVCZMDTC-UHFFFAOYSA-N"",""RALFIELUCRXULQ-UHFFFAOYSA-N"",""RSMIZVBCLXMUDH-UHFFFAOYSA-N"",""SMFVXHJJUFAKBS-UHFFFAOYSA-N"",""TVXPJBUDVFAEKU-UHFFFAOYSA-N"",""ULZOXPQIPDJZRE-UHFFFAOYSA-N"",""USZGBXJEJAUVFF-UHFFFAOYSA-N"",""UXRPKJYNQIQGII-UHFFFAOYSA-N"",""WRXUYQUCSWBTSA-UHFFFAOYSA-N"",""XMOMHTPGJYOGPC-UHFFFAOYSA-L"",""XTRCGRNVMLSFPP-UHFFFAOYSA-M"",""YRHJAVRZTFVTQW-UHFFFAOYSA-N"",""YWDWNXIMSOILAB-UHFFFAOYSA-N""]"
204,gadoversetamide,CIDm00444013,true,4,3,"[""HBEAOBRDTOXWRZ-UHFFFAOYSA-K"",""HBEAOBRDTOXWRZ-UHFFFAOYSA-N"",""OKVNYJNFJCLPRF-UHFFFAOYSA-N""]"
205,toremifene,CIDm03005572,false,0,0,[]
206,vincristine,CIDm06324671,false,0,0,[]
207,benazepril,CIDm05362123,false,0,0,[]
208,fluorouracil,CIDm00003385,true,21,20,"[""BMYCREIQQWEXJA-UHFFFAOYSA-L"",""CESASCLBDGLGQR-UHFFFAOYSA-M"",""GHASVSINZRGABV-AKZCFXPHSA-N"",""GHASVSINZRGABV-CNRUNOGKSA-N"",""GHASVSINZRGABV-DOMIDYPGSA-N"",""GHASVSINZRGABV-MICDWDOJSA-N"",""GHASVSINZRGABV-NJFSPNSNSA-N"",""GHASVSINZRGABV-SFIIULIVSA-N"",""GHASVSINZRGABV-UHFFFAOYSA-N"",""GHASVSINZRGABV-XZQGXACKSA-N"",""GHASVSINZRGABV-YZRHJBSPSA-N"",""JLODRJMMKZYKDP-UHFFFAOYSA-N"",""OHNHPQCHHGYDSH-UHFFFAOYSA-N"",""WAVZNBXTCDDMRJ-UHFFFAOYSA-L"",""WAVZNBXTCDDMRJ-UHFFFAOYSA-N"",""XHBWXCFSJLHKCC-UHFFFAOYSA-N"",""XLBUSGPKSVRQSF-UHFFFAOYSA-M"",""YONPFOKPAKAQLX-UHFFFAOYSA-K"",""YONPFOKPAKAQLX-UHFFFAOYSA-N"",""ZGMLACURZVGTPK-UHFFFAOYSA-N""]"
209,pyridostigmine,CIDm00004991,true,10,9,"[""LKJHEQIBIRXSNH-UHFFFAOYSA-M"",""RVOLLAQWKVFTGE-UHFFFAOYSA-N"",""RVOLLAQWKVFTGE-WFGJKAKNSA-N"",""TYXYRYORUZYJDX-UHFFFAOYSA-M"",""UQAPNCDQRWJKSA-UHFFFAOYSA-M"",""VNYBTNPBYXSMOO-TXHXQZCNSA-M"",""VNYBTNPBYXSMOO-UHFFFAOYSA-M"",""VNYBTNPBYXSMOO-UHFFFAOYSA-N"",""ZIIYLQGKEMOGQA-UHFFFAOYSA-L""]"
210,azelaic.acid,CIDm00002266,true,40,37,"[""AQHGTMKETKBWQU-UHFFFAOYSA-M"",""AQHGTMKETKBWQU-UHFFFAOYSA-N"",""AYBIBEOMTQKJHZ-UHFFFAOYSA-N"",""BDJRBEYXGGNYIS-COJKEBBMSA-N"",""BDJRBEYXGGNYIS-ODSOAMBASA-N"",""BDJRBEYXGGNYIS-RIQGLZQJSA-N"",""BDJRBEYXGGNYIS-UHFFFAOYSA-L"",""BDJRBEYXGGNYIS-UHFFFAOYSA-N"",""BDJRBEYXGGNYIS-UHFFFAOYSA-O"",""DXHOBZZFYFMWCV-UHFFFAOYSA-N"",""FZZACWFRTMEBEI-UHFFFAOYSA-N"",""HVMSIOAHCBSRNO-UHFFFAOYSA-L"",""IKFMRFYLIRAXAJ-UHFFFAOYSA-N"",""IKFMRFYLIRAXAJ-UHFFFAOYSA-O"",""IKFMRFYLIRAXAJ-UHFFFAOYSA-P"",""INVYMRMGKAFLDP-UHFFFAOYSA-N"",""IXMCPRSLQPTREM-UHFFFAOYSA-L"",""JXNWKPWGIJERQU-UHFFFAOYSA-N"",""KITSBOHZGUHIOU-UHFFFAOYSA-M"",""KITSBOHZGUHIOU-UHFFFAOYSA-N"",""KYUUIPCDSNGPAU-UHFFFAOYSA-L"",""KYUUIPCDSNGPAU-UHFFFAOYSA-M"",""KYUUIPCDSNGPAU-UHFFFAOYSA-N"",""MXFVFZVNPIFINC-UHFFFAOYSA-N"",""OCLWYHKNYKCKHU-UHFFFAOYSA-N"",""ORKKMKUDEPWHTG-UHFFFAOYSA-N"",""QFYNUCAKHMSPCY-UHFFFAOYSA-L"",""QWXRPDNHMZEDKZ-UHFFFAOYSA-N"",""RROYVHWWTHKCHZ-UHFFFAOYSA-N"",""RTMGQVSGXYZVTE-UHFFFAOYSA-L"",""RTMGQVSGXYZVTE-UHFFFAOYSA-N"",""UDOPWDMIGDFPBW-UHFFFAOYSA-N"",""UOLJBJILBIKLBH-UHFFFAOYSA-N"",""UPPGFQTVDOQMKO-UHFFFAOYSA-N"",""WPBWJEYRHXACLR-UHFFFAOYSA-N"",""XRXAWELIXFIWRJ-UHFFFAOYSA-J"",""XVYUMHVMJHAGQE-UHFFFAOYSA-N""]"
211,zafirlukast,CIDm00005717,true,143,142,"[""BQIMNCNXOKEESK-UHFFFAOYSA-N"",""KTLBFLVKZHNSKR-UHFFFAOYSA-N"",""MPVFIBXGMIIKQC-UHFFFAOYSA-M"",""NCECTXVIQXYUAB-UHFFFAOYSA-N"",""NJKRQFCZNFUJLC-UHFFFAOYSA-N"",""NPPKGXCZIRCCEG-UHFFFAOYSA-N"",""SGESYGVFGGKOPR-UHFFFAOYSA-N"",""UTIIUQJAMLFSHL-UHFFFAOYSA-M"",""UTIIUQJAMLFSHL-UHFFFAOYSA-N"",""YEEZWCHGZNKEEK-ADKBYAEKSA-N"",""YEEZWCHGZNKEEK-AEIIWLGXSA-N"",""YEEZWCHGZNKEEK-ARXMRFEESA-N"",""YEEZWCHGZNKEEK-BBDSBCEJSA-N"",""YEEZWCHGZNKEEK-BCBZHPIASA-N"",""YEEZWCHGZNKEEK-BIYZLXDESA-N"",""YEEZWCHGZNKEEK-BMDURNOASA-N"",""YEEZWCHGZNKEEK-BMSJAHLVSA-N"",""YEEZWCHGZNKEEK-BPPAMHLBSA-N"",""YEEZWCHGZNKEEK-BWDKIBRUSA-N"",""YEEZWCHGZNKEEK-CCTDEORYSA-N"",""YEEZWCHGZNKEEK-CDNLAGPQSA-N"",""YEEZWCHGZNKEEK-CHZRCRTNSA-N"",""YEEZWCHGZNKEEK-DCVVBBHLSA-N"",""YEEZWCHGZNKEEK-DHRNILQESA-N"",""YEEZWCHGZNKEEK-DKIVSFEBSA-N"",""YEEZWCHGZNKEEK-DLBNIJLSSA-N"",""YEEZWCHGZNKEEK-DUSYXYEJSA-N"",""YEEZWCHGZNKEEK-DZDJIYQASA-N"",""YEEZWCHGZNKEEK-FBUPCRGOSA-N"",""YEEZWCHGZNKEEK-FCSBCZCXSA-N"",""YEEZWCHGZNKEEK-FHWYICISSA-N"",""YEEZWCHGZNKEEK-FIBGUPNXSA-N"",""YEEZWCHGZNKEEK-FJNYTKNASA-N"",""YEEZWCHGZNKEEK-FJSFTJIDSA-N"",""YEEZWCHGZNKEEK-FPBJYVKASA-N"",""YEEZWCHGZNKEEK-FTHJWLNWSA-N"",""YEEZWCHGZNKEEK-FTLDWMCWSA-N"",""YEEZWCHGZNKEEK-GCFCIJGPSA-N"",""YEEZWCHGZNKEEK-GFLJEFQLSA-N"",""YEEZWCHGZNKEEK-GHJSWLLTSA-N"",""YEEZWCHGZNKEEK-GMMFKTIFSA-N"",""YEEZWCHGZNKEEK-GMUFNZPKSA-N"",""YEEZWCHGZNKEEK-GNPLOMKPSA-N"",""YEEZWCHGZNKEEK-GQALSZNTSA-N"",""YEEZWCHGZNKEEK-GRVVRSQSSA-N"",""YEEZWCHGZNKEEK-GXDRYTEVSA-N"",""YEEZWCHGZNKEEK-HAJDOONZSA-N"",""YEEZWCHGZNKEEK-HEOWRTSXSA-N"",""YEEZWCHGZNKEEK-HFJLYIQRSA-N"",""YEEZWCHGZNKEEK-HPRDVNIFSA-N"",""YEEZWCHGZNKEEK-IDGFKZSDSA-N"",""YEEZWCHGZNKEEK-ILYSSWDVSA-N"",""YEEZWCHGZNKEEK-IOGTXMSPSA-N"",""YEEZWCHGZNKEEK-IQADCQFSSA-N"",""YEEZWCHGZNKEEK-IQFVGCEQSA-N"",""YEEZWCHGZNKEEK-IRKPOQOVSA-N"",""YEEZWCHGZNKEEK-IZEMPUPJSA-N"",""YEEZWCHGZNKEEK-JBYUIAQNSA-N"",""YEEZWCHGZNKEEK-JKSUIMTKSA-N"",""YEEZWCHGZNKEEK-JPWYLZDFSA-N"",""YEEZWCHGZNKEEK-KBLRCQROSA-N"",""YEEZWCHGZNKEEK-KPZLKKMVSA-N"",""YEEZWCHGZNKEEK-KRNBQJLZSA-N"",""YEEZWCHGZNKEEK-KSZZBSJZSA-N"",""YEEZWCHGZNKEEK-LBJGXXJFSA-N"",""YEEZWCHGZNKEEK-LGWDBZQUSA-N"",""YEEZWCHGZNKEEK-LHJLQCIASA-N"",""YEEZWCHGZNKEEK-LPAYFGFYSA-N"",""YEEZWCHGZNKEEK-LTSZQBMOSA-N"",""YEEZWCHGZNKEEK-LTYDOAPFSA-N"",""YEEZWCHGZNKEEK-MKHCMXPDSA-N"",""YEEZWCHGZNKEEK-MLBKMGCWSA-N"",""YEEZWCHGZNKEEK-MUSMRCLPSA-N"",""YEEZWCHGZNKEEK-NABUWFNNSA-N"",""YEEZWCHGZNKEEK-NAQUZBNQSA-N"",""YEEZWCHGZNKEEK-NBGQMPERSA-N"",""YEEZWCHGZNKEEK-NCUDSZQUSA-N"",""YEEZWCHGZNKEEK-NJXZINOOSA-N"",""YEEZWCHGZNKEEK-NNONLJFUSA-N"",""YEEZWCHGZNKEEK-NNPVDNADSA-N"",""YEEZWCHGZNKEEK-NTGNFKBZSA-N"",""YEEZWCHGZNKEEK-NUKOPVRASA-N"",""YEEZWCHGZNKEEK-NVWBTFTQSA-N"",""YEEZWCHGZNKEEK-NZLXMSDQSA-N"",""YEEZWCHGZNKEEK-OBOPKKGRSA-N"",""YEEZWCHGZNKEEK-OCMUDMKSSA-N"",""YEEZWCHGZNKEEK-OGPQSMJYSA-N"",""YEEZWCHGZNKEEK-ORFGWNRTSA-N"",""YEEZWCHGZNKEEK-PPRWSYCBSA-N"",""YEEZWCHGZNKEEK-QLAVIKGASA-N"",""YEEZWCHGZNKEEK-QLVZCAOVSA-N"",""YEEZWCHGZNKEEK-QTKZLSTQSA-N"",""YEEZWCHGZNKEEK-QUPDGBQCSA-N"",""YEEZWCHGZNKEEK-QWWQMIBNSA-N"",""YEEZWCHGZNKEEK-QZZHMVPTSA-N"",""YEEZWCHGZNKEEK-REJFHYLNSA-N"",""YEEZWCHGZNKEEK-RMGLYLQPSA-N"",""YEEZWCHGZNKEEK-RYHMUXCASA-N"",""YEEZWCHGZNKEEK-SEGPIGIZSA-N"",""YEEZWCHGZNKEEK-SIVAOFHRSA-N"",""YEEZWCHGZNKEEK-SOHCFXMGSA-N"",""YEEZWCHGZNKEEK-SSJYNYLCSA-N"",""YEEZWCHGZNKEEK-STJQYZKFSA-N"",""YEEZWCHGZNKEEK-SWLXVHJNSA-N"",""YEEZWCHGZNKEEK-TXWLPAJLSA-N"",""YEEZWCHGZNKEEK-TZJMKCMOSA-N"",""YEEZWCHGZNKEEK-UFDLNIPQSA-N"",""YEEZWCHGZNKEEK-UHFFFAOYSA-M"",""YEEZWCHGZNKEEK-UHFFFAOYSA-N"",""YEEZWCHGZNKEEK-UQGDGNAGSA-N"",""YEEZWCHGZNKEEK-UYYDSPBKSA-N"",""YEEZWCHGZNKEEK-VBGKBTPPSA-N"",""YEEZWCHGZNKEEK-VDERESLASA-N"",""YEEZWCHGZNKEEK-VGKOQFHTSA-N"",""YEEZWCHGZNKEEK-VGPSSWHQSA-N"",""YEEZWCHGZNKEEK-VJKRWARJSA-N"",""YEEZWCHGZNKEEK-VVAXZXPGSA-N"",""YEEZWCHGZNKEEK-WCDCJWGUSA-N"",""YEEZWCHGZNKEEK-WEIZUCLBSA-N"",""YEEZWCHGZNKEEK-WFGJKAKNSA-N"",""YEEZWCHGZNKEEK-WJMDDPMQSA-N"",""YEEZWCHGZNKEEK-WLTLAXDASA-N"",""YEEZWCHGZNKEEK-WQGDKZMMSA-N"",""YEEZWCHGZNKEEK-WRQTXKASSA-N"",""YEEZWCHGZNKEEK-WTJPRRJNSA-N"",""YEEZWCHGZNKEEK-XERRXZQWSA-N"",""YEEZWCHGZNKEEK-XFBWQZNBSA-N"",""YEEZWCHGZNKEEK-XJALUBQGSA-N"",""YEEZWCHGZNKEEK-XREUEXQLSA-N"",""YEEZWCHGZNKEEK-XUAAFDMHSA-N"",""YEEZWCHGZNKEEK-XVBZAJQJSA-N"",""YEEZWCHGZNKEEK-XYOYGRDISA-N"",""YEEZWCHGZNKEEK-YICJVIHTSA-N"",""YEEZWCHGZNKEEK-YLVRTKLNSA-N"",""YEEZWCHGZNKEEK-YOLNHOODSA-N"",""YEEZWCHGZNKEEK-YPGDEGSBSA-N"",""YEEZWCHGZNKEEK-YQUBHJMPSA-N"",""YEEZWCHGZNKEEK-YTGFDLTCSA-N"",""YEEZWCHGZNKEEK-ZDZMSUETSA-N"",""YEEZWCHGZNKEEK-ZIGKGIALSA-N"",""YEEZWCHGZNKEEK-ZIGYEYKCSA-N"",""YEEZWCHGZNKEEK-ZPJDWWTCSA-N""]"
212,pentostatin,CIDm00439693,false,0,0,[]
213,piroxicam,CIDm23690938,true,23,23,"[""DGBORAJJNVUJHW-UHFFFAOYSA-N"",""DUXWAZTWQMWFNI-UHFFFAOYSA-N"",""LDJVNWFKNMYYNT-UHFFFAOYSA-M"",""LSBKLSNWCMAWLZ-UHFFFAOYSA-N"",""NLQGSBONWRYODL-UHFFFAOYSA-N"",""NXZIIQBUQPSNND-UHFFFAOYSA-M"",""NXZIIQBUQPSNND-ZDCVYKBASA-M"",""OOQRLMCROGBTLN-UHFFFAOYSA-N"",""QKALROLAKOOBTB-UHFFFAOYSA-N"",""QPQNLYXYGBDIBX-UHFFFAOYSA-N"",""QYSPLQLAKJAUJT-FIBGUPNXSA-N"",""QYSPLQLAKJAUJT-KQORAOOSSA-N"",""QYSPLQLAKJAUJT-RLXJOQACSA-N"",""QYSPLQLAKJAUJT-UHFFFAOYSA-N"",""RONZDIGQJSCELR-UHFFFAOYSA-M"",""RONZDIGQJSCELR-UHFFFAOYSA-N"",""SDJQUPRVYCURBW-UHFFFAOYSA-N"",""UXNMUVOGEBRYNM-UHFFFAOYSA-N"",""UXNMUVOGEBRYNM-UHFFFAOYSA-O"",""WAYWSIMYQXHRFM-UHFFFAOYSA-N"",""XJKCODGQXVOXKE-UHFFFAOYSA-N"",""YHKAIXSBBISJNM-UHFFFAOYSA-M"",""YHKAIXSBBISJNM-UHFFFAOYSA-N""]"
214,lamotrigine,CIDm00003878,true,15,15,"[""KQMWTSFVXFEXDJ-UHFFFAOYSA-N"",""MLBACPAGXJZNEQ-UHFFFAOYSA-N"",""NOKQNYCHFFXTHS-UHFFFAOYSA-N"",""PYZRQGJRPPTADH-CBYSEHNBSA-N"",""PYZRQGJRPPTADH-JBISRTOLSA-N"",""PYZRQGJRPPTADH-MKOZQUTQSA-N"",""PYZRQGJRPPTADH-PNENHCSXSA-N"",""PYZRQGJRPPTADH-RAFDMFBSSA-N"",""PYZRQGJRPPTADH-UHFFFAOYSA-N"",""PYZRQGJRPPTADH-ULEDQSHZSA-N"",""PYZRQGJRPPTADH-VJJZLTLGSA-N"",""PYZRQGJRPPTADH-WJXKZYQCSA-N"",""XFIHKGTWNAYDRJ-UHFFFAOYSA-N"",""YREUDCGTOWFQFW-UHFFFAOYSA-M"",""YREUDCGTOWFQFW-UHFFFAOYSA-N""]"
215,zanamivir,CIDm00060855,false,0,0,[]
216,bosentan,CIDm00104865,true,51,51,"[""CDKZIYHXAKORFB-UHFFFAOYSA-N"",""DACLLZMUCBWZJO-UHFFFAOYSA-N"",""DWNGMTQQEOLTMW-UHFFFAOYSA-N"",""FEPHJZNALOUCCC-UHFFFAOYSA-N"",""GFNKIFSBPHGBRE-UHFFFAOYSA-N"",""GJPICJJJRGTNOD-AOFKVFGYSA-N"",""GJPICJJJRGTNOD-BPPAMHLBSA-N"",""GJPICJJJRGTNOD-CCOZMGDRSA-N"",""GJPICJJJRGTNOD-CYYBRURASA-N"",""GJPICJJJRGTNOD-FBCWWBABSA-N"",""GJPICJJJRGTNOD-FKAUUXSMSA-N"",""GJPICJJJRGTNOD-FRZFNNJWSA-N"",""GJPICJJJRGTNOD-GBTIECKKSA-N"",""GJPICJJJRGTNOD-GKOSEXJESA-N"",""GJPICJJJRGTNOD-GQALSZNTSA-N"",""GJPICJJJRGTNOD-MGKWXGLJSA-N"",""GJPICJJJRGTNOD-MKMXBRGXSA-N"",""GJPICJJJRGTNOD-ORTUQRNFSA-N"",""GJPICJJJRGTNOD-PTMVUBRZSA-N"",""GJPICJJJRGTNOD-QIFWILBKSA-N"",""GJPICJJJRGTNOD-RZOBCMOLSA-N"",""GJPICJJJRGTNOD-TZJMKCMOSA-N"",""GJPICJJJRGTNOD-UHFFFAOYSA-N"",""GJPICJJJRGTNOD-VLTWBXKISA-N"",""GJPICJJJRGTNOD-VYXSJHOGSA-N"",""GJPICJJJRGTNOD-WESJPTPPSA-N"",""GJPICJJJRGTNOD-WGPWXMMESA-N"",""GJPICJJJRGTNOD-WJQYSFHCSA-N"",""GJPICJJJRGTNOD-YTVMLVMXSA-N"",""GJPICJJJRGTNOD-YXWVDNGRSA-N"",""GJPICJJJRGTNOD-ZGAVCIBUSA-N"",""GJPICJJJRGTNOD-ZREPRRIZSA-N"",""HMTVBUNRGIIXSG-UHFFFAOYSA-N"",""JDCAUKCKRVJECY-UHFFFAOYSA-N"",""JLWMHYQHRXPWJI-BTJKTKAUSA-N"",""JLWMHYQHRXPWJI-UHFFFAOYSA-N"",""MOGMLFVTYXHXAX-UACZKNEHSA-M"",""NILGNPXHTAKSSW-UHFFFAOYSA-O"",""NIPJXXHUVMIQHU-UHFFFAOYSA-N"",""NSNYWLSUXWKKEM-UHFFFAOYSA-N"",""NXNYIZKPTDCLSZ-UHFFFAOYSA-N"",""PHLJQHALMXBUAP-UHFFFAOYSA-N"",""PKSSDWIAUOYPIU-UHFFFAOYSA-N"",""QMTJNKAAPQYRPT-UHFFFAOYSA-N"",""RFZVORNKUWIYLO-UHFFFAOYSA-N"",""SKAPNKAOHQUIOT-UHFFFAOYSA-N"",""SXTRWVVIEPWAKM-UHFFFAOYSA-N"",""XRVLHWIMNRBZNS-UHFFFAOYSA-N"",""YURJCVVQSHICSL-FWISECPRSA-N"",""YURJCVVQSHICSL-UHFFFAOYSA-N"",""ZVXUEMJZYKVIHL-UHFFFAOYSA-N""]"
217,tigecycline,CIDm54686904,false,0,0,[]
218,methotrexate,CIDm00126941,false,0,0,[]
219,carbamazepine,CIDm00002554,true,14,14,"[""FFGPTBGBLSHEPO-GKTGUEEDSA-N"",""FFGPTBGBLSHEPO-IIJSWMDNSA-N"",""FFGPTBGBLSHEPO-KHNBPAKNSA-N"",""FFGPTBGBLSHEPO-LHNTUAQVSA-N"",""FFGPTBGBLSHEPO-LHPFHNCUSA-N"",""FFGPTBGBLSHEPO-PKSNNKEVSA-N"",""FFGPTBGBLSHEPO-QDRJLNDYSA-N"",""FFGPTBGBLSHEPO-UHFFFAOYSA-N"",""FFGPTBGBLSHEPO-UHFFFAOYSA-O"",""FFGPTBGBLSHEPO-VBIQFZBOSA-N"",""LTLJKDXLTLWHQM-UHFFFAOYSA-N"",""NNMHSCLHQMBBTM-UHFFFAOYSA-N"",""UPTJXAHTRRBMJE-UHFFFAOYSA-N"",""XJVFVHLEBVSOAQ-UHFFFAOYSA-N""]"
220,cisatracurium,CIDm00062886,false,0,0,[]
221,fondaparinux,CIDm00636380,false,0,0,[]
222,propranolol,CIDm00004946,true,127,122,"[""AAQCIMVFPOGSJU-UHFFFAOYSA-N"",""AQHHHDLHHXJYJD-AEMTXUMUSA-N"",""AQHHHDLHHXJYJD-AWEZNQCLSA-N"",""AQHHHDLHHXJYJD-AWEZNQCLSA-O"",""AQHHHDLHHXJYJD-BCIJWVNGSA-N"",""AQHHHDLHHXJYJD-BDVYYODNSA-N"",""AQHHHDLHHXJYJD-CNGPVMDGSA-N"",""AQHHHDLHHXJYJD-CQSZACIVSA-N"",""AQHHHDLHHXJYJD-CQSZACIVSA-O"",""AQHHHDLHHXJYJD-CREVGYAVSA-N"",""AQHHHDLHHXJYJD-CZEVESCESA-N"",""AQHHHDLHHXJYJD-DFAIHOBPSA-N"",""AQHHHDLHHXJYJD-DGKKMPCOSA-N"",""AQHHHDLHHXJYJD-DMPXEWEESA-N"",""AQHHHDLHHXJYJD-DWSYCVKZSA-N"",""AQHHHDLHHXJYJD-FCFVPJCTSA-N"",""AQHHHDLHHXJYJD-FIBGUPNXSA-N"",""AQHHHDLHHXJYJD-FIWUMSIFSA-N"",""AQHHHDLHHXJYJD-FRZBUCMISA-N"",""AQHHHDLHHXJYJD-GCNXMRAWSA-N"",""AQHHHDLHHXJYJD-GKYBDFEDSA-N"",""AQHHHDLHHXJYJD-GMAYFXOKSA-N"",""AQHHHDLHHXJYJD-GPWZVNNNSA-N"",""AQHHHDLHHXJYJD-HKNMUYPKSA-N"",""AQHHHDLHHXJYJD-HSNISVEUSA-N"",""AQHHHDLHHXJYJD-HVAICDPOSA-N"",""AQHHHDLHHXJYJD-HXKFLXDXSA-N"",""AQHHHDLHHXJYJD-ICJOSXBBSA-N"",""AQHHHDLHHXJYJD-IEMIFWJJSA-N"",""AQHHHDLHHXJYJD-IHOPNACESA-N"",""AQHHHDLHHXJYJD-IHSUFKCPSA-N"",""AQHHHDLHHXJYJD-IONSSJSNSA-N"",""AQHHHDLHHXJYJD-JIZANVDTSA-N"",""AQHHHDLHHXJYJD-JPEYYEQZSA-N"",""AQHHHDLHHXJYJD-JQZRNFQXSA-N"",""AQHHHDLHHXJYJD-KBMKNGFXSA-N"",""AQHHHDLHHXJYJD-KEWKYEQZSA-N"",""AQHHHDLHHXJYJD-KHFQCCBASA-N"",""AQHHHDLHHXJYJD-LDYJTCERSA-N"",""AQHHHDLHHXJYJD-LDZMMMLMSA-N"",""AQHHHDLHHXJYJD-LYCBYDEFSA-N"",""AQHHHDLHHXJYJD-MDZYXKFQSA-N"",""AQHHHDLHHXJYJD-MFEXSAKOSA-N"",""AQHHHDLHHXJYJD-MIBSYSDMSA-N"",""AQHHHDLHHXJYJD-MIUKCHIWSA-N"",""AQHHHDLHHXJYJD-MKQHWYKPSA-N"",""AQHHHDLHHXJYJD-MRAIFBLPSA-N"",""AQHHHDLHHXJYJD-NCFGWJABSA-N"",""AQHHHDLHHXJYJD-NJFDCKJNSA-N"",""AQHHHDLHHXJYJD-NWFMCOQESA-N"",""AQHHHDLHHXJYJD-PGFKMJTASA-N"",""AQHHHDLHHXJYJD-PTOXNMGPSA-N"",""AQHHHDLHHXJYJD-PTULYUFTSA-N"",""AQHHHDLHHXJYJD-PVQKZBPISA-N"",""AQHHHDLHHXJYJD-QLWPOVNFSA-N"",""AQHHHDLHHXJYJD-RUSRJPSYSA-N"",""AQHHHDLHHXJYJD-SEWQGPNVSA-N"",""AQHHHDLHHXJYJD-SGCHUYIRSA-N"",""AQHHHDLHHXJYJD-SQIBPIAKSA-N"",""AQHHHDLHHXJYJD-UBECDJDNSA-N"",""AQHHHDLHHXJYJD-UCWLJRHUSA-N"",""AQHHHDLHHXJYJD-UHFFFAOYSA-N"",""AQHHHDLHHXJYJD-UHFFFAOYSA-O"",""AQHHHDLHHXJYJD-UJSNHCENSA-N"",""AQHHHDLHHXJYJD-UNZLJJOISA-N"",""AQHHHDLHHXJYJD-UQBWLURTSA-N"",""AQHHHDLHHXJYJD-UTGDFDKYSA-N"",""AQHHHDLHHXJYJD-UWAUJQNOSA-N"",""AQHHHDLHHXJYJD-VAAKKRCDSA-N"",""AQHHHDLHHXJYJD-VAWYNAGNSA-N"",""AQHHHDLHHXJYJD-VQLYZTEASA-N"",""AQHHHDLHHXJYJD-VZNFLHNNSA-N"",""AQHHHDLHHXJYJD-VZYPWZODSA-N"",""AQHHHDLHHXJYJD-WFGJKAKNSA-N"",""AQHHHDLHHXJYJD-WHRKIXHSSA-N"",""AQHHHDLHHXJYJD-WNMVVZIBSA-N"",""AQHHHDLHHXJYJD-WUWHREATSA-N"",""AQHHHDLHHXJYJD-XCIMEMPGSA-N"",""AQHHHDLHHXJYJD-XDBIQCCYSA-N"",""AQHHHDLHHXJYJD-XKIWCWMRSA-N"",""AQHHHDLHHXJYJD-XKKFJAQHSA-N"",""AQHHHDLHHXJYJD-XMSYOAHFSA-N"",""AQHHHDLHHXJYJD-XPZONWKMSA-N"",""AQHHHDLHHXJYJD-XQQHPXEQSA-N"",""AQHHHDLHHXJYJD-XRGZHVNOSA-N"",""AQHHHDLHHXJYJD-XRPHAURKSA-N"",""AQHHHDLHHXJYJD-XYQOEYHTSA-N"",""AQHHHDLHHXJYJD-YJCOVDDPSA-N"",""AQHHHDLHHXJYJD-YXDKRSHTSA-N"",""AQHHHDLHHXJYJD-YXJFVUMOSA-N"",""AQHHHDLHHXJYJD-YYIDVCPWSA-N"",""AQHHHDLHHXJYJD-ZFUITWHESA-N"",""AQHHHDLHHXJYJD-ZJKQDJGLSA-N"",""AQHHHDLHHXJYJD-ZKQSWEEJSA-N"",""AQHHHDLHHXJYJD-ZOUKVZROSA-N"",""AQHHHDLHHXJYJD-ZSMCZWNWSA-N"",""AQHHHDLHHXJYJD-ZUWABEAKSA-N"",""AQHHHDLHHXJYJD-ZWGOZCLVSA-N"",""AQHHHDLHHXJYJD-ZZZOMJQSSA-N"",""BRVHJOXNJGQEOI-UHFFFAOYSA-N"",""CWXXTTMUFISSOL-UHFFFAOYSA-N"",""DGEGDYZHQWQVKR-UHFFFAOYSA-N"",""GASWNIYLNDAHGA-UHFFFAOYSA-N"",""LIKGWPFRGMDPRJ-UHFFFAOYSA-N"",""MXFPFTCCQFVBCF-UHFFFAOYSA-N"",""OKUNXTLKVKUGSB-UHFFFAOYSA-N"",""OKUNXTLKVKUGSB-XUZVGNKESA-N"",""WRIIKRVFVCHXPS-UHFFFAOYSA-N"",""XCRWKKAVYOJCCV-UHFFFAOYSA-L"",""YVSBUXXXSCVUQQ-IKFJUQJOSA-N"",""YVSBUXXXSCVUQQ-PFEQFJNWSA-N"",""YVSBUXXXSCVUQQ-UHFFFAOYSA-N"",""ZMRUPTIKESYGQW-DECJMFKTSA-N"",""ZMRUPTIKESYGQW-GSAKUAQZSA-N"",""ZMRUPTIKESYGQW-HLRQKBRWSA-N"",""ZMRUPTIKESYGQW-ODLOEXKQSA-N"",""ZMRUPTIKESYGQW-PFEQFJNWSA-M"",""ZMRUPTIKESYGQW-PFEQFJNWSA-N"",""ZMRUPTIKESYGQW-UHFFFAOYSA-M"",""ZMRUPTIKESYGQW-UHFFFAOYSA-N"",""ZMRUPTIKESYGQW-UQKRIMTDSA-M"",""ZMRUPTIKESYGQW-UQKRIMTDSA-N""]"
223,clonidine,CIDm00002803,true,26,24,"[""DUJZAHHGKXTBJO-UHFFFAOYSA-K"",""DYUNUJYNMHMEPZ-UHFFFAOYSA-N"",""FYQIRWVBVAIALC-WLHGVMLRSA-N"",""GASCVCIHFQLASZ-UHFFFAOYSA-N"",""GJSURZIOUXUGAL-BQOWTEKDSA-N"",""GJSURZIOUXUGAL-CNRUNOGKSA-N"",""GJSURZIOUXUGAL-CQOLUAMGSA-N"",""GJSURZIOUXUGAL-MICDWDOJSA-N"",""GJSURZIOUXUGAL-NJFSPNSNSA-N"",""GJSURZIOUXUGAL-UHFFFAOYSA-N"",""GJSURZIOUXUGAL-UHFFFAOYSA-O"",""GJSURZIOUXUGAL-YLZNBVSGSA-N"",""GLEWMLFXCSBZLK-UHFFFAOYSA-M"",""GLEWMLFXCSBZLK-UHFFFAOYSA-N"",""GNBAOASWRQSMNM-UHFFFAOYSA-N"",""JIDDIJKRYGDNOX-UHFFFAOYSA-L"",""OVRAHXHFWXJLMJ-UHFFFAOYSA-N"",""RLNZJSNNEJKGMG-UHFFFAOYSA-N"",""ZIBQWNBTKSABAW-UHFFFAOYSA-N"",""ZNIFSRGNXRYGHF-DYIKWJKTSA-N"",""ZNIFSRGNXRYGHF-FUOQZJQDSA-N"",""ZNIFSRGNXRYGHF-HGFPCDIYSA-N"",""ZNIFSRGNXRYGHF-UHFFFAOYSA-M"",""ZNIFSRGNXRYGHF-UHFFFAOYSA-N""]"
224,valaciclovir,CIDm00060772,false,0,0,[]
225,valdecoxib,CIDm00119607,true,11,11,"[""AIWLLBZNMNSVFJ-UHFFFAOYSA-N"",""FTFVXHHQCXNDMO-UHFFFAOYSA-N"",""HXNVZPCERLWHSL-UHFFFAOYSA-N"",""LNPDTQAFDNKSHK-FIBGUPNXSA-N"",""LNPDTQAFDNKSHK-KQORAOOSSA-N"",""LNPDTQAFDNKSHK-LQFUBYOBSA-N"",""LNPDTQAFDNKSHK-UHFFFAOYSA-N"",""NEELZKTZYHAOOV-UHFFFAOYSA-N"",""UDHLILQPTRYZBI-UHFFFAOYSA-N"",""WKZRVNDKQUAQPV-UHFFFAOYSA-N"",""ZUKPYXOAGJXACI-UHFFFAOYSA-N""]"
226,voriconazole,CIDm00071616,true,54,54,"[""BBFFFOKRFVHNFZ-UHFFFAOYSA-N"",""BBFFFOKRFVHNFZ-XVQZZTKGSA-N"",""BCEHBSKCWLPMDN-BEAYGVDGSA-N"",""BCEHBSKCWLPMDN-CSPPYYTDSA-N"",""BCEHBSKCWLPMDN-FIJQNTOHSA-N"",""BCEHBSKCWLPMDN-FMXFOZHCSA-N"",""BCEHBSKCWLPMDN-GEKMXXCKSA-N"",""BCEHBSKCWLPMDN-GNIKDGCASA-N"",""BCEHBSKCWLPMDN-HWPZZCPQSA-N"",""BCEHBSKCWLPMDN-JUIAJLSVSA-N"",""BCEHBSKCWLPMDN-LUAIZFGSSA-N"",""BCEHBSKCWLPMDN-MGPLVRAMSA-N"",""BCEHBSKCWLPMDN-MGPLVRAMSA-O"",""BCEHBSKCWLPMDN-NLJQUHBXSA-N"",""BCEHBSKCWLPMDN-NPFORIEESA-N"",""BCEHBSKCWLPMDN-PVLHQXDLSA-N"",""BCEHBSKCWLPMDN-QFYYESIMSA-N"",""BCEHBSKCWLPMDN-QLJPJBMISA-N"",""BCEHBSKCWLPMDN-QLWAGJNOSA-N"",""BCEHBSKCWLPMDN-UHFFFAOYSA-N"",""BCEHBSKCWLPMDN-UHFFFAOYSA-O"",""BCEHBSKCWLPMDN-VQVVDHBBSA-N"",""BCEHBSKCWLPMDN-XEIAGKTFSA-N"",""BCEHBSKCWLPMDN-YRQZNCJOSA-N"",""BOGDBYPSUYPTNH-UHFFFAOYSA-N"",""BOGDBYPSUYPTNH-XVQZZTKGSA-N"",""BUANXEXHTDFPQV-UHFFFAOYSA-N"",""BUANXEXHTDFPQV-XVQZZTKGSA-N"",""FTFSJZRWUBRWRV-UHFFFAOYSA-N"",""FTFSJZRWUBRWRV-XVQZZTKGSA-N"",""IOSIMTZTRIBETE-LHCVIYPOSA-N"",""IOSIMTZTRIBETE-UHFFFAOYSA-N"",""LUCUUABEGVYRBD-FXQBSISVSA-N"",""LUCUUABEGVYRBD-MYYPEQLCSA-N"",""MCUJENJXBODYSO-UHFFFAOYSA-N"",""MCUJENJXBODYSO-XVQZZTKGSA-N"",""MIKPZZRFBXKVOM-KORNZMGOSA-L"",""MIKPZZRFBXKVOM-UHFFFAOYSA-L"",""ORBZIKJKNBDCRR-UHFFFAOYSA-N"",""ORBZIKJKNBDCRR-XVQZZTKGSA-N"",""RNRFNYGRJXBWNB-UHFFFAOYSA-N"",""RNRFNYGRJXBWNB-XVQZZTKGSA-N"",""RZVCILVUWHISTC-UHFFFAOYSA-N"",""RZVCILVUWHISTC-XVQZZTKGSA-N"",""WDAPJOPHUQSXLM-UHFFFAOYSA-N"",""WDAPJOPHUQSXLM-XVQZZTKGSA-N"",""WXPIRUGPIHCRPH-UHFFFAOYSA-N"",""WXPIRUGPIHCRPH-XVQZZTKGSA-N"",""XHLUQAGMJJPVSB-SWWGPDNMSA-L"",""XHLUQAGMJJPVSB-UHFFFAOYSA-L"",""XIYRSVRTHSWJNL-ARDKPGRISA-N"",""XIYRSVRTHSWJNL-UHFFFAOYSA-N"",""YFRKYIMPLTWXDK-UHFFFAOYSA-N"",""YFRKYIMPLTWXDK-XVQZZTKGSA-N""]"
227,levocarnitine,CIDm00010917,false,0,0,[]
228,enalapril,CIDm05388961,false,0,0,[]
229,nizatidine,CIDm03033637,false,0,0,[]
230,diclofenac,CIDm00003032,true,44,42,"[""AXCHLYAZGVYYRE-UHFFFAOYSA-M"",""BOUNDVQSAXMBMZ-UHFFFAOYSA-M"",""CZQDJBACXLZISN-UHFFFAOYSA-M"",""DCOPUUMXTXDBNB-LHMBVTHVSA-N"",""DCOPUUMXTXDBNB-LPZFHNFMSA-N"",""DCOPUUMXTXDBNB-MGVXTIMCSA-N"",""DCOPUUMXTXDBNB-PWMXWAJOSA-N"",""DCOPUUMXTXDBNB-SCFZSLNVSA-N"",""DCOPUUMXTXDBNB-UHFFFAOYSA-M"",""DCOPUUMXTXDBNB-UHFFFAOYSA-N"",""DCOPUUMXTXDBNB-WJULDGBESA-N"",""DJVPAMMGVCXRCB-UHFFFAOYSA-N"",""DYXOEYHXCBHHGG-UHFFFAOYSA-N"",""FCCGTLIKINNSJI-UHFFFAOYSA-M"",""FURLBILRLMYSQX-UHFFFAOYSA-M"",""JIWMJFJCRSGVTA-UHFFFAOYSA-M"",""JJAJZZCWWCMCSQ-UHFFFAOYSA-L"",""KPHWPUGNDIVLNH-QOJBZNDNSA-M"",""KPHWPUGNDIVLNH-UHFFFAOYSA-M"",""KPHWPUGNDIVLNH-UHFFFAOYSA-N"",""KXZOIWWTXOCYKR-UHFFFAOYSA-M"",""KXZOIWWTXOCYKR-UHFFFAOYSA-N"",""LUCXOFIZQAAKNM-UHFFFAOYSA-L"",""MADBSBXALHMODP-UHFFFAOYSA-N"",""NNXQGCHUKGEXEI-UHFFFAOYSA-N"",""NQTVZGQWQIQQTJ-UHFFFAOYSA-N"",""ODQWXEMRYGLFJB-UHFFFAOYSA-N"",""ODRPBFWBAQEHOA-UHFFFAOYSA-N"",""OQNSGJHHQRUALR-UHFFFAOYSA-L"",""PRLOWEIBESKIQR-IJYJQIEZSA-L"",""SBEITXPWIPKYAD-UHFFFAOYSA-M"",""URNZNLUEEQQRFX-UHFFFAOYSA-N"",""VKJZVTYEYFAPSK-UHFFFAOYSA-N"",""VSFBPYWDRANDLM-UHFFFAOYSA-M"",""VSFBPYWDRANDLM-UHFFFAOYSA-N"",""VVAYTMXXDVJQAS-UHFFFAOYSA-N"",""WPKGDMKVDUKSHS-UHFFFAOYSA-N"",""YGCQNYBVDWPFFK-UHFFFAOYSA-L"",""YOTUPSGSCPAVSJ-UHFFFAOYSA-M"",""ZSUOOINMMKDBFZ-UHFFFAOYSA-L"",""ZTHXLMMCZVDZJG-UHFFFAOYSA-N"",""ZVZNTSUEJMAVJX-UHFFFAOYSA-N""]"
231,doxazosin,CIDm00003157,true,157,151,"[""AQAZIYFEPYHLHC-BDQAORGHSA-N"",""AQAZIYFEPYHLHC-UHFFFAOYSA-N"",""DZUJUYGPHBBGGI-UHFFFAOYSA-N"",""FVUJWVBNOBNKGV-UHFFFAOYSA-N"",""HVXHFFAFVQFZKH-UHFFFAOYSA-N"",""KCEHKIAVQKEVQN-BTJKTKAUSA-N"",""KCEHKIAVQKEVQN-UHFFFAOYSA-N"",""PCIQCZTXNGYQTH-UHFFFAOYSA-N"",""RUZYUOTYCVRMRZ-AAYWWIQBSA-N"",""RUZYUOTYCVRMRZ-AMGLBFHZSA-N"",""RUZYUOTYCVRMRZ-ANLTXNKXSA-N"",""RUZYUOTYCVRMRZ-ARMBJVBUSA-N"",""RUZYUOTYCVRMRZ-BHVYUASFSA-N"",""RUZYUOTYCVRMRZ-BYDOIZILSA-N"",""RUZYUOTYCVRMRZ-CFFXZGLHSA-N"",""RUZYUOTYCVRMRZ-CFJQCFMCSA-N"",""RUZYUOTYCVRMRZ-CGKBFJHXSA-N"",""RUZYUOTYCVRMRZ-CPURZKKGSA-N"",""RUZYUOTYCVRMRZ-CQPIWLNTSA-N"",""RUZYUOTYCVRMRZ-CRRRLMRISA-N"",""RUZYUOTYCVRMRZ-DCCNTEJFSA-N"",""RUZYUOTYCVRMRZ-DCPIGTNKSA-N"",""RUZYUOTYCVRMRZ-DMDJFLSWSA-N"",""RUZYUOTYCVRMRZ-DQSZNUITSA-N"",""RUZYUOTYCVRMRZ-DQUFGBAVSA-N"",""RUZYUOTYCVRMRZ-DSVDURIHSA-N"",""RUZYUOTYCVRMRZ-DTTFEXNBSA-N"",""RUZYUOTYCVRMRZ-DUDLDSFJSA-N"",""RUZYUOTYCVRMRZ-DVXLQVPESA-N"",""RUZYUOTYCVRMRZ-DXTAGCINSA-N"",""RUZYUOTYCVRMRZ-FGZQIMSVSA-N"",""RUZYUOTYCVRMRZ-FMOFHUFZSA-N"",""RUZYUOTYCVRMRZ-FNZRGOEOSA-N"",""RUZYUOTYCVRMRZ-FQEVSTJZSA-N"",""RUZYUOTYCVRMRZ-FQEVSTJZSA-O"",""RUZYUOTYCVRMRZ-FSCFRWONSA-N"",""RUZYUOTYCVRMRZ-GFIGBVJMSA-N"",""RUZYUOTYCVRMRZ-GHXXTMPGSA-N"",""RUZYUOTYCVRMRZ-GKBBBQLQSA-N"",""RUZYUOTYCVRMRZ-GMOJPWMTSA-N"",""RUZYUOTYCVRMRZ-GNHWWCGMSA-N"",""RUZYUOTYCVRMRZ-GUMHVMQCSA-N"",""RUZYUOTYCVRMRZ-GWVJRGNASA-N"",""RUZYUOTYCVRMRZ-HFJLYIQRSA-N"",""RUZYUOTYCVRMRZ-HOUUVTLISA-N"",""RUZYUOTYCVRMRZ-HRLJYWEUSA-N"",""RUZYUOTYCVRMRZ-HWHBMDBDSA-N"",""RUZYUOTYCVRMRZ-HXUWFJFHSA-N"",""RUZYUOTYCVRMRZ-HXUWFJFHSA-O"",""RUZYUOTYCVRMRZ-IDDUKCIJSA-N"",""RUZYUOTYCVRMRZ-IKEOACDCSA-N"",""RUZYUOTYCVRMRZ-IMOOARENSA-N"",""RUZYUOTYCVRMRZ-IMWKBUORSA-N"",""RUZYUOTYCVRMRZ-IPYDUTDKSA-N"",""RUZYUOTYCVRMRZ-IQIGXOFMSA-N"",""RUZYUOTYCVRMRZ-ISJXBOAMSA-N"",""RUZYUOTYCVRMRZ-IUQRRTTESA-N"",""RUZYUOTYCVRMRZ-JHOGRYLHSA-N"",""RUZYUOTYCVRMRZ-JTCVSHRKSA-N"",""RUZYUOTYCVRMRZ-JYDNJAKWSA-N"",""RUZYUOTYCVRMRZ-KBXORMDMSA-N"",""RUZYUOTYCVRMRZ-KELZFHFKSA-N"",""RUZYUOTYCVRMRZ-KLTYLHELSA-N"",""RUZYUOTYCVRMRZ-LEBVWVIHSA-N"",""RUZYUOTYCVRMRZ-LPINPBMRSA-N"",""RUZYUOTYCVRMRZ-LVOUVPIXSA-N"",""RUZYUOTYCVRMRZ-MBVINDHFSA-N"",""RUZYUOTYCVRMRZ-MDXVNDGTSA-N"",""RUZYUOTYCVRMRZ-MMWVJWNFSA-N"",""RUZYUOTYCVRMRZ-MPAKTYDCSA-N"",""RUZYUOTYCVRMRZ-MWZJGXTCSA-N"",""RUZYUOTYCVRMRZ-NCTPENAYSA-N"",""RUZYUOTYCVRMRZ-OHLDYHPASA-N"",""RUZYUOTYCVRMRZ-OSEHSPPNSA-N"",""RUZYUOTYCVRMRZ-PACPHTINSA-N"",""RUZYUOTYCVRMRZ-PFIYWCQRSA-N"",""RUZYUOTYCVRMRZ-PHYKUCDPSA-N"",""RUZYUOTYCVRMRZ-PIJDXNQSSA-N"",""RUZYUOTYCVRMRZ-PPVQIAFHSA-N"",""RUZYUOTYCVRMRZ-PVNNXGJZSA-N"",""RUZYUOTYCVRMRZ-QXHUFVDDSA-N"",""RUZYUOTYCVRMRZ-RAMNHTHXSA-N"",""RUZYUOTYCVRMRZ-RAUWHWJLSA-N"",""RUZYUOTYCVRMRZ-RFBXHRBWSA-N"",""RUZYUOTYCVRMRZ-RHWFXDPASA-N"",""RUZYUOTYCVRMRZ-RJAZNORTSA-N"",""RUZYUOTYCVRMRZ-RSKZCINTSA-N"",""RUZYUOTYCVRMRZ-RURLBIBVSA-N"",""RUZYUOTYCVRMRZ-RUZHWFGFSA-N"",""RUZYUOTYCVRMRZ-RXZHASBBSA-N"",""RUZYUOTYCVRMRZ-SDSLIIGSSA-N"",""RUZYUOTYCVRMRZ-SFDJOWKTSA-N"",""RUZYUOTYCVRMRZ-SFJGDADFSA-N"",""RUZYUOTYCVRMRZ-SRBNLGFBSA-N"",""RUZYUOTYCVRMRZ-SYGJMVKCSA-N"",""RUZYUOTYCVRMRZ-SYMNYUGVSA-N"",""RUZYUOTYCVRMRZ-TXNVYZHYSA-N"",""RUZYUOTYCVRMRZ-UBWNVORPSA-N"",""RUZYUOTYCVRMRZ-UFBJYANTSA-N"",""RUZYUOTYCVRMRZ-UGRVTKNTSA-N"",""RUZYUOTYCVRMRZ-UGWDYKINSA-N"",""RUZYUOTYCVRMRZ-UHFFFAOYSA-N"",""RUZYUOTYCVRMRZ-UHFFFAOYSA-O"",""RUZYUOTYCVRMRZ-UPBWVVDLSA-N"",""RUZYUOTYCVRMRZ-USJBIYMMSA-N"",""RUZYUOTYCVRMRZ-USUSYXOVSA-N"",""RUZYUOTYCVRMRZ-VPEKSUBCSA-N"",""RUZYUOTYCVRMRZ-VXBHMJBKSA-N"",""RUZYUOTYCVRMRZ-WBZITLISSA-N"",""RUZYUOTYCVRMRZ-WDLKMSNLSA-N"",""RUZYUOTYCVRMRZ-WDXGMOLQSA-N"",""RUZYUOTYCVRMRZ-WFGJKAKNSA-N"",""RUZYUOTYCVRMRZ-WIUNFIRLSA-N"",""RUZYUOTYCVRMRZ-WKGGBBDHSA-N"",""RUZYUOTYCVRMRZ-WUJKWRFISA-N"",""RUZYUOTYCVRMRZ-WUQGQNLISA-N"",""RUZYUOTYCVRMRZ-WWURJMHASA-N"",""RUZYUOTYCVRMRZ-WXVDSVKZSA-N"",""RUZYUOTYCVRMRZ-XCYYNNALSA-N"",""RUZYUOTYCVRMRZ-XFZDDILSSA-N"",""RUZYUOTYCVRMRZ-XKLQKZOXSA-N"",""RUZYUOTYCVRMRZ-XLDQPFKESA-N"",""RUZYUOTYCVRMRZ-XOOSECETSA-N"",""RUZYUOTYCVRMRZ-XRUIBAJASA-N"",""RUZYUOTYCVRMRZ-XVDWYIIMSA-N"",""RUZYUOTYCVRMRZ-XVOUJICSSA-N"",""RUZYUOTYCVRMRZ-XYZCKXGCSA-N"",""RUZYUOTYCVRMRZ-YLTNPLNBSA-N"",""RUZYUOTYCVRMRZ-YMZFNFLGSA-N"",""RUZYUOTYCVRMRZ-YQUBHJMPSA-N"",""RUZYUOTYCVRMRZ-YTCRUNJMSA-N"",""RUZYUOTYCVRMRZ-YVHRXSIGSA-N"",""RUZYUOTYCVRMRZ-ZCEZCXSJSA-N"",""RUZYUOTYCVRMRZ-ZEOYIVJASA-N"",""RUZYUOTYCVRMRZ-ZGBMZCDDSA-N"",""RUZYUOTYCVRMRZ-ZJLHGKHWSA-N"",""RUZYUOTYCVRMRZ-ZJZYWQACSA-N"",""RUZYUOTYCVRMRZ-ZLCJHPKWSA-N"",""RUZYUOTYCVRMRZ-ZLILXVRWSA-N"",""RUZYUOTYCVRMRZ-ZLYVUOANSA-N"",""RUZYUOTYCVRMRZ-ZPXIBGAISA-N"",""RUZYUOTYCVRMRZ-ZPYHDYEJSA-N"",""RUZYUOTYCVRMRZ-ZSJDYOACSA-N"",""RUZYUOTYCVRMRZ-ZUMYTDOGSA-N"",""RUZYUOTYCVRMRZ-ZVSNAFRISA-N"",""VJECBOKJABCYMF-BDQAORGHSA-N"",""VJECBOKJABCYMF-UHFFFAOYSA-M"",""VJECBOKJABCYMF-UHFFFAOYSA-N"",""VJECBOKJABCYMF-VEIFNGETSA-N"",""VPWSJGIZKVGHOO-UHFFFAOYSA-L"",""XHQURZOAUFKJKJ-UHFFFAOYSA-N""]"
232,amiloride,CIDm00016230,true,20,16,"[""ACHKKGDWZVCSNH-FORMCRCZSA-N"",""ACHKKGDWZVCSNH-UHFFFAOYSA-M"",""ACHKKGDWZVCSNH-UHFFFAOYSA-N"",""BINMYIWQWPQSJZ-UHFFFAOYSA-L"",""CJUIOICETRYOSO-UHFFFAOYSA-N"",""JGQGOJUHHLCSSJ-UHFFFAOYSA-K"",""JGQGOJUHHLCSSJ-UHFFFAOYSA-N"",""LMBGRGFGUMSLLD-UHFFFAOYSA-N"",""LTKVFMLMEYCWMK-UHFFFAOYSA-M"",""LTKVFMLMEYCWMK-UHFFFAOYSA-N"",""NZAVLPARXSRSHZ-UHFFFAOYSA-N"",""WDZJJRLYFQNCQL-UHFFFAOYSA-M"",""WDZJJRLYFQNCQL-UHFFFAOYSA-N"",""XSDQTOBWRPYKKA-MKZAMGNXSA-N"",""XSDQTOBWRPYKKA-UHFFFAOYSA-N"",""XSDQTOBWRPYKKA-UHFFFAOYSA-O""]"
233,gadoteridol,CIDm00060714,false,0,0,[]
234,labetalol,CIDm00003869,true,29,27,"[""BWKRZRDERBAOSQ-SAGCGVQDSA-N"",""BWKRZRDERBAOSQ-UHFFFAOYSA-N"",""GIBIVGHVUNRLIZ-UHFFFAOYSA-N"",""GIBIVGHVUNRLIZ-WJKBNZMCSA-N"",""QDSFJIACQNLRQX-UHFFFAOYSA-N"",""SGUAFYQXFOLMHL-ACJLOTCBSA-N"",""SGUAFYQXFOLMHL-ACJLOTCBSA-O"",""SGUAFYQXFOLMHL-FVRDMJKUSA-N"",""SGUAFYQXFOLMHL-FZKQIMNGSA-N"",""SGUAFYQXFOLMHL-FZKQIMNGSA-O"",""SGUAFYQXFOLMHL-GXGNHQSFSA-N"",""SGUAFYQXFOLMHL-PQJIZZRHSA-N"",""SGUAFYQXFOLMHL-SCLBCKFNSA-N"",""SGUAFYQXFOLMHL-SCLBCKFNSA-O"",""SGUAFYQXFOLMHL-UGSOOPFHSA-N"",""SGUAFYQXFOLMHL-UGSOOPFHSA-O"",""SGUAFYQXFOLMHL-UHFFFAOYSA-N"",""SGUAFYQXFOLMHL-UHFFFAOYSA-O"",""SGUAFYQXFOLMHL-UWBLVGDVSA-N"",""SGUAFYQXFOLMHL-YJJYDOSJSA-N"",""WQVZLXWQESQGIF-LKVBXIFLSA-N"",""WQVZLXWQESQGIF-QRGZVCNKSA-N"",""WQVZLXWQESQGIF-UFRBEDTPSA-N"",""WQVZLXWQESQGIF-UHFFFAOYSA-M"",""WQVZLXWQESQGIF-UHFFFAOYSA-N"",""WQVZLXWQESQGIF-WJKBNZMCSA-N"",""WQVZLXWQESQGIF-ZYJMRSDMSA-N""]"
235,linezolid,CIDm00441401,false,0,0,[]
236,ivermectin,CIDm06435110,true,13,13,"[""SPBDXSGPUHCETR-CVSKBELMSA-N"",""SPBDXSGPUHCETR-DVQCUNCJSA-N"",""SPBDXSGPUHCETR-HCXUFYQRSA-N"",""SPBDXSGPUHCETR-JFUDTMANSA-N"",""SPBDXSGPUHCETR-KJAPPUOXSA-N"",""SPBDXSGPUHCETR-LRSFIHJOSA-N"",""SPBDXSGPUHCETR-LZTSQIMASA-N"",""SPBDXSGPUHCETR-MVGRHBATSA-N"",""SPBDXSGPUHCETR-OKCWMUBISA-N"",""SPBDXSGPUHCETR-UHFFFAOYSA-N"",""SPBDXSGPUHCETR-VHJJIYNUSA-N"",""SPBDXSGPUHCETR-VJWMOXBJSA-N"",""SPBDXSGPUHCETR-VNLANEHCSA-N""]"
237,medroxyprogesterone,CIDm00010631,true,27,27,"[""FRQMUZJSZHZSGN-CAIHPFEJSA-N"",""FRQMUZJSZHZSGN-CWBBXSOCSA-N"",""FRQMUZJSZHZSGN-FBGUWHDQSA-N"",""FRQMUZJSZHZSGN-HBNHAYAOSA-N"",""FRQMUZJSZHZSGN-HPVYWYMASA-N"",""FRQMUZJSZHZSGN-ILFFBDSESA-N"",""FRQMUZJSZHZSGN-IRNAYRMHSA-N"",""FRQMUZJSZHZSGN-KGESJLRISA-N"",""FRQMUZJSZHZSGN-LNCZNRLPSA-N"",""FRQMUZJSZHZSGN-MEPIFFQZSA-N"",""FRQMUZJSZHZSGN-MSPQHMDHSA-N"",""FRQMUZJSZHZSGN-NJMUXRGYSA-N"",""FRQMUZJSZHZSGN-NRIWUXOLSA-N"",""FRQMUZJSZHZSGN-OOXWQIJHSA-N"",""FRQMUZJSZHZSGN-QIBRHAMBSA-N"",""FRQMUZJSZHZSGN-RSJFYNADSA-N"",""FRQMUZJSZHZSGN-RVBYJDAJSA-N"",""FRQMUZJSZHZSGN-SMPZTGRLSA-N"",""FRQMUZJSZHZSGN-SPRSAMODSA-N"",""FRQMUZJSZHZSGN-UHFFFAOYSA-N"",""FRQMUZJSZHZSGN-UTQMDQKDSA-N"",""FRQMUZJSZHZSGN-VHPBLNRZSA-N"",""FRQMUZJSZHZSGN-VNXPQXOCSA-N"",""FRQMUZJSZHZSGN-WUYKVCINSA-N"",""FRQMUZJSZHZSGN-ZLUPVJNASA-N"",""GQBPSRSXWGFEMF-DJJKAEHKSA-N"",""GQBPSRSXWGFEMF-UHFFFAOYSA-N""]"
238,butorphanol,CIDm05361092,false,0,0,[]
239,bisoprolol,CIDm00002405,true,32,28,"[""DDHYJWVIBQNUDO-LMOVPXPDSA-N"",""DDHYJWVIBQNUDO-UHFFFAOYSA-N"",""NDIJCSDPVYWQSZ-LMOVPXPDSA-N"",""NDIJCSDPVYWQSZ-UHFFFAOYSA-N"",""NDIJCSDPVYWQSZ-UNTBIKODSA-N"",""NEDIPONXHXSQSW-UHFFFAOYSA-N"",""QBTVIXAPCFNMDR-QAOGLABXSA-N"",""QBTVIXAPCFNMDR-UHFFFAOYSA-N"",""RZPZLFIUFMNCLY-QTNVCCTOSA-N"",""RZPZLFIUFMNCLY-UHFFFAOYSA-N"",""RZPZLFIUFMNCLY-WLHGVMLRSA-N"",""UDZOEPKEWQXHPW-UHFFFAOYSA-N"",""VHYCDWMUTMEGQY-FFNOJTKMSA-N"",""VHYCDWMUTMEGQY-GZXVCZRGSA-N"",""VHYCDWMUTMEGQY-HSNISVEUSA-N"",""VHYCDWMUTMEGQY-KRWDZBQOSA-N"",""VHYCDWMUTMEGQY-KRWDZBQOSA-O"",""VHYCDWMUTMEGQY-QGZVFWFLSA-N"",""VHYCDWMUTMEGQY-QGZVFWFLSA-O"",""VHYCDWMUTMEGQY-UHFFFAOYSA-N"",""VHYCDWMUTMEGQY-UHFFFAOYSA-O"",""VMDFASMUILANOL-BXRWSSRYSA-N"",""VMDFASMUILANOL-IDVSUVCASA-N"",""VMDFASMUILANOL-NCTGSHGJSA-N"",""VMDFASMUILANOL-UHFFFAOYSA-N"",""VMDFASMUILANOL-WXXKFALUSA-N"",""VPKJHCSVGSJFFH-LMOVPXPDSA-N"",""VPKJHCSVGSJFFH-UHFFFAOYSA-N""]"
240,rifabutin,CIDm06323490,false,0,0,[]
241,imatinib,CIDm00005291,true,59,57,"[""DJMXYHCDEONOJS-UHFFFAOYSA-N"",""DUIJQHUCGYPSTF-UHFFFAOYSA-N"",""GMZJNNMCTYVJLE-UHFFFAOYSA-N"",""GQFVZAZLJZHOFB-UHFFFAOYSA-N"",""HVUNKDXWGJMZOE-UHFFFAOYSA-N"",""JCOCCEHZRKSQLV-UHFFFAOYSA-N"",""JFVNDFPDVADNJB-UHFFFAOYSA-N"",""JKIWKVJYTVPXSM-UHFFFAOYSA-N"",""JMQIFFWDNDJOFD-UHFFFAOYSA-N"",""JWOCADZZAHSVDR-UHFFFAOYSA-N"",""KEXAGJOKECJOFQ-LREBCSMRSA-N"",""KEXAGJOKECJOFQ-UHFFFAOYSA-N"",""KEXAGJOKECJOFQ-WUUYCOTASA-N"",""KTUFNOKKBVMGRW-AAZOOFQRSA-N"",""KTUFNOKKBVMGRW-AZGHYOHESA-N"",""KTUFNOKKBVMGRW-BMSJAHLVSA-N"",""KTUFNOKKBVMGRW-CDWCJKOLSA-N"",""KTUFNOKKBVMGRW-COHGGDLKSA-N"",""KTUFNOKKBVMGRW-FCLBBQIASA-N"",""KTUFNOKKBVMGRW-FIBGUPNXSA-N"",""KTUFNOKKBVMGRW-FWFSJLJRSA-N"",""KTUFNOKKBVMGRW-JNAGBMRASA-N"",""KTUFNOKKBVMGRW-JPKRMRLYSA-N"",""KTUFNOKKBVMGRW-JVVVGQRLSA-N"",""KTUFNOKKBVMGRW-JVXUGDAPSA-N"",""KTUFNOKKBVMGRW-KRGHRIHTSA-N"",""KTUFNOKKBVMGRW-LWSDDGEFSA-N"",""KTUFNOKKBVMGRW-ODBSDNNBSA-N"",""KTUFNOKKBVMGRW-PSWFASSTSA-N"",""KTUFNOKKBVMGRW-PUBYISOZSA-N"",""KTUFNOKKBVMGRW-SPLUINJESA-N"",""KTUFNOKKBVMGRW-UHFFFAOYSA-N"",""KTUFNOKKBVMGRW-UHFFFAOYSA-O"",""KTUFNOKKBVMGRW-UHFFFAOYSA-P"",""KTUFNOKKBVMGRW-WAJSOSGASA-N"",""KTUFNOKKBVMGRW-XDFYLTTKSA-N"",""KTUFNOKKBVMGRW-YKVCKAMESA-N"",""KTUFNOKKBVMGRW-ZITBNCBISA-N"",""KTUFNOKKBVMGRW-ZSJDYOACSA-N"",""KVFJZQYIKQFVRW-BTJKTKAUSA-N"",""KVFJZQYIKQFVRW-UHFFFAOYSA-N"",""KVFJZQYIKQFVRW-WLHGVMLRSA-N"",""LKVFHGYOEDZKNS-UHFFFAOYSA-N"",""MMDWIJLAJJQLFS-UHFFFAOYSA-N"",""OADMJJHMMVWPSS-UHFFFAOYSA-N"",""ORBITRSOBMAWBZ-UHFFFAOYSA-N"",""ORIGLUARAKWRTN-UHFFFAOYSA-M"",""ORIGLUARAKWRTN-UHFFFAOYSA-N"",""OWXLBXFZKCVVSI-UHFFFAOYSA-N"",""PTGUXDHTAAMAGN-UHFFFAOYSA-N"",""PVLKSJXNKUODPY-UHFFFAOYSA-N"",""UUTABVWSRZZXLT-UHFFFAOYSA-N"",""WLJJRKJPWSEZAE-UHFFFAOYSA-N"",""YLMAHDNUQAMNNX-NZEOXOADSA-N"",""YLMAHDNUQAMNNX-PPEDPTGTSA-N"",""YLMAHDNUQAMNNX-UHFFFAOYSA-N"",""YZONYCUKKPSJOH-UHFFFAOYSA-N""]"
242,triamcinolone,CIDm00031307,false,0,0,[]
243,testosterone,CIDm00006013,false,0,0,[]
244,efavirenz,CIDm00064139,false,0,0,[]
245,alendronic.acid,CIDm00002088,true,106,96,"[""APCFPSKHVXHVGK-UHFFFAOYSA-N"",""AQAZLLYAEFBJMU-UHFFFAOYSA-N"",""BESMJEBADDQTOP-UHFFFAOYSA-N"",""BUHLFQILIBHSHD-UHFFFAOYSA-N"",""BUJGEWHYKNPBCF-UHFFFAOYSA-N"",""CAKRAHQRJGUPIG-FLCBIJSZSA-N"",""CAKRAHQRJGUPIG-KYIMOVBASA-N"",""CAKRAHQRJGUPIG-LRDWTYOMSA-N"",""CAKRAHQRJGUPIG-LTFVFYBZSA-M"",""CAKRAHQRJGUPIG-LVKXZHDPSA-M"",""CAKRAHQRJGUPIG-NUDCVZEBSA-M"",""CAKRAHQRJGUPIG-UHFFFAOYSA-M"",""CAKRAHQRJGUPIG-UHFFFAOYSA-N"",""CAKRAHQRJGUPIG-ZRLBSURWSA-M"",""CBKSDGSWPKYTTR-UHFFFAOYSA-N"",""CKRKHTIUGSEZKA-UHFFFAOYSA-N"",""CSZVIHMGDPSQLK-UHFFFAOYSA-M"",""CUDGARPYYOQCKZ-UHFFFAOYSA-M"",""CUIXYJDAGJJCJK-UHFFFAOYSA-N"",""CUQZLCUNLGZVJJ-UHFFFAOYSA-J"",""DCSBSVSZJRSITC-UHFFFAOYSA-J"",""DCSBSVSZJRSITC-UHFFFAOYSA-M"",""DCSBSVSZJRSITC-UHFFFAOYSA-N"",""DFQFFGVWOPZJPM-UHFFFAOYSA-N"",""DFQFFGVWOPZJPM-UHFFFAOYSA-O"",""DHPGVFPOYFYIHR-UHFFFAOYSA-N"",""DUYCFMAOEDAKDN-UHFFFAOYSA-M"",""DUYCFMAOEDAKDN-UHFFFAOYSA-N"",""FNPADXGTWQOGNY-UHFFFAOYSA-N"",""GOGDJYJNAAMTHP-UHFFFAOYSA-N"",""GQKDUQIWASITCB-UHFFFAOYSA-N"",""HNOLJZMXKNLXCJ-UHFFFAOYSA-N"",""HZMNHMQPEYMSTG-UHFFFAOYSA-N"",""JEKGFGLLYOWQRP-UHFFFAOYSA-N"",""JOWOZLHLHOIRTL-UHFFFAOYSA-N"",""JTOTZPAXSYKDTP-UHFFFAOYSA-N"",""JXGSNVYIZANPES-UHFFFAOYSA-N"",""KQXLIRSLOPUYHL-UHFFFAOYSA-N"",""LMWOPQOPFYJQLI-UHFFFAOYSA-L"",""LMWOPQOPFYJQLI-UHFFFAOYSA-N"",""MCWQUGNJOSKXRB-UHFFFAOYSA-M"",""MCWQUGNJOSKXRB-UHFFFAOYSA-N"",""NFYCWHWOARRJFB-UHFFFAOYSA-N"",""NLILQNGSPQHASV-UHFFFAOYSA-M"",""NLILQNGSPQHASV-UHFFFAOYSA-N"",""NUWBQEMMISBQHE-UHFFFAOYSA-L"",""NZDOUNVYUKXOPP-UHFFFAOYSA-N"",""OGSPWJRAVKPPFI-AAMZEBPHSA-N"",""OGSPWJRAVKPPFI-DOMIDYPGSA-N"",""OGSPWJRAVKPPFI-FFOCYOSHSA-M"",""OGSPWJRAVKPPFI-FFOCYOSHSA-N"",""OGSPWJRAVKPPFI-GIMDUQAHSA-M"",""OGSPWJRAVKPPFI-HCHPEDFLSA-M"",""OGSPWJRAVKPPFI-HCHPEDFLSA-N"",""OGSPWJRAVKPPFI-JLHAYZDESA-M"",""OGSPWJRAVKPPFI-JLHAYZDESA-N"",""OGSPWJRAVKPPFI-NGIXYFTOSA-N"",""OGSPWJRAVKPPFI-NMFSSPJFSA-M"",""OGSPWJRAVKPPFI-NMFSSPJFSA-N"",""OGSPWJRAVKPPFI-QGWKFYGJSA-N"",""OGSPWJRAVKPPFI-RMBUWMTOSA-N"",""OGSPWJRAVKPPFI-UHFFFAOYSA-J"",""OGSPWJRAVKPPFI-UHFFFAOYSA-K"",""OGSPWJRAVKPPFI-UHFFFAOYSA-L"",""OGSPWJRAVKPPFI-UHFFFAOYSA-M"",""OGSPWJRAVKPPFI-UHFFFAOYSA-N"",""OGSPWJRAVKPPFI-UHFFFAOYSA-O"",""OGSPWJRAVKPPFI-YBXOIZPISA-M"",""OGSPWJRAVKPPFI-ZRLBSURWSA-M"",""OGSPWJRAVKPPFI-ZRLBSURWSA-N"",""OGSPWJRAVKPPFI-ZSJDYOACSA-N"",""OSKSHXHRSNZXCM-UHFFFAOYSA-N"",""OYHGRYNHWKTHLT-UHFFFAOYSA-N"",""PMFRIFDCHUSKEY-UHFFFAOYSA-J"",""PRAZUYOXPLZLOE-UHFFFAOYSA-N"",""PTBLCPYEWSVNTK-UHFFFAOYSA-M"",""PTZUMQQJTOYNLV-UHFFFAOYSA-N"",""PWSDDCMMNUSLAX-UHFFFAOYSA-N"",""PXPDLXULFWKPSB-UHFFFAOYSA-N"",""RCXNKPQHJIRCQZ-UHFFFAOYSA-M"",""RDFHDFCBSXILHZ-UHFFFAOYSA-K"",""SLMWRILRJKYUEW-UHFFFAOYSA-L"",""TVRNMSJPCMGDRD-UHFFFAOYSA-N"",""TYKCDCNTRWYTNB-UHFFFAOYSA-N"",""UUTNCVGIBOXFTQ-UHFFFAOYSA-M"",""VFAZUESUCBECNE-UHFFFAOYSA-L"",""VFAZUESUCBECNE-UHFFFAOYSA-N"",""VMDCWGOVACQHGQ-UHFFFAOYSA-M"",""VVZCWOALUNTFOT-UHFFFAOYSA-N"",""WWSYEPHWRLYNIW-UHFFFAOYSA-M"",""WWSYEPHWRLYNIW-UHFFFAOYSA-N"",""XOKAPSWGARUFMM-UHFFFAOYSA-J"",""YSHCAWNMHTVFQX-UHFFFAOYSA-J"",""ZBNLSJWAWRVACD-UHFFFAOYSA-N"",""ZRINTEQZXVMDDI-UHFFFAOYSA-J"",""ZSCYDMNWUAOWLJ-UHFFFAOYSA-N""]"
246,clofarabine,CIDm00119182,true,26,26,"[""WDDPHFBMKLOVOX-AOTGGKNNSA-N"",""WDDPHFBMKLOVOX-AQZRFWRFSA-N"",""WDDPHFBMKLOVOX-AYQXTPAHSA-N"",""WDDPHFBMKLOVOX-CXIWTZSBSA-N"",""WDDPHFBMKLOVOX-DANPQCGCSA-N"",""WDDPHFBMKLOVOX-DWSYCVKZSA-N"",""WDDPHFBMKLOVOX-DXTOWSMRSA-N"",""WDDPHFBMKLOVOX-GCRYWEQZSA-N"",""WDDPHFBMKLOVOX-GJZVLKFRSA-N"",""WDDPHFBMKLOVOX-IETYGKGOSA-O"",""WDDPHFBMKLOVOX-IUAVBNLVSA-N"",""WDDPHFBMKLOVOX-LSSUFRDISA-N"",""WDDPHFBMKLOVOX-MPHLQUMNSA-N"",""WDDPHFBMKLOVOX-MRJHDXJTSA-N"",""WDDPHFBMKLOVOX-NYLUEMKQSA-N"",""WDDPHFBMKLOVOX-OFQZCZACSA-N"",""WDDPHFBMKLOVOX-OFQZCZACSA-O"",""WDDPHFBMKLOVOX-UHFFFAOYSA-N"",""WDDPHFBMKLOVOX-UHFFFAOYSA-O"",""WDDPHFBMKLOVOX-VPRFCXCPSA-N"",""WDDPHFBMKLOVOX-WHCVYDFISA-N"",""WDDPHFBMKLOVOX-WKGKLJDUSA-N"",""WDDPHFBMKLOVOX-XFKKPQJTSA-N"",""WDDPHFBMKLOVOX-XZYWUTPASA-N"",""WDDPHFBMKLOVOX-ZFDQUVRCSA-N"",""WDDPHFBMKLOVOX-ZTNFAJEBSA-N""]"
247,dexmedetomidine,CIDm05311068,false,0,0,[]
248,adenosine,CIDm00060961,false,0,0,[]
249,simvastatin,CIDm00054454,true,188,188,"[""BATVNGPMPSHHRB-OKDJMAGBSA-N"",""BATVNGPMPSHHRB-UHFFFAOYSA-N"",""BATVNGPMPSHHRB-XJJZNJAXSA-N"",""BDDDFGJBCDZGRG-LMAYGAEGSA-N"",""FNSSLVQYXYCCCT-OKDJMAGBSA-N"",""FNSSLVQYXYCCCT-UHFFFAOYSA-N"",""JFYRHESTFCXFPC-OKDJMAGBSA-N"",""JFYRHESTFCXFPC-UHFFFAOYSA-N"",""JORUHONEPHJYNT-OKDJMAGBSA-N"",""JORUHONEPHJYNT-UHFFFAOYSA-N"",""JORUHONEPHJYNT-XJJZNJAXSA-N"",""NBBJHAXLIGOILO-GYNCMICASA-N"",""NBBJHAXLIGOILO-LYJWAQJISA-N"",""NBBJHAXLIGOILO-UHFFFAOYSA-N"",""NMHUZNZNGDHTBT-OKDJMAGBSA-N"",""NMHUZNZNGDHTBT-UHFFFAOYSA-N"",""NQZGOEMTHUVKLX-OKDJMAGBSA-O"",""NQZGOEMTHUVKLX-UHFFFAOYSA-O"",""NQZGOEMTHUVKLX-XJJZNJAXSA-O"",""QJRDKQOGFZURKG-UHFFFAOYSA-N"",""QJRDKQOGFZURKG-WFGHCTNESA-N"",""RYMZZMVNJRMUDD-AAVYKCSCSA-N"",""RYMZZMVNJRMUDD-AJHAYCOQSA-N"",""RYMZZMVNJRMUDD-AOWQASJRSA-N"",""RYMZZMVNJRMUDD-AQJKEULKSA-N"",""RYMZZMVNJRMUDD-ASYPGCQBSA-N"",""RYMZZMVNJRMUDD-ATBGWILCSA-N"",""RYMZZMVNJRMUDD-AVZRAURISA-N"",""RYMZZMVNJRMUDD-BCTLWIFUSA-N"",""RYMZZMVNJRMUDD-BGIAADEISA-N"",""RYMZZMVNJRMUDD-BHEHJAAPSA-N"",""RYMZZMVNJRMUDD-BJRZTYHOSA-N"",""RYMZZMVNJRMUDD-BNMVKWOPSA-N"",""RYMZZMVNJRMUDD-BTLXPNLHSA-N"",""RYMZZMVNJRMUDD-BYEYZBKFSA-N"",""RYMZZMVNJRMUDD-CDVTXOQBSA-N"",""RYMZZMVNJRMUDD-CEHCFXJBSA-N"",""RYMZZMVNJRMUDD-CTOJCGOXSA-N"",""RYMZZMVNJRMUDD-CUVDLUDDSA-N"",""RYMZZMVNJRMUDD-CYRHGIETSA-N"",""RYMZZMVNJRMUDD-CZUIZQHQSA-N"",""RYMZZMVNJRMUDD-DAHYEWGRSA-N"",""RYMZZMVNJRMUDD-DCTMRBACSA-N"",""RYMZZMVNJRMUDD-DEENRBHHSA-N"",""RYMZZMVNJRMUDD-DOGLSKQUSA-N"",""RYMZZMVNJRMUDD-DPBFFPBVSA-N"",""RYMZZMVNJRMUDD-DPCYYCTBSA-N"",""RYMZZMVNJRMUDD-DUABPCNISA-N"",""RYMZZMVNJRMUDD-DXLQOGJTSA-N"",""RYMZZMVNJRMUDD-DZOTUMCESA-N"",""RYMZZMVNJRMUDD-FHIQHMNZSA-N"",""RYMZZMVNJRMUDD-FIUHZDEYSA-N"",""RYMZZMVNJRMUDD-FMXWEGBQSA-N"",""RYMZZMVNJRMUDD-FNGXBOOOSA-N"",""RYMZZMVNJRMUDD-FTIHGZQGSA-N"",""RYMZZMVNJRMUDD-FXKUZWLESA-N"",""RYMZZMVNJRMUDD-GCXAQBSCSA-N"",""RYMZZMVNJRMUDD-GMNUZVDBSA-N"",""RYMZZMVNJRMUDD-GOEDVFJSSA-N"",""RYMZZMVNJRMUDD-GPQWKIMHSA-N"",""RYMZZMVNJRMUDD-GQEOVNBMSA-N"",""RYMZZMVNJRMUDD-GUFIVFDUSA-N"",""RYMZZMVNJRMUDD-HBHQJPHKSA-N"",""RYMZZMVNJRMUDD-HFFZACBOSA-N"",""RYMZZMVNJRMUDD-HGQWONQESA-N"",""RYMZZMVNJRMUDD-HKMBNEEHSA-N"",""RYMZZMVNJRMUDD-HLCLMZNMSA-N"",""RYMZZMVNJRMUDD-HLULGSDWSA-N"",""RYMZZMVNJRMUDD-IEVPHIFCSA-N"",""RYMZZMVNJRMUDD-IHJNYNGESA-N"",""RYMZZMVNJRMUDD-IIIOEECLSA-N"",""RYMZZMVNJRMUDD-IJZOLBKJSA-N"",""RYMZZMVNJRMUDD-IPZVMSKVSA-N"",""RYMZZMVNJRMUDD-ITTIBXNTSA-N"",""RYMZZMVNJRMUDD-IUTVWUHASA-N"",""RYMZZMVNJRMUDD-IVCFZKKKSA-N"",""RYMZZMVNJRMUDD-JFECVKDVSA-N"",""RYMZZMVNJRMUDD-JIGGIMRNSA-N"",""RYMZZMVNJRMUDD-JSSZZBAKSA-N"",""RYMZZMVNJRMUDD-JUMIYVLKSA-N"",""RYMZZMVNJRMUDD-JXIASUMDSA-N"",""RYMZZMVNJRMUDD-JXVVDGKISA-N"",""RYMZZMVNJRMUDD-KABAWQGKSA-N"",""RYMZZMVNJRMUDD-KIQNDTMISA-N"",""RYMZZMVNJRMUDD-KKWMKRFPSA-N"",""RYMZZMVNJRMUDD-KKZPJREQSA-N"",""RYMZZMVNJRMUDD-KVEDQOPBSA-N"",""RYMZZMVNJRMUDD-KWRFXWGOSA-N"",""RYMZZMVNJRMUDD-KYXOQHPVSA-N"",""RYMZZMVNJRMUDD-KZQKZPCRSA-N"",""RYMZZMVNJRMUDD-LJLGGYLGSA-N"",""RYMZZMVNJRMUDD-LONBHWHVSA-N"",""RYMZZMVNJRMUDD-LRHMTMHHSA-N"",""RYMZZMVNJRMUDD-LRQAOQGBSA-N"",""RYMZZMVNJRMUDD-LWNGLWLWSA-N"",""RYMZZMVNJRMUDD-LXFKTPIOSA-N"",""RYMZZMVNJRMUDD-MAHSCPGXSA-N"",""RYMZZMVNJRMUDD-MFSFEPSVSA-N"",""RYMZZMVNJRMUDD-MHPSIPDXSA-N"",""RYMZZMVNJRMUDD-MISMWVMXSA-N"",""RYMZZMVNJRMUDD-MKPQAFFTSA-N"",""RYMZZMVNJRMUDD-MMYIDQQPSA-N"",""RYMZZMVNJRMUDD-MNTUROJUSA-N"",""RYMZZMVNJRMUDD-MUFVQCJESA-N"",""RYMZZMVNJRMUDD-MZPVHZQVSA-N"",""RYMZZMVNJRMUDD-NFJOSRORSA-N"",""RYMZZMVNJRMUDD-NIEUQXBSSA-N"",""RYMZZMVNJRMUDD-NLRXOZLDSA-N"",""RYMZZMVNJRMUDD-NOWASNMKSA-N"",""RYMZZMVNJRMUDD-NVTSWJPOSA-N"",""RYMZZMVNJRMUDD-NWVYRIGTSA-N"",""RYMZZMVNJRMUDD-ODLHYQPQSA-N"",""RYMZZMVNJRMUDD-OHCGDQDWSA-N"",""RYMZZMVNJRMUDD-OMIRXHAUSA-N"",""RYMZZMVNJRMUDD-OSBANSBXSA-N"",""RYMZZMVNJRMUDD-OVOOIQHOSA-N"",""RYMZZMVNJRMUDD-OZIJNANZSA-N"",""RYMZZMVNJRMUDD-PAIUFDQBSA-N"",""RYMZZMVNJRMUDD-PCCVRDJASA-N"",""RYMZZMVNJRMUDD-PHFLMBEHSA-N"",""RYMZZMVNJRMUDD-PIJHQLTGSA-N"",""RYMZZMVNJRMUDD-PXWWFATBSA-N"",""RYMZZMVNJRMUDD-PYFCOVKRSA-N"",""RYMZZMVNJRMUDD-PZJAIDCISA-N"",""RYMZZMVNJRMUDD-QBZUPIBOSA-N"",""RYMZZMVNJRMUDD-QCRKCNTASA-N"",""RYMZZMVNJRMUDD-QDGXURMLSA-N"",""RYMZZMVNJRMUDD-QEPSQMGZSA-N"",""RYMZZMVNJRMUDD-QHQSZBCRSA-N"",""RYMZZMVNJRMUDD-QLJVBLTOSA-N"",""RYMZZMVNJRMUDD-QORJHBJCSA-N"",""RYMZZMVNJRMUDD-QWEBPWLRSA-N"",""RYMZZMVNJRMUDD-QZWIFJIHSA-N"",""RYMZZMVNJRMUDD-RFTXNYTQSA-N"",""RYMZZMVNJRMUDD-RJDSDMDFSA-N"",""RYMZZMVNJRMUDD-RMBMIXKUSA-N"",""RYMZZMVNJRMUDD-RQHMNJBKSA-N"",""RYMZZMVNJRMUDD-RVRVXYJRSA-N"",""RYMZZMVNJRMUDD-RXEBLNLKSA-N"",""RYMZZMVNJRMUDD-SGIGKDKDSA-N"",""RYMZZMVNJRMUDD-SQZZCQBDSA-N"",""RYMZZMVNJRMUDD-STEKROENSA-N"",""RYMZZMVNJRMUDD-SUDFZEFWSA-N"",""RYMZZMVNJRMUDD-TZZVUONVSA-N"",""RYMZZMVNJRMUDD-UDVSDSOYSA-N"",""RYMZZMVNJRMUDD-UHBDOLIUSA-N"",""RYMZZMVNJRMUDD-UHFFFAOYSA-N"",""RYMZZMVNJRMUDD-UWJXGBQRSA-N"",""RYMZZMVNJRMUDD-UWWIYLQHSA-N"",""RYMZZMVNJRMUDD-VDUABUSHSA-N"",""RYMZZMVNJRMUDD-VECNVOJFSA-N"",""RYMZZMVNJRMUDD-VETOWZGMSA-N"",""RYMZZMVNJRMUDD-VHFCBMKQSA-N"",""RYMZZMVNJRMUDD-VPFVRSNTSA-N"",""RYMZZMVNJRMUDD-VSXPALOISA-N"",""RYMZZMVNJRMUDD-WSGHEFERSA-N"",""RYMZZMVNJRMUDD-WSYRNTNESA-N"",""RYMZZMVNJRMUDD-WVCQSQIWSA-N"",""RYMZZMVNJRMUDD-WXQLPGNQSA-N"",""RYMZZMVNJRMUDD-XFCVCSOESA-N"",""RYMZZMVNJRMUDD-XLFJWMNJSA-N"",""RYMZZMVNJRMUDD-XLKUPCIQSA-N"",""RYMZZMVNJRMUDD-XMNMNRGFSA-N"",""RYMZZMVNJRMUDD-XOLJTWFRSA-N"",""RYMZZMVNJRMUDD-XQTYQXTASA-N"",""RYMZZMVNJRMUDD-XQZPJZGGSA-N"",""RYMZZMVNJRMUDD-YBSQUOTNSA-N"",""RYMZZMVNJRMUDD-YDZUMULBSA-N"",""RYMZZMVNJRMUDD-YGTNRZQXSA-N"",""RYMZZMVNJRMUDD-YISOAZFRSA-N"",""RYMZZMVNJRMUDD-YJTCDEHSSA-N"",""RYMZZMVNJRMUDD-YKGHNFNUSA-N"",""RYMZZMVNJRMUDD-YLLHVLGWSA-N"",""RYMZZMVNJRMUDD-YZFIHAPJSA-N"",""RYMZZMVNJRMUDD-ZCBYAYAKSA-N"",""RYMZZMVNJRMUDD-ZIJIDRORSA-N"",""RYMZZMVNJRMUDD-ZNOYVOEDSA-N"",""RYMZZMVNJRMUDD-ZRNHTOBASA-N"",""RYMZZMVNJRMUDD-ZSCQYQLLSA-N"",""TXUOBMMXDZEUAP-OKDJMAGBSA-N"",""TXUOBMMXDZEUAP-UHFFFAOYSA-N"",""UKRFJEWVKPXZOL-OKDJMAGBSA-N"",""UKRFJEWVKPXZOL-UHFFFAOYSA-N"",""VVFFURRSXKVRKY-OKDJMAGBSA-N"",""VVFFURRSXKVRKY-UHFFFAOYSA-N"",""XUGHMEZAGXORRX-OKDJMAGBSA-N"",""XUGHMEZAGXORRX-UHFFFAOYSA-N"",""XUGHMEZAGXORRX-XJJZNJAXSA-N""]"
250,pemetrexed,CIDm00060843,true,48,43,"[""DXMGUDKLZWKDKK-ZOWNYOTGSA-N"",""FDOHDEVSASPHDD-GXKRWWSZSA-N"",""FQKJPRAWOBYLAF-MYXYZBIASA-L"",""FUUHLAHKHPNKLW-VMMAXADVSA-N"",""GXRVQUMFFSBHPP-AHJYMZSGSA-L"",""IRUCSDZWERXWFR-GXKRWWSZSA-N"",""KAPVKNDUVJEONH-ZOWNYOTGSA-N"",""MTGXRMSCOAWKLG-UHFFFAOYSA-N"",""MTGXRMSCOAWKLG-ZOWNYOTGSA-M"",""NQCIVKLHZWGIRP-BTQNPOSSSA-N"",""NQCIVKLHZWGIRP-ZOWNYOTGSA-N"",""NYDXNILOWQXUOF-CJKLANMRSA-L"",""NYDXNILOWQXUOF-FFXKMJQXSA-L"",""NYDXNILOWQXUOF-GDOLQUNCSA-L"",""NYDXNILOWQXUOF-GXKRWWSZSA-L"",""NYDXNILOWQXUOF-GXKRWWSZSA-N"",""NYDXNILOWQXUOF-UHFFFAOYSA-L"",""OLLJOSSJVSPCKU-WILVKEHLSA-N"",""OPQXKUSLBZXEPO-ZOWNYOTGSA-N"",""OTJLPRNCHASWQL-JEZXJMRTSA-L"",""PSXPIRGEVYHPKP-GXKRWWSZSA-N"",""PSXPIRGEVYHPKP-UHFFFAOYSA-N"",""PXQGZQUWLRLNRX-MYXYZBIASA-N"",""QJVSMHJWAOSBMD-MYXYZBIASA-L"",""QJVSMHJWAOSBMD-UHFFFAOYSA-L"",""WBXPDJSOTKVWSJ-CYBMUJFWSA-L"",""WBXPDJSOTKVWSJ-CYBMUJFWSA-N"",""WBXPDJSOTKVWSJ-DPBJZHQFSA-N"",""WBXPDJSOTKVWSJ-PVBALMIZSA-N"",""WBXPDJSOTKVWSJ-QXEAFOSDSA-N"",""WBXPDJSOTKVWSJ-UHFFFAOYSA-L"",""WBXPDJSOTKVWSJ-UHFFFAOYSA-N"",""WBXPDJSOTKVWSJ-VWNAPYERSA-N"",""WBXPDJSOTKVWSJ-ZDUSSCGKSA-L"",""WBXPDJSOTKVWSJ-ZDUSSCGKSA-M"",""WBXPDJSOTKVWSJ-ZDUSSCGKSA-N"",""WKRYSCOBVCNZSQ-JEZXJMRTSA-L"",""WOPFJTZIQBVJPY-CHNGVTQJSA-N"",""YLJATKSLGOGGLN-JEZXJMRTSA-N"",""YQABXEMTTPRASZ-GXKRWWSZSA-L"",""ZCTCZKWJFTYNMZ-UHFFFAOYSA-J"",""ZCTCZKWJFTYNMZ-WKUCUCPSSA-J"",""ZLRTTYGODUCUAJ-DHHADUQMSA-N""]"
251,gonadorelin,CIDm00036523,true,24,24,"[""NGCGMRBZPXEPOZ-HBBGHHHDSA-N"",""NGCGMRBZPXEPOZ-UHFFFAOYSA-N"",""OOBWZCWPKJOGPF-UHFFFAOYSA-N"",""QANITWQMIOSRMU-UHFFFAOYSA-N"",""QOVPLTBEZAJSHY-UHFFFAOYSA-N"",""QOVPLTBEZAJSHY-VIRDRFNDSA-N"",""UPRWQSQENCASAD-HBBGHHHDSA-N"",""UPRWQSQENCASAD-UHFFFAOYSA-N"",""UPRWQSQENCASAD-VWXCRWSYSA-N"",""VFSOIYYHVQBNAX-TZJVASFJSA-N"",""XICGGPVMTJWTLR-UHFFFAOYSA-N"",""XICGGPVMTJWTLR-VIRDRFNDSA-N"",""XLXSAKCOAKORKW-AIFNQDANSA-N"",""XLXSAKCOAKORKW-AIFNQDANSA-O"",""XLXSAKCOAKORKW-ANBUGBOZSA-N"",""XLXSAKCOAKORKW-AQJXLSMYSA-N"",""XLXSAKCOAKORKW-AQJXLSMYSA-O"",""XLXSAKCOAKORKW-FFMCIKOZSA-N"",""XLXSAKCOAKORKW-JBVKWCPTSA-N"",""XLXSAKCOAKORKW-KPKRHBJMSA-N"",""XLXSAKCOAKORKW-UHFFFAOYSA-N"",""XLXSAKCOAKORKW-UHFFFAOYSA-O"",""XLXSAKCOAKORKW-WYRBVGBGSA-N"",""XLXSAKCOAKORKW-YBKDWAIYSA-N""]"
252,stavudine,CIDm00018283,false,0,0,[]
253,calcium.folinate,CIDm00006006,false,0,0,[]
254,latanoprost,CIDm05311221,false,0,0,[]
255,estrone,CIDm03001028,false,0,0,[]
256,trazodone,CIDm00005533,true,77,73,"[""OHHDIOKRWWOXMT-BHIQTGFXSA-N"",""OHHDIOKRWWOXMT-MGWLQMKASA-N"",""OHHDIOKRWWOXMT-PTYOUXKQSA-N"",""OHHDIOKRWWOXMT-UHFFFAOYSA-M"",""OHHDIOKRWWOXMT-UHFFFAOYSA-N"",""OHHDIOKRWWOXMT-ZKIONQSNSA-N"",""PHLBKPHSAVXXEF-AKGZQNITSA-N"",""PHLBKPHSAVXXEF-AOKJVQBBSA-N"",""PHLBKPHSAVXXEF-APZFVMQVSA-N"",""PHLBKPHSAVXXEF-AREBVXNXSA-N"",""PHLBKPHSAVXXEF-BBERUJTDSA-N"",""PHLBKPHSAVXXEF-BMIAKXJMSA-N"",""PHLBKPHSAVXXEF-BQCZJWFISA-N"",""PHLBKPHSAVXXEF-BYAIZMGQSA-N"",""PHLBKPHSAVXXEF-CLRFSBOPSA-N"",""PHLBKPHSAVXXEF-CYRJSGOZSA-N"",""PHLBKPHSAVXXEF-DPKRDONZSA-N"",""PHLBKPHSAVXXEF-DYLZLSEWSA-N"",""PHLBKPHSAVXXEF-FBHYPXBLSA-N"",""PHLBKPHSAVXXEF-FCKJOOEBSA-N"",""PHLBKPHSAVXXEF-FLADOFQXSA-N"",""PHLBKPHSAVXXEF-FUEQIQQISA-N"",""PHLBKPHSAVXXEF-GJJOHNOHSA-N"",""PHLBKPHSAVXXEF-GSLNRJADSA-N"",""PHLBKPHSAVXXEF-GXRPCYDBSA-N"",""PHLBKPHSAVXXEF-HELPEWALSA-N"",""PHLBKPHSAVXXEF-HINGDHFRSA-N"",""PHLBKPHSAVXXEF-HXRYCDNZSA-N"",""PHLBKPHSAVXXEF-JJHPZWCPSA-N"",""PHLBKPHSAVXXEF-JTVYCFPRSA-N"",""PHLBKPHSAVXXEF-KBMKNGFXSA-N"",""PHLBKPHSAVXXEF-KTFRLOKJSA-N"",""PHLBKPHSAVXXEF-MGVXTIMCSA-N"",""PHLBKPHSAVXXEF-MGXDCDTFSA-N"",""PHLBKPHSAVXXEF-MHMAGWNVSA-N"",""PHLBKPHSAVXXEF-MJFCANIYSA-N"",""PHLBKPHSAVXXEF-MUUHQJHDSA-N"",""PHLBKPHSAVXXEF-MXBQYBBASA-N"",""PHLBKPHSAVXXEF-NJYSMDIDSA-N"",""PHLBKPHSAVXXEF-NPUHHBJXSA-N"",""PHLBKPHSAVXXEF-NUFLSTTKSA-N"",""PHLBKPHSAVXXEF-NVKMLNCQSA-N"",""PHLBKPHSAVXXEF-NWLUGWGMSA-N"",""PHLBKPHSAVXXEF-OOPGLUCZSA-N"",""PHLBKPHSAVXXEF-OTVZGRDQSA-N"",""PHLBKPHSAVXXEF-PDLXCSTJSA-N"",""PHLBKPHSAVXXEF-PNTQEQOOSA-N"",""PHLBKPHSAVXXEF-QBSQBDDMSA-N"",""PHLBKPHSAVXXEF-QIIDWWPNSA-N"",""PHLBKPHSAVXXEF-QQYUTUMLSA-N"",""PHLBKPHSAVXXEF-RYIWKTDQSA-N"",""PHLBKPHSAVXXEF-SFOTZMDNSA-N"",""PHLBKPHSAVXXEF-SZUZYHSLSA-N"",""PHLBKPHSAVXXEF-UHFFFAOYSA-N"",""PHLBKPHSAVXXEF-UHFFFAOYSA-O"",""PHLBKPHSAVXXEF-UHFFFAOYSA-P"",""PHLBKPHSAVXXEF-UJSYJGMJSA-N"",""PHLBKPHSAVXXEF-ULCIXLOBSA-N"",""PHLBKPHSAVXXEF-UXTLDLKVSA-N"",""PHLBKPHSAVXXEF-VBFCXWKISA-N"",""PHLBKPHSAVXXEF-VEVGXQFSSA-N"",""PHLBKPHSAVXXEF-WMUUNDBCSA-N"",""PHLBKPHSAVXXEF-WVPJVASUSA-N"",""PHLBKPHSAVXXEF-XQIRBLDUSA-N"",""PHLBKPHSAVXXEF-XZOFCWQBSA-N"",""PHLBKPHSAVXXEF-YILCQOFVSA-N"",""PHLBKPHSAVXXEF-YNHHDIHHSA-N"",""PHLBKPHSAVXXEF-YOIZDEAFSA-N"",""PHLBKPHSAVXXEF-ZDAGDFTFSA-N"",""PHLBKPHSAVXXEF-ZHNJHFBCSA-N"",""PHLBKPHSAVXXEF-ZQQTVQSWSA-N"",""PHLBKPHSAVXXEF-ZTWXKHIXSA-N"",""UETSEEXVCKMWSG-UHFFFAOYSA-N""]"
257,sevelamer,CIDm03085017,true,3,3,"[""ZNSIZMQNQCNRBW-AENDTGMFSA-N"",""ZNSIZMQNQCNRBW-LDOKZEBRSA-N"",""ZNSIZMQNQCNRBW-UHFFFAOYSA-N""]"
258,acamprosate,CIDm00071158,true,56,54,"[""AFCGFAGUEYAMAO-APZFVMQVSA-N"",""AFCGFAGUEYAMAO-BYUTVXSXSA-N"",""AFCGFAGUEYAMAO-CBTSVUPCSA-N"",""AFCGFAGUEYAMAO-FIBGUPNXSA-N"",""AFCGFAGUEYAMAO-GJKRRTAWSA-M"",""AFCGFAGUEYAMAO-GJKRRTAWSA-N"",""AFCGFAGUEYAMAO-KHORGVISSA-N"",""AFCGFAGUEYAMAO-NCKGIQLSSA-M"",""AFCGFAGUEYAMAO-NCKGIQLSSA-N"",""AFCGFAGUEYAMAO-NRURKIGXSA-N"",""AFCGFAGUEYAMAO-PWDWWLAZSA-N"",""AFCGFAGUEYAMAO-RRVWJQJTSA-N"",""AFCGFAGUEYAMAO-SFIIULIVSA-N"",""AFCGFAGUEYAMAO-SGEUAGPISA-M"",""AFCGFAGUEYAMAO-SGEUAGPISA-N"",""AFCGFAGUEYAMAO-SMZGMGDZSA-N"",""AFCGFAGUEYAMAO-SSQNFVSCSA-M"",""AFCGFAGUEYAMAO-SSQNFVSCSA-N"",""AFCGFAGUEYAMAO-UHFFFAOYSA-M"",""AFCGFAGUEYAMAO-UHFFFAOYSA-N"",""AFCGFAGUEYAMAO-WNWXXORZSA-M"",""AFCGFAGUEYAMAO-WNWXXORZSA-N"",""AFCGFAGUEYAMAO-WUZWKBOJSA-M"",""AFCGFAGUEYAMAO-WUZWKBOJSA-N"",""AFCGFAGUEYAMAO-YNSOAAEFSA-M"",""AFCGFAGUEYAMAO-YNSOAAEFSA-N"",""AFCGFAGUEYAMAO-ZBJDZAJPSA-M"",""AFCGFAGUEYAMAO-ZBJDZAJPSA-N"",""BUVGWDNTAWHSKI-CKFJQVKPSA-L"",""BUVGWDNTAWHSKI-CSAJIOQGSA-L"",""BUVGWDNTAWHSKI-DNXHOMSZSA-L"",""BUVGWDNTAWHSKI-GWGQCGROSA-L"",""BUVGWDNTAWHSKI-GZLVTLKDSA-L"",""BUVGWDNTAWHSKI-KSIUUYHZSA-L"",""BUVGWDNTAWHSKI-LZENXZFJSA-L"",""BUVGWDNTAWHSKI-MRYXYCJKSA-L"",""BUVGWDNTAWHSKI-PWIHLRLHSA-L"",""BUVGWDNTAWHSKI-RDOQAPOJSA-L"",""BUVGWDNTAWHSKI-RXIFKPECSA-L"",""BUVGWDNTAWHSKI-SHMUSFKBSA-L"",""BUVGWDNTAWHSKI-SULQKXAZSA-L"",""BUVGWDNTAWHSKI-SUVGGNNHSA-L"",""BUVGWDNTAWHSKI-UHFFFAOYSA-L"",""BUVGWDNTAWHSKI-VCQQJTJMSA-L"",""BUVGWDNTAWHSKI-VNRXTMTJSA-L"",""CENFZCSGJIDBSC-UHFFFAOYSA-N"",""CHRRMEYRLDAHGW-UHFFFAOYSA-N"",""FQYZCUOYXXIDPF-UHFFFAOYSA-N"",""JEFKJIYYTYSSOC-UHFFFAOYSA-N"",""NMFXTJQQOGRKAJ-UHFFFAOYSA-N"",""WDIYOOMJRKTFKB-UHFFFAOYSA-M"",""WPEXQWVYZZXPJW-UHFFFAOYSA-M"",""XJLMLOAYGUOMDM-UHFFFAOYSA-M"",""XTCZRTNTNCSDNP-UHFFFAOYSA-L""]"
259,verapamil,CIDm00002520,true,125,123,"[""AFVSPWVQRQKNCY-JMMMQNTGSA-N"",""AFVSPWVQRQKNCY-TWRQUCPISA-N"",""AVNLELVSRFQMIP-KFSCGDPASA-N"",""AVNLELVSRFQMIP-LPCSYZHESA-N"",""DOQPXTMNIUCOSY-HZPIKELBSA-N"",""DOQPXTMNIUCOSY-JBRXLGGISA-N"",""DOQPXTMNIUCOSY-OMVHPOPLSA-N"",""DOQPXTMNIUCOSY-TXHXQZCNSA-N"",""DOQPXTMNIUCOSY-UHFFFAOYSA-M"",""DOQPXTMNIUCOSY-UHFFFAOYSA-N"",""DOQPXTMNIUCOSY-YCBFMBTMSA-N"",""GDVVNGBJRRJELK-UHFFFAOYSA-M"",""GDVVNGBJRRJELK-UHFFFAOYSA-N"",""HDVDXRRHFKKZCK-HZPIKELBSA-N"",""HDVDXRRHFKKZCK-YCBFMBTMSA-N"",""ICKXRKHJKXMFLR-KFSCGDPASA-N"",""ICKXRKHJKXMFLR-LPCSYZHESA-N"",""ICKXRKHJKXMFLR-UHFFFAOYSA-M"",""ICKXRKHJKXMFLR-UHFFFAOYSA-N"",""JNWVHCJCHDLZOA-UHFFFAOYSA-N"",""JQQSXNOEIIWNFV-KXHLAXDASA-N"",""JQQSXNOEIIWNFV-UHFFFAOYSA-N"",""KAHSQWZKANXRGE-UHFFFAOYSA-N"",""KEPSLGHPMCYOHY-HZPIKELBSA-N"",""KEPSLGHPMCYOHY-YCBFMBTMSA-N"",""OTYDABCAEMNQGP-UHFFFAOYSA-N"",""OVDUWSOXVACKQB-HZPIKELBSA-N"",""OVDUWSOXVACKQB-YCBFMBTMSA-N"",""QXFQWDLVAQDTRS-HZPIKELBSA-N"",""QXFQWDLVAQDTRS-YCBFMBTMSA-N"",""SFYBFCBJOCSGTH-UHFFFAOYSA-N"",""SGTNSNPWRIOYBX-AEHWNIRYSA-N"",""SGTNSNPWRIOYBX-ALRZPBRTSA-N"",""SGTNSNPWRIOYBX-AMJHSIQASA-N"",""SGTNSNPWRIOYBX-AWDXAVJDSA-N"",""SGTNSNPWRIOYBX-AWFCTRMYSA-N"",""SGTNSNPWRIOYBX-AWSZFRIMSA-N"",""SGTNSNPWRIOYBX-BFFDIWPSSA-N"",""SGTNSNPWRIOYBX-BKRCJQPNSA-N"",""SGTNSNPWRIOYBX-BMRAMOOFSA-N"",""SGTNSNPWRIOYBX-BPPAMHLBSA-N"",""SGTNSNPWRIOYBX-BQUSTLCXSA-N"",""SGTNSNPWRIOYBX-BSKZAMNGSA-N"",""SGTNSNPWRIOYBX-BZZMRANPSA-N"",""SGTNSNPWRIOYBX-CLSJKSIFSA-N"",""SGTNSNPWRIOYBX-CVFUDWJISA-N"",""SGTNSNPWRIOYBX-DATAPHPHSA-N"",""SGTNSNPWRIOYBX-DJTKGTHMSA-N"",""SGTNSNPWRIOYBX-DVPZFJGZSA-N"",""SGTNSNPWRIOYBX-FBEOGBCRSA-N"",""SGTNSNPWRIOYBX-FGVRRUNSSA-N"",""SGTNSNPWRIOYBX-GLTBCKHASA-N"",""SGTNSNPWRIOYBX-GLYDYVCQSA-N"",""SGTNSNPWRIOYBX-GQALSZNTSA-N"",""SGTNSNPWRIOYBX-HEIFEHOOSA-N"",""SGTNSNPWRIOYBX-HHHXNRCGSA-N"",""SGTNSNPWRIOYBX-HHHXNRCGSA-O"",""SGTNSNPWRIOYBX-HJQDWIJBSA-N"",""SGTNSNPWRIOYBX-HNKGFOOTSA-N"",""SGTNSNPWRIOYBX-HPRDVNIFSA-N"",""SGTNSNPWRIOYBX-HUHUVLBOSA-N"",""SGTNSNPWRIOYBX-INOCGTMDSA-N"",""SGTNSNPWRIOYBX-JXFGBTSISA-N"",""SGTNSNPWRIOYBX-KCJSYVRTSA-N"",""SGTNSNPWRIOYBX-KEDMAAGTSA-N"",""SGTNSNPWRIOYBX-KFYHPFKPSA-N"",""SGTNSNPWRIOYBX-KQQATSIXSA-N"",""SGTNSNPWRIOYBX-KTXUZGJCSA-N"",""SGTNSNPWRIOYBX-LNBBUZHGSA-N"",""SGTNSNPWRIOYBX-LUFMBODESA-N"",""SGTNSNPWRIOYBX-MFAJGMPGSA-N"",""SGTNSNPWRIOYBX-MHZLTWQESA-N"",""SGTNSNPWRIOYBX-MHZLTWQESA-O"",""SGTNSNPWRIOYBX-MIBJTCMLSA-N"",""SGTNSNPWRIOYBX-MIIZAJKHSA-N"",""SGTNSNPWRIOYBX-MIMPEXOTSA-N"",""SGTNSNPWRIOYBX-NAJGPXEYSA-N"",""SGTNSNPWRIOYBX-NIDWBQLJSA-N"",""SGTNSNPWRIOYBX-NLAUQORWSA-N"",""SGTNSNPWRIOYBX-OBMYBMMYSA-N"",""SGTNSNPWRIOYBX-OIWJLHOGSA-N"",""SGTNSNPWRIOYBX-ORZNKXOYSA-N"",""SGTNSNPWRIOYBX-OVMJCEAISA-N"",""SGTNSNPWRIOYBX-OXQIMRAOSA-N"",""SGTNSNPWRIOYBX-PIILLHGISA-N"",""SGTNSNPWRIOYBX-QKAJMHTKSA-N"",""SGTNSNPWRIOYBX-QOJLIKLCSA-N"",""SGTNSNPWRIOYBX-QVWCBZIESA-N"",""SGTNSNPWRIOYBX-QWWQMIBNSA-N"",""SGTNSNPWRIOYBX-RESYOOEGSA-N"",""SGTNSNPWRIOYBX-RJUUQYSYSA-N"",""SGTNSNPWRIOYBX-RYXAFUTBSA-N"",""SGTNSNPWRIOYBX-SBOOHQKVSA-N"",""SGTNSNPWRIOYBX-SDNMYOJXSA-N"",""SGTNSNPWRIOYBX-SFGWWISVSA-N"",""SGTNSNPWRIOYBX-SFPLOCHUSA-N"",""SGTNSNPWRIOYBX-SMOFCANUSA-N"",""SGTNSNPWRIOYBX-SUJHKIPASA-N"",""SGTNSNPWRIOYBX-SUJIQQRZSA-N"",""SGTNSNPWRIOYBX-TURSBTCBSA-N"",""SGTNSNPWRIOYBX-TXYKYYLZSA-N"",""SGTNSNPWRIOYBX-UAWTZZRMSA-N"",""SGTNSNPWRIOYBX-UCOOUYEISA-N"",""SGTNSNPWRIOYBX-UHFFFAOYSA-N"",""SGTNSNPWRIOYBX-UHFFFAOYSA-O"",""SGTNSNPWRIOYBX-UJZLYVJGSA-N"",""SGTNSNPWRIOYBX-UNLAWSRZSA-N"",""SGTNSNPWRIOYBX-VDFVBYAVSA-N"",""SGTNSNPWRIOYBX-VYPBVQDYSA-N"",""SGTNSNPWRIOYBX-WFGJKAKNSA-N"",""SGTNSNPWRIOYBX-WPWSERSYSA-N"",""SGTNSNPWRIOYBX-WSRDXACXSA-N"",""SGTNSNPWRIOYBX-XANMKQNNSA-N"",""SGTNSNPWRIOYBX-XAPLVFALSA-N"",""SGTNSNPWRIOYBX-XJJLYEFOSA-N"",""SGTNSNPWRIOYBX-YMNVEEOESA-N"",""SGTNSNPWRIOYBX-YPRJKQTOSA-N"",""SGTNSNPWRIOYBX-YVHRXSIGSA-N"",""SGTNSNPWRIOYBX-ZGBMZCDDSA-N"",""SGTNSNPWRIOYBX-ZTUKPBTCSA-N"",""UHKVNMIJXXCSBP-UHFFFAOYSA-N"",""ZVVSZIIPQGNLGR-HZPIKELBSA-N"",""ZVVSZIIPQGNLGR-YCBFMBTMSA-N""]"
260,nilutamide,CIDm00004493,true,4,4,"[""LEZWIDLEIOBPPQ-UHFFFAOYSA-N"",""XWXYUMMDTVBTOU-QGZYMEECSA-N"",""XWXYUMMDTVBTOU-UHFFFAOYSA-N"",""XWXYUMMDTVBTOU-WFGJKAKNSA-N""]"
261,nafarelin,CIDm25077649,false,0,0,[]
262,sumatriptan,CIDm00005358,true,413,412,"[""AFAGVEVQIMHXTN-UHFFFAOYSA-N"",""AQJMRLHFAIHBEH-UHFFFAOYSA-N"",""BLCWCJCJFCSBNU-BTJKTKAUSA-N"",""BLCWCJCJFCSBNU-UHFFFAOYSA-N"",""BLCWCJCJFCSBNU-WLHGVMLRSA-N"",""FWIZLWZFFDGWCQ-UHFFFAOYSA-N"",""GIYWWORAURQCTI-UHFFFAOYSA-L"",""GIYWWORAURQCTI-UHFFFAOYSA-N"",""HARGZLTUMPDXAS-UHFFFAOYSA-N"",""HIMZTGQXEPNRFN-UHFFFAOYSA-N"",""HSBZWEHNPSHELZ-UHFFFAOYSA-N"",""IAOKOAKFUFTLPP-UHFFFAOYSA-N"",""IROBEIPEQLNJDC-UHFFFAOYSA-M"",""JOQGONSFNBJXQI-UHFFFAOYSA-N"",""JUVOYQBBBAMFPX-UHFFFAOYSA-N"",""JZMOLIBRUKSFCF-UHFFFAOYSA-N"",""KQKPFRSPSRPDEB-ABWRMVICSA-N"",""KQKPFRSPSRPDEB-ACLVOJHNSA-N"",""KQKPFRSPSRPDEB-AEUAOXORSA-N"",""KQKPFRSPSRPDEB-AGKUWNMUSA-N"",""KQKPFRSPSRPDEB-AGWIDBBPSA-N"",""KQKPFRSPSRPDEB-AHPFEQBOSA-N"",""KQKPFRSPSRPDEB-AILPNIGOSA-N"",""KQKPFRSPSRPDEB-AJLQDTRRSA-N"",""KQKPFRSPSRPDEB-AJXZNVSUSA-N"",""KQKPFRSPSRPDEB-ALWJUSPVSA-N"",""KQKPFRSPSRPDEB-AOFVOZKQSA-N"",""KQKPFRSPSRPDEB-AQFYVBTASA-N"",""KQKPFRSPSRPDEB-AQVLYMJBSA-N"",""KQKPFRSPSRPDEB-ARMATAIUSA-N"",""KQKPFRSPSRPDEB-AUASPZAYSA-N"",""KQKPFRSPSRPDEB-AWUFFPDQSA-N"",""KQKPFRSPSRPDEB-AYSSFSGESA-N"",""KQKPFRSPSRPDEB-AZWNBFDSSA-N"",""KQKPFRSPSRPDEB-BDLFMDRZSA-N"",""KQKPFRSPSRPDEB-BEXMXZIUSA-N"",""KQKPFRSPSRPDEB-BFBZEYNDSA-N"",""KQKPFRSPSRPDEB-BGKPJBGRSA-N"",""KQKPFRSPSRPDEB-BGMPTSLPSA-N"",""KQKPFRSPSRPDEB-BGWMVAQDSA-N"",""KQKPFRSPSRPDEB-BIGYGPSMSA-N"",""KQKPFRSPSRPDEB-BJRSKWAMSA-N"",""KQKPFRSPSRPDEB-BKCKDSRLSA-N"",""KQKPFRSPSRPDEB-BMSJAHLVSA-N"",""KQKPFRSPSRPDEB-BOBOOIABSA-N"",""KQKPFRSPSRPDEB-BPXOTBGNSA-N"",""KQKPFRSPSRPDEB-BRPPMQRXSA-N"",""KQKPFRSPSRPDEB-BSJVWRSBSA-N"",""KQKPFRSPSRPDEB-BSMTYWRMSA-N"",""KQKPFRSPSRPDEB-BTHXYOJRSA-N"",""KQKPFRSPSRPDEB-BTPVBOLFSA-N"",""KQKPFRSPSRPDEB-BTPYTUSUSA-N"",""KQKPFRSPSRPDEB-BWOAAFHKSA-N"",""KQKPFRSPSRPDEB-BWUBSNCMSA-N"",""KQKPFRSPSRPDEB-BXKCTPKKSA-N"",""KQKPFRSPSRPDEB-BYEJKQBASA-N"",""KQKPFRSPSRPDEB-BYUUXELCSA-N"",""KQKPFRSPSRPDEB-CARATYSDSA-N"",""KQKPFRSPSRPDEB-CBOWRJQESA-N"",""KQKPFRSPSRPDEB-CDSNADGUSA-N"",""KQKPFRSPSRPDEB-CDUKXTDYSA-N"",""KQKPFRSPSRPDEB-CDXZBYFLSA-N"",""KQKPFRSPSRPDEB-CJDNPSMQSA-N"",""KQKPFRSPSRPDEB-CLNRFUNMSA-N"",""KQKPFRSPSRPDEB-CMZBYXTQSA-N"",""KQKPFRSPSRPDEB-CURCRBMQSA-N"",""KQKPFRSPSRPDEB-CYZZMLOKSA-N"",""KQKPFRSPSRPDEB-DDROHRSCSA-N"",""KQKPFRSPSRPDEB-DIJYJEBKSA-N"",""KQKPFRSPSRPDEB-DJVZQMBASA-N"",""KQKPFRSPSRPDEB-DKVRMQITSA-N"",""KQKPFRSPSRPDEB-DNDFCSDFSA-N"",""KQKPFRSPSRPDEB-DOGSKSIHSA-N"",""KQKPFRSPSRPDEB-DOUCSUHOSA-N"",""KQKPFRSPSRPDEB-DRVNZDIESA-N"",""KQKPFRSPSRPDEB-DUIMNNFUSA-N"",""KQKPFRSPSRPDEB-DYGLUKPBSA-N"",""KQKPFRSPSRPDEB-DYMKAYLOSA-N"",""KQKPFRSPSRPDEB-FETGWTCYSA-N"",""KQKPFRSPSRPDEB-FFPSDXJRSA-N"",""KQKPFRSPSRPDEB-FHEHMOFLSA-N"",""KQKPFRSPSRPDEB-FIBGUPNXSA-N"",""KQKPFRSPSRPDEB-FJLUKUGDSA-N"",""KQKPFRSPSRPDEB-FJNJGNJASA-N"",""KQKPFRSPSRPDEB-FJRVIBIXSA-N"",""KQKPFRSPSRPDEB-FMEGMXQWSA-N"",""KQKPFRSPSRPDEB-FMZHXKMDSA-N"",""KQKPFRSPSRPDEB-FMZQDZEGSA-N"",""KQKPFRSPSRPDEB-FNYGGSLPSA-N"",""KQKPFRSPSRPDEB-FOQJRBATSA-N"",""KQKPFRSPSRPDEB-FOXIDUNBSA-N"",""KQKPFRSPSRPDEB-FROFRBMOSA-N"",""KQKPFRSPSRPDEB-FUTPUVTGSA-N"",""KQKPFRSPSRPDEB-FYFXQELRSA-N"",""KQKPFRSPSRPDEB-GAMXNNHPSA-N"",""KQKPFRSPSRPDEB-GCSBLJPMSA-N"",""KQKPFRSPSRPDEB-GCWAYYGCSA-N"",""KQKPFRSPSRPDEB-GFEINJQPSA-N"",""KQKPFRSPSRPDEB-GJVUKNIPSA-N"",""KQKPFRSPSRPDEB-GKEXBVQWSA-N"",""KQKPFRSPSRPDEB-GKSFSJDBSA-N"",""KQKPFRSPSRPDEB-GLQRERMNSA-N"",""KQKPFRSPSRPDEB-GLUIXCBDSA-N"",""KQKPFRSPSRPDEB-GLUZYFOHSA-N"",""KQKPFRSPSRPDEB-GLXWJXBGSA-N"",""KQKPFRSPSRPDEB-GQALSZNTSA-N"",""KQKPFRSPSRPDEB-GQEKAPENSA-N"",""KQKPFRSPSRPDEB-GVZKVPOVSA-N"",""KQKPFRSPSRPDEB-GXSLGEONSA-N"",""KQKPFRSPSRPDEB-GYPXWICLSA-N"",""KQKPFRSPSRPDEB-HCDRXSJFSA-N"",""KQKPFRSPSRPDEB-HDBLOPTGSA-N"",""KQKPFRSPSRPDEB-HDUIEOHPSA-N"",""KQKPFRSPSRPDEB-HECOPCIASA-N"",""KQKPFRSPSRPDEB-HNTQETHKSA-N"",""KQKPFRSPSRPDEB-HOOSEDDESA-N"",""KQKPFRSPSRPDEB-HPJAJESJSA-N"",""KQKPFRSPSRPDEB-HVNQEOJKSA-N"",""KQKPFRSPSRPDEB-HXOHQZFQSA-N"",""KQKPFRSPSRPDEB-IECAIPEDSA-N"",""KQKPFRSPSRPDEB-IFLKTVIPSA-N"",""KQKPFRSPSRPDEB-IGNLNFDUSA-N"",""KQKPFRSPSRPDEB-IHOOYVJBSA-N"",""KQKPFRSPSRPDEB-IUKLPWDJSA-N"",""KQKPFRSPSRPDEB-IXMGFTJWSA-N"",""KQKPFRSPSRPDEB-JCHLSBLSSA-N"",""KQKPFRSPSRPDEB-JDIHDXFOSA-N"",""KQKPFRSPSRPDEB-JDTAYNAUSA-N"",""KQKPFRSPSRPDEB-JFRQFVTBSA-N"",""KQKPFRSPSRPDEB-JGRCALCDSA-N"",""KQKPFRSPSRPDEB-JGZKMEEWSA-N"",""KQKPFRSPSRPDEB-JHMJMIBPSA-N"",""KQKPFRSPSRPDEB-JHPVRLCJSA-N"",""KQKPFRSPSRPDEB-JKBMFHLXSA-N"",""KQKPFRSPSRPDEB-JLCYOGSNSA-N"",""KQKPFRSPSRPDEB-JLTCGWFCSA-N"",""KQKPFRSPSRPDEB-JLZJBEKYSA-N"",""KQKPFRSPSRPDEB-JMBDCYBSSA-N"",""KQKPFRSPSRPDEB-JMRBWOBRSA-N"",""KQKPFRSPSRPDEB-JNELMJKASA-N"",""KQKPFRSPSRPDEB-JNHJNOPCSA-N"",""KQKPFRSPSRPDEB-JVZUYENZSA-N"",""KQKPFRSPSRPDEB-JYDFBNDSSA-N"",""KQKPFRSPSRPDEB-JZOXXDQTSA-N"",""KQKPFRSPSRPDEB-JZTZMGNZSA-N"",""KQKPFRSPSRPDEB-KAKQGMOMSA-N"",""KQKPFRSPSRPDEB-KBMKNGFXSA-N"",""KQKPFRSPSRPDEB-KDHOZGPZSA-N"",""KQKPFRSPSRPDEB-KERYDJPLSA-N"",""KQKPFRSPSRPDEB-KFMVKAGWSA-N"",""KQKPFRSPSRPDEB-KGBFAUCPSA-N"",""KQKPFRSPSRPDEB-KGSLREJESA-N"",""KQKPFRSPSRPDEB-KGSXVDKASA-N"",""KQKPFRSPSRPDEB-KHFPAILGSA-N"",""KQKPFRSPSRPDEB-KHPULGJFSA-N"",""KQKPFRSPSRPDEB-KIROCQFOSA-N"",""KQKPFRSPSRPDEB-KLTHRAJUSA-N"",""KQKPFRSPSRPDEB-KLWAGVILSA-N"",""KQKPFRSPSRPDEB-KNSAVBENSA-N"",""KQKPFRSPSRPDEB-KNTZQAHMSA-N"",""KQKPFRSPSRPDEB-KQIQMMGESA-N"",""KQKPFRSPSRPDEB-KRZOMYOZSA-N"",""KQKPFRSPSRPDEB-KSXUSARWSA-N"",""KQKPFRSPSRPDEB-KTNRNFKDSA-N"",""KQKPFRSPSRPDEB-KUOBXJSMSA-N"",""KQKPFRSPSRPDEB-KVPGYQOYSA-N"",""KQKPFRSPSRPDEB-KXGHAPEVSA-N"",""KQKPFRSPSRPDEB-KYADTJKKSA-N"",""KQKPFRSPSRPDEB-KYMHMJSSSA-N"",""KQKPFRSPSRPDEB-KZRGXFHQSA-N"",""KQKPFRSPSRPDEB-LCCWYRDLSA-N"",""KQKPFRSPSRPDEB-LDZBNGSISA-N"",""KQKPFRSPSRPDEB-LEOQBCSNSA-N"",""KQKPFRSPSRPDEB-LIFNFKLHSA-N"",""KQKPFRSPSRPDEB-LJCQJKDUSA-N"",""KQKPFRSPSRPDEB-LKBJFHKGSA-N"",""KQKPFRSPSRPDEB-LLGJOHCLSA-N"",""KQKPFRSPSRPDEB-LLQWKTAPSA-N"",""KQKPFRSPSRPDEB-LMTVGDQBSA-N"",""KQKPFRSPSRPDEB-LNKAUILZSA-N"",""KQKPFRSPSRPDEB-LOAMFOPMSA-N"",""KQKPFRSPSRPDEB-LODOCMBTSA-N"",""KQKPFRSPSRPDEB-LOXFWLLGSA-N"",""KQKPFRSPSRPDEB-LUQWBPAASA-N"",""KQKPFRSPSRPDEB-LYNATICZSA-N"",""KQKPFRSPSRPDEB-LZOGKKGGSA-N"",""KQKPFRSPSRPDEB-MARJVHNFSA-N"",""KQKPFRSPSRPDEB-MAZBQERVSA-N"",""KQKPFRSPSRPDEB-MFEHKDILSA-N"",""KQKPFRSPSRPDEB-MHMRGFOHSA-N"",""KQKPFRSPSRPDEB-MIIJIMPSSA-N"",""KQKPFRSPSRPDEB-MJJUKJHGSA-N"",""KQKPFRSPSRPDEB-MLMAFWKWSA-N"",""KQKPFRSPSRPDEB-MLVUVFMFSA-N"",""KQKPFRSPSRPDEB-MLZFJOTESA-N"",""KQKPFRSPSRPDEB-MMIVLDSYSA-N"",""KQKPFRSPSRPDEB-MMTKFJNHSA-N"",""KQKPFRSPSRPDEB-MMUXJKSLSA-N"",""KQKPFRSPSRPDEB-MOUUZOPISA-N"",""KQKPFRSPSRPDEB-MQURXTEISA-N"",""KQKPFRSPSRPDEB-MSXKYXKTSA-N"",""KQKPFRSPSRPDEB-MVTXTVSGSA-N"",""KQKPFRSPSRPDEB-NAKRHHPNSA-N"",""KQKPFRSPSRPDEB-NBKBRXSESA-N"",""KQKPFRSPSRPDEB-NCLWYPGOSA-N"",""KQKPFRSPSRPDEB-NCYHJHSESA-N"",""KQKPFRSPSRPDEB-NGSKPEGLSA-N"",""KQKPFRSPSRPDEB-NJBJJVRZSA-N"",""KQKPFRSPSRPDEB-NJFDCKJNSA-N"",""KQKPFRSPSRPDEB-NJUWGIQWSA-N"",""KQKPFRSPSRPDEB-NKTVBVSYSA-N"",""KQKPFRSPSRPDEB-NKZAOYIVSA-N"",""KQKPFRSPSRPDEB-NRRBFIKYSA-N"",""KQKPFRSPSRPDEB-NRRXWINQSA-N"",""KQKPFRSPSRPDEB-NSYXSONTSA-N"",""KQKPFRSPSRPDEB-NSZNHHQUSA-N"",""KQKPFRSPSRPDEB-NTQHSDEKSA-N"",""KQKPFRSPSRPDEB-NTZBWUTASA-N"",""KQKPFRSPSRPDEB-NUPFUKMJSA-N"",""KQKPFRSPSRPDEB-NUTBQULMSA-N"",""KQKPFRSPSRPDEB-NVGCNFEHSA-N"",""KQKPFRSPSRPDEB-NWIQPYQGSA-N"",""KQKPFRSPSRPDEB-NYIZOELUSA-N"",""KQKPFRSPSRPDEB-OATRFVEOSA-N"",""KQKPFRSPSRPDEB-OCDYRBOCSA-N"",""KQKPFRSPSRPDEB-ODFXZYOKSA-N"",""KQKPFRSPSRPDEB-ODGNIHSOSA-N"",""KQKPFRSPSRPDEB-ODQQRMPJSA-N"",""KQKPFRSPSRPDEB-ODRFOETQSA-N"",""KQKPFRSPSRPDEB-ODUOVYDSSA-N"",""KQKPFRSPSRPDEB-ODXBLXROSA-N"",""KQKPFRSPSRPDEB-OGGYOVJNSA-N"",""KQKPFRSPSRPDEB-OHAWVHQNSA-N"",""KQKPFRSPSRPDEB-OIOODVDCSA-N"",""KQKPFRSPSRPDEB-OJDVXFHFSA-N"",""KQKPFRSPSRPDEB-OKTXJVCDSA-N"",""KQKPFRSPSRPDEB-OMMJWTKKSA-N"",""KQKPFRSPSRPDEB-OMNVKBNWSA-N"",""KQKPFRSPSRPDEB-OMXNLHCUSA-N"",""KQKPFRSPSRPDEB-OPBKFPRASA-N"",""KQKPFRSPSRPDEB-OQXYPJHLSA-N"",""KQKPFRSPSRPDEB-OSILBUDRSA-N"",""KQKPFRSPSRPDEB-OUSHNRDTSA-N"",""KQKPFRSPSRPDEB-OUXGWTIKSA-N"",""KQKPFRSPSRPDEB-OVGKVQBNSA-N"",""KQKPFRSPSRPDEB-OXOJLUEXSA-N"",""KQKPFRSPSRPDEB-OZJKABGDSA-N"",""KQKPFRSPSRPDEB-OZRSTVFLSA-N"",""KQKPFRSPSRPDEB-PBLKPEADSA-N"",""KQKPFRSPSRPDEB-PCKMJKBWSA-N"",""KQKPFRSPSRPDEB-PFGOWPMTSA-N"",""KQKPFRSPSRPDEB-PHVKPWQRSA-N"",""KQKPFRSPSRPDEB-PIQVCQIESA-N"",""KQKPFRSPSRPDEB-PJFGFURISA-N"",""KQKPFRSPSRPDEB-PJWYMOFSSA-N"",""KQKPFRSPSRPDEB-PKAHACLFSA-N"",""KQKPFRSPSRPDEB-PKRPFQJCSA-N"",""KQKPFRSPSRPDEB-PLGMOCOESA-N"",""KQKPFRSPSRPDEB-PNLBUNQGSA-N"",""KQKPFRSPSRPDEB-POBATZHYSA-N"",""KQKPFRSPSRPDEB-PQJMXGCESA-N"",""KQKPFRSPSRPDEB-PRTKOTAASA-N"",""KQKPFRSPSRPDEB-PTSIOIPUSA-N"",""KQKPFRSPSRPDEB-PUVRZNKUSA-N"",""KQKPFRSPSRPDEB-PUZAUMFFSA-N"",""KQKPFRSPSRPDEB-PWMWXQSISA-N"",""KQKPFRSPSRPDEB-PWOYWLOFSA-N"",""KQKPFRSPSRPDEB-QEPCEGHQSA-N"",""KQKPFRSPSRPDEB-QKLSXCJMSA-N"",""KQKPFRSPSRPDEB-QNGIRRKWSA-N"",""KQKPFRSPSRPDEB-QOWOAITPSA-N"",""KQKPFRSPSRPDEB-QQCRYOJMSA-N"",""KQKPFRSPSRPDEB-QWFKZRQQSA-N"",""KQKPFRSPSRPDEB-QZVXVHBYSA-N"",""KQKPFRSPSRPDEB-RBWXSJIOSA-N"",""KQKPFRSPSRPDEB-RCIWAKOPSA-N"",""KQKPFRSPSRPDEB-RDEFOXOESA-N"",""KQKPFRSPSRPDEB-REPGSWBGSA-N"",""KQKPFRSPSRPDEB-RHNHQFROSA-N"",""KQKPFRSPSRPDEB-RJSZUWSASA-N"",""KQKPFRSPSRPDEB-RMGRWILUSA-N"",""KQKPFRSPSRPDEB-RQLXOYFLSA-N"",""KQKPFRSPSRPDEB-RTCMQNSTSA-N"",""KQKPFRSPSRPDEB-RTXKQLFKSA-N"",""KQKPFRSPSRPDEB-RVJYEOMDSA-N"",""KQKPFRSPSRPDEB-RWTGRTBZSA-N"",""KQKPFRSPSRPDEB-RYMNXCGQSA-N"",""KQKPFRSPSRPDEB-SALZQMLFSA-N"",""KQKPFRSPSRPDEB-SBOKULFSSA-N"",""KQKPFRSPSRPDEB-SCENNGIESA-N"",""KQKPFRSPSRPDEB-SHIMORNTSA-N"",""KQKPFRSPSRPDEB-SMBFXEDWSA-N"",""KQKPFRSPSRPDEB-SPYYBHEISA-N"",""KQKPFRSPSRPDEB-SQCURDQZSA-N"",""KQKPFRSPSRPDEB-SSYSDWEOSA-N"",""KQKPFRSPSRPDEB-SUXGUWJBSA-N"",""KQKPFRSPSRPDEB-SWJRUZGMSA-N"",""KQKPFRSPSRPDEB-SXDGZTOHSA-N"",""KQKPFRSPSRPDEB-SXGJXRBLSA-N"",""KQKPFRSPSRPDEB-SZRULQLZSA-N"",""KQKPFRSPSRPDEB-TUODDFTDSA-N"",""KQKPFRSPSRPDEB-TVHMLNGOSA-N"",""KQKPFRSPSRPDEB-TVZTTYIXSA-N"",""KQKPFRSPSRPDEB-TWODEANYSA-N"",""KQKPFRSPSRPDEB-TXFHZVFPSA-N"",""KQKPFRSPSRPDEB-TYGWEUIGSA-N"",""KQKPFRSPSRPDEB-UEZIPFSLSA-N"",""KQKPFRSPSRPDEB-UFBBPJQKSA-N"",""KQKPFRSPSRPDEB-UFPZQCDUSA-N"",""KQKPFRSPSRPDEB-UGWHSUCDSA-N"",""KQKPFRSPSRPDEB-UHFFFAOYSA-N"",""KQKPFRSPSRPDEB-UHFFFAOYSA-O"",""KQKPFRSPSRPDEB-UHKJKTGASA-N"",""KQKPFRSPSRPDEB-UITYBJNPSA-N"",""KQKPFRSPSRPDEB-UJHWBFELSA-N"",""KQKPFRSPSRPDEB-UKHJQKDZSA-N"",""KQKPFRSPSRPDEB-UKXQALSKSA-N"",""KQKPFRSPSRPDEB-ULAFFCKMSA-N"",""KQKPFRSPSRPDEB-ULOWGYRQSA-N"",""KQKPFRSPSRPDEB-UNHZPGDCSA-N"",""KQKPFRSPSRPDEB-UOVRSUHMSA-N"",""KQKPFRSPSRPDEB-UPJKWWLLSA-N"",""KQKPFRSPSRPDEB-UQHDCILYSA-N"",""KQKPFRSPSRPDEB-UQWWUWEYSA-N"",""KQKPFRSPSRPDEB-UQZNKAEHSA-N"",""KQKPFRSPSRPDEB-URXJWWJNSA-N"",""KQKPFRSPSRPDEB-UUPQLGTJSA-N"",""KQKPFRSPSRPDEB-UYUSIQAUSA-N"",""KQKPFRSPSRPDEB-UZQAVCMMSA-N"",""KQKPFRSPSRPDEB-VAFCITHJSA-N"",""KQKPFRSPSRPDEB-VAFREPPJSA-N"",""KQKPFRSPSRPDEB-VCMWIBPWSA-N"",""KQKPFRSPSRPDEB-VERZXWKUSA-N"",""KQKPFRSPSRPDEB-VFXQSMDQSA-N"",""KQKPFRSPSRPDEB-VFZSZQBDSA-N"",""KQKPFRSPSRPDEB-VHESDILPSA-N"",""KQKPFRSPSRPDEB-VMFVJVROSA-N"",""KQKPFRSPSRPDEB-VPTBGRPOSA-N"",""KQKPFRSPSRPDEB-VQCUEVGMSA-N"",""KQKPFRSPSRPDEB-VQJQGBOLSA-N"",""KQKPFRSPSRPDEB-VYBFQAQXSA-N"",""KQKPFRSPSRPDEB-WANMXFEGSA-N"",""KQKPFRSPSRPDEB-WBEQJNIUSA-N"",""KQKPFRSPSRPDEB-WBMHBKQASA-N"",""KQKPFRSPSRPDEB-WDEVPBKASA-N"",""KQKPFRSPSRPDEB-WDUGKGIZSA-N"",""KQKPFRSPSRPDEB-WFGJKAKNSA-N"",""KQKPFRSPSRPDEB-WJPSUJJESA-N"",""KQKPFRSPSRPDEB-WLKIIPDOSA-N"",""KQKPFRSPSRPDEB-WPGOSNOKSA-N"",""KQKPFRSPSRPDEB-WRMAMSRYSA-N"",""KQKPFRSPSRPDEB-WSOJIDRBSA-N"",""KQKPFRSPSRPDEB-WWISFXFFSA-N"",""KQKPFRSPSRPDEB-WWNVUNQJSA-N"",""KQKPFRSPSRPDEB-WWQCNRDRSA-N"",""KQKPFRSPSRPDEB-WXVDSVKZSA-N"",""KQKPFRSPSRPDEB-WZYWORMESA-N"",""KQKPFRSPSRPDEB-XARBYTDBSA-N"",""KQKPFRSPSRPDEB-XARWECOESA-N"",""KQKPFRSPSRPDEB-XBLBJUBJSA-N"",""KQKPFRSPSRPDEB-XBRRJJFHSA-N"",""KQKPFRSPSRPDEB-XEAJXAGDSA-N"",""KQKPFRSPSRPDEB-XERRXZQWSA-N"",""KQKPFRSPSRPDEB-XESIUEHBSA-N"",""KQKPFRSPSRPDEB-XFQGPUCYSA-N"",""KQKPFRSPSRPDEB-XGSPYNNASA-N"",""KQKPFRSPSRPDEB-XIENUGABSA-N"",""KQKPFRSPSRPDEB-XKRGXQLQSA-N"",""KQKPFRSPSRPDEB-XMFCLBRHSA-N"",""KQKPFRSPSRPDEB-XOEPXOAKSA-N"",""KQKPFRSPSRPDEB-XPNJCPRMSA-N"",""KQKPFRSPSRPDEB-XQVRHMKBSA-N"",""KQKPFRSPSRPDEB-XRVJGSAPSA-N"",""KQKPFRSPSRPDEB-XUURGTLKSA-N"",""KQKPFRSPSRPDEB-XVIHLLMDSA-N"",""KQKPFRSPSRPDEB-XWHRVQBGSA-N"",""KQKPFRSPSRPDEB-XXARRMNFSA-N"",""KQKPFRSPSRPDEB-XXSWACOVSA-N"",""KQKPFRSPSRPDEB-YAXPEQSWSA-N"",""KQKPFRSPSRPDEB-YHJDGUPISA-N"",""KQKPFRSPSRPDEB-YHZMMTFZSA-N"",""KQKPFRSPSRPDEB-YMBLMCCOSA-N"",""KQKPFRSPSRPDEB-YNDDGQMTSA-N"",""KQKPFRSPSRPDEB-YNGFHYDVSA-N"",""KQKPFRSPSRPDEB-YOEAQOHUSA-N"",""KQKPFRSPSRPDEB-YPAACUFCSA-N"",""KQKPFRSPSRPDEB-YRYIGFSMSA-N"",""KQKPFRSPSRPDEB-YTMHGCJUSA-N"",""KQKPFRSPSRPDEB-YULVLBOWSA-N"",""KQKPFRSPSRPDEB-YWJBJMGJSA-N"",""KQKPFRSPSRPDEB-YXDKRSHTSA-N"",""KQKPFRSPSRPDEB-ZCXRUQTFSA-N"",""KQKPFRSPSRPDEB-ZEFDVWLXSA-N"",""KQKPFRSPSRPDEB-ZEGRQBJXSA-N"",""KQKPFRSPSRPDEB-ZEHIUFEYSA-N"",""KQKPFRSPSRPDEB-ZFJADGJSSA-N"",""KQKPFRSPSRPDEB-ZOBJWIPUSA-N"",""KQKPFRSPSRPDEB-ZQJSBJPQSA-N"",""KQKPFRSPSRPDEB-ZSJDYOACSA-N"",""KQKPFRSPSRPDEB-ZUAOVVCGSA-N"",""KQKPFRSPSRPDEB-ZYISFSHDSA-N"",""KTSMFEIWTRZGBC-UHFFFAOYSA-N"",""OUMACRGXBJSXTK-UHFFFAOYSA-L"",""PORMUFZNYQJOEI-HVTBMTIBSA-N"",""PORMUFZNYQJOEI-MFYWGIONSA-N"",""PORMUFZNYQJOEI-UHFFFAOYSA-L"",""PORMUFZNYQJOEI-UHFFFAOYSA-N"",""QUNKHYDAMYPIQR-UHFFFAOYSA-N"",""UUOQWCNJCAGGSF-UHFFFAOYSA-N"",""WRHKPKNPUHJPKW-UHFFFAOYSA-N"",""ZAIIDAIGMSYHQY-UHFFFAOYSA-N"",""ZPBKNEYMSRHSSI-UHFFFAOYSA-N""]"
263,cefixime,CIDm06321411,false,0,0,[]
264,aprepitant,CIDm00151165,true,28,28,"[""ATALOFNDEOCMKK-ASVYPPMBSA-N"",""ATALOFNDEOCMKK-BEVBOREHSA-N"",""ATALOFNDEOCMKK-BYYRLHKVSA-N"",""ATALOFNDEOCMKK-CFGAKRJMSA-N"",""ATALOFNDEOCMKK-CWZRNAPHSA-N"",""ATALOFNDEOCMKK-DDFJTSPKSA-N"",""ATALOFNDEOCMKK-GSBZXEOGSA-N"",""ATALOFNDEOCMKK-IPWSJXMKSA-N"",""ATALOFNDEOCMKK-IWSJWDQHSA-N"",""ATALOFNDEOCMKK-KNMUDHKVSA-N"",""ATALOFNDEOCMKK-LFDGWBQCSA-N"",""ATALOFNDEOCMKK-LWIWFCPISA-N"",""ATALOFNDEOCMKK-MDWMXEAHSA-N"",""ATALOFNDEOCMKK-MWEMOFPLSA-N"",""ATALOFNDEOCMKK-NJOLDIBQSA-N"",""ATALOFNDEOCMKK-NSVJKUEGSA-N"",""ATALOFNDEOCMKK-NXXCRTJYSA-N"",""ATALOFNDEOCMKK-OCCQLPPTSA-N"",""ATALOFNDEOCMKK-OITMNORJSA-N"",""ATALOFNDEOCMKK-OUWQEXSBSA-N"",""ATALOFNDEOCMKK-PAXFEQQMSA-N"",""ATALOFNDEOCMKK-QVPQUYRESA-N"",""ATALOFNDEOCMKK-TVNIXMEMSA-N"",""ATALOFNDEOCMKK-UHFFFAOYSA-N"",""ATALOFNDEOCMKK-UUTSMNRNSA-N"",""ATALOFNDEOCMKK-VUUYDODOSA-N"",""ATALOFNDEOCMKK-YVWJQDNMSA-N"",""ATALOFNDEOCMKK-ZGSPGDNPSA-N""]"
265,galantamine,CIDm00009651,false,0,0,[]
266,tamoxifen,CIDm02733525,false,0,0,[]
267,losartan,CIDm00003961,true,49,48,"[""AGMXPGYFPCRNJQ-UHFFFAOYSA-N"",""AGMXPGYFPCRNJQ-WLHGVMLRSA-N"",""ARQVQEPQFPCLSQ-UHFFFAOYSA-N"",""BJBVLFMWCFVQHW-UHFFFAOYSA-N"",""BOXLCNYKQAJDCL-UHFFFAOYSA-M"",""BVQMJORGYLVXCN-UHFFFAOYSA-K"",""COKJBUWOXHAUTA-UHFFFAOYSA-N"",""FDKIDFYIEWFERB-UHFFFAOYSA-N"",""FMZMBDYRWNRDPA-UHFFFAOYSA-N"",""HCJFNGXSVIYZLW-UHFFFAOYSA-N"",""HIMQMXJQBCJXAJ-UHFFFAOYSA-N"",""IFTKZACDQPXYQU-UHFFFAOYSA-N"",""JWFFXFNRKUJOKC-UHFFFAOYSA-N"",""JYYRYEWEXBJRMH-UHFFFAOYSA-N"",""LFWMWTCWIVOPAK-UHFFFAOYSA-N"",""MDMTUGIZSFHDIC-UHFFFAOYSA-N"",""ODVJISVQLKLXNJ-UHFFFAOYSA-N"",""OXCMYAYHXIHQOA-UHFFFAOYSA-N"",""PBVPREISNBRWCV-UHFFFAOYSA-N"",""PSIFNNKUMBGKDQ-BLJONWMXSA-N"",""PSIFNNKUMBGKDQ-DCCZXJRWSA-N"",""PSIFNNKUMBGKDQ-FIBGUPNXSA-N"",""PSIFNNKUMBGKDQ-FNHLFAINSA-N"",""PSIFNNKUMBGKDQ-IDPOUZHQSA-N"",""PSIFNNKUMBGKDQ-IRYCTXJYSA-N"",""PSIFNNKUMBGKDQ-KLTYLHELSA-N"",""PSIFNNKUMBGKDQ-LDDLDNQNSA-N"",""PSIFNNKUMBGKDQ-MMOCZUFUSA-N"",""PSIFNNKUMBGKDQ-ONGFEPDZSA-N"",""PSIFNNKUMBGKDQ-QBNZOWDESA-N"",""PSIFNNKUMBGKDQ-RADXENCNSA-N"",""PSIFNNKUMBGKDQ-SZOMQVRQSA-N"",""PSIFNNKUMBGKDQ-UGWFXTGHSA-N"",""PSIFNNKUMBGKDQ-UHFFFAOYSA-N"",""PSIFNNKUMBGKDQ-UVWYLXLDSA-N"",""PSIFNNKUMBGKDQ-WRMMWXQOSA-N"",""PSIFNNKUMBGKDQ-YNBSFSHOSA-N"",""QOARSPDYOLSNEB-UHFFFAOYSA-N"",""QVRKUJKFKAOEEP-UHFFFAOYSA-O"",""RJNNZRCZZYYENR-UHFFFAOYSA-N"",""RKJBXYNZTQZPKY-UHFFFAOYSA-N"",""SHXLNLGTPFPIIN-UHFFFAOYSA-N"",""VHVHIRXCBHFTNX-UHFFFAOYSA-N"",""VSEMWXMEXIKGTA-UHFFFAOYSA-N"",""VTLZYVZFZUOGNM-UHFFFAOYSA-N"",""XBYCZXUFKSEAKT-UHFFFAOYSA-N"",""XQGZJPMNGZVHQC-UHFFFAOYSA-N"",""YXKZHKIWSSTSPS-UHFFFAOYSA-N""]"
268,amphotericin.B,CIDm05280965,false,0,0,[]
269,midazolam,CIDm00004192,true,30,30,"[""ABRFMCOREJRKEK-UHFFFAOYSA-N"",""BYXNTWQWLFEOFR-UHFFFAOYSA-N"",""DDLIGBOFAVUZHB-FIBGUPNXSA-N"",""DDLIGBOFAVUZHB-HAZFEAMMSA-N"",""DDLIGBOFAVUZHB-HXMULALQSA-N"",""DDLIGBOFAVUZHB-JVGDUDMDSA-N"",""DDLIGBOFAVUZHB-KQORAOOSSA-N"",""DDLIGBOFAVUZHB-LDPGHFJPSA-N"",""DDLIGBOFAVUZHB-OJMZUUARSA-N"",""DDLIGBOFAVUZHB-OUZZXWEMSA-N"",""DDLIGBOFAVUZHB-PKRPFQJCSA-N"",""DDLIGBOFAVUZHB-QFFDRWTDSA-N"",""DDLIGBOFAVUZHB-UHFFFAOYSA-N"",""DDLIGBOFAVUZHB-UHFFFAOYSA-O"",""IXNNTHCWWYAXEC-UHFFFAOYSA-N"",""JXYYMIYSZMPFDL-KSBRXOFISA-N"",""JXYYMIYSZMPFDL-UHFFFAOYSA-N"",""PLYSCVSCYOQVRP-UHFFFAOYSA-M"",""PLYSCVSCYOQVRP-UHFFFAOYSA-N"",""XRBCTHMVRDCXIT-UHFFFAOYSA-N"",""XYGVIBXOJOOCFR-BRZXBJTJSA-N"",""XYGVIBXOJOOCFR-BTJKTKAUSA-L"",""XYGVIBXOJOOCFR-BTJKTKAUSA-N"",""XYGVIBXOJOOCFR-IPLWTMLPSA-N"",""XYGVIBXOJOOCFR-ITWFVOMVSA-N"",""XYGVIBXOJOOCFR-UHFFFAOYSA-L"",""XYGVIBXOJOOCFR-WLHGVMLRSA-N"",""XYGVIBXOJOOCFR-YNJVSSJASA-N"",""YGBUQIMGMGKBGT-SPIKMXEPSA-N"",""YGBUQIMGMGKBGT-UHFFFAOYSA-N""]"
270,tobramycin,CIDm00036294,false,0,0,[]
271,trovafloxacin,CIDm00062959,true,23,19,"[""DYNZICQDCVYXFW-GIPYJWDTSA-M"",""DYNZICQDCVYXFW-GIPYJWDTSA-N"",""DYNZICQDCVYXFW-KMPLGVCYSA-N"",""DYNZICQDCVYXFW-UHFFFAOYSA-N"",""HHNLQKBIVXFURS-GMWUOBQLSA-N"",""HHNLQKBIVXFURS-UHFFFAOYSA-N"",""IECWXLLLMHXSHO-GIPYJWDTSA-N"",""IECWXLLLMHXSHO-UHFFFAOYSA-N"",""IXNBJOGCTSVSFY-BMNOYIKESA-N"",""NBQQGIQTRNFSGD-GMWUOBQLSA-N"",""VOYNIHWZMLJQHF-GIPYJWDTSA-N"",""VOYNIHWZMLJQHF-UHFFFAOYSA-N"",""WVPSKSLAZQPAKQ-CARYRUMMSA-N"",""WVPSKSLAZQPAKQ-DTWOCVIESA-N"",""WVPSKSLAZQPAKQ-SOSAQKQKSA-N"",""WVPSKSLAZQPAKQ-SOSAQKQKSA-O"",""WVPSKSLAZQPAKQ-UHFFFAOYSA-M"",""WVPSKSLAZQPAKQ-UHFFFAOYSA-N"",""WVPSKSLAZQPAKQ-UHFFFAOYSA-O""]"
272,pentosan.polysulfate.sodium,CIDm00037720,true,2,2,"[""FCCNSUIJIOOXEZ-SJYYZXOBSA-N"",""FCCNSUIJIOOXEZ-UHFFFAOYSA-N""]"
273,moexipril,CIDm00055331,true,12,12,"[""CMPAGYDKASJORH-BEVDRBHNSA-N"",""CMPAGYDKASJORH-LXEKAHDWSA-N"",""CMPAGYDKASJORH-PAWZADGCSA-N"",""CMPAGYDKASJORH-RYGJVYDSSA-N"",""CMPAGYDKASJORH-UHFFFAOYSA-M"",""CMPAGYDKASJORH-UHFFFAOYSA-N"",""CMPAGYDKASJORH-VBSNWNEZSA-N"",""CMPAGYDKASJORH-XKCVKMNPSA-N"",""CMPAGYDKASJORH-YSSFQJQWSA-M"",""CMPAGYDKASJORH-YSSFQJQWSA-N"",""ZVLZMESUJYRKKI-UHFFFAOYSA-N"",""ZVLZMESUJYRKKI-ZAFWUOJLSA-N""]"
274,phentolamine,CIDm00005775,true,16,12,"[""BKSNZPUAZBUONA-UHFFFAOYSA-N"",""CGQRGJFKZREUOE-UHFFFAOYSA-N"",""MRBDMNSDAVCSSF-UHFFFAOYSA-N"",""MRBDMNSDAVCSSF-UHFFFAOYSA-O"",""MRBDMNSDAVCSSF-YQUBHJMPSA-N"",""OGIYDFVHFQEFKQ-UHFFFAOYSA-N"",""QLZYNNMCDUNMBQ-UHFFFAOYSA-N"",""SELDNYRFQTVBPU-UHFFFAOYSA-N"",""TUEJFGFQYKDAPM-PQDNHERISA-N"",""TUEJFGFQYKDAPM-UHFFFAOYSA-M"",""TUEJFGFQYKDAPM-UHFFFAOYSA-N"",""YMMJCMZHQBERII-UHFFFAOYSA-N""]"
275,fluorescein,CIDm00016850,true,48,46,"[""ADRVCXMCMVDZRZ-UHFFFAOYSA-N"",""AUJGYURXAKFALW-UHFFFAOYSA-N"",""BAOFAQPMEOZKTD-UHFFFAOYSA-N"",""BHQICQNAAKKZRC-UHFFFAOYSA-N"",""CPRVUBZYHZGASQ-UHFFFAOYSA-N"",""CSEYDWHNGJPTCW-UHFFFAOYSA-N"",""DZSPMLRDMGJVAT-UHFFFAOYSA-L"",""DZSPMLRDMGJVAT-UHFFFAOYSA-N"",""FBOXXXRZJFWBPD-UHFFFAOYSA-N"",""FBOXXXRZJFWBPD-UHFFFAOYSA-O"",""FPIGULHGBJXGQJ-UHFFFAOYSA-M"",""FPIGULHGBJXGQJ-UHFFFAOYSA-N"",""GNBHRKFJIUUOQI-GAXKPXGHSA-N"",""GNBHRKFJIUUOQI-UHFFFAOYSA-L"",""GNBHRKFJIUUOQI-UHFFFAOYSA-N"",""GNBHRKFJIUUOQI-UICOGKGYSA-N"",""GNBHRKFJIUUOQI-WFVSFCRTSA-N"",""GNBHRKFJIUUOQI-YLZNBVSGSA-N"",""GNBHRKFJIUUOQI-ZBHCNTRJSA-N"",""GNBHRKFJIUUOQI-ZWXVIAAOSA-N"",""HPIWRYQDDDDRDM-UHFFFAOYSA-H"",""HYAUTZFSPWTFKS-UHFFFAOYSA-L"",""ILLQVNMSQZDVAZ-UHFFFAOYSA-N"",""IPZPMQFMYCXQKO-UHFFFAOYSA-M"",""IPZPMQFMYCXQKO-UHFFFAOYSA-N"",""IXEKROVIVYCHTF-UHFFFAOYSA-N"",""JKUSWNGLHWBLQD-UHFFFAOYSA-N"",""KHBIARCXLUWABL-UHFFFAOYSA-N"",""KLVBVUYPCFJOOX-UHFFFAOYSA-N"",""LFFFMKGMKKSYSS-UHFFFAOYSA-N"",""MOUPEUAUBSXMLI-UHFFFAOYSA-N"",""NGXCDBXCWHBKRP-UHFFFAOYSA-N"",""NOTUEQMQFYCZNG-UHFFFAOYSA-N"",""NPHLLFRQJNLZEA-UHFFFAOYSA-L"",""NPHLLFRQJNLZEA-UHFFFAOYSA-N"",""QYSRZUUZGSCJRA-UHFFFAOYSA-I"",""RDGMTZNUFKJKET-UHFFFAOYSA-N"",""RGPLGPBQJOQFJS-UHFFFAOYSA-L"",""RGPLGPBQJOQFJS-UHFFFAOYSA-N"",""SJFOAXXQAHFPQY-UHFFFAOYSA-N"",""SXAJLEMWRTYNLS-UHFFFAOYSA-M"",""VIFVWKPALSYVMI-UHFFFAOYSA-N"",""VLZOBTJLVZYEHJ-UHFFFAOYSA-N"",""WCWIXNSNAMOXLQ-UHFFFAOYSA-L"",""WCWIXNSNAMOXLQ-UHFFFAOYSA-N"",""XUEQXHFTEZCEAO-UHFFFAOYSA-N""]"
276,daunorubicin,CIDm00030323,false,0,0,[]
277,furosemide,CIDm00003440,true,14,14,"[""AGDGSMGWFQNSKC-UHFFFAOYSA-L"",""DLFCAVBMDSKMEY-UHFFFAOYSA-M"",""DLFCAVBMDSKMEY-UHFFFAOYSA-N"",""DRPDTFHSQJLDPO-UHFFFAOYSA-N"",""NXDBFIUCDBZBPP-UHFFFAOYSA-N"",""OBQXJHXAVCXBHK-UHFFFAOYSA-M"",""RSDYORUXBHNXHC-UHFFFAOYSA-N"",""ZZUFCTLCJUWOSV-HVRMQOCCSA-N"",""ZZUFCTLCJUWOSV-JZOBIDBQSA-N"",""ZZUFCTLCJUWOSV-OEPWJPHZSA-N"",""ZZUFCTLCJUWOSV-UHFFFAOYSA-M"",""ZZUFCTLCJUWOSV-UHFFFAOYSA-N"",""ZZUFCTLCJUWOSV-UHFFFAOYSA-O"",""ZZUFCTLCJUWOSV-ZXODQDMMSA-N""]"
278,tizanidine,CIDm00005487,true,20,19,"[""CCBDNWRPEUBWMB-UHFFFAOYSA-M"",""CCBDNWRPEUBWMB-UHFFFAOYSA-N"",""CQYKYSKVYKSNGO-UHFFFAOYSA-N"",""LIVDAGUZLLMLHS-UHFFFAOYSA-N"",""LOOKNTBBVBYWFG-UHFFFAOYSA-N"",""LOOKNTBBVBYWFG-WLHGVMLRSA-N"",""MJABGRFGVACTAW-UHFFFAOYSA-N"",""ODTBFVUHUVVCLI-UHFFFAOYSA-N"",""OEPQZRAYFSWQKY-UHFFFAOYSA-N"",""RJXGQQXNFPLDRB-UHFFFAOYSA-N"",""VOZLYZVBLVGIMA-UHFFFAOYSA-N"",""XFYDIVBRZNQMJC-KHORGVISSA-N"",""XFYDIVBRZNQMJC-UHFFFAOYSA-N"",""XFYDIVBRZNQMJC-UHFFFAOYSA-O"",""XQXLQXYNYTVMPW-UHFFFAOYSA-N"",""YTDGRVZGOITVFJ-UHFFFAOYSA-N"",""ZWUKMNZJRDGCTQ-UHFFFAOYSA-M"",""ZWUKMNZJRDGCTQ-UHFFFAOYSA-N"",""ZWUKMNZJRDGCTQ-URZLSVTISA-N""]"
279,eplerenone,CIDm00443872,false,0,0,[]
280,amprenavir,CIDm00065016,false,0,0,[]
281,naltrexone,CIDm05360515,false,0,0,[]
282,delavirdine,CIDm00005625,true,6,6,"[""DFWLXISKTSQSLF-UHFFFAOYSA-N"",""MEPNHSOMXMALDZ-UHFFFAOYSA-N"",""WHBIGIKBNXZKFE-PMCMNDOISA-N"",""WHBIGIKBNXZKFE-UHFFFAOYSA-N"",""WHBIGIKBNXZKFE-UHFFFAOYSA-O"",""XNUSSXQAMQVCQR-UHFFFAOYSA-N""]"
283,tamsulosin,CIDm00129211,false,0,0,[]
284,porfimer.sodium,CIDm03086257,true,4,4,"[""AMCBOCOWBIBIAY-UHFFFAOYSA-L"",""GPVSXPYOJDJYKH-UHFFFAOYSA-N"",""JYLAITRQWJPNBC-UHFFFAOYSA-N"",""MRMUEFQLVGOZAK-UHFFFAOYSA-N""]"
285,sufentanil,CIDm00041693,true,21,21,"[""AKHLSEOWUKHBNS-UHFFFAOYSA-N"",""AKHLSEOWUKHBNS-WLHGVMLRSA-N"",""BIUMTVYZKHQPAY-UHFFFAOYSA-N"",""DRZVATBZDHJVOK-UHFFFAOYSA-N"",""DRZVATBZDHJVOK-WUUYCOTASA-N"",""GGCSSNBKKAUURC-BMSJAHLVSA-N"",""GGCSSNBKKAUURC-JVXUGDAPSA-N"",""GGCSSNBKKAUURC-OQUUVRJDSA-N"",""GGCSSNBKKAUURC-UHFFFAOYSA-N"",""GGCSSNBKKAUURC-UHFFFAOYSA-O"",""GGCSSNBKKAUURC-VQULMRJGSA-N"",""GGCSSNBKKAUURC-WDVOAUESSA-N"",""NXUNSBKZWUYEGM-UHFFFAOYSA-L"",""OJCZPLDERGDQRJ-MUTAZJQDSA-N"",""OJCZPLDERGDQRJ-UHFFFAOYSA-K"",""OJCZPLDERGDQRJ-UHFFFAOYSA-N"",""PWUULJOBDCHWQH-UHFFFAOYSA-N"",""QDQKHGBXXGUBQW-UHFFFAOYSA-N"",""VNXZEVZWGZVBNY-UHFFFAOYSA-N"",""WZGGBYJHSKVKGO-UHFFFAOYSA-M"",""WZGGBYJHSKVKGO-UHFFFAOYSA-N""]"
286,lamivudine,CIDm00060825,false,0,0,[]
287,ibandronic.acid,CIDm00060852,true,59,53,"[""CETRJUDPWQUJQZ-UHFFFAOYSA-N"",""CHLWKFRZIIDHSS-UHFFFAOYSA-N"",""CMPOWLOIAHVELL-UHFFFAOYSA-N"",""FBCGRVGUBQEAAE-UHFFFAOYSA-N"",""FQKSXGSEWYMBRQ-UHFFFAOYSA-J"",""FQKSXGSEWYMBRQ-UHFFFAOYSA-N"",""GDJZNOYCYRPTBO-UHFFFAOYSA-N"",""GQLYNPWQUVCODN-UHFFFAOYSA-N"",""GQWLLDQGKCXUKQ-UHFFFAOYSA-N"",""GYPAUBDPECWKRR-UHFFFAOYSA-N"",""JDCCIUJHDCLLBV-UHFFFAOYSA-L"",""KOKCGYSWEDYXKB-UHFFFAOYSA-L"",""LFDFNXVMGSJMPN-UHFFFAOYSA-N"",""LXLBEOAZMZAZND-CMOUKOEPSA-M"",""LXLBEOAZMZAZND-MUTAZJQDSA-M"",""LXLBEOAZMZAZND-UHFFFAOYSA-M"",""LXLBEOAZMZAZND-UHFFFAOYSA-N"",""MPBVHIBUJCELCL-BMSJAHLVSA-N"",""MPBVHIBUJCELCL-DWUZUBJXSA-N"",""MPBVHIBUJCELCL-GBIJOAKOSA-N"",""MPBVHIBUJCELCL-JVXUGDAPSA-N"",""MPBVHIBUJCELCL-QYFCFRIXSA-N"",""MPBVHIBUJCELCL-UHFFFAOYSA-J"",""MPBVHIBUJCELCL-UHFFFAOYSA-L"",""MPBVHIBUJCELCL-UHFFFAOYSA-M"",""MPBVHIBUJCELCL-UHFFFAOYSA-N"",""MPBVHIBUJCELCL-UHFFFAOYSA-O"",""MPBVHIBUJCELCL-ZDTZLZODSA-N"",""NKAYTCMRPXCACG-UHFFFAOYSA-N"",""NPKOSFGEZDYOOZ-UHFFFAOYSA-N"",""OHMHUEQJLRTTSB-UHFFFAOYSA-N"",""PQBMQJSTBTXNJM-UHFFFAOYSA-L"",""PQOZZYWUABEDGQ-UHFFFAOYSA-N"",""PWZGRNZPRTZVKT-UHFFFAOYSA-N"",""PYLJIQKRNUYFDO-UHFFFAOYSA-L"",""RXQFDRLUKUARHK-UHFFFAOYSA-K"",""RXQFDRLUKUARHK-UHFFFAOYSA-N"",""SMTUHKOSBOWOPQ-UHFFFAOYSA-N"",""TWPJIZWVFRPNHJ-UHFFFAOYSA-K"",""ULWGGIFXCFKSQX-UHFFFAOYSA-N"",""VBDRTGFACFYFCT-UHFFFAOYSA-M"",""VBDRTGFACFYFCT-UHFFFAOYSA-N"",""VCMAUUSPFBHETD-UHFFFAOYSA-N"",""WEXHDMJCOBEMNA-UHFFFAOYSA-N"",""WQVSHLXLXKMYEW-UHFFFAOYSA-N"",""WSADYBSFHGNJRN-UHFFFAOYSA-N"",""XEBZHSHAWYDRRB-UHFFFAOYSA-N"",""XYTMDDFLCDQGRQ-UHFFFAOYSA-L"",""YLBRSDFLMFCICQ-UHFFFAOYSA-N"",""YMYSNOAPMXKQHR-UHFFFAOYSA-K"",""ZGXUFRYISGYHBS-UHFFFAOYSA-N"",""ZQFYUMOOJOZKIY-UHFFFAOYSA-N"",""ZZJBBNUEORUCSN-UHFFFAOYSA-N""]"
288,apomorphine,CIDm00006005,false,0,0,[]
289,paroxetine,CIDm00043815,false,0,0,[]
290,adefovir.dipivoxil,CIDm00060871,true,10,10,"[""DETZXAXGXCCUAN-UHFFFAOYSA-N"",""LKBNSIRTOLAGCQ-UHFFFAOYSA-N"",""LVWHLVBYANUQRF-BTJKTKAUSA-N"",""LVWHLVBYANUQRF-UHFFFAOYSA-N"",""LVWHLVBYANUQRF-WLHGVMLRSA-N"",""OAYAAHVUWPZUFN-UHFFFAOYSA-N"",""SFNAIQFUFXZYMC-UHFFFAOYSA-N"",""URRFXJRKKBILAB-UHFFFAOYSA-N"",""WOZSCQDILHKSGG-UHFFFAOYSA-N"",""WUFQPGCSBQTSNJ-UHFFFAOYSA-N""]"
291,lisinopril,CIDm05362118,false,0,0,[]
292,imiquimod,CIDm00057469,true,15,15,"[""DOUYETYNHWVLEO-BULCFLCISA-N"",""DOUYETYNHWVLEO-SCENNGIESA-N"",""DOUYETYNHWVLEO-UHFFFAOYSA-N"",""DOUYETYNHWVLEO-UHFFFAOYSA-O"",""GEICQBPNQHQRNM-UHFFFAOYSA-N"",""HDOAZWLZZMCJNG-UHFFFAOYSA-N"",""KHEULAFBCBCKDF-UHFFFAOYSA-N"",""KVMJJULDOOGSSK-UHFFFAOYSA-N"",""KYQFLNAOJRNEDV-BTJKTKAUSA-N"",""KYQFLNAOJRNEDV-UHFFFAOYSA-N"",""KYQFLNAOJRNEDV-WLHGVMLRSA-N"",""QOXXINVEDOERHN-UHFFFAOYSA-N"",""RGKLRAHQVIHCCH-UHFFFAOYSA-N"",""YJTALMLOQGQRJB-UHFFFAOYSA-N"",""ZKUHJPYAGLMVSQ-UHFFFAOYSA-N""]"
293,glyceryl.trinitrate,CIDm00004510,true,7,7,"[""CCXGETLCANRFGD-UHFFFAOYSA-N"",""CGUGUJGLUYLTFF-UHFFFAOYSA-N"",""LBQLVCJVCLTOCL-UHFFFAOYSA-N"",""NBBVOYFTQHLMKQ-UHFFFAOYSA-N"",""PGHBYDVOOPRPQW-UHFFFAOYSA-N"",""SNIOPGDIGTZGOP-UHFFFAOYSA-N"",""VGKKUPPRIWUBMI-UHFFFAOYSA-N""]"
294,nateglinide,CIDm05311309,false,0,0,[]
295,risperidone,CIDm00005073,true,96,96,"[""AMIRNZMZQZJFRP-UHFFFAOYSA-N"",""AOEAPTSXQWFGGI-UHFFFAOYSA-N"",""AQBMFCAEYYPBII-UHFFFAOYSA-N"",""GBBYTZLPBRMABV-UHFFFAOYSA-N"",""GETDEXGIIAKFFM-UHFFFAOYSA-N"",""HXOJWQHNYABDGZ-UHFFFAOYSA-N"",""KSWIOGDSXUFKOC-LREBCSMRSA-N"",""KSWIOGDSXUFKOC-UHFFFAOYSA-N"",""LMYCMULLDCTGNJ-UHFFFAOYSA-N"",""OCBZQKQWVUTYDN-UHFFFAOYSA-N"",""OJUQOWYTFBZUKJ-UHFFFAOYSA-N"",""RAPZEAPATHNIPO-ADHJOMSGSA-N"",""RAPZEAPATHNIPO-ADHKUXRWSA-N"",""RAPZEAPATHNIPO-APZFVMQVSA-N"",""RAPZEAPATHNIPO-AYSFZHCGSA-N"",""RAPZEAPATHNIPO-BHPWOMJOSA-N"",""RAPZEAPATHNIPO-BKDUNHFPSA-N"",""RAPZEAPATHNIPO-BMSMALLQSA-N"",""RAPZEAPATHNIPO-CUFNNBPDSA-N"",""RAPZEAPATHNIPO-CYBPWJKKSA-N"",""RAPZEAPATHNIPO-CZPJFHGWSA-N"",""RAPZEAPATHNIPO-DCBOUBSOSA-N"",""RAPZEAPATHNIPO-DCLHASNASA-N"",""RAPZEAPATHNIPO-DCSRNDGASA-N"",""RAPZEAPATHNIPO-DUJJLLAWSA-N"",""RAPZEAPATHNIPO-FIBGUPNXSA-N"",""RAPZEAPATHNIPO-FIRFLZKJSA-N"",""RAPZEAPATHNIPO-FQVXAEMQSA-N"",""RAPZEAPATHNIPO-FWENRFSLSA-N"",""RAPZEAPATHNIPO-FWKHBUKYSA-N"",""RAPZEAPATHNIPO-FXWDUQCKSA-N"",""RAPZEAPATHNIPO-FYMOAMELSA-N"",""RAPZEAPATHNIPO-HAVWBJDSSA-N"",""RAPZEAPATHNIPO-HNCXYFNQSA-N"",""RAPZEAPATHNIPO-HVWJZURKSA-N"",""RAPZEAPATHNIPO-JCVMNNGRSA-N"",""RAPZEAPATHNIPO-LPSKVJMGSA-N"",""RAPZEAPATHNIPO-MBYPWHHOSA-N"",""RAPZEAPATHNIPO-MIGPCILRSA-N"",""RAPZEAPATHNIPO-MTJHZUPNSA-N"",""RAPZEAPATHNIPO-NGPXXKJGSA-N"",""RAPZEAPATHNIPO-NJZAYIAPSA-N"",""RAPZEAPATHNIPO-NLVRKEOCSA-N"",""RAPZEAPATHNIPO-NMOBJBEMSA-N"",""RAPZEAPATHNIPO-NQBRXCENSA-N"",""RAPZEAPATHNIPO-NVSYONAQSA-N"",""RAPZEAPATHNIPO-OAHWZTLLSA-N"",""RAPZEAPATHNIPO-OBKGIJCGSA-N"",""RAPZEAPATHNIPO-OPBSLXDESA-N"",""RAPZEAPATHNIPO-OZAJJJLGSA-N"",""RAPZEAPATHNIPO-PCVZZPKESA-N"",""RAPZEAPATHNIPO-PKBIUOFSSA-N"",""RAPZEAPATHNIPO-PLYTXIKWSA-N"",""RAPZEAPATHNIPO-QBHLKYSASA-N"",""RAPZEAPATHNIPO-QOWOAITPSA-N"",""RAPZEAPATHNIPO-QSPWDDOQSA-N"",""RAPZEAPATHNIPO-RHAAYZNBSA-N"",""RAPZEAPATHNIPO-RIEWMPPISA-N"",""RAPZEAPATHNIPO-RMGDRHLDSA-N"",""RAPZEAPATHNIPO-SAERSEEUSA-N"",""RAPZEAPATHNIPO-SCEJKDAXSA-N"",""RAPZEAPATHNIPO-SGEUAGPISA-N"",""RAPZEAPATHNIPO-SHVZENCTSA-N"",""RAPZEAPATHNIPO-SJQXVDPXSA-N"",""RAPZEAPATHNIPO-UGNOQKCXSA-N"",""RAPZEAPATHNIPO-UHFFFAOYSA-N"",""RAPZEAPATHNIPO-UHFFFAOYSA-O"",""RAPZEAPATHNIPO-UOUWLZCZSA-N"",""RAPZEAPATHNIPO-UQIJHZRGSA-N"",""RAPZEAPATHNIPO-UYMFUJDLSA-N"",""RAPZEAPATHNIPO-VASCZHBUSA-N"",""RAPZEAPATHNIPO-VPWHWHGJSA-N"",""RAPZEAPATHNIPO-VYZBHSPPSA-N"",""RAPZEAPATHNIPO-WDDUCUPMSA-N"",""RAPZEAPATHNIPO-WHTLUQIISA-N"",""RAPZEAPATHNIPO-WKRPFVSZSA-N"",""RAPZEAPATHNIPO-WLIZDDDSSA-N"",""RAPZEAPATHNIPO-WMBCOWQFSA-N"",""RAPZEAPATHNIPO-WWKCPDJZSA-N"",""RAPZEAPATHNIPO-XHDLKEIZSA-N"",""RAPZEAPATHNIPO-XWPSJGBSSA-N"",""RAPZEAPATHNIPO-YIUPVAQBSA-N"",""RAPZEAPATHNIPO-YVIKSVRPSA-N"",""RAPZEAPATHNIPO-YXOSGVNGSA-N"",""RAPZEAPATHNIPO-ZNAJEDMRSA-N"",""SCMCXESRUNVZSO-UHFFFAOYSA-N"",""SDDFJPAHNFQCTQ-BTJKTKAUSA-N"",""SDDFJPAHNFQCTQ-UHFFFAOYSA-N"",""SDDFJPAHNFQCTQ-WLHGVMLRSA-N"",""UISHUTVKJIRNMV-UHFFFAOYSA-N"",""VRFPXELRHOFFDF-UHFFFAOYSA-N"",""WNKSLBUXCUABCF-UHFFFAOYSA-N"",""XENVRYQPTVPKFB-UHFFFAOYSA-N"",""XENVRYQPTVPKFB-WNQIDUERSA-N"",""YEGOOYBTNOCWJQ-UHFFFAOYSA-N"",""ZIQMNBSPYZVSNW-UHFFFAOYSA-N""]"
296,naftifine,CIDm00047641,false,0,0,[]
297,esomeprazole,CIDm09579578,false,0,0,[]
298,pentamidine.isethionate,CIDm00004735,true,22,20,"[""HWURPQUPKQFGJI-UHFFFAOYSA-N"",""JKFRHGGCBDOYFS-UHFFFAOYSA-N"",""JPIRAJIGLXMCLF-UHFFFAOYSA-N"",""KPJYYXVSDMOMAN-UHFFFAOYSA-N"",""LCNPURURRXMYET-UHFFFAOYSA-M"",""LCNPURURRXMYET-UHFFFAOYSA-N"",""LXOZJQZNSXTBTA-UHFFFAOYSA-N"",""RWJMPQDBOGJCLI-UHFFFAOYSA-N"",""RZNUUXXVFDVVKH-UHFFFAOYSA-N"",""SLIMWLDPQXPQMD-UHFFFAOYSA-N"",""SOFWGSSFMLEPTE-UHFFFAOYSA-N"",""UAPNWLLJGOMRQX-UHFFFAOYSA-N"",""WIJHFFBIVJGJJU-UHFFFAOYSA-N"",""WRXSODAXJSKMAW-UHFFFAOYSA-N"",""XDRYMKDFEDOLFX-UHFFFAOYSA-N"",""XDRYMKDFEDOLFX-UHFFFAOYSA-O"",""XDRYMKDFEDOLFX-UHFFFAOYSA-P"",""XDRYMKDFEDOLFX-UHFFFAOYSA-R"",""YHJOCKILCABFHM-UHFFFAOYSA-N"",""ZPSJRVRQAZSOKS-UHFFFAOYSA-N""]"
299,riluzole,CIDm00005070,true,13,13,"[""BXBRKIDSRSSFIT-UHFFFAOYSA-N"",""CPIWDBWFGFTJCU-UHFFFAOYSA-N"",""CVZBNDVUACYNSE-UHFFFAOYSA-N"",""FTALBRSUTCGOEG-IDEBNGHGSA-N"",""FTALBRSUTCGOEG-UHFFFAOYSA-N"",""FTALBRSUTCGOEG-VUJIMZNRSA-N"",""GRQKIONCTAKLSQ-UHFFFAOYSA-N"",""NIXQLGOOBIFQEY-UHFFFAOYSA-N"",""OTMXYVWFUIDBDE-UHFFFAOYSA-N"",""QDPSAZMPOQWWRO-UHFFFAOYSA-N"",""QEAOELIJQRYJJS-UHFFFAOYSA-M"",""QEAOELIJQRYJJS-UHFFFAOYSA-N"",""UFENBFUNISNKJI-UHFFFAOYSA-N""]"
300,hydrocortisone,CIDm00005754,false,0,0,[]
301,mannitol,CIDm00006251,false,0,0,[]
302,gadobenic.acid,CIDm06918204,false,0,0,[]
303,modafinil,CIDm00004236,true,24,24,"[""AOFQGYIKRWKBJG-OYPHMNEHSA-N"",""AOFQGYIKRWKBJG-UHFFFAOYSA-N"",""BIPXECORKSMNLB-UHFFFAOYSA-N"",""DXHGWMUPRLGMKO-UHFFFAOYSA-N"",""GATXHFUPCHOHIU-UHFFFAOYSA-N"",""JIQSCEZLYJHZBC-UHFFFAOYSA-N"",""STMUCOYIBYTCQN-UHFFFAOYSA-N"",""UMVVHSQPNCSBHS-UHFFFAOYSA-N"",""YFGHCGITMMYXAQ-AOLFJIHXSA-N"",""YFGHCGITMMYXAQ-DAKYEJJZSA-N"",""YFGHCGITMMYXAQ-DYVTXVBDSA-N"",""YFGHCGITMMYXAQ-FHSPSHLESA-N"",""YFGHCGITMMYXAQ-IBGZPJMESA-N"",""YFGHCGITMMYXAQ-LHNTUAQVSA-N"",""YFGHCGITMMYXAQ-LJQANCHMSA-N"",""YFGHCGITMMYXAQ-MLIMBSCNSA-N"",""YFGHCGITMMYXAQ-PKABRSRBSA-N"",""YFGHCGITMMYXAQ-RHQRRTOZSA-N"",""YFGHCGITMMYXAQ-RWFJLFJASA-N"",""YFGHCGITMMYXAQ-UHFFFAOYSA-N"",""YFGHCGITMMYXAQ-WVYCSPNRSA-N"",""YFGHCGITMMYXAQ-ZWGOZCLVSA-N"",""ZRNSKMCSXICWRV-BTJKTKAUSA-N"",""ZRNSKMCSXICWRV-UHFFFAOYSA-N""]"
304,deferoxamine,CIDm00002973,true,19,16,"[""AQUMBOBZEDSTNL-UHFFFAOYSA-N"",""CQEBAQGQYHNNRI-UHFFFAOYSA-M"",""HHGXMJMNHGLHNZ-UHFFFAOYSA-N"",""IDDIJAWJANBQLJ-UHFFFAOYSA-N"",""JOZMNUMTQQFONF-UHFFFAOYSA-N"",""KCRQZLMAZHZDCL-UHFFFAOYSA-N"",""OGVCUKGVJYUKMJ-UHFFFAOYSA-N"",""PNTZAJOHBIJNNR-UHFFFAOYSA-N"",""RZPYZIJCLYVBSX-UHFFFAOYSA-N"",""SDVVXAWSWZOLEA-UHFFFAOYSA-N"",""SMMRFJMVTJGJSM-UHFFFAOYSA-N"",""SVIRNNMREPGSLS-UHFFFAOYSA-N"",""UBQYURCVBFRUQT-UHFFFAOYSA-N"",""UBQYURCVBFRUQT-UHFFFAOYSA-O"",""XHGNLWLRCGFOBJ-UHFFFAOYSA-N"",""ZHJKUTKBRCNASR-UHFFFAOYSA-N""]"
305,tretinoin,CIDm00444795,false,0,0,[]
306,dolasetron,CIDm14476155,false,0,0,[]
307,clopidogrel,CIDm00060606,false,0,0,[]
308,meropenem,CIDm00060706,true,58,50,"[""CTUAQTBUVLKNDJ-LZXWJLPRSA-N"",""CTUAQTBUVLKNDJ-OBZXMJSBSA-N"",""CTUAQTBUVLKNDJ-TXBRDXQXSA-N"",""CTUAQTBUVLKNDJ-UHFFFAOYSA-N"",""CTUAQTBUVLKNDJ-YRUOKONASA-N"",""DMJNNHOOLUXYBV-AVNYJLAWSA-N"",""DMJNNHOOLUXYBV-AYAQEJOPSA-N"",""DMJNNHOOLUXYBV-BLJBLNOLSA-N"",""DMJNNHOOLUXYBV-CCXFTSOHSA-N"",""DMJNNHOOLUXYBV-DCHHYWPUSA-N"",""DMJNNHOOLUXYBV-FHLMHDLWSA-N"",""DMJNNHOOLUXYBV-FUQDGDSFSA-N"",""DMJNNHOOLUXYBV-FXALZVTJSA-N"",""DMJNNHOOLUXYBV-HDYISPSHSA-N"",""DMJNNHOOLUXYBV-HRRXFJGFSA-N"",""DMJNNHOOLUXYBV-IXXAWXHISA-N"",""DMJNNHOOLUXYBV-JKCCIXDMSA-N"",""DMJNNHOOLUXYBV-JSEGGCCYSA-N"",""DMJNNHOOLUXYBV-KICZLOJDSA-N"",""DMJNNHOOLUXYBV-KJHLGYONSA-N"",""DMJNNHOOLUXYBV-KTWSDMTRSA-N"",""DMJNNHOOLUXYBV-KVCKRYHPSA-N"",""DMJNNHOOLUXYBV-KWLYNQAASA-N"",""DMJNNHOOLUXYBV-MIWQMSCFSA-N"",""DMJNNHOOLUXYBV-NUQZHYKPSA-N"",""DMJNNHOOLUXYBV-PAUJSFGCSA-N"",""DMJNNHOOLUXYBV-PQTSNVLCSA-N"",""DMJNNHOOLUXYBV-QGXAOHQVSA-N"",""DMJNNHOOLUXYBV-QSZMHOAKSA-N"",""DMJNNHOOLUXYBV-RXWFFYKWSA-N"",""DMJNNHOOLUXYBV-SCIZKLIVSA-N"",""DMJNNHOOLUXYBV-SIKRSBJHSA-N"",""DMJNNHOOLUXYBV-SWBCGBOASA-N"",""DMJNNHOOLUXYBV-UHFFFAOYSA-M"",""DMJNNHOOLUXYBV-UHFFFAOYSA-N"",""DMJNNHOOLUXYBV-WFEXRQQUSA-N"",""DMJNNHOOLUXYBV-WWDXXISGSA-N"",""DMJNNHOOLUXYBV-XFVKVHEMSA-N"",""DMJNNHOOLUXYBV-XPBCJXHDSA-N"",""DMJNNHOOLUXYBV-XUXXOHGQSA-N"",""DMJNNHOOLUXYBV-YAENKORASA-N"",""DMJNNHOOLUXYBV-ZSJYILIPSA-N"",""SMXXKOXICYEHBQ-QYTBMWLISA-N"",""SMXXKOXICYEHBQ-UHFFFAOYSA-N"",""UBQRNADYCUXRBD-NACOAMSHSA-M"",""UBQRNADYCUXRBD-UHFFFAOYSA-M"",""UBQRNADYCUXRBD-WJEFCNIMSA-M"",""WCDAAZJSDNCCFU-NACOAMSHSA-N"",""WCDAAZJSDNCCFU-UHFFFAOYSA-N"",""WCDAAZJSDNCCFU-WJEFCNIMSA-N""]"
309,irinotecan,CIDm00060837,false,0,0,[]
310,olopatadine,CIDm05281071,false,0,0,[]
311,alprostadil,CIDm06433212,false,0,0,[]
312,etoposide,CIDm00036462,false,0,0,[]
313,tirofiban,CIDm00060946,false,0,0,[]
314,oxcarbazepine,CIDm00034312,true,10,10,"[""CTRLABGOLIVAIY-DNZPNURCSA-N"",""CTRLABGOLIVAIY-KNXIQCGSSA-N"",""CTRLABGOLIVAIY-LPLPMYPYSA-N"",""CTRLABGOLIVAIY-LVOORPHWSA-N"",""CTRLABGOLIVAIY-MNYIHESISA-N"",""CTRLABGOLIVAIY-PGRXLJNUSA-N"",""CTRLABGOLIVAIY-UHFFFAOYSA-N"",""CTRLABGOLIVAIY-UYHQKSDVSA-N"",""CTRLABGOLIVAIY-ZSJDYOACSA-N"",""JLGQEQNNCBWPSX-UHFFFAOYSA-N""]"
315,estradiol,CIDm00005757,false,0,0,[]
316,aciclovir,CIDm00002022,true,35,34,"[""ATIOWXMQGDQQEV-UHFFFAOYSA-N"",""BPPVQUBLZFFIEH-UHFFFAOYSA-N"",""BVFZWERERRWXHZ-UHFFFAOYSA-M"",""BVFZWERERRWXHZ-UHFFFAOYSA-N"",""BVOILEATUWMBTI-UHFFFAOYSA-N"",""DZPBMANDXYVOIB-UHFFFAOYSA-N"",""FGSCODKEVCCASD-UHFFFAOYSA-N"",""GBKJZVMWDIJHGA-UHFFFAOYSA-L"",""HXKKMVNECDENPT-UHFFFAOYSA-N"",""HYQWPKDEFXGOCD-UHFFFAOYSA-M"",""JFXBUOTYRNNQHJ-UHFFFAOYSA-N"",""LQWJKQXLLFXRNX-UHFFFAOYSA-M"",""MBKAMOCWUGZGMI-UHFFFAOYSA-M"",""MKUXAQIIEYXACX-LNLMKGTHSA-N"",""MKUXAQIIEYXACX-UHFFFAOYSA-N"",""MKUXAQIIEYXACX-UHFFFAOYSA-O"",""MLWYVXJUIPXMKR-UHFFFAOYSA-N"",""NJPRSHXDNVOXDI-UHFFFAOYSA-N"",""NYEHEJDRTOZGIT-UHFFFAOYSA-N"",""PGVPRDWPMPODFC-UHFFFAOYSA-M"",""PGVPRDWPMPODFC-UHFFFAOYSA-N"",""PXROZRQSCCCPJO-UHFFFAOYSA-N"",""QEWIVPBYLDVSOL-UHFFFAOYSA-N"",""QWMWOVALDKPPRY-UHFFFAOYSA-N"",""RLVMKXYXZHZUMF-BTJKTKAUSA-N"",""RMLUKZWYIKEASN-UHFFFAOYSA-M"",""RMLUKZWYIKEASN-UHFFFAOYSA-N"",""UYCJBEMUGGSKGZ-UHFFFAOYSA-N"",""WORPSSMXLUTYDJ-PBCJVBLFSA-N"",""XFMDXTQHCKHTKU-UHFFFAOYSA-N"",""XGAYWEMHCKLHNB-UHFFFAOYSA-L"",""XGAYWEMHCKLHNB-UHFFFAOYSA-N"",""XWISHUBFNCHQLQ-UHFFFAOYSA-N"",""YPGRBRBDSGWGBQ-UHFFFAOYSA-N""]"
317,naproxen,CIDm00156391,false,0,0,[]
318,perindopril,CIDm00107807,false,0,0,[]
319,sulfasalazine,CIDm05359476,false,0,0,[]
320,tazarotene,CIDm00005381,true,5,5,"[""IUIGOAHUODSRPI-UHFFFAOYSA-N"",""OGQICQVSFDPSEI-UHFFFAOYSA-N"",""OGQICQVSFDPSEI-UWKUCZAESA-N"",""OGQICQVSFDPSEI-XERRXZQWSA-N"",""TZFUAYNSBXUMOK-UHFFFAOYSA-N""]"
321,alfentanil,CIDm00051263,true,20,19,"[""AHMVCVSWMIDASZ-UHFFFAOYSA-N"",""AQORHZJDCHLLJN-FJCVKDQNSA-N"",""AQORHZJDCHLLJN-JWIOGAFXSA-N"",""AQORHZJDCHLLJN-UHFFFAOYSA-M"",""AQORHZJDCHLLJN-UHFFFAOYSA-N"",""CNFIIGJQEIQCSX-UHFFFAOYSA-N"",""DDXWSGPWZJWDJP-UHFFFAOYSA-N"",""IDBPHNDTYPBSNI-CSHIUSJBSA-N"",""IDBPHNDTYPBSNI-HPRDVNIFSA-N"",""IDBPHNDTYPBSNI-IMUXFASNSA-N"",""IDBPHNDTYPBSNI-KTXUZGJCSA-N"",""IDBPHNDTYPBSNI-ONNKGWAKSA-N"",""IDBPHNDTYPBSNI-SGEUAGPISA-N"",""IDBPHNDTYPBSNI-UHFFFAOYSA-N"",""IDBPHNDTYPBSNI-UHFFFAOYSA-O"",""NSRSVIVOOFXDLT-UHFFFAOYSA-N"",""POZXFTHIRCBQNG-UHFFFAOYSA-L"",""QKUJLDQQUZMPPI-UHFFFAOYSA-N"",""YYESXRRYBUERKF-UHFFFAOYSA-N""]"
322,dicycloverine,CIDm00003042,true,18,16,"[""ALUYVRUGBFNMNC-UHFFFAOYSA-N"",""BJGUTLAMNCFORG-UHFFFAOYSA-N"",""CKGZRBOLHQQFHI-UHFFFAOYSA-N"",""CURUTKGFNZGFSE-UHFFFAOYSA-N"",""CURUTKGFNZGFSE-UHFFFAOYSA-O"",""DSYLVRSVGPWCOZ-UHFFFAOYSA-M"",""FBEQYGFTYOTPGB-UHFFFAOYSA-M"",""FRYYMGWVUBQRLG-UHFFFAOYSA-M"",""GUBNMFJOJGDCEL-UHFFFAOYSA-M"",""GUBNMFJOJGDCEL-UHFFFAOYSA-N"",""JUODTWTVJYIAEQ-UHFFFAOYSA-N"",""NTFCZLDTXHGCOG-UHFFFAOYSA-N"",""UEOVTBIJIVVCKH-BTJKTKAUSA-N"",""UEOVTBIJIVVCKH-UHFFFAOYSA-N"",""UEOVTBIJIVVCKH-WLHGVMLRSA-N"",""XVDDYIDJQBVLFY-UHFFFAOYSA-N""]"
323,pentoxifylline,CIDm00004740,true,44,44,"[""BYPFEZZEUUWMEJ-ACMKPZPJSA-N"",""BYPFEZZEUUWMEJ-AUOAYUKBSA-N"",""BYPFEZZEUUWMEJ-AYLRICEPSA-N"",""BYPFEZZEUUWMEJ-BMSJAHLVSA-N"",""BYPFEZZEUUWMEJ-CZKAMASUSA-N"",""BYPFEZZEUUWMEJ-DAEBOMLVSA-N"",""BYPFEZZEUUWMEJ-DJLUUONFSA-N"",""BYPFEZZEUUWMEJ-DQZWRVPZSA-N"",""BYPFEZZEUUWMEJ-FESBUKCMSA-N"",""BYPFEZZEUUWMEJ-FIBGUPNXSA-N"",""BYPFEZZEUUWMEJ-FNIDOOINSA-N"",""BYPFEZZEUUWMEJ-HADHVDQZSA-N"",""BYPFEZZEUUWMEJ-HPRDVNIFSA-N"",""BYPFEZZEUUWMEJ-JEUFEUAUSA-N"",""BYPFEZZEUUWMEJ-JVXUGDAPSA-N"",""BYPFEZZEUUWMEJ-LUYFJTGUSA-N"",""BYPFEZZEUUWMEJ-MPQGGVBNSA-N"",""BYPFEZZEUUWMEJ-NCYHJHSESA-N"",""BYPFEZZEUUWMEJ-NLBPYYKNSA-N"",""BYPFEZZEUUWMEJ-OJYSAGIRSA-N"",""BYPFEZZEUUWMEJ-OKIJRMHBSA-N"",""BYPFEZZEUUWMEJ-PDWRLMEDSA-N"",""BYPFEZZEUUWMEJ-RASBHQKZSA-N"",""BYPFEZZEUUWMEJ-RUMVGZPSSA-N"",""BYPFEZZEUUWMEJ-SBRIIUNQSA-N"",""BYPFEZZEUUWMEJ-SMZGMGDZSA-N"",""BYPFEZZEUUWMEJ-UHFFFAOYSA-N"",""BYPFEZZEUUWMEJ-UHFFFAOYSA-O"",""BYPFEZZEUUWMEJ-VTUXOMOSSA-N"",""BYPFEZZEUUWMEJ-VYNTZABCSA-N"",""BYPFEZZEUUWMEJ-WFGJKAKNSA-N"",""BYPFEZZEUUWMEJ-WNWXXORZSA-N"",""BYPFEZZEUUWMEJ-XAOMAEITSA-N"",""BYPFEZZEUUWMEJ-XERRXZQWSA-N"",""BYPFEZZEUUWMEJ-YRYIGFSMSA-N"",""BYPFEZZEUUWMEJ-YSRYKXKTSA-N"",""BYPFEZZEUUWMEJ-YWJBJMGJSA-N"",""BYPFEZZEUUWMEJ-ZSOGONOBSA-N"",""BYPFEZZEUUWMEJ-ZWMJRJMBSA-N"",""BYPFEZZEUUWMEJ-ZYISFSHDSA-N"",""LXZAOJHWOLUJPM-UHFFFAOYSA-N"",""OBYKIRJDCTZUKG-UHFFFAOYSA-N"",""QJEGUXTZJAWIQY-UHFFFAOYSA-N"",""WSGFSCJUCXXMFX-UHFFFAOYSA-N""]"
324,indapamide,CIDm00003702,true,11,11,"[""GPFKQEHXQLDCEK-KCONRHHUSA-N"",""GPFKQEHXQLDCEK-RCWTXCDDSA-N"",""GPFKQEHXQLDCEK-UHFFFAOYSA-N"",""NDDAHWYSQHTHNT-FIBGUPNXSA-N"",""NDDAHWYSQHTHNT-JTQLQIEISA-N"",""NDDAHWYSQHTHNT-KQORAOOSSA-N"",""NDDAHWYSQHTHNT-SNVBAGLBSA-N"",""NDDAHWYSQHTHNT-UHFFFAOYSA-N"",""OYMYLNBYLKDJMQ-UHFFFAOYSA-N"",""UNNZWJQTFOIXOA-FTYBWHBYSA-N"",""UNNZWJQTFOIXOA-UHFFFAOYSA-N""]"
325,ribavirin,CIDm00037542,false,0,0,[]
326,fentanyl,CIDm00003345,true,60,60,"[""AHIHJPNNVXMMAE-UHFFFAOYSA-N"",""DNAUAHGUSILAGT-UHFFFAOYSA-M"",""GSUIUBXYAHRPSW-UHFFFAOYSA-M"",""GSUIUBXYAHRPSW-UHFFFAOYSA-N"",""HNNOAVGQLNFDRH-UHFFFAOYSA-M"",""HNNOAVGQLNFDRH-UHFFFAOYSA-N"",""IVLVTNPOHDFFCJ-UFVULFIVSA-N"",""IVLVTNPOHDFFCJ-UHFFFAOYSA-N"",""IVLVTNPOHDFFCJ-VSXKINJCSA-N"",""IZSXNVMTYUBLHR-UHFFFAOYSA-M"",""IZSXNVMTYUBLHR-UHFFFAOYSA-N"",""LHCBOXPPRUIAQT-UHFFFAOYSA-M"",""LHCBOXPPRUIAQT-UHFFFAOYSA-N"",""LKCQUJUTZJRSPS-UHFFFAOYSA-N"",""PJMPHNIQZUBGLI-BKIFLLFGSA-N"",""PJMPHNIQZUBGLI-BPPAMHLBSA-N"",""PJMPHNIQZUBGLI-CBTSVUPCSA-N"",""PJMPHNIQZUBGLI-FIBGUPNXSA-N"",""PJMPHNIQZUBGLI-FLHRYXQDSA-N"",""PJMPHNIQZUBGLI-FLXGDNTASA-N"",""PJMPHNIQZUBGLI-GASZSTSWSA-N"",""PJMPHNIQZUBGLI-GVWQQPBBSA-N"",""PJMPHNIQZUBGLI-HAXAZAESSA-N"",""PJMPHNIQZUBGLI-HCCIXQCTSA-N"",""PJMPHNIQZUBGLI-HGSMBRELSA-N"",""PJMPHNIQZUBGLI-IMEXCELOSA-N"",""PJMPHNIQZUBGLI-ISSKWMCZSA-N"",""PJMPHNIQZUBGLI-ITVOZZKASA-N"",""PJMPHNIQZUBGLI-IVXKECHKSA-N"",""PJMPHNIQZUBGLI-IZRASFJTSA-N"",""PJMPHNIQZUBGLI-JPWSGVRTSA-N"",""PJMPHNIQZUBGLI-KLTYLHELSA-N"",""PJMPHNIQZUBGLI-LWQQJDDXSA-N"",""PJMPHNIQZUBGLI-MIMPEXOTSA-N"",""PJMPHNIQZUBGLI-MLBKMGCWSA-N"",""PJMPHNIQZUBGLI-MUHYCZOVSA-N"",""PJMPHNIQZUBGLI-NMWNDFFZSA-N"",""PJMPHNIQZUBGLI-OZLTYPFRSA-N"",""PJMPHNIQZUBGLI-PRBIEUJDSA-N"",""PJMPHNIQZUBGLI-QVCJBBQTSA-N"",""PJMPHNIQZUBGLI-SCUSKTIWSA-N"",""PJMPHNIQZUBGLI-UCZQSVSESA-N"",""PJMPHNIQZUBGLI-UHFFFAOYSA-N"",""PJMPHNIQZUBGLI-UHFFFAOYSA-O"",""PJMPHNIQZUBGLI-UHFFFAOYSA-P"",""PJMPHNIQZUBGLI-USEFUVPSSA-N"",""PJMPHNIQZUBGLI-VZBDIJCSSA-N"",""PJMPHNIQZUBGLI-WGBNQYLBSA-N"",""PJMPHNIQZUBGLI-XSGZHCDOSA-N"",""PJMPHNIQZUBGLI-ZBJDZAJPSA-N"",""PJMPHNIQZUBGLI-ZPKJBOJJSA-N"",""PJMPHNIQZUBGLI-ZTRRZWADSA-N"",""QOLYMVJJIIACEH-UHFFFAOYSA-L"",""REVXOSFJZXHFRF-UHFFFAOYSA-N"",""RWTMHHVIPCYIOO-UHFFFAOYSA-N"",""STTKPGSBZIYQRU-BTJKTKAUSA-N"",""STTKPGSBZIYQRU-UHFFFAOYSA-N"",""STTKPGSBZIYQRU-WLHGVMLRSA-N"",""URUQOFFWQHLSSV-UHFFFAOYSA-N"",""WTPKXCFFIGJTPY-UHFFFAOYSA-N""]"
327,meloxicam,CIDm00004051,true,46,45,"[""CEDFSOSWPMMHJP-UHFFFAOYSA-M"",""DWMREKMVXIFPFM-UHFFFAOYSA-M"",""FXEMNZKZRIYXBK-BNSHTTSQSA-M"",""FXEMNZKZRIYXBK-UHFFFAOYSA-M"",""GXEDIODBJBPMQF-BNSHTTSQSA-M"",""GXEDIODBJBPMQF-KEHAOADBSA-M"",""GXEDIODBJBPMQF-UHFFFAOYSA-M"",""HSEDQWSQXDQDAX-UHFFFAOYSA-N"",""ISPKDLDORVPPBH-UHFFFAOYSA-N"",""IZBZAOZGNNQKPJ-UHFFFAOYSA-M"",""IZBZAOZGNNQKPJ-UHFFFAOYSA-N"",""MTWLMXYDKCIJHS-UAIOKUCGSA-M"",""MTWLMXYDKCIJHS-UHFFFAOYSA-M"",""NOKHWVHYBXWWHB-BTJKTKAUSA-N"",""NOKHWVHYBXWWHB-UHFFFAOYSA-N"",""NOKHWVHYBXWWHB-WLHGVMLRSA-N"",""NVLCIABNVNXGQO-UHFFFAOYSA-N"",""PTCPMRKGGUPNDO-UHFFFAOYSA-M"",""PTCPMRKGGUPNDO-UHFFFAOYSA-N"",""QYEYLRUHGJEXFO-UHFFFAOYSA-N"",""RVZBEOLTJTXQRP-UHFFFAOYSA-M"",""WKDVSQJDUGCBDT-UHFFFAOYSA-N"",""WVPDPLHRPLXIAY-UHFFFAOYSA-N"",""XACCJGDWPLIYHO-UHFFFAOYSA-N"",""YOEJXZMHSOYCQA-UHFFFAOYSA-N"",""ZRVUJXDFFKFLMG-BMSJAHLVSA-N"",""ZRVUJXDFFKFLMG-CWIRFKENSA-N"",""ZRVUJXDFFKFLMG-DKFMXDSJSA-N"",""ZRVUJXDFFKFLMG-DRMLWOEZSA-N"",""ZRVUJXDFFKFLMG-FIBGUPNXSA-N"",""ZRVUJXDFFKFLMG-HRDWIZOWSA-N"",""ZRVUJXDFFKFLMG-JFZRXOORSA-N"",""ZRVUJXDFFKFLMG-JVXUGDAPSA-N"",""ZRVUJXDFFKFLMG-LNFUJOGGSA-N"",""ZRVUJXDFFKFLMG-MSQIWANRSA-N"",""ZRVUJXDFFKFLMG-QFRGLVERSA-N"",""ZRVUJXDFFKFLMG-QXMYYZBZSA-N"",""ZRVUJXDFFKFLMG-UHFFFAOYSA-N"",""ZRVUJXDFFKFLMG-UHFFFAOYSA-O"",""ZRVUJXDFFKFLMG-VVMRUBJMSA-N"",""ZRVUJXDFFKFLMG-WFGJKAKNSA-N"",""ZRVUJXDFFKFLMG-WHRKIXHSSA-N"",""ZRVUJXDFFKFLMG-ZGYYUIRESA-N"",""ZRVUJXDFFKFLMG-ZNQJDLFLSA-N"",""ZRVUJXDFFKFLMG-ZVMOLSBMSA-N""]"
328,orciprenaline,CIDm00004086,true,20,19,"[""AQTZRRCWWBPYGU-UHFFFAOYSA-N"",""DPOFITHMYXZMOU-UHFFFAOYSA-N"",""GWZNGSPZHASIIB-UHFFFAOYSA-N"",""IGPZZIRRNVCAFD-UHFFFAOYSA-N"",""KSADBGVWHQJPAL-UHFFFAOYSA-L"",""KSADBGVWHQJPAL-UHFFFAOYSA-N"",""LMOINURANNBYCM-LLVKDONJSA-N"",""LMOINURANNBYCM-LLVKDONJSA-O"",""LMOINURANNBYCM-NSHDSACASA-N"",""LMOINURANNBYCM-NSHDSACASA-O"",""LMOINURANNBYCM-QXMYYZBZSA-N"",""LMOINURANNBYCM-UHFFFAOYSA-N"",""LMOINURANNBYCM-UHFFFAOYSA-O"",""MKFFGUZYVNDHIH-ISAZSYCMSA-N"",""MKFFGUZYVNDHIH-UHFFFAOYSA-N"",""MKFFGUZYVNDHIH-ZVRYYDNZSA-N"",""RZMQSXQAVUZSDU-UHFFFAOYSA-N"",""XNSAMYJBZOLTTD-FGYXOPSTSA-N"",""XNSAMYJBZOLTTD-UHFFFAOYSA-N""]"
329,tadalafil,CIDm00110635,true,307,307,"[""AFBQPVDMDSAVNN-KTWHHOSASA-N"",""AFBQPVDMDSAVNN-UHFFFAOYSA-N"",""BHYPQLSJYDBVGV-KECZHIBDSA-N"",""BHYPQLSJYDBVGV-UHFFFAOYSA-N"",""DSUMPYGAAHCKIK-JDPWUSGCSA-N"",""FBBGBCVMZHSHBO-KTWHHOSASA-N"",""FBBGBCVMZHSHBO-UHFFFAOYSA-N"",""FSJOBTGSBTUPAZ-KTWHHOSASA-N"",""FSJOBTGSBTUPAZ-UHFFFAOYSA-N"",""GHTYOGAGTCRUBC-KTWHHOSASA-N"",""GHTYOGAGTCRUBC-UHFFFAOYSA-N"",""HRWYTQUHTFFPBP-UHFFFAOYSA-N"",""HRWYTQUHTFFPBP-VHXSFILTSA-N"",""KSCLNBRNQWCNPB-KTWHHOSASA-N"",""KSCLNBRNQWCNPB-UHFFFAOYSA-N"",""OIWXHBJFOOZPPV-KTWHHOSASA-N"",""OVIRBLVJNAGDSZ-UHFFFAOYSA-N"",""OVIRBLVJNAGDSZ-YJGYPACBSA-N"",""QFXSMRWKKUSBTG-KTWHHOSASA-N"",""QFXSMRWKKUSBTG-UHFFFAOYSA-N"",""RROXTAPWTRJMBD-KTWHHOSASA-N"",""RROXTAPWTRJMBD-UHFFFAOYSA-N"",""SSYAPQDVYAPVQL-UHFFFAOYSA-N"",""SSYAPQDVYAPVQL-VHXSFILTSA-N"",""VNFNRSGRQNJWIT-KTWHHOSASA-N"",""VNFNRSGRQNJWIT-UHFFFAOYSA-N"",""WOXKDUGGOYFFRN-AALIAHRYSA-N"",""WOXKDUGGOYFFRN-ACOPXLEFSA-N"",""WOXKDUGGOYFFRN-ACUZTRNQSA-N"",""WOXKDUGGOYFFRN-AFGXZIPQSA-N"",""WOXKDUGGOYFFRN-AGPFLHLXSA-N"",""WOXKDUGGOYFFRN-AIXRTBHASA-N"",""WOXKDUGGOYFFRN-AMEOPWNFSA-N"",""WOXKDUGGOYFFRN-ANDDJSSASA-N"",""WOXKDUGGOYFFRN-AODIMAIDSA-N"",""WOXKDUGGOYFFRN-AOUZGYRVSA-N"",""WOXKDUGGOYFFRN-ARIBVXLESA-N"",""WOXKDUGGOYFFRN-ASEHEGEVSA-N"",""WOXKDUGGOYFFRN-ATUCCMFHSA-N"",""WOXKDUGGOYFFRN-AVIYABEYSA-N"",""WOXKDUGGOYFFRN-AXAKPUNBSA-N"",""WOXKDUGGOYFFRN-AXLVWGTGSA-N"",""WOXKDUGGOYFFRN-AZHBPDDNSA-N"",""WOXKDUGGOYFFRN-BCQLFYEJSA-N"",""WOXKDUGGOYFFRN-BDRWFPLRSA-N"",""WOXKDUGGOYFFRN-BJQOMGFOSA-N"",""WOXKDUGGOYFFRN-BRYUBDEPSA-N"",""WOXKDUGGOYFFRN-BVKDFDTHSA-N"",""WOXKDUGGOYFFRN-CAWMZFRYSA-N"",""WOXKDUGGOYFFRN-CBLUXSMWSA-N"",""WOXKDUGGOYFFRN-CGYUIYFSSA-N"",""WOXKDUGGOYFFRN-CJFJFYROSA-N"",""WOXKDUGGOYFFRN-CJTIFNFUSA-N"",""WOXKDUGGOYFFRN-CJVHZCNSSA-N"",""WOXKDUGGOYFFRN-CNGGYYRQSA-N"",""WOXKDUGGOYFFRN-CPHXAKCMSA-N"",""WOXKDUGGOYFFRN-CQHCRJLTSA-N"",""WOXKDUGGOYFFRN-CTYPIGADSA-N"",""WOXKDUGGOYFFRN-CUCVRGEFSA-N"",""WOXKDUGGOYFFRN-CXOUREANSA-N"",""WOXKDUGGOYFFRN-DAXZVZCWSA-N"",""WOXKDUGGOYFFRN-DBDQDRMYSA-N"",""WOXKDUGGOYFFRN-DBQXFMBESA-N"",""WOXKDUGGOYFFRN-DBSXGILSSA-N"",""WOXKDUGGOYFFRN-DGSGVCKVSA-N"",""WOXKDUGGOYFFRN-DIZAXOTBSA-N"",""WOXKDUGGOYFFRN-DQILLUMKSA-N"",""WOXKDUGGOYFFRN-DRRLRALNSA-N"",""WOXKDUGGOYFFRN-DVFCISSBSA-N"",""WOXKDUGGOYFFRN-DVNZECNMSA-N"",""WOXKDUGGOYFFRN-DYXBYRQHSA-N"",""WOXKDUGGOYFFRN-DZUVQKKXSA-N"",""WOXKDUGGOYFFRN-FDUDFSIFSA-N"",""WOXKDUGGOYFFRN-FLOXCYBVSA-N"",""WOXKDUGGOYFFRN-FLSVKJFOSA-N"",""WOXKDUGGOYFFRN-FNBDFLSCSA-N"",""WOXKDUGGOYFFRN-FNGOKRBKSA-N"",""WOXKDUGGOYFFRN-FRHDWAKVSA-N"",""WOXKDUGGOYFFRN-FSLQJCBJSA-N"",""WOXKDUGGOYFFRN-FTAYNACXSA-N"",""WOXKDUGGOYFFRN-FTGODUGISA-N"",""WOXKDUGGOYFFRN-FTOKKKNXSA-N"",""WOXKDUGGOYFFRN-FXZPHPRGSA-N"",""WOXKDUGGOYFFRN-FYEJOKQXSA-N"",""WOXKDUGGOYFFRN-FYYBPUDTSA-N"",""WOXKDUGGOYFFRN-GAHHIWMUSA-N"",""WOXKDUGGOYFFRN-GAMHJUKYSA-N"",""WOXKDUGGOYFFRN-GHCLGKHJSA-N"",""WOXKDUGGOYFFRN-GKRMLLOYSA-N"",""WOXKDUGGOYFFRN-GLZBYTAOSA-N"",""WOXKDUGGOYFFRN-GTBWXJEVSA-N"",""WOXKDUGGOYFFRN-GTFVVTKSSA-N"",""WOXKDUGGOYFFRN-GVLGYUAVSA-N"",""WOXKDUGGOYFFRN-GXDXHRALSA-N"",""WOXKDUGGOYFFRN-GYWKWCGSSA-N"",""WOXKDUGGOYFFRN-GZPDRRJOSA-N"",""WOXKDUGGOYFFRN-HEUKQNRWSA-N"",""WOXKDUGGOYFFRN-HFROZFNKSA-N"",""WOXKDUGGOYFFRN-HGXSFVPKSA-N"",""WOXKDUGGOYFFRN-HHPNOFJTSA-N"",""WOXKDUGGOYFFRN-HHROIXGCSA-N"",""WOXKDUGGOYFFRN-HLOFLUHHSA-N"",""WOXKDUGGOYFFRN-HMDFOABGSA-N"",""WOXKDUGGOYFFRN-HNJZVINMSA-N"",""WOXKDUGGOYFFRN-HODPEERVSA-N"",""WOXKDUGGOYFFRN-HRAATJIYSA-N"",""WOXKDUGGOYFFRN-HYDCIPPYSA-N"",""WOXKDUGGOYFFRN-IARWZAHTSA-N"",""WOXKDUGGOYFFRN-IERDGZPVSA-N"",""WOXKDUGGOYFFRN-IESPSGMYSA-N"",""WOXKDUGGOYFFRN-IGCBRJCCSA-N"",""WOXKDUGGOYFFRN-IGQGGIFLSA-N"",""WOXKDUGGOYFFRN-IHCNNTRGSA-N"",""WOXKDUGGOYFFRN-IIBYNOLFSA-N"",""WOXKDUGGOYFFRN-IIJNROAKSA-N"",""WOXKDUGGOYFFRN-IIMAVLDLSA-N"",""WOXKDUGGOYFFRN-ITTFCCCRSA-N"",""WOXKDUGGOYFFRN-IWIGVKQWSA-N"",""WOXKDUGGOYFFRN-JEZGHZBOSA-N"",""WOXKDUGGOYFFRN-JHLSPFOQSA-N"",""WOXKDUGGOYFFRN-JIRUWUNDSA-N"",""WOXKDUGGOYFFRN-JKHWTQOESA-N"",""WOXKDUGGOYFFRN-JKLSPMMPSA-N"",""WOXKDUGGOYFFRN-JNKPHOAPSA-N"",""WOXKDUGGOYFFRN-JNPXMVQXSA-N"",""WOXKDUGGOYFFRN-JPWLTFGFSA-N"",""WOXKDUGGOYFFRN-JVTOHGOJSA-N"",""WOXKDUGGOYFFRN-JVXXRAKGSA-N"",""WOXKDUGGOYFFRN-JVYROHCUSA-N"",""WOXKDUGGOYFFRN-KCHOPJSVSA-N"",""WOXKDUGGOYFFRN-KCMLBCPTSA-N"",""WOXKDUGGOYFFRN-KESBGWNXSA-N"",""WOXKDUGGOYFFRN-KHJRUDNQSA-N"",""WOXKDUGGOYFFRN-KHQDHWSESA-N"",""WOXKDUGGOYFFRN-KJALKIEDSA-N"",""WOXKDUGGOYFFRN-KJYBPTOVSA-N"",""WOXKDUGGOYFFRN-KKEVLHPGSA-N"",""WOXKDUGGOYFFRN-KKSFZXQISA-N"",""WOXKDUGGOYFFRN-KMRKWKKDSA-N"",""WOXKDUGGOYFFRN-KMWOHJOXSA-N"",""WOXKDUGGOYFFRN-KXLDOIGUSA-N"",""WOXKDUGGOYFFRN-KYZLESEHSA-N"",""WOXKDUGGOYFFRN-KZGJYIKWSA-N"",""WOXKDUGGOYFFRN-LDZZLTMESA-N"",""WOXKDUGGOYFFRN-LFHLOILJSA-N"",""WOXKDUGGOYFFRN-LHGIQCBASA-N"",""WOXKDUGGOYFFRN-LPRQQBDQSA-N"",""WOXKDUGGOYFFRN-LSJDBJKESA-N"",""WOXKDUGGOYFFRN-LTLHFWFGSA-N"",""WOXKDUGGOYFFRN-LVSNCPNISA-N"",""WOXKDUGGOYFFRN-MASZXHQHSA-N"",""WOXKDUGGOYFFRN-MBGRPOFVSA-N"",""WOXKDUGGOYFFRN-MFDMTIRSSA-N"",""WOXKDUGGOYFFRN-MJUJFEMNSA-N"",""WOXKDUGGOYFFRN-MKXOYJMRSA-N"",""WOXKDUGGOYFFRN-MMRHQHFMSA-N"",""WOXKDUGGOYFFRN-MNTYEDRJSA-N"",""WOXKDUGGOYFFRN-MOQMBHDRSA-N"",""WOXKDUGGOYFFRN-MOXISVAKSA-N"",""WOXKDUGGOYFFRN-MRNPHLECSA-N"",""WOXKDUGGOYFFRN-MWWFTBAKSA-N"",""WOXKDUGGOYFFRN-MZHIJELGSA-N"",""WOXKDUGGOYFFRN-MZLRIULPSA-N"",""WOXKDUGGOYFFRN-NDHIXRIRSA-N"",""WOXKDUGGOYFFRN-NEQDEBOBSA-N"",""WOXKDUGGOYFFRN-NFYNCWAKSA-N"",""WOXKDUGGOYFFRN-NGZJDQSQSA-N"",""WOXKDUGGOYFFRN-NIJVVPPLSA-N"",""WOXKDUGGOYFFRN-NJCRZHJXSA-N"",""WOXKDUGGOYFFRN-NJNMKRAKSA-N"",""WOXKDUGGOYFFRN-NKNCSIRUSA-N"",""WOXKDUGGOYFFRN-NNFGAAADSA-N"",""WOXKDUGGOYFFRN-NPFISDPJSA-N"",""WOXKDUGGOYFFRN-NPZJLWDGSA-N"",""WOXKDUGGOYFFRN-NSPVRAKVSA-N"",""WOXKDUGGOYFFRN-NVGHHLSMSA-N"",""WOXKDUGGOYFFRN-NYTIHTGISA-N"",""WOXKDUGGOYFFRN-OBOQADJCSA-N"",""WOXKDUGGOYFFRN-OFSUBDMMSA-N"",""WOXKDUGGOYFFRN-OIXMFWOWSA-N"",""WOXKDUGGOYFFRN-OKHBZKRDSA-N"",""WOXKDUGGOYFFRN-OOIGYCMCSA-N"",""WOXKDUGGOYFFRN-OOZLNIDSSA-N"",""WOXKDUGGOYFFRN-OPYRMCKNSA-N"",""WOXKDUGGOYFFRN-OQBNPYFPSA-N"",""WOXKDUGGOYFFRN-OSRCCFSSSA-N"",""WOXKDUGGOYFFRN-OZQDNQGWSA-N"",""WOXKDUGGOYFFRN-OZRXKJQQSA-N"",""WOXKDUGGOYFFRN-PAQZKWBRSA-N"",""WOXKDUGGOYFFRN-PBVVDGMASA-N"",""WOXKDUGGOYFFRN-PEFFDQBYSA-N"",""WOXKDUGGOYFFRN-PKHCQCNISA-N"",""WOXKDUGGOYFFRN-PMZJIHDXSA-N"",""WOXKDUGGOYFFRN-PPNXSJCSSA-N"",""WOXKDUGGOYFFRN-PTTXOPBMSA-N"",""WOXKDUGGOYFFRN-PVGXYLKGSA-N"",""WOXKDUGGOYFFRN-QBVZPGBXSA-N"",""WOXKDUGGOYFFRN-QDLKPVQSSA-N"",""WOXKDUGGOYFFRN-QHKILHARSA-N"",""WOXKDUGGOYFFRN-QHMPKUKASA-N"",""WOXKDUGGOYFFRN-QLNHYZIDSA-N"",""WOXKDUGGOYFFRN-QMPXVNOUSA-N"",""WOXKDUGGOYFFRN-QQEDSFAXSA-N"",""WOXKDUGGOYFFRN-QQSCBLTLSA-N"",""WOXKDUGGOYFFRN-QVQANHTGSA-N"",""WOXKDUGGOYFFRN-QXOWBXDASA-N"",""WOXKDUGGOYFFRN-REPZYDAVSA-N"",""WOXKDUGGOYFFRN-RFCIZYAGSA-N"",""WOXKDUGGOYFFRN-RGRANCOLSA-N"",""WOXKDUGGOYFFRN-RJRJXODJSA-N"",""WOXKDUGGOYFFRN-RLBIEWMTSA-N"",""WOXKDUGGOYFFRN-RNAGXJMDSA-N"",""WOXKDUGGOYFFRN-RPPCLVCASA-N"",""WOXKDUGGOYFFRN-RQDKZKNGSA-N"",""WOXKDUGGOYFFRN-RRVGDYJOSA-N"",""WOXKDUGGOYFFRN-RRYXNCOFSA-N"",""WOXKDUGGOYFFRN-RWBZZGBYSA-N"",""WOXKDUGGOYFFRN-RZGNBXBJSA-N"",""WOXKDUGGOYFFRN-SARXDCPWSA-N"",""WOXKDUGGOYFFRN-SDSZGVOHSA-N"",""WOXKDUGGOYFFRN-SGFDDTESSA-N"",""WOXKDUGGOYFFRN-SKZJSSNNSA-N"",""WOXKDUGGOYFFRN-SLPDLADFSA-N"",""WOXKDUGGOYFFRN-SMLDTACQSA-N"",""WOXKDUGGOYFFRN-SMQDFNKVSA-N"",""WOXKDUGGOYFFRN-SPNRNSDBSA-N"",""WOXKDUGGOYFFRN-SPSFJACWSA-N"",""WOXKDUGGOYFFRN-SXUCVWKMSA-N"",""WOXKDUGGOYFFRN-SYPAFSSFSA-N"",""WOXKDUGGOYFFRN-TYKLCWHGSA-N"",""WOXKDUGGOYFFRN-TYZOAJDGSA-N"",""WOXKDUGGOYFFRN-TZIYNKRYSA-N"",""WOXKDUGGOYFFRN-UCTCITQPSA-N"",""WOXKDUGGOYFFRN-UHFFFAOYSA-N"",""WOXKDUGGOYFFRN-UJONTBEJSA-N"",""WOXKDUGGOYFFRN-ULHOZFJUSA-N"",""WOXKDUGGOYFFRN-ULOHCSIZSA-N"",""WOXKDUGGOYFFRN-UPNLBTQBSA-N"",""WOXKDUGGOYFFRN-UQEOODLCSA-N"",""WOXKDUGGOYFFRN-UQVNIOMLSA-N"",""WOXKDUGGOYFFRN-USWGPRLQSA-N"",""WOXKDUGGOYFFRN-UTLHOPKSSA-N"",""WOXKDUGGOYFFRN-UVBHLVMKSA-N"",""WOXKDUGGOYFFRN-UVXOQOKBSA-N"",""WOXKDUGGOYFFRN-UWKNRZBNSA-N"",""WOXKDUGGOYFFRN-VCUWSDODSA-N"",""WOXKDUGGOYFFRN-VDXAJXNVSA-N"",""WOXKDUGGOYFFRN-VFZRWSDDSA-N"",""WOXKDUGGOYFFRN-VTDOSSKHSA-N"",""WOXKDUGGOYFFRN-VUABPKIOSA-N"",""WOXKDUGGOYFFRN-VUQLHXDUSA-N"",""WOXKDUGGOYFFRN-VVDYNTKRSA-N"",""WOXKDUGGOYFFRN-VXFHOZILSA-N"",""WOXKDUGGOYFFRN-WALBORQNSA-N"",""WOXKDUGGOYFFRN-WCYRRWBFSA-N"",""WOXKDUGGOYFFRN-WEGVLSCQSA-N"",""WOXKDUGGOYFFRN-WEQJZLGESA-N"",""WOXKDUGGOYFFRN-WFMNTJQSSA-N"",""WOXKDUGGOYFFRN-WGWKAMHLSA-N"",""WOXKDUGGOYFFRN-WNPXKHHZSA-N"",""WOXKDUGGOYFFRN-WNYATEHASA-N"",""WOXKDUGGOYFFRN-WSFDRAFYSA-N"",""WOXKDUGGOYFFRN-XBRARTFBSA-N"",""WOXKDUGGOYFFRN-XCMXRBBBSA-N"",""WOXKDUGGOYFFRN-XCOFWIELSA-N"",""WOXKDUGGOYFFRN-XCVOZSAJSA-N"",""WOXKDUGGOYFFRN-XDPGNTDOSA-N"",""WOXKDUGGOYFFRN-XNINBVCPSA-N"",""WOXKDUGGOYFFRN-XNQYNEDASA-N"",""WOXKDUGGOYFFRN-XPFPKAOKSA-N"",""WOXKDUGGOYFFRN-XPHYNIFZSA-N"",""WOXKDUGGOYFFRN-XRPLJBCOSA-N"",""WOXKDUGGOYFFRN-XTXKDRPDSA-N"",""WOXKDUGGOYFFRN-XXJAHCKLSA-N"",""WOXKDUGGOYFFRN-YBWMSHDFSA-N"",""WOXKDUGGOYFFRN-YDKWGBHLSA-N"",""WOXKDUGGOYFFRN-YHWNKTOZSA-N"",""WOXKDUGGOYFFRN-YJQACCCMSA-N"",""WOXKDUGGOYFFRN-YNJIAEHXSA-N"",""WOXKDUGGOYFFRN-YPAORMMSSA-N"",""WOXKDUGGOYFFRN-YTHIMKPQSA-N"",""WOXKDUGGOYFFRN-YUCTWSKDSA-N"",""WOXKDUGGOYFFRN-YUQYOPPNSA-N"",""WOXKDUGGOYFFRN-YWDYCLQGSA-N"",""WOXKDUGGOYFFRN-YWWMOIFNSA-N"",""WOXKDUGGOYFFRN-ZBNPXVKLSA-N"",""WOXKDUGGOYFFRN-ZFYASGBTSA-N"",""WOXKDUGGOYFFRN-ZGDXEGIQSA-N"",""WOXKDUGGOYFFRN-ZGKAABGISA-N"",""WOXKDUGGOYFFRN-ZGQJFNFDSA-N"",""WOXKDUGGOYFFRN-ZHFJZPFYSA-N"",""WOXKDUGGOYFFRN-ZHLCQVJUSA-N"",""WOXKDUGGOYFFRN-ZMKLNOFTSA-N"",""WOXKDUGGOYFFRN-ZPYQUKLMSA-N"",""WOXKDUGGOYFFRN-ZQBAGODJSA-N"",""WOXKDUGGOYFFRN-ZRTLBZRLSA-N"",""WOXKDUGGOYFFRN-ZSMXMHDVSA-N"",""WOXKDUGGOYFFRN-ZTKRLIOSSA-N"",""WOXKDUGGOYFFRN-ZVFPHTLMSA-N"",""WOXKDUGGOYFFRN-ZVRPWYMBSA-N"",""WOXKDUGGOYFFRN-ZXISZOOCSA-N"",""XBMCTDWENXEXGL-KTWHHOSASA-N"",""XBMCTDWENXEXGL-UHFFFAOYSA-N"",""ZUPBSPFTKDWZHE-HYTRZONSSA-N"",""ZUPBSPFTKDWZHE-UHFFFAOYSA-N"",""ZYBSLGIWFIOCIE-KTWHHOSASA-N"",""ZYBSLGIWFIOCIE-UHFFFAOYSA-N""]"
330,fosfomycin,CIDm00073491,false,0,0,[]
331,diazepam,CIDm00003016,true,15,15,"[""AAOVKJBEBIDNHE-BJUDXGSMSA-N"",""AAOVKJBEBIDNHE-KBMKNGFXSA-N"",""AAOVKJBEBIDNHE-KQORAOOSSA-N"",""AAOVKJBEBIDNHE-MAXCZRIESA-N"",""AAOVKJBEBIDNHE-UHFFFAOYSA-N"",""AAOVKJBEBIDNHE-VIQYUKPQSA-N"",""AAOVKJBEBIDNHE-VPMSBSONSA-N"",""BPYZIOINRAWEQL-UHFFFAOYSA-M"",""BPYZIOINRAWEQL-UHFFFAOYSA-N"",""FCIGMAQBEQPVNQ-UHFFFAOYSA-N"",""GMHVOBPMGQFRBF-UHFFFAOYSA-N"",""PZQVBGOGMPLNBE-UHFFFAOYSA-N"",""VXCQBPGWZYKOGW-UHFFFAOYSA-N"",""WPHBJVDFBXGTRJ-UHFFFAOYSA-N"",""ZSUBUKHINGYIRB-UHFFFAOYSA-N""]"
332,cefaclor,CIDm00051038,false,0,0,[]
333,mifepristone,CIDm00055245,false,0,0,[]
334,donepezil,CIDm00003152,true,250,248,"[""ADEBPBSSDYVVLD-AGCNCEBRSA-N"",""ADEBPBSSDYVVLD-AHRMHSEMSA-N"",""ADEBPBSSDYVVLD-APCZIAHOSA-N"",""ADEBPBSSDYVVLD-ARSPYJMHSA-N"",""ADEBPBSSDYVVLD-ATERBVEWSA-N"",""ADEBPBSSDYVVLD-AVNDCXSQSA-N"",""ADEBPBSSDYVVLD-AWQYNZCUSA-N"",""ADEBPBSSDYVVLD-AWSLAXBGSA-N"",""ADEBPBSSDYVVLD-AXTBMNLGSA-N"",""ADEBPBSSDYVVLD-BBQGKKIMSA-N"",""ADEBPBSSDYVVLD-BFVFGWOISA-N"",""ADEBPBSSDYVVLD-BIANLRIKSA-N"",""ADEBPBSSDYVVLD-BIFMCHBXSA-N"",""ADEBPBSSDYVVLD-BIFNLCBNSA-N"",""ADEBPBSSDYVVLD-BJUDXGSMSA-N"",""ADEBPBSSDYVVLD-BKUNVYGDSA-N"",""ADEBPBSSDYVVLD-BMGLCOMLSA-N"",""ADEBPBSSDYVVLD-BMRAMOOFSA-N"",""ADEBPBSSDYVVLD-BMSJAHLVSA-N"",""ADEBPBSSDYVVLD-BNDREHIBSA-N"",""ADEBPBSSDYVVLD-BPPAMHLBSA-N"",""ADEBPBSSDYVVLD-BPQHZORVSA-N"",""ADEBPBSSDYVVLD-BRGUFSRISA-N"",""ADEBPBSSDYVVLD-BSNRPUCCSA-N"",""ADEBPBSSDYVVLD-BZJUMYESSA-N"",""ADEBPBSSDYVVLD-CDURZUERSA-N"",""ADEBPBSSDYVVLD-CLLDVSJDSA-N"",""ADEBPBSSDYVVLD-CNMMZHPCSA-N"",""ADEBPBSSDYVVLD-CRNCCNKBSA-N"",""ADEBPBSSDYVVLD-CTOOENQCSA-N"",""ADEBPBSSDYVVLD-CVLMWZLNSA-N"",""ADEBPBSSDYVVLD-DHJFGEKFSA-N"",""ADEBPBSSDYVVLD-DISOTXAGSA-N"",""ADEBPBSSDYVVLD-DKFMXDSJSA-N"",""ADEBPBSSDYVVLD-DMSXBGPNSA-N"",""ADEBPBSSDYVVLD-DQXXVAMPSA-N"",""ADEBPBSSDYVVLD-DVSRWVBNSA-N"",""ADEBPBSSDYVVLD-DYEJKEOKSA-N"",""ADEBPBSSDYVVLD-FFHMDABGSA-N"",""ADEBPBSSDYVVLD-FIBGUPNXSA-N"",""ADEBPBSSDYVVLD-FQEVSTJZSA-N"",""ADEBPBSSDYVVLD-FQEVSTJZSA-O"",""ADEBPBSSDYVVLD-FZVLOODXSA-N"",""ADEBPBSSDYVVLD-GAUZQHDMSA-N"",""ADEBPBSSDYVVLD-GFOFHPPQSA-N"",""ADEBPBSSDYVVLD-GGMGCLHNSA-N"",""ADEBPBSSDYVVLD-GHXXTMPGSA-N"",""ADEBPBSSDYVVLD-GIRXXUCASA-N"",""ADEBPBSSDYVVLD-GJMGUGAPSA-N"",""ADEBPBSSDYVVLD-GKIOBSAASA-N"",""ADEBPBSSDYVVLD-GLJIVWIYSA-N"",""ADEBPBSSDYVVLD-GOZSHOOSSA-N"",""ADEBPBSSDYVVLD-GSBYEMGHSA-N"",""ADEBPBSSDYVVLD-GTPWYGETSA-N"",""ADEBPBSSDYVVLD-GVHHOWQESA-N"",""ADEBPBSSDYVVLD-GWJGTERWSA-N"",""ADEBPBSSDYVVLD-HDRRCEENSA-N"",""ADEBPBSSDYVVLD-HEOWRTSXSA-N"",""ADEBPBSSDYVVLD-HEZKHYPOSA-N"",""ADEBPBSSDYVVLD-HGRZTIFVSA-N"",""ADEBPBSSDYVVLD-HIDRZSPHSA-N"",""ADEBPBSSDYVVLD-HIWSZRHZSA-N"",""ADEBPBSSDYVVLD-HJRSIBTCSA-N"",""ADEBPBSSDYVVLD-HLOVLQLSSA-N"",""ADEBPBSSDYVVLD-HXUWFJFHSA-N"",""ADEBPBSSDYVVLD-HXUWFJFHSA-O"",""ADEBPBSSDYVVLD-IDPVZSQYSA-N"",""ADEBPBSSDYVVLD-IGAGOZENSA-N"",""ADEBPBSSDYVVLD-ILKVGWAZSA-N"",""ADEBPBSSDYVVLD-IPOBPQQASA-N"",""ADEBPBSSDYVVLD-IREBGEGASA-N"",""ADEBPBSSDYVVLD-JJWLMVJMSA-N"",""ADEBPBSSDYVVLD-JSRVSGIWSA-N"",""ADEBPBSSDYVVLD-JUQODUKISA-N"",""ADEBPBSSDYVVLD-JVVVGQRLSA-N"",""ADEBPBSSDYVVLD-KALLOGIRSA-N"",""ADEBPBSSDYVVLD-KEKFFBGRSA-N"",""ADEBPBSSDYVVLD-KGWFVGGASA-N"",""ADEBPBSSDYVVLD-KHXYXOOGSA-N"",""ADEBPBSSDYVVLD-KIWDHGBDSA-N"",""ADEBPBSSDYVVLD-KJDLETLFSA-N"",""ADEBPBSSDYVVLD-KLTYLHELSA-N"",""ADEBPBSSDYVVLD-KPKFPSJVSA-N"",""ADEBPBSSDYVVLD-KPWXCJHCSA-N"",""ADEBPBSSDYVVLD-KRTQHCGHSA-N"",""ADEBPBSSDYVVLD-KZEKZVKSSA-N"",""ADEBPBSSDYVVLD-LAEGBBLQSA-N"",""ADEBPBSSDYVVLD-LKLYBDAUSA-N"",""ADEBPBSSDYVVLD-LRTVSGBOSA-N"",""ADEBPBSSDYVVLD-LSVQWHGOSA-N"",""ADEBPBSSDYVVLD-LUPHSHFDSA-N"",""ADEBPBSSDYVVLD-LVMXYZNISA-N"",""ADEBPBSSDYVVLD-MAYORAKJSA-N"",""ADEBPBSSDYVVLD-MIMPEXOTSA-N"",""ADEBPBSSDYVVLD-MKQGLYFHSA-N"",""ADEBPBSSDYVVLD-MLBKMGCWSA-N"",""ADEBPBSSDYVVLD-MNTHHFEGSA-N"",""ADEBPBSSDYVVLD-MNYLYXRYSA-N"",""ADEBPBSSDYVVLD-MOACPCNOSA-N"",""ADEBPBSSDYVVLD-MONNEFGBSA-N"",""ADEBPBSSDYVVLD-MPJOPWNXSA-N"",""ADEBPBSSDYVVLD-MUFZQVBPSA-N"",""ADEBPBSSDYVVLD-MYFBXCIASA-N"",""ADEBPBSSDYVVLD-NDNQOJOHSA-N"",""ADEBPBSSDYVVLD-NFZCGWOJSA-N"",""ADEBPBSSDYVVLD-NPRIUWBXSA-N"",""ADEBPBSSDYVVLD-NQRCILNGSA-N"",""ADEBPBSSDYVVLD-NSKBHWEESA-N"",""ADEBPBSSDYVVLD-NTAFXOQBSA-N"",""ADEBPBSSDYVVLD-NTVGEBEWSA-N"",""ADEBPBSSDYVVLD-NXXGNOQUSA-N"",""ADEBPBSSDYVVLD-OIJZQHAQSA-N"",""ADEBPBSSDYVVLD-OMKQZIKYSA-N"",""ADEBPBSSDYVVLD-OMNBAEFTSA-N"",""ADEBPBSSDYVVLD-OONQSBLMSA-N"",""ADEBPBSSDYVVLD-OQUWTCMZSA-N"",""ADEBPBSSDYVVLD-OREZPNRVSA-N"",""ADEBPBSSDYVVLD-OTSQVMMDSA-N"",""ADEBPBSSDYVVLD-OWTNJYRXSA-N"",""ADEBPBSSDYVVLD-PEIJNOGTSA-N"",""ADEBPBSSDYVVLD-PGWIIWCGSA-N"",""ADEBPBSSDYVVLD-PHSFKBTBSA-N"",""ADEBPBSSDYVVLD-PJVUCOABSA-N"",""ADEBPBSSDYVVLD-PMXLIVQBSA-N"",""ADEBPBSSDYVVLD-POVYMMGLSA-N"",""ADEBPBSSDYVVLD-PSAVVSDWSA-N"",""ADEBPBSSDYVVLD-PTYRRTGFSA-N"",""ADEBPBSSDYVVLD-PUSZPNKRSA-N"",""ADEBPBSSDYVVLD-PXNMJLMMSA-N"",""ADEBPBSSDYVVLD-QGWFRBCESA-N"",""ADEBPBSSDYVVLD-QJVBPMIVSA-N"",""ADEBPBSSDYVVLD-QKYFZGABSA-N"",""ADEBPBSSDYVVLD-QRGGLORLSA-N"",""ADEBPBSSDYVVLD-QSLZYAMNSA-N"",""ADEBPBSSDYVVLD-QZZVKRPQSA-N"",""ADEBPBSSDYVVLD-RAHWQAQKSA-N"",""ADEBPBSSDYVVLD-RCHVKLIASA-N"",""ADEBPBSSDYVVLD-RRQNBPOGSA-N"",""ADEBPBSSDYVVLD-RTMROKIUSA-N"",""ADEBPBSSDYVVLD-SBAFTEDJSA-N"",""ADEBPBSSDYVVLD-SBPGVYSWSA-N"",""ADEBPBSSDYVVLD-SNZGYZRBSA-N"",""ADEBPBSSDYVVLD-SNZZTIJYSA-N"",""ADEBPBSSDYVVLD-SUFFUEEGSA-N"",""ADEBPBSSDYVVLD-SWUVMJDNSA-N"",""ADEBPBSSDYVVLD-TXWCBVAESA-N"",""ADEBPBSSDYVVLD-UBLSWTLMSA-N"",""ADEBPBSSDYVVLD-UHFFFAOYSA-N"",""ADEBPBSSDYVVLD-UHFFFAOYSA-O"",""ADEBPBSSDYVVLD-UIANVUDZSA-N"",""ADEBPBSSDYVVLD-UIIGXMGASA-N"",""ADEBPBSSDYVVLD-UKVVIYHKSA-N"",""ADEBPBSSDYVVLD-UOOROTEOSA-N"",""ADEBPBSSDYVVLD-USTDIDCUSA-N"",""ADEBPBSSDYVVLD-UUUNJEKOSA-N"",""ADEBPBSSDYVVLD-UXEXWYIRSA-N"",""ADEBPBSSDYVVLD-VCNWTMFOSA-N"",""ADEBPBSSDYVVLD-VDERESLASA-N"",""ADEBPBSSDYVVLD-VSPINDBOSA-N"",""ADEBPBSSDYVVLD-VSWZUTEFSA-N"",""ADEBPBSSDYVVLD-VYRHWZDLSA-N"",""ADEBPBSSDYVVLD-WDIRDKHQSA-N"",""ADEBPBSSDYVVLD-WFGJKAKNSA-N"",""ADEBPBSSDYVVLD-WKGGBBDHSA-N"",""ADEBPBSSDYVVLD-WMEJLILGSA-N"",""ADEBPBSSDYVVLD-WQELGJRCSA-N"",""ADEBPBSSDYVVLD-WYLHOOHJSA-N"",""ADEBPBSSDYVVLD-WZEQVHLWSA-N"",""ADEBPBSSDYVVLD-XHQSFQIMSA-N"",""ADEBPBSSDYVVLD-XITCLDHPSA-N"",""ADEBPBSSDYVVLD-XJRPIYDYSA-N"",""ADEBPBSSDYVVLD-XKALKSQOSA-N"",""ADEBPBSSDYVVLD-XLSKZWFCSA-N"",""ADEBPBSSDYVVLD-XRLQZAHDSA-N"",""ADEBPBSSDYVVLD-XRUJEFBCSA-N"",""ADEBPBSSDYVVLD-XTGGBRGSSA-N"",""ADEBPBSSDYVVLD-XUWBISKJSA-N"",""ADEBPBSSDYVVLD-XZOFPKINSA-N"",""ADEBPBSSDYVVLD-YCAZQFFRSA-N"",""ADEBPBSSDYVVLD-YEXOJVMISA-N"",""ADEBPBSSDYVVLD-YLEBTACZSA-N"",""ADEBPBSSDYVVLD-YMZFNFLGSA-N"",""ADEBPBSSDYVVLD-YNWDOWIOSA-N"",""ADEBPBSSDYVVLD-YUMQRYMOSA-N"",""ADEBPBSSDYVVLD-YUTHVSRVSA-N"",""ADEBPBSSDYVVLD-YVHRXSIGSA-N"",""ADEBPBSSDYVVLD-YWFNPQSTSA-N"",""ADEBPBSSDYVVLD-YZUXUYRLSA-N"",""ADEBPBSSDYVVLD-ZCVNKZPISA-N"",""ADEBPBSSDYVVLD-ZEGAWURSSA-N"",""ADEBPBSSDYVVLD-ZGBMZCDDSA-N"",""ADEBPBSSDYVVLD-ZJFGXHPKSA-N"",""ADEBPBSSDYVVLD-ZJKJKSRESA-N"",""ADEBPBSSDYVVLD-ZKLJQREKSA-N"",""ADEBPBSSDYVVLD-ZKYHWTDJSA-N"",""ADEBPBSSDYVVLD-ZWXVIAAOSA-N"",""APUVNJQYQMJLQQ-BTJKTKAUSA-L"",""APUVNJQYQMJLQQ-BTJKTKAUSA-N"",""APUVNJQYQMJLQQ-UHFFFAOYSA-L"",""APUVNJQYQMJLQQ-UHFFFAOYSA-N"",""APUVNJQYQMJLQQ-WLHGVMLRSA-L"",""APUVNJQYQMJLQQ-WLHGVMLRSA-N"",""AXWJWUYFWYJIQZ-UHFFFAOYSA-N"",""BKGLZCJMBIEIFU-UHFFFAOYSA-N"",""CEIBCCJAGZGFIY-UHFFFAOYSA-L"",""CEIBCCJAGZGFIY-UHFFFAOYSA-N"",""FKTHDMQXFXWAOG-UHFFFAOYSA-M"",""FKTHDMQXFXWAOG-UHFFFAOYSA-N"",""FLPRLDPNRMKBCG-OOVIARQCSA-N"",""FLPRLDPNRMKBCG-UHFFFAOYSA-N"",""FLPRLDPNRMKBCG-ZCLATKBISA-N"",""HLJIZAKUNCTCQX-FAVHNTAZSA-N"",""HLJIZAKUNCTCQX-FJSYBICCSA-N"",""HLJIZAKUNCTCQX-UHFFFAOYSA-N"",""IRLGDWNSWXGIRU-UHFFFAOYSA-N"",""JCXRHYALXZWVTR-UHFFFAOYSA-N"",""JRHIKEZTNQPZKB-UHFFFAOYSA-N"",""KHPFMNZVMGRPDC-UHFFFAOYSA-L"",""KHPFMNZVMGRPDC-UHFFFAOYSA-N"",""MTKKUBBPGRRFRS-UHFFFAOYSA-L"",""MTKKUBBPGRRFRS-UHFFFAOYSA-N"",""NHRWLAFDWGWGLW-UHFFFAOYSA-N"",""NNWNVUXEXLMPTR-UHFFFAOYSA-N"",""QBLQVELKNHBOSX-UHFFFAOYSA-N"",""QOCPRRQKYZPWIP-UHFFFAOYSA-N"",""QVVMPMIBNJFABX-UHFFFAOYSA-N"",""RMGNOUZQLBBPBC-UHFFFAOYSA-K"",""RMGNOUZQLBBPBC-UHFFFAOYSA-N"",""RSSJOEPZPKYANQ-UHFFFAOYSA-N"",""RVQSCPVKRUBDSV-UHFFFAOYSA-N"",""RXTZCINJDRXKHC-UHFFFAOYSA-N"",""SMWQPVAIPVGQJB-UHFFFAOYSA-N"",""STTLASYYAYLLQK-UHFFFAOYSA-N"",""VPGUNNZREHCHGW-UHFFFAOYSA-N"",""WJUZCAARZXHQSD-UHFFFAOYSA-N"",""WKSDODOYHQVJPW-UHFFFAOYSA-N"",""XTCDGYCEJASWNX-UHFFFAOYSA-N"",""XWAIAVWHZJNZQQ-BDQAORGHSA-N"",""XWAIAVWHZJNZQQ-JUGPOUJBSA-N"",""XWAIAVWHZJNZQQ-KABCIJOFSA-N"",""XWAIAVWHZJNZQQ-UHFFFAOYSA-M"",""XWAIAVWHZJNZQQ-UHFFFAOYSA-N"",""XWAIAVWHZJNZQQ-VEIFNGETSA-N"",""YMSPBTSFDXLQSH-UHFFFAOYSA-N"",""ZXVUKAUIAFEUEX-BDQAORGHSA-N"",""ZXVUKAUIAFEUEX-UHFFFAOYSA-L"",""ZXVUKAUIAFEUEX-UHFFFAOYSA-N"",""ZXVUKAUIAFEUEX-VEIFNGETSA-N""]"
335,mercaptamine,CIDm00006058,true,8,7,"[""BZQAWHMCGZYKMH-UHFFFAOYSA-N"",""UFULAYFCSOUIOV-UHFFFAOYSA-M"",""UFULAYFCSOUIOV-UHFFFAOYSA-N"",""UFULAYFCSOUIOV-UHFFFAOYSA-O"",""UFULAYFCSOUIOV-UHFFFAOYSA-P"",""UFULAYFCSOUIOV-XPULMUKRSA-N"",""UFULAYFCSOUIOV-XSCORUHJSA-N""]"
336,dacarbazine,CIDm05353562,false,0,0,[]
337,temozolomide,CIDm00005394,true,16,15,"[""BPEGJWRSRHCHSN-BJUDXGSMSA-N"",""BPEGJWRSRHCHSN-DETAZLGJSA-N"",""BPEGJWRSRHCHSN-FIBGUPNXSA-N"",""BPEGJWRSRHCHSN-KHWBWMQUSA-N"",""BPEGJWRSRHCHSN-KQORAOOSSA-N"",""BPEGJWRSRHCHSN-KWCOIAHCSA-N"",""BPEGJWRSRHCHSN-OUBTZVSYSA-N"",""BPEGJWRSRHCHSN-UHFFFAOYSA-N"",""BPEGJWRSRHCHSN-UHFFFAOYSA-O"",""INSITZRFVRGBFS-UHFFFAOYSA-N"",""JRHOTTOZANOMKD-UHFFFAOYSA-N"",""JZONMYYXWDXNSX-UHFFFAOYSA-N"",""PMPXBFYLEHYCCG-UHFFFAOYSA-N"",""XFUVHUKBZUMSKA-UHFFFAOYSA-N"",""ZUUWGPCOGUHTCE-UHFFFAOYSA-N""]"
338,aminolevulinic.acid,CIDm00000137,true,64,60,"[""CKKWMHJLLPQFIT-UHFFFAOYSA-L"",""CKKWMHJLLPQFIT-UHFFFAOYSA-N"",""CTOKTJRGMMVCLU-UHFFFAOYSA-N"",""DMSRJJQJLOCKOW-UHFFFAOYSA-N"",""IKZUUEDVIFVKHD-UHFFFAOYSA-M"",""IKZUUEDVIFVKHD-UHFFFAOYSA-N"",""ITPNRFQMIYQDNO-UHFFFAOYSA-M"",""ITPNRFQMIYQDNO-UHFFFAOYSA-N"",""LBKBQPGAPSHJOJ-UHFFFAOYSA-N"",""LMMPQHNZKBXPBW-UHFFFAOYSA-N"",""MKNLKLSSELJTPB-BTJKTKAUSA-N"",""MKNLKLSSELJTPB-UHFFFAOYSA-N"",""MKNLKLSSELJTPB-WLHGVMLRSA-N"",""QWYNPYYXRKHZHX-UHFFFAOYSA-N"",""RGECSKBZJORAEB-UHFFFAOYSA-N"",""SLEHRQWZMRWEDU-UHFFFAOYSA-N"",""VJEYPWBMQNSGAS-UHFFFAOYSA-N"",""VLKSRRCYQARBIP-UHFFFAOYSA-N"",""XCNODDGPZFCLIA-UHFFFAOYSA-N"",""XIWTVDMPYPRKHR-UHFFFAOYSA-N"",""XWNWBYZHOAIHTK-UHFFFAOYSA-K"",""XWNWBYZHOAIHTK-UHFFFAOYSA-M"",""XWNWBYZHOAIHTK-UHFFFAOYSA-N"",""ZGXJTSGNIOSYLO-AZXPZELESA-N"",""ZGXJTSGNIOSYLO-BFQMUAMKSA-N"",""ZGXJTSGNIOSYLO-CBTSVUPCSA-N"",""ZGXJTSGNIOSYLO-CQDYUVAPSA-N"",""ZGXJTSGNIOSYLO-DICFDUPASA-N"",""ZGXJTSGNIOSYLO-DOMIDYPGSA-N"",""ZGXJTSGNIOSYLO-HOSYLAQJSA-N"",""ZGXJTSGNIOSYLO-IDEBNGHGSA-N"",""ZGXJTSGNIOSYLO-LBPDFUHNSA-N"",""ZGXJTSGNIOSYLO-LNLMKGTHSA-N"",""ZGXJTSGNIOSYLO-MQIHXRCWSA-N"",""ZGXJTSGNIOSYLO-NUAFKTQMSA-N"",""ZGXJTSGNIOSYLO-OUBTZVSYSA-N"",""ZGXJTSGNIOSYLO-PTQBSOBMSA-N"",""ZGXJTSGNIOSYLO-RHRFEJLCSA-N"",""ZGXJTSGNIOSYLO-UHFFFAOYSA-M"",""ZGXJTSGNIOSYLO-UHFFFAOYSA-N"",""ZGXJTSGNIOSYLO-UHFFFAOYSA-O"",""ZGXJTSGNIOSYLO-UHJUODCXSA-N"",""ZGXJTSGNIOSYLO-VKLRDCNRSA-N"",""ZGXJTSGNIOSYLO-VQEHIDDOSA-N"",""ZGXJTSGNIOSYLO-YZRHJBSPSA-N"",""ZGXJTSGNIOSYLO-ZDOIIHCHSA-N"",""ZGXJTSGNIOSYLO-ZIEKVONGSA-N"",""ZLHFONARZHCSET-BVNCJLROSA-N"",""ZLHFONARZHCSET-CGOMOMTCSA-N"",""ZLHFONARZHCSET-DFAGTCCMSA-N"",""ZLHFONARZHCSET-FJUFCODESA-N"",""ZLHFONARZHCSET-IPJPAWMUSA-N"",""ZLHFONARZHCSET-IYPYQTRPSA-N"",""ZLHFONARZHCSET-LJJZSEGWSA-N"",""ZLHFONARZHCSET-ORSLEVPBSA-N"",""ZLHFONARZHCSET-UHFFFAOYSA-M"",""ZLHFONARZHCSET-UHFFFAOYSA-N"",""ZLHFONARZHCSET-VZHAHHFWSA-N"",""ZLHFONARZHCSET-YTBWXGASSA-N"",""ZLHFONARZHCSET-ZPGUIXIESA-N""]"
339,terbinafine,CIDm01549007,false,0,0,[]
340,penicillamine,CIDm00005852,false,0,0,[]
341,vardenafil,CIDm00110634,true,38,36,"[""ACLSEHDEBRFBFC-UHFFFAOYSA-N"",""ARPXFXGZHQZJFF-BTJKTKAUSA-N"",""ASBMIEADOKQDHL-UHFFFAOYSA-N"",""BEEDZRAMMFTEMI-LVEZLNDCSA-N"",""CTULBZMCANLYQM-UHFFFAOYSA-N"",""FBCDRHDULQYRTB-UHFFFAOYSA-N"",""FFLCBRKFZRWTKH-UHFFFAOYSA-N"",""GCSWGQYUHVHMDB-UHFFFAOYSA-N"",""GDGUCSOHMQKUDO-UHFFFAOYSA-N"",""INUHTHQFRSKRKC-UHFFFAOYSA-N"",""IWZBUVXIPHRHJK-UHFFFAOYSA-N"",""KAKXPLCBXAEBPI-UHFFFAOYSA-N"",""KRRAUGJKMHOFMD-UHFFFAOYSA-N"",""KRVFZDHDNJQLDW-UHFFFAOYSA-N"",""LQSAFNLBTYLYKG-UHFFFAOYSA-M"",""NJVDOGDFNZAGEC-UHFFFAOYSA-N"",""NLKQKPPHMJLNON-UHFFFAOYSA-M"",""NOIHTGOGFDFCBN-UHFFFAOYSA-N"",""QFZQMLRUFMYZJG-UHFFFAOYSA-N"",""RMPUQWRSJOCXBW-UHFFFAOYSA-L"",""RMPUQWRSJOCXBW-UHFFFAOYSA-N"",""SECKRCOLJRRGGV-FSEIIBCTSA-N"",""SECKRCOLJRRGGV-QKLSXCJMSA-N"",""SECKRCOLJRRGGV-UHFFFAOYSA-N"",""SECKRCOLJRRGGV-UHFFFAOYSA-O"",""SECKRCOLJRRGGV-VPHBPMBWSA-N"",""SHVSAKBPWRLQJI-UHFFFAOYSA-M"",""SKQGNLZNOFQRDR-UHFFFAOYSA-M"",""SYQLCCGRGBSVLZ-UHFFFAOYSA-N"",""VEZWLXDMGQKAPG-UHFFFAOYSA-N"",""VRGIGZQZBZFZGC-UHFFFAOYSA-M"",""WOCTWXYRVULBTF-UHFFFAOYSA-N"",""WOUQWAZUFWBRLY-UHFFFAOYSA-N"",""XCMULUAPJXCOHI-UHFFFAOYSA-M"",""XCMULUAPJXCOHI-UHFFFAOYSA-N"",""YXMNYAKBGMMJHE-UHFFFAOYSA-N""]"
342,tacrolimus,CIDm00445643,false,0,0,[]
343,terbutaline,CIDm00005403,true,35,34,"[""AHWMQWSDMGGVRN-UHFFFAOYSA-N"",""ATSQOMSNYNAPMR-UHFFFAOYSA-N"",""AZOSNOGJJXQJKB-UHFFFAOYSA-K"",""BPZKHKAYOKSXAK-FGYXOPSTSA-N"",""BPZKHKAYOKSXAK-UHFFFAOYSA-N"",""FMEOFUKNYGGGPD-UHFFFAOYSA-N"",""GAOKDWPVAAYXKP-UHFFFAOYSA-N"",""IXSHTMQOKDZTPR-UHFFFAOYSA-N"",""JYSNLNJZOHAFNG-UHFFFAOYSA-N"",""KDSDGDRKKSQCGB-UHFFFAOYSA-N"",""KFVSLSTULZVNPG-ISAZSYCMSA-N"",""KFVSLSTULZVNPG-UHFFFAOYSA-N"",""KFVSLSTULZVNPG-ZVRYYDNZSA-N"",""KOWBENJECFIHSW-UHFFFAOYSA-M"",""MUPQZWGSBCWCAV-UHFFFAOYSA-L"",""MUPQZWGSBCWCAV-UHFFFAOYSA-N"",""NTYAENKNKQFLBI-UHFFFAOYSA-M"",""OPCRMUVBHSQBMB-UHFFFAOYSA-N"",""RATWGHAYWYVOBQ-UHFFFAOYSA-N"",""RMXXLCXFBCXCKX-UHFFFAOYSA-M"",""SYXWYEGSNBUKAR-UHFFFAOYSA-M"",""VZNQUUXQWUMXRQ-UHFFFAOYSA-N"",""XWTYSIMOBUGWOL-GQALSZNTSA-N"",""XWTYSIMOBUGWOL-LLVKDONJSA-N"",""XWTYSIMOBUGWOL-LLVKDONJSA-O"",""XWTYSIMOBUGWOL-NSHDSACASA-N"",""XWTYSIMOBUGWOL-NSHDSACASA-O"",""XWTYSIMOBUGWOL-UHFFFAOYSA-N"",""XWTYSIMOBUGWOL-UHFFFAOYSA-O"",""YEEMIJDLFDKGBE-UHFFFAOYSA-N"",""YGMYFBDPNDEJEC-UHFFFAOYSA-N"",""YUDPEQPLTRKPHY-UHFFFAOYSA-N"",""ZDJGADFJYJILEO-UHFFFAOYSA-M"",""ZNESYGUQZUUWNX-UHFFFAOYSA-N""]"
344,conivaptan,CIDm00151171,true,24,22,"[""BTYHAFSDANBVMJ-UHFFFAOYSA-N"",""IKENVDNFQMCRTR-AXCCEXPOSA-N"",""IKENVDNFQMCRTR-CPDJKGNMSA-N"",""IKENVDNFQMCRTR-DDBPTTCKSA-N"",""IKENVDNFQMCRTR-DWMGOYLTSA-N"",""IKENVDNFQMCRTR-FCLBBQIASA-N"",""IKENVDNFQMCRTR-FIBGUPNXSA-N"",""IKENVDNFQMCRTR-FKUWIZNHSA-N"",""IKENVDNFQMCRTR-GIXJBAGXSA-N"",""IKENVDNFQMCRTR-IGKSHBBPSA-N"",""IKENVDNFQMCRTR-MICDWDOJSA-N"",""IKENVDNFQMCRTR-OCOLLXALSA-N"",""IKENVDNFQMCRTR-PSWFASSTSA-N"",""IKENVDNFQMCRTR-RPPGGTDXSA-N"",""IKENVDNFQMCRTR-RYHLRWBWSA-N"",""IKENVDNFQMCRTR-RZCYILSQSA-N"",""IKENVDNFQMCRTR-SKIVKWGGSA-N"",""IKENVDNFQMCRTR-STTKHHCASA-N"",""IKENVDNFQMCRTR-UHFFFAOYSA-N"",""IKENVDNFQMCRTR-UHFFFAOYSA-O"",""IKENVDNFQMCRTR-ZSJDYOACSA-N"",""IKENVDNFQMCRTR-ZZRPVTOQSA-N""]"
345,eprosartan,CIDm05281037,false,0,0,[]
346,sirolimus,CIDm05284616,false,0,0,[]
347,emtricitabine,CIDm00060877,true,30,29,"[""HAUYLGOLSPBIKE-RIHPBJNCSA-N"",""HAUYLGOLSPBIKE-UHFFFAOYSA-N"",""IHZFISVMYFRDBN-RIHPBJNCSA-N"",""LAGVSZQYJZPFLR-IBTYICNHSA-N"",""LAGVSZQYJZPFLR-QFWZMSBNSA-N"",""LAGVSZQYJZPFLR-RIHPBJNCSA-N"",""LAGVSZQYJZPFLR-UHFFFAOYSA-N"",""LBOWESVGIQVXHN-RIHPBJNCSA-N"",""MSEQJZGXBTXXRD-RIHPBJNCSA-N"",""MSEQJZGXBTXXRD-UHFFFAOYSA-N"",""OGNQAEMJHOQFOS-HMOFGSSPSA-N"",""OGNQAEMJHOQFOS-JUKSSJACSA-N"",""OGNQAEMJHOQFOS-UHFFFAOYSA-N"",""RTTFRRBALUCMNU-RIHPBJNCSA-N"",""RTTFRRBALUCMNU-UHFFFAOYSA-N"",""VFPRUCWNMIYSHA-KXSOTYCDSA-N"",""XQSPYNMVSIKCOC-GDVGLLTNSA-N"",""XQSPYNMVSIKCOC-HSXWVZGPSA-N"",""XQSPYNMVSIKCOC-KXIRRDMUSA-N"",""XQSPYNMVSIKCOC-LWOQYNTDSA-N"",""XQSPYNMVSIKCOC-NTSWFWBYSA-N"",""XQSPYNMVSIKCOC-PHDIDXHHSA-N"",""XQSPYNMVSIKCOC-PRJDIBJQSA-N"",""XQSPYNMVSIKCOC-RITPCOANSA-N"",""XQSPYNMVSIKCOC-SJLFXUEQSA-N"",""XQSPYNMVSIKCOC-UHFFFAOYSA-N"",""XQSPYNMVSIKCOC-UHFFFAOYSA-O"",""XQSPYNMVSIKCOC-WDSKDSINSA-N"",""XQSPYNMVSIKCOC-ZBHICJROSA-N""]"
348,quinapril,CIDm00054891,false,0,0,[]
349,clomifene,CIDm01548954,false,0,0,[]
350,risedronic.acid,CIDm00005245,true,54,49,"[""AGPRGIDBSPGPOE-UHFFFAOYSA-N"",""AKTGFDLTOBBOCD-UHFFFAOYSA-N"",""ARGHCEVMLACPSI-UHFFFAOYSA-L"",""AUOQJLLGDKMRDH-UHFFFAOYSA-M"",""BNTRWISMLDGFOE-UHFFFAOYSA-N"",""BUEFFQAULCECBA-UHFFFAOYSA-M"",""BULMSQBMCQXNIA-UHFFFAOYSA-N"",""CTPUNHLLCHUTRD-UHFFFAOYSA-N"",""DRFDPXKCEWYIAW-UHFFFAOYSA-M"",""DRFDPXKCEWYIAW-UHFFFAOYSA-N"",""DSTCRCARRBIKOU-UHFFFAOYSA-J"",""DUZUSEIVEXNRCQ-UHFFFAOYSA-M"",""FSZLVWCRGZOSEG-UHFFFAOYSA-N"",""GCQHNZOMWXHMRO-UHFFFAOYSA-N"",""GMIPYZRGQWNFGH-UHFFFAOYSA-N"",""GSYAHNOOFNKVKM-UHFFFAOYSA-K"",""HAZILTUQAYJLIV-UHFFFAOYSA-N"",""HYFDYHPNTXOPPO-UHFFFAOYSA-L"",""HYFDYHPNTXOPPO-UHFFFAOYSA-N"",""IIDJRNMFWXDHID-CBWXHQCLSA-N"",""IIDJRNMFWXDHID-CBYSEHNBSA-N"",""IIDJRNMFWXDHID-RZIJKAHPSA-N"",""IIDJRNMFWXDHID-UHFFFAOYSA-J"",""IIDJRNMFWXDHID-UHFFFAOYSA-K"",""IIDJRNMFWXDHID-UHFFFAOYSA-L"",""IIDJRNMFWXDHID-UHFFFAOYSA-M"",""IIDJRNMFWXDHID-UHFFFAOYSA-N"",""IIDJRNMFWXDHID-UHFFFAOYSA-O"",""IIDJRNMFWXDHID-VTMSBFHVSA-N"",""IIYRWTFCSQYRAX-UHFFFAOYSA-N"",""IYMDXYQKMDWSGQ-UHFFFAOYSA-N"",""JAROYDNJQWMRAM-UHFFFAOYSA-N"",""KGCXEACGWYUDNL-UHFFFAOYSA-L"",""KLQNARDFMJRXSF-UHFFFAOYSA-M"",""KLQNARDFMJRXSF-UHFFFAOYSA-N"",""LMVCNSNAPIOPAK-UHFFFAOYSA-N"",""LYQQRDVKMPPSFO-UHFFFAOYSA-N"",""LYQQRDVKMPPSFO-UHFFFAOYSA-O"",""MNDYLFDSBGQQDJ-UHFFFAOYSA-N"",""MOVKUYGIIPGKDH-UHFFFAOYSA-N"",""QKHKVOAOFBYFCM-UHFFFAOYSA-N"",""QSBCEAJXPMFSSC-UHFFFAOYSA-N"",""SAIHZXSRZFIALU-UHFFFAOYSA-L"",""SASLGGGHGGSNGY-UHFFFAOYSA-N"",""UHZONFGOMDTHCJ-UHFFFAOYSA-L"",""UWCXIBCDDCYVRK-UHFFFAOYSA-N"",""VNOYWHYVHMWARS-UHFFFAOYSA-L"",""VZLCBAMLZNEVRD-UHFFFAOYSA-M"",""WXQOCXUTHYGXQM-UHFFFAOYSA-J""]"
351,bumetanide,CIDm00002471,true,55,55,"[""BUNAOQBKNUGVGY-UHFFFAOYSA-N"",""MAEIEVLCKWDQJH-AOXKXOSQSA-N"",""MAEIEVLCKWDQJH-APMRKSRASA-N"",""MAEIEVLCKWDQJH-AZDLRGRASA-N"",""MAEIEVLCKWDQJH-BNRMTYIDSA-N"",""MAEIEVLCKWDQJH-BQNZLIRGSA-N"",""MAEIEVLCKWDQJH-CBTSVUPCSA-N"",""MAEIEVLCKWDQJH-CBWXHQCLSA-N"",""MAEIEVLCKWDQJH-DMSOEGGMSA-N"",""MAEIEVLCKWDQJH-FIBGUPNXSA-N"",""MAEIEVLCKWDQJH-FVLQKYGXSA-N"",""MAEIEVLCKWDQJH-FXMISZGDSA-N"",""MAEIEVLCKWDQJH-GQIDBLARSA-N"",""MAEIEVLCKWDQJH-IABROROHSA-N"",""MAEIEVLCKWDQJH-JBISRTOLSA-N"",""MAEIEVLCKWDQJH-JCHQKMSFSA-N"",""MAEIEVLCKWDQJH-JLZJBEKYSA-N"",""MAEIEVLCKWDQJH-KNKDAXDNSA-N"",""MAEIEVLCKWDQJH-KNXIQCGSSA-N"",""MAEIEVLCKWDQJH-LCJNWZSJSA-N"",""MAEIEVLCKWDQJH-LGBSUSNPSA-N"",""MAEIEVLCKWDQJH-LYZVWUOCSA-N"",""MAEIEVLCKWDQJH-MADFRBAASA-N"",""MAEIEVLCKWDQJH-NCKGIQLSSA-N"",""MAEIEVLCKWDQJH-NHBKDQHNSA-N"",""MAEIEVLCKWDQJH-NNVHEIFTSA-N"",""MAEIEVLCKWDQJH-NTGJPTEZSA-N"",""MAEIEVLCKWDQJH-ONQUGREJSA-N"",""MAEIEVLCKWDQJH-PBQUKWQSSA-N"",""MAEIEVLCKWDQJH-PMUHGZINSA-N"",""MAEIEVLCKWDQJH-QLGYKEOQSA-N"",""MAEIEVLCKWDQJH-QOWOAITPSA-N"",""MAEIEVLCKWDQJH-QZEZMGTLSA-N"",""MAEIEVLCKWDQJH-RRVWJQJTSA-N"",""MAEIEVLCKWDQJH-SJKLNLTHSA-N"",""MAEIEVLCKWDQJH-SMZGMGDZSA-N"",""MAEIEVLCKWDQJH-SYOUIWDZSA-N"",""MAEIEVLCKWDQJH-TXFBWYMTSA-N"",""MAEIEVLCKWDQJH-TYNAPVOISA-N"",""MAEIEVLCKWDQJH-UBOOVXFNSA-N"",""MAEIEVLCKWDQJH-UFFRDWFDSA-N"",""MAEIEVLCKWDQJH-UHFFFAOYSA-M"",""MAEIEVLCKWDQJH-UHFFFAOYSA-N"",""MAEIEVLCKWDQJH-UPKDRLQUSA-N"",""MAEIEVLCKWDQJH-VEAZXDGCSA-N"",""MAEIEVLCKWDQJH-WBDZLQAZSA-N"",""MAEIEVLCKWDQJH-WGYFFYJQSA-N"",""MAEIEVLCKWDQJH-WIPGUEKWSA-N"",""MAEIEVLCKWDQJH-WNWXXORZSA-N"",""MAEIEVLCKWDQJH-WUDHCNRBSA-N"",""MAEIEVLCKWDQJH-XGDFIHACSA-N"",""MAEIEVLCKWDQJH-ZBJDZAJPSA-N"",""MAEIEVLCKWDQJH-ZNZAITRCSA-N"",""QDFGOJHAQZEYQL-UHFFFAOYSA-M"",""RNZMEZHJHMXKNR-UHFFFAOYSA-N""]"
352,chlormethine,CIDm00004033,true,23,21,"[""HAWPXGHAZFHHAD-LBHFFFFPSA-N"",""HAWPXGHAZFHHAD-RRVWJQJTSA-N"",""HAWPXGHAZFHHAD-UHFFFAOYSA-N"",""HAWPXGHAZFHHAD-UHFFFAOYSA-O"",""JGQOWVQBPDAIAV-UHFFFAOYSA-N"",""LGCATDQRQMFGTO-BTJKTKAUSA-N"",""LGCATDQRQMFGTO-UHFFFAOYSA-N"",""LGCATDQRQMFGTO-WLHGVMLRSA-N"",""LOFVMZICMAOZRD-UHFFFAOYSA-N"",""LUGZSQQMMCMLIY-UHFFFAOYSA-N"",""QZIQJVCYUQZDIR-DAHDXRBSSA-N"",""QZIQJVCYUQZDIR-QWJITLNOSA-N"",""QZIQJVCYUQZDIR-UHFFFAOYSA-M"",""QZIQJVCYUQZDIR-UHFFFAOYSA-N"",""QZIQJVCYUQZDIR-UHFFFAOYSA-O"",""SEUMELQFCUDVQE-UHFFFAOYSA-N"",""ULNXDEDRXYLKQK-UHFFFAOYSA-N"",""WTSISHLUFAMLAK-UHFFFAOYSA-N"",""YIVNCZVDFRXVTH-UHFFFAOYSA-N"",""ZECPAXOWQKNBBR-UHFFFAOYSA-M"",""ZMRKRKIAMYJSMA-UHFFFAOYSA-N""]"
353,granisetron,CIDm05284566,false,0,0,[]
354,triazolam,CIDm00005556,true,10,10,"[""JOFWLTCLBGQGBO-FIBGUPNXSA-N"",""JOFWLTCLBGQGBO-HHWTYPEFSA-N"",""JOFWLTCLBGQGBO-KNXIQCGSSA-N"",""JOFWLTCLBGQGBO-OSKCZSATSA-N"",""JOFWLTCLBGQGBO-QFFDRWTDSA-N"",""JOFWLTCLBGQGBO-UFFRDWFDSA-N"",""JOFWLTCLBGQGBO-UHFFFAOYSA-N"",""XDPWAZTYIJMKBA-UHFFFAOYSA-N"",""YLCANCJPPHVVLL-UHFFFAOYSA-N"",""ZKKPKJPSRVBIPJ-UHFFFAOYSA-N""]"
355,remifentanil,CIDm00060814,true,13,11,"[""CAHCPPICYIOSRD-UHFFFAOYSA-N"",""CEBINOVUQVOTCG-UHFFFAOYSA-N"",""CEBINOVUQVOTCG-WLHGVMLRSA-N"",""QXJYFACPSVSSTC-UHFFFAOYSA-N"",""VCUDMQUBZSACMI-UHFFFAOYSA-N"",""WFBMIPUMYUHANP-ALVDMSPLSA-N"",""WFBMIPUMYUHANP-UHFFFAOYSA-N"",""ZMGKHCNPWIVLHI-ALVDMSPLSA-N"",""ZTVQQQVZCWLTDF-UHFFFAOYSA-N"",""ZTVQQQVZCWLTDF-UHFFFAOYSA-O"",""ZTVQQQVZCWLTDF-YMDLLLAMSA-N""]"
356,didanosine,CIDm00050599,false,0,0,[]
357,ondansetron,CIDm00004595,true,108,105,"[""BCNGSAIULFUIFJ-UHFFFAOYSA-N"",""FELGMEQIXOGIFQ-AYTXIVNJSA-N"",""FELGMEQIXOGIFQ-BAGZJIGJSA-N"",""FELGMEQIXOGIFQ-BMSJAHLVSA-N"",""FELGMEQIXOGIFQ-BNTUKEPOSA-N"",""FELGMEQIXOGIFQ-BWARQAJISA-N"",""FELGMEQIXOGIFQ-CSIBAJNSSA-N"",""FELGMEQIXOGIFQ-CUEUYHEYSA-N"",""FELGMEQIXOGIFQ-CYBMUJFWSA-N"",""FELGMEQIXOGIFQ-CYBMUJFWSA-O"",""FELGMEQIXOGIFQ-FIBGUPNXSA-N"",""FELGMEQIXOGIFQ-FORYFOOCSA-N"",""FELGMEQIXOGIFQ-GEUSXJFYSA-N"",""FELGMEQIXOGIFQ-GGTSHAOFSA-N"",""FELGMEQIXOGIFQ-GYUPSEFKSA-N"",""FELGMEQIXOGIFQ-HESSMTQDSA-N"",""FELGMEQIXOGIFQ-HOYSYQPBSA-N"",""FELGMEQIXOGIFQ-IOZMSELXSA-N"",""FELGMEQIXOGIFQ-IVFXKVCMSA-N"",""FELGMEQIXOGIFQ-IZTJULLBSA-N"",""FELGMEQIXOGIFQ-JHQGIIFRSA-N"",""FELGMEQIXOGIFQ-JIBPXCTFSA-N"",""FELGMEQIXOGIFQ-JVXUGDAPSA-N"",""FELGMEQIXOGIFQ-JWSPKAHGSA-N"",""FELGMEQIXOGIFQ-KARLPHELSA-N"",""FELGMEQIXOGIFQ-KEWKYEQZSA-N"",""FELGMEQIXOGIFQ-KVQSHYEYSA-N"",""FELGMEQIXOGIFQ-LHHJEJQOSA-N"",""FELGMEQIXOGIFQ-LJYPPAMPSA-N"",""FELGMEQIXOGIFQ-LNFUJOGGSA-N"",""FELGMEQIXOGIFQ-MDUZVUGSSA-N"",""FELGMEQIXOGIFQ-MEYWOFLZSA-N"",""FELGMEQIXOGIFQ-MZBKNDLCSA-N"",""FELGMEQIXOGIFQ-NCQOMSHQSA-N"",""FELGMEQIXOGIFQ-NKAHIHLVSA-N"",""FELGMEQIXOGIFQ-NWRSKGMZSA-N"",""FELGMEQIXOGIFQ-NXRKTPNTSA-N"",""FELGMEQIXOGIFQ-OCXNEGRYSA-N"",""FELGMEQIXOGIFQ-OIYGLIEASA-N"",""FELGMEQIXOGIFQ-OJMUWNJPSA-N"",""FELGMEQIXOGIFQ-OPHVHHAMSA-N"",""FELGMEQIXOGIFQ-OWDIPUNESA-N"",""FELGMEQIXOGIFQ-OZBXQNGHSA-N"",""FELGMEQIXOGIFQ-PEPUUANNSA-N"",""FELGMEQIXOGIFQ-QBWNOJBISA-N"",""FELGMEQIXOGIFQ-QRDAEOSMSA-N"",""FELGMEQIXOGIFQ-QXEAFOSDSA-N"",""FELGMEQIXOGIFQ-RKGSATPUSA-N"",""FELGMEQIXOGIFQ-RQYFNCQLSA-N"",""FELGMEQIXOGIFQ-RSTBCOSGSA-N"",""FELGMEQIXOGIFQ-TVJNSFJGSA-N"",""FELGMEQIXOGIFQ-UAPXMEIZSA-N"",""FELGMEQIXOGIFQ-UFHFDUDASA-N"",""FELGMEQIXOGIFQ-UHFFFAOYSA-N"",""FELGMEQIXOGIFQ-UHFFFAOYSA-O"",""FELGMEQIXOGIFQ-UNFVHARGSA-N"",""FELGMEQIXOGIFQ-UPLCSPLXSA-N"",""FELGMEQIXOGIFQ-UWXXWEFDSA-N"",""FELGMEQIXOGIFQ-VRJDGLIXSA-N"",""FELGMEQIXOGIFQ-VVMRUBJMSA-N"",""FELGMEQIXOGIFQ-WFGJKAKNSA-N"",""FELGMEQIXOGIFQ-WWPXJUKDSA-N"",""FELGMEQIXOGIFQ-XHCXSSNLSA-N"",""FELGMEQIXOGIFQ-XLIXMGSISA-N"",""FELGMEQIXOGIFQ-XQWUFEPYSA-N"",""FELGMEQIXOGIFQ-XVSUFPODSA-N"",""FELGMEQIXOGIFQ-YFUBDMQUSA-N"",""FELGMEQIXOGIFQ-YIECAKEHSA-N"",""FELGMEQIXOGIFQ-YKOSXITDSA-N"",""FELGMEQIXOGIFQ-YQEJUPTQSA-N"",""FELGMEQIXOGIFQ-YSOHJTORSA-N"",""FELGMEQIXOGIFQ-ZDUSSCGKSA-N"",""FELGMEQIXOGIFQ-ZDUSSCGKSA-O"",""FELGMEQIXOGIFQ-ZTTLINHUSA-N"",""FELGMEQIXOGIFQ-ZWGOZCLVSA-N"",""HKVLXNJSYZJOSB-UHFFFAOYSA-N"",""ITQNWTFQKXDKSZ-UHFFFAOYSA-N"",""JJIHADPISHURTP-UHFFFAOYSA-N"",""KJTDFTVLHWWCPD-FFXKMJQXSA-N"",""KJTDFTVLHWWCPD-UHFFFAOYSA-N"",""MKBLHFILKIKSQM-BTQNPOSSSA-N"",""MKBLHFILKIKSQM-MUTAZJQDSA-N"",""MKBLHFILKIKSQM-UHFFFAOYSA-M"",""MKBLHFILKIKSQM-UHFFFAOYSA-N"",""MKBLHFILKIKSQM-ZOWNYOTGSA-N"",""RXQNYZZEDXNKDG-UHFFFAOYSA-N"",""SBRJOOROCZPTMN-JACLSRQLSA-N"",""SBRJOOROCZPTMN-UHFFFAOYSA-N"",""UFUPDNJJQONZIY-UHFFFAOYSA-N"",""VRSLTNZJOUZKLX-BXUUEFRQSA-N"",""VRSLTNZJOUZKLX-JEZXJMRTSA-N"",""VRSLTNZJOUZKLX-UHFFFAOYSA-M"",""VRSLTNZJOUZKLX-UHFFFAOYSA-N"",""WRZJOBREMUDSSV-FFXKMJQXSA-N"",""WRZJOBREMUDSSV-UHFFFAOYSA-M"",""WRZJOBREMUDSSV-UHFFFAOYSA-N"",""XUSXMFIDZPZRDH-UHFFFAOYSA-N"",""XWICWJVOKHSBBL-BTQNPOSSSA-N"",""XWICWJVOKHSBBL-UHFFFAOYSA-N"",""YPYZZFIBDXKSRN-UHFFFAOYSA-N"",""ZTVOHKAQABJBDF-BTJKTKAUSA-N"",""ZTVOHKAQABJBDF-FEGZNKODSA-N"",""ZTVOHKAQABJBDF-FTUYNFQWSA-N"",""ZTVOHKAQABJBDF-UHFFFAOYSA-N"",""ZTVOHKAQABJBDF-WLHGVMLRSA-N""]"
358,bimatoprost,CIDm05311027,false,0,0,[]
359,tiagabine,CIDm00060648,false,0,0,[]
360,quinidine,CIDm00005768,false,0,0,[]
361,zonisamide,CIDm00005734,true,14,13,"[""AZUZOWNBYZFJBR-UHFFFAOYSA-N"",""CXGPJFFXNNHUAY-UHFFFAOYSA-N"",""KTRQLNRTABJCAM-UHFFFAOYSA-N"",""OTSWINFRJNEIOR-UHFFFAOYSA-N"",""QVADSMGRZHVGPL-UHFFFAOYSA-M"",""QVADSMGRZHVGPL-UHFFFAOYSA-N"",""SNMLCMJZPULNBL-UHFFFAOYSA-N"",""UBQNRHZMVUUOMG-QCFADSBCSA-N"",""UBQNRHZMVUUOMG-RHQRLBAQSA-N"",""UBQNRHZMVUUOMG-UHFFFAOYSA-M"",""UBQNRHZMVUUOMG-UHFFFAOYSA-N"",""UBQNRHZMVUUOMG-VDWPWFDKSA-N"",""ZVBIRPKGWOVBLG-UHFFFAOYSA-N""]"
362,paricalcitol,CIDm05281104,false,0,0,[]
363,tinidazole,CIDm00005479,true,3,3,"[""HFSSBSNKSSCOBN-UHFFFAOYSA-N"",""HJLSLZFTEKNLFI-UHFFFAOYSA-N"",""HJLSLZFTEKNLFI-WNWXXORZSA-N""]"
364,repaglinide,CIDm00065981,false,0,0,[]
365,amantadine,CIDm00002130,true,42,35,"[""DKNWSYNQZKUICI-BXSQCBKHSA-N"",""DKNWSYNQZKUICI-UHFFFAOYSA-N"",""DKNWSYNQZKUICI-UHFFFAOYSA-O"",""FCPWWNYHIIPYKE-BTJKTKAUSA-N"",""FCPWWNYHIIPYKE-UHFFFAOYSA-L"",""FCPWWNYHIIPYKE-UHFFFAOYSA-N"",""FCPWWNYHIIPYKE-WLHGVMLRSA-N"",""FWICLLFKWVAYPX-UHFFFAOYSA-L"",""FXKOSQLPUYXSAN-UHFFFAOYSA-N"",""GBFBBXOKKXUKKI-UHFFFAOYSA-N"",""GOFXDGXCQWSUAP-UHFFFAOYSA-N"",""IDUROJFOPXMBQU-UHFFFAOYSA-N"",""JGARNTNRSDPRJZ-UHFFFAOYSA-N"",""JOHUDFNPAHHBSG-UHFFFAOYSA-N"",""JXAUZRIIDTYCJH-UHFFFAOYSA-N"",""KSGKTMHXUAVYFL-UHFFFAOYSA-N"",""MYWTWSQFJLXGGQ-UHFFFAOYSA-N"",""PLRGINNCKYSSTP-UHFFFAOYSA-L"",""PLRGINNCKYSSTP-UHFFFAOYSA-N"",""QGLWBCVWJIJVAB-UHFFFAOYSA-N"",""QRVSGLPZAFQGCE-KSBRXOFISA-N"",""QRVSGLPZAFQGCE-UHFFFAOYSA-N"",""QRVSGLPZAFQGCE-WXXKFALUSA-N"",""RFOKTOXKVLZNGQ-UHFFFAOYSA-L"",""RHYAZMCSDZREHU-UHFFFAOYSA-N"",""UZMQVTVEGGMYQD-UHFFFAOYSA-N"",""VCHMURQKTNZYSE-UHFFFAOYSA-N"",""VIHCJNLPQHFCFW-UHFFFAOYSA-N"",""VNJWSGXHLFDLRU-UHFFFAOYSA-N"",""WOLHOYHSEKDWQH-UHFFFAOYSA-M"",""WOLHOYHSEKDWQH-UHFFFAOYSA-N"",""WOLHOYHSEKDWQH-UHFFFAOYSA-O"",""XMHFCNUHESCBDY-UHFFFAOYSA-N"",""ZGNZQSQJBKDAIA-UHFFFAOYSA-N"",""ZPKYUPBKCZEQPB-UHFFFAOYSA-N""]"
366,metronidazole,CIDm00004173,true,41,38,"[""ARNYQXKCCJUKNI-UHFFFAOYSA-K"",""ARNYQXKCCJUKNI-UHFFFAOYSA-N"",""BCAUJRLJUDERTN-UHFFFAOYSA-N"",""DMSPYZUHHVGGIY-UHFFFAOYSA-N"",""DYLNUYCKVAKAQV-UHFFFAOYSA-N"",""FPTPAIQTXYFGJC-DAHDXRBSSA-N"",""FPTPAIQTXYFGJC-UHFFFAOYSA-M"",""FPTPAIQTXYFGJC-UHFFFAOYSA-N"",""ICVKXFSQSSGPAG-UHFFFAOYSA-L"",""IZJRSYQOUWVNTI-UHFFFAOYSA-N"",""KGFNYAGBYRAOHD-UHFFFAOYSA-N"",""KYDJBWHXQDYZMP-UHFFFAOYSA-L"",""KYDJBWHXQDYZMP-UHFFFAOYSA-N"",""LKRWBLLGEAXPRY-UHFFFAOYSA-N"",""PNBUMUTUSYZDPT-UHFFFAOYSA-K"",""PNBUMUTUSYZDPT-UHFFFAOYSA-M"",""PVASYQBYRWIVOL-UHFFFAOYSA-L"",""PVASYQBYRWIVOL-UHFFFAOYSA-N"",""PZJPXISIYMDMSB-UHFFFAOYSA-L"",""QFODZJUWPIQNQS-UHFFFAOYSA-N"",""RRLFCPFVQZOOBK-UHFFFAOYSA-K"",""UCNXDMDUTJAONK-BTJKTKAUSA-N"",""UCNXDMDUTJAONK-UHFFFAOYSA-N"",""UOCBVIDQZWGTJU-UHFFFAOYSA-N"",""URUCDHXQBRJGDS-UHFFFAOYSA-M"",""URUCDHXQBRJGDS-UHFFFAOYSA-N"",""VAOCPAMSLUNLGC-FIBGUPNXSA-N"",""VAOCPAMSLUNLGC-IJQLDJFQSA-N"",""VAOCPAMSLUNLGC-PNSZSYODSA-N"",""VAOCPAMSLUNLGC-RRVWJQJTSA-N"",""VAOCPAMSLUNLGC-UHFFFAOYSA-N"",""VAOCPAMSLUNLGC-UHFFFAOYSA-O"",""VIADITHFAPYEGK-UHFFFAOYSA-M"",""VIADITHFAPYEGK-UHFFFAOYSA-N"",""WWWPEBJJQJEFDK-UHFFFAOYSA-K"",""WWWPEBJJQJEFDK-UHFFFAOYSA-M"",""XULMMEWJUHIJCX-UHFFFAOYSA-M"",""XULMMEWJUHIJCX-UHFFFAOYSA-N""]"
367,almotriptan,CIDm00123606,true,16,16,"[""FUORSACTMVYHCT-TXHXQZCNSA-N"",""FUORSACTMVYHCT-UHFFFAOYSA-N"",""HBPQSOKWNBVFPV-BTJKTKAUSA-N"",""HBPQSOKWNBVFPV-UHFFFAOYSA-N"",""HBPQSOKWNBVFPV-WLHGVMLRSA-N"",""IOBUAJPPALDMGN-UHFFFAOYSA-L"",""IOBUAJPPALDMGN-UHFFFAOYSA-N"",""SROWSUNOMPORJK-UHFFFAOYSA-N"",""UGKBABUMIQCTMP-UHFFFAOYSA-N"",""WKEMJKQOLOHJLZ-KBMKNGFXSA-N"",""WKEMJKQOLOHJLZ-UHFFFAOYSA-N"",""WKEMJKQOLOHJLZ-UHFFFAOYSA-O"",""WKEMJKQOLOHJLZ-WFGJKAKNSA-N"",""WKEMJKQOLOHJLZ-YXDKRSHTSA-N"",""YUWCRUUNYMQFMG-UHFFFAOYSA-N"",""ZMVFMIBKCHKCDE-UHFFFAOYSA-N""]"
368,buprenorphine,CIDm06321408,false,0,0,[]
369,levosimendan,CIDm03033825,false,0,0,[]
370,cyclobenzaprine,CIDm00002895,true,17,16,"[""AYMBBWIXXPEMMD-UHFFFAOYSA-N"",""FTZUIJMCPPYVQG-UHFFFAOYSA-N"",""FTZUIJMCPPYVQG-WLHGVMLRSA-N"",""HODNGBFPNWCIKU-UHFFFAOYSA-N"",""JURKNVYFZMSNLP-FIBGUPNXSA-N"",""JURKNVYFZMSNLP-KQORAOOSSA-N"",""JURKNVYFZMSNLP-UHFFFAOYSA-N"",""JURKNVYFZMSNLP-UHFFFAOYSA-O"",""JURKNVYFZMSNLP-WFGJKAKNSA-N"",""LKYJEIWZMSNNTL-UHFFFAOYSA-N"",""UNLMWLYFDDAXFB-UHFFFAOYSA-N"",""VXEAYBOGHINOKW-NIIDSAIPSA-N"",""VXEAYBOGHINOKW-SPZGMPHYSA-N"",""VXEAYBOGHINOKW-UHFFFAOYSA-M"",""VXEAYBOGHINOKW-UHFFFAOYSA-N"",""YXEZMVBCZDZPEA-UHFFFAOYSA-N""]"
371,famotidine,CIDm05702160,false,0,0,[]
372,azacitidine,CIDm00009444,false,0,0,[]
373,misoprostol,CIDm05282381,false,0,0,[]
374,colesevelam,CIDm00160051,true,4,3,"[""NXOLVMFMAFCDSR-UHFFFAOYSA-M"",""VTAKZNRDSPNOAU-POQZOXNTSA-M"",""VTAKZNRDSPNOAU-UHFFFAOYSA-M""]"
375,tipranavir,CIDm00163296,true,30,30,"[""GMLPWIRZHJYRCA-KPHXKKTMSA-N"",""GMLPWIRZHJYRCA-UHFFFAOYSA-N"",""SUJUHGSWHZTSEU-AYKAIWKLSA-N"",""SUJUHGSWHZTSEU-BRUPJXTFSA-N"",""SUJUHGSWHZTSEU-DRNNDATISA-N"",""SUJUHGSWHZTSEU-FKUWIZNHSA-N"",""SUJUHGSWHZTSEU-FLVDJLASSA-N"",""SUJUHGSWHZTSEU-FYBSXPHGSA-N"",""SUJUHGSWHZTSEU-GAHNAGFPSA-N"",""SUJUHGSWHZTSEU-GOWJNXQMSA-N"",""SUJUHGSWHZTSEU-IMHQZXCASA-N"",""SUJUHGSWHZTSEU-ITCNXNOXSA-N"",""SUJUHGSWHZTSEU-JWNQRORFSA-N"",""SUJUHGSWHZTSEU-KYOVOWBJSA-N"",""SUJUHGSWHZTSEU-MWQIXQBFSA-N"",""SUJUHGSWHZTSEU-QCDSWUKFSA-N"",""SUJUHGSWHZTSEU-QNGSWNHHSA-N"",""SUJUHGSWHZTSEU-RNAHPLFWSA-N"",""SUJUHGSWHZTSEU-SBCWWONCSA-N"",""SUJUHGSWHZTSEU-SETSBSEESA-N"",""SUJUHGSWHZTSEU-SMXCXWEPSA-N"",""SUJUHGSWHZTSEU-SUHMBNCMSA-N"",""SUJUHGSWHZTSEU-UHFFFAOYSA-N"",""SUJUHGSWHZTSEU-XLBLAKOUSA-N"",""SUJUHGSWHZTSEU-YBLLDNOUSA-N"",""SUJUHGSWHZTSEU-ZSJDYOACSA-N"",""XUAFZDKWZHNPBE-KPHXKKTMSA-N"",""XUAFZDKWZHNPBE-UHFFFAOYSA-N"",""ZBWMQTUSVWBMQE-KPHXKKTMSA-M"",""ZBWMQTUSVWBMQE-UHFFFAOYSA-M""]"
376,maprotiline,CIDm00004011,true,16,15,"[""AZBQPFNOCGJUMR-UHFFFAOYSA-N"",""GVDRPSIIOLXAPF-UHFFFAOYSA-N"",""IUOFVKUAHKGVIO-UHFFFAOYSA-N"",""NZDMFGKECODQRY-NIIDSAIPSA-N"",""NZDMFGKECODQRY-QHZJUOFTSA-N"",""NZDMFGKECODQRY-SPZGMPHYSA-N"",""NZDMFGKECODQRY-UHFFFAOYSA-M"",""NZDMFGKECODQRY-UHFFFAOYSA-N"",""OECCRWPXLFKOHQ-FJOGWHKWSA-N"",""OECCRWPXLFKOHQ-UHFFFAOYSA-N"",""QSLMDECMDJKHMQ-BNZCHREDSA-N"",""QSLMDECMDJKHMQ-FIBGUPNXSA-N"",""QSLMDECMDJKHMQ-KQORAOOSSA-N"",""QSLMDECMDJKHMQ-UHFFFAOYSA-N"",""QSLMDECMDJKHMQ-UHFFFAOYSA-O""]"
377,salmeterol,CIDm00005152,true,263,263,"[""BODNIUINBWGGMA-BTJKTKAUSA-N"",""BODNIUINBWGGMA-UHFFFAOYSA-N"",""BODNIUINBWGGMA-WLHGVMLRSA-N"",""GIIZNNXWQWCKIB-AAKNWNSFSA-N"",""GIIZNNXWQWCKIB-ABRZUMLESA-N"",""GIIZNNXWQWCKIB-ADAFWTIDSA-N"",""GIIZNNXWQWCKIB-ADEZQELLSA-N"",""GIIZNNXWQWCKIB-AJERNWARSA-N"",""GIIZNNXWQWCKIB-APWZSISUSA-N"",""GIIZNNXWQWCKIB-ASZWUHSVSA-N"",""GIIZNNXWQWCKIB-BCOKWPKSSA-N"",""GIIZNNXWQWCKIB-BIPONHOXSA-N"",""GIIZNNXWQWCKIB-BOKVBNHVSA-N"",""GIIZNNXWQWCKIB-BPPAMHLBSA-N"",""GIIZNNXWQWCKIB-BQXQBYGWSA-N"",""GIIZNNXWQWCKIB-BRBFPXMDSA-N"",""GIIZNNXWQWCKIB-BRKBQJKHSA-N"",""GIIZNNXWQWCKIB-BRUUUYFLSA-N"",""GIIZNNXWQWCKIB-BSUYXRRTSA-N"",""GIIZNNXWQWCKIB-BWHWLYHESA-N"",""GIIZNNXWQWCKIB-BZAKOZENSA-N"",""GIIZNNXWQWCKIB-CAWSDFRUSA-N"",""GIIZNNXWQWCKIB-CBTXNSFASA-N"",""GIIZNNXWQWCKIB-CEMZHOGTSA-N"",""GIIZNNXWQWCKIB-CFXLGFGOSA-N"",""GIIZNNXWQWCKIB-CLBBRWISSA-N"",""GIIZNNXWQWCKIB-CNTLIACGSA-N"",""GIIZNNXWQWCKIB-CPTWMFORSA-N"",""GIIZNNXWQWCKIB-CQFLXECUSA-N"",""GIIZNNXWQWCKIB-CXALEJHVSA-N"",""GIIZNNXWQWCKIB-CZAWIBBKSA-N"",""GIIZNNXWQWCKIB-DBVBNLRBSA-N"",""GIIZNNXWQWCKIB-DEDQYMGDSA-N"",""GIIZNNXWQWCKIB-DIERRMOMSA-N"",""GIIZNNXWQWCKIB-DJOZNVGCSA-N"",""GIIZNNXWQWCKIB-DKRMQTGPSA-N"",""GIIZNNXWQWCKIB-DKRMQTGPSA-O"",""GIIZNNXWQWCKIB-DNZUIVDMSA-N"",""GIIZNNXWQWCKIB-DOBBINOXSA-N"",""GIIZNNXWQWCKIB-DPZBJEARSA-N"",""GIIZNNXWQWCKIB-DRWCKEOCSA-N"",""GIIZNNXWQWCKIB-DTJWPBTNSA-N"",""GIIZNNXWQWCKIB-DURZHDAQSA-N"",""GIIZNNXWQWCKIB-DXXWQLKVSA-N"",""GIIZNNXWQWCKIB-FAEQIFATSA-N"",""GIIZNNXWQWCKIB-FAOFTHLCSA-N"",""GIIZNNXWQWCKIB-FBCWWBABSA-N"",""GIIZNNXWQWCKIB-FCCKKRAJSA-N"",""GIIZNNXWQWCKIB-FCHLXICZSA-N"",""GIIZNNXWQWCKIB-FCLBBQIASA-N"",""GIIZNNXWQWCKIB-FEGKMPLUSA-N"",""GIIZNNXWQWCKIB-FEKSHCNASA-N"",""GIIZNNXWQWCKIB-FHPGJDTDSA-N"",""GIIZNNXWQWCKIB-FHPGJDTDSA-O"",""GIIZNNXWQWCKIB-FKKCCGRBSA-N"",""GIIZNNXWQWCKIB-FKUWIZNHSA-N"",""GIIZNNXWQWCKIB-FKXSYUHUSA-N"",""GIIZNNXWQWCKIB-FLAZRMKPSA-N"",""GIIZNNXWQWCKIB-FNIFYWLKSA-N"",""GIIZNNXWQWCKIB-FNOSBWGPSA-N"",""GIIZNNXWQWCKIB-FNRRNSCASA-N"",""GIIZNNXWQWCKIB-FVLZGAQCSA-N"",""GIIZNNXWQWCKIB-GAZYUJAISA-N"",""GIIZNNXWQWCKIB-GCMQZKQVSA-N"",""GIIZNNXWQWCKIB-GEWINGNYSA-N"",""GIIZNNXWQWCKIB-GHNJFXCISA-N"",""GIIZNNXWQWCKIB-GHXRXPENSA-N"",""GIIZNNXWQWCKIB-GSKVDMBBSA-N"",""GIIZNNXWQWCKIB-GTAIGDSTSA-N"",""GIIZNNXWQWCKIB-GVROVNEDSA-N"",""GIIZNNXWQWCKIB-GXSPLYFGSA-N"",""GIIZNNXWQWCKIB-GYSVCITDSA-N"",""GIIZNNXWQWCKIB-HAIVOJDGSA-N"",""GIIZNNXWQWCKIB-HJQFBNCRSA-N"",""GIIZNNXWQWCKIB-HKYRKWSISA-N"",""GIIZNNXWQWCKIB-HLNHBYTFSA-N"",""GIIZNNXWQWCKIB-IDAXEZPMSA-N"",""GIIZNNXWQWCKIB-IEZMELCCSA-N"",""GIIZNNXWQWCKIB-IOKXFUIRSA-N"",""GIIZNNXWQWCKIB-IOWSWHQJSA-N"",""GIIZNNXWQWCKIB-ISCUERDESA-N"",""GIIZNNXWQWCKIB-IXGZKXJOSA-N"",""GIIZNNXWQWCKIB-JHNLOGLVSA-N"",""GIIZNNXWQWCKIB-JLEYYSROSA-N"",""GIIZNNXWQWCKIB-JLZVCNDCSA-N"",""GIIZNNXWQWCKIB-JORDWXBUSA-N"",""GIIZNNXWQWCKIB-JQHNPZNASA-N"",""GIIZNNXWQWCKIB-JSVRQMLISA-N"",""GIIZNNXWQWCKIB-JTOGFXFDSA-N"",""GIIZNNXWQWCKIB-JVSMCPHSSA-N"",""GIIZNNXWQWCKIB-JVXJDRNPSA-N"",""GIIZNNXWQWCKIB-JXNLJUOFSA-N"",""GIIZNNXWQWCKIB-KDTFFXGVSA-N"",""GIIZNNXWQWCKIB-KHWATEBESA-N"",""GIIZNNXWQWCKIB-KKACKXTGSA-N"",""GIIZNNXWQWCKIB-KKNPQXLXSA-N"",""GIIZNNXWQWCKIB-KPBZWJIVSA-N"",""GIIZNNXWQWCKIB-KRQZBPGDSA-N"",""GIIZNNXWQWCKIB-KVNDMQSSSA-N"",""GIIZNNXWQWCKIB-KWTQYIHKSA-N"",""GIIZNNXWQWCKIB-LCXBFCNQSA-N"",""GIIZNNXWQWCKIB-LDHLYTEESA-N"",""GIIZNNXWQWCKIB-LEDYJWMYSA-N"",""GIIZNNXWQWCKIB-LIEMHIICSA-N"",""GIIZNNXWQWCKIB-LLDNFPICSA-N"",""GIIZNNXWQWCKIB-LPUTUNIKSA-N"",""GIIZNNXWQWCKIB-LQKKPQSSSA-N"",""GIIZNNXWQWCKIB-LQLKVJFYSA-N"",""GIIZNNXWQWCKIB-LSADUZDDSA-N"",""GIIZNNXWQWCKIB-LVFRJLAPSA-N"",""GIIZNNXWQWCKIB-LWBRNLSESA-N"",""GIIZNNXWQWCKIB-LZCXRCOKSA-N"",""GIIZNNXWQWCKIB-MAQVPVMRSA-N"",""GIIZNNXWQWCKIB-MBCYZYBQSA-N"",""GIIZNNXWQWCKIB-MBQAWDKZSA-N"",""GIIZNNXWQWCKIB-MCMLFYJHSA-N"",""GIIZNNXWQWCKIB-MEADBYLBSA-N"",""GIIZNNXWQWCKIB-MGCZWSEKSA-N"",""GIIZNNXWQWCKIB-MINAFFOLSA-N"",""GIIZNNXWQWCKIB-MIQQVWRUSA-N"",""GIIZNNXWQWCKIB-MITBYLPFSA-N"",""GIIZNNXWQWCKIB-MNRFSVSWSA-N"",""GIIZNNXWQWCKIB-MOHKCGGLSA-N"",""GIIZNNXWQWCKIB-MSPNQRHZSA-N"",""GIIZNNXWQWCKIB-MTWOACDOSA-N"",""GIIZNNXWQWCKIB-MVZVASSISA-N"",""GIIZNNXWQWCKIB-MWWYKPEESA-N"",""GIIZNNXWQWCKIB-NAQUZBNQSA-N"",""GIIZNNXWQWCKIB-NBPFAFGRSA-N"",""GIIZNNXWQWCKIB-NHNUZZHASA-N"",""GIIZNNXWQWCKIB-NJFVVSQASA-N"",""GIIZNNXWQWCKIB-NUQGXNFDSA-N"",""GIIZNNXWQWCKIB-NXFMZGOXSA-N"",""GIIZNNXWQWCKIB-OBUITVOHSA-N"",""GIIZNNXWQWCKIB-OCRRSPKISA-N"",""GIIZNNXWQWCKIB-OFGHEHHCSA-N"",""GIIZNNXWQWCKIB-OIFCKFSZSA-N"",""GIIZNNXWQWCKIB-OITGWMOASA-N"",""GIIZNNXWQWCKIB-OKZPRENXSA-N"",""GIIZNNXWQWCKIB-ONNKGWAKSA-N"",""GIIZNNXWQWCKIB-ONPBEVFWSA-N"",""GIIZNNXWQWCKIB-ONTNVZAJSA-N"",""GIIZNNXWQWCKIB-OSTSEUMTSA-N"",""GIIZNNXWQWCKIB-OSWVLDQKSA-N"",""GIIZNNXWQWCKIB-OVNVCVFMSA-N"",""GIIZNNXWQWCKIB-OWTAHKQFSA-N"",""GIIZNNXWQWCKIB-OYOXDUCFSA-N"",""GIIZNNXWQWCKIB-OZJMTPCDSA-N"",""GIIZNNXWQWCKIB-OZLAPFINSA-N"",""GIIZNNXWQWCKIB-OZLAPFINSA-O"",""GIIZNNXWQWCKIB-PUJGPURKSA-N"",""GIIZNNXWQWCKIB-PVPUHHEHSA-N"",""GIIZNNXWQWCKIB-PWHZOHQISA-N"",""GIIZNNXWQWCKIB-PXAXQTQPSA-N"",""GIIZNNXWQWCKIB-QAMFJCFZSA-N"",""GIIZNNXWQWCKIB-QAZQSXTMSA-N"",""GIIZNNXWQWCKIB-QEDNWVFSSA-N"",""GIIZNNXWQWCKIB-QFSXNYCLSA-N"",""GIIZNNXWQWCKIB-QIFKXLDYSA-N"",""GIIZNNXWQWCKIB-QIXRSOLKSA-N"",""GIIZNNXWQWCKIB-QNFCNVEASA-N"",""GIIZNNXWQWCKIB-QPKXWPAZSA-N"",""GIIZNNXWQWCKIB-QRESWFTNSA-N"",""GIIZNNXWQWCKIB-QTAPYISQSA-N"",""GIIZNNXWQWCKIB-QUGOSNCKSA-N"",""GIIZNNXWQWCKIB-QVGQSELPSA-N"",""GIIZNNXWQWCKIB-QWAVUBIASA-N"",""GIIZNNXWQWCKIB-RADMBXHGSA-N"",""GIIZNNXWQWCKIB-RBAHNWRXSA-N"",""GIIZNNXWQWCKIB-REMDHJFNSA-N"",""GIIZNNXWQWCKIB-RETRFUHUSA-N"",""GIIZNNXWQWCKIB-RIHORBDXSA-N"",""GIIZNNXWQWCKIB-RRUAODMOSA-N"",""GIIZNNXWQWCKIB-RUZDIDTESA-N"",""GIIZNNXWQWCKIB-RUZDIDTESA-O"",""GIIZNNXWQWCKIB-RXLDRQEHSA-N"",""GIIZNNXWQWCKIB-RYCGTDPUSA-N"",""GIIZNNXWQWCKIB-RZOBCMOLSA-N"",""GIIZNNXWQWCKIB-SARXWIHOSA-N"",""GIIZNNXWQWCKIB-SCXBBPASSA-N"",""GIIZNNXWQWCKIB-SDZGNPQVSA-N"",""GIIZNNXWQWCKIB-SKGNHZJXSA-N"",""GIIZNNXWQWCKIB-SKIVKWGGSA-N"",""GIIZNNXWQWCKIB-SKNYSXEYSA-N"",""GIIZNNXWQWCKIB-SLGJJOKBSA-N"",""GIIZNNXWQWCKIB-SOCWUQFGSA-N"",""GIIZNNXWQWCKIB-STQVHSLESA-N"",""GIIZNNXWQWCKIB-TYKSYYJCSA-N"",""GIIZNNXWQWCKIB-UAOSPDKESA-N"",""GIIZNNXWQWCKIB-UAYFLKTOSA-N"",""GIIZNNXWQWCKIB-UGHVUFGASA-N"",""GIIZNNXWQWCKIB-UGYKQSDQSA-N"",""GIIZNNXWQWCKIB-UHFFFAOYSA-N"",""GIIZNNXWQWCKIB-UHFFFAOYSA-O"",""GIIZNNXWQWCKIB-UHNFTWOISA-N"",""GIIZNNXWQWCKIB-UOEWWCRLSA-N"",""GIIZNNXWQWCKIB-UQXGEAEYSA-N"",""GIIZNNXWQWCKIB-URFVCUOCSA-N"",""GIIZNNXWQWCKIB-UVMJUAJRSA-N"",""GIIZNNXWQWCKIB-VEVHYBQESA-N"",""GIIZNNXWQWCKIB-VGDPLPCBSA-N"",""GIIZNNXWQWCKIB-VKFNOTMFSA-N"",""GIIZNNXWQWCKIB-VLEVTPNMSA-N"",""GIIZNNXWQWCKIB-VMRAFDLHSA-N"",""GIIZNNXWQWCKIB-VNAVHCSCSA-N"",""GIIZNNXWQWCKIB-VQAPUUIVSA-N"",""GIIZNNXWQWCKIB-VQDSLZDNSA-N"",""GIIZNNXWQWCKIB-VQOGGJRJSA-N"",""GIIZNNXWQWCKIB-VSFIHOQUSA-N"",""GIIZNNXWQWCKIB-VTIQVYKMSA-N"",""GIIZNNXWQWCKIB-VWLOTQADSA-N"",""GIIZNNXWQWCKIB-VWLOTQADSA-O"",""GIIZNNXWQWCKIB-VZOVYDBKSA-N"",""GIIZNNXWQWCKIB-WCBKILBISA-N"",""GIIZNNXWQWCKIB-WHOVDQFBSA-N"",""GIIZNNXWQWCKIB-WRPZUGGXSA-N"",""GIIZNNXWQWCKIB-WTNDDUPZSA-N"",""GIIZNNXWQWCKIB-WTNDDUPZSA-O"",""GIIZNNXWQWCKIB-WUDSMOEPSA-N"",""GIIZNNXWQWCKIB-WZEAOUKQSA-N"",""GIIZNNXWQWCKIB-XALJMNHNSA-N"",""GIIZNNXWQWCKIB-XCXMOSBBSA-N"",""GIIZNNXWQWCKIB-XLBLAKOUSA-N"",""GIIZNNXWQWCKIB-XLJFKCIQSA-N"",""GIIZNNXWQWCKIB-XLSXDZSGSA-N"",""GIIZNNXWQWCKIB-XLUSJAOUSA-N"",""GIIZNNXWQWCKIB-XNFVUHMDSA-N"",""GIIZNNXWQWCKIB-XNRWWUSSSA-N"",""GIIZNNXWQWCKIB-XOXMSEITSA-N"",""GIIZNNXWQWCKIB-XOXZNPNHSA-N"",""GIIZNNXWQWCKIB-XRVMCTRCSA-N"",""GIIZNNXWQWCKIB-XUGOROQDSA-N"",""GIIZNNXWQWCKIB-XUMWYDDKSA-N"",""GIIZNNXWQWCKIB-XVQIPPMASA-N"",""GIIZNNXWQWCKIB-YBWOWLSISA-N"",""GIIZNNXWQWCKIB-YBYRCNQBSA-N"",""GIIZNNXWQWCKIB-YIENOVNYSA-N"",""GIIZNNXWQWCKIB-YKAGROETSA-N"",""GIIZNNXWQWCKIB-YPYHHSLPSA-N"",""GIIZNNXWQWCKIB-YQZXRUDBSA-N"",""GIIZNNXWQWCKIB-YRJHXKQISA-N"",""GIIZNNXWQWCKIB-YWAVSWQSSA-N"",""GIIZNNXWQWCKIB-YZKTYOCWSA-N"",""GIIZNNXWQWCKIB-ZHPFFLRBSA-N"",""GIIZNNXWQWCKIB-ZIBMJIHFSA-N"",""GIIZNNXWQWCKIB-ZKFGFKRQSA-N"",""GIIZNNXWQWCKIB-ZNOLSHONSA-N"",""GIIZNNXWQWCKIB-ZONAUVCBSA-N"",""GIIZNNXWQWCKIB-ZPEKKVBQSA-N"",""GIIZNNXWQWCKIB-ZPJDWWTCSA-N"",""GIIZNNXWQWCKIB-ZQZFLXCPSA-N"",""GIIZNNXWQWCKIB-ZTPMJKNISA-N"",""GIIZNNXWQWCKIB-ZVEGOAFISA-N"",""GIIZNNXWQWCKIB-ZXVZLIOWSA-N"",""GIIZNNXWQWCKIB-ZZDUILDDSA-N"",""GRDFCCIDMNOYEM-UHFFFAOYSA-N"",""GRDFCCIDMNOYEM-UQIIZPHYSA-N"",""JDTIHEZRQQKHAA-UHFFFAOYSA-N"",""MAOQPTVBPXCJLL-UHFFFAOYSA-N"",""PPXAQVPJGUPSGS-UHFFFAOYSA-N"",""PYPBPVPETNHKHD-UHFFFAOYSA-N"",""RBSFFKTZPUDFCL-UHFFFAOYSA-N"",""WKKFFIHRRVIVPH-UHFFFAOYSA-N""]"
378,fulvestrant,CIDm00104741,true,41,41,"[""RXYVTECVNXPPSM-PWSXMRPNSA-N"",""RXYVTECVNXPPSM-UHFFFAOYSA-N"",""VWUXBMIQPBEWFH-AGNISOLISA-N"",""VWUXBMIQPBEWFH-AUECWSNJSA-N"",""VWUXBMIQPBEWFH-BRPKWRFKSA-N"",""VWUXBMIQPBEWFH-CIAKRVSBSA-N"",""VWUXBMIQPBEWFH-DFYCQNRSSA-N"",""VWUXBMIQPBEWFH-FEASMGAVSA-N"",""VWUXBMIQPBEWFH-FLWQJXTBSA-N"",""VWUXBMIQPBEWFH-FRWMSDOWSA-N"",""VWUXBMIQPBEWFH-GRZKLTGDSA-N"",""VWUXBMIQPBEWFH-GXFFIWMDSA-N"",""VWUXBMIQPBEWFH-HQHUWULKSA-N"",""VWUXBMIQPBEWFH-IOMDSJNNSA-N"",""VWUXBMIQPBEWFH-LQKBAPIOSA-N"",""VWUXBMIQPBEWFH-LSUHXSPSSA-N"",""VWUXBMIQPBEWFH-LSZCXQCVSA-N"",""VWUXBMIQPBEWFH-MASKCSDFSA-N"",""VWUXBMIQPBEWFH-MRCAIPHOSA-N"",""VWUXBMIQPBEWFH-MSCODYEVSA-N"",""VWUXBMIQPBEWFH-PCUDGTQYSA-N"",""VWUXBMIQPBEWFH-PICSUFSOSA-N"",""VWUXBMIQPBEWFH-PTWPTPGTSA-N"",""VWUXBMIQPBEWFH-RPACKBRPSA-N"",""VWUXBMIQPBEWFH-RUKIZDABSA-N"",""VWUXBMIQPBEWFH-RZHIVRCVSA-N"",""VWUXBMIQPBEWFH-SBFFSMBZSA-N"",""VWUXBMIQPBEWFH-SJGSXPEESA-N"",""VWUXBMIQPBEWFH-SNKNRTBOSA-N"",""VWUXBMIQPBEWFH-SNMGGSQJSA-N"",""VWUXBMIQPBEWFH-TWYBPQLOSA-N"",""VWUXBMIQPBEWFH-UCUGXCRMSA-N"",""VWUXBMIQPBEWFH-UHFFFAOYSA-N"",""VWUXBMIQPBEWFH-VZXODHPZSA-N"",""VWUXBMIQPBEWFH-WCCTWKNTSA-N"",""VWUXBMIQPBEWFH-WIUAIARKSA-N"",""VWUXBMIQPBEWFH-WRIWACCWSA-N"",""VWUXBMIQPBEWFH-XSIKMTOSSA-N"",""VWUXBMIQPBEWFH-YEOQRDMGSA-N"",""WOFQVPZPUWMJLX-IMXUXLGRSA-N"",""ZXOCDHWXJKNCAK-SAKMMCFTSA-N""]"
379,felbamate,CIDm00003331,true,20,20,"[""AOAICLCACJONPY-UHFFFAOYSA-N"",""GLRJEOYKCRPLBM-UHFFFAOYSA-N"",""SURCBXDHJRINFW-UHFFFAOYSA-N"",""WKGXYQFOCVYPAC-GSNIFBTRSA-N"",""WKGXYQFOCVYPAC-IFNTXCQRSA-N"",""WKGXYQFOCVYPAC-JKFPOHKSSA-N"",""WKGXYQFOCVYPAC-KXGHAPEVSA-N"",""WKGXYQFOCVYPAC-KYCNZEPUSA-N"",""WKGXYQFOCVYPAC-NHPOFCFZSA-N"",""WKGXYQFOCVYPAC-NKACMNESSA-N"",""WKGXYQFOCVYPAC-NSSVELOYSA-N"",""WKGXYQFOCVYPAC-NVLGFDPUSA-N"",""WKGXYQFOCVYPAC-PBNXXWCMSA-N"",""WKGXYQFOCVYPAC-PTSIOIPUSA-N"",""WKGXYQFOCVYPAC-PZWGRNQPSA-N"",""WKGXYQFOCVYPAC-QOWOAITPSA-N"",""WKGXYQFOCVYPAC-RALIUCGRSA-N"",""WKGXYQFOCVYPAC-RLVCXRLXSA-N"",""WKGXYQFOCVYPAC-UHFFFAOYSA-N"",""WKGXYQFOCVYPAC-YYMMFHMZSA-N""]"
380,fexofenadine,CIDm00003348,true,43,38,"[""DJBSBZLGXAYDCS-UHFFFAOYSA-N"",""GHJQUXOLCPMXBT-UHFFFAOYSA-N"",""GHJQUXOLCPMXBT-UJXPALLWSA-N"",""GRDFLTYNBQVMCY-JMAPEOGHSA-N"",""GRDFLTYNBQVMCY-UHFFFAOYSA-N"",""JRWBRAIKWQJWEK-UHFFFAOYSA-N"",""KPBXWJVMQLXJDG-UHFFFAOYSA-N"",""PBHJQUWFAKHMIX-UHFFFAOYSA-N"",""PBHJQUWFAKHMIX-UJXPALLWSA-N"",""PFMTWMKENACBSV-UHFFFAOYSA-N"",""PTLMCGCUFMCXID-JMAPEOGHSA-N"",""PTLMCGCUFMCXID-UHFFFAOYSA-M"",""PTLMCGCUFMCXID-UHFFFAOYSA-N"",""PWHAUOFYBIPTBM-UHFFFAOYSA-N"",""RRJFVPUCXDGFJB-JMAPEOGHSA-N"",""RRJFVPUCXDGFJB-MQHVTZQPSA-N"",""RRJFVPUCXDGFJB-UHFFFAOYSA-M"",""RRJFVPUCXDGFJB-UHFFFAOYSA-N"",""RRJFVPUCXDGFJB-XQLWIFNMSA-N"",""RRJFVPUCXDGFJB-XXIQNXCHSA-N"",""RVXXCDAYCWJPQO-JMAPEOGHSA-N"",""RVXXCDAYCWJPQO-UHFFFAOYSA-N"",""RWTNPBWLLIMQHL-DYCDLGHISA-N"",""RWTNPBWLLIMQHL-FYSNDIFZSA-N"",""RWTNPBWLLIMQHL-GDLZYMKVSA-N"",""RWTNPBWLLIMQHL-GYNDSLEUSA-N"",""RWTNPBWLLIMQHL-HYLWCGDDSA-N"",""RWTNPBWLLIMQHL-LJAQVGFWSA-N"",""RWTNPBWLLIMQHL-NQIGZCRSSA-N"",""RWTNPBWLLIMQHL-OCOLLXALSA-N"",""RWTNPBWLLIMQHL-UHFFFAOYSA-N"",""RWTNPBWLLIMQHL-VXMVZKCFSA-N"",""RWTNPBWLLIMQHL-WFGJKAKNSA-N"",""RWTNPBWLLIMQHL-ZKZWDRQZSA-N"",""WBKWZWXXIAKRAL-UHFFFAOYSA-M"",""WIEAKZDWJQYIEJ-UHFFFAOYSA-N"",""WIEAKZDWJQYIEJ-UJXPALLWSA-N"",""ZWZGUWLDIDWJSL-UHFFFAOYSA-N""]"
381,naratriptan,CIDm00004440,true,22,21,"[""AMKVXSZCKVJAGH-BMSJAHLVSA-N"",""AMKVXSZCKVJAGH-HVRMQOCCSA-N"",""AMKVXSZCKVJAGH-JVXUGDAPSA-N"",""AMKVXSZCKVJAGH-UHFFFAOYSA-N"",""AMKVXSZCKVJAGH-UHFFFAOYSA-O"",""AWEZYKMQFAUBTD-MUTAZJQDSA-N"",""AWEZYKMQFAUBTD-UHFFFAOYSA-M"",""AWEZYKMQFAUBTD-UHFFFAOYSA-N"",""DJXBLXTWKSBLCR-UHFFFAOYSA-N"",""HZRMCABHXRTZSL-UHFFFAOYSA-N"",""IBBBYNSNXFJDEP-UHFFFAOYSA-N"",""JAWSYMIIMKLTTA-UHFFFAOYSA-N"",""KDDQQUJUHRXWKL-UHFFFAOYSA-N"",""NBILYEGMPIRQQQ-UHFFFAOYSA-N"",""NBILYEGMPIRQQQ-WLHGVMLRSA-N"",""OXAGBRAFIYDRCQ-UHFFFAOYSA-N"",""UGBGRJQGUAIQMR-UHFFFAOYSA-N"",""UTZKACZBMGRIPX-UHFFFAOYSA-N"",""VHRUIEKKSGVTLP-UHFFFAOYSA-N"",""XSNYBLCTSPDQBB-UHFFFAOYSA-N"",""YBWOIZSUAZOUFZ-UHFFFAOYSA-N""]"
382,rizatriptan,CIDm00005078,true,20,20,"[""AXWOMCBVXDWMJE-UHFFFAOYSA-N"",""CIGUBUFWHHRUJE-UHFFFAOYSA-N"",""HHEWZYNIBPPDMK-UHFFFAOYSA-N"",""IXVIXRGCWPHLAP-UHFFFAOYSA-N"",""JWUBZDKFLBPYGW-UHFFFAOYSA-N"",""OMHQIDNTYGRTLV-UHFFFAOYSA-N"",""OXJXVJRWEXFGNG-UHFFFAOYSA-N"",""PDVFGUBPQKINCJ-UHFFFAOYSA-N"",""SMWLLNMVQNVPLD-UHFFFAOYSA-N"",""ULFRLSNUDGIQQP-JKSUIMTKSA-N"",""ULFRLSNUDGIQQP-NRPHFNHOSA-N"",""ULFRLSNUDGIQQP-UHFFFAOYSA-N"",""ULFRLSNUDGIQQP-UHFFFAOYSA-O"",""ULFRLSNUDGIQQP-WFGJKAKNSA-N"",""UVFBROCKJBAVHA-UHFFFAOYSA-N"",""VJSMPIQTIPEAQI-UHFFFAOYSA-N"",""XHIRYORLJHPCHV-BTJKTKAUSA-N"",""XHIRYORLJHPCHV-UHFFFAOYSA-N"",""XHIRYORLJHPCHV-WLHGVMLRSA-N"",""ZFOCEMXPIDAEFX-UHFFFAOYSA-N""]"
383,hydrocodone,CIDm05284569,false,0,0,[]
384,carboplatin,CIDm00038904,false,0,0,[]
385,pindolol,CIDm00004828,true,17,17,"[""CPAXVAVBNDQQAC-UHFFFAOYSA-N"",""JZQKKSLKJUAGIC-LLVKDONJSA-N"",""JZQKKSLKJUAGIC-LLVKDONJSA-O"",""JZQKKSLKJUAGIC-NSHDSACASA-N"",""JZQKKSLKJUAGIC-NSHDSACASA-O"",""JZQKKSLKJUAGIC-SVMCCORHSA-N"",""JZQKKSLKJUAGIC-UHFFFAOYSA-N"",""JZQKKSLKJUAGIC-UHFFFAOYSA-O"",""LIOLRXHARYOSSL-LREBCSMRSA-N"",""LIOLRXHARYOSSL-UHFFFAOYSA-N"",""MAUPDHMFNIUWSK-UHFFFAOYSA-N"",""RFUFGIXWOUFLMZ-BTJKTKAUSA-N"",""RFUFGIXWOUFLMZ-UHFFFAOYSA-N"",""RFUFGIXWOUFLMZ-WLHGVMLRSA-N"",""SWJRSSQUDTVJHN-UHFFFAOYSA-N"",""UNIURTFEPDYESN-FGYXOPSTSA-N"",""UNIURTFEPDYESN-UHFFFAOYSA-N""]"
386,zaleplon,CIDm00005719,true,12,12,"[""BSBHUOPUQMRXNM-UHFFFAOYSA-N"",""CVOOCEAOQQKVQZ-UHFFFAOYSA-N"",""HUNXMJYCHXQEGX-BNEYPBHNSA-N"",""HUNXMJYCHXQEGX-UHFFFAOYSA-N"",""HUNXMJYCHXQEGX-UHFFFAOYSA-O"",""HUNXMJYCHXQEGX-WKBWIIOFSA-N"",""HUNXMJYCHXQEGX-WNWXXORZSA-N"",""MYFIWMZBTMUQEN-UHFFFAOYSA-K"",""MYFIWMZBTMUQEN-UHFFFAOYSA-N"",""NEOQWZBXHPYLON-UHFFFAOYSA-N"",""ZPQXGGZARYCAAT-UHFFFAOYSA-L"",""ZPQXGGZARYCAAT-UHFFFAOYSA-N""]"
387,apraclonidine,CIDm00002216,true,7,5,"[""IEJXVRYNEISIKR-UHFFFAOYSA-N"",""IEJXVRYNEISIKR-UHFFFAOYSA-O"",""OTQYGBJVDRBCHC-UHFFFAOYSA-M"",""OTQYGBJVDRBCHC-UHFFFAOYSA-N"",""XLKICJXKWJUSPK-UHFFFAOYSA-N""]"
388,telmisartan,CIDm00065999,true,36,35,"[""ARIHNNGTNCTKRS-UHFFFAOYSA-N"",""BMEOCQJENDWSKW-BTJKTKAUSA-N"",""BMEOCQJENDWSKW-UHFFFAOYSA-N"",""BMEOCQJENDWSKW-WLHGVMLRSA-N"",""DZTZHQDJGVAQIM-UHFFFAOYSA-N"",""FKUOGEAISDHLJA-UHFFFAOYSA-N"",""FPSSCCQSDBGKBZ-UHFFFAOYSA-N"",""GKIDRGLVTZFVDW-UHFFFAOYSA-N"",""IOZYICSILIDWKR-UHFFFAOYSA-N"",""KQNOLAYQXGYUIM-UHFFFAOYSA-N"",""LEUHDUGVZPPNND-UHFFFAOYSA-N"",""OYCOBJDMYSNFKE-UHFFFAOYSA-N"",""PHYCVZGMUMMJPX-UHFFFAOYSA-N"",""PIQBQBSMLLKPHY-UHFFFAOYSA-N"",""PLTIRNVGDHHNNP-UHFFFAOYSA-N"",""POUYPNWLHLIPRO-UHFFFAOYSA-N"",""PPELEHNVKXUOGK-UHFFFAOYSA-N"",""QDRMOQHKZMFXFL-KSBRXOFISA-N"",""QDRMOQHKZMFXFL-UHFFFAOYSA-N"",""QDRMOQHKZMFXFL-WXXKFALUSA-N"",""QSNQXGOBSVNSQL-UHFFFAOYSA-N"",""RMMXLENWKUUMAY-HPRDVNIFSA-N"",""RMMXLENWKUUMAY-UHFFFAOYSA-M"",""RMMXLENWKUUMAY-UHFFFAOYSA-N"",""RMMXLENWKUUMAY-UHFFFAOYSA-O"",""RMMXLENWKUUMAY-ZENCXJLOSA-N"",""RSGAIWOEJXRYRV-UHFFFAOYSA-M"",""RSGAIWOEJXRYRV-UHFFFAOYSA-N"",""TTWVBVXEOQKSLK-UHFFFAOYSA-N"",""VEKFCAZMFQLHCK-UHFFFAOYSA-N"",""VPWRYGGODRELCE-UHFFFAOYSA-N"",""WRICRIJDFZLPRO-UHFFFAOYSA-N"",""XZBAUZUJDWDTMX-UHFFFAOYSA-M"",""YCUXVTOTFFFLBU-UHFFFAOYSA-N"",""ZKDZQPFMUAIZFH-UHFFFAOYSA-N""]"
389,desloratadine,CIDm00124087,true,31,31,"[""BFUKZAZVGNXTDM-UHFFFAOYSA-N"",""DPRMFKARVKUKLU-UHFFFAOYSA-N"",""JAUOIFJMECXRGI-DCCOGPGTSA-N"",""JAUOIFJMECXRGI-DYCDLGHISA-N"",""JAUOIFJMECXRGI-LZJXDGNASA-N"",""JAUOIFJMECXRGI-MKQHWYKPSA-N"",""JAUOIFJMECXRGI-MLMJRYRRSA-N"",""JAUOIFJMECXRGI-UHFFFAOYSA-N"",""JAUOIFJMECXRGI-UHFFFAOYSA-O"",""JAUOIFJMECXRGI-ULZYZXHFSA-N"",""JAUOIFJMECXRGI-ZMXCGMLLSA-N"",""LEMRYUMEZPXVFC-UHFFFAOYSA-N"",""ORCDEPCAIXMBSN-UHFFFAOYSA-N"",""OVENIGBOFYTTCJ-UHFFFAOYSA-N"",""PXFSAYPWJPUGHJ-UHFFFAOYSA-N"",""PXFSAYPWJPUGHJ-UHFFFAOYSA-O"",""RDLARMRWOHXAFV-UHFFFAOYSA-N"",""RQCWNYSJKMGLOH-GTGMMWBSSA-N"",""RQCWNYSJKMGLOH-UHFFFAOYSA-N"",""VLZJEZBVHDNPPJ-UHFFFAOYSA-J"",""VLZJEZBVHDNPPJ-UHFFFAOYSA-N"",""WAYMJPGUFPERHW-UHFFFAOYSA-N"",""XJJLVGAIFJSMSJ-UHFFFAOYSA-N"",""XJJLVGAIFJSMSJ-UHFFFAOYSA-O"",""XTBNAOIHJPHQAX-BTJKTKAUSA-N"",""XTBNAOIHJPHQAX-UHFFFAOYSA-N"",""XTBNAOIHJPHQAX-WLHGVMLRSA-N"",""YRYXWWRZWUDYTB-UHFFFAOYSA-M"",""YRYXWWRZWUDYTB-UHFFFAOYSA-N"",""ZIKKBQQQNDBJFN-UHFFFAOYSA-N"",""ZRCNWASOPGJJCV-UHFFFAOYSA-N""]"
390,alosetron,CIDm00002099,true,48,46,"[""FNYQZOVOVDSGJH-MUTAZJQDSA-N"",""FNYQZOVOVDSGJH-UHFFFAOYSA-M"",""FNYQZOVOVDSGJH-UHFFFAOYSA-N"",""FNYQZOVOVDSGJH-XPCSBAKCSA-N"",""HUVUZHZJTLINGI-UHFFFAOYSA-N"",""JGDOMOBNHPJYAP-UHFFFAOYSA-N"",""JSWZEAMFRNKZNL-BHVYONNQSA-N"",""JSWZEAMFRNKZNL-BHYQYCEASA-N"",""JSWZEAMFRNKZNL-BMSJAHLVSA-N"",""JSWZEAMFRNKZNL-DGKKMPCOSA-N"",""JSWZEAMFRNKZNL-FCKSZTKJSA-N"",""JSWZEAMFRNKZNL-HZFIQXJLSA-N"",""JSWZEAMFRNKZNL-IOCOLTHHSA-N"",""JSWZEAMFRNKZNL-JLHKQCBUSA-N"",""JSWZEAMFRNKZNL-JOKZMYRISA-N"",""JSWZEAMFRNKZNL-JTFOWPKVSA-N"",""JSWZEAMFRNKZNL-JVXUGDAPSA-N"",""JSWZEAMFRNKZNL-KNXIQCGSSA-N"",""JSWZEAMFRNKZNL-KQORAOOSSA-N"",""JSWZEAMFRNKZNL-LDAPPGPASA-N"",""JSWZEAMFRNKZNL-LKVZWMAPSA-N"",""JSWZEAMFRNKZNL-LNFUJOGGSA-N"",""JSWZEAMFRNKZNL-MVMNUHGLSA-N"",""JSWZEAMFRNKZNL-NKAHIHLVSA-N"",""JSWZEAMFRNKZNL-OPYFHRKTSA-N"",""JSWZEAMFRNKZNL-OSEHSPPNSA-N"",""JSWZEAMFRNKZNL-OXSMHHRZSA-N"",""JSWZEAMFRNKZNL-PPWLZGPLSA-N"",""JSWZEAMFRNKZNL-QXJOMNOISA-N"",""JSWZEAMFRNKZNL-QXMYPBJDSA-N"",""JSWZEAMFRNKZNL-RNURUPCJSA-N"",""JSWZEAMFRNKZNL-RUXQFLNYSA-N"",""JSWZEAMFRNKZNL-SVMCCORHSA-N"",""JSWZEAMFRNKZNL-TUAKPVOKSA-N"",""JSWZEAMFRNKZNL-UHFFFAOYSA-N"",""JSWZEAMFRNKZNL-UHFFFAOYSA-O"",""JSWZEAMFRNKZNL-UNFVHARGSA-N"",""JSWZEAMFRNKZNL-VBYRFTNNSA-N"",""JSWZEAMFRNKZNL-VNEKLVNZSA-N"",""JSWZEAMFRNKZNL-VPYMISNXSA-N"",""JSWZEAMFRNKZNL-VVMRUBJMSA-N"",""JSWZEAMFRNKZNL-WWJWPOQJSA-N"",""JSWZEAMFRNKZNL-ZZOXRPGXSA-N"",""XCPGTDZMQXRLAW-BTJKTKAUSA-N"",""XCPGTDZMQXRLAW-UHFFFAOYSA-N"",""XCPGTDZMQXRLAW-WLHGVMLRSA-N""]"
391,azelastine,CIDm00002267,true,57,56,"[""AZLFSCFHHDDAEN-UHFFFAOYSA-N"",""BDNDILSDOVJWOJ-FERBBOLQSA-N"",""BDNDILSDOVJWOJ-UHFFFAOYSA-M"",""BDNDILSDOVJWOJ-UHFFFAOYSA-N"",""CFYUMANPISPDMT-FERBBOLQSA-N"",""CFYUMANPISPDMT-UHFFFAOYSA-M"",""CFYUMANPISPDMT-UHFFFAOYSA-N"",""CUTXYMBZTUGFBF-BTJKTKAUSA-N"",""CUTXYMBZTUGFBF-GCQRLXCUSA-N"",""CUTXYMBZTUGFBF-UHFFFAOYSA-N"",""HPIQVJORPGCOOD-UHFFFAOYSA-N"",""LFWMTGPBRZFWMV-UHFFFAOYSA-N"",""MBUVEWMHONZEQD-ASQCADDJSA-N"",""MBUVEWMHONZEQD-AVURWTDLSA-N"",""MBUVEWMHONZEQD-BPYJOZITSA-N"",""MBUVEWMHONZEQD-DOBBINOXSA-N"",""MBUVEWMHONZEQD-DRXJIEJFSA-N"",""MBUVEWMHONZEQD-DZFNCZFCSA-N"",""MBUVEWMHONZEQD-FIBGUPNXSA-N"",""MBUVEWMHONZEQD-FIDURMNBSA-N"",""MBUVEWMHONZEQD-GEQFGCLYSA-N"",""MBUVEWMHONZEQD-GJZIZAJSSA-N"",""MBUVEWMHONZEQD-GOSISDBHSA-N"",""MBUVEWMHONZEQD-GOSISDBHSA-O"",""MBUVEWMHONZEQD-HSAGWOJFSA-N"",""MBUVEWMHONZEQD-HZPZNUKBSA-N"",""MBUVEWMHONZEQD-ISMPOTETSA-N"",""MBUVEWMHONZEQD-JXGUFZMOSA-N"",""MBUVEWMHONZEQD-KQORAOOSSA-N"",""MBUVEWMHONZEQD-NAVSGMNYSA-N"",""MBUVEWMHONZEQD-NDCJYBNESA-N"",""MBUVEWMHONZEQD-NQUZTBKJSA-N"",""MBUVEWMHONZEQD-OCFVFILASA-N"",""MBUVEWMHONZEQD-OOGGNXCMSA-N"",""MBUVEWMHONZEQD-QCAKACBQSA-N"",""MBUVEWMHONZEQD-RGJQPHFISA-N"",""MBUVEWMHONZEQD-RXPDYGRASA-N"",""MBUVEWMHONZEQD-SFHVURJKSA-N"",""MBUVEWMHONZEQD-SFHVURJKSA-O"",""MBUVEWMHONZEQD-UHFFFAOYSA-N"",""MBUVEWMHONZEQD-UHFFFAOYSA-O"",""MBUVEWMHONZEQD-USSMZTJJSA-N"",""MBUVEWMHONZEQD-UUNSRFJTSA-N"",""MBUVEWMHONZEQD-VNDYTQBDSA-N"",""MBUVEWMHONZEQD-WXNSXZFLSA-N"",""MBUVEWMHONZEQD-XFANXHGESA-N"",""MBUVEWMHONZEQD-XRPUQBKASA-N"",""MBUVEWMHONZEQD-XWDLUHPHSA-N"",""MBUVEWMHONZEQD-ZZKVXRALSA-N"",""UGSUMSMXCLXOGV-FERBBOLQSA-N"",""UGSUMSMXCLXOGV-UHFFFAOYSA-M"",""UGSUMSMXCLXOGV-UHFFFAOYSA-N"",""YEJAJYAHJQIWNU-FERBBOLQSA-N"",""YEJAJYAHJQIWNU-GMUIIQOCSA-N"",""YEJAJYAHJQIWNU-UHFFFAOYSA-M"",""YEJAJYAHJQIWNU-UHFFFAOYSA-N""]"
392,ezetimibe,CIDm00150311,true,34,34,"[""OLNTVTPDXPETLC-ARVCERDTSA-N"",""OLNTVTPDXPETLC-ATTQYFOMSA-N"",""OLNTVTPDXPETLC-AXWGZAFASA-N"",""OLNTVTPDXPETLC-BGQOQREISA-N"",""OLNTVTPDXPETLC-DDRJZQQSSA-N"",""OLNTVTPDXPETLC-DNVJHFABSA-N"",""OLNTVTPDXPETLC-DXQLXKCSSA-N"",""OLNTVTPDXPETLC-GMASCKFGSA-N"",""OLNTVTPDXPETLC-JVWVWLBASA-N"",""OLNTVTPDXPETLC-KOENEWCDSA-N"",""OLNTVTPDXPETLC-LIMDNCRJSA-N"",""OLNTVTPDXPETLC-LSTMKLIMSA-N"",""OLNTVTPDXPETLC-MSQWCUHLSA-N"",""OLNTVTPDXPETLC-NRWLBFFVSA-N"",""OLNTVTPDXPETLC-NSRYKBSNSA-N"",""OLNTVTPDXPETLC-OCESARCHSA-N"",""OLNTVTPDXPETLC-OCWLKXRJSA-N"",""OLNTVTPDXPETLC-OGKRFXRMSA-N"",""OLNTVTPDXPETLC-OJSMNCEXSA-N"",""OLNTVTPDXPETLC-OJVMETQDSA-N"",""OLNTVTPDXPETLC-OOMBGRCJSA-N"",""OLNTVTPDXPETLC-OPLDQMCLSA-N"",""OLNTVTPDXPETLC-RJGXRXQPSA-N"",""OLNTVTPDXPETLC-SWMJINCLSA-N"",""OLNTVTPDXPETLC-UHFFFAOYSA-N"",""OLNTVTPDXPETLC-UHFFFAOYSA-O"",""OLNTVTPDXPETLC-VABKMULXSA-N"",""OLNTVTPDXPETLC-VJBWXMMDSA-N"",""OLNTVTPDXPETLC-XMCWYHTOSA-N"",""OLNTVTPDXPETLC-XPWALMASSA-N"",""OLNTVTPDXPETLC-YTFSRNRJSA-N"",""OLNTVTPDXPETLC-ZCFLNKIBSA-N"",""OLNTVTPDXPETLC-ZLNRFVROSA-N"",""OLNTVTPDXPETLC-ZRBLBEILSA-N""]"
393,dipyridamole,CIDm00003108,true,8,8,"[""AMGGWXVOYIMZIK-UHFFFAOYSA-N"",""AMZYKVBMOGPVGN-UHFFFAOYSA-N"",""GHCZAIPTEWGKLE-UHFFFAOYSA-N"",""IZEKFCXSFNUWAM-KHKAULECSA-N"",""IZEKFCXSFNUWAM-UHFFFAOYSA-N"",""MGKJROHGTGFQNB-UHFFFAOYSA-N"",""YFHSNCOUDBQMCI-UHFFFAOYSA-N"",""ZUNSJZNFERLNQJ-UHFFFAOYSA-N""]"
394,telithromycin,CIDm03002190,false,0,0,[]
395,lomefloxacin,CIDm00003948,true,24,20,"[""KXEBLAPZMOQCKO-FVGYRXGTSA-N"",""KXEBLAPZMOQCKO-SBSPUUFOSA-N"",""KXEBLAPZMOQCKO-UHFFFAOYSA-M"",""KXEBLAPZMOQCKO-UHFFFAOYSA-N"",""MEXXCVIOCNBYDB-UHFFFAOYSA-N"",""MWWNKSCXIUNEFE-BTJKTKAUSA-N"",""MWWNKSCXIUNEFE-UHFFFAOYSA-N"",""NHHFWNWWRUJRPX-UHFFFAOYSA-N"",""PQAYUIDIWWNEFR-IGXPJQGBSA-N"",""PQAYUIDIWWNEFR-UHFFFAOYSA-N"",""QHLKJRAHRXUJLD-FVGYRXGTSA-N"",""QHLKJRAHRXUJLD-SBSPUUFOSA-N"",""QHLKJRAHRXUJLD-UHFFFAOYSA-N"",""RDAIKTYFWVFRSL-UHFFFAOYSA-N"",""ZEKZLJVOYLTDKK-SECBINFHSA-N"",""ZEKZLJVOYLTDKK-SQZVAGKESA-N"",""ZEKZLJVOYLTDKK-UHFFFAOYSA-N"",""ZEKZLJVOYLTDKK-UHFFFAOYSA-O"",""ZEKZLJVOYLTDKK-VIFPVBQESA-N"",""ZGCIOJKNBGKSKF-UHFFFAOYSA-N""]"
396,ramelteon,CIDm00208902,true,16,16,"[""KMYUOPNAEREBQF-LBPRGKRZSA-O"",""KMYUOPNAEREBQF-UHFFFAOYSA-O"",""YLXDSYKOBKBWJQ-FIBGUPNXSA-N"",""YLXDSYKOBKBWJQ-GFCCVEGCSA-N"",""YLXDSYKOBKBWJQ-HECWUFQPSA-N"",""YLXDSYKOBKBWJQ-HRYSAVQESA-N"",""YLXDSYKOBKBWJQ-IRICLETKSA-N"",""YLXDSYKOBKBWJQ-LBPRGKRZSA-N"",""YLXDSYKOBKBWJQ-MJQPSBHHSA-N"",""YLXDSYKOBKBWJQ-NQLOKDKBSA-N"",""YLXDSYKOBKBWJQ-OSMZDHPOSA-N"",""YLXDSYKOBKBWJQ-QDHXSUQPSA-N"",""YLXDSYKOBKBWJQ-TZPVYVLSSA-N"",""YLXDSYKOBKBWJQ-UHFFFAOYSA-N"",""YLXDSYKOBKBWJQ-ZDENUIFTSA-N"",""YLXDSYKOBKBWJQ-ZYZCRDMLSA-N""]"
397,isotretinoin,CIDm05282379,false,0,0,[]
398,formoterol,CIDm03083544,false,0,0,[]
399,glycopyrronium.bromide,CIDm00003494,true,64,63,"[""ANGKOCUUWGHLCE-DUSLRRAJSA-N"",""ANGKOCUUWGHLCE-FIBGUPNXSA-N"",""ANGKOCUUWGHLCE-HKUYNNGSSA-N"",""ANGKOCUUWGHLCE-IEBWSBKVSA-N"",""ANGKOCUUWGHLCE-KKFHFHRHSA-N"",""ANGKOCUUWGHLCE-KQORAOOSSA-N"",""ANGKOCUUWGHLCE-MJGOQNOKSA-N"",""ANGKOCUUWGHLCE-NNBQYGFHSA-N"",""ANGKOCUUWGHLCE-PKOBYXMFSA-N"",""ANGKOCUUWGHLCE-UHFFFAOYSA-N"",""ANGKOCUUWGHLCE-WHCXFUJUSA-N"",""CZVLMLFPFKYLKH-UHFFFAOYSA-N"",""DGASUWHSXCQISC-UHFFFAOYSA-K"",""GGCUVZASDRLXRP-UHFFFAOYSA-L"",""GUCOOGBKOHYRFC-UHFFFAOYSA-M"",""JPGHAYNVZNRFMD-UHFFFAOYSA-M"",""JYZACBSSQUKDKT-FFUVTKDNSA-M"",""JYZACBSSQUKDKT-UHFFFAOYSA-M"",""KCAWELNSXVTDFG-UHFFFAOYSA-L"",""MDXIQDYNAVSOAZ-JUOYHRLASA-M"",""MDXIQDYNAVSOAZ-NIIDSAIPSA-M"",""MDXIQDYNAVSOAZ-POCMBTLOSA-M"",""MDXIQDYNAVSOAZ-QQTWVUFVSA-M"",""MDXIQDYNAVSOAZ-SPZGMPHYSA-M"",""MDXIQDYNAVSOAZ-UHFFFAOYSA-M"",""MDXIQDYNAVSOAZ-XRZIKPEHSA-M"",""MDXIQDYNAVSOAZ-ZFNKBKEPSA-M"",""NNWFFPUOIHBJOR-UHFFFAOYSA-N"",""NPPMEIBXJHXUFC-UHFFFAOYSA-L"",""NPPMEIBXJHXUFC-UHFFFAOYSA-M"",""OFNFMAIFGLDTDC-JUOYHRLASA-M"",""OFNFMAIFGLDTDC-POCMBTLOSA-M"",""OFNFMAIFGLDTDC-QQTWVUFVSA-M"",""OFNFMAIFGLDTDC-UHFFFAOYSA-M"",""OFNFMAIFGLDTDC-ZFNKBKEPSA-M"",""OGEPMLZJYBUKKZ-UHFFFAOYSA-M"",""PRVVRDNEKFRFQN-UHFFFAOYSA-M"",""QPBIJHNJRRCWIF-UHFFFAOYSA-N"",""RBEOMCDNNYMQRK-UHFFFAOYSA-M"",""SEPMHDDQLOLENQ-MJGOQNOKSA-N"",""SEPMHDDQLOLENQ-UHFFFAOYSA-N"",""UOWOLENSDISMPG-UHFFFAOYSA-M"",""VPNYRYCIDCJBOM-JUOYHRLASA-M"",""VPNYRYCIDCJBOM-OWXCZVATSA-M"",""VPNYRYCIDCJBOM-POCMBTLOSA-M"",""VPNYRYCIDCJBOM-PZBUXUTESA-M"",""VPNYRYCIDCJBOM-QQTWVUFVSA-M"",""VPNYRYCIDCJBOM-SPZGMPHYSA-M"",""VPNYRYCIDCJBOM-UHFFFAOYSA-M"",""VPNYRYCIDCJBOM-XRZIKPEHSA-M"",""VPNYRYCIDCJBOM-YHBSKVLESA-M"",""VPNYRYCIDCJBOM-ZFNKBKEPSA-M"",""VZEHOJHHZORIGG-LREBCSMRSA-N"",""WJWABPFMQIVOLR-UHFFFAOYSA-L"",""WJWABPFMQIVOLR-UHFFFAOYSA-M"",""YKTVLJIMDSEQND-BTJKTKAUSA-N"",""YKTVLJIMDSEQND-UHFFFAOYSA-N"",""YMNYFUMLFAMYRV-UHFFFAOYSA-L"",""YMNYFUMLFAMYRV-UHFFFAOYSA-N"",""YQHAGMIXHZGEMR-UHFFFAOYSA-M"",""YTZHIECZNNZBRK-POCMBTLOSA-M"",""YTZHIECZNNZBRK-PZBUXUTESA-M"",""YTZHIECZNNZBRK-UHFFFAOYSA-M""]"
400,cytarabine,CIDm00006252,false,0,0,[]
401,rivastigmine,CIDm00077990,false,0,0,[]
402,exemestane,CIDm00060198,true,19,19,"[""BFYIZQONLCFLEV-AFJOWOCMSA-N"",""BFYIZQONLCFLEV-BAOFMNFCSA-N"",""BFYIZQONLCFLEV-CXRKRAAHSA-N"",""BFYIZQONLCFLEV-DAELLWKTSA-N"",""BFYIZQONLCFLEV-GNZJVSFUSA-N"",""BFYIZQONLCFLEV-GPEJODLCSA-N"",""BFYIZQONLCFLEV-GTXWJXBTSA-N"",""BFYIZQONLCFLEV-HALWLDMTSA-N"",""BFYIZQONLCFLEV-JCFBCRGFSA-N"",""BFYIZQONLCFLEV-OAXLLPIKSA-N"",""BFYIZQONLCFLEV-OPOMMLRYSA-N"",""BFYIZQONLCFLEV-RQQUZUBOSA-N"",""BFYIZQONLCFLEV-UHFFFAOYSA-N"",""BFYIZQONLCFLEV-VQIOPMHJSA-N"",""BFYIZQONLCFLEV-WLWKYRJESA-N"",""BFYIZQONLCFLEV-YMBUTIGBSA-N"",""BFYIZQONLCFLEV-YOWJUQOHSA-N"",""DCWPNYBCTUVAMJ-ACWGFAHXSA-N"",""DCWPNYBCTUVAMJ-UHFFFAOYSA-N""]"
403,methyl.aminolevulinate,CIDm00157921,true,9,7,"[""MZWYPEXTXIBFKJ-UHFFFAOYSA-N"",""QPSYYEHXTQSWHS-UHFFFAOYSA-N"",""UJYSYPVQHFNBML-UHFFFAOYSA-M"",""UJYSYPVQHFNBML-UHFFFAOYSA-N"",""WXIFXVYMQHGLFL-UHFFFAOYSA-N"",""YUUAYBAIHCDHHD-UHFFFAOYSA-N"",""YUUAYBAIHCDHHD-UHFFFAOYSA-O""]"
404,azathioprine,CIDm00002265,true,12,11,"[""JOSOWZWCRABRLX-UHFFFAOYSA-N"",""LMEKQMALGUDUQG-HXRDNURUSA-N"",""LMEKQMALGUDUQG-UHFFFAOYSA-N"",""LMEKQMALGUDUQG-WKARYBCTSA-N"",""NDYQMPCLYRBSPM-UHFFFAOYSA-N"",""OEMACMAHBHOELV-UHFFFAOYSA-N"",""PRVJGNQDZWJMKQ-UHFFFAOYSA-N"",""UKBUBQUBPNTMNS-UHFFFAOYSA-M"",""WISNYKIQFMKSDQ-UHFFFAOYSA-N"",""WPAHYZYZUZTKDN-UHFFFAOYSA-N"",""XLEPOBBMCXHJJH-UHFFFAOYSA-N""]"
405,auranofin,CIDm06918453,false,0,0,[]
406,gabapentin,CIDm00003446,true,55,52,"[""BAAGKLBINGBJGP-UHFFFAOYSA-N"",""BMJSAQSWZAMWLV-UHFFFAOYSA-N"",""CWHFLOMSCIMIIG-UHFFFAOYSA-M"",""CYYRQUNYVOOTCX-UHFFFAOYSA-N"",""DAZKOJJGRNEGBN-UHFFFAOYSA-N"",""DJOITRXLMIEMFM-UHFFFAOYSA-N"",""FBIWZXIFDXVIFY-UHFFFAOYSA-N"",""GMKMOXVQJIKGNL-UHFFFAOYSA-N"",""IDLQFWCNAZMDDP-UHFFFAOYSA-N"",""IIAQWSLBTOBEGV-UHFFFAOYSA-N"",""JOKUMTNFFSLHAH-BTJKTKAUSA-N"",""JOKUMTNFFSLHAH-UHFFFAOYSA-N"",""KBSMBHIUPKJFGX-UHFFFAOYSA-M"",""KBSMBHIUPKJFGX-UHFFFAOYSA-N"",""KQDNINMTRPJIAB-UHFFFAOYSA-M"",""KZFRZPFXKAFZFK-UHFFFAOYSA-N"",""MIUOWYJVEUNFIL-UHFFFAOYSA-N"",""NNXQHRUHYUROOW-UHFFFAOYSA-N"",""QIMWZKHMAUFNJX-UHFFFAOYSA-N"",""QRRPNEKHWLHEHN-UHFFFAOYSA-N"",""RJVJZMNBTSCTBT-UHFFFAOYSA-N"",""UBZALEDQHXCRQR-UHFFFAOYSA-N"",""UGJMXCAKCUNAIE-AEYRFCDGSA-N"",""UGJMXCAKCUNAIE-APZFVMQVSA-N"",""UGJMXCAKCUNAIE-CNNQADKRSA-N"",""UGJMXCAKCUNAIE-CQOLUAMGSA-N"",""UGJMXCAKCUNAIE-CTVJKLEYSA-N"",""UGJMXCAKCUNAIE-DERDSZEHSA-N"",""UGJMXCAKCUNAIE-DYCDLGHISA-N"",""UGJMXCAKCUNAIE-KXGHAPEVSA-N"",""UGJMXCAKCUNAIE-LNLMKGTHSA-N"",""UGJMXCAKCUNAIE-NCYHJHSESA-N"",""UGJMXCAKCUNAIE-NMFSSPJFSA-N"",""UGJMXCAKCUNAIE-ODSOAMBASA-N"",""UGJMXCAKCUNAIE-RJSZUWSASA-N"",""UGJMXCAKCUNAIE-SVYQBANQSA-N"",""UGJMXCAKCUNAIE-UHFFFAOYSA-M"",""UGJMXCAKCUNAIE-UHFFFAOYSA-N"",""UGJMXCAKCUNAIE-UHFFFAOYSA-O"",""UGJMXCAKCUNAIE-VLUKYWILSA-N"",""UGJMXCAKCUNAIE-XKICPJMYSA-N"",""UGJMXCAKCUNAIE-YVYISAQQSA-N"",""UGJMXCAKCUNAIE-YXALHFAPSA-N"",""UGJMXCAKCUNAIE-ZRLBSURWSA-N"",""VVBMZWYIZDIFIB-UHFFFAOYSA-N"",""WKVGHMQFNQEHCM-UHFFFAOYSA-N"",""WMVOPPOGWFBAAV-UHFFFAOYSA-N"",""WRSFRDZQQUAKNA-UHFFFAOYSA-N"",""XBUDZAQEMFGLEU-LRDWTYOMSA-N"",""XBUDZAQEMFGLEU-UHFFFAOYSA-M"",""XBUDZAQEMFGLEU-UHFFFAOYSA-N"",""ZJMXXQNIKVCICP-UHFFFAOYSA-N""]"
407,doxorubicin,CIDm00031703,false,0,0,[]
408,frovatriptan,CIDm00077992,true,23,23,"[""CUETXFMONOSVJA-GXXYEPOPSA-N"",""CUETXFMONOSVJA-KLQYNRQASA-N"",""CUETXFMONOSVJA-UHFFFAOYSA-N"",""DFALZZFYFWZRFP-SBSPUUFOSA-N"",""DFALZZFYFWZRFP-UHFFFAOYSA-N"",""PSECGNDWLXOMCO-SBSPUUFOSA-M"",""PSECGNDWLXOMCO-UHFFFAOYSA-M"",""VKRSPHIADCVVFN-KLQYNRQASA-N"",""VKRSPHIADCVVFN-UHFFFAOYSA-N"",""WHTHWNUUXINXHN-SBSPUUFOSA-N"",""WHTHWNUUXINXHN-UHFFFAOYSA-N"",""XPSQPHWEGNHMSK-FIBGUPNXSA-N"",""XPSQPHWEGNHMSK-IERXMMRUSA-N"",""XPSQPHWEGNHMSK-IJFXCTLPSA-N"",""XPSQPHWEGNHMSK-SECBINFHSA-N"",""XPSQPHWEGNHMSK-SECBINFHSA-O"",""XPSQPHWEGNHMSK-UHFFFAOYSA-N"",""XPSQPHWEGNHMSK-UHFFFAOYSA-O"",""XPSQPHWEGNHMSK-ULQGKIFNSA-N"",""XPSQPHWEGNHMSK-VIFPVBQESA-N"",""XPSQPHWEGNHMSK-VIFPVBQESA-O"",""XPSQPHWEGNHMSK-YFJHRQPFSA-N"",""XPSQPHWEGNHMSK-ZPKPUUIBSA-N""]"
409,hydrochlorothiazide,CIDm00003639,true,19,17,"[""HNLAFWZKHCUIMC-UHFFFAOYSA-N"",""IPBIKVULUGTBQJ-UHFFFAOYSA-N"",""JRTMMSSVXPGESJ-BTJKTKAUSA-N"",""JRTMMSSVXPGESJ-UHFFFAOYSA-N"",""JZUFKLXOESDKRF-QFNKQLDQSA-N"",""JZUFKLXOESDKRF-RQWOTPKHSA-N"",""JZUFKLXOESDKRF-SMZGMGDZSA-N"",""JZUFKLXOESDKRF-UHFFFAOYSA-N"",""JZUFKLXOESDKRF-YZRHJBSPSA-N"",""JZUFKLXOESDKRF-ZRDHQLPYSA-N"",""KARBJCKENCNWFV-UHFFFAOYSA-N"",""NMMUCTILNXHQLL-UHFFFAOYSA-N"",""VGLOMDJADQKYHE-UHFFFAOYSA-N"",""VOCQKEVRIFYROR-UHFFFAOYSA-N"",""XMIKRDLAAPRHSP-UHFFFAOYSA-M"",""XMIKRDLAAPRHSP-WEPBUOBISA-M"",""XMIKRDLAAPRHSP-YSSPXLNRSA-M""]"
410,salbutamol,CIDm00002083,true,76,71,"[""BNPSSFBOAGDEEL-IUWNWRFPSA-N"",""BNPSSFBOAGDEEL-NMFAMCKASA-N"",""BNPSSFBOAGDEEL-UHFFFAOYSA-L"",""BNPSSFBOAGDEEL-UHFFFAOYSA-N"",""BRZRWOWJAKYYAP-UHFFFAOYSA-N"",""BTKJFMUBDSLXHH-UHFFFAOYSA-N"",""BTKJFMUBDSLXHH-YDALLXLXSA-N"",""CARIVMLRHKEADX-UHFFFAOYSA-N"",""CNQBOXLTYMNVBC-UHFFFAOYSA-N"",""CVGHFZBNKIRLGR-UHFFFAOYSA-N"",""DCZAOSRWFLZZGQ-UHFFFAOYSA-N"",""DOWOTCBDWIOYAV-UHFFFAOYSA-N"",""DXJGXHIQHTZXCC-UHFFFAOYSA-N"",""FKSXJAXQSXLYKL-UHFFFAOYSA-N"",""FNSZTAIRFCUOBB-UHFFFAOYSA-N"",""FNSZTAIRFCUOBB-YDALLXLXSA-N"",""FVDRWFBZHDINJS-UHFFFAOYSA-N"",""FVDRWFBZHDINJS-YDALLXLXSA-N"",""GBLOQAZQLQOXIB-UHFFFAOYSA-N"",""HJEIVWCOPFXQIA-UHFFFAOYSA-N"",""HJEIVWCOPFXQIA-YDALLXLXSA-N"",""LOWSISMKZOKMOH-IZIBOJBPSA-N"",""LOWSISMKZOKMOH-UHFFFAOYSA-N"",""LOWSISMKZOKMOH-YDALLXLXSA-N"",""NDAUXUAQIAJITI-FIBGUPNXSA-N"",""NDAUXUAQIAJITI-GFCCVEGCSA-N"",""NDAUXUAQIAJITI-GFCCVEGCSA-O"",""NDAUXUAQIAJITI-GQALSZNTSA-N"",""NDAUXUAQIAJITI-JYZCFEPHSA-N"",""NDAUXUAQIAJITI-KECBQHMZSA-N"",""NDAUXUAQIAJITI-LBPRGKRZSA-N"",""NDAUXUAQIAJITI-LBPRGKRZSA-O"",""NDAUXUAQIAJITI-LVVVSULSSA-N"",""NDAUXUAQIAJITI-LZEUPGNWSA-N"",""NDAUXUAQIAJITI-NWXBYNDTSA-N"",""NDAUXUAQIAJITI-PNEMOIDCSA-N"",""NDAUXUAQIAJITI-SPTSOKAQSA-N"",""NDAUXUAQIAJITI-UHFFFAOYSA-N"",""NDAUXUAQIAJITI-UHFFFAOYSA-O"",""NDAUXUAQIAJITI-WFGJKAKNSA-N"",""OFXBZTQAUBHQKR-UHFFFAOYSA-L"",""OVICLFZZVQVVFT-UHFFFAOYSA-L"",""OVICLFZZVQVVFT-UHFFFAOYSA-N"",""OVICLFZZVQVVFT-UTONKHPSSA-N"",""OVICLFZZVQVVFT-YDALLXLXSA-N"",""OWNWYCOLFIFTLK-KYRNGWDOSA-N"",""OWNWYCOLFIFTLK-UHFFFAOYSA-M"",""OWNWYCOLFIFTLK-UHFFFAOYSA-N"",""OWNWYCOLFIFTLK-UTONKHPSSA-N"",""OWNWYCOLFIFTLK-YDALLXLXSA-M"",""OWNWYCOLFIFTLK-YDALLXLXSA-N"",""PDRAMTRAZWILEZ-UHFFFAOYSA-N"",""SQOXPNYIJRDVRE-RBTVCSKBSA-N"",""SQOXPNYIJRDVRE-RVHANOPWSA-N"",""SQOXPNYIJRDVRE-UHFFFAOYSA-N"",""SQOXPNYIJRDVRE-YDALLXLXSA-N"",""VNVNZKCCDVFGAP-FPDJQMMJSA-N"",""VNVNZKCCDVFGAP-UHFFFAOYSA-N"",""WOJKPLCJBWWWRJ-UHFFFAOYSA-K"",""WPRUKEXDJIYPJO-UHFFFAOYSA-N"",""WPRUKEXDJIYPJO-YDALLXLXSA-N"",""XGXQRSVNCKDUGT-BTJKTKAUSA-N"",""XGXQRSVNCKDUGT-GYDOPSIJSA-N"",""XGXQRSVNCKDUGT-OURKGEEVSA-N"",""XGXQRSVNCKDUGT-UHFFFAOYSA-N"",""XGXQRSVNCKDUGT-WLHGVMLRSA-N"",""XXSZDFDMFIZNIG-UHFFFAOYSA-N"",""XXSZDFDMFIZNIG-YDALLXLXSA-N"",""YQMBRYDZCAGPGV-UHFFFAOYSA-N"",""YTKDKJZDPVIUFX-UHFFFAOYSA-N"",""ZWOLSQZYXOANDD-UHFFFAOYSA-L""]"
411,levobupivacaine,CIDm00092253,false,0,0,[]
412,cromoglicic.acid,CIDm00002881,true,20,18,"[""AIXRIMKZFKFIAF-UHFFFAOYSA-N"",""FOXZSJZEADRHAD-UHFFFAOYSA-L"",""FOXZSJZEADRHAD-UHFFFAOYSA-M"",""FOXZSJZEADRHAD-UHFFFAOYSA-N"",""IMZMKUWMOSJXDT-BFJPMJLRSA-N"",""IMZMKUWMOSJXDT-UHFFFAOYSA-L"",""IMZMKUWMOSJXDT-UHFFFAOYSA-M"",""IMZMKUWMOSJXDT-UHFFFAOYSA-N"",""IMZMKUWMOSJXDT-VFNCYXODSA-N"",""KFBZNJGMTKLALP-UHFFFAOYSA-L"",""LIZBBKUQXFWZCB-UHFFFAOYSA-L"",""NUSSNNMNFKXKGG-UHFFFAOYSA-N"",""PGJQILCRMPOZKE-UHFFFAOYSA-N"",""VLARUOGDXDTHEH-DDWFMYTPSA-L"",""VLARUOGDXDTHEH-UHFFFAOYSA-L"",""VLARUOGDXDTHEH-UHFFFAOYSA-N"",""VLARUOGDXDTHEH-XUSMNZPGSA-L"",""YPWANUSHLBZABS-UHFFFAOYSA-N""]"
413,ganciclovir,CIDm00003454,true,21,20,"[""BKQBAAACWOEMBO-UHFFFAOYSA-N"",""CYNKKJBOBVXOGX-UHFFFAOYSA-N"",""GXVHGSMTXJPFMJ-UHFFFAOYSA-N"",""IRSCQMHQWWYFCW-DZDGENCLSA-N"",""IRSCQMHQWWYFCW-QJWYSIDNSA-N"",""IRSCQMHQWWYFCW-UHFFFAOYSA-N"",""JJICLMJFIKGAAU-UHFFFAOYSA-M"",""JJICLMJFIKGAAU-UHFFFAOYSA-N"",""KLXHZXWXXKSKRU-UHFFFAOYSA-N"",""LJHZNPKBYBGHLM-UHFFFAOYSA-M"",""LRLXBTDAQMQIGA-UHFFFAOYSA-N"",""MGCWNIWLJMBFQO-UHFFFAOYSA-N"",""OAXLICMGJPKHCF-UHFFFAOYSA-N"",""OKMXGBFUAMQQFQ-UHFFFAOYSA-N"",""QSUHVGWPSZRKMO-UHFFFAOYSA-N"",""RKCSALMFSBXVNG-UHFFFAOYSA-N"",""RTUHAMIKNNTZFQ-UHFFFAOYSA-N"",""UGYXYFGUUZQGKV-UHFFFAOYSA-N"",""USTSGDRBCKUPQX-UHFFFAOYSA-N"",""XGJVCQCMDRIBNA-UHFFFAOYSA-M""]"
414,hydroxycarbamide,CIDm00003657,true,7,7,"[""AHPSNLFZSDOAEO-UHFFFAOYSA-N"",""VSNHCAURESNICA-BJUDXGSMSA-N"",""VSNHCAURESNICA-LBPDFUHNSA-N"",""VSNHCAURESNICA-NJFSPNSNSA-N"",""VSNHCAURESNICA-UHFFFAOYSA-N"",""VSNHCAURESNICA-VMIGTVKRSA-N"",""ZVYWDPWHRJEBKL-UHFFFAOYSA-N""]"
415,letrozole,CIDm00003902,true,8,8,"[""HPJKCIUCZWXJDR-KVVZDFESSA-N"",""HPJKCIUCZWXJDR-NMRLXUNGSA-N"",""HPJKCIUCZWXJDR-OKWSDYJOSA-N"",""HPJKCIUCZWXJDR-UHFFFAOYSA-N"",""HPJKCIUCZWXJDR-USUSYXOVSA-N"",""RKQZQSWKHUIADJ-UHFFFAOYSA-N"",""VXWRMZKQHVCOGT-UHFFFAOYSA-N"",""WMJOYPFFBTUVDS-UHFFFAOYSA-N""]"
416,busulfan,CIDm00002478,true,5,5,"[""CAYYYLHGZMLNAZ-UHFFFAOYSA-N"",""COVZYZSDYWQREU-SFIIULIVSA-N"",""COVZYZSDYWQREU-SQUIKQQTSA-N"",""COVZYZSDYWQREU-UHFFFAOYSA-N"",""PEGLYBRTLISPIC-UHFFFAOYSA-N""]"
417,metyrapone,CIDm00004174,true,9,9,"[""FBSAWAHQGRDEJD-UHFFFAOYSA-J"",""FBSAWAHQGRDEJD-UHFFFAOYSA-N"",""FBSAWAHQGRDEJD-WBPXWQEISA-N"",""FJLBFSROUSIWMA-UHFFFAOYSA-N"",""LHWDMZWPKSLALX-LREBCSMRSA-N"",""LHWDMZWPKSLALX-UHFFFAOYSA-N"",""LHWDMZWPKSLALX-VPDQHXPOSA-N"",""NLEWDSPHLFJEJR-UHFFFAOYSA-N"",""ZGNDRSCWOOAOBR-UHFFFAOYSA-N""]"
418,cinacalcet,CIDm00156418,true,169,167,"[""BYJTWMWJNVLRAW-PKLMIRHRSA-L"",""BYJTWMWJNVLRAW-PKLMIRHRSA-N"",""BYJTWMWJNVLRAW-UHFFFAOYSA-N"",""FYBGRMGDWKTALA-PKLMIRHRSA-N"",""FYBGRMGDWKTALA-UHFFFAOYSA-N"",""GEMARAPHVYPEED-PKLMIRHRSA-N"",""GEMARAPHVYPEED-UHFFFAOYSA-N"",""JAIHGPGXCOKSJC-RWKFXIDCSA-L"",""JAIHGPGXCOKSJC-RWKFXIDCSA-N"",""JAIHGPGXCOKSJC-UHFFFAOYSA-N"",""JCJGWOBMUWJEDV-PKLMIRHRSA-N"",""OIGGDLXTTHVFKM-PKLMIRHRSA-M"",""QANQWUQOEJZMLL-NIIDSAIPSA-N"",""QANQWUQOEJZMLL-NTISSMGPSA-N"",""QANQWUQOEJZMLL-PJRJPBCZSA-N"",""QANQWUQOEJZMLL-PKLMIRHRSA-N"",""QANQWUQOEJZMLL-UHFFFAOYSA-N"",""VDHAWDNDOKGFTD-AJNJOALSSA-N"",""VDHAWDNDOKGFTD-ARPZJHACSA-N"",""VDHAWDNDOKGFTD-ARZZZFHASA-N"",""VDHAWDNDOKGFTD-BDYXFVCPSA-N"",""VDHAWDNDOKGFTD-BFYJTQAISA-N"",""VDHAWDNDOKGFTD-BHOSWFATSA-N"",""VDHAWDNDOKGFTD-BJSONNIZSA-N"",""VDHAWDNDOKGFTD-CGAVWBEBSA-N"",""VDHAWDNDOKGFTD-CLKNOPFHSA-N"",""VDHAWDNDOKGFTD-CPYMQBIQSA-N"",""VDHAWDNDOKGFTD-CQLIAZCASA-N"",""VDHAWDNDOKGFTD-CXQZJKBZSA-N"",""VDHAWDNDOKGFTD-DGEPEAQTSA-N"",""VDHAWDNDOKGFTD-DGMGKGGLSA-N"",""VDHAWDNDOKGFTD-DLDIOXGNSA-N"",""VDHAWDNDOKGFTD-DLFKHOAESA-N"",""VDHAWDNDOKGFTD-DLNBAPJASA-N"",""VDHAWDNDOKGFTD-DSPZZANRSA-N"",""VDHAWDNDOKGFTD-DULDMOLOSA-N"",""VDHAWDNDOKGFTD-DURGZMOVSA-N"",""VDHAWDNDOKGFTD-DVNHMDPQSA-N"",""VDHAWDNDOKGFTD-FBELHVAGSA-N"",""VDHAWDNDOKGFTD-FBEQNWFDSA-N"",""VDHAWDNDOKGFTD-FFFGNGIWSA-N"",""VDHAWDNDOKGFTD-FIBGUPNXSA-N"",""VDHAWDNDOKGFTD-FITOYOPNSA-N"",""VDHAWDNDOKGFTD-FIXKYGKQSA-N"",""VDHAWDNDOKGFTD-FOZJEWRDSA-N"",""VDHAWDNDOKGFTD-FQPAXVBOSA-N"",""VDHAWDNDOKGFTD-GDEAZYDXSA-N"",""VDHAWDNDOKGFTD-GLRGAINASA-N"",""VDHAWDNDOKGFTD-GODPNLJRSA-N"",""VDHAWDNDOKGFTD-GRIJZQHISA-N"",""VDHAWDNDOKGFTD-GRMSWQCXSA-N"",""VDHAWDNDOKGFTD-GWPNVDRESA-N"",""VDHAWDNDOKGFTD-GWXJCYDYSA-N"",""VDHAWDNDOKGFTD-GZTHGCDUSA-N"",""VDHAWDNDOKGFTD-HGVIQCLZSA-N"",""VDHAWDNDOKGFTD-HITQJDNUSA-N"",""VDHAWDNDOKGFTD-HJSBIUCNSA-N"",""VDHAWDNDOKGFTD-HRRNUAFCSA-N"",""VDHAWDNDOKGFTD-HSRAYGORSA-N"",""VDHAWDNDOKGFTD-HXDRFGMASA-N"",""VDHAWDNDOKGFTD-HZEIJBOCSA-N"",""VDHAWDNDOKGFTD-HZOWDZQOSA-N"",""VDHAWDNDOKGFTD-IAGJOCTASA-N"",""VDHAWDNDOKGFTD-IHALPSJBSA-N"",""VDHAWDNDOKGFTD-IJCUJQSUSA-N"",""VDHAWDNDOKGFTD-INIZCTEOSA-N"",""VDHAWDNDOKGFTD-INIZCTEOSA-O"",""VDHAWDNDOKGFTD-INNKSYHHSA-N"",""VDHAWDNDOKGFTD-ISKCJGNLSA-N"",""VDHAWDNDOKGFTD-ISYGHHNYSA-N"",""VDHAWDNDOKGFTD-ITQRBLCDSA-N"",""VDHAWDNDOKGFTD-IWANKHHPSA-N"",""VDHAWDNDOKGFTD-JFPZKMQGSA-N"",""VDHAWDNDOKGFTD-JMRWHTCNSA-N"",""VDHAWDNDOKGFTD-JOTALGBPSA-N"",""VDHAWDNDOKGFTD-KAADZSTDSA-N"",""VDHAWDNDOKGFTD-KCIRJXCJSA-N"",""VDHAWDNDOKGFTD-KEGXWJQJSA-N"",""VDHAWDNDOKGFTD-KEUOHIGXSA-N"",""VDHAWDNDOKGFTD-KEZZUVFXSA-N"",""VDHAWDNDOKGFTD-KHULLPAKSA-N"",""VDHAWDNDOKGFTD-KMEDTTIQSA-N"",""VDHAWDNDOKGFTD-KNDXIFKWSA-N"",""VDHAWDNDOKGFTD-KOYXBTJRSA-N"",""VDHAWDNDOKGFTD-KYPLRAAASA-N"",""VDHAWDNDOKGFTD-LERDDDPPSA-N"",""VDHAWDNDOKGFTD-LFHPMFPXSA-N"",""VDHAWDNDOKGFTD-LNRITECZSA-N"",""VDHAWDNDOKGFTD-LNXFOBTBSA-N"",""VDHAWDNDOKGFTD-LPWASTLGSA-N"",""VDHAWDNDOKGFTD-LUNAUMSCSA-N"",""VDHAWDNDOKGFTD-MDLGAADBSA-N"",""VDHAWDNDOKGFTD-MHPSRXOBSA-N"",""VDHAWDNDOKGFTD-MIVSSSCWSA-N"",""VDHAWDNDOKGFTD-MLELAXGTSA-N"",""VDHAWDNDOKGFTD-MLXNLHTBSA-N"",""VDHAWDNDOKGFTD-MNUSICGDSA-N"",""VDHAWDNDOKGFTD-MNYHCISNSA-N"",""VDHAWDNDOKGFTD-MQMCMTRFSA-N"",""VDHAWDNDOKGFTD-MRXNPFEDSA-N"",""VDHAWDNDOKGFTD-MRXNPFEDSA-O"",""VDHAWDNDOKGFTD-MWNKNKCDSA-N"",""VDHAWDNDOKGFTD-NATUUEJISA-N"",""VDHAWDNDOKGFTD-NFEWEROASA-N"",""VDHAWDNDOKGFTD-NNWONYFDSA-N"",""VDHAWDNDOKGFTD-NOBUOWFCSA-N"",""VDHAWDNDOKGFTD-NYXOABOASA-N"",""VDHAWDNDOKGFTD-NZFMAZGNSA-N"",""VDHAWDNDOKGFTD-OBZXKPNOSA-N"",""VDHAWDNDOKGFTD-OCXSJJEHSA-N"",""VDHAWDNDOKGFTD-ORCOGOOZSA-N"",""VDHAWDNDOKGFTD-ORHSEDDKSA-N"",""VDHAWDNDOKGFTD-OXJZKLIHSA-N"",""VDHAWDNDOKGFTD-PDUASFERSA-N"",""VDHAWDNDOKGFTD-PDYAKALSSA-N"",""VDHAWDNDOKGFTD-PJESWBRNSA-N"",""VDHAWDNDOKGFTD-PKIPPAFYSA-N"",""VDHAWDNDOKGFTD-PSAWDGGASA-N"",""VDHAWDNDOKGFTD-PWDCUXCCSA-N"",""VDHAWDNDOKGFTD-QCFAVOOCSA-N"",""VDHAWDNDOKGFTD-QKHLJXARSA-N"",""VDHAWDNDOKGFTD-QQUFQODWSA-N"",""VDHAWDNDOKGFTD-QWPCIJQRSA-N"",""VDHAWDNDOKGFTD-QXDZHEJYSA-N"",""VDHAWDNDOKGFTD-QZCUAABWSA-N"",""VDHAWDNDOKGFTD-RCQCUONCSA-N"",""VDHAWDNDOKGFTD-SAGKEMONSA-N"",""VDHAWDNDOKGFTD-SCPIHDRVSA-N"",""VDHAWDNDOKGFTD-SICYEPHYSA-N"",""VDHAWDNDOKGFTD-SJVUZDNXSA-N"",""VDHAWDNDOKGFTD-SMJKDGSBSA-N"",""VDHAWDNDOKGFTD-UFWYVLOHSA-N"",""VDHAWDNDOKGFTD-UHFFFAOYSA-N"",""VDHAWDNDOKGFTD-UHFFFAOYSA-O"",""VDHAWDNDOKGFTD-UVGJBXSQSA-N"",""VDHAWDNDOKGFTD-UWAOVZAGSA-N"",""VDHAWDNDOKGFTD-VHSZXSBPSA-N"",""VDHAWDNDOKGFTD-VPOIFBONSA-N"",""VDHAWDNDOKGFTD-VTOMMWLHSA-N"",""VDHAWDNDOKGFTD-VWRQYSOVSA-N"",""VDHAWDNDOKGFTD-VYKBACAFSA-N"",""VDHAWDNDOKGFTD-WHIAGGJOSA-N"",""VDHAWDNDOKGFTD-WOPHUMRASA-N"",""VDHAWDNDOKGFTD-WOUWMLHSSA-N"",""VDHAWDNDOKGFTD-WYHVAACFSA-N"",""VDHAWDNDOKGFTD-WYRZTZACSA-N"",""VDHAWDNDOKGFTD-XCEARCBESA-N"",""VDHAWDNDOKGFTD-XIWCYUQXSA-N"",""VDHAWDNDOKGFTD-XYMYGOPMSA-N"",""VDHAWDNDOKGFTD-YCFKHHCXSA-N"",""VDHAWDNDOKGFTD-YCWIHIDMSA-N"",""VDHAWDNDOKGFTD-YGKXMQGESA-N"",""VDHAWDNDOKGFTD-YGXWFFFCSA-N"",""VDHAWDNDOKGFTD-YNWKDYPWSA-N"",""VDHAWDNDOKGFTD-YRVBUZOWSA-N"",""VDHAWDNDOKGFTD-YSMNRUAZSA-N"",""VDHAWDNDOKGFTD-YVIFAXOKSA-N"",""VDHAWDNDOKGFTD-YVPKSQPNSA-N"",""VDHAWDNDOKGFTD-ZARNLOHWSA-N"",""VDHAWDNDOKGFTD-ZFDWEOQESA-N"",""VDHAWDNDOKGFTD-ZIMPTGBZSA-N"",""VDHAWDNDOKGFTD-ZKJBGPAHSA-N"",""VDHAWDNDOKGFTD-ZLUHIZDYSA-N"",""VDHAWDNDOKGFTD-ZMJDQWLZSA-N"",""VDHAWDNDOKGFTD-ZUIAYWBCSA-N"",""YMDNHPZCXSQGJE-PKLMIRHRSA-N"",""YMDNHPZCXSQGJE-UHFFFAOYSA-N""]"
419,balsalazide,CIDm05362070,false,0,0,[]
420,sulfamethoxazole.and.trimethoprim,CIDm00358641,true,2,2,"[""CAPYMLGXXYDZGV-UHFFFAOYSA-N"",""WZRJTRPJURQBRM-UHFFFAOYSA-N""]"
421,minocycline,CIDm26275995,true,103,98,"[""AJGDUXIKUWTSNW-TYGIULIFSA-N"",""AMKRDYGCLMZSEK-UHFFFAOYSA-N"",""AMKRDYGCLMZSEK-VQAITOIOSA-N"",""BBLXBCQWYQAHQG-HQUCKCIJSA-N"",""BIZUMJKOMHWUAC-HQUCKCIJSA-N"",""CUJCFMVUUMIFDR-AIWOOYGZSA-N"",""CUJCFMVUUMIFDR-BJEQLJQGSA-N"",""CUJCFMVUUMIFDR-DCCRXGOGSA-N"",""CUJCFMVUUMIFDR-HZPWUIJBSA-N"",""CUJCFMVUUMIFDR-KLURGKLGSA-N"",""CUJCFMVUUMIFDR-KVUCHLLUSA-M"",""CUJCFMVUUMIFDR-KVUCHLLUSA-N"",""CUJCFMVUUMIFDR-MJPDVNATSA-M"",""CUJCFMVUUMIFDR-OBPQCYFVSA-N"",""CUJCFMVUUMIFDR-OLQLPNTFSA-N"",""CUJCFMVUUMIFDR-PYOFKWECSA-N"",""CUJCFMVUUMIFDR-QXAGQIORSA-M"",""CUJCFMVUUMIFDR-VODOJQOBSA-N"",""CUJCFMVUUMIFDR-WTIUCFQTSA-N"",""CUJCFMVUUMIFDR-XDZLDNBXSA-N"",""FATFDRONDKMLQN-SSQTZTLNSA-N"",""FATFDRONDKMLQN-VQAITOIOSA-N"",""FFTVPQUHLQBXQZ-AIWOOYGZSA-N"",""FFTVPQUHLQBXQZ-BDNQSMTGSA-N"",""FFTVPQUHLQBXQZ-BJEQLJQGSA-N"",""FFTVPQUHLQBXQZ-BJEQLJQGSA-O"",""FFTVPQUHLQBXQZ-BQTOBALMSA-N"",""FFTVPQUHLQBXQZ-DCCRXGOGSA-N"",""FFTVPQUHLQBXQZ-DCCRXGOGSA-O"",""FFTVPQUHLQBXQZ-DRVXEHHLSA-N"",""FFTVPQUHLQBXQZ-FQMRUXFKSA-N"",""FFTVPQUHLQBXQZ-HZPWUIJBSA-N"",""FFTVPQUHLQBXQZ-JCNZWBQCSA-N"",""FFTVPQUHLQBXQZ-KHKMKUPUSA-N"",""FFTVPQUHLQBXQZ-KLURGKLGSA-N"",""FFTVPQUHLQBXQZ-KOQVONSPSA-N"",""FFTVPQUHLQBXQZ-KVUCHLLUSA-N"",""FFTVPQUHLQBXQZ-KVUCHLLUSA-O"",""FFTVPQUHLQBXQZ-LQFHYEHFSA-N"",""FFTVPQUHLQBXQZ-MJPDVNATSA-N"",""FFTVPQUHLQBXQZ-OBPQCYFVSA-N"",""FFTVPQUHLQBXQZ-OBPQCYFVSA-O"",""FFTVPQUHLQBXQZ-OLQLPNTFSA-N"",""FFTVPQUHLQBXQZ-OVXYQDFLSA-N"",""FFTVPQUHLQBXQZ-PYOFKWECSA-N"",""FFTVPQUHLQBXQZ-PYOFKWECSA-O"",""FFTVPQUHLQBXQZ-QXAGQIORSA-N"",""FFTVPQUHLQBXQZ-RVYMSITJSA-N"",""FFTVPQUHLQBXQZ-RXSMKRGCSA-N"",""FFTVPQUHLQBXQZ-UHFFFAOYSA-M"",""FFTVPQUHLQBXQZ-UHFFFAOYSA-N"",""FFTVPQUHLQBXQZ-UHFFFAOYSA-O"",""FFTVPQUHLQBXQZ-VODOJQOBSA-N"",""FFTVPQUHLQBXQZ-VODOJQOBSA-O"",""FFTVPQUHLQBXQZ-WTIUCFQTSA-N"",""FFTVPQUHLQBXQZ-XDZLDNBXSA-N"",""FFTVPQUHLQBXQZ-XDZLDNBXSA-O"",""FFTVPQUHLQBXQZ-YMRJSWBFSA-N"",""FFTVPQUHLQBXQZ-ZLHZFRHYSA-N"",""GBDDHTIJBZPCEC-UHFFFAOYSA-N"",""HTMFVYKNSYVCFI-UHFFFAOYSA-N"",""HTMFVYKNSYVCFI-VQAITOIOSA-N"",""JAZAXCAMWHSZJE-HQUCKCIJSA-N"",""JJTYFOBXCAZGGH-PVROASCYSA-N"",""KQNKTROCXFXYSB-UHFFFAOYSA-N"",""KQNKTROCXFXYSB-VQAITOIOSA-N"",""QGMOUFJHZUHMJI-UHFFFAOYSA-N"",""QGMOUFJHZUHMJI-VQAITOIOSA-N"",""QGNZRPSVURQDSY-UHFFFAOYSA-N"",""QGNZRPSVURQDSY-VQAITOIOSA-N"",""QMIKLZHMUAVJNG-QVVXJPBESA-N"",""QMIKLZHMUAVJNG-UHFFFAOYSA-N"",""SPYUMTMVZNPQJZ-QVVXJPBESA-N"",""SPYUMTMVZNPQJZ-UHFFFAOYSA-N"",""VYEYHJJOWOESEM-VQAITOIOSA-N"",""WFRONWCNHNRGLC-QVVXJPBESA-N"",""WFRONWCNHNRGLC-UHFFFAOYSA-N"",""WTJXVDPDEQKTCV-BLCKIGIOSA-N"",""WTJXVDPDEQKTCV-BLNOBYJLSA-N"",""WTJXVDPDEQKTCV-CGZJLBCRSA-M"",""WTJXVDPDEQKTCV-CGZJLBCRSA-N"",""WTJXVDPDEQKTCV-GBTZMIKPSA-M"",""WTJXVDPDEQKTCV-GBTZMIKPSA-N"",""WTJXVDPDEQKTCV-IZTBDXBXSA-M"",""WTJXVDPDEQKTCV-KYSVMBFDSA-N"",""WTJXVDPDEQKTCV-LBBDTYRJSA-N"",""WTJXVDPDEQKTCV-NMARYVSWSA-N"",""WTJXVDPDEQKTCV-PSZLJCRISA-N"",""WTJXVDPDEQKTCV-QQQCRYLCSA-N"",""WTJXVDPDEQKTCV-SWDXNECNSA-N"",""WTJXVDPDEQKTCV-UHFFFAOYSA-M"",""WTJXVDPDEQKTCV-UHFFFAOYSA-N"",""WTJXVDPDEQKTCV-VQAITOIOSA-M"",""WTJXVDPDEQKTCV-VQAITOIOSA-N"",""YBPOVHLWNXZVJD-UHFFFAOYSA-N"",""ZIJPOSPCMUNCGO-HQUCKCIJSA-N"",""ZVXJEMMCBXCUJO-UHFFFAOYSA-N"",""ZVXJEMMCBXCUJO-ZMKIAWMISA-N""]"
422,guanfacine,CIDm00003519,true,11,10,"[""DGFYECXYGUIODH-UHFFFAOYSA-M"",""DGFYECXYGUIODH-UHFFFAOYSA-N"",""INJOMKTZOLKMBF-APZFVMQVSA-N"",""INJOMKTZOLKMBF-CBYSEHNBSA-N"",""INJOMKTZOLKMBF-DATIIYMNSA-N"",""INJOMKTZOLKMBF-JBISRTOLSA-N"",""INJOMKTZOLKMBF-PMXDMHKLSA-N"",""INJOMKTZOLKMBF-UHFFFAOYSA-N"",""WPPBQKBYNNOZCW-UHFFFAOYSA-N"",""XPIIZLGJRIFDJN-UHFFFAOYSA-N""]"
423,isosorbide.mononitrate,CIDm00027661,true,22,22,"[""GAAOSNIQZAZIDB-BTVCFUMJSA-N"",""GAAOSNIQZAZIDB-UHFFFAOYSA-N"",""GAAOSNIQZAZIDB-VFQQELCFSA-N"",""KMVDATOMDVOYHW-FAOVPRGRSA-N"",""KMVDATOMDVOYHW-UHFFFAOYSA-N"",""LESBEYVGQHBYPD-UUBOPVPUSA-N"",""YWXYYJSYQOXTPL-AEKYUDOOSA-N"",""YWXYYJSYQOXTPL-DPYQTVNSSA-N"",""YWXYYJSYQOXTPL-FSIIMWSLSA-N"",""YWXYYJSYQOXTPL-GVZKVBLJSA-N"",""YWXYYJSYQOXTPL-JGWLITMVSA-N"",""YWXYYJSYQOXTPL-KAZBKCHUSA-N"",""YWXYYJSYQOXTPL-KCDKBNATSA-N"",""YWXYYJSYQOXTPL-KKHOPBGESA-N"",""YWXYYJSYQOXTPL-KVTDHHQDSA-N"",""YWXYYJSYQOXTPL-OMMKOOBNSA-N"",""YWXYYJSYQOXTPL-SLPGGIOYSA-N"",""YWXYYJSYQOXTPL-UHFFFAOYSA-N"",""YWXYYJSYQOXTPL-UNTFVMJOSA-N"",""YWXYYJSYQOXTPL-VANKVMQKSA-N"",""YWXYYJSYQOXTPL-YMFWUOAHSA-N"",""YWXYYJSYQOXTPL-ZXXMMSQZSA-N""]"
424,mycophenolic.acid,CIDm00446541,false,0,0,[]
425,amlexanox,CIDm00002161,true,7,7,"[""ABQYGTRADGXPHW-UHFFFAOYSA-N"",""BRXKNXFZPSHZNR-UHFFFAOYSA-N"",""GHVHWJFFZZDUSH-UHFFFAOYSA-N"",""GMWGZCSUWBLXRZ-UHFFFAOYSA-N"",""SGRYPYWGNKJSDL-COMABECVSA-N"",""SGRYPYWGNKJSDL-UHFFFAOYSA-M"",""SGRYPYWGNKJSDL-UHFFFAOYSA-N""]"
426,irbesartan,CIDm00003749,true,31,31,"[""ASUQBKPPGARGNS-UHFFFAOYSA-N"",""BIQFALIOZARGAN-UHFFFAOYSA-N"",""CQPQWWIPBIGMAV-UHFFFAOYSA-N"",""DDGZNDKSUNGLLB-UHFFFAOYSA-N"",""DKDWFKPDJZVXRL-UHFFFAOYSA-N"",""DNWLNKDYNBMASL-UHFFFAOYSA-N"",""DSFFWMJBTSOPAU-UHFFFAOYSA-N"",""FRHRAOMGWIIPFO-UHFFFAOYSA-N"",""GGIIBULHSOCRGR-UHFFFAOYSA-N"",""INPIORKOPJHVND-UHFFFAOYSA-N"",""LRELIDUMTBXRFJ-UHFFFAOYSA-N"",""LZJYHZOZHXMDMM-UHFFFAOYSA-N"",""MBMJBKOTNYSIDA-UHFFFAOYSA-N"",""UNDHMJPMWLNVCH-UHFFFAOYSA-N"",""VYXGQYFIQOMSQZ-UHFFFAOYSA-N"",""XIMKDJFGLNXAJA-UHFFFAOYSA-N"",""YOSHYTLCDANDAN-ABHTZURQSA-N"",""YOSHYTLCDANDAN-FIBGUPNXSA-N"",""YOSHYTLCDANDAN-GZXVCZRGSA-N"",""YOSHYTLCDANDAN-IZSXYYOMSA-N"",""YOSHYTLCDANDAN-NCKGIQLSSA-N"",""YOSHYTLCDANDAN-OKWSDYJOSA-N"",""YOSHYTLCDANDAN-SCEJKDAXSA-N"",""YOSHYTLCDANDAN-UHFFFAOYSA-N"",""YOSHYTLCDANDAN-VNRZBHCFSA-N"",""YOSHYTLCDANDAN-WQKXEYJYSA-N"",""YVBXUFFEVAWRSM-UHFFFAOYSA-N"",""YZTMOTXOTDTVTA-UHFFFAOYSA-N"",""ZGYBBMBSDQJXNW-UHFFFAOYSA-N"",""ZRYZICYAVBWTLX-UHFFFAOYSA-N"",""ZUYFSRQJPNUOQU-UHFFFAOYSA-N""]"
427,topotecan,CIDm00060699,false,0,0,[]
428,tolterodine,CIDm00060774,false,0,0,[]
429,selegiline,CIDm00026757,false,0,0,[]
430,fenofibrate,CIDm00003339,true,37,37,"[""AYEOZZCNIQXYHU-UHFFFAOYSA-N"",""CBTZYHADDFSGDY-UHFFFAOYSA-N"",""FBLHPTYFTMCBRJ-UHFFFAOYSA-N"",""SKGPJXISJANVCU-UHFFFAOYSA-N"",""YMTINGFKWWXKFG-CMDVFXQJSA-N"",""YMTINGFKWWXKFG-CPZJZEHKSA-N"",""YMTINGFKWWXKFG-CXRURWBMSA-N"",""YMTINGFKWWXKFG-DJQMQECWSA-N"",""YMTINGFKWWXKFG-DSTKDQQVSA-N"",""YMTINGFKWWXKFG-FOZLTFMXSA-N"",""YMTINGFKWWXKFG-GIIWSHSGSA-N"",""YMTINGFKWWXKFG-GOOBIQQWSA-N"",""YMTINGFKWWXKFG-GTFORLLLSA-N"",""YMTINGFKWWXKFG-GYDXGMDDSA-N"",""YMTINGFKWWXKFG-KCLUFZECSA-N"",""YMTINGFKWWXKFG-LIJFRPJRSA-N"",""YMTINGFKWWXKFG-MPTJZUTPSA-N"",""YMTINGFKWWXKFG-NBGWYITOSA-N"",""YMTINGFKWWXKFG-OIIWATDQSA-N"",""YMTINGFKWWXKFG-OXGPOIRJSA-N"",""YMTINGFKWWXKFG-PCDWLJKRSA-N"",""YMTINGFKWWXKFG-PMKPQHHDSA-N"",""YMTINGFKWWXKFG-PTIOEZPASA-N"",""YMTINGFKWWXKFG-PUIBTECMSA-N"",""YMTINGFKWWXKFG-QGZDSXKDSA-N"",""YMTINGFKWWXKFG-QJVVZDHGSA-N"",""YMTINGFKWWXKFG-QLGCGWBTSA-N"",""YMTINGFKWWXKFG-QVMNSZKMSA-N"",""YMTINGFKWWXKFG-RYLDVVQKSA-N"",""YMTINGFKWWXKFG-TWSHGETGSA-N"",""YMTINGFKWWXKFG-TWWSCRCCSA-N"",""YMTINGFKWWXKFG-UHFFFAOYSA-N"",""YMTINGFKWWXKFG-VYXNKZBUSA-N"",""YMTINGFKWWXKFG-WBXMUULZSA-N"",""YMTINGFKWWXKFG-XTYHEKFWSA-N"",""YMTINGFKWWXKFG-ZIAUDTLKSA-N"",""ZCKPUBNQKCIIDZ-UHFFFAOYSA-N""]"
431,thalidomide,CIDm00005426,true,70,70,"[""BCBMKEOLUBNVOK-UHFFFAOYSA-N"",""LKBJRBZZXPWRLR-IGXPJQGBSA-N"",""LKBJRBZZXPWRLR-UHFFFAOYSA-N"",""UEJJHQNACJXSKW-BFWBPSQCSA-N"",""UEJJHQNACJXSKW-BHMAVPFCSA-N"",""UEJJHQNACJXSKW-BLTSRDRCSA-N"",""UEJJHQNACJXSKW-CBYSEHNBSA-N"",""UEJJHQNACJXSKW-CUNBOXABSA-N"",""UEJJHQNACJXSKW-CWIKHUNQSA-N"",""UEJJHQNACJXSKW-DETAZLGJSA-N"",""UEJJHQNACJXSKW-DRSKVUCWSA-N"",""UEJJHQNACJXSKW-DWSYCVKZSA-N"",""UEJJHQNACJXSKW-FFTSUDIOSA-N"",""UEJJHQNACJXSKW-GAUJEYLJSA-N"",""UEJJHQNACJXSKW-GGDMSPJRSA-N"",""UEJJHQNACJXSKW-GPSXYVNVSA-N"",""UEJJHQNACJXSKW-HOSYLAQJSA-N"",""UEJJHQNACJXSKW-HVRMQOCCSA-N"",""UEJJHQNACJXSKW-IAQXEJQBSA-N"",""UEJJHQNACJXSKW-ICEZWLFOSA-N"",""UEJJHQNACJXSKW-IFHHOYMISA-N"",""UEJJHQNACJXSKW-IWDQAABOSA-N"",""UEJJHQNACJXSKW-JQCZWRKMSA-N"",""UEJJHQNACJXSKW-KCZCTXNHSA-N"",""UEJJHQNACJXSKW-KSXAETGHSA-N"",""UEJJHQNACJXSKW-KWZIJRNZSA-N"",""UEJJHQNACJXSKW-LLJQJJQBSA-N"",""UEJJHQNACJXSKW-LWNICFRGSA-N"",""UEJJHQNACJXSKW-LZYMESFSSA-N"",""UEJJHQNACJXSKW-MICDWDOJSA-N"",""UEJJHQNACJXSKW-MOBLDEHESA-N"",""UEJJHQNACJXSKW-MPOCSFTDSA-N"",""UEJJHQNACJXSKW-NCYHJHSESA-N"",""UEJJHQNACJXSKW-NEKQGQCZSA-N"",""UEJJHQNACJXSKW-NMQOAUCRSA-N"",""UEJJHQNACJXSKW-NZLXMSDQSA-N"",""UEJJHQNACJXSKW-OJJJIBSVSA-N"",""UEJJHQNACJXSKW-PCBKLFQUSA-N"",""UEJJHQNACJXSKW-PKHUVNBJSA-N"",""UEJJHQNACJXSKW-PQBDTWETSA-N"",""UEJJHQNACJXSKW-PTQBSOBMSA-N"",""UEJJHQNACJXSKW-PWJLNAAISA-N"",""UEJJHQNACJXSKW-QBZHADDCSA-N"",""UEJJHQNACJXSKW-QDNHWIQGSA-N"",""UEJJHQNACJXSKW-QKDTYGAISA-N"",""UEJJHQNACJXSKW-QOWOAITPSA-N"",""UEJJHQNACJXSKW-RAMDWTOOSA-N"",""UEJJHQNACJXSKW-RHQRLBAQSA-N"",""UEJJHQNACJXSKW-RSDDJBIUSA-N"",""UEJJHQNACJXSKW-RSRNTCFVSA-N"",""UEJJHQNACJXSKW-RZCDKUFLSA-N"",""UEJJHQNACJXSKW-SDTNDFKLSA-N"",""UEJJHQNACJXSKW-SECBINFHSA-N"",""UEJJHQNACJXSKW-SFTFEADESA-N"",""UEJJHQNACJXSKW-UAPAWMPQSA-N"",""UEJJHQNACJXSKW-UFYQYTSASA-N"",""UEJJHQNACJXSKW-UHFFFAOYSA-N"",""UEJJHQNACJXSKW-UICOGKGYSA-N"",""UEJJHQNACJXSKW-UJKGMGNHSA-N"",""UEJJHQNACJXSKW-UMSOTBISSA-N"",""UEJJHQNACJXSKW-UVPXTGODSA-N"",""UEJJHQNACJXSKW-VBUQMBBSSA-N"",""UEJJHQNACJXSKW-VIFPVBQESA-N"",""UEJJHQNACJXSKW-VNBPQMKGSA-N"",""UEJJHQNACJXSKW-VYHUYEHNSA-N"",""UEJJHQNACJXSKW-WCLISNHYSA-N"",""UEJJHQNACJXSKW-WFVSFCRTSA-N"",""UEJJHQNACJXSKW-XPOOIHDOSA-N"",""UEJJHQNACJXSKW-YQFIHQBJSA-N"",""UEJJHQNACJXSKW-ZFLQAOITSA-N""]"
432,melphalan,CIDm00460612,false,0,0,[]
433,memantine,CIDm00004054,true,56,53,"[""ALOGNGYBRKFOIM-UHFFFAOYSA-N"",""BISGXVITFAEYPB-UHFFFAOYSA-N"",""BUGYDGFZZOZRHP-BXHBHXGMSA-N"",""BUGYDGFZZOZRHP-FIBGUPNXSA-N"",""BUGYDGFZZOZRHP-FSKKXAPYSA-N"",""BUGYDGFZZOZRHP-GHNGPNRHSA-N"",""BUGYDGFZZOZRHP-GHNGPNRHSA-O"",""BUGYDGFZZOZRHP-GYWWWOLSSA-N"",""BUGYDGFZZOZRHP-HPDCSRJSSA-N"",""BUGYDGFZZOZRHP-JBCQMUGNSA-N"",""BUGYDGFZZOZRHP-JLZJBEKYSA-N"",""BUGYDGFZZOZRHP-KBZGSAGRSA-N"",""BUGYDGFZZOZRHP-KLFIIISESA-N"",""BUGYDGFZZOZRHP-QOWOAITPSA-N"",""BUGYDGFZZOZRHP-QSVQJYFQSA-N"",""BUGYDGFZZOZRHP-SCENNGIESA-N"",""BUGYDGFZZOZRHP-UHFFFAOYSA-N"",""BUGYDGFZZOZRHP-UHFFFAOYSA-O"",""BUGYDGFZZOZRHP-VAZJTQEUSA-N"",""BUGYDGFZZOZRHP-VPDMWYAPSA-N"",""BUGYDGFZZOZRHP-WFGJKAKNSA-N"",""BUGYDGFZZOZRHP-WSVSKBAQSA-N"",""BUGYDGFZZOZRHP-WSVSKBAQSA-O"",""BUGYDGFZZOZRHP-WVVCZIDDSA-N"",""BUGYDGFZZOZRHP-YECOWLKZSA-N"",""BUGYDGFZZOZRHP-ZTYIOIQGSA-N"",""CKHRIZFPSZAFLO-UHFFFAOYSA-L"",""CKHRIZFPSZAFLO-UHFFFAOYSA-N"",""DFKTXBZINZKXDV-UHFFFAOYSA-M"",""DNTAWNNIWSFVPP-UHFFFAOYSA-N"",""FGDLNJAGEZYBDI-UHFFFAOYSA-N"",""GYMAFVWCUUIVKT-LFPUEVJFSA-N"",""LDDHMLJTFXJGPI-LFPUEVJFSA-M"",""LDDHMLJTFXJGPI-LFPUEVJFSA-N"",""LDDHMLJTFXJGPI-PWHARITESA-N"",""LDDHMLJTFXJGPI-TXHXQZCNSA-N"",""LDDHMLJTFXJGPI-UHFFFAOYSA-M"",""LDDHMLJTFXJGPI-UHFFFAOYSA-N"",""LDDHMLJTFXJGPI-UHFFFAOYSA-O"",""LDDHMLJTFXJGPI-XJAKYWJYSA-N"",""LDDHMLJTFXJGPI-ZILFXZMLSA-N"",""MCGXVLDHSQFFNQ-UHFFFAOYSA-N"",""MVFCDWFJXKHXDG-BTJKTKAUSA-N"",""NJSHVVWWBCHMGZ-UHFFFAOYSA-N"",""OPHKWNYGCDCGOQ-UHFFFAOYSA-N"",""PVVJLDLVIQWBLY-UHFFFAOYSA-N"",""RRRXXWYCSZJFMK-UHFFFAOYSA-N"",""SEILFOQIBMWOKI-UHFFFAOYSA-N"",""WODXKEXSKOKJLG-UHFFFAOYSA-N"",""WWNYRWMZKDOGIA-UHFFFAOYSA-N"",""XAZHJEYUDGWCPI-UHFFFAOYSA-N"",""YETLGNWTJIRFIL-UHFFFAOYSA-N"",""YZQFRDLXENSKCA-UHFFFAOYSA-N""]"
434,gatifloxacin,CIDm00005379,true,31,28,"[""CFPJUGZAXVMNBA-UHFFFAOYSA-N"",""DKJSKTNBIAGFAL-UHFFFAOYSA-N"",""GQYBNVXJQVIRGC-PPHPATTJSA-N"",""GQYBNVXJQVIRGC-RVZGMMLISA-N"",""GQYBNVXJQVIRGC-UHFFFAOYSA-N"",""IJOOSVJZBQQMBV-PPHPATTJSA-N"",""IJOOSVJZBQQMBV-UHFFFAOYSA-N"",""ISCAXBHESPTGIQ-KCONRHHUSA-N"",""ISCAXBHESPTGIQ-RCWTXCDDSA-N"",""ISCAXBHESPTGIQ-UHFFFAOYSA-N"",""LCHNOAXZYULHND-FTYBWHBYSA-N"",""LCHNOAXZYULHND-UHFFFAOYSA-N"",""MGNBSKGHYAYDHU-UHFFFAOYSA-M"",""PMMNVFFMFJMFDB-UHFFFAOYSA-N"",""RMJMZKDEVNTXHE-FWPCSCPESA-N"",""RMJMZKDEVNTXHE-NGQGLHOPSA-N"",""RMJMZKDEVNTXHE-UHFFFAOYSA-N"",""RXCOULLJRXSXEJ-UHFFFAOYSA-N"",""VAEMCPAMWCPAOD-PPHPATTJSA-N"",""VAEMCPAMWCPAOD-UHFFFAOYSA-L"",""VAEMCPAMWCPAOD-UHFFFAOYSA-N"",""VVZOMPVNGWNDOE-UHFFFAOYSA-N"",""XUBOMFCQGDBHNK-CNVQUGECSA-N"",""XUBOMFCQGDBHNK-JTQLQIEISA-N"",""XUBOMFCQGDBHNK-SNVBAGLBSA-N"",""XUBOMFCQGDBHNK-UHFFFAOYSA-N"",""ZEAGUHFQIHRSLC-UHFFFAOYSA-N"",""ZIEWJJCZZIXVPU-UHFFFAOYSA-N""]"
435,lubiprostone,CIDm00157920,true,13,13,"[""WGFOBBZOWHGYQH-DKYLXPRQSA-N"",""WGFOBBZOWHGYQH-DQAXQNHHSA-N"",""WGFOBBZOWHGYQH-IDQKJFIUSA-N"",""WGFOBBZOWHGYQH-JXAPAVNMSA-N"",""WGFOBBZOWHGYQH-KLRDNXEFSA-N"",""WGFOBBZOWHGYQH-MVJIGTSNSA-N"",""WGFOBBZOWHGYQH-MXHNKVEKSA-M"",""WGFOBBZOWHGYQH-MXHNKVEKSA-N"",""WGFOBBZOWHGYQH-RNKNFESXSA-N"",""WGFOBBZOWHGYQH-UHFFFAOYSA-M"",""WGFOBBZOWHGYQH-UHFFFAOYSA-N"",""WGFOBBZOWHGYQH-URCPGQDYSA-N"",""WGFOBBZOWHGYQH-XUMJZZLRSA-N""]"
436,fluocinonide,CIDm00009642,false,0,0,[]
437,abacavir,CIDm00065139,false,0,0,[]
438,ibuprofen,CIDm00003672,true,134,133,"[""ADJSTRZYVOVICC-UHFFFAOYSA-N"",""ADJSTRZYVOVICC-WLHGVMLRSA-N"",""AENZYXWIKHVNBZ-UHFFFAOYSA-N"",""CPVDKSZPUNIJMH-UHFFFAOYSA-N"",""DRLXZRDDGHMYLW-UHFFFAOYSA-N"",""HEFNNWSXXWATRW-AMEHEBDNSA-N"",""HEFNNWSXXWATRW-ASPGDKIPSA-N"",""HEFNNWSXXWATRW-AYLOFXNKSA-N"",""HEFNNWSXXWATRW-BLAQTNFBSA-N"",""HEFNNWSXXWATRW-BZEWBKBVSA-N"",""HEFNNWSXXWATRW-CEOKVFTGSA-N"",""HEFNNWSXXWATRW-CGDOGRBOSA-N"",""HEFNNWSXXWATRW-CINFQHHCSA-N"",""HEFNNWSXXWATRW-DACATIRWSA-N"",""HEFNNWSXXWATRW-DGKKMPCOSA-N"",""HEFNNWSXXWATRW-DGZZMAODSA-N"",""HEFNNWSXXWATRW-FBBBEKKASA-N"",""HEFNNWSXXWATRW-FBNINOPRSA-N"",""HEFNNWSXXWATRW-FHNKYISSSA-N"",""HEFNNWSXXWATRW-FIBGUPNXSA-N"",""HEFNNWSXXWATRW-FMEGMXQWSA-N"",""HEFNNWSXXWATRW-FUYGRTBJSA-N"",""HEFNNWSXXWATRW-GNHVVPMISA-N"",""HEFNNWSXXWATRW-GQALSZNTSA-N"",""HEFNNWSXXWATRW-GRZQFIOJSA-N"",""HEFNNWSXXWATRW-HNHUTNRMSA-N"",""HEFNNWSXXWATRW-HPRDVNIFSA-N"",""HEFNNWSXXWATRW-HZUISIRHSA-N"",""HEFNNWSXXWATRW-IDCMSGSHSA-N"",""HEFNNWSXXWATRW-IQRKBOBKSA-N"",""HEFNNWSXXWATRW-JLZJBEKYSA-N"",""HEFNNWSXXWATRW-JQZJEMPNSA-N"",""HEFNNWSXXWATRW-JTQLQIEISA-M"",""HEFNNWSXXWATRW-JTQLQIEISA-N"",""HEFNNWSXXWATRW-JTQLQIEISA-O"",""HEFNNWSXXWATRW-KIROAFHOSA-N"",""HEFNNWSXXWATRW-KLJQIKPOSA-N"",""HEFNNWSXXWATRW-KTXUZGJCSA-N"",""HEFNNWSXXWATRW-LBDFIVMYSA-N"",""HEFNNWSXXWATRW-LFUCVIOGSA-N"",""HEFNNWSXXWATRW-LWHDJBBLSA-N"",""HEFNNWSXXWATRW-MGVXTIMCSA-N"",""HEFNNWSXXWATRW-MLOSKHTRSA-N"",""HEFNNWSXXWATRW-MMIHMFRQSA-N"",""HEFNNWSXXWATRW-MRBOIFABSA-N"",""HEFNNWSXXWATRW-MUESUBCOSA-N"",""HEFNNWSXXWATRW-MWWYFVMWSA-N"",""HEFNNWSXXWATRW-NEBPYLQZSA-N"",""HEFNNWSXXWATRW-NHFDEMDUSA-N"",""HEFNNWSXXWATRW-NIHNUERFSA-N"",""HEFNNWSXXWATRW-NOKLIFDOSA-N"",""HEFNNWSXXWATRW-NYJKMMONSA-N"",""HEFNNWSXXWATRW-OINPEQKCSA-N"",""HEFNNWSXXWATRW-OIYGLIEASA-N"",""HEFNNWSXXWATRW-OJGHTJGZSA-N"",""HEFNNWSXXWATRW-OPIKNGNCSA-N"",""HEFNNWSXXWATRW-OVMFCZAOSA-N"",""HEFNNWSXXWATRW-PCXQMPHHSA-N"",""HEFNNWSXXWATRW-PIFLBFKISA-N"",""HEFNNWSXXWATRW-PMTXGXJWSA-N"",""HEFNNWSXXWATRW-QBMBECACSA-N"",""HEFNNWSXXWATRW-QDRJLNDYSA-N"",""HEFNNWSXXWATRW-QLHQXVRYSA-N"",""HEFNNWSXXWATRW-QOWOAITPSA-N"",""HEFNNWSXXWATRW-RXGDOFHOSA-N"",""HEFNNWSXXWATRW-SCENNGIESA-N"",""HEFNNWSXXWATRW-SNVBAGLBSA-M"",""HEFNNWSXXWATRW-SNVBAGLBSA-N"",""HEFNNWSXXWATRW-SVMCCORHSA-N"",""HEFNNWSXXWATRW-UHFFFAOYSA-M"",""HEFNNWSXXWATRW-UHFFFAOYSA-N"",""HEFNNWSXXWATRW-UHFFFAOYSA-O"",""HEFNNWSXXWATRW-UJHZKFCHSA-N"",""HEFNNWSXXWATRW-UTMSZIOKSA-N"",""HEFNNWSXXWATRW-UYYCORSSSA-N"",""HEFNNWSXXWATRW-VDEIRVDOSA-N"",""HEFNNWSXXWATRW-WFGJKAKNSA-N"",""HEFNNWSXXWATRW-WTJPRRJNSA-N"",""HEFNNWSXXWATRW-YBGYDHGYSA-N"",""HEFNNWSXXWATRW-YQEJUPTQSA-N"",""HEFNNWSXXWATRW-YQRGBEJTSA-N"",""HEFNNWSXXWATRW-YUCOCAISSA-N"",""HEFNNWSXXWATRW-YUESAUIFSA-N"",""HEFNNWSXXWATRW-ZPYIKOFNSA-N"",""HIZQMYIYDLXCOK-UHFFFAOYSA-M"",""HUDNNLKINUVYCQ-UHFFFAOYSA-N"",""IOHAHDZAPATESW-UHFFFAOYSA-N"",""JMZWZXMHONGMPL-HNCPQSOCSA-N"",""JMZWZXMHONGMPL-PPHPATTJSA-N"",""JMZWZXMHONGMPL-UHFFFAOYSA-M"",""JMZWZXMHONGMPL-UHFFFAOYSA-N"",""KLCHODGQARNKJJ-UHFFFAOYSA-N"",""LHRBNROBNBJSAF-UHFFFAOYSA-N"",""NOPSEWWLBBGWAV-UHFFFAOYSA-N"",""NVDTWLXMCPNVPZ-UHFFFAOYSA-N"",""NZGNWRULBKGNSJ-UHFFFAOYSA-L"",""OOBDLCMSPGHYMK-UHFFFAOYSA-N"",""PTTPUWGBPLLBKW-FJCVKDQNSA-M"",""PTTPUWGBPLLBKW-HNCPQSOCSA-M"",""PTTPUWGBPLLBKW-JECQNRSVSA-M"",""PTTPUWGBPLLBKW-PPHPATTJSA-M"",""PTTPUWGBPLLBKW-UHFFFAOYSA-M"",""PTTPUWGBPLLBKW-UHFFFAOYSA-N"",""PXLGDDZCSQICBY-UHFFFAOYSA-M"",""PXLGDDZCSQICBY-UHFFFAOYSA-N"",""QPXXUUYSCONQNV-UHFFFAOYSA-N"",""SAEVWWQLQNPPIO-UHFFFAOYSA-N"",""SHVKDCBZOZNGED-PPHPATTJSA-N"",""SHVKDCBZOZNGED-UHFFFAOYSA-N"",""SZGHUMHGRQFKMH-PPHPATTJSA-N"",""SZGHUMHGRQFKMH-UHFFFAOYSA-N"",""TUZRJGVLAFMQEK-FTYBWHBYSA-N"",""TUZRJGVLAFMQEK-PPHPATTJSA-N"",""TUZRJGVLAFMQEK-UHFFFAOYSA-N"",""TWLLMBOEZGIZRV-UHFFFAOYSA-M"",""UANBKGPNWATNIH-UHFFFAOYSA-M"",""UANBKGPNWATNIH-UHFFFAOYSA-N"",""UVDCRTMENHTGLM-UHFFFAOYSA-M"",""VLWAECCTUHKMRO-UHFFFAOYSA-N"",""VTGPMVCGAVZLQI-FYBBWCNBSA-M"",""VTGPMVCGAVZLQI-KAFJHEIMSA-M"",""VTGPMVCGAVZLQI-UHFFFAOYSA-M"",""VTGPMVCGAVZLQI-UHFFFAOYSA-N"",""VYBJYTLOZWAVMJ-UHFFFAOYSA-M"",""VYBJYTLOZWAVMJ-UHFFFAOYSA-N"",""XBKKZXODYSDMNC-UHFFFAOYSA-N"",""XJELUCTZEAQYGF-HNCPQSOCSA-M"",""XJELUCTZEAQYGF-PPHPATTJSA-M"",""XJELUCTZEAQYGF-UHFFFAOYSA-M"",""XJELUCTZEAQYGF-UHFFFAOYSA-N"",""YRDOENCRVCZTSU-UHFFFAOYSA-L"",""ZAXRZFFMBAMXAC-UHFFFAOYSA-N"",""ZHPKLDOUTPBCQJ-UHFFFAOYSA-N""]"
439,norfloxacin,CIDm00004539,true,18,17,"[""AYEXIHJJZPTXSS-ARGLLVQISA-N"",""AYEXIHJJZPTXSS-UHFFFAOYSA-N"",""IHXYXNYSTDOARA-UHFFFAOYSA-N"",""ITBINNOMHXTMLQ-UHFFFAOYSA-N"",""JJWDELPVPRCLQN-UHFFFAOYSA-N"",""LTYPJRQRHQNPHL-UHFFFAOYSA-M"",""OGJPXUAPXNRGGI-SJPDSGJFSA-N"",""OGJPXUAPXNRGGI-SQUIKQQTSA-N"",""OGJPXUAPXNRGGI-UHFFFAOYSA-M"",""OGJPXUAPXNRGGI-UHFFFAOYSA-N"",""OGJPXUAPXNRGGI-UHFFFAOYSA-O"",""OGJPXUAPXNRGGI-UHFFFAOYSA-P"",""OGJPXUAPXNRGGI-VMNATFBRSA-N"",""OGJPXUAPXNRGGI-ZBJDZAJPSA-N"",""OQPBNMAOEATERV-UHFFFAOYSA-N"",""SABYNFGBECUNTA-UHFFFAOYSA-N"",""VVAFWLUCSSDOBH-UHFFFAOYSA-N""]"
440,amoxicillin,CIDm00033613,false,0,0,[]
441,oxybutynin,CIDm00004634,true,196,191,"[""DZXJJTDGYSBQFV-UHFFFAOYSA-N"",""GMZNEHFJROFJRF-UHFFFAOYSA-N"",""HDJFIKQECKJUAH-UHFFFAOYSA-N"",""IHKYJFFDGWWQPK-IKXJNKEISA-N"",""IHKYJFFDGWWQPK-UHFFFAOYSA-N"",""JBZFLPKCZPDESC-UHFFFAOYSA-N"",""KMBFNGQATUYUNF-UHFFFAOYSA-N"",""MXFJVWUJSHEMBE-UHFFFAOYSA-N"",""OPELEYVHVRXQNB-UHFFFAOYSA-N"",""PHHXLZBJGHCPHG-UHFFFAOYSA-N"",""SWIJYDAEGSIQPZ-CRYKOVJQSA-N"",""SWIJYDAEGSIQPZ-FTBISJDPSA-N"",""SWIJYDAEGSIQPZ-JPELPYLWSA-N"",""SWIJYDAEGSIQPZ-MFMGRUKYSA-N"",""SWIJYDAEGSIQPZ-QMYMNHACSA-N"",""SWIJYDAEGSIQPZ-UHFFFAOYSA-M"",""SWIJYDAEGSIQPZ-UHFFFAOYSA-N"",""SWIJYDAEGSIQPZ-VZYDHVRKSA-N"",""TYSYUSSNBGIGHK-UHFFFAOYSA-N"",""VKVFGJQKTDXLDX-UHFFFAOYSA-N"",""WKUXIAABZWTYIZ-BTJKTKAUSA-N"",""WKUXIAABZWTYIZ-UHFFFAOYSA-N"",""WKUXIAABZWTYIZ-WLHGVMLRSA-N"",""XBEBPCNTQJSPNU-UHFFFAOYSA-N"",""XIQVNETUBQGFHX-AFOAKVEASA-N"",""XIQVNETUBQGFHX-AFWUPMCJSA-N"",""XIQVNETUBQGFHX-AHQHWLSTSA-N"",""XIQVNETUBQGFHX-AUEHPLNASA-N"",""XIQVNETUBQGFHX-AVEQVWGGSA-N"",""XIQVNETUBQGFHX-AVNHTPNRSA-N"",""XIQVNETUBQGFHX-BBRZRABNSA-N"",""XIQVNETUBQGFHX-BOEDHROHSA-N"",""XIQVNETUBQGFHX-BRFBMZTCSA-N"",""XIQVNETUBQGFHX-CCQSLGIZSA-N"",""XIQVNETUBQGFHX-CDEOAZEJSA-N"",""XIQVNETUBQGFHX-CFUQMEQISA-N"",""XIQVNETUBQGFHX-CPLZMPMBSA-N"",""XIQVNETUBQGFHX-DBTGQBASSA-N"",""XIQVNETUBQGFHX-DINAMINGSA-N"",""XIQVNETUBQGFHX-DRBBBGQBSA-N"",""XIQVNETUBQGFHX-DWEWAQSISA-N"",""XIQVNETUBQGFHX-DYCDLGHISA-O"",""XIQVNETUBQGFHX-DYKPCERASA-N"",""XIQVNETUBQGFHX-DYNHEADWSA-N"",""XIQVNETUBQGFHX-DZCLZHACSA-N"",""XIQVNETUBQGFHX-FBCWWBABSA-N"",""XIQVNETUBQGFHX-FPDSFVJSSA-N"",""XIQVNETUBQGFHX-FRZJKGQJSA-N"",""XIQVNETUBQGFHX-FSEIIBCTSA-N"",""XIQVNETUBQGFHX-FYVUHCLHSA-N"",""XIQVNETUBQGFHX-FZYBEPMASA-N"",""XIQVNETUBQGFHX-GJBFWVGASA-N"",""XIQVNETUBQGFHX-GLWPXITESA-N"",""XIQVNETUBQGFHX-GOGRQXODSA-N"",""XIQVNETUBQGFHX-GTZUSJOMSA-N"",""XIQVNETUBQGFHX-GYQLGVEKSA-N"",""XIQVNETUBQGFHX-HBUAZQNRSA-N"",""XIQVNETUBQGFHX-HCZLHYHXSA-N"",""XIQVNETUBQGFHX-HOZVJAQJSA-N"",""XIQVNETUBQGFHX-HUEHRLMCSA-N"",""XIQVNETUBQGFHX-HXFPXVKHSA-N"",""XIQVNETUBQGFHX-HYCXCUNASA-N"",""XIQVNETUBQGFHX-IABZDARNSA-N"",""XIQVNETUBQGFHX-IBQPBCKGSA-N"",""XIQVNETUBQGFHX-ICHDCAJESA-N"",""XIQVNETUBQGFHX-IEHTUZNJSA-N"",""XIQVNETUBQGFHX-ITOARKEJSA-N"",""XIQVNETUBQGFHX-JBEYWILLSA-N"",""XIQVNETUBQGFHX-JDYWZCDCSA-N"",""XIQVNETUBQGFHX-JEKJNCQUSA-N"",""XIQVNETUBQGFHX-JFBRWDQUSA-N"",""XIQVNETUBQGFHX-JHGPUBTJSA-N"",""XIQVNETUBQGFHX-JJNFSNQMSA-N"",""XIQVNETUBQGFHX-JMBDPPEBSA-N"",""XIQVNETUBQGFHX-JOCHJYFZSA-N"",""XIQVNETUBQGFHX-JOCHJYFZSA-O"",""XIQVNETUBQGFHX-JQHJVVSWSA-N"",""XIQVNETUBQGFHX-JTYDZVOKSA-N"",""XIQVNETUBQGFHX-JVZQMODPSA-N"",""XIQVNETUBQGFHX-KDGGGAIRSA-N"",""XIQVNETUBQGFHX-KHORGVISSA-N"",""XIQVNETUBQGFHX-KOQMYAFASA-N"",""XIQVNETUBQGFHX-KXGUQSGESA-N"",""XIQVNETUBQGFHX-LARRELSWSA-N"",""XIQVNETUBQGFHX-LBSQWDJMSA-N"",""XIQVNETUBQGFHX-LDQFOISZSA-N"",""XIQVNETUBQGFHX-LFJCLHHCSA-N"",""XIQVNETUBQGFHX-LIJFWIJSSA-N"",""XIQVNETUBQGFHX-LLTSOWNGSA-N"",""XIQVNETUBQGFHX-LRAFVSEMSA-N"",""XIQVNETUBQGFHX-LSDOLPLFSA-N"",""XIQVNETUBQGFHX-LSGZBWOISA-N"",""XIQVNETUBQGFHX-LWDSNQHLSA-N"",""XIQVNETUBQGFHX-MDWSTOISSA-N"",""XIQVNETUBQGFHX-MEHNFPLOSA-N"",""XIQVNETUBQGFHX-MICDWDOJSA-N"",""XIQVNETUBQGFHX-MLUNTPTKSA-N"",""XIQVNETUBQGFHX-MMDGKGIBSA-N"",""XIQVNETUBQGFHX-MVKQOYSXSA-N"",""XIQVNETUBQGFHX-MWUKXHIBSA-N"",""XIQVNETUBQGFHX-NEHPYTOZSA-N"",""XIQVNETUBQGFHX-NFMWIEPTSA-N"",""XIQVNETUBQGFHX-NJBWTEAYSA-N"",""XIQVNETUBQGFHX-NJXYADFMSA-N"",""XIQVNETUBQGFHX-NLGVFGFKSA-N"",""XIQVNETUBQGFHX-NLIGRGRPSA-N"",""XIQVNETUBQGFHX-NNOQXUJGSA-N"",""XIQVNETUBQGFHX-NNOUGDMGSA-N"",""XIQVNETUBQGFHX-NOSOHPIGSA-N"",""XIQVNETUBQGFHX-NOSTTWDISA-N"",""XIQVNETUBQGFHX-NQZBABOMSA-N"",""XIQVNETUBQGFHX-NWDJDSCJSA-N"",""XIQVNETUBQGFHX-NZXOLUSXSA-N"",""XIQVNETUBQGFHX-OCLSTQIESA-N"",""XIQVNETUBQGFHX-OHHDDPOUSA-N"",""XIQVNETUBQGFHX-OIMWTVLHSA-N"",""XIQVNETUBQGFHX-OKHXNVFUSA-N"",""XIQVNETUBQGFHX-OVZXWPACSA-N"",""XIQVNETUBQGFHX-OYUQTVDLSA-N"",""XIQVNETUBQGFHX-PBLBNFCASA-N"",""XIQVNETUBQGFHX-PFKDKBRHSA-N"",""XIQVNETUBQGFHX-PJZVDSNXSA-N"",""XIQVNETUBQGFHX-PPRWSYCBSA-N"",""XIQVNETUBQGFHX-PQEKFWLYSA-N"",""XIQVNETUBQGFHX-PSQAFJDASA-N"",""XIQVNETUBQGFHX-PUYRQWKPSA-N"",""XIQVNETUBQGFHX-QFIPXVFZSA-N"",""XIQVNETUBQGFHX-QFIPXVFZSA-O"",""XIQVNETUBQGFHX-QNGAXMPXSA-N"",""XIQVNETUBQGFHX-QOKNOLJESA-N"",""XIQVNETUBQGFHX-QVTPLBNTSA-N"",""XIQVNETUBQGFHX-QXPLUHQOSA-N"",""XIQVNETUBQGFHX-RAPHKULXSA-N"",""XIQVNETUBQGFHX-RDZFGCRZSA-N"",""XIQVNETUBQGFHX-RJJYFXMFSA-N"",""XIQVNETUBQGFHX-ROIJUIMZSA-N"",""XIQVNETUBQGFHX-RPMLKYCJSA-N"",""XIQVNETUBQGFHX-RWUYBYIRSA-N"",""XIQVNETUBQGFHX-SBYNRLFQSA-N"",""XIQVNETUBQGFHX-SOKFKPPRSA-N"",""XIQVNETUBQGFHX-SPRHTAFJSA-N"",""XIQVNETUBQGFHX-SPZGWIORSA-N"",""XIQVNETUBQGFHX-STDJZRSZSA-N"",""XIQVNETUBQGFHX-STRZENSGSA-N"",""XIQVNETUBQGFHX-SYBSTZTOSA-N"",""XIQVNETUBQGFHX-SZNBAFJCSA-N"",""XIQVNETUBQGFHX-TXDJAKQNSA-N"",""XIQVNETUBQGFHX-UDTCQZLYSA-N"",""XIQVNETUBQGFHX-UHFFFAOYSA-N"",""XIQVNETUBQGFHX-UHFFFAOYSA-O"",""XIQVNETUBQGFHX-UHPWRWRCSA-N"",""XIQVNETUBQGFHX-ULMMTEQTSA-N"",""XIQVNETUBQGFHX-UTGOGXTPSA-N"",""XIQVNETUBQGFHX-UWLXBOIBSA-N"",""XIQVNETUBQGFHX-UXYBMKCRSA-N"",""XIQVNETUBQGFHX-UZNSXDPZSA-N"",""XIQVNETUBQGFHX-VCEKKEEGSA-N"",""XIQVNETUBQGFHX-VMUNTEKPSA-N"",""XIQVNETUBQGFHX-VOYKWDHJSA-N"",""XIQVNETUBQGFHX-VUHQGZIXSA-N"",""XIQVNETUBQGFHX-VUNWAKGDSA-N"",""XIQVNETUBQGFHX-VUPPFEJJSA-N"",""XIQVNETUBQGFHX-WAVHWVJASA-N"",""XIQVNETUBQGFHX-WBICNIECSA-N"",""XIQVNETUBQGFHX-WCFCCSSPSA-N"",""XIQVNETUBQGFHX-WDQFDCIZSA-N"",""XIQVNETUBQGFHX-WFAUJXOISA-N"",""XIQVNETUBQGFHX-WFGJKAKNSA-N"",""XIQVNETUBQGFHX-WFWZPMHZSA-N"",""XIQVNETUBQGFHX-WJUDSHNTSA-N"",""XIQVNETUBQGFHX-WKWNNCNZSA-N"",""XIQVNETUBQGFHX-WNIFKIOWSA-N"",""XIQVNETUBQGFHX-WRLRQCENSA-N"",""XIQVNETUBQGFHX-WUDSMOEPSA-N"",""XIQVNETUBQGFHX-WXPZZFNISA-N"",""XIQVNETUBQGFHX-XRDMFTDVSA-N"",""XIQVNETUBQGFHX-XUANXSSDSA-N"",""XIQVNETUBQGFHX-XVRQPCLKSA-N"",""XIQVNETUBQGFHX-YENAAFAJSA-N"",""XIQVNETUBQGFHX-YEYMPSBXSA-N"",""XIQVNETUBQGFHX-YFDDZPPRSA-N"",""XIQVNETUBQGFHX-YGCMUTFBSA-N"",""XIQVNETUBQGFHX-YKPKOBDESA-N"",""XIQVNETUBQGFHX-YLRWOUNHSA-N"",""XIQVNETUBQGFHX-YQSQOXAXSA-N"",""XIQVNETUBQGFHX-YTBLMDPGSA-N"",""XIQVNETUBQGFHX-ZGIIJMSJSA-N"",""XIQVNETUBQGFHX-ZLNSPLGPSA-N"",""XIQVNETUBQGFHX-ZMNQNKRKSA-N"",""XIQVNETUBQGFHX-ZPJDWWTCSA-N"",""XIQVNETUBQGFHX-ZZSLXZDHSA-N""]"
442,glipizide,CIDm00003478,true,21,21,"[""GTOBSJQFDVMNJK-UHFFFAOYSA-N"",""ISDAYJDRXDZHTI-UHFFFAOYSA-N"",""SUYPBQGSYOOPMU-UHFFFAOYSA-N"",""ZJJXGWJIGJFDTL-AREBVXNXSA-N"",""ZJJXGWJIGJFDTL-BKNSPMICSA-N"",""ZJJXGWJIGJFDTL-BZBYGPGWSA-N"",""ZJJXGWJIGJFDTL-CVIXCLIASA-N"",""ZJJXGWJIGJFDTL-DUGSDIORSA-N"",""ZJJXGWJIGJFDTL-FIBGUPNXSA-N"",""ZJJXGWJIGJFDTL-FLZZRPEZSA-N"",""ZJJXGWJIGJFDTL-HIPMALRFSA-N"",""ZJJXGWJIGJFDTL-IAADRZLJSA-N"",""ZJJXGWJIGJFDTL-ICVSGKNPSA-N"",""ZJJXGWJIGJFDTL-KVEFGMAKSA-N"",""ZJJXGWJIGJFDTL-RWNYBAIBSA-N"",""ZJJXGWJIGJFDTL-TWTRDABYSA-N"",""ZJJXGWJIGJFDTL-UHFFFAOYSA-M"",""ZJJXGWJIGJFDTL-UHFFFAOYSA-N"",""ZJJXGWJIGJFDTL-ULDPCNCHSA-N"",""ZJJXGWJIGJFDTL-VQLJZFHESA-N"",""ZJJXGWJIGJFDTL-ZLINPFJVSA-N""]"
443,clonazepam,CIDm00002802,true,8,8,"[""DGBIGWXXNGSACT-KTXZGTEKSA-N"",""DGBIGWXXNGSACT-MZCYPUCGSA-N"",""DGBIGWXXNGSACT-QNRGXRCJSA-N"",""DGBIGWXXNGSACT-RHQRLBAQSA-N"",""DGBIGWXXNGSACT-UHFFFAOYSA-N"",""DGBIGWXXNGSACT-XOWCGMJMSA-N"",""HVZKFUYPRPAHIT-UHFFFAOYSA-N"",""VWRNQDQMIQNCOC-UHFFFAOYSA-N""]"
444,atazanavir,CIDm00148192,true,67,65,"[""AXRYRYVKAWYZBR-AAPVVJSESA-N"",""AXRYRYVKAWYZBR-BVEPWEIPSA-N"",""AXRYRYVKAWYZBR-CPSMPXDPSA-N"",""AXRYRYVKAWYZBR-CQHGWOHYSA-N"",""AXRYRYVKAWYZBR-DMRWGJFQSA-N"",""AXRYRYVKAWYZBR-FEFKUCBWSA-N"",""AXRYRYVKAWYZBR-GASGPIRDSA-N"",""AXRYRYVKAWYZBR-GASGPIRDSA-O"",""AXRYRYVKAWYZBR-GHTZOIKPSA-N"",""AXRYRYVKAWYZBR-GKVVOQIHSA-N"",""AXRYRYVKAWYZBR-GVYALQQYSA-N"",""AXRYRYVKAWYZBR-HMLRVIJPSA-N"",""AXRYRYVKAWYZBR-HWOXFOCPSA-N"",""AXRYRYVKAWYZBR-IFYULNIQSA-N"",""AXRYRYVKAWYZBR-IHZBLBIESA-N"",""AXRYRYVKAWYZBR-ILCNTUBFSA-N"",""AXRYRYVKAWYZBR-IMRLIPFFSA-N"",""AXRYRYVKAWYZBR-JRIDOFFDSA-N"",""AXRYRYVKAWYZBR-JRUBTJKGSA-N"",""AXRYRYVKAWYZBR-LYBMHKGZSA-N"",""AXRYRYVKAWYZBR-MPPAUXDNSA-N"",""AXRYRYVKAWYZBR-MPPAUXDNSA-O"",""AXRYRYVKAWYZBR-MPQQWMNHSA-N"",""AXRYRYVKAWYZBR-MQVBARLISA-N"",""AXRYRYVKAWYZBR-OILOEKNHSA-N"",""AXRYRYVKAWYZBR-OPECFMANSA-N"",""AXRYRYVKAWYZBR-ORLNJQPYSA-N"",""AXRYRYVKAWYZBR-PFUPJWPWSA-N"",""AXRYRYVKAWYZBR-PWYFUCSWSA-N"",""AXRYRYVKAWYZBR-RMRNVDBSSA-N"",""AXRYRYVKAWYZBR-SEVDZJIVSA-N"",""AXRYRYVKAWYZBR-SGZIELMRSA-N"",""AXRYRYVKAWYZBR-SRYRLTJJSA-N"",""AXRYRYVKAWYZBR-SYEZAVJTSA-N"",""AXRYRYVKAWYZBR-SYPWEYLASA-N"",""AXRYRYVKAWYZBR-UHFFFAOYSA-N"",""AXRYRYVKAWYZBR-UHFFFAOYSA-O"",""AXRYRYVKAWYZBR-UKJZVYLRSA-N"",""AXRYRYVKAWYZBR-UVPBJRGSSA-N"",""AXRYRYVKAWYZBR-VKFGULJUSA-N"",""AXRYRYVKAWYZBR-VWPRMMSESA-N"",""AXRYRYVKAWYZBR-WNBCSEHKSA-N"",""AXRYRYVKAWYZBR-WVUOTVIVSA-N"",""AXRYRYVKAWYZBR-XWBHTBAJSA-N"",""AXRYRYVKAWYZBR-YDPTYEFTSA-N"",""AXRYRYVKAWYZBR-ZZJRQBSZSA-N"",""DQSGVVGOPRWTKI-GXYURGKRSA-N"",""DQSGVVGOPRWTKI-NFGSXFKWSA-N"",""DQSGVVGOPRWTKI-PJGWLHORSA-N"",""DQSGVVGOPRWTKI-QVFAWCHISA-M"",""DQSGVVGOPRWTKI-QVFAWCHISA-N"",""DQSGVVGOPRWTKI-UHFFFAOYSA-N"",""DQSGVVGOPRWTKI-WYDLTDSDSA-N"",""DQSGVVGOPRWTKI-ZVFADTGWSA-N"",""JOKZQKAMIKRKCF-STHSSMHOSA-N"",""LXODTZLKCNVEIG-GXYURGKRSA-N"",""LXODTZLKCNVEIG-QVFAWCHISA-N"",""LXODTZLKCNVEIG-UHFFFAOYSA-N"",""WJKUNBWVEWUVPQ-GXYURGKRSA-N"",""WJKUNBWVEWUVPQ-QVFAWCHISA-N"",""WJKUNBWVEWUVPQ-UHFFFAOYSA-N"",""XNYXQTQAZLUCGC-JTMUEBQSSA-N"",""YRPFHZHYWGYNRW-RAPUQZARSA-N"",""YRPFHZHYWGYNRW-UBLWLDIWSA-N"",""YRPFHZHYWGYNRW-UHFFFAOYSA-N""]"
445,fludarabine,CIDm00657237,false,0,0,[]
446,atorvastatin,CIDm00060822,false,0,0,[]
447,tegaserod,CIDm05487301,true,6,6,"[""PINGCSUEYQYSEB-GFQXDJOGSA-N"",""PINGCSUEYQYSEB-UHFFFAOYSA-N"",""URPUECXJHQGUDU-JLHYYAGUSA-N"",""URPUECXJHQGUDU-JLHYYAGUSA-O"",""URPUECXJHQGUDU-UHFFFAOYSA-N"",""URPUECXJHQGUDU-UHFFFAOYSA-O""]"
448,vigabatrin,CIDm00005665,true,16,13,"[""FBNKOYLPAMUOHS-NUBCRITNSA-N"",""FBNKOYLPAMUOHS-UHFFFAOYSA-N"",""PJDFLNIOAUIZSL-KWCOIAHCSA-N"",""PJDFLNIOAUIZSL-LQYZONANSA-N"",""PJDFLNIOAUIZSL-NJFSPNSNSA-N"",""PJDFLNIOAUIZSL-RVQWGROCSA-N"",""PJDFLNIOAUIZSL-RXMQYKEDSA-N"",""PJDFLNIOAUIZSL-UBGPSAFESA-N"",""PJDFLNIOAUIZSL-UHFFFAOYSA-M"",""PJDFLNIOAUIZSL-UHFFFAOYSA-N"",""PJDFLNIOAUIZSL-YFKPBYRVSA-N"",""WARVHQLQXIHVIJ-JZLFTLSWSA-N"",""WARVHQLQXIHVIJ-UHFFFAOYSA-N""]"
449,streptomycin,CIDm06419957,false,0,0,[]
450,orlistat,CIDm03034010,false,0,0,[]
451,pilocarpine,CIDm00005909,false,0,0,[]
452,iloprost,CIDm06435378,false,0,0,[]
453,fluvastatin,CIDm00446155,false,0,0,[]
454,leflunomide,CIDm00003899,true,4,4,"[""MEEDJKFVRGVCAQ-UHFFFAOYSA-N"",""VHOGYURTWQBHIL-QFFDRWTDSA-N"",""VHOGYURTWQBHIL-UHFFFAOYSA-N"",""VHOGYURTWQBHIL-YGYBDULZSA-N""]"
455,rosuvastatin,CIDm00446157,false,0,0,[]
456,pimozide,CIDm00016362,true,6,6,"[""KVPPJZRLRFEXLC-UHFFFAOYSA-N"",""YVUQSNJEYSNKRX-GLOFJIOZSA-N"",""YVUQSNJEYSNKRX-SQXKFXMRSA-N"",""YVUQSNJEYSNKRX-UHFFFAOYSA-N"",""YVUQSNJEYSNKRX-UHFFFAOYSA-O"",""ZOAQRBDDKAYAJJ-UHFFFAOYSA-N""]"
457,capecitabine,CIDm00060953,true,27,27,"[""GAGWJHPBXLXJQN-BQKRADJCSA-N"",""GAGWJHPBXLXJQN-FSWKUEMBSA-N"",""GAGWJHPBXLXJQN-GLGIWRCQSA-N"",""GAGWJHPBXLXJQN-GMTLJSCSSA-N"",""GAGWJHPBXLXJQN-HFHAKLMTSA-N"",""GAGWJHPBXLXJQN-IHXVIFPJSA-N"",""GAGWJHPBXLXJQN-IZSYJUOESA-N"",""GAGWJHPBXLXJQN-JXDRLYBSSA-N"",""GAGWJHPBXLXJQN-KIEYTJIHSA-N"",""GAGWJHPBXLXJQN-LXGADPQPSA-N"",""GAGWJHPBXLXJQN-PAARDUIGSA-N"",""GAGWJHPBXLXJQN-PWHHLJFRSA-N"",""GAGWJHPBXLXJQN-PZRXXAOOSA-N"",""GAGWJHPBXLXJQN-QCUFEFEGSA-N"",""GAGWJHPBXLXJQN-QKDUFKDQSA-N"",""GAGWJHPBXLXJQN-QTWAVBNJSA-N"",""GAGWJHPBXLXJQN-RGUZAKKISA-N"",""GAGWJHPBXLXJQN-RHDVPANISA-N"",""GAGWJHPBXLXJQN-SJKQPDGISA-N"",""GAGWJHPBXLXJQN-SQUIKQQTSA-N"",""GAGWJHPBXLXJQN-SZBHNWKESA-N"",""GAGWJHPBXLXJQN-UHFFFAOYSA-N"",""GAGWJHPBXLXJQN-UORFTKCHSA-N"",""GAGWJHPBXLXJQN-XSFNBKHLSA-N"",""GAGWJHPBXLXJQN-YMCYKKSASA-N"",""HIHSTRCIVWIIFL-RUMLPOCJSA-N"",""HIHSTRCIVWIIFL-UHFFFAOYSA-N""]"
458,sertraline,CIDm00063009,false,0,0,[]
459,heparin,CIDm00000772,true,2,2,"[""HTTJABKRGRZYRN-RDIQSYKISA-N"",""HTTJABKRGRZYRN-UHFFFAOYSA-N""]"
460,miconazole,CIDm00004189,true,31,29,"[""AMZORRCWRCSBCZ-UHFFFAOYSA-N"",""APCOSEGPTCWPHP-JJMXQKMNSA-N"",""APCOSEGPTCWPHP-UHFFFAOYSA-N"",""AXNXRYZFUZCUHA-FERBBOLQSA-N"",""AXNXRYZFUZCUHA-UHFFFAOYSA-N"",""BYBLEWFAAKGYCD-GOSISDBHSA-N"",""BYBLEWFAAKGYCD-GOSISDBHSA-O"",""BYBLEWFAAKGYCD-SFHVURJKSA-N"",""BYBLEWFAAKGYCD-SFHVURJKSA-O"",""BYBLEWFAAKGYCD-UHFFFAOYSA-N"",""BYBLEWFAAKGYCD-UHFFFAOYSA-O"",""BYBLEWFAAKGYCD-XJMIFHCFSA-N"",""GKDGHCAOLSWJJR-FERBBOLQSA-N"",""GKDGHCAOLSWJJR-UHFFFAOYSA-N"",""LUERINJYTGPRLZ-UHFFFAOYSA-N"",""MCCACAIVAXEFAL-CDCUZREZSA-N"",""MCCACAIVAXEFAL-FERBBOLQSA-N"",""MCCACAIVAXEFAL-GMUIIQOCSA-N"",""MCCACAIVAXEFAL-UHFFFAOYSA-N"",""MZHFRTJPOGZZGG-FERBBOLQSA-N"",""MZHFRTJPOGZZGG-UHFFFAOYSA-N"",""NKOGUVSBQCKFDQ-FERBBOLQSA-N"",""NKOGUVSBQCKFDQ-UHFFFAOYSA-N"",""QXJIXVMJFQHVSF-UHFFFAOYSA-N"",""WTYHETMSCLHETQ-GMUIIQOCSA-N"",""WTYHETMSCLHETQ-UHFFFAOYSA-N"",""WTYHETMSCLHETQ-UHFFFAOYSA-O"",""XFQKYJGKKVWTQJ-UHFFFAOYSA-N"",""YEMTUZHXFVSUSC-UHFFFAOYSA-M""]"
461,nifedipine,CIDm00004485,true,21,21,"[""GHKPODQDSZTIIN-UHFFFAOYSA-N"",""GTXBWHIDJSKXHD-UHFFFAOYSA-N"",""HYIMSNHJOBLJNT-CQDYUVAPSA-N"",""HYIMSNHJOBLJNT-FOQJRBATSA-N"",""HYIMSNHJOBLJNT-KDWZCNHSSA-N"",""HYIMSNHJOBLJNT-KTXUZGJCSA-N"",""HYIMSNHJOBLJNT-LIJFRPJRSA-N"",""HYIMSNHJOBLJNT-MGKWXGLJSA-N"",""HYIMSNHJOBLJNT-OWNUJEFMSA-N"",""HYIMSNHJOBLJNT-RWFJLFJASA-N"",""HYIMSNHJOBLJNT-UERCFELYSA-N"",""HYIMSNHJOBLJNT-UHFFFAOYSA-N"",""HYIMSNHJOBLJNT-UHFFFAOYSA-O"",""HYIMSNHJOBLJNT-WFGJKAKNSA-N"",""HZAYOBLZTKMKJT-UHFFFAOYSA-M"",""HZAYOBLZTKMKJT-XERWBJCMSA-M"",""ISQGFMPRCDAJRT-UHFFFAOYSA-N"",""JZEVZENQTNOBPO-BTJKTKAUSA-N"",""JZEVZENQTNOBPO-UHFFFAOYSA-N"",""KIGIGSJVYZTKLW-UHFFFAOYSA-N"",""LAWQBQYLMBOYMQ-UHFFFAOYSA-N""]"
462,atovaquone,CIDm00074989,true,9,9,"[""BSJMWHQBCZFXBR-ADEREJQVSA-N"",""BSJMWHQBCZFXBR-IRYCTXJYSA-N"",""BSJMWHQBCZFXBR-RHQRLBAQSA-N"",""BSJMWHQBCZFXBR-UHFFFAOYSA-M"",""BSJMWHQBCZFXBR-UHFFFAOYSA-N"",""BSJMWHQBCZFXBR-YNUDWXFUSA-N"",""BSJMWHQBCZFXBR-ZUIAZTCQSA-N"",""HSCRIRGQYJFUEC-UHFFFAOYSA-N"",""UPZQOPOXPYCNMK-UHFFFAOYSA-N""]"
463,amiodarone,CIDm00002156,true,14,12,"[""ITPDYQOUSLNIHG-MMJSDMDPSA-N"",""ITPDYQOUSLNIHG-UHFFFAOYSA-M"",""ITPDYQOUSLNIHG-UHFFFAOYSA-N"",""ITPDYQOUSLNIHG-XYDKDKLNSA-N"",""IXRDSDFYEFTIFF-UHFFFAOYSA-N"",""IYIKLHRQXLHMJQ-QCAIBXFOSA-N"",""IYIKLHRQXLHMJQ-RYIWKTDQSA-N"",""IYIKLHRQXLHMJQ-UHFFFAOYSA-N"",""IYIKLHRQXLHMJQ-UHFFFAOYSA-O"",""IYIKLHRQXLHMJQ-VGKOQFHTSA-N"",""RCYTVGMKFSRSBT-UHFFFAOYSA-N"",""UWJARLOQLQNJME-UHFFFAOYSA-N""]"
464,gliclazide,CIDm00003475,true,20,20,"[""BOVGTQGAOIONJV-BETUJISGSA-M"",""BOVGTQGAOIONJV-BETUJISGSA-N"",""BOVGTQGAOIONJV-CHWSQXEVSA-M"",""BOVGTQGAOIONJV-CHWSQXEVSA-N"",""BOVGTQGAOIONJV-COWIDNRPSA-N"",""BOVGTQGAOIONJV-IGPOPIHNSA-N"",""BOVGTQGAOIONJV-ILYSSWDVSA-N"",""BOVGTQGAOIONJV-KDWZCNHSSA-N"",""BOVGTQGAOIONJV-MSDOIBIESA-N"",""BOVGTQGAOIONJV-SSQNFVSCSA-N"",""BOVGTQGAOIONJV-STQMWFEESA-M"",""BOVGTQGAOIONJV-STQMWFEESA-N"",""BOVGTQGAOIONJV-UHFFFAOYSA-M"",""BOVGTQGAOIONJV-UHFFFAOYSA-N"",""BOVGTQGAOIONJV-WPEGTTIUSA-N"",""BOVGTQGAOIONJV-YNSOAAEFSA-N"",""BOVGTQGAOIONJV-ZBJDZAJPSA-N"",""CZPRPTOYXMHSLS-UHFFFAOYSA-N"",""MQRUYZFOGNYMOZ-UHFFFAOYSA-N"",""RWRJADMMIPEBEZ-UHFFFAOYSA-N""]"
465,bicalutamide,CIDm00002375,true,23,23,"[""ACHXTPDNANVZCZ-UHFFFAOYSA-K"",""BTLARUSVESCLAB-UHFFFAOYSA-N"",""BTLARUSVESCLAB-WLHGVMLRSA-N"",""BYXQWYFRFALJGZ-UHFFFAOYSA-M"",""CTBIYNWGVRRJBZ-UHFFFAOYSA-N"",""DODUYAPKKKNQIE-UHFFFAOYSA-M"",""DZSYNVIWSQYYAN-UHFFFAOYSA-N"",""ILXDMJFWHJVWSC-UHFFFAOYSA-N"",""JLDQMTJDIWOUEL-QAOGLABXSA-N"",""JLDQMTJDIWOUEL-UHFFFAOYSA-N"",""LKJPYSCBVHEWIU-AWDFDDCISA-N"",""LKJPYSCBVHEWIU-FTFUYGBWSA-N"",""LKJPYSCBVHEWIU-KRWDZBQOSA-N"",""LKJPYSCBVHEWIU-QGZVFWFLSA-N"",""LKJPYSCBVHEWIU-QSCAWHBFSA-N"",""LKJPYSCBVHEWIU-UHFFFAOYSA-N"",""LKJPYSCBVHEWIU-YNWMVSOESA-N"",""LKJPYSCBVHEWIU-ZDPIWEEJSA-N"",""OIVUFEXTUFZGSK-UHFFFAOYSA-L"",""SJUFOFKHDCJXPY-UHFFFAOYSA-N"",""WJUBSLSXCOQIKH-UHFFFAOYSA-N"",""XSNKAXJTJXBCGJ-UHFFFAOYSA-N"",""XSYSAFYBGKLHDZ-UHFFFAOYSA-N""]"
466,rabeprazole,CIDm00005029,true,109,109,"[""ACPMPTNKZUAYDX-UHFFFAOYSA-N"",""ACPMPTNKZUAYDX-WLOLSGMKSA-N"",""ASVYUQBYXZMKIR-UHFFFAOYSA-N"",""ASVYUQBYXZMKIR-UQIIZPHYSA-N"",""GYGFRMCOWNDDJY-UHFFFAOYSA-N"",""GYGFRMCOWNDDJY-UQIIZPHYSA-N"",""GYGFRMCOWNDDJY-VQIWEWKSSA-N"",""HJKUDSWBOILHIP-UHFFFAOYSA-N"",""HJKUDSWBOILHIP-VQIWEWKSSA-N"",""HKZVUFAIQCTTTD-KHZPMNTOSA-N"",""HKZVUFAIQCTTTD-UHFFFAOYSA-N"",""HKZVUFAIQCTTTD-WLOLSGMKSA-N"",""IFZDTUCTPJAADE-UHFFFAOYSA-M"",""KBEKUPJCCKYYBK-UHFFFAOYSA-N"",""KFXPKMVLOPZIPY-UHFFFAOYSA-N"",""KNWNQAWYVGYXNR-UHFFFAOYSA-N"",""KRCQSTCYZUOBHN-CMOUKOEPSA-N"",""KRCQSTCYZUOBHN-MUTAZJQDSA-N"",""KRCQSTCYZUOBHN-UHFFFAOYSA-N"",""KRCQSTCYZUOBHN-UQIIZPHYSA-N"",""KRCQSTCYZUOBHN-VQIWEWKSSA-N"",""MLQSMKIAIQJZSZ-UHFFFAOYSA-N"",""MLQSMKIAIQJZSZ-UQIIZPHYSA-N"",""NBTJODGYIZLGAM-UHFFFAOYSA-N"",""OOKDEMQQRGAHIH-KECKEFIDSA-N"",""OOKDEMQQRGAHIH-UHFFFAOYSA-N"",""VRLYCGSICKAAES-UHFFFAOYSA-N"",""VRLYCGSICKAAES-UQIIZPHYSA-N"",""VRLYCGSICKAAES-VQIWEWKSSA-N"",""VVVXIAAIFDMADL-UHFFFAOYSA-N"",""VVVXIAAIFDMADL-UQIIZPHYSA-N"",""WOYRBQMLYJBZCX-UHFFFAOYSA-N"",""WOYRBQMLYJBZCX-UQIIZPHYSA-N"",""WOYRBQMLYJBZCX-VQIWEWKSSA-N"",""YREYEVIYCVEVJK-ABTRUDRNSA-N"",""YREYEVIYCVEVJK-AFFOIYSMSA-N"",""YREYEVIYCVEVJK-ANPNXCNTSA-N"",""YREYEVIYCVEVJK-AQGWVVIGSA-N"",""YREYEVIYCVEVJK-BMSJAHLVSA-N"",""YREYEVIYCVEVJK-CDXAVFMLSA-N"",""YREYEVIYCVEVJK-CLZJSRSHSA-N"",""YREYEVIYCVEVJK-CXVYKYTNSA-N"",""YREYEVIYCVEVJK-DHVOKBDQSA-N"",""YREYEVIYCVEVJK-FAOATVTDSA-N"",""YREYEVIYCVEVJK-FCBAFIQCSA-N"",""YREYEVIYCVEVJK-FFQSSJIFSA-N"",""YREYEVIYCVEVJK-FIBGUPNXSA-N"",""YREYEVIYCVEVJK-FKTLLOATSA-N"",""YREYEVIYCVEVJK-FMKFMVMVSA-N"",""YREYEVIYCVEVJK-FODAEMDLSA-N"",""YREYEVIYCVEVJK-FZIWBCTMSA-N"",""YREYEVIYCVEVJK-GDRUHVKASA-N"",""YREYEVIYCVEVJK-HHUVQPQKSA-N"",""YREYEVIYCVEVJK-IDWVLNBRSA-N"",""YREYEVIYCVEVJK-IFITWEEXSA-N"",""YREYEVIYCVEVJK-IHHKLQLHSA-N"",""YREYEVIYCVEVJK-ITUGDQEWSA-N"",""YREYEVIYCVEVJK-JQKGTWBISA-N"",""YREYEVIYCVEVJK-JVXUGDAPSA-N"",""YREYEVIYCVEVJK-KFQMHCHASA-N"",""YREYEVIYCVEVJK-KQLZQJGOSA-N"",""YREYEVIYCVEVJK-KUOGTDLNSA-N"",""YREYEVIYCVEVJK-KWQSSCDASA-N"",""YREYEVIYCVEVJK-LIMZSUJZSA-N"",""YREYEVIYCVEVJK-LSEWHLPWSA-N"",""YREYEVIYCVEVJK-LZQKIWCSSA-N"",""YREYEVIYCVEVJK-MONNEFGBSA-N"",""YREYEVIYCVEVJK-MRKTUWHZSA-N"",""YREYEVIYCVEVJK-NDOGXVRGSA-N"",""YREYEVIYCVEVJK-NGBLLNSUSA-N"",""YREYEVIYCVEVJK-OWAZHTFNSA-N"",""YREYEVIYCVEVJK-POZXKTLWSA-N"",""YREYEVIYCVEVJK-QAJRQOHQSA-N"",""YREYEVIYCVEVJK-QJQIKNCWSA-N"",""YREYEVIYCVEVJK-RBKKSPTKSA-N"",""YREYEVIYCVEVJK-RUZDIDTESA-N"",""YREYEVIYCVEVJK-RUZDIDTESA-O"",""YREYEVIYCVEVJK-SBOGRBCMSA-N"",""YREYEVIYCVEVJK-SLERYZBJSA-N"",""YREYEVIYCVEVJK-UHFFFAOYSA-N"",""YREYEVIYCVEVJK-UHFFFAOYSA-O"",""YREYEVIYCVEVJK-UHFIXWIWSA-N"",""YREYEVIYCVEVJK-URFKORASSA-N"",""YREYEVIYCVEVJK-VCZBKLQQSA-N"",""YREYEVIYCVEVJK-VOMAEBIASA-N"",""YREYEVIYCVEVJK-VSNQTXRSSA-N"",""YREYEVIYCVEVJK-VTNORMIGSA-N"",""YREYEVIYCVEVJK-VWLOTQADSA-N"",""YREYEVIYCVEVJK-VWLOTQADSA-O"",""YREYEVIYCVEVJK-WCXKVIMQSA-N"",""YREYEVIYCVEVJK-WFGJKAKNSA-N"",""YREYEVIYCVEVJK-WNRDSXCRSA-N"",""YREYEVIYCVEVJK-WVCWCWIASA-N"",""YREYEVIYCVEVJK-XDOVXOSISA-N"",""YREYEVIYCVEVJK-XETGXLELSA-N"",""YREYEVIYCVEVJK-XLEVGOFASA-N"",""YREYEVIYCVEVJK-XUWBISKJSA-N"",""YREYEVIYCVEVJK-XWLVBNMBSA-N"",""YREYEVIYCVEVJK-YBNREDMHSA-N"",""YREYEVIYCVEVJK-YVXGZFOXSA-N"",""YREYEVIYCVEVJK-YWGQIDQUSA-N"",""YREYEVIYCVEVJK-YWHHGHAMSA-N"",""YREYEVIYCVEVJK-ZACNAURKSA-N"",""YREYEVIYCVEVJK-ZDPIWEEJSA-N"",""YREYEVIYCVEVJK-ZLXNADJHSA-N"",""YREYEVIYCVEVJK-ZWGOZCLVSA-N"",""ZDLJFWBAKLFMKY-UHFFFAOYSA-N"",""ZDLJFWBAKLFMKY-UQIIZPHYSA-N"",""ZNEXIFIXOHZWRQ-UHFFFAOYSA-N""]"
467,pioglitazone,CIDm00004829,true,53,52,"[""BUVNQWLSTCMMEO-UHFFFAOYSA-N"",""FBBQUCDUCVOIGL-UHFFFAOYSA-N"",""FZBNROSUWGIBDN-UHFFFAOYSA-N"",""FZBNROSUWGIBDN-UNTBIKODSA-N"",""GHUUBYQTCDQWRA-LMOVPXPDSA-N"",""GHUUBYQTCDQWRA-UHFFFAOYSA-M"",""GHUUBYQTCDQWRA-UHFFFAOYSA-N"",""GHUUBYQTCDQWRA-UNTBIKODSA-N"",""GKKKSHATZRXZRD-UHFFFAOYSA-N"",""HIPSJABHRPKKHQ-UHFFFAOYSA-N"",""HIPSJABHRPKKHQ-UNTBIKODSA-N"",""HWPPMHIIITWSEO-UHFFFAOYSA-L"",""HWPPMHIIITWSEO-UHFFFAOYSA-N"",""HYAFETHFCAUJAY-BHTKVCSSSA-N"",""HYAFETHFCAUJAY-DYCDLGHISA-N"",""HYAFETHFCAUJAY-IPSSXUFFSA-N"",""HYAFETHFCAUJAY-KQORAOOSSA-N"",""HYAFETHFCAUJAY-KRWDZBQOSA-N"",""HYAFETHFCAUJAY-MOLZTIPKSA-N"",""HYAFETHFCAUJAY-OKWSDYJOSA-N"",""HYAFETHFCAUJAY-QGZVFWFLSA-N"",""HYAFETHFCAUJAY-UHFFFAOYSA-N"",""HYAFETHFCAUJAY-UHFFFAOYSA-O"",""HYAFETHFCAUJAY-VHLRUQIKSA-N"",""HYAFETHFCAUJAY-VYIZDPFKSA-N"",""HYAFETHFCAUJAY-YBNXMSKUSA-N"",""HYAFETHFCAUJAY-YQUBHJMPSA-N"",""HYAFETHFCAUJAY-ZBJDZAJPSA-N"",""HYAFETHFCAUJAY-ZWGOZCLVSA-N"",""IYABVBNMOIDYPH-UHFFFAOYSA-N"",""JBEQKVRFSAXYIS-MYNXEKQJSA-N"",""JBEQKVRFSAXYIS-UHFFFAOYSA-N"",""JBEQKVRFSAXYIS-UNTBIKODSA-N"",""JPHDKVVTZBDKBQ-UHFFFAOYSA-N"",""JSYGKJNQQQQWOP-UHFFFAOYSA-N"",""JSYGKJNQQQQWOP-UNTBIKODSA-N"",""LJMODOKKAJGZSG-UHFFFAOYSA-N"",""OJILBFFRVXRWOD-UHFFFAOYSA-N"",""OQAQSHRJZFWELU-QAOGLABXSA-N"",""OQAQSHRJZFWELU-UHFFFAOYSA-N"",""PCOLDHAQFBLUEY-UHFFFAOYSA-N"",""QCRVGQDGZGCBLA-UHFFFAOYSA-N"",""SQHZCSKYFSLBLG-UHFFFAOYSA-M"",""VGRFWRKGNKEBGA-LMOVPXPDSA-N"",""VGRFWRKGNKEBGA-UHFFFAOYSA-N"",""VGRFWRKGNKEBGA-UNTBIKODSA-N"",""WQPPVXYMJYHKGZ-BTJKTKAUSA-N"",""WQPPVXYMJYHKGZ-UHFFFAOYSA-N"",""WQPPVXYMJYHKGZ-WLHGVMLRSA-N"",""XIGBJQTWCPRGAD-UHFFFAOYSA-N"",""YHTMEINNOLXZTL-UHFFFAOYSA-N"",""YRUUYXLNBAJFIM-UHFFFAOYSA-M""]"
468,carvedilol,CIDm00002585,true,68,65,"[""AFGSPECISSZPBE-UHFFFAOYSA-N"",""AGTSAYPJPZLRPT-UHFFFAOYSA-N"",""BSNGGVAEAOSJFE-UHFFFAOYSA-N"",""CTJKRZPDIRAFSR-UHFFFAOYSA-N"",""DJJDJMDSIGTSLZ-UHFFFAOYSA-M"",""DJJDJMDSIGTSLZ-UHFFFAOYSA-N"",""FAFTWTXNVNFQQT-UHFFFAOYSA-L"",""FAFTWTXNVNFQQT-UHFFFAOYSA-N"",""FFXLNZQBMPGNJD-UHFFFAOYSA-N"",""GTUUHDQACLJRHN-UHFFFAOYSA-N"",""HATGDHRNRFVAPW-UHFFFAOYSA-N"",""INFAYUWQMWOTBC-UHFFFAOYSA-N"",""JAYBFQXVKDGMFT-RMRYJAPISA-K"",""JAYBFQXVKDGMFT-RMRYJAPISA-N"",""JAYBFQXVKDGMFT-UHFFFAOYSA-K"",""JAYBFQXVKDGMFT-UHFFFAOYSA-N"",""JAYBFQXVKDGMFT-ZEECNFPPSA-N"",""LHNYXTULDSJZRB-IPYPJDBESA-N"",""LHNYXTULDSJZRB-KNYHXMEGSA-N"",""LHNYXTULDSJZRB-UHFFFAOYSA-N"",""LNGGRBYLZNRCOG-UHFFFAOYSA-N"",""MTNHSKINOJNHIS-UHFFFAOYSA-N"",""MUXFSMNKEAHDPV-BTJKTKAUSA-L"",""MUXFSMNKEAHDPV-BTJKTKAUSA-N"",""MUXFSMNKEAHDPV-UHFFFAOYSA-N"",""MUXFSMNKEAHDPV-WLHGVMLRSA-N"",""OGHNVEJMJSYVRP-AIHYXIKFSA-N"",""OGHNVEJMJSYVRP-BJUDXGSMSA-N"",""OGHNVEJMJSYVRP-CBCQAQALSA-N"",""OGHNVEJMJSYVRP-FBZFIHSKSA-N"",""OGHNVEJMJSYVRP-FIBGUPNXSA-N"",""OGHNVEJMJSYVRP-IZIHCQFESA-N"",""OGHNVEJMJSYVRP-KRWDZBQOSA-N"",""OGHNVEJMJSYVRP-KRWDZBQOSA-O"",""OGHNVEJMJSYVRP-MHKQSWFVSA-N"",""OGHNVEJMJSYVRP-NHTDDDCASA-N"",""OGHNVEJMJSYVRP-QGZVFWFLSA-N"",""OGHNVEJMJSYVRP-QGZVFWFLSA-O"",""OGHNVEJMJSYVRP-RYIWKTDQSA-N"",""OGHNVEJMJSYVRP-UHFFFAOYSA-N"",""OGHNVEJMJSYVRP-UHFFFAOYSA-O"",""OGHNVEJMJSYVRP-UHFFFAOYSA-P"",""OOXZPIGIKGIENP-QAOGLABXSA-N"",""OOXZPIGIKGIENP-UHFFFAOYSA-N"",""OSZYHTJPTLLICF-LMOVPXPDSA-N"",""OSZYHTJPTLLICF-UHFFFAOYSA-M"",""OSZYHTJPTLLICF-UHFFFAOYSA-N"",""OSZYHTJPTLLICF-UNTBIKODSA-N"",""POFJUNNSHGGHIG-UHFFFAOYSA-M"",""POFJUNNSHGGHIG-UHFFFAOYSA-N"",""QHXINFRYDYEWAU-UHFFFAOYSA-N"",""QRKVQGAGPYGHIX-UHFFFAOYSA-N"",""SNKJVSPUSUIAHC-UHFFFAOYSA-N"",""UNZLXUWXCSGVTH-UHFFFAOYSA-L"",""UNZLXUWXCSGVTH-UHFFFAOYSA-N"",""WWXYYTOHUGNKSA-UHFFFAOYSA-L"",""WWXYYTOHUGNKSA-UHFFFAOYSA-N"",""XCPXNPBILMXKNX-LMOVPXPDSA-N"",""XCPXNPBILMXKNX-UHFFFAOYSA-K"",""XCPXNPBILMXKNX-UHFFFAOYSA-L"",""XCPXNPBILMXKNX-UHFFFAOYSA-N"",""XCPXNPBILMXKNX-UNTBIKODSA-K"",""XCPXNPBILMXKNX-UNTBIKODSA-N"",""XCSIQDCSMWJEST-UHFFFAOYSA-N"",""YLBYPOCMBGHNHD-UHFFFAOYSA-N""]"
469,levofloxacin,CIDm00149096,false,0,0,[]
470,micafungin,CIDm06602291,false,0,0,[]
471,doxepin,CIDm00003158,true,34,31,"[""BHMPQDQHEIEZFT-UHFFFAOYSA-N"",""BKZJMEOQKWOGGY-UHFFFAOYSA-N"",""BOEOPSLNCWPDPV-UHFFFAOYSA-N"",""DJGDNODXKWECBD-BTJKTKAUSA-N"",""DJGDNODXKWECBD-DLZPVJIXSA-N"",""DJGDNODXKWECBD-UHFFFAOYSA-N"",""DJGDNODXKWECBD-WCVQRINPSA-N"",""HSIGUPIIEFHIDN-CULRIWENSA-N"",""HSIGUPIIEFHIDN-SJDTYFKWSA-N"",""HSIGUPIIEFHIDN-UHFFFAOYSA-N"",""MHNSPTUQQIYJOT-CULRIWENSA-M"",""MHNSPTUQQIYJOT-CULRIWENSA-N"",""MHNSPTUQQIYJOT-JIJIWJQZSA-N"",""MHNSPTUQQIYJOT-NIIDSAIPSA-N"",""MHNSPTUQQIYJOT-NJBVGFLXSA-N"",""MHNSPTUQQIYJOT-SJDTYFKWSA-M"",""MHNSPTUQQIYJOT-SJDTYFKWSA-N"",""MHNSPTUQQIYJOT-UHFFFAOYSA-M"",""MHNSPTUQQIYJOT-UHFFFAOYSA-N"",""ODQWQRRAPPTVAG-BOPFTXTBSA-N"",""ODQWQRRAPPTVAG-BOPFTXTBSA-O"",""ODQWQRRAPPTVAG-FIBGUPNXSA-N"",""ODQWQRRAPPTVAG-GZTJUZNOSA-N"",""ODQWQRRAPPTVAG-GZTJUZNOSA-O"",""ODQWQRRAPPTVAG-KUHNCADFSA-N"",""ODQWQRRAPPTVAG-NSUNFFQKSA-N"",""ODQWQRRAPPTVAG-QDBJSMJTSA-N"",""ODQWQRRAPPTVAG-QRYZPGCSSA-N"",""ODQWQRRAPPTVAG-TYQGUQKHSA-N"",""ODQWQRRAPPTVAG-UHFFFAOYSA-N"",""ODQWQRRAPPTVAG-UHFFFAOYSA-O""]"
472,nefazodone,CIDm00004449,true,18,17,"[""DYCKFEBIOUQECE-GTKMFTTMSA-N"",""DYCKFEBIOUQECE-UHFFFAOYSA-M"",""DYCKFEBIOUQECE-UHFFFAOYSA-N"",""DYCKFEBIOUQECE-ZLPVUQANSA-N"",""JUTHNJCDYYZBRB-UHFFFAOYSA-N"",""KDHDAJNYCMNWIZ-UHFFFAOYSA-N"",""LKMOCBGILPQHRQ-UHFFFAOYSA-N"",""QQMRAPRZNCOJBP-LREBCSMRSA-N"",""QQMRAPRZNCOJBP-UHFFFAOYSA-N"",""RCXIHNRQZLNQPG-UHFFFAOYSA-N"",""RHKSDGCCJYOJIQ-UHFFFAOYSA-N"",""RMRKEFTZPCOPSS-UHFFFAOYSA-N"",""VRBKIVRKKCLPHA-JIXMQKHESA-N"",""VRBKIVRKKCLPHA-UHFFFAOYSA-N"",""VRBKIVRKKCLPHA-UHFFFAOYSA-O"",""VRBKIVRKKCLPHA-XUGOROQDSA-N"",""YTPWHCRODPIOCN-UHFFFAOYSA-N""]"
473,cefprozil,CIDm05281006,false,0,0,[]
474,gemifloxacin,CIDm09571107,false,0,0,[]
475,bupropion,CIDm00000444,true,60,57,"[""FHFVPZAGXCSKHV-UHFFFAOYSA-N"",""GMQPTKOULAUZKI-UHFFFAOYSA-N"",""HEYVINCGKDONRU-FVGYRXGTSA-N"",""HEYVINCGKDONRU-SBSPUUFOSA-N"",""HEYVINCGKDONRU-UHFFFAOYSA-M"",""HEYVINCGKDONRU-UHFFFAOYSA-N"",""HEYVINCGKDONRU-WWMMTMLWSA-N"",""HEYVINCGKDONRU-XDKOIXONSA-N"",""IMDIQFAVYCRXDK-UHFFFAOYSA-N"",""MVCRYJFUYMRKIO-UHFFFAOYSA-N"",""NJJFBMJGOYCQCX-BTJKTKAUSA-N"",""NJJFBMJGOYCQCX-UHFFFAOYSA-N"",""NJJFBMJGOYCQCX-WLHGVMLRSA-N"",""OGRSKLGKZQBLSQ-NDAAPVSOSA-N"",""OGRSKLGKZQBLSQ-UHFFFAOYSA-N"",""OGRSKLGKZQBLSQ-VXLLBCKSSA-N"",""SNPPWIUOZRMYNY-ACWNEFEHSA-N"",""SNPPWIUOZRMYNY-CFEWMVNUSA-N"",""SNPPWIUOZRMYNY-CUOOUPKNSA-N"",""SNPPWIUOZRMYNY-DFCQVBDGSA-N"",""SNPPWIUOZRMYNY-DYCDLGHISA-N"",""SNPPWIUOZRMYNY-FIBGUPNXSA-N"",""SNPPWIUOZRMYNY-FJKVMUFJSA-N"",""SNPPWIUOZRMYNY-IFQKZMQBSA-N"",""SNPPWIUOZRMYNY-JGVQANRZSA-N"",""SNPPWIUOZRMYNY-JLZJBEKYSA-N"",""SNPPWIUOZRMYNY-KDWZCNHSSA-N"",""SNPPWIUOZRMYNY-MGKWXGLJSA-N"",""SNPPWIUOZRMYNY-MSDOIBIESA-N"",""SNPPWIUOZRMYNY-NHXHSKRFSA-N"",""SNPPWIUOZRMYNY-OIWCTHJWSA-N"",""SNPPWIUOZRMYNY-OYUAIAESSA-N"",""SNPPWIUOZRMYNY-QOWOAITPSA-N"",""SNPPWIUOZRMYNY-SECBINFHSA-N"",""SNPPWIUOZRMYNY-SECBINFHSA-O"",""SNPPWIUOZRMYNY-SFTFEADESA-N"",""SNPPWIUOZRMYNY-UHFFFAOYSA-N"",""SNPPWIUOZRMYNY-UHFFFAOYSA-O"",""SNPPWIUOZRMYNY-VIFPVBQESA-N"",""SNPPWIUOZRMYNY-VIFPVBQESA-O"",""SNPPWIUOZRMYNY-VNBPQMKGSA-N"",""SNPPWIUOZRMYNY-VONWFZARSA-N"",""SNPPWIUOZRMYNY-WICGFYCXSA-N"",""SNPPWIUOZRMYNY-WINJLYTNSA-N"",""SNPPWIUOZRMYNY-WVZRYRIDSA-N"",""SNPPWIUOZRMYNY-YXZMVERASA-N"",""SNPPWIUOZRMYNY-ZKNJAXNHSA-N"",""UQWRKISAULJKOW-UHFFFAOYSA-N"",""WOSQNMCROFIZFJ-IGXPJQGBSA-N"",""WOSQNMCROFIZFJ-UHFFFAOYSA-N"",""WSTCENNATOVXKQ-FVGYRXGTSA-N"",""WSTCENNATOVXKQ-SBSPUUFOSA-N"",""WSTCENNATOVXKQ-UHFFFAOYSA-N"",""XHLVUBGQTCXXKF-SBSPUUFOSA-N"",""XHLVUBGQTCXXKF-UHFFFAOYSA-N"",""XZQRVEUUOMAMSN-SKJKTULISA-N"",""XZQRVEUUOMAMSN-UHFFFAOYSA-N""]"
476,trimetrexate,CIDm00005582,true,74,73,"[""FDRDBLFZHHJHBH-UHFFFAOYSA-N"",""FHNWHAOFVQYPKS-UHFFFAOYSA-N"",""LZAHAWHPLGBAQD-UHFFFAOYSA-M"",""LZAHAWHPLGBAQD-UHFFFAOYSA-N"",""NOYPYLRCIDNJJB-ACTZCTKRSA-N"",""NOYPYLRCIDNJJB-AEVFRVNISA-N"",""NOYPYLRCIDNJJB-AUNJPOBPSA-N"",""NOYPYLRCIDNJJB-AXRVQXFZSA-N"",""NOYPYLRCIDNJJB-BLUGXXMFSA-N"",""NOYPYLRCIDNJJB-BSLRAITOSA-N"",""NOYPYLRCIDNJJB-CJHYHJQLSA-N"",""NOYPYLRCIDNJJB-CMPXWNRLSA-N"",""NOYPYLRCIDNJJB-CRAKZHCRSA-N"",""NOYPYLRCIDNJJB-DTQRGLKUSA-N"",""NOYPYLRCIDNJJB-FIBGUPNXSA-N"",""NOYPYLRCIDNJJB-FTNBKIKQSA-N"",""NOYPYLRCIDNJJB-FVDZDYTHSA-N"",""NOYPYLRCIDNJJB-GFMWYGCVSA-N"",""NOYPYLRCIDNJJB-GGCIUVQJSA-N"",""NOYPYLRCIDNJJB-GKOSEXJESA-N"",""NOYPYLRCIDNJJB-GLHILRGCSA-N"",""NOYPYLRCIDNJJB-HFNIMHEESA-N"",""NOYPYLRCIDNJJB-IFQKZMQBSA-N"",""NOYPYLRCIDNJJB-IUGWELPZSA-N"",""NOYPYLRCIDNJJB-IVMCLWSXSA-N"",""NOYPYLRCIDNJJB-IZDNMVBPSA-N"",""NOYPYLRCIDNJJB-KCZCTXNHSA-N"",""NOYPYLRCIDNJJB-KDWZCNHSSA-N"",""NOYPYLRCIDNJJB-KSIMSFBZSA-N"",""NOYPYLRCIDNJJB-KZURTREVSA-N"",""NOYPYLRCIDNJJB-LRCOEDLJSA-N"",""NOYPYLRCIDNJJB-LYWDCTPTSA-N"",""NOYPYLRCIDNJJB-MMCPBOADSA-N"",""NOYPYLRCIDNJJB-NDKKJUOQSA-N"",""NOYPYLRCIDNJJB-OIZHELPSSA-N"",""NOYPYLRCIDNJJB-OSVAIYKDSA-N"",""NOYPYLRCIDNJJB-PLEVQAHISA-N"",""NOYPYLRCIDNJJB-PQNPREMJSA-N"",""NOYPYLRCIDNJJB-QTQOOCSTSA-N"",""NOYPYLRCIDNJJB-RPDVNFFESA-N"",""NOYPYLRCIDNJJB-RVRXLGSKSA-N"",""NOYPYLRCIDNJJB-SGCKMQDNSA-N"",""NOYPYLRCIDNJJB-SOWAYKIMSA-N"",""NOYPYLRCIDNJJB-SSDSKGGESA-N"",""NOYPYLRCIDNJJB-TXPATRBFSA-N"",""NOYPYLRCIDNJJB-UASVBIJOSA-N"",""NOYPYLRCIDNJJB-UHFFFAOYSA-N"",""NOYPYLRCIDNJJB-UHFFFAOYSA-O"",""NOYPYLRCIDNJJB-VDQADVIRSA-N"",""NOYPYLRCIDNJJB-VRFZBMQGSA-N"",""NOYPYLRCIDNJJB-VTSFGHEDSA-N"",""NOYPYLRCIDNJJB-WFGJKAKNSA-N"",""NOYPYLRCIDNJJB-WINJLYTNSA-N"",""NOYPYLRCIDNJJB-WVZRYRIDSA-N"",""NOYPYLRCIDNJJB-XERRXZQWSA-N"",""NOYPYLRCIDNJJB-XLELPZHLSA-N"",""NOYPYLRCIDNJJB-YYKMDGPWSA-N"",""NOYPYLRCIDNJJB-ZJRFKUTPSA-N"",""NOYPYLRCIDNJJB-ZPZQCCJJSA-N"",""NOYPYLRCIDNJJB-ZSEOTKGWSA-N"",""NOYPYLRCIDNJJB-ZVEBFXSZSA-N"",""NOYPYLRCIDNJJB-ZXZAAQOOSA-N"",""NTAWJIRYWMTMGE-UHFFFAOYSA-N"",""NVDQULLLJIPDRP-UHFFFAOYSA-N"",""ORJAZSMEELQQSN-UHFFFAOYSA-N"",""OYLADTNVKFEXEP-UHFFFAOYSA-N"",""QCLRFGNXKSZYQG-UHFFFAOYSA-N"",""RJAPVQOUDUNQCS-UHFFFAOYSA-N"",""SHWBCJGYUPFPMM-UHFFFAOYSA-O"",""UYWALPRFBVLYJO-UHFFFAOYSA-L"",""UYWALPRFBVLYJO-UHFFFAOYSA-N"",""ZNJRHEVYOYMEHR-UHFFFAOYSA-N"",""ZOTQUSKEXQSUSO-UHFFFAOYSA-N""]"
477,terazosin,CIDm00005401,true,102,98,"[""DATHKKDDPAJGFW-UHFFFAOYSA-N"",""FFFJZURFALZKOY-UHFFFAOYSA-N"",""GMYCHJLZQJTJDQ-UHFFFAOYSA-N"",""HQVVJUOMXXQFEY-BTJKTKAUSA-N"",""HQVVJUOMXXQFEY-UHFFFAOYSA-N"",""HQVVJUOMXXQFEY-WLHGVMLRSA-N"",""HULBMNBQOIHDCH-UHFFFAOYSA-N"",""IHZIIWSSSWXDCH-UHFFFAOYSA-N"",""IWSWDOUXSCRCKW-PFEQFJNWSA-N"",""IWSWDOUXSCRCKW-UHFFFAOYSA-M"",""IWSWDOUXSCRCKW-UHFFFAOYSA-N"",""IWSWDOUXSCRCKW-UQKRIMTDSA-N"",""KQTCVQOYYZSLKZ-UHFFFAOYSA-N"",""LNBMUFKYRJVLPT-UHFFFAOYSA-N"",""MWYNOTLRCUQCKD-UHFFFAOYSA-M"",""MWYNOTLRCUQCKD-UHFFFAOYSA-N"",""NEBJZZIQJHSJCK-UHFFFAOYSA-N"",""NZMOFYDMGFQZLS-UHFFFAOYSA-M"",""NZMOFYDMGFQZLS-UHFFFAOYSA-N"",""NZMOFYDMGFQZLS-XJCLVHIMSA-N"",""NZMOFYDMGFQZLS-ZSOSHZMMSA-N"",""PIUXZUVFKGNEIJ-UHFFFAOYSA-N"",""PJIGMJHXTZTQDT-UHFFFAOYSA-N"",""RBZRQBNMKOXHGW-UHFFFAOYSA-N"",""SJOMSOMNOXHINO-UHFFFAOYSA-N"",""VCKUSRYTPJJLNI-AKCYWJGGSA-N"",""VCKUSRYTPJJLNI-ANWVZMSASA-N"",""VCKUSRYTPJJLNI-APOGIQINSA-N"",""VCKUSRYTPJJLNI-AWEZNQCLSA-N"",""VCKUSRYTPJJLNI-AWEZNQCLSA-O"",""VCKUSRYTPJJLNI-BMTVHXKWSA-N"",""VCKUSRYTPJJLNI-BTYBAPQFSA-N"",""VCKUSRYTPJJLNI-BXEWHFPISA-N"",""VCKUSRYTPJJLNI-CHVIEUFOSA-N"",""VCKUSRYTPJJLNI-CQSZACIVSA-N"",""VCKUSRYTPJJLNI-CQSZACIVSA-O"",""VCKUSRYTPJJLNI-CSHFKTDHSA-N"",""VCKUSRYTPJJLNI-DKCJLMJQSA-N"",""VCKUSRYTPJJLNI-FBTBSSNPSA-N"",""VCKUSRYTPJJLNI-FJVUSIIUSA-N"",""VCKUSRYTPJJLNI-GEGOCLLISA-N"",""VCKUSRYTPJJLNI-GKQBIVHASA-N"",""VCKUSRYTPJJLNI-GNLYLISPSA-N"",""VCKUSRYTPJJLNI-GSRMADOBSA-N"",""VCKUSRYTPJJLNI-HSXHDGPBSA-N"",""VCKUSRYTPJJLNI-IBWQKRSPSA-N"",""VCKUSRYTPJJLNI-IGALELJASA-N"",""VCKUSRYTPJJLNI-ISWMSEDNSA-N"",""VCKUSRYTPJJLNI-IUAZYKQHSA-N"",""VCKUSRYTPJJLNI-JDCPAXHASA-N"",""VCKUSRYTPJJLNI-JGYJCWKTSA-N"",""VCKUSRYTPJJLNI-JIRQZVJGSA-N"",""VCKUSRYTPJJLNI-JJTGAIRKSA-N"",""VCKUSRYTPJJLNI-JKSUIMTKSA-N"",""VCKUSRYTPJJLNI-JSDYBZOQSA-N"",""VCKUSRYTPJJLNI-KJZREPDBSA-N"",""VCKUSRYTPJJLNI-LECXQYTJSA-N"",""VCKUSRYTPJJLNI-LPEKWHOVSA-N"",""VCKUSRYTPJJLNI-LPLLCBNKSA-N"",""VCKUSRYTPJJLNI-MIBQVNFTSA-N"",""VCKUSRYTPJJLNI-MLWZNOFOSA-N"",""VCKUSRYTPJJLNI-NAEWHWRQSA-N"",""VCKUSRYTPJJLNI-NJHILTJLSA-N"",""VCKUSRYTPJJLNI-NLQITUFHSA-N"",""VCKUSRYTPJJLNI-NQRTZQKHSA-N"",""VCKUSRYTPJJLNI-NZLXMSDQSA-N"",""VCKUSRYTPJJLNI-OSEHSPPNSA-N"",""VCKUSRYTPJJLNI-PADLBPTNSA-N"",""VCKUSRYTPJJLNI-PHGQSWGHSA-N"",""VCKUSRYTPJJLNI-PODAWAJUSA-N"",""VCKUSRYTPJJLNI-RHJDSVOASA-N"",""VCKUSRYTPJJLNI-RUUFGGADSA-N"",""VCKUSRYTPJJLNI-TXNVYZHYSA-N"",""VCKUSRYTPJJLNI-UHFFFAOYSA-N"",""VCKUSRYTPJJLNI-UHFFFAOYSA-O"",""VCKUSRYTPJJLNI-USJBIYMMSA-N"",""VCKUSRYTPJJLNI-VHNQJRNGSA-N"",""VCKUSRYTPJJLNI-VMZLXYROSA-N"",""VCKUSRYTPJJLNI-VUXFSEOCSA-N"",""VCKUSRYTPJJLNI-WABIGLTGSA-N"",""VCKUSRYTPJJLNI-WBZITLISSA-N"",""VCKUSRYTPJJLNI-WFGJKAKNSA-N"",""VCKUSRYTPJJLNI-WOPAYCTESA-N"",""VCKUSRYTPJJLNI-WTOVHLGASA-N"",""VCKUSRYTPJJLNI-WXVDSVKZSA-N"",""VCKUSRYTPJJLNI-XCBIQVMCSA-N"",""VCKUSRYTPJJLNI-XFXVBKPASA-N"",""VCKUSRYTPJJLNI-YEBVBAJPSA-N"",""VCKUSRYTPJJLNI-YFIHTQCMSA-N"",""VCKUSRYTPJJLNI-YNJUFQEFSA-N"",""VCKUSRYTPJJLNI-ZENPVXDCSA-N"",""VCKUSRYTPJJLNI-ZNUHYDDLSA-N"",""VCKUSRYTPJJLNI-ZSJDYOACSA-N"",""WCFCOQSQCHUGMB-UHFFFAOYSA-N"",""WJIMRQAVUUXQSC-UHFFFAOYSA-N"",""YCRYPVMJOOHDPY-UHFFFAOYSA-N"",""ZGAOOWIGTWPTIP-IKFJUQJOSA-N"",""ZGAOOWIGTWPTIP-UHFFFAOYSA-N""]"
478,ofloxacin,CIDm00004583,true,42,38,"[""BADKREAVONENKJ-FTYBWHBYSA-N"",""BADKREAVONENKJ-LARVRRBISA-N"",""BADKREAVONENKJ-PPHPATTJSA-N"",""BADKREAVONENKJ-UHFFFAOYSA-N"",""CAOOISJXWZMLBN-HNCPQSOCSA-N"",""CAOOISJXWZMLBN-MUTAZJQDSA-N"",""CAOOISJXWZMLBN-PPHPATTJSA-N"",""CAOOISJXWZMLBN-UHFFFAOYSA-N"",""CTZMJKRTVWIFFG-UHFFFAOYSA-N"",""GIXUBOTZQNSUNM-JYEZWMBDSA-N"",""GIXUBOTZQNSUNM-UHFFFAOYSA-N"",""GSDSWSVVBLHKDQ-AADSUZOKSA-N"",""GSDSWSVVBLHKDQ-AHTUJLEFSA-N"",""GSDSWSVVBLHKDQ-AQZSTKSQSA-N"",""GSDSWSVVBLHKDQ-AWDFDDCISA-N"",""GSDSWSVVBLHKDQ-BMSJAHLVSA-N"",""GSDSWSVVBLHKDQ-BSEWDJTNSA-N"",""GSDSWSVVBLHKDQ-FMBBTWBHSA-N"",""GSDSWSVVBLHKDQ-IFCGXCJZSA-N"",""GSDSWSVVBLHKDQ-JTQLQIEISA-N"",""GSDSWSVVBLHKDQ-QNICBWFLSA-N"",""GSDSWSVVBLHKDQ-SNVBAGLBSA-N"",""GSDSWSVVBLHKDQ-SQUIKQQTSA-N"",""GSDSWSVVBLHKDQ-UHFFFAOYSA-M"",""GSDSWSVVBLHKDQ-UHFFFAOYSA-N"",""GSDSWSVVBLHKDQ-UHFFFAOYSA-O"",""NCGMIBYQHQSCGQ-PPHPATTJSA-M"",""NCGMIBYQHQSCGQ-UHFFFAOYSA-M"",""ONDRRTIAGBDDKP-PPHPATTJSA-N"",""ONDRRTIAGBDDKP-UHFFFAOYSA-N"",""QEHPHWRZQAZOTI-PPHPATTJSA-N"",""QEHPHWRZQAZOTI-UHFFFAOYSA-N"",""SUIQUYDRLGGZOL-RCWTXCDDSA-N"",""SUIQUYDRLGGZOL-UHFFFAOYSA-N"",""WCOMISWXIHBKSB-BTJKTKAUSA-N"",""WCOMISWXIHBKSB-UHFFFAOYSA-N"",""ZSPLOATUDIRNAS-PPHPATTJSA-N"",""ZSPLOATUDIRNAS-UHFFFAOYSA-N""]"
479,cilostazol,CIDm00002754,true,20,20,"[""AVDRCCKRPHFIEN-UHFFFAOYSA-N"",""IEUCNQXZZZGMLL-UHFFFAOYSA-N"",""ILZSTYYZLUPYBG-UHFFFAOYSA-N"",""JKHDONDGOCAVIQ-UHFFFAOYSA-N"",""JOZCSOLPBXRLAB-UHFFFAOYSA-N"",""QLXHOZRXRWSISB-BTJKTKAUSA-N"",""QLXHOZRXRWSISB-UHFFFAOYSA-N"",""QLXHOZRXRWSISB-WLHGVMLRSA-N"",""RRGUKTPIGVIEKM-CURSROGTSA-N"",""RRGUKTPIGVIEKM-DICFDUPASA-N"",""RRGUKTPIGVIEKM-GUPAWZRFSA-N"",""RRGUKTPIGVIEKM-KXGHAPEVSA-N"",""RRGUKTPIGVIEKM-MHDNYNMSSA-N"",""RRGUKTPIGVIEKM-NMFSSPJFSA-N"",""RRGUKTPIGVIEKM-SAGHCWGKSA-N"",""RRGUKTPIGVIEKM-UHFFFAOYSA-N"",""RRGUKTPIGVIEKM-ZQSDVECBSA-N"",""UZKKFDKJWGRMLR-UHFFFAOYSA-N"",""XAHSYFMWSGNPAA-UHFFFAOYSA-N"",""XWRXVVSJYLOXCB-UHFFFAOYSA-N""]"
480,itraconazole,CIDm00055283,false,0,0,[]
481,arsenic.trioxide,CIDm00014888,true,2,2,"[""IMERSZIBZRSBGU-UHFFFAOYSA-N"",""QTLQKAJBUDWPIB-UHFFFAOYSA-N""]"
482,escitalopram,CIDm00146570,false,0,0,[]
483,idarubicin,CIDm00042890,false,0,0,[]
484,podophyllotoxin,CIDm00010607,false,0,0,[]
485,rescinnamine,CIDm05280954,false,0,0,[]
486,ifosfamide,CIDm00003690,true,17,17,"[""HOMGKSMUEGBAAB-APZFVMQVSA-N"",""HOMGKSMUEGBAAB-AWEZNQCLSA-N"",""HOMGKSMUEGBAAB-BFWBPSQCSA-N"",""HOMGKSMUEGBAAB-BYUTVXSXSA-N"",""HOMGKSMUEGBAAB-CAHQQYMTSA-N"",""HOMGKSMUEGBAAB-CQSZACIVSA-N"",""HOMGKSMUEGBAAB-IVINVGLKSA-N"",""HOMGKSMUEGBAAB-NCYHJHSESA-N"",""HOMGKSMUEGBAAB-QEOHIWEKSA-N"",""HOMGKSMUEGBAAB-RJSZUWSASA-N"",""HOMGKSMUEGBAAB-SKVKWLLMSA-N"",""HOMGKSMUEGBAAB-UHFFFAOYSA-N"",""HOMGKSMUEGBAAB-WTEBPDKRSA-N"",""HOMGKSMUEGBAAB-WVTKESLNSA-N"",""JOPDBDXDSHTPHQ-PFEQFJNWSA-N"",""JOPDBDXDSHTPHQ-UHFFFAOYSA-N"",""NKCGBJORRQUTNA-UHFFFAOYSA-N""]"
487,propafenone,CIDm00004932,true,18,17,"[""JWHAUXFOSRPERK-GOSISDBHSA-N"",""JWHAUXFOSRPERK-GOSISDBHSA-O"",""JWHAUXFOSRPERK-RXGQPMGUSA-N"",""JWHAUXFOSRPERK-SFHVURJKSA-N"",""JWHAUXFOSRPERK-SFHVURJKSA-O"",""JWHAUXFOSRPERK-UHFFFAOYSA-N"",""JWHAUXFOSRPERK-UHFFFAOYSA-O"",""JWHAUXFOSRPERK-YQYLVRRTSA-N"",""JWHAUXFOSRPERK-ZUULSCDESA-N"",""XMRGLWOJEWSKTN-UHFFFAOYSA-N"",""XWIHRGFIPXWGEF-FERBBOLQSA-N"",""XWIHRGFIPXWGEF-FIFLIBHCSA-N"",""XWIHRGFIPXWGEF-GMUIIQOCSA-N"",""XWIHRGFIPXWGEF-HIBBSUKHSA-N"",""XWIHRGFIPXWGEF-UHFFFAOYSA-M"",""XWIHRGFIPXWGEF-UHFFFAOYSA-N"",""XWIHRGFIPXWGEF-YYEJEILISA-N""]"
488,pergolide,CIDm00047811,false,0,0,[]
489,ciclopirox,CIDm00002749,true,18,18,"[""SCKYRAXSEDYPSA-ANTDKPRYSA-N"",""SCKYRAXSEDYPSA-BNEYPBHNSA-N"",""SCKYRAXSEDYPSA-COMABECVSA-N"",""SCKYRAXSEDYPSA-CWIRFKENSA-N"",""SCKYRAXSEDYPSA-DICFDUPASA-N"",""SCKYRAXSEDYPSA-FIBGUPNXSA-N"",""SCKYRAXSEDYPSA-HUYMCZDOSA-N"",""SCKYRAXSEDYPSA-HVBFJSOESA-N"",""SCKYRAXSEDYPSA-MICDWDOJSA-N"",""SCKYRAXSEDYPSA-NRIOPPFLSA-N"",""SCKYRAXSEDYPSA-PPLCDVQRSA-N"",""SCKYRAXSEDYPSA-QTQOOCSTSA-N"",""SCKYRAXSEDYPSA-UHFFFAOYSA-N"",""SCKYRAXSEDYPSA-WHRKIXHSSA-N"",""SCKYRAXSEDYPSA-WOHCQCBNSA-N"",""SCKYRAXSEDYPSA-WVKSMZNCSA-N"",""SCKYRAXSEDYPSA-ZXZAAQOOSA-N"",""WPBRWKVIHSVFGI-UHFFFAOYSA-N""]"
490,desflurane,CIDm00042113,true,4,4,"[""DPYMFVXJLLWWEU-PVQJCKRUSA-N"",""DPYMFVXJLLWWEU-SFOWXEAESA-N"",""DPYMFVXJLLWWEU-UHFFFAOYSA-N"",""YWWPLXNZTSDAAW-UHFFFAOYSA-N""]"
491,clindamycin,CIDm00029029,false,0,0,[]
492,acebutolol,CIDm00001978,true,19,17,"[""GOEMGAFJFRBGGG-FPQCMJPGSA-N"",""GOEMGAFJFRBGGG-HNNXBMFYSA-N"",""GOEMGAFJFRBGGG-HNNXBMFYSA-O"",""GOEMGAFJFRBGGG-JLTHDCAWSA-N"",""GOEMGAFJFRBGGG-OAHLLOKOSA-N"",""GOEMGAFJFRBGGG-OAHLLOKOSA-O"",""GOEMGAFJFRBGGG-UHFFFAOYSA-N"",""GOEMGAFJFRBGGG-UHFFFAOYSA-O"",""JVSNCNJOGILTSO-UHFFFAOYSA-N"",""KTUFKADDDORSSI-RSAXXLAASA-N"",""KTUFKADDDORSSI-UHFFFAOYSA-M"",""KTUFKADDDORSSI-UHFFFAOYSA-N"",""KTUFKADDDORSSI-XFULWGLBSA-N"",""OTUJYXODCAGPOH-UHFFFAOYSA-N"",""OUBYITHFHNAPIB-RSAXXLAASA-N"",""OUBYITHFHNAPIB-UHFFFAOYSA-N"",""OUBYITHFHNAPIB-ZWZQDMJTSA-N""]"
493,brinzolamide,CIDm00068844,true,72,72,"[""CYUWVPPTWSCIHJ-PPHPATTJSA-N"",""CYUWVPPTWSCIHJ-UHFFFAOYSA-N"",""HCRKCZRJWPKOAR-AVQGAFLDSA-N"",""HCRKCZRJWPKOAR-AZPXESLQSA-N"",""HCRKCZRJWPKOAR-BHJCCHCHSA-N"",""HCRKCZRJWPKOAR-BYCORQQESA-N"",""HCRKCZRJWPKOAR-CCYPUKBTSA-N"",""HCRKCZRJWPKOAR-DOEBFRRRSA-N"",""HCRKCZRJWPKOAR-DQJHYNILSA-N"",""HCRKCZRJWPKOAR-FOYOJTJNSA-N"",""HCRKCZRJWPKOAR-FTAXOJBGSA-N"",""HCRKCZRJWPKOAR-GMTKLULESA-N"",""HCRKCZRJWPKOAR-GPRPSFNQSA-N"",""HCRKCZRJWPKOAR-GSDYMBJWSA-N"",""HCRKCZRJWPKOAR-HAULYXRXSA-N"",""HCRKCZRJWPKOAR-HDQXZKODSA-N"",""HCRKCZRJWPKOAR-HLGWKXIXSA-N"",""HCRKCZRJWPKOAR-HOPBHXOKSA-N"",""HCRKCZRJWPKOAR-HOTOBSMPSA-N"",""HCRKCZRJWPKOAR-IIKWAQKMSA-N"",""HCRKCZRJWPKOAR-IONVXDKTSA-N"",""HCRKCZRJWPKOAR-JTQLQIEISA-N"",""HCRKCZRJWPKOAR-JTQLQIEISA-O"",""HCRKCZRJWPKOAR-JXCLRIRBSA-N"",""HCRKCZRJWPKOAR-JXVYQUHBSA-N"",""HCRKCZRJWPKOAR-KHPWOBKXSA-N"",""HCRKCZRJWPKOAR-KJAAWILPSA-N"",""HCRKCZRJWPKOAR-KPOPJFIDSA-N"",""HCRKCZRJWPKOAR-KZHQMQODSA-N"",""HCRKCZRJWPKOAR-LFKYDIRKSA-N"",""HCRKCZRJWPKOAR-LJMXGPEISA-N"",""HCRKCZRJWPKOAR-LLVPHNSLSA-N"",""HCRKCZRJWPKOAR-MWYWNVOWSA-N"",""HCRKCZRJWPKOAR-NLZFKBQKSA-N"",""HCRKCZRJWPKOAR-NOFPVUPESA-N"",""HCRKCZRJWPKOAR-PXHRDISASA-N"",""HCRKCZRJWPKOAR-QODUBFJFSA-N"",""HCRKCZRJWPKOAR-QUCUZAAYSA-N"",""HCRKCZRJWPKOAR-QVFQSCRDSA-N"",""HCRKCZRJWPKOAR-QXHHERBASA-N"",""HCRKCZRJWPKOAR-RQTACTIOSA-N"",""HCRKCZRJWPKOAR-RQZKZRRFSA-N"",""HCRKCZRJWPKOAR-SLTQMWLHSA-N"",""HCRKCZRJWPKOAR-SNVBAGLBSA-N"",""HCRKCZRJWPKOAR-SNVBAGLBSA-O"",""HCRKCZRJWPKOAR-SWGLRFCLSA-N"",""HCRKCZRJWPKOAR-UEFRSULMSA-N"",""HCRKCZRJWPKOAR-UFBRDLIYSA-N"",""HCRKCZRJWPKOAR-UHFFFAOYSA-N"",""HCRKCZRJWPKOAR-UHFFFAOYSA-O"",""HCRKCZRJWPKOAR-UNEIYXNASA-N"",""HCRKCZRJWPKOAR-UNXMAIHCSA-N"",""HCRKCZRJWPKOAR-UXFYSNRSSA-N"",""HCRKCZRJWPKOAR-VBBPQVITSA-N"",""HCRKCZRJWPKOAR-VDPMHOFOSA-N"",""HCRKCZRJWPKOAR-VMXOHHRSSA-N"",""HCRKCZRJWPKOAR-WGRXGOCMSA-N"",""HCRKCZRJWPKOAR-WNWXXORZSA-N"",""HCRKCZRJWPKOAR-WRNWCRRISA-N"",""HCRKCZRJWPKOAR-XMNQTFKZSA-N"",""HCRKCZRJWPKOAR-XXPORZHRSA-N"",""HCRKCZRJWPKOAR-YCKQBPPQSA-N"",""HCRKCZRJWPKOAR-ZDPXVAFRSA-N"",""HCRKCZRJWPKOAR-ZPJPSKHISA-N"",""HCRKCZRJWPKOAR-ZTNYVYQJSA-N"",""KCUSYBOZIZXSEC-LARVRRBISA-N"",""KCUSYBOZIZXSEC-UHFFFAOYSA-N"",""PVSQPOBRFUEIAF-NWASOUNVSA-N"",""PVSQPOBRFUEIAF-PBBCPHEYSA-N"",""PVSQPOBRFUEIAF-UHFFFAOYSA-N"",""UGAMYTZPFRXCOG-PPHPATTJSA-N"",""UGAMYTZPFRXCOG-UHFFFAOYSA-N""]"
494,flecainide,CIDm00003355,true,17,15,"[""DJBNUMBKLMJRSA-JZLVSFENSA-N"",""DJBNUMBKLMJRSA-LLVKDONJSA-N"",""DJBNUMBKLMJRSA-LLVKDONJSA-O"",""DJBNUMBKLMJRSA-NSHDSACASA-N"",""DJBNUMBKLMJRSA-NSHDSACASA-O"",""DJBNUMBKLMJRSA-UHFFFAOYSA-N"",""DJBNUMBKLMJRSA-UHFFFAOYSA-O"",""DJBNUMBKLMJRSA-YQUBHJMPSA-N"",""FPTQDMHWQWTIAX-UHFFFAOYSA-N"",""HYGULUMJKQXRQD-UHFFFAOYSA-N"",""RKXNZRPQSOPPRN-MERQFXBCSA-N"",""RKXNZRPQSOPPRN-PQDNHERISA-N"",""RKXNZRPQSOPPRN-RFVHGSKJSA-N"",""RKXNZRPQSOPPRN-UHFFFAOYSA-M"",""RKXNZRPQSOPPRN-UHFFFAOYSA-N""]"
495,estramustine,CIDm00259331,false,0,0,[]
496,bromocriptine,CIDm00031100,false,0,0,[]
497,levetiracetam,CIDm05284583,false,0,0,[]
498,nadolol,CIDm00039147,false,0,0,[]
499,mitoxantrone,CIDm00004212,true,17,16,"[""AKEUGGBXJRISMK-UHFFFAOYSA-N"",""BFASINVJZZGALO-UHFFFAOYSA-N"",""CIZLVBOXFGXZLZ-UHFFFAOYSA-N"",""JDJBULOEUDEQGY-UHFFFAOYSA-N"",""KKZJGLLVHKMTCM-KXMUYVCJSA-N"",""KKZJGLLVHKMTCM-PMCMNDOISA-N"",""KKZJGLLVHKMTCM-UHFFFAOYSA-N"",""KKZJGLLVHKMTCM-UHFFFAOYSA-P"",""MKCBCZDNNZPMCG-UHFFFAOYSA-M"",""MKCBCZDNNZPMCG-UHFFFAOYSA-N"",""MRBMXOMEOVUICY-UHFFFAOYSA-N"",""MXBYMBHGTLEGPX-UHFFFAOYSA-N"",""OUIDISANIGJEHS-UHFFFAOYSA-N"",""ZAHQPTJLOCWVPG-UHFFFAOYSA-L"",""ZAHQPTJLOCWVPG-UHFFFAOYSA-N"",""ZWCKUVMZBKQQRG-UHFFFAOYSA-N""]"
500,sparfloxacin,CIDm00060464,false,0,0,[]
501,clarithromycin,CIDm00084029,false,0,0,[]
502,ceftriaxone,CIDm05479530,false,0,0,[]
503,estazolam,CIDm00003261,true,5,5,"[""CDCHDCWJMGXXRH-DIYFWHTESA-N"",""CDCHDCWJMGXXRH-DXTGBVBQSA-N"",""CDCHDCWJMGXXRH-RALIUCGRSA-N"",""CDCHDCWJMGXXRH-UHFFFAOYSA-N"",""CDCHDCWJMGXXRH-UHFFFAOYSA-O""]"
504,finasteride,CIDm00057363,false,0,0,[]
505,anastrozole,CIDm00002187,true,42,42,"[""FCYFQIGAEOSKQN-UHFFFAOYSA-N"",""GCGQUKKJHMIWBO-UHFFFAOYSA-N"",""GZPMAWHFXOFAMP-UHFFFAOYSA-N"",""ILWKNHFTCVLERY-UHFFFAOYSA-N"",""JGHIODXBKBOQAR-UHFFFAOYSA-N"",""KJCFRCUYIQUENX-UHFFFAOYSA-N"",""KXGBCWSVAYIYAS-UHFFFAOYSA-L"",""LICJSJXVMDQIQQ-UHFFFAOYSA-L"",""LICJSJXVMDQIQQ-UHFFFAOYSA-N"",""QYBWPJFRFCTDRX-UHFFFAOYSA-N"",""QYBWPJFRFCTDRX-WLHGVMLRSA-N"",""UKONDEKSOUWAFW-UHFFFAOYSA-N"",""UVANFPJLQIXIBZ-UHFFFAOYSA-N"",""VJAOSBJLFFWBJQ-UHFFFAOYSA-N"",""VYOGTZSNIVDKJK-UHFFFAOYSA-N"",""YBBLVLTVTVSKRW-ATEOMTCFSA-N"",""YBBLVLTVTVSKRW-ATKILRBXSA-N"",""YBBLVLTVTVSKRW-CRSPMMAGSA-N"",""YBBLVLTVTVSKRW-DEQXGFDHSA-N"",""YBBLVLTVTVSKRW-FGPQNIJQSA-N"",""YBBLVLTVTVSKRW-FYYCQHSKSA-N"",""YBBLVLTVTVSKRW-GFHPWVDJSA-N"",""YBBLVLTVTVSKRW-IZGCRDOGSA-N"",""YBBLVLTVTVSKRW-JCDJMFQYSA-N"",""YBBLVLTVTVSKRW-JNZCBWKFSA-N"",""YBBLVLTVTVSKRW-KYKXZDJCSA-N"",""YBBLVLTVTVSKRW-MAMNJWSGSA-N"",""YBBLVLTVTVSKRW-MGKWXGLJSA-N"",""YBBLVLTVTVSKRW-MGVXTIMCSA-N"",""YBBLVLTVTVSKRW-MIEPRZIASA-N"",""YBBLVLTVTVSKRW-MPAKTYDCSA-N"",""YBBLVLTVTVSKRW-MUESUBCOSA-N"",""YBBLVLTVTVSKRW-MUILAAAASA-N"",""YBBLVLTVTVSKRW-UHFFFAOYSA-N"",""YBBLVLTVTVSKRW-USUSYXOVSA-N"",""YBBLVLTVTVSKRW-VSOFHSDNSA-N"",""YBBLVLTVTVSKRW-VYOUOPRSSA-N"",""YBBLVLTVTVSKRW-WFGJKAKNSA-N"",""YBBLVLTVTVSKRW-XNLFRIRDSA-N"",""YBBLVLTVTVSKRW-XQSQEDLJSA-N"",""YQCYBTHLMQQGIH-UHFFFAOYSA-N"",""ZFMWBYRYDYKCKA-UHFFFAOYSA-K""]"
506,halofantrine,CIDm00037392,true,16,15,"[""DABZHDCSSWWOGC-UHFFFAOYSA-M"",""FOHHNHSLJDZUGQ-RUZDIDTESA-N"",""FOHHNHSLJDZUGQ-RUZDIDTESA-O"",""FOHHNHSLJDZUGQ-UHFFFAOYSA-N"",""FOHHNHSLJDZUGQ-UHFFFAOYSA-O"",""FOHHNHSLJDZUGQ-VWLOTQADSA-N"",""FOHHNHSLJDZUGQ-VWLOTQADSA-O"",""KZAOVAFVFZGQKD-UHFFFAOYSA-N"",""LMWPNWPFYVCINS-UHFFFAOYSA-N"",""QGXCAKSHTQQWCS-UHFFFAOYSA-N"",""RJBCZMQASKVSGM-UHFFFAOYSA-L"",""WANGFTDWOFGECH-UHFFFAOYSA-M"",""WANGFTDWOFGECH-UHFFFAOYSA-N"",""WANGFTDWOFGECH-UQIIZPHYSA-N"",""WANGFTDWOFGECH-VQIWEWKSSA-N""]"
507,dantrolene,CIDm06604100,false,0,0,[]
508,rifaximin,CIDm06436173,false,0,0,[]
509,budesonide,CIDm05281004,false,0,0,[]
510,aminophylline,CIDm00009433,true,2,2,"[""FQPFAHBPWDRTLU-UHFFFAOYSA-N"",""LHRHXWBJUQKYEL-UHFFFAOYSA-N""]"
511,quetiapine,CIDm00005002,true,138,136,"[""ABVUAVNQKKGGEU-UHFFFAOYSA-N"",""BQYYFZVMQUIQOU-UHFFFAOYSA-N"",""CHNBOINLBCCCJW-UHFFFAOYSA-N"",""CLHHVNJRHZHBJQ-UHFFFAOYSA-L"",""CLHHVNJRHZHBJQ-UHFFFAOYSA-N"",""COIKDBUKBXUGKV-UHFFFAOYSA-N"",""CTTMISMKTQIXQC-UHFFFAOYSA-N"",""GFSOOJDBULMGQJ-UHFFFAOYSA-N"",""GZNJWFAGGWSCED-UHFFFAOYSA-N"",""HPOZPHUHGQUESP-UHFFFAOYSA-N"",""IFVXRUKLWHBOGZ-UHFFFAOYSA-K"",""IFVXRUKLWHBOGZ-UHFFFAOYSA-N"",""JDBXTTDNVVVGQD-UHFFFAOYSA-L"",""JDBXTTDNVVVGQD-UHFFFAOYSA-N"",""JLWSQVHJLLYDPX-LVEZLNDCSA-N"",""JLWSQVHJLLYDPX-UHFFFAOYSA-N"",""MAAICQKDTFFXLY-UHFFFAOYSA-N"",""ODVPBRMONCCOJX-UHFFFAOYSA-N"",""SGKKPPGSCBIFAM-LVEGOFJQSA-N"",""SGKKPPGSCBIFAM-UHFFFAOYSA-N"",""SIKNVUBGSOQDJM-UHFFFAOYSA-N"",""SKQMMYRRRQVSEQ-UHFFFAOYSA-N"",""SNFVPEAXMWIUPR-UHFFFAOYSA-N"",""URKOMYMAXPYINW-AJBAKVIISA-N"",""URKOMYMAXPYINW-AREBVXNXSA-N"",""URKOMYMAXPYINW-ATRWIIJTSA-N"",""URKOMYMAXPYINW-AYYTWJKLSA-N"",""URKOMYMAXPYINW-BMHINFNASA-N"",""URKOMYMAXPYINW-BNRAVLPFSA-N"",""URKOMYMAXPYINW-BPPAMHLBSA-N"",""URKOMYMAXPYINW-BTYPMEOSSA-N"",""URKOMYMAXPYINW-CBEDKZQUSA-N"",""URKOMYMAXPYINW-CYNOTXNZSA-N"",""URKOMYMAXPYINW-DBVREXLBSA-N"",""URKOMYMAXPYINW-DBVREXLBSA-O"",""URKOMYMAXPYINW-DNZPNURCSA-N"",""URKOMYMAXPYINW-DOBBINOXSA-N"",""URKOMYMAXPYINW-DQRCRKPYSA-N"",""URKOMYMAXPYINW-FNHLFAINSA-N"",""URKOMYMAXPYINW-FSCFRWONSA-N"",""URKOMYMAXPYINW-FUEQIQQISA-N"",""URKOMYMAXPYINW-FUWILOOHSA-N"",""URKOMYMAXPYINW-GDJRXOCCSA-N"",""URKOMYMAXPYINW-GHJSWLLTSA-N"",""URKOMYMAXPYINW-GNZWFIKCSA-N"",""URKOMYMAXPYINW-GVFTVQTBSA-N"",""URKOMYMAXPYINW-GXKNIJCMSA-N"",""URKOMYMAXPYINW-GYDLKUGMSA-N"",""URKOMYMAXPYINW-HKCIDPSISA-N"",""URKOMYMAXPYINW-HPJDBHJYSA-N"",""URKOMYMAXPYINW-HPTDOHNWSA-N"",""URKOMYMAXPYINW-HSJYSOLJSA-N"",""URKOMYMAXPYINW-IBRWSRKFSA-N"",""URKOMYMAXPYINW-ICGXFNFASA-N"",""URKOMYMAXPYINW-IKFNKIOGSA-N"",""URKOMYMAXPYINW-IXDDYGHBSA-N"",""URKOMYMAXPYINW-JMCMCGERSA-N"",""URKOMYMAXPYINW-KBEQTAFMSA-N"",""URKOMYMAXPYINW-KBLCRMGYSA-N"",""URKOMYMAXPYINW-KFBJCPFESA-N"",""URKOMYMAXPYINW-KLTYLHELSA-N"",""URKOMYMAXPYINW-KYIPNWKMSA-N"",""URKOMYMAXPYINW-LBYRRHHZSA-N"",""URKOMYMAXPYINW-LGBSHPQQSA-N"",""URKOMYMAXPYINW-LXEIGJDRSA-N"",""URKOMYMAXPYINW-LXEIGJDRSA-O"",""URKOMYMAXPYINW-MFEPCBHESA-N"",""URKOMYMAXPYINW-MIMPEXOTSA-N"",""URKOMYMAXPYINW-MNYIHESISA-N"",""URKOMYMAXPYINW-NBTWMDFTSA-N"",""URKOMYMAXPYINW-NLHYVXNOSA-N"",""URKOMYMAXPYINW-NQELVNHRSA-N"",""URKOMYMAXPYINW-NVXUZCCESA-N"",""URKOMYMAXPYINW-NWULDPAXSA-N"",""URKOMYMAXPYINW-NZYOQUADSA-N"",""URKOMYMAXPYINW-ONNKGWAKSA-N"",""URKOMYMAXPYINW-OTLCTZHJSA-N"",""URKOMYMAXPYINW-OWSBQLOGSA-N"",""URKOMYMAXPYINW-PGRXLJNUSA-N"",""URKOMYMAXPYINW-PKBIYVLLSA-N"",""URKOMYMAXPYINW-PLTXSDTHSA-N"",""URKOMYMAXPYINW-PMABQFGDSA-N"",""URKOMYMAXPYINW-PMCMNDOISA-N"",""URKOMYMAXPYINW-PMRCVERTSA-N"",""URKOMYMAXPYINW-POAOBDHBSA-N"",""URKOMYMAXPYINW-PSWHPTGRSA-N"",""URKOMYMAXPYINW-QDGOUFTFSA-N"",""URKOMYMAXPYINW-QGQMVISYSA-N"",""URKOMYMAXPYINW-QQDOBVIWSA-N"",""URKOMYMAXPYINW-QSIDXAOLSA-N"",""URKOMYMAXPYINW-QVRUQLNCSA-N"",""URKOMYMAXPYINW-QZPARXMSSA-N"",""URKOMYMAXPYINW-RCYYZLFTSA-N"",""URKOMYMAXPYINW-RDLJTDGGSA-N"",""URKOMYMAXPYINW-RQKOHBKOSA-N"",""URKOMYMAXPYINW-RSGVAERHSA-N"",""URKOMYMAXPYINW-RTUKYYCPSA-N"",""URKOMYMAXPYINW-RYIWKTDQSA-N"",""URKOMYMAXPYINW-SGPPJFJSSA-N"",""URKOMYMAXPYINW-SJUCXVAZSA-N"",""URKOMYMAXPYINW-UHFFFAOYSA-N"",""URKOMYMAXPYINW-UHFFFAOYSA-O"",""URKOMYMAXPYINW-VIQCVCSFSA-N"",""URKOMYMAXPYINW-VMXCUCDASA-N"",""URKOMYMAXPYINW-VUZWNLMYSA-N"",""URKOMYMAXPYINW-WIOWLWTCSA-N"",""URKOMYMAXPYINW-WOVHWQOTSA-N"",""URKOMYMAXPYINW-WZGCVGKHSA-N"",""URKOMYMAXPYINW-XEZLYZFYSA-N"",""URKOMYMAXPYINW-XRCNXFSXSA-N"",""URKOMYMAXPYINW-YFPUZGQTSA-N"",""URKOMYMAXPYINW-YHLYEGOZSA-N"",""URKOMYMAXPYINW-YQUBHJMPSA-N"",""URKOMYMAXPYINW-ZDCAVGRKSA-N"",""URKOMYMAXPYINW-ZPJDWWTCSA-N"",""URKOMYMAXPYINW-ZQELPDTJSA-N"",""URKOMYMAXPYINW-ZXVMGSATSA-N"",""URKOMYMAXPYINW-ZZFUZZIASA-N"",""VRHJBWUIWQOFLF-BTJKTKAUSA-L"",""VRHJBWUIWQOFLF-BTJKTKAUSA-N"",""VRHJBWUIWQOFLF-CNXXKMCISA-N"",""VRHJBWUIWQOFLF-NPAYPTTLSA-N"",""VRHJBWUIWQOFLF-QPUNNWGTSA-N"",""VRHJBWUIWQOFLF-QWVIKDOWSA-N"",""VRHJBWUIWQOFLF-SMODUGIXSA-N"",""VRHJBWUIWQOFLF-SQGQDMBVSA-N"",""VRHJBWUIWQOFLF-UHFFFAOYSA-N"",""VRHJBWUIWQOFLF-WLHGVMLRSA-N"",""VVUOURHMTVSPFJ-UHFFFAOYSA-N"",""WMDNLBVXZTVZRO-UHFFFAOYSA-N"",""WWAPXHWCUSFZFD-UHFFFAOYSA-N"",""XUHOSQWZMYBPHH-UHFFFAOYSA-N"",""ZTHJULTYCAQOIJ-KSBRXOFISA-N"",""ZTHJULTYCAQOIJ-UHFFFAOYSA-N"",""ZTHJULTYCAQOIJ-WXXKFALUSA-L"",""ZTHJULTYCAQOIJ-WXXKFALUSA-N""]"
512,paclitaxel,CIDm05352019,false,0,0,[]
513,saquinavir,CIDm00060934,false,0,0,[]
514,dexamethasone,CIDm00005743,false,0,0,[]
515,levodopa,CIDm00441193,false,0,0,[]
516,aripiprazole,CIDm00060795,true,49,49,"[""CEUORZQYGODEFX-AQEDTYJGSA-N"",""CEUORZQYGODEFX-AQVLYMJBSA-N"",""CEUORZQYGODEFX-BLCDTSFSSA-N"",""CEUORZQYGODEFX-BQLKVSHCSA-N"",""CEUORZQYGODEFX-BSFGQKQYSA-N"",""CEUORZQYGODEFX-BWUFZVQKSA-N"",""CEUORZQYGODEFX-DKAARHFZSA-N"",""CEUORZQYGODEFX-DYCDLGHISA-N"",""CEUORZQYGODEFX-FUEQIQQISA-N"",""CEUORZQYGODEFX-HSFXYOIMSA-N"",""CEUORZQYGODEFX-IPWZZXMKSA-N"",""CEUORZQYGODEFX-KNXIQCGSSA-N"",""CEUORZQYGODEFX-OQOJTFQUSA-N"",""CEUORZQYGODEFX-QAAFGDRRSA-N"",""CEUORZQYGODEFX-QGZYMEECSA-N"",""CEUORZQYGODEFX-QJLCJWSWSA-N"",""CEUORZQYGODEFX-RJSZUWSASA-N"",""CEUORZQYGODEFX-TYEMQIAMSA-N"",""CEUORZQYGODEFX-UGYPEMLASA-N"",""CEUORZQYGODEFX-UHFFFAOYSA-N"",""CEUORZQYGODEFX-UHFFFAOYSA-O"",""CEUORZQYGODEFX-UUGLHNRISA-N"",""CEUORZQYGODEFX-XLDSEMDHSA-N"",""CEUORZQYGODEFX-XTGIUHFWSA-N"",""CEUORZQYGODEFX-XYCNOKIESA-N"",""CGHDWYVPNVRBDJ-UHFFFAOYSA-N"",""COAYMVLTWXLTOT-UHFFFAOYSA-N"",""CSKZGSKMUDLMFU-WXXKFALUSA-N"",""DVRBWJZHQOGAOB-UHFFFAOYSA-N"",""GCIHAYJTYKXQGD-UHFFFAOYSA-N"",""GWPXUWUPRVSROV-UHFFFAOYSA-N"",""HQYHSYIDFQVGAU-UHFFFAOYSA-N"",""IAZGUYCXEWUTRG-UHFFFAOYSA-N"",""KYQPVWSSBUOXQA-UHFFFAOYSA-N"",""MSVHVSZSQKJRMQ-UHFFFAOYSA-N"",""NNHYLMKWYUUVAI-BTJKTKAUSA-L"",""NNHYLMKWYUUVAI-BTJKTKAUSA-N"",""NNHYLMKWYUUVAI-UHFFFAOYSA-N"",""NNHYLMKWYUUVAI-WLHGVMLRSA-N"",""NRCCHQWXUDIGMQ-UHFFFAOYSA-N"",""NTOOVOMBOGFWMT-UHFFFAOYSA-N"",""PEQPTQQEFPZVMP-UHFFFAOYSA-N"",""PFDLSDOFASVCJI-UHFFFAOYSA-L"",""PFDLSDOFASVCJI-UHFFFAOYSA-N"",""UXQBDXJXIVDBTF-UHFFFAOYSA-N"",""WGWSHRWTGCXHLG-UHFFFAOYSA-N"",""YUAMLHSSAIISET-UHFFFAOYSA-N"",""ZGSNFNBYESYABR-UHFFFAOYSA-L"",""ZGSNFNBYESYABR-UHFFFAOYSA-N""]"
517,epoprostenol,CIDm05282411,false,0,0,[]
518,gemfibrozil,CIDm00003463,true,9,9,"[""HEMJJKBWTPKOJG-LIJFRPJRSA-N"",""HEMJJKBWTPKOJG-NXTQXPHYSA-N"",""HEMJJKBWTPKOJG-UHFFFAOYSA-M"",""HEMJJKBWTPKOJG-UHFFFAOYSA-N"",""NSCQLINBRAGJMQ-UHFFFAOYSA-N"",""OYXQPGPKZIARNX-UHFFFAOYSA-N"",""SWFMQHQXGMHZBZ-UHFFFAOYSA-M"",""SWFMQHQXGMHZBZ-UHFFFAOYSA-N"",""ZDXWTGSBOVJBNZ-UHFFFAOYSA-N""]"
519,clomipramine,CIDm00002801,true,14,11,"[""GDLIGKIOYRNHDA-BJUDXGSMSA-N"",""GDLIGKIOYRNHDA-UHFFFAOYSA-N"",""GDLIGKIOYRNHDA-UHFFFAOYSA-O"",""GDLIGKIOYRNHDA-WFGJKAKNSA-N"",""ILSXJKUIQQJDHP-UHFFFAOYSA-N"",""PANQQWMPHOIKLY-UHFFFAOYSA-N"",""RWQBYGSOQLIYAG-TXHXQZCNSA-N"",""WIMWMKZEIBHDTH-TXHXQZCNSA-N"",""WIMWMKZEIBHDTH-UHFFFAOYSA-M"",""WIMWMKZEIBHDTH-UHFFFAOYSA-N"",""YWUSZKOQDLKVHR-UHFFFAOYSA-N""]"
520,bepridil,CIDm00002351,true,19,16,"[""JWXBINOFOXVCOF-STCDVQFJSA-N"",""JWXBINOFOXVCOF-UHFFFAOYSA-N"",""JXBBWYGMTNAYNM-GJFSDDNBSA-N"",""JXBBWYGMTNAYNM-JIDHJSLPSA-N"",""JXBBWYGMTNAYNM-UHFFFAOYSA-M"",""JXBBWYGMTNAYNM-UHFFFAOYSA-N"",""UEECHQPWQHYEDE-ASMAMLKCSA-N"",""UEECHQPWQHYEDE-PPLJNSMQSA-N"",""UEECHQPWQHYEDE-UHFFFAOYSA-N"",""UIEATEWHFDRYRU-DEOSSOPVSA-N"",""UIEATEWHFDRYRU-DEOSSOPVSA-O"",""UIEATEWHFDRYRU-UHFFFAOYSA-N"",""UIEATEWHFDRYRU-UHFFFAOYSA-O"",""UIEATEWHFDRYRU-XMMPIXPASA-N"",""UIEATEWHFDRYRU-XMMPIXPASA-O"",""UIQROZQABQVRAE-UHFFFAOYSA-N""]"
521,docetaxel,CIDm00064780,false,0,0,[]
522,iodixanol,CIDm00003724,true,4,4,"[""DVOVUEUPBIEWCH-UHFFFAOYSA-N"",""NBQNWMBBSKPBAY-BRSBDYLESA-N"",""NBQNWMBBSKPBAY-UHFFFAOYSA-N"",""NBQNWMBBSKPBAY-XSLAGTTESA-N""]"
523,olsalazine,CIDm05462337,true,17,17,"[""KYRHQVPUUPMSJY-RFZNCAAWSA-N"",""NAMVXKWPIQNNIS-SQIOZQJDSA-N"",""NAMVXKWPIQNNIS-UHFFFAOYSA-N"",""QQWFSVYVHLECFP-IKJBZAEVSA-L"",""QQWFSVYVHLECFP-RFZNCAAWSA-L"",""QQWFSVYVHLECFP-UHFFFAOYSA-L"",""QQWFSVYVHLECFP-XBPUGJBTSA-L"",""ULGGGUDXMDYXAE-OHGISNTKSA-M"",""ULGGGUDXMDYXAE-UHFFFAOYSA-M"",""ULGVHUUBIHTFAM-LZYBPNLTSA-L"",""ULGVHUUBIHTFAM-LZYBPNLTSA-N"",""ULGVHUUBIHTFAM-PXNMLYILSA-L"",""ULGVHUUBIHTFAM-PXNMLYILSA-N"",""ULGVHUUBIHTFAM-UHFFFAOYSA-L"",""ULGVHUUBIHTFAM-UHFFFAOYSA-N"",""ULGVHUUBIHTFAM-WCGVKTIYSA-N"",""UOJGQSAFPAJRRY-SQIOZQJDSA-N""]"
524,dasatinib,CIDm03062316,true,45,44,"[""AXJHJMGYMCHWSI-UHFFFAOYSA-N"",""DRCIXKPJRHCQPD-UHFFFAOYSA-N"",""JQRXZDLGVUPQTQ-UHFFFAOYSA-N"",""MLJQKTABWIQYSY-UHFFFAOYSA-N"",""MSCGWICDJYLQOJ-UHFFFAOYSA-N"",""NNZMPWSAOYIZRI-UHFFFAOYSA-N"",""PIUYNOHGCTZQPU-UHFFFAOYSA-N"",""VNPRJURBFMNNBL-UHFFFAOYSA-N"",""WXXDLCXIFJUXAZ-BTJKTKAUSA-N"",""WXXDLCXIFJUXAZ-WLHGVMLRSA-N"",""XHXFZZNHDVTMLI-UHFFFAOYSA-N"",""YSMXFXIWOQSYCU-UHFFFAOYSA-N"",""ZBNZXTGUTAYRHI-AXNRDLRRSA-N"",""ZBNZXTGUTAYRHI-BMSJAHLVSA-N"",""ZBNZXTGUTAYRHI-COMRDEPKSA-N"",""ZBNZXTGUTAYRHI-FIBGUPNXSA-N"",""ZBNZXTGUTAYRHI-FRYQPTOYSA-N"",""ZBNZXTGUTAYRHI-HCZBTBFESA-N"",""ZBNZXTGUTAYRHI-IEMIFWJJSA-N"",""ZBNZXTGUTAYRHI-IUBZCFNFSA-N"",""ZBNZXTGUTAYRHI-IZVLGPDASA-N"",""ZBNZXTGUTAYRHI-JBBQARTASA-N"",""ZBNZXTGUTAYRHI-JBHSRKMPSA-N"",""ZBNZXTGUTAYRHI-JCHLSBLSSA-N"",""ZBNZXTGUTAYRHI-JEKPXRCASA-N"",""ZBNZXTGUTAYRHI-JIZANVDTSA-N"",""ZBNZXTGUTAYRHI-JJTGTYJFSA-N"",""ZBNZXTGUTAYRHI-JNJBWJDISA-N"",""ZBNZXTGUTAYRHI-JRRQFNEBSA-N"",""ZBNZXTGUTAYRHI-JWPJWRLTSA-N"",""ZBNZXTGUTAYRHI-MKQHWYKPSA-N"",""ZBNZXTGUTAYRHI-MMTAUSBASA-N"",""ZBNZXTGUTAYRHI-NJFDCKJNSA-N"",""ZBNZXTGUTAYRHI-PPARUYMOSA-N"",""ZBNZXTGUTAYRHI-QGZYMEECSA-N"",""ZBNZXTGUTAYRHI-QIYJZEIISA-N"",""ZBNZXTGUTAYRHI-UHFFFAOYSA-N"",""ZBNZXTGUTAYRHI-UHFFFAOYSA-O"",""ZBNZXTGUTAYRHI-UQBWLURTSA-N"",""ZBNZXTGUTAYRHI-WBMOYHRZSA-N"",""ZBNZXTGUTAYRHI-WQRDRFFHSA-N"",""ZBNZXTGUTAYRHI-YHJRWVSRSA-N"",""ZBNZXTGUTAYRHI-YSOHJTORSA-N"",""ZBNZXTGUTAYRHI-ZWGOZCLVSA-N""]"
525,lisdexamfetamine,CIDm11597697,true,25,25,"[""CETWSOHVEGTIBR-CIKMBUIBSA-N"",""CETWSOHVEGTIBR-FORAGAHYSA-N"",""CETWSOHVEGTIBR-UHFFFAOYSA-L"",""CETWSOHVEGTIBR-UHFFFAOYSA-N"",""MBFYQIVPCPSYQM-CFJDHUMCSA-N"",""MBFYQIVPCPSYQM-DAIKJZOUSA-N"",""MBFYQIVPCPSYQM-DIDVIBMPSA-N"",""MBFYQIVPCPSYQM-FORAGAHYSA-N"",""PIGBKFWRYBYYAL-KYSPHBLOSA-N"",""VOBHXZCDAVEXEY-BPIDKZQWSA-N"",""VOBHXZCDAVEXEY-FCMSUNMUSA-N"",""VOBHXZCDAVEXEY-GXTWGEPZSA-N"",""VOBHXZCDAVEXEY-IIOPYDPLSA-N"",""VOBHXZCDAVEXEY-JSGCOSHPSA-N"",""VOBHXZCDAVEXEY-JSGCOSHPSA-P"",""VOBHXZCDAVEXEY-MOUBQOMGSA-N"",""VOBHXZCDAVEXEY-NBFOIZRFSA-N"",""VOBHXZCDAVEXEY-NBPJHFDYSA-N"",""VOBHXZCDAVEXEY-NPGDTUHQSA-N"",""VOBHXZCDAVEXEY-NTYUZJTFSA-N"",""VOBHXZCDAVEXEY-OCCSQVGLSA-N"",""VOBHXZCDAVEXEY-UHFFFAOYSA-N"",""VOBHXZCDAVEXEY-UHFFFAOYSA-P"",""VOBHXZCDAVEXEY-WNGYEMHLSA-N"",""WOASYSYGTPYYAG-KYSPHBLOSA-N""]"
526,lapatinib,CIDm00208908,true,76,76,"[""BCFGMOOMADDAQU-AREBVXNXSA-N"",""BCFGMOOMADDAQU-AVXRXUQZSA-N"",""BCFGMOOMADDAQU-BPPAMHLBSA-N"",""BCFGMOOMADDAQU-BRCLSIERSA-N"",""BCFGMOOMADDAQU-BSNHWYSHSA-N"",""BCFGMOOMADDAQU-CFPTYDLKSA-N"",""BCFGMOOMADDAQU-CODXBBBJSA-N"",""BCFGMOOMADDAQU-DICFDUPASA-N"",""BCFGMOOMADDAQU-DNGXDNILSA-N"",""BCFGMOOMADDAQU-FBCWWBABSA-N"",""BCFGMOOMADDAQU-FDUSPENCSA-N"",""BCFGMOOMADDAQU-FFSONIBRSA-N"",""BCFGMOOMADDAQU-FIBGUPNXSA-N"",""BCFGMOOMADDAQU-GROHAHKRSA-N"",""BCFGMOOMADDAQU-GYJMYCPQSA-N"",""BCFGMOOMADDAQU-HIGFZEDOSA-N"",""BCFGMOOMADDAQU-HWJAQYJLSA-N"",""BCFGMOOMADDAQU-IEOKXOEWSA-N"",""BCFGMOOMADDAQU-IHNWQLPYSA-N"",""BCFGMOOMADDAQU-KLOHCYOOSA-N"",""BCFGMOOMADDAQU-KOYYBIBMSA-N"",""BCFGMOOMADDAQU-LLRXGOMGSA-N"",""BCFGMOOMADDAQU-MNHPIYLBSA-N"",""BCFGMOOMADDAQU-NZWZJWFMSA-N"",""BCFGMOOMADDAQU-PDCHIETGSA-N"",""BCFGMOOMADDAQU-PGIBLOCFSA-N"",""BCFGMOOMADDAQU-QGVHRBIPSA-N"",""BCFGMOOMADDAQU-RAGWNSQDSA-N"",""BCFGMOOMADDAQU-RZOBCMOLSA-N"",""BCFGMOOMADDAQU-UHFFFAOYSA-N"",""BCFGMOOMADDAQU-UHFFFAOYSA-O"",""BCFGMOOMADDAQU-USPIWFGBSA-N"",""BCFGMOOMADDAQU-VFLDFJFSSA-N"",""BCFGMOOMADDAQU-WAMKHQEVSA-N"",""BCFGMOOMADDAQU-XIAOBQIASA-N"",""BCFGMOOMADDAQU-XODZCWLCSA-N"",""BCFGMOOMADDAQU-YUCWMWJZSA-N"",""BCFGMOOMADDAQU-ZLINPFJVSA-N"",""BCFGMOOMADDAQU-ZMBDJWRHSA-N"",""BCFGMOOMADDAQU-ZSJDYOACSA-N"",""BCFGMOOMADDAQU-ZTYNMXQCSA-N"",""BCFGMOOMADDAQU-ZWGOZCLVSA-N"",""DFHHLTRPIUJKPY-UHFFFAOYSA-N"",""DZDVRYZELORFCC-UHFFFAOYSA-N"",""FKFXCFJOJYCABT-UHFFFAOYSA-N"",""FVWLHZQHZLTUDB-UHFFFAOYSA-N"",""GFJRNZSCCYDFHS-UHFFFAOYSA-N"",""GHGOOFFRNXSPRM-UHFFFAOYSA-N"",""HSSSFPUDPGZRKK-UHFFFAOYSA-N"",""IFCRZMOJNHPUCD-UHFFFAOYSA-J"",""IKDNWVJJSKDCJR-UHFFFAOYSA-N"",""IOPZILGFKBAABD-LVEZLNDCSA-N"",""IOPZILGFKBAABD-SPIKMXEPSA-N"",""JADKCTSJYJRKNT-UHFFFAOYSA-N"",""KIEBYYJNHFHEFX-UHFFFAOYSA-N"",""LTMLMZDYZUHGPS-BTJKTKAUSA-N"",""LTMLMZDYZUHGPS-WLHGVMLRSA-N"",""NCDDAWNGCQGAIO-UHFFFAOYSA-N"",""OZDXXJABMOYNGY-LXACFCGFSA-N"",""OZDXXJABMOYNGY-OSUMFKEWSA-N"",""OZDXXJABMOYNGY-UHFFFAOYSA-N"",""QCRBRCCJLFHRRU-UHFFFAOYSA-N"",""RGDUQLFDBSQKGW-UHFFFAOYSA-N"",""RPODPRXHBZALEH-UHFFFAOYSA-N"",""RRVJXHHGHWZLMG-UHFFFAOYSA-N"",""SKYHGVHROJHHOM-UHFFFAOYSA-N"",""TVQYBSNEVBLEKY-UHFFFAOYSA-N"",""UWYXLGUQQFPJRI-UHFFFAOYSA-N"",""UWYXLGUQQFPJRI-YZJTZNKBSA-N"",""WGQMKNSAZQWZQH-UHFFFAOYSA-N"",""WWRRZOSXJPEWKE-UHFFFAOYSA-N"",""XIRTWMLXBNZRBM-UHFFFAOYSA-N"",""XNRVGTHNYCNCFF-UHFFFAOYSA-N"",""YNDRLWXHMGKQIU-UHFFFAOYSA-N"",""ZMYLSDCYAFUXAP-UHFFFAOYSA-N"",""ZUEBOMFPGITFHS-UHFFFAOYSA-N""]"
527,desonide,CIDm00012536,true,25,25,"[""HXKFMQNOBUOVDV-CIADAHOJSA-N"",""PUPRUZKCWSZOEZ-CIADAHOJSA-N"",""PUPRUZKCWSZOEZ-UHFFFAOYSA-N"",""RFJYJOFEPKHBJL-QLVXNGJGSA-N"",""RFJYJOFEPKHBJL-UHFFFAOYSA-N"",""WBGKWQHBNHJJPZ-DBAMIFMJSA-N"",""WBGKWQHBNHJJPZ-DMLVVILZSA-N"",""WBGKWQHBNHJJPZ-FGIIUYPESA-N"",""WBGKWQHBNHJJPZ-HGVKZYPHSA-N"",""WBGKWQHBNHJJPZ-HSVOAUKISA-N"",""WBGKWQHBNHJJPZ-JGHJVBRBSA-N"",""WBGKWQHBNHJJPZ-LECWWXJVSA-N"",""WBGKWQHBNHJJPZ-LECWWXJVSA-O"",""WBGKWQHBNHJJPZ-LROFSNRUSA-N"",""WBGKWQHBNHJJPZ-MPCKTGHKSA-N"",""WBGKWQHBNHJJPZ-OTROMZTISA-N"",""WBGKWQHBNHJJPZ-PKKQZABYSA-N"",""WBGKWQHBNHJJPZ-QHDHGWJCSA-N"",""WBGKWQHBNHJJPZ-QMSZYBSQSA-N"",""WBGKWQHBNHJJPZ-RPBJKKPCSA-N"",""WBGKWQHBNHJJPZ-UHFFFAOYSA-N"",""WBGKWQHBNHJJPZ-UHFFFAOYSA-O"",""WBGKWQHBNHJJPZ-YIIOKNAHSA-N"",""WBGKWQHBNHJJPZ-YWZQBGSISA-N"",""WBGKWQHBNHJJPZ-ZVJGJQJYSA-N""]"
528,sitagliptin,CIDm04369359,true,95,95,"[""AIYPUOIZQPBFLC-KZKMUFAMSA-N"",""AIYPUOIZQPBFLC-SBSPUUFOSA-N"",""AIYPUOIZQPBFLC-UHFFFAOYSA-N"",""BMIWUEXMRXVADR-SBSPUUFOSA-K"",""BMIWUEXMRXVADR-SBSPUUFOSA-N"",""BMIWUEXMRXVADR-UHFFFAOYSA-N"",""CTZMTCCGCACKHK-KLQYNRQASA-N"",""DATWYRAGBBEDBY-KLQYNRQASA-N"",""FNSBNGSGGFOPKC-GRDVFPNISA-N"",""FNSBNGSGGFOPKC-UHFFFAOYSA-N"",""FTMSUJRFSMCANH-AMMWVCRBSA-N"",""FTMSUJRFSMCANH-IJKOKMODSA-N"",""FTMSUJRFSMCANH-SBSPUUFOSA-M"",""FTMSUJRFSMCANH-SBSPUUFOSA-N"",""FTMSUJRFSMCANH-UHFFFAOYSA-N"",""GGQQMDZWIGLOMN-KLQYNRQASA-M"",""GGQQMDZWIGLOMN-KLQYNRQASA-N"",""GGQQMDZWIGLOMN-UHFFFAOYSA-M"",""GGQQMDZWIGLOMN-UHFFFAOYSA-N"",""GQPYTJVDPQTBQC-KLQYNRQASA-N"",""GQPYTJVDPQTBQC-UHFFFAOYSA-N"",""HCYYXQZONNNFNP-KLQYNRQASA-M"",""HCYYXQZONNNFNP-UHFFFAOYSA-M"",""HQLWNDWVUBXNDV-KLQYNRQASA-L"",""HQLWNDWVUBXNDV-UHFFFAOYSA-L"",""IQFYVLUXQXSJJN-FVGYRXGTSA-N"",""IQFYVLUXQXSJJN-GKIQQKSJSA-N"",""IQFYVLUXQXSJJN-SBSPUUFOSA-N"",""IQFYVLUXQXSJJN-UHFFFAOYSA-N"",""IQFYVLUXQXSJJN-UHHIJCFHSA-N"",""ISKXSFXSEXYRNB-KLQYNRQASA-N"",""ISKXSFXSEXYRNB-UHFFFAOYSA-N"",""KORUMTTUBYNAQX-SBSPUUFOSA-M"",""KORUMTTUBYNAQX-SBSPUUFOSA-N"",""KORUMTTUBYNAQX-UHFFFAOYSA-N"",""MFFMDFFZMYYVKS-BAAFCSFSSA-N"",""MFFMDFFZMYYVKS-BPBNUVIHSA-N"",""MFFMDFFZMYYVKS-BWTJVYGDSA-N"",""MFFMDFFZMYYVKS-CGCWQLHNSA-N"",""MFFMDFFZMYYVKS-FNPHTTQRSA-N"",""MFFMDFFZMYYVKS-GQCWRORWSA-N"",""MFFMDFFZMYYVKS-MZAYRJRESA-N"",""MFFMDFFZMYYVKS-OCDHMHOLSA-N"",""MFFMDFFZMYYVKS-PDZZVLSUSA-N"",""MFFMDFFZMYYVKS-QNTMZMFKSA-N"",""MFFMDFFZMYYVKS-QQPHQOMVSA-N"",""MFFMDFFZMYYVKS-SAGVTBOWSA-N"",""MFFMDFFZMYYVKS-SECBINFHSA-N"",""MFFMDFFZMYYVKS-SECBINFHSA-O"",""MFFMDFFZMYYVKS-UHFFFAOYSA-N"",""MFFMDFFZMYYVKS-UHFFFAOYSA-O"",""MFFMDFFZMYYVKS-VIFPVBQESA-N"",""MFFMDFFZMYYVKS-VIFPVBQESA-O"",""MFFMDFFZMYYVKS-WLTPTHEDSA-N"",""MFFMDFFZMYYVKS-ZWRFNSBXSA-N"",""MRVMOVMXJQLGAL-UHFFFAOYSA-N"",""NFNURNBGRHUFEL-KLQYNRQASA-M"",""NFNURNBGRHUFEL-UHFFFAOYSA-M"",""NPLGWCPVNVOCNM-SBSPUUFOSA-N"",""NPZCSFIGEBDWKN-SBSPUUFOSA-N"",""NPZCSFIGEBDWKN-UHFFFAOYSA-N"",""OWCZEFXZQZWOJO-LTITYVEBSA-N"",""OWCZEFXZQZWOJO-UHFFFAOYSA-N"",""PNXSHNOORJKXDW-SBSPUUFOSA-M"",""PNXSHNOORJKXDW-SBSPUUFOSA-N"",""PNXSHNOORJKXDW-UHFFFAOYSA-M"",""PNXSHNOORJKXDW-UHFFFAOYSA-N"",""QHWMJEAKNCHPAN-SBSPUUFOSA-N"",""QHWMJEAKNCHPAN-UHFFFAOYSA-N"",""QNZXUPWGBGAKRR-SBSPUUFOSA-M"",""QNZXUPWGBGAKRR-SBSPUUFOSA-N"",""QNZXUPWGBGAKRR-UHFFFAOYSA-N"",""QPLUACGWORCQQQ-KLQYNRQASA-L"",""QPLUACGWORCQQQ-UHFFFAOYSA-L"",""RJHAMOWEWYHORR-SBSPUUFOSA-N"",""RJHAMOWEWYHORR-UHFFFAOYSA-N"",""RSKBPCBBYWEINO-SBSPUUFOSA-L"",""RSKBPCBBYWEINO-SBSPUUFOSA-N"",""RSKBPCBBYWEINO-UHFFFAOYSA-N"",""VRXPENXEDWVCEB-SBSPUUFOSA-L"",""VRXPENXEDWVCEB-SBSPUUFOSA-N"",""VRXPENXEDWVCEB-UHFFFAOYSA-N"",""WSJSNSFEWVZILC-SBSPUUFOSA-L"",""WSJSNSFEWVZILC-SBSPUUFOSA-M"",""WSJSNSFEWVZILC-SBSPUUFOSA-N"",""WSJSNSFEWVZILC-UHFFFAOYSA-L"",""WSJSNSFEWVZILC-UHFFFAOYSA-N"",""XCDDTINQMXARAL-GRDVFPNISA-N"",""XCDDTINQMXARAL-UHFFFAOYSA-N"",""YBBNSDIOEVOLSF-SBSPUUFOSA-N"",""YBBNSDIOEVOLSF-UHFFFAOYSA-N"",""YRKLLQIZVVYDQY-OIJPFUDISA-L"",""YRKLLQIZVVYDQY-OIJPFUDISA-N"",""YRKLLQIZVVYDQY-UHFFFAOYSA-N"",""YRKLLQIZVVYDQY-YLGLLLDBSA-N""]"
529,decitabine,CIDm00451668,false,0,0,[]
530,posaconazole,CIDm00468595,false,0,0,[]
531,darunavir,CIDm00213039,true,140,140,"[""CJBJHOAVZSMMDJ-ALALRQKKSA-N"",""CJBJHOAVZSMMDJ-AVIQWQKWSA-N"",""CJBJHOAVZSMMDJ-AWZYZTPFSA-N"",""CJBJHOAVZSMMDJ-BAJIRLRDSA-N"",""CJBJHOAVZSMMDJ-BUKSOWHNSA-N"",""CJBJHOAVZSMMDJ-CGQASKLYSA-N"",""CJBJHOAVZSMMDJ-CGQFLDJJSA-N"",""CJBJHOAVZSMMDJ-CKWUTACFSA-N"",""CJBJHOAVZSMMDJ-CLRULVSZSA-N"",""CJBJHOAVZSMMDJ-CNSOWPSMSA-N"",""CJBJHOAVZSMMDJ-CRFGFPLKSA-N"",""CJBJHOAVZSMMDJ-DHFOIZKPSA-N"",""CJBJHOAVZSMMDJ-DNPLYTOLSA-N"",""CJBJHOAVZSMMDJ-DSYYBCDVSA-N"",""CJBJHOAVZSMMDJ-DTQLUKNTSA-N"",""CJBJHOAVZSMMDJ-FBELPUHSSA-N"",""CJBJHOAVZSMMDJ-FBQJVNEBSA-N"",""CJBJHOAVZSMMDJ-FEOPAWIKSA-N"",""CJBJHOAVZSMMDJ-FLFNRYCRSA-N"",""CJBJHOAVZSMMDJ-FQXVOIMSSA-N"",""CJBJHOAVZSMMDJ-FTRRGBCPSA-N"",""CJBJHOAVZSMMDJ-FZPKUJNRSA-N"",""CJBJHOAVZSMMDJ-GJJHQUJQSA-N"",""CJBJHOAVZSMMDJ-GJZDOMQGSA-N"",""CJBJHOAVZSMMDJ-GPXJVSSFSA-N"",""CJBJHOAVZSMMDJ-HARVMABESA-N"",""CJBJHOAVZSMMDJ-HEXNFIEUSA-N"",""CJBJHOAVZSMMDJ-HFBBFHGVSA-N"",""CJBJHOAVZSMMDJ-HFPGGMSYSA-N"",""CJBJHOAVZSMMDJ-HFWRQZJSSA-N"",""CJBJHOAVZSMMDJ-HKJGABTQSA-N"",""CJBJHOAVZSMMDJ-HLZRKAIRSA-N"",""CJBJHOAVZSMMDJ-HODVMUEYSA-N"",""CJBJHOAVZSMMDJ-HPAPSOAQSA-N"",""CJBJHOAVZSMMDJ-HSIWTSNOSA-N"",""CJBJHOAVZSMMDJ-HXEJPZHNSA-N"",""CJBJHOAVZSMMDJ-HZWIZZNTSA-N"",""CJBJHOAVZSMMDJ-IABRJFFGSA-N"",""CJBJHOAVZSMMDJ-IAVJPMQCSA-N"",""CJBJHOAVZSMMDJ-IFVBKTLUSA-N"",""CJBJHOAVZSMMDJ-IQLJTYQGSA-N"",""CJBJHOAVZSMMDJ-IVTROFGASA-N"",""CJBJHOAVZSMMDJ-IWFIGCOZSA-N"",""CJBJHOAVZSMMDJ-IWNWUGAQSA-N"",""CJBJHOAVZSMMDJ-IWSMYSAXSA-N"",""CJBJHOAVZSMMDJ-IZTHIFTNSA-N"",""CJBJHOAVZSMMDJ-JEDWNMKKSA-N"",""CJBJHOAVZSMMDJ-JKTPKFKQSA-N"",""CJBJHOAVZSMMDJ-KGGGLYLMSA-N"",""CJBJHOAVZSMMDJ-KLEJXXFUSA-N"",""CJBJHOAVZSMMDJ-KRHVZCEXSA-N"",""CJBJHOAVZSMMDJ-KSLHOBILSA-N"",""CJBJHOAVZSMMDJ-KUFNFCETSA-N"",""CJBJHOAVZSMMDJ-KXJDAXTCSA-N"",""CJBJHOAVZSMMDJ-LLNAIGOYSA-N"",""CJBJHOAVZSMMDJ-LNENKYIHSA-N"",""CJBJHOAVZSMMDJ-LPPVQYCRSA-N"",""CJBJHOAVZSMMDJ-LYPCPYRLSA-N"",""CJBJHOAVZSMMDJ-MFOIEHIJSA-N"",""CJBJHOAVZSMMDJ-MGJIEMPKSA-N"",""CJBJHOAVZSMMDJ-MKWKTVOJSA-N"",""CJBJHOAVZSMMDJ-MMBLVWGISA-N"",""CJBJHOAVZSMMDJ-NEUNSYDOSA-N"",""CJBJHOAVZSMMDJ-NRWDCXGPSA-N"",""CJBJHOAVZSMMDJ-NZQJCJPCSA-N"",""CJBJHOAVZSMMDJ-OAQXCZEZSA-N"",""CJBJHOAVZSMMDJ-OBKLLNRKSA-N"",""CJBJHOAVZSMMDJ-PDKPKIGCSA-N"",""CJBJHOAVZSMMDJ-PDXWYEEFSA-N"",""CJBJHOAVZSMMDJ-PIISMFEUSA-N"",""CJBJHOAVZSMMDJ-POMYFCAZSA-N"",""CJBJHOAVZSMMDJ-PPUPXXPTSA-N"",""CJBJHOAVZSMMDJ-QBLGCMHWSA-N"",""CJBJHOAVZSMMDJ-QDMPXKMWSA-N"",""CJBJHOAVZSMMDJ-QEZBYGSXSA-N"",""CJBJHOAVZSMMDJ-QJJBCJIQSA-N"",""CJBJHOAVZSMMDJ-QJNAOKPUSA-N"",""CJBJHOAVZSMMDJ-QMLTWIAGSA-N"",""CJBJHOAVZSMMDJ-QRUMUSSISA-N"",""CJBJHOAVZSMMDJ-QTJVYBMJSA-N"",""CJBJHOAVZSMMDJ-QZJGHZITSA-N"",""CJBJHOAVZSMMDJ-RAMBMOPVSA-N"",""CJBJHOAVZSMMDJ-RSAZHJHBSA-N"",""CJBJHOAVZSMMDJ-RWRANUHWSA-N"",""CJBJHOAVZSMMDJ-SCXUQZFISA-N"",""CJBJHOAVZSMMDJ-SDHJFCCMSA-N"",""CJBJHOAVZSMMDJ-SGZPYDKCSA-N"",""CJBJHOAVZSMMDJ-SLTVDLAJSA-N"",""CJBJHOAVZSMMDJ-SUZCJMMGSA-N"",""CJBJHOAVZSMMDJ-SWGOUGNFSA-N"",""CJBJHOAVZSMMDJ-SWRJESCOSA-N"",""CJBJHOAVZSMMDJ-SYUAEXFJSA-N"",""CJBJHOAVZSMMDJ-TUHHRYBRSA-N"",""CJBJHOAVZSMMDJ-TUXACJAPSA-N"",""CJBJHOAVZSMMDJ-UBFYYWLASA-N"",""CJBJHOAVZSMMDJ-UHFFFAOYSA-N"",""CJBJHOAVZSMMDJ-UIIMELJUSA-N"",""CJBJHOAVZSMMDJ-UJKJWYJOSA-N"",""CJBJHOAVZSMMDJ-UKJSNGPNSA-N"",""CJBJHOAVZSMMDJ-UOPGYRRESA-N"",""CJBJHOAVZSMMDJ-UUXGTOHMSA-N"",""CJBJHOAVZSMMDJ-UZDRXXQXSA-N"",""CJBJHOAVZSMMDJ-UZQKMBHFSA-N"",""CJBJHOAVZSMMDJ-VEUZBGLISA-N"",""CJBJHOAVZSMMDJ-WBAQKLHDSA-N"",""CJBJHOAVZSMMDJ-WDQRQRECSA-N"",""CJBJHOAVZSMMDJ-WGZFTJBSSA-N"",""CJBJHOAVZSMMDJ-WKZMUZMWSA-N"",""CJBJHOAVZSMMDJ-WLYWAOTPSA-N"",""CJBJHOAVZSMMDJ-WWUKBFSDSA-N"",""CJBJHOAVZSMMDJ-WWYNVJEHSA-N"",""CJBJHOAVZSMMDJ-WYCFNUIBSA-N"",""CJBJHOAVZSMMDJ-WZAYFXSJSA-N"",""CJBJHOAVZSMMDJ-XCBHRRBHSA-N"",""CJBJHOAVZSMMDJ-YAWIRVESSA-N"",""CJBJHOAVZSMMDJ-YDIBDRHBSA-N"",""CJBJHOAVZSMMDJ-YRRAXNMJSA-N"",""CJBJHOAVZSMMDJ-YULMLDAJSA-N"",""CJBJHOAVZSMMDJ-YVDZDUKBSA-N"",""CJBJHOAVZSMMDJ-YWQGFENMSA-N"",""CJBJHOAVZSMMDJ-YYAIHKTQSA-N"",""CJBJHOAVZSMMDJ-ZBAGCEGMSA-N"",""CJBJHOAVZSMMDJ-ZELNBRCOSA-N"",""CJBJHOAVZSMMDJ-ZMIQYYGXSA-N"",""CJBJHOAVZSMMDJ-ZNNFFEPUSA-N"",""CJBJHOAVZSMMDJ-ZNRFCMBSSA-N"",""CJBJHOAVZSMMDJ-ZRTIBYKISA-N"",""CJBJHOAVZSMMDJ-ZURRMAAYSA-N"",""CJBJHOAVZSMMDJ-ZVKGFREISA-N"",""CJBJHOAVZSMMDJ-ZXTKXDKASA-N"",""HYOCCDILOSBLCF-FIPWFZKZSA-N"",""HYOCCDILOSBLCF-IKVMIIQGSA-N"",""HYOCCDILOSBLCF-NHXSZLMJSA-N"",""HYOCCDILOSBLCF-UHFFFAOYSA-N"",""HYOCCDILOSBLCF-WDAGPWONSA-N"",""IJYZSYYXJZJZGV-ZQNWVUNQSA-N"",""JKQULTRRXSDLJN-UHFFFAOYSA-N"",""JKQULTRRXSDLJN-VBTXLZOXSA-N"",""SGIHOWXDWLQENH-UHFFFAOYSA-N"",""SGIHOWXDWLQENH-VBTXLZOXSA-N""]"
532,telbivudine,CIDm00159269,false,0,0,[]
533,paliperidone,CIDm00115237,true,115,113,"[""AEKPYYVXAMBCMG-UHFFFAOYSA-N"",""DGQIEWHXZZNXEM-UHFFFAOYSA-N"",""DUTOWDSUFREGOS-FSRHSHDFSA-N"",""DUTOWDSUFREGOS-LREBCSMRSA-N"",""DUTOWDSUFREGOS-UHFFFAOYSA-L"",""DUTOWDSUFREGOS-UHFFFAOYSA-N"",""HNWHPVRTGXERDO-UHFFFAOYSA-N"",""HWUNQOYIKBZZII-FSRHSHDFSA-N"",""HWUNQOYIKBZZII-UHFFFAOYSA-M"",""HWUNQOYIKBZZII-UHFFFAOYSA-N"",""IABWSAGTDQFJDB-FSRHSHDFSA-N"",""IABWSAGTDQFJDB-UHFFFAOYSA-N"",""JMKDMNDKFXDJAJ-UHFFFAOYSA-N"",""JRSXXNQTGVRDBG-FSRHSHDFSA-N"",""JRSXXNQTGVRDBG-UHFFFAOYSA-L"",""JRSXXNQTGVRDBG-UHFFFAOYSA-N"",""JTGSEZFEODPYJV-FSRHSHDFSA-N"",""JTGSEZFEODPYJV-UHFFFAOYSA-M"",""JTGSEZFEODPYJV-UHFFFAOYSA-N"",""LQFMXHLAPWSQMA-JQDLGSOUSA-N"",""LQFMXHLAPWSQMA-UHFFFAOYSA-N"",""NFDXBWNUQQOVKY-FSRHSHDFSA-N"",""NFDXBWNUQQOVKY-UHFFFAOYSA-N"",""ODCYDUMDXWNLOC-FSRHSHDFSA-N"",""ODCYDUMDXWNLOC-UHFFFAOYSA-N"",""PMXMIIMHBWHSKN-AIZGPRNDSA-N"",""PMXMIIMHBWHSKN-AJUQWLIZSA-N"",""PMXMIIMHBWHSKN-AKUFDOPSSA-N"",""PMXMIIMHBWHSKN-AUDRPILBSA-N"",""PMXMIIMHBWHSKN-CAMNLRINSA-N"",""PMXMIIMHBWHSKN-CUUFVNDNSA-N"",""PMXMIIMHBWHSKN-CVNKMKPLSA-N"",""PMXMIIMHBWHSKN-DMBWVINKSA-N"",""PMXMIIMHBWHSKN-DMDMPTIVSA-N"",""PMXMIIMHBWHSKN-FIBGUPNXSA-N"",""PMXMIIMHBWHSKN-FIIDQFITSA-N"",""PMXMIIMHBWHSKN-FJVJJXCISA-N"",""PMXMIIMHBWHSKN-FWAUDFIJSA-N"",""PMXMIIMHBWHSKN-GMJMJXHISA-N"",""PMXMIIMHBWHSKN-GRYKKURNSA-N"",""PMXMIIMHBWHSKN-GTDAKNOISA-N"",""PMXMIIMHBWHSKN-GYLMFRCQSA-N"",""PMXMIIMHBWHSKN-GZHDGNQVSA-N"",""PMXMIIMHBWHSKN-IBGZPJMESA-N"",""PMXMIIMHBWHSKN-IBGZPJMESA-O"",""PMXMIIMHBWHSKN-IJIOTPMASA-N"",""PMXMIIMHBWHSKN-IUGMBICTSA-N"",""PMXMIIMHBWHSKN-JFCFSWRTSA-N"",""PMXMIIMHBWHSKN-JFNACYTKSA-N"",""PMXMIIMHBWHSKN-JLJIQKDESA-N"",""PMXMIIMHBWHSKN-JSWSGFGRSA-N"",""PMXMIIMHBWHSKN-JUBOTOOYSA-N"",""PMXMIIMHBWHSKN-KVGJPULDSA-N"",""PMXMIIMHBWHSKN-KYTLRWOVSA-N"",""PMXMIIMHBWHSKN-LJQANCHMSA-N"",""PMXMIIMHBWHSKN-LJQANCHMSA-O"",""PMXMIIMHBWHSKN-LNAOYJRHSA-N"",""PMXMIIMHBWHSKN-LQXQOCGASA-N"",""PMXMIIMHBWHSKN-LUKNXIATSA-N"",""PMXMIIMHBWHSKN-LWIVNMJHSA-N"",""PMXMIIMHBWHSKN-LXFAESSRSA-N"",""PMXMIIMHBWHSKN-MFSPWIDASA-N"",""PMXMIIMHBWHSKN-MGXKMNBCSA-N"",""PMXMIIMHBWHSKN-MLBAUURBSA-N"",""PMXMIIMHBWHSKN-NFIWHELISA-N"",""PMXMIIMHBWHSKN-NPPPNIBASA-N"",""PMXMIIMHBWHSKN-NTUXRFCZSA-N"",""PMXMIIMHBWHSKN-OVVCEUNFSA-N"",""PMXMIIMHBWHSKN-PBQRGFGYSA-N"",""PMXMIIMHBWHSKN-PWLPGIHWSA-N"",""PMXMIIMHBWHSKN-PWPCMICMSA-N"",""PMXMIIMHBWHSKN-QMZMIMBOSA-N"",""PMXMIIMHBWHSKN-QNNRFTMBSA-N"",""PMXMIIMHBWHSKN-QWDIBBPFSA-N"",""PMXMIIMHBWHSKN-QXFPFRDYSA-N"",""PMXMIIMHBWHSKN-RQHRFERCSA-N"",""PMXMIIMHBWHSKN-RTDORAAUSA-N"",""PMXMIIMHBWHSKN-SLLGZBPHSA-N"",""PMXMIIMHBWHSKN-SVCJQXHMSA-N"",""PMXMIIMHBWHSKN-SYFLGHOTSA-N"",""PMXMIIMHBWHSKN-UHFFFAOYSA-N"",""PMXMIIMHBWHSKN-UHFFFAOYSA-O"",""PMXMIIMHBWHSKN-VPPJAAQQSA-N"",""PMXMIIMHBWHSKN-VRBRYJCRSA-N"",""PMXMIIMHBWHSKN-VYXSUMQLSA-N"",""PMXMIIMHBWHSKN-WBDZLQAZSA-N"",""PMXMIIMHBWHSKN-WCSDBVLZSA-N"",""PMXMIIMHBWHSKN-WLASRARJSA-N"",""PMXMIIMHBWHSKN-WRPSOAJYSA-N"",""PMXMIIMHBWHSKN-WSQWPIMSSA-N"",""PMXMIIMHBWHSKN-XCUSLCFCSA-N"",""PMXMIIMHBWHSKN-XFVVBUTPSA-N"",""PMXMIIMHBWHSKN-XOUUPHJJSA-N"",""PMXMIIMHBWHSKN-XWAQUYIZSA-N"",""PMXMIIMHBWHSKN-YEWFAKEISA-N"",""PMXMIIMHBWHSKN-YUIGOLOMSA-N"",""PMXMIIMHBWHSKN-ZNZAITRCSA-N"",""PMXMIIMHBWHSKN-ZOKMWSAESA-N"",""PWUZVZXVEXIBPI-UHFFFAOYSA-N"",""QIBBCMURTGSESE-FSRHSHDFSA-N"",""QIBBCMURTGSESE-UHFFFAOYSA-N"",""QNKRDANRQCCFHQ-UHFFFAOYSA-N"",""RERWQUGBRHJIAB-FSRHSHDFSA-N"",""RERWQUGBRHJIAB-UHFFFAOYSA-K"",""RERWQUGBRHJIAB-UHFFFAOYSA-N"",""RHKBUWXYXKWOEB-BTJKTKAUSA-L"",""RHKBUWXYXKWOEB-BTJKTKAUSA-N"",""RHKBUWXYXKWOEB-GDYGQLJFSA-N"",""RHKBUWXYXKWOEB-UHFFFAOYSA-N"",""RHKBUWXYXKWOEB-WLHGVMLRSA-L"",""RHKBUWXYXKWOEB-ZDADEQPYSA-N"",""SBTUXFUTAYSRIH-UHFFFAOYSA-N"",""ZZRLLRGQUUBKMS-UHFFFAOYSA-N""]"
534,sunitinib,CIDm05329102,false,0,0,[]
535,varenicline,CIDm00170361,true,58,57,"[""CRRNHPYRGHDVNQ-UHFFFAOYSA-N"",""DQSOMCRBISKPGE-UFIFRZAQSA-N"",""DQSOMCRBISKPGE-UHFFFAOYSA-N"",""DQSOMCRBISKPGE-VTLYIQCISA-N"",""IRJGXGYKHJLWPS-UHFFFAOYSA-N"",""IRJGXGYKHJLWPS-VTLYIQCISA-N"",""JQSHBVHOMNKWFT-DTORHVGOSA-N"",""JQSHBVHOMNKWFT-DTORHVGOSA-O"",""JQSHBVHOMNKWFT-IENPIDJESA-N"",""JQSHBVHOMNKWFT-IUCAKERBSA-N"",""JQSHBVHOMNKWFT-KXGHAPEVSA-N"",""JQSHBVHOMNKWFT-MVFRVHBGSA-N"",""JQSHBVHOMNKWFT-OXIVMTGSSA-N"",""JQSHBVHOMNKWFT-QTRXKYIHSA-N"",""JQSHBVHOMNKWFT-RKDXNWHRSA-N"",""JQSHBVHOMNKWFT-UHFFFAOYSA-N"",""JQSHBVHOMNKWFT-UHFFFAOYSA-O"",""JQSHBVHOMNKWFT-VEDVMXKPSA-N"",""JQSHBVHOMNKWFT-VXSZQKGWSA-N"",""JQSHBVHOMNKWFT-YSWGNWSNSA-N"",""KVMSYFKKTPXOQW-UHFFFAOYSA-N"",""KVMSYFKKTPXOQW-VTLYIQCISA-N"",""LFQAOKLICXSXAT-UFIFRZAQSA-N"",""LFQAOKLICXSXAT-UHFFFAOYSA-N"",""MBFAPTYVVLSTLA-UFIFRZAQSA-N"",""MBFAPTYVVLSTLA-UHFFFAOYSA-N"",""MEBONLDHFVSACM-UHFFFAOYSA-N"",""MEBONLDHFVSACM-VTLYIQCISA-N"",""MIQHDUAQLPENGW-MAWDIVSPSA-N"",""MMGKPKZPDRHANI-UFIFRZAQSA-N"",""MMGKPKZPDRHANI-UHFFFAOYSA-M"",""MMGKPKZPDRHANI-UHFFFAOYSA-N"",""NZVVYNGXLGJKCW-DRJPZDRJSA-N"",""NZVVYNGXLGJKCW-UHFFFAOYSA-L"",""NZVVYNGXLGJKCW-UHFFFAOYSA-N"",""NZVVYNGXLGJKCW-UONRGADFSA-N"",""OSXFIWOVALTXDR-UFIFRZAQSA-N"",""OSXFIWOVALTXDR-UHFFFAOYSA-N"",""OSXFIWOVALTXDR-VTLYIQCISA-N"",""PAOBSTCJBDAWSN-UHFFFAOYSA-N"",""PAOBSTCJBDAWSN-VTLYIQCISA-N"",""TWYFGYXQSYOKLK-AMZAEYDRSA-N"",""TWYFGYXQSYOKLK-CYUSMAIQSA-N"",""TWYFGYXQSYOKLK-FEUVXQGESA-N"",""TWYFGYXQSYOKLK-LREBCSMRSA-L"",""TWYFGYXQSYOKLK-LREBCSMRSA-N"",""TWYFGYXQSYOKLK-UFIFRZAQSA-N"",""TWYFGYXQSYOKLK-UHFFFAOYSA-L"",""TWYFGYXQSYOKLK-UHFFFAOYSA-N"",""TWYFGYXQSYOKLK-WAZBRPHESA-N"",""TWYFGYXQSYOKLK-WUUYCOTASA-N"",""YECXYONCVICGKS-ANTQTSITSA-N"",""YECXYONCVICGKS-FNXDHVTLSA-N"",""YECXYONCVICGKS-HUOJCKQNSA-N"",""YECXYONCVICGKS-UHFFFAOYSA-N"",""ZUCZFANFKYSVKF-UFIFRZAQSA-N"",""ZUCZFANFKYSVKF-UHFFFAOYSA-N""]"
536,hydralazine,CIDm00003637,true,13,11,"[""KTCMMPYQHGUJBL-UHFFFAOYSA-N"",""MQXDONCCUNLIQC-UHFFFAOYSA-N"",""POYJGHVVYUAAEI-UHFFFAOYSA-N"",""QWYQNUQIVBNVLJ-UHFFFAOYSA-N"",""RPTUSVTUFVMDQK-BMHINFNASA-N"",""RPTUSVTUFVMDQK-UHFFFAOYSA-N"",""RPTUSVTUFVMDQK-UHFFFAOYSA-O"",""SXDIRCCDFYEKHF-UHFFFAOYSA-L"",""ZUXNZUWOTSUBMN-AKMRHMBASA-N"",""ZUXNZUWOTSUBMN-UHFFFAOYSA-M"",""ZUXNZUWOTSUBMN-UHFFFAOYSA-N""]"
537,exenatide,CIDm16157882,false,0,0,[]
538,nelarabine,CIDm03011155,false,0,0,[]
539,corticotropin,CIDm16132265,true,5,3,"[""IDLFZVILOHSSID-COXFLHPQSA-N"",""IDLFZVILOHSSID-OVLDLUHVSA-N"",""IDLFZVILOHSSID-UHFFFAOYSA-N""]"
540,pirbuterol,CIDm00004845,true,15,12,"[""DEVCBAJBCDQZLA-UHFFFAOYSA-N"",""GPDAJAWUGSTOSA-UHFFFAOYSA-N"",""HDZGSDKPQAPFAQ-UHFFFAOYSA-N"",""QSXMZJGGEWYVCN-MERQFXBCSA-N"",""QSXMZJGGEWYVCN-RFVHGSKJSA-N"",""QSXMZJGGEWYVCN-UHFFFAOYSA-N"",""VQDBNKDJNJQRDG-LLVKDONJSA-N"",""VQDBNKDJNJQRDG-NSHDSACASA-N"",""VQDBNKDJNJQRDG-UHFFFAOYSA-N"",""XIDFCZTVVCWBGN-IDMXKUIJSA-N"",""XIDFCZTVVCWBGN-NVJADKKVSA-N"",""XIDFCZTVVCWBGN-UHFFFAOYSA-N""]"
541,insulin.aspart,CIDm16132418,true,2,2,"[""VOMXSOIBEJBQNF-UHFFFAOYSA-N"",""VOMXSOIBEJBQNF-UTTRGDHVSA-N""]"
542,insulin.detemir,CIDm16137271,true,3,2,"[""UGOZVNFCFYTPAZ-IOXYNQHNSA-N"",""UGOZVNFCFYTPAZ-UHFFFAOYSA-N""]"
543,fosamprenavir,CIDm00131535,true,60,54,"[""FZMGUXZZROZJIT-KMIZVRHLSA-L"",""FZMGUXZZROZJIT-UHFFFAOYSA-L"",""FZMGUXZZROZJIT-YAWTXUJHSA-L"",""HAWJCTNEQXSWOB-HQROKSDRSA-N"",""HAWJCTNEQXSWOB-UHFFFAOYSA-N"",""JSFNSQKTYYPKAX-KMIZVRHLSA-N"",""JSFNSQKTYYPKAX-UHFFFAOYSA-N"",""LOLAFIBZTHCIQR-KMIZVRHLSA-M"",""LOLAFIBZTHCIQR-UHFFFAOYSA-M"",""MLBVMOWEQCZNCC-CMTQATIISA-N"",""MLBVMOWEQCZNCC-DFQVRTOLSA-N"",""MLBVMOWEQCZNCC-FOJYNEPKSA-N"",""MLBVMOWEQCZNCC-FYFGAKMPSA-N"",""MLBVMOWEQCZNCC-GJRLKQEMSA-N"",""MLBVMOWEQCZNCC-GRUCKNPDSA-N"",""MLBVMOWEQCZNCC-GXBCDIMNSA-N"",""MLBVMOWEQCZNCC-KHRZNOOSSA-N"",""MLBVMOWEQCZNCC-KTHXTUIESA-N"",""MLBVMOWEQCZNCC-MHVPRHJPSA-N"",""MLBVMOWEQCZNCC-OEMFJLHTSA-L"",""MLBVMOWEQCZNCC-OEMFJLHTSA-N"",""MLBVMOWEQCZNCC-QJCYEESQSA-N"",""MLBVMOWEQCZNCC-QPTUXGOLSA-N"",""MLBVMOWEQCZNCC-RPFBHVFUSA-N"",""MLBVMOWEQCZNCC-RZMWZJFBSA-L"",""MLBVMOWEQCZNCC-RZMWZJFBSA-N"",""MLBVMOWEQCZNCC-SRBYRKHASA-N"",""MLBVMOWEQCZNCC-UHFFFAOYSA-L"",""MLBVMOWEQCZNCC-UHFFFAOYSA-N"",""MLBVMOWEQCZNCC-UUIVXIGRSA-N"",""MLBVMOWEQCZNCC-WENYLLNTSA-N"",""MLBVMOWEQCZNCC-XWGVYQGASA-N"",""MLBVMOWEQCZNCC-YFNKSVMNSA-L"",""MLBVMOWEQCZNCC-YFNKSVMNSA-N"",""PMDQGYMGQKTCSX-HQROKSDRSA-L"",""PMDQGYMGQKTCSX-HQROKSDRSA-N"",""PMDQGYMGQKTCSX-UHFFFAOYSA-L"",""PMDQGYMGQKTCSX-UHFFFAOYSA-N"",""PMDQGYMGQKTCSX-UNBXDKETSA-L"",""PMDQGYMGQKTCSX-UNNSCAPESA-L"",""PMDQGYMGQKTCSX-VCWMKVHCSA-L"",""QHFWDZHAYXYUOZ-KMIZVRHLSA-L"",""QHFWDZHAYXYUOZ-KMIZVRHLSA-N"",""QHFWDZHAYXYUOZ-UHFFFAOYSA-L"",""QHFWDZHAYXYUOZ-UHFFFAOYSA-N"",""QXSYSBGRRKDZIP-HQROKSDRSA-N"",""QXSYSBGRRKDZIP-SYBNDRCGSA-N"",""QXSYSBGRRKDZIP-UHFFFAOYSA-N"",""RSBULZLEIQIBJQ-HQROKSDRSA-N"",""RSBULZLEIQIBJQ-SYBNDRCGSA-N"",""RSBULZLEIQIBJQ-UHFFFAOYSA-N"",""XOGQXKBFJZURRD-HQROKSDRSA-N"",""XOGQXKBFJZURRD-SYBNDRCGSA-N"",""XOGQXKBFJZURRD-UHFFFAOYSA-N""]"
544,fosphenytoin,CIDm00056338,true,15,13,"[""CKBXTXIAQHEVAB-UHFFFAOYSA-N"",""GDNOSLQPJOZQKH-UHFFFAOYSA-N"",""GQPXYJNXTAFDLT-UHFFFAOYSA-L"",""GQPXYJNXTAFDLT-UHFFFAOYSA-N"",""KFGQDIBFHJVFDV-UHFFFAOYSA-L"",""KFGQDIBFHJVFDV-WSWAXWECSA-L"",""MLBBGRNSGAENEC-UHFFFAOYSA-N"",""WPAVXKKGWCHUAK-UHFFFAOYSA-L"",""XQTAXQQHENHADI-UHFFFAOYSA-L"",""XWLUWCNOOVRFPX-DYSRZDCFSA-N"",""XWLUWCNOOVRFPX-UHFFFAOYSA-L"",""XWLUWCNOOVRFPX-UHFFFAOYSA-M"",""XWLUWCNOOVRFPX-UHFFFAOYSA-N""]"
545,cilazapril,CIDm00056329,false,0,0,[]
546,penbutolol,CIDm00037464,false,0,0,[]
547,iohexol,CIDm00003730,true,10,10,"[""NTHXOOBQLCIOLC-AXFHLTTASA-N"",""NTHXOOBQLCIOLC-DCAQKATOSA-N"",""NTHXOOBQLCIOLC-GARJFASQSA-N"",""NTHXOOBQLCIOLC-GMTAPVOTSA-N"",""NTHXOOBQLCIOLC-MXWKQRLJSA-N"",""NTHXOOBQLCIOLC-OCJQEIRTSA-N"",""NTHXOOBQLCIOLC-OPCJXEHASA-N"",""NTHXOOBQLCIOLC-OUAUKWLOSA-N"",""NTHXOOBQLCIOLC-UHFFFAOYSA-N"",""ZICDECCNKKUOJU-UHFFFAOYSA-N""]"
548,rasagiline,CIDm03052775,false,0,0,[]
549,sodium.bicarbonate,CIDm00000923,true,63,62,"[""ACYUDBPXICZVOS-UHFFFAOYSA-N"",""BEOOHQFXGBMRKU-UHFFFAOYSA-N"",""BQPFZXASSFMTOS-UHFFFAOYSA-L"",""BVPYARCRLTXGBD-UHFFFAOYSA-N"",""BVPYARCRLTXGBD-UHFFFAOYSA-O"",""BZKBCQXYZZXSCO-IEOVAKBOSA-N"",""BZKBCQXYZZXSCO-NLQOEHMXSA-N"",""BZKBCQXYZZXSCO-UHFFFAOYSA-N"",""FKNQFGJONOIPTF-BJUDXGSMSA-N"",""FKNQFGJONOIPTF-OUBTZVSYSA-N"",""FKNQFGJONOIPTF-UHFFFAOYSA-N"",""FKNQFGJONOIPTF-UHFFFAOYSA-O"",""FKNQFGJONOIPTF-UHFFFAOYSA-P"",""FKNQFGJONOIPTF-UHFFFAOYSA-S"",""GNDOBTSWAIDUCE-FPIMHUBQSA-L"",""GNDOBTSWAIDUCE-OVVGNOJWSA-L"",""GNDOBTSWAIDUCE-UHFFFAOYSA-L"",""GORMBHSPQUQEJL-UHFFFAOYSA-N"",""HYSVUPBQPCRAJM-ITFXXQIYSA-L"",""HYSVUPBQPCRAJM-PIFVRXTCSA-L"",""HYSVUPBQPCRAJM-UHFFFAOYSA-L"",""IFIIHDSZMKJIBT-UHFFFAOYSA-N"",""ITNNQNZDMJOQLL-UHFFFAOYSA-N"",""ITNNQNZDMJOQLL-UHFFFAOYSA-O"",""JPLZXZFSLYRXIX-FPIMHUBQSA-N"",""JPLZXZFSLYRXIX-OVVGNOJWSA-N"",""JPLZXZFSLYRXIX-UHFFFAOYSA-N"",""KBTZIHPMZHEJEG-UHFFFAOYSA-N"",""KEAYESYHFKHZAL-BJUDXGSMSA-N"",""KEAYESYHFKHZAL-IGMARMGPSA-N"",""KEAYESYHFKHZAL-OUBTZVSYSA-N"",""KEAYESYHFKHZAL-UHFFFAOYSA-N"",""KONZVQJABTUMFX-BTYPULDLSA-N"",""KONZVQJABTUMFX-DINNLGBQSA-N"",""KONZVQJABTUMFX-KUYPIACZSA-N"",""KONZVQJABTUMFX-NDENLUEZSA-L"",""KONZVQJABTUMFX-NDENLUEZSA-N"",""KONZVQJABTUMFX-UDWIEESQSA-L"",""KONZVQJABTUMFX-UDWIEESQSA-N"",""KONZVQJABTUMFX-UHFFFAOYSA-L"",""KONZVQJABTUMFX-UHFFFAOYSA-N"",""KONZVQJABTUMFX-YBHIOIGVSA-N"",""LXQSULRNHHAMRA-UHFFFAOYSA-N"",""LXQSULRNHHAMRA-UHFFFAOYSA-O"",""NGSXEVJBEQQGPL-UHFFFAOYSA-N"",""NPPPTNVMHWBCMU-GRWWMUSUSA-N"",""NPPPTNVMHWBCMU-UHFFFAOYSA-N"",""NPTZWYCVHGAXKP-DHYKVKPSSA-L"",""NPTZWYCVHGAXKP-TXBTUDEPSA-L"",""NPTZWYCVHGAXKP-UHFFFAOYSA-L"",""ODYWOMAEGQAFNQ-UHFFFAOYSA-L"",""ODYWOMAEGQAFNQ-VTSHJKPNSA-L"",""OPCPRUQQEJNFIV-UHFFFAOYSA-N"",""OTOREVUZZVBTIX-KYTHMOIKSA-N"",""OTOREVUZZVBTIX-UHFFFAOYSA-N"",""OTOREVUZZVBTIX-UHFFFAOYSA-O"",""UCZOYTOQXUJPSS-GRWWMUSUSA-N"",""VFACXHPHWSMNSL-UHFFFAOYSA-N"",""XBFAZKVXLOKKJJ-ITFXXQIYSA-N"",""XBFAZKVXLOKKJJ-UHFFFAOYSA-N"",""XCEGODJAKYECAU-UHFFFAOYSA-N"",""XONPDZSGENTBNJ-UHFFFAOYSA-N""]"
550,bezafibrate,CIDm00039042,true,7,7,"[""FYGZOVSRVLYMRT-UHFFFAOYSA-N"",""IIBYAHWJQTYFKB-KDWZCNHSSA-N"",""IIBYAHWJQTYFKB-PUUSDAOOSA-N"",""IIBYAHWJQTYFKB-UHFFFAOYSA-M"",""IIBYAHWJQTYFKB-UHFFFAOYSA-N"",""IIBYAHWJQTYFKB-WFGJKAKNSA-N"",""ITZZASXLJAKNBP-UHFFFAOYSA-N""]"
551,colchicine,CIDm00006167,false,0,0,[]
552,danazol,CIDm00028417,false,0,0,[]
553,tiotropium.bromide,CIDm00060830,true,190,190,"[""AFGXLUKBUPUCNN-HXETUMEESA-K"",""AFGXLUKBUPUCNN-UHFFFAOYSA-K"",""AFGXLUKBUPUCNN-UHFFFAOYSA-M"",""ATPCZUSSTWOMFW-KFEMZTBUSA-K"",""BBTNBCBEJXONMD-KFEMZTBUSA-L"",""BTASJXHAGIIZNE-UHFFFAOYSA-N"",""CANCKLRISNEBED-HXETUMEESA-N"",""CANCKLRISNEBED-JAZONYGRSA-L"",""CANCKLRISNEBED-UHFFFAOYSA-N"",""CZGFNLJBUVGMFL-HXETUMEESA-N"",""CZGFNLJBUVGMFL-UHFFFAOYSA-N"",""DQHNAVOVODVIMG-AFUXCHKTSA-M"",""DQHNAVOVODVIMG-AWHWQUCLSA-M"",""DQHNAVOVODVIMG-BGKGEVRXSA-M"",""DQHNAVOVODVIMG-BHMGTAGASA-M"",""DQHNAVOVODVIMG-BKMVUGHASA-M"",""DQHNAVOVODVIMG-CJTHRXGHSA-M"",""DQHNAVOVODVIMG-DABKNCDYSA-M"",""DQHNAVOVODVIMG-DBHJEENASA-M"",""DQHNAVOVODVIMG-DHTGCHNQSA-M"",""DQHNAVOVODVIMG-DICLGRIZSA-M"",""DQHNAVOVODVIMG-FKWLGWCDSA-M"",""DQHNAVOVODVIMG-FSVIFJLXSA-M"",""DQHNAVOVODVIMG-FWFSBKNUSA-M"",""DQHNAVOVODVIMG-FWNLXGCYSA-M"",""DQHNAVOVODVIMG-GCFOSCIISA-M"",""DQHNAVOVODVIMG-GETHBWBZSA-M"",""DQHNAVOVODVIMG-GZDNPUICSA-M"",""DQHNAVOVODVIMG-HMRLLAMTSA-M"",""DQHNAVOVODVIMG-HWWUZHPSSA-M"",""DQHNAVOVODVIMG-HXETUMEESA-M"",""DQHNAVOVODVIMG-HXZUXGGBSA-M"",""DQHNAVOVODVIMG-JAZONYGRSA-M"",""DQHNAVOVODVIMG-JEKDVSCZSA-M"",""DQHNAVOVODVIMG-JEWCZFTQSA-M"",""DQHNAVOVODVIMG-JOLUBNFPSA-M"",""DQHNAVOVODVIMG-KNENFHANSA-M"",""DQHNAVOVODVIMG-KWVRMMKOSA-M"",""DQHNAVOVODVIMG-KXHGUJTASA-M"",""DQHNAVOVODVIMG-KYWVAUJZSA-M"",""DQHNAVOVODVIMG-LCYVJTFDSA-M"",""DQHNAVOVODVIMG-LOOVQVDRSA-M"",""DQHNAVOVODVIMG-LOYQLNORSA-M"",""DQHNAVOVODVIMG-MGLURRDPSA-M"",""DQHNAVOVODVIMG-NIIDSAIPSA-M"",""DQHNAVOVODVIMG-OHSBTFMTSA-M"",""DQHNAVOVODVIMG-OSBNPESRSA-M"",""DQHNAVOVODVIMG-OSYSKCGOSA-M"",""DQHNAVOVODVIMG-PIYLBUFISA-M"",""DQHNAVOVODVIMG-QCCZYOGLSA-M"",""DQHNAVOVODVIMG-QIQHZXFQSA-M"",""DQHNAVOVODVIMG-QQKDZWRNSA-M"",""DQHNAVOVODVIMG-RGECMCKFSA-M"",""DQHNAVOVODVIMG-RLXFBWMZSA-M"",""DQHNAVOVODVIMG-SNMGEBSLSA-M"",""DQHNAVOVODVIMG-SPPUGWTOSA-M"",""DQHNAVOVODVIMG-STSZFJFWSA-M"",""DQHNAVOVODVIMG-TXHXQZCNSA-M"",""DQHNAVOVODVIMG-UHFFFAOYSA-M"",""DQHNAVOVODVIMG-UIHJBGJWSA-M"",""DQHNAVOVODVIMG-VSVHXMIUSA-M"",""DQHNAVOVODVIMG-VYJXXIAQSA-M"",""DQHNAVOVODVIMG-WIDOGQSJSA-M"",""DQHNAVOVODVIMG-XBJZDFSHSA-M"",""DQHNAVOVODVIMG-XPLMEEORSA-M"",""DQHNAVOVODVIMG-XQIPVWSESA-M"",""DQHNAVOVODVIMG-YEGUPERHSA-M"",""DQHNAVOVODVIMG-ZFRFIRESSA-M"",""DQHNAVOVODVIMG-ZSXVMFRHSA-M"",""DSSZYMQKVOANFF-KFEMZTBUSA-L"",""GPMHFQSVGVJFND-HXETUMEESA-N"",""GPMHFQSVGVJFND-UHFFFAOYSA-M"",""GPMHFQSVGVJFND-UHFFFAOYSA-N"",""GZLZPPLETVLDMD-KFEMZTBUSA-K"",""HSDRRARXUWEWEN-HXETUMEESA-M"",""HSDRRARXUWEWEN-UHFFFAOYSA-M"",""IANGMXKDQQJOOD-KFEMZTBUSA-L"",""IMKPHOWQWOZLAO-FPISHFTHSA-N"",""IMKPHOWQWOZLAO-UHFFFAOYSA-N"",""JBBVKGIWHJXWIQ-UHFFFAOYSA-M"",""JUSUNZRLJWGHDS-CJTHRXGHSA-M"",""JUSUNZRLJWGHDS-UHFFFAOYSA-M"",""LERNTVKEWCAPOY-AXYGVKFASA-N"",""LERNTVKEWCAPOY-BNHHYNRISA-N"",""LERNTVKEWCAPOY-BRTXZYFYSA-N"",""LERNTVKEWCAPOY-BVKZQFAESA-N"",""LERNTVKEWCAPOY-BZSADYMVSA-N"",""LERNTVKEWCAPOY-CJPYVTDZSA-N"",""LERNTVKEWCAPOY-CLWNCLMISA-N"",""LERNTVKEWCAPOY-CYDBUYHDSA-N"",""LERNTVKEWCAPOY-FIBGUPNXSA-N"",""LERNTVKEWCAPOY-FLKFWNOASA-N"",""LERNTVKEWCAPOY-FPISHFTHSA-N"",""LERNTVKEWCAPOY-FTULPAARSA-N"",""LERNTVKEWCAPOY-GFZLOZNTSA-N"",""LERNTVKEWCAPOY-GIIPGJCDSA-N"",""LERNTVKEWCAPOY-GJUOOEDQSA-N"",""LERNTVKEWCAPOY-GKPSKMSCSA-N"",""LERNTVKEWCAPOY-GQDJEWIWSA-N"",""LERNTVKEWCAPOY-GTGOHQMFSA-N"",""LERNTVKEWCAPOY-HBFHXPTCSA-N"",""LERNTVKEWCAPOY-HFJLYIQRSA-N"",""LERNTVKEWCAPOY-HJUPKNEGSA-N"",""LERNTVKEWCAPOY-HXAOHRARSA-N"",""LERNTVKEWCAPOY-ILYSSWDVSA-N"",""LERNTVKEWCAPOY-IOUOGXHOSA-N"",""LERNTVKEWCAPOY-JDANMYFYSA-N"",""LERNTVKEWCAPOY-JPVQUXCTSA-N"",""LERNTVKEWCAPOY-JQPHOFJMSA-N"",""LERNTVKEWCAPOY-JSJMMZJWSA-N"",""LERNTVKEWCAPOY-JZGUCAJBSA-N"",""LERNTVKEWCAPOY-KDPJEZIQSA-N"",""LERNTVKEWCAPOY-KFKXPVORSA-N"",""LERNTVKEWCAPOY-KYQOMENCSA-N"",""LERNTVKEWCAPOY-LOCWGWDFSA-N"",""LERNTVKEWCAPOY-LZQOYZHNSA-N"",""LERNTVKEWCAPOY-MCGYIYAPSA-N"",""LERNTVKEWCAPOY-NHVCAYIPSA-N"",""LERNTVKEWCAPOY-NKPGLDSYSA-N"",""LERNTVKEWCAPOY-NUQHGBJFSA-N"",""LERNTVKEWCAPOY-OEUQSKLHSA-N"",""LERNTVKEWCAPOY-OFZKPGDWSA-N"",""LERNTVKEWCAPOY-PBWDPMTOSA-N"",""LERNTVKEWCAPOY-PBYRKZDTSA-N"",""LERNTVKEWCAPOY-QGOZHIFISA-N"",""LERNTVKEWCAPOY-QHDKXGKSSA-N"",""LERNTVKEWCAPOY-QPGKQVOCSA-N"",""LERNTVKEWCAPOY-REKUEJKQSA-N"",""LERNTVKEWCAPOY-RRRGEQHMSA-N"",""LERNTVKEWCAPOY-SDNWWBLTSA-N"",""LERNTVKEWCAPOY-SLIPTRRQSA-N"",""LERNTVKEWCAPOY-SMBCTAQRSA-N"",""LERNTVKEWCAPOY-UENXPIBQSA-N"",""LERNTVKEWCAPOY-UETIRZKESA-N"",""LERNTVKEWCAPOY-UHFFFAOYSA-N"",""LERNTVKEWCAPOY-VFNCYXODSA-N"",""LERNTVKEWCAPOY-VWGJRSMZSA-N"",""LERNTVKEWCAPOY-WFGJKAKNSA-N"",""LERNTVKEWCAPOY-WORMITQPSA-N"",""LERNTVKEWCAPOY-WQAKVQRFSA-N"",""LERNTVKEWCAPOY-WSYANUPNSA-N"",""LERNTVKEWCAPOY-XPSVCEGCSA-N"",""LERNTVKEWCAPOY-YKUAOABLSA-N"",""LERNTVKEWCAPOY-YRKYSNNXSA-N"",""LERNTVKEWCAPOY-ZEPCUZQUSA-N"",""LERNTVKEWCAPOY-ZJZNSNBLSA-N"",""LERNTVKEWCAPOY-ZYCYWHCISA-N"",""LERNTVKEWCAPOY-ZZIFFAGVSA-N"",""LZVXTRSEAQTUJT-CJTHRXGHSA-M"",""MKUBUZPRPPKTHZ-UHFFFAOYSA-M"",""MLVNKMQOHRJAKL-CJTHRXGHSA-M"",""MLVNKMQOHRJAKL-JAZONYGRSA-M"",""MLVNKMQOHRJAKL-UHFFFAOYSA-M"",""MQLXPRBEAHBZTK-GMELTWPASA-M"",""MQLXPRBEAHBZTK-KFEMZTBUSA-M"",""MQLXPRBEAHBZTK-LGLQOVJPSA-M"",""MQLXPRBEAHBZTK-UHFFFAOYSA-M"",""MQLXPRBEAHBZTK-XMPVXWCESA-M"",""MQLXPRBEAHBZTK-YQMLGFMRSA-M"",""NIFDVRBSKYSNSK-KFEMZTBUSA-L"",""NIFDVRBSKYSNSK-KFEMZTBUSA-M"",""PBEOJPSWMIUVPH-BTJKTKAUSA-N"",""PBEOJPSWMIUVPH-FZXVBCKCSA-N"",""PBEOJPSWMIUVPH-HBHAMMCYSA-L"",""PBEOJPSWMIUVPH-MISPNGMBSA-N"",""PBEOJPSWMIUVPH-UHFFFAOYSA-N"",""PBEOJPSWMIUVPH-WLHGVMLRSA-N"",""PJYPMEGUSYTMHZ-ZIYLOZBRSA-K"",""PLLIKQCVKAGEKP-UHFFFAOYSA-M"",""PRVPCNUGFIDIFU-HXETUMEESA-N"",""PRVPCNUGFIDIFU-UHFFFAOYSA-N"",""QZXGGZJUMVHQAL-KFEMZTBUSA-M"",""QZXGGZJUMVHQAL-LGLQOVJPSA-M"",""QZXGGZJUMVHQAL-UHFFFAOYSA-M"",""RGXQQJJOOYXURL-LGLQOVJPSA-M"",""RGXQQJJOOYXURL-UHFFFAOYSA-M"",""RUEAYGJREXBEDJ-CJTHRXGHSA-M"",""RUEAYGJREXBEDJ-UHFFFAOYSA-M"",""RYNIUSJBESYGHK-KFEMZTBUSA-L"",""SOLOXJMMVXXUSI-CJTHRXGHSA-M"",""SOLOXJMMVXXUSI-RGECMCKFSA-M"",""SOLOXJMMVXXUSI-UHFFFAOYSA-M"",""TUXIDCPVTXINMB-KFEMZTBUSA-K"",""VNWKTJULPQKSFX-UHFFFAOYSA-L"",""VNWKTJULPQKSFX-WQNKKHOXSA-L"",""VPHHUJFRSPNQDW-KFEMZTBUSA-L"",""VVWWUMMXNCNVOB-HXETUMEESA-N"",""VVWWUMMXNCNVOB-JAZONYGRSA-L"",""VVWWUMMXNCNVOB-LREBCSMRSA-N"",""VVWWUMMXNCNVOB-UHFFFAOYSA-N""]"
554,ciclesonide,CIDm06918155,false,0,0,[]
555,cefepime,CIDm05479537,false,0,0,[]
556,colestyramine,CIDm70695640,true,2,2,"[""HGMSJMJPXGGEBP-UHFFFAOYSA-N"",""KNDHRUPPBXRELB-UHFFFAOYSA-M""]"
557,flunitrazepam,CIDm00003380,true,5,5,"[""PPTYJKAXVCCBDU-BJUDXGSMSA-N"",""PPTYJKAXVCCBDU-FIBGUPNXSA-N"",""PPTYJKAXVCCBDU-KQORAOOSSA-N"",""PPTYJKAXVCCBDU-UHFFFAOYSA-N"",""UIZSCXMRBCTDCE-UHFFFAOYSA-N""]"
558,dihydrocodeine,CIDm05284543,false,0,0,[]
559,bromazepam,CIDm00002441,true,3,3,"[""VMIYHDSEFNYJSL-MGCGDKBTSA-N"",""VMIYHDSEFNYJSL-UHFFFAOYSA-N"",""VMIYHDSEFNYJSL-VTBMLFEUSA-N""]"
560,ursodeoxycholic.acid,CIDm00031401,false,0,0,[]
561,quazepam,CIDm00004999,true,1,1,"[""IKMPWMZBZSAONZ-UHFFFAOYSA-N""]"
562,everolimus,CIDm06442177,false,0,0,[]
563,solifenacin,CIDm00154058,true,69,69,"[""AQMWNJIYDZPKCG-UHFFFAOYSA-N"",""AQMWNJIYDZPKCG-VROPFNGYSA-N"",""DQVXSESKQWUVNO-UHFFFAOYSA-N"",""DQVXSESKQWUVNO-VROPFNGYSA-N"",""DURJIYXRTDTBRI-DCDXOYHOSA-N"",""DURJIYXRTDTBRI-UHFFFAOYSA-N"",""FARSQVAUTSWSEX-UHFFFAOYSA-N"",""FARSQVAUTSWSEX-UMIAIAFLSA-N"",""FARSQVAUTSWSEX-VROPFNGYSA-N"",""FBOUYBDGKBSUES-FCHUYYIVSA-N"",""FBOUYBDGKBSUES-FCHUYYIVSA-O"",""FBOUYBDGKBSUES-FGZHOGPDSA-N"",""FBOUYBDGKBSUES-FOIFJWKZSA-N"",""FBOUYBDGKBSUES-HMTLIYDFSA-N"",""FBOUYBDGKBSUES-KEKNWZKVSA-N"",""FBOUYBDGKBSUES-RUDZLLSQSA-N"",""FBOUYBDGKBSUES-UHFFFAOYSA-N"",""FBOUYBDGKBSUES-UHFFFAOYSA-O"",""FBOUYBDGKBSUES-VXKWHMMOSA-N"",""FBOUYBDGKBSUES-VXKWHMMOSA-O"",""FBOUYBDGKBSUES-YADHBBJMSA-N"",""FBOUYBDGKBSUES-YADHBBJMSA-O"",""FBOUYBDGKBSUES-ZMFCMNQTSA-N"",""KTNRTEKPBRTUKA-AFZUISPSSA-N"",""KTNRTEKPBRTUKA-GYFCLUQUSA-N"",""KTNRTEKPBRTUKA-NSLUPJTDSA-N"",""KTNRTEKPBRTUKA-PFYABRPLSA-N"",""KTNRTEKPBRTUKA-UHFFFAOYSA-N"",""KTNRTEKPBRTUKA-VROPFNGYSA-N"",""LMARVKCRHBEMIL-IXOXMDGESA-N"",""LMARVKCRHBEMIL-UHFFFAOYSA-N"",""LNYCNSXGSWRBBF-UHFFFAOYSA-N"",""LNYCNSXGSWRBBF-UMIAIAFLSA-N"",""LNYCNSXGSWRBBF-VROPFNGYSA-N"",""LOTWSJTZGJMMIS-UHFFFAOYSA-N"",""LOTWSJTZGJMMIS-VROPFNGYSA-N"",""NICHWXXCCMOYOE-UHFFFAOYSA-N"",""NICHWXXCCMOYOE-VROPFNGYSA-N"",""NJMWHPNSMADYRP-UHFFFAOYSA-N"",""NJMWHPNSMADYRP-VROPFNGYSA-N"",""NOFRRBNAICXSFY-UHFFFAOYSA-N"",""NOFRRBNAICXSFY-VROPFNGYSA-M"",""NOFRRBNAICXSFY-VROPFNGYSA-N"",""RWFSUAQLBQFKOS-UHFFFAOYSA-N"",""RWFSUAQLBQFKOS-UMIAIAFLSA-N"",""RWFSUAQLBQFKOS-VROPFNGYSA-N"",""RXZMMZZRUPYENV-DZSUWJOWSA-N"",""RXZMMZZRUPYENV-GYFCLUQUSA-N"",""RXZMMZZRUPYENV-NSLUPJTDSA-N"",""RXZMMZZRUPYENV-PFYABRPLSA-N"",""RXZMMZZRUPYENV-UHFFFAOYSA-N"",""RXZMMZZRUPYENV-UMIAIAFLSA-N"",""RXZMMZZRUPYENV-VROPFNGYSA-L"",""RXZMMZZRUPYENV-VROPFNGYSA-N"",""SXPMIYGGQJLCSJ-AJOGTNFDSA-N"",""SXPMIYGGQJLCSJ-LCENRWCTSA-L"",""SXPMIYGGQJLCSJ-LCENRWCTSA-N"",""SXPMIYGGQJLCSJ-UHFFFAOYSA-N"",""UULDKMKBOQAWMM-UHFFFAOYSA-N"",""UULDKMKBOQAWMM-UMIAIAFLSA-N"",""UULDKMKBOQAWMM-VROPFNGYSA-N"",""YAUBKMSXTZQZEB-GYFCLUQUSA-N"",""YAUBKMSXTZQZEB-HLUKFBSCSA-N"",""YAUBKMSXTZQZEB-NSLUPJTDSA-N"",""YAUBKMSXTZQZEB-PFYABRPLSA-N"",""YAUBKMSXTZQZEB-UHFFFAOYSA-N"",""YAUBKMSXTZQZEB-UMIAIAFLSA-N"",""YAUBKMSXTZQZEB-VROPFNGYSA-N"",""YAUBKMSXTZQZEB-YQEGJZPMSA-N""]"
564,tiaprofenic.acid,CIDm00005468,true,9,9,"[""GHTUCIZHXHIYIZ-UHFFFAOYSA-M"",""GUHPRPJDBZHYCJ-QOWOAITPSA-N"",""GUHPRPJDBZHYCJ-SECBINFHSA-N"",""GUHPRPJDBZHYCJ-UHFFFAOYSA-N"",""GUHPRPJDBZHYCJ-VIFPVBQESA-N"",""IGNULAVZSJMMRC-UHFFFAOYSA-N"",""IUHRSZDOLCNWBM-UHFFFAOYSA-N"",""QSYHNHAPGUIRII-UHFFFAOYSA-M"",""VUYGVUDEHWIXGB-UHFFFAOYSA-N""]"
565,deferasirox,CIDm05493381,true,21,21,"[""CDDVFGUYXKIFOE-MTWGGWDTSA-M"",""FMSOAWSKCWYLBB-IBPVTIBFSA-N"",""FMSOAWSKCWYLBB-IKBKFCNISA-N"",""FMSOAWSKCWYLBB-KZLSAKIGSA-N"",""FMSOAWSKCWYLBB-MXWIWYRXSA-N"",""FMSOAWSKCWYLBB-QDNUQGPUSA-N"",""FMSOAWSKCWYLBB-QSGQSGAESA-N"",""FMSOAWSKCWYLBB-SPLUINJESA-N"",""FMSOAWSKCWYLBB-UHFFFAOYSA-M"",""FMSOAWSKCWYLBB-UHFFFAOYSA-N"",""FMSOAWSKCWYLBB-VBGLAJCLSA-N"",""FMSOAWSKCWYLBB-YLSDLHDVSA-N"",""FMSOAWSKCWYLBB-ZAKXMXKFSA-N"",""NFRBFXZNLWYFRX-MTWGGWDTSA-M"",""NOCVNKSTQROVDQ-MTWGGWDTSA-N"",""OIXGSTIMIUNDHM-UHFFFAOYSA-N"",""OKJZARFQDGSMNT-MTWGGWDTSA-N"",""OKJZARFQDGSMNT-UHFFFAOYSA-N"",""YSLMVQBDVCSOMN-DGXGUOBCSA-N"",""YSLMVQBDVCSOMN-UHFFFAOYSA-N"",""ZOMYCCUJEDOWQP-MTWGGWDTSA-N""]"
566,valganciclovir,CIDm00064147,true,29,27,"[""SHBSHCVUYRKOHC-MTFPJWTKSA-N"",""WPVFJKSGQUFQAP-BDAKNGLRSA-N"",""WPVFJKSGQUFQAP-BDAKNGLRSA-O"",""WPVFJKSGQUFQAP-DOCHEIMNSA-N"",""WPVFJKSGQUFQAP-DTWKUNHWSA-N"",""WPVFJKSGQUFQAP-GKAPJAKFSA-N"",""WPVFJKSGQUFQAP-GKAPJAKFSA-O"",""WPVFJKSGQUFQAP-IENPIDJESA-N"",""WPVFJKSGQUFQAP-IUCAKERBSA-N"",""WPVFJKSGQUFQAP-IUCAKERBSA-O"",""WPVFJKSGQUFQAP-KGNSAKOVSA-N"",""WPVFJKSGQUFQAP-NHIGFALZSA-N"",""WPVFJKSGQUFQAP-QBZXRSFMSA-N"",""WPVFJKSGQUFQAP-RKDXNWHRSA-N"",""WPVFJKSGQUFQAP-SNXQAOOGSA-N"",""WPVFJKSGQUFQAP-UHFFFAOYSA-N"",""WPVFJKSGQUFQAP-UVWKXZBASA-N"",""WPVFJKSGQUFQAP-VEDVMXKPSA-N"",""WPVFJKSGQUFQAP-YGPZHTELSA-N"",""ZORWARFPXPVJLW-GUORDYTPSA-N"",""ZORWARFPXPVJLW-MTFPJWTKSA-M"",""ZORWARFPXPVJLW-MTFPJWTKSA-N"",""ZORWARFPXPVJLW-OZZZDHQUSA-N"",""ZORWARFPXPVJLW-RJUBDTSPSA-N"",""ZORWARFPXPVJLW-UHFFFAOYSA-N"",""ZORWARFPXPVJLW-URIXSHMWSA-N"",""ZORWARFPXPVJLW-YFXYRKRRSA-N""]"
567,roflumilast,CIDm00449193,true,5,5,"[""MNDBXUUTURYVHR-ICGBHKCISA-N"",""MNDBXUUTURYVHR-LNLMKGTHSA-N"",""MNDBXUUTURYVHR-MVVHMNKJSA-N"",""MNDBXUUTURYVHR-UHFFFAOYSA-N"",""MNDBXUUTURYVHR-YBGYDHGYSA-N""]"
568,fusidic.acid,CIDm03000226,false,0,0,[]
569,fotemustine,CIDm00104799,true,3,3,"[""YAKWPXVTIGTRJH-MRVPVSSYSA-N"",""YAKWPXVTIGTRJH-QMMMGPOBSA-N"",""YAKWPXVTIGTRJH-UHFFFAOYSA-N""]"
570,thiotepa,CIDm00005453,true,4,4,"[""FOCVUCIESVLUNU-IDEBNGHGSA-N"",""FOCVUCIESVLUNU-LBTWDOQPSA-N"",""FOCVUCIESVLUNU-UHFFFAOYSA-N"",""WHVHTHWUJMBABU-UHFFFAOYSA-N""]"
571,maraviroc,CIDm03002977,false,0,0,[]
572,cyproterone,CIDm05284537,false,0,0,[]
573,tetrabenazine,CIDm00006018,true,135,135,"[""KOIRQUPHUJRWAF-UHFFFAOYSA-N"",""MKJIEFSOBYUXJB-AFLIDVMCSA-N"",""MKJIEFSOBYUXJB-AGIPYEHZSA-N"",""MKJIEFSOBYUXJB-AHKUJRHJSA-N"",""MKJIEFSOBYUXJB-AIACTJJASA-N"",""MKJIEFSOBYUXJB-ATSRHOFCSA-N"",""MKJIEFSOBYUXJB-AUIQLYSRSA-N"",""MKJIEFSOBYUXJB-BCJUKPNWSA-N"",""MKJIEFSOBYUXJB-BDLKLYPRSA-N"",""MKJIEFSOBYUXJB-BEFOWGTHSA-N"",""MKJIEFSOBYUXJB-BHQARSJQSA-N"",""MKJIEFSOBYUXJB-BTJQSWQCSA-N"",""MKJIEFSOBYUXJB-BTRNDZLCSA-N"",""MKJIEFSOBYUXJB-BZSHOQHPSA-N"",""MKJIEFSOBYUXJB-BZSJEYESSA-N"",""MKJIEFSOBYUXJB-BZXYZKCBSA-N"",""MKJIEFSOBYUXJB-CIAXEDFHSA-N"",""MKJIEFSOBYUXJB-COJAYRNJSA-N"",""MKJIEFSOBYUXJB-CQCOTBPZSA-N"",""MKJIEFSOBYUXJB-CROMXTQISA-N"",""MKJIEFSOBYUXJB-CUVFTZEHSA-N"",""MKJIEFSOBYUXJB-CYDBLZRVSA-N"",""MKJIEFSOBYUXJB-DJCILWMKSA-N"",""MKJIEFSOBYUXJB-DPBFZPSJSA-N"",""MKJIEFSOBYUXJB-FAFAQLDCSA-N"",""MKJIEFSOBYUXJB-FFTLGKJTSA-N"",""MKJIEFSOBYUXJB-FIWUMSIFSA-N"",""MKJIEFSOBYUXJB-GDBMZVCRSA-N"",""MKJIEFSOBYUXJB-GDBMZVCRSA-O"",""MKJIEFSOBYUXJB-GKOSEXJESA-N"",""MKJIEFSOBYUXJB-GOEBONIOSA-N"",""MKJIEFSOBYUXJB-GOEBONIOSA-O"",""MKJIEFSOBYUXJB-GXDYCEFJSA-N"",""MKJIEFSOBYUXJB-HNFZGKNTSA-N"",""MKJIEFSOBYUXJB-HOCLYGCPSA-N"",""MKJIEFSOBYUXJB-HOCLYGCPSA-O"",""MKJIEFSOBYUXJB-HPRDVNIFSA-N"",""MKJIEFSOBYUXJB-HXVTVHMQSA-N"",""MKJIEFSOBYUXJB-IJSXMXOKSA-N"",""MKJIEFSOBYUXJB-IQLULGTQSA-N"",""MKJIEFSOBYUXJB-IQNQTPLOSA-N"",""MKJIEFSOBYUXJB-JCHUBGPVSA-N"",""MKJIEFSOBYUXJB-JOWCKCLKSA-N"",""MKJIEFSOBYUXJB-JPXSSVLPSA-N"",""MKJIEFSOBYUXJB-JWVFDKTOSA-N"",""MKJIEFSOBYUXJB-KAQHDTMTSA-N"",""MKJIEFSOBYUXJB-KGFHUCQESA-N"",""MKJIEFSOBYUXJB-KGTNISQUSA-N"",""MKJIEFSOBYUXJB-KTNHBAIDSA-N"",""MKJIEFSOBYUXJB-KUKGAYKCSA-N"",""MKJIEFSOBYUXJB-LDXGTPJXSA-N"",""MKJIEFSOBYUXJB-LIJFRPJRSA-N"",""MKJIEFSOBYUXJB-LZCFDSEFSA-N"",""MKJIEFSOBYUXJB-MNYKOYNUSA-N"",""MKJIEFSOBYUXJB-MPVRLOGTSA-N"",""MKJIEFSOBYUXJB-MUWNVRQVSA-N"",""MKJIEFSOBYUXJB-MXYYYGPKSA-N"",""MKJIEFSOBYUXJB-NMVGQXPCSA-N"",""MKJIEFSOBYUXJB-NTSJJKAKSA-N"",""MKJIEFSOBYUXJB-NUANFFRKSA-N"",""MKJIEFSOBYUXJB-NUPDUFBMSA-N"",""MKJIEFSOBYUXJB-NVLHTPEZSA-N"",""MKJIEFSOBYUXJB-NWECIWRESA-N"",""MKJIEFSOBYUXJB-NZNKWEQFSA-N"",""MKJIEFSOBYUXJB-OQJVZVBASA-N"",""MKJIEFSOBYUXJB-POWJDNACSA-N"",""MKJIEFSOBYUXJB-PQERLGCLSA-N"",""MKJIEFSOBYUXJB-PRZWGJQISA-N"",""MKJIEFSOBYUXJB-PTIOEZPASA-N"",""MKJIEFSOBYUXJB-PWCVYCMXSA-N"",""MKJIEFSOBYUXJB-PYLQQYDVSA-N"",""MKJIEFSOBYUXJB-QEONAKEVSA-N"",""MKJIEFSOBYUXJB-QLWPOVNFSA-N"",""MKJIEFSOBYUXJB-QRMDOVEHSA-N"",""MKJIEFSOBYUXJB-QSXDZXDZSA-N"",""MKJIEFSOBYUXJB-QTCLFGJRSA-N"",""MKJIEFSOBYUXJB-QTGGOXQASA-N"",""MKJIEFSOBYUXJB-QXGKEOSDSA-N"",""MKJIEFSOBYUXJB-RCVKWNDZSA-N"",""MKJIEFSOBYUXJB-RHNMAJDGSA-N"",""MKJIEFSOBYUXJB-RJWKQBLISA-N"",""MKJIEFSOBYUXJB-RNENEKNISA-N"",""MKJIEFSOBYUXJB-SELZXEPWSA-N"",""MKJIEFSOBYUXJB-SILSSMKQSA-N"",""MKJIEFSOBYUXJB-SXTVVKQQSA-N"",""MKJIEFSOBYUXJB-TWHGBYNOSA-N"",""MKJIEFSOBYUXJB-TXGREFGJSA-N"",""MKJIEFSOBYUXJB-TXKACSLASA-N"",""MKJIEFSOBYUXJB-UGMPUGMNSA-N"",""MKJIEFSOBYUXJB-UHFFFAOYSA-N"",""MKJIEFSOBYUXJB-UHFFFAOYSA-O"",""MKJIEFSOBYUXJB-UHVWDEMESA-N"",""MKJIEFSOBYUXJB-ULLXNBPFSA-N"",""MKJIEFSOBYUXJB-UUKREXOTSA-N"",""MKJIEFSOBYUXJB-VASRVALASA-N"",""MKJIEFSOBYUXJB-VEIKRIJXSA-N"",""MKJIEFSOBYUXJB-VFJJUKLQSA-N"",""MKJIEFSOBYUXJB-VFNSREFQSA-N"",""MKJIEFSOBYUXJB-VFYHNCBGSA-N"",""MKJIEFSOBYUXJB-VLOGJXHSSA-N"",""MKJIEFSOBYUXJB-VLTLVWQJSA-N"",""MKJIEFSOBYUXJB-VMIALJKWSA-N"",""MKJIEFSOBYUXJB-VNKWEDNYSA-N"",""MKJIEFSOBYUXJB-VOICTVJKSA-N"",""MKJIEFSOBYUXJB-VRGDAPQISA-N"",""MKJIEFSOBYUXJB-VRYPADILSA-N"",""MKJIEFSOBYUXJB-VZQFKICOSA-N"",""MKJIEFSOBYUXJB-WAPCIHTBSA-N"",""MKJIEFSOBYUXJB-WEZHFFAMSA-N"",""MKJIEFSOBYUXJB-WFGJKAKNSA-N"",""MKJIEFSOBYUXJB-WLDPALOGSA-N"",""MKJIEFSOBYUXJB-WNMVVZIBSA-N"",""MKJIEFSOBYUXJB-WNZADGNOSA-N"",""MKJIEFSOBYUXJB-WYQAUYPQSA-N"",""MKJIEFSOBYUXJB-WZWZWZOFSA-N"",""MKJIEFSOBYUXJB-XEGQOTPASA-N"",""MKJIEFSOBYUXJB-XETGXLELSA-N"",""MKJIEFSOBYUXJB-XKESODTGSA-N"",""MKJIEFSOBYUXJB-XYJNRBPDSA-N"",""MKJIEFSOBYUXJB-XZNUEWKKSA-N"",""MKJIEFSOBYUXJB-YAOMQGFDSA-N"",""MKJIEFSOBYUXJB-YICBJEHSSA-N"",""MKJIEFSOBYUXJB-ZBFHGGJFSA-N"",""MKJIEFSOBYUXJB-ZBFHGGJFSA-O"",""MKJIEFSOBYUXJB-ZOWXQRIHSA-N"",""MKJIEFSOBYUXJB-ZWGOZCLVSA-N"",""OJIZTJQEERQEPJ-DMLYUBSXSA-N"",""OJIZTJQEERQEPJ-UHFFFAOYSA-N"",""OJIZTJQEERQEPJ-VNYZMKMESA-N"",""QSFBHYATERXVIT-DMLYUBSXSA-N"",""QSFBHYATERXVIT-UHFFFAOYSA-N"",""QSFBHYATERXVIT-VNYZMKMESA-N"",""RHDADYXNUCMTQG-DMLYUBSXSA-N"",""RHDADYXNUCMTQG-UHFFFAOYSA-N"",""RHDADYXNUCMTQG-VNYZMKMESA-N""]"
574,ixabepilone,CIDm06445540,false,0,0,[]
575,febuxostat,CIDm00134018,true,16,16,"[""BQSJTQLCZDPROO-KIROAFHOSA-N"",""BQSJTQLCZDPROO-RFQPTORJSA-N"",""BQSJTQLCZDPROO-SCENNGIESA-N"",""BQSJTQLCZDPROO-UHFFFAOYSA-M"",""BQSJTQLCZDPROO-UHFFFAOYSA-N"",""BQSJTQLCZDPROO-WFGJKAKNSA-N"",""CNBCRDKBNDTWPM-UHFFFAOYSA-M"",""CXMRTZVUJUKVFZ-UHFFFAOYSA-N"",""IUVCPAMENCUQBT-UHFFFAOYSA-N"",""OIZXWYLBVLZUMB-UHFFFAOYSA-M"",""PBDGWWSMDHCTAJ-UHFFFAOYSA-N"",""RHLJMRVUDHKQGI-UHFFFAOYSA-L"",""RVCABENUUHINNO-UHFFFAOYSA-L"",""WVYXUCSMTADTSO-UHFFFAOYSA-M"",""YPYGPODRUISWBV-UHFFFAOYSA-M"",""ZCCLOLZOARKJHT-UHFFFAOYSA-N""]"
576,dronedarone,CIDm00208898,true,43,42,"[""BFKCIOAWFMYGTL-UHFFFAOYSA-M"",""CZQYQTUDZXVLQS-UHFFFAOYSA-N"",""DWKVCQXJYURSIQ-JGNZWIROSA-N"",""DWKVCQXJYURSIQ-LJGJRQBISA-N"",""DWKVCQXJYURSIQ-MXJHERMTSA-N"",""DWKVCQXJYURSIQ-OPYXMTQJSA-N"",""DWKVCQXJYURSIQ-OXKHTNAGSA-N"",""DWKVCQXJYURSIQ-RADSTHBLSA-N"",""DWKVCQXJYURSIQ-SQQDPHQFSA-N"",""DWKVCQXJYURSIQ-UHFFFAOYSA-N"",""DWKVCQXJYURSIQ-WSWTWNSZSA-N"",""GYYBMIKZIHENNU-UHFFFAOYSA-N"",""HFZQRCPPXBGAPU-UHFFFAOYSA-N"",""HLMJCTHRHPBKES-UHFFFAOYSA-N"",""HTFAMBZARCSSPR-UHFFFAOYSA-N"",""ICKOGBNFDJMXML-BTJKTKAUSA-N"",""ICKOGBNFDJMXML-WLHGVMLRSA-N"",""JQNUVOVKCRNAEZ-UHFFFAOYSA-N"",""JVNODRQIWJNGBD-UHFFFAOYSA-M"",""JWACIPPQNFWQQU-UHFFFAOYSA-L"",""JWACIPPQNFWQQU-UHFFFAOYSA-M"",""JWACIPPQNFWQQU-UHFFFAOYSA-N"",""OOKBYMYKJCRBSL-UHFFFAOYSA-N"",""OXNUXCOCTCIOKG-UHFFFAOYSA-N"",""PYXKYJMHEXLLHF-UHFFFAOYSA-N"",""QMTZUQZYGVOOLE-UHFFFAOYSA-N"",""RYANTZNKRSQJMO-UHFFFAOYSA-O"",""SILBWQVVZBGDSU-UHFFFAOYSA-L"",""TYGPJKAMHMDKJV-UHFFFAOYSA-N"",""VVDZLRKTRRHCNR-UHFFFAOYSA-N"",""VWKUVXMAJHOWHH-UHFFFAOYSA-N"",""XKIVXMDBGUXRML-UHFFFAOYSA-N"",""ZQTNQVWKHCQYLQ-AUKPUCDYSA-N"",""ZQTNQVWKHCQYLQ-CNUDEFASSA-N"",""ZQTNQVWKHCQYLQ-CVKSOVQJSA-N"",""ZQTNQVWKHCQYLQ-GQZVJHRESA-N"",""ZQTNQVWKHCQYLQ-JGWVFYFMSA-N"",""ZQTNQVWKHCQYLQ-SFQXYDBYSA-N"",""ZQTNQVWKHCQYLQ-SKIVKWGGSA-N"",""ZQTNQVWKHCQYLQ-SYJKAZNASA-N"",""ZQTNQVWKHCQYLQ-UHFFFAOYSA-N"",""ZQTNQVWKHCQYLQ-WSABZFDGSA-N""]"
577,nebivolol,CIDm00071301,true,88,86,"[""AXEWXHMATOWVLQ-RWEOMTCISA-N"",""AXEWXHMATOWVLQ-UHFFFAOYSA-N"",""JGFKNXINHZDDQW-BTJKTKAUSA-N"",""JGFKNXINHZDDQW-UHFFFAOYSA-N"",""JWEXHQAEWHKGCW-BDRNNESNSA-N"",""JWEXHQAEWHKGCW-BIISKSHESA-N"",""JWEXHQAEWHKGCW-FNLXBVDKSA-N"",""JWEXHQAEWHKGCW-PPQLCCJMSA-N"",""JWEXHQAEWHKGCW-QMIBVVRYSA-N"",""JWEXHQAEWHKGCW-REKUTFSBSA-N"",""JWEXHQAEWHKGCW-UHFFFAOYSA-N"",""JWEXHQAEWHKGCW-VCVZPGOSSA-N"",""JWEXHQAEWHKGCW-VQIACNPOSA-N"",""JWEXHQAEWHKGCW-YNYGMEKVSA-N"",""KOHIRBRYDXPAMZ-AJBDXYCMSA-N"",""KOHIRBRYDXPAMZ-AREBVXNXSA-N"",""KOHIRBRYDXPAMZ-AYRWIBGQSA-N"",""KOHIRBRYDXPAMZ-BXPBQNOHSA-N"",""KOHIRBRYDXPAMZ-CZQNPTBHSA-N"",""KOHIRBRYDXPAMZ-FWZHVETRSA-N"",""KOHIRBRYDXPAMZ-GMQQQROESA-N"",""KOHIRBRYDXPAMZ-GMQQQROESA-O"",""KOHIRBRYDXPAMZ-GPHNJDIKSA-N"",""KOHIRBRYDXPAMZ-GPHNJDIKSA-O"",""KOHIRBRYDXPAMZ-GVCCSJJYSA-N"",""KOHIRBRYDXPAMZ-GYWIWHRASA-N"",""KOHIRBRYDXPAMZ-HFRPFFAFSA-N"",""KOHIRBRYDXPAMZ-HTAFUYNTSA-N"",""KOHIRBRYDXPAMZ-HVANQTDBSA-N"",""KOHIRBRYDXPAMZ-IIDLGYDESA-N"",""KOHIRBRYDXPAMZ-JCNCLCQRSA-N"",""KOHIRBRYDXPAMZ-JESVWKHBSA-N"",""KOHIRBRYDXPAMZ-JJTQDJFQSA-N"",""KOHIRBRYDXPAMZ-JPBSONAGSA-N"",""KOHIRBRYDXPAMZ-JUZHZXASSA-N"",""KOHIRBRYDXPAMZ-JXDNEFGWSA-N"",""KOHIRBRYDXPAMZ-KDFVNGPGSA-N"",""KOHIRBRYDXPAMZ-KFAFHJTJSA-N"",""KOHIRBRYDXPAMZ-LEZOKFINSA-N"",""KOHIRBRYDXPAMZ-LWJFNIECSA-N"",""KOHIRBRYDXPAMZ-MCEIDBOGSA-N"",""KOHIRBRYDXPAMZ-MCEIDBOGSA-O"",""KOHIRBRYDXPAMZ-MOXQZVSFSA-N"",""KOHIRBRYDXPAMZ-MOXQZVSFSA-O"",""KOHIRBRYDXPAMZ-MTIDIVMFSA-N"",""KOHIRBRYDXPAMZ-MTIDIVMFSA-O"",""KOHIRBRYDXPAMZ-NFAVZRQZSA-N"",""KOHIRBRYDXPAMZ-OCPXOFMESA-N"",""KOHIRBRYDXPAMZ-ODMAOCJESA-N"",""KOHIRBRYDXPAMZ-OTXOEQGISA-N"",""KOHIRBRYDXPAMZ-OWXVKCJTSA-N"",""KOHIRBRYDXPAMZ-QAYXBAAESA-N"",""KOHIRBRYDXPAMZ-RNAMFRHHSA-N"",""KOHIRBRYDXPAMZ-RRVMIALWSA-N"",""KOHIRBRYDXPAMZ-STTMHCHWSA-N"",""KOHIRBRYDXPAMZ-UBBRYJJRSA-N"",""KOHIRBRYDXPAMZ-UBBRYJJRSA-O"",""KOHIRBRYDXPAMZ-UDKICSLYSA-N"",""KOHIRBRYDXPAMZ-UDKICSLYSA-O"",""KOHIRBRYDXPAMZ-UHFFFAOYSA-N"",""KOHIRBRYDXPAMZ-UHFFFAOYSA-O"",""KOHIRBRYDXPAMZ-UKLGZHLBSA-N"",""KOHIRBRYDXPAMZ-VVIORFSUSA-N"",""KOHIRBRYDXPAMZ-VVIORFSUSA-O"",""KOHIRBRYDXPAMZ-WETBMMTNSA-N"",""KOHIRBRYDXPAMZ-WUZAXQHHSA-N"",""KOHIRBRYDXPAMZ-WYNDGVHTSA-N"",""KOHIRBRYDXPAMZ-YFCHSCLWSA-N"",""KOHIRBRYDXPAMZ-YHBROIRLSA-N"",""KOHIRBRYDXPAMZ-YHBROIRLSA-O"",""KOHIRBRYDXPAMZ-YHDSQAASSA-N"",""KOHIRBRYDXPAMZ-YHDSQAASSA-O"",""KOHIRBRYDXPAMZ-ZZKLQANYSA-N"",""PCMANBVDBAQPAW-BIISKSHESA-N"",""PCMANBVDBAQPAW-UHFFFAOYSA-N"",""PCMANBVDBAQPAW-VCVZPGOSSA-N"",""RZRBHMFJARVOJZ-BIISKSHESA-N"",""RZRBHMFJARVOJZ-UHFFFAOYSA-N"",""RZRBHMFJARVOJZ-VCVZPGOSSA-N"",""SQMMAFWOYYAHHR-UHFFFAOYSA-N"",""VDIMACROVWLJGJ-UHFFFAOYSA-N"",""VDIMACROVWLJGJ-VCVZPGOSSA-N"",""VTHCZWIYKRASAD-BIISKSHESA-N"",""VTHCZWIYKRASAD-UHFFFAOYSA-N"",""VTHCZWIYKRASAD-VCVZPGOSSA-N"",""ZUZBDOWDMQJHSR-UHFFFAOYSA-N""]"
578,nilotinib,CIDm00644241,true,148,148,"[""BJHFCCQGTGUMCW-UHFFFAOYSA-N"",""BKADWCDKHIVKDB-UHFFFAOYSA-N"",""BLZCELPOANECEN-UHFFFAOYSA-N"",""CSHRJUUDOKPPBL-UHFFFAOYSA-L"",""CSHRJUUDOKPPBL-UHFFFAOYSA-N"",""DDBKXZGCTSLLNY-UHFFFAOYSA-L"",""DDBKXZGCTSLLNY-UHFFFAOYSA-N"",""DZKCTTJGVCEGGV-UHFFFAOYSA-N"",""FBBLHYHTYOAQRY-UHFFFAOYSA-N"",""GMHRKJOFIIHCNX-BTJKTKAUSA-L"",""GMHRKJOFIIHCNX-BTJKTKAUSA-N"",""GMHRKJOFIIHCNX-UHFFFAOYSA-N"",""GMHRKJOFIIHCNX-WLHGVMLRSA-L"",""GMHRKJOFIIHCNX-WLHGVMLRSA-N"",""HHZIURLSWUIHRB-ABSNKJPOSA-N"",""HHZIURLSWUIHRB-ADAGFLHSSA-N"",""HHZIURLSWUIHRB-AFMIWFKISA-N"",""HHZIURLSWUIHRB-AISZMEMISA-N"",""HHZIURLSWUIHRB-AZLOSAATSA-N"",""HHZIURLSWUIHRB-BGBQERKBSA-N"",""HHZIURLSWUIHRB-BGXIOTCPSA-N"",""HHZIURLSWUIHRB-BIFWCEMMSA-N"",""HHZIURLSWUIHRB-BMQBXNJBSA-N"",""HHZIURLSWUIHRB-BMSJAHLVSA-N"",""HHZIURLSWUIHRB-BOEFYROQSA-N"",""HHZIURLSWUIHRB-BWUDZMABSA-N"",""HHZIURLSWUIHRB-CFRHGHPXSA-N"",""HHZIURLSWUIHRB-CHTDQAPGSA-N"",""HHZIURLSWUIHRB-CIBXCEHNSA-N"",""HHZIURLSWUIHRB-CQCJEBHXSA-N"",""HHZIURLSWUIHRB-CSZBPRNISA-N"",""HHZIURLSWUIHRB-CYBCXIBCSA-N"",""HHZIURLSWUIHRB-DCXCCPPNSA-N"",""HHZIURLSWUIHRB-DFDLDQPFSA-N"",""HHZIURLSWUIHRB-DOPIHLALSA-N"",""HHZIURLSWUIHRB-DYLNOMAXSA-N"",""HHZIURLSWUIHRB-FCLNNUQOSA-N"",""HHZIURLSWUIHRB-FEXNCKRASA-N"",""HHZIURLSWUIHRB-FEZWJIPUSA-N"",""HHZIURLSWUIHRB-FIBGUPNXSA-N"",""HHZIURLSWUIHRB-FTAVMYFBSA-N"",""HHZIURLSWUIHRB-FZSYFHIMSA-N"",""HHZIURLSWUIHRB-GAWQYXMPSA-N"",""HHZIURLSWUIHRB-GBPYXLETSA-N"",""HHZIURLSWUIHRB-GJZKAZOVSA-N"",""HHZIURLSWUIHRB-GMDLKEOUSA-N"",""HHZIURLSWUIHRB-GYRRSCHSSA-N"",""HHZIURLSWUIHRB-HAHGCCKWSA-N"",""HHZIURLSWUIHRB-HHSYTNABSA-N"",""HHZIURLSWUIHRB-HIHKBLPLSA-N"",""HHZIURLSWUIHRB-HJODKKMCSA-N"",""HHZIURLSWUIHRB-HMIAQEEVSA-N"",""HHZIURLSWUIHRB-HQXSTAFUSA-N"",""HHZIURLSWUIHRB-IBGBMIGQSA-N"",""HHZIURLSWUIHRB-IEILRQDCSA-N"",""HHZIURLSWUIHRB-IERWRQLVSA-N"",""HHZIURLSWUIHRB-INITUHRZSA-N"",""HHZIURLSWUIHRB-IRXGFDJASA-N"",""HHZIURLSWUIHRB-ISIZKQDXSA-N"",""HHZIURLSWUIHRB-IVJLHBBOSA-N"",""HHZIURLSWUIHRB-JAJXOIEQSA-N"",""HHZIURLSWUIHRB-JBECEHIFSA-N"",""HHZIURLSWUIHRB-JQFYEPPGSA-N"",""HHZIURLSWUIHRB-JQMMZFPHSA-N"",""HHZIURLSWUIHRB-JRWQBWHRSA-N"",""HHZIURLSWUIHRB-JSKKWRBUSA-N"",""HHZIURLSWUIHRB-JVXUGDAPSA-N"",""HHZIURLSWUIHRB-JWACGUCTSA-N"",""HHZIURLSWUIHRB-JXXVMHBGSA-N"",""HHZIURLSWUIHRB-JZWBCEOFSA-N"",""HHZIURLSWUIHRB-KSUZWYIJSA-N"",""HHZIURLSWUIHRB-KYOVOWBJSA-N"",""HHZIURLSWUIHRB-LBAWUFMWSA-N"",""HHZIURLSWUIHRB-LFAVFWPESA-N"",""HHZIURLSWUIHRB-LIIMORKBSA-N"",""HHZIURLSWUIHRB-LVLUPRSHSA-N"",""HHZIURLSWUIHRB-LXMJEQFMSA-N"",""HHZIURLSWUIHRB-LYMCEMDHSA-N"",""HHZIURLSWUIHRB-MBZLJKTRSA-N"",""HHZIURLSWUIHRB-MSLVINFGSA-N"",""HHZIURLSWUIHRB-MTJYNIFISA-N"",""HHZIURLSWUIHRB-NHYGHZQYSA-N"",""HHZIURLSWUIHRB-NPDJZITISA-N"",""HHZIURLSWUIHRB-NSRLPZDQSA-N"",""HHZIURLSWUIHRB-NTLYDUKNSA-N"",""HHZIURLSWUIHRB-NVYOPNGWSA-N"",""HHZIURLSWUIHRB-OCTYVEJKSA-N"",""HHZIURLSWUIHRB-ODUDZVGVSA-N"",""HHZIURLSWUIHRB-OKFACHCWSA-N"",""HHZIURLSWUIHRB-OKUGDODFSA-N"",""HHZIURLSWUIHRB-OZVSOLPISA-N"",""HHZIURLSWUIHRB-PCERLHRASA-N"",""HHZIURLSWUIHRB-POSKAYDRSA-N"",""HHZIURLSWUIHRB-PWNCVANTSA-N"",""HHZIURLSWUIHRB-QMJDSCGESA-N"",""HHZIURLSWUIHRB-QQXLQFKQSA-N"",""HHZIURLSWUIHRB-QRJGWBJOSA-N"",""HHZIURLSWUIHRB-RDCOVRNNSA-N"",""HHZIURLSWUIHRB-RUVMREHDSA-N"",""HHZIURLSWUIHRB-RVOHHDSBSA-N"",""HHZIURLSWUIHRB-SEYGMCBQSA-N"",""HHZIURLSWUIHRB-SJHQRKTLSA-N"",""HHZIURLSWUIHRB-SPRNLTJKSA-N"",""HHZIURLSWUIHRB-SUFFOIAXSA-N"",""HHZIURLSWUIHRB-SUWLMGCISA-N"",""HHZIURLSWUIHRB-SXNDVAEUSA-N"",""HHZIURLSWUIHRB-TVFGJSKQSA-N"",""HHZIURLSWUIHRB-TZNUXBKASA-N"",""HHZIURLSWUIHRB-UGWJMFLBSA-N"",""HHZIURLSWUIHRB-UHFFFAOYSA-N"",""HHZIURLSWUIHRB-UHNUABLESA-N"",""HHZIURLSWUIHRB-UKTCFMSVSA-N"",""HHZIURLSWUIHRB-USKCZWDRSA-N"",""HHZIURLSWUIHRB-UVYLVKNSSA-N"",""HHZIURLSWUIHRB-VBMSYBOZSA-N"",""HHZIURLSWUIHRB-VFECFGNRSA-N"",""HHZIURLSWUIHRB-VJGVDHGZSA-N"",""HHZIURLSWUIHRB-WOYMLVGWSA-N"",""HHZIURLSWUIHRB-WQCLHQESSA-N"",""HHZIURLSWUIHRB-WRNFXZLBSA-N"",""HHZIURLSWUIHRB-XCOJVFADSA-N"",""HHZIURLSWUIHRB-XHSZYYBQSA-N"",""HHZIURLSWUIHRB-XVJCGKEISA-N"",""HHZIURLSWUIHRB-XZHNPZDWSA-N"",""HHZIURLSWUIHRB-YKIOISPNSA-N"",""HHZIURLSWUIHRB-YUFDIMGPSA-N"",""HHZIURLSWUIHRB-YVAMMIAYSA-N"",""HHZIURLSWUIHRB-ZQGLXKBRSA-N"",""HHZIURLSWUIHRB-ZSMCZWNWSA-N"",""JRFLREGOECCANR-UHFFFAOYSA-N"",""KOUPGJHTOJLTBJ-CEAXSRTFSA-N"",""KOUPGJHTOJLTBJ-UHFFFAOYSA-N"",""PALXYVGYGNXGCS-UHFFFAOYSA-N"",""SBVBSHMQCPUOGG-UHFFFAOYSA-N"",""SDOLNFCUZATHSO-UHFFFAOYSA-N"",""SWJJKDLEELTPLR-UHFFFAOYSA-N"",""UWLYJIFMRDCBAV-UHFFFAOYSA-N"",""VTGGYCCJUPYZSX-UHFFFAOYSA-N"",""VYHSBWCAZKXUPP-LREBCSMRSA-L"",""VYHSBWCAZKXUPP-LREBCSMRSA-N"",""VYHSBWCAZKXUPP-UHFFFAOYSA-N"",""WNXKHRXZVZTGKY-UHFFFAOYSA-N"",""WQYPMWUJYUUMDI-UHFFFAOYSA-K"",""WQYPMWUJYUUMDI-UHFFFAOYSA-N"",""XBGUAPGMUHIVLC-UHFFFAOYSA-N"",""YCBPQSYLYYBPDW-UHFFFAOYSA-N"",""YYVYIZUERHJXMW-UHFFFAOYSA-M"",""YYVYIZUERHJXMW-UHFFFAOYSA-N""]"
579,lorcaserin,CIDm11658859,false,0,0,[]
580,vildagliptin,CIDm06918537,false,0,0,[]
581,milnacipran,CIDm00055480,true,61,57,"[""ANBYTGBHGRPRQE-PBCQUBLHSA-N"",""ANBYTGBHGRPRQE-UHFFFAOYSA-N"",""GCWZHWKRAHFLED-GUHRZNIVSA-N"",""GCWZHWKRAHFLED-NATOKKMCSA-N"",""GCWZHWKRAHFLED-UHFFFAOYSA-N"",""GIGAIOSMEXBLQA-IBWNGBJLSA-N"",""GIGAIOSMEXBLQA-UHFFFAOYSA-N"",""GIGAIOSMEXBLQA-WIIFAHEUSA-N"",""GJJFMKBJSRMPLA-AFYYWNPRSA-N"",""GJJFMKBJSRMPLA-AWKYBWMHSA-N"",""GJJFMKBJSRMPLA-AXSVUONXSA-N"",""GJJFMKBJSRMPLA-CFDGUPSTSA-N"",""GJJFMKBJSRMPLA-CFMCSPIPSA-N"",""GJJFMKBJSRMPLA-DZGCQCFKSA-N"",""GJJFMKBJSRMPLA-DZGCQCFKSA-O"",""GJJFMKBJSRMPLA-FTFBYQLQSA-N"",""GJJFMKBJSRMPLA-HIFRSBDPSA-N"",""GJJFMKBJSRMPLA-HIFRSBDPSA-O"",""GJJFMKBJSRMPLA-MAYQSGDESA-N"",""GJJFMKBJSRMPLA-NYGHILPNSA-N"",""GJJFMKBJSRMPLA-UHFFFAOYSA-N"",""GJJFMKBJSRMPLA-UHFFFAOYSA-O"",""GJJFMKBJSRMPLA-UKRRQHHQSA-N"",""GJJFMKBJSRMPLA-UKRRQHHQSA-O"",""GJJFMKBJSRMPLA-ULSUVHPCSA-N"",""GJJFMKBJSRMPLA-UPOUUOHQSA-N"",""GJJFMKBJSRMPLA-WBLYOIMQSA-N"",""GJJFMKBJSRMPLA-WJMFEFMUSA-N"",""GJJFMKBJSRMPLA-WJWOJVDRSA-N"",""GJJFMKBJSRMPLA-WUJWULDRSA-N"",""GJJFMKBJSRMPLA-XNMXGYPTSA-N"",""GJJFMKBJSRMPLA-ZFWWWQNUSA-N"",""KPOGLHWIYWMSRN-PBCQUBLHSA-N"",""KPOGLHWIYWMSRN-UHFFFAOYSA-N"",""LGTAPEFFGUKWCI-PBCQUBLHSA-N"",""LGTAPEFFGUKWCI-UHFFFAOYSA-N"",""NDTLPFYJBQPJOD-UHFFFAOYSA-N"",""NZXRNJAIEARFGD-PBCQUBLHSA-L"",""NZXRNJAIEARFGD-UHFFFAOYSA-L"",""PHVZYEPWSSQJOV-PBCQUBLHSA-N"",""PHVZYEPWSSQJOV-UHFFFAOYSA-N"",""RSHYLPLSYJRZJY-PBCQUBLHSA-N"",""RSHYLPLSYJRZJY-UHFFFAOYSA-N"",""XNCDYJFPRPDERF-GDZMUCOPSA-N"",""XNCDYJFPRPDERF-LDCKTULKSA-M"",""XNCDYJFPRPDERF-LKNSGBSQSA-N"",""XNCDYJFPRPDERF-NQQJLSKUSA-N"",""XNCDYJFPRPDERF-PBCQUBLHSA-M"",""XNCDYJFPRPDERF-PBCQUBLHSA-N"",""XNCDYJFPRPDERF-SLHAJLBXSA-N"",""XNCDYJFPRPDERF-SWYZXDRTSA-N"",""XNCDYJFPRPDERF-UHFFFAOYSA-M"",""XNCDYJFPRPDERF-UHFFFAOYSA-N"",""XQDIRVBIFAVCOJ-PBCQUBLHSA-N"",""XQDIRVBIFAVCOJ-UHFFFAOYSA-N"",""YOBUTWNTEOXDLA-SQFYQATMSA-N"",""YOBUTWNTEOXDLA-UHFFFAOYSA-N""]"
582,nesiritide,CIDm25081014,false,0,0,[]
583,oritavancin,CIDm16136912,false,0,0,[]
584,clevidipine,CIDm00153994,true,4,4,"[""KPBZROQVTHLCDU-GOSISDBHSA-N"",""KPBZROQVTHLCDU-RPIBLTHZSA-N"",""KPBZROQVTHLCDU-SFHVURJKSA-N"",""KPBZROQVTHLCDU-UHFFFAOYSA-N""]"
585,ospemifene,CIDm03036505,false,0,0,[]
586,iloperidone,CIDm00071360,true,26,26,"[""AOODYIFTBUDNPJ-UHFFFAOYSA-N"",""BGBQAANTYKKGMH-UHFFFAOYSA-N"",""FFNNBVHLDKGEDX-UHFFFAOYSA-N"",""FGACDTCLJARDGD-UHFFFAOYSA-N"",""HLYCWLBKKAZPLO-UHFFFAOYSA-N"",""JAZYJWATRSOWSE-UHFFFAOYSA-N"",""JIIUSQLKFVTDSL-UHFFFAOYSA-N"",""KBBSIVVVTLSKAR-UHFFFAOYSA-N"",""LPAPAAFYQDNTAM-LVEZLNDCSA-N"",""LPAPAAFYQDNTAM-UHFFFAOYSA-N"",""LTGMZNUHJWWOJC-UHFFFAOYSA-N"",""OIVLWSQYCPDLDC-UHFFFAOYSA-N"",""OXLHMJUBQBYJIP-UHFFFAOYSA-N"",""PQVPOXBDBHNYLE-UHFFFAOYSA-N"",""QETDPQNIRWXABC-UHFFFAOYSA-N"",""SLYQXRJEPAYCRY-UHFFFAOYSA-N"",""UVQYTJBEGJULDU-UHFFFAOYSA-N"",""VMENJXDCJYNGDC-BTJKTKAUSA-N"",""VMENJXDCJYNGDC-UHFFFAOYSA-N"",""VMENJXDCJYNGDC-WLHGVMLRSA-N"",""WRFRPRAJDRHFBN-UHFFFAOYSA-N"",""XBARIQBREMUVNZ-UHFFFAOYSA-N"",""XMXHEBAFVSFQEX-BMSJAHLVSA-N"",""XMXHEBAFVSFQEX-UHFFFAOYSA-N"",""XMXHEBAFVSFQEX-UHFFFAOYSA-O"",""XMXHEBAFVSFQEX-ZUIQKBBCSA-N""]"
587,retigabine,CIDm00121892,true,20,20,"[""GAXMCRSEXRYAAY-UHFFFAOYSA-N"",""HDEDBVOYPNYYKA-BTJKTKAUSA-N"",""HDEDBVOYPNYYKA-WLHGVMLRSA-N"",""IKXSFESSULYRRP-UHFFFAOYSA-N"",""IRTSOTYNVNKKNY-UHFFFAOYSA-N"",""LXLQPUDSUJJXEL-UHFFFAOYSA-N"",""MGFBLDPTRXLGAK-UHFFFAOYSA-N"",""NEKJMHQTNWYFRM-UHFFFAOYSA-N"",""NRHRQQZEOAWWFD-UHFFFAOYSA-N"",""PCOBBVZJEWWZFR-LNFUJOGGSA-N"",""PCOBBVZJEWWZFR-QVPSADHVSA-N"",""PCOBBVZJEWWZFR-SJPDSGJFSA-N"",""PCOBBVZJEWWZFR-UHFFFAOYSA-N"",""PCOBBVZJEWWZFR-ZBJDZAJPSA-N"",""QGGRTIWFHXQAHG-UHFFFAOYSA-N"",""SDGPZKSWSSFWHD-UHFFFAOYSA-N"",""TTZQXEJOIUWHII-UHFFFAOYSA-N"",""WSGFOWNASITQHJ-UHFFFAOYSA-N"",""XBNQYUCQOFOKIN-UHFFFAOYSA-N"",""YJSLFEOATKOPBI-UHFFFAOYSA-N""]"
588,ingenol.mebutate,CIDm06918670,true,16,16,"[""VDJHFHXMUKFKET-ABFCVAKBSA-N"",""VDJHFHXMUKFKET-AFYQKYGQSA-N"",""VDJHFHXMUKFKET-FEGUOWAGSA-N"",""VDJHFHXMUKFKET-IYACTCEOSA-N"",""VDJHFHXMUKFKET-MGVBUEHPSA-N"",""VDJHFHXMUKFKET-MWPJFCCWSA-N"",""VDJHFHXMUKFKET-RIQGJYSHSA-N"",""VDJHFHXMUKFKET-UHFFFAOYSA-N"",""VDJHFHXMUKFKET-USKFRINNSA-N"",""VDJHFHXMUKFKET-UXMMOKKRSA-N"",""VDJHFHXMUKFKET-WDUFCVPESA-N"",""VDJHFHXMUKFKET-WSMCRNSLSA-N"",""VDJHFHXMUKFKET-WVXLWZEVSA-N"",""VDJHFHXMUKFKET-WVXVGKHRSA-N"",""VDJHFHXMUKFKET-XCHJBCONSA-N"",""VDJHFHXMUKFKET-XPISXKLGSA-N""]"
589,belinostat,CIDm06918638,true,2,2,"[""NCNRHFGMJRPRSK-MDZDMXLPSA-N"",""NCNRHFGMJRPRSK-UHFFFAOYSA-N""]"
590,indacaterol,CIDm06918554,false,0,0,[]
591,trabectedin,CIDm00108150,false,0,0,[]
592,glatiramer.acetate,CIDm03081884,true,2,2,"[""FHEAIOHRHQGZPC-KIWGSFCNSA-N"",""FHEAIOHRHQGZPC-UHFFFAOYSA-N""]"
593,rotigotine,CIDm00059226,false,0,0,[]
594,samarium.(153Sm).lexidronam,CIDm00023951,true,28,25,"[""AXXFVUWEFGKYBC-UHFFFAOYSA-N"",""DDCWGUIPLGMBPO-UHFFFAOYSA-K"",""DOSGOCSVHPUUIA-AKLPVKDBSA-N"",""DOSGOCSVHPUUIA-NJFSPNSNSA-N"",""DOSGOCSVHPUUIA-UHFFFAOYSA-N"",""HUMOEYPEOGEJCL-UHFFFAOYSA-N"",""KZUNJOHGWZRPMI-AHCXROLUSA-N"",""KZUNJOHGWZRPMI-AKLPVKDBSA-N"",""KZUNJOHGWZRPMI-BJUDXGSMSA-N"",""KZUNJOHGWZRPMI-BKFZFHPZSA-N"",""KZUNJOHGWZRPMI-DBXDQKISSA-N"",""KZUNJOHGWZRPMI-FTXFMUIASA-N"",""KZUNJOHGWZRPMI-IGMARMGPSA-N"",""KZUNJOHGWZRPMI-LZFNBGRKSA-N"",""KZUNJOHGWZRPMI-NJFSPNSNSA-N"",""KZUNJOHGWZRPMI-OIOBTWANSA-N"",""KZUNJOHGWZRPMI-OUBTZVSYSA-N"",""KZUNJOHGWZRPMI-QQVBLGSISA-N"",""KZUNJOHGWZRPMI-RKEGKUSMSA-N"",""KZUNJOHGWZRPMI-RNFDNDRNSA-N"",""KZUNJOHGWZRPMI-UHFFFAOYSA-N"",""KZUNJOHGWZRPMI-VENIDDJXSA-N"",""MPBCQLLHOHRAQA-UHFFFAOYSA-N"",""NPLGDOVFYILZBK-UHFFFAOYSA-N"",""WLMJMRRUMZUTEK-UHFFFAOYSA-L""]"
595,vandetanib,CIDm03081361,true,23,23,"[""FZMIEQCEGTVFBZ-UHFFFAOYSA-M"",""FZMIEQCEGTVFBZ-UHFFFAOYSA-N"",""KVBQCJXMSFJOFP-UHFFFAOYSA-N"",""LPVHHTZCAOTIFA-UHFFFAOYSA-N"",""UHTHHESEBZOYNR-BMSJAHLVSA-N"",""UHTHHESEBZOYNR-FIBGUPNXSA-N"",""UHTHHESEBZOYNR-JKHMEXFASA-N"",""UHTHHESEBZOYNR-JKSUIMTKSA-N"",""UHTHHESEBZOYNR-KLFIIISESA-N"",""UHTHHESEBZOYNR-MONNEFGBSA-N"",""UHTHHESEBZOYNR-OROMUMGISA-N"",""UHTHHESEBZOYNR-OSEHSPPNSA-N"",""UHTHHESEBZOYNR-PHGQSWGHSA-N"",""UHTHHESEBZOYNR-RTSKBKDFSA-N"",""UHTHHESEBZOYNR-TXNVYZHYSA-N"",""UHTHHESEBZOYNR-UHFFFAOYSA-N"",""UHTHHESEBZOYNR-UHFFFAOYSA-O"",""UHTHHESEBZOYNR-VTNORMIGSA-N"",""UHTHHESEBZOYNR-WFGJKAKNSA-N"",""UHTHHESEBZOYNR-XZBKYNDXSA-N"",""UHTHHESEBZOYNR-YLFBDGEISA-N"",""UHTHHESEBZOYNR-YUUXCSGASA-N"",""UHTHHESEBZOYNR-ZMDUPEIOSA-N""]"
596,ecallantide,CIDm44201343,true,1,1,"[""KSUILQBWISSOBS-FHVLXVBRSA-N""]"
597,romiplostim,CIDm05329098,false,0,0,[]
598,dexlansoprazole,CIDm09578005,false,0,0,[]
599,telaprevir,CIDm03010818,true,121,121,"[""BBAWEDCPNXPBQM-ACICVRJYSA-N"",""BBAWEDCPNXPBQM-AIJKQFSOSA-N"",""BBAWEDCPNXPBQM-AMDKXCFOSA-N"",""BBAWEDCPNXPBQM-ANFVMDBRSA-N"",""BBAWEDCPNXPBQM-ARMBTYNJSA-N"",""BBAWEDCPNXPBQM-ASHPDZLVSA-N"",""BBAWEDCPNXPBQM-AVICZYPOSA-N"",""BBAWEDCPNXPBQM-AXYFEMIHSA-N"",""BBAWEDCPNXPBQM-BFVUMAPMSA-N"",""BBAWEDCPNXPBQM-BUVXOWLQSA-N"",""BBAWEDCPNXPBQM-CBKFIJIDSA-N"",""BBAWEDCPNXPBQM-CIEGSZRGSA-N"",""BBAWEDCPNXPBQM-CLUBCLBOSA-N"",""BBAWEDCPNXPBQM-CNMOABCDSA-N"",""BBAWEDCPNXPBQM-COHWKIPGSA-N"",""BBAWEDCPNXPBQM-CPTQEKLDSA-N"",""BBAWEDCPNXPBQM-CTSHVYNVSA-N"",""BBAWEDCPNXPBQM-CYXVJYKPSA-N"",""BBAWEDCPNXPBQM-DAVGYMPWSA-N"",""BBAWEDCPNXPBQM-DMQZCONQSA-N"",""BBAWEDCPNXPBQM-DTMILJBRSA-N"",""BBAWEDCPNXPBQM-DXXZLHHHSA-N"",""BBAWEDCPNXPBQM-DZCPRDNNSA-N"",""BBAWEDCPNXPBQM-FCKHYBOCSA-N"",""BBAWEDCPNXPBQM-FMEAXBOWSA-N"",""BBAWEDCPNXPBQM-FRYYVICASA-N"",""BBAWEDCPNXPBQM-FXOJSMHRSA-N"",""BBAWEDCPNXPBQM-GDEBMMAJSA-N"",""BBAWEDCPNXPBQM-GGDYBOISSA-N"",""BBAWEDCPNXPBQM-GJQYXFRKSA-N"",""BBAWEDCPNXPBQM-GOYQPIQNSA-N"",""BBAWEDCPNXPBQM-GUTJKTHPSA-N"",""BBAWEDCPNXPBQM-GXEDQFMMSA-N"",""BBAWEDCPNXPBQM-GXMOPWFDSA-N"",""BBAWEDCPNXPBQM-HCQQPECMSA-N"",""BBAWEDCPNXPBQM-HHXIBPQMSA-N"",""BBAWEDCPNXPBQM-HJUSZHDISA-N"",""BBAWEDCPNXPBQM-HMATTXEOSA-N"",""BBAWEDCPNXPBQM-HSLYUNNDSA-N"",""BBAWEDCPNXPBQM-IBXPDNLWSA-N"",""BBAWEDCPNXPBQM-IGSHNTALSA-N"",""BBAWEDCPNXPBQM-IIAGZQSRSA-N"",""BBAWEDCPNXPBQM-IRXCYKNVSA-N"",""BBAWEDCPNXPBQM-JDTXYBQNSA-N"",""BBAWEDCPNXPBQM-JIAQXBSSSA-N"",""BBAWEDCPNXPBQM-JIKRYKLQSA-N"",""BBAWEDCPNXPBQM-JMGNXSGJSA-N"",""BBAWEDCPNXPBQM-JNWOBPDSSA-N"",""BBAWEDCPNXPBQM-JSNVPQHWSA-N"",""BBAWEDCPNXPBQM-KATUSHCPSA-N"",""BBAWEDCPNXPBQM-KCRAJVMMSA-N"",""BBAWEDCPNXPBQM-KCXTUADGSA-N"",""BBAWEDCPNXPBQM-KFIZKTPRSA-N"",""BBAWEDCPNXPBQM-KHGWLMLVSA-N"",""BBAWEDCPNXPBQM-KNZHGALOSA-N"",""BBAWEDCPNXPBQM-KOYNHBMHSA-N"",""BBAWEDCPNXPBQM-KWGIBVHCSA-N"",""BBAWEDCPNXPBQM-KZOZMHGTSA-N"",""BBAWEDCPNXPBQM-KZZRGABUSA-N"",""BBAWEDCPNXPBQM-LDXKGKNBSA-N"",""BBAWEDCPNXPBQM-LQHSHAJDSA-N"",""BBAWEDCPNXPBQM-MMYTZWTHSA-N"",""BBAWEDCPNXPBQM-MQNYPCBWSA-N"",""BBAWEDCPNXPBQM-NGHSUXQVSA-N"",""BBAWEDCPNXPBQM-NGQAKOOISA-N"",""BBAWEDCPNXPBQM-NKNFCSNJSA-N"",""BBAWEDCPNXPBQM-NPMPWMHQSA-N"",""BBAWEDCPNXPBQM-NVEXOEQHSA-N"",""BBAWEDCPNXPBQM-OAPGMWLQSA-N"",""BBAWEDCPNXPBQM-ODGMAWPSSA-N"",""BBAWEDCPNXPBQM-ODOXVPAESA-N"",""BBAWEDCPNXPBQM-OFQJGKTMSA-N"",""BBAWEDCPNXPBQM-OISCMBFQSA-N"",""BBAWEDCPNXPBQM-OIVCVFKHSA-N"",""BBAWEDCPNXPBQM-OJFMZYRMSA-N"",""BBAWEDCPNXPBQM-OTBSYZORSA-N"",""BBAWEDCPNXPBQM-OWEDFYAMSA-N"",""BBAWEDCPNXPBQM-OXURPLNOSA-N"",""BBAWEDCPNXPBQM-PGPUHURSSA-N"",""BBAWEDCPNXPBQM-PWUVRMNPSA-N"",""BBAWEDCPNXPBQM-PYDAYXHXSA-N"",""BBAWEDCPNXPBQM-QEBRTFGASA-N"",""BBAWEDCPNXPBQM-QFWLGUJMSA-N"",""BBAWEDCPNXPBQM-RBNBUFLISA-N"",""BBAWEDCPNXPBQM-RGBYBLEFSA-N"",""BBAWEDCPNXPBQM-RKKKULEISA-N"",""BBAWEDCPNXPBQM-RKSMDZPPSA-N"",""BBAWEDCPNXPBQM-RQVZEETASA-N"",""BBAWEDCPNXPBQM-SMHUWWKHSA-N"",""BBAWEDCPNXPBQM-SOAFJEKTSA-N"",""BBAWEDCPNXPBQM-SUGHMUIUSA-N"",""BBAWEDCPNXPBQM-SULXNDIZSA-N"",""BBAWEDCPNXPBQM-TVYZYNQZSA-N"",""BBAWEDCPNXPBQM-UFCULMSDSA-N"",""BBAWEDCPNXPBQM-UGTZKMKRSA-N"",""BBAWEDCPNXPBQM-UHFFFAOYSA-N"",""BBAWEDCPNXPBQM-USXSPERKSA-N"",""BBAWEDCPNXPBQM-UWUKSWGCSA-N"",""BBAWEDCPNXPBQM-UZYQKKHASA-N"",""BBAWEDCPNXPBQM-VBRUODCGSA-N"",""BBAWEDCPNXPBQM-VFPAMHMQSA-N"",""BBAWEDCPNXPBQM-VHPMCZMESA-N"",""BBAWEDCPNXPBQM-VLYXMBFTSA-N"",""BBAWEDCPNXPBQM-VPLZSEBCSA-N"",""BBAWEDCPNXPBQM-VSKGWFPSSA-N"",""BBAWEDCPNXPBQM-WIGDIXCRSA-N"",""BBAWEDCPNXPBQM-WIGIWCKPSA-N"",""BBAWEDCPNXPBQM-WMRYIZIWSA-N"",""BBAWEDCPNXPBQM-WQDDSMQWSA-N"",""BBAWEDCPNXPBQM-WQLBKBTLSA-N"",""BBAWEDCPNXPBQM-WRWQEFDNSA-N"",""BBAWEDCPNXPBQM-WYRHCKDKSA-N"",""BBAWEDCPNXPBQM-XCGPOIPNSA-N"",""BBAWEDCPNXPBQM-XIGLEMTOSA-N"",""BBAWEDCPNXPBQM-XSSFWMDISA-N"",""BBAWEDCPNXPBQM-XUUVENEHSA-N"",""BBAWEDCPNXPBQM-YEXHXUEASA-N"",""BBAWEDCPNXPBQM-YOFAHACISA-N"",""BBAWEDCPNXPBQM-YQYHUCGXSA-N"",""BBAWEDCPNXPBQM-ZFZUWWOQSA-N"",""BBAWEDCPNXPBQM-ZIVVCJBCSA-N""]"
600,mipomersen,CIDm44564107,true,3,3,"[""OSGPYAHSKOGBFY-KMHHXCEHSA-A"",""TZRFSLHOCZEXCC-HIVFKXHNSA-A"",""TZRFSLHOCZEXCC-HIVFKXHNSA-N""]"
601,apremilast,CIDm11561674,false,0,0,[]
602,ustekinumab,CIDm00121749,true,4,4,"[""MJZJYWCQPMNPRM-UHFFFAOYSA-N"",""QCQNYPBOMARJCP-UHFFFAOYSA-N"",""VOTSDCGUYAGUNS-UHFFFAOYSA-M"",""VOTSDCGUYAGUNS-UHFFFAOYSA-N""]"
603,abiraterone,CIDm00132971,true,21,21,"[""DCLAMOWTVQSWIU-JLNQUITASA-N"",""GZOSMCIZMLWJML-BNUAZTOUSA-N"",""GZOSMCIZMLWJML-CHCBBUOYSA-N"",""GZOSMCIZMLWJML-COTZHZFESA-N"",""GZOSMCIZMLWJML-NIIDXCPYSA-N"",""GZOSMCIZMLWJML-QTPCBYLQSA-N"",""GZOSMCIZMLWJML-RCTFCLBNSA-N"",""GZOSMCIZMLWJML-RLWLQTCPSA-N"",""GZOSMCIZMLWJML-UHFFFAOYSA-N"",""GZOSMCIZMLWJML-UQHOXKPTSA-N"",""GZOSMCIZMLWJML-VJLLXTKPSA-N"",""GZOSMCIZMLWJML-ZBUMQEPMSA-N"",""GZOSMCIZMLWJML-ZHVNYGEGSA-N"",""JCVQCXDEMPDQGS-HXYAFLPDSA-N"",""JCVQCXDEMPDQGS-UHFFFAOYSA-N"",""OZJSRIFGFBQYNS-JLNQUITASA-N"",""PFJIEILZDZKVEX-HXYAFLPDSA-N"",""SYCLIDZVIMTOLB-JLNQUITASA-N"",""WGJJKKINZWZUJO-JLNQUITASA-N"",""XNRBOZIRZKLISM-HXYAFLPDSA-N"",""XNRBOZIRZKLISM-UHFFFAOYSA-N""]"
604,mianserin,CIDm00004184,true,16,15,"[""UEQUQVLFIPOEMF-BJUDXGSMSA-N"",""UEQUQVLFIPOEMF-FIBGUPNXSA-N"",""UEQUQVLFIPOEMF-GOSISDBHSA-N"",""UEQUQVLFIPOEMF-RLXJOQACSA-N"",""UEQUQVLFIPOEMF-SFHVURJKSA-N"",""UEQUQVLFIPOEMF-SFHVURJKSA-O"",""UEQUQVLFIPOEMF-UHFFFAOYSA-N"",""UEQUQVLFIPOEMF-UHFFFAOYSA-O"",""WYSQBVHSFFNHKM-BTJKTKAUSA-N"",""WYSQBVHSFFNHKM-HBUOZDOVSA-N"",""WYSQBVHSFFNHKM-UHFFFAOYSA-N"",""YNPFMWCWRVTGKJ-FERBBOLQSA-N"",""YNPFMWCWRVTGKJ-GMUIIQOCSA-N"",""YNPFMWCWRVTGKJ-UHFFFAOYSA-M"",""YNPFMWCWRVTGKJ-UHFFFAOYSA-N""]"
605,acetylcysteine,CIDm00012035,false,0,0,[]
606,romidepsin,CIDm05352062,false,0,0,[]
607,rufinamide,CIDm00129228,true,7,7,"[""POGQSBRIGCQNEG-APZFVMQVSA-N"",""POGQSBRIGCQNEG-CBYSEHNBSA-N"",""POGQSBRIGCQNEG-KIPGJUDASA-N"",""POGQSBRIGCQNEG-RPVANBMVSA-N"",""POGQSBRIGCQNEG-UHFFFAOYSA-N"",""POGQSBRIGCQNEG-UICOGKGYSA-N"",""POGQSBRIGCQNEG-ZSJDYOACSA-N""]"
608,lasofoxifene,CIDm00216416,true,37,33,"[""BWBUUBYYYBSXBA-HBYDGSNJSA-K"",""GXESHMAMLJKROZ-DODBYRRHSA-N"",""GXESHMAMLJKROZ-HSLSYKTRSA-N"",""GXESHMAMLJKROZ-IAPPQJPRSA-N"",""GXESHMAMLJKROZ-IAPPQJPRSA-O"",""GXESHMAMLJKROZ-IXCJQBJRSA-N"",""GXESHMAMLJKROZ-JMTULFFMSA-N"",""GXESHMAMLJKROZ-NXOFZFLXSA-N"",""GXESHMAMLJKROZ-PHJVBSBJSA-N"",""GXESHMAMLJKROZ-SVNIRARHSA-N"",""GXESHMAMLJKROZ-UHFFFAOYSA-N"",""GXESHMAMLJKROZ-UWXCNTASSA-N"",""GXESHMAMLJKROZ-WSDOKKOJSA-N"",""GXESHMAMLJKROZ-XCZPVHLTSA-N"",""GXESHMAMLJKROZ-XTEPFMGCSA-N"",""GXESHMAMLJKROZ-YNEIDQELSA-N"",""HKNZRWVZPAFJEK-DMCZFVKOSA-N"",""HKNZRWVZPAFJEK-HBYDGSNJSA-N"",""HKNZRWVZPAFJEK-UHFFFAOYSA-N"",""INEHJXCWEVNEDZ-DMCZFVKOSA-N"",""INEHJXCWEVNEDZ-HBYDGSNJSA-N"",""INEHJXCWEVNEDZ-JSWINTLJSA-N"",""INEHJXCWEVNEDZ-LUDNRVPPSA-N"",""INEHJXCWEVNEDZ-PBKADYDTSA-N"",""INEHJXCWEVNEDZ-UHFFFAOYSA-N"",""JMYYKJUZYWOKPC-HBYDGSNJSA-N"",""RMOPVBZFTUMHCE-MKYTWGQBSA-N"",""SAACCGLSUSURKO-HBYDGSNJSA-N"",""SFWYWKVSAHDQRB-DMCZFVKOSA-N"",""SFWYWKVSAHDQRB-HBYDGSNJSA-N"",""SFWYWKVSAHDQRB-SEDDDLTMSA-N"",""SFWYWKVSAHDQRB-UHFFFAOYSA-N"",""XCXUINDQSBLZLE-HBYDGSNJSA-N""]"
609,tapentadol,CIDm09838021,false,0,0,[]
610,silodosin,CIDm05312125,false,0,0,[]
611,prasugrel,CIDm06918456,true,44,43,"[""AEEQKPQXXLYXLQ-UHFFFAOYSA-N"",""AOMDYJTUFSZDBZ-FYZYNONXSA-N"",""AOMDYJTUFSZDBZ-UHFFFAOYSA-N"",""AWWCMISGBLTHFC-JITBQSAISA-N"",""BDYYQKBZLRLXEK-UHFFFAOYSA-N"",""DTGLZDAWLRGWQN-FIBGUPNXSA-N"",""DTGLZDAWLRGWQN-GEXSZOTCSA-N"",""DTGLZDAWLRGWQN-IBGZPJMESA-N"",""DTGLZDAWLRGWQN-KXGHAPEVSA-N"",""DTGLZDAWLRGWQN-LJQANCHMSA-N"",""DTGLZDAWLRGWQN-MMIHMFRQSA-N"",""DTGLZDAWLRGWQN-QFFDRWTDSA-N"",""DTGLZDAWLRGWQN-UHFFFAOYSA-N"",""DTGLZDAWLRGWQN-VZEZRKEMSA-N"",""DTGLZDAWLRGWQN-WTIYJRDESA-N"",""DTGLZDAWLRGWQN-YUIGOLOMSA-N"",""DTGLZDAWLRGWQN-ZEYKVEQDSA-N"",""GDOXCPAKQRICSM-UHFFFAOYSA-N"",""HWTLQMJWGHTXCN-UHFFFAOYSA-N"",""IAVJJBPVMMMLJB-UHFFFAOYSA-N"",""IEKCKQOXPUMQFW-UHFFFAOYSA-N"",""JALHGCPDPSNJNY-FSRHSHDFSA-N"",""JALHGCPDPSNJNY-FYZYNONXSA-N"",""JALHGCPDPSNJNY-UHFFFAOYSA-N"",""LRYOBPIUPPIUNJ-UHFFFAOYSA-N"",""NKECTNZDOLZCFB-UHFFFAOYSA-N"",""OWCZHLHPXDWHJA-UHFFFAOYSA-N"",""RHMDOURIOPGKSF-UHFFFAOYSA-K"",""RHMDOURIOPGKSF-UHFFFAOYSA-N"",""RKCBNWHTQLERNX-UHFFFAOYSA-N"",""UEMVGJKNRWNZOJ-UHFFFAOYSA-N"",""VQHUVAWJMFZJSG-UHFFFAOYSA-N"",""VRLCSINPVBPLOK-UHFFFAOYSA-N"",""XLOUZTNTGWNKBN-UHFFFAOYSA-N"",""YFTPSWAPYMNPMX-AFJTUFCWSA-N"",""YFTPSWAPYMNPMX-BTJKTKAUSA-L"",""YFTPSWAPYMNPMX-BTJKTKAUSA-N"",""YFTPSWAPYMNPMX-UHFFFAOYSA-N"",""YFTPSWAPYMNPMX-WLHGVMLRSA-N"",""ZDODIMGSXMWZFJ-UHFFFAOYSA-N"",""ZNVPRXPFKKDRBO-UHFFFAOYSA-L"",""ZNVPRXPFKKDRBO-UHFFFAOYSA-M"",""ZNVPRXPFKKDRBO-UHFFFAOYSA-N""]"
612,eltrombopag,CIDm25181561,false,0,0,[]
613,doripenem,CIDm00073303,true,49,38,"[""AVAACINZEOAHHE-BAMVVWIKSA-N"",""AVAACINZEOAHHE-BLQROKBRSA-N"",""AVAACINZEOAHHE-BRJRQFNWSA-N"",""AVAACINZEOAHHE-CCKTUUABSA-N"",""AVAACINZEOAHHE-CIAYHBLTSA-N"",""AVAACINZEOAHHE-DHHIBRGBSA-N"",""AVAACINZEOAHHE-FKUYFSDWSA-N"",""AVAACINZEOAHHE-JHMKVRFYSA-N"",""AVAACINZEOAHHE-KHVGDNQCSA-N"",""AVAACINZEOAHHE-LCRHIANFSA-N"",""AVAACINZEOAHHE-LWNFTTDPSA-N"",""AVAACINZEOAHHE-MJBIWFRBSA-N"",""AVAACINZEOAHHE-MJDWDGSASA-N"",""AVAACINZEOAHHE-MPVQUNCYSA-N"",""AVAACINZEOAHHE-PPQVSCAHSA-N"",""AVAACINZEOAHHE-RRDOJEEWSA-M"",""AVAACINZEOAHHE-RRDOJEEWSA-N"",""AVAACINZEOAHHE-SBVHWXOPSA-N"",""AVAACINZEOAHHE-UHFFFAOYSA-M"",""AVAACINZEOAHHE-UHFFFAOYSA-N"",""AVAACINZEOAHHE-VDNGDJRNSA-N"",""AVAACINZEOAHHE-VFZPANTDSA-M"",""AVAACINZEOAHHE-VFZPANTDSA-N"",""AVAACINZEOAHHE-VRGHXPGPSA-N"",""AVAACINZEOAHHE-YZCBYFCHSA-N"",""AVAACINZEOAHHE-ZAGWNNSHSA-N"",""AVAACINZEOAHHE-ZESFFYIMSA-N"",""AVAACINZEOAHHE-ZEZQGYJVSA-N"",""AVAACINZEOAHHE-ZGSCWTDNSA-N"",""AVAACINZEOAHHE-ZGZUPVIZSA-N"",""NTUBEBXBDGKBTJ-LGAOZOLISA-N"",""NTUBEBXBDGKBTJ-UHFFFAOYSA-N"",""NTUBEBXBDGKBTJ-WGLOMNHJSA-N"",""NTUBEBXBDGKBTJ-WNFDJKDOSA-N"",""NTUBEBXBDGKBTJ-WZSJZDLWSA-N"",""NTUBEBXBDGKBTJ-XADQCFFISA-N"",""NUXUFXCQBLHVSS-OIVHTQPRSA-N"",""NUXUFXCQBLHVSS-UHFFFAOYSA-N""]"
614,tolvaptan,CIDm00216237,true,10,10,"[""BXILEDVHAVFEEJ-UHFFFAOYSA-N"",""GYHCTFXIZSNGJT-CORJAIEOSA-N"",""GYHCTFXIZSNGJT-DEOSSOPVSA-N"",""GYHCTFXIZSNGJT-FFQSSJIFSA-N"",""GYHCTFXIZSNGJT-JDRCYIGSSA-N"",""GYHCTFXIZSNGJT-KLTYLHELSA-N"",""GYHCTFXIZSNGJT-KPCCJGFTSA-N"",""GYHCTFXIZSNGJT-UHFFFAOYSA-N"",""GYHCTFXIZSNGJT-XMMPIXPASA-N"",""GYHCTFXIZSNGJT-YRQUOOKNSA-N""]"
615,regadenoson,CIDm00219024,true,38,38,"[""CDQVVPUXSPZONN-JQBAGTOYSA-N"",""CDQVVPUXSPZONN-UHFFFAOYSA-N"",""CDQVVPUXSPZONN-WPPLYIOHSA-N"",""CELUMCYTLDNBPC-UHFFFAOYSA-N"",""CELUMCYTLDNBPC-WPPLYIOHSA-N"",""CITLVSVJSYUIST-UHFFFAOYSA-N"",""CITLVSVJSYUIST-WPPLYIOHSA-N"",""COYCMVWCVBCQOO-UHFFFAOYSA-N"",""COYCMVWCVBCQOO-WPPLYIOHSA-N"",""GKLRJQLDTHXJHO-UHFFFAOYSA-L"",""GKLRJQLDTHXJHO-WPPLYIOHSA-L"",""JLLWMNWSTWYZFU-UHFFFAOYSA-N"",""JLLWMNWSTWYZFU-WPPLYIOHSA-N"",""KCHWCBXVJBCHRZ-UHFFFAOYSA-N"",""KCHWCBXVJBCHRZ-WPPLYIOHSA-N"",""LJICTFVBXIHNKC-UHFFFAOYSA-N"",""LJICTFVBXIHNKC-WPPLYIOHSA-N"",""LZPZPHGJDAGEJZ-AKAIJSEGSA-N"",""LZPZPHGJDAGEJZ-CEUDAIGZSA-N"",""LZPZPHGJDAGEJZ-DHRRVFGLSA-N"",""LZPZPHGJDAGEJZ-FBFHGVSZSA-N"",""LZPZPHGJDAGEJZ-GQYFUAMRSA-N"",""LZPZPHGJDAGEJZ-HGBRAUNISA-N"",""LZPZPHGJDAGEJZ-HUZSSTNVSA-N"",""LZPZPHGJDAGEJZ-KBBCTFJKSA-N"",""LZPZPHGJDAGEJZ-LOUYIAGSSA-N"",""LZPZPHGJDAGEJZ-QHKJWJLPSA-N"",""LZPZPHGJDAGEJZ-QIPHIMSASA-N"",""LZPZPHGJDAGEJZ-QPJVAMMUSA-N"",""LZPZPHGJDAGEJZ-SMDQVTJXSA-N"",""LZPZPHGJDAGEJZ-UHFFFAOYSA-N"",""LZPZPHGJDAGEJZ-WFVVRPHKSA-N"",""LZPZPHGJDAGEJZ-YPVFQZFDSA-N"",""MEPUKWLAVNNHKR-NWNIUKHTSA-N"",""MEPUKWLAVNNHKR-UHFFFAOYSA-N"",""MEPUKWLAVNNHKR-YBZPBGOESA-N"",""MHQCBVFWWAOGQV-UHFFFAOYSA-N"",""MHQCBVFWWAOGQV-WPPLYIOHSA-N""]"
616,asenapine,CIDm00163091,false,0,0,[]
617,vernakalant,CIDm09930048,true,95,95,"[""JMHYCBFEEFHTMK-BLEXNYHWSA-N"",""JMHYCBFEEFHTMK-CEYVOKQTSA-N"",""JMHYCBFEEFHTMK-DSKXPBBKSA-N"",""JMHYCBFEEFHTMK-GDFJUWSTSA-N"",""JMHYCBFEEFHTMK-GDMHMRSESA-N"",""JMHYCBFEEFHTMK-IIUXMCBISA-N"",""JMHYCBFEEFHTMK-LQLXLQOXSA-N"",""JMHYCBFEEFHTMK-MDJDKQEGSA-N"",""JMHYCBFEEFHTMK-PGBDLSIMSA-N"",""JMHYCBFEEFHTMK-PWGAQZMISA-N"",""JMHYCBFEEFHTMK-QQBJDQAASA-N"",""JMHYCBFEEFHTMK-RWVUOVKPSA-N"",""JMHYCBFEEFHTMK-RXQQAGQTSA-N"",""JMHYCBFEEFHTMK-UCNLVHGASA-N"",""JMHYCBFEEFHTMK-UHFFFAOYSA-N"",""JMHYCBFEEFHTMK-UVJOBNTFSA-N"",""JMHYCBFEEFHTMK-VYXWTPOFSA-N"",""JMHYCBFEEFHTMK-WSLRHHBVSA-N"",""VBHQKCBVWWUUKN-AAFGRQEISA-N"",""VBHQKCBVWWUUKN-ABHNRTSZSA-N"",""VBHQKCBVWWUUKN-AOCRQIFASA-N"",""VBHQKCBVWWUUKN-BAMCFGGJSA-N"",""VBHQKCBVWWUUKN-BETBTGEZSA-N"",""VBHQKCBVWWUUKN-BKNKEOCSSA-N"",""VBHQKCBVWWUUKN-BLAYRMRBSA-N"",""VBHQKCBVWWUUKN-BZSNNMDCSA-N"",""VBHQKCBVWWUUKN-DAWZGUTISA-N"",""VBHQKCBVWWUUKN-DBFJLCQKSA-N"",""VBHQKCBVWWUUKN-DTLAAXRXSA-N"",""VBHQKCBVWWUUKN-DVKDBIPTSA-N"",""VBHQKCBVWWUUKN-DZYWLACFSA-N"",""VBHQKCBVWWUUKN-FDNVUOTASA-N"",""VBHQKCBVWWUUKN-FGTMMUONSA-N"",""VBHQKCBVWWUUKN-FQECFTEESA-N"",""VBHQKCBVWWUUKN-FWBIABACSA-N"",""VBHQKCBVWWUUKN-GQOPDTJNSA-N"",""VBHQKCBVWWUUKN-GVYDCBATSA-N"",""VBHQKCBVWWUUKN-GWXHSKSZSA-N"",""VBHQKCBVWWUUKN-JSGHXSOGSA-N"",""VBHQKCBVWWUUKN-KGQQAXLPSA-N"",""VBHQKCBVWWUUKN-KSZLIROESA-N"",""VBHQKCBVWWUUKN-KTCZQYGPSA-N"",""VBHQKCBVWWUUKN-KURKYZTESA-N"",""VBHQKCBVWWUUKN-KZNAEPCWSA-N"",""VBHQKCBVWWUUKN-KZNAEPCWSA-O"",""VBHQKCBVWWUUKN-KZOZDLDMSA-N"",""VBHQKCBVWWUUKN-LHLKBLJLSA-N"",""VBHQKCBVWWUUKN-LMFIFHKZSA-N"",""VBHQKCBVWWUUKN-LMHKVJHFSA-N"",""VBHQKCBVWWUUKN-LXPRWKDFSA-N"",""VBHQKCBVWWUUKN-LYWWNGRBSA-N"",""VBHQKCBVWWUUKN-MBFNWLSASA-N"",""VBHQKCBVWWUUKN-MHZHCFERSA-N"",""VBHQKCBVWWUUKN-MLADGXLLSA-N"",""VBHQKCBVWWUUKN-MYFVLZFPSA-N"",""VBHQKCBVWWUUKN-OFBADKKTSA-N"",""VBHQKCBVWWUUKN-OKZBNKHCSA-N"",""VBHQKCBVWWUUKN-OWZOALSMSA-N"",""VBHQKCBVWWUUKN-PUTUTREDSA-N"",""VBHQKCBVWWUUKN-PXKIYYGHSA-N"",""VBHQKCBVWWUUKN-QFBMPPABSA-N"",""VBHQKCBVWWUUKN-QGQAZQBWSA-N"",""VBHQKCBVWWUUKN-QLGUPPDASA-N"",""VBHQKCBVWWUUKN-RCCFBDPRSA-N"",""VBHQKCBVWWUUKN-RGBJRUIASA-N"",""VBHQKCBVWWUUKN-RSFIVVTASA-N"",""VBHQKCBVWWUUKN-RWZMTBSZSA-N"",""VBHQKCBVWWUUKN-SFASZNQASA-N"",""VBHQKCBVWWUUKN-SGXHWXICSA-N"",""VBHQKCBVWWUUKN-SLMFSLNBSA-N"",""VBHQKCBVWWUUKN-SMAPMGFCSA-N"",""VBHQKCBVWWUUKN-SOMBYUNGSA-N"",""VBHQKCBVWWUUKN-SQNIBIBYSA-N"",""VBHQKCBVWWUUKN-SSMJWWNZSA-N"",""VBHQKCBVWWUUKN-STGYXERPSA-N"",""VBHQKCBVWWUUKN-TWDFOTOBSA-N"",""VBHQKCBVWWUUKN-UBFHEZILSA-N"",""VBHQKCBVWWUUKN-UHFFFAOYSA-N"",""VBHQKCBVWWUUKN-UHFFFAOYSA-O"",""VBHQKCBVWWUUKN-UKKPGEIXSA-N"",""VBHQKCBVWWUUKN-UQJFVLDMSA-N"",""VBHQKCBVWWUUKN-UWTINMNFSA-N"",""VBHQKCBVWWUUKN-VALQIDSPSA-N"",""VBHQKCBVWWUUKN-VBSKGOCVSA-N"",""VBHQKCBVWWUUKN-VQWGRCEBSA-N"",""VBHQKCBVWWUUKN-WBRCTOICSA-N"",""VBHQKCBVWWUUKN-WFEMSAMISA-N"",""VBHQKCBVWWUUKN-WWDZGPRUSA-N"",""VBHQKCBVWWUUKN-XENWCOGPSA-N"",""VBHQKCBVWWUUKN-XUEBDQHPSA-N"",""VBHQKCBVWWUUKN-XXLYICGESA-N"",""VBHQKCBVWWUUKN-YBLMVOALSA-N"",""VBHQKCBVWWUUKN-ZFPMXHCSSA-N"",""VBHQKCBVWWUUKN-ZGPLGRQWSA-N"",""VBHQKCBVWWUUKN-ZHBGBCKNSA-N""]"
618,lacosamide,CIDm00219078,true,36,36,"[""VPPJLAIAVCUEMN-AJTALWDFSA-N"",""VPPJLAIAVCUEMN-BEKALDGESA-N"",""VPPJLAIAVCUEMN-BEKAVNSESA-N"",""VPPJLAIAVCUEMN-DOGFXRRYSA-N"",""VPPJLAIAVCUEMN-FPWSDNDASA-N"",""VPPJLAIAVCUEMN-GFCCVEGCSA-N"",""VPPJLAIAVCUEMN-GMGXQYKBSA-N"",""VPPJLAIAVCUEMN-GVEQUNJWSA-N"",""VPPJLAIAVCUEMN-IBIJPGRPSA-N"",""VPPJLAIAVCUEMN-IWHRGNAOSA-N"",""VPPJLAIAVCUEMN-JMQKSPSZSA-N"",""VPPJLAIAVCUEMN-LBBMYNEISA-N"",""VPPJLAIAVCUEMN-LBPRGKRZSA-N"",""VPPJLAIAVCUEMN-LEYXDLADSA-N"",""VPPJLAIAVCUEMN-LODRGAEISA-N"",""VPPJLAIAVCUEMN-LZMSFWOYSA-N"",""VPPJLAIAVCUEMN-MFOLQKANSA-N"",""VPPJLAIAVCUEMN-MGVXTIMCSA-N"",""VPPJLAIAVCUEMN-MOXTTYPVSA-N"",""VPPJLAIAVCUEMN-MUESUBCOSA-N"",""VPPJLAIAVCUEMN-NAFXDVTNSA-N"",""VPPJLAIAVCUEMN-PDWMJQTGSA-N"",""VPPJLAIAVCUEMN-PIHFZAAFSA-N"",""VPPJLAIAVCUEMN-PURTXWADSA-N"",""VPPJLAIAVCUEMN-QBMBECACSA-N"",""VPPJLAIAVCUEMN-QCCORQSASA-N"",""VPPJLAIAVCUEMN-QHMOSPHISA-N"",""VPPJLAIAVCUEMN-QLQUODACSA-N"",""VPPJLAIAVCUEMN-QULXAFGCSA-N"",""VPPJLAIAVCUEMN-UHFFFAOYSA-N"",""VPPJLAIAVCUEMN-VHOLWYRZSA-N"",""VPPJLAIAVCUEMN-VSHNRAIYSA-N"",""VPPJLAIAVCUEMN-WFGJKAKNSA-N"",""VPPJLAIAVCUEMN-XMKCKMMQSA-N"",""VPPJLAIAVCUEMN-XVATVNAQSA-N"",""VPPJLAIAVCUEMN-ZPXINHMPSA-N""]"
619,dalbavancin,CIDm44567678,true,2,2,"[""IZJRUXNZMRDQJI-SZUNQUCBSA-N"",""IZJRUXNZMRDQJI-UHFFFAOYSA-N""]"
620,rivaroxaban,CIDm09875401,false,0,0,[]
621,nalmefene,CIDm05284594,false,0,0,[]
622,avanafil,CIDm09869929,true,11,11,"[""BUTJXVMYLAQQTQ-UHFFFAOYSA-M"",""HSSZCEDYKRFPQT-UHFFFAOYSA-M"",""NZHOSMBACGLKPA-NTISSMGPSA-N"",""OCQMROVRRATESQ-UHFFFAOYSA-M"",""PMEHXONCQNOVPS-NTISSMGPSA-N"",""UWQJGVJHLYHBTO-UHFFFAOYSA-N"",""WEAJZXNPAWBCOA-INIZCTEOSA-N"",""WEAJZXNPAWBCOA-PVAAWCPSSA-N"",""WEAJZXNPAWBCOA-UHFFFAOYSA-N"",""YAOVOORFZDPWBT-UHFFFAOYSA-M"",""YOCCGFJWFOJNAV-UHFFFAOYSA-N""]"
623,eflornithine,CIDm00003009,true,29,26,"[""FJPAMFNRCFEGSD-ILKKLZGPSA-N"",""FJPAMFNRCFEGSD-QYCVXMPOSA-N"",""FJPAMFNRCFEGSD-UHFFFAOYSA-N"",""HFUGMXSXFNMQBU-UHFFFAOYSA-N"",""JGBNCLCBZBKRKP-ILKKLZGPSA-N"",""JGBNCLCBZBKRKP-QYCVXMPOSA-N"",""JGBNCLCBZBKRKP-UHFFFAOYSA-N"",""MFIRFIBXAMCQOH-MTPWEOJCSA-N"",""MFIRFIBXAMCQOH-UHFFFAOYSA-N"",""MKOJVMCILZIVEE-UHFFFAOYSA-N"",""SQDDMMOQURXXLT-UHFFFAOYSA-N"",""UXRZBDHBLNDEFU-FYZOBXCZSA-N"",""UXRZBDHBLNDEFU-RGMNGODLSA-N"",""UXRZBDHBLNDEFU-UHFFFAOYSA-N"",""VKDGNNYJFSHYKD-FYZOBXCZSA-N"",""VKDGNNYJFSHYKD-RGMNGODLSA-N"",""VKDGNNYJFSHYKD-UHFFFAOYSA-M"",""VKDGNNYJFSHYKD-UHFFFAOYSA-N"",""VLCYCQAOQCDTCN-IOEMCFGVSA-N"",""VLCYCQAOQCDTCN-LURJTMIESA-N"",""VLCYCQAOQCDTCN-LURJTMIESA-O"",""VLCYCQAOQCDTCN-UHFFFAOYSA-M"",""VLCYCQAOQCDTCN-UHFFFAOYSA-N"",""VLCYCQAOQCDTCN-UHFFFAOYSA-O"",""VLCYCQAOQCDTCN-ZCFIWIBFSA-N"",""VLCYCQAOQCDTCN-ZCFIWIBFSA-O""]"
624,droxidopa,CIDm00092974,false,0,0,[]
625,sitaxentan,CIDm00216235,true,106,106,"[""HRFIVLUXADNCHX-UHFFFAOYSA-N"",""HWVZSPDURCHCAX-UHFFFAOYSA-N"",""KWQGYPNURPFEPR-UHFFFAOYSA-N"",""MDTNUYUCUYPIHE-BRXLKHJYSA-N"",""MDTNUYUCUYPIHE-UHFFFAOYSA-N"",""PHWXUGHIIBDVKD-AKLZGUSDSA-N"",""PHWXUGHIIBDVKD-BHIJXKCVSA-N"",""PHWXUGHIIBDVKD-BMSJAHLVSA-N"",""PHWXUGHIIBDVKD-BNEYPBHNSA-N"",""PHWXUGHIIBDVKD-CIINYXQBSA-N"",""PHWXUGHIIBDVKD-CQXZYKNSSA-N"",""PHWXUGHIIBDVKD-CXMPRIBCSA-N"",""PHWXUGHIIBDVKD-DPORUESZSA-N"",""PHWXUGHIIBDVKD-DQZWRVPZSA-N"",""PHWXUGHIIBDVKD-DYCDLGHISA-N"",""PHWXUGHIIBDVKD-FGVSHQGUSA-N"",""PHWXUGHIIBDVKD-FIBGUPNXSA-N"",""PHWXUGHIIBDVKD-FMOSTPMBSA-N"",""PHWXUGHIIBDVKD-FMSOFXHYSA-N"",""PHWXUGHIIBDVKD-FSRYXMRBSA-N"",""PHWXUGHIIBDVKD-GBIJOAKOSA-N"",""PHWXUGHIIBDVKD-GDRARBGWSA-N"",""PHWXUGHIIBDVKD-GFFIEKOASA-N"",""PHWXUGHIIBDVKD-GGZYRYOESA-N"",""PHWXUGHIIBDVKD-GQIQCOLESA-N"",""PHWXUGHIIBDVKD-GUEYOVJQSA-N"",""PHWXUGHIIBDVKD-HNIRSYIISA-N"",""PHWXUGHIIBDVKD-HUQTUUAVSA-N"",""PHWXUGHIIBDVKD-HUYMCZDOSA-N"",""PHWXUGHIIBDVKD-IDCRIQHSSA-N"",""PHWXUGHIIBDVKD-IGTJPZNESA-N"",""PHWXUGHIIBDVKD-IUCDCBAOSA-N"",""PHWXUGHIIBDVKD-JBLQMODDSA-N"",""PHWXUGHIIBDVKD-JBLXSOQPSA-N"",""PHWXUGHIIBDVKD-JENVAXICSA-N"",""PHWXUGHIIBDVKD-JPLVIQFZSA-N"",""PHWXUGHIIBDVKD-JQKFQMDGSA-N"",""PHWXUGHIIBDVKD-JXFSNVTDSA-N"",""PHWXUGHIIBDVKD-JZBUNPKRSA-N"",""PHWXUGHIIBDVKD-KAELEOLSSA-N"",""PHWXUGHIIBDVKD-KBKLHOFPSA-N"",""PHWXUGHIIBDVKD-KEGFXCRGSA-N"",""PHWXUGHIIBDVKD-KJZYEMDQSA-N"",""PHWXUGHIIBDVKD-KULBFBBOSA-N"",""PHWXUGHIIBDVKD-KZRBYIBLSA-N"",""PHWXUGHIIBDVKD-LIEVRUCISA-N"",""PHWXUGHIIBDVKD-LKZUAYPSSA-N"",""PHWXUGHIIBDVKD-LPVBXSSDSA-N"",""PHWXUGHIIBDVKD-LUSZQRCXSA-N"",""PHWXUGHIIBDVKD-MGVXTIMCSA-N"",""PHWXUGHIIBDVKD-MOXKTGMOSA-N"",""PHWXUGHIIBDVKD-MRLBGRFXSA-N"",""PHWXUGHIIBDVKD-MUESUBCOSA-N"",""PHWXUGHIIBDVKD-MWOCARBRSA-N"",""PHWXUGHIIBDVKD-MXVVJMKGSA-N"",""PHWXUGHIIBDVKD-NCYHJHSESA-N"",""PHWXUGHIIBDVKD-NDRGDYDQSA-N"",""PHWXUGHIIBDVKD-NERIRRJNSA-N"",""PHWXUGHIIBDVKD-NLIVOJHPSA-N"",""PHWXUGHIIBDVKD-NSAQYSSRSA-N"",""PHWXUGHIIBDVKD-NUXRZPKBSA-N"",""PHWXUGHIIBDVKD-NXTVGGFGSA-N"",""PHWXUGHIIBDVKD-OJYSAGIRSA-N"",""PHWXUGHIIBDVKD-OJZQAILFSA-N"",""PHWXUGHIIBDVKD-OKIJRMHBSA-N"",""PHWXUGHIIBDVKD-QBMBECACSA-N"",""PHWXUGHIIBDVKD-QCCORQSASA-N"",""PHWXUGHIIBDVKD-QDUUIQDTSA-N"",""PHWXUGHIIBDVKD-QKLSXCJMSA-N"",""PHWXUGHIIBDVKD-QRAMRRRKSA-N"",""PHWXUGHIIBDVKD-QSFQCOSSSA-N"",""PHWXUGHIIBDVKD-QYQAIVBCSA-N"",""PHWXUGHIIBDVKD-RGVCBKMOSA-N"",""PHWXUGHIIBDVKD-RKEMELGHSA-N"",""PHWXUGHIIBDVKD-STNGBQTKSA-N"",""PHWXUGHIIBDVKD-TYYAFNHFSA-N"",""PHWXUGHIIBDVKD-TZGIUPCUSA-N"",""PHWXUGHIIBDVKD-UHFFFAOYSA-N"",""PHWXUGHIIBDVKD-UJCPZLFOSA-N"",""PHWXUGHIIBDVKD-ULJITBCYSA-N"",""PHWXUGHIIBDVKD-UNAVHCQLSA-N"",""PHWXUGHIIBDVKD-UYUCFQPISA-N"",""PHWXUGHIIBDVKD-VBAKBEDNSA-N"",""PHWXUGHIIBDVKD-VRCOLRILSA-N"",""PHWXUGHIIBDVKD-WFGJKAKNSA-N"",""PHWXUGHIIBDVKD-WMRLCABSSA-N"",""PHWXUGHIIBDVKD-WNWRADDQSA-N"",""PHWXUGHIIBDVKD-WUCDNPGUSA-N"",""PHWXUGHIIBDVKD-WZJNHLNZSA-N"",""PHWXUGHIIBDVKD-XAOMAEITSA-N"",""PHWXUGHIIBDVKD-XIJWLFODSA-N"",""PHWXUGHIIBDVKD-XIXGGISZSA-N"",""PHWXUGHIIBDVKD-XKOVQYIBSA-N"",""PHWXUGHIIBDVKD-XPLWJFSPSA-N"",""PHWXUGHIIBDVKD-XPWDHYTRSA-N"",""PHWXUGHIIBDVKD-XXYQOOAHSA-N"",""PHWXUGHIIBDVKD-YNKMALKVSA-N"",""PHWXUGHIIBDVKD-YRYIGFSMSA-N"",""PHWXUGHIIBDVKD-YSRYKXKTSA-N"",""PHWXUGHIIBDVKD-YVVQOXBNSA-N"",""PHWXUGHIIBDVKD-YWSWTMNOSA-N"",""PHWXUGHIIBDVKD-ZDDHXDSNSA-N"",""PHWXUGHIIBDVKD-ZHYQHITJSA-N"",""PHWXUGHIIBDVKD-ZTCSJJOASA-N"",""PHWXUGHIIBDVKD-ZYISFSHDSA-N"",""PLLLFQBSLKOYOL-UHFFFAOYSA-N""]"
626,ziconotide,CIDm16129690,true,4,3,"[""BPKIMPVREBSLAJ-QTBYCLKRSA-N"",""BPKIMPVREBSLAJ-UHFFFAOYSA-N"",""LBACTXHPMJIKTR-XZSNVYKZSA-N""]"
627,teriparatide,CIDm16129682,true,5,4,"[""BUUKFBVDKSFMHN-LKMAISLMSA-M"",""BUUKFBVDKSFMHN-LKMAISLMSA-N"",""OGBMKVWORPGQRR-UHFFFAOYSA-N"",""OGBMKVWORPGQRR-UMXFMPSGSA-N""]"
628,temsirolimus,CIDm06918289,false,0,0,[]
629,amisulpride,CIDm00002159,true,77,77,"[""NTJOBXMMWNYJFB-BECBUQHISA-N"",""NTJOBXMMWNYJFB-BEXYIKRHSA-N"",""NTJOBXMMWNYJFB-BHLKQSEFSA-N"",""NTJOBXMMWNYJFB-BMIVLGTPSA-N"",""NTJOBXMMWNYJFB-BPFGABDISA-N"",""NTJOBXMMWNYJFB-CJWUMEMRSA-N"",""NTJOBXMMWNYJFB-DDIZKUQBSA-N"",""NTJOBXMMWNYJFB-FCNWHRCGSA-N"",""NTJOBXMMWNYJFB-FHOLJFMOSA-N"",""NTJOBXMMWNYJFB-FUJMWJTBSA-N"",""NTJOBXMMWNYJFB-FUPQUYEOSA-N"",""NTJOBXMMWNYJFB-FWAVSGHVSA-N"",""NTJOBXMMWNYJFB-GAHDKGRLSA-N"",""NTJOBXMMWNYJFB-GFCCVEGCSA-N"",""NTJOBXMMWNYJFB-GFCCVEGCSA-O"",""NTJOBXMMWNYJFB-GTVKDVSLSA-N"",""NTJOBXMMWNYJFB-HIZHESAISA-N"",""NTJOBXMMWNYJFB-HNYLEXOQSA-N"",""NTJOBXMMWNYJFB-HPRDVNIFSA-N"",""NTJOBXMMWNYJFB-IPRVZJOJSA-N"",""NTJOBXMMWNYJFB-IYAIBZBDSA-N"",""NTJOBXMMWNYJFB-IYWAYGPTSA-N"",""NTJOBXMMWNYJFB-IZUSZFKNSA-N"",""NTJOBXMMWNYJFB-JFCARNKMSA-N"",""NTJOBXMMWNYJFB-JIRBSBDLSA-N"",""NTJOBXMMWNYJFB-JNIQENOFSA-N"",""NTJOBXMMWNYJFB-KBVKDAAISA-N"",""NTJOBXMMWNYJFB-KGFHUCQESA-N"",""NTJOBXMMWNYJFB-LBPRGKRZSA-N"",""NTJOBXMMWNYJFB-LBPRGKRZSA-O"",""NTJOBXMMWNYJFB-LCNGOEPESA-N"",""NTJOBXMMWNYJFB-LERSTTFYSA-N"",""NTJOBXMMWNYJFB-LHKVYFNSSA-N"",""NTJOBXMMWNYJFB-LLRLQFBXSA-N"",""NTJOBXMMWNYJFB-LMCJDSTLSA-N"",""NTJOBXMMWNYJFB-LWACDMTFSA-N"",""NTJOBXMMWNYJFB-LYBXEEBNSA-N"",""NTJOBXMMWNYJFB-MIQWYNOQSA-N"",""NTJOBXMMWNYJFB-MLXYHGRQSA-N"",""NTJOBXMMWNYJFB-MOAUEHLRSA-N"",""NTJOBXMMWNYJFB-NQHCHEQBSA-N"",""NTJOBXMMWNYJFB-PKUCMSBBSA-N"",""NTJOBXMMWNYJFB-PPAYEGMASA-N"",""NTJOBXMMWNYJFB-QDLMEJFESA-N"",""NTJOBXMMWNYJFB-QDRJLNDYSA-N"",""NTJOBXMMWNYJFB-QEWNVRSTSA-N"",""NTJOBXMMWNYJFB-QLHQXVRYSA-N"",""NTJOBXMMWNYJFB-QZUKKXKZSA-N"",""NTJOBXMMWNYJFB-RCCAMNNNSA-N"",""NTJOBXMMWNYJFB-RWNMDAAESA-N"",""NTJOBXMMWNYJFB-SGEUAGPISA-N"",""NTJOBXMMWNYJFB-SWCYVIPASA-N"",""NTJOBXMMWNYJFB-UHFFFAOYSA-N"",""NTJOBXMMWNYJFB-UHFFFAOYSA-O"",""NTJOBXMMWNYJFB-UYUFJQPTSA-N"",""NTJOBXMMWNYJFB-VLRUVGMPSA-N"",""NTJOBXMMWNYJFB-VPZJOMMBSA-N"",""NTJOBXMMWNYJFB-WIVSRVPPSA-N"",""NTJOBXMMWNYJFB-WPAONVGCSA-N"",""NTJOBXMMWNYJFB-WVJPUDEYSA-N"",""NTJOBXMMWNYJFB-WYWCRQMSSA-N"",""NTJOBXMMWNYJFB-XELQYXAWSA-N"",""NTJOBXMMWNYJFB-XHCXSSNLSA-N"",""NTJOBXMMWNYJFB-XYVMKKIFSA-N"",""NTJOBXMMWNYJFB-YFFNRNNHSA-N"",""NTJOBXMMWNYJFB-YMEFRQQDSA-N"",""NTJOBXMMWNYJFB-YOTBSPPOSA-N"",""NTJOBXMMWNYJFB-YSGSKHHNSA-N"",""NTJOBXMMWNYJFB-ZTIZGVCASA-N"",""NTJOBXMMWNYJFB-ZWGOZCLVSA-N"",""TZPHEDZMFSJFOE-LREBCSMRSA-N"",""TZPHEDZMFSJFOE-RBTVCSKBSA-N"",""TZPHEDZMFSJFOE-UHFFFAOYSA-N"",""XFOYXFDTUMXXFP-UHFFFAOYSA-N"",""XFOYXFDTUMXXFP-YDALLXLXSA-N"",""XHUHTAIIJUPGFW-IZIBOJBPSA-N"",""XHUHTAIIJUPGFW-UHFFFAOYSA-N""]"
630,simeprevir,CIDm24873435,false,0,0,[]
631,dapagliflozin,CIDm09887712,true,83,83,"[""JVHXJTBJCFBINQ-AAZGYKHCSA-N"",""JVHXJTBJCFBINQ-ADAARDCZSA-N"",""JVHXJTBJCFBINQ-AEKQIYQQSA-N"",""JVHXJTBJCFBINQ-AQXGEJPUSA-N"",""JVHXJTBJCFBINQ-AWGDKMGJSA-N"",""JVHXJTBJCFBINQ-AWGPIFIDSA-N"",""JVHXJTBJCFBINQ-BKUVARHGSA-N"",""JVHXJTBJCFBINQ-BWJCNQKLSA-N"",""JVHXJTBJCFBINQ-CAXKFZQOSA-N"",""JVHXJTBJCFBINQ-CCBSWLOLSA-N"",""JVHXJTBJCFBINQ-CDWJFRKFSA-N"",""JVHXJTBJCFBINQ-COEUSCCPSA-N"",""JVHXJTBJCFBINQ-CYEGMKBDSA-N"",""JVHXJTBJCFBINQ-CYKCVGPTSA-N"",""JVHXJTBJCFBINQ-DXXADWGZSA-N"",""JVHXJTBJCFBINQ-GFLJUUAUSA-N"",""JVHXJTBJCFBINQ-GTFRYHEESA-N"",""JVHXJTBJCFBINQ-HDRIBQMXSA-N"",""JVHXJTBJCFBINQ-HFIFCHLYSA-N"",""JVHXJTBJCFBINQ-HJBMHIDOSA-N"",""JVHXJTBJCFBINQ-HWRILYLBSA-N"",""JVHXJTBJCFBINQ-IDDMJGGESA-N"",""JVHXJTBJCFBINQ-IDKRVYQUSA-N"",""JVHXJTBJCFBINQ-IITGSMRNSA-N"",""JVHXJTBJCFBINQ-IOWXEBBTSA-N"",""JVHXJTBJCFBINQ-IYBMWZLOSA-N"",""JVHXJTBJCFBINQ-IYTCCRDUSA-N"",""JVHXJTBJCFBINQ-JKYAQGMZSA-N"",""JVHXJTBJCFBINQ-JMTURSNZSA-N"",""JVHXJTBJCFBINQ-JNDXGBQHSA-N"",""JVHXJTBJCFBINQ-JRXKHZKBSA-N"",""JVHXJTBJCFBINQ-KMPNWDRBSA-N"",""JVHXJTBJCFBINQ-KQNAIQNQSA-N"",""JVHXJTBJCFBINQ-KQPRDIFBSA-N"",""JVHXJTBJCFBINQ-KWJZQVHHSA-N"",""JVHXJTBJCFBINQ-LASVCWHUSA-N"",""JVHXJTBJCFBINQ-LNGZJZJQSA-N"",""JVHXJTBJCFBINQ-LXVCAHOSSA-N"",""JVHXJTBJCFBINQ-LZIHZTGHSA-N"",""JVHXJTBJCFBINQ-MGFKXXDYSA-N"",""JVHXJTBJCFBINQ-MIAUTHJWSA-N"",""JVHXJTBJCFBINQ-MJCUULBUSA-N"",""JVHXJTBJCFBINQ-MPBUMNBESA-N"",""JVHXJTBJCFBINQ-NORLXNSGSA-N"",""JVHXJTBJCFBINQ-OBRAWNTHSA-N"",""JVHXJTBJCFBINQ-OCBVQYKSSA-N"",""JVHXJTBJCFBINQ-OKHOISNESA-N"",""JVHXJTBJCFBINQ-OWBSXZKWSA-N"",""JVHXJTBJCFBINQ-PLOUIQGGSA-N"",""JVHXJTBJCFBINQ-PRWWEACBSA-N"",""JVHXJTBJCFBINQ-PTIJFPSWSA-N"",""JVHXJTBJCFBINQ-QLHJABKESA-N"",""JVHXJTBJCFBINQ-QRAJMSPVSA-N"",""JVHXJTBJCFBINQ-RDYBGZBASA-N"",""JVHXJTBJCFBINQ-RLVNSXFRSA-N"",""JVHXJTBJCFBINQ-RPFZXDHHSA-N"",""JVHXJTBJCFBINQ-RUCHNRCHSA-N"",""JVHXJTBJCFBINQ-RYTAKYSKSA-N"",""JVHXJTBJCFBINQ-SDLIWMHGSA-N"",""JVHXJTBJCFBINQ-SKNNGWCWSA-N"",""JVHXJTBJCFBINQ-SVLDBWGPSA-N"",""JVHXJTBJCFBINQ-SYHWEGNISA-N"",""JVHXJTBJCFBINQ-TXFBWYMTSA-N"",""JVHXJTBJCFBINQ-UDADUZKCSA-N"",""JVHXJTBJCFBINQ-UGSGERFESA-N"",""JVHXJTBJCFBINQ-UHFFFAOYSA-N"",""JVHXJTBJCFBINQ-UUFJFONJSA-N"",""JVHXJTBJCFBINQ-UZGDPMGQSA-N"",""JVHXJTBJCFBINQ-VMRAEVTRSA-N"",""JVHXJTBJCFBINQ-VMXMSCHASA-N"",""JVHXJTBJCFBINQ-VOAHOYRFSA-N"",""JVHXJTBJCFBINQ-WBSVGMLLSA-N"",""JVHXJTBJCFBINQ-WIYRSKDDSA-N"",""JVHXJTBJCFBINQ-WKOUDMPKSA-N"",""JVHXJTBJCFBINQ-WLJMXGIGSA-N"",""JVHXJTBJCFBINQ-XDNFCDRZSA-N"",""JVHXJTBJCFBINQ-XLHJBZTNSA-N"",""JVHXJTBJCFBINQ-XTIGKTBBSA-N"",""JVHXJTBJCFBINQ-YEIMFMJHSA-N"",""JVHXJTBJCFBINQ-YMQHIKHWSA-N"",""JVHXJTBJCFBINQ-ZAACQQANSA-N"",""NZHUZENMOKKCCQ-QOXLXMTKSA-N"",""NZHUZENMOKKCCQ-UHFFFAOYSA-N""]"
632,bazedoxifene,CIDm00154256,true,23,23,"[""COOWZQXURKSOKE-UHFFFAOYSA-N"",""FAQWOJQRYJGCJI-UHFFFAOYSA-N"",""MWBXMFBTJBQTGZ-BTJKTKAUSA-N"",""MWBXMFBTJBQTGZ-UHFFFAOYSA-N"",""OMZAMQFQZMUNTP-UHFFFAOYSA-N"",""OMZAMQFQZMUNTP-ZQAHQZODSA-N"",""OQHXFYANXLUDDO-UHFFFAOYSA-N"",""PASKRXKMJOZMOI-UHFFFAOYSA-N"",""PQZLKDWWHCYAMV-UHFFFAOYSA-N"",""QOIZCIQDRHSLJA-UHFFFAOYSA-N"",""SXBGGWZKIYYLHM-UHFFFAOYSA-N"",""UCJGJABZCDBEDK-AUZVCRNNSA-N"",""UCJGJABZCDBEDK-GQZVJHRESA-N"",""UCJGJABZCDBEDK-HXJJDMIQSA-N"",""UCJGJABZCDBEDK-OCFVFILASA-N"",""UCJGJABZCDBEDK-QLOVADLKSA-N"",""UCJGJABZCDBEDK-UHFFFAOYSA-N"",""UCJGJABZCDBEDK-UHFFFAOYSA-O"",""UCJGJABZCDBEDK-YDPFHJGFSA-N"",""UCJGJABZCDBEDK-ZHUGXXEVSA-N"",""UCJGJABZCDBEDK-ZSJDYOACSA-N"",""WAPHCBMANWDXJD-UHFFFAOYSA-N"",""XWWPMKTWELBUQI-UHFFFAOYSA-N""]"
633,ambrisentan,CIDm06918493,false,0,0,[]
634,doxercalciferol,CIDm05281107,false,0,0,[]
635,armodafinil,CIDm09690109,false,0,0,[]
636,etravirine,CIDm00193962,true,25,25,"[""CLFNIJNGTCYDEU-UHFFFAOYSA-N"",""GXQIDURPSWCNCO-UHFFFAOYSA-N"",""NWPGGIWJXWMBCZ-UHFFFAOYSA-N"",""PYGWGZALEOIKDF-CLWNCLMISA-N"",""PYGWGZALEOIKDF-GVQRMYOSSA-N"",""PYGWGZALEOIKDF-HBFHXPTCSA-N"",""PYGWGZALEOIKDF-KCZCTXNHSA-N"",""PYGWGZALEOIKDF-KDWZCNHSSA-N"",""PYGWGZALEOIKDF-KNIGXJNHSA-N"",""PYGWGZALEOIKDF-LNFUJOGGSA-N"",""PYGWGZALEOIKDF-NMQOAUCRSA-N"",""PYGWGZALEOIKDF-PIODKIDGSA-N"",""PYGWGZALEOIKDF-QTQOOCSTSA-N"",""PYGWGZALEOIKDF-RPDDZLLASA-N"",""PYGWGZALEOIKDF-SKJDFIQESA-N"",""PYGWGZALEOIKDF-UCMUEFFXSA-N"",""PYGWGZALEOIKDF-UHFFFAOYSA-N"",""PYGWGZALEOIKDF-WFGJKAKNSA-N"",""PYGWGZALEOIKDF-WTZVUXPESA-N"",""PYGWGZALEOIKDF-XNXCDXPKSA-N"",""PYGWGZALEOIKDF-YZJDOSQOSA-N"",""PYGWGZALEOIKDF-ZGYYUIRESA-N"",""VHUPYZGNARKRLK-UHFFFAOYSA-M"",""VHUPYZGNARKRLK-UHFFFAOYSA-N"",""WDZHZSXOKSXNMH-UHFFFAOYSA-N""]"
637,prucalopride,CIDm03052762,true,10,10,"[""KKMOQGWTJRGLNN-UHFFFAOYSA-N"",""KMOWBGZJDLLBMI-UHFFFAOYSA-N"",""LUSQWZJVTISPFN-UHFFFAOYSA-N"",""NJGVRGREFMPHGH-UHFFFAOYSA-N"",""PXIDBBBLGPNUBX-UHFFFAOYSA-N"",""QZRSNVSQLGRAID-UHFFFAOYSA-N"",""WRKNWNVTXHYOSZ-UHFFFAOYSA-N"",""YLAJVJNHEJAHCG-UHFFFAOYSA-N"",""ZPMNHBXQOOVQJL-KKMRROIFSA-N"",""ZPMNHBXQOOVQJL-UHFFFAOYSA-N""]"
638,pazopanib,CIDm10113978,true,116,115,"[""CUIHSIWYWATEQL-AAZNHXEQSA-N"",""CUIHSIWYWATEQL-ACMRREIKSA-N"",""CUIHSIWYWATEQL-AMFQEIITSA-N"",""CUIHSIWYWATEQL-BCVUKCJBSA-N"",""CUIHSIWYWATEQL-BLWDRJIMSA-N"",""CUIHSIWYWATEQL-BMSJAHLVSA-N"",""CUIHSIWYWATEQL-CCWJYYNOSA-N"",""CUIHSIWYWATEQL-CDMFPBGMSA-N"",""CUIHSIWYWATEQL-CIDLMOHSSA-N"",""CUIHSIWYWATEQL-CNQJTFCKSA-N"",""CUIHSIWYWATEQL-CYEQTBDYSA-N"",""CUIHSIWYWATEQL-DJMPQLQESA-N"",""CUIHSIWYWATEQL-DKVVAAILSA-N"",""CUIHSIWYWATEQL-DQDGPLKBSA-N"",""CUIHSIWYWATEQL-FIBGUPNXSA-N"",""CUIHSIWYWATEQL-FJFVIVJESA-N"",""CUIHSIWYWATEQL-FLCGDQBUSA-N"",""CUIHSIWYWATEQL-FNLLTULJSA-N"",""CUIHSIWYWATEQL-FNWHXDGYSA-N"",""CUIHSIWYWATEQL-FOKUWNPASA-N"",""CUIHSIWYWATEQL-FQMOPVDRSA-N"",""CUIHSIWYWATEQL-FSGDMMKVSA-N"",""CUIHSIWYWATEQL-GCNZJUNQSA-N"",""CUIHSIWYWATEQL-GIIWSHSGSA-N"",""CUIHSIWYWATEQL-GKOSEXJESA-N"",""CUIHSIWYWATEQL-GNHVVPMISA-N"",""CUIHSIWYWATEQL-GQALSZNTSA-N"",""CUIHSIWYWATEQL-HCLFBDEWSA-N"",""CUIHSIWYWATEQL-HDFGNZSPSA-N"",""CUIHSIWYWATEQL-HPRDVNIFSA-N"",""CUIHSIWYWATEQL-HUCPEJFUSA-N"",""CUIHSIWYWATEQL-IIXGUMOXSA-N"",""CUIHSIWYWATEQL-IUFYZUESSA-N"",""CUIHSIWYWATEQL-IUOXODNCSA-N"",""CUIHSIWYWATEQL-JBJUNGTJSA-N"",""CUIHSIWYWATEQL-JCLZYGQPSA-N"",""CUIHSIWYWATEQL-JGHMPWFZSA-N"",""CUIHSIWYWATEQL-JIEFZKNNSA-N"",""CUIHSIWYWATEQL-JLBOBSMWSA-N"",""CUIHSIWYWATEQL-JNJGCDAISA-N"",""CUIHSIWYWATEQL-JXTUPNBJSA-N"",""CUIHSIWYWATEQL-JYPSWNNZSA-N"",""CUIHSIWYWATEQL-KAHLYHIPSA-N"",""CUIHSIWYWATEQL-KHZSVGQQSA-N"",""CUIHSIWYWATEQL-KLMRRKECSA-N"",""CUIHSIWYWATEQL-KOBHOJRRSA-N"",""CUIHSIWYWATEQL-KSDWMYPVSA-N"",""CUIHSIWYWATEQL-KSJHVXRUSA-N"",""CUIHSIWYWATEQL-LBDFIVMYSA-N"",""CUIHSIWYWATEQL-LGLWLRDRSA-N"",""CUIHSIWYWATEQL-LHHJEJQOSA-N"",""CUIHSIWYWATEQL-LIJFRPJRSA-N"",""CUIHSIWYWATEQL-LMWQYKSLSA-N"",""CUIHSIWYWATEQL-MCWUDUHISA-N"",""CUIHSIWYWATEQL-MDGRHFRYSA-N"",""CUIHSIWYWATEQL-MEOJYOQJSA-N"",""CUIHSIWYWATEQL-MGKWXGLJSA-N"",""CUIHSIWYWATEQL-MHRZXDPFSA-N"",""CUIHSIWYWATEQL-MLJLIKSOSA-N"",""CUIHSIWYWATEQL-MVQAQTJUSA-N"",""CUIHSIWYWATEQL-MXOMHCEVSA-N"",""CUIHSIWYWATEQL-MZUNVNFHSA-N"",""CUIHSIWYWATEQL-NCEJNHFWSA-N"",""CUIHSIWYWATEQL-NEAIIHBTSA-N"",""CUIHSIWYWATEQL-NPCRCLPZSA-N"",""CUIHSIWYWATEQL-NQRALGTCSA-N"",""CUIHSIWYWATEQL-OFFHQOAYSA-N"",""CUIHSIWYWATEQL-OGJFMCGXSA-N"",""CUIHSIWYWATEQL-OIIWATDQSA-N"",""CUIHSIWYWATEQL-OIYGLIEASA-N"",""CUIHSIWYWATEQL-OZCYHMGUSA-N"",""CUIHSIWYWATEQL-PHJBXIEASA-N"",""CUIHSIWYWATEQL-PLCKRBCISA-N"",""CUIHSIWYWATEQL-POMSFRBFSA-N"",""CUIHSIWYWATEQL-QCTWWAQQSA-N"",""CUIHSIWYWATEQL-QDRJLNDYSA-N"",""CUIHSIWYWATEQL-QLHQXVRYSA-N"",""CUIHSIWYWATEQL-QNQUMWSWSA-N"",""CUIHSIWYWATEQL-QTWZVIRYSA-N"",""CUIHSIWYWATEQL-QUCZSTPMSA-N"",""CUIHSIWYWATEQL-QWNUJJNSSA-N"",""CUIHSIWYWATEQL-RJFGBZSVSA-N"",""CUIHSIWYWATEQL-RPHWJDMPSA-N"",""CUIHSIWYWATEQL-SNVOMXKPSA-N"",""CUIHSIWYWATEQL-UHFFFAOYSA-N"",""CUIHSIWYWATEQL-UHFFFAOYSA-O"",""CUIHSIWYWATEQL-UJHZKFCHSA-N"",""CUIHSIWYWATEQL-ULSWEDCPSA-N"",""CUIHSIWYWATEQL-VHPOJEEMSA-N"",""CUIHSIWYWATEQL-VKFOONBLSA-N"",""CUIHSIWYWATEQL-VSYOUNMESA-N"",""CUIHSIWYWATEQL-VTCKNQJZSA-N"",""CUIHSIWYWATEQL-WFGJKAKNSA-N"",""CUIHSIWYWATEQL-WTJPRRJNSA-N"",""CUIHSIWYWATEQL-WVZRYRIDSA-N"",""CUIHSIWYWATEQL-WYCMGTRVSA-N"",""CUIHSIWYWATEQL-XERRXZQWSA-N"",""CUIHSIWYWATEQL-XTADWMHUSA-N"",""CUIHSIWYWATEQL-XTQDSJAISA-N"",""CUIHSIWYWATEQL-XTYHEKFWSA-N"",""CUIHSIWYWATEQL-XUYLKEKASA-N"",""CUIHSIWYWATEQL-YDSXUSHSSA-N"",""CUIHSIWYWATEQL-YFAPJESVSA-N"",""CUIHSIWYWATEQL-YLAZCXNPSA-N"",""CUIHSIWYWATEQL-YQEJUPTQSA-N"",""CUIHSIWYWATEQL-ZEOIZZGRSA-N"",""CUIHSIWYWATEQL-ZFZSZKARSA-N"",""CUIHSIWYWATEQL-ZIAUDTLKSA-N"",""CUIHSIWYWATEQL-ZIUUYEFZSA-N"",""CUIHSIWYWATEQL-ZXUYFAEJSA-N"",""KYDIKVQLLANWIU-UHFFFAOYSA-N"",""MQHIQUBXFFAOMK-RWALGPICSA-N"",""MQHIQUBXFFAOMK-UHFFFAOYSA-N"",""RGKFSIOGIJNWPQ-UHFFFAOYSA-N"",""SUOFQWOUOJZPRT-UHFFFAOYSA-N""]"
639,ceftaroline.fosamil,CIDm09852981,false,0,0,[]
640,agomelatine,CIDm00082148,true,83,83,"[""AXSFJIMQMXKWKE-UHFFFAOYSA-N"",""BDRKSBXMFVDYBA-UHFFFAOYSA-N"",""CVYWXGAIVIIVIV-UHFFFAOYSA-N"",""JPAYITIGCPEZCD-UHFFFAOYSA-N"",""KALZUOQQVUSLIW-UHFFFAOYSA-N"",""MUIOUJGZEIFFGH-UHFFFAOYSA-N"",""OPTXYMBIHMXMJE-UHFFFAOYSA-N"",""OQFOXAGPQIDFBQ-BTJKTKAUSA-N"",""OQFOXAGPQIDFBQ-UHFFFAOYSA-N"",""OQFOXAGPQIDFBQ-WLHGVMLRSA-N"",""PJOPJXPTFZIKTL-LREBCSMRSA-N"",""PMLBCCSCDZITIT-UHFFFAOYSA-N"",""UITIBRBFYLIKCL-UHFFFAOYSA-N"",""YJYPHIXNFHFHND-AHWUOHQISA-N"",""YJYPHIXNFHFHND-BMSJAHLVSA-N"",""YJYPHIXNFHFHND-BQUGZTKPSA-N"",""YJYPHIXNFHFHND-BRBIZEPTSA-N"",""YJYPHIXNFHFHND-BWUFZVQKSA-N"",""YJYPHIXNFHFHND-CHPQLSNRSA-N"",""YJYPHIXNFHFHND-COYWUSNWSA-N"",""YJYPHIXNFHFHND-CQHFIXBJSA-N"",""YJYPHIXNFHFHND-DFOUDMCCSA-N"",""YJYPHIXNFHFHND-DWCQMJFOSA-N"",""YJYPHIXNFHFHND-DYCDLGHISA-N"",""YJYPHIXNFHFHND-DZFHUSJXSA-N"",""YJYPHIXNFHFHND-FIBGUPNXSA-N"",""YJYPHIXNFHFHND-FJNSVNBNSA-N"",""YJYPHIXNFHFHND-FSBMMIORSA-N"",""YJYPHIXNFHFHND-FXTHJOCXSA-N"",""YJYPHIXNFHFHND-GDRARBGWSA-N"",""YJYPHIXNFHFHND-GIVZTFPKSA-N"",""YJYPHIXNFHFHND-GQIQCOLESA-N"",""YJYPHIXNFHFHND-GUEYOVJQSA-N"",""YJYPHIXNFHFHND-GXTGVUKUSA-N"",""YJYPHIXNFHFHND-HCJBSXDKSA-N"",""YJYPHIXNFHFHND-HGXJHYJYSA-N"",""YJYPHIXNFHFHND-IGENYTTLSA-N"",""YJYPHIXNFHFHND-JZEJVJAGSA-N"",""YJYPHIXNFHFHND-KBKLHOFPSA-N"",""YJYPHIXNFHFHND-KNXIQCGSSA-N"",""YJYPHIXNFHFHND-LZMSFWOYSA-N"",""YJYPHIXNFHFHND-MFQRFBJQSA-N"",""YJYPHIXNFHFHND-MGVXTIMCSA-N"",""YJYPHIXNFHFHND-MOXKTGMOSA-N"",""YJYPHIXNFHFHND-MRERYGLXSA-N"",""YJYPHIXNFHFHND-MUESUBCOSA-N"",""YJYPHIXNFHFHND-MWJIDUJZSA-N"",""YJYPHIXNFHFHND-NFTWOJKPSA-N"",""YJYPHIXNFHFHND-NWNVJADNSA-N"",""YJYPHIXNFHFHND-OSOBXRGQSA-N"",""YJYPHIXNFHFHND-OXSMHHRZSA-N"",""YJYPHIXNFHFHND-OZQSGPPFSA-N"",""YJYPHIXNFHFHND-PIHFZAAFSA-N"",""YJYPHIXNFHFHND-PPSDUAHFSA-N"",""YJYPHIXNFHFHND-PURTXWADSA-N"",""YJYPHIXNFHFHND-PWJYONQZSA-N"",""YJYPHIXNFHFHND-QBACEFIJSA-N"",""YJYPHIXNFHFHND-QBMBECACSA-N"",""YJYPHIXNFHFHND-QCCORQSASA-N"",""YJYPHIXNFHFHND-QDNHWIQGSA-N"",""YJYPHIXNFHFHND-QYQAIVBCSA-N"",""YJYPHIXNFHFHND-RESNFULMSA-N"",""YJYPHIXNFHFHND-SFQIZVRZSA-N"",""YJYPHIXNFHFHND-UFFRDWFDSA-N"",""YJYPHIXNFHFHND-UFLZUJEHSA-N"",""YJYPHIXNFHFHND-UHFFFAOYSA-N"",""YJYPHIXNFHFHND-VFLIOHBVSA-N"",""YJYPHIXNFHFHND-VHOLWYRZSA-N"",""YJYPHIXNFHFHND-VSHNRAIYSA-N"",""YJYPHIXNFHFHND-VZVOVZFYSA-N"",""YJYPHIXNFHFHND-WFGJKAKNSA-N"",""YJYPHIXNFHFHND-WTVFXQRBSA-N"",""YJYPHIXNFHFHND-WUMXPKJWSA-N"",""YJYPHIXNFHFHND-XCYINILYSA-N"",""YJYPHIXNFHFHND-XLOLPFMMSA-N"",""YJYPHIXNFHFHND-XPQDWOIUSA-N"",""YJYPHIXNFHFHND-YVVQOXBNSA-N"",""YJYPHIXNFHFHND-ZNZKVDEPSA-N"",""YJYPHIXNFHFHND-ZTEXTSTQSA-N"",""YLPBVGAOHXKCED-UHFFFAOYSA-N"",""ZACBJKDRTKPDFU-UHFFFAOYSA-N"",""ZJVMEXOLMFNQPX-UHFFFAOYSA-N"",""ZRMNBBVRIOTXEE-UHFFFAOYSA-N""]"
641,apixaban,CIDm10182969,true,184,184,"[""FXQNTHSDYLVZGA-UHFFFAOYSA-N"",""MEZBTTGBBKLIEU-UHFFFAOYSA-N"",""QNZCBYKSOIHPEH-AASKJISTSA-N"",""QNZCBYKSOIHPEH-ACCFRRMYSA-N"",""QNZCBYKSOIHPEH-ACMYLAMESA-N"",""QNZCBYKSOIHPEH-ADSAGOMSSA-N"",""QNZCBYKSOIHPEH-AFOKZYNASA-N"",""QNZCBYKSOIHPEH-AOPSBFPNSA-N"",""QNZCBYKSOIHPEH-APZFVMQVSA-N"",""QNZCBYKSOIHPEH-ATORQLTRSA-N"",""QNZCBYKSOIHPEH-AUCUDFRCSA-N"",""QNZCBYKSOIHPEH-AWDBSXHQSA-N"",""QNZCBYKSOIHPEH-AYCCTXTBSA-N"",""QNZCBYKSOIHPEH-AYYTWJKLSA-N"",""QNZCBYKSOIHPEH-BFEHZDECSA-N"",""QNZCBYKSOIHPEH-BQOAZVPYSA-N"",""QNZCBYKSOIHPEH-BQZBOHOTSA-N"",""QNZCBYKSOIHPEH-BWILESJVSA-N"",""QNZCBYKSOIHPEH-BZDFBPEFSA-N"",""QNZCBYKSOIHPEH-CAEYKHAXSA-N"",""QNZCBYKSOIHPEH-CELJGQCRSA-N"",""QNZCBYKSOIHPEH-CETBVNATSA-N"",""QNZCBYKSOIHPEH-CIGTWQJZSA-N"",""QNZCBYKSOIHPEH-CKUICPTNSA-N"",""QNZCBYKSOIHPEH-CLIRQDANSA-N"",""QNZCBYKSOIHPEH-CSPRVJBUSA-N"",""QNZCBYKSOIHPEH-CUBCWJSGSA-N"",""QNZCBYKSOIHPEH-CVCISWBNSA-N"",""QNZCBYKSOIHPEH-CWVCOTODSA-N"",""QNZCBYKSOIHPEH-CWZUFDFRSA-N"",""QNZCBYKSOIHPEH-CXGPGGJBSA-N"",""QNZCBYKSOIHPEH-DDTYLVGPSA-N"",""QNZCBYKSOIHPEH-DGFDGKIZSA-N"",""QNZCBYKSOIHPEH-DOBBINOXSA-N"",""QNZCBYKSOIHPEH-DPGYQEKVSA-N"",""QNZCBYKSOIHPEH-DPMQHBHOSA-N"",""QNZCBYKSOIHPEH-DRMRNMKKSA-N"",""QNZCBYKSOIHPEH-DURMGQNOSA-N"",""QNZCBYKSOIHPEH-DXONACPASA-N"",""QNZCBYKSOIHPEH-FCSNBDIPSA-N"",""QNZCBYKSOIHPEH-FIBGUPNXSA-N"",""QNZCBYKSOIHPEH-FNHLFAINSA-N"",""QNZCBYKSOIHPEH-FSGFVNDISA-N"",""QNZCBYKSOIHPEH-FTSAZEDNSA-N"",""QNZCBYKSOIHPEH-GHZMPBOISA-N"",""QNZCBYKSOIHPEH-GIAOJIJUSA-N"",""QNZCBYKSOIHPEH-GKVKFOIKSA-N"",""QNZCBYKSOIHPEH-GOICQHLMSA-N"",""QNZCBYKSOIHPEH-GPTIUROXSA-N"",""QNZCBYKSOIHPEH-GRCMAKABSA-N"",""QNZCBYKSOIHPEH-GSLNRJADSA-N"",""QNZCBYKSOIHPEH-GYNZHYJHSA-N"",""QNZCBYKSOIHPEH-HEVPYAAVSA-N"",""QNZCBYKSOIHPEH-HIABXVRRSA-N"",""QNZCBYKSOIHPEH-HJLPCPABSA-N"",""QNZCBYKSOIHPEH-HMOXLOIPSA-N"",""QNZCBYKSOIHPEH-HNJRLNPSSA-N"",""QNZCBYKSOIHPEH-HWILPRLSSA-N"",""QNZCBYKSOIHPEH-HZXSWLPDSA-N"",""QNZCBYKSOIHPEH-IEKGYOAESA-N"",""QNZCBYKSOIHPEH-IEWJCZQPSA-N"",""QNZCBYKSOIHPEH-IGEHFLLISA-N"",""QNZCBYKSOIHPEH-IJPQQSHYSA-N"",""QNZCBYKSOIHPEH-IJWAAHRVSA-N"",""QNZCBYKSOIHPEH-ILSAVOSSSA-N"",""QNZCBYKSOIHPEH-IPDVIYOFSA-N"",""QNZCBYKSOIHPEH-IPQFEYDQSA-N"",""QNZCBYKSOIHPEH-IRYCTXJYSA-N"",""QNZCBYKSOIHPEH-ISGDKZKNSA-N"",""QNZCBYKSOIHPEH-JIIMPZMLSA-N"",""QNZCBYKSOIHPEH-JLBHRBCHSA-N"",""QNZCBYKSOIHPEH-JNPXYQIWSA-N"",""QNZCBYKSOIHPEH-JQFNCAJDSA-N"",""QNZCBYKSOIHPEH-JRUMCXBYSA-N"",""QNZCBYKSOIHPEH-JULKFMJUSA-N"",""QNZCBYKSOIHPEH-JWFGKOIZSA-N"",""QNZCBYKSOIHPEH-JYMVNUNKSA-N"",""QNZCBYKSOIHPEH-KCYFFMDVSA-N"",""QNZCBYKSOIHPEH-KDWZCNHSSA-N"",""QNZCBYKSOIHPEH-KLIWKWMKSA-N"",""QNZCBYKSOIHPEH-KLTYLHELSA-N"",""QNZCBYKSOIHPEH-KQORAOOSSA-N"",""QNZCBYKSOIHPEH-KZDBCBFOSA-N"",""QNZCBYKSOIHPEH-LDWVGZDNSA-N"",""QNZCBYKSOIHPEH-LELFBBPBSA-N"",""QNZCBYKSOIHPEH-LLMRBWJBSA-N"",""QNZCBYKSOIHPEH-LRETXFPJSA-N"",""QNZCBYKSOIHPEH-LXEIGJDRSA-N"",""QNZCBYKSOIHPEH-LXYAMAEZSA-N"",""QNZCBYKSOIHPEH-MFBDEMSJSA-N"",""QNZCBYKSOIHPEH-MHRJDLEYSA-N"",""QNZCBYKSOIHPEH-MKRUIJOCSA-N"",""QNZCBYKSOIHPEH-MKZHLQFPSA-N"",""QNZCBYKSOIHPEH-MMWNKOFKSA-N"",""QNZCBYKSOIHPEH-MPNAEIPASA-N"",""QNZCBYKSOIHPEH-MSDOIBIESA-N"",""QNZCBYKSOIHPEH-MSHYJZDSSA-N"",""QNZCBYKSOIHPEH-MWDPNIIQSA-N"",""QNZCBYKSOIHPEH-MZYQPXGRSA-N"",""QNZCBYKSOIHPEH-NBECHMGMSA-N"",""QNZCBYKSOIHPEH-NDISUHDJSA-N"",""QNZCBYKSOIHPEH-NEKOKPCCSA-N"",""QNZCBYKSOIHPEH-NGWXWYPVSA-N"",""QNZCBYKSOIHPEH-NKFIGCASSA-N"",""QNZCBYKSOIHPEH-NKUNBXHCSA-N"",""QNZCBYKSOIHPEH-NNZBBQNQSA-N"",""QNZCBYKSOIHPEH-NPLNWSPHSA-N"",""QNZCBYKSOIHPEH-NSIUJPEVSA-N"",""QNZCBYKSOIHPEH-NVXARXIASA-N"",""QNZCBYKSOIHPEH-OGSGXDEPSA-N"",""QNZCBYKSOIHPEH-OHMMZHFRSA-N"",""QNZCBYKSOIHPEH-OHUZCHARSA-N"",""QNZCBYKSOIHPEH-OIIWATDQSA-N"",""QNZCBYKSOIHPEH-ONFBVCGLSA-N"",""QNZCBYKSOIHPEH-ONOFCCEDSA-N"",""QNZCBYKSOIHPEH-OSEIMBRVSA-N"",""QNZCBYKSOIHPEH-OSTZRCBFSA-N"",""QNZCBYKSOIHPEH-PAAADIEISA-N"",""QNZCBYKSOIHPEH-PREMOWGBSA-N"",""QNZCBYKSOIHPEH-PTTGFDNRSA-N"",""QNZCBYKSOIHPEH-PWDWWLAZSA-N"",""QNZCBYKSOIHPEH-QBRGOFALSA-N"",""QNZCBYKSOIHPEH-QCYFAYCTSA-N"",""QNZCBYKSOIHPEH-QFHYCNJZSA-N"",""QNZCBYKSOIHPEH-QIDCABBKSA-N"",""QNZCBYKSOIHPEH-QNSNGVFZSA-N"",""QNZCBYKSOIHPEH-QXFOSZPRSA-N"",""QNZCBYKSOIHPEH-QZPARXMSSA-N"",""QNZCBYKSOIHPEH-RAVXFXEJSA-N"",""QNZCBYKSOIHPEH-RBAMVQRKSA-N"",""QNZCBYKSOIHPEH-RKYYNZLCSA-N"",""QNZCBYKSOIHPEH-RQJNYXHOSA-N"",""QNZCBYKSOIHPEH-RRVWJQJTSA-N"",""QNZCBYKSOIHPEH-RSMGNIEKSA-N"",""QNZCBYKSOIHPEH-RSRMTNGKSA-N"",""QNZCBYKSOIHPEH-RTWIVJAKSA-N"",""QNZCBYKSOIHPEH-RYIWKTDQSA-N"",""QNZCBYKSOIHPEH-SGAMQKDPSA-N"",""QNZCBYKSOIHPEH-SMANPHQCSA-N"",""QNZCBYKSOIHPEH-SQXRXRPTSA-N"",""QNZCBYKSOIHPEH-UFTPOSORSA-N"",""QNZCBYKSOIHPEH-UHFFFAOYSA-N"",""QNZCBYKSOIHPEH-UJBGCISDSA-N"",""QNZCBYKSOIHPEH-USEBAXDBSA-N"",""QNZCBYKSOIHPEH-USXIGMCYSA-N"",""QNZCBYKSOIHPEH-UVMNVZLOSA-N"",""QNZCBYKSOIHPEH-UVOHLBISSA-N"",""QNZCBYKSOIHPEH-UWRBZVPYSA-N"",""QNZCBYKSOIHPEH-VBNZFEQZSA-N"",""QNZCBYKSOIHPEH-VEIKIVPFSA-N"",""QNZCBYKSOIHPEH-VMYVGBRSSA-N"",""QNZCBYKSOIHPEH-VMZQONEISA-N"",""QNZCBYKSOIHPEH-VXHURERESA-N"",""QNZCBYKSOIHPEH-VYPMQNPISA-N"",""QNZCBYKSOIHPEH-WARIAISMSA-N"",""QNZCBYKSOIHPEH-WFYGJKIYSA-N"",""QNZCBYKSOIHPEH-WSIWDZLGSA-N"",""QNZCBYKSOIHPEH-WSLBWKRGSA-N"",""QNZCBYKSOIHPEH-WTDJHENZSA-N"",""QNZCBYKSOIHPEH-WXTYVKOISA-N"",""QNZCBYKSOIHPEH-XEGHOFFNSA-N"",""QNZCBYKSOIHPEH-XEGWNEESSA-N"",""QNZCBYKSOIHPEH-XFAAKONGSA-N"",""QNZCBYKSOIHPEH-XGVFELFOSA-N"",""QNZCBYKSOIHPEH-XLVHMWNRSA-N"",""QNZCBYKSOIHPEH-XLWCGRTMSA-N"",""QNZCBYKSOIHPEH-XRDHKENESA-N"",""QNZCBYKSOIHPEH-XSWFUVJSSA-N"",""QNZCBYKSOIHPEH-XWMDWNSDSA-N"",""QNZCBYKSOIHPEH-XXKPDVQPSA-N"",""QNZCBYKSOIHPEH-XXSUSYOISA-N"",""QNZCBYKSOIHPEH-XZNGSGJPSA-N"",""QNZCBYKSOIHPEH-YDEYOPLJSA-N"",""QNZCBYKSOIHPEH-YDVNEISFSA-N"",""QNZCBYKSOIHPEH-YQSHDFQJSA-N"",""QNZCBYKSOIHPEH-YYCXUGCJSA-N"",""QNZCBYKSOIHPEH-ZASJGLPDSA-N"",""QNZCBYKSOIHPEH-ZGNNNLCWSA-N"",""QNZCBYKSOIHPEH-ZHMXOMCJSA-N"",""QNZCBYKSOIHPEH-ZIHPVZOSSA-N"",""QNZCBYKSOIHPEH-ZQJZHDRMSA-N"",""QNZCBYKSOIHPEH-ZSJDYOACSA-N"",""QNZCBYKSOIHPEH-ZZGTYTRCSA-N"",""XDTAXSXRNBJBHA-UHFFFAOYSA-N""]"
642,bosutinib,CIDm05328940,true,8,8,"[""BXPOSPOKHGNMEP-UHFFFAOYSA-N"",""UBPYILGKFZZVDX-COMRDEPKSA-N"",""UBPYILGKFZZVDX-DICFDUPASA-N"",""UBPYILGKFZZVDX-FIBGUPNXSA-N"",""UBPYILGKFZZVDX-MICDWDOJSA-N"",""UBPYILGKFZZVDX-UHFFFAOYSA-N"",""UBPYILGKFZZVDX-UHFFFAOYSA-P"",""UBPYILGKFZZVDX-XRIWPMIOSA-N""]"
643,axitinib,CIDm06450551,false,0,0,[]
644,fampridine,CIDm00001727,true,10,9,"[""AUAAZFHKQJVSFA-UHFFFAOYSA-N"",""NUKYPUAOHBNCPY-NMQOAUCRSA-N"",""NUKYPUAOHBNCPY-RHQRLBAQSA-N"",""NUKYPUAOHBNCPY-UDDMDDBKSA-N"",""NUKYPUAOHBNCPY-UHFFFAOYSA-N"",""NUKYPUAOHBNCPY-UHFFFAOYSA-O"",""NUKYPUAOHBNCPY-UHFFFAOYSA-P"",""NUKYPUAOHBNCPY-YZRHJBSPSA-N"",""NUKYPUAOHBNCPY-ZSJDYOACSA-N""]"
645,ofatumumab,CIDm06918250,false,0,0,[]
646,liraglutide,CIDm16134956,true,3,2,"[""YSDQQAXHVYUZIW-NFMCJANESA-N"",""YSDQQAXHVYUZIW-QCIJIYAXSA-N""]"
647,pasireotide,CIDm70788982,false,0,0,[]
648,vilazodone,CIDm06918313,true,20,20,"[""BVYBEDOUEGTELD-UHFFFAOYSA-N"",""BWGHUFCJCAOQJE-UHFFFAOYSA-N"",""CTUUMJBEEPSRCR-UHFFFAOYSA-N"",""HABUXHDAPYWALH-BTJKTKAUSA-N"",""HIESKICUFNXVAR-UHFFFAOYSA-N"",""KLZHCSZZJYSEHQ-UHFFFAOYSA-N"",""KONBRQIQDKUZAB-UHFFFAOYSA-N"",""OJVOJWQJRAQQIT-UHFFFAOYSA-N"",""PBDPXTIZCPRMIH-UHFFFAOYSA-N"",""PCAZMKZVLOSGMG-UHFFFAOYSA-N"",""RPZBRGFNBNQSOP-UHFFFAOYSA-N"",""SGEGOXDYSFKCPT-PMCMNDOISA-N"",""SGEGOXDYSFKCPT-UHFFFAOYSA-N"",""SGEGOXDYSFKCPT-UHFFFAOYSA-O"",""UCPHZCULIYCURW-UHFFFAOYSA-N"",""UVKJCSQHJWHYSY-UACZKNEHSA-N"",""WLSXWSNOKQSYQL-UHFFFAOYSA-N"",""WOWCLTHDNADLPH-UHFFFAOYSA-N"",""XIVDGQHWWZCYHJ-UHFFFAOYSA-N"",""YFRJQMIPUUDKMV-UHFFFAOYSA-N""]"
649,dabigatran.etexilate,CIDm09578572,false,0,0,[]
650,betahistine,CIDm00002366,true,21,20,"[""BWOSLTOSHQFIGX-UHFFFAOYSA-N"",""CAYWASLUMFJBPV-UHFFFAOYSA-N"",""FUWLKZQYMWTFBA-UHFFFAOYSA-M"",""FUWLKZQYMWTFBA-UHFFFAOYSA-N"",""GBGODQVEZKENNS-UHFFFAOYSA-N"",""JLPICNMNXPSXMA-BTJKTKAUSA-N"",""JLPICNMNXPSXMA-UHFFFAOYSA-N"",""JLPICNMNXPSXMA-WLHGVMLRSA-N"",""MLFPNRXCEOEGKD-UHFFFAOYSA-N"",""PHHCQHKSNSBHAE-UHFFFAOYSA-N"",""PIIWYFURBFSHKM-UHFFFAOYSA-M"",""PIIWYFURBFSHKM-UHFFFAOYSA-N"",""UUQMNUMQCIQDMZ-FIBGUPNXSA-N"",""UUQMNUMQCIQDMZ-UHFFFAOYSA-N"",""UUQMNUMQCIQDMZ-UHFFFAOYSA-O"",""XVDFMHARQUBJRE-GXXYEPOPSA-N"",""XVDFMHARQUBJRE-UHFFFAOYSA-L"",""XVDFMHARQUBJRE-UHFFFAOYSA-N"",""XVDFMHARQUBJRE-UHFFFAOYSA-O"",""ZBJJDYGJCNTNTH-UHFFFAOYSA-N""]"
651,degarelix,CIDm16136245,true,15,14,"[""AOYUUYJLOHDWMJ-IJKKICFISA-N"",""AOYUUYJLOHDWMJ-KYMMNHPFSA-N"",""AOYUUYJLOHDWMJ-UHFFFAOYSA-N"",""AUTFSFUMNFDPLH-KYMMNHPFSA-N"",""AUTFSFUMNFDPLH-NFVONKEJSA-N"",""MEUCPCLKGZSHTA-KNMWYPSUSA-N"",""MEUCPCLKGZSHTA-RHCWOGDZSA-N"",""MEUCPCLKGZSHTA-UHFFFAOYSA-N"",""MEUCPCLKGZSHTA-XYAYPHGZSA-N"",""MEUCPCLKGZSHTA-YAVPXVOBSA-N"",""NWFDIRFFBGPBHP-KYMMNHPFSA-N"",""NWFDIRFFBGPBHP-UHFFFAOYSA-N"",""QMBXFMRFTMPFEY-JUBJDVGTSA-N"",""QMBXFMRFTMPFEY-YECCWIQASA-N""]"
652,desvenlafaxine,CIDm00125017,true,130,130,"[""ADAJLXZIEPNNGL-UHFFFAOYSA-N"",""AKVNNFSNNVFVHW-UHFFFAOYSA-N"",""AZOIOCPFLRFWSK-UHFFFAOYSA-N"",""BLVKSWHGDRBFRY-UHFFFAOYSA-N"",""CXHKORBZZNRTAG-UHFFFAOYSA-N"",""DZDLICXDACAUCW-UHFFFAOYSA-N"",""FHJMANLZDKSUMK-UHFFFAOYSA-N"",""FNIVAXQHFTWSLF-UHFFFAOYSA-N"",""GUNJVBNMMYFJDU-UHFFFAOYSA-N"",""IMWPSXHIEURNKZ-RSAXXLAASA-N"",""IMWPSXHIEURNKZ-UHFFFAOYSA-M"",""IMWPSXHIEURNKZ-UHFFFAOYSA-N"",""IMWPSXHIEURNKZ-XFULWGLBSA-N"",""IPMFLNHRJVXXFX-UHFFFAOYSA-N"",""IVEASHIGRXYBAO-UHFFFAOYSA-N"",""JCEHPYVPVQWEKZ-UHFFFAOYSA-N"",""KYYIDSXMWOZKMP-ACPHKASZSA-N"",""KYYIDSXMWOZKMP-AHQJRMJXSA-N"",""KYYIDSXMWOZKMP-AWWATEFLSA-N"",""KYYIDSXMWOZKMP-BDQJHSDMSA-N"",""KYYIDSXMWOZKMP-BPQFYPSVSA-N"",""KYYIDSXMWOZKMP-CDXXOKPTSA-N"",""KYYIDSXMWOZKMP-CRUZLONESA-N"",""KYYIDSXMWOZKMP-DJRDXJFRSA-N"",""KYYIDSXMWOZKMP-DKPSWGONSA-N"",""KYYIDSXMWOZKMP-DMONGCNRSA-N"",""KYYIDSXMWOZKMP-DSSSCGLOSA-N"",""KYYIDSXMWOZKMP-DTUFLJMNSA-N"",""KYYIDSXMWOZKMP-FBGLUHGFSA-N"",""KYYIDSXMWOZKMP-FBKFAMQISA-N"",""KYYIDSXMWOZKMP-FGVPCSCXSA-N"",""KYYIDSXMWOZKMP-FIBGUPNXSA-N"",""KYYIDSXMWOZKMP-FJXLIYGFSA-N"",""KYYIDSXMWOZKMP-GFZTYFHZSA-N"",""KYYIDSXMWOZKMP-HNNXBMFYSA-N"",""KYYIDSXMWOZKMP-HNNXBMFYSA-O"",""KYYIDSXMWOZKMP-HYANYQRKSA-N"",""KYYIDSXMWOZKMP-IDGZTBDLSA-N"",""KYYIDSXMWOZKMP-IDNQTJEKSA-N"",""KYYIDSXMWOZKMP-JOVMWUQJSA-N"",""KYYIDSXMWOZKMP-JQKGTWBISA-N"",""KYYIDSXMWOZKMP-KDEKUIMWSA-N"",""KYYIDSXMWOZKMP-KDSFYOPHSA-N"",""KYYIDSXMWOZKMP-KFBPHCOPSA-N"",""KYYIDSXMWOZKMP-KNFHIDLMSA-N"",""KYYIDSXMWOZKMP-MONNEFGBSA-N"",""KYYIDSXMWOZKMP-MSDSXZSWSA-N"",""KYYIDSXMWOZKMP-MSPWYDFVSA-N"",""KYYIDSXMWOZKMP-MUKNAKPSSA-N"",""KYYIDSXMWOZKMP-MXKDPKLMSA-N"",""KYYIDSXMWOZKMP-NCCTUYJASA-N"",""KYYIDSXMWOZKMP-NCZBRCACSA-N"",""KYYIDSXMWOZKMP-NQEBBFETSA-N"",""KYYIDSXMWOZKMP-OAHLLOKOSA-N"",""KYYIDSXMWOZKMP-OAHLLOKOSA-O"",""KYYIDSXMWOZKMP-OTPOFFADSA-N"",""KYYIDSXMWOZKMP-OWAZHTFNSA-N"",""KYYIDSXMWOZKMP-PQCGBZAFSA-N"",""KYYIDSXMWOZKMP-PTJGMLSCSA-N"",""KYYIDSXMWOZKMP-PYROJILKSA-N"",""KYYIDSXMWOZKMP-QJZBYVTCSA-N"",""KYYIDSXMWOZKMP-RBXOEBQESA-N"",""KYYIDSXMWOZKMP-RDIDORAZSA-N"",""KYYIDSXMWOZKMP-RMYPNJCFSA-N"",""KYYIDSXMWOZKMP-RPDWLVDLSA-N"",""KYYIDSXMWOZKMP-RQSFZOHQSA-N"",""KYYIDSXMWOZKMP-RTLWVTOLSA-N"",""KYYIDSXMWOZKMP-RUJHVMJGSA-N"",""KYYIDSXMWOZKMP-RWFJLFJASA-N"",""KYYIDSXMWOZKMP-SDVWPMLISA-N"",""KYYIDSXMWOZKMP-SJDAHDLJSA-N"",""KYYIDSXMWOZKMP-SZWCYPPOSA-N"",""KYYIDSXMWOZKMP-SZWUKCIMSA-N"",""KYYIDSXMWOZKMP-TUPMYILWSA-N"",""KYYIDSXMWOZKMP-TXYUTSQWSA-N"",""KYYIDSXMWOZKMP-UHFFFAOYSA-N"",""KYYIDSXMWOZKMP-UHFFFAOYSA-O"",""KYYIDSXMWOZKMP-UQYWLXQLSA-N"",""KYYIDSXMWOZKMP-URFKORASSA-N"",""KYYIDSXMWOZKMP-UZQLSLKPSA-N"",""KYYIDSXMWOZKMP-VKCKJBTMSA-N"",""KYYIDSXMWOZKMP-VLNNWQKNSA-N"",""KYYIDSXMWOZKMP-VWPYBCIKSA-N"",""KYYIDSXMWOZKMP-WFGJKAKNSA-N"",""KYYIDSXMWOZKMP-WUULKSLRSA-N"",""KYYIDSXMWOZKMP-XDOVXOSISA-N"",""KYYIDSXMWOZKMP-XETGXLELSA-N"",""KYYIDSXMWOZKMP-XNQFKFPBSA-N"",""KYYIDSXMWOZKMP-XUWBISKJSA-N"",""KYYIDSXMWOZKMP-XWLVBNMBSA-N"",""KYYIDSXMWOZKMP-YKVCKAMESA-N"",""KYYIDSXMWOZKMP-YLRDKHTISA-N"",""KYYIDSXMWOZKMP-YOQIJHQVSA-N"",""KYYIDSXMWOZKMP-YUXLSDLRSA-N"",""KYYIDSXMWOZKMP-YVXGZFOXSA-N"",""KYYIDSXMWOZKMP-ZDGMWZTKSA-N"",""KYYIDSXMWOZKMP-ZUCHJHNGSA-N"",""KYYIDSXMWOZKMP-ZXTHJDDZSA-N"",""LUWPEGJFFFNJDC-UHFFFAOYSA-N"",""MCKOHILUIJDGGR-UHFFFAOYSA-N"",""MGNLIAHJAJHVIY-UHFFFAOYSA-N"",""ORUUBRMVQCKYHB-RSAXXLAASA-N"",""ORUUBRMVQCKYHB-UHFFFAOYSA-L"",""ORUUBRMVQCKYHB-UHFFFAOYSA-N"",""ORUUBRMVQCKYHB-XFULWGLBSA-N"",""PLWMWEGKCUTSAX-UHFFFAOYSA-N"",""PTDKWINNWLLOPG-UHFFFAOYSA-N"",""PWPDEXVGKDEKTE-CKUXDGONSA-N"",""PWPDEXVGKDEKTE-QCUBGVIVSA-N"",""PWPDEXVGKDEKTE-UHFFFAOYSA-L"",""PWPDEXVGKDEKTE-UHFFFAOYSA-N"",""QZFNNPSUVNSFHE-UHFFFAOYSA-N"",""RWVCTABRUPPSQH-UHFFFAOYSA-N"",""SBABBEDMAMZZKX-UHFFFAOYSA-N"",""SKCBPZSRXVYGEM-UHFFFAOYSA-N"",""SQTJDJZCPOSWSC-BTJKTKAUSA-N"",""SQTJDJZCPOSWSC-UHFFFAOYSA-N"",""SQTJDJZCPOSWSC-WLHGVMLRSA-L"",""SQTJDJZCPOSWSC-WLHGVMLRSA-N"",""SQTJDJZCPOSWSC-WMQZXYHMSA-N"",""SQTJDJZCPOSWSC-YAKGRJRBSA-N"",""VXRWDXZQSPIHIM-UHFFFAOYSA-N"",""WVYUMCXOMQQFDF-UHFFFAOYSA-N"",""XOMNVEROUJEGKR-CKUXDGONSA-N"",""XOMNVEROUJEGKR-UHFFFAOYSA-N"",""XOYOEFLPXVEHMN-UHFFFAOYSA-N"",""YETWCSLOYUZBLK-JITBQSAISA-N"",""YETWCSLOYUZBLK-QPYUEUKASA-N"",""YETWCSLOYUZBLK-UHFFFAOYSA-N"",""YETWCSLOYUZBLK-WNVBHHNASA-N""]"
653,dexmethylphenidate,CIDm00154100,false,0,0,[]
654,fesoterodine,CIDm06918558,true,46,44,"[""BJMSMXSZTMCDMK-GNAFDRTKSA-N"",""BJMSMXSZTMCDMK-PAZJTJNJSA-N"",""BJMSMXSZTMCDMK-UHFFFAOYSA-N"",""DCCSDBARQIPTGU-GYQOIXMMSA-N"",""DCCSDBARQIPTGU-HDSCVYNSSA-N"",""DCCSDBARQIPTGU-HSZRJFAPSA-N"",""DCCSDBARQIPTGU-HSZRJFAPSA-O"",""DCCSDBARQIPTGU-INNCBZCWSA-N"",""DCCSDBARQIPTGU-KZQSOMIFSA-N"",""DCCSDBARQIPTGU-LTCLNFLVSA-N"",""DCCSDBARQIPTGU-NBKVFYENSA-N"",""DCCSDBARQIPTGU-QHCPKHFHSA-N"",""DCCSDBARQIPTGU-QHCPKHFHSA-O"",""DCCSDBARQIPTGU-RZLREIRZSA-N"",""DCCSDBARQIPTGU-SMDKLIFCSA-N"",""DCCSDBARQIPTGU-SYUQXZKISA-N"",""DCCSDBARQIPTGU-UHFFFAOYSA-N"",""DCCSDBARQIPTGU-UHFFFAOYSA-O"",""DCCSDBARQIPTGU-UYZCRKHQSA-N"",""DCCSDBARQIPTGU-WTWZJNPLSA-N"",""DCCSDBARQIPTGU-YDYGKOKOSA-N"",""DIHOSBDWSHGBKB-GNAFDRTKSA-N"",""DIHOSBDWSHGBKB-UHFFFAOYSA-N"",""JJNOUIDWSQIOBW-GNAFDRTKSA-N"",""JJNOUIDWSQIOBW-UHFFFAOYSA-N"",""KGGMVQDZGNYMDF-GNAFDRTKSA-N"",""KGGMVQDZGNYMDF-UHFFFAOYSA-N"",""MWHXMIASLKXGBU-BTJKTKAUSA-N"",""MWHXMIASLKXGBU-LASJEQTRSA-N"",""MWHXMIASLKXGBU-RNCYCKTQSA-L"",""MWHXMIASLKXGBU-RNCYCKTQSA-N"",""MWHXMIASLKXGBU-RNCYCKTQSA-O"",""MWHXMIASLKXGBU-UHFFFAOYSA-N"",""MWHXMIASLKXGBU-UHFFFAOYSA-O"",""MWHXMIASLKXGBU-VCQPCXMRSA-N"",""MWHXMIASLKXGBU-WLHGVMLRSA-N"",""MWHXMIASLKXGBU-XWAMJQBOSA-N"",""MWHXMIASLKXGBU-YCPJBFGISA-N"",""OSRIAOJFJIROFI-MQWQBNKOSA-N"",""OSRIAOJFJIROFI-UHFFFAOYSA-N"",""PRJPILUGXYAODY-GNAFDRTKSA-N"",""PRJPILUGXYAODY-UHFFFAOYSA-N"",""UPUGMQRUXQRONL-GNAFDRTKSA-N"",""UPUGMQRUXQRONL-UHFFFAOYSA-N""]"
655,gadobutrol,CIDm09916860,false,0,0,[]
656,naphazoline,CIDm00004436,true,21,17,"[""BMUVRKHGUKNOHF-UHFFFAOYSA-N"",""CGNKWJCFEPMBOZ-UHFFFAOYSA-N"",""CNIIGCLFLJGOGP-UHFFFAOYSA-N"",""CNIIGCLFLJGOGP-UHFFFAOYSA-O"",""CNIIGCLFLJGOGP-WTRHXODISA-N"",""CNIIGCLFLJGOGP-XHHURNKPSA-N"",""DIWWYINNBVUOSL-UHFFFAOYSA-N"",""DJDFFEBSKJCGHC-UHFFFAOYSA-M"",""DJDFFEBSKJCGHC-UHFFFAOYSA-N"",""HZVHPACMMGWUIV-UHFFFAOYSA-O"",""KLWDIDKZOJRVRD-UHFFFAOYSA-N"",""NWNKSVBABHTXSV-UHFFFAOYSA-N"",""QAVRCWSABGOWMA-UHFFFAOYSA-N"",""RAMUWLKVWRVYIU-UHFFFAOYSA-N"",""SATAFPLFBCQVCW-UHFFFAOYSA-N"",""ZAHXYMFVNNUHCP-UHFFFAOYSA-N"",""ZAHXYMFVNNUHCP-UHFFFAOYSA-O""]"
657,buserelin,CIDm00050224,false,0,0,[]
658,betaine,CIDm00000247,true,93,79,"[""BFQPEAPXHRCDNC-UHFFFAOYSA-N"",""BGEAYFQOVZCFRN-UHFFFAOYSA-N"",""BOUNEIQMDGKMBW-UHFFFAOYSA-M"",""BOUNEIQMDGKMBW-UHFFFAOYSA-N"",""BYMPMCDWXLRZCP-UHFFFAOYSA-N"",""CADXDNHQEDAAEF-UHFFFAOYSA-M"",""CADXDNHQEDAAEF-UHFFFAOYSA-N"",""CGMVBDHTJNIRSI-UHFFFAOYSA-M"",""CNEJRGLITNLESC-UHFFFAOYSA-L"",""CNEJRGLITNLESC-UHFFFAOYSA-N"",""CSMQTVXPCATFFO-UHFFFAOYSA-N"",""CSMQTVXPCATFFO-UHFFFAOYSA-O"",""CSMQTVXPCATFFO-UHFFFAOYSA-P"",""DOISALPRRSQXCK-UHFFFAOYSA-N"",""DRUGKXHHNJVQFT-UHFFFAOYSA-N"",""DVOOPQOQSRIFJG-UHFFFAOYSA-N"",""DWDIARWKMZUTTP-UHFFFAOYSA-M"",""DWDIARWKMZUTTP-UHFFFAOYSA-N"",""FGFFSZMRJVXHPL-UHFFFAOYSA-N"",""GAGLIMQPFHCFFH-UHFFFAOYSA-N"",""GAGLIMQPFHCFFH-UHFFFAOYSA-O"",""HISHEDMSXCJREV-UHFFFAOYSA-N"",""HOPSCVCBEOCPJZ-KXJTVHGNSA-N"",""HOPSCVCBEOCPJZ-KYRNGWDOSA-N"",""HOPSCVCBEOCPJZ-NIIDSAIPSA-N"",""HOPSCVCBEOCPJZ-UHFFFAOYSA-M"",""HOPSCVCBEOCPJZ-UHFFFAOYSA-N"",""HOPSCVCBEOCPJZ-UHFFFAOYSA-O"",""HOPSCVCBEOCPJZ-ZYQHVMRYSA-N"",""IZIMIIAKRJWGFI-UHFFFAOYSA-N"",""JEEWVYMWGGFDRH-UHFFFAOYSA-N"",""KAWZQQBHZZRDIE-UHFFFAOYSA-M"",""KHDFBJRSZXCBIC-UHFFFAOYSA-N"",""KHDFBJRSZXCBIC-UHFFFAOYSA-O"",""KWIUHFFTVRNATP-DTHIRTBQSA-N"",""KWIUHFFTVRNATP-DTHIRTBQSA-O"",""KWIUHFFTVRNATP-FIBGUPNXSA-O"",""KWIUHFFTVRNATP-FIXSIXJRSA-O"",""KWIUHFFTVRNATP-GQALSZNTSA-O"",""KWIUHFFTVRNATP-NZALAYQPSA-O"",""KWIUHFFTVRNATP-RCZUCQLYSA-N"",""KWIUHFFTVRNATP-RCZUCQLYSA-O"",""KWIUHFFTVRNATP-UHFFFAOYSA-N"",""KWIUHFFTVRNATP-UHFFFAOYSA-O"",""LKAOQCIAIYQGFG-UHFFFAOYSA-L"",""LKAOQCIAIYQGFG-UHFFFAOYSA-N"",""LKAOQCIAIYQGFG-WUUYCOTASA-N"",""LNZVWIXYOBCULT-UHFFFAOYSA-N"",""LWVFELJTXFLGKZ-UHFFFAOYSA-H"",""MBEFSXHNRNMMQN-UHFFFAOYSA-N"",""MPVUKZIJFSPNRO-UHFFFAOYSA-N"",""MPVUKZIJFSPNRO-UHFFFAOYSA-P"",""NJZRLXNBGZBREL-UHFFFAOYSA-M"",""NJZRLXNBGZBREL-UHFFFAOYSA-N"",""NJZRLXNBGZBREL-UHFFFAOYSA-O"",""QJWNYSRCYOCRGE-UHFFFAOYSA-N"",""QJWNYSRCYOCRGE-UHFFFAOYSA-O"",""QUIBCVISDHGBAW-UHFFFAOYSA-M"",""QUYGATSBILCDNU-UHFFFAOYSA-N"",""RDQMORJTLICVPR-UHFFFAOYSA-K"",""RDQMORJTLICVPR-UHFFFAOYSA-N"",""SVAMXQSZODJMTP-UHFFFAOYSA-N"",""SXYQTCMTCXIWGP-UHFFFAOYSA-P"",""UCYRNQPGKOFGCS-UHFFFAOYSA-N"",""USCFBALHCOJFRO-UHFFFAOYSA-N"",""VQOJVZCNOWWFTE-UHFFFAOYSA-N"",""VQSVOHLCAXCBPR-UHFFFAOYSA-N"",""XCWKESNGZRAGAK-CEAXSRTFSA-N"",""XCWKESNGZRAGAK-UHFFFAOYSA-N"",""XLSSYCALWBYLGH-UHFFFAOYSA-N"",""XSWBNXNGEAOXRJ-UHFFFAOYSA-M"",""XSWBNXNGEAOXRJ-UHFFFAOYSA-N"",""YFKAHIYDPUSUEG-UHFFFAOYSA-M"",""YKXUOESQDCXGIW-UHFFFAOYSA-K"",""YKXUOESQDCXGIW-UHFFFAOYSA-M"",""YKXUOESQDCXGIW-UHFFFAOYSA-N"",""YKXUOESQDCXGIW-UHFFFAOYSA-O"",""ZCCXZMHMPCCJIG-UHFFFAOYSA-M"",""ZCCXZMHMPCCJIG-UHFFFAOYSA-N""]"
659,bendamustine,CIDm00065628,true,20,19,"[""KTDNQPFJXRZQEQ-UHFFFAOYSA-N"",""TWBJYCLUHINEDN-UHFFFAOYSA-N"",""UNLHIIDTVSGUMT-UHFFFAOYSA-N"",""YBDMXMHLPWRCQV-UHFFFAOYSA-N"",""YTKUWDBFDASYHO-DYCDLGHISA-N"",""YTKUWDBFDASYHO-FIBGUPNXSA-N"",""YTKUWDBFDASYHO-JGHMPWFZSA-N"",""YTKUWDBFDASYHO-KAKHDJJRSA-N"",""YTKUWDBFDASYHO-PWDWWLAZSA-N"",""YTKUWDBFDASYHO-SGEUAGPISA-N"",""YTKUWDBFDASYHO-UFBJYANTSA-N"",""YTKUWDBFDASYHO-UHFFFAOYSA-N"",""YTKUWDBFDASYHO-UHFFFAOYSA-O"",""YTKUWDBFDASYHO-WEHJKYPOSA-N"",""ZHSKUOZOLHMKEA-DSJZTGLDSA-N"",""ZHSKUOZOLHMKEA-SJEKSWIZSA-N"",""ZHSKUOZOLHMKEA-UHBAQTEVSA-N"",""ZHSKUOZOLHMKEA-UHFFFAOYSA-M"",""ZHSKUOZOLHMKEA-UHFFFAOYSA-N""]"
660,cabazitaxel,CIDm09854073,false,0,0,[]
661,capsaicin,CIDm01548943,false,0,0,[]
662,dalteparin,CIDm25244225,false,0,0,[]
663,ganirelix,CIDm16130965,false,0,0,[]
664,histrelin,CIDm25077993,true,13,13,"[""BKEMVGVBBDMHKL-UHFFFAOYSA-N"",""BKEMVGVBBDMHKL-VYFXDUNUSA-N"",""DGTVQJOTEDTFMR-HOQOEESGSA-N"",""DGTVQJOTEDTFMR-UHFFFAOYSA-N"",""HHXHVIJIIXKSOE-QILQGKCVSA-N"",""HHXHVIJIIXKSOE-QILQGKCVSA-O"",""HHXHVIJIIXKSOE-RHVPLEPXSA-N"",""HHXHVIJIIXKSOE-TYIUZRSTSA-N"",""HHXHVIJIIXKSOE-UHFFFAOYSA-N"",""HHXHVIJIIXKSOE-WXBBAISSSA-N"",""KYRPGRJJIFZYGG-MPTVMWOCSA-N"",""OWAUGAMNPZHEOJ-UHFFFAOYSA-N"",""OWAUGAMNPZHEOJ-YKZVIGSYSA-N""]"
665,lanreotide,CIDm00071348,true,14,14,"[""DEXPIBGCLCPUHE-UHFFFAOYSA-N"",""DEXPIBGCLCPUHE-UISHROKMSA-N"",""PUDHBTGHUJUUFI-CHCYPAMJSA-N"",""PUDHBTGHUJUUFI-HCRZOEPYSA-N"",""PUDHBTGHUJUUFI-HUZRFOFRSA-N"",""PUDHBTGHUJUUFI-IGSAHCBPSA-N"",""PUDHBTGHUJUUFI-IOJUUEKKSA-N"",""PUDHBTGHUJUUFI-MRVGVATPSA-N"",""PUDHBTGHUJUUFI-NNRHPKKWSA-N"",""PUDHBTGHUJUUFI-SCTWWAJVSA-N"",""PUDHBTGHUJUUFI-UHFFFAOYSA-N"",""PUDHBTGHUJUUFI-ZABVYEGQSA-N"",""PUDHBTGHUJUUFI-ZYEGDVIWSA-N"",""RUGAHXUZHWYHNG-NLGNTGLNSA-N""]"
666,lanthanum.carbonate,CIDm00168924,true,9,8,"[""JKSVDWSKYFEURH-UHFFFAOYSA-L"",""JKSVDWSKYFEURH-UHFFFAOYSA-M"",""JKSVDWSKYFEURH-UHFFFAOYSA-N"",""NZPIUJUFIFZSPW-UHFFFAOYSA-H"",""QEVBQWCSPKCYSU-UHFFFAOYSA-L"",""SFRMNOQUGROVIE-UHFFFAOYSA-H"",""XWQHWNKFCMDVDS-UHFFFAOYSA-L"",""XWQHWNKFCMDVDS-UHFFFAOYSA-N""]"
667,lodoxamide,CIDm00044563,true,2,2,"[""JJOFNSLZHKIJEV-UHFFFAOYSA-N"",""KUGJPYZIWCRREB-UHFFFAOYSA-N""]"
668,methylnaltrexone.bromide,CIDm05361917,true,70,67,"[""BTAABYJYXUMLNT-KNLJMPJLSA-N"",""BTAABYJYXUMLNT-UHFFFAOYSA-N"",""IFGIYSGOEZJNBE-BAXOTIPHSA-N"",""IFGIYSGOEZJNBE-DECBJBRRSA-N"",""IFGIYSGOEZJNBE-FHXFVETISA-N"",""IFGIYSGOEZJNBE-GQGQDWCESA-N"",""IFGIYSGOEZJNBE-GUKRFJSDSA-N"",""IFGIYSGOEZJNBE-HFNHREKZSA-N"",""IFGIYSGOEZJNBE-HXBRFYPYSA-N"",""IFGIYSGOEZJNBE-KNLJMPJLSA-N"",""IFGIYSGOEZJNBE-LHJYHSJWSA-N"",""IFGIYSGOEZJNBE-NQMNLMSRSA-N"",""IFGIYSGOEZJNBE-PUEHHTFQSA-N"",""IFGIYSGOEZJNBE-QGVSCDBQSA-N"",""IFGIYSGOEZJNBE-QUCCVSFDSA-N"",""IFGIYSGOEZJNBE-UHFFFAOYSA-N"",""IFGIYSGOEZJNBE-VBDGALGWSA-N"",""IFGIYSGOEZJNBE-VGNSKDOGSA-N"",""IFGIYSGOEZJNBE-ZMKRNTKVSA-N"",""JVLBPIPGETUEET-AALARPRMSA-O"",""JVLBPIPGETUEET-AJOOBOLKSA-O"",""JVLBPIPGETUEET-AMAVQZEBSA-O"",""JVLBPIPGETUEET-AZCBRMASSA-O"",""JVLBPIPGETUEET-AZFZLYOWSA-O"",""JVLBPIPGETUEET-BKDZPPKTSA-N"",""JVLBPIPGETUEET-BKDZPPKTSA-O"",""JVLBPIPGETUEET-BUEZVJGKSA-O"",""JVLBPIPGETUEET-CSQBPEQZSA-O"",""JVLBPIPGETUEET-GAAHOAFPSA-N"",""JVLBPIPGETUEET-GAAHOAFPSA-O"",""JVLBPIPGETUEET-GSHPZLNTSA-O"",""JVLBPIPGETUEET-HBBARFODSA-O"",""JVLBPIPGETUEET-HVPBQNRZSA-O"",""JVLBPIPGETUEET-IPCFWRBCSA-O"",""JVLBPIPGETUEET-KIVCZWGWSA-O"",""JVLBPIPGETUEET-KVAQUGBLSA-N"",""JVLBPIPGETUEET-KVAQUGBLSA-O"",""JVLBPIPGETUEET-KXJRCPFFSA-O"",""JVLBPIPGETUEET-MHUGDSKNSA-O"",""JVLBPIPGETUEET-MICKHKOOSA-O"",""JVLBPIPGETUEET-MKBJAUIRSA-O"",""JVLBPIPGETUEET-MOTLAOEKSA-N"",""JVLBPIPGETUEET-MOTLAOEKSA-O"",""JVLBPIPGETUEET-NUYDBNQNSA-O"",""JVLBPIPGETUEET-OHWXQCLISA-O"",""JVLBPIPGETUEET-QEIMRKEDSA-O"",""JVLBPIPGETUEET-RMSQDLMASA-O"",""JVLBPIPGETUEET-SARHFLJWSA-O"",""JVLBPIPGETUEET-UGTAXJHQSA-O"",""JVLBPIPGETUEET-UHFFFAOYSA-N"",""JVLBPIPGETUEET-UHFFFAOYSA-O"",""JVLBPIPGETUEET-WIXLDOGYSA-O"",""JVLBPIPGETUEET-WSIIPXOWSA-N"",""JVLBPIPGETUEET-WSIIPXOWSA-O"",""JVLBPIPGETUEET-WSYSZLOTSA-O"",""JVLBPIPGETUEET-XJSWPFIOSA-O"",""JVLBPIPGETUEET-YMGPULDLSA-N"",""JVLBPIPGETUEET-YMGPULDLSA-O"",""JVLBPIPGETUEET-ZDIYEXQJSA-O"",""JVLBPIPGETUEET-ZLGBMCQESA-O"",""MWMNPLRPPPCUAA-FUZGSHSVSA-N"",""MWMNPLRPPPCUAA-KNLJMPJLSA-N"",""MWMNPLRPPPCUAA-UHFFFAOYSA-N"",""VYZRRRRJXDLIFG-FYJAVASCSA-N"",""VYZRRRRJXDLIFG-KNLJMPJLSA-N"",""VYZRRRRJXDLIFG-UHFFFAOYSA-N"",""VYZRRRRJXDLIFG-VGNSKDOGSA-N""]"
669,plerixafor,CIDm00065014,true,17,16,"[""FEYQTTMXGSTWFL-UHFFFAOYSA-N"",""GKFHDCZYJHUPEN-UHFFFAOYSA-N"",""LICLZJGFHSMSIY-UHFFFAOYSA-N"",""NTJWFYSLEIJDHO-UHFFFAOYSA-N"",""UEUPDYPUTTUXLJ-FDAYILJKSA-N"",""UEUPDYPUTTUXLJ-OHIMQKHWSA-N"",""UEUPDYPUTTUXLJ-UHFFFAOYSA-N"",""USMXIXZBRZZOQH-UHFFFAOYSA-N"",""VZVSLNRDUPMOSZ-UHFFFAOYSA-M"",""VZVSLNRDUPMOSZ-UHFFFAOYSA-N"",""XMAXGJCJFVELOX-UHFFFAOYSA-N"",""YIQPUIGJQJDJOS-JOEOWECRSA-N"",""YIQPUIGJQJDJOS-KDWZCNHSSA-N"",""YIQPUIGJQJDJOS-UHFFFAOYSA-N"",""YIQPUIGJQJDJOS-UHFFFAOYSA-Q"",""ZEGBUIHJZHQADU-UHFFFAOYSA-N""]"
670,raltegravir,CIDm23668479,true,49,49,"[""CZFFBEXEKNGXKS-ACTZCTKRSA-N"",""CZFFBEXEKNGXKS-AEVFRVNISA-N"",""CZFFBEXEKNGXKS-AUNJPOBPSA-N"",""CZFFBEXEKNGXKS-BLUGXXMFSA-N"",""CZFFBEXEKNGXKS-BSLRAITOSA-N"",""CZFFBEXEKNGXKS-FIBGUPNXSA-N"",""CZFFBEXEKNGXKS-GJQNQZCXSA-N"",""CZFFBEXEKNGXKS-GKOSEXJESA-N"",""CZFFBEXEKNGXKS-GQALSZNTSA-N"",""CZFFBEXEKNGXKS-IFQKZMQBSA-N"",""CZFFBEXEKNGXKS-JCEUWBQISA-N"",""CZFFBEXEKNGXKS-KDBDJPNISA-N"",""CZFFBEXEKNGXKS-KNXIQCGSSA-N"",""CZFFBEXEKNGXKS-LRCOEDLJSA-N"",""CZFFBEXEKNGXKS-LYWDCTPTSA-N"",""CZFFBEXEKNGXKS-MGKWXGLJSA-N"",""CZFFBEXEKNGXKS-MSDOIBIESA-N"",""CZFFBEXEKNGXKS-PLEVQAHISA-N"",""CZFFBEXEKNGXKS-PWPAKYLHSA-N"",""CZFFBEXEKNGXKS-QSQXIVBOSA-N"",""CZFFBEXEKNGXKS-QSTLQJKQSA-N"",""CZFFBEXEKNGXKS-QZQDQXEYSA-N"",""CZFFBEXEKNGXKS-SOWAYKIMSA-N"",""CZFFBEXEKNGXKS-SSFQWFDPSA-N"",""CZFFBEXEKNGXKS-TXPATRBFSA-N"",""CZFFBEXEKNGXKS-UFFRDWFDSA-N"",""CZFFBEXEKNGXKS-UHFFFAOYSA-M"",""CZFFBEXEKNGXKS-UHFFFAOYSA-N"",""CZFFBEXEKNGXKS-VRFZBMQGSA-N"",""CZFFBEXEKNGXKS-VVLWYDDRSA-N"",""CZFFBEXEKNGXKS-WINJLYTNSA-N"",""CZFFBEXEKNGXKS-WVZRYRIDSA-N"",""CZFFBEXEKNGXKS-XERRXZQWSA-N"",""CZFFBEXEKNGXKS-XLELPZHLSA-N"",""CZFFBEXEKNGXKS-ZSEOTKGWSA-N"",""DSMSZYOWNPVWEV-UHFFFAOYSA-N"",""FIGAGCYVBKUVAK-UHFFFAOYSA-N"",""IFUKBHBISRAZTF-FKEMLERWSA-M"",""IFUKBHBISRAZTF-NXIGQQGZSA-M"",""IFUKBHBISRAZTF-UHFFFAOYSA-M"",""MZTDZUGEOVKSEH-UHFFFAOYSA-N"",""NICWNEBYMFWNRO-UHFFFAOYSA-M"",""NICWNEBYMFWNRO-ZDCVYKBASA-M"",""NLDVPINGTPMESH-UHFFFAOYSA-N"",""PPXOVCUHAMJGKN-UHFFFAOYSA-N"",""QLBNDXLKPYXCIW-UHFFFAOYSA-M"",""XKRGSYWGSBRBAJ-UHFFFAOYSA-M"",""XKUOOZXYINKKSS-UHFFFAOYSA-M"",""ZGCHJRWINKHKJK-UHFFFAOYSA-L""]"
671,sodium.phenylbutyrate,CIDm00004775,true,22,22,"[""DVOADPMJRAMEJB-UHFFFAOYSA-N"",""GPNVPGOWADQPIE-UHFFFAOYSA-L"",""IZZYJPGANOUYJB-UHFFFAOYSA-L"",""NFFHADOBVLBXJN-UHFFFAOYSA-N"",""OBKXEAXTFZPCHS-DETAZLGJSA-N"",""OBKXEAXTFZPCHS-GAWGKFCISA-N"",""OBKXEAXTFZPCHS-KWBUGZBZSA-N"",""OBKXEAXTFZPCHS-LMANFOLPSA-N"",""OBKXEAXTFZPCHS-NAPLFIRZSA-N"",""OBKXEAXTFZPCHS-RJSZUWSASA-N"",""OBKXEAXTFZPCHS-RZVBEHOMSA-N"",""OBKXEAXTFZPCHS-SJOJKWQCSA-N"",""OBKXEAXTFZPCHS-UHFFFAOYSA-M"",""OBKXEAXTFZPCHS-UHFFFAOYSA-N"",""OBKXEAXTFZPCHS-VRWITDQQSA-N"",""OBKXEAXTFZPCHS-ZDAGDFTFSA-N"",""PWMWGKRAALHLEH-UHFFFAOYSA-M"",""QJHOLCUPMFGSTI-UHFFFAOYSA-M"",""QJHOLCUPMFGSTI-UHFFFAOYSA-N"",""SMWRDNDNSFPORN-UHFFFAOYSA-N"",""VPZRWNZGLKXFOE-UHFFFAOYSA-M"",""VPZRWNZGLKXFOE-UHFFFAOYSA-N""]"
672,triptorelin,CIDm25074470,true,11,11,"[""HPPONSCISKROOD-OYLNGHKZSA-M"",""HPPONSCISKROOD-OYLNGHKZSA-N"",""HPPONSCISKROOD-SZEHHZTRSA-N"",""HPPONSCISKROOD-UHFFFAOYSA-N"",""VXKHXGOKWPXYNA-BYROFXASSA-N"",""VXKHXGOKWPXYNA-FWWIQLRKSA-N"",""VXKHXGOKWPXYNA-NQUDZYGTSA-N"",""VXKHXGOKWPXYNA-PGBVPBMZSA-N"",""VXKHXGOKWPXYNA-UHFFFAOYSA-N"",""VXKHXGOKWPXYNA-XAVNRBHKSA-N"",""VXKHXGOKWPXYNA-YDFDUYJKSA-N""]"
673,lurasidone,CIDm00213046,true,51,51,"[""ACYCKVQRIYTHBS-SCIYSFAVSA-L"",""CXGFYKIUYILVOA-RSVFXZJTSA-N"",""CXGFYKIUYILVOA-UHFFFAOYSA-N"",""HYXPFQGUGHZSKK-YUNZBOFHSA-N"",""IEUBCJPQGNNZFE-RSVFXZJTSA-N"",""IEUBCJPQGNNZFE-UHFFFAOYSA-N"",""MGPVFIAESRCRIX-SCIYSFAVSA-N"",""MGPVFIAESRCRIX-UHFFFAOYSA-N"",""MMLHQCOSPPCMBO-RSVFXZJTSA-N"",""MMLHQCOSPPCMBO-UHFFFAOYSA-N"",""NEKCRUIRPWNMLK-AYVKDKLDSA-N"",""NEKCRUIRPWNMLK-HYZPWGHVSA-N"",""NEKCRUIRPWNMLK-JQPVBIIXSA-N"",""NEKCRUIRPWNMLK-MBTNCXEKSA-N"",""NEKCRUIRPWNMLK-NNEAAJNBSA-N"",""NEKCRUIRPWNMLK-SCIYSFAVSA-N"",""NEKCRUIRPWNMLK-UBMRPRFGSA-N"",""NEKCRUIRPWNMLK-UHFFFAOYSA-N"",""NEKCRUIRPWNMLK-YQUHNCLTSA-N"",""PQXKDMSYBGKCJA-AEQMUBOASA-N"",""PQXKDMSYBGKCJA-ANAXQFNSSA-N"",""PQXKDMSYBGKCJA-BXFMOABDSA-N"",""PQXKDMSYBGKCJA-CCMPBZAMSA-N"",""PQXKDMSYBGKCJA-CVTJIBDQSA-N"",""PQXKDMSYBGKCJA-CVTJIBDQSA-O"",""PQXKDMSYBGKCJA-DCEGAFBBSA-N"",""PQXKDMSYBGKCJA-DXBALXSTSA-N"",""PQXKDMSYBGKCJA-FDGCDDQTSA-N"",""PQXKDMSYBGKCJA-FHILBSSYSA-N"",""PQXKDMSYBGKCJA-GCQJPSDLSA-N"",""PQXKDMSYBGKCJA-GGYSQDOYSA-N"",""PQXKDMSYBGKCJA-HIKFKKOFSA-N"",""PQXKDMSYBGKCJA-HQKDKDJQSA-N"",""PQXKDMSYBGKCJA-HVYQPMNFSA-N"",""PQXKDMSYBGKCJA-NHRDDAFGSA-N"",""PQXKDMSYBGKCJA-QGNBIXDTSA-N"",""PQXKDMSYBGKCJA-QMVKWHEESA-N"",""PQXKDMSYBGKCJA-RBKORJQFSA-N"",""PQXKDMSYBGKCJA-RLBPEOPASA-N"",""PQXKDMSYBGKCJA-SBALBXATSA-N"",""PQXKDMSYBGKCJA-UHFFFAOYSA-N"",""PQXKDMSYBGKCJA-UHFFFAOYSA-O"",""PQXKDMSYBGKCJA-VUDBXFIESA-N"",""PQXKDMSYBGKCJA-VUOOAKIGSA-N"",""PQXKDMSYBGKCJA-WXXZVHATSA-N"",""PQXKDMSYBGKCJA-YBEUTXPYSA-N"",""PQXKDMSYBGKCJA-ZJGOLPKSSA-N"",""PQXKDMSYBGKCJA-ZYBWYVPMSA-N"",""TTWFJYXDQDWULT-CAFYJQNGSA-N"",""XVVKGEVRMQNGGV-RSVFXZJTSA-N"",""XVVKGEVRMQNGGV-UHFFFAOYSA-N""]"
674,ticagrelor,CIDm09871419,true,116,116,"[""BKROKOBWYDIOMG-YQWPFUFRSA-L"",""FMOBFTWOHGXXEI-UHFFFAOYSA-L"",""FMOBFTWOHGXXEI-UHFFFAOYSA-M"",""FMOBFTWOHGXXEI-VQNGXBDNSA-L"",""FMOBFTWOHGXXEI-VQNGXBDNSA-M"",""GHHNGFUKVOZSIQ-JVINUZOPSA-N"",""GHHNGFUKVOZSIQ-UHFFFAOYSA-N"",""GHHNGFUKVOZSIQ-VQNGXBDNSA-N"",""GTKKWRABHISABE-YQWPFUFRSA-L"",""LXLCTRJKFYBHRD-VQNGXBDNSA-N"",""MJMHWIBNUHNSOR-YQWPFUFRSA-L"",""OEKWJQXRCDYSHL-ADKMPNQHSA-N"",""OEKWJQXRCDYSHL-AJLDMBIBSA-N"",""OEKWJQXRCDYSHL-AKQVSYNKSA-N"",""OEKWJQXRCDYSHL-AVMHDXDASA-N"",""OEKWJQXRCDYSHL-AWNLBUGISA-N"",""OEKWJQXRCDYSHL-BDYMOPBTSA-N"",""OEKWJQXRCDYSHL-BTCQPVTOSA-N"",""OEKWJQXRCDYSHL-CQPKGVGKSA-N"",""OEKWJQXRCDYSHL-CXPSEXGWSA-N"",""OEKWJQXRCDYSHL-DIQKAWHUSA-N"",""OEKWJQXRCDYSHL-DNFPWKMYSA-N"",""OEKWJQXRCDYSHL-DOGPPCATSA-N"",""OEKWJQXRCDYSHL-DTRSTFIMSA-N"",""OEKWJQXRCDYSHL-FBIVZKAHSA-N"",""OEKWJQXRCDYSHL-FMUISZIUSA-N"",""OEKWJQXRCDYSHL-FNOIDJSQSA-N"",""OEKWJQXRCDYSHL-FZFWJHPGSA-N"",""OEKWJQXRCDYSHL-GWPAKKRUSA-N"",""OEKWJQXRCDYSHL-GYJWEPOESA-N"",""OEKWJQXRCDYSHL-HDRHAWELSA-N"",""OEKWJQXRCDYSHL-HDWAVJLRSA-N"",""OEKWJQXRCDYSHL-HHTRPBDNSA-N"",""OEKWJQXRCDYSHL-HWJWIRNCSA-N"",""OEKWJQXRCDYSHL-IASXHFJGSA-N"",""OEKWJQXRCDYSHL-IQLVDWOPSA-N"",""OEKWJQXRCDYSHL-JKAZAHRWSA-N"",""OEKWJQXRCDYSHL-JKTPWQOASA-N"",""OEKWJQXRCDYSHL-JMXQYDHOSA-N"",""OEKWJQXRCDYSHL-JPLDZTTJSA-N"",""OEKWJQXRCDYSHL-JUJHYKAKSA-N"",""OEKWJQXRCDYSHL-JWHOPSBMSA-N"",""OEKWJQXRCDYSHL-KCODXIBCSA-N"",""OEKWJQXRCDYSHL-KDAKQHGDSA-N"",""OEKWJQXRCDYSHL-KDCZYURZSA-N"",""OEKWJQXRCDYSHL-KFJIOXARSA-N"",""OEKWJQXRCDYSHL-KHWRPARBSA-N"",""OEKWJQXRCDYSHL-KMCOKXQPSA-N"",""OEKWJQXRCDYSHL-KMMQKHSZSA-N"",""OEKWJQXRCDYSHL-KNSXFORMSA-N"",""OEKWJQXRCDYSHL-KZCVKBDPSA-N"",""OEKWJQXRCDYSHL-LHCCGZDISA-N"",""OEKWJQXRCDYSHL-LQLIJVPPSA-N"",""OEKWJQXRCDYSHL-LVIFUBGXSA-N"",""OEKWJQXRCDYSHL-LZNGJIPASA-N"",""OEKWJQXRCDYSHL-MFBLQSDPSA-N"",""OEKWJQXRCDYSHL-MHTCSOGVSA-N"",""OEKWJQXRCDYSHL-MKLLICGPSA-N"",""OEKWJQXRCDYSHL-MRAOMUQSSA-N"",""OEKWJQXRCDYSHL-MRDWDFMVSA-N"",""OEKWJQXRCDYSHL-NBVCHVAMSA-N"",""OEKWJQXRCDYSHL-NXBOEPGZSA-N"",""OEKWJQXRCDYSHL-OFDQZBRGSA-N"",""OEKWJQXRCDYSHL-OMHOOXLVSA-N"",""OEKWJQXRCDYSHL-OPBCWRCMSA-N"",""OEKWJQXRCDYSHL-OVGQVHOSSA-N"",""OEKWJQXRCDYSHL-PGFPJDPTSA-N"",""OEKWJQXRCDYSHL-PGUGALDASA-N"",""OEKWJQXRCDYSHL-POUROMBUSA-N"",""OEKWJQXRCDYSHL-PQRDXTGCSA-N"",""OEKWJQXRCDYSHL-QEIJTNHDSA-N"",""OEKWJQXRCDYSHL-QJWFGRGJSA-N"",""OEKWJQXRCDYSHL-QSSBHJJHSA-N"",""OEKWJQXRCDYSHL-QXEAJWKSSA-N"",""OEKWJQXRCDYSHL-QXWHMLMQSA-N"",""OEKWJQXRCDYSHL-RBEVRDHVSA-N"",""OEKWJQXRCDYSHL-RBXOEIDZSA-N"",""OEKWJQXRCDYSHL-RDWDMXNKSA-N"",""OEKWJQXRCDYSHL-RNKLXCRWSA-N"",""OEKWJQXRCDYSHL-RODFSUTDSA-N"",""OEKWJQXRCDYSHL-RPLUQZRNSA-N"",""OEKWJQXRCDYSHL-RZMMCLRCSA-N"",""OEKWJQXRCDYSHL-SBOJXANASA-N"",""OEKWJQXRCDYSHL-SDXIDKDGSA-N"",""OEKWJQXRCDYSHL-TUDIAEPNSA-N"",""OEKWJQXRCDYSHL-UCTINYHGSA-N"",""OEKWJQXRCDYSHL-UGPIYRFCSA-N"",""OEKWJQXRCDYSHL-UHFFFAOYSA-N"",""OEKWJQXRCDYSHL-UJDIKAAESA-N"",""OEKWJQXRCDYSHL-UJUAOCSNSA-N"",""OEKWJQXRCDYSHL-UNHIWVRJSA-N"",""OEKWJQXRCDYSHL-UUTXERHBSA-N"",""OEKWJQXRCDYSHL-UZTWHXFQSA-N"",""OEKWJQXRCDYSHL-VDTBTCMKSA-N"",""OEKWJQXRCDYSHL-VTGZDNPMSA-N"",""OEKWJQXRCDYSHL-WCJUQPNGSA-N"",""OEKWJQXRCDYSHL-WFSJCXISSA-N"",""OEKWJQXRCDYSHL-WGGSUYMMSA-N"",""OEKWJQXRCDYSHL-WYARPVSWSA-N"",""OEKWJQXRCDYSHL-WYOJOYDPSA-N"",""OEKWJQXRCDYSHL-WYUIZONGSA-N"",""OEKWJQXRCDYSHL-WZBMWGTKSA-N"",""OEKWJQXRCDYSHL-WZMIOTFMSA-N"",""OEKWJQXRCDYSHL-XJTQUQJESA-N"",""OEKWJQXRCDYSHL-XWMCJIKQSA-N"",""OEKWJQXRCDYSHL-YCIMSIRESA-N"",""OEKWJQXRCDYSHL-YEZHXSOWSA-N"",""OEKWJQXRCDYSHL-YFSCIOPUSA-N"",""OEKWJQXRCDYSHL-YVQGXXJXSA-N"",""OEKWJQXRCDYSHL-ZBIVSVFMSA-N"",""OEKWJQXRCDYSHL-ZIIJPRJASA-N"",""OEKWJQXRCDYSHL-ZQHKCTDPSA-N"",""OEKWJQXRCDYSHL-ZUYAPRQRSA-N"",""QHFFEXNLNCBZPR-YQWPFUFRSA-L"",""XDDLWQUQIMOJND-YQWPFUFRSA-L"",""XHUYHJNQQKKJIO-YQWPFUFRSA-L""]"
675,tafluprost,CIDm09868491,false,0,0,[]
676,ivacaftor,CIDm16220172,true,34,34,"[""MYELKYHBCRDZNH-UHFFFAOYSA-N"",""PURKAOJPTOLRMP-ACTMGKLTSA-N"",""PURKAOJPTOLRMP-ASMGOKTBSA-N"",""PURKAOJPTOLRMP-BLYNKOTJSA-N"",""PURKAOJPTOLRMP-BOORROTBSA-N"",""PURKAOJPTOLRMP-BSVHQCSQSA-N"",""PURKAOJPTOLRMP-BUCIQVOKSA-N"",""PURKAOJPTOLRMP-BUGGZPHLSA-N"",""PURKAOJPTOLRMP-FUTPGZFNSA-N"",""PURKAOJPTOLRMP-FWDWGVSGSA-N"",""PURKAOJPTOLRMP-GLBCJEDWSA-N"",""PURKAOJPTOLRMP-GQALSZNTSA-N"",""PURKAOJPTOLRMP-HQEXPILSSA-N"",""PURKAOJPTOLRMP-IZKYYLLHSA-N"",""PURKAOJPTOLRMP-JZWBCEOFSA-N"",""PURKAOJPTOLRMP-KGHUTJOWSA-N"",""PURKAOJPTOLRMP-LOHRFWLTSA-N"",""PURKAOJPTOLRMP-LYLRFPDXSA-N"",""PURKAOJPTOLRMP-NBDUPMGQSA-N"",""PURKAOJPTOLRMP-NLUICQSMSA-N"",""PURKAOJPTOLRMP-NNCAXZPCSA-N"",""PURKAOJPTOLRMP-NPIPXPNYSA-N"",""PURKAOJPTOLRMP-NZXNCOHNSA-N"",""PURKAOJPTOLRMP-ODOSLHAJSA-N"",""PURKAOJPTOLRMP-PUIBTECMSA-N"",""PURKAOJPTOLRMP-TWWCNAITSA-N"",""PURKAOJPTOLRMP-UHFFFAOYSA-N"",""PURKAOJPTOLRMP-ULDPCNCHSA-N"",""PURKAOJPTOLRMP-WFGJKAKNSA-N"",""PURKAOJPTOLRMP-XTSHESQSSA-N"",""PURKAOJPTOLRMP-XYYSDHCHSA-N"",""PURKAOJPTOLRMP-YSOHJTORSA-N"",""PURKAOJPTOLRMP-ZHAOQUSNSA-N"",""SHZGLOODMWTRSY-UHFFFAOYSA-N""]"
677,iodine.ioflupane.(123I),CIDm03086674,false,0,0,[]
678,vismodegib,CIDm24776445,true,3,3,"[""BPQMGSKTAYIVFO-KYZTVQELSA-N"",""BPQMGSKTAYIVFO-UHFFFAOYSA-N"",""SNJYDTCLZFLUBN-UHFFFAOYSA-N""]"
679,rilpivirine,CIDm06451164,false,0,0,[]
680,crizotinib,CIDm11626560,false,0,0,[]
681,ulipristal,CIDm13559281,false,0,0,[]
682,fingolimod,CIDm00107969,true,31,29,"[""AYEKVAVSXRAIDH-UHFFFAOYSA-N"",""FVHNTIMTUQSEFX-UHFFFAOYSA-N"",""GYWBEKWVBOCGQM-UHFFFAOYSA-N"",""HZRIWIXBGWESRD-UHFFFAOYSA-N"",""KAYKKTSNASWDIU-UHFFFAOYSA-N"",""KKGQTZUTZRNORY-DBLMQEFNSA-N"",""KKGQTZUTZRNORY-DBVREXLBSA-N"",""KKGQTZUTZRNORY-DSNVRBBXSA-N"",""KKGQTZUTZRNORY-FIBGUPNXSA-N"",""KKGQTZUTZRNORY-IRYCTXJYSA-N"",""KKGQTZUTZRNORY-MGGLYOAJSA-N"",""KKGQTZUTZRNORY-NSWAQAGESA-N"",""KKGQTZUTZRNORY-OGCJDUJVSA-N"",""KKGQTZUTZRNORY-OISRNESJSA-N"",""KKGQTZUTZRNORY-ONNKGWAKSA-N"",""KKGQTZUTZRNORY-PMELWRBQSA-N"",""KKGQTZUTZRNORY-UHFFFAOYSA-N"",""KKGQTZUTZRNORY-UHFFFAOYSA-O"",""KKGQTZUTZRNORY-UTBWLCBWSA-N"",""MGBLIHVJAWZEAM-UHFFFAOYSA-N"",""NYCBIKYZHFWXQG-UHFFFAOYSA-N"",""QBKBHLKGARBSLQ-UHFFFAOYSA-N"",""QWXHDUZFRDLTAI-UHFFFAOYSA-N"",""SWZTYAVBMYWFGS-JWIOGAFXSA-N"",""SWZTYAVBMYWFGS-UHFFFAOYSA-N"",""UKTFXBCDLJJONG-BTJKTKAUSA-N"",""UKTFXBCDLJJONG-UHFFFAOYSA-N"",""UKTFXBCDLJJONG-WLHGVMLRSA-N"",""ZUFZPQROKUYGKK-UHFFFAOYSA-N""]"
683,tesamorelin,CIDm44201342,true,1,1,"[""WAOQOSHNKJFOTO-BMGKTWPMSA-N""]"
684,eribulin,CIDm53320414,false,0,0,[]
685,boceprevir,CIDm10324367,true,104,104,"[""LHHCSNFAOIFYRV-ALHCLDFCSA-N"",""LHHCSNFAOIFYRV-ARTYXBSBSA-N"",""LHHCSNFAOIFYRV-AZRLCKCBSA-N"",""LHHCSNFAOIFYRV-BHJZPCNUSA-N"",""LHHCSNFAOIFYRV-CCLIWJKGSA-N"",""LHHCSNFAOIFYRV-CKWMPDEQSA-N"",""LHHCSNFAOIFYRV-CNBRCIHWSA-N"",""LHHCSNFAOIFYRV-COWJFNPDSA-N"",""LHHCSNFAOIFYRV-CPQYCEPASA-N"",""LHHCSNFAOIFYRV-DAKSQHJPSA-N"",""LHHCSNFAOIFYRV-DCMHHLBUSA-N"",""LHHCSNFAOIFYRV-DFWKGLRPSA-N"",""LHHCSNFAOIFYRV-DLXXUKCLSA-N"",""LHHCSNFAOIFYRV-DOJVEYBSSA-N"",""LHHCSNFAOIFYRV-DOVBMPENSA-N"",""LHHCSNFAOIFYRV-DRBVRQRSSA-N"",""LHHCSNFAOIFYRV-DROCMUGESA-N"",""LHHCSNFAOIFYRV-DTAFYDTKSA-N"",""LHHCSNFAOIFYRV-DTCQKRBHSA-N"",""LHHCSNFAOIFYRV-FATHMOINSA-N"",""LHHCSNFAOIFYRV-FSAGHJQGSA-N"",""LHHCSNFAOIFYRV-GEONRVCZSA-N"",""LHHCSNFAOIFYRV-GIEIMUNESA-N"",""LHHCSNFAOIFYRV-GIXCVNQXSA-N"",""LHHCSNFAOIFYRV-GJFFHCSYSA-N"",""LHHCSNFAOIFYRV-GLAFNUGXSA-N"",""LHHCSNFAOIFYRV-GTJSSIJNSA-N"",""LHHCSNFAOIFYRV-HCSSGBMRSA-N"",""LHHCSNFAOIFYRV-HGAYDSBFSA-N"",""LHHCSNFAOIFYRV-HONTULHLSA-N"",""LHHCSNFAOIFYRV-HWWITLHISA-N"",""LHHCSNFAOIFYRV-INDPSFODSA-N"",""LHHCSNFAOIFYRV-IWBLZYKXSA-N"",""LHHCSNFAOIFYRV-IYEAEWHJSA-N"",""LHHCSNFAOIFYRV-JAFFWASASA-N"",""LHHCSNFAOIFYRV-JBUDVITOSA-N"",""LHHCSNFAOIFYRV-JDAGSOSWSA-N"",""LHHCSNFAOIFYRV-JDVDGTEWSA-N"",""LHHCSNFAOIFYRV-JGQJFOAASA-N"",""LHHCSNFAOIFYRV-JMSRLDAHSA-N"",""LHHCSNFAOIFYRV-JPAGIWIUSA-N"",""LHHCSNFAOIFYRV-JQZQRARFSA-N"",""LHHCSNFAOIFYRV-JWDQXJLJSA-N"",""LHHCSNFAOIFYRV-KCUXPBLJSA-N"",""LHHCSNFAOIFYRV-KFQYKUIUSA-N"",""LHHCSNFAOIFYRV-KLWWHAAASA-N"",""LHHCSNFAOIFYRV-KTHZUGMTSA-N"",""LHHCSNFAOIFYRV-KZEZQIKRSA-N"",""LHHCSNFAOIFYRV-LEUZCIGGSA-N"",""LHHCSNFAOIFYRV-LFFBPUTRSA-N"",""LHHCSNFAOIFYRV-LQKYQPKQSA-N"",""LHHCSNFAOIFYRV-LWIHFDKISA-N"",""LHHCSNFAOIFYRV-LZUNURGOSA-N"",""LHHCSNFAOIFYRV-MTXCBWQVSA-N"",""LHHCSNFAOIFYRV-MUPNANLLSA-N"",""LHHCSNFAOIFYRV-NGKXGSACSA-N"",""LHHCSNFAOIFYRV-NJYSXPCBSA-N"",""LHHCSNFAOIFYRV-OAQMNZSCSA-N"",""LHHCSNFAOIFYRV-OJSKCCHRSA-N"",""LHHCSNFAOIFYRV-OKFGOOMQSA-N"",""LHHCSNFAOIFYRV-OPCVDWJVSA-N"",""LHHCSNFAOIFYRV-OVNSZUQASA-N"",""LHHCSNFAOIFYRV-OXUFKRIPSA-N"",""LHHCSNFAOIFYRV-PELCVSDJSA-N"",""LHHCSNFAOIFYRV-PGFJXMCPSA-N"",""LHHCSNFAOIFYRV-PGRVMGKCSA-N"",""LHHCSNFAOIFYRV-PIMPOXGBSA-N"",""LHHCSNFAOIFYRV-PSRQJIDVSA-N"",""LHHCSNFAOIFYRV-PXAHYODDSA-N"",""LHHCSNFAOIFYRV-QKTCFGOJSA-N"",""LHHCSNFAOIFYRV-QYYQYHEXSA-N"",""LHHCSNFAOIFYRV-QZMQZULOSA-N"",""LHHCSNFAOIFYRV-RDBDRXEXSA-N"",""LHHCSNFAOIFYRV-RFEYCPCCSA-N"",""LHHCSNFAOIFYRV-RJKRPDFYSA-N"",""LHHCSNFAOIFYRV-RJMNQXALSA-N"",""LHHCSNFAOIFYRV-RNQSAIAYSA-N"",""LHHCSNFAOIFYRV-RUJIWBMESA-N"",""LHHCSNFAOIFYRV-RZTJEXOPSA-N"",""LHHCSNFAOIFYRV-SPWTZVKTSA-N"",""LHHCSNFAOIFYRV-SWFPJNFGSA-N"",""LHHCSNFAOIFYRV-TWZNXADCSA-N"",""LHHCSNFAOIFYRV-UHFFFAOYSA-N"",""LHHCSNFAOIFYRV-UMXKNJMESA-N"",""LHHCSNFAOIFYRV-UVMLCILCSA-N"",""LHHCSNFAOIFYRV-UYIRXTDFSA-N"",""LHHCSNFAOIFYRV-VKENACPHSA-N"",""LHHCSNFAOIFYRV-VOQPWXIJSA-N"",""LHHCSNFAOIFYRV-VQDNPMIESA-N"",""LHHCSNFAOIFYRV-VZIDXPSOSA-N"",""LHHCSNFAOIFYRV-WGSFIQNASA-N"",""LHHCSNFAOIFYRV-WRRIDWHNSA-N"",""LHHCSNFAOIFYRV-WTYVMLHCSA-N"",""LHHCSNFAOIFYRV-WXIGUDOASA-N"",""LHHCSNFAOIFYRV-XBLCYXNWSA-N"",""LHHCSNFAOIFYRV-XBTQZCSNSA-N"",""LHHCSNFAOIFYRV-XEDVKYOOSA-N"",""LHHCSNFAOIFYRV-XLULGALFSA-N"",""LHHCSNFAOIFYRV-XOIXXQCZSA-N"",""LHHCSNFAOIFYRV-XUTBLCSISA-N"",""LHHCSNFAOIFYRV-YHQGITSZSA-N"",""LHHCSNFAOIFYRV-YONWCZTCSA-N"",""LHHCSNFAOIFYRV-YXLDNGHSSA-N"",""LHHCSNFAOIFYRV-ZYNAIFEFSA-N""]"
686,fidaxomicin,CIDm10034073,false,0,0,[]
687,cabozantinib,CIDm25102847,true,2,2,"[""ONIQOQHATWINJY-LNFUJOGGSA-N"",""ONIQOQHATWINJY-UHFFFAOYSA-N""]"
688,ruxolitinib,CIDm25126797,false,0,0,[]
689,teriflunomide,CIDm54684141,false,0,0,[]
690,vemurafenib,CIDm42611257,true,26,26,"[""DNQQUZYRZOORBH-UHFFFAOYSA-N"",""GPXBXXGIAQBQNI-CBTSVUPCSA-N"",""GPXBXXGIAQBQNI-DMSOEGGMSA-N"",""GPXBXXGIAQBQNI-FIBGUPNXSA-N"",""GPXBXXGIAQBQNI-HWUUPZTCSA-N"",""GPXBXXGIAQBQNI-IQWWGFHYSA-N"",""GPXBXXGIAQBQNI-KNXIQCGSSA-N"",""GPXBXXGIAQBQNI-PHBWZQRBSA-N"",""GPXBXXGIAQBQNI-PVCZIWSJSA-N"",""GPXBXXGIAQBQNI-TXFBWYMTSA-N"",""GPXBXXGIAQBQNI-UFFRDWFDSA-N"",""GPXBXXGIAQBQNI-UHFFFAOYSA-N"",""GPXBXXGIAQBQNI-VBUPEYEFSA-N"",""GPXBXXGIAQBQNI-VRWPTNEPSA-N"",""GPXBXXGIAQBQNI-XZQIOHESSA-N"",""GPXBXXGIAQBQNI-YZJDOSQOSA-N"",""GPXBXXGIAQBQNI-ZBJDZAJPSA-N"",""LDCZOKPYLNYYGA-UHFFFAOYSA-N"",""MMLPOKOCOWCNDH-UHFFFAOYSA-N"",""NTIRDMJYZYYYKB-UHFFFAOYSA-N"",""OXEPHLWTNVKTOQ-BTJKTKAUSA-N"",""OXEPHLWTNVKTOQ-UHFFFAOYSA-N"",""PIWNAXJRRFKAHM-UHFFFAOYSA-N"",""QNYUERJMHGHMCA-UHFFFAOYSA-M"",""QNYUERJMHGHMCA-XLNRJJMWSA-M"",""UCGTVRYSROTBQE-UHFFFAOYSA-N""]"
691,linagliptin,CIDm10096344,true,24,23,"[""AWXSUKYIQWRKPU-UNTBIKODSA-N"",""DKWUJHLHUAVBMZ-UNTBIKODSA-N"",""DNSSVTLITLNWNW-UNTBIKODSA-N"",""DRVIAOOFDYQYPJ-UNTBIKODSA-N"",""FOEABIPSRBFBTQ-UNTBIKODSA-N"",""HMKYZVVQUPZSJU-UNTBIKODSA-N"",""IENGRRJQIVZFHG-UNTBIKODSA-N"",""LTXREWYXXSTFRX-KHANSRSFSA-N"",""LTXREWYXXSTFRX-KRWDZBQOSA-N"",""LTXREWYXXSTFRX-OKWSDYJOSA-N"",""LTXREWYXXSTFRX-QGZVFWFLSA-N"",""LTXREWYXXSTFRX-QGZVFWFLSA-O"",""LTXREWYXXSTFRX-UHFFFAOYSA-N"",""MXQHCZNFWXUJED-UNTBIKODSA-N"",""NCOVOFKIZCKSBU-RSJGWRKCSA-N"",""NCOVOFKIZCKSBU-UNTBIKODSA-N"",""PKWYRENRRDHMEM-UNTBIKODSA-N"",""UAAYSTIEUQIBHL-UNTBIKODSA-N"",""VWSFSSXXXNSKTP-UNTBIKODSA-N"",""VXVLJCOYSVRDKL-UNTBIKODSA-N"",""XBANATWIHCEIKQ-XLOMBBFOSA-N"",""XBANATWIHCEIKQ-YQXMEYCDSA-N"",""YUUCIZQJFVSQAK-UNTBIKODSA-N""]"
692,perampanel,CIDm09924495,true,14,14,"[""BRTWFSYDNIHBNS-UHFFFAOYSA-N"",""FJWRESUOIVKKOP-UHFFFAOYSA-N"",""HGCWKNGRWQTIOC-UHFFFAOYSA-N"",""HYTYTNMUOSNMCE-UHFFFAOYSA-N"",""IHIVQHPVEQOTFV-UHFFFAOYSA-N"",""IQXDTLHRZOQSOV-UHFFFAOYSA-N"",""PDWMJDKMSASBNE-UHFFFAOYSA-N"",""PRMWGUBFXWROHD-OAQRYYNNSA-N"",""PRMWGUBFXWROHD-UHFFFAOYSA-N"",""TZRLXXBMMZPRKZ-UHFFFAOYSA-N"",""WWKFVPBTWXQABS-UHFFFAOYSA-N"",""XIRRMOMSYMVSMD-UHFFFAOYSA-N"",""XIRRMOMSYMVSMD-WLHGVMLRSA-N"",""XSZKQVYXAQSNCT-UHFFFAOYSA-N""]"
693,carfilzomib,CIDm11556711,true,62,62,"[""BLMPQMFVWMYDKT-AAAFFXHLSA-N"",""BLMPQMFVWMYDKT-AFTUYUSPSA-N"",""BLMPQMFVWMYDKT-AICBADDPSA-N"",""BLMPQMFVWMYDKT-ASLMDWNWSA-N"",""BLMPQMFVWMYDKT-AVIBPMLUSA-N"",""BLMPQMFVWMYDKT-AYTOGTGGSA-N"",""BLMPQMFVWMYDKT-BADDJQLISA-N"",""BLMPQMFVWMYDKT-BQGDYIMLSA-N"",""BLMPQMFVWMYDKT-BSYZLVICSA-N"",""BLMPQMFVWMYDKT-BUDGGOQFSA-N"",""BLMPQMFVWMYDKT-CYWZGEGRSA-N"",""BLMPQMFVWMYDKT-DJCKBPFPSA-N"",""BLMPQMFVWMYDKT-DKGRDGMCSA-N"",""BLMPQMFVWMYDKT-DQIYSODUSA-N"",""BLMPQMFVWMYDKT-DUWXKZJZSA-N"",""BLMPQMFVWMYDKT-FITLRUNSSA-N"",""BLMPQMFVWMYDKT-FXVKDXAYSA-N"",""BLMPQMFVWMYDKT-FYPXYJMDSA-N"",""BLMPQMFVWMYDKT-GNUJEDPJSA-N"",""BLMPQMFVWMYDKT-HCWRMCKMSA-N"",""BLMPQMFVWMYDKT-HEMZLDBQSA-N"",""BLMPQMFVWMYDKT-IDFNTEGXSA-N"",""BLMPQMFVWMYDKT-IKKRJENISA-N"",""BLMPQMFVWMYDKT-INLMYVKKSA-N"",""BLMPQMFVWMYDKT-IZKLOEBWSA-N"",""BLMPQMFVWMYDKT-KOGHBNBGSA-N"",""BLMPQMFVWMYDKT-LFSHXXBZSA-N"",""BLMPQMFVWMYDKT-LLWUFBLUSA-N"",""BLMPQMFVWMYDKT-LMTBTZACSA-N"",""BLMPQMFVWMYDKT-LPBIWPEXSA-N"",""BLMPQMFVWMYDKT-MJYNPLOTSA-N"",""BLMPQMFVWMYDKT-MOPCXZFLSA-N"",""BLMPQMFVWMYDKT-MREUQEJDSA-N"",""BLMPQMFVWMYDKT-NORAROLXSA-N"",""BLMPQMFVWMYDKT-NZTKNTHTSA-N"",""BLMPQMFVWMYDKT-OGCGOZPGSA-N"",""BLMPQMFVWMYDKT-ONJYYSCVSA-N"",""BLMPQMFVWMYDKT-OTLHRAEHSA-N"",""BLMPQMFVWMYDKT-OZAGLILRSA-N"",""BLMPQMFVWMYDKT-PQSUUKQQSA-N"",""BLMPQMFVWMYDKT-QRHMCSLRSA-N"",""BLMPQMFVWMYDKT-QZPDNUJVSA-N"",""BLMPQMFVWMYDKT-SIXAKGLSSA-N"",""BLMPQMFVWMYDKT-SRUCYTQBSA-N"",""BLMPQMFVWMYDKT-TVRFLQAWSA-N"",""BLMPQMFVWMYDKT-UFGHWWLXSA-N"",""BLMPQMFVWMYDKT-UHFFFAOYSA-N"",""BLMPQMFVWMYDKT-ULAOCNAISA-N"",""BLMPQMFVWMYDKT-UTLIJRGOSA-N"",""BLMPQMFVWMYDKT-UWUZTAJZSA-N"",""BLMPQMFVWMYDKT-VGHTWLCRSA-N"",""BLMPQMFVWMYDKT-VKEFLODZSA-N"",""BLMPQMFVWMYDKT-VRQWPTNUSA-N"",""BLMPQMFVWMYDKT-WATWRNISSA-N"",""BLMPQMFVWMYDKT-XCKAHTFESA-N"",""BLMPQMFVWMYDKT-XJUONWTMSA-N"",""BLMPQMFVWMYDKT-YRSSHPPOSA-N"",""BLMPQMFVWMYDKT-YVDYGZFJSA-N"",""BLMPQMFVWMYDKT-ZJDZKBMDSA-N"",""BLMPQMFVWMYDKT-ZLDGEATJSA-N"",""OUXUPCLWOOTREC-LOSRFJHHSA-N"",""OUXUPCLWOOTREC-UHFFFAOYSA-N""]"
694,mirabegron,CIDm09865528,true,98,98,"[""BHAFTTXVPVLRGC-BKHCOHGLSA-N"",""PBAPPPCECJKMCM-AABPTHBKSA-N"",""PBAPPPCECJKMCM-ABOBKXBLSA-N"",""PBAPPPCECJKMCM-ADUUXNGBSA-N"",""PBAPPPCECJKMCM-ARGATORSSA-N"",""PBAPPPCECJKMCM-BCNOMKPASA-N"",""PBAPPPCECJKMCM-BCXAVTCRSA-N"",""PBAPPPCECJKMCM-CFDBGVFQSA-N"",""PBAPPPCECJKMCM-CFFYGOPSSA-N"",""PBAPPPCECJKMCM-CNQWHUNZSA-N"",""PBAPPPCECJKMCM-CQNBJDBLSA-N"",""PBAPPPCECJKMCM-CTWSLJKASA-N"",""PBAPPPCECJKMCM-DCDHICJKSA-N"",""PBAPPPCECJKMCM-DGKLJSTCSA-N"",""PBAPPPCECJKMCM-DQFIEHITSA-N"",""PBAPPPCECJKMCM-FEIJIFSJSA-N"",""PBAPPPCECJKMCM-FLJRPRKFSA-N"",""PBAPPPCECJKMCM-GHDPEPEHSA-N"",""PBAPPPCECJKMCM-GIYKMVHSSA-N"",""PBAPPPCECJKMCM-GMRBBIQGSA-N"",""PBAPPPCECJKMCM-GRTKIUSASA-N"",""PBAPPPCECJKMCM-GYGRSLBHSA-N"",""PBAPPPCECJKMCM-HCXDEMNUSA-N"",""PBAPPPCECJKMCM-HRRCJNOESA-N"",""PBAPPPCECJKMCM-HWYKOXAESA-N"",""PBAPPPCECJKMCM-IBGZPJMESA-N"",""PBAPPPCECJKMCM-IBHZJAGOSA-N"",""PBAPPPCECJKMCM-ICBMKLIWSA-N"",""PBAPPPCECJKMCM-IIWNJXCMSA-N"",""PBAPPPCECJKMCM-IODIHITPSA-N"",""PBAPPPCECJKMCM-IUSLRIFYSA-N"",""PBAPPPCECJKMCM-JDECCAIASA-N"",""PBAPPPCECJKMCM-KDRIBDJHSA-N"",""PBAPPPCECJKMCM-KDYCIRLVSA-N"",""PBAPPPCECJKMCM-KKEARYGBSA-N"",""PBAPPPCECJKMCM-KLJNCYNHSA-N"",""PBAPPPCECJKMCM-KLVKVPOTSA-N"",""PBAPPPCECJKMCM-KMVTXDGHSA-N"",""PBAPPPCECJKMCM-KYSPLJIRSA-N"",""PBAPPPCECJKMCM-KZKVQKRBSA-N"",""PBAPPPCECJKMCM-LJQANCHMSA-N"",""PBAPPPCECJKMCM-LKKPICEESA-N"",""PBAPPPCECJKMCM-MDGSFACESA-N"",""PBAPPPCECJKMCM-MFKOFVQUSA-N"",""PBAPPPCECJKMCM-NEZHUVCYSA-N"",""PBAPPPCECJKMCM-NFVQELQISA-N"",""PBAPPPCECJKMCM-NNPBHZIMSA-N"",""PBAPPPCECJKMCM-NQLVOUKQSA-N"",""PBAPPPCECJKMCM-NSMLMFOESA-N"",""PBAPPPCECJKMCM-NVCOXEMSSA-N"",""PBAPPPCECJKMCM-OMVVLXAOSA-N"",""PBAPPPCECJKMCM-OSJHLEOBSA-N"",""PBAPPPCECJKMCM-PHEBBQJOSA-N"",""PBAPPPCECJKMCM-PKSCVVPXSA-N"",""PBAPPPCECJKMCM-POLJVQGDSA-N"",""PBAPPPCECJKMCM-PRGHGDJQSA-N"",""PBAPPPCECJKMCM-PVMUAGHFSA-N"",""PBAPPPCECJKMCM-PXHYESOESA-N"",""PBAPPPCECJKMCM-QABMKOTLSA-N"",""PBAPPPCECJKMCM-QANFTBBRSA-N"",""PBAPPPCECJKMCM-QLGZCVRESA-N"",""PBAPPPCECJKMCM-RALIUCGRSA-N"",""PBAPPPCECJKMCM-RCAQAPNNSA-N"",""PBAPPPCECJKMCM-RRXCSKJUSA-N"",""PBAPPPCECJKMCM-RWWVCGCHSA-N"",""PBAPPPCECJKMCM-RZXNPZRVSA-N"",""PBAPPPCECJKMCM-SAVPGPHLSA-N"",""PBAPPPCECJKMCM-SKZOTFEESA-N"",""PBAPPPCECJKMCM-SMACVLDMSA-N"",""PBAPPPCECJKMCM-SQZBPOHVSA-N"",""PBAPPPCECJKMCM-SSYPCWBSSA-N"",""PBAPPPCECJKMCM-SXWZMIJLSA-N"",""PBAPPPCECJKMCM-TVGPKDOBSA-N"",""PBAPPPCECJKMCM-UHFFFAOYSA-N"",""PBAPPPCECJKMCM-UKLABBIBSA-N"",""PBAPPPCECJKMCM-UXMJROSLSA-N"",""PBAPPPCECJKMCM-VCHCHLRXSA-N"",""PBAPPPCECJKMCM-VDKSWGSWSA-N"",""PBAPPPCECJKMCM-VDTPKDCLSA-N"",""PBAPPPCECJKMCM-VFZWFAFKSA-N"",""PBAPPPCECJKMCM-VGCPQQGBSA-N"",""PBAPPPCECJKMCM-VRKNTCGMSA-N"",""PBAPPPCECJKMCM-VZSGJTLWSA-N"",""PBAPPPCECJKMCM-WLXZJWCJSA-N"",""PBAPPPCECJKMCM-WROXPGLTSA-N"",""PBAPPPCECJKMCM-XAEJBDKDSA-N"",""PBAPPPCECJKMCM-XCGUMRISSA-N"",""PBAPPPCECJKMCM-XCTMGLMESA-N"",""PBAPPPCECJKMCM-XOQDBNRMSA-N"",""PBAPPPCECJKMCM-YEWCPORDSA-N"",""PBAPPPCECJKMCM-ZFXWKQDYSA-N"",""PBAPPPCECJKMCM-ZLQFGESQSA-N"",""PBAPPPCECJKMCM-ZTCIVQIQSA-N"",""PBAPPPCECJKMCM-ZZRFZUQDSA-N"",""WSYDYHKUJOXZMK-TXEPZDRESA-N"",""WSYDYHKUJOXZMK-UHFFFAOYSA-N"",""ZGJGVOWYPHPPFA-FSRHSHDFSA-N"",""ZGJGVOWYPHPPFA-FYZYNONXSA-N""]"
695,tofacitinib,CIDm09926791,false,0,0,[]
696,regorafenib,CIDm11167602,true,28,28,"[""ACSWJKPZXNIVMY-NIIDSAIPSA-N"",""ACSWJKPZXNIVMY-UHFFFAOYSA-N"",""FNHKPVJBJVTLMP-AOVGWPAHSA-N"",""FNHKPVJBJVTLMP-BFCJKJAFSA-N"",""FNHKPVJBJVTLMP-BHEBLLROSA-N"",""FNHKPVJBJVTLMP-CXSJKQENSA-N"",""FNHKPVJBJVTLMP-DICFDUPASA-N"",""FNHKPVJBJVTLMP-FIBGUPNXSA-N"",""FNHKPVJBJVTLMP-GMBKDLORSA-N"",""FNHKPVJBJVTLMP-JGBJNMEESA-N"",""FNHKPVJBJVTLMP-JGJZSMQNSA-N"",""FNHKPVJBJVTLMP-KKSCULOYSA-N"",""FNHKPVJBJVTLMP-KQORAOOSSA-N"",""FNHKPVJBJVTLMP-LIRMUWJMSA-N"",""FNHKPVJBJVTLMP-MICDWDOJSA-N"",""FNHKPVJBJVTLMP-NYFRJLQFSA-N"",""FNHKPVJBJVTLMP-OFTYRWGKSA-N"",""FNHKPVJBJVTLMP-OMNVKBNWSA-N"",""FNHKPVJBJVTLMP-PMJOIGKSSA-N"",""FNHKPVJBJVTLMP-SPZYIOQKSA-N"",""FNHKPVJBJVTLMP-UAFYPLAESA-N"",""FNHKPVJBJVTLMP-UHFFFAOYSA-N"",""FNHKPVJBJVTLMP-VNRZBHCFSA-N"",""FNHKPVJBJVTLMP-VVAQFOCRSA-N"",""PAZXTVFHRWRCLP-UHFFFAOYSA-N"",""WAVSRQWQQKBJEZ-NIIDSAIPSA-N"",""WAVSRQWQQKBJEZ-UHFFFAOYSA-N"",""ZOPOQLDXFHBOIH-UHFFFAOYSA-N""]"
697,aclidinium.bromide,CIDm11467166,false,0,0,[]
698,enzalutamide,CIDm15951529,true,12,12,"[""WXCXUHSOUPDCQV-FYNYLEMMSA-N"",""WXCXUHSOUPDCQV-GQALSZNTSA-N"",""WXCXUHSOUPDCQV-HPRDVNIFSA-N"",""WXCXUHSOUPDCQV-JYFDYMOTSA-N"",""WXCXUHSOUPDCQV-LBDFIVMYSA-N"",""WXCXUHSOUPDCQV-LBIYLIDLSA-N"",""WXCXUHSOUPDCQV-SMZGMGDZSA-N"",""WXCXUHSOUPDCQV-UHFFFAOYSA-N"",""WXCXUHSOUPDCQV-VBCVTXNDSA-N"",""WXCXUHSOUPDCQV-VTXOCPIZSA-N"",""WXCXUHSOUPDCQV-WFGJKAKNSA-N"",""WXCXUHSOUPDCQV-WFVSFCRTSA-N""]"
699,teduglutide,CIDm70683012,false,0,0,[]
700,ponatinib,CIDm24826799,true,32,32,"[""BWTNNZPNKQIADY-UHFFFAOYSA-N"",""PHXJVRSECIGDHY-BESCSHLMSA-N"",""PHXJVRSECIGDHY-BOSRIYADSA-N"",""PHXJVRSECIGDHY-BWMPYARCSA-N"",""PHXJVRSECIGDHY-CBJQCKJESA-N"",""PHXJVRSECIGDHY-CCGRBZNASA-N"",""PHXJVRSECIGDHY-CFABXSQSSA-N"",""PHXJVRSECIGDHY-DESVGOPWSA-N"",""PHXJVRSECIGDHY-DHNBGMNGSA-N"",""PHXJVRSECIGDHY-DRMGEXGZSA-N"",""PHXJVRSECIGDHY-DYNYSYQDSA-N"",""PHXJVRSECIGDHY-HWQIUULUSA-N"",""PHXJVRSECIGDHY-IYEDASMCSA-N"",""PHXJVRSECIGDHY-LNOSBMENSA-N"",""PHXJVRSECIGDHY-MAOWXWBLSA-N"",""PHXJVRSECIGDHY-NRSCGQGBSA-N"",""PHXJVRSECIGDHY-NYEGXKLCSA-N"",""PHXJVRSECIGDHY-ODDRFSHXSA-N"",""PHXJVRSECIGDHY-OGCYBUAXSA-N"",""PHXJVRSECIGDHY-OOBBGNONSA-N"",""PHXJVRSECIGDHY-UAAGYMLOSA-N"",""PHXJVRSECIGDHY-UHFFFAOYSA-N"",""PHXJVRSECIGDHY-UHFFFAOYSA-P"",""PHXJVRSECIGDHY-VQVWLXQBSA-N"",""PHXJVRSECIGDHY-VZVSZJSWSA-N"",""PHXJVRSECIGDHY-WFGJKAKNSA-N"",""PHXJVRSECIGDHY-WIEUIDHUSA-N"",""PHXJVRSECIGDHY-WJHYLOSYSA-N"",""PHXJVRSECIGDHY-WKTMHTLWSA-N"",""PHXJVRSECIGDHY-XHZXFRMDSA-N"",""PHXJVRSECIGDHY-YEXDGGICSA-N"",""PHXJVRSECIGDHY-ZADZSNSTSA-N""]"
701,bedaquiline,CIDm05388906,false,0,0,[]
702,fluticasone.furoate,CIDm09854489,true,22,22,"[""XTULMSXFIHGYFS-AGQVYWRLSA-N"",""XTULMSXFIHGYFS-ANANKPOUSA-N"",""XTULMSXFIHGYFS-GBVOORMTSA-N"",""XTULMSXFIHGYFS-ITEYNTTNSA-N"",""XTULMSXFIHGYFS-KIFIMYBHSA-N"",""XTULMSXFIHGYFS-KOMYIWBZSA-N"",""XTULMSXFIHGYFS-LIXCSGCVSA-N"",""XTULMSXFIHGYFS-NJLACLKJSA-N"",""XTULMSXFIHGYFS-OQYXAOTQSA-N"",""XTULMSXFIHGYFS-PWVSPKMESA-N"",""XTULMSXFIHGYFS-TVAIKIAISA-N"",""XTULMSXFIHGYFS-UEBUWRTBSA-N"",""XTULMSXFIHGYFS-UHFFFAOYSA-N"",""XTULMSXFIHGYFS-UNLBLVEUSA-N"",""XTULMSXFIHGYFS-URNVUPDWSA-N"",""XTULMSXFIHGYFS-VLSRWLAYSA-N"",""XTULMSXFIHGYFS-YADLPLBTSA-N"",""XTULMSXFIHGYFS-YHELWEJBSA-N"",""XTULMSXFIHGYFS-YIKRWCEKSA-N"",""XTULMSXFIHGYFS-YSCZEREISA-N"",""XTULMSXFIHGYFS-ZOMUHLMYSA-N"",""XTULMSXFIHGYFS-ZXPOJVQESA-N""]"
703,canagliflozin,CIDm24812758,true,22,22,"[""RCCZPUWDQVUJAB-FVYJGOGTSA-N"",""RCCZPUWDQVUJAB-UHFFFAOYSA-N"",""VHOFTEAWFCUTOS-HTDYLQHCSA-N"",""VHOFTEAWFCUTOS-TUGBYPPCSA-N"",""VHOFTEAWFCUTOS-UHFFFAOYSA-N"",""XTNGUQKDFGDXSJ-AGGOYSMVSA-N"",""XTNGUQKDFGDXSJ-AZKGINQHSA-N"",""XTNGUQKDFGDXSJ-ILGLIWPDSA-N"",""XTNGUQKDFGDXSJ-KHWQAPGJSA-N"",""XTNGUQKDFGDXSJ-KKEQRHKBSA-N"",""XTNGUQKDFGDXSJ-LVCZELDUSA-N"",""XTNGUQKDFGDXSJ-PFKOEMKTSA-N"",""XTNGUQKDFGDXSJ-PMMPTJNNSA-N"",""XTNGUQKDFGDXSJ-RUASRDBBSA-N"",""XTNGUQKDFGDXSJ-UHFFFAOYSA-N"",""XTNGUQKDFGDXSJ-WQIJPNTOSA-N"",""XTNGUQKDFGDXSJ-XTHQTVKQSA-N"",""XTNGUQKDFGDXSJ-ZJKSJQIJSA-N"",""XTNGUQKDFGDXSJ-ZXGKGEBGSA-N"",""XTNGUQKDFGDXSJ-ZYECUOTHSA-N"",""ZOHODSNBTWVITC-FVYJGOGTSA-N"",""ZOHODSNBTWVITC-UHFFFAOYSA-N""]"
704,glycerol.phenylbutyrate,CIDm10482134,true,1,1,"[""ZSDBFLMJVAGKOU-UHFFFAOYSA-N""]"
705,pomalidomide,CIDm00134780,true,54,54,"[""AFLFLFFMLAMCHE-QRPNPIFTSA-N"",""AFLFLFFMLAMCHE-UHFFFAOYSA-N"",""ATTKDQCZEYLZAV-UHFFFAOYSA-N"",""ATTKDQCZEYLZAV-WLHGVMLRSA-N"",""GFQRZHYZVXEIJQ-UHFFFAOYSA-N"",""IEJXTFJQTBRLLY-UHFFFAOYSA-N"",""MXQBMJLUOIQAJE-UHFFFAOYSA-N"",""NROSRSMEUMRFQI-UHFFFAOYSA-N"",""OKVIEZKFLRYNKY-UHFFFAOYSA-N"",""SJSSRJOJQFAMEQ-UHFFFAOYSA-N"",""UVSMNLNDYGZFPF-AFBAWBIXSA-N"",""UVSMNLNDYGZFPF-APZFVMQVSA-N"",""UVSMNLNDYGZFPF-AVLZNLQKSA-N"",""UVSMNLNDYGZFPF-BFWBPSQCSA-N"",""UVSMNLNDYGZFPF-BNEYPBHNSA-N"",""UVSMNLNDYGZFPF-CBYSEHNBSA-N"",""UVSMNLNDYGZFPF-CNEKQJMDSA-N"",""UVSMNLNDYGZFPF-CQOLUAMGSA-N"",""UVSMNLNDYGZFPF-FCUISPMJSA-N"",""UVSMNLNDYGZFPF-FNSQVOEJSA-N"",""UVSMNLNDYGZFPF-GRRZFFPDSA-N"",""UVSMNLNDYGZFPF-HKEDYHFJSA-N"",""UVSMNLNDYGZFPF-HVSDBVKWSA-N"",""UVSMNLNDYGZFPF-HXTKLZSNSA-N"",""UVSMNLNDYGZFPF-IFUFNAFESA-N"",""UVSMNLNDYGZFPF-KFRNQKGQSA-N"",""UVSMNLNDYGZFPF-LOYIAQTISA-N"",""UVSMNLNDYGZFPF-MHAXGGBHSA-N"",""UVSMNLNDYGZFPF-MICDWDOJSA-N"",""UVSMNLNDYGZFPF-MRVPVSSYSA-N"",""UVSMNLNDYGZFPF-OKHVXZACSA-N"",""UVSMNLNDYGZFPF-PBNXXWCMSA-N"",""UVSMNLNDYGZFPF-QDNHWIQGSA-N"",""UVSMNLNDYGZFPF-QMMMGPOBSA-N"",""UVSMNLNDYGZFPF-QUWGTZMWSA-N"",""UVSMNLNDYGZFPF-QYKNYGDISA-N"",""UVSMNLNDYGZFPF-QZBHDARWSA-N"",""UVSMNLNDYGZFPF-RJWLWELZSA-N"",""UVSMNLNDYGZFPF-RZMXOXBSSA-N"",""UVSMNLNDYGZFPF-SDTNDFKLSA-N"",""UVSMNLNDYGZFPF-SUWOTOJDSA-N"",""UVSMNLNDYGZFPF-TWCJCEHUSA-N"",""UVSMNLNDYGZFPF-UHFFFAOYSA-N"",""UVSMNLNDYGZFPF-UICOGKGYSA-N"",""UVSMNLNDYGZFPF-VMNATFBRSA-N"",""UVSMNLNDYGZFPF-WFVSFCRTSA-N"",""UVSMNLNDYGZFPF-WIWMNQFYSA-N"",""UVSMNLNDYGZFPF-XMTIQWOTSA-N"",""UVSMNLNDYGZFPF-XPOOIHDOSA-N"",""UVSMNLNDYGZFPF-YQADWFGKSA-N"",""UVSMNLNDYGZFPF-ZBMIKOAMSA-N"",""UVSMNLNDYGZFPF-ZJVARBGUSA-N"",""UVSMNLNDYGZFPF-ZOYPIFFKSA-N"",""UVSMNLNDYGZFPF-ZXEPEWCSSA-N""]"
706,trametinib,CIDm11707110,true,6,6,"[""CNAIPXAVOVFHOO-UHFFFAOYSA-N"",""LIRYPHYGHXZJBZ-UHFFFAOYSA-N"",""LIRYPHYGHXZJBZ-YGELHQHLSA-N"",""MGQBZBPCZGQRTJ-UHFFFAOYSA-N"",""OQUFJVRYDFIQBW-UHFFFAOYSA-N"",""SCBIYBPRCJJEEA-UHFFFAOYSA-N""]"
707,dabrafenib,CIDm44462760,true,7,7,"[""BFSMGDJOXZAERB-FUZSXZIPSA-N"",""BFSMGDJOXZAERB-GQALSZNTSA-N"",""BFSMGDJOXZAERB-UHFFFAOYSA-N"",""BFSMGDJOXZAERB-WFGJKAKNSA-N"",""JUAVMGWDDCBMFU-UHFFFAOYSA-N"",""PEQLLIFLCVEPCQ-UHFFFAOYSA-N"",""YKGMKSIHIVVYKY-UHFFFAOYSA-N""]"
708,radium.(223Ra).dichloride,CIDm06328144,true,12,12,"[""HCWPIIXVSYCSAN-AHCXROLUSA-N"",""HCWPIIXVSYCSAN-BJUDXGSMSA-N"",""HCWPIIXVSYCSAN-DWTUDRKQSA-N"",""HCWPIIXVSYCSAN-IGMARMGPSA-N"",""HCWPIIXVSYCSAN-NJFSPNSNSA-N"",""HCWPIIXVSYCSAN-OIOBTWANSA-N"",""HCWPIIXVSYCSAN-OUBTZVSYSA-N"",""HCWPIIXVSYCSAN-RKEGKUSMSA-N"",""HCWPIIXVSYCSAN-RNFDNDRNSA-N"",""HCWPIIXVSYCSAN-UHFFFAOYSA-N"",""HCWPIIXVSYCSAN-VENIDDJXSA-N"",""HCWPIIXVSYCSAN-YPZZEJLDSA-N""]"
709,afatinib,CIDm10184653,false,0,0,[]
710,dolutegravir,CIDm46216142,true,77,77,"[""FOZLBAIXQATFFW-UHFFFAOYSA-N"",""FOZLBAIXQATFFW-VSLILLSYSA-N"",""HZBSBVRHFUGUAR-VSLILLSYSA-M"",""RHWKPHLQXYSBKR-ATGQSGIYSA-N"",""RHWKPHLQXYSBKR-AZBTWDQBSA-N"",""RHWKPHLQXYSBKR-BHPJUFCZSA-N"",""RHWKPHLQXYSBKR-BMIGLBTASA-M"",""RHWKPHLQXYSBKR-BMIGLBTASA-N"",""RHWKPHLQXYSBKR-BSXDOKQCSA-N"",""RHWKPHLQXYSBKR-BWPQPNELSA-N"",""RHWKPHLQXYSBKR-CLJMUIMYSA-N"",""RHWKPHLQXYSBKR-CVSCMJELSA-N"",""RHWKPHLQXYSBKR-DCUOXHLRSA-N"",""RHWKPHLQXYSBKR-DKPQLCBPSA-N"",""RHWKPHLQXYSBKR-DLOHWYGASA-N"",""RHWKPHLQXYSBKR-DTTAOAAWSA-N"",""RHWKPHLQXYSBKR-DXNGUBHPSA-N"",""RHWKPHLQXYSBKR-FCHQSNPXSA-N"",""RHWKPHLQXYSBKR-FCNOLGEFSA-N"",""RHWKPHLQXYSBKR-GADATQGLSA-N"",""RHWKPHLQXYSBKR-GHAKJDPKSA-N"",""RHWKPHLQXYSBKR-GXYDQOKTSA-N"",""RHWKPHLQXYSBKR-HRYHLDEASA-N"",""RHWKPHLQXYSBKR-IBVCRKGWSA-N"",""RHWKPHLQXYSBKR-INHVJJQHSA-N"",""RHWKPHLQXYSBKR-INWASIOZSA-N"",""RHWKPHLQXYSBKR-JKOHITPZSA-N"",""RHWKPHLQXYSBKR-KDVXRAQDSA-N"",""RHWKPHLQXYSBKR-KTHMBBPNSA-N"",""RHWKPHLQXYSBKR-LBRCTCRNSA-N"",""RHWKPHLQXYSBKR-LHKKLMORSA-N"",""RHWKPHLQXYSBKR-LWJFYNJSSA-N"",""RHWKPHLQXYSBKR-MCFILHPSSA-N"",""RHWKPHLQXYSBKR-MKRYVLSLSA-N"",""RHWKPHLQXYSBKR-MYBGJPFJSA-N"",""RHWKPHLQXYSBKR-OASGPYFPSA-N"",""RHWKPHLQXYSBKR-OCRWALIBSA-N"",""RHWKPHLQXYSBKR-OJLLTLJYSA-N"",""RHWKPHLQXYSBKR-PTUDLUQTSA-N"",""RHWKPHLQXYSBKR-PXHBCRPZSA-N"",""RHWKPHLQXYSBKR-QZMDBYMESA-N"",""RHWKPHLQXYSBKR-REHDAIISSA-N"",""RHWKPHLQXYSBKR-RJXLDNAHSA-N"",""RHWKPHLQXYSBKR-RKYHIJQGSA-N"",""RHWKPHLQXYSBKR-RTLVIDSFSA-N"",""RHWKPHLQXYSBKR-RUROPDKOSA-N"",""RHWKPHLQXYSBKR-SGDUXHLQSA-N"",""RHWKPHLQXYSBKR-SVFHNYHRSA-N"",""RHWKPHLQXYSBKR-TYHGXNIUSA-N"",""RHWKPHLQXYSBKR-UHFFFAOYSA-M"",""RHWKPHLQXYSBKR-UHFFFAOYSA-N"",""RHWKPHLQXYSBKR-ULNJQCCOSA-N"",""RHWKPHLQXYSBKR-UNQLIQLMSA-N"",""RHWKPHLQXYSBKR-UPEGXKIESA-N"",""RHWKPHLQXYSBKR-UUZCABEUSA-N"",""RHWKPHLQXYSBKR-VBFUHNQKSA-N"",""RHWKPHLQXYSBKR-VKJZXYAFSA-N"",""RHWKPHLQXYSBKR-VVVZBHHSSA-N"",""RHWKPHLQXYSBKR-VXZTXNJHSA-N"",""RHWKPHLQXYSBKR-WCDSUWPLSA-N"",""RHWKPHLQXYSBKR-WEHNTWLISA-N"",""RHWKPHLQXYSBKR-WHKJBKCJSA-N"",""RHWKPHLQXYSBKR-WXANQXDASA-N"",""RHWKPHLQXYSBKR-XCLYUKAYSA-N"",""RHWKPHLQXYSBKR-YDCVZYBCSA-N"",""RHWKPHLQXYSBKR-YPNJZGQESA-N"",""RHWKPHLQXYSBKR-YUYJZGEISA-N"",""RHWKPHLQXYSBKR-YXTKIEABSA-N"",""RHWKPHLQXYSBKR-ZBXAUESOSA-N"",""RHWKPHLQXYSBKR-ZIQXTKBFSA-N"",""RHWKPHLQXYSBKR-ZUZCIYMTSA-N"",""UDYLZWGOPQBQQT-UHFFFAOYSA-N"",""UDYLZWGOPQBQQT-ZSYJTXGQSA-M"",""UDYLZWGOPQBQQT-ZSYJTXGQSA-N"",""UGWJRRXTMKRYNK-KOPACZMBSA-M"",""UGWJRRXTMKRYNK-UHFFFAOYSA-M"",""UGWJRRXTMKRYNK-VSLILLSYSA-M""]"
711,riociguat,CIDm11304743,true,35,35,"[""WXXSNCNJFUAIDG-AJEVBKBKSA-N"",""WXXSNCNJFUAIDG-BKULPVKKSA-N"",""WXXSNCNJFUAIDG-BMSJAHLVSA-N"",""WXXSNCNJFUAIDG-DSLGREPASA-N"",""WXXSNCNJFUAIDG-FIBGUPNXSA-N"",""WXXSNCNJFUAIDG-FLRUYEFMSA-N"",""WXXSNCNJFUAIDG-GHCMQYAQSA-N"",""WXXSNCNJFUAIDG-GKLOCXTJSA-N"",""WXXSNCNJFUAIDG-IBIKLYTOSA-N"",""WXXSNCNJFUAIDG-KBMKNGFXSA-N"",""WXXSNCNJFUAIDG-KDXKYUATSA-N"",""WXXSNCNJFUAIDG-KLFIIISESA-N"",""WXXSNCNJFUAIDG-KQORAOOSSA-N"",""WXXSNCNJFUAIDG-MIBSYSDMSA-N"",""WXXSNCNJFUAIDG-MRAIFBLPSA-N"",""WXXSNCNJFUAIDG-NDTZYLPZSA-N"",""WXXSNCNJFUAIDG-NJFDCKJNSA-N"",""WXXSNCNJFUAIDG-PGFKMJTASA-N"",""WXXSNCNJFUAIDG-QMEAKBMXSA-N"",""WXXSNCNJFUAIDG-QSTDHMRSSA-N"",""WXXSNCNJFUAIDG-RLJYPSSVSA-N"",""WXXSNCNJFUAIDG-SGCHUYIRSA-N"",""WXXSNCNJFUAIDG-SGFZEVGLSA-N"",""WXXSNCNJFUAIDG-TYGWEUIGSA-N"",""WXXSNCNJFUAIDG-UCZITSSGSA-N"",""WXXSNCNJFUAIDG-UHFFFAOYSA-N"",""WXXSNCNJFUAIDG-WFGJKAKNSA-N"",""WXXSNCNJFUAIDG-WUWHREATSA-N"",""WXXSNCNJFUAIDG-WYAQGWIHSA-N"",""WXXSNCNJFUAIDG-XYQOEYHTSA-N"",""WXXSNCNJFUAIDG-YMGXPUQPSA-N"",""WXXSNCNJFUAIDG-YOYGZNHQSA-N"",""WXXSNCNJFUAIDG-YXDKRSHTSA-N"",""WXXSNCNJFUAIDG-YZKQDOOXSA-N"",""WXXSNCNJFUAIDG-ZOKSBGIUSA-N""]"
712,macitentan,CIDm16004692,true,92,92,"[""JGCMEBMXRHSZKX-AUVMHHIASA-N"",""JGCMEBMXRHSZKX-BGLHXXIASA-N"",""JGCMEBMXRHSZKX-BHVYONNQSA-N"",""JGCMEBMXRHSZKX-BKYIROKSSA-N"",""JGCMEBMXRHSZKX-BSFGQKQYSA-N"",""JGCMEBMXRHSZKX-BXGZMCFESA-N"",""JGCMEBMXRHSZKX-CMVLHMPDSA-N"",""JGCMEBMXRHSZKX-CTFVXAPSSA-N"",""JGCMEBMXRHSZKX-CWARTLJZSA-N"",""JGCMEBMXRHSZKX-CXNINSAZSA-N"",""JGCMEBMXRHSZKX-DDSLLADUSA-N"",""JGCMEBMXRHSZKX-DKCAXOEOSA-N"",""JGCMEBMXRHSZKX-DRMHXAFNSA-N"",""JGCMEBMXRHSZKX-DVVUJIQYSA-N"",""JGCMEBMXRHSZKX-DXCFOAKKSA-N"",""JGCMEBMXRHSZKX-FPOQNAOZSA-N"",""JGCMEBMXRHSZKX-FPWSDNDASA-N"",""JGCMEBMXRHSZKX-FVNULYEUSA-N"",""JGCMEBMXRHSZKX-GAWOVNGQSA-N"",""JGCMEBMXRHSZKX-GMFWAGCZSA-N"",""JGCMEBMXRHSZKX-HCKIRHDBSA-N"",""JGCMEBMXRHSZKX-HMQBYFBQSA-N"",""JGCMEBMXRHSZKX-HNKNOQSXSA-N"",""JGCMEBMXRHSZKX-HYRRKRRNSA-N"",""JGCMEBMXRHSZKX-IHOYCEIFSA-N"",""JGCMEBMXRHSZKX-IIKQDTOJSA-N"",""JGCMEBMXRHSZKX-IRJSTVBPSA-N"",""JGCMEBMXRHSZKX-ITIQKDKXSA-N"",""JGCMEBMXRHSZKX-JKLVEPMESA-N"",""JGCMEBMXRHSZKX-JSKZJIAESA-N"",""JGCMEBMXRHSZKX-JTJFWCDBSA-N"",""JGCMEBMXRHSZKX-JUYNHDDJSA-N"",""JGCMEBMXRHSZKX-JYYXVSHOSA-N"",""JGCMEBMXRHSZKX-KNXIQCGSSA-N"",""JGCMEBMXRHSZKX-KOQPEZSASA-N"",""JGCMEBMXRHSZKX-KVARYPFASA-N"",""JGCMEBMXRHSZKX-KYPQNPJKSA-N"",""JGCMEBMXRHSZKX-LAXUGTKPSA-N"",""JGCMEBMXRHSZKX-LFWPFBDJSA-N"",""JGCMEBMXRHSZKX-LKVLOANYSA-N"",""JGCMEBMXRHSZKX-LNFUJOGGSA-N"",""JGCMEBMXRHSZKX-LVBCTLTKSA-N"",""JGCMEBMXRHSZKX-LZMSFWOYSA-N"",""JGCMEBMXRHSZKX-MIBQVNFTSA-N"",""JGCMEBMXRHSZKX-MIBSGHCASA-N"",""JGCMEBMXRHSZKX-MVMNUHGLSA-N"",""JGCMEBMXRHSZKX-NAKOSRPZSA-N"",""JGCMEBMXRHSZKX-NKAHIHLVSA-N"",""JGCMEBMXRHSZKX-NQRTZQKHSA-N"",""JGCMEBMXRHSZKX-NSVDXQQFSA-N"",""JGCMEBMXRHSZKX-OMHWBTLLSA-N"",""JGCMEBMXRHSZKX-OMIJHYBTSA-N"",""JGCMEBMXRHSZKX-OZAKJIAISA-N"",""JGCMEBMXRHSZKX-PBKOPKSWSA-N"",""JGCMEBMXRHSZKX-PBTMAJADSA-N"",""JGCMEBMXRHSZKX-PCOZJIQLSA-N"",""JGCMEBMXRHSZKX-PHWNOOJDSA-N"",""JGCMEBMXRHSZKX-PIAGMUITSA-N"",""JGCMEBMXRHSZKX-PWUJYWMBSA-N"",""JGCMEBMXRHSZKX-PZQIWQPFSA-N"",""JGCMEBMXRHSZKX-QOHRITBTSA-N"",""JGCMEBMXRHSZKX-RKUWUFJCSA-N"",""JGCMEBMXRHSZKX-RYOWRARFSA-N"",""JGCMEBMXRHSZKX-SFLMPTOPSA-N"",""JGCMEBMXRHSZKX-SPZFJBDZSA-N"",""JGCMEBMXRHSZKX-SQFPEVQMSA-N"",""JGCMEBMXRHSZKX-STOMFCJLSA-N"",""JGCMEBMXRHSZKX-SZNYEHCASA-N"",""JGCMEBMXRHSZKX-UFHSWIARSA-N"",""JGCMEBMXRHSZKX-UHFFFAOYSA-N"",""JGCMEBMXRHSZKX-UQBWLURTSA-N"",""JGCMEBMXRHSZKX-VFURKUBFSA-N"",""JGCMEBMXRHSZKX-VKLAAILXSA-N"",""JGCMEBMXRHSZKX-VMOUJYNHSA-N"",""JGCMEBMXRHSZKX-VTPVYVOOSA-N"",""JGCMEBMXRHSZKX-WCZDMFQBSA-N"",""JGCMEBMXRHSZKX-WRSQKYAFSA-N"",""JGCMEBMXRHSZKX-XBHASZIXSA-N"",""JGCMEBMXRHSZKX-XJFOSLTQSA-N"",""JGCMEBMXRHSZKX-XNLULLJRSA-N"",""JGCMEBMXRHSZKX-XTFOPPQYSA-N"",""JGCMEBMXRHSZKX-YCSZVJKDSA-N"",""JGCMEBMXRHSZKX-YDHOTQGBSA-N"",""JGCMEBMXRHSZKX-YFEAXZEASA-N"",""JGCMEBMXRHSZKX-YFFPIBPASA-N"",""JGCMEBMXRHSZKX-YKVCELIQSA-N"",""JGCMEBMXRHSZKX-YQSYGMNLSA-N"",""JGCMEBMXRHSZKX-YUTJEVNGSA-N"",""JGCMEBMXRHSZKX-ZBXLERGHSA-N"",""JGCMEBMXRHSZKX-ZLRWJDOASA-N"",""JGCMEBMXRHSZKX-ZVELNUBXSA-N"",""JGCMEBMXRHSZKX-ZZOXRPGXSA-N""]"
713,sofosbuvir,CIDm45375808,false,0,0,[]
714,iopamidol,CIDm00065492,false,0,0,[]
715,aliskiren,CIDm05493444,false,0,0,[]
716,vorapaxar,CIDm10077129,false,0,0,[]
717,suvorexant,CIDm24965990,true,4,4,"[""JYTNQNCOQXFQPK-INIZCTEOSA-N"",""JYTNQNCOQXFQPK-MRXNPFEDSA-N"",""JYTNQNCOQXFQPK-UHFFFAOYSA-N"",""JYTNQNCOQXFQPK-VDWPCSAHSA-N""]"
718,empagliflozin,CIDm11949646,true,9,9,"[""OBWASQILIWPZMG-LYEBVNKESA-N"",""OBWASQILIWPZMG-QZMOQZSNSA-N"",""OBWASQILIWPZMG-RQPXCORLSA-N"",""OBWASQILIWPZMG-UHFFFAOYSA-N"",""OBWASQILIWPZMG-VUOLKEHKSA-N"",""OBWASQILIWPZMG-WLNBBENOSA-N"",""OBWASQILIWPZMG-XGKJGUGDSA-N"",""OBWASQILIWPZMG-YAELEZMHSA-N"",""OBWASQILIWPZMG-YEYVZNSNSA-N""]"
719,eliglustat,CIDm23652731,false,0,0,[]
720,ibrutinib,CIDm24821094,false,0,0,[]
721,cobicistat,CIDm25151504,false,0,0,[]
722,vortioxetine,CIDm09966051,true,29,29,"[""BQOITUSTUYQBCY-UHFFFAOYSA-N"",""CQSVBPFCYHGUJN-BTJKTKAUSA-N"",""CQSVBPFCYHGUJN-UHFFFAOYSA-N"",""CQSVBPFCYHGUJN-WLHGVMLRSA-N"",""DZYONJWDSULFLC-UHFFFAOYSA-N"",""FXNQRWKMDGZOIB-LREBCSMRSA-N"",""FXNQRWKMDGZOIB-UHFFFAOYSA-N"",""FXNQRWKMDGZOIB-WUUYCOTASA-N"",""FXNQRWKMDGZOIB-YKWZRPGSSA-N"",""JOJYHYRCIYAVHN-UHFFFAOYSA-N"",""JPYZXNSGJLRWJE-UHFFFAOYSA-N"",""KJXWEKCEAVJWHZ-ARGLLVQISA-N"",""KJXWEKCEAVJWHZ-UHFFFAOYSA-N"",""KJXWEKCEAVJWHZ-WNQIDUERSA-N"",""QTCGCVSWXYKRDH-UHFFFAOYSA-N"",""QYDKMADPKYDSCP-UHFFFAOYSA-N"",""SBTDCSMXVFWQDA-UHFFFAOYSA-N"",""VNGRUFUIHGGOOM-UHFFFAOYSA-N"",""WCZGSEGYVHKTPP-XVESOQOFSA-N"",""YQNWZWMKLDQSAC-DICFDUPASA-N"",""YQNWZWMKLDQSAC-FIBGUPNXSA-N"",""YQNWZWMKLDQSAC-JVVVGQRLSA-N"",""YQNWZWMKLDQSAC-LNLMKGTHSA-N"",""YQNWZWMKLDQSAC-SUXVERADSA-N"",""YQNWZWMKLDQSAC-UHFFFAOYSA-N"",""YQNWZWMKLDQSAC-UHFFFAOYSA-O"",""YQNWZWMKLDQSAC-VUPKJPSOSA-N"",""YQNWZWMKLDQSAC-WFGJKAKNSA-N"",""YQNWZWMKLDQSAC-ZBJDZAJPSA-N""]"
723,tasimelteon,CIDm10220503,false,0,0,[]
724,sodium.oxybate,CIDm00010413,true,42,41,"[""AUYNCXRTGCQCAZ-UHFFFAOYSA-N"",""AZRRVLSHRWGNRS-UHFFFAOYSA-L"",""DHMNDZPIIAWHEJ-UHFFFAOYSA-N"",""DTPYCVUPXJZKRJ-UHFFFAOYSA-N"",""DZGOFSSNXZABSA-UHFFFAOYSA-N"",""HZYZHUZIWFRBNU-UHFFFAOYSA-N"",""LKOAUKSFJJBMQM-UHFFFAOYSA-N"",""MTYZPHILUPGWQB-UHFFFAOYSA-N"",""OGXMOZVFYDBQOT-UHFFFAOYSA-M"",""PSPGBINRVKBHMR-UHFFFAOYSA-N"",""QWZIZKOBUUSCLO-UHFFFAOYSA-L"",""RQBQDIMJCIRTSW-UHFFFAOYSA-N"",""SJZRECIVHVDYJC-CBTSVUPCSA-N"",""SJZRECIVHVDYJC-DICFDUPASA-N"",""SJZRECIVHVDYJC-GWYZVRNTSA-N"",""SJZRECIVHVDYJC-JCDJMFQYSA-N"",""SJZRECIVHVDYJC-LNLMKGTHSA-N"",""SJZRECIVHVDYJC-NMFSSPJFSA-N"",""SJZRECIVHVDYJC-RRVWJQJTSA-N"",""SJZRECIVHVDYJC-SMZGMGDZSA-N"",""SJZRECIVHVDYJC-UHFFFAOYSA-M"",""SJZRECIVHVDYJC-UHFFFAOYSA-N"",""SJZRECIVHVDYJC-UHVFUKFASA-N"",""SJZRECIVHVDYJC-UXXIZXEISA-N"",""SJZRECIVHVDYJC-VEPVEJTGSA-N"",""SJZRECIVHVDYJC-WFVSFCRTSA-N"",""TXSIWDVUJVMMKM-UHFFFAOYSA-M"",""VRNYWRGXLHVVTC-UHFFFAOYSA-N"",""WFBCFGRDCIMEAM-UHFFFAOYSA-N"",""WFBCFGRDCIMEAM-UJNKEPEOSA-N"",""XYGBKMMCQDZQOZ-BCKZTNHCSA-M"",""XYGBKMMCQDZQOZ-CUOKRTIESA-M"",""XYGBKMMCQDZQOZ-DAHDXRBSSA-M"",""XYGBKMMCQDZQOZ-HAFGEVJTSA-M"",""XYGBKMMCQDZQOZ-IYPYQTRPSA-M"",""XYGBKMMCQDZQOZ-LRDWTYOMSA-M"",""XYGBKMMCQDZQOZ-PBCJVBLFSA-M"",""XYGBKMMCQDZQOZ-UHFFFAOYSA-M"",""XYGBKMMCQDZQOZ-UHFFFAOYSA-N"",""YKPONTLJRVHESE-UHFFFAOYSA-N"",""ZZTGAFIJQWSJRU-UHFFFAOYSA-N""]"
725,umeclidinium.bromide,CIDm11519069,true,19,19,"[""ANNAHFJQTBCGHA-UHFFFAOYSA-M"",""BNEYDWVPVMGBQR-UHFFFAOYSA-N"",""BRLDIOXJXNDYTP-UHFFFAOYSA-M"",""CKPBHXBXPJMGOO-UHFFFAOYSA-M"",""FVTWTVQXNAJTQP-UHFFFAOYSA-N"",""HWYSULPZRHCZIT-UHFFFAOYSA-M"",""HXXZFNDPKZBHPA-UHFFFAOYSA-N"",""JAVPHROSGORXSP-UHFFFAOYSA-M"",""LFPJGPXGYVLIDI-UHFFFAOYSA-N"",""NEBCFQJEWAIXDG-UHFFFAOYSA-M"",""PEJHHXHHNGORMP-UHFFFAOYSA-M"",""PLTHGQKNJFCCGB-UHFFFAOYSA-N"",""RMNZBVPQMDCEBI-UHFFFAOYSA-N"",""TZSLEWNMTCWGGY-UHFFFAOYSA-N"",""UISKBJJHNPXQGZ-UHFFFAOYSA-M"",""WMUXEPZJTAVDPB-UHFFFAOYSA-M"",""XXRVIKJAXOJNTQ-UHFFFAOYSA-N"",""XXRVIKJAXOJNTQ-WLHGVMLRSA-N"",""ZXBBEBYUBUTSPX-UHFFFAOYSA-M""]"
726,olodaterol,CIDm11504294,false,0,0,[]
727,pinaverium,CIDm00040703,true,19,19,"[""DDHUTBKXLWCZCO-BAGYTPMASA-N"",""DDHUTBKXLWCZCO-BVSLBCMMSA-N"",""DDHUTBKXLWCZCO-CEMLEFRQSA-N"",""DDHUTBKXLWCZCO-FCEUIQTBSA-N"",""DDHUTBKXLWCZCO-FJVJJXCISA-N"",""DDHUTBKXLWCZCO-GFUWAVFVSA-N"",""DDHUTBKXLWCZCO-HJNYFJLDSA-N"",""DDHUTBKXLWCZCO-ILWGZMRPSA-N"",""DDHUTBKXLWCZCO-KSEOMHKRSA-N"",""DDHUTBKXLWCZCO-NNWRFLSQSA-N"",""DDHUTBKXLWCZCO-UHFFFAOYSA-N"",""DDHUTBKXLWCZCO-YPURBLFUSA-N"",""DDHUTBKXLWCZCO-ZQELPDTJSA-N"",""IKGXLCMLVINENI-GCHGEAKMSA-M"",""IKGXLCMLVINENI-HWSQDURDSA-M"",""IKGXLCMLVINENI-OEBHYEIQSA-M"",""IKGXLCMLVINENI-UHFFFAOYSA-M"",""IKGXLCMLVINENI-UHFFFAOYSA-N"",""IKGXLCMLVINENI-WVYYIIHHSA-M""]"
728,benzoyl.peroxide,CIDm00007187,true,5,5,"[""BQPQDOLPQNAJLU-UHFFFAOYSA-N"",""IJMAGBPFKJJDOS-UHFFFAOYSA-N"",""OMPJBNCRMGITSC-UHFFFAOYSA-N"",""OMPJBNCRMGITSC-UHFFFAOYSA-O"",""OMPJBNCRMGITSC-WCGVKTIYSA-N""]"
729,elvitegravir,CIDm05277135,true,20,20,"[""JUZYLCPPVHEVSV-BRJATZNPSA-N"",""JUZYLCPPVHEVSV-BYYYEMDWSA-N"",""JUZYLCPPVHEVSV-COGPPCGLSA-N"",""JUZYLCPPVHEVSV-FGXPNJDFSA-N"",""JUZYLCPPVHEVSV-GWLOMGSLSA-N"",""JUZYLCPPVHEVSV-HPHWMYPNSA-N"",""JUZYLCPPVHEVSV-IBGZPJMESA-N"",""JUZYLCPPVHEVSV-JMFDADHJSA-N"",""JUZYLCPPVHEVSV-LJQANCHMSA-M"",""JUZYLCPPVHEVSV-LJQANCHMSA-N"",""JUZYLCPPVHEVSV-OOEVQNOUSA-N"",""JUZYLCPPVHEVSV-QKIGXKLISA-N"",""JUZYLCPPVHEVSV-SCTDAPLVSA-N"",""JUZYLCPPVHEVSV-UHFFFAOYSA-M"",""JUZYLCPPVHEVSV-UHFFFAOYSA-N"",""JUZYLCPPVHEVSV-VQZFDHSSSA-N"",""JUZYLCPPVHEVSV-XYVOFDBYSA-N"",""JUZYLCPPVHEVSV-ZJRRUFRHSA-N"",""NAJQDGJNHINDOX-FSRHSHDFSA-N"",""NAJQDGJNHINDOX-UHFFFAOYSA-N""]"
730,mesna,CIDm00000598,true,20,18,"[""AJLBRNSLNHZQAA-UHFFFAOYSA-N"",""CJUFDXGTKFKRLU-UHFFFAOYSA-M"",""DGQIGNAQSYNZAS-UHFFFAOYSA-L"",""MNZWMOYKIOLZMQ-UHFFFAOYSA-N"",""PJSYEPOHQLVMPM-UHFFFAOYSA-L"",""POXNFORXYRLZBP-UHFFFAOYSA-N"",""PYTISYCTLQTCTM-UHFFFAOYSA-M"",""PYTISYCTLQTCTM-UHFFFAOYSA-N"",""RCHLGDQIRRMLAE-UHFFFAOYSA-N"",""UDRFRODFICZERJ-UHFFFAOYSA-N"",""XOGTZOOQQBDUSI-PBCJVBLFSA-M"",""XOGTZOOQQBDUSI-UHFFFAOYSA-M"",""XOGTZOOQQBDUSI-UHFFFAOYSA-N"",""XXZMREMZWJKGRQ-UHFFFAOYSA-M"",""YTCRWFRKXRZZRX-UHFFFAOYSA-N"",""ZNEWHQLOPFWXOF-LNLMKGTHSA-N"",""ZNEWHQLOPFWXOF-UHFFFAOYSA-M"",""ZNEWHQLOPFWXOF-UHFFFAOYSA-N""]"
731,saccharated.iron.oxide,CIDm06850789,true,4,4,"[""AFRLFNZTQPPCNJ-HCJAYUHRSA-N"",""AFRLFNZTQPPCNJ-UHFFFAOYSA-N"",""MSBRDSHNKSLACK-SWKHMZSWSA-N"",""MSBRDSHNKSLACK-UHFFFAOYSA-N""]"
732,florbetapir.(18F),CIDm24822371,true,4,4,"[""YNDIAUKFXKEXSV-CRYLGTRXSA-N"",""YNDIAUKFXKEXSV-GJQNQZCXSA-N"",""YNDIAUKFXKEXSV-NSCUHMNNSA-N"",""YNDIAUKFXKEXSV-UHFFFAOYSA-N""]"
733,flutemetamol.(18F),CIDm15950376,false,0,0,[]
734,iopromide,CIDm00003736,true,9,9,"[""DGAIEPBNLOQYER-BDAKNGLRSA-N"",""DGAIEPBNLOQYER-BMSJAHLVSA-N"",""DGAIEPBNLOQYER-DTWKUNHWSA-N"",""DGAIEPBNLOQYER-IUCAKERBSA-N"",""DGAIEPBNLOQYER-OTDICMHISA-N"",""DGAIEPBNLOQYER-PRPATYLMSA-N"",""DGAIEPBNLOQYER-RKDXNWHRSA-N"",""DGAIEPBNLOQYER-UHFFFAOYSA-N"",""MUVSJMBANQMUOS-UHFFFAOYSA-N""]"
735,technetium.(99mTc).tetrofosmin,CIDm00004274,true,1,1,"[""QCWJONLQSHEGEJ-UHFFFAOYSA-N""]"
736,technetium.(99mTc).exametazime,CIDm00023957,true,18,17,"[""GKLVYJBZJHMRIY-AHCXROLUSA-N"",""GKLVYJBZJHMRIY-AKLPVKDBSA-N"",""GKLVYJBZJHMRIY-BJUDXGSMSA-N"",""GKLVYJBZJHMRIY-FTXFMUIASA-N"",""GKLVYJBZJHMRIY-IGMARMGPSA-N"",""GKLVYJBZJHMRIY-LZFNBGRKSA-N"",""GKLVYJBZJHMRIY-NJFSPNSNSA-N"",""GKLVYJBZJHMRIY-OIOBTWANSA-N"",""GKLVYJBZJHMRIY-OUBTZVSYSA-N"",""GKLVYJBZJHMRIY-QQVBLGSISA-N"",""GKLVYJBZJHMRIY-UHFFFAOYSA-N"",""GKLVYJBZJHMRIY-YPZZEJLDSA-N"",""IJURHEULXOSBQA-UHFFFAOYSA-N"",""MHXLANXWPLOFEX-AHCXROLUSA-N"",""MHXLANXWPLOFEX-OUBTZVSYSA-N"",""MHXLANXWPLOFEX-UHFFFAOYSA-N"",""NYRXHCQUTFCRSR-UHFFFAOYSA-N""]"
737,nicorandil,CIDm00047528,true,9,9,"[""BTYGAJIWISHYRZ-UHFFFAOYSA-N"",""JAOVSCYJFMHGEJ-UHFFFAOYSA-N"",""LBHIOVVIQHSOQN-CQOLUAMGSA-N"",""LBHIOVVIQHSOQN-MBFCBCINSA-N"",""LBHIOVVIQHSOQN-UHFFFAOYSA-N"",""LBHIOVVIQHSOQN-VTBMLFEUSA-N"",""OJYHXYUKNSAUCH-UHFFFAOYSA-N"",""QCBGURNYYUWQMG-UHFFFAOYSA-N"",""UDPWGYZJIUJDFS-UHFFFAOYSA-N""]"
738,sodium.aurothiomalate,CIDm00022318,true,16,10,"[""AGHLUVOCTHWMJV-UHFFFAOYSA-J"",""GYGFCIRNFJIRSI-UHFFFAOYSA-M"",""LTEMOXGFFHXNNS-JIZZDEOASA-L"",""LTEMOXGFFHXNNS-UHFFFAOYSA-L"",""LTEMOXGFFHXNNS-YBBRRFGFSA-L"",""VXIHRIQNJCRFQX-QYUNTSNKSA-K"",""VXIHRIQNJCRFQX-SQGDDOFFSA-K"",""VXIHRIQNJCRFQX-UHFFFAOYSA-K"",""ZHFULRYPFBVVIO-UHFFFAOYSA-N"",""ZXSFFOJQJFWKIG-UHFFFAOYSA-N""]"
739,sodium.phosphate,CIDm00001003,true,35,31,"[""BGLAPYTXCULTEW-UHFFFAOYSA-A"",""DAGUVWYEVBWVOM-UHFFFAOYSA-A"",""DEMJYWYZJFNNNB-UHFFFAOYSA-E"",""FTLZOOJHNJPNFK-UHFFFAOYSA-K"",""GRTSOKMSAFRDNI-UHFFFAOYSA-A"",""IETZFMAEPYMAHJ-UHFFFAOYSA-K"",""KGHBSRNCHAEYEG-UHFFFAOYSA-B"",""NBIIXXVUZAFLBC-DYCDLGHISA-N"",""NBIIXXVUZAFLBC-HOSYLAQJSA-K"",""NBIIXXVUZAFLBC-HOSYLAQJSA-L"",""NBIIXXVUZAFLBC-HOSYLAQJSA-M"",""NBIIXXVUZAFLBC-HOSYLAQJSA-N"",""NBIIXXVUZAFLBC-JCDJMFQYSA-N"",""NBIIXXVUZAFLBC-KTAHLDKPSA-N"",""NBIIXXVUZAFLBC-MNYXATJNSA-N"",""NBIIXXVUZAFLBC-QVEBFPOWSA-N"",""NBIIXXVUZAFLBC-RHRFEJLCSA-K"",""NBIIXXVUZAFLBC-RHRFEJLCSA-N"",""NBIIXXVUZAFLBC-UHFFFAOYSA-K"",""NBIIXXVUZAFLBC-UHFFFAOYSA-L"",""NBIIXXVUZAFLBC-UHFFFAOYSA-M"",""NBIIXXVUZAFLBC-UHFFFAOYSA-N"",""NBIIXXVUZAFLBC-UHFFFAOYSA-O"",""NBIIXXVUZAFLBC-UHFFFAOYSA-P"",""NBIIXXVUZAFLBC-YXLLSUOZSA-N"",""NBIIXXVUZAFLBC-ZRLBSURWSA-N"",""NBIIXXVUZAFLBC-ZSJDYOACSA-N"",""QVLTXCYWHPZMCA-UHFFFAOYSA-H"",""QVLTXCYWHPZMCA-UHFFFAOYSA-J"",""QVLTXCYWHPZMCA-UHFFFAOYSA-K"",""QVLTXCYWHPZMCA-UHFFFAOYSA-N""]"
740,iotrolan,CIDm00003738,true,2,2,"[""KGIIMBIMDZKURG-UHFFFAOYSA-N"",""XUHXFSYUBXNTHU-UHFFFAOYSA-N""]"
741,secretin,CIDm16129665,true,1,1,"[""KKNIUBFRGPFELP-UHFFFAOYSA-N""]"
742,desirudin,CIDm16129703,true,3,2,"[""XYWBJDRHGNULKG-OUMQNGNKSA-N"",""XYWBJDRHGNULKG-UHFFFAOYSA-N""]"
743,temoporfin,CIDm00060751,true,1,1,"[""LYPFDBRUNKHDGX-UHFFFAOYSA-N""]"
744,colestilan,CIDm00065840,true,1,1,"[""DEMLYXMVPJAVFU-UHFFFAOYSA-N""]"
745,tropisetron,CIDm00072165,false,0,0,[]
746,clobetasol,CIDm00032797,true,16,16,"[""FCSHDIVRCWTZOX-AMDXKQBSSA-N"",""FCSHDIVRCWTZOX-BZMSYRLXSA-N"",""FCSHDIVRCWTZOX-CXSFZGCWSA-N"",""FCSHDIVRCWTZOX-DVTGEIKXSA-N"",""FCSHDIVRCWTZOX-GOPHIEMTSA-N"",""FCSHDIVRCWTZOX-GZCFLHMUSA-N"",""FCSHDIVRCWTZOX-IVVBZYGOSA-N"",""FCSHDIVRCWTZOX-OWPHYLIBSA-N"",""FCSHDIVRCWTZOX-PAEDUFRWSA-N"",""FCSHDIVRCWTZOX-QXWZOJGBSA-N"",""FCSHDIVRCWTZOX-REKGUKDCSA-N"",""FCSHDIVRCWTZOX-RFGBNKILSA-N"",""FCSHDIVRCWTZOX-UHFFFAOYSA-N"",""FCSHDIVRCWTZOX-UKPSHPTHSA-N"",""FCSHDIVRCWTZOX-UWJHKKLZSA-N"",""FCSHDIVRCWTZOX-YDUDQEPPSA-N""]"
747,clobetasone,CIDm00071386,false,0,0,[]
748,atracurium,CIDm00047319,true,29,29,"[""BGOQLLPKYGBXLE-UHFFFAOYSA-M"",""BUSONIBLXPNSLK-UHFFFAOYSA-L"",""OJEYZBFWNNWVPS-DONVQRBFSA-N"",""OJEYZBFWNNWVPS-UHFFFAOYSA-N"",""OJEYZBFWNNWVPS-YZOPFTLBSA-N"",""OPIVMDCYJDIKDQ-NVYWYWNDSA-L"",""PURQMNYMSDDVKP-UHFFFAOYSA-M"",""VCBNLBPFOSEQLF-UHFFFAOYSA-M"",""YJIYHDCQNHBGDU-UHFFFAOYSA-L"",""YOVGQSPPOZQQBB-UHFFFAOYSA-L"",""YOVGQSPPOZQQBB-XOEFDBIUSA-L"",""YXSLJKQTIDHPOT-CEWIPVRNSA-N"",""YXSLJKQTIDHPOT-DQSWCWCPSA-N"",""YXSLJKQTIDHPOT-FTDNCABPSA-N"",""YXSLJKQTIDHPOT-GEGDOIKTSA-N"",""YXSLJKQTIDHPOT-IOHISSJDSA-N"",""YXSLJKQTIDHPOT-LGHDNDGLSA-N"",""YXSLJKQTIDHPOT-LJCJQEJUSA-N"",""YXSLJKQTIDHPOT-MWAPPURBSA-N"",""YXSLJKQTIDHPOT-OGFYHDALSA-N"",""YXSLJKQTIDHPOT-OIJGJAQQSA-N"",""YXSLJKQTIDHPOT-PEZCJLBTSA-N"",""YXSLJKQTIDHPOT-RSBDFUGSSA-N"",""YXSLJKQTIDHPOT-RWICQKHUSA-N"",""YXSLJKQTIDHPOT-UHFFFAOYSA-N"",""YXSLJKQTIDHPOT-VAJYTKCOSA-N"",""YXSLJKQTIDHPOT-XELUXCQFSA-N"",""YXSLJKQTIDHPOT-ZCYULTTPSA-N"",""YXSLJKQTIDHPOT-ZNVIBWDMSA-N""]"
749,mifamurtide,CIDm11672602,false,0,0,[]
750,fluticasone,CIDm05311101,false,0,0,[]
751,candesartan,CIDm00002541,true,8,8,"[""BSLSLQSFLOCXQQ-UHFFFAOYSA-L"",""BSLSLQSFLOCXQQ-UHFFFAOYSA-M"",""HTQMVQVXFRQIKW-KBTGHEKSSA-N"",""HTQMVQVXFRQIKW-UHFFFAOYSA-M"",""HTQMVQVXFRQIKW-UHFFFAOYSA-N"",""HTQMVQVXFRQIKW-ZBJDZAJPSA-N"",""HTQMVQVXFRQIKW-ZGAVCIBUSA-N"",""VIHQLJZMNUNWTP-UHFFFAOYSA-N""]"
752,mometasone,CIDm00441335,false,0,0,[]
753,tedizolid,CIDm11234049,true,6,6,"[""UAXDUQWXEJLTSR-UHFFFAOYSA-N"",""UAXDUQWXEJLTSR-UTONKHPSSA-N"",""XFALPSLJIHVRKE-GFCCVEGCSA-N"",""XFALPSLJIHVRKE-LBPRGKRZSA-N"",""XFALPSLJIHVRKE-UHFFFAOYSA-N"",""XFALPSLJIHVRKE-UHFFFAOYSA-O""]"
754,hydroxyprogesterone,CIDm00006238,true,41,41,"[""DBPWSSGDRRHUNT-AUYGFBLUSA-N"",""DBPWSSGDRRHUNT-AYUYWISESA-N"",""DBPWSSGDRRHUNT-BCRJPVCJSA-N"",""DBPWSSGDRRHUNT-CEGNMAFCSA-N"",""DBPWSSGDRRHUNT-COXXTLHVSA-N"",""DBPWSSGDRRHUNT-CSOMISDTSA-N"",""DBPWSSGDRRHUNT-DGGDGUMWSA-N"",""DBPWSSGDRRHUNT-DLQPZYHTSA-N"",""DBPWSSGDRRHUNT-GGSYSODVSA-N"",""DBPWSSGDRRHUNT-IONJAXLUSA-N"",""DBPWSSGDRRHUNT-IPEKBPMVSA-N"",""DBPWSSGDRRHUNT-JWBMOHOISA-N"",""DBPWSSGDRRHUNT-KQMXEUTGSA-N"",""DBPWSSGDRRHUNT-LDIYZUBKSA-N"",""DBPWSSGDRRHUNT-LDLLURODSA-N"",""DBPWSSGDRRHUNT-LPYKTLRWSA-N"",""DBPWSSGDRRHUNT-NWQZBTRTSA-N"",""DBPWSSGDRRHUNT-OFELHODLSA-N"",""DBPWSSGDRRHUNT-OPFHRDBUSA-N"",""DBPWSSGDRRHUNT-OUCVULTDSA-N"",""DBPWSSGDRRHUNT-OWQNAKTJSA-N"",""DBPWSSGDRRHUNT-OXZADQLBSA-N"",""DBPWSSGDRRHUNT-PLSWVNJZSA-N"",""DBPWSSGDRRHUNT-PXQJOHHUSA-N"",""DBPWSSGDRRHUNT-QMFSVNIWSA-N"",""DBPWSSGDRRHUNT-RLLAOZKESA-N"",""DBPWSSGDRRHUNT-SJFWLOONSA-N"",""DBPWSSGDRRHUNT-SOXBMFEASA-N"",""DBPWSSGDRRHUNT-SQDPYLFBSA-N"",""DBPWSSGDRRHUNT-STHVQZNPSA-N"",""DBPWSSGDRRHUNT-UHFFFAOYSA-N"",""DBPWSSGDRRHUNT-UOAOPIDGSA-N"",""DBPWSSGDRRHUNT-WNNKFKDSSA-N"",""DBPWSSGDRRHUNT-XUDSTZEESA-N"",""DBPWSSGDRRHUNT-YQPXSLGVSA-N"",""DBPWSSGDRRHUNT-ZJKGHYPUSA-N"",""DBPWSSGDRRHUNT-ZUHHCLADSA-N"",""DBPWSSGDRRHUNT-ZWJPJJENSA-N"",""DBPWSSGDRRHUNT-ZWMUSQMVSA-N"",""DUUHSKKHUZQRDD-LJTAFKSDSA-N"",""KIAAYKFBZWZJSR-UHFFFAOYSA-N""]"
755,eslicarbazepine,CIDm09881504,false,0,0,[]
756,ceftobiprole.medocaril,CIDm12993649,false,0,0,[]
